timestamp,open,high,low,close
2025-10-18 12:00:00,83.06,83.38,80.98,81.42
2025-10-18 13:00:00,81.41,82.57,80.65,81.87
2025-10-18 14:00:00,81.88,81.91,79.75,80.01
2025-10-18 15:00:00,80.02,82.39,79.87,82.2
2025-10-18 16:00:00,82.21,82.53,80.25,80.52
2025-10-18 17:00:00,80.48,82.74,80.41,82.64
2025-10-18 18:00:00,82.61,82.95,81.7,82.04
2025-10-18 19:00:00,82.04,82.08,80.7,81.46
2025-10-18 20:00:00,81.45,81.61,79.06,79.55
2025-10-18 21:00:00,79.53,80.34,78.21,78.35
2025-10-18 22:00:00,78.37,79.72,78.28,79.07
2025-10-18 23:00:00,79.06,79.67,77.06,77.98
2025-10-19 00:00:00,77.97,79.95,77.79,79.8
2025-10-19 01:00:00,79.81,80.85,78.76,79.03
2025-10-19 02:00:00,79.02,79.26,76.3,76.43
2025-10-19 03:00:00,76.43,76.96,74.76,74.85
2025-10-19 04:00:00,74.83,74.98,72.84,73.13
2025-10-19 05:00:00,73.13,73.68,71.74,72.54
2025-10-19 06:00:00,72.55,74.2,71.9,73.39
2025-10-19 07:00:00,73.39,75.64,73.31,75.64
2025-10-19 08:00:00,75.65,75.83,73.44,74.4
2025-10-19 09:00:00,74.44,74.46,72.88,73.75
2025-10-19 10:00:00,73.78,74.54,73.04,74.37
2025-10-19 11:00:00,74.36,75.2,73.91,75.15
2025-10-19 12:00:00,75.14,76.29,75.14,75.84
2025-10-19 13:00:00,75.82,76.27,74.0,75.44
2025-10-19 14:00:00,75.43,75.66,74.41,75.43
2025-10-19 15:00:00,75.44,75.78,73.16,73.21
2025-10-19 16:00:00,73.22,73.69,72.44,72.82
2025-10-19 17:00:00,72.8,73.17,70.87,70.92
2025-10-19 18:00:00,70.92,70.94,69.75,70.18
2025-10-19 19:00:00,70.17,70.31,69.09,69.97
2025-10-19 20:00:00,69.96,69.98,68.38,68.67
2025-10-19 21:00:00,68.69,68.84,67.81,68.39
2025-10-19 22:00:00,68.36,69.01,67.46,67.49
2025-10-19 23:00:00,67.5,68.81,66.2,67.97
2025-10-20 00:00:00,67.99,68.6,66.33,66.58
2025-10-20 01:00:00,66.61,67.85,66.57,67.78
2025-10-20 02:00:00,67.81,68.57,66.09,66.2
2025-10-20 03:00:00,66.2,66.33,65.28,66.02
2025-10-20 04:00:00,66.03,67.11,65.59,66.57
2025-10-20 05:00:00,66.55,67.86,66.31,67.83
2025-10-20 06:00:00,67.84,68.41,66.71,67.81
2025-10-20 07:00:00,67.8,68.19,67.15,67.47
2025-10-20 08:00:00,67.47,68.4,66.52,66.77
2025-10-20 09:00:00,66.76,67.69,65.35,65.58
2025-10-20 10:00:00,65.55,65.65,64.38,64.45
2025-10-20 11:00:00,64.45,65.18,63.42,63.78
2025-10-20 12:00:00,63.78,64.37,62.75,62.82
2025-10-20 13:00:00,62.81,63.62,62.3,63.24
2025-10-20 14:00:00,63.22,64.19,62.99,64.17
2025-10-20 15:00:00,64.17,64.56,63.66,64.09
2025-10-20 16:00:00,64.09,64.21,61.78,62.19
2025-10-20 17:00:00,62.21,63.41,62.15,62.58
2025-10-20 18:00:00,62.55,63.68,62.55,63.13
2025-10-20 19:00:00,63.13,65.13,63.09,64.86
2025-10-20 20:00:00,64.87,65.83,64.12,65.65
2025-10-20 21:00:00,65.66,66.2,65.1,65.77
2025-10-20 22:00:00,65.77,66.53,65.39,65.57
2025-10-20 23:00:00,65.56,65.63,63.27,63.83
2025-10-21 00:00:00,63.8,64.97,63.32,63.71
2025-10-21 01:00:00,63.72,64.17,62.78,63.08
2025-10-21 02:00:00,63.08,65.07,63.03,64.71
2025-10-21 03:00:00,64.69,66.44,64.34,65.75
2025-10-21 04:00:00,65.74,67.36,65.63,67.16
2025-10-21 05:00:00,67.16,67.56,66.07,66.53
2025-10-21 06:00:00,66.53,68.21,66.07,67.7
2025-10-21 07:00:00,67.69,69.15,67.47,67.94
2025-10-21 08:00:00,67.95,68.34,66.57,67.38
2025-10-21 09:00:00,67.37,67.38,65.09,65.39
2025-10-21 10:00:00,65.41,68.03,65.36,67.47
2025-10-21 11:00:00,67.48,68.62,67.24,67.79
2025-10-21 12:00:00,67.82,68.05,66.31,67.67
2025-10-21 13:00:00,67.65,68.08,66.42,66.67
2025-10-21 14:00:00,66.67,68.17,66.35,67.35
2025-10-21 15:00:00,67.36,69.36,67.34,69.33
2025-10-21 16:00:00,69.32,69.42,66.94,67.18
2025-10-21 17:00:00,67.18,67.65,66.52,66.63
2025-10-21 18:00:00,66.63,67.5,66.27,67.48
2025-10-21 19:00:00,67.47,67.65,65.09,66.13
2025-10-21 20:00:00,66.13,67.84,65.71,66.75
2025-10-21 21:00:00,66.77,67.77,65.97,67.41
2025-10-21 22:00:00,67.37,68.47,66.95,67.74
2025-10-21 23:00:00,67.74,69.84,67.51,69.47
2025-10-22 00:00:00,69.49,69.67,68.61,68.87
2025-10-22 01:00:00,68.83,71.42,68.52,71.04
2025-10-22 02:00:00,71.03,74.38,70.84,74.09
2025-10-22 03:00:00,74.07,74.43,73.22,73.79
2025-10-22 04:00:00,73.79,75.42,73.53,74.85
2025-10-22 05:00:00,74.84,75.82,74.43,75.26
2025-10-22 06:00:00,75.26,75.33,73.21,74.38
2025-10-22 07:00:00,74.39,75.77,74.33,74.58
2025-10-22 08:00:00,74.56,75.21,73.84,74.33
2025-10-22 09:00:00,74.32,75.24,73.52,73.8
2025-10-22 10:00:00,73.8,76.26,73.7,76.13
2025-10-22 11:00:00,76.13,76.91,75.74,76.56
2025-10-22 12:00:00,76.57,77.46,75.99,77.02
2025-10-22 13:00:00,77.02,78.83,76.77,78.31
2025-10-22 14:00:00,78.32,79.13,77.3,78.1
2025-10-22 15:00:00,78.11,78.47,75.17,75.35
2025-10-22 16:00:00,75.35,76.07,73.82,76.07
2025-10-22 17:00:00,76.07,77.49,75.32,77.46
2025-10-22 18:00:00,77.48,78.77,77.11,78.61
2025-10-22 19:00:00,78.61,78.9,76.36,76.65
2025-10-22 20:00:00,76.65,77.22,75.87,76.14
2025-10-22 21:00:00,76.14,76.14,73.97,74.26
2025-10-22 22:00:00,74.28,75.43,73.82,74.83
2025-10-22 23:00:00,74.85,77.03,74.26,74.37
2025-10-23 00:00:00,74.34,75.3,73.54,75.25
2025-10-23 01:00:00,75.26,77.23,74.49,74.55
2025-10-23 02:00:00,74.57,75.11,73.39,74.13
2025-10-23 03:00:00,74.08,74.7,72.57,73.25
2025-10-23 04:00:00,73.24,75.03,72.52,74.51
2025-10-23 05:00:00,74.5,74.53,72.46,72.64
2025-10-23 06:00:00,72.62,72.62,70.67,71.53
2025-10-23 07:00:00,71.52,72.53,70.91,72.25
2025-10-23 08:00:00,72.25,72.35,69.51,69.64
2025-10-23 09:00:00,69.66,71.12,68.66,70.82
2025-10-23 10:00:00,70.82,71.95,70.44,70.72
2025-10-23 11:00:00,70.72,71.99,70.62,71.55
2025-10-23 12:00:00,71.53,73.44,71.38,73.1
2025-10-23 13:00:00,73.12,73.4,71.39,72.2
2025-10-23 14:00:00,72.19,72.23,70.57,70.91
2025-10-23 15:00:00,70.92,71.27,68.97,70.57
2025-10-23 16:00:00,70.58,71.0,68.95,69.46
2025-10-23 17:00:00,69.44,69.97,68.37,68.82
2025-10-23 18:00:00,68.83,69.09,67.92,69.03
2025-10-23 19:00:00,69.02,69.42,68.28,68.62
2025-10-23 20:00:00,68.62,69.42,66.59,66.97
2025-10-23 21:00:00,66.97,68.36,66.91,68.32
2025-10-23 22:00:00,68.34,69.43,67.93,68.53
2025-10-23 23:00:00,68.53,68.56,67.04,68.07
2025-10-24 00:00:00,68.05,69.06,67.94,68.57
2025-10-24 01:00:00,68.56,69.84,68.48,69.23
2025-10-24 02:00:00,69.21,69.5,68.49,69.05
2025-10-24 03:00:00,69.02,71.14,68.87,70.05
2025-10-24 04:00:00,70.07,70.5,69.43,70.05
2025-10-24 05:00:00,70.07,71.7,69.62,71.14
2025-10-24 06:00:00,71.11,72.89,70.41,72.58
2025-10-24 07:00:00,72.56,73.26,71.81,71.89
2025-10-24 08:00:00,71.94,73.38,71.31,72.81
2025-10-24 09:00:00,72.79,73.38,71.38,71.39
2025-10-24 10:00:00,71.41,72.26,70.42,70.83
2025-10-24 11:00:00,70.85,71.87,70.5,70.81
2025-10-24 12:00:00,70.79,71.49,70.32,71.14
2025-10-24 13:00:00,71.12,71.4,70.31,71.16
2025-10-24 14:00:00,71.18,73.47,70.82,73.23
2025-10-24 15:00:00,73.22,73.94,72.28,72.91
2025-10-24 16:00:00,72.95,73.52,72.28,73.21
2025-10-24 17:00:00,73.21,73.71,72.3,73.36
2025-10-24 18:00:00,73.36,73.98,73.04,73.94
2025-10-24 19:00:00,73.93,75.86,73.32,75.54
2025-10-24 20:00:00,75.56,75.56,72.91,74.18
2025-10-24 21:00:00,74.2,75.69,73.81,75.07
2025-10-24 22:00:00,75.11,75.81,73.88,74.13
2025-10-24 23:00:00,74.14,74.33,73.26,74.09
2025-10-25 00:00:00,74.08,74.83,73.52,74.24
2025-10-25 01:00:00,74.21,74.49,72.78,73.4
2025-10-25 02:00:00,73.41,73.91,71.68,72.22
2025-10-25 03:00:00,72.24,72.24,70.3,71.08
2025-10-25 04:00:00,71.08,71.62,70.57,71.1
2025-10-25 05:00:00,71.08,71.31,69.93,70.62
2025-10-25 06:00:00,70.59,70.74,68.25,68.76
2025-10-25 07:00:00,68.75,68.96,66.59,66.8
2025-10-25 08:00:00,66.78,67.12,65.82,65.88
2025-10-25 09:00:00,65.87,69.47,65.81,69.26
2025-10-25 10:00:00,69.28,69.58,67.63,68.68
2025-10-25 11:00:00,68.69,69.06,67.71,68.49
2025-10-25 12:00:00,68.46,70.15,67.78,69.49
2025-10-25 13:00:00,69.48,70.08,68.57,69.82
2025-10-25 14:00:00,69.8,70.4,69.33,70.0
2025-10-25 15:00:00,69.98,71.84,69.23,71.8
2025-10-25 16:00:00,71.8,72.25,71.26,71.48
2025-10-25 17:00:00,71.48,74.41,71.43,74.19
2025-10-25 18:00:00,74.15,74.95,73.6,74.43
2025-10-25 19:00:00,74.44,75.27,72.99,73.06
2025-10-25 20:00:00,73.02,73.62,71.94,73.52
2025-10-25 21:00:00,73.52,73.86,72.3,72.5
2025-10-25 22:00:00,72.49,73.31,71.29,71.45
2025-10-25 23:00:00,71.44,71.99,70.26,70.96
2025-10-26 00:00:00,70.93,73.18,70.93,73.0
2025-10-26 01:00:00,73.02,73.66,71.89,72.08
2025-10-26 02:00:00,72.1,74.33,71.49,74.33
2025-10-26 03:00:00,74.32,74.86,72.97,74.82
2025-10-26 04:00:00,74.83,76.04,74.38,74.71
2025-10-26 05:00:00,74.71,77.2,74.59,77.01
2025-10-26 06:00:00,77.01,78.49,76.74,77.77
2025-10-26 07:00:00,77.79,78.99,77.75,78.91
2025-10-26 08:00:00,78.91,79.32,76.7,76.89
2025-10-26 09:00:00,76.88,77.28,74.55,75.16
2025-10-26 10:00:00,75.16,76.62,74.55,74.55
2025-10-26 11:00:00,74.57,77.42,74.48,76.52
2025-10-26 12:00:00,76.53,78.14,76.29,77.66
2025-10-26 13:00:00,77.7,77.96,75.95,76.32
2025-10-26 14:00:00,76.29,76.4,74.12,74.31
2025-10-26 15:00:00,74.29,74.47,72.66,72.81
2025-10-26 16:00:00,72.82,73.59,72.19,72.22
2025-10-26 17:00:00,72.24,76.02,72.07,75.96
2025-10-26 18:00:00,75.97,76.26,74.61,74.81
2025-10-26 19:00:00,74.79,75.71,73.78,74.07
2025-10-26 20:00:00,74.07,74.28,72.54,73.96
2025-10-26 21:00:00,73.97,74.49,72.45,74.16
2025-10-26 22:00:00,74.16,74.54,72.25,72.37
2025-10-26 23:00:00,72.38,73.13,70.52,71.05
2025-10-27 00:00:00,71.05,72.79,70.84,72.42
2025-10-27 01:00:00,72.41,73.51,71.92,72.74
2025-10-27 02:00:00,72.75,73.19,71.47,72.19
2025-10-27 03:00:00,72.2,73.24,71.19,72.92
2025-10-27 04:00:00,72.95,72.97,68.55,69.01
2025-10-27 05:00:00,69.0,69.74,68.44,69.07
2025-10-27 06:00:00,69.06,70.54,69.0,69.96
2025-10-27 07:00:00,69.95,70.17,68.29,68.39
2025-10-27 08:00:00,68.4,70.48,68.38,70.34
2025-10-27 09:00:00,70.34,71.09,69.9,71.06
2025-10-27 10:00:00,71.03,73.48,70.86,71.79
2025-10-27 11:00:00,71.81,72.2,71.24,71.35
2025-10-27 12:00:00,71.36,72.01,70.52,71.96
2025-10-27 13:00:00,72.0,72.08,71.08,71.89
2025-10-27 14:00:00,71.89,73.65,71.57,73.41
2025-10-27 15:00:00,73.4,76.13,73.31,74.78
2025-10-27 16:00:00,74.73,75.04,73.52,73.97
2025-10-27 17:00:00,73.99,74.06,72.2,72.99
2025-10-27 18:00:00,73.01,73.95,72.48,72.93
2025-10-27 19:00:00,72.92,73.2,70.65,70.98
2025-10-27 20:00:00,70.99,71.03,69.2,69.98
2025-10-27 21:00:00,69.95,71.99,69.95,71.82
2025-10-27 22:00:00,71.79,71.91,69.72,70.02
2025-10-27 23:00:00,70.03,70.8,69.46,70.48
2025-10-28 00:00:00,70.49,70.68,69.21,69.48
2025-10-28 01:00:00,69.47,69.87,68.58,68.84
2025-10-28 02:00:00,68.86,70.23,68.3,70.1
2025-10-28 03:00:00,70.09,70.75,69.57,70.0
2025-10-28 04:00:00,69.99,70.46,69.51,69.54
2025-10-28 05:00:00,69.53,69.93,68.99,69.8
2025-10-28 06:00:00,69.79,69.97,68.29,68.44
2025-10-28 07:00:00,68.41,68.7,67.16,67.23
2025-10-28 08:00:00,67.22,69.3,67.06,68.51
2025-10-28 09:00:00,68.54,68.93,66.99,67.34
2025-10-28 10:00:00,67.3,67.82,66.0,67.66
2025-10-28 11:00:00,67.7,69.42,67.6,69.35
2025-10-28 12:00:00,69.36,70.87,68.24,70.52
2025-10-28 13:00:00,70.5,71.35,69.92,70.38
2025-10-28 14:00:00,70.38,71.14,69.67,71.13
2025-10-28 15:00:00,71.17,72.68,71.17,71.59
2025-10-28 16:00:00,71.57,72.29,70.91,71.31
2025-10-28 17:00:00,71.3,71.68,70.46,71.65
2025-10-28 18:00:00,71.64,72.61,70.48,72.56
2025-10-28 19:00:00,72.55,73.51,71.89,72.24
2025-10-28 20:00:00,72.25,73.65,72.18,72.73
2025-10-28 21:00:00,72.73,73.58,72.07,72.69
2025-10-28 22:00:00,72.66,73.36,71.91,72.15
2025-10-28 23:00:00,72.17,72.6,69.85,70.98
2025-10-29 00:00:00,70.98,72.03,70.78,70.92
2025-10-29 01:00:00,70.9,73.13,70.68,72.77
2025-10-29 02:00:00,72.78,73.33,71.98,72.69
2025-10-29 03:00:00,72.69,73.14,71.26,71.56
2025-10-29 04:00:00,71.56,73.07,71.02,72.92
2025-10-29 05:00:00,72.89,73.74,70.98,71.5
2025-10-29 06:00:00,71.48,72.06,69.36,70.36
2025-10-29 07:00:00,70.37,71.1,68.47,68.77
2025-10-29 08:00:00,68.78,69.57,67.87,69.29
2025-10-29 09:00:00,69.27,70.51,68.85,69.16
2025-10-29 10:00:00,69.16,69.16,65.45,65.61
2025-10-29 11:00:00,65.61,66.54,65.51,66.26
2025-10-29 12:00:00,66.26,66.51,65.61,65.87
2025-10-29 13:00:00,65.85,66.01,64.85,64.98
2025-10-29 14:00:00,64.97,66.63,64.85,66.57
2025-10-29 15:00:00,66.59,67.05,65.77,66.92
2025-10-29 16:00:00,66.93,66.94,64.29,64.35
2025-10-29 17:00:00,64.35,65.87,64.24,65.75
2025-10-29 18:00:00,65.74,65.84,64.3,65.44
2025-10-29 19:00:00,65.49,66.6,65.03,65.27
2025-10-29 20:00:00,65.28,66.27,64.62,65.78
2025-10-29 21:00:00,65.78,66.02,64.31,64.81
2025-10-29 22:00:00,64.83,65.78,64.38,65.05
2025-10-29 23:00:00,65.05,67.25,64.95,66.83
2025-10-30 00:00:00,66.82,67.01,65.75,65.87
2025-10-30 01:00:00,65.87,66.49,64.15,64.56
2025-10-30 02:00:00,64.57,65.06,64.03,64.79
2025-10-30 03:00:00,64.81,65.34,63.76,64.69
2025-10-30 04:00:00,64.68,65.37,64.08,65.25
2025-10-30 05:00:00,65.25,65.57,63.04,63.27
2025-10-30 06:00:00,63.25,64.18,62.16,62.48
2025-10-30 07:00:00,62.46,62.89,61.43,62.34
2025-10-30 08:00:00,62.34,64.48,62.22,64.32
2025-10-30 09:00:00,64.3,64.69,63.84,64.35
2025-10-30 10:00:00,64.33,64.42,63.31,63.57
2025-10-30 11:00:00,63.58,63.62,62.71,62.92
2025-10-30 12:00:00,62.92,64.05,62.12,62.75
2025-10-30 13:00:00,62.77,63.87,62.61,63.83
2025-10-30 14:00:00,63.81,64.76,63.53,64.6
2025-10-30 15:00:00,64.6,64.98,63.77,64.83
2025-10-30 16:00:00,64.82,65.66,64.14,65.43
2025-10-30 17:00:00,65.42,65.73,64.03,64.51
2025-10-30 18:00:00,64.54,64.85,63.75,64.27
2025-10-30 19:00:00,64.27,64.34,62.53,62.94
2025-10-30 20:00:00,62.96,63.45,62.15,62.94
2025-10-30 21:00:00,62.93,63.67,61.86,62.12
2025-10-30 22:00:00,62.11,62.95,61.63,62.23
2025-10-30 23:00:00,62.24,63.08,61.35,61.52
2025-10-31 00:00:00,61.54,62.94,61.15,62.79
2025-10-31 01:00:00,62.77,63.08,61.65,62.18
2025-10-31 02:00:00,62.18,62.65,61.62,62.17
2025-10-31 03:00:00,62.2,63.69,61.99,63.19
2025-10-31 04:00:00,63.19,64.34,63.1,64.0
2025-10-31 05:00:00,63.99,65.08,63.69,64.5
2025-10-31 06:00:00,64.52,64.95,63.16,63.47
2025-10-31 07:00:00,63.5,64.92,63.45,64.72
2025-10-31 08:00:00,64.69,66.25,64.4,66.01
2025-10-31 09:00:00,66.0,68.64,65.58,68.2
2025-10-31 10:00:00,68.19,69.07,67.84,68.56
2025-10-31 11:00:00,68.55,68.91,66.87,67.18
2025-10-31 12:00:00,67.2,67.72,65.19,65.56
2025-10-31 13:00:00,65.57,65.76,64.16,64.49
2025-10-31 14:00:00,64.5,65.15,63.76,64.76
2025-10-31 15:00:00,64.76,65.01,63.45,64.64
2025-10-31 16:00:00,64.64,65.47,64.63,65.03
2025-10-31 17:00:00,65.03,65.75,64.75,65.63
2025-10-31 18:00:00,65.64,66.11,65.03,65.32
2025-10-31 19:00:00,65.32,67.29,65.31,67.17
2025-10-31 20:00:00,67.2,68.43,66.94,68.14
2025-10-31 21:00:00,68.12,68.3,66.82,67.27
2025-10-31 22:00:00,67.26,67.88,66.15,66.29
2025-10-31 23:00:00,66.29,66.95,65.46,65.88
2025-11-01 00:00:00,65.89,67.23,65.53,67.0
2025-11-01 01:00:00,66.99,67.3,65.58,66.99
2025-11-01 02:00:00,66.99,68.09,66.57,67.45
2025-11-01 03:00:00,67.43,68.15,66.69,68.02
2025-11-01 04:00:00,68.04,68.41,66.89,68.19
2025-11-01 05:00:00,68.2,68.28,66.56,68.14
2025-11-01 06:00:00,68.1,69.08,67.13,67.45
2025-11-01 07:00:00,67.42,68.41,67.1,68.19
2025-11-01 08:00:00,68.2,69.04,67.76,68.6
2025-11-01 09:00:00,68.62,70.85,68.03,69.85
2025-11-01 10:00:00,69.82,70.9,69.54,70.32
2025-11-01 11:00:00,70.3,70.59,68.03,68.06
2025-11-01 12:00:00,68.05,68.42,65.33,65.65
2025-11-01 13:00:00,65.68,66.98,65.49,65.62
2025-11-01 14:00:00,65.61,65.94,64.8,65.64
2025-11-01 15:00:00,65.65,67.63,65.22,67.26
2025-11-01 16:00:00,67.25,68.72,66.91,68.53
2025-11-01 17:00:00,68.54,69.46,67.94,69.4
2025-11-01 18:00:00,69.41,69.96,67.73,68.37
2025-11-01 19:00:00,68.39,68.5,66.25,66.92
2025-11-01 20:00:00,66.93,67.18,65.75,66.03
2025-11-01 21:00:00,66.02,69.21,65.96,68.9
2025-11-01 22:00:00,68.9,70.05,68.09,69.38
2025-11-01 23:00:00,69.42,70.5,69.39,69.84
2025-11-02 00:00:00,69.84,70.56,68.86,69.52
2025-11-02 01:00:00,69.54,70.09,68.82,69.84
2025-11-02 02:00:00,69.85,71.18,68.94,69.56
2025-11-02 03:00:00,69.57,72.24,69.48,71.73
2025-11-02 04:00:00,71.7,72.37,70.96,72.11
2025-11-02 05:00:00,72.11,73.02,71.7,72.46
2025-11-02 06:00:00,72.47,74.58,72.39,74.0
2025-11-02 07:00:00,74.0,75.58,73.52,74.98
2025-11-02 08:00:00,74.95,75.38,74.24,75.27
2025-11-02 09:00:00,75.31,77.56,75.13,77.33
2025-11-02 10:00:00,77.33,77.78,75.81,75.96
2025-11-02 11:00:00,75.94,79.19,75.69,79.0
2025-11-02 12:00:00,79.02,79.7,78.36,78.97
2025-11-02 13:00:00,78.95,79.83,78.51,78.65
2025-11-02 14:00:00,78.66,79.19,77.6,79.06
2025-11-02 15:00:00,79.01,81.68,78.7,81.05
2025-11-02 16:00:00,81.03,82.43,80.88,80.92
2025-11-02 17:00:00,80.93,81.17,79.29,79.57
2025-11-02 18:00:00,79.54,81.65,79.27,80.12
2025-11-02 19:00:00,80.12,81.75,80.04,80.58
2025-11-02 20:00:00,80.56,82.48,80.56,81.87
2025-11-02 21:00:00,81.85,81.89,79.8,80.67
2025-11-02 22:00:00,80.67,82.33,80.33,81.54
2025-11-02 23:00:00,81.52,82.19,80.82,81.11
2025-11-03 00:00:00,81.1,81.12,79.67,79.97
2025-11-03 01:00:00,79.96,80.07,78.14,79.3
2025-11-03 02:00:00,79.31,80.73,78.87,79.87
2025-11-03 03:00:00,79.88,81.37,79.46,81.09
2025-11-03 04:00:00,81.14,82.81,80.84,82.06
2025-11-03 05:00:00,82.1,82.44,81.03,82.12
2025-11-03 06:00:00,82.13,84.02,81.24,82.81
2025-11-03 07:00:00,82.83,84.2,81.35,83.86
2025-11-03 08:00:00,83.89,86.18,83.88,85.63
2025-11-03 09:00:00,85.63,85.7,83.35,84.81
2025-11-03 10:00:00,84.79,85.79,84.28,85.5
2025-11-03 11:00:00,85.45,86.68,83.36,84.7
2025-11-03 12:00:00,84.71,85.25,83.18,84.5
2025-11-03 13:00:00,84.5,85.16,81.67,81.69
2025-11-03 14:00:00,81.7,82.74,81.23,81.9
2025-11-03 15:00:00,81.85,82.91,80.98,81.3
2025-11-03 16:00:00,81.3,82.32,81.14,81.62
2025-11-03 17:00:00,81.61,84.5,81.55,84.42
2025-11-03 18:00:00,84.42,85.25,83.78,84.9
2025-11-03 19:00:00,84.89,85.87,83.74,84.49
2025-11-03 20:00:00,84.47,86.39,84.18,85.62
2025-11-03 21:00:00,85.63,85.63,83.31,83.51
2025-11-03 22:00:00,83.51,85.54,83.42,84.45
2025-11-03 23:00:00,84.48,84.61,82.75,83.58
2025-11-04 00:00:00,83.59,84.62,82.76,84.57
2025-11-04 01:00:00,84.59,86.64,84.2,86.1
2025-11-04 02:00:00,86.07,86.85,84.24,85.06
2025-11-04 03:00:00,85.04,87.58,84.06,87.29
2025-11-04 04:00:00,87.27,88.31,86.99,87.98
2025-11-04 05:00:00,88.0,89.46,87.31,87.89
2025-11-04 06:00:00,87.9,88.92,86.31,88.74
2025-11-04 07:00:00,88.74,90.3,88.6,88.62
2025-11-04 08:00:00,88.61,90.87,88.28,89.35
2025-11-04 09:00:00,89.34,90.25,86.7,86.78
2025-11-04 10:00:00,86.79,87.89,85.05,85.65
2025-11-04 11:00:00,85.65,86.8,85.31,86.07
2025-11-04 12:00:00,86.08,87.56,85.93,87.49
2025-11-04 13:00:00,87.45,88.14,86.23,88.02
2025-11-04 14:00:00,88.02,90.55,87.96,90.44
2025-11-04 15:00:00,90.44,90.95,89.31,90.07
2025-11-04 16:00:00,90.06,90.24,87.8,88.27
2025-11-04 17:00:00,88.32,89.84,88.22,88.81
2025-11-04 18:00:00,88.85,89.96,88.04,88.97
2025-11-04 19:00:00,89.02,90.46,88.82,90.4
2025-11-04 20:00:00,90.38,91.05,88.03,89.06
2025-11-04 21:00:00,89.02,91.54,88.44,91.47
2025-11-04 22:00:00,91.45,93.21,90.73,92.7
2025-11-04 23:00:00,92.67,93.45,91.47,91.91
2025-11-05 00:00:00,91.87,92.26,90.42,91.23
2025-11-05 01:00:00,91.25,91.82,90.14,90.38
2025-11-05 02:00:00,90.36,90.56,88.54,89.2
2025-11-05 03:00:00,89.2,89.69,87.85,88.8
2025-11-05 04:00:00,88.81,90.03,88.44,89.56
2025-11-05 05:00:00,89.51,90.01,87.86,88.32
2025-11-05 06:00:00,88.31,89.59,86.57,86.84
2025-11-05 07:00:00,86.81,86.93,84.9,85.05
2025-11-05 08:00:00,85.05,87.99,85.01,87.16
2025-11-05 09:00:00,87.15,87.72,85.8,85.88
2025-11-05 10:00:00,85.91,85.96,84.29,85.62
2025-11-05 11:00:00,85.65,86.64,85.22,86.21
2025-11-05 12:00:00,86.21,87.38,85.57,85.78
2025-11-05 13:00:00,85.84,86.04,84.54,85.18
2025-11-05 14:00:00,85.17,85.7,84.03,85.0
2025-11-05 15:00:00,85.0,86.08,84.77,86.01
2025-11-05 16:00:00,86.0,88.23,85.87,87.26
2025-11-05 17:00:00,87.26,89.05,86.7,88.63
2025-11-05 18:00:00,88.66,89.41,87.78,88.24
2025-11-05 19:00:00,88.22,90.33,87.77,90.18
2025-11-05 20:00:00,90.23,90.23,86.23,86.3
2025-11-05 21:00:00,86.3,88.49,85.61,87.56
2025-11-05 22:00:00,87.6,89.02,87.4,88.83
2025-11-05 23:00:00,88.8,88.88,87.27,88.31
2025-11-06 00:00:00,88.35,90.18,88.25,89.95
2025-11-06 01:00:00,89.97,91.44,88.93,90.94
2025-11-06 02:00:00,90.94,91.56,88.81,89.08
2025-11-06 03:00:00,89.07,92.21,88.76,92.0
2025-11-06 04:00:00,92.02,92.58,89.83,90.78
2025-11-06 05:00:00,90.78,91.72,90.43,91.4
2025-11-06 06:00:00,91.39,93.19,90.98,91.12
2025-11-06 07:00:00,91.13,92.71,90.66,92.3
2025-11-06 08:00:00,92.3,93.59,91.76,92.96
2025-11-06 09:00:00,92.97,93.62,92.22,92.85
2025-11-06 10:00:00,92.86,95.29,92.76,94.95
2025-11-06 11:00:00,94.96,98.63,94.82,98.04
2025-11-06 12:00:00,98.04,99.62,97.13,99.22
2025-11-06 13:00:00,99.26,99.38,97.59,97.75
2025-11-06 14:00:00,97.79,98.85,96.4,96.54
2025-11-06 15:00:00,96.5,98.2,95.7,97.98
2025-11-06 16:00:00,97.97,99.5,97.4,99.38
2025-11-06 17:00:00,99.41,100.57,97.45,99.72
2025-11-06 18:00:00,99.71,100.63,99.12,99.91
2025-11-06 19:00:00,99.91,100.42,98.26,98.74
2025-11-06 20:00:00,98.77,99.2,97.86,98.54
2025-11-06 21:00:00,98.53,99.51,97.19,99.16
2025-11-06 22:00:00,99.17,100.38,97.59,99.03
2025-11-06 23:00:00,99.02,100.0,98.27,99.08
2025-11-07 00:00:00,99.03,99.17,95.56,95.6
2025-11-07 01:00:00,95.62,95.84,94.23,94.86
2025-11-07 02:00:00,94.84,95.74,93.73,94.57
2025-11-07 03:00:00,94.58,96.42,93.83,95.64
2025-11-07 04:00:00,95.62,98.67,94.58,98.17
2025-11-07 05:00:00,98.18,99.0,96.13,96.55
2025-11-07 06:00:00,96.53,98.3,94.64,98.01
2025-11-07 07:00:00,98.0,99.52,97.32,98.51
2025-11-07 08:00:00,98.51,100.68,98.47,99.5
2025-11-07 09:00:00,99.45,100.43,98.63,98.76
2025-11-07 10:00:00,98.74,99.08,97.7,98.62
2025-11-07 11:00:00,98.66,100.92,98.63,99.52
2025-11-07 12:00:00,99.54,99.66,97.01,97.05
2025-11-07 13:00:00,97.06,97.94,95.55,96.48
2025-11-07 14:00:00,96.47,98.6,95.98,97.74
2025-11-07 15:00:00,97.75,99.57,97.28,97.53
2025-11-07 16:00:00,97.53,99.69,97.26,99.22
2025-11-07 17:00:00,99.22,99.84,97.82,99.28
2025-11-07 18:00:00,99.25,102.31,98.62,101.88
2025-11-07 19:00:00,101.84,103.53,101.77,102.27
2025-11-07 20:00:00,102.24,103.53,102.12,102.41
2025-11-07 21:00:00,102.4,105.11,102.3,105.07
2025-11-07 22:00:00,105.05,106.49,104.52,104.67
2025-11-07 23:00:00,104.67,105.94,103.82,104.34
2025-11-08 00:00:00,104.31,104.72,101.87,102.35
2025-11-08 01:00:00,102.39,105.57,102.14,105.56
2025-11-08 02:00:00,105.6,105.89,103.82,105.08
2025-11-08 03:00:00,105.04,105.98,104.03,104.18
2025-11-08 04:00:00,104.18,105.94,103.55,103.57
2025-11-08 05:00:00,103.58,103.95,101.13,101.44
2025-11-08 06:00:00,101.41,103.16,100.55,102.61
2025-11-08 07:00:00,102.61,103.49,102.06,103.17
2025-11-08 08:00:00,103.16,104.74,102.54,103.1
2025-11-08 09:00:00,103.11,103.38,100.52,100.73
2025-11-08 10:00:00,100.74,101.82,100.36,101.49
2025-11-08 11:00:00,101.51,101.72,98.17,98.87
2025-11-08 12:00:00,98.86,100.51,98.69,100.28
2025-11-08 13:00:00,100.25,100.86,95.35,96.41
2025-11-08 14:00:00,96.42,98.4,95.67,97.72
2025-11-08 15:00:00,97.7,99.05,96.64,97.87
2025-11-08 16:00:00,97.88,99.57,96.7,99.5
2025-11-08 17:00:00,99.5,101.0,98.43,100.59
2025-11-08 18:00:00,100.54,100.68,97.65,99.44
2025-11-08 19:00:00,99.47,100.56,98.7,98.96
2025-11-08 20:00:00,98.97,99.94,98.22,98.38
2025-11-08 21:00:00,98.41,99.61,97.89,98.91
2025-11-08 22:00:00,98.91,98.95,94.11,94.11
2025-11-08 23:00:00,94.1,96.32,93.82,94.9
2025-11-09 00:00:00,94.89,95.08,93.42,94.82
2025-11-09 01:00:00,94.82,95.29,93.79,94.74
2025-11-09 02:00:00,94.79,96.26,94.35,96.08
2025-11-09 03:00:00,96.08,97.06,94.35,94.39
2025-11-09 04:00:00,94.39,97.01,94.28,95.01
2025-11-09 05:00:00,94.97,96.61,92.85,92.86
2025-11-09 06:00:00,92.91,93.86,92.23,93.17
2025-11-09 07:00:00,93.2,96.0,92.74,95.96
2025-11-09 08:00:00,96.04,96.95,95.26,95.99
2025-11-09 09:00:00,95.99,96.42,93.62,93.85
2025-11-09 10:00:00,93.85,94.82,91.95,94.74
2025-11-09 11:00:00,94.71,97.11,94.56,96.86
2025-11-09 12:00:00,96.86,98.21,96.6,97.67
2025-11-09 13:00:00,97.66,99.78,96.61,99.69
2025-11-09 14:00:00,99.71,100.56,98.8,98.9
2025-11-09 15:00:00,98.92,101.42,98.37,101.35
2025-11-09 16:00:00,101.36,102.28,99.87,100.49
2025-11-09 17:00:00,100.47,101.11,97.91,98.09
2025-11-09 18:00:00,98.08,98.16,96.26,96.46
2025-11-09 19:00:00,96.4,97.59,95.84,96.83
2025-11-09 20:00:00,96.85,99.18,95.59,96.17
2025-11-09 21:00:00,96.2,98.2,96.01,96.11
2025-11-09 22:00:00,96.11,97.23,94.63,96.81
2025-11-09 23:00:00,96.81,96.84,94.67,94.76
2025-11-10 00:00:00,94.72,95.27,93.76,94.5
2025-11-10 01:00:00,94.5,94.93,90.32,90.36
2025-11-10 02:00:00,90.37,91.71,89.73,90.96
2025-11-10 03:00:00,90.94,91.71,89.68,91.13
2025-11-10 04:00:00,91.19,91.64,89.36,89.37
2025-11-10 05:00:00,89.38,89.53,87.51,87.63
2025-11-10 06:00:00,87.61,87.9,86.06,86.71
2025-11-10 07:00:00,86.64,86.97,85.39,86.26
2025-11-10 08:00:00,86.3,87.15,85.39,86.83
2025-11-10 09:00:00,86.78,87.9,86.36,87.72
2025-11-10 10:00:00,87.72,88.15,86.01,87.31
2025-11-10 11:00:00,87.34,89.08,86.56,86.72
2025-11-10 12:00:00,86.73,88.21,85.3,85.86
2025-11-10 13:00:00,85.86,87.39,85.54,87.33
2025-11-10 14:00:00,87.33,87.49,86.05,86.76
2025-11-10 15:00:00,86.74,86.79,83.63,84.18
2025-11-10 16:00:00,84.18,86.31,83.64,86.16
2025-11-10 17:00:00,86.2,86.99,84.58,86.5
2025-11-10 18:00:00,86.52,87.64,85.96,87.57
2025-11-10 19:00:00,87.57,88.11,86.24,86.56
2025-11-10 20:00:00,86.57,88.08,85.98,87.43
2025-11-10 21:00:00,87.41,87.63,85.63,87.35
2025-11-10 22:00:00,87.4,87.41,84.57,86.1
2025-11-10 23:00:00,86.08,87.71,85.6,87.11
2025-11-11 00:00:00,87.07,87.26,84.69,84.96
2025-11-11 01:00:00,84.95,86.22,83.31,83.35
2025-11-11 02:00:00,83.36,84.99,82.26,83.07
2025-11-11 03:00:00,83.07,83.36,81.73,81.92
2025-11-11 04:00:00,81.93,82.33,80.3,82.03
2025-11-11 05:00:00,82.04,82.44,81.13,82.12
2025-11-11 06:00:00,82.11,84.59,81.93,83.75
2025-11-11 07:00:00,83.78,84.08,81.84,82.89
2025-11-11 08:00:00,82.89,83.04,81.59,82.78
2025-11-11 09:00:00,82.75,84.42,82.52,83.64
2025-11-11 10:00:00,83.64,84.38,82.59,84.37
2025-11-11 11:00:00,84.34,85.21,83.38,84.12
2025-11-11 12:00:00,84.14,85.37,83.57,83.99
2025-11-11 13:00:00,83.98,84.58,83.38,84.3
2025-11-11 14:00:00,84.27,85.06,83.21,84.38
2025-11-11 15:00:00,84.38,85.15,82.92,82.95
2025-11-11 16:00:00,82.98,84.96,82.23,84.75
2025-11-11 17:00:00,84.77,85.57,83.98,84.3
2025-11-11 18:00:00,84.3,84.94,83.15,83.62
2025-11-11 19:00:00,83.61,86.83,83.14,86.52
2025-11-11 20:00:00,86.5,87.18,85.35,85.77
2025-11-11 21:00:00,85.78,85.83,83.11,83.44
2025-11-11 22:00:00,83.45,85.13,82.85,85.13
2025-11-11 23:00:00,85.12,86.4,85.12,85.98
2025-11-12 00:00:00,85.94,87.47,85.94,86.32
2025-11-12 01:00:00,86.34,88.17,86.34,87.1
2025-11-12 02:00:00,87.1,87.95,86.25,87.92
2025-11-12 03:00:00,87.9,88.53,85.65,86.28
2025-11-12 04:00:00,86.33,87.54,85.71,86.99
2025-11-12 05:00:00,86.98,88.39,86.72,87.42
2025-11-12 06:00:00,87.43,87.46,85.17,85.39
2025-11-12 07:00:00,85.39,88.23,85.06,88.0
2025-11-12 08:00:00,88.02,89.05,87.09,88.8
2025-11-12 09:00:00,88.8,89.15,87.23,88.05
2025-11-12 10:00:00,88.07,89.13,87.25,87.31
2025-11-12 11:00:00,87.32,87.63,86.16,86.48
2025-11-12 12:00:00,86.49,86.55,84.08,85.12
2025-11-12 13:00:00,85.15,85.72,82.64,83.26
2025-11-12 14:00:00,83.27,84.24,82.84,83.89
2025-11-12 15:00:00,83.89,87.03,83.89,86.99
2025-11-12 16:00:00,86.98,88.36,86.83,87.97
2025-11-12 17:00:00,87.99,88.3,86.85,86.88
2025-11-12 18:00:00,86.91,87.72,86.1,87.12
2025-11-12 19:00:00,87.1,88.93,86.38,88.74
2025-11-12 20:00:00,88.79,90.23,88.73,90.2
2025-11-12 21:00:00,90.19,92.24,89.48,91.59
2025-11-12 22:00:00,91.64,92.0,89.76,90.09
2025-11-12 23:00:00,90.11,90.44,88.84,89.02
2025-11-13 00:00:00,89.01,89.94,87.43,87.48
2025-11-13 01:00:00,87.46,90.17,87.33,89.14
2025-11-13 02:00:00,89.13,89.75,87.69,89.68
2025-11-13 03:00:00,89.67,89.96,87.85,88.18
2025-11-13 04:00:00,88.2,89.5,87.59,88.27
2025-11-13 05:00:00,88.3,88.84,85.87,85.9
2025-11-13 06:00:00,85.92,88.95,85.38,88.79
2025-11-13 07:00:00,88.79,90.71,88.66,89.6
2025-11-13 08:00:00,89.6,90.08,87.43,87.53
2025-11-13 09:00:00,87.49,88.68,87.0,87.84
2025-11-13 10:00:00,87.88,88.75,86.89,87.82
2025-11-13 11:00:00,87.83,90.22,87.36,88.96
2025-11-13 12:00:00,88.96,89.22,87.47,88.3
2025-11-13 13:00:00,88.28,88.77,86.44,87.22
2025-11-13 14:00:00,87.19,89.91,86.48,89.8
2025-11-13 15:00:00,89.77,91.89,89.23,91.19
2025-11-13 16:00:00,91.14,92.53,90.79,92.12
2025-11-13 17:00:00,92.16,94.15,91.25,93.72
2025-11-13 18:00:00,93.73,95.75,93.13,95.43
2025-11-13 19:00:00,95.4,96.39,94.16,94.25
2025-11-13 20:00:00,94.25,94.71,92.44,92.53
2025-11-13 21:00:00,92.54,92.6,90.15,90.86
2025-11-13 22:00:00,90.9,91.43,89.29,91.31
2025-11-13 23:00:00,91.32,91.48,86.75,87.94
2025-11-14 00:00:00,87.93,90.28,86.94,89.69
2025-11-14 01:00:00,89.71,92.88,89.44,92.14
2025-11-14 02:00:00,92.13,92.88,90.64,90.92
2025-11-14 03:00:00,90.9,91.15,89.93,90.7
2025-11-14 04:00:00,90.68,92.78,90.11,92.0
2025-11-14 05:00:00,92.0,92.96,91.63,92.4
2025-11-14 06:00:00,92.36,93.72,91.88,92.74
2025-11-14 07:00:00,92.79,93.38,91.35,91.83
2025-11-14 08:00:00,91.81,93.37,91.71,91.92
2025-11-14 09:00:00,91.88,92.59,91.02,91.39
2025-11-14 10:00:00,91.39,91.86,89.61,90.37
2025-11-14 11:00:00,90.35,90.69,89.01,90.47
2025-11-14 12:00:00,90.44,91.03,89.51,90.01
2025-11-14 13:00:00,89.99,90.21,88.48,89.32
2025-11-14 14:00:00,89.34,90.22,88.31,89.31
2025-11-14 15:00:00,89.33,89.73,88.27,88.64
2025-11-14 16:00:00,88.67,89.05,86.67,87.17
2025-11-14 17:00:00,87.18,88.33,86.92,87.93
2025-11-14 18:00:00,87.94,89.72,87.54,89.53
2025-11-14 19:00:00,89.57,90.49,89.05,89.97
2025-11-14 20:00:00,90.0,91.35,89.75,91.35
2025-11-14 21:00:00,91.39,91.4,89.39,89.57
2025-11-14 22:00:00,89.56,91.68,88.56,91.56
2025-11-14 23:00:00,91.57,91.7,89.52,90.56
2025-11-15 00:00:00,90.56,91.18,89.05,89.92
2025-11-15 01:00:00,89.91,92.91,89.83,92.74
2025-11-15 02:00:00,92.73,93.65,90.24,90.52
2025-11-15 03:00:00,90.53,92.09,90.34,91.68
2025-11-15 04:00:00,91.7,91.96,88.55,89.21
2025-11-15 05:00:00,89.18,91.1,89.07,90.78
2025-11-15 06:00:00,90.8,92.23,90.74,91.5
2025-11-15 07:00:00,91.5,93.12,91.29,92.0
2025-11-15 08:00:00,92.0,92.04,91.03,91.24
2025-11-15 09:00:00,91.25,93.89,90.96,93.28
2025-11-15 10:00:00,93.25,94.85,93.11,93.76
2025-11-15 11:00:00,93.77,95.27,93.38,94.6
2025-11-15 12:00:00,94.58,96.34,94.51,96.11
2025-11-15 13:00:00,96.09,96.14,92.89,93.59
2025-11-15 14:00:00,93.59,94.43,92.53,94.28
2025-11-15 15:00:00,94.27,94.66,92.9,93.17
2025-11-15 16:00:00,93.18,94.73,92.99,94.0
2025-11-15 17:00:00,94.03,96.92,93.58,96.92
2025-11-15 18:00:00,96.92,97.61,95.73,96.71
2025-11-15 19:00:00,96.72,97.66,95.92,96.94
2025-11-15 20:00:00,96.94,97.05,95.22,96.03
2025-11-15 21:00:00,96.05,97.48,94.73,96.26
2025-11-15 22:00:00,96.22,98.21,96.1,97.88
2025-11-15 23:00:00,97.89,101.69,97.25,101.48
2025-11-16 00:00:00,101.51,102.84,100.42,100.63
2025-11-16 01:00:00,100.65,100.67,98.15,98.47
2025-11-16 02:00:00,98.53,98.97,94.03,95.58
2025-11-16 03:00:00,95.58,96.5,95.11,96.38
2025-11-16 04:00:00,96.35,97.0,95.81,96.16
2025-11-16 05:00:00,96.11,97.17,95.24,95.85
2025-11-16 06:00:00,95.86,96.23,94.33,94.61
2025-11-16 07:00:00,94.58,98.32,94.58,97.62
2025-11-16 08:00:00,97.63,100.21,97.63,98.02
2025-11-16 09:00:00,98.01,98.69,96.59,98.3
2025-11-16 10:00:00,98.32,98.64,95.86,96.31
2025-11-16 11:00:00,96.35,97.56,95.38,95.38
2025-11-16 12:00:00,95.42,96.03,94.47,95.49
2025-11-16 13:00:00,95.5,95.68,92.94,93.7
2025-11-16 14:00:00,93.74,94.11,90.41,90.52
2025-11-16 15:00:00,90.53,90.94,89.86,90.67
2025-11-16 16:00:00,90.64,91.95,89.97,91.84
2025-11-16 17:00:00,91.86,94.11,91.77,92.97
2025-11-16 18:00:00,92.95,93.93,92.05,92.83
2025-11-16 19:00:00,92.79,96.05,92.77,95.36
2025-11-16 20:00:00,95.31,96.36,93.93,95.82
2025-11-16 21:00:00,95.79,95.99,93.77,94.11
2025-11-16 22:00:00,94.11,94.52,92.74,92.75
2025-11-16 23:00:00,92.75,93.61,91.55,91.74
2025-11-17 00:00:00,91.81,92.97,91.11,91.13
2025-11-17 01:00:00,91.12,91.64,89.59,89.67
2025-11-17 02:00:00,89.64,90.7,88.19,89.2
2025-11-17 03:00:00,89.2,89.88,88.19,89.01
2025-11-17 04:00:00,89.01,91.28,88.78,90.07
2025-11-17 05:00:00,90.07,93.48,89.36,93.13
2025-11-17 06:00:00,93.1,95.71,92.47,94.91
2025-11-17 07:00:00,94.89,95.52,91.96,91.99
2025-11-17 08:00:00,91.97,93.33,91.24,92.67
2025-11-17 09:00:00,92.66,94.48,92.25,93.15
2025-11-17 10:00:00,93.15,94.65,91.86,92.07
2025-11-17 11:00:00,92.11,93.51,91.47,92.03
2025-11-17 12:00:00,92.0,92.88,91.36,91.83
2025-11-17 13:00:00,91.85,94.52,91.09,94.41
2025-11-17 14:00:00,94.43,95.03,92.28,94.81
2025-11-17 15:00:00,94.84,95.1,93.76,94.81
2025-11-17 16:00:00,94.78,96.83,94.73,95.4
2025-11-17 17:00:00,95.38,97.71,94.98,96.31
2025-11-17 18:00:00,96.28,98.03,94.6,95.18
2025-11-17 19:00:00,95.19,95.25,90.69,90.92
2025-11-17 20:00:00,90.89,91.95,89.7,89.79
2025-11-17 21:00:00,89.78,91.81,89.72,90.66
2025-11-17 22:00:00,90.61,90.75,88.19,88.24
2025-11-17 23:00:00,88.26,88.8,85.69,85.97
2025-11-18 00:00:00,85.98,88.6,85.98,87.71
2025-11-18 01:00:00,87.71,89.39,87.2,87.49
2025-11-18 02:00:00,87.5,89.7,87.26,87.53
2025-11-18 03:00:00,87.55,88.47,84.9,85.13
2025-11-18 04:00:00,85.13,86.53,84.69,86.23
2025-11-18 05:00:00,86.23,87.02,85.09,86.89
2025-11-18 06:00:00,86.89,87.27,84.33,85.37
2025-11-18 07:00:00,85.36,88.28,85.07,86.51
2025-11-18 08:00:00,86.5,86.57,84.81,85.61
2025-11-18 09:00:00,85.59,86.4,84.42,86.31
2025-11-18 10:00:00,86.28,86.98,84.42,84.6
2025-11-18 11:00:00,84.61,84.83,82.55,83.26
2025-11-18 12:00:00,83.27,85.31,83.27,85.29
2025-11-18 13:00:00,85.29,87.78,85.21,87.16
2025-11-18 14:00:00,87.18,87.95,85.05,85.52
2025-11-18 15:00:00,85.53,88.52,84.71,88.52
2025-11-18 16:00:00,88.5,89.06,87.25,88.5
2025-11-18 17:00:00,88.5,89.31,86.18,87.21
2025-11-18 18:00:00,87.2,88.1,85.84,87.81
2025-11-18 19:00:00,87.79,90.73,87.79,89.91
2025-11-18 20:00:00,89.89,90.03,88.37,89.91
2025-11-18 21:00:00,89.9,91.41,88.53,89.34
2025-11-18 22:00:00,89.28,91.45,89.03,90.46
2025-11-18 23:00:00,90.44,90.64,88.27,89.9
2025-11-19 00:00:00,89.89,91.54,89.69,91.17
2025-11-19 01:00:00,91.17,93.23,91.12,91.62
2025-11-19 02:00:00,91.6,92.6,90.68,92.06
2025-11-19 03:00:00,92.07,92.6,90.62,91.52
2025-11-19 04:00:00,91.48,92.42,90.69,91.33
2025-11-19 05:00:00,91.32,92.6,90.44,90.68
2025-11-19 06:00:00,90.65,91.39,89.68,91.04
2025-11-19 07:00:00,91.06,93.36,90.61,93.32
2025-11-19 08:00:00,93.31,93.55,91.49,91.82
2025-11-19 09:00:00,91.81,93.95,91.4,92.92
2025-11-19 10:00:00,92.91,95.11,91.87,94.77
2025-11-19 11:00:00,94.77,95.46,93.3,94.03
2025-11-19 12:00:00,93.97,96.55,93.71,96.36
2025-11-19 13:00:00,96.37,97.21,95.54,96.25
2025-11-19 14:00:00,96.23,97.73,95.92,96.78
2025-11-19 15:00:00,96.8,97.65,94.12,97.26
2025-11-19 16:00:00,97.22,97.71,95.18,95.67
2025-11-19 17:00:00,95.67,96.76,94.89,95.27
2025-11-19 18:00:00,95.23,96.21,93.06,93.06
2025-11-19 19:00:00,93.04,93.77,91.93,92.19
2025-11-19 20:00:00,92.16,95.34,91.44,94.95
2025-11-19 21:00:00,94.92,95.95,93.87,93.99
2025-11-19 22:00:00,93.97,94.45,92.14,92.18
2025-11-19 23:00:00,92.18,92.78,90.34,90.78
2025-11-20 00:00:00,90.8,91.49,89.75,91.01
2025-11-20 01:00:00,91.03,92.16,89.81,90.28
2025-11-20 02:00:00,90.27,92.74,89.64,92.66
2025-11-20 03:00:00,92.63,93.5,91.68,92.78
2025-11-20 04:00:00,92.82,93.08,91.6,92.41
2025-11-20 05:00:00,92.38,92.79,90.65,91.96
2025-11-20 06:00:00,91.95,93.27,91.43,91.72
2025-11-20 07:00:00,91.72,93.78,91.2,93.78
2025-11-20 08:00:00,93.79,95.04,93.29,93.37
2025-11-20 09:00:00,93.41,97.54,92.99,97.44
2025-11-20 10:00:00,97.42,99.23,97.14,98.11
2025-11-20 11:00:00,98.09,100.2,97.51,98.37
2025-11-20 12:00:00,98.37,100.03,98.16,99.23
2025-11-20 13:00:00,99.26,101.74,98.82,99.72
2025-11-20 14:00:00,99.75,100.25,97.85,99.8
2025-11-20 15:00:00,99.81,100.56,97.81,99.71
2025-11-20 16:00:00,99.7,100.71,98.6,100.45
2025-11-20 17:00:00,100.46,102.34,99.6,102.21
2025-11-20 18:00:00,102.18,102.82,99.66,100.96
2025-11-20 19:00:00,100.97,102.69,100.7,100.81
2025-11-20 20:00:00,100.79,101.96,98.9,99.03
2025-11-20 21:00:00,99.07,99.78,97.94,98.42
2025-11-20 22:00:00,98.41,98.76,97.18,98.09
2025-11-20 23:00:00,98.1,98.23,94.49,94.49
2025-11-21 00:00:00,94.5,98.22,94.33,98.22
2025-11-21 01:00:00,98.21,98.4,96.64,97.62
2025-11-21 02:00:00,97.67,98.41,96.31,97.47
2025-11-21 03:00:00,97.46,98.44,95.21,95.26
2025-11-21 04:00:00,95.22,95.96,94.28,94.38
2025-11-21 05:00:00,94.41,96.31,94.12,95.9
2025-11-21 06:00:00,95.86,97.03,94.55,96.24
2025-11-21 07:00:00,96.26,96.97,94.35,94.59
2025-11-21 08:00:00,94.59,98.01,94.32,97.93
2025-11-21 09:00:00,97.89,101.24,97.1,100.39
2025-11-21 10:00:00,100.38,100.66,97.84,100.16
2025-11-21 11:00:00,100.13,100.39,97.77,98.12
2025-11-21 12:00:00,98.13,99.26,96.27,96.71
2025-11-21 13:00:00,96.72,96.93,94.89,94.93
2025-11-21 14:00:00,94.93,100.12,94.8,99.25
2025-11-21 15:00:00,99.29,100.45,97.43,98.23
2025-11-21 16:00:00,98.25,99.04,95.88,96.12
2025-11-21 17:00:00,96.15,97.36,95.1,95.84
2025-11-21 18:00:00,95.83,96.3,93.75,95.07
2025-11-21 19:00:00,95.07,95.68,92.88,93.55
2025-11-21 20:00:00,93.54,95.22,92.55,94.55
2025-11-21 21:00:00,94.55,95.49,94.12,94.88
2025-11-21 22:00:00,94.86,95.96,93.7,95.8
2025-11-21 23:00:00,95.79,96.88,94.83,94.96
2025-11-22 00:00:00,94.98,97.63,94.66,97.3
2025-11-22 01:00:00,97.3,97.66,94.39,95.28
2025-11-22 02:00:00,95.28,95.93,93.88,95.05
2025-11-22 03:00:00,95.03,95.73,93.64,94.03
2025-11-22 04:00:00,94.05,94.06,91.96,92.4
2025-11-22 05:00:00,92.38,94.9,91.8,92.32
2025-11-22 06:00:00,92.33,92.98,91.64,91.69
2025-11-22 07:00:00,91.66,93.94,90.93,93.48
2025-11-22 08:00:00,93.49,96.38,93.47,96.32
2025-11-22 09:00:00,96.31,97.1,94.76,94.82
2025-11-22 10:00:00,94.82,95.38,93.74,94.87
2025-11-22 11:00:00,94.86,98.48,94.73,98.48
2025-11-22 12:00:00,98.47,98.94,96.89,97.81
2025-11-22 13:00:00,97.82,98.18,94.76,94.96
2025-11-22 14:00:00,94.95,95.12,92.34,93.21
2025-11-22 15:00:00,93.2,95.06,92.81,94.62
2025-11-22 16:00:00,94.6,95.02,91.46,91.74
2025-11-22 17:00:00,91.71,92.45,89.59,90.94
2025-11-22 18:00:00,90.97,91.66,89.15,89.22
2025-11-22 19:00:00,89.24,89.79,88.31,88.5
2025-11-22 20:00:00,88.5,89.48,86.58,88.55
2025-11-22 21:00:00,88.53,90.92,87.86,90.75
2025-11-22 22:00:00,90.74,90.99,87.46,87.68
2025-11-22 23:00:00,87.69,89.02,86.92,88.43
2025-11-23 00:00:00,88.44,90.86,88.41,90.78
2025-11-23 01:00:00,90.77,90.92,87.8,88.23
2025-11-23 02:00:00,88.26,89.96,87.95,88.88
2025-11-23 03:00:00,88.87,89.05,86.5,87.12
2025-11-23 04:00:00,87.17,87.49,85.66,85.95
2025-11-23 05:00:00,85.96,86.47,84.09,86.27
2025-11-23 06:00:00,86.27,87.21,85.58,87.21
2025-11-23 07:00:00,87.22,87.81,85.98,87.0
2025-11-23 08:00:00,87.03,87.1,85.85,86.76
2025-11-23 09:00:00,86.78,87.86,86.3,86.81
2025-11-23 10:00:00,86.77,89.76,86.12,89.48
2025-11-23 11:00:00,89.51,89.93,87.55,87.95
2025-11-23 12:00:00,87.96,88.06,85.07,86.61
2025-11-23 13:00:00,86.6,86.94,85.15,86.15
2025-11-23 14:00:00,86.15,86.4,83.97,83.98
2025-11-23 15:00:00,83.95,85.21,83.6,84.62
2025-11-23 16:00:00,84.61,86.96,84.03,86.12
2025-11-23 17:00:00,86.13,86.95,84.46,84.63
2025-11-23 18:00:00,84.63,85.95,84.23,85.78
2025-11-23 19:00:00,85.77,87.48,85.48,85.67
2025-11-23 20:00:00,85.68,85.71,82.81,82.81
2025-11-23 21:00:00,82.82,83.04,81.42,82.41
2025-11-23 22:00:00,82.45,82.7,81.14,81.67
2025-11-23 23:00:00,81.69,82.07,79.84,79.96
2025-11-24 00:00:00,80.02,80.2,78.93,79.83
2025-11-24 01:00:00,79.85,80.42,78.55,80.2
2025-11-24 02:00:00,80.21,80.68,79.57,80.39
2025-11-24 03:00:00,80.4,81.22,78.74,79.66
2025-11-24 04:00:00,79.66,80.77,79.28,80.26
2025-11-24 05:00:00,80.22,82.32,79.99,82.15
2025-11-24 06:00:00,82.14,82.18,79.54,79.76
2025-11-24 07:00:00,79.75,80.26,78.74,79.71
2025-11-24 08:00:00,79.69,80.71,79.0,80.7
2025-11-24 09:00:00,80.67,82.4,80.28,80.61
2025-11-24 10:00:00,80.62,81.12,78.86,78.97
2025-11-24 11:00:00,79.0,80.79,78.18,80.27
2025-11-24 12:00:00,80.28,80.68,78.95,79.29
2025-11-24 13:00:00,79.3,80.12,77.88,77.91
2025-11-24 14:00:00,77.92,79.09,77.55,77.79
2025-11-24 15:00:00,77.81,78.29,77.05,78.01
2025-11-24 16:00:00,77.99,78.47,77.25,77.81
2025-11-24 17:00:00,77.82,78.57,75.62,75.87
2025-11-24 18:00:00,75.86,76.03,74.79,74.9
2025-11-24 19:00:00,74.89,76.41,73.75,73.96
2025-11-24 20:00:00,73.96,74.68,73.07,73.8
2025-11-24 21:00:00,73.81,74.75,73.24,73.5
2025-11-24 22:00:00,73.48,74.13,72.89,73.45
2025-11-24 23:00:00,73.47,74.86,72.45,74.51
2025-11-25 00:00:00,74.54,75.86,74.24,75.86
2025-11-25 01:00:00,75.87,78.16,75.87,77.02
2025-11-25 02:00:00,77.02,78.32,76.1,78.1
2025-11-25 03:00:00,78.08,79.53,77.83,79.26
2025-11-25 04:00:00,79.29,79.54,78.12,78.38
2025-11-25 05:00:00,78.37,79.17,77.4,77.6
2025-11-25 06:00:00,77.62,78.61,75.08,75.47
2025-11-25 07:00:00,75.5,77.2,75.33,77.17
2025-11-25 08:00:00,77.18,79.47,76.84,79.33
2025-11-25 09:00:00,79.3,80.19,77.3,77.31
2025-11-25 10:00:00,77.31,78.16,75.93,75.94
2025-11-25 11:00:00,75.91,77.72,75.8,77.57
2025-11-25 12:00:00,77.55,78.31,76.59,76.77
2025-11-25 13:00:00,76.8,77.1,75.15,75.29
2025-11-25 14:00:00,75.29,76.35,74.97,75.9
2025-11-25 15:00:00,75.87,75.92,74.41,74.61
2025-11-25 16:00:00,74.57,74.7,71.95,71.95
2025-11-25 17:00:00,71.96,75.04,71.92,74.99
2025-11-25 18:00:00,75.03,75.27,74.02,74.66
2025-11-25 19:00:00,74.68,76.01,74.53,75.65
2025-11-25 20:00:00,75.65,78.18,75.4,76.87
2025-11-25 21:00:00,76.87,79.53,76.81,79.35
2025-11-25 22:00:00,79.35,79.65,78.17,79.52
2025-11-25 23:00:00,79.52,79.78,77.75,78.58
2025-11-26 00:00:00,78.54,78.78,77.66,78.08
2025-11-26 01:00:00,78.06,79.99,77.6,79.87
2025-11-26 02:00:00,79.85,80.52,79.3,79.55
2025-11-26 03:00:00,79.57,80.61,79.03,80.41
2025-11-26 04:00:00,80.39,81.24,79.73,80.06
2025-11-26 05:00:00,80.06,80.54,78.7,79.33
2025-11-26 06:00:00,79.29,79.86,76.64,77.02
2025-11-26 07:00:00,77.01,79.42,76.8,79.17
2025-11-26 08:00:00,79.17,81.09,79.09,80.9
2025-11-26 09:00:00,80.92,83.29,80.92,82.99
2025-11-26 10:00:00,83.0,83.4,80.63,83.37
2025-11-26 11:00:00,83.41,84.71,82.31,84.1
2025-11-26 12:00:00,84.14,85.14,83.21,84.01
2025-11-26 13:00:00,84.0,84.59,82.94,83.27
2025-11-26 14:00:00,83.29,84.12,82.49,83.29
2025-11-26 15:00:00,83.33,84.64,83.09,84.17
2025-11-26 16:00:00,84.17,84.84,82.68,82.86
2025-11-26 17:00:00,82.88,83.17,82.1,82.43
2025-11-26 18:00:00,82.45,83.58,81.99,83.29
2025-11-26 19:00:00,83.27,83.46,81.4,82.04
2025-11-26 20:00:00,82.04,82.47,81.03,82.12
2025-11-26 21:00:00,82.07,82.15,79.31,79.68
2025-11-26 22:00:00,79.69,79.7,77.61,78.69
2025-11-26 23:00:00,78.67,79.17,78.13,78.36
2025-11-27 00:00:00,78.36,80.64,78.31,79.83
2025-11-27 01:00:00,79.81,81.72,79.41,81.31
2025-11-27 02:00:00,81.33,82.62,80.62,81.97
2025-11-27 03:00:00,82.0,82.05,80.69,81.15
2025-11-27 04:00:00,81.14,82.48,80.79,81.31
2025-11-27 05:00:00,81.33,82.62,80.76,81.58
2025-11-27 06:00:00,81.57,81.82,80.54,80.78
2025-11-27 07:00:00,80.76,81.51,79.51,81.13
2025-11-27 08:00:00,81.08,82.3,80.9,81.89
2025-11-27 09:00:00,81.89,82.78,81.45,82.15
2025-11-27 10:00:00,82.19,83.5,81.81,83.08
2025-11-27 11:00:00,83.1,84.82,83.06,84.72
2025-11-27 12:00:00,84.74,85.11,83.06,84.81
2025-11-27 13:00:00,84.81,84.95,82.98,83.27
2025-11-27 14:00:00,83.26,84.33,82.83,84.28
2025-11-27 15:00:00,84.29,84.65,82.61,83.41
2025-11-27 16:00:00,83.41,83.95,80.72,81.38
2025-11-27 17:00:00,81.39,83.09,80.71,82.93
2025-11-27 18:00:00,82.93,83.58,82.33,83.4
2025-11-27 19:00:00,83.38,84.14,82.35,82.62
2025-11-27 20:00:00,82.62,84.62,82.21,82.61
2025-11-27 21:00:00,82.63,83.53,81.81,82.31
2025-11-27 22:00:00,82.34,84.0,82.15,83.01
2025-11-27 23:00:00,83.02,84.75,82.58,84.7
2025-11-28 00:00:00,84.73,85.05,82.54,83.01
2025-11-28 01:00:00,83.01,84.28,82.52,82.86
2025-11-28 02:00:00,82.86,83.27,81.75,82.49
2025-11-28 03:00:00,82.5,84.81,82.28,83.92
2025-11-28 04:00:00,83.91,84.32,82.94,83.29
2025-11-28 05:00:00,83.33,83.63,82.14,83.49
2025-11-28 06:00:00,83.48,86.1,83.24,85.87
2025-11-28 07:00:00,85.89,86.1,84.42,85.83
2025-11-28 08:00:00,85.84,87.18,85.56,86.75
2025-11-28 09:00:00,86.77,87.0,84.03,84.54
2025-11-28 10:00:00,84.55,86.27,84.28,85.82
2025-11-28 11:00:00,85.78,87.36,85.7,86.53
2025-11-28 12:00:00,86.58,86.58,84.13,84.83
2025-11-28 13:00:00,84.86,85.17,84.05,84.72
2025-11-28 14:00:00,84.69,84.85,82.52,83.13
2025-11-28 15:00:00,83.15,83.2,81.26,81.6
2025-11-28 16:00:00,81.61,81.86,80.78,81.28
2025-11-28 17:00:00,81.23,81.93,79.64,79.87
2025-11-28 18:00:00,79.88,80.42,79.25,79.45
2025-11-28 19:00:00,79.45,80.03,78.23,80.03
2025-11-28 20:00:00,80.05,81.2,79.21,79.86
2025-11-28 21:00:00,79.87,81.01,79.57,80.22
2025-11-28 22:00:00,80.21,82.37,80.06,81.89
2025-11-28 23:00:00,81.88,82.95,81.04,82.36
2025-11-29 00:00:00,82.37,84.62,82.24,82.37
2025-11-29 01:00:00,82.36,82.98,81.39,82.97
2025-11-29 02:00:00,83.0,83.4,81.76,82.72
2025-11-29 03:00:00,82.7,83.13,80.78,80.99
2025-11-29 04:00:00,80.97,82.8,80.71,82.08
2025-11-29 05:00:00,82.1,83.01,81.64,81.92
2025-11-29 06:00:00,81.97,82.28,79.45,81.07
2025-11-29 07:00:00,81.07,81.93,80.89,80.95
2025-11-29 08:00:00,80.95,81.15,79.05,80.93
2025-11-29 09:00:00,80.92,82.06,79.72,79.98
2025-11-29 10:00:00,79.96,81.74,79.95,80.94
2025-11-29 11:00:00,80.95,81.32,79.42,80.67
2025-11-29 12:00:00,80.68,81.81,80.17,80.38
2025-11-29 13:00:00,80.43,80.62,79.64,80.25
2025-11-29 14:00:00,80.24,80.58,77.09,77.09
2025-11-29 15:00:00,77.1,77.58,75.78,75.92
2025-11-29 16:00:00,75.92,76.81,75.15,76.27
2025-11-29 17:00:00,76.27,77.11,75.31,75.9
2025-11-29 18:00:00,75.9,76.83,75.22,76.03
2025-11-29 19:00:00,76.01,77.8,75.18,76.02
2025-11-29 20:00:00,76.03,76.4,75.08,76.07
2025-11-29 21:00:00,76.08,76.81,75.15,76.25
2025-11-29 22:00:00,76.27,77.23,75.3,75.61
2025-11-29 23:00:00,75.6,76.22,73.95,74.0
2025-11-30 00:00:00,74.01,76.33,73.89,76.11
2025-11-30 01:00:00,76.1,76.11,74.28,74.61
2025-11-30 02:00:00,74.58,74.62,72.6,72.64
2025-11-30 03:00:00,72.64,72.77,71.44,71.5
2025-11-30 04:00:00,71.53,71.7,70.88,71.07
2025-11-30 05:00:00,71.07,72.17,70.78,72.12
2025-11-30 06:00:00,72.13,72.17,70.48,71.37
2025-11-30 07:00:00,71.37,71.75,70.67,71.17
2025-11-30 08:00:00,71.18,71.7,68.4,68.53
2025-11-30 09:00:00,68.52,70.92,68.39,69.56
2025-11-30 10:00:00,69.53,71.09,69.14,70.91
2025-11-30 11:00:00,70.92,72.45,70.32,72.0
2025-11-30 12:00:00,72.01,74.38,71.43,74.32
2025-11-30 13:00:00,74.31,76.03,74.0,76.03
2025-11-30 14:00:00,76.0,76.93,75.54,76.75
2025-11-30 15:00:00,76.77,78.21,76.67,77.54
2025-11-30 16:00:00,77.54,77.66,76.12,76.14
2025-11-30 17:00:00,76.1,76.68,74.44,74.84
2025-11-30 18:00:00,74.84,76.75,74.63,76.49
2025-11-30 19:00:00,76.52,77.13,75.47,75.81
2025-11-30 20:00:00,75.79,76.43,75.14,75.91
2025-11-30 21:00:00,75.85,75.99,74.11,74.14
2025-11-30 22:00:00,74.15,74.6,71.97,71.97
2025-11-30 23:00:00,71.94,72.26,70.3,70.77
2025-12-01 00:00:00,70.76,71.71,70.26,71.55
2025-12-01 01:00:00,71.57,72.88,71.18,71.77
2025-12-01 02:00:00,71.73,72.63,71.51,72.48
2025-12-01 03:00:00,72.49,72.9,71.38,71.9
2025-12-01 04:00:00,71.91,72.58,71.22,71.93
2025-12-01 05:00:00,71.91,72.53,71.57,72.07
2025-12-01 06:00:00,72.06,72.83,71.19,72.78
2025-12-01 07:00:00,72.82,74.37,72.35,74.37
2025-12-01 08:00:00,74.35,75.81,74.32,75.33
2025-12-01 09:00:00,75.32,77.02,74.93,76.39
2025-12-01 10:00:00,76.4,77.57,75.7,75.7
2025-12-01 11:00:00,75.7,76.25,74.94,75.66
2025-12-01 12:00:00,75.65,75.69,73.47,73.52
2025-12-01 13:00:00,73.53,73.78,71.89,72.24
2025-12-01 14:00:00,72.21,72.24,69.67,69.74
2025-12-01 15:00:00,69.74,70.52,68.16,68.56
2025-12-01 16:00:00,68.56,70.24,68.34,70.08
2025-12-01 17:00:00,70.07,71.81,69.85,71.4
2025-12-01 18:00:00,71.41,72.37,70.97,71.39
2025-12-01 19:00:00,71.38,71.76,69.64,70.33
2025-12-01 20:00:00,70.34,72.36,70.34,72.36
2025-12-01 21:00:00,72.32,73.68,72.22,72.34
2025-12-01 22:00:00,72.34,75.05,72.2,74.61
2025-12-01 23:00:00,74.59,75.52,72.69,73.01
2025-12-02 00:00:00,72.99,73.71,71.88,72.63
2025-12-02 01:00:00,72.63,74.36,72.02,74.29
2025-12-02 02:00:00,74.27,74.59,72.15,72.41
2025-12-02 03:00:00,72.39,73.38,72.0,73.07
2025-12-02 04:00:00,73.08,74.18,72.0,74.03
2025-12-02 05:00:00,74.02,75.25,73.2,74.65
2025-12-02 06:00:00,74.65,75.13,74.15,74.62
2025-12-02 07:00:00,74.59,75.49,73.63,74.19
2025-12-02 08:00:00,74.2,74.29,72.27,72.31
2025-12-02 09:00:00,72.32,73.57,72.24,72.66
2025-12-02 10:00:00,72.66,74.42,72.63,73.69
2025-12-02 11:00:00,73.67,74.69,72.73,74.35
2025-12-02 12:00:00,74.35,75.7,74.32,75.31
2025-12-02 13:00:00,75.31,75.35,72.87,73.28
2025-12-02 14:00:00,73.28,73.62,71.2,71.59
2025-12-02 15:00:00,71.6,73.16,71.17,72.3
2025-12-02 16:00:00,72.29,73.44,72.19,72.34
2025-12-02 17:00:00,72.36,72.86,71.7,72.13
2025-12-02 18:00:00,72.12,72.4,71.32,72.34
2025-12-02 19:00:00,72.28,72.88,71.28,72.39
2025-12-02 20:00:00,72.39,72.57,70.61,72.1
2025-12-02 21:00:00,72.1,73.54,71.83,72.24
2025-12-02 22:00:00,72.17,72.66,71.61,72.31
2025-12-02 23:00:00,72.32,72.45,71.06,71.37
2025-12-03 00:00:00,71.39,71.66,69.58,69.97
2025-12-03 01:00:00,69.95,72.23,69.59,72.01
2025-12-03 02:00:00,72.03,72.09,69.29,69.67
2025-12-03 03:00:00,69.69,71.33,69.58,70.86
2025-12-03 04:00:00,70.87,71.76,68.97,69.78
2025-12-03 05:00:00,69.78,71.44,69.39,71.41
2025-12-03 06:00:00,71.4,71.4,69.84,70.39
2025-12-03 07:00:00,70.39,71.92,70.35,70.74
2025-12-03 08:00:00,70.74,70.76,68.84,69.13
2025-12-03 09:00:00,69.13,71.28,69.11,70.81
2025-12-03 10:00:00,70.81,71.3,68.73,69.32
2025-12-03 11:00:00,69.3,70.64,68.92,70.04
2025-12-03 12:00:00,70.07,71.19,68.81,69.92
2025-12-03 13:00:00,69.92,70.57,69.49,70.56
2025-12-03 14:00:00,70.58,71.44,69.66,69.84
2025-12-03 15:00:00,69.84,71.39,69.73,71.11
2025-12-03 16:00:00,71.11,71.25,70.16,70.68
2025-12-03 17:00:00,70.69,71.37,69.86,70.49
2025-12-03 18:00:00,70.5,71.54,70.15,71.13
2025-12-03 19:00:00,71.14,71.23,69.32,69.69
2025-12-03 20:00:00,69.7,70.76,69.36,70.32
2025-12-03 21:00:00,70.34,71.0,69.51,70.99
2025-12-03 22:00:00,71.0,71.36,69.18,69.85
2025-12-03 23:00:00,69.84,70.84,69.8,70.31
2025-12-04 00:00:00,70.33,70.65,69.11,69.62
2025-12-04 01:00:00,69.6,71.4,69.39,69.5
2025-12-04 02:00:00,69.46,69.52,65.98,66.04
2025-12-04 03:00:00,66.06,66.17,64.7,65.91
2025-12-04 04:00:00,65.92,66.35,65.0,65.82
2025-12-04 05:00:00,65.8,66.47,64.41,64.56
2025-12-04 06:00:00,64.56,65.16,63.84,64.1
2025-12-04 07:00:00,64.09,64.93,63.0,64.6
2025-12-04 08:00:00,64.6,64.88,62.92,63.2
2025-12-04 09:00:00,63.18,64.94,63.11,63.94
2025-12-04 10:00:00,63.97,64.78,63.43,64.72
2025-12-04 11:00:00,64.74,65.77,64.19,65.37
2025-12-04 12:00:00,65.35,67.55,65.21,67.22
2025-12-04 13:00:00,67.21,67.32,64.67,64.95
2025-12-04 14:00:00,64.95,65.24,64.03,64.63
2025-12-04 15:00:00,64.61,65.98,64.6,65.47
2025-12-04 16:00:00,65.49,65.63,63.38,63.64
2025-12-04 17:00:00,63.65,64.42,63.56,63.65
2025-12-04 18:00:00,63.68,65.84,63.59,65.52
2025-12-04 19:00:00,65.52,67.73,65.47,67.73
2025-12-04 20:00:00,67.73,68.46,67.31,67.95
2025-12-04 21:00:00,67.96,68.06,67.03,67.46
2025-12-04 22:00:00,67.45,68.48,66.96,67.6
2025-12-04 23:00:00,67.58,69.67,67.58,69.29
2025-12-05 00:00:00,69.29,70.53,69.01,69.98
2025-12-05 01:00:00,69.98,70.14,68.34,68.58
2025-12-05 02:00:00,68.54,68.93,66.82,67.0
2025-12-05 03:00:00,66.99,69.24,66.44,69.21
2025-12-05 04:00:00,69.22,69.61,67.69,69.02
2025-12-05 05:00:00,69.03,69.76,68.67,69.54
2025-12-05 06:00:00,69.54,69.72,68.14,69.52
2025-12-05 07:00:00,69.52,70.52,69.04,70.04
2025-12-05 08:00:00,70.02,70.22,68.86,69.46
2025-12-05 09:00:00,69.47,70.17,68.73,70.07
2025-12-05 10:00:00,70.09,70.76,69.36,69.44
2025-12-05 11:00:00,69.45,70.2,68.69,69.71
2025-12-05 12:00:00,69.72,71.04,69.72,70.52
2025-12-05 13:00:00,70.51,70.92,68.51,68.73
2025-12-05 14:00:00,68.73,69.26,68.23,68.73
2025-12-05 15:00:00,68.72,69.69,68.18,69.54
2025-12-05 16:00:00,69.51,70.04,68.93,69.66
2025-12-05 17:00:00,69.63,69.63,67.96,68.46
2025-12-05 18:00:00,68.43,68.71,67.18,68.18
2025-12-05 19:00:00,68.19,68.71,67.73,68.63
2025-12-05 20:00:00,68.65,70.38,68.45,69.01
2025-12-05 21:00:00,69.01,70.27,69.01,69.89
2025-12-05 22:00:00,69.91,70.21,69.15,70.09
2025-12-05 23:00:00,70.09,70.39,68.67,69.41
2025-12-06 00:00:00,69.43,70.3,68.04,68.36
2025-12-06 01:00:00,68.35,68.55,67.16,67.77
2025-12-06 02:00:00,67.75,69.81,67.75,68.64
2025-12-06 03:00:00,68.63,69.19,68.17,68.86
2025-12-06 04:00:00,68.88,69.68,67.89,68.28
2025-12-06 05:00:00,68.27,69.87,67.97,69.18
2025-12-06 06:00:00,69.18,70.2,68.7,70.2
2025-12-06 07:00:00,70.2,71.3,69.17,69.17
2025-12-06 08:00:00,69.16,71.5,68.76,71.2
2025-12-06 09:00:00,71.21,72.78,70.86,72.21
2025-12-06 10:00:00,72.21,72.45,70.73,71.71
2025-12-06 11:00:00,71.73,71.99,70.01,71.27
2025-12-06 12:00:00,71.3,73.0,71.24,72.55
2025-12-06 13:00:00,72.57,72.84,71.71,71.87
2025-12-06 14:00:00,71.85,72.6,71.18,72.29
2025-12-06 15:00:00,72.27,73.22,71.72,72.75
2025-12-06 16:00:00,72.77,73.33,71.75,72.4
2025-12-06 17:00:00,72.39,72.84,70.55,70.58
2025-12-06 18:00:00,70.58,72.94,69.99,71.99
2025-12-06 19:00:00,71.98,73.19,71.17,72.11
2025-12-06 20:00:00,72.13,73.92,71.89,72.78
2025-12-06 21:00:00,72.8,72.9,69.95,70.01
2025-12-06 22:00:00,70.01,70.44,68.23,68.34
2025-12-06 23:00:00,68.31,70.18,67.9,69.99
2025-12-07 00:00:00,70.01,71.48,69.91,71.29
2025-12-07 01:00:00,71.27,71.31,69.68,69.78
2025-12-07 02:00:00,69.78,70.61,68.03,68.04
2025-12-07 03:00:00,68.05,69.27,67.77,69.25
2025-12-07 04:00:00,69.27,69.32,67.79,68.54
2025-12-07 05:00:00,68.5,68.94,66.28,66.3
2025-12-07 06:00:00,66.26,67.22,66.19,66.64
2025-12-07 07:00:00,66.65,67.8,66.35,67.72
2025-12-07 08:00:00,67.71,67.78,65.43,65.54
2025-12-07 09:00:00,65.53,65.77,64.63,64.8
2025-12-07 10:00:00,64.8,65.83,63.73,64.83
2025-12-07 11:00:00,64.84,67.22,64.69,66.79
2025-12-07 12:00:00,66.79,66.93,65.04,65.62
2025-12-07 13:00:00,65.58,68.93,65.41,68.93
2025-12-07 14:00:00,68.89,69.49,68.3,69.35
2025-12-07 15:00:00,69.38,70.84,68.96,70.64
2025-12-07 16:00:00,70.64,70.91,69.25,69.4
2025-12-07 17:00:00,69.39,69.53,68.53,68.88
2025-12-07 18:00:00,68.87,70.65,68.83,69.85
2025-12-07 19:00:00,69.85,70.37,68.59,69.15
2025-12-07 20:00:00,69.17,71.75,69.02,71.49
2025-12-07 21:00:00,71.48,72.88,71.24,72.7
2025-12-07 22:00:00,72.66,73.5,72.18,73.28
2025-12-07 23:00:00,73.28,74.13,72.07,72.37
2025-12-08 00:00:00,72.35,73.26,72.05,72.91
2025-12-08 01:00:00,72.92,73.29,72.16,72.38
2025-12-08 02:00:00,72.4,72.72,71.53,72.42
2025-12-08 03:00:00,72.43,72.97,71.14,72.01
2025-12-08 04:00:00,72.01,72.69,71.01,72.17
2025-12-08 05:00:00,72.18,73.2,72.08,72.89
2025-12-08 06:00:00,72.91,75.33,72.79,75.17
2025-12-08 07:00:00,75.16,76.26,74.84,74.92
2025-12-08 08:00:00,74.89,75.89,74.66,75.46
2025-12-08 09:00:00,75.48,76.01,74.11,74.73
2025-12-08 10:00:00,74.72,75.3,72.79,72.79
2025-12-08 11:00:00,72.77,73.96,72.06,72.56
2025-12-08 12:00:00,72.55,73.05,70.95,72.95
2025-12-08 13:00:00,72.93,74.8,72.93,74.43
2025-12-08 14:00:00,74.41,74.41,72.69,73.31
2025-12-08 15:00:00,73.3,73.3,71.31,71.69
2025-12-08 16:00:00,71.72,72.04,70.75,71.7
2025-12-08 17:00:00,71.68,72.06,70.17,71.09
2025-12-08 18:00:00,71.07,72.63,70.69,70.77
2025-12-08 19:00:00,70.77,71.9,69.57,69.94
2025-12-08 20:00:00,69.96,70.74,68.86,69.65
2025-12-08 21:00:00,69.67,71.17,69.17,69.38
2025-12-08 22:00:00,69.37,70.17,68.22,69.21
2025-12-08 23:00:00,69.25,71.29,68.93,69.98
2025-12-09 00:00:00,69.96,70.63,69.27,70.43
2025-12-09 01:00:00,70.45,71.2,69.65,70.93
2025-12-09 02:00:00,70.94,71.18,69.76,70.45
2025-12-09 03:00:00,70.46,71.81,70.39,70.74
2025-12-09 04:00:00,70.75,71.34,69.63,70.18
2025-12-09 05:00:00,70.16,72.11,70.11,71.01
2025-12-09 06:00:00,71.03,71.17,69.92,70.35
2025-12-09 07:00:00,70.34,71.2,69.73,71.0
2025-12-09 08:00:00,71.0,71.76,69.35,69.61
2025-12-09 09:00:00,69.59,71.07,69.38,70.78
2025-12-09 10:00:00,70.78,71.91,69.62,71.39
2025-12-09 11:00:00,71.39,72.32,71.03,71.26
2025-12-09 12:00:00,71.25,73.1,71.12,72.73
2025-12-09 13:00:00,72.74,73.24,71.32,71.88
2025-12-09 14:00:00,71.89,72.62,70.57,71.6
2025-12-09 15:00:00,71.56,72.7,71.02,71.96
2025-12-09 16:00:00,71.99,73.1,71.68,72.72
2025-12-09 17:00:00,72.73,73.16,71.5,72.14
2025-12-09 18:00:00,72.13,72.19,70.97,71.03
2025-12-09 19:00:00,71.02,71.5,70.25,71.07
2025-12-09 20:00:00,71.1,72.25,70.74,71.12
2025-12-09 21:00:00,71.13,72.47,70.51,71.78
2025-12-09 22:00:00,71.8,71.83,70.5,71.27
2025-12-09 23:00:00,71.28,72.32,70.37,70.58
2025-12-10 00:00:00,70.57,71.03,70.07,70.39
2025-12-10 01:00:00,70.38,70.93,68.89,69.01
2025-12-10 02:00:00,69.0,70.69,68.48,69.66
2025-12-10 03:00:00,69.64,70.31,68.89,70.31
2025-12-10 04:00:00,70.3,71.34,69.95,69.97
2025-12-10 05:00:00,69.96,71.5,69.17,71.13
2025-12-10 06:00:00,71.14,73.14,70.84,71.84
2025-12-10 07:00:00,71.86,73.12,71.46,72.56
2025-12-10 08:00:00,72.53,73.61,72.23,72.77
2025-12-10 09:00:00,72.79,73.78,72.36,72.81
2025-12-10 10:00:00,72.78,72.94,71.48,71.93
2025-12-10 11:00:00,71.92,72.76,70.74,71.01
2025-12-10 12:00:00,70.99,71.3,68.81,69.39
2025-12-10 13:00:00,69.37,70.98,68.95,69.92
2025-12-10 14:00:00,69.93,71.28,69.88,71.19
2025-12-10 15:00:00,71.2,71.27,68.46,68.69
2025-12-10 16:00:00,68.68,69.26,67.52,68.96
2025-12-10 17:00:00,68.95,71.44,68.88,70.76
2025-12-10 18:00:00,70.77,71.25,69.97,70.4
2025-12-10 19:00:00,70.4,71.45,70.02,70.75
2025-12-10 20:00:00,70.78,71.16,69.7,70.89
2025-12-10 21:00:00,70.92,72.57,70.84,72.25
2025-12-10 22:00:00,72.28,73.54,72.01,73.45
2025-12-10 23:00:00,73.44,73.55,72.59,73.17
2025-12-11 00:00:00,73.17,73.93,72.54,73.9
2025-12-11 01:00:00,73.89,74.66,72.79,73.44
2025-12-11 02:00:00,73.41,73.76,72.73,73.46
2025-12-11 03:00:00,73.46,73.59,71.73,72.61
2025-12-11 04:00:00,72.59,72.62,70.78,71.69
2025-12-11 05:00:00,71.73,71.78,70.11,70.16
2025-12-11 06:00:00,70.12,70.64,69.53,69.89
2025-12-11 07:00:00,69.89,71.12,69.55,70.12
2025-12-11 08:00:00,70.11,72.27,69.57,71.75
2025-12-11 09:00:00,71.73,72.33,70.65,71.41
2025-12-11 10:00:00,71.4,71.83,69.85,70.65
2025-12-11 11:00:00,70.63,71.83,70.56,70.85
2025-12-11 12:00:00,70.84,71.34,69.9,71.31
2025-12-11 13:00:00,71.31,71.73,69.45,69.98
2025-12-11 14:00:00,69.94,71.92,69.9,71.48
2025-12-11 15:00:00,71.5,72.9,71.38,72.28
2025-12-11 16:00:00,72.28,73.27,71.75,72.24
2025-12-11 17:00:00,72.23,72.45,70.54,71.05
2025-12-11 18:00:00,71.08,73.7,71.02,73.23
2025-12-11 19:00:00,73.23,73.39,72.39,73.09
2025-12-11 20:00:00,73.13,73.45,70.94,71.53
2025-12-11 21:00:00,71.53,72.37,70.59,71.83
2025-12-11 22:00:00,71.8,73.91,70.95,73.91
2025-12-11 23:00:00,73.9,75.16,73.68,74.87
2025-12-12 00:00:00,74.89,76.86,74.86,75.6
2025-12-12 01:00:00,75.63,76.63,74.99,75.06
2025-12-12 02:00:00,75.05,76.08,74.46,75.54
2025-12-12 03:00:00,75.52,75.94,74.71,75.93
2025-12-12 04:00:00,75.94,77.4,75.63,76.47
2025-12-12 05:00:00,76.5,76.99,73.99,74.22
2025-12-12 06:00:00,74.23,74.63,72.97,74.08
2025-12-12 07:00:00,74.09,74.81,73.57,74.78
2025-12-12 08:00:00,74.81,76.31,74.56,76.29
2025-12-12 09:00:00,76.3,76.52,74.73,75.43
2025-12-12 10:00:00,75.46,76.57,75.03,75.96
2025-12-12 11:00:00,75.97,77.16,75.84,77.05
2025-12-12 12:00:00,77.06,77.99,76.84,77.26
2025-12-12 13:00:00,77.26,79.96,76.93,79.36
2025-12-12 14:00:00,79.38,79.52,77.37,77.85
2025-12-12 15:00:00,77.83,77.97,75.92,76.52
2025-12-12 16:00:00,76.51,77.44,75.48,76.62
2025-12-12 17:00:00,76.62,77.38,76.04,76.46
2025-12-12 18:00:00,76.47,76.59,73.52,73.96
2025-12-12 19:00:00,73.95,74.43,72.43,74.32
2025-12-12 20:00:00,74.34,76.3,74.3,76.18
2025-12-12 21:00:00,76.16,76.25,73.19,73.48
2025-12-12 22:00:00,73.49,74.05,71.71,71.99
2025-12-12 23:00:00,71.96,72.12,70.76,71.16
2025-12-13 00:00:00,71.14,71.14,69.73,69.79
2025-12-13 01:00:00,69.77,71.32,69.63,71.01
2025-12-13 02:00:00,70.99,71.59,69.59,70.45
2025-12-13 03:00:00,70.48,71.21,69.32,70.31
2025-12-13 04:00:00,70.31,71.11,69.41,70.47
2025-12-13 05:00:00,70.51,70.82,68.79,68.82
2025-12-13 06:00:00,68.84,69.21,67.9,68.49
2025-12-13 07:00:00,68.48,69.86,67.83,69.03
2025-12-13 08:00:00,69.04,69.47,68.23,68.8
2025-12-13 09:00:00,68.77,69.18,68.09,68.26
2025-12-13 10:00:00,68.26,68.92,67.43,68.78
2025-12-13 11:00:00,68.78,69.58,68.3,69.58
2025-12-13 12:00:00,69.56,70.07,68.79,69.95
2025-12-13 13:00:00,69.95,70.23,68.89,69.66
2025-12-13 14:00:00,69.7,70.27,69.4,69.87
2025-12-13 15:00:00,69.85,70.06,67.42,68.19
2025-12-13 16:00:00,68.17,69.68,67.98,68.96
2025-12-13 17:00:00,68.99,69.1,67.74,68.57
2025-12-13 18:00:00,68.58,68.61,67.05,67.23
2025-12-13 19:00:00,67.23,68.94,66.84,68.63
2025-12-13 20:00:00,68.61,69.46,67.81,68.19
2025-12-13 21:00:00,68.18,68.34,67.49,67.57
2025-12-13 22:00:00,67.58,67.73,66.58,67.33
2025-12-13 23:00:00,67.32,68.72,67.29,67.54
2025-12-14 00:00:00,67.56,67.99,66.45,67.01
2025-12-14 01:00:00,67.03,67.68,66.17,66.66
2025-12-14 02:00:00,66.65,68.14,66.62,68.13
2025-12-14 03:00:00,68.12,68.59,67.56,67.79
2025-12-14 04:00:00,67.79,68.73,67.49,68.64
2025-12-14 05:00:00,68.62,69.82,68.35,69.48
2025-12-14 06:00:00,69.49,71.17,69.06,70.57
2025-12-14 07:00:00,70.58,71.43,70.07,70.48
2025-12-14 08:00:00,70.47,71.28,68.91,69.36
2025-12-14 09:00:00,69.39,71.07,69.01,70.85
2025-12-14 10:00:00,70.87,71.07,70.01,70.58
2025-12-14 11:00:00,70.6,70.98,69.51,70.49
2025-12-14 12:00:00,70.48,71.28,70.36,70.68
2025-12-14 13:00:00,70.66,71.6,70.05,70.79
2025-12-14 14:00:00,70.82,71.86,70.67,71.26
2025-12-14 15:00:00,71.26,72.95,70.91,71.85
2025-12-14 16:00:00,71.81,72.12,70.84,71.24
2025-12-14 17:00:00,71.25,72.2,70.75,71.43
2025-12-14 18:00:00,71.4,71.48,68.82,69.86
2025-12-14 19:00:00,69.84,70.79,69.34,69.99
2025-12-14 20:00:00,69.99,71.09,69.35,70.31
2025-12-14 21:00:00,70.29,71.28,69.48,70.54
2025-12-14 22:00:00,70.5,71.17,68.61,69.36
2025-12-14 23:00:00,69.36,70.01,68.52,68.97
2025-12-15 00:00:00,69.0,70.81,68.86,70.13
2025-12-15 01:00:00,70.11,71.03,69.45,70.17
2025-12-15 02:00:00,70.17,72.4,69.35,72.27
2025-12-15 03:00:00,72.25,73.27,71.98,72.96
2025-12-15 04:00:00,72.98,73.31,71.76,72.35
2025-12-15 05:00:00,72.31,73.63,71.6,73.43
2025-12-15 06:00:00,73.44,75.94,73.43,75.87
2025-12-15 07:00:00,75.87,76.09,74.16,75.42
2025-12-15 08:00:00,75.39,75.88,74.47,75.83
2025-12-15 09:00:00,75.79,76.65,75.13,75.13
2025-12-15 10:00:00,75.13,75.87,74.49,74.89
2025-12-15 11:00:00,74.9,75.99,74.55,75.3
2025-12-15 12:00:00,75.32,76.79,74.99,76.55
2025-12-15 13:00:00,76.55,78.34,76.49,78.0
2025-12-15 14:00:00,77.95,79.89,77.93,78.38
2025-12-15 15:00:00,78.35,79.56,77.53,79.4
2025-12-15 16:00:00,79.42,80.8,79.42,80.03
2025-12-15 17:00:00,80.01,80.09,78.78,78.81
2025-12-15 18:00:00,78.79,81.04,78.71,79.78
2025-12-15 19:00:00,79.76,81.31,79.67,80.7
2025-12-15 20:00:00,80.73,81.74,80.47,81.48
2025-12-15 21:00:00,81.49,81.57,80.38,80.8
2025-12-15 22:00:00,80.78,81.06,79.0,79.67
2025-12-15 23:00:00,79.63,80.95,79.38,79.92
2025-12-16 00:00:00,79.96,80.46,78.95,79.14
2025-12-16 01:00:00,79.15,80.05,78.54,79.59
2025-12-16 02:00:00,79.59,79.82,78.32,79.11
2025-12-16 03:00:00,79.11,79.43,78.28,78.93
2025-12-16 04:00:00,78.88,79.68,78.38,78.74
2025-12-16 05:00:00,78.75,79.66,78.41,78.53
2025-12-16 06:00:00,78.53,79.22,76.12,76.44
2025-12-16 07:00:00,76.43,78.82,76.38,78.01
2025-12-16 08:00:00,77.98,78.18,77.02,78.04
2025-12-16 09:00:00,78.04,78.46,77.23,77.46
2025-12-16 10:00:00,77.45,78.16,76.55,76.69
2025-12-16 11:00:00,76.67,77.12,75.28,76.16
2025-12-16 12:00:00,76.17,78.47,75.61,77.81
2025-12-16 13:00:00,77.84,80.26,77.69,79.77
2025-12-16 14:00:00,79.75,81.81,78.99,81.5
2025-12-16 15:00:00,81.48,82.19,80.21,81.03
2025-12-16 16:00:00,81.03,81.5,79.85,80.15
2025-12-16 17:00:00,80.16,80.63,79.38,80.23
2025-12-16 18:00:00,80.25,80.31,77.7,77.71
2025-12-16 19:00:00,77.74,78.52,77.01,77.7
2025-12-16 20:00:00,77.71,78.62,76.36,77.61
2025-12-16 21:00:00,77.6,78.08,75.09,75.14
2025-12-16 22:00:00,75.15,76.03,74.54,74.81
2025-12-16 23:00:00,74.82,76.69,74.27,76.49
2025-12-17 00:00:00,76.46,78.17,76.2,76.81
2025-12-17 01:00:00,76.8,79.54,76.61,79.52
2025-12-17 02:00:00,79.51,81.01,79.14,80.36
2025-12-17 03:00:00,80.36,81.56,79.43,80.35
2025-12-17 04:00:00,80.32,81.9,79.3,81.84
2025-12-17 05:00:00,81.79,83.34,81.35,81.61
2025-12-17 06:00:00,81.61,82.59,80.8,81.32
2025-12-17 07:00:00,81.38,82.84,80.62,81.27
2025-12-17 08:00:00,81.29,82.84,81.24,82.0
2025-12-17 09:00:00,82.01,82.08,80.41,81.17
2025-12-17 10:00:00,81.17,82.27,80.91,82.13
2025-12-17 11:00:00,82.09,85.46,81.97,84.92
2025-12-17 12:00:00,84.9,86.15,84.42,84.93
2025-12-17 13:00:00,84.9,86.14,84.7,85.59
2025-12-17 14:00:00,85.58,87.61,84.93,86.68
2025-12-17 15:00:00,86.66,88.38,86.43,86.66
2025-12-17 16:00:00,86.69,86.79,83.6,83.62
2025-12-17 17:00:00,83.63,84.39,82.62,83.09
2025-12-17 18:00:00,83.12,84.45,82.66,84.09
2025-12-17 19:00:00,84.1,84.61,81.82,82.41
2025-12-17 20:00:00,82.38,84.45,81.74,84.35
2025-12-17 21:00:00,84.35,84.76,81.94,82.02
2025-12-17 22:00:00,81.98,84.04,81.98,83.76
2025-12-17 23:00:00,83.73,85.65,83.73,85.62
2025-12-18 00:00:00,85.64,86.83,83.67,83.91
2025-12-18 01:00:00,83.89,84.75,83.33,83.44
2025-12-18 02:00:00,83.42,84.31,82.72,83.03
2025-12-18 03:00:00,83.01,85.31,82.29,85.04
2025-12-18 04:00:00,85.03,88.01,84.95,87.09
2025-12-18 05:00:00,87.08,88.24,85.77,87.97
2025-12-18 06:00:00,87.99,88.58,86.81,88.37
2025-12-18 07:00:00,88.33,88.43,86.21,86.88
2025-12-18 08:00:00,86.9,89.92,86.67,89.91
2025-12-18 09:00:00,89.92,90.11,86.67,87.97
2025-12-18 10:00:00,87.95,93.63,87.93,93.51
2025-12-18 11:00:00,93.5,95.32,93.17,95.05
2025-12-18 12:00:00,95.0,95.85,93.66,95.79
2025-12-18 13:00:00,95.82,95.99,93.02,93.05
2025-12-18 14:00:00,93.04,93.74,92.47,93.2
2025-12-18 15:00:00,93.19,95.13,92.8,94.98
2025-12-18 16:00:00,94.93,95.16,92.22,93.49
2025-12-18 17:00:00,93.49,94.83,92.7,93.09
2025-12-18 18:00:00,93.06,93.13,91.53,92.7
2025-12-18 19:00:00,92.73,93.0,90.12,90.5
2025-12-18 20:00:00,90.53,91.7,89.67,90.0
2025-12-18 21:00:00,89.97,91.17,89.55,90.73
2025-12-18 22:00:00,90.73,92.28,90.27,91.67
2025-12-18 23:00:00,91.69,93.65,91.54,92.41
2025-12-19 00:00:00,92.43,93.55,92.11,92.16
2025-12-19 01:00:00,92.16,93.35,90.14,91.03
2025-12-19 02:00:00,91.02,91.9,90.4,90.51
2025-12-19 03:00:00,90.51,92.39,90.36,90.99
2025-12-19 04:00:00,90.97,92.69,90.16,92.01
2025-12-19 05:00:00,91.98,92.21,89.87,90.12
2025-12-19 06:00:00,90.1,90.35,88.89,89.08
2025-12-19 07:00:00,89.11,89.82,87.95,88.79
2025-12-19 08:00:00,88.81,89.84,88.44,89.15
2025-12-19 09:00:00,89.2,89.95,88.35,88.93
2025-12-19 10:00:00,88.94,91.49,88.85,91.1
2025-12-19 11:00:00,91.07,92.82,90.54,91.98
2025-12-19 12:00:00,91.96,93.22,90.86,93.04
2025-12-19 13:00:00,93.04,94.53,92.92,93.16
2025-12-19 14:00:00,93.15,95.66,92.91,95.36
2025-12-19 15:00:00,95.38,95.75,93.66,95.21
2025-12-19 16:00:00,95.21,96.72,94.65,96.31
2025-12-19 17:00:00,96.38,97.58,95.76,97.22
2025-12-19 18:00:00,97.24,97.59,95.76,96.79
2025-12-19 19:00:00,96.79,97.44,95.78,95.86
2025-12-19 20:00:00,95.86,96.29,94.19,94.54
2025-12-19 21:00:00,94.53,94.98,92.67,94.71
2025-12-19 22:00:00,94.68,96.31,93.73,94.82
2025-12-19 23:00:00,94.81,94.9,92.92,93.82
2025-12-20 00:00:00,93.82,94.24,92.58,92.98
2025-12-20 01:00:00,92.99,93.87,92.49,93.35
2025-12-20 02:00:00,93.34,95.0,92.87,94.75
2025-12-20 03:00:00,94.73,96.81,94.47,96.8
2025-12-20 04:00:00,96.83,99.19,96.06,98.99
2025-12-20 05:00:00,98.99,99.39,96.52,97.76
2025-12-20 06:00:00,97.76,98.47,96.84,97.66
2025-12-20 07:00:00,97.64,100.2,97.64,98.35
2025-12-20 08:00:00,98.38,98.66,97.38,98.0
2025-12-20 09:00:00,97.98,98.89,96.27,98.31
2025-12-20 10:00:00,98.28,100.49,97.55,100.37
2025-12-20 11:00:00,100.36,103.27,100.29,103.06
2025-12-20 12:00:00,103.03,105.26,102.23,105.14
2025-12-20 13:00:00,105.1,105.53,103.65,104.72
2025-12-20 14:00:00,104.73,104.79,103.19,103.84
2025-12-20 15:00:00,103.89,103.89,101.6,102.74
2025-12-20 16:00:00,102.76,103.26,101.73,103.19
2025-12-20 17:00:00,103.24,103.48,100.84,101.08
2025-12-20 18:00:00,101.13,101.71,100.47,100.62
2025-12-20 19:00:00,100.62,103.8,100.52,102.7
2025-12-20 20:00:00,102.75,105.19,102.63,104.9
2025-12-20 21:00:00,104.93,108.18,104.85,106.47
2025-12-20 22:00:00,106.49,107.96,106.08,106.66
2025-12-20 23:00:00,106.69,111.21,106.4,110.93
2025-12-21 00:00:00,110.93,112.53,109.75,110.28
2025-12-21 01:00:00,110.28,111.98,108.59,111.64
2025-12-21 02:00:00,111.64,112.23,108.98,110.13
2025-12-21 03:00:00,110.13,112.27,109.34,111.94
2025-12-21 04:00:00,111.92,113.9,111.56,112.9
2025-12-21 05:00:00,112.87,113.76,110.9,112.88
2025-12-21 06:00:00,112.89,115.66,112.77,115.35
2025-12-21 07:00:00,115.35,117.45,115.27,116.8
2025-12-21 08:00:00,116.81,118.17,116.68,116.78
2025-12-21 09:00:00,116.82,123.13,116.58,122.95
2025-12-21 10:00:00,122.94,124.29,121.72,121.92
2025-12-21 11:00:00,121.93,123.57,121.2,122.06
2025-12-21 12:00:00,122.08,122.84,121.37,121.85
2025-12-21 13:00:00,121.89,123.65,119.72,123.43
2025-12-21 14:00:00,123.42,123.5,120.67,120.9
2025-12-21 15:00:00,120.88,125.18,120.12,124.63
2025-12-21 16:00:00,124.65,125.21,122.4,122.61
2025-12-21 17:00:00,122.61,123.27,120.81,122.88
2025-12-21 18:00:00,122.81,124.58,121.48,124.22
2025-12-21 19:00:00,124.24,125.62,123.71,123.95
2025-12-21 20:00:00,123.93,126.11,123.63,123.92
2025-12-21 21:00:00,123.95,127.61,123.95,127.29
2025-12-21 22:00:00,127.3,128.7,125.98,127.67
2025-12-21 23:00:00,127.66,131.22,127.66,129.42
2025-12-22 00:00:00,129.47,131.57,129.21,131.1
2025-12-22 01:00:00,131.06,131.99,130.08,130.84
2025-12-22 02:00:00,130.84,133.8,129.95,132.65
2025-12-22 03:00:00,132.63,136.88,132.5,136.14
2025-12-22 04:00:00,136.24,139.58,136.01,138.97
2025-12-22 05:00:00,138.95,139.66,136.96,138.33
2025-12-22 06:00:00,138.31,139.68,136.66,137.67
2025-12-22 07:00:00,137.68,139.16,136.52,138.98
2025-12-22 08:00:00,138.93,139.4,135.23,138.13
2025-12-22 09:00:00,138.09,139.64,135.77,139.6
2025-12-22 10:00:00,139.6,141.2,138.12,140.88
2025-12-22 11:00:00,140.91,141.12,134.55,135.38
2025-12-22 12:00:00,135.41,136.94,134.88,136.33
2025-12-22 13:00:00,136.27,137.06,131.67,132.2
2025-12-22 14:00:00,132.25,135.42,132.25,133.62
2025-12-22 15:00:00,133.62,134.3,131.32,133.17
2025-12-22 16:00:00,133.24,136.04,133.06,135.69
2025-12-22 17:00:00,135.66,136.26,133.78,136.13
2025-12-22 18:00:00,136.17,136.96,133.18,133.52
2025-12-22 19:00:00,133.52,135.88,133.51,134.85
2025-12-22 20:00:00,134.78,135.92,133.3,135.26
2025-12-22 21:00:00,135.22,136.45,134.0,134.29
2025-12-22 22:00:00,134.26,140.32,133.85,138.59
2025-12-22 23:00:00,138.69,140.78,136.63,140.35
2025-12-23 00:00:00,140.3,141.21,138.51,138.91
2025-12-23 01:00:00,138.88,140.26,135.69,140.23
2025-12-23 02:00:00,140.24,140.71,138.79,139.02
2025-12-23 03:00:00,138.97,139.3,136.17,136.84
2025-12-23 04:00:00,136.78,138.94,135.8,138.16
2025-12-23 05:00:00,138.15,142.48,138.1,142.17
2025-12-23 06:00:00,142.22,142.22,136.74,136.98
2025-12-23 07:00:00,136.95,137.98,134.2,134.86
2025-12-23 08:00:00,134.85,137.94,134.53,136.79
2025-12-23 09:00:00,136.72,137.5,135.51,137.43
2025-12-23 10:00:00,137.45,138.12,135.04,135.49
2025-12-23 11:00:00,135.49,138.25,135.37,137.09
2025-12-23 12:00:00,137.07,138.3,133.79,135.99
2025-12-23 13:00:00,135.95,136.19,133.89,136.15
2025-12-23 14:00:00,136.17,137.27,134.49,136.55
2025-12-23 15:00:00,136.53,137.21,133.24,133.25
2025-12-23 16:00:00,133.21,137.45,133.21,136.89
2025-12-23 17:00:00,136.9,137.25,133.66,135.66
2025-12-23 18:00:00,135.63,136.25,130.66,132.44
2025-12-23 19:00:00,132.44,134.08,131.47,132.51
2025-12-23 20:00:00,132.48,135.72,132.13,134.42
2025-12-23 21:00:00,134.4,136.85,134.26,135.24
2025-12-23 22:00:00,135.28,137.41,134.79,136.09
2025-12-23 23:00:00,136.09,136.63,134.09,134.99
2025-12-24 00:00:00,134.99,136.24,132.9,133.88
2025-12-24 01:00:00,133.85,135.95,133.55,135.29
2025-12-24 02:00:00,135.35,138.04,134.54,137.95
2025-12-24 03:00:00,137.98,138.7,135.8,136.53
2025-12-24 04:00:00,136.58,138.59,135.84,138.12
2025-12-24 05:00:00,138.15,140.71,137.74,140.05
2025-12-24 06:00:00,140.11,140.91,138.64,140.65
2025-12-24 07:00:00,140.66,144.15,140.57,140.97
2025-12-24 08:00:00,141.01,141.18,137.83,139.68
2025-12-24 09:00:00,139.66,144.73,138.97,144.06
2025-12-24 10:00:00,144.05,148.33,143.76,148.22
2025-12-24 11:00:00,148.23,149.1,144.94,145.14
2025-12-24 12:00:00,145.12,152.71,144.76,151.37
2025-12-24 13:00:00,151.38,154.15,151.38,152.13
2025-12-24 14:00:00,152.15,156.31,151.64,156.12
2025-12-24 15:00:00,156.13,157.74,155.08,156.79
2025-12-24 16:00:00,156.74,158.39,153.18,153.72
2025-12-24 17:00:00,153.74,156.38,153.38,154.3
2025-12-24 18:00:00,154.25,157.34,153.15,157.12
2025-12-24 19:00:00,157.02,157.8,154.88,155.71
2025-12-24 20:00:00,155.71,157.32,153.34,154.34
2025-12-24 21:00:00,154.31,157.53,153.11,156.58
2025-12-24 22:00:00,156.58,157.16,154.66,156.81
2025-12-24 23:00:00,156.8,156.8,151.82,153.35
2025-12-25 00:00:00,153.29,153.77,151.35,153.15
2025-12-25 01:00:00,153.17,155.45,153.05,154.65
2025-12-25 02:00:00,154.68,155.16,150.61,152.18
2025-12-25 03:00:00,152.19,153.17,150.97,151.3
2025-12-25 04:00:00,151.25,151.9,149.32,151.13
2025-12-25 05:00:00,151.1,153.47,147.9,153.09
2025-12-25 06:00:00,153.06,153.1,148.75,149.28
2025-12-25 07:00:00,149.3,149.55,143.16,143.66
2025-12-25 08:00:00,143.68,144.36,141.75,143.39
2025-12-25 09:00:00,143.42,145.19,142.09,142.41
2025-12-25 10:00:00,142.38,145.08,141.99,143.93
2025-12-25 11:00:00,144.0,146.47,143.43,144.24
2025-12-25 12:00:00,144.28,146.31,142.97,145.86
2025-12-25 13:00:00,145.88,148.63,144.57,147.98
2025-12-25 14:00:00,148.01,149.23,146.4,148.96
2025-12-25 15:00:00,148.93,150.66,147.59,149.43
2025-12-25 16:00:00,149.5,151.17,148.13,150.83
2025-12-25 17:00:00,150.8,152.37,150.1,152.17
2025-12-25 18:00:00,152.15,154.24,151.45,152.92
2025-12-25 19:00:00,152.87,155.01,151.22,153.61
2025-12-25 20:00:00,153.63,154.44,151.21,154.18
2025-12-25 21:00:00,154.15,156.11,152.61,155.22
2025-12-25 22:00:00,155.23,158.32,151.76,156.44
2025-12-25 23:00:00,156.45,157.19,153.74,156.88
2025-12-26 00:00:00,156.89,161.07,156.54,157.44
2025-12-26 01:00:00,157.5,158.96,156.07,157.49
2025-12-26 02:00:00,157.57,160.04,155.32,159.87
2025-12-26 03:00:00,159.87,163.04,157.69,162.76
2025-12-26 04:00:00,162.77,163.84,160.17,161.98
2025-12-26 05:00:00,161.94,163.41,160.39,163.24
2025-12-26 06:00:00,163.24,166.81,161.7,166.6
2025-12-26 07:00:00,166.57,169.88,166.07,169.69
2025-12-26 08:00:00,169.66,171.08,166.43,167.09
2025-12-26 09:00:00,167.06,167.66,162.22,162.79
2025-12-26 10:00:00,162.75,170.46,161.0,170.24
2025-12-26 11:00:00,170.23,175.23,170.04,171.45
2025-12-26 12:00:00,171.51,171.79,168.23,170.87
2025-12-26 13:00:00,170.91,171.65,165.83,165.96
2025-12-26 14:00:00,165.93,166.88,162.35,162.62
2025-12-26 15:00:00,162.68,165.1,160.02,162.52
2025-12-26 16:00:00,162.42,162.49,159.58,159.63
2025-12-26 17:00:00,159.64,161.85,159.34,161.23
2025-12-26 18:00:00,161.29,162.48,160.02,160.27
2025-12-26 19:00:00,160.29,163.3,158.69,163.3
2025-12-26 20:00:00,163.36,165.03,161.14,163.28
2025-12-26 21:00:00,163.26,164.07,159.35,160.41
2025-12-26 22:00:00,160.41,160.95,157.91,160.18
2025-12-26 23:00:00,160.17,163.66,158.78,163.13
2025-12-27 00:00:00,163.15,164.21,159.64,159.96
2025-12-27 01:00:00,159.92,167.37,159.92,164.62
2025-12-27 02:00:00,164.62,172.58,164.35,171.02
2025-12-27 03:00:00,170.96,173.48,168.52,169.85
2025-12-27 04:00:00,169.83,173.29,169.54,170.46
2025-12-27 05:00:00,170.43,174.75,169.53,174.51
2025-12-27 06:00:00,174.47,174.77,167.94,171.11
2025-12-27 07:00:00,171.11,176.03,170.83,172.91
2025-12-27 08:00:00,172.95,174.57,172.01,174.56
2025-12-27 09:00:00,174.59,175.19,171.87,173.22
2025-12-27 10:00:00,173.18,175.77,171.38,172.65
2025-12-27 11:00:00,172.64,174.28,170.96,171.43
2025-12-27 12:00:00,171.43,174.6,171.05,174.22
2025-12-27 13:00:00,174.21,174.81,172.22,172.35
2025-12-27 14:00:00,172.32,178.84,171.34,178.51
2025-12-27 15:00:00,178.44,179.13,175.81,176.23
2025-12-27 16:00:00,176.21,176.7,172.73,173.02
2025-12-27 17:00:00,173.06,173.99,170.62,171.04
2025-12-27 18:00:00,171.08,174.22,171.08,174.08
2025-12-27 19:00:00,174.07,176.77,173.66,175.83
2025-12-27 20:00:00,175.74,178.06,174.8,176.76
2025-12-27 21:00:00,176.81,178.04,175.09,176.76
2025-12-27 22:00:00,176.81,179.73,172.9,174.15
2025-12-27 23:00:00,174.12,174.21,171.03,174.11
2025-12-28 00:00:00,174.1,175.87,172.58,175.72
2025-12-28 01:00:00,175.71,178.63,174.1,177.84
2025-12-28 02:00:00,177.82,179.58,176.11,177.42
2025-12-28 03:00:00,177.37,179.01,175.12,177.51
2025-12-28 04:00:00,177.6,177.97,174.79,177.3
2025-12-28 05:00:00,177.33,180.73,174.38,180.09
2025-12-28 06:00:00,180.07,184.42,178.71,183.86
2025-12-28 07:00:00,183.92,184.24,179.66,180.31
2025-12-28 08:00:00,180.39,184.52,178.29,182.45
2025-12-28 09:00:00,182.42,183.8,179.78,180.12
2025-12-28 10:00:00,180.08,185.37,179.78,184.58
2025-12-28 11:00:00,184.56,184.98,180.49,181.04
2025-12-28 12:00:00,180.92,180.92,176.8,179.83
2025-12-28 13:00:00,179.87,179.89,177.59,178.61
2025-12-28 14:00:00,178.62,183.06,177.27,182.35
2025-12-28 15:00:00,182.33,184.63,181.34,182.63
2025-12-28 16:00:00,182.69,184.47,179.95,181.14
2025-12-28 17:00:00,181.04,181.68,178.92,180.39
2025-12-28 18:00:00,180.28,184.5,178.97,182.08
2025-12-28 19:00:00,182.07,182.92,179.9,180.99
2025-12-28 20:00:00,180.96,182.46,179.15,180.05
2025-12-28 21:00:00,180.02,180.15,177.71,179.28
2025-12-28 22:00:00,179.33,179.33,172.7,172.81
2025-12-28 23:00:00,172.85,173.11,169.58,170.88
2025-12-29 00:00:00,170.93,172.26,168.69,170.14
2025-12-29 01:00:00,170.17,170.61,165.18,165.56
2025-12-29 02:00:00,165.53,169.45,164.95,168.26
2025-12-29 03:00:00,168.27,171.0,167.34,169.22
2025-12-29 04:00:00,169.18,172.57,166.82,167.38
2025-12-29 05:00:00,167.31,169.53,166.36,166.53
2025-12-29 06:00:00,166.55,168.74,166.19,167.85
2025-12-29 07:00:00,167.8,169.36,166.22,167.97
2025-12-29 08:00:00,168.09,169.34,166.44,167.59
2025-12-29 09:00:00,167.66,168.83,163.61,164.41
2025-12-29 10:00:00,164.46,165.03,158.17,158.2
2025-12-29 11:00:00,158.22,161.95,157.96,160.1
2025-12-29 12:00:00,160.11,162.94,159.98,161.3
2025-12-29 13:00:00,161.29,162.94,159.69,161.5
2025-12-29 14:00:00,161.5,164.51,159.96,164.29
2025-12-29 15:00:00,164.31,165.39,161.42,162.98
2025-12-29 16:00:00,162.93,163.82,160.69,162.46
2025-12-29 17:00:00,162.47,164.77,160.93,162.85
2025-12-29 18:00:00,162.74,164.08,160.85,163.05
2025-12-29 19:00:00,163.15,167.08,162.57,165.48
2025-12-29 20:00:00,165.43,166.91,162.86,165.89
2025-12-29 21:00:00,165.86,173.32,164.79,173.06
2025-12-29 22:00:00,173.0,174.8,170.14,171.22
2025-12-29 23:00:00,171.15,172.46,168.65,168.87
2025-12-30 00:00:00,168.84,175.65,168.5,174.9
2025-12-30 01:00:00,174.87,175.94,173.37,174.42
2025-12-30 02:00:00,174.43,177.55,173.62,176.91
2025-12-30 03:00:00,176.83,180.87,176.78,179.83
2025-12-30 04:00:00,179.91,183.7,178.4,182.8
2025-12-30 05:00:00,182.82,183.8,179.41,180.09
2025-12-30 06:00:00,180.08,180.4,175.29,177.13
2025-12-30 07:00:00,177.19,178.95,173.88,178.46
2025-12-30 08:00:00,178.4,182.38,177.38,181.59
2025-12-30 09:00:00,181.63,185.33,180.98,183.41
2025-12-30 10:00:00,183.37,188.28,182.65,188.04
2025-12-30 11:00:00,188.0,189.52,186.62,188.02
2025-12-30 12:00:00,188.0,188.77,184.26,184.57
2025-12-30 13:00:00,184.58,188.25,182.52,188.17
2025-12-30 14:00:00,188.23,188.95,184.45,185.38
2025-12-30 15:00:00,185.39,189.24,185.05,188.38
2025-12-30 16:00:00,188.42,189.38,185.89,188.2
2025-12-30 17:00:00,188.13,188.13,179.3,180.53
2025-12-30 18:00:00,180.43,181.3,178.69,179.41
2025-12-30 19:00:00,179.36,179.36,174.56,175.87
2025-12-30 20:00:00,175.76,180.56,175.07,179.57
2025-12-30 21:00:00,179.6,180.97,177.74,180.03
2025-12-30 22:00:00,179.93,181.82,176.68,179.5
2025-12-30 23:00:00,179.52,181.84,178.43,181.29
2025-12-31 00:00:00,181.3,184.12,177.98,178.3
2025-12-31 01:00:00,178.35,178.78,174.76,177.61
2025-12-31 02:00:00,177.63,178.95,175.95,177.85
2025-12-31 03:00:00,177.8,182.24,175.81,179.59
2025-12-31 04:00:00,179.52,180.73,177.08,179.71
2025-12-31 05:00:00,179.7,185.2,179.38,183.68
2025-12-31 06:00:00,183.71,184.97,181.94,183.84
2025-12-31 07:00:00,183.8,185.49,181.95,184.63
2025-12-31 08:00:00,184.61,185.69,179.22,179.22
2025-12-31 09:00:00,179.28,182.98,177.63,182.36
2025-12-31 10:00:00,182.39,186.06,181.78,181.84
2025-12-31 11:00:00,181.86,183.79,178.99,179.08
2025-12-31 12:00:00,179.11,182.95,178.32,180.7
2025-12-31 13:00:00,180.72,183.74,179.09,182.38
2025-12-31 14:00:00,182.45,189.52,182.05,188.77
2025-12-31 15:00:00,188.91,188.97,183.51,184.97
2025-12-31 16:00:00,185.02,187.64,182.09,182.71
2025-12-31 17:00:00,182.63,185.78,181.49,185.67
2025-12-31 18:00:00,185.71,188.64,184.08,187.3
2025-12-31 19:00:00,187.21,187.6,183.34,184.46
2025-12-31 20:00:00,184.49,187.57,183.55,184.79
2025-12-31 21:00:00,184.85,186.86,182.71,185.65
2025-12-31 22:00:00,185.72,186.35,182.98,184.21
2025-12-31 23:00:00,184.26,185.1,179.69,180.0
2026-01-01 00:00:00,179.98,181.77,176.32,176.92
2026-01-01 01:00:00,176.93,179.64,175.25,177.75
2026-01-01 02:00:00,177.78,182.29,176.55,177.97
2026-01-01 03:00:00,177.97,178.31,173.15,174.66
2026-01-01 04:00:00,174.67,179.83,174.19,177.86
2026-01-01 05:00:00,177.83,178.53,175.61,176.94
2026-01-01 06:00:00,177.0,180.77,177.0,179.47
2026-01-01 07:00:00,179.55,181.82,178.42,178.89
2026-01-01 08:00:00,178.85,180.59,176.6,177.58
2026-01-01 09:00:00,177.58,179.31,176.29,176.97
2026-01-01 10:00:00,177.04,178.08,174.25,175.06
2026-01-01 11:00:00,174.96,176.52,173.85,176.21
2026-01-01 12:00:00,176.21,177.42,171.99,173.35
2026-01-01 13:00:00,173.4,173.53,166.76,166.8
2026-01-01 14:00:00,166.84,167.68,163.87,165.14
2026-01-01 15:00:00,165.13,167.77,164.6,167.71
2026-01-01 16:00:00,167.69,168.84,163.12,164.02
2026-01-01 17:00:00,163.99,165.95,163.19,165.6
2026-01-01 18:00:00,165.54,166.91,161.13,161.76
2026-01-01 19:00:00,161.77,164.29,159.59,160.73
2026-01-01 20:00:00,160.69,163.07,157.98,161.88
2026-01-01 21:00:00,161.91,162.79,158.76,158.97
2026-01-01 22:00:00,158.97,162.9,158.68,160.04
2026-01-01 23:00:00,160.01,164.83,159.67,164.22
2026-01-02 00:00:00,164.21,169.0,163.9,167.85
2026-01-02 01:00:00,167.79,171.38,166.86,168.28
2026-01-02 02:00:00,168.25,169.42,163.44,163.59
2026-01-02 03:00:00,163.62,163.83,160.36,162.71
2026-01-02 04:00:00,162.72,162.75,159.86,160.05
2026-01-02 05:00:00,160.05,160.28,154.14,154.39
2026-01-02 06:00:00,154.39,160.82,153.7,159.95
2026-01-02 07:00:00,159.91,165.33,159.57,164.96
2026-01-02 08:00:00,164.94,165.2,158.83,158.95
2026-01-02 09:00:00,158.93,160.73,158.36,160.13
2026-01-02 10:00:00,160.12,160.14,152.55,152.74
2026-01-02 11:00:00,152.74,155.61,151.18,151.36
2026-01-02 12:00:00,151.35,154.6,150.88,153.91
2026-01-02 13:00:00,153.9,157.44,153.81,156.52
2026-01-02 14:00:00,156.52,157.24,154.2,155.42
2026-01-02 15:00:00,155.54,156.57,153.83,154.01
2026-01-02 16:00:00,153.95,154.86,151.8,153.63
2026-01-02 17:00:00,153.65,154.9,150.98,151.94
2026-01-02 18:00:00,151.96,155.06,151.57,152.07
2026-01-02 19:00:00,152.11,155.71,151.86,155.19
2026-01-02 20:00:00,155.14,158.57,154.76,156.57
2026-01-02 21:00:00,156.57,158.96,154.44,158.1
2026-01-02 22:00:00,158.02,158.54,153.79,155.01
2026-01-02 23:00:00,154.99,156.3,153.31,153.93
2026-01-03 00:00:00,153.93,154.64,151.37,151.4
2026-01-03 01:00:00,151.38,151.77,146.23,148.13
2026-01-03 02:00:00,148.1,149.37,145.94,146.15
2026-01-03 03:00:00,146.25,146.63,143.35,146.42
2026-01-03 04:00:00,146.42,146.58,142.21,142.68
2026-01-03 05:00:00,142.63,145.86,142.17,142.89
2026-01-03 06:00:00,142.88,144.09,141.51,141.98
2026-01-03 07:00:00,141.94,144.93,140.72,143.48
2026-01-03 08:00:00,143.47,148.53,143.09,147.2
2026-01-03 09:00:00,147.25,149.12,145.41,145.51
2026-01-03 10:00:00,145.42,146.08,141.4,141.75
2026-01-03 11:00:00,141.66,141.79,137.16,137.88
2026-01-03 12:00:00,137.83,142.22,136.15,141.66
2026-01-03 13:00:00,141.63,142.86,138.43,138.79
2026-01-03 14:00:00,138.77,142.76,138.01,140.94
2026-01-03 15:00:00,140.96,143.21,140.72,142.36
2026-01-03 16:00:00,142.36,142.76,139.92,140.19
2026-01-03 17:00:00,140.25,141.99,139.35,141.87
2026-01-03 18:00:00,141.91,143.35,140.88,141.02
2026-01-03 19:00:00,141.1,141.42,133.89,134.11
2026-01-03 20:00:00,134.09,136.92,133.93,136.04
2026-01-03 21:00:00,136.03,138.95,135.41,138.95
2026-01-03 22:00:00,139.04,141.51,138.59,141.39
2026-01-03 23:00:00,141.41,146.49,141.29,145.03
2026-01-04 00:00:00,145.02,146.84,144.46,146.56
2026-01-04 01:00:00,146.6,147.92,144.61,145.27
2026-01-04 02:00:00,145.23,145.9,142.16,142.94
2026-01-04 03:00:00,142.96,146.36,142.37,145.69
2026-01-04 04:00:00,145.7,146.41,143.25,143.36
2026-01-04 05:00:00,143.33,143.43,138.59,138.71
2026-01-04 06:00:00,138.69,139.31,134.8,135.29
2026-01-04 07:00:00,135.26,136.52,134.26,134.58
2026-01-04 08:00:00,134.58,136.97,133.92,135.34
2026-01-04 09:00:00,135.27,136.31,132.86,133.47
2026-01-04 10:00:00,133.51,133.55,129.36,131.11
2026-01-04 11:00:00,131.15,131.19,127.81,129.86
2026-01-04 12:00:00,129.9,132.35,129.39,131.07
2026-01-04 13:00:00,131.1,132.15,126.7,127.12
2026-01-04 14:00:00,127.1,129.5,126.5,129.5
2026-01-04 15:00:00,129.45,132.48,127.71,131.75
2026-01-04 16:00:00,131.78,133.79,131.42,133.61
2026-01-04 17:00:00,133.61,137.09,133.36,136.66
2026-01-04 18:00:00,136.64,137.89,132.58,134.14
2026-01-04 19:00:00,134.14,134.9,131.36,131.56
2026-01-04 20:00:00,131.59,133.08,130.68,130.72
2026-01-04 21:00:00,130.73,131.77,129.46,130.63
2026-01-04 22:00:00,130.68,131.42,128.74,130.59
2026-01-04 23:00:00,130.62,130.9,126.99,128.48
2026-01-05 00:00:00,128.5,132.11,127.95,131.21
2026-01-05 01:00:00,131.21,134.9,130.33,134.24
2026-01-05 02:00:00,134.24,136.76,133.84,134.33
2026-01-05 03:00:00,134.3,136.93,133.94,136.34
2026-01-05 04:00:00,136.36,136.59,132.48,135.07
2026-01-05 05:00:00,135.03,135.98,127.73,128.06
2026-01-05 06:00:00,128.02,133.12,127.52,133.12
2026-01-05 07:00:00,133.16,134.62,132.95,134.14
2026-01-05 08:00:00,134.08,135.07,130.14,130.9
2026-01-05 09:00:00,130.84,134.5,130.42,132.8
2026-01-05 10:00:00,132.81,133.36,131.14,131.76
2026-01-05 11:00:00,131.81,132.06,128.8,129.6
2026-01-05 12:00:00,129.55,130.65,126.97,127.89
2026-01-05 13:00:00,127.89,129.58,126.13,129.34
2026-01-05 14:00:00,129.34,133.25,129.1,132.99
2026-01-05 15:00:00,132.92,135.34,131.45,132.98
2026-01-05 16:00:00,132.95,137.44,132.56,136.79
2026-01-05 17:00:00,136.8,138.11,135.9,137.43
2026-01-05 18:00:00,137.54,137.92,134.52,135.27
2026-01-05 19:00:00,135.24,135.45,133.47,133.88
2026-01-05 20:00:00,133.82,134.74,130.41,131.13
2026-01-05 21:00:00,131.11,133.03,129.5,133.02
2026-01-05 22:00:00,133.06,133.51,129.32,129.45
2026-01-05 23:00:00,129.41,133.56,129.02,132.67
2026-01-06 00:00:00,132.64,136.4,131.32,134.42
2026-01-06 01:00:00,134.48,135.84,132.79,133.68
2026-01-06 02:00:00,133.71,135.06,132.61,133.11
2026-01-06 03:00:00,133.11,134.47,132.2,132.2
2026-01-06 04:00:00,132.26,132.85,130.63,131.62
2026-01-06 05:00:00,131.64,132.24,129.55,130.98
2026-01-06 06:00:00,131.0,134.05,130.62,133.65
2026-01-06 07:00:00,133.65,134.3,132.21,132.43
2026-01-06 08:00:00,132.45,133.44,130.34,132.33
2026-01-06 09:00:00,132.24,132.5,128.14,128.92
2026-01-06 10:00:00,128.88,129.74,127.97,128.63
2026-01-06 11:00:00,128.63,128.82,126.56,127.75
2026-01-06 12:00:00,127.79,130.24,127.28,130.21
2026-01-06 13:00:00,130.17,131.3,128.27,131.22
2026-01-06 14:00:00,131.24,131.77,128.87,130.29
2026-01-06 15:00:00,130.3,131.5,128.29,130.33
2026-01-06 16:00:00,130.34,135.45,130.13,135.05
2026-01-06 17:00:00,135.01,137.13,135.01,135.72
2026-01-06 18:00:00,135.76,137.84,134.53,134.55
2026-01-06 19:00:00,134.55,136.4,132.89,133.04
2026-01-06 20:00:00,133.09,136.07,130.88,135.9
2026-01-06 21:00:00,135.92,136.03,131.97,132.55
2026-01-06 22:00:00,132.52,132.52,128.49,129.54
2026-01-06 23:00:00,129.55,130.57,126.43,127.81
2026-01-07 00:00:00,127.79,129.56,127.09,127.35
2026-01-07 01:00:00,127.39,127.77,123.26,123.36
2026-01-07 02:00:00,123.43,123.96,121.19,122.39
2026-01-07 03:00:00,122.36,127.31,122.19,126.33
2026-01-07 04:00:00,126.33,126.37,121.57,123.99
2026-01-07 05:00:00,124.02,125.68,122.87,125.01
2026-01-07 06:00:00,125.03,128.74,124.68,128.2
2026-01-07 07:00:00,128.18,128.87,126.97,127.21
2026-01-07 08:00:00,127.18,132.93,126.37,131.02
2026-01-07 09:00:00,131.05,131.16,127.08,128.05
2026-01-07 10:00:00,127.99,128.27,126.3,127.72
2026-01-07 11:00:00,127.7,128.71,125.58,125.81
2026-01-07 12:00:00,125.8,127.77,125.68,126.84
2026-01-07 13:00:00,126.87,127.04,121.62,121.75
2026-01-07 14:00:00,121.74,125.23,121.04,124.61
2026-01-07 15:00:00,124.57,125.95,122.78,123.46
2026-01-07 16:00:00,123.5,125.62,122.92,125.47
2026-01-07 17:00:00,125.51,126.61,124.21,126.57
2026-01-07 18:00:00,126.59,128.88,126.22,128.81
2026-01-07 19:00:00,128.82,129.36,127.1,127.61
2026-01-07 20:00:00,127.62,129.13,126.78,127.72
2026-01-07 21:00:00,127.68,128.71,125.01,125.37
2026-01-07 22:00:00,125.38,126.58,124.55,124.76
2026-01-07 23:00:00,124.7,126.73,122.83,123.67
2026-01-08 00:00:00,123.71,125.74,122.35,124.56
2026-01-08 01:00:00,124.52,126.48,123.81,123.85
2026-01-08 02:00:00,123.88,124.47,122.1,123.08
2026-01-08 03:00:00,123.06,124.73,122.22,123.91
2026-01-08 04:00:00,123.95,124.08,120.32,120.55
2026-01-08 05:00:00,120.53,122.19,119.64,120.94
2026-01-08 06:00:00,120.96,122.61,120.34,121.85
2026-01-08 07:00:00,121.87,123.65,121.51,123.0
2026-01-08 08:00:00,123.01,124.3,121.78,122.98
2026-01-08 09:00:00,122.93,124.72,122.83,124.71
2026-01-08 10:00:00,124.71,124.74,121.87,122.78
2026-01-08 11:00:00,122.82,123.75,121.95,123.28
2026-01-08 12:00:00,123.24,124.34,121.73,121.88
2026-01-08 13:00:00,121.85,124.74,120.55,124.03
2026-01-08 14:00:00,124.02,124.22,122.1,122.94
2026-01-08 15:00:00,122.92,123.73,121.23,122.03
2026-01-08 16:00:00,122.06,122.79,119.05,119.09
2026-01-08 17:00:00,119.1,119.17,116.64,117.76
2026-01-08 18:00:00,117.76,118.69,114.19,114.3
2026-01-08 19:00:00,114.37,115.38,112.13,113.38
2026-01-08 20:00:00,113.44,115.69,112.91,115.49
2026-01-08 21:00:00,115.5,116.38,114.17,115.47
2026-01-08 22:00:00,115.45,115.68,112.11,114.0
2026-01-08 23:00:00,113.97,116.39,113.2,116.07
2026-01-09 00:00:00,116.05,117.54,115.85,116.1
2026-01-09 01:00:00,116.11,116.67,113.88,114.27
2026-01-09 02:00:00,114.27,114.42,111.9,111.93
2026-01-09 03:00:00,111.93,112.3,110.63,112.0
2026-01-09 04:00:00,111.98,115.39,111.88,115.23
2026-01-09 05:00:00,115.22,115.48,112.92,113.17
2026-01-09 06:00:00,113.2,113.27,110.95,112.52
2026-01-09 07:00:00,112.56,114.52,111.95,112.26
2026-01-09 08:00:00,112.28,114.03,111.77,113.79
2026-01-09 09:00:00,113.76,115.22,113.02,114.18
2026-01-09 10:00:00,114.16,114.44,112.15,113.96
2026-01-09 11:00:00,113.95,115.15,112.92,113.42
2026-01-09 12:00:00,113.37,114.14,112.36,113.82
2026-01-09 13:00:00,113.85,114.03,111.25,111.89
2026-01-09 14:00:00,111.88,112.57,109.76,111.81
2026-01-09 15:00:00,111.81,111.89,109.5,111.2
2026-01-09 16:00:00,111.22,111.43,109.52,109.96
2026-01-09 17:00:00,109.95,110.45,107.57,107.95
2026-01-09 18:00:00,107.92,109.9,107.47,108.94
2026-01-09 19:00:00,108.9,109.77,106.18,109.77
2026-01-09 20:00:00,109.76,112.75,109.51,112.3
2026-01-09 21:00:00,112.32,112.93,110.55,112.07
2026-01-09 22:00:00,112.1,113.67,111.61,112.03
2026-01-09 23:00:00,112.02,115.22,111.53,114.65
2026-01-10 00:00:00,114.64,117.93,112.18,117.9
2026-01-10 01:00:00,117.89,119.9,117.85,119.64
2026-01-10 02:00:00,119.61,121.17,118.54,120.42
2026-01-10 03:00:00,120.36,121.78,118.27,118.4
2026-01-10 04:00:00,118.38,119.81,115.06,115.57
2026-01-10 05:00:00,115.65,115.79,112.72,114.39
2026-01-10 06:00:00,114.37,115.38,112.52,112.93
2026-01-10 07:00:00,112.88,113.27,111.78,112.9
2026-01-10 08:00:00,112.89,117.39,112.81,116.79
2026-01-10 09:00:00,116.78,117.34,115.08,117.34
2026-01-10 10:00:00,117.37,120.74,116.61,120.36
2026-01-10 11:00:00,120.33,120.6,118.92,120.22
2026-01-10 12:00:00,120.22,120.84,118.66,120.23
2026-01-10 13:00:00,120.26,122.75,119.71,120.6
2026-01-10 14:00:00,120.6,122.73,119.31,122.45
2026-01-10 15:00:00,122.48,122.59,119.78,120.01
2026-01-10 16:00:00,119.98,120.15,115.6,115.84
2026-01-10 17:00:00,115.88,119.04,115.82,118.88
2026-01-10 18:00:00,118.88,118.89,114.97,115.06
2026-01-10 19:00:00,115.09,115.98,113.6,114.96
2026-01-10 20:00:00,114.94,115.19,112.87,114.6
2026-01-10 21:00:00,114.59,115.93,113.86,114.21
2026-01-10 22:00:00,114.19,119.77,114.14,118.82
2026-01-10 23:00:00,118.75,120.29,118.39,120.0
2026-01-11 00:00:00,120.01,122.73,119.13,122.63
2026-01-11 01:00:00,122.67,123.32,121.34,121.57
2026-01-11 02:00:00,121.52,123.91,121.22,123.11
2026-01-11 03:00:00,123.14,123.88,120.37,123.64
2026-01-11 04:00:00,123.63,128.38,122.86,128.17
2026-01-11 05:00:00,128.23,129.6,126.91,128.45
2026-01-11 06:00:00,128.45,132.02,127.55,132.01
2026-01-11 07:00:00,131.97,134.39,131.58,133.89
2026-01-11 08:00:00,133.84,135.45,133.05,134.52
2026-01-11 09:00:00,134.55,135.1,132.2,133.62
2026-01-11 10:00:00,133.63,133.94,131.37,132.94
2026-01-11 11:00:00,133.0,133.09,130.48,132.86
2026-01-11 12:00:00,132.87,134.45,130.24,130.3
2026-01-11 13:00:00,130.36,131.14,127.77,129.63
2026-01-11 14:00:00,129.63,131.01,127.84,128.32
2026-01-11 15:00:00,128.31,130.59,127.26,129.97
2026-01-11 16:00:00,129.91,130.07,125.56,126.23
2026-01-11 17:00:00,126.22,128.14,125.47,128.0
2026-01-11 18:00:00,127.95,128.49,125.94,127.26
2026-01-11 19:00:00,127.27,128.78,125.85,125.87
2026-01-11 20:00:00,125.85,126.72,124.07,126.62
2026-01-11 21:00:00,126.58,128.37,125.55,127.56
2026-01-11 22:00:00,127.53,129.83,127.18,127.51
2026-01-11 23:00:00,127.48,128.79,126.17,127.69
2026-01-12 00:00:00,127.69,129.59,126.67,128.07
2026-01-12 01:00:00,128.09,128.93,126.95,128.21
2026-01-12 02:00:00,128.21,128.89,126.8,127.16
2026-01-12 03:00:00,127.14,128.64,125.69,126.95
2026-01-12 04:00:00,126.95,128.18,125.74,127.72
2026-01-12 05:00:00,127.78,129.45,127.34,127.5
2026-01-12 06:00:00,127.45,128.82,125.6,128.16
2026-01-12 07:00:00,128.15,132.7,127.57,131.18
2026-01-12 08:00:00,131.18,134.11,130.83,133.16
2026-01-12 09:00:00,133.11,134.0,130.68,130.9
2026-01-12 10:00:00,130.9,132.66,129.09,132.44
2026-01-12 11:00:00,132.49,132.54,128.04,128.35
2026-01-12 12:00:00,128.39,128.8,124.46,126.28
2026-01-12 13:00:00,126.3,127.94,125.91,127.71
2026-01-12 14:00:00,127.71,129.33,127.23,128.82
2026-01-12 15:00:00,128.82,132.28,127.81,132.28
2026-01-12 16:00:00,132.29,132.63,129.36,130.44
2026-01-12 17:00:00,130.43,132.61,129.27,129.54
2026-01-12 18:00:00,129.54,132.02,127.06,128.38
2026-01-12 19:00:00,128.4,130.37,127.99,128.89
2026-01-12 20:00:00,128.92,129.06,126.97,127.13
2026-01-12 21:00:00,127.12,127.2,123.26,123.36
2026-01-12 22:00:00,123.35,123.45,120.22,122.29
2026-01-12 23:00:00,122.33,123.14,119.34,122.61
2026-01-13 00:00:00,122.61,123.01,120.73,121.2
2026-01-13 01:00:00,121.18,123.57,120.18,121.65
2026-01-13 02:00:00,121.68,122.75,120.24,120.4
2026-01-13 03:00:00,120.42,120.72,117.73,119.29
2026-01-13 04:00:00,119.28,119.4,114.54,114.54
2026-01-13 05:00:00,114.56,119.25,114.56,118.98
2026-01-13 06:00:00,119.02,119.47,116.49,117.37
2026-01-13 07:00:00,117.33,117.89,116.31,117.31
2026-01-13 08:00:00,117.34,117.64,116.29,116.99
2026-01-13 09:00:00,116.96,117.3,115.55,116.5
2026-01-13 10:00:00,116.5,116.79,114.82,116.13
2026-01-13 11:00:00,116.1,116.27,114.25,115.17
2026-01-13 12:00:00,115.17,117.41,114.73,116.46
2026-01-13 13:00:00,116.52,118.02,114.27,115.31
2026-01-13 14:00:00,115.27,117.4,112.8,117.08
2026-01-13 15:00:00,117.06,120.35,116.53,120.16
2026-01-13 16:00:00,120.15,120.67,119.08,119.52
2026-01-13 17:00:00,119.52,122.29,119.36,121.65
2026-01-13 18:00:00,121.56,124.05,120.54,121.3
2026-01-13 19:00:00,121.28,121.34,119.17,119.79
2026-01-13 20:00:00,119.77,121.71,119.3,121.14
2026-01-13 21:00:00,121.14,121.14,119.02,120.34
2026-01-13 22:00:00,120.31,120.68,118.45,119.64
2026-01-13 23:00:00,119.68,120.51,118.3,118.81
2026-01-14 00:00:00,118.84,121.73,118.71,121.1
2026-01-14 01:00:00,121.09,121.73,118.88,119.62
2026-01-14 02:00:00,119.65,119.78,116.99,118.3
2026-01-14 03:00:00,118.27,118.29,115.96,117.34
2026-01-14 04:00:00,117.36,117.39,115.6,116.29
2026-01-14 05:00:00,116.3,118.77,115.4,117.93
2026-01-14 06:00:00,117.95,119.15,116.11,116.3
2026-01-14 07:00:00,116.28,117.5,114.3,114.44
2026-01-14 08:00:00,114.41,114.5,111.43,112.15
2026-01-14 09:00:00,112.13,113.82,110.89,113.71
2026-01-14 10:00:00,113.7,114.71,112.74,114.31
2026-01-14 11:00:00,114.33,117.98,114.25,116.24
2026-01-14 12:00:00,116.29,117.63,115.64,116.18
2026-01-14 13:00:00,116.2,118.05,115.61,117.33
2026-01-14 14:00:00,117.4,120.79,117.27,120.48
2026-01-14 15:00:00,120.47,120.96,118.3,118.54
2026-01-14 16:00:00,118.53,119.62,117.15,119.5
2026-01-14 17:00:00,119.45,123.44,119.2,123.09
2026-01-14 18:00:00,123.1,124.22,122.34,123.19
2026-01-14 19:00:00,123.17,123.29,119.25,119.31
2026-01-14 20:00:00,119.34,120.22,117.83,119.7
2026-01-14 21:00:00,119.7,121.47,119.26,119.79
2026-01-14 22:00:00,119.83,120.0,117.0,118.85
2026-01-14 23:00:00,118.89,119.51,116.98,118.59
2026-01-15 00:00:00,118.55,120.26,118.47,120.23
2026-01-15 01:00:00,120.23,120.32,116.03,117.7
2026-01-15 02:00:00,117.75,120.17,116.84,120.17
2026-01-15 03:00:00,120.17,123.52,119.83,121.9
2026-01-15 04:00:00,121.87,123.07,118.52,118.68
2026-01-15 05:00:00,118.63,120.7,117.78,120.06
2026-01-15 06:00:00,120.04,121.46,119.41,119.92
2026-01-15 07:00:00,119.94,119.97,118.29,119.22
2026-01-15 08:00:00,119.18,119.82,116.05,116.46
2026-01-15 09:00:00,116.46,117.32,113.75,115.46
2026-01-15 10:00:00,115.45,117.01,114.06,116.57
2026-01-15 11:00:00,116.6,117.09,111.54,111.94
2026-01-15 12:00:00,111.93,113.28,111.05,111.61
2026-01-15 13:00:00,111.6,114.27,111.56,113.26
2026-01-15 14:00:00,113.24,113.88,111.49,113.67
2026-01-15 15:00:00,113.62,114.77,112.18,114.64
2026-01-15 16:00:00,114.65,115.48,113.08,114.33
2026-01-15 17:00:00,114.38,116.97,113.91,116.38
2026-01-15 18:00:00,116.35,117.59,115.89,116.21
2026-01-15 19:00:00,116.17,116.25,111.52,111.61
2026-01-15 20:00:00,111.61,113.17,111.05,111.36
2026-01-15 21:00:00,111.33,114.34,110.94,113.48
2026-01-15 22:00:00,113.44,116.62,112.39,115.74
2026-01-15 23:00:00,115.76,116.32,114.86,115.56
2026-01-16 00:00:00,115.56,117.27,114.95,116.05
2026-01-16 01:00:00,116.02,117.67,114.78,114.97
2026-01-16 02:00:00,114.92,116.72,114.47,115.61
2026-01-16 03:00:00,115.64,115.71,112.09,112.44
2026-01-16 04:00:00,112.46,113.22,110.25,110.63
2026-01-16 05:00:00,110.63,111.77,109.3,110.0
2026-01-16 06:00:00,110.01,110.03,106.52,106.53
2026-01-16 07:00:00,106.56,107.57,105.22,106.85
2026-01-16 08:00:00,106.83,107.83,105.69,106.79
2026-01-16 09:00:00,106.82,108.07,105.99,107.96
2026-01-16 10:00:00,107.96,108.97,105.51,105.84
2026-01-16 11:00:00,105.82,107.68,105.62,106.46
2026-01-16 12:00:00,106.48,106.97,103.81,106.61
2026-01-16 13:00:00,106.6,108.59,106.41,106.97
2026-01-16 14:00:00,107.0,108.62,106.13,106.15
2026-01-16 15:00:00,106.14,109.08,105.84,107.84
2026-01-16 16:00:00,107.87,108.44,106.08,106.23
2026-01-16 17:00:00,106.23,107.66,105.89,106.57
2026-01-16 18:00:00,106.57,109.01,106.42,107.54
2026-01-16 19:00:00,107.52,109.15,105.45,108.98
2026-01-16 20:00:00,109.01,109.61,108.25,108.65
2026-01-16 21:00:00,108.61,110.14,107.34,108.99
2026-01-16 22:00:00,109.02,109.99,107.23,108.9
2026-01-16 23:00:00,108.94,109.76,107.61,109.76
2026-01-17 00:00:00,109.75,111.57,109.2,111.37
2026-01-17 01:00:00,111.35,112.08,110.14,111.32
2026-01-17 02:00:00,111.33,113.68,110.43,113.43
2026-01-17 03:00:00,113.38,115.16,111.57,114.33
2026-01-17 04:00:00,114.37,116.8,113.52,116.32
2026-01-17 05:00:00,116.34,116.61,111.79,112.56
2026-01-17 06:00:00,112.55,112.55,108.68,109.84
2026-01-17 07:00:00,109.87,110.0,107.05,108.15
2026-01-17 08:00:00,108.18,109.4,105.84,107.08
2026-01-17 09:00:00,107.05,107.72,106.28,106.99
2026-01-17 10:00:00,107.0,107.91,105.83,106.05
2026-01-17 11:00:00,106.09,106.83,105.12,105.87
2026-01-17 12:00:00,105.86,108.03,105.45,107.41
2026-01-17 13:00:00,107.4,110.45,107.0,109.52
2026-01-17 14:00:00,109.48,114.4,108.73,113.3
2026-01-17 15:00:00,113.3,114.24,112.32,112.43
2026-01-17 16:00:00,112.41,113.0,110.12,110.79
2026-01-17 17:00:00,110.79,112.98,109.74,112.48
2026-01-17 18:00:00,112.5,114.99,112.39,114.97
2026-01-17 19:00:00,114.92,115.2,111.89,113.31
2026-01-17 20:00:00,113.31,113.31,108.83,108.86
2026-01-17 21:00:00,108.93,110.96,108.74,109.34
2026-01-17 22:00:00,109.31,109.97,106.65,108.05
2026-01-17 23:00:00,108.01,109.74,107.09,107.49
2026-01-18 00:00:00,107.49,107.91,106.52,107.01
2026-01-18 01:00:00,107.01,109.9,106.05,109.47
2026-01-18 02:00:00,109.5,111.46,108.52,109.84
2026-01-18 03:00:00,109.86,110.31,107.76,108.58
2026-01-18 04:00:00,108.59,110.16,108.12,108.91
2026-01-18 05:00:00,108.89,109.71,107.27,108.03
2026-01-18 06:00:00,107.97,111.12,107.97,110.8
2026-01-18 07:00:00,110.76,111.05,109.23,110.67
2026-01-18 08:00:00,110.67,112.19,109.73,110.28
2026-01-18 09:00:00,110.27,110.72,108.33,108.43
2026-01-18 10:00:00,108.5,109.05,106.56,108.06
2026-01-18 11:00:00,108.04,108.92,106.39,108.42
2026-01-18 12:00:00,108.37,111.18,108.3,110.57
2026-01-18 13:00:00,110.58,110.72,109.06,109.92
2026-01-18 14:00:00,109.93,110.23,106.9,107.26
2026-01-18 15:00:00,107.28,109.27,106.28,108.14
2026-01-18 16:00:00,108.14,108.72,106.68,108.13
2026-01-18 17:00:00,108.18,108.44,105.79,107.55
2026-01-18 18:00:00,107.53,109.41,106.83,108.25
2026-01-18 19:00:00,108.25,108.55,106.02,106.04
2026-01-18 20:00:00,106.04,107.74,105.7,106.57
2026-01-18 21:00:00,106.6,109.1,105.91,108.91
2026-01-18 22:00:00,108.96,109.29,104.89,105.0
2026-01-18 23:00:00,104.93,106.29,104.67,106.03
2026-01-19 00:00:00,106.03,107.06,104.69,106.39
2026-01-19 01:00:00,106.38,106.88,105.06,105.06
2026-01-19 02:00:00,105.05,106.26,104.63,106.19
2026-01-19 03:00:00,106.2,106.78,103.47,104.56
2026-01-19 04:00:00,104.58,105.59,103.93,104.39
2026-01-19 05:00:00,104.42,104.69,103.26,103.64
2026-01-19 06:00:00,103.6,105.52,102.82,103.66
2026-01-19 07:00:00,103.68,103.73,100.92,101.58
2026-01-19 08:00:00,101.6,102.14,99.67,100.27
2026-01-19 09:00:00,100.26,101.59,99.91,100.99
2026-01-19 10:00:00,101.01,101.95,99.48,101.81
2026-01-19 11:00:00,101.84,103.62,100.91,103.62
2026-01-19 12:00:00,103.63,105.63,102.16,105.58
2026-01-19 13:00:00,105.57,106.38,103.4,103.48
2026-01-19 14:00:00,103.5,105.04,102.23,104.69
2026-01-19 15:00:00,104.72,105.45,102.56,103.3
2026-01-19 16:00:00,103.35,104.72,103.08,104.05
2026-01-19 17:00:00,104.09,104.44,101.09,101.2
2026-01-19 18:00:00,101.19,102.53,99.67,102.44
2026-01-19 19:00:00,102.39,103.04,100.42,102.36
2026-01-19 20:00:00,102.38,107.3,102.33,106.42
2026-01-19 21:00:00,106.45,107.15,105.25,106.33
2026-01-19 22:00:00,106.35,108.05,106.14,107.72
2026-01-19 23:00:00,107.73,110.86,107.27,109.1
2026-01-20 00:00:00,109.06,110.14,108.4,109.09
2026-01-20 01:00:00,109.08,111.26,108.05,111.06
2026-01-20 02:00:00,111.03,112.33,110.36,111.23
2026-01-20 03:00:00,111.22,113.04,111.04,112.73
2026-01-20 04:00:00,112.79,118.44,112.44,118.37
2026-01-20 05:00:00,118.34,119.05,117.16,117.79
2026-01-20 06:00:00,117.82,118.14,115.98,116.39
2026-01-20 07:00:00,116.45,116.45,112.71,113.59
2026-01-20 08:00:00,113.58,115.7,113.1,113.99
2026-01-20 09:00:00,114.02,115.9,112.65,115.54
2026-01-20 10:00:00,115.52,116.7,114.9,116.61
2026-01-20 11:00:00,116.6,118.19,114.87,115.7
2026-01-20 12:00:00,115.68,118.67,115.27,118.13
2026-01-20 13:00:00,118.14,119.62,115.78,116.13
2026-01-20 14:00:00,116.12,117.81,115.66,116.46
2026-01-20 15:00:00,116.44,118.02,115.19,117.87
2026-01-20 16:00:00,117.87,117.98,114.67,114.76
2026-01-20 17:00:00,114.76,114.95,112.2,114.18
2026-01-20 18:00:00,114.11,114.2,111.61,111.75
2026-01-20 19:00:00,111.74,111.82,109.06,109.87
2026-01-20 20:00:00,109.88,111.48,108.87,109.01
2026-01-20 21:00:00,108.99,110.69,106.58,106.73
2026-01-20 22:00:00,106.73,107.81,105.65,106.95
2026-01-20 23:00:00,106.98,109.52,106.43,109.31
2026-01-21 00:00:00,109.34,111.27,108.77,111.15
2026-01-21 01:00:00,111.13,111.32,107.88,108.91
2026-01-21 02:00:00,108.87,109.45,107.09,107.38
2026-01-21 03:00:00,107.39,109.5,107.13,108.77
2026-01-21 04:00:00,108.72,109.23,107.4,108.54
2026-01-21 05:00:00,108.56,108.74,104.65,105.02
2026-01-21 06:00:00,104.96,105.02,103.14,103.33
2026-01-21 07:00:00,103.37,103.96,102.6,103.89
2026-01-21 08:00:00,103.84,107.04,103.35,105.36
2026-01-21 09:00:00,105.37,105.79,103.65,104.25
2026-01-21 10:00:00,104.24,104.66,102.93,103.23
2026-01-21 11:00:00,103.25,103.73,100.97,102.58
2026-01-21 12:00:00,102.53,104.64,102.36,104.51
2026-01-21 13:00:00,104.54,106.59,103.39,106.3
2026-01-21 14:00:00,106.3,109.48,106.28,109.25
2026-01-21 15:00:00,109.26,109.52,107.06,107.99
2026-01-21 16:00:00,107.92,108.42,105.32,106.11
2026-01-21 17:00:00,106.13,107.13,105.66,105.88
2026-01-21 18:00:00,105.86,108.03,105.81,107.22
2026-01-21 19:00:00,107.22,107.69,104.42,105.04
2026-01-21 20:00:00,105.08,106.23,103.71,106.07
2026-01-21 21:00:00,106.06,106.96,104.7,105.56
2026-01-21 22:00:00,105.58,107.43,103.64,107.26
2026-01-21 23:00:00,107.19,108.69,106.19,108.67
2026-01-22 00:00:00,108.67,108.94,106.31,107.9
2026-01-22 01:00:00,107.85,111.38,107.71,111.11
2026-01-22 02:00:00,111.09,114.37,111.05,113.68
2026-01-22 03:00:00,113.66,114.79,113.27,114.3
2026-01-22 04:00:00,114.3,116.59,113.35,116.5
2026-01-22 05:00:00,116.43,117.07,115.29,116.29
2026-01-22 06:00:00,116.28,117.52,115.07,116.84
2026-01-22 07:00:00,116.82,117.33,114.3,115.27
2026-01-22 08:00:00,115.29,116.08,114.15,115.18
2026-01-22 09:00:00,115.17,115.32,111.23,111.45
2026-01-22 10:00:00,111.45,112.97,110.73,111.99
2026-01-22 11:00:00,112.01,112.67,110.55,111.03
2026-01-22 12:00:00,111.03,111.14,107.82,108.06
2026-01-22 13:00:00,108.09,109.73,107.79,109.53
2026-01-22 14:00:00,109.52,110.2,107.5,108.23
2026-01-22 15:00:00,108.32,109.9,108.01,108.14
2026-01-22 16:00:00,108.08,109.04,107.23,108.89
2026-01-22 17:00:00,108.88,112.11,107.08,111.96
2026-01-22 18:00:00,111.95,115.0,111.16,114.42
2026-01-22 19:00:00,114.42,116.79,113.92,116.42
2026-01-22 20:00:00,116.41,117.16,112.73,112.74
2026-01-22 21:00:00,112.72,113.0,109.96,110.15
2026-01-22 22:00:00,110.16,110.45,106.61,108.11
2026-01-22 23:00:00,108.12,109.67,106.05,107.12
2026-01-23 00:00:00,107.19,107.3,105.06,106.77
2026-01-23 01:00:00,106.75,107.71,104.37,104.51
2026-01-23 02:00:00,104.49,104.65,101.14,102.76
2026-01-23 03:00:00,102.78,104.04,102.08,103.76
2026-01-23 04:00:00,103.77,103.77,101.33,102.7
2026-01-23 05:00:00,102.73,105.76,102.23,105.52
2026-01-23 06:00:00,105.53,105.6,102.77,104.07
2026-01-23 07:00:00,104.11,104.52,102.56,103.38
2026-01-23 08:00:00,103.33,104.53,102.38,102.78
2026-01-23 09:00:00,102.75,104.08,102.33,103.77
2026-01-23 10:00:00,103.74,104.05,101.59,103.72
2026-01-23 11:00:00,103.76,104.72,103.51,103.7
2026-01-23 12:00:00,103.72,104.21,102.84,103.47
2026-01-23 13:00:00,103.52,103.83,101.64,101.66
2026-01-23 14:00:00,101.65,106.52,101.56,106.41
2026-01-23 15:00:00,106.39,107.2,105.34,106.45
2026-01-23 16:00:00,106.46,107.32,104.93,106.04
2026-01-23 17:00:00,106.07,107.17,105.47,106.78
2026-01-23 18:00:00,106.8,107.8,105.29,105.66
2026-01-23 19:00:00,105.64,105.92,103.9,104.65
2026-01-23 20:00:00,104.64,105.05,102.21,102.24
2026-01-23 21:00:00,102.27,104.36,101.33,103.27
2026-01-23 22:00:00,103.29,104.88,102.75,104.77
2026-01-23 23:00:00,104.72,106.93,104.36,106.46
2026-01-24 00:00:00,106.38,106.97,104.31,105.84
2026-01-24 01:00:00,105.79,109.08,105.53,108.73
2026-01-24 02:00:00,108.74,109.22,105.31,105.49
2026-01-24 03:00:00,105.5,105.94,104.25,104.54
2026-01-24 04:00:00,104.52,104.52,102.12,102.64
2026-01-24 05:00:00,102.66,104.87,102.6,104.12
2026-01-24 06:00:00,104.1,104.26,102.21,104.19
2026-01-24 07:00:00,104.24,106.11,104.0,104.09
2026-01-24 08:00:00,104.12,104.42,102.13,102.52
2026-01-24 09:00:00,102.52,102.72,99.87,100.56
2026-01-24 10:00:00,100.57,101.37,98.56,98.57
2026-01-24 11:00:00,98.53,100.88,98.28,99.1
2026-01-24 12:00:00,99.13,99.13,95.47,95.85
2026-01-24 13:00:00,95.88,98.94,95.74,97.98
2026-01-24 14:00:00,97.94,99.03,96.79,98.83
2026-01-24 15:00:00,98.88,99.84,97.43,97.69
2026-01-24 16:00:00,97.69,97.83,96.38,96.91
2026-01-24 17:00:00,96.93,97.69,96.1,96.45
2026-01-24 18:00:00,96.43,97.8,96.32,96.81
2026-01-24 19:00:00,96.84,96.96,93.31,93.66
2026-01-24 20:00:00,93.66,94.16,92.36,93.91
2026-01-24 21:00:00,93.9,96.0,93.26,94.3
2026-01-24 22:00:00,94.3,95.12,93.24,93.65
2026-01-24 23:00:00,93.65,94.33,92.35,93.7
2026-01-25 00:00:00,93.68,94.1,92.09,94.0
2026-01-25 01:00:00,93.98,96.19,93.94,96.03
2026-01-25 02:00:00,96.03,96.47,95.09,95.69
2026-01-25 03:00:00,95.69,97.3,94.92,96.37
2026-01-25 04:00:00,96.4,97.76,95.54,97.31
2026-01-25 05:00:00,97.3,98.37,96.86,97.69
2026-01-25 06:00:00,97.7,98.83,97.18,98.36
2026-01-25 07:00:00,98.36,98.67,96.47,97.69
2026-01-25 08:00:00,97.72,98.24,96.18,96.38
2026-01-25 09:00:00,96.34,98.13,95.97,98.01
2026-01-25 10:00:00,98.01,98.42,96.63,96.99
2026-01-25 11:00:00,96.95,98.38,96.89,97.83
2026-01-25 12:00:00,97.83,99.44,97.26,98.01
2026-01-25 13:00:00,98.05,99.31,96.26,96.44
2026-01-25 14:00:00,96.44,97.88,94.84,95.55
2026-01-25 15:00:00,95.55,96.56,94.92,96.44
2026-01-25 16:00:00,96.46,96.82,95.49,95.54
2026-01-25 17:00:00,95.52,96.99,94.35,96.93
2026-01-25 18:00:00,96.96,98.24,95.18,96.79
2026-01-25 19:00:00,96.8,97.41,95.43,95.9
2026-01-25 20:00:00,95.85,96.35,94.47,95.75
2026-01-25 21:00:00,95.75,97.02,95.67,96.11
2026-01-25 22:00:00,96.1,98.08,94.65,97.27
2026-01-25 23:00:00,97.23,97.52,95.71,96.95
2026-01-26 00:00:00,96.93,97.0,94.37,95.47
2026-01-26 01:00:00,95.46,95.96,92.89,94.51
2026-01-26 02:00:00,94.5,95.52,93.59,95.29
2026-01-26 03:00:00,95.27,95.37,92.44,93.01
2026-01-26 04:00:00,92.99,93.37,90.68,90.89
2026-01-26 05:00:00,90.88,91.42,90.23,90.45
2026-01-26 06:00:00,90.42,92.53,90.28,92.44
2026-01-26 07:00:00,92.46,94.83,92.38,94.59
2026-01-26 08:00:00,94.61,95.69,94.13,94.53
2026-01-26 09:00:00,94.52,94.71,93.32,94.12
2026-01-26 10:00:00,94.16,95.05,92.72,93.56
2026-01-26 11:00:00,93.57,96.85,93.4,96.53
2026-01-26 12:00:00,96.5,99.53,96.3,98.63
2026-01-26 13:00:00,98.68,98.94,97.08,98.33
2026-01-26 14:00:00,98.31,99.78,97.55,97.79
2026-01-26 15:00:00,97.8,98.7,97.34,97.58
2026-01-26 16:00:00,97.59,100.01,97.44,99.65
2026-01-26 17:00:00,99.67,103.88,99.59,103.36
2026-01-26 18:00:00,103.4,104.31,101.72,103.05
2026-01-26 19:00:00,103.05,104.9,102.68,102.86
2026-01-26 20:00:00,102.83,103.0,101.45,101.58
2026-01-26 21:00:00,101.62,102.09,99.22,99.73
2026-01-26 22:00:00,99.76,101.35,98.46,101.12
2026-01-26 23:00:00,101.12,102.77,100.07,100.89
2026-01-27 00:00:00,100.93,101.71,100.02,100.83
2026-01-27 01:00:00,100.89,100.89,98.81,100.72
2026-01-27 02:00:00,100.72,100.89,97.77,97.81
2026-01-27 03:00:00,97.83,99.19,97.54,97.71
2026-01-27 04:00:00,97.72,99.37,97.48,98.25
2026-01-27 05:00:00,98.25,98.75,97.02,97.68
2026-01-27 06:00:00,97.66,98.51,94.35,94.63
2026-01-27 07:00:00,94.66,95.58,94.25,95.0
2026-01-27 08:00:00,94.99,97.58,94.55,95.37
2026-01-27 09:00:00,95.35,95.35,93.17,93.45
2026-01-27 10:00:00,93.47,94.99,92.99,93.14
2026-01-27 11:00:00,93.14,93.61,90.78,91.2
2026-01-27 12:00:00,91.21,91.67,89.87,90.95
2026-01-27 13:00:00,90.98,91.66,90.4,90.84
2026-01-27 14:00:00,90.84,92.79,90.44,92.21
2026-01-27 15:00:00,92.23,95.7,92.17,95.32
2026-01-27 16:00:00,95.27,96.72,94.4,95.79
2026-01-27 17:00:00,95.8,97.29,95.32,96.4
2026-01-27 18:00:00,96.44,98.61,96.44,98.36
2026-01-27 19:00:00,98.36,98.88,97.01,98.55
2026-01-27 20:00:00,98.55,101.59,97.32,100.69
2026-01-27 21:00:00,100.7,103.06,100.67,101.29
2026-01-27 22:00:00,101.3,103.87,101.0,103.76
2026-01-27 23:00:00,103.73,104.5,102.95,104.16
2026-01-28 00:00:00,104.19,106.98,103.88,106.46
2026-01-28 01:00:00,106.49,107.31,105.37,106.49
2026-01-28 02:00:00,106.45,107.67,105.06,107.21
2026-01-28 03:00:00,107.2,108.35,105.59,106.38
2026-01-28 04:00:00,106.38,106.57,104.08,105.17
2026-01-28 05:00:00,105.14,107.63,105.0,106.17
2026-01-28 06:00:00,106.1,106.53,103.4,103.82
2026-01-28 07:00:00,103.79,104.36,100.09,100.49
2026-01-28 08:00:00,100.44,103.84,100.34,102.06
2026-01-28 09:00:00,102.03,103.98,101.66,102.27
2026-01-28 10:00:00,102.3,104.83,102.12,104.19
2026-01-28 11:00:00,104.2,106.0,103.67,105.57
2026-01-28 12:00:00,105.57,109.23,105.45,107.83
2026-01-28 13:00:00,107.85,108.86,105.89,107.5
2026-01-28 14:00:00,107.52,109.11,105.95,106.16
2026-01-28 15:00:00,106.16,106.72,104.64,106.39
2026-01-28 16:00:00,106.4,106.97,102.49,103.05
2026-01-28 17:00:00,103.09,104.65,101.94,104.58
2026-01-28 18:00:00,104.56,105.1,103.22,104.06
2026-01-28 19:00:00,104.02,106.51,104.02,105.66
2026-01-28 20:00:00,105.64,107.5,105.32,107.01
2026-01-28 21:00:00,107.02,107.73,105.71,107.21
2026-01-28 22:00:00,107.19,107.64,105.68,106.39
2026-01-28 23:00:00,106.39,109.22,106.04,108.98
2026-01-29 00:00:00,108.98,108.98,106.57,107.0
2026-01-29 01:00:00,107.02,108.84,106.16,106.58
2026-01-29 02:00:00,106.56,108.92,106.29,106.97
2026-01-29 03:00:00,106.93,107.18,105.28,106.56
2026-01-29 04:00:00,106.56,106.76,102.93,103.02
2026-01-29 05:00:00,103.07,106.77,103.04,106.64
2026-01-29 06:00:00,106.64,108.35,106.38,106.75
2026-01-29 07:00:00,106.7,107.25,104.55,104.58
2026-01-29 08:00:00,104.62,105.54,102.84,102.92
2026-01-29 09:00:00,102.93,106.15,102.57,104.73
2026-01-29 10:00:00,104.7,105.87,103.92,105.87
2026-01-29 11:00:00,105.89,106.43,104.69,104.69
2026-01-29 12:00:00,104.72,105.56,103.38,104.98
2026-01-29 13:00:00,104.96,107.11,104.55,106.82
2026-01-29 14:00:00,106.76,107.43,105.01,105.21
2026-01-29 15:00:00,105.22,106.46,103.89,106.44
2026-01-29 16:00:00,106.45,108.81,106.37,106.91
2026-01-29 17:00:00,106.9,108.01,105.54,106.86
2026-01-29 18:00:00,106.86,107.66,104.4,104.78
2026-01-29 19:00:00,104.8,105.19,102.93,103.33
2026-01-29 20:00:00,103.32,104.84,102.27,104.42
2026-01-29 21:00:00,104.41,107.56,103.87,106.19
2026-01-29 22:00:00,106.2,106.56,104.36,105.33
2026-01-29 23:00:00,105.38,108.92,105.33,107.16
2026-01-30 00:00:00,107.12,107.58,104.78,107.51
2026-01-30 01:00:00,107.47,109.27,106.53,108.42
2026-01-30 02:00:00,108.43,110.09,107.19,108.99
2026-01-30 03:00:00,109.0,111.87,108.64,110.52
2026-01-30 04:00:00,110.58,112.36,110.48,110.9
2026-01-30 05:00:00,110.89,110.98,108.42,109.69
2026-01-30 06:00:00,109.74,111.16,108.76,110.28
2026-01-30 07:00:00,110.3,112.16,109.18,111.8
2026-01-30 08:00:00,111.81,111.81,108.85,109.39
2026-01-30 09:00:00,109.4,110.83,108.66,109.79
2026-01-30 10:00:00,109.79,111.55,108.45,111.46
2026-01-30 11:00:00,111.5,114.6,111.36,114.52
2026-01-30 12:00:00,114.53,116.18,113.96,114.66
2026-01-30 13:00:00,114.61,115.47,112.6,112.66
2026-01-30 14:00:00,112.67,115.4,112.22,114.33
2026-01-30 15:00:00,114.36,114.93,111.94,113.63
2026-01-30 16:00:00,113.6,118.9,113.45,118.35
2026-01-30 17:00:00,118.3,121.67,118.08,120.04
2026-01-30 18:00:00,120.08,122.07,119.25,121.54
2026-01-30 19:00:00,121.57,123.99,120.55,123.4
2026-01-30 20:00:00,123.43,123.55,121.2,122.01
2026-01-30 21:00:00,121.99,124.03,120.1,123.92
2026-01-30 22:00:00,123.91,124.83,121.67,124.79
2026-01-30 23:00:00,124.77,126.63,124.08,124.69
2026-01-31 00:00:00,124.73,124.94,120.02,120.11
2026-01-31 01:00:00,120.08,121.89,119.15,121.46
2026-01-31 02:00:00,121.43,122.1,119.88,119.92
2026-01-31 03:00:00,119.92,119.97,117.15,117.56
2026-01-31 04:00:00,117.6,119.06,116.7,118.85
2026-01-31 05:00:00,118.91,119.36,116.91,118.54
2026-01-31 06:00:00,118.53,119.42,116.88,117.8
2026-01-31 07:00:00,117.83,121.29,117.83,120.35
2026-01-31 08:00:00,120.31,122.05,119.17,119.46
2026-01-31 09:00:00,119.43,120.4,118.55,119.63
2026-01-31 10:00:00,119.64,122.93,119.16,121.92
2026-01-31 11:00:00,121.94,122.02,120.23,120.45
2026-01-31 12:00:00,120.49,121.75,119.36,121.44
2026-01-31 13:00:00,121.43,122.02,118.8,120.78
2026-01-31 14:00:00,120.81,121.06,117.63,118.73
2026-01-31 15:00:00,118.72,120.79,118.35,120.55
2026-01-31 16:00:00,120.61,120.74,116.29,116.88
2026-01-31 17:00:00,116.87,117.1,113.53,115.87
2026-01-31 18:00:00,115.86,120.17,115.86,119.3
2026-01-31 19:00:00,119.32,121.17,118.94,119.17
2026-01-31 20:00:00,119.13,120.41,118.56,118.75
2026-01-31 21:00:00,118.77,119.66,115.29,115.95
2026-01-31 22:00:00,115.89,116.46,112.78,113.75
2026-01-31 23:00:00,113.8,115.89,112.44,115.62
2026-02-01 00:00:00,115.59,116.65,114.98,115.25
2026-02-01 01:00:00,115.22,115.4,112.23,112.52
2026-02-01 02:00:00,112.5,113.73,111.55,112.47
2026-02-01 03:00:00,112.43,114.67,111.58,114.66
2026-02-01 04:00:00,114.66,119.19,114.55,119.19
2026-02-01 05:00:00,119.17,121.2,117.34,120.98
2026-02-01 06:00:00,121.0,124.61,120.84,123.4
2026-02-01 07:00:00,123.42,124.01,120.15,122.0
2026-02-01 08:00:00,122.04,124.73,121.62,121.67
2026-02-01 09:00:00,121.66,123.89,121.01,123.6
2026-02-01 10:00:00,123.57,125.63,123.32,124.55
2026-02-01 11:00:00,124.54,126.92,124.43,126.14
2026-02-01 12:00:00,126.14,126.92,122.25,124.52
2026-02-01 13:00:00,124.53,124.9,121.13,121.19
2026-02-01 14:00:00,121.19,126.5,120.22,126.06
2026-02-01 15:00:00,126.07,126.19,123.15,124.37
2026-02-01 16:00:00,124.35,127.97,124.26,126.71
2026-02-01 17:00:00,126.74,127.93,124.74,125.33
2026-02-01 18:00:00,125.37,128.27,124.34,128.14
2026-02-01 19:00:00,128.14,132.53,126.38,130.69
2026-02-01 20:00:00,130.71,131.86,130.23,131.81
2026-02-01 21:00:00,131.85,132.39,128.31,128.92
2026-02-01 22:00:00,128.92,129.5,127.25,127.93
2026-02-01 23:00:00,127.92,129.06,126.15,127.05
2026-02-02 00:00:00,127.04,129.65,126.42,127.58
2026-02-02 01:00:00,127.56,129.55,126.54,128.92
2026-02-02 02:00:00,128.91,130.61,127.46,127.73
2026-02-02 03:00:00,127.77,128.82,126.97,127.84
2026-02-02 04:00:00,127.86,130.6,126.96,129.43
2026-02-02 05:00:00,129.43,132.85,129.14,129.98
2026-02-02 06:00:00,130.01,132.95,128.82,132.94
2026-02-02 07:00:00,132.93,135.63,132.28,133.44
2026-02-02 08:00:00,133.41,133.57,129.71,130.5
2026-02-02 09:00:00,130.47,132.06,128.16,129.97
2026-02-02 10:00:00,129.97,131.36,127.17,128.7
2026-02-02 11:00:00,128.7,129.22,127.34,128.55
2026-02-02 12:00:00,128.58,129.49,126.46,128.23
2026-02-02 13:00:00,128.21,131.06,126.94,130.82
2026-02-02 14:00:00,130.79,131.47,128.74,129.2
2026-02-02 15:00:00,129.21,131.97,128.59,131.86
2026-02-02 16:00:00,131.85,132.56,125.54,125.56
2026-02-02 17:00:00,125.58,126.67,123.45,123.87
2026-02-02 18:00:00,123.87,125.77,122.95,125.43
2026-02-02 19:00:00,125.48,127.11,123.38,123.86
2026-02-02 20:00:00,123.8,127.38,122.96,127.36
2026-02-02 21:00:00,127.29,128.1,124.66,127.01
2026-02-02 22:00:00,127.01,128.12,123.58,124.24
2026-02-02 23:00:00,124.22,131.86,124.01,130.32
2026-02-03 00:00:00,130.29,131.0,128.14,128.77
2026-02-03 01:00:00,128.83,130.19,127.84,130.08
2026-02-03 02:00:00,130.09,130.54,127.24,127.86
2026-02-03 03:00:00,127.83,128.44,124.44,125.27
2026-02-03 04:00:00,125.26,125.95,123.28,124.6
2026-02-03 05:00:00,124.63,125.79,122.54,123.7
2026-02-03 06:00:00,123.68,126.28,123.25,125.66
2026-02-03 07:00:00,125.67,128.67,125.58,127.5
2026-02-03 08:00:00,127.51,128.58,125.38,127.05
2026-02-03 09:00:00,127.07,128.98,126.62,127.64
2026-02-03 10:00:00,127.66,129.21,126.86,127.28
2026-02-03 11:00:00,127.26,127.94,123.33,123.63
2026-02-03 12:00:00,123.66,125.84,122.48,125.36
2026-02-03 13:00:00,125.31,128.23,125.21,127.31
2026-02-03 14:00:00,127.31,128.17,126.05,126.11
2026-02-03 15:00:00,126.16,126.46,122.77,123.46
2026-02-03 16:00:00,123.46,125.02,122.42,123.38
2026-02-03 17:00:00,123.41,124.7,122.44,123.85
2026-02-03 18:00:00,123.79,125.02,122.02,123.34
2026-02-03 19:00:00,123.37,125.6,122.63,123.74
2026-02-03 20:00:00,123.7,124.97,122.3,122.63
2026-02-03 21:00:00,122.59,122.99,118.98,120.77
2026-02-03 22:00:00,120.76,123.35,120.67,121.68
2026-02-03 23:00:00,121.68,123.4,120.92,123.27
2026-02-04 00:00:00,123.27,127.09,123.27,126.93
2026-02-04 01:00:00,126.92,131.96,126.73,131.48
2026-02-04 02:00:00,131.48,133.04,130.63,131.89
2026-02-04 03:00:00,131.82,134.72,131.29,133.42
2026-02-04 04:00:00,133.41,134.0,129.45,129.49
2026-02-04 05:00:00,129.54,130.81,127.04,130.7
2026-02-04 06:00:00,130.71,131.79,127.63,131.76
2026-02-04 07:00:00,131.72,132.83,128.65,128.77
2026-02-04 08:00:00,128.8,130.42,128.38,129.53
2026-02-04 09:00:00,129.56,129.79,127.22,127.57
2026-02-04 10:00:00,127.64,129.19,125.17,125.8
2026-02-04 11:00:00,125.81,126.81,123.63,124.61
2026-02-04 12:00:00,124.62,124.9,122.65,123.1
2026-02-04 13:00:00,123.09,124.67,122.46,122.53
2026-02-04 14:00:00,122.47,127.44,121.74,127.17
2026-02-04 15:00:00,127.18,128.87,126.37,128.02
2026-02-04 16:00:00,128.01,128.37,125.43,126.38
2026-02-04 17:00:00,126.37,127.78,124.26,125.19
2026-02-04 18:00:00,125.21,127.85,124.72,124.73
2026-02-04 19:00:00,124.73,126.09,123.93,124.68
2026-02-04 20:00:00,124.65,126.18,123.03,123.86
2026-02-04 21:00:00,123.85,125.56,123.15,124.32
2026-02-04 22:00:00,124.29,126.4,124.24,125.39
2026-02-04 23:00:00,125.38,126.9,124.55,125.74
2026-02-05 00:00:00,125.77,128.78,125.21,128.59
2026-02-05 01:00:00,128.52,129.31,125.82,127.37
2026-02-05 02:00:00,127.42,127.86,124.66,125.69
2026-02-05 03:00:00,125.7,127.75,125.53,127.07
2026-02-05 04:00:00,127.04,130.65,126.52,130.36
2026-02-05 05:00:00,130.39,133.13,129.92,132.76
2026-02-05 06:00:00,132.68,132.86,130.95,131.83
2026-02-05 07:00:00,131.82,132.03,128.64,128.72
2026-02-05 08:00:00,128.68,130.91,128.21,128.9
2026-02-05 09:00:00,128.92,129.98,127.05,127.19
2026-02-05 10:00:00,127.16,127.5,125.23,125.75
2026-02-05 11:00:00,125.77,126.63,124.14,124.76
2026-02-05 12:00:00,124.81,125.68,121.44,121.86
2026-02-05 13:00:00,121.88,123.04,121.07,122.0
2026-02-05 14:00:00,121.96,122.52,120.32,121.15
2026-02-05 15:00:00,121.12,121.21,117.32,117.39
2026-02-05 16:00:00,117.37,118.97,116.99,117.92
2026-02-05 17:00:00,117.9,118.15,116.62,117.63
2026-02-05 18:00:00,117.57,119.8,117.32,119.54
2026-02-05 19:00:00,119.53,121.91,117.62,121.81
2026-02-05 20:00:00,121.79,123.43,121.42,123.37
2026-02-05 21:00:00,123.34,126.85,123.02,126.25
2026-02-05 22:00:00,126.29,128.21,125.08,127.91
2026-02-05 23:00:00,127.9,129.56,127.82,128.98
2026-02-06 00:00:00,128.98,131.16,126.32,126.59
2026-02-06 01:00:00,126.66,128.13,125.55,125.64
2026-02-06 02:00:00,125.62,127.46,124.65,126.92
2026-02-06 03:00:00,126.94,127.71,120.51,123.56
2026-02-06 04:00:00,123.55,126.85,123.3,124.55
2026-02-06 05:00:00,124.54,125.05,121.87,123.09
2026-02-06 06:00:00,123.11,123.95,121.67,121.73
2026-02-06 07:00:00,121.73,122.32,120.1,120.86
2026-02-06 08:00:00,120.85,122.41,119.95,121.18
2026-02-06 09:00:00,121.12,123.49,120.35,122.23
2026-02-06 10:00:00,122.24,122.24,120.34,120.77
2026-02-06 11:00:00,120.77,122.43,119.65,120.96
2026-02-06 12:00:00,120.94,123.14,120.08,122.2
2026-02-06 13:00:00,122.18,122.83,120.83,121.33
2026-02-06 14:00:00,121.36,122.58,120.67,121.11
2026-02-06 15:00:00,121.07,121.75,119.07,121.65
2026-02-06 16:00:00,121.63,122.27,119.6,122.0
2026-02-06 17:00:00,122.03,123.79,120.1,123.79
2026-02-06 18:00:00,123.79,125.34,121.87,122.28
2026-02-06 19:00:00,122.25,122.81,120.39,120.76
2026-02-06 20:00:00,120.79,122.51,119.65,121.98
2026-02-06 21:00:00,121.95,122.08,119.72,121.22
2026-02-06 22:00:00,121.25,125.62,120.87,125.48
2026-02-06 23:00:00,125.51,127.56,124.68,125.24
2026-02-07 00:00:00,125.25,129.17,125.09,128.68
2026-02-07 01:00:00,128.74,130.67,127.92,130.38
2026-02-07 02:00:00,130.35,130.35,126.55,127.25
2026-02-07 03:00:00,127.24,127.28,122.71,123.68
2026-02-07 04:00:00,123.66,123.94,120.6,120.82
2026-02-07 05:00:00,120.83,121.14,117.5,118.81
2026-02-07 06:00:00,118.79,119.65,117.24,119.09
2026-02-07 07:00:00,119.14,119.49,115.69,116.22
2026-02-07 08:00:00,116.21,119.34,115.9,117.76
2026-02-07 09:00:00,117.76,119.43,117.48,118.13
2026-02-07 10:00:00,118.17,121.92,118.12,120.13
2026-02-07 11:00:00,120.12,121.08,119.47,119.93
2026-02-07 12:00:00,119.92,122.88,119.67,120.28
2026-02-07 13:00:00,120.31,122.06,118.54,119.19
2026-02-07 14:00:00,119.21,121.92,119.14,120.18
2026-02-07 15:00:00,120.2,120.95,119.27,119.73
2026-02-07 16:00:00,119.69,119.9,117.52,118.74
2026-02-07 17:00:00,118.78,121.6,118.02,121.18
2026-02-07 18:00:00,121.17,121.95,119.74,121.8
2026-02-07 19:00:00,121.8,123.85,120.83,123.62
2026-02-07 20:00:00,123.63,124.72,122.43,122.79
2026-02-07 21:00:00,122.75,123.88,119.81,119.86
2026-02-07 22:00:00,119.86,121.33,119.4,119.6
2026-02-07 23:00:00,119.63,120.37,118.83,119.02
2026-02-08 00:00:00,119.01,119.06,114.84,116.23
2026-02-08 01:00:00,116.23,120.92,115.28,120.87
2026-02-08 02:00:00,120.88,124.08,120.86,123.55
2026-02-08 03:00:00,123.55,124.79,121.4,123.94
2026-02-08 04:00:00,123.93,124.58,121.4,121.95
2026-02-08 05:00:00,121.94,123.61,119.72,121.42
2026-02-08 06:00:00,121.39,121.62,119.59,120.37
2026-02-08 07:00:00,120.35,121.23,119.12,119.12
2026-02-08 08:00:00,119.1,121.34,117.67,118.82
2026-02-08 09:00:00,118.84,119.4,116.53,117.13
2026-02-08 10:00:00,117.12,118.56,116.13,118.33
2026-02-08 11:00:00,118.32,118.57,114.27,114.87
2026-02-08 12:00:00,114.88,115.64,111.47,112.92
2026-02-08 13:00:00,112.93,113.57,110.13,110.41
2026-02-08 14:00:00,110.38,113.27,110.0,111.71
2026-02-08 15:00:00,111.69,112.33,110.78,111.22
2026-02-08 16:00:00,111.21,113.9,110.99,113.86
2026-02-08 17:00:00,113.84,114.93,111.76,111.97
2026-02-08 18:00:00,111.98,112.88,111.14,112.1
2026-02-08 19:00:00,112.16,114.51,111.93,112.78
2026-02-08 20:00:00,112.76,115.02,111.77,114.85
2026-02-08 21:00:00,114.87,118.02,114.36,117.69
2026-02-08 22:00:00,117.65,118.08,115.78,115.94
2026-02-08 23:00:00,115.97,117.14,115.04,115.67
2026-02-09 00:00:00,115.64,116.24,113.64,115.15
2026-02-09 01:00:00,115.11,115.78,114.12,115.24
2026-02-09 02:00:00,115.25,117.27,112.72,113.09
2026-02-09 03:00:00,113.13,115.35,113.13,114.78
2026-02-09 04:00:00,114.74,114.82,111.94,112.8
2026-02-09 05:00:00,112.8,114.68,112.65,113.86
2026-02-09 06:00:00,113.89,114.49,111.98,112.04
2026-02-09 07:00:00,112.08,113.83,111.86,113.65
2026-02-09 08:00:00,113.69,114.06,111.74,112.13
2026-02-09 09:00:00,112.16,112.45,109.24,110.77
2026-02-09 10:00:00,110.73,112.56,110.2,111.48
2026-02-09 11:00:00,111.47,112.67,110.37,111.01
2026-02-09 12:00:00,111.02,113.85,110.49,113.33
2026-02-09 13:00:00,113.39,114.03,112.33,113.57
2026-02-09 14:00:00,113.54,114.84,112.63,113.85
2026-02-09 15:00:00,113.88,114.35,112.86,113.98
2026-02-09 16:00:00,113.99,115.32,111.96,112.26
2026-02-09 17:00:00,112.33,114.21,111.2,111.23
2026-02-09 18:00:00,111.2,111.21,107.9,107.94
2026-02-09 19:00:00,107.95,109.22,106.59,107.9
2026-02-09 20:00:00,107.84,108.36,105.75,108.35
2026-02-09 21:00:00,108.37,108.86,104.81,105.44
2026-02-09 22:00:00,105.46,106.02,104.66,104.98
2026-02-09 23:00:00,104.97,106.43,103.93,105.61
2026-02-10 00:00:00,105.61,106.0,104.11,104.91
2026-02-10 01:00:00,104.96,106.56,103.79,103.91
2026-02-10 02:00:00,103.92,104.16,102.15,103.67
2026-02-10 03:00:00,103.61,105.61,102.88,105.1
2026-02-10 04:00:00,105.17,108.41,104.99,105.66
2026-02-10 05:00:00,105.66,106.96,104.89,105.76
2026-02-10 06:00:00,105.77,106.52,103.47,103.47
2026-02-10 07:00:00,103.48,104.24,101.76,104.19
2026-02-10 08:00:00,104.18,106.59,103.39,106.56
2026-02-10 09:00:00,106.55,108.1,104.91,107.2
2026-02-10 10:00:00,107.22,107.24,103.93,104.75
2026-02-10 11:00:00,104.73,108.03,104.33,107.51
2026-02-10 12:00:00,107.48,108.47,107.15,107.47
2026-02-10 13:00:00,107.47,107.97,105.46,107.67
2026-02-10 14:00:00,107.65,108.32,105.79,108.26
2026-02-10 15:00:00,108.27,108.48,103.53,104.11
2026-02-10 16:00:00,104.15,106.56,103.56,106.22
2026-02-10 17:00:00,106.22,107.71,105.43,107.24
2026-02-10 18:00:00,107.27,107.86,106.28,107.6
2026-02-10 19:00:00,107.56,108.2,106.7,107.58
2026-02-10 20:00:00,107.56,109.59,107.06,108.26
2026-02-10 21:00:00,108.23,109.82,107.91,109.39
2026-02-10 22:00:00,109.36,112.83,109.36,110.76
2026-02-10 23:00:00,110.76,111.37,108.06,110.9
2026-02-11 00:00:00,110.88,111.68,107.39,108.65
2026-02-11 01:00:00,108.62,109.64,107.76,108.36
2026-02-11 02:00:00,108.39,110.52,108.38,109.41
2026-02-11 03:00:00,109.4,110.38,107.49,110.22
2026-02-11 04:00:00,110.25,111.12,107.82,108.43
2026-02-11 05:00:00,108.46,109.03,106.74,107.77
2026-02-11 06:00:00,107.81,107.94,105.39,105.59
2026-02-11 07:00:00,105.6,107.64,105.46,106.16
2026-02-11 08:00:00,106.15,106.6,103.6,104.52
2026-02-11 09:00:00,104.54,107.3,103.75,104.86
2026-02-11 10:00:00,104.81,105.19,103.44,103.45
2026-02-11 11:00:00,103.39,105.08,101.87,104.8
2026-02-11 12:00:00,104.84,105.16,103.62,103.64
2026-02-11 13:00:00,103.6,104.69,102.8,104.12
2026-02-11 14:00:00,104.11,104.48,101.93,102.41
2026-02-11 15:00:00,102.4,103.76,101.19,103.63
2026-02-11 16:00:00,103.6,104.91,102.2,103.32
2026-02-11 17:00:00,103.36,106.96,103.18,106.62
2026-02-11 18:00:00,106.62,106.92,103.13,104.06
2026-02-11 19:00:00,104.08,104.18,102.01,103.43
2026-02-11 20:00:00,103.42,105.28,102.42,104.71
2026-02-11 21:00:00,104.68,105.6,103.77,103.94
2026-02-11 22:00:00,103.93,105.92,103.28,105.67
2026-02-11 23:00:00,105.66,106.64,104.61,106.01
2026-02-12 00:00:00,106.0,106.04,104.08,104.94
2026-02-12 01:00:00,104.97,106.59,104.32,105.5
2026-02-12 02:00:00,105.53,105.77,103.17,104.82
2026-02-12 03:00:00,104.84,107.28,104.4,107.21
2026-02-12 04:00:00,107.28,108.97,106.92,108.34
2026-02-12 05:00:00,108.31,109.09,105.96,106.58
2026-02-12 06:00:00,106.56,108.13,105.71,107.1
2026-02-12 07:00:00,107.13,108.67,106.62,106.93
2026-02-12 08:00:00,106.91,107.04,103.82,104.87
2026-02-12 09:00:00,104.9,107.9,104.35,107.29
2026-02-12 10:00:00,107.33,109.48,106.32,106.47
2026-02-12 11:00:00,106.49,108.42,106.33,108.36
2026-02-12 12:00:00,108.38,108.65,106.34,107.76
2026-02-12 13:00:00,107.77,107.89,105.31,107.53
2026-02-12 14:00:00,107.54,109.44,106.82,108.7
2026-02-12 15:00:00,108.69,109.65,108.1,108.36
2026-02-12 16:00:00,108.37,110.51,107.73,109.27
2026-02-12 17:00:00,109.28,110.2,107.69,108.85
2026-02-12 18:00:00,108.87,111.52,108.09,110.64
2026-02-12 19:00:00,110.59,112.51,109.8,111.96
2026-02-12 20:00:00,111.98,114.09,111.59,112.59
2026-02-12 21:00:00,112.63,113.97,112.2,112.99
2026-02-12 22:00:00,112.99,114.94,112.12,114.58
2026-02-12 23:00:00,114.54,114.77,111.48,111.62
2026-02-13 00:00:00,111.6,113.46,111.57,113.46
2026-02-13 01:00:00,113.52,116.45,113.26,113.43
2026-02-13 02:00:00,113.43,113.98,112.29,113.85
2026-02-13 03:00:00,113.84,113.84,110.24,110.87
2026-02-13 04:00:00,110.79,111.42,109.31,111.1
2026-02-13 05:00:00,111.14,112.09,107.21,107.21
2026-02-13 06:00:00,107.18,107.75,104.79,106.22
2026-02-13 07:00:00,106.2,106.29,102.87,103.01
2026-02-13 08:00:00,103.01,103.62,102.17,102.37
2026-02-13 09:00:00,102.38,104.04,101.62,103.27
2026-02-13 10:00:00,103.24,103.58,101.6,102.56
2026-02-13 11:00:00,102.56,104.51,102.15,103.54
2026-02-13 12:00:00,103.54,103.65,101.33,103.38
2026-02-13 13:00:00,103.36,104.59,102.13,102.48
2026-02-13 14:00:00,102.52,102.69,101.16,101.82
2026-02-13 15:00:00,101.82,102.21,100.07,101.94
2026-02-13 16:00:00,101.94,104.39,101.43,103.95
2026-02-13 17:00:00,103.92,103.93,101.62,102.19
2026-02-13 18:00:00,102.23,104.09,102.01,103.33
2026-02-13 19:00:00,103.35,103.83,101.75,102.74
2026-02-13 20:00:00,102.76,103.49,102.21,102.56
2026-02-13 21:00:00,102.56,102.68,99.76,100.58
2026-02-13 22:00:00,100.57,104.3,100.21,104.02
2026-02-13 23:00:00,104.0,105.09,102.91,104.1
2026-02-14 00:00:00,104.09,104.47,102.6,102.71
2026-02-14 01:00:00,102.72,103.74,102.25,102.35
2026-02-14 02:00:00,102.35,103.06,100.75,100.96
2026-02-14 03:00:00,100.94,102.72,100.51,101.55
2026-02-14 04:00:00,101.57,102.96,100.98,102.65
2026-02-14 05:00:00,102.61,104.72,101.06,103.34
2026-02-14 06:00:00,103.4,103.52,98.98,99.37
2026-02-14 07:00:00,99.38,100.69,96.15,96.89
2026-02-14 08:00:00,96.91,97.38,95.85,96.83
2026-02-14 09:00:00,96.83,98.72,96.14,97.88
2026-02-14 10:00:00,97.88,100.21,97.88,99.0
2026-02-14 11:00:00,99.0,101.31,98.56,100.02
2026-02-14 12:00:00,100.05,100.12,97.79,99.06
2026-02-14 13:00:00,99.06,100.12,98.11,99.32
2026-02-14 14:00:00,99.34,101.09,98.83,100.46
2026-02-14 15:00:00,100.44,100.44,96.82,97.31
2026-02-14 16:00:00,97.31,97.52,95.16,96.18
2026-02-14 17:00:00,96.17,96.32,93.82,94.98
2026-02-14 18:00:00,94.98,95.78,92.79,94.39
2026-02-14 19:00:00,94.41,94.56,90.29,90.77
2026-02-14 20:00:00,90.77,93.75,90.65,93.18
2026-02-14 21:00:00,93.18,93.92,91.76,92.66
2026-02-14 22:00:00,92.69,93.98,91.45,92.07
2026-02-14 23:00:00,92.09,94.97,91.99,94.74
2026-02-15 00:00:00,94.75,94.99,92.89,93.62
2026-02-15 01:00:00,93.65,94.94,93.3,93.88
2026-02-15 02:00:00,93.91,94.55,92.29,92.78
2026-02-15 03:00:00,92.77,93.03,89.77,90.32
2026-02-15 04:00:00,90.32,92.0,89.25,90.77
2026-02-15 05:00:00,90.78,90.84,89.64,90.26
2026-02-15 06:00:00,90.29,91.51,89.87,91.08
2026-02-15 07:00:00,91.04,91.35,89.52,90.85
2026-02-15 08:00:00,90.88,93.29,90.62,93.22
2026-02-15 09:00:00,93.22,93.67,92.08,92.86
2026-02-15 10:00:00,92.86,93.85,91.84,93.79
2026-02-15 11:00:00,93.79,94.31,92.9,93.75
2026-02-15 12:00:00,93.79,94.35,92.55,93.86
2026-02-15 13:00:00,93.85,93.91,92.26,92.41
2026-02-15 14:00:00,92.43,93.8,90.95,91.99
2026-02-15 15:00:00,91.98,92.49,89.22,89.24
2026-02-15 16:00:00,89.28,89.67,87.47,87.47
2026-02-15 17:00:00,87.47,89.97,87.34,89.77
2026-02-15 18:00:00,89.79,90.83,89.13,90.57
2026-02-15 19:00:00,90.6,93.42,90.46,93.35
2026-02-15 20:00:00,93.39,95.82,93.32,95.02
2026-02-15 21:00:00,95.01,97.84,94.8,96.99
2026-02-15 22:00:00,96.99,99.85,96.6,99.25
2026-02-15 23:00:00,99.24,100.18,97.81,98.92
2026-02-16 00:00:00,98.99,99.98,98.27,98.62
2026-02-16 01:00:00,98.6,99.08,97.04,97.17
2026-02-16 02:00:00,97.2,98.59,96.61,97.41
2026-02-16 03:00:00,97.44,97.67,94.0,94.99
2026-02-16 04:00:00,94.99,96.56,94.79,96.45
2026-02-16 05:00:00,96.45,96.72,95.1,96.45
2026-02-16 06:00:00,96.47,96.91,94.96,96.83
2026-02-16 07:00:00,96.79,96.96,94.1,96.4
2026-02-16 08:00:00,96.4,98.92,96.0,97.36
2026-02-16 09:00:00,97.37,97.96,96.33,96.87
2026-02-16 10:00:00,96.88,97.99,95.9,96.3
2026-02-16 11:00:00,96.31,97.41,95.95,96.83
2026-02-16 12:00:00,96.79,96.83,92.79,93.5
2026-02-16 13:00:00,93.51,94.65,91.84,92.75
2026-02-16 14:00:00,92.77,93.41,89.73,90.23
2026-02-16 15:00:00,90.22,94.73,90.21,94.65
2026-02-16 16:00:00,94.69,95.96,94.04,94.72
2026-02-16 17:00:00,94.66,95.85,94.22,94.28
2026-02-16 18:00:00,94.25,96.22,94.09,95.74
2026-02-16 19:00:00,95.72,97.55,95.52,96.32
2026-02-16 20:00:00,96.37,96.75,93.87,94.37
2026-02-16 21:00:00,94.36,96.2,94.03,94.85
2026-02-16 22:00:00,94.84,96.26,94.63,96.05
2026-02-16 23:00:00,96.06,98.72,95.72,98.12
2026-02-17 00:00:00,98.14,99.54,97.45,97.45
2026-02-17 01:00:00,97.44,99.12,96.76,98.21
2026-02-17 02:00:00,98.24,99.5,97.78,99.09
2026-02-17 03:00:00,99.08,99.46,97.4,97.54
2026-02-17 04:00:00,97.55,99.52,96.92,99.02
2026-02-17 05:00:00,98.96,99.6,97.47,99.19
2026-02-17 06:00:00,99.16,101.94,99.0,101.31
2026-02-17 07:00:00,101.34,101.96,99.5,100.12
2026-02-17 08:00:00,100.09,100.4,98.33,100.4
2026-02-17 09:00:00,100.41,101.98,100.13,101.25
2026-02-17 10:00:00,101.27,103.17,100.42,102.6
2026-02-17 11:00:00,102.54,103.19,99.15,99.51
2026-02-17 12:00:00,99.45,101.09,99.22,100.1
2026-02-17 13:00:00,100.14,101.15,99.64,100.34
2026-02-17 14:00:00,100.41,102.01,99.2,99.35
2026-02-17 15:00:00,99.36,101.8,99.1,101.78
2026-02-17 16:00:00,101.76,102.01,100.12,101.39
2026-02-17 17:00:00,101.45,101.5,99.8,100.03
2026-02-17 18:00:00,99.99,102.15,99.96,100.11
2026-02-17 19:00:00,100.1,102.58,100.07,102.16
2026-02-17 20:00:00,102.19,102.49,100.63,102.46
2026-02-17 21:00:00,102.52,102.6,100.79,102.45
2026-02-17 22:00:00,102.44,102.46,100.35,100.93
2026-02-17 23:00:00,100.95,101.76,99.71,101.19
2026-02-18 00:00:00,101.16,102.07,100.2,101.99
2026-02-18 01:00:00,101.97,102.32,100.67,101.48
2026-02-18 02:00:00,101.52,102.86,101.18,101.75
2026-02-18 03:00:00,101.74,101.74,98.82,99.88
2026-02-18 04:00:00,99.9,102.28,99.1,100.95
2026-02-18 05:00:00,100.95,102.07,100.34,102.02
2026-02-18 06:00:00,101.98,102.74,99.93,100.0
2026-02-18 07:00:00,99.96,101.64,99.54,101.14
2026-02-18 08:00:00,101.15,101.62,97.81,97.99
2026-02-18 09:00:00,98.0,99.37,97.29,99.27
2026-02-18 10:00:00,99.28,101.75,98.38,101.15
2026-02-18 11:00:00,101.14,102.26,96.86,97.38
2026-02-18 12:00:00,97.37,97.94,96.97,97.34
2026-02-18 13:00:00,97.34,98.57,96.54,97.75
2026-02-18 14:00:00,97.73,99.89,97.3,99.35
2026-02-18 15:00:00,99.32,99.84,96.81,97.21
2026-02-18 16:00:00,97.19,98.83,96.97,97.55
2026-02-18 17:00:00,97.52,98.35,95.21,95.35
2026-02-18 18:00:00,95.37,95.39,94.2,94.31
2026-02-18 19:00:00,94.32,94.51,92.87,94.15
2026-02-18 20:00:00,94.14,96.83,94.07,96.48
2026-02-18 21:00:00,96.47,97.52,95.45,95.88
2026-02-18 22:00:00,95.86,96.18,93.99,95.55
2026-02-18 23:00:00,95.61,96.01,94.55,95.62
2026-02-19 00:00:00,95.6,97.51,94.91,96.24
2026-02-19 01:00:00,96.23,96.48,94.77,95.01
2026-02-19 02:00:00,95.03,96.92,94.84,96.1
2026-02-19 03:00:00,96.07,96.18,94.16,94.51
2026-02-19 04:00:00,94.54,94.54,90.39,90.49
2026-02-19 05:00:00,90.51,90.61,88.51,89.59
2026-02-19 06:00:00,89.6,90.1,86.29,87.14
2026-02-19 07:00:00,87.16,88.9,86.91,88.55
2026-02-19 08:00:00,88.47,88.68,87.64,88.03
2026-02-19 09:00:00,88.01,89.57,87.34,88.53
2026-02-19 10:00:00,88.51,88.88,86.35,88.5
2026-02-19 11:00:00,88.49,89.91,88.28,88.83
2026-02-19 12:00:00,88.85,89.27,87.1,87.78
2026-02-19 13:00:00,87.8,89.87,87.37,89.14
2026-02-19 14:00:00,89.11,89.25,86.96,87.78
2026-02-19 15:00:00,87.76,89.09,87.26,88.89
2026-02-19 16:00:00,88.9,88.96,86.44,86.79
2026-02-19 17:00:00,86.82,88.2,86.08,88.18
2026-02-19 18:00:00,88.19,90.05,88.05,88.66
2026-02-19 19:00:00,88.68,89.88,87.43,89.58
2026-02-19 20:00:00,89.6,90.13,86.03,86.48
2026-02-19 21:00:00,86.55,87.49,85.8,85.87
2026-02-19 22:00:00,85.89,86.12,84.76,85.74
2026-02-19 23:00:00,85.76,87.02,84.8,86.71
2026-02-20 00:00:00,86.73,88.07,85.92,86.65
2026-02-20 01:00:00,86.65,87.39,84.67,84.79
2026-02-20 02:00:00,84.81,86.48,84.74,85.78
2026-02-20 03:00:00,85.77,87.64,85.25,87.2
2026-02-20 04:00:00,87.19,88.05,86.23,86.59
2026-02-20 05:00:00,86.57,87.78,85.17,87.43
2026-02-20 06:00:00,87.45,90.77,87.41,89.9
2026-02-20 07:00:00,89.89,91.45,89.42,89.56
2026-02-20 08:00:00,89.57,90.05,87.68,87.94
2026-02-20 09:00:00,87.97,89.69,87.47,89.42
2026-02-20 10:00:00,89.37,90.32,88.53,89.12
2026-02-20 11:00:00,89.13,89.36,86.06,86.63
2026-02-20 12:00:00,86.64,87.18,84.71,86.31
2026-02-20 13:00:00,86.32,86.4,83.51,84.46
2026-02-20 14:00:00,84.44,86.31,84.38,85.99
2026-02-20 15:00:00,85.96,87.54,85.71,85.78
2026-02-20 16:00:00,85.75,86.16,83.64,83.97
2026-02-20 17:00:00,83.95,84.87,83.11,83.51
2026-02-20 18:00:00,83.5,86.36,83.24,85.85
2026-02-20 19:00:00,85.87,86.16,84.29,84.6
2026-02-20 20:00:00,84.63,85.75,84.57,84.72
2026-02-20 21:00:00,84.74,85.73,83.71,84.14
2026-02-20 22:00:00,84.16,85.18,82.99,83.87
2026-02-20 23:00:00,83.88,84.35,82.9,84.26
2026-02-21 00:00:00,84.25,85.46,84.06,84.26
2026-02-21 01:00:00,84.22,86.1,83.67,85.76
2026-02-21 02:00:00,85.78,87.21,85.67,86.87
2026-02-21 03:00:00,86.84,87.28,85.43,85.83
2026-02-21 04:00:00,85.83,87.35,85.76,86.21
2026-02-21 05:00:00,86.21,87.8,85.94,87.43
2026-02-21 06:00:00,87.41,88.3,87.05,87.53
2026-02-21 07:00:00,87.53,88.02,86.14,87.61
2026-02-21 08:00:00,87.59,89.81,86.98,89.81
2026-02-21 09:00:00,89.78,90.34,86.59,86.97
2026-02-21 10:00:00,87.01,87.95,86.35,87.13
2026-02-21 11:00:00,87.09,88.14,87.0,87.96
2026-02-21 12:00:00,87.95,89.84,87.59,88.02
2026-02-21 13:00:00,88.01,88.55,87.16,87.67
2026-02-21 14:00:00,87.62,88.2,86.69,86.94
2026-02-21 15:00:00,86.94,87.66,86.19,87.41
2026-02-21 16:00:00,87.39,88.9,86.71,86.78
2026-02-21 17:00:00,86.79,88.86,86.41,87.61
2026-02-21 18:00:00,87.64,88.86,87.21,87.79
2026-02-21 19:00:00,87.78,88.59,86.78,87.14
2026-02-21 20:00:00,87.15,88.11,86.41,87.73
2026-02-21 21:00:00,87.73,87.79,85.55,86.14
2026-02-21 22:00:00,86.14,86.81,84.33,84.41
2026-02-21 23:00:00,84.42,84.9,82.91,83.02
2026-02-22 00:00:00,83.02,83.84,79.99,80.04
2026-02-22 01:00:00,80.01,80.91,78.95,80.82
2026-02-22 02:00:00,80.82,81.8,80.58,80.76
2026-02-22 03:00:00,80.75,81.15,79.85,79.96
2026-02-22 04:00:00,79.95,80.75,79.49,79.66
2026-02-22 05:00:00,79.65,81.06,78.88,79.63
2026-02-22 06:00:00,79.61,80.94,78.51,80.83
2026-02-22 07:00:00,80.85,82.36,80.4,81.58
2026-02-22 08:00:00,81.63,82.64,79.81,80.01
2026-02-22 09:00:00,79.98,80.81,78.15,78.2
2026-02-22 10:00:00,78.19,79.68,78.01,78.58
2026-02-22 11:00:00,78.56,78.76,76.97,77.33
2026-02-22 12:00:00,77.34,77.52,75.44,76.54
2026-02-22 13:00:00,76.53,77.33,75.58,76.56
2026-02-22 14:00:00,76.6,76.9,73.04,73.14
2026-02-22 15:00:00,73.15,75.28,73.09,74.66
2026-02-22 16:00:00,74.69,75.14,73.72,74.61
2026-02-22 17:00:00,74.62,77.3,74.62,76.73
2026-02-22 18:00:00,76.71,77.87,75.36,77.79
2026-02-22 19:00:00,77.8,78.66,77.05,78.53
2026-02-22 20:00:00,78.5,79.1,77.43,77.72
2026-02-22 21:00:00,77.72,78.79,77.36,78.66
2026-02-22 22:00:00,78.64,80.07,77.86,79.55
2026-02-22 23:00:00,79.56,81.1,79.3,80.65
2026-02-23 00:00:00,80.63,81.93,80.38,81.04
2026-02-23 01:00:00,81.05,81.36,79.66,80.89
2026-02-23 02:00:00,80.92,84.22,80.39,82.87
2026-02-23 03:00:00,82.88,84.15,82.32,83.0
2026-02-23 04:00:00,83.02,83.59,82.47,82.72
2026-02-23 05:00:00,82.75,83.59,81.4,81.75
2026-02-23 06:00:00,81.78,82.52,80.9,81.86
2026-02-23 07:00:00,81.85,82.17,80.23,80.64
2026-02-23 08:00:00,80.63,81.21,79.58,80.59
2026-02-23 09:00:00,80.61,83.2,79.86,82.77
2026-02-23 10:00:00,82.78,84.21,82.12,83.95
2026-02-23 11:00:00,83.94,86.02,83.64,85.42
2026-02-23 12:00:00,85.4,85.93,84.59,85.33
2026-02-23 13:00:00,85.27,86.92,84.51,86.47
2026-02-23 14:00:00,86.49,87.77,85.85,87.43
2026-02-23 15:00:00,87.43,88.89,86.8,88.32
2026-02-23 16:00:00,88.3,89.97,87.92,89.85
2026-02-23 17:00:00,89.89,90.31,87.7,88.29
2026-02-23 18:00:00,88.3,89.56,88.04,88.4
2026-02-23 19:00:00,88.42,89.4,87.24,88.74
2026-02-23 20:00:00,88.74,89.18,87.18,88.38
2026-02-23 21:00:00,88.38,88.67,86.31,87.74
2026-02-23 22:00:00,87.73,88.36,86.82,87.59
2026-02-23 23:00:00,87.56,88.54,86.68,87.79
2026-02-24 00:00:00,87.75,89.62,86.32,88.87
2026-02-24 01:00:00,88.87,90.42,88.78,89.49
2026-02-24 02:00:00,89.5,89.71,87.33,87.83
2026-02-24 03:00:00,87.81,89.41,87.6,88.25
2026-02-24 04:00:00,88.22,88.66,86.39,86.61
2026-02-24 05:00:00,86.6,88.45,86.6,87.31
2026-02-24 06:00:00,87.29,89.14,87.23,88.12
2026-02-24 07:00:00,88.12,90.82,87.79,89.6
2026-02-24 08:00:00,89.57,90.94,89.47,90.52
2026-02-24 09:00:00,90.51,91.08,89.16,90.26
2026-02-24 10:00:00,90.28,91.55,89.73,90.75
2026-02-24 11:00:00,90.75,92.22,90.64,91.89
2026-02-24 12:00:00,91.87,92.71,91.01,91.01
2026-02-24 13:00:00,91.0,92.87,90.76,92.41
2026-02-24 14:00:00,92.43,93.75,92.28,93.49
2026-02-24 15:00:00,93.5,93.53,91.88,92.26
2026-02-24 16:00:00,92.26,93.22,91.85,92.52
2026-02-24 17:00:00,92.54,92.54,90.86,90.86
2026-02-24 18:00:00,90.86,92.43,90.06,91.63
2026-02-24 19:00:00,91.63,91.71,90.35,91.18
2026-02-24 20:00:00,91.14,94.16,91.05,92.73
2026-02-24 21:00:00,92.72,94.57,92.37,94.16
2026-02-24 22:00:00,94.14,94.51,92.99,93.37
2026-02-24 23:00:00,93.31,94.14,92.68,93.99
2026-02-25 00:00:00,94.01,94.15,92.12,92.92
2026-02-25 01:00:00,92.91,93.5,91.31,91.46
2026-02-25 02:00:00,91.46,91.97,90.37,90.94
2026-02-25 03:00:00,90.93,92.08,89.41,91.9
2026-02-25 04:00:00,91.87,92.5,90.78,90.85
2026-02-25 05:00:00,90.84,91.59,90.16,91.01
2026-02-25 06:00:00,91.01,91.14,89.5,89.86
2026-02-25 07:00:00,89.87,90.87,89.29,89.29
2026-02-25 08:00:00,89.28,89.86,88.23,89.22
2026-02-25 09:00:00,89.19,89.25,87.76,88.22
2026-02-25 10:00:00,88.22,89.9,87.58,89.07
2026-02-25 11:00:00,89.05,90.94,88.87,89.64
2026-02-25 12:00:00,89.63,91.02,89.43,90.16
2026-02-25 13:00:00,90.13,91.02,89.56,90.95
2026-02-25 14:00:00,90.93,91.88,90.27,90.68
2026-02-25 15:00:00,90.67,91.56,89.48,89.78
2026-02-25 16:00:00,89.75,90.42,86.15,87.07
2026-02-25 17:00:00,87.07,87.73,86.6,86.88
2026-02-25 18:00:00,86.85,87.96,86.09,86.15
2026-02-25 19:00:00,86.16,86.36,85.1,85.67
2026-02-25 20:00:00,85.69,86.32,83.7,84.4
2026-02-25 21:00:00,84.38,86.69,84.26,85.37
2026-02-25 22:00:00,85.32,85.81,84.06,84.27
2026-02-25 23:00:00,84.27,85.37,82.07,82.83
2026-02-26 00:00:00,82.79,84.14,82.39,83.91
2026-02-26 01:00:00,83.89,84.61,82.78,83.34
2026-02-26 02:00:00,83.31,83.32,79.9,80.11
2026-02-26 03:00:00,80.13,81.08,79.01,79.74
2026-02-26 04:00:00,79.72,80.94,78.97,79.04
2026-02-26 05:00:00,79.03,79.95,78.17,78.83
2026-02-26 06:00:00,78.8,79.21,77.73,77.99
2026-02-26 07:00:00,77.96,78.54,76.43,76.58
2026-02-26 08:00:00,76.6,77.8,75.76,75.76
2026-02-26 09:00:00,75.73,75.93,73.71,74.07
2026-02-26 10:00:00,74.11,76.13,73.34,75.77
2026-02-26 11:00:00,75.77,76.48,75.07,76.03
2026-02-26 12:00:00,76.03,77.22,75.17,76.16
2026-02-26 13:00:00,76.2,76.45,72.9,72.99
2026-02-26 14:00:00,72.99,72.99,71.2,71.26
2026-02-26 15:00:00,71.27,71.57,70.54,70.87
2026-02-26 16:00:00,70.88,72.14,69.73,72.09
2026-02-26 17:00:00,72.09,72.24,70.3,70.33
2026-02-26 18:00:00,70.35,71.48,69.77,70.48
2026-02-26 19:00:00,70.45,70.5,69.17,69.98
2026-02-26 20:00:00,69.99,70.69,69.19,69.26
2026-02-26 21:00:00,69.3,71.02,68.89,70.61
2026-02-26 22:00:00,70.62,70.91,69.23,69.88
2026-02-26 23:00:00,69.91,70.29,69.18,69.72
2026-02-27 00:00:00,69.72,70.8,68.37,68.57
2026-02-27 01:00:00,68.58,69.01,67.85,68.88
2026-02-27 02:00:00,68.91,70.49,68.63,69.68
2026-02-27 03:00:00,69.69,71.85,69.61,71.64
2026-02-27 04:00:00,71.6,72.65,71.06,72.02
2026-02-27 05:00:00,72.04,73.36,71.48,73.26
2026-02-27 06:00:00,73.26,73.76,72.6,72.7
2026-02-27 07:00:00,72.7,74.06,72.56,73.58
2026-02-27 08:00:00,73.57,74.21,72.76,73.26
2026-02-27 09:00:00,73.22,74.9,72.7,74.23
2026-02-27 10:00:00,74.22,75.18,73.99,74.85
2026-02-27 11:00:00,74.86,76.2,73.97,74.67
2026-02-27 12:00:00,74.65,75.29,73.3,73.49
2026-02-27 13:00:00,73.47,74.92,73.24,73.9
2026-02-27 14:00:00,73.9,74.37,73.22,73.43
2026-02-27 15:00:00,73.44,73.54,71.56,71.62
2026-02-27 16:00:00,71.58,71.81,69.7,69.96
2026-02-27 17:00:00,69.97,70.02,67.17,67.41
2026-02-27 18:00:00,67.41,67.47,66.09,66.33
2026-02-27 19:00:00,66.31,67.32,66.2,67.14
2026-02-27 20:00:00,67.14,67.53,64.85,65.09
2026-02-27 21:00:00,65.06,67.28,64.85,65.8
2026-02-27 22:00:00,65.78,65.88,64.39,65.17
2026-02-27 23:00:00,65.16,66.68,64.59,66.21
2026-02-28 00:00:00,66.22,68.03,66.0,67.83
2026-02-28 01:00:00,67.81,69.35,67.76,68.44
2026-02-28 02:00:00,68.45,69.65,67.54,67.93
2026-02-28 03:00:00,67.93,68.57,67.21,67.23
2026-02-28 04:00:00,67.2,67.73,65.47,65.47
2026-02-28 05:00:00,65.47,66.9,65.32,66.59
2026-02-28 06:00:00,66.59,67.87,66.24,67.34
2026-02-28 07:00:00,67.34,67.57,65.35,65.96
2026-02-28 08:00:00,65.97,66.21,64.53,64.97
2026-02-28 09:00:00,64.96,65.42,63.47,63.91
2026-02-28 10:00:00,63.91,64.21,63.52,63.96
2026-02-28 11:00:00,63.95,64.96,63.26,64.3
2026-02-28 12:00:00,64.31,65.81,64.06,65.7
2026-02-28 13:00:00,65.7,66.4,65.2,65.52
2026-02-28 14:00:00,65.54,65.65,63.4,63.79
2026-02-28 15:00:00,63.78,63.86,62.21,62.64
2026-02-28 16:00:00,62.62,63.07,61.88,61.98
2026-02-28 17:00:00,61.96,63.44,61.83,63.14
2026-02-28 18:00:00,63.16,63.36,61.91,62.2
2026-02-28 19:00:00,62.16,62.7,61.15,61.24
2026-02-28 20:00:00,61.25,61.33,60.06,61.17
2026-02-28 21:00:00,61.17,61.77,60.81,61.67
2026-02-28 22:00:00,61.67,62.91,61.12,62.14
2026-02-28 23:00:00,62.13,62.3,60.11,60.28
2026-03-01 00:00:00,60.29,60.52,58.89,59.0
2026-03-01 01:00:00,58.99,59.87,58.71,59.85
2026-03-01 02:00:00,59.84,60.97,59.53,60.73
2026-03-01 03:00:00,60.72,61.19,59.71,60.07
2026-03-01 04:00:00,60.09,60.09,58.04,58.76
2026-03-01 05:00:00,58.76,59.54,58.48,59.21
2026-03-01 06:00:00,59.18,59.22,58.17,58.44
2026-03-01 07:00:00,58.44,58.99,57.4,57.45
2026-03-01 08:00:00,57.44,58.0,56.07,56.28
2026-03-01 09:00:00,56.28,57.07,56.02,56.85
2026-03-01 10:00:00,56.86,57.7,56.38,56.62
2026-03-01 11:00:00,56.59,58.25,56.51,58.1
2026-03-01 12:00:00,58.11,58.22,56.88,57.0
2026-03-01 13:00:00,57.0,57.39,56.34,56.51
2026-03-01 14:00:00,56.5,57.0,55.12,55.43
2026-03-01 15:00:00,55.45,56.14,55.33,56.07
2026-03-01 16:00:00,56.09,56.5,55.0,55.03
2026-03-01 17:00:00,55.04,55.35,53.31,53.61
2026-03-01 18:00:00,53.61,54.03,52.78,53.2
2026-03-01 19:00:00,53.21,53.89,52.51,53.57
2026-03-01 20:00:00,53.52,53.6,52.19,52.27
2026-03-01 21:00:00,52.29,53.21,52.19,52.97
2026-03-01 22:00:00,52.96,53.32,51.96,52.23
2026-03-01 23:00:00,52.23,52.23,50.37,50.61
2026-03-02 00:00:00,50.64,51.77,50.52,51.72
2026-03-02 01:00:00,51.72,53.64,51.71,52.26
2026-03-02 02:00:00,52.27,53.76,52.13,53.18
2026-03-02 03:00:00,53.22,53.59,51.3,51.32
2026-03-02 04:00:00,51.34,51.44,50.31,50.55
2026-03-02 05:00:00,50.54,50.77,49.77,50.4
2026-03-02 06:00:00,50.4,50.59,48.81,48.81
2026-03-02 07:00:00,48.81,49.21,48.35,48.88
2026-03-02 08:00:00,48.89,49.32,47.4,47.41
2026-03-02 09:00:00,47.43,48.06,47.18,47.8
2026-03-02 10:00:00,47.79,48.15,46.83,46.92
2026-03-02 11:00:00,46.92,47.26,46.11,46.7
2026-03-02 12:00:00,46.71,47.55,46.34,47.48
2026-03-02 13:00:00,47.47,47.96,46.92,47.17
2026-03-02 14:00:00,47.18,47.34,45.93,46.25
2026-03-02 15:00:00,46.25,47.04,45.95,46.68
2026-03-02 16:00:00,46.67,46.67,44.84,45.15
2026-03-02 17:00:00,45.18,46.21,45.05,45.05
2026-03-02 18:00:00,45.05,46.1,44.94,45.98
2026-03-02 19:00:00,45.99,46.12,44.3,44.96
2026-03-02 20:00:00,44.97,46.18,44.82,45.91
2026-03-02 21:00:00,45.92,45.98,44.21,44.61
2026-03-02 22:00:00,44.6,45.04,44.12,44.56
2026-03-02 23:00:00,44.55,44.67,43.67,43.85
2026-03-03 00:00:00,43.84,44.66,43.3,43.92
2026-03-03 01:00:00,43.93,44.94,43.82,44.67
2026-03-03 02:00:00,44.65,45.02,43.48,43.69
2026-03-03 03:00:00,43.7,43.9,42.88,43.08
2026-03-03 04:00:00,43.06,44.23,42.99,43.97
2026-03-03 05:00:00,43.97,44.08,43.22,43.49
2026-03-03 06:00:00,43.49,43.53,42.25,42.77
2026-03-03 07:00:00,42.77,43.43,42.48,43.3
2026-03-03 08:00:00,43.3,43.64,43.01,43.33
2026-03-03 09:00:00,43.32,43.72,42.68,43.32
2026-03-03 10:00:00,43.31,43.64,43.13,43.44
2026-03-03 11:00:00,43.45,44.03,43.16,43.74
2026-03-03 12:00:00,43.74,44.18,43.25,44.14
2026-03-03 13:00:00,44.15,45.29,43.65,45.23
2026-03-03 14:00:00,45.23,45.59,44.7,45.28
2026-03-03 15:00:00,45.26,45.63,43.47,43.81
2026-03-03 16:00:00,43.81,44.29,43.28,43.84
2026-03-03 17:00:00,43.83,45.69,43.74,45.45
2026-03-03 18:00:00,45.44,46.15,45.03,45.67
2026-03-03 19:00:00,45.66,45.95,44.63,45.11
2026-03-03 20:00:00,45.1,45.74,44.9,45.59
2026-03-03 21:00:00,45.58,46.08,45.24,45.77
2026-03-03 22:00:00,45.77,46.77,45.58,46.55
2026-03-03 23:00:00,46.56,46.74,45.6,45.89
2026-03-04 00:00:00,45.89,46.05,44.35,44.6
2026-03-04 01:00:00,44.61,45.1,44.05,44.13
2026-03-04 02:00:00,44.13,45.09,44.07,44.76
2026-03-04 03:00:00,44.76,44.98,43.89,44.59
2026-03-04 04:00:00,44.59,45.29,44.24,44.87
2026-03-04 05:00:00,44.87,45.13,43.97,44.12
2026-03-04 06:00:00,44.15,44.7,43.62,44.07
2026-03-04 07:00:00,44.09,45.45,43.99,45.22
2026-03-04 08:00:00,45.24,45.57,44.09,45.53
2026-03-04 09:00:00,45.5,45.88,44.68,44.76
2026-03-04 10:00:00,44.78,45.06,44.04,45.05
2026-03-04 11:00:00,45.05,45.13,44.02,44.27
2026-03-04 12:00:00,44.26,44.52,43.9,44.48
2026-03-04 13:00:00,44.47,45.77,44.19,45.68
2026-03-04 14:00:00,45.69,47.07,45.65,46.93
2026-03-04 15:00:00,46.93,47.47,45.96,46.01
2026-03-04 16:00:00,46.02,47.3,46.02,47.17
2026-03-04 17:00:00,47.17,47.69,46.95,47.6
2026-03-04 18:00:00,47.61,48.48,47.11,47.79
2026-03-04 19:00:00,47.77,48.08,47.29,47.74
2026-03-04 20:00:00,47.76,49.22,47.73,49.06
2026-03-04 21:00:00,49.04,49.45,48.58,48.93
2026-03-04 22:00:00,48.94,49.17,48.19,49.16
2026-03-04 23:00:00,49.14,49.53,48.28,49.21
2026-03-05 00:00:00,49.23,49.78,47.97,48.03
2026-03-05 01:00:00,48.02,48.55,47.82,48.05
2026-03-05 02:00:00,48.07,48.82,47.95,48.14
2026-03-05 03:00:00,48.14,48.82,47.73,48.3
2026-03-05 04:00:00,48.27,48.4,47.22,47.86
2026-03-05 05:00:00,47.86,48.63,47.66,48.3
2026-03-05 06:00:00,48.29,48.67,46.99,47.05
2026-03-05 07:00:00,47.05,47.62,46.79,46.95
2026-03-05 08:00:00,46.97,47.36,46.45,46.72
2026-03-05 09:00:00,46.72,47.99,46.54,47.22
2026-03-05 10:00:00,47.2,47.81,46.69,47.54
2026-03-05 11:00:00,47.54,48.43,47.25,48.2
2026-03-05 12:00:00,48.19,48.62,47.27,48.08
2026-03-05 13:00:00,48.08,48.12,45.75,45.93
2026-03-05 14:00:00,45.93,47.31,45.72,47.17
2026-03-05 15:00:00,47.18,47.51,46.49,47.31
2026-03-05 16:00:00,47.31,47.75,46.47,46.56
2026-03-05 17:00:00,46.58,47.52,45.95,47.31
2026-03-05 18:00:00,47.31,47.75,46.87,47.59
2026-03-05 19:00:00,47.59,48.72,46.98,48.71
2026-03-05 20:00:00,48.71,49.8,48.44,49.33
2026-03-05 21:00:00,49.32,49.81,48.69,49.03
2026-03-05 22:00:00,49.03,49.22,47.66,47.98
2026-03-05 23:00:00,47.96,48.1,46.03,46.49
2026-03-06 00:00:00,46.47,46.67,45.27,45.33
2026-03-06 01:00:00,45.32,45.7,44.18,44.22
2026-03-06 02:00:00,44.22,45.2,44.01,44.99
2026-03-06 03:00:00,44.99,46.83,44.99,46.79
2026-03-06 04:00:00,46.77,48.4,46.77,47.72
2026-03-06 05:00:00,47.74,48.6,47.03,47.1
2026-03-06 06:00:00,47.08,47.54,46.52,47.25
2026-03-06 07:00:00,47.27,47.55,46.05,46.13
2026-03-06 08:00:00,46.12,46.58,45.14,45.28
2026-03-06 09:00:00,45.27,45.28,43.65,44.11
2026-03-06 10:00:00,44.1,44.15,42.48,42.66
2026-03-06 11:00:00,42.66,42.79,41.6,41.96
2026-03-06 12:00:00,41.96,43.48,41.85,43.3
2026-03-06 13:00:00,43.3,45.72,43.19,45.64
2026-03-06 14:00:00,45.63,45.83,45.1,45.13
2026-03-06 15:00:00,45.14,46.04,44.58,44.85
2026-03-06 16:00:00,44.83,45.07,43.96,44.38
2026-03-06 17:00:00,44.39,44.88,43.8,44.37
2026-03-06 18:00:00,44.38,45.08,44.06,44.65
2026-03-06 19:00:00,44.65,45.12,44.31,45.09
2026-03-06 20:00:00,45.1,45.67,44.29,45.58
2026-03-06 21:00:00,45.59,45.87,45.04,45.59
2026-03-06 22:00:00,45.59,45.92,44.65,44.78
2026-03-06 23:00:00,44.78,45.08,44.28,44.47
2026-03-07 00:00:00,44.46,44.56,42.24,42.46
2026-03-07 01:00:00,42.46,42.97,42.17,42.94
2026-03-07 02:00:00,42.95,44.57,42.79,44.49
2026-03-07 03:00:00,44.47,45.05,44.26,44.43
2026-03-07 04:00:00,44.44,44.66,43.86,43.98
2026-03-07 05:00:00,43.97,44.1,43.04,43.53
2026-03-07 06:00:00,43.52,43.88,42.55,43.49
2026-03-07 07:00:00,43.5,43.75,42.59,42.62
2026-03-07 08:00:00,42.62,44.33,42.34,43.96
2026-03-07 09:00:00,43.95,44.18,42.89,42.93
2026-03-07 10:00:00,42.95,43.39,42.8,43.01
2026-03-07 11:00:00,43.02,43.56,42.81,43.46
2026-03-07 12:00:00,43.45,44.87,43.36,44.71
2026-03-07 13:00:00,44.7,45.36,44.53,45.23
2026-03-07 14:00:00,45.23,46.23,44.91,45.7
2026-03-07 15:00:00,45.7,46.54,45.46,46.26
2026-03-07 16:00:00,46.25,46.7,45.48,46.69
2026-03-07 17:00:00,46.68,47.38,46.4,46.42
2026-03-07 18:00:00,46.43,47.54,46.25,46.39
2026-03-07 19:00:00,46.38,46.83,46.11,46.65
2026-03-07 20:00:00,46.63,47.02,46.12,46.94
2026-03-07 21:00:00,46.94,46.95,45.52,46.11
2026-03-07 22:00:00,46.08,47.16,45.78,46.81
2026-03-07 23:00:00,46.79,47.7,46.79,47.58
2026-03-08 00:00:00,47.57,47.81,47.27,47.51
2026-03-08 01:00:00,47.51,48.15,46.9,47.55
2026-03-08 02:00:00,47.54,48.1,47.3,47.73
2026-03-08 03:00:00,47.76,48.81,47.72,48.23
2026-03-08 04:00:00,48.23,49.15,47.92,48.11
2026-03-08 05:00:00,48.1,48.39,47.53,47.6
2026-03-08 06:00:00,47.61,49.01,47.6,48.27
2026-03-08 07:00:00,48.26,48.79,47.81,48.11
2026-03-08 08:00:00,48.13,49.3,47.62,48.91
2026-03-08 09:00:00,48.9,49.04,47.47,47.75
2026-03-08 10:00:00,47.73,47.85,47.17,47.55
2026-03-08 11:00:00,47.56,48.09,46.89,46.93
2026-03-08 12:00:00,46.94,47.27,46.26,46.6
2026-03-08 13:00:00,46.61,46.75,45.63,45.94
2026-03-08 14:00:00,45.94,46.61,45.62,45.8
2026-03-08 15:00:00,45.8,46.25,45.3,45.63
2026-03-08 16:00:00,45.62,45.97,45.36,45.91
2026-03-08 17:00:00,45.91,46.16,45.3,45.49
2026-03-08 18:00:00,45.5,46.24,45.14,45.94
2026-03-08 19:00:00,45.95,46.76,45.95,46.43
2026-03-08 20:00:00,46.43,46.7,44.93,46.04
2026-03-08 21:00:00,46.04,46.56,45.64,45.67
2026-03-08 22:00:00,45.66,46.6,45.43,45.93
2026-03-08 23:00:00,45.93,46.01,45.03,45.11
2026-03-09 00:00:00,45.09,45.38,44.71,45.23
2026-03-09 01:00:00,45.23,45.9,45.14,45.4
2026-03-09 02:00:00,45.4,46.71,45.31,46.61
2026-03-09 03:00:00,46.61,48.64,46.55,48.35
2026-03-09 04:00:00,48.35,48.58,47.49,48.03
2026-03-09 05:00:00,48.05,48.13,46.53,46.98
2026-03-09 06:00:00,46.98,47.28,46.06,46.4
2026-03-09 07:00:00,46.39,47.61,46.32,47.2
2026-03-09 08:00:00,47.18,47.34,46.14,46.37
2026-03-09 09:00:00,46.37,46.68,45.68,45.86
2026-03-09 10:00:00,45.85,46.8,45.57,46.73
2026-03-09 11:00:00,46.73,48.09,46.6,47.88
2026-03-09 12:00:00,47.86,48.27,47.53,47.79
2026-03-09 13:00:00,47.78,47.89,46.27,46.38
2026-03-09 14:00:00,46.37,47.01,46.26,46.88
2026-03-09 15:00:00,46.87,47.0,45.85,46.37
2026-03-09 16:00:00,46.39,47.06,46.36,46.9
2026-03-09 17:00:00,46.9,47.08,45.36,45.57
2026-03-09 18:00:00,45.58,46.15,45.29,45.64
2026-03-09 19:00:00,45.63,45.74,44.13,44.4
2026-03-09 20:00:00,44.4,45.23,44.27,44.92
2026-03-09 21:00:00,44.91,45.97,44.83,45.84
2026-03-09 22:00:00,45.85,45.98,44.68,44.68
2026-03-09 23:00:00,44.68,44.88,44.09,44.16
2026-03-10 00:00:00,44.18,44.22,42.9,42.98
2026-03-10 01:00:00,42.98,43.49,42.33,42.79
2026-03-10 02:00:00,42.79,43.47,42.54,43.36
2026-03-10 03:00:00,43.36,43.69,42.78,43.19
2026-03-10 04:00:00,43.17,44.24,42.88,44.09
2026-03-10 05:00:00,44.08,45.07,43.84,44.9
2026-03-10 06:00:00,44.9,44.92,43.49,43.86
2026-03-10 07:00:00,43.88,44.29,42.81,43.42
2026-03-10 08:00:00,43.41,44.04,42.96,43.17
2026-03-10 09:00:00,43.17,44.28,43.1,44.24
2026-03-10 10:00:00,44.26,44.67,43.95,44.53
2026-03-10 11:00:00,44.55,44.88,43.63,44.3
2026-03-10 12:00:00,44.32,44.8,44.23,44.57
2026-03-10 13:00:00,44.57,44.93,44.34,44.5
2026-03-10 14:00:00,44.51,45.85,44.39,45.2
2026-03-10 15:00:00,45.19,45.4,42.83,43.08
2026-03-10 16:00:00,43.09,44.1,43.07,43.65
2026-03-10 17:00:00,43.65,43.91,42.13,42.14
2026-03-10 18:00:00,42.13,43.4,41.9,42.94
2026-03-10 19:00:00,42.92,43.45,42.45,42.73
2026-03-10 20:00:00,42.76,43.57,42.51,43.4
2026-03-10 21:00:00,43.42,44.08,42.61,43.75
2026-03-10 22:00:00,43.75,44.37,43.66,44.31
2026-03-10 23:00:00,44.32,44.94,43.92,44.46
2026-03-11 00:00:00,44.47,45.31,44.46,45.24
2026-03-11 01:00:00,45.22,46.12,44.96,45.84
2026-03-11 02:00:00,45.84,47.24,45.82,47.0
2026-03-11 03:00:00,46.98,47.39,46.11,47.24
2026-03-11 04:00:00,47.23,47.32,46.52,46.69
2026-03-11 05:00:00,46.71,47.11,46.15,46.58
2026-03-11 06:00:00,46.59,47.14,46.0,46.89
2026-03-11 07:00:00,46.89,48.51,46.83,48.4
2026-03-11 08:00:00,48.42,49.09,47.94,48.56
2026-03-11 09:00:00,48.57,49.08,48.17,48.43
2026-03-11 10:00:00,48.42,48.44,46.74,47.19
2026-03-11 11:00:00,47.19,48.17,46.94,47.77
2026-03-11 12:00:00,47.77,48.1,47.3,47.77
2026-03-11 13:00:00,47.76,48.06,46.94,48.05
2026-03-11 14:00:00,48.05,48.41,47.43,48.29
2026-03-11 15:00:00,48.3,48.54,47.11,47.67
2026-03-11 16:00:00,47.67,48.2,47.12,48.11
2026-03-11 17:00:00,48.11,48.11,46.64,47.32
2026-03-11 18:00:00,47.34,47.99,46.74,46.96
2026-03-11 19:00:00,46.96,47.67,46.85,47.42
2026-03-11 20:00:00,47.42,47.71,46.62,46.73
2026-03-11 21:00:00,46.75,47.85,46.69,47.4
2026-03-11 22:00:00,47.41,47.47,45.95,45.95
2026-03-11 23:00:00,45.94,46.1,44.12,44.49
2026-03-12 00:00:00,44.5,44.88,43.69,44.45
2026-03-12 01:00:00,44.45,44.81,43.87,44.7
2026-03-12 02:00:00,44.69,44.96,43.99,44.16
2026-03-12 03:00:00,44.17,44.97,44.04,44.95
2026-03-12 04:00:00,44.97,46.22,44.62,45.68
2026-03-12 05:00:00,45.69,46.2,45.24,45.86
2026-03-12 06:00:00,45.85,46.76,45.52,46.34
2026-03-12 07:00:00,46.34,46.48,45.19,45.56
2026-03-12 08:00:00,45.55,46.04,45.41,46.02
2026-03-12 09:00:00,46.06,47.16,45.92,46.41
2026-03-12 10:00:00,46.4,47.81,46.35,47.49
2026-03-12 11:00:00,47.49,48.27,47.25,47.85
2026-03-12 12:00:00,47.86,49.52,47.82,49.42
2026-03-12 13:00:00,49.42,49.69,48.83,49.11
2026-03-12 14:00:00,49.13,49.13,47.56,47.8
2026-03-12 15:00:00,47.79,49.83,47.65,49.05
2026-03-12 16:00:00,49.05,50.53,48.43,50.17
2026-03-12 17:00:00,50.16,51.51,49.89,51.32
2026-03-12 18:00:00,51.32,51.63,50.44,51.07
2026-03-12 19:00:00,51.08,51.14,50.38,50.7
2026-03-12 20:00:00,50.71,51.42,50.55,50.56
2026-03-12 21:00:00,50.58,51.44,50.26,51.06
2026-03-12 22:00:00,51.05,52.65,51.05,52.54
2026-03-12 23:00:00,52.55,52.59,49.9,50.42
2026-03-13 00:00:00,50.43,50.86,49.69,50.06
2026-03-13 01:00:00,50.05,51.73,49.91,51.11
2026-03-13 02:00:00,51.13,51.53,50.38,51.04
2026-03-13 03:00:00,51.04,52.15,50.82,51.62
2026-03-13 04:00:00,51.63,52.16,50.47,51.11
2026-03-13 05:00:00,51.13,51.23,49.96,51.0
2026-03-13 06:00:00,51.0,51.06,49.05,49.32
2026-03-13 07:00:00,49.34,49.8,48.67,48.79
2026-03-13 08:00:00,48.78,48.99,47.85,48.83
2026-03-13 09:00:00,48.82,49.68,48.74,49.58
2026-03-13 10:00:00,49.59,52.21,49.38,52.02
2026-03-13 11:00:00,52.0,53.27,51.95,53.16
2026-03-13 12:00:00,53.16,53.31,52.17,52.56
2026-03-13 13:00:00,52.57,54.07,52.56,53.34
2026-03-13 14:00:00,53.34,54.28,52.91,54.12
2026-03-13 15:00:00,54.12,54.92,53.84,54.42
2026-03-13 16:00:00,54.42,55.11,54.26,54.65
2026-03-13 17:00:00,54.65,55.15,54.26,54.55
2026-03-13 18:00:00,54.53,55.97,54.35,55.83
2026-03-13 19:00:00,55.84,57.66,55.83,57.4
2026-03-13 20:00:00,57.42,58.29,56.94,58.2
2026-03-13 21:00:00,58.18,59.27,57.75,59.1
2026-03-13 22:00:00,59.06,60.53,58.77,59.77
2026-03-13 23:00:00,59.78,60.19,59.18,60.05
2026-03-14 00:00:00,60.07,60.54,58.93,59.09
2026-03-14 01:00:00,59.14,61.94,59.04,61.76
2026-03-14 02:00:00,61.72,62.19,60.82,61.15
2026-03-14 03:00:00,61.14,61.76,60.78,61.62
2026-03-14 04:00:00,61.63,62.97,61.62,62.37
2026-03-14 05:00:00,62.33,62.42,60.41,60.65
2026-03-14 06:00:00,60.65,61.4,60.18,60.82
2026-03-14 07:00:00,60.8,61.44,60.02,61.04
2026-03-14 08:00:00,61.06,61.08,59.38,59.52
2026-03-14 09:00:00,59.53,59.97,58.77,59.24
2026-03-14 10:00:00,59.23,60.12,58.98,59.24
2026-03-14 11:00:00,59.23,59.49,57.62,57.7
2026-03-14 12:00:00,57.7,58.24,57.28,57.92
2026-03-14 13:00:00,57.94,57.96,56.36,57.34
2026-03-14 14:00:00,57.36,58.28,57.15,57.5
2026-03-14 15:00:00,57.46,58.1,57.17,57.64
2026-03-14 16:00:00,57.62,58.08,56.95,57.41
2026-03-14 17:00:00,57.4,59.66,57.29,59.45
2026-03-14 18:00:00,59.43,60.82,59.07,60.55
2026-03-14 19:00:00,60.53,60.84,59.26,59.69
2026-03-14 20:00:00,59.68,59.85,58.44,58.69
2026-03-14 21:00:00,58.7,58.8,57.55,57.66
2026-03-14 22:00:00,57.64,58.43,56.75,57.14
2026-03-14 23:00:00,57.15,57.76,56.57,57.66
2026-03-15 00:00:00,57.65,57.78,56.02,56.68
2026-03-15 01:00:00,56.68,57.94,56.35,57.78
2026-03-15 02:00:00,57.77,58.07,57.15,58.07
2026-03-15 03:00:00,58.08,59.17,58.05,58.82
2026-03-15 04:00:00,58.81,60.01,58.36,59.43
2026-03-15 05:00:00,59.45,59.79,58.9,59.59
2026-03-15 06:00:00,59.59,60.08,59.08,59.3
2026-03-15 07:00:00,59.32,60.43,58.46,60.27
2026-03-15 08:00:00,60.27,61.16,59.81,61.16
2026-03-15 09:00:00,61.19,61.3,59.19,59.59
2026-03-15 10:00:00,59.56,59.84,58.67,59.66
2026-03-15 11:00:00,59.68,60.39,59.07,59.31
2026-03-15 12:00:00,59.31,59.86,58.96,59.77
2026-03-15 13:00:00,59.76,61.09,59.08,61.05
2026-03-15 14:00:00,61.04,61.36,58.97,59.15
2026-03-15 15:00:00,59.15,59.36,57.89,58.0
2026-03-15 16:00:00,58.01,58.41,57.07,58.02
2026-03-15 17:00:00,58.01,59.36,57.62,58.99
2026-03-15 18:00:00,59.02,60.2,58.62,58.85
2026-03-15 19:00:00,58.83,59.18,57.12,57.82
2026-03-15 20:00:00,57.82,58.78,57.51,58.59
2026-03-15 21:00:00,58.6,59.06,58.11,58.67
2026-03-15 22:00:00,58.67,59.28,58.1,58.46
2026-03-15 23:00:00,58.47,58.99,57.66,57.74
2026-03-16 00:00:00,57.75,58.53,57.4,58.0
2026-03-16 01:00:00,57.99,59.23,57.99,58.47
2026-03-16 02:00:00,58.46,59.91,58.39,59.38
2026-03-16 03:00:00,59.38,59.39,57.83,58.23
2026-03-16 04:00:00,58.22,58.65,57.77,58.5
2026-03-16 05:00:00,58.48,58.84,57.78,58.03
2026-03-16 06:00:00,58.03,58.68,57.63,57.87
2026-03-16 07:00:00,57.88,58.79,57.31,57.59
2026-03-16 08:00:00,57.58,57.81,56.62,57.2
2026-03-16 09:00:00,57.18,57.19,55.88,56.25
2026-03-16 10:00:00,56.23,56.47,55.44,56.1
2026-03-16 11:00:00,56.11,56.49,55.28,55.53
2026-03-16 12:00:00,55.55,57.37,55.12,56.97
2026-03-16 13:00:00,56.98,58.1,56.95,57.95
2026-03-16 14:00:00,57.97,59.32,57.76,58.17
2026-03-16 15:00:00,58.2,58.29,56.54,56.68
2026-03-16 16:00:00,56.69,58.4,56.54,57.9
2026-03-16 17:00:00,57.91,59.35,57.81,58.83
2026-03-16 18:00:00,58.83,58.84,57.84,58.19
2026-03-16 19:00:00,58.19,59.83,58.04,59.79
2026-03-16 20:00:00,59.8,61.07,59.73,59.83
2026-03-16 21:00:00,59.82,60.29,58.86,59.33
2026-03-16 22:00:00,59.31,61.13,59.25,60.68
2026-03-16 23:00:00,60.64,60.92,59.77,60.25
2026-03-17 00:00:00,60.25,60.26,58.48,59.06
2026-03-17 01:00:00,59.06,59.28,58.08,59.02
2026-03-17 02:00:00,59.04,60.06,57.98,58.72
2026-03-17 03:00:00,58.75,59.29,58.1,58.68
2026-03-17 04:00:00,58.68,59.78,58.57,59.48
2026-03-17 05:00:00,59.44,59.58,57.57,57.59
2026-03-17 06:00:00,57.62,57.81,56.56,57.56
2026-03-17 07:00:00,57.58,57.81,56.33,57.44
2026-03-17 08:00:00,57.44,58.42,57.05,57.17
2026-03-17 09:00:00,57.15,60.25,56.84,60.15
2026-03-17 10:00:00,60.15,61.0,60.08,60.46
2026-03-17 11:00:00,60.46,61.04,60.08,60.55
2026-03-17 12:00:00,60.57,60.91,59.66,60.3
2026-03-17 13:00:00,60.3,61.11,59.47,59.78
2026-03-17 14:00:00,59.8,60.77,59.35,59.83
2026-03-17 15:00:00,59.84,60.45,59.34,60.4
2026-03-17 16:00:00,60.41,60.76,58.98,59.07
2026-03-17 17:00:00,59.07,59.1,57.09,57.57
2026-03-17 18:00:00,57.57,57.7,56.84,57.23
2026-03-17 19:00:00,57.25,57.58,56.62,57.36
2026-03-17 20:00:00,57.36,59.15,56.9,58.83
2026-03-17 21:00:00,58.81,58.94,57.39,57.39
2026-03-17 22:00:00,57.38,58.4,57.0,57.69
2026-03-17 23:00:00,57.69,58.16,56.82,56.91
2026-03-18 00:00:00,56.91,59.21,56.79,59.08
2026-03-18 01:00:00,59.08,60.09,58.74,59.59
2026-03-18 02:00:00,59.6,59.9,58.69,59.77
2026-03-18 03:00:00,59.73,60.28,58.84,60.28
2026-03-18 04:00:00,60.25,62.48,59.96,62.36
2026-03-18 05:00:00,62.37,63.92,62.17,63.92
2026-03-18 06:00:00,63.9,64.17,62.94,64.02
2026-03-18 07:00:00,64.02,65.11,63.63,64.9
2026-03-18 08:00:00,64.9,66.18,64.82,65.92
2026-03-18 09:00:00,65.91,68.84,65.49,67.64
2026-03-18 10:00:00,67.63,69.24,66.9,68.9
2026-03-18 11:00:00,68.9,69.26,67.8,69.21
2026-03-18 12:00:00,69.22,70.77,68.93,70.65
2026-03-18 13:00:00,70.68,72.41,70.62,72.22
2026-03-18 14:00:00,72.23,74.74,72.1,74.58
2026-03-18 15:00:00,74.59,75.19,73.84,75.15
2026-03-18 16:00:00,75.18,77.37,74.99,76.61
2026-03-18 17:00:00,76.61,78.24,76.39,76.81
2026-03-18 18:00:00,76.78,79.18,76.54,79.17
2026-03-18 19:00:00,79.19,80.07,78.99,79.98
2026-03-18 20:00:00,79.96,80.23,78.9,79.85
2026-03-18 21:00:00,79.85,80.21,78.83,79.71
2026-03-18 22:00:00,79.71,80.64,78.95,80.35
2026-03-18 23:00:00,80.37,81.88,79.51,80.48
2026-03-19 00:00:00,80.49,80.85,79.05,79.91
2026-03-19 01:00:00,79.92,80.3,79.13,79.61
2026-03-19 02:00:00,79.65,79.88,77.26,77.27
2026-03-19 03:00:00,77.28,77.92,76.41,77.72
2026-03-19 04:00:00,77.7,78.93,77.37,78.72
2026-03-19 05:00:00,78.75,79.26,77.4,77.56
2026-03-19 06:00:00,77.55,78.18,76.52,77.38
2026-03-19 07:00:00,77.38,78.12,76.14,76.15
2026-03-19 08:00:00,76.16,76.23,74.93,75.03
2026-03-19 09:00:00,75.05,76.43,74.99,76.1
2026-03-19 10:00:00,76.09,77.76,75.3,77.5
2026-03-19 11:00:00,77.48,78.05,76.55,77.96
2026-03-19 12:00:00,77.95,79.16,77.54,78.71
2026-03-19 13:00:00,78.7,80.74,78.46,79.41
2026-03-19 14:00:00,79.44,79.59,78.62,78.75
2026-03-19 15:00:00,78.79,79.38,77.76,78.09
2026-03-19 16:00:00,78.08,79.35,77.04,77.48
2026-03-19 17:00:00,77.44,77.73,76.09,76.55
2026-03-19 18:00:00,76.52,77.45,75.76,76.12
2026-03-19 19:00:00,76.11,76.42,73.62,73.94
2026-03-19 20:00:00,73.94,74.63,72.73,73.98
2026-03-19 21:00:00,73.98,77.69,73.34,77.56
2026-03-19 22:00:00,77.59,77.68,76.11,77.29
2026-03-19 23:00:00,77.25,77.89,76.02,76.66
2026-03-20 00:00:00,76.63,77.94,76.22,76.23
2026-03-20 01:00:00,76.22,77.41,76.16,76.44
2026-03-20 02:00:00,76.43,78.72,76.11,78.45
2026-03-20 03:00:00,78.47,78.63,75.66,75.77
2026-03-20 04:00:00,75.77,78.57,75.22,78.37
2026-03-20 05:00:00,78.37,79.19,77.58,78.31
2026-03-20 06:00:00,78.3,79.31,78.02,79.02
2026-03-20 07:00:00,78.99,80.55,78.87,79.82
2026-03-20 08:00:00,79.83,80.61,79.49,80.3
2026-03-20 09:00:00,80.32,81.02,77.86,78.45
2026-03-20 10:00:00,78.44,79.88,77.85,79.88
2026-03-20 11:00:00,79.88,80.79,78.23,78.64
2026-03-20 12:00:00,78.65,80.96,78.49,80.52
2026-03-20 13:00:00,80.51,81.95,80.51,81.32
2026-03-20 14:00:00,81.29,82.14,80.81,80.96
2026-03-20 15:00:00,80.95,81.84,80.58,80.81
2026-03-20 16:00:00,80.82,82.18,80.62,81.88
2026-03-20 17:00:00,81.86,82.09,80.33,81.74
2026-03-20 18:00:00,81.75,82.62,81.22,81.43
2026-03-20 19:00:00,81.42,83.25,80.07,82.81
2026-03-20 20:00:00,82.81,83.81,81.93,81.98
2026-03-20 21:00:00,81.95,84.22,81.34,84.22
2026-03-20 22:00:00,84.22,84.51,82.45,84.51
2026-03-20 23:00:00,84.55,87.33,84.18,87.2
2026-03-21 00:00:00,87.19,88.41,85.29,85.55
2026-03-21 01:00:00,85.56,86.07,84.53,84.82
2026-03-21 02:00:00,84.8,85.59,83.88,84.7
2026-03-21 03:00:00,84.7,86.56,84.13,86.26
2026-03-21 04:00:00,86.28,87.08,84.82,84.9
2026-03-21 05:00:00,84.91,84.92,82.4,83.1
2026-03-21 06:00:00,83.11,84.57,82.69,83.14
2026-03-21 07:00:00,83.14,83.23,81.06,81.55
2026-03-21 08:00:00,81.54,83.72,81.44,82.81
2026-03-21 09:00:00,82.8,83.26,79.05,79.06
2026-03-21 10:00:00,79.01,79.65,77.81,77.93
2026-03-21 11:00:00,77.94,79.42,77.49,79.28
2026-03-21 12:00:00,79.26,79.48,77.42,78.41
2026-03-21 13:00:00,78.42,78.84,77.34,77.69
2026-03-21 14:00:00,77.7,77.77,75.41,76.54
2026-03-21 15:00:00,76.52,77.79,76.09,77.14
2026-03-21 16:00:00,77.1,78.53,76.11,78.44
2026-03-21 17:00:00,78.46,80.64,77.85,80.63
2026-03-21 18:00:00,80.64,83.5,80.29,83.43
2026-03-21 19:00:00,83.43,84.82,82.91,84.82
2026-03-21 20:00:00,84.8,85.3,84.2,85.16
2026-03-21 21:00:00,85.17,85.77,84.11,85.31
2026-03-21 22:00:00,85.31,87.63,84.77,87.41
2026-03-21 23:00:00,87.41,87.78,85.71,86.69
2026-03-22 00:00:00,86.67,86.9,84.11,84.41
2026-03-22 01:00:00,84.42,85.11,82.56,82.93
2026-03-22 02:00:00,82.96,83.33,80.95,82.66
2026-03-22 03:00:00,82.67,84.52,82.67,84.23
2026-03-22 04:00:00,84.24,87.91,84.1,87.56
2026-03-22 05:00:00,87.54,87.76,85.94,87.64
2026-03-22 06:00:00,87.64,87.93,84.56,84.75
2026-03-22 07:00:00,84.76,85.54,82.38,82.75
2026-03-22 08:00:00,82.74,84.13,81.67,81.68
2026-03-22 09:00:00,81.71,82.44,80.73,81.13
2026-03-22 10:00:00,81.14,84.04,81.12,82.99
2026-03-22 11:00:00,82.99,84.76,82.42,83.3
2026-03-22 12:00:00,83.29,84.07,82.0,83.62
2026-03-22 13:00:00,83.63,86.71,83.17,86.17
2026-03-22 14:00:00,86.19,88.66,85.79,87.65
2026-03-22 15:00:00,87.6,90.66,87.23,89.82
2026-03-22 16:00:00,89.8,90.66,88.23,88.37
2026-03-22 17:00:00,88.38,88.56,87.16,87.53
2026-03-22 18:00:00,87.58,88.68,86.71,88.2
2026-03-22 19:00:00,88.19,88.6,86.52,87.44
2026-03-22 20:00:00,87.44,88.65,87.4,87.75
2026-03-22 21:00:00,87.72,87.97,85.83,86.96
2026-03-22 22:00:00,86.96,89.13,86.29,86.57
2026-03-22 23:00:00,86.58,88.98,86.22,88.98
2026-03-23 00:00:00,88.96,89.35,87.18,88.14
2026-03-23 01:00:00,88.13,89.25,87.38,87.97
2026-03-23 02:00:00,87.99,90.07,87.96,88.72
2026-03-23 03:00:00,88.73,89.0,87.09,87.43
2026-03-23 04:00:00,87.45,88.74,85.97,86.41
2026-03-23 05:00:00,86.38,87.91,85.82,87.41
2026-03-23 06:00:00,87.4,89.58,87.37,89.3
2026-03-23 07:00:00,89.3,92.18,88.94,92.01
2026-03-23 08:00:00,92.02,93.15,91.12,93.04
2026-03-23 09:00:00,93.0,93.48,91.45,92.22
2026-03-23 10:00:00,92.24,93.79,91.71,93.74
2026-03-23 11:00:00,93.7,96.17,93.12,95.8
2026-03-23 12:00:00,95.77,98.67,95.7,98.67
2026-03-23 13:00:00,98.68,100.59,98.05,99.85
2026-03-23 14:00:00,99.85,100.95,98.8,99.1
2026-03-23 15:00:00,99.1,99.56,96.23,96.52
2026-03-23 16:00:00,96.45,96.77,93.93,94.14
2026-03-23 17:00:00,94.12,94.66,93.24,93.47
2026-03-23 18:00:00,93.45,93.5,92.04,93.38
2026-03-23 19:00:00,93.39,95.68,93.35,94.09
2026-03-23 20:00:00,94.06,96.01,93.17,95.85
2026-03-23 21:00:00,95.82,96.86,95.52,96.48
2026-03-23 22:00:00,96.51,96.55,94.16,95.71
2026-03-23 23:00:00,95.67,95.67,92.98,93.61
2026-03-24 00:00:00,93.61,93.81,91.27,92.59
2026-03-24 01:00:00,92.65,93.2,90.76,91.62
2026-03-24 02:00:00,91.62,92.88,91.05,92.44
2026-03-24 03:00:00,92.48,96.08,92.32,95.38
2026-03-24 04:00:00,95.41,95.96,93.79,94.51
2026-03-24 05:00:00,94.48,95.34,92.15,93.0
2026-03-24 06:00:00,93.04,93.16,91.3,91.37
2026-03-24 07:00:00,91.35,92.99,90.43,92.1
2026-03-24 08:00:00,92.09,93.41,90.86,91.16
2026-03-24 09:00:00,91.16,92.62,90.89,91.64
2026-03-24 10:00:00,91.6,92.84,91.39,92.11
2026-03-24 11:00:00,92.13,92.69,90.93,91.63
2026-03-24 12:00:00,91.6,92.56,90.83,92.38
2026-03-24 13:00:00,92.37,93.21,91.5,91.95
2026-03-24 14:00:00,91.97,94.79,91.95,92.78
2026-03-24 15:00:00,92.78,94.18,91.33,93.86
2026-03-24 16:00:00,93.83,96.52,93.51,95.93
2026-03-24 17:00:00,95.91,98.21,95.6,98.07
2026-03-24 18:00:00,98.03,98.18,95.61,96.64
2026-03-24 19:00:00,96.63,98.82,95.01,95.55
2026-03-24 20:00:00,95.55,96.0,92.01,93.03
2026-03-24 21:00:00,93.06,94.67,92.39,93.55
2026-03-24 22:00:00,93.51,94.29,92.6,93.78
2026-03-24 23:00:00,93.77,95.91,93.62,95.18
2026-03-25 00:00:00,95.15,96.36,94.56,95.17
2026-03-25 01:00:00,95.2,96.06,94.43,95.27
2026-03-25 02:00:00,95.26,95.8,93.26,93.95
2026-03-25 03:00:00,93.98,95.77,93.7,94.09
2026-03-25 04:00:00,94.09,94.99,90.96,91.59
2026-03-25 05:00:00,91.56,93.66,90.84,92.92
2026-03-25 06:00:00,92.93,93.87,92.14,93.02
2026-03-25 07:00:00,93.0,94.26,91.46,91.88
2026-03-25 08:00:00,91.94,92.01,90.66,90.82
2026-03-25 09:00:00,90.79,91.33,87.1,87.76
2026-03-25 10:00:00,87.78,89.47,87.74,88.26
2026-03-25 11:00:00,88.27,89.41,87.23,87.27
2026-03-25 12:00:00,87.23,87.62,84.32,84.69
2026-03-25 13:00:00,84.73,85.2,82.42,82.52
2026-03-25 14:00:00,82.5,83.36,81.67,82.76
2026-03-25 15:00:00,82.76,83.19,81.66,82.48
2026-03-25 16:00:00,82.42,82.48,81.22,81.97
2026-03-25 17:00:00,81.95,82.03,80.02,80.34
2026-03-25 18:00:00,80.3,81.45,80.27,81.4
2026-03-25 19:00:00,81.4,81.86,80.19,81.37
2026-03-25 20:00:00,81.39,84.53,81.15,84.41
2026-03-25 21:00:00,84.4,85.3,83.17,84.9
2026-03-25 22:00:00,84.91,86.25,84.32,84.37
2026-03-25 23:00:00,84.34,85.29,83.61,84.5
2026-03-26 00:00:00,84.49,84.89,82.96,83.22
2026-03-26 01:00:00,83.24,85.06,82.68,84.64
2026-03-26 02:00:00,84.62,86.07,84.57,85.75
2026-03-26 03:00:00,85.75,85.88,83.66,84.4
2026-03-26 04:00:00,84.39,86.04,84.08,86.04
2026-03-26 05:00:00,86.06,86.28,83.78,84.0
2026-03-26 06:00:00,83.97,84.46,81.66,82.25
2026-03-26 07:00:00,82.27,84.73,82.24,84.2
2026-03-26 08:00:00,84.19,85.78,84.12,84.4
2026-03-26 09:00:00,84.39,85.75,84.34,85.21
2026-03-26 10:00:00,85.17,85.34,83.35,83.74
2026-03-26 11:00:00,83.71,84.4,82.91,83.09
2026-03-26 12:00:00,83.08,83.33,81.61,82.11
2026-03-26 13:00:00,82.11,83.89,82.11,82.66
2026-03-26 14:00:00,82.66,82.68,81.45,81.81
2026-03-26 15:00:00,81.78,82.03,80.67,80.9
2026-03-26 16:00:00,80.89,81.39,80.45,81.27
2026-03-26 17:00:00,81.28,82.86,81.14,81.75
2026-03-26 18:00:00,81.76,83.71,81.62,82.91
2026-03-26 19:00:00,82.94,85.37,82.62,85.2
2026-03-26 20:00:00,85.2,85.99,84.07,84.57
2026-03-26 21:00:00,84.59,85.65,84.27,84.45
2026-03-26 22:00:00,84.43,84.81,82.52,82.64
2026-03-26 23:00:00,82.6,83.41,81.74,82.54
2026-03-27 00:00:00,82.55,82.62,80.31,80.43
2026-03-27 01:00:00,80.42,81.59,79.74,81.58
2026-03-27 02:00:00,81.57,82.03,80.89,81.67
2026-03-27 03:00:00,81.71,81.75,80.28,80.5
2026-03-27 04:00:00,80.51,82.98,80.47,81.56
2026-03-27 05:00:00,81.59,83.17,81.47,81.5
2026-03-27 06:00:00,81.48,82.68,80.26,80.67
2026-03-27 07:00:00,80.69,82.5,80.6,81.39
2026-03-27 08:00:00,81.41,84.2,81.41,82.49
2026-03-27 09:00:00,82.46,82.5,80.8,80.87
2026-03-27 10:00:00,80.88,81.72,78.7,79.08
2026-03-27 11:00:00,79.03,80.33,78.34,80.17
2026-03-27 12:00:00,80.18,80.83,79.14,80.35
2026-03-27 13:00:00,80.37,81.12,79.7,80.79
2026-03-27 14:00:00,80.76,80.8,78.91,80.66
2026-03-27 15:00:00,80.64,81.09,79.32,80.5
2026-03-27 16:00:00,80.49,82.06,80.2,81.86
2026-03-27 17:00:00,81.87,84.19,81.77,84.14
2026-03-27 18:00:00,84.14,84.17,81.99,83.59
2026-03-27 19:00:00,83.58,84.18,82.97,83.62
2026-03-27 20:00:00,83.61,84.04,81.01,81.19
2026-03-27 21:00:00,81.21,81.56,79.64,79.81
2026-03-27 22:00:00,79.83,80.77,78.61,80.4
2026-03-27 23:00:00,80.39,81.18,79.39,79.83
2026-03-28 00:00:00,79.83,79.91,77.95,78.08
2026-03-28 01:00:00,78.07,78.81,76.99,78.37
2026-03-28 02:00:00,78.38,79.0,77.55,77.62
2026-03-28 03:00:00,77.63,78.6,77.17,78.53
2026-03-28 04:00:00,78.52,78.76,76.06,76.35
2026-03-28 05:00:00,76.34,76.73,75.09,75.28
2026-03-28 06:00:00,75.28,76.49,74.32,74.59
2026-03-28 07:00:00,74.61,75.39,72.09,72.8
2026-03-28 08:00:00,72.81,74.17,72.33,72.55
2026-03-28 09:00:00,72.56,73.99,72.33,73.26
2026-03-28 10:00:00,73.25,74.2,72.54,73.88
2026-03-28 11:00:00,73.89,75.16,73.45,73.79
2026-03-28 12:00:00,73.8,74.6,72.82,72.89
2026-03-28 13:00:00,72.91,73.34,71.93,72.03
2026-03-28 14:00:00,72.06,73.0,71.61,72.69
2026-03-28 15:00:00,72.64,73.08,69.97,70.07
2026-03-28 16:00:00,70.06,71.68,69.7,71.65
2026-03-28 17:00:00,71.65,72.93,71.31,71.94
2026-03-28 18:00:00,71.97,72.39,70.4,72.15
2026-03-28 19:00:00,72.16,74.24,71.71,74.02
2026-03-28 20:00:00,74.0,75.05,73.63,74.52
2026-03-28 21:00:00,74.53,75.7,74.43,75.29
2026-03-28 22:00:00,75.26,76.33,74.75,75.84
2026-03-28 23:00:00,75.81,76.92,75.08,76.5
2026-03-29 00:00:00,76.5,76.65,74.79,75.02
2026-03-29 01:00:00,75.01,75.06,73.9,74.31
2026-03-29 02:00:00,74.28,74.73,70.64,71.23
2026-03-29 03:00:00,71.23,72.13,70.33,71.96
2026-03-29 04:00:00,71.97,72.59,71.15,71.76
2026-03-29 05:00:00,71.75,72.6,71.23,72.17
2026-03-29 06:00:00,72.14,73.0,71.3,72.86
2026-03-29 07:00:00,72.83,74.4,72.43,73.2
2026-03-29 08:00:00,73.19,73.82,72.23,72.56
2026-03-29 09:00:00,72.57,73.83,72.17,72.62
2026-03-29 10:00:00,72.59,72.68,70.1,70.44
2026-03-29 11:00:00,70.43,72.85,70.36,72.4
2026-03-29 12:00:00,72.36,73.55,72.1,72.16
2026-03-29 13:00:00,72.2,72.67,71.02,72.52
2026-03-29 14:00:00,72.52,72.98,71.21,71.26
2026-03-29 15:00:00,71.23,71.81,70.4,70.54
2026-03-29 16:00:00,70.53,70.8,69.22,69.3
2026-03-29 17:00:00,69.27,69.69,67.91,69.32
2026-03-29 18:00:00,69.33,70.38,68.08,68.39
2026-03-29 19:00:00,68.37,69.61,67.77,69.59
2026-03-29 20:00:00,69.61,70.81,69.22,70.43
2026-03-29 21:00:00,70.44,71.54,69.35,70.28
2026-03-29 22:00:00,70.28,70.38,68.56,69.44
2026-03-29 23:00:00,69.41,70.54,68.9,69.46
2026-03-30 00:00:00,69.46,69.56,67.82,68.62
2026-03-30 01:00:00,68.65,69.11,68.08,68.7
2026-03-30 02:00:00,68.67,69.9,67.01,67.23
2026-03-30 03:00:00,67.22,67.4,64.31,64.61
2026-03-30 04:00:00,64.63,66.51,64.43,66.27
2026-03-30 05:00:00,66.25,66.34,64.67,64.81
2026-03-30 06:00:00,64.79,65.0,63.78,64.84
2026-03-30 07:00:00,64.87,65.95,64.82,65.21
2026-03-30 08:00:00,65.21,66.21,64.79,65.16
2026-03-30 09:00:00,65.19,66.01,64.35,64.62
2026-03-30 10:00:00,64.61,65.56,63.86,63.86
2026-03-30 11:00:00,63.87,65.47,63.75,65.38
2026-03-30 12:00:00,65.39,66.29,64.88,65.24
2026-03-30 13:00:00,65.21,65.62,64.47,64.51
2026-03-30 14:00:00,64.51,64.78,63.27,63.83
2026-03-30 15:00:00,63.83,64.89,63.08,63.81
2026-03-30 16:00:00,63.79,65.85,63.79,64.61
2026-03-30 17:00:00,64.59,65.05,64.07,64.27
2026-03-30 18:00:00,64.27,64.86,63.57,63.63
2026-03-30 19:00:00,63.64,64.02,62.8,63.58
2026-03-30 20:00:00,63.57,63.64,62.7,62.94
2026-03-30 21:00:00,62.93,62.93,61.4,61.99
2026-03-30 22:00:00,62.01,62.83,61.88,62.45
2026-03-30 23:00:00,62.48,63.75,62.21,63.06
2026-03-31 00:00:00,63.08,64.15,62.82,63.15
2026-03-31 01:00:00,63.12,63.6,62.14,62.54
2026-03-31 02:00:00,62.54,62.57,61.8,62.09
2026-03-31 03:00:00,62.09,62.37,60.27,61.75
2026-03-31 04:00:00,61.76,62.06,60.87,61.12
2026-03-31 05:00:00,61.16,62.92,60.9,61.95
2026-03-31 06:00:00,61.95,61.96,59.89,60.33
2026-03-31 07:00:00,60.31,60.43,59.62,59.88
2026-03-31 08:00:00,59.86,60.1,58.86,59.31
2026-03-31 09:00:00,59.3,59.44,57.33,58.36
2026-03-31 10:00:00,58.39,59.16,57.88,58.07
2026-03-31 11:00:00,58.06,58.09,56.75,57.2
2026-03-31 12:00:00,57.19,57.35,56.57,56.93
2026-03-31 13:00:00,56.92,57.52,55.88,56.77
2026-03-31 14:00:00,56.78,58.17,56.74,57.04
2026-03-31 15:00:00,57.02,58.16,56.91,57.61
2026-03-31 16:00:00,57.59,57.75,56.91,57.43
2026-03-31 17:00:00,57.41,57.58,55.87,56.27
2026-03-31 18:00:00,56.25,56.81,55.81,55.97
2026-03-31 19:00:00,55.98,56.85,55.57,55.61
2026-03-31 20:00:00,55.61,57.06,55.25,56.89
2026-03-31 21:00:00,56.86,57.53,56.62,57.07
2026-03-31 22:00:00,57.07,58.57,56.65,57.81
2026-03-31 23:00:00,57.81,59.18,57.46,57.93
2026-04-01 00:00:00,57.94,58.65,57.56,58.37
2026-04-01 01:00:00,58.4,59.05,58.19,58.94
2026-04-01 02:00:00,58.94,59.29,58.03,58.94
2026-04-01 03:00:00,58.98,60.57,58.88,59.9
2026-04-01 04:00:00,59.89,60.51,59.08,59.92
2026-04-01 05:00:00,59.92,60.07,59.01,59.72
2026-04-01 06:00:00,59.71,59.97,57.91,58.11
2026-04-01 07:00:00,58.09,58.55,57.26,57.27
2026-04-01 08:00:00,57.26,57.3,56.39,56.78
2026-04-01 09:00:00,56.78,57.34,56.32,56.4
2026-04-01 10:00:00,56.38,56.8,55.41,55.53
2026-04-01 11:00:00,55.51,56.11,55.28,55.5
2026-04-01 12:00:00,55.49,56.31,54.83,54.91
2026-04-01 13:00:00,54.92,56.13,54.83,55.52
2026-04-01 14:00:00,55.52,55.71,53.42,53.57
2026-04-01 15:00:00,53.55,54.85,52.98,54.08
2026-04-01 16:00:00,54.11,54.15,53.11,53.7
2026-04-01 17:00:00,53.72,54.68,53.24,53.97
2026-04-01 18:00:00,53.94,55.5,53.18,55.13
2026-04-01 19:00:00,55.1,55.32,53.38,53.48
2026-04-01 20:00:00,53.47,54.0,52.03,52.17
2026-04-01 21:00:00,52.17,52.3,51.18,51.29
2026-04-01 22:00:00,51.3,51.41,49.97,50.03
2026-04-01 23:00:00,50.03,50.75,49.16,49.39
2026-04-02 00:00:00,49.41,49.56,48.63,48.85
2026-04-02 01:00:00,48.84,49.1,47.64,48.42
2026-04-02 02:00:00,48.43,49.37,48.07,48.67
2026-04-02 03:00:00,48.66,49.34,48.28,49.27
2026-04-02 04:00:00,49.27,50.69,49.15,50.45
2026-04-02 05:00:00,50.45,50.54,49.59,49.96
2026-04-02 06:00:00,49.95,51.31,49.9,50.66
2026-04-02 07:00:00,50.66,52.08,50.37,52.03
2026-04-02 08:00:00,52.01,52.48,51.78,52.44
2026-04-02 09:00:00,52.43,54.04,52.14,54.0
2026-04-02 10:00:00,53.99,54.81,53.73,54.35
2026-04-02 11:00:00,54.35,56.77,54.13,56.74
2026-04-02 12:00:00,56.74,57.02,55.79,56.67
2026-04-02 13:00:00,56.68,56.84,55.72,55.93
2026-04-02 14:00:00,55.92,56.14,54.64,54.64
2026-04-02 15:00:00,54.65,55.43,53.97,54.04
2026-04-02 16:00:00,54.04,54.81,53.75,54.74
2026-04-02 17:00:00,54.73,54.77,52.96,53.14
2026-04-02 18:00:00,53.14,53.94,53.06,53.84
2026-04-02 19:00:00,53.85,54.33,52.74,52.9
2026-04-02 20:00:00,52.9,53.29,52.14,53.07
2026-04-02 21:00:00,53.08,53.5,51.65,51.89
2026-04-02 22:00:00,51.89,52.67,51.55,52.52
2026-04-02 23:00:00,52.52,52.81,51.43,51.52
2026-04-03 00:00:00,51.5,51.83,50.84,51.42
2026-04-03 01:00:00,51.4,53.02,51.21,52.8
2026-04-03 02:00:00,52.79,54.24,52.65,53.2
2026-04-03 03:00:00,53.17,53.92,52.99,53.27
2026-04-03 04:00:00,53.28,53.38,52.18,52.63
2026-04-03 05:00:00,52.64,53.56,52.29,52.86
2026-04-03 06:00:00,52.85,52.99,51.27,52.8
2026-04-03 07:00:00,52.82,53.68,52.34,53.33
2026-04-03 08:00:00,53.33,54.25,53.19,53.85
2026-04-03 09:00:00,53.86,54.19,53.18,53.78
2026-04-03 10:00:00,53.78,53.88,52.14,52.3
2026-04-03 11:00:00,52.3,52.88,51.72,52.84
2026-04-03 12:00:00,52.84,53.78,52.39,53.71
2026-04-03 13:00:00,53.71,54.22,52.58,52.74
2026-04-03 14:00:00,52.74,53.52,52.48,53.27
2026-04-03 15:00:00,53.25,54.49,53.1,54.0
2026-04-03 16:00:00,54.03,54.21,52.89,53.23
2026-04-03 17:00:00,53.24,53.9,52.94,53.41
2026-04-03 18:00:00,53.41,54.17,52.79,54.01
2026-04-03 19:00:00,54.01,54.48,53.59,53.74
2026-04-03 20:00:00,53.74,55.08,53.68,55.06
2026-04-03 21:00:00,55.08,56.14,55.03,55.67
2026-04-03 22:00:00,55.68,59.34,55.66,58.89
2026-04-03 23:00:00,58.89,60.62,58.16,60.16
2026-04-04 00:00:00,60.17,60.91,59.97,60.15
2026-04-04 01:00:00,60.16,61.08,60.11,60.92
2026-04-04 02:00:00,60.93,63.41,60.68,62.87
2026-04-04 03:00:00,62.87,64.45,62.31,64.25
2026-04-04 04:00:00,64.24,64.43,62.88,63.33
2026-04-04 05:00:00,63.33,63.4,61.75,62.73
2026-04-04 06:00:00,62.73,62.78,60.78,60.92
2026-04-04 07:00:00,60.91,62.34,60.61,60.63
2026-04-04 08:00:00,60.63,60.67,59.45,59.56
2026-04-04 09:00:00,59.55,59.71,58.53,59.3
2026-04-04 10:00:00,59.31,60.09,58.97,59.94
2026-04-04 11:00:00,59.92,60.04,58.1,58.68
2026-04-04 12:00:00,58.68,59.25,58.02,59.21
2026-04-04 13:00:00,59.2,59.45,56.75,56.87
2026-04-04 14:00:00,56.85,56.92,55.12,56.04
2026-04-04 15:00:00,56.04,56.11,55.04,55.78
2026-04-04 16:00:00,55.79,55.84,54.21,54.84
2026-04-04 17:00:00,54.83,55.55,54.44,54.45
2026-04-04 18:00:00,54.46,54.78,52.83,53.21
2026-04-04 19:00:00,53.22,53.28,52.05,52.32
2026-04-04 20:00:00,52.32,52.53,51.19,52.1
2026-04-04 21:00:00,52.08,52.29,51.39,51.66
2026-04-04 22:00:00,51.66,52.68,51.22,52.56
2026-04-04 23:00:00,52.57,52.59,51.0,51.22
2026-04-05 00:00:00,51.22,51.51,50.55,51.49
2026-04-05 01:00:00,51.48,51.51,49.24,49.26
2026-04-05 02:00:00,49.27,49.66,48.65,49.13
2026-04-05 03:00:00,49.13,49.33,47.89,47.92
2026-04-05 04:00:00,47.92,48.87,47.03,47.23
2026-04-05 05:00:00,47.23,47.25,45.65,45.65
2026-04-05 06:00:00,45.66,46.64,45.56,46.59
2026-04-05 07:00:00,46.6,46.75,45.05,45.11
2026-04-05 08:00:00,45.09,45.85,45.06,45.62
2026-04-05 09:00:00,45.61,45.75,44.52,44.79
2026-04-05 10:00:00,44.77,45.2,44.41,44.95
2026-04-05 11:00:00,44.96,46.73,44.96,46.34
2026-04-05 12:00:00,46.32,46.37,45.2,45.59
2026-04-05 13:00:00,45.6,45.71,44.55,45.15
2026-04-05 14:00:00,45.13,45.42,44.8,45.02
2026-04-05 15:00:00,45.03,45.39,44.49,44.66
2026-04-05 16:00:00,44.65,44.65,43.81,44.4
2026-04-05 17:00:00,44.4,45.36,44.4,45.09
2026-04-05 18:00:00,45.09,45.63,44.75,45.29
2026-04-05 19:00:00,45.29,45.65,44.84,45.59
2026-04-05 20:00:00,45.59,45.95,44.18,44.32
2026-04-05 21:00:00,44.33,44.82,43.81,44.69
2026-04-05 22:00:00,44.69,45.29,44.46,45.27
2026-04-05 23:00:00,45.27,45.58,44.57,45.38
2026-04-06 00:00:00,45.39,45.89,44.58,44.99
2026-04-06 01:00:00,44.99,45.42,43.98,44.11
2026-04-06 02:00:00,44.1,44.2,43.14,43.51
2026-04-06 03:00:00,43.49,44.22,43.23,43.42
2026-04-06 04:00:00,43.43,44.07,43.21,43.28
2026-04-06 05:00:00,43.3,43.97,43.2,43.39
2026-04-06 06:00:00,43.39,43.67,42.72,42.72
2026-04-06 07:00:00,42.72,43.04,41.71,41.93
2026-04-06 08:00:00,41.92,42.59,41.78,42.55
2026-04-06 09:00:00,42.55,43.81,42.36,43.74
2026-04-06 10:00:00,43.73,45.45,43.72,45.38
2026-04-06 11:00:00,45.39,46.04,45.08,45.38
2026-04-06 12:00:00,45.38,45.5,44.61,44.85
2026-04-06 13:00:00,44.86,46.88,44.84,46.27
2026-04-06 14:00:00,46.27,47.55,45.83,47.45
2026-04-06 15:00:00,47.44,48.25,47.19,48.08
2026-04-06 16:00:00,48.09,48.96,47.91,48.39
2026-04-06 17:00:00,48.41,49.98,48.03,49.97
2026-04-06 18:00:00,49.97,51.4,49.94,50.32
2026-04-06 19:00:00,50.33,50.37,48.89,49.73
2026-04-06 20:00:00,49.76,50.2,49.32,49.82
2026-04-06 21:00:00,49.83,51.27,49.45,51.17
2026-04-06 22:00:00,51.16,51.43,50.75,51.14
2026-04-06 23:00:00,51.14,51.4,50.4,50.56
2026-04-07 00:00:00,50.55,51.1,50.09,50.86
2026-04-07 01:00:00,50.84,51.78,50.63,51.2
2026-04-07 02:00:00,51.23,51.23,49.64,49.97
2026-04-07 03:00:00,49.98,50.23,48.95,49.17
2026-04-07 04:00:00,49.15,49.27,48.22,48.26
2026-04-07 05:00:00,48.23,48.46,47.35,48.01
2026-04-07 06:00:00,48.02,49.62,47.93,48.82
2026-04-07 07:00:00,48.8,49.08,47.77,48.53
2026-04-07 08:00:00,48.53,48.73,46.74,46.74
2026-04-07 09:00:00,46.75,47.16,45.58,45.68
2026-04-07 10:00:00,45.66,46.64,45.57,46.62
2026-04-07 11:00:00,46.61,48.76,46.55,48.42
2026-04-07 12:00:00,48.44,48.97,47.99,48.93
2026-04-07 13:00:00,48.91,49.16,48.22,48.76
2026-04-07 14:00:00,48.76,48.86,47.69,48.51
2026-04-07 15:00:00,48.51,48.78,47.87,48.12
2026-04-07 16:00:00,48.13,48.17,47.26,47.51
2026-04-07 17:00:00,47.52,48.45,47.04,48.15
2026-04-07 18:00:00,48.16,48.25,46.01,46.02
2026-04-07 19:00:00,46.02,46.54,45.54,45.92
2026-04-07 20:00:00,45.92,47.92,45.74,47.38
2026-04-07 21:00:00,47.37,48.17,46.88,47.47
2026-04-07 22:00:00,47.46,47.77,46.18,46.31
2026-04-07 23:00:00,46.32,48.01,46.24,47.78
2026-04-08 00:00:00,47.78,48.38,47.05,47.31
2026-04-08 01:00:00,47.32,47.48,45.71,45.86
2026-04-08 02:00:00,45.84,46.55,45.4,46.41
2026-04-08 03:00:00,46.39,47.29,45.97,46.98
2026-04-08 04:00:00,47.0,47.36,46.52,46.6
2026-04-08 05:00:00,46.6,47.66,46.43,47.56
2026-04-08 06:00:00,47.56,48.96,47.47,48.83
2026-04-08 07:00:00,48.82,49.02,47.77,48.35
2026-04-08 08:00:00,48.33,49.83,48.29,49.24
2026-04-08 09:00:00,49.22,49.35,48.27,48.39
2026-04-08 10:00:00,48.39,48.48,46.81,47.03
2026-04-08 11:00:00,47.03,48.48,46.91,48.29
2026-04-08 12:00:00,48.3,48.66,47.6,47.96
2026-04-08 13:00:00,47.97,48.09,46.07,46.26
2026-04-08 14:00:00,46.27,47.46,45.94,47.25
2026-04-08 15:00:00,47.27,48.06,47.12,47.42
2026-04-08 16:00:00,47.41,47.72,46.9,46.97
2026-04-08 17:00:00,46.96,46.98,45.8,45.93
2026-04-08 18:00:00,45.92,46.19,45.0,46.19
2026-04-08 19:00:00,46.21,46.54,45.82,45.85
2026-04-08 20:00:00,45.85,46.07,45.17,45.21
2026-04-08 21:00:00,45.2,45.87,44.71,45.69
2026-04-08 22:00:00,45.7,46.08,45.28,45.83
2026-04-08 23:00:00,45.83,45.91,44.95,45.28
2026-04-09 00:00:00,45.28,45.95,44.95,45.74
2026-04-09 01:00:00,45.74,46.1,45.1,45.52
2026-04-09 02:00:00,45.5,46.16,45.27,45.34
2026-04-09 03:00:00,45.34,45.75,44.9,45.59
2026-04-09 04:00:00,45.6,46.11,44.63,44.93
2026-04-09 05:00:00,44.93,45.8,44.6,45.66
2026-04-09 06:00:00,45.66,45.84,44.31,44.45
2026-04-09 07:00:00,44.43,44.58,43.92,44.15
2026-04-09 08:00:00,44.16,44.6,43.84,44.25
2026-04-09 09:00:00,44.26,44.99,43.82,44.14
2026-04-09 10:00:00,44.15,44.76,43.95,44.35
2026-04-09 11:00:00,44.33,44.67,43.57,44.57
2026-04-09 12:00:00,44.57,45.31,44.41,44.42
2026-04-09 13:00:00,44.4,44.64,43.36,43.53
2026-04-09 14:00:00,43.52,44.06,42.87,44.01
2026-04-09 15:00:00,44.04,44.35,43.58,43.75
2026-04-09 16:00:00,43.75,44.44,43.13,44.29
2026-04-09 17:00:00,44.3,44.32,43.24,44.14
2026-04-09 18:00:00,44.12,44.18,42.96,43.41
2026-04-09 19:00:00,43.42,45.2,43.42,44.85
2026-04-09 20:00:00,44.85,46.87,44.77,46.4
2026-04-09 21:00:00,46.4,48.34,46.32,47.34
2026-04-09 22:00:00,47.34,47.5,46.73,46.92
2026-04-09 23:00:00,46.92,47.57,46.45,46.61
2026-04-10 00:00:00,46.62,46.84,45.8,46.68
2026-04-10 01:00:00,46.7,47.73,46.53,47.48
2026-04-10 02:00:00,47.46,47.75,46.73,47.22
2026-04-10 03:00:00,47.21,47.56,46.87,47.16
2026-04-10 04:00:00,47.17,47.73,46.97,47.24
2026-04-10 05:00:00,47.24,48.08,46.64,47.84
2026-04-10 06:00:00,47.83,48.02,47.12,47.27
2026-04-10 07:00:00,47.29,47.93,47.02,47.8
2026-04-10 08:00:00,47.82,48.74,47.49,47.69
2026-04-10 09:00:00,47.68,47.73,46.91,47.07
2026-04-10 10:00:00,47.05,48.18,46.96,47.65
2026-04-10 11:00:00,47.65,47.92,47.24,47.89
2026-04-10 12:00:00,47.89,48.87,47.52,48.12
2026-04-10 13:00:00,48.1,48.48,47.58,47.95
2026-04-10 14:00:00,47.94,48.47,47.54,48.03
2026-04-10 15:00:00,48.03,48.29,46.64,46.82
2026-04-10 16:00:00,46.82,48.32,46.7,48.14
2026-04-10 17:00:00,48.11,49.23,47.96,48.77
2026-04-10 18:00:00,48.78,50.03,48.78,49.18
2026-04-10 19:00:00,49.15,49.58,48.88,49.23
2026-04-10 20:00:00,49.23,49.35,47.91,48.44
2026-04-10 21:00:00,48.43,49.05,48.02,48.28
2026-04-10 22:00:00,48.3,48.64,47.33,47.43
2026-04-10 23:00:00,47.44,47.96,47.14,47.71
2026-04-11 00:00:00,47.73,47.95,47.28,47.77
2026-04-11 01:00:00,47.77,48.63,47.27,47.59
2026-04-11 02:00:00,47.57,47.62,45.52,46.29
2026-04-11 03:00:00,46.31,46.4,45.19,45.52
2026-04-11 04:00:00,45.52,45.86,45.15,45.44
2026-04-11 05:00:00,45.45,45.63,44.75,45.35
2026-04-11 06:00:00,45.36,46.34,45.29,45.9
2026-04-11 07:00:00,45.9,46.64,45.75,46.3
2026-04-11 08:00:00,46.3,46.34,45.09,45.39
2026-04-11 09:00:00,45.4,47.03,45.06,46.95
2026-04-11 10:00:00,46.95,48.22,46.93,48.06
2026-04-11 11:00:00,48.06,49.53,47.82,49.22
2026-04-11 12:00:00,49.23,50.06,48.84,50.04
2026-04-11 13:00:00,50.05,50.56,49.78,50.37
2026-04-11 14:00:00,50.36,50.8,49.85,49.91
2026-04-11 15:00:00,49.89,50.69,49.71,50.62
2026-04-11 16:00:00,50.63,50.97,49.33,50.22
2026-04-11 17:00:00,50.2,52.2,50.09,51.39
2026-04-11 18:00:00,51.38,52.21,51.01,51.92
2026-04-11 19:00:00,51.9,52.69,51.73,52.29
2026-04-11 20:00:00,52.28,52.51,51.15,51.16
2026-04-11 21:00:00,51.15,51.22,49.32,49.39
2026-04-11 22:00:00,49.39,49.98,48.22,48.41
2026-04-11 23:00:00,48.41,48.48,47.03,47.47
2026-04-12 00:00:00,47.46,47.9,46.68,47.8
2026-04-12 01:00:00,47.81,48.4,47.32,48.09
2026-04-12 02:00:00,48.11,48.38,47.49,48.04
2026-04-12 03:00:00,48.04,48.09,47.45,47.96
2026-04-12 04:00:00,47.97,48.08,46.74,47.65
2026-04-12 05:00:00,47.66,47.88,46.65,46.83
2026-04-12 06:00:00,46.82,47.59,46.54,47.47
2026-04-12 07:00:00,47.47,48.88,47.42,48.74
2026-04-12 08:00:00,48.75,49.46,47.76,49.42
2026-04-12 09:00:00,49.43,49.75,48.78,49.38
2026-04-12 10:00:00,49.38,50.46,49.3,49.84
2026-04-12 11:00:00,49.84,50.34,49.42,49.65
2026-04-12 12:00:00,49.64,49.7,48.45,48.9
2026-04-12 13:00:00,48.89,50.32,48.7,49.52
2026-04-12 14:00:00,49.52,50.44,49.41,50.16
2026-04-12 15:00:00,50.16,50.64,49.74,49.8
2026-04-12 16:00:00,49.79,50.04,48.65,49.15
2026-04-12 17:00:00,49.13,49.46,48.27,48.43
2026-04-12 18:00:00,48.42,48.6,47.94,48.03
2026-04-12 19:00:00,48.02,48.93,48.01,48.67
2026-04-12 20:00:00,48.67,49.44,48.27,49.3
2026-04-12 21:00:00,49.32,49.53,48.49,48.55
2026-04-12 22:00:00,48.55,48.84,47.58,48.31
2026-04-12 23:00:00,48.35,49.51,48.3,48.76
2026-04-13 00:00:00,48.75,48.88,47.42,47.6
2026-04-13 01:00:00,47.6,49.09,47.35,48.79
2026-04-13 02:00:00,48.79,49.49,48.07,48.45
2026-04-13 03:00:00,48.45,49.24,47.97,49.0
2026-04-13 04:00:00,48.99,49.11,48.12,48.48
2026-04-13 05:00:00,48.46,48.7,47.78,48.35
2026-04-13 06:00:00,48.38,48.67,47.76,48.29
2026-04-13 07:00:00,48.29,48.59,47.88,48.4
2026-04-13 08:00:00,48.41,48.76,47.78,48.49
2026-04-13 09:00:00,48.49,49.2,48.28,49.12
2026-04-13 10:00:00,49.11,49.76,48.88,49.57
2026-04-13 11:00:00,49.57,49.79,48.66,49.29
2026-04-13 12:00:00,49.28,50.02,49.09,49.63
2026-04-13 13:00:00,49.62,50.22,49.13,49.86
2026-04-13 14:00:00,49.87,51.24,49.8,51.18
2026-04-13 15:00:00,51.18,51.36,50.18,50.58
2026-04-13 16:00:00,50.58,50.96,50.03,50.45
2026-04-13 17:00:00,50.44,51.66,50.06,51.2
2026-04-13 18:00:00,51.21,52.45,50.48,52.23
2026-04-13 19:00:00,52.24,52.43,51.76,52.42
2026-04-13 20:00:00,52.39,52.62,51.89,51.96
2026-04-13 21:00:00,51.98,52.01,50.97,51.22
2026-04-13 22:00:00,51.22,51.87,50.36,50.36
2026-04-13 23:00:00,50.36,51.15,49.81,50.9
2026-04-14 00:00:00,50.9,51.45,50.71,51.42
2026-04-14 01:00:00,51.41,51.6,50.54,50.64
2026-04-14 02:00:00,50.62,51.6,50.45,50.75
2026-04-14 03:00:00,50.78,51.39,50.26,50.53
2026-04-14 04:00:00,50.52,51.21,50.2,50.62
2026-04-14 05:00:00,50.63,51.69,50.53,51.44
2026-04-14 06:00:00,51.46,51.59,50.35,51.34
2026-04-14 07:00:00,51.34,53.13,50.94,53.09
2026-04-14 08:00:00,53.1,54.16,53.0,54.14
2026-04-14 09:00:00,54.13,55.48,54.13,54.8
2026-04-14 10:00:00,54.79,55.42,54.18,54.88
2026-04-14 11:00:00,54.88,55.25,53.63,53.87
2026-04-14 12:00:00,53.88,54.94,53.66,54.63
2026-04-14 13:00:00,54.65,56.51,54.56,56.48
2026-04-14 14:00:00,56.47,56.66,55.76,56.41
2026-04-14 15:00:00,56.43,56.81,54.76,55.17
2026-04-14 16:00:00,55.17,55.89,55.05,55.34
2026-04-14 17:00:00,55.35,55.62,54.27,54.92
2026-04-14 18:00:00,54.9,55.7,54.8,55.63
2026-04-14 19:00:00,55.64,57.06,55.53,56.42
2026-04-14 20:00:00,56.41,57.35,55.75,57.2
2026-04-14 21:00:00,57.23,57.62,56.52,57.11
2026-04-14 22:00:00,57.14,58.01,56.83,57.32
2026-04-14 23:00:00,57.32,57.74,56.09,56.64
2026-04-15 00:00:00,56.59,56.68,55.61,56.07
2026-04-15 01:00:00,56.08,56.53,55.24,55.68
2026-04-15 02:00:00,55.67,57.49,55.44,57.1
2026-04-15 03:00:00,57.1,57.61,56.63,57.24
2026-04-15 04:00:00,57.23,57.78,56.4,57.65
2026-04-15 05:00:00,57.64,59.5,57.41,59.25
2026-04-15 06:00:00,59.24,59.55,58.36,58.86
2026-04-15 07:00:00,58.86,59.27,58.06,58.83
2026-04-15 08:00:00,58.84,59.72,58.33,58.4
2026-04-15 09:00:00,58.4,59.76,58.15,59.69
2026-04-15 10:00:00,59.71,59.8,58.63,58.67
2026-04-15 11:00:00,58.68,61.65,58.42,61.43
2026-04-15 12:00:00,61.39,61.51,60.23,60.35
2026-04-15 13:00:00,60.34,61.52,60.07,61.43
2026-04-15 14:00:00,61.46,61.69,60.67,61.33
2026-04-15 15:00:00,61.33,61.43,59.22,59.25
2026-04-15 16:00:00,59.28,59.75,58.52,59.15
2026-04-15 17:00:00,59.13,59.84,58.85,58.85
2026-04-15 18:00:00,58.82,59.38,58.23,58.48
2026-04-15 19:00:00,58.49,58.74,57.5,58.08
2026-04-15 20:00:00,58.09,58.8,57.05,57.05
2026-04-15 21:00:00,57.01,58.27,56.8,57.91
2026-04-15 22:00:00,57.89,59.88,57.58,59.21
2026-04-15 23:00:00,59.22,59.54,57.88,58.77
2026-04-16 00:00:00,58.76,59.85,58.32,58.98
2026-04-16 01:00:00,58.95,58.96,55.66,55.67
2026-04-16 02:00:00,55.66,56.04,55.03,55.64
2026-04-16 03:00:00,55.66,55.9,54.42,55.11
2026-04-16 04:00:00,55.13,55.43,53.73,54.39
2026-04-16 05:00:00,54.37,55.28,54.37,54.97
2026-04-16 06:00:00,54.97,55.51,54.16,55.07
2026-04-16 07:00:00,55.07,55.13,54.07,54.74
2026-04-16 08:00:00,54.78,55.37,54.3,55.1
2026-04-16 09:00:00,55.09,56.07,55.03,55.67
2026-04-16 10:00:00,55.68,56.87,55.57,56.72
2026-04-16 11:00:00,56.7,57.36,56.37,56.63
2026-04-16 12:00:00,56.64,56.97,56.03,56.46
2026-04-16 13:00:00,56.46,56.72,55.6,56.27
2026-04-16 14:00:00,56.25,56.62,55.9,56.29
2026-04-16 15:00:00,56.3,56.93,55.77,55.94
2026-04-16 16:00:00,55.96,56.44,55.45,55.54
2026-04-16 17:00:00,55.56,55.83,54.54,55.76
2026-04-16 18:00:00,55.75,55.77,54.46,54.64
2026-04-16 19:00:00,54.64,54.73,52.47,52.61
2026-04-16 20:00:00,52.59,53.36,52.29,52.8
2026-04-16 21:00:00,52.79,53.27,52.11,53.24
2026-04-16 22:00:00,53.23,53.3,51.21,51.65
2026-04-16 23:00:00,51.64,52.02,50.26,50.92
2026-04-17 00:00:00,50.92,51.48,49.8,50.29
2026-04-17 01:00:00,50.27,50.84,49.85,50.72
2026-04-17 02:00:00,50.7,51.04,49.75,50.02
2026-04-17 03:00:00,50.02,50.61,49.74,50.12
2026-04-17 04:00:00,50.15,50.28,48.09,48.24
2026-04-17 05:00:00,48.25,49.08,48.13,48.29
2026-04-17 06:00:00,48.27,48.79,47.87,48.39
2026-04-17 07:00:00,48.4,48.57,46.66,46.86
2026-04-17 08:00:00,46.87,48.31,46.78,48.26
2026-04-17 09:00:00,48.25,49.49,48.06,49.44
2026-04-17 10:00:00,49.43,49.63,48.58,48.62
2026-04-17 11:00:00,48.62,49.98,48.39,49.82
2026-04-17 12:00:00,49.83,50.58,49.09,50.17
2026-04-17 13:00:00,50.21,51.43,49.38,51.18
2026-04-17 14:00:00,51.19,51.32,50.46,50.85
2026-04-17 15:00:00,50.87,51.98,50.68,51.98
2026-04-17 16:00:00,51.97,53.97,51.45,53.9
2026-04-17 17:00:00,53.91,56.39,53.86,56.39
2026-04-17 18:00:00,56.4,56.9,55.49,55.76
2026-04-17 19:00:00,55.75,57.17,55.48,56.74
2026-04-17 20:00:00,56.72,56.83,55.29,55.52
2026-04-17 21:00:00,55.5,56.27,54.92,55.35
2026-04-17 22:00:00,55.33,56.92,55.07,56.31
2026-04-17 23:00:00,56.31,56.44,55.13,55.42
2026-04-18 00:00:00,55.39,56.23,55.11,55.92
2026-04-18 01:00:00,55.92,57.27,55.53,57.23
2026-04-18 02:00:00,57.26,57.33,54.92,55.46
2026-04-18 03:00:00,55.46,56.14,54.72,55.61
2026-04-18 04:00:00,55.64,56.23,54.71,56.23
2026-04-18 05:00:00,56.25,58.16,55.93,57.85
2026-04-18 06:00:00,57.84,58.1,57.17,58.0
2026-04-18 07:00:00,57.98,58.12,56.45,56.89
2026-04-18 08:00:00,56.91,57.5,56.3,57.25
2026-04-18 09:00:00,57.25,58.09,57.07,57.71
2026-04-18 10:00:00,57.71,58.35,57.38,58.0
2026-04-18 11:00:00,57.98,58.43,57.32,57.63
2026-04-18 12:00:00,57.65,58.2,55.89,56.0
2026-04-18 13:00:00,56.02,56.89,55.94,56.61
2026-04-18 14:00:00,56.6,58.67,56.4,58.47
2026-04-18 15:00:00,58.45,60.27,58.38,60.03
2026-04-18 16:00:00,60.02,61.06,59.71,60.09
2026-04-18 17:00:00,60.09,60.97,59.23,60.88
2026-04-18 18:00:00,60.89,61.2,60.2,60.53
2026-04-18 19:00:00,60.51,60.92,59.64,60.88
2026-04-18 20:00:00,60.91,61.42,60.32,61.1
2026-04-18 21:00:00,61.09,61.11,60.03,60.49
2026-04-18 22:00:00,60.47,61.58,60.3,61.19
2026-04-18 23:00:00,61.2,62.4,60.93,61.58
2026-04-19 00:00:00,61.57,62.87,61.5,61.6
2026-04-19 01:00:00,61.58,63.05,61.46,62.25
2026-04-19 02:00:00,62.25,62.54,61.56,62.45
2026-04-19 03:00:00,62.46,62.82,61.93,62.16
2026-04-19 04:00:00,62.16,62.25,61.15,61.92
2026-04-19 05:00:00,61.93,62.61,61.14,61.24
2026-04-19 06:00:00,61.27,61.4,60.47,60.92
2026-04-19 07:00:00,60.91,61.84,60.78,61.32
2026-04-19 08:00:00,61.32,62.03,60.93,61.97
2026-04-19 09:00:00,61.97,63.67,61.93,62.86
2026-04-19 10:00:00,62.86,63.16,62.29,62.99
2026-04-19 11:00:00,63.01,63.51,61.29,61.45
2026-04-19 12:00:00,61.44,61.78,60.56,60.8
2026-04-19 13:00:00,60.79,61.12,60.45,60.79
2026-04-19 14:00:00,60.8,61.7,59.93,61.34
2026-04-19 15:00:00,61.34,62.5,61.14,62.43
2026-04-19 16:00:00,62.44,63.36,61.84,62.28
2026-04-19 17:00:00,62.28,62.85,61.17,61.17
2026-04-19 18:00:00,61.15,62.07,61.02,61.97
2026-04-19 19:00:00,61.99,62.67,61.61,62.41
2026-04-19 20:00:00,62.39,64.09,62.17,62.88
2026-04-19 21:00:00,62.89,63.04,62.04,62.32
2026-04-19 22:00:00,62.33,62.74,61.01,61.15
2026-04-19 23:00:00,61.13,62.0,59.49,59.77
2026-04-20 00:00:00,59.78,60.4,58.86,58.95
2026-04-20 01:00:00,58.96,60.34,58.77,59.79
2026-04-20 02:00:00,59.78,60.06,58.78,59.7
2026-04-20 03:00:00,59.7,59.93,57.94,59.07
2026-04-20 04:00:00,59.1,60.08,58.55,58.82
2026-04-20 05:00:00,58.83,59.35,58.37,59.1
2026-04-20 06:00:00,59.11,59.36,56.92,56.92
2026-04-20 07:00:00,56.94,57.06,55.55,55.7
2026-04-20 08:00:00,55.71,55.98,54.4,54.61
2026-04-20 09:00:00,54.61,55.07,53.83,54.17
2026-04-20 10:00:00,54.19,54.9,53.78,54.53
2026-04-20 11:00:00,54.54,54.85,52.61,52.83
2026-04-20 12:00:00,52.83,54.36,52.19,54.32
2026-04-20 13:00:00,54.29,54.91,53.39,54.2
2026-04-20 14:00:00,54.21,55.65,53.84,54.8
2026-04-20 15:00:00,54.79,55.72,54.68,55.16
2026-04-20 16:00:00,55.16,55.89,54.2,54.34
2026-04-20 17:00:00,54.33,54.93,53.94,54.4
2026-04-20 18:00:00,54.4,54.88,53.7,54.02
2026-04-20 19:00:00,54.04,54.28,51.8,52.39
2026-04-20 20:00:00,52.39,52.81,51.16,51.34
2026-04-20 21:00:00,51.36,51.99,51.06,51.96
2026-04-20 22:00:00,51.97,53.57,51.51,53.42
2026-04-20 23:00:00,53.42,54.1,52.77,53.95
2026-04-21 00:00:00,53.98,55.02,53.38,54.98
2026-04-21 01:00:00,54.99,55.65,54.41,55.19
2026-04-21 02:00:00,55.18,56.72,54.89,56.51
2026-04-21 03:00:00,56.48,57.66,56.16,57.09
2026-04-21 04:00:00,57.07,57.66,56.58,57.15
2026-04-21 05:00:00,57.13,57.8,56.34,57.12
2026-04-21 06:00:00,57.12,58.37,57.05,57.72
2026-04-21 07:00:00,57.71,57.85,56.29,56.44
2026-04-21 08:00:00,56.42,56.61,55.33,55.45
2026-04-21 09:00:00,55.45,57.17,55.26,57.06
2026-04-21 10:00:00,57.05,58.87,56.75,58.85
2026-04-21 11:00:00,58.87,59.0,58.13,58.25
2026-04-21 12:00:00,58.23,58.61,57.61,58.5
2026-04-21 13:00:00,58.47,59.4,58.1,58.98
2026-04-21 14:00:00,58.96,59.81,58.7,59.6
2026-04-21 15:00:00,59.59,60.04,59.28,59.56
2026-04-21 16:00:00,59.59,61.04,59.01,60.71
2026-04-21 17:00:00,60.7,61.57,58.95,59.02
2026-04-21 18:00:00,59.01,59.39,57.97,58.62
2026-04-21 19:00:00,58.63,59.25,57.96,58.82
2026-04-21 20:00:00,58.83,59.41,58.49,58.94
2026-04-21 21:00:00,58.93,59.72,58.77,59.08
2026-04-21 22:00:00,59.09,59.63,58.71,58.88
2026-04-21 23:00:00,58.88,59.1,58.03,58.82
2026-04-22 00:00:00,58.83,60.29,58.25,60.27
2026-04-22 01:00:00,60.3,62.31,60.29,62.3
2026-04-22 02:00:00,62.31,63.55,61.81,63.53
2026-04-22 03:00:00,63.53,64.25,63.22,64.04
2026-04-22 04:00:00,64.03,64.99,62.83,62.92
2026-04-22 05:00:00,62.89,62.9,61.63,62.3
2026-04-22 06:00:00,62.3,62.7,61.09,62.67
2026-04-22 07:00:00,62.67,62.88,61.38,62.43
2026-04-22 08:00:00,62.44,63.54,62.16,63.38
2026-04-22 09:00:00,63.39,64.55,63.31,64.45
2026-04-22 10:00:00,64.45,64.79,62.63,62.76
2026-04-22 11:00:00,62.74,63.26,61.98,63.08
2026-04-22 12:00:00,63.08,64.38,62.31,64.31
2026-04-22 13:00:00,64.32,65.14,63.75,65.13
2026-04-22 14:00:00,65.15,66.22,64.53,66.21
2026-04-22 15:00:00,66.22,66.98,65.92,66.27
2026-04-22 16:00:00,66.27,66.75,65.28,65.29
2026-04-22 17:00:00,65.31,65.7,64.45,64.56
2026-04-22 18:00:00,64.55,67.45,64.45,67.22
2026-04-22 19:00:00,67.21,67.28,64.95,65.33
2026-04-22 20:00:00,65.32,65.85,64.13,64.96
2026-04-22 21:00:00,64.94,65.19,63.84,65.14
2026-04-22 22:00:00,65.17,65.5,64.35,65.05
2026-04-22 23:00:00,65.03,66.13,64.3,66.09
2026-04-23 00:00:00,66.12,66.58,65.02,65.83
2026-04-23 01:00:00,65.81,66.87,64.89,66.83
2026-04-23 02:00:00,66.82,68.33,66.67,67.48
2026-04-23 03:00:00,67.45,68.84,66.46,68.63
2026-04-23 04:00:00,68.61,68.8,67.55,67.98
2026-04-23 05:00:00,67.97,69.23,67.67,67.74
2026-04-23 06:00:00,67.73,69.53,67.63,69.42
2026-04-23 07:00:00,69.41,69.6,68.12,69.03
2026-04-23 08:00:00,69.06,69.27,68.01,68.16
2026-04-23 09:00:00,68.13,68.83,67.39,67.75
2026-04-23 10:00:00,67.75,68.18,66.77,67.72
2026-04-23 11:00:00,67.71,68.91,67.19,68.34
2026-04-23 12:00:00,68.34,69.1,68.1,68.34
2026-04-23 13:00:00,68.38,71.46,68.3,71.38
2026-04-23 14:00:00,71.4,71.55,70.32,71.41
2026-04-23 15:00:00,71.4,71.64,69.42,70.21
2026-04-23 16:00:00,70.22,72.84,70.04,72.84
2026-04-23 17:00:00,72.84,73.01,71.22,72.19
2026-04-23 18:00:00,72.17,76.02,71.97,75.91
2026-04-23 19:00:00,75.9,76.91,75.47,76.05
2026-04-23 20:00:00,76.02,76.83,75.47,76.02
2026-04-23 21:00:00,75.99,78.67,75.45,78.5
2026-04-23 22:00:00,78.51,78.82,77.16,77.77
2026-04-23 23:00:00,77.76,79.91,77.65,78.79
2026-04-24 00:00:00,78.81,80.82,77.75,80.2
2026-04-24 01:00:00,80.17,80.63,78.66,79.32
2026-04-24 02:00:00,79.32,80.38,78.8,80.29
2026-04-24 03:00:00,80.28,80.73,79.06,79.36
2026-04-24 04:00:00,79.37,80.1,78.66,79.5
2026-04-24 05:00:00,79.53,81.6,78.25,80.18
2026-04-24 06:00:00,80.2,80.78,78.17,78.61
2026-04-24 07:00:00,78.59,79.13,77.4,78.44
2026-04-24 08:00:00,78.45,79.33,77.35,78.74
2026-04-24 09:00:00,78.7,78.78,77.29,78.28
2026-04-24 10:00:00,78.28,78.35,76.36,77.48
2026-04-24 11:00:00,77.47,77.67,75.54,76.61
2026-04-24 12:00:00,76.61,77.38,75.65,77.21
2026-04-24 13:00:00,77.2,78.12,76.54,77.42
2026-04-24 14:00:00,77.44,79.55,77.13,79.05
2026-04-24 15:00:00,79.05,80.87,78.99,79.7
2026-04-24 16:00:00,79.68,80.23,78.44,79.95
2026-04-24 17:00:00,79.97,80.25,77.44,77.65
2026-04-24 18:00:00,77.66,78.67,75.79,77.39
2026-04-24 19:00:00,77.38,78.42,76.84,77.58
2026-04-24 20:00:00,77.59,79.88,77.04,79.73
2026-04-24 21:00:00,79.73,81.76,79.47,81.33
2026-04-24 22:00:00,81.31,81.9,79.79,79.79
2026-04-24 23:00:00,79.78,80.05,78.7,79.8
2026-04-25 00:00:00,79.81,81.18,79.6,79.84
2026-04-25 01:00:00,79.81,80.04,78.3,79.64
2026-04-25 02:00:00,79.67,80.46,78.99,79.81
2026-04-25 03:00:00,79.81,80.19,78.96,80.15
2026-04-25 04:00:00,80.13,82.32,80.0,81.83
2026-04-25 05:00:00,81.81,81.88,79.69,79.98
2026-04-25 06:00:00,79.96,82.02,79.65,81.51
2026-04-25 07:00:00,81.5,81.78,78.75,79.21
2026-04-25 08:00:00,79.24,82.13,79.12,81.43
2026-04-25 09:00:00,81.41,82.02,80.91,81.22
2026-04-25 10:00:00,81.22,82.2,80.66,80.97
2026-04-25 11:00:00,80.96,81.79,80.63,81.6
2026-04-25 12:00:00,81.59,81.71,79.48,80.11
2026-04-25 13:00:00,80.08,80.24,78.82,79.26
2026-04-25 14:00:00,79.25,79.53,77.41,77.71
2026-04-25 15:00:00,77.74,77.85,76.05,76.36
2026-04-25 16:00:00,76.36,77.23,76.03,76.87
2026-04-25 17:00:00,76.87,78.8,76.76,77.45
2026-04-25 18:00:00,77.44,77.74,75.43,75.67
2026-04-25 19:00:00,75.67,76.93,74.18,76.9
2026-04-25 20:00:00,76.89,77.6,76.41,76.91
2026-04-25 21:00:00,76.91,77.78,76.78,77.45
2026-04-25 22:00:00,77.45,78.48,77.26,78.1
2026-04-25 23:00:00,78.09,78.63,76.85,76.88
2026-04-26 00:00:00,76.88,76.96,74.04,74.44
2026-04-26 01:00:00,74.47,75.13,73.54,74.03
2026-04-26 02:00:00,74.05,74.77,73.37,74.1
2026-04-26 03:00:00,74.11,74.61,73.18,73.31
2026-04-26 04:00:00,73.32,75.71,72.75,74.79
2026-04-26 05:00:00,74.8,74.97,73.1,73.28
2026-04-26 06:00:00,73.28,74.28,72.75,74.21
2026-04-26 07:00:00,74.25,76.15,73.8,75.22
2026-04-26 08:00:00,75.2,76.02,73.79,73.88
2026-04-26 09:00:00,73.92,75.37,73.54,75.27
2026-04-26 10:00:00,75.28,77.07,75.12,76.22
2026-04-26 11:00:00,76.24,76.55,74.2,75.23
2026-04-26 12:00:00,75.21,77.04,75.14,75.5
2026-04-26 13:00:00,75.47,76.37,74.85,76.2
2026-04-26 14:00:00,76.18,77.72,75.87,77.72
2026-04-26 15:00:00,77.72,80.1,77.68,79.87
2026-04-26 16:00:00,79.84,80.9,79.24,80.87
2026-04-26 17:00:00,80.87,81.55,78.62,79.56
2026-04-26 18:00:00,79.55,80.91,78.86,80.61
2026-04-26 19:00:00,80.63,80.74,78.17,79.44
2026-04-26 20:00:00,79.44,80.81,79.13,79.45
2026-04-26 21:00:00,79.44,81.59,78.94,81.01
2026-04-26 22:00:00,80.98,81.13,79.55,80.46
2026-04-26 23:00:00,80.46,81.17,79.78,80.4
2026-04-27 00:00:00,80.37,82.62,80.21,81.65
2026-04-27 01:00:00,81.64,81.88,79.54,79.9
2026-04-27 02:00:00,79.95,80.35,77.91,77.91
2026-04-27 03:00:00,77.91,79.3,77.91,78.97
2026-04-27 04:00:00,78.98,79.0,77.1,77.54
2026-04-27 05:00:00,77.58,77.77,76.3,77.26
2026-04-27 06:00:00,77.24,79.19,77.04,78.69
2026-04-27 07:00:00,78.67,79.03,77.35,78.82
2026-04-27 08:00:00,78.83,80.18,78.41,79.13
2026-04-27 09:00:00,79.16,81.32,78.76,80.74
2026-04-27 10:00:00,80.68,80.84,78.14,78.14
2026-04-27 11:00:00,78.14,78.86,76.69,76.69
2026-04-27 12:00:00,76.69,77.47,76.13,76.64
2026-04-27 13:00:00,76.67,77.67,75.91,76.6
2026-04-27 14:00:00,76.62,76.91,75.08,75.12
2026-04-27 15:00:00,75.15,75.82,74.05,75.57
2026-04-27 16:00:00,75.54,77.37,75.39,77.1
2026-04-27 17:00:00,77.07,77.58,75.31,77.17
2026-04-27 18:00:00,77.18,77.43,76.41,77.23
2026-04-27 19:00:00,77.23,77.25,74.71,75.35
2026-04-27 20:00:00,75.38,76.88,75.2,76.17
2026-04-27 21:00:00,76.15,78.36,76.15,77.88
2026-04-27 22:00:00,77.88,78.71,77.18,77.74
2026-04-27 23:00:00,77.76,79.36,77.76,78.65
2026-04-28 00:00:00,78.65,79.67,78.17,79.48
2026-04-28 01:00:00,79.53,79.69,77.11,77.41
2026-04-28 02:00:00,77.4,78.55,77.12,77.88
2026-04-28 03:00:00,77.89,77.94,75.54,75.95
2026-04-28 04:00:00,75.93,77.65,75.37,75.66
2026-04-28 05:00:00,75.64,75.86,74.14,75.15
2026-04-28 06:00:00,75.13,77.29,75.09,75.58
2026-04-28 07:00:00,75.6,76.33,75.11,75.3
2026-04-28 08:00:00,75.32,77.33,74.97,76.45
2026-04-28 09:00:00,76.48,77.56,76.01,77.4
2026-04-28 10:00:00,77.4,77.5,75.69,76.07
2026-04-28 11:00:00,76.07,78.44,75.89,77.83
2026-04-28 12:00:00,77.84,78.53,76.48,77.11
2026-04-28 13:00:00,77.12,80.28,77.05,80.05
2026-04-28 14:00:00,80.06,81.66,79.96,80.3
2026-04-28 15:00:00,80.32,82.9,79.78,82.75
2026-04-28 16:00:00,82.72,83.05,81.39,81.77
2026-04-28 17:00:00,81.76,84.17,81.6,84.12
2026-04-28 18:00:00,84.1,85.28,83.87,84.19
2026-04-28 19:00:00,84.18,85.39,83.79,84.65
2026-04-28 20:00:00,84.64,86.11,83.84,85.64
2026-04-28 21:00:00,85.65,85.91,83.83,84.11
2026-04-28 22:00:00,84.1,84.35,82.64,82.98
2026-04-28 23:00:00,82.98,83.18,81.18,82.14
2026-04-29 00:00:00,82.1,82.98,81.49,82.79
2026-04-29 01:00:00,82.78,82.99,81.81,82.21
2026-04-29 02:00:00,82.21,83.75,81.63,81.8
2026-04-29 03:00:00,81.77,82.49,79.92,81.73
2026-04-29 04:00:00,81.74,84.14,81.74,83.42
2026-04-29 05:00:00,83.39,84.62,83.1,84.19
2026-04-29 06:00:00,84.18,84.23,80.1,80.45
2026-04-29 07:00:00,80.45,80.6,77.71,77.77
2026-04-29 08:00:00,77.81,78.23,77.01,77.93
2026-04-29 09:00:00,77.93,79.07,77.22,78.88
2026-04-29 10:00:00,78.9,79.56,77.65,78.09
2026-04-29 11:00:00,78.1,78.62,76.7,76.78
2026-04-29 12:00:00,76.8,77.34,76.33,76.99
2026-04-29 13:00:00,77.01,77.52,75.41,76.88
2026-04-29 14:00:00,76.85,78.74,76.85,78.29
2026-04-29 15:00:00,78.3,80.06,78.16,79.23
2026-04-29 16:00:00,79.25,80.7,79.19,79.54
2026-04-29 17:00:00,79.55,79.55,77.33,77.91
2026-04-29 18:00:00,77.89,77.89,76.22,76.5
2026-04-29 19:00:00,76.49,79.27,76.36,78.86
2026-04-29 20:00:00,78.85,79.94,78.4,79.0
2026-04-29 21:00:00,78.99,79.37,76.38,76.65
2026-04-29 22:00:00,76.66,77.5,75.94,76.88
2026-04-29 23:00:00,76.88,77.03,75.05,75.22
2026-04-30 00:00:00,75.21,77.4,74.52,77.32
2026-04-30 01:00:00,77.29,78.42,76.59,77.97
2026-04-30 02:00:00,77.95,78.23,76.69,76.89
2026-04-30 03:00:00,76.9,77.74,76.15,77.56
2026-04-30 04:00:00,77.58,78.9,76.95,78.33
2026-04-30 05:00:00,78.3,78.61,76.61,76.73
2026-04-30 06:00:00,76.78,79.58,76.37,79.54
2026-04-30 07:00:00,79.55,80.54,78.77,80.32
2026-04-30 08:00:00,80.35,80.43,77.32,78.28
2026-04-30 09:00:00,78.32,79.01,77.82,78.88
2026-04-30 10:00:00,78.88,79.41,77.41,77.42
2026-04-30 11:00:00,77.42,79.09,76.91,78.66
2026-04-30 12:00:00,78.65,78.93,76.8,77.08
2026-04-30 13:00:00,77.07,78.08,76.29,76.79
2026-04-30 14:00:00,76.79,77.32,75.31,75.45
2026-04-30 15:00:00,75.49,77.16,75.41,76.32
2026-04-30 16:00:00,76.3,77.96,75.75,77.73
2026-04-30 17:00:00,77.72,79.05,76.72,77.03
2026-04-30 18:00:00,77.05,77.97,76.4,77.65
2026-04-30 19:00:00,77.67,79.1,77.46,78.95
2026-04-30 20:00:00,78.98,80.97,78.55,80.4
2026-04-30 21:00:00,80.39,80.48,77.41,78.32
2026-04-30 22:00:00,78.28,78.5,76.94,77.06
2026-04-30 23:00:00,77.04,77.19,75.1,75.12
2026-05-01 00:00:00,75.11,75.53,74.19,75.42
2026-05-01 01:00:00,75.42,75.78,73.67,73.89
2026-05-01 02:00:00,73.89,74.61,72.58,72.78
2026-05-01 03:00:00,72.78,73.86,72.07,72.8
2026-05-01 04:00:00,72.81,73.64,72.42,73.14
2026-05-01 05:00:00,73.13,73.83,71.87,73.57
2026-05-01 06:00:00,73.57,74.29,72.66,73.8
2026-05-01 07:00:00,73.8,75.87,73.55,75.22
2026-05-01 08:00:00,75.18,76.26,74.22,76.2
2026-05-01 09:00:00,76.2,76.28,74.62,74.8
2026-05-01 10:00:00,74.82,77.11,74.79,76.3
2026-05-01 11:00:00,76.31,77.75,75.53,77.26
2026-05-01 12:00:00,77.28,77.36,75.79,77.02
2026-05-01 13:00:00,77.02,77.2,75.31,76.02
2026-05-01 14:00:00,76.01,78.2,75.61,77.59
2026-05-01 15:00:00,77.59,78.78,77.1,77.66
2026-05-01 16:00:00,77.72,80.37,77.63,79.79
2026-05-01 17:00:00,79.77,80.97,78.63,78.95
2026-05-01 18:00:00,78.95,79.38,77.54,77.79
2026-05-01 19:00:00,77.79,78.39,76.97,77.99
2026-05-01 20:00:00,77.97,79.05,77.49,78.05
2026-05-01 21:00:00,78.07,78.07,75.14,75.31
2026-05-01 22:00:00,75.35,75.89,73.98,74.45
2026-05-01 23:00:00,74.47,74.59,72.66,72.93
2026-05-02 00:00:00,72.92,74.17,71.96,73.76
2026-05-02 01:00:00,73.71,74.62,73.43,73.71
2026-05-02 02:00:00,73.7,76.08,73.69,75.77
2026-05-02 03:00:00,75.75,77.1,74.95,75.88
2026-05-02 04:00:00,75.87,76.59,74.26,74.43
2026-05-02 05:00:00,74.45,75.13,74.25,74.88
2026-05-02 06:00:00,74.89,74.97,73.12,73.42
2026-05-02 07:00:00,73.43,74.4,72.79,73.75
2026-05-02 08:00:00,73.76,75.63,72.76,75.56
2026-05-02 09:00:00,75.54,77.46,75.51,77.1
2026-05-02 10:00:00,77.08,77.7,75.76,77.41
2026-05-02 11:00:00,77.44,78.0,76.59,77.42
2026-05-02 12:00:00,77.44,77.66,76.26,76.32
2026-05-02 13:00:00,76.36,76.66,74.47,74.59
2026-05-02 14:00:00,74.58,75.0,73.36,74.35
2026-05-02 15:00:00,74.36,74.54,71.73,73.2
2026-05-02 16:00:00,73.17,74.62,73.01,73.55
2026-05-02 17:00:00,73.52,73.61,71.27,71.37
2026-05-02 18:00:00,71.37,72.44,70.58,71.48
2026-05-02 19:00:00,71.47,71.93,70.86,71.62
2026-05-02 20:00:00,71.59,72.57,71.03,71.72
2026-05-02 21:00:00,71.75,72.68,71.42,71.67
2026-05-02 22:00:00,71.69,72.13,70.69,71.56
2026-05-02 23:00:00,71.57,72.67,69.69,69.88
2026-05-03 00:00:00,69.86,69.89,68.26,69.08
2026-05-03 01:00:00,69.08,69.1,66.62,66.85
2026-05-03 02:00:00,66.84,67.85,66.75,67.17
2026-05-03 03:00:00,67.18,68.58,66.64,68.34
2026-05-03 04:00:00,68.36,69.47,67.95,69.01
2026-05-03 05:00:00,69.03,70.66,68.93,69.49
2026-05-03 06:00:00,69.51,69.85,68.58,68.59
2026-05-03 07:00:00,68.55,69.59,68.44,69.19
2026-05-03 08:00:00,69.2,70.78,68.81,70.64
2026-05-03 09:00:00,70.62,71.51,70.03,70.55
2026-05-03 10:00:00,70.55,71.07,69.43,70.62
2026-05-03 11:00:00,70.63,71.9,70.39,70.85
2026-05-03 12:00:00,70.84,71.37,69.71,69.87
2026-05-03 13:00:00,69.89,71.32,69.65,71.21
2026-05-03 14:00:00,71.17,71.59,69.81,70.56
2026-05-03 15:00:00,70.54,72.06,70.19,71.7
2026-05-03 16:00:00,71.69,73.24,70.9,73.03
2026-05-03 17:00:00,73.05,73.52,71.59,72.27
2026-05-03 18:00:00,72.25,72.26,70.13,70.62
2026-05-03 19:00:00,70.61,71.33,69.71,70.04
2026-05-03 20:00:00,70.05,73.7,69.78,73.65
2026-05-03 21:00:00,73.66,74.04,70.63,70.87
2026-05-03 22:00:00,70.87,72.0,70.15,71.45
2026-05-03 23:00:00,71.43,72.25,71.34,72.16
2026-05-04 00:00:00,72.16,73.33,71.82,72.85
2026-05-04 01:00:00,72.86,73.24,71.0,72.05
2026-05-04 02:00:00,72.05,72.07,70.4,70.57
2026-05-04 03:00:00,70.57,70.93,69.79,69.94
2026-05-04 04:00:00,69.93,71.36,69.73,70.9
2026-05-04 05:00:00,70.89,72.06,70.73,70.93
2026-05-04 06:00:00,70.91,71.79,70.14,70.15
2026-05-04 07:00:00,70.17,70.9,67.84,68.09
2026-05-04 08:00:00,68.1,69.54,67.84,68.85
2026-05-04 09:00:00,68.84,69.14,67.98,68.6
2026-05-04 10:00:00,68.58,68.9,67.0,67.16
2026-05-04 11:00:00,67.18,68.37,66.69,68.23
2026-05-04 12:00:00,68.23,68.39,67.45,68.31
2026-05-04 13:00:00,68.28,68.59,67.27,67.9
2026-05-04 14:00:00,67.9,68.08,65.94,66.52
2026-05-04 15:00:00,66.52,67.05,65.95,66.98
2026-05-04 16:00:00,66.98,67.53,65.88,66.39
2026-05-04 17:00:00,66.38,66.95,65.89,66.47
2026-05-04 18:00:00,66.46,67.26,66.07,66.71
2026-05-04 19:00:00,66.71,66.74,64.61,65.17
2026-05-04 20:00:00,65.17,65.64,64.21,64.87
2026-05-04 21:00:00,64.85,65.52,64.34,64.83
2026-05-04 22:00:00,64.82,66.57,64.61,65.73
2026-05-04 23:00:00,65.72,67.62,65.4,67.23
2026-05-05 00:00:00,67.22,67.76,66.16,66.69
2026-05-05 01:00:00,66.68,67.03,66.01,66.39
2026-05-05 02:00:00,66.41,67.02,65.73,66.51
2026-05-05 03:00:00,66.54,67.49,65.62,65.98
2026-05-05 04:00:00,65.99,66.75,64.99,65.02
2026-05-05 05:00:00,65.03,65.83,64.01,65.75
2026-05-05 06:00:00,65.75,66.72,65.48,65.52
2026-05-05 07:00:00,65.53,66.17,64.23,65.47
2026-05-05 08:00:00,65.48,66.01,64.74,65.86
2026-05-05 09:00:00,65.86,65.87,64.15,65.54
2026-05-05 10:00:00,65.51,66.19,64.86,65.34
2026-05-05 11:00:00,65.3,65.94,64.76,65.59
2026-05-05 12:00:00,65.6,67.14,64.99,66.84
2026-05-05 13:00:00,66.82,67.61,66.28,66.83
2026-05-05 14:00:00,66.83,67.57,66.26,66.34
2026-05-05 15:00:00,66.33,66.65,63.76,64.03
2026-05-05 16:00:00,64.03,65.16,63.59,63.82
2026-05-05 17:00:00,63.83,64.56,63.58,64.11
2026-05-05 18:00:00,64.09,65.12,63.78,65.1
2026-05-05 19:00:00,65.07,65.15,63.64,63.93
2026-05-05 20:00:00,63.93,64.56,63.2,64.39
2026-05-05 21:00:00,64.38,64.53,63.54,63.65
2026-05-05 22:00:00,63.64,64.2,63.09,64.03
2026-05-05 23:00:00,64.06,64.2,62.13,62.91
2026-05-06 00:00:00,62.91,63.78,62.63,63.38
2026-05-06 01:00:00,63.4,63.99,62.22,62.32
2026-05-06 02:00:00,62.34,63.96,62.11,63.46
2026-05-06 03:00:00,63.44,64.3,61.92,62.07
2026-05-06 04:00:00,62.06,63.46,61.78,63.25
2026-05-06 05:00:00,63.27,64.64,62.71,64.56
2026-05-06 06:00:00,64.57,65.39,63.91,64.8
2026-05-06 07:00:00,64.81,65.11,64.1,64.49
2026-05-06 08:00:00,64.48,65.28,63.46,63.93
2026-05-06 09:00:00,63.95,63.98,62.65,62.99
2026-05-06 10:00:00,63.0,63.61,61.2,61.46
2026-05-06 11:00:00,61.47,61.52,60.75,61.14
2026-05-06 12:00:00,61.14,62.7,61.11,62.21
2026-05-06 13:00:00,62.22,62.76,61.01,61.52
2026-05-06 14:00:00,61.53,61.69,59.9,59.95
2026-05-06 15:00:00,59.95,61.07,59.24,60.84
2026-05-06 16:00:00,60.84,62.36,60.79,62.15
2026-05-06 17:00:00,62.17,63.58,61.92,62.92
2026-05-06 18:00:00,62.91,63.62,62.47,63.2
2026-05-06 19:00:00,63.2,65.08,63.06,64.31
2026-05-06 20:00:00,64.32,65.81,63.79,65.43
2026-05-06 21:00:00,65.41,65.67,63.58,63.79
2026-05-06 22:00:00,63.78,66.41,63.71,66.08
2026-05-06 23:00:00,66.04,66.8,65.44,65.59
2026-05-07 00:00:00,65.6,65.92,63.38,63.43
2026-05-07 01:00:00,63.41,63.78,62.65,63.27
2026-05-07 02:00:00,63.26,63.91,62.99,63.09
2026-05-07 03:00:00,63.11,63.77,62.42,63.6
2026-05-07 04:00:00,63.62,64.17,62.7,63.84
2026-05-07 05:00:00,63.83,64.03,62.7,63.38
2026-05-07 06:00:00,63.37,64.72,63.33,63.97
2026-05-07 07:00:00,63.99,64.01,62.39,62.64
2026-05-07 08:00:00,62.62,62.89,61.51,62.12
2026-05-07 09:00:00,62.09,62.57,61.66,62.22
2026-05-07 10:00:00,62.25,63.07,61.27,61.51
2026-05-07 11:00:00,61.52,63.62,60.81,63.54
2026-05-07 12:00:00,63.57,64.46,63.3,63.93
2026-05-07 13:00:00,63.94,64.8,63.58,64.26
2026-05-07 14:00:00,64.27,64.95,63.23,64.35
2026-05-07 15:00:00,64.36,64.45,62.88,62.89
2026-05-07 16:00:00,62.89,62.99,62.04,62.21
2026-05-07 17:00:00,62.2,63.75,61.54,63.7
2026-05-07 18:00:00,63.69,64.38,63.18,64.32
2026-05-07 19:00:00,64.32,65.56,63.93,65.48
2026-05-07 20:00:00,65.48,65.67,63.79,63.93
2026-05-07 21:00:00,63.91,66.5,63.8,66.19
2026-05-07 22:00:00,66.18,66.49,64.52,64.97
2026-05-07 23:00:00,64.98,65.07,63.58,63.58
2026-05-08 00:00:00,63.59,63.61,62.26,63.24
2026-05-08 01:00:00,63.25,63.28,61.26,62.55
2026-05-08 02:00:00,62.58,63.34,62.26,62.92
2026-05-08 03:00:00,62.89,63.12,61.83,61.91
2026-05-08 04:00:00,61.9,63.01,61.75,61.75
2026-05-08 05:00:00,61.79,62.76,61.18,61.58
2026-05-08 06:00:00,61.57,63.18,61.07,62.54
2026-05-08 07:00:00,62.57,62.98,61.55,61.82
2026-05-08 08:00:00,61.83,62.02,60.01,60.11
2026-05-08 09:00:00,60.1,60.46,59.53,60.0
2026-05-08 10:00:00,60.01,60.1,58.88,59.65
2026-05-08 11:00:00,59.65,61.41,59.56,60.6
2026-05-08 12:00:00,60.59,61.78,60.42,60.7
2026-05-08 13:00:00,60.7,61.62,60.41,61.33
2026-05-08 14:00:00,61.37,61.64,60.25,60.56
2026-05-08 15:00:00,60.59,61.97,60.27,60.86
2026-05-08 16:00:00,60.82,61.85,60.52,61.52
2026-05-08 17:00:00,61.57,61.67,60.21,60.32
2026-05-08 18:00:00,60.34,61.55,60.07,60.98
2026-05-08 19:00:00,60.99,61.22,59.22,59.25
2026-05-08 20:00:00,59.26,60.07,58.77,59.78
2026-05-08 21:00:00,59.79,59.89,58.63,59.33
2026-05-08 22:00:00,59.36,60.27,58.9,60.09
2026-05-08 23:00:00,60.07,60.52,59.19,59.33
2026-05-09 00:00:00,59.35,59.75,58.5,58.78
2026-05-09 01:00:00,58.75,59.68,58.75,59.04
2026-05-09 02:00:00,59.02,61.54,58.88,61.23
2026-05-09 03:00:00,61.24,62.84,61.22,62.5
2026-05-09 04:00:00,62.52,64.14,62.26,63.99
2026-05-09 05:00:00,63.99,64.21,62.46,62.97
2026-05-09 06:00:00,62.96,63.75,62.38,63.28
2026-05-09 07:00:00,63.26,63.64,60.9,60.98
2026-05-09 08:00:00,60.99,61.25,59.49,60.39
2026-05-09 09:00:00,60.39,60.67,59.36,60.02
2026-05-09 10:00:00,60.01,61.32,59.77,60.22
2026-05-09 11:00:00,60.21,61.16,59.35,59.88
2026-05-09 12:00:00,59.88,60.38,58.83,59.4
2026-05-09 13:00:00,59.41,59.91,58.63,59.61
2026-05-09 14:00:00,59.62,60.23,59.01,59.55
2026-05-09 15:00:00,59.58,61.94,58.82,61.89
2026-05-09 16:00:00,61.87,62.71,61.3,61.76
2026-05-09 17:00:00,61.75,61.96,59.88,59.88
2026-05-09 18:00:00,59.89,60.18,58.55,59.03
2026-05-09 19:00:00,59.06,60.64,58.22,60.25
2026-05-09 20:00:00,60.28,60.76,59.24,59.84
2026-05-09 21:00:00,59.84,60.57,59.19,60.35
2026-05-09 22:00:00,60.33,60.39,58.16,58.66
2026-05-09 23:00:00,58.67,59.67,58.43,59.49
2026-05-10 00:00:00,59.5,60.96,59.34,60.0
2026-05-10 01:00:00,60.0,60.87,59.62,60.7
2026-05-10 02:00:00,60.69,61.18,59.23,59.96
2026-05-10 03:00:00,59.97,60.21,59.04,59.35
2026-05-10 04:00:00,59.36,59.92,58.31,59.9
2026-05-10 05:00:00,59.91,60.13,59.06,59.83
2026-05-10 06:00:00,59.81,60.27,59.13,60.25
2026-05-10 07:00:00,60.23,61.1,60.16,60.69
2026-05-10 08:00:00,60.69,61.83,60.43,61.45
2026-05-10 09:00:00,61.45,62.4,61.22,61.94
2026-05-10 10:00:00,61.98,62.22,59.91,60.77
2026-05-10 11:00:00,60.76,60.82,59.9,59.94
2026-05-10 12:00:00,59.94,60.27,59.22,60.16
2026-05-10 13:00:00,60.17,60.18,58.64,58.75
2026-05-10 14:00:00,58.75,59.01,57.87,57.98
2026-05-10 15:00:00,57.97,58.13,56.51,57.88
2026-05-10 16:00:00,57.87,59.25,57.1,58.73
2026-05-10 17:00:00,58.72,59.75,58.36,58.8
2026-05-10 18:00:00,58.81,60.65,57.85,60.44
2026-05-10 19:00:00,60.42,61.2,60.01,60.75
2026-05-10 20:00:00,60.74,62.09,60.36,60.53
2026-05-10 21:00:00,60.51,61.58,60.51,61.22
2026-05-10 22:00:00,61.22,61.32,58.85,59.02
2026-05-10 23:00:00,59.03,60.02,58.75,59.2
2026-05-11 00:00:00,59.19,59.85,58.79,59.15
2026-05-11 01:00:00,59.17,60.46,58.79,60.02
2026-05-11 02:00:00,60.01,60.4,59.34,59.77
2026-05-11 03:00:00,59.78,61.23,59.56,61.01
2026-05-11 04:00:00,61.0,61.59,59.49,59.66
2026-05-11 05:00:00,59.69,59.92,58.35,59.37
2026-05-11 06:00:00,59.4,60.18,58.99,59.94
2026-05-11 07:00:00,59.94,60.84,59.92,60.73
2026-05-11 08:00:00,60.73,60.89,59.79,60.3
2026-05-11 09:00:00,60.29,60.38,58.6,59.01
2026-05-11 10:00:00,59.01,59.79,57.72,57.77
2026-05-11 11:00:00,57.74,59.25,57.38,58.6
2026-05-11 12:00:00,58.6,59.98,58.6,59.5
2026-05-11 13:00:00,59.5,61.39,59.5,59.99
2026-05-11 14:00:00,60.0,60.03,58.3,58.36
2026-05-11 15:00:00,58.36,58.76,57.45,58.36
2026-05-11 16:00:00,58.34,58.4,57.1,57.95
2026-05-11 17:00:00,57.97,59.76,57.92,59.62
2026-05-11 18:00:00,59.61,60.38,59.24,59.35
2026-05-11 19:00:00,59.35,60.09,58.98,59.86
2026-05-11 20:00:00,59.89,60.54,59.17,60.44
2026-05-11 21:00:00,60.43,62.11,60.39,62.08
2026-05-11 22:00:00,62.07,62.17,59.85,59.93
2026-05-11 23:00:00,59.93,60.29,59.23,59.26
2026-05-12 00:00:00,59.21,59.92,58.53,59.49
2026-05-12 01:00:00,59.49,60.04,59.18,59.8
2026-05-12 02:00:00,59.8,60.85,59.71,60.18
2026-05-12 03:00:00,60.2,62.07,59.77,61.83
2026-05-12 04:00:00,61.84,62.02,60.17,60.32
2026-05-12 05:00:00,60.35,61.08,59.91,60.55
2026-05-12 06:00:00,60.52,61.38,60.18,60.83
2026-05-12 07:00:00,60.83,61.04,60.12,61.02
2026-05-12 08:00:00,61.0,61.52,60.4,61.47
2026-05-12 09:00:00,61.46,61.57,59.92,60.88
2026-05-12 10:00:00,60.89,61.29,60.31,60.71
2026-05-12 11:00:00,60.7,60.72,59.3,59.93
2026-05-12 12:00:00,59.91,60.68,59.09,59.94
2026-05-12 13:00:00,59.95,60.47,59.39,59.87
2026-05-12 14:00:00,59.88,59.88,58.4,58.57
2026-05-12 15:00:00,58.56,59.03,58.06,58.34
2026-05-12 16:00:00,58.34,58.63,57.08,57.32
2026-05-12 17:00:00,57.29,58.19,57.06,57.75
2026-05-12 18:00:00,57.72,57.98,56.47,56.92
2026-05-12 19:00:00,56.92,57.33,56.62,56.96
2026-05-12 20:00:00,56.95,57.48,56.07,56.57
2026-05-12 21:00:00,56.57,57.24,56.16,57.06
2026-05-12 22:00:00,57.04,57.94,56.51,57.84
2026-05-12 23:00:00,57.84,59.18,57.42,58.44
2026-05-13 00:00:00,58.45,58.75,57.31,57.73
2026-05-13 01:00:00,57.71,58.94,57.68,58.79
2026-05-13 02:00:00,58.77,59.73,58.58,59.66
2026-05-13 03:00:00,59.65,63.28,59.41,63.19
2026-05-13 04:00:00,63.18,63.48,62.64,63.09
2026-05-13 05:00:00,63.08,63.34,61.84,61.86
2026-05-13 06:00:00,61.86,63.0,61.34,62.68
2026-05-13 07:00:00,62.69,62.78,61.32,61.68
2026-05-13 08:00:00,61.68,62.54,61.53,61.77
2026-05-13 09:00:00,61.76,62.08,61.13,61.72
2026-05-13 10:00:00,61.72,62.57,60.26,60.35
2026-05-13 11:00:00,60.34,61.77,59.67,61.1
2026-05-13 12:00:00,61.11,61.78,60.38,61.74
2026-05-13 13:00:00,61.76,62.5,60.97,62.39
2026-05-13 14:00:00,62.37,65.2,62.2,65.11
2026-05-13 15:00:00,65.08,65.46,63.95,64.44
2026-05-13 16:00:00,64.43,65.18,63.57,64.9
2026-05-13 17:00:00,64.89,65.21,62.91,63.48
2026-05-13 18:00:00,63.47,63.47,62.71,63.24
2026-05-13 19:00:00,63.23,63.25,62.05,62.88
2026-05-13 20:00:00,62.88,64.27,62.74,63.05
2026-05-13 21:00:00,63.06,64.21,63.0,63.97
2026-05-13 22:00:00,63.97,65.38,63.84,65.23
2026-05-13 23:00:00,65.22,65.95,64.9,65.67
2026-05-14 00:00:00,65.69,66.31,65.33,65.79
2026-05-14 01:00:00,65.81,66.85,65.12,66.44
2026-05-14 02:00:00,66.44,67.63,66.25,67.04
2026-05-14 03:00:00,67.02,68.55,66.94,67.76
2026-05-14 04:00:00,67.77,69.86,67.43,68.99
2026-05-14 05:00:00,68.98,69.11,66.99,67.02
2026-05-14 06:00:00,67.04,67.26,64.81,65.48
2026-05-14 07:00:00,65.47,66.15,64.87,66.09
2026-05-14 08:00:00,66.14,66.66,65.03,66.19
2026-05-14 09:00:00,66.21,66.24,64.13,64.75
2026-05-14 10:00:00,64.74,65.8,64.63,65.27
2026-05-14 11:00:00,65.26,65.74,63.93,64.12
2026-05-14 12:00:00,64.12,65.79,63.82,65.4
2026-05-14 13:00:00,65.37,66.2,64.97,65.61
2026-05-14 14:00:00,65.6,67.44,65.57,66.92
2026-05-14 15:00:00,66.92,68.21,66.16,66.34
2026-05-14 16:00:00,66.36,66.82,65.77,66.04
2026-05-14 17:00:00,66.03,66.25,65.03,65.54
2026-05-14 18:00:00,65.55,65.99,64.63,65.11
2026-05-14 19:00:00,65.11,65.16,63.64,63.71
2026-05-14 20:00:00,63.69,64.95,63.68,64.3
2026-05-14 21:00:00,64.3,64.58,63.19,63.23
2026-05-14 22:00:00,63.22,64.0,61.77,64.0
2026-05-14 23:00:00,63.99,64.22,62.66,62.85
2026-05-15 00:00:00,62.87,64.09,62.81,63.86
2026-05-15 01:00:00,63.86,64.83,63.75,64.72
2026-05-15 02:00:00,64.7,67.21,64.23,67.16
2026-05-15 03:00:00,67.17,68.17,66.33,67.26
2026-05-15 04:00:00,67.27,68.22,66.64,67.44
2026-05-15 05:00:00,67.43,67.81,66.42,66.87
2026-05-15 06:00:00,66.85,67.13,65.65,66.57
2026-05-15 07:00:00,66.57,67.92,66.41,67.57
2026-05-15 08:00:00,67.55,68.93,67.2,68.27
2026-05-15 09:00:00,68.27,69.14,67.17,67.53
2026-05-15 10:00:00,67.55,68.45,67.43,68.12
2026-05-15 11:00:00,68.12,68.6,66.97,68.05
2026-05-15 12:00:00,68.04,68.11,65.22,65.4
2026-05-15 13:00:00,65.37,65.84,63.96,64.17
2026-05-15 14:00:00,64.19,65.87,63.92,64.97
2026-05-15 15:00:00,64.98,66.03,64.64,64.92
2026-05-15 16:00:00,64.91,65.7,64.63,65.59
2026-05-15 17:00:00,65.58,66.27,64.98,66.22
2026-05-15 18:00:00,66.2,66.48,65.14,65.44
2026-05-15 19:00:00,65.46,65.79,64.11,65.55
2026-05-15 20:00:00,65.52,66.12,64.89,65.88
2026-05-15 21:00:00,65.9,67.86,65.89,67.65
2026-05-15 22:00:00,67.66,67.79,66.39,67.75
2026-05-15 23:00:00,67.75,68.97,66.65,68.7
2026-05-16 00:00:00,68.67,69.44,68.24,68.55
2026-05-16 01:00:00,68.58,70.01,67.54,67.63
2026-05-16 02:00:00,67.63,68.48,66.85,68.14
2026-05-16 03:00:00,68.15,68.83,67.72,67.73
2026-05-16 04:00:00,67.7,69.25,66.66,69.24
2026-05-16 05:00:00,69.27,70.46,68.95,70.01
2026-05-16 06:00:00,69.98,70.31,69.04,69.57
2026-05-16 07:00:00,69.58,70.38,68.04,68.81
2026-05-16 08:00:00,68.79,68.87,66.83,67.54
2026-05-16 09:00:00,67.58,68.38,66.75,67.03
2026-05-16 10:00:00,67.01,67.55,65.95,66.81
2026-05-16 11:00:00,66.83,67.26,65.96,66.2
2026-05-16 12:00:00,66.21,67.69,65.69,67.02
2026-05-16 13:00:00,67.02,67.78,66.65,67.48
2026-05-16 14:00:00,67.47,67.55,65.72,66.28
2026-05-16 15:00:00,66.24,67.86,66.18,66.99
2026-05-16 16:00:00,66.99,67.08,65.43,65.76
2026-05-16 17:00:00,65.74,66.08,63.79,64.97
2026-05-16 18:00:00,64.98,65.28,64.1,64.85
2026-05-16 19:00:00,64.84,65.64,64.25,64.6
2026-05-16 20:00:00,64.6,65.76,63.96,65.43
2026-05-16 21:00:00,65.44,66.91,65.27,66.13
2026-05-16 22:00:00,66.1,67.19,65.65,66.56
2026-05-16 23:00:00,66.59,68.6,66.24,67.83
2026-05-17 00:00:00,67.83,69.46,67.52,69.28
2026-05-17 01:00:00,69.25,71.41,69.25,70.92
2026-05-17 02:00:00,70.93,71.74,69.83,70.02
2026-05-17 03:00:00,70.01,70.35,69.39,70.08
2026-05-17 04:00:00,70.07,71.88,69.5,71.6
2026-05-17 05:00:00,71.61,73.04,71.16,72.94
2026-05-17 06:00:00,72.96,73.92,72.27,73.02
2026-05-17 07:00:00,73.03,74.0,72.68,73.4
2026-05-17 08:00:00,73.38,75.01,73.24,74.49
2026-05-17 09:00:00,74.49,75.13,73.51,74.69
2026-05-17 10:00:00,74.67,74.88,72.63,73.52
2026-05-17 11:00:00,73.49,74.65,72.68,72.87
2026-05-17 12:00:00,72.85,73.23,71.71,72.14
2026-05-17 13:00:00,72.14,72.22,68.55,69.17
2026-05-17 14:00:00,69.15,69.65,68.13,69.37
2026-05-17 15:00:00,69.37,69.55,68.39,68.43
2026-05-17 16:00:00,68.4,69.65,68.33,69.51
2026-05-17 17:00:00,69.53,69.86,67.71,68.09
2026-05-17 18:00:00,68.06,69.04,67.33,68.78
2026-05-17 19:00:00,68.76,69.82,68.37,69.7
2026-05-17 20:00:00,69.68,71.1,69.39,70.93
2026-05-17 21:00:00,70.93,72.17,70.48,71.27
2026-05-17 22:00:00,71.26,71.42,69.58,70.3
2026-05-17 23:00:00,70.29,71.33,69.58,70.93
2026-05-18 00:00:00,70.89,70.91,69.22,69.63
2026-05-18 01:00:00,69.64,70.22,69.02,69.35
2026-05-18 02:00:00,69.32,69.89,68.75,69.22
2026-05-18 03:00:00,69.2,70.07,67.35,67.95
2026-05-18 04:00:00,67.92,67.97,66.35,66.53
2026-05-18 05:00:00,66.56,66.76,65.37,66.35
2026-05-18 06:00:00,66.35,67.0,65.48,66.09
2026-05-18 07:00:00,66.11,67.14,64.95,65.23
2026-05-18 08:00:00,65.21,65.22,62.18,62.65
2026-05-18 09:00:00,62.63,64.95,62.36,64.86
2026-05-18 10:00:00,64.86,65.04,63.29,64.13
2026-05-18 11:00:00,64.15,64.74,63.29,63.73
2026-05-18 12:00:00,63.69,64.1,62.2,62.43
2026-05-18 13:00:00,62.44,62.53,59.84,59.99
2026-05-18 14:00:00,60.01,60.01,59.14,59.91
2026-05-18 15:00:00,59.89,60.31,58.72,58.79
2026-05-18 16:00:00,58.78,59.9,58.72,59.59
2026-05-18 17:00:00,59.59,60.87,59.38,60.56
2026-05-18 18:00:00,60.55,61.63,59.64,60.05
2026-05-18 19:00:00,60.06,60.68,59.61,60.56
2026-05-18 20:00:00,60.57,61.15,60.12,60.41
2026-05-18 21:00:00,60.39,61.59,60.34,61.47
2026-05-18 22:00:00,61.45,62.39,61.26,61.69
2026-05-18 23:00:00,61.68,62.05,60.47,61.85
2026-05-19 00:00:00,61.84,63.16,61.67,62.97
2026-05-19 01:00:00,62.99,64.02,62.73,63.61
2026-05-19 02:00:00,63.58,63.72,62.52,62.67
2026-05-19 03:00:00,62.67,63.74,61.92,63.43
2026-05-19 04:00:00,63.44,63.95,62.75,63.46
2026-05-19 05:00:00,63.48,65.35,63.32,64.38
2026-05-19 06:00:00,64.4,64.45,63.01,63.66
2026-05-19 07:00:00,63.67,63.74,62.42,62.6
2026-05-19 08:00:00,62.58,64.58,62.35,63.51
2026-05-19 09:00:00,63.5,63.72,62.49,62.72
2026-05-19 10:00:00,62.69,63.18,61.65,61.94
2026-05-19 11:00:00,61.97,62.53,61.04,61.19
2026-05-19 12:00:00,61.18,62.04,60.98,60.99
2026-05-19 13:00:00,61.01,61.37,59.82,59.89
2026-05-19 14:00:00,59.9,60.58,59.41,60.5
2026-05-19 15:00:00,60.5,62.12,60.5,61.95
2026-05-19 16:00:00,61.96,62.39,61.33,61.6
2026-05-19 17:00:00,61.59,61.98,60.54,60.72
2026-05-19 18:00:00,60.72,61.01,59.14,59.36
2026-05-19 19:00:00,59.35,60.57,59.28,59.72
2026-05-19 20:00:00,59.74,61.1,59.58,60.41
2026-05-19 21:00:00,60.42,60.99,59.62,59.94
2026-05-19 22:00:00,59.96,61.22,59.56,60.86
2026-05-19 23:00:00,60.81,61.17,59.32,59.55
2026-05-20 00:00:00,59.57,60.27,58.97,60.1
2026-05-20 01:00:00,60.16,60.71,59.95,60.15
2026-05-20 02:00:00,60.13,60.7,59.63,60.46
2026-05-20 03:00:00,60.46,60.99,59.67,60.73
2026-05-20 04:00:00,60.74,62.09,60.28,61.79
2026-05-20 05:00:00,61.8,61.99,60.93,61.03
2026-05-20 06:00:00,61.02,61.36,59.85,60.45
2026-05-20 07:00:00,60.48,61.87,60.06,61.79
2026-05-20 08:00:00,61.81,62.35,61.02,61.06
2026-05-20 09:00:00,61.07,62.44,60.88,62.12
2026-05-20 10:00:00,62.13,64.64,61.68,64.18
2026-05-20 11:00:00,64.19,64.28,62.81,62.99
2026-05-20 12:00:00,62.97,64.27,62.94,63.83
2026-05-20 13:00:00,63.84,64.77,63.14,64.47
2026-05-20 14:00:00,64.49,66.83,64.42,66.69
2026-05-20 15:00:00,66.69,68.62,66.43,68.44
2026-05-20 16:00:00,68.44,68.89,67.66,68.09
2026-05-20 17:00:00,68.09,68.47,66.0,66.69
2026-05-20 18:00:00,66.68,67.91,66.33,67.87
2026-05-20 19:00:00,67.87,68.47,67.25,68.2
2026-05-20 20:00:00,68.19,69.31,67.76,68.83
2026-05-20 21:00:00,68.82,69.58,68.09,68.72
2026-05-20 22:00:00,68.72,69.75,68.14,69.53
2026-05-20 23:00:00,69.54,70.88,68.99,70.5
2026-05-21 00:00:00,70.49,71.08,69.57,70.11
2026-05-21 01:00:00,70.13,71.7,69.89,71.07
2026-05-21 02:00:00,71.07,71.36,69.38,69.54
2026-05-21 03:00:00,69.54,70.38,67.91,68.17
2026-05-21 04:00:00,68.19,68.96,67.73,67.93
2026-05-21 05:00:00,67.95,69.48,67.72,69.48
2026-05-21 06:00:00,69.48,69.72,68.36,68.93
2026-05-21 07:00:00,68.88,69.6,66.7,66.84
2026-05-21 08:00:00,66.85,68.1,66.6,67.95
2026-05-21 09:00:00,67.95,69.18,67.78,67.98
2026-05-21 10:00:00,67.95,68.1,65.61,66.06
2026-05-21 11:00:00,66.1,67.12,65.65,67.01
2026-05-21 12:00:00,67.01,67.57,66.59,66.68
2026-05-21 13:00:00,66.66,66.7,64.73,64.85
2026-05-21 14:00:00,64.85,66.08,64.63,65.36
2026-05-21 15:00:00,65.36,66.03,64.27,65.61
2026-05-21 16:00:00,65.6,65.93,65.01,65.01
2026-05-21 17:00:00,65.0,66.26,64.99,65.57
2026-05-21 18:00:00,65.56,65.76,64.2,64.92
2026-05-21 19:00:00,64.89,66.06,64.77,65.03
2026-05-21 20:00:00,65.03,65.2,64.09,64.19
2026-05-21 21:00:00,64.19,66.39,64.19,66.39
2026-05-21 22:00:00,66.38,66.44,64.56,65.34
2026-05-21 23:00:00,65.35,66.38,64.02,64.22
2026-05-22 00:00:00,64.21,64.7,62.86,63.5
2026-05-22 01:00:00,63.5,64.65,63.05,64.58
2026-05-22 02:00:00,64.57,65.15,62.92,63.07
2026-05-22 03:00:00,63.06,63.71,62.76,63.71
2026-05-22 04:00:00,63.7,64.86,63.07,63.23
2026-05-22 05:00:00,63.23,65.44,63.02,65.39
2026-05-22 06:00:00,65.41,65.76,64.96,65.62
2026-05-22 07:00:00,65.64,66.41,65.21,65.84
2026-05-22 08:00:00,65.85,67.24,65.13,65.16
2026-05-22 09:00:00,65.16,65.89,64.6,65.0
2026-05-22 10:00:00,65.0,66.05,64.47,65.05
2026-05-22 11:00:00,65.08,65.4,63.87,64.96
2026-05-22 12:00:00,64.95,66.89,64.19,66.44
2026-05-22 13:00:00,66.43,68.45,66.21,68.27
2026-05-22 14:00:00,68.26,69.42,68.11,69.14
2026-05-22 15:00:00,69.15,70.59,68.45,70.17
2026-05-22 16:00:00,70.17,70.52,69.43,70.52
2026-05-22 17:00:00,70.54,71.34,69.56,71.15
2026-05-22 18:00:00,71.18,74.2,70.99,73.97
2026-05-22 19:00:00,73.97,74.57,73.41,73.83
2026-05-22 20:00:00,73.86,74.43,71.96,73.75
2026-05-22 21:00:00,73.75,74.26,71.49,72.34
2026-05-22 22:00:00,72.32,73.6,71.57,73.06
2026-05-22 23:00:00,73.08,74.33,72.84,73.36
2026-05-23 00:00:00,73.38,73.67,71.59,72.43
2026-05-23 01:00:00,72.44,73.18,71.69,72.1
2026-05-23 02:00:00,72.06,74.3,71.77,73.57
2026-05-23 03:00:00,73.57,73.66,71.74,72.23
2026-05-23 04:00:00,72.24,73.01,71.22,72.21
2026-05-23 05:00:00,72.21,72.8,71.1,71.48
2026-05-23 06:00:00,71.47,73.28,71.38,73.2
2026-05-23 07:00:00,73.21,74.71,72.87,72.96
2026-05-23 08:00:00,72.99,74.24,71.95,73.83
2026-05-23 09:00:00,73.79,75.16,73.42,74.68
2026-05-23 10:00:00,74.67,75.32,74.32,74.5
2026-05-23 11:00:00,74.48,75.45,74.38,74.73
2026-05-23 12:00:00,74.76,77.59,74.1,77.43
2026-05-23 13:00:00,77.46,80.31,77.4,80.08
2026-05-23 14:00:00,80.08,80.53,78.03,78.88
2026-05-23 15:00:00,78.87,81.61,78.87,81.49
2026-05-23 16:00:00,81.46,81.96,79.87,81.22
2026-05-23 17:00:00,81.2,82.21,80.43,81.78
2026-05-23 18:00:00,81.79,82.02,79.77,80.69
2026-05-23 19:00:00,80.7,82.38,80.04,81.63
2026-05-23 20:00:00,81.66,84.22,81.29,83.83
2026-05-23 21:00:00,83.81,84.06,82.69,83.06
2026-05-23 22:00:00,83.07,84.41,82.15,84.09
2026-05-23 23:00:00,84.06,84.4,83.1,83.31
2026-05-24 00:00:00,83.31,83.44,81.09,81.24
2026-05-24 01:00:00,81.25,81.95,79.79,80.48
2026-05-24 02:00:00,80.47,82.11,80.17,81.69
2026-05-24 03:00:00,81.64,82.1,79.31,79.71
2026-05-24 04:00:00,79.72,79.82,77.04,77.16
2026-05-24 05:00:00,77.17,78.2,76.66,77.55
2026-05-24 06:00:00,77.52,78.92,77.26,77.73
2026-05-24 07:00:00,77.69,78.35,76.85,77.98
2026-05-24 08:00:00,77.97,79.36,77.72,77.92
2026-05-24 09:00:00,77.89,78.99,76.27,78.92
2026-05-24 10:00:00,78.92,79.18,77.5,78.05
2026-05-24 11:00:00,78.07,79.81,77.65,79.36
2026-05-24 12:00:00,79.37,80.14,78.89,79.33
2026-05-24 13:00:00,79.32,79.58,77.69,78.88
2026-05-24 14:00:00,78.91,79.23,78.17,78.99
2026-05-24 15:00:00,78.98,79.46,76.83,77.05
2026-05-24 16:00:00,77.08,78.05,76.47,76.77
2026-05-24 17:00:00,76.78,77.79,75.95,76.56
2026-05-24 18:00:00,76.58,76.98,75.45,76.36
2026-05-24 19:00:00,76.37,76.87,75.27,75.69
2026-05-24 20:00:00,75.69,77.1,75.22,75.23
2026-05-24 21:00:00,75.19,76.73,75.0,75.73
2026-05-24 22:00:00,75.73,77.36,75.28,76.92
2026-05-24 23:00:00,76.91,76.96,75.48,76.27
2026-05-25 00:00:00,76.27,78.74,75.89,78.0
2026-05-25 01:00:00,77.99,79.5,77.97,79.15
2026-05-25 02:00:00,79.15,82.41,78.72,82.31
2026-05-25 03:00:00,82.27,83.26,82.07,82.82
2026-05-25 04:00:00,82.83,84.36,82.43,83.86
2026-05-25 05:00:00,83.82,84.48,82.73,82.88
2026-05-25 06:00:00,82.89,83.53,81.97,83.48
2026-05-25 07:00:00,83.47,84.39,83.17,83.66
2026-05-25 08:00:00,83.66,85.31,83.17,83.72
2026-05-25 09:00:00,83.72,84.83,82.99,83.04
2026-05-25 10:00:00,83.09,84.61,81.83,82.13
2026-05-25 11:00:00,82.12,85.08,81.87,83.9
2026-05-25 12:00:00,83.9,84.24,82.94,82.96
2026-05-25 13:00:00,82.97,84.22,81.09,82.44
2026-05-25 14:00:00,82.38,82.5,80.8,81.46
2026-05-25 15:00:00,81.46,82.76,81.0,81.91
2026-05-25 16:00:00,81.94,82.78,81.67,82.53
2026-05-25 17:00:00,82.51,83.41,81.4,81.62
2026-05-25 18:00:00,81.61,83.11,81.29,82.56
2026-05-25 19:00:00,82.55,83.09,80.88,81.18
2026-05-25 20:00:00,81.21,81.52,78.57,79.07
2026-05-25 21:00:00,79.06,79.95,77.74,78.2
2026-05-25 22:00:00,78.21,79.71,78.11,79.53
2026-05-25 23:00:00,79.54,80.74,78.83,78.88
2026-05-26 00:00:00,78.89,79.43,77.59,79.22
2026-05-26 01:00:00,79.21,79.97,78.22,78.64
2026-05-26 02:00:00,78.63,78.66,77.34,77.99
2026-05-26 03:00:00,78.02,79.13,77.08,77.87
2026-05-26 04:00:00,77.89,78.75,77.12,77.97
2026-05-26 05:00:00,77.99,78.0,75.99,76.84
2026-05-26 06:00:00,76.82,79.16,76.81,78.02
2026-05-26 07:00:00,78.01,79.95,77.91,79.87
2026-05-26 08:00:00,79.86,81.49,79.58,80.66
2026-05-26 09:00:00,80.64,81.25,78.41,78.5
2026-05-26 10:00:00,78.48,80.31,78.17,79.77
2026-05-26 11:00:00,79.8,80.37,79.24,79.9
2026-05-26 12:00:00,79.88,80.61,79.24,80.3
2026-05-26 13:00:00,80.3,81.74,80.1,81.34
2026-05-26 14:00:00,81.33,82.28,80.62,81.23
2026-05-26 15:00:00,81.22,82.15,80.3,80.3
2026-05-26 16:00:00,80.35,82.49,79.76,81.35
2026-05-26 17:00:00,81.37,83.91,80.73,83.43
2026-05-26 18:00:00,83.43,85.81,83.38,84.01
2026-05-26 19:00:00,84.03,88.53,83.91,87.25
2026-05-26 20:00:00,87.25,88.36,86.6,87.05
2026-05-26 21:00:00,87.08,88.75,87.05,87.92
2026-05-26 22:00:00,87.91,89.18,87.06,89.15
2026-05-26 23:00:00,89.16,89.65,87.24,87.89
2026-05-27 00:00:00,87.89,87.89,85.72,85.92
2026-05-27 01:00:00,85.9,86.71,85.55,86.39
2026-05-27 02:00:00,86.36,87.79,85.56,86.04
2026-05-27 03:00:00,86.03,86.17,83.44,83.52
2026-05-27 04:00:00,83.52,84.56,82.59,83.83
2026-05-27 05:00:00,83.84,84.91,82.92,83.19
2026-05-27 06:00:00,83.18,83.21,80.92,82.24
2026-05-27 07:00:00,82.24,82.97,81.39,82.54
2026-05-27 08:00:00,82.54,83.13,81.63,82.85
2026-05-27 09:00:00,82.91,83.26,81.05,81.74
2026-05-27 10:00:00,81.75,82.84,81.46,81.6
2026-05-27 11:00:00,81.58,81.75,80.17,81.34
2026-05-27 12:00:00,81.36,82.54,80.93,81.96
2026-05-27 13:00:00,81.95,82.18,80.48,81.49
2026-05-27 14:00:00,81.51,81.71,79.39,79.94
2026-05-27 15:00:00,79.95,79.95,77.11,77.52
2026-05-27 16:00:00,77.54,77.84,74.76,75.59
2026-05-27 17:00:00,75.57,76.19,74.43,74.43
2026-05-27 18:00:00,74.44,76.19,73.99,76.04
2026-05-27 19:00:00,76.04,77.57,75.64,77.02
2026-05-27 20:00:00,77.07,77.2,73.7,73.85
2026-05-27 21:00:00,73.88,74.4,72.79,74.34
2026-05-27 22:00:00,74.33,76.0,74.23,75.93
2026-05-27 23:00:00,75.95,76.47,74.75,74.99
2026-05-28 00:00:00,75.02,75.63,74.0,74.24
2026-05-28 01:00:00,74.28,75.16,72.79,73.36
2026-05-28 02:00:00,73.35,73.75,71.47,72.04
2026-05-28 03:00:00,72.01,73.71,71.63,71.76
2026-05-28 04:00:00,71.76,73.23,71.76,72.71
2026-05-28 05:00:00,72.69,73.24,72.04,72.54
2026-05-28 06:00:00,72.57,73.0,70.84,72.16
2026-05-28 07:00:00,72.17,73.47,71.54,73.16
2026-05-28 08:00:00,73.15,74.36,72.2,72.56
2026-05-28 09:00:00,72.55,74.53,72.39,74.0
2026-05-28 10:00:00,74.01,75.5,73.59,75.37
2026-05-28 11:00:00,75.38,75.79,74.82,75.72
2026-05-28 12:00:00,75.78,76.52,75.11,76.17
2026-05-28 13:00:00,76.22,77.37,75.16,77.0
2026-05-28 14:00:00,76.97,78.85,76.65,77.44
2026-05-28 15:00:00,77.47,77.94,76.77,77.71
2026-05-28 16:00:00,77.69,77.84,76.02,77.05
2026-05-28 17:00:00,77.03,80.78,77.03,80.55
2026-05-28 18:00:00,80.55,82.48,79.89,81.56
2026-05-28 19:00:00,81.55,83.82,81.22,83.69
2026-05-28 20:00:00,83.71,84.04,81.53,81.63
2026-05-28 21:00:00,81.62,84.06,81.12,82.9
2026-05-28 22:00:00,82.89,83.96,81.97,83.29
2026-05-28 23:00:00,83.3,85.33,82.65,84.65
2026-05-29 00:00:00,84.64,85.53,84.06,84.75
2026-05-29 01:00:00,84.78,85.15,82.4,82.94
2026-05-29 02:00:00,82.93,83.62,80.95,80.99
2026-05-29 03:00:00,80.97,81.87,80.07,81.02
2026-05-29 04:00:00,81.01,81.38,79.47,80.61
2026-05-29 05:00:00,80.62,81.22,79.42,80.98
2026-05-29 06:00:00,81.0,81.87,80.04,80.81
2026-05-29 07:00:00,80.78,82.75,80.59,80.9
2026-05-29 08:00:00,80.92,81.34,79.87,80.44
2026-05-29 09:00:00,80.43,81.8,80.12,81.39
2026-05-29 10:00:00,81.4,82.54,80.89,81.41
2026-05-29 11:00:00,81.41,81.59,79.08,79.22
2026-05-29 12:00:00,79.22,79.48,77.51,79.22
2026-05-29 13:00:00,79.23,79.71,77.29,77.29
2026-05-29 14:00:00,77.27,78.5,77.19,77.95
2026-05-29 15:00:00,77.9,79.17,77.65,78.24
2026-05-29 16:00:00,78.21,78.53,76.75,78.12
2026-05-29 17:00:00,78.12,80.52,77.89,79.36
2026-05-29 18:00:00,79.35,80.53,78.26,80.52
2026-05-29 19:00:00,80.53,80.95,79.78,80.53
2026-05-29 20:00:00,80.52,81.63,79.55,81.23
2026-05-29 21:00:00,81.2,82.21,80.01,81.49
2026-05-29 22:00:00,81.45,81.47,79.96,81.2
2026-05-29 23:00:00,81.19,81.82,80.46,80.46
2026-05-30 00:00:00,80.49,80.79,77.1,77.23
2026-05-30 01:00:00,77.21,77.98,76.69,77.48
2026-05-30 02:00:00,77.49,78.95,77.01,78.49
2026-05-30 03:00:00,78.5,80.78,78.44,80.07
2026-05-30 04:00:00,80.09,83.38,80.0,82.52
2026-05-30 05:00:00,82.54,82.65,81.15,82.25
2026-05-30 06:00:00,82.26,83.54,81.29,83.27
2026-05-30 07:00:00,83.24,84.38,83.03,84.33
2026-05-30 08:00:00,84.32,84.47,81.11,81.11
2026-05-30 09:00:00,81.13,81.17,78.08,78.29
2026-05-30 10:00:00,78.27,79.19,76.84,76.84
2026-05-30 11:00:00,76.84,79.01,76.47,78.22
2026-05-30 12:00:00,78.27,81.42,77.96,81.13
2026-05-30 13:00:00,81.16,81.61,79.96,80.89
2026-05-30 14:00:00,80.86,82.07,79.96,80.85
2026-05-30 15:00:00,80.83,81.05,79.43,79.74
2026-05-30 16:00:00,79.76,80.01,78.89,79.1
2026-05-30 17:00:00,79.1,80.23,78.65,80.17
2026-05-30 18:00:00,80.14,82.6,80.01,81.05
2026-05-30 19:00:00,81.07,81.93,80.65,80.79
2026-05-30 20:00:00,80.76,81.25,79.88,79.97
2026-05-30 21:00:00,79.98,81.41,78.44,78.89
2026-05-30 22:00:00,78.84,79.16,77.18,78.74
2026-05-30 23:00:00,78.77,80.57,78.68,79.97
2026-05-31 00:00:00,79.96,80.34,78.75,79.78
2026-05-31 01:00:00,79.78,79.89,78.04,79.17
2026-05-31 02:00:00,79.19,81.09,78.79,80.59
2026-05-31 03:00:00,80.62,82.08,79.66,81.62
2026-05-31 04:00:00,81.63,82.17,79.55,79.58
2026-05-31 05:00:00,79.59,80.74,79.13,80.57
2026-05-31 06:00:00,80.53,81.25,79.08,79.78
2026-05-31 07:00:00,79.8,80.59,78.8,79.02
2026-05-31 08:00:00,79.0,79.27,77.8,79.17
2026-05-31 09:00:00,79.17,79.29,77.53,78.61
2026-05-31 10:00:00,78.61,80.95,78.61,80.6
2026-05-31 11:00:00,80.62,81.72,80.47,80.85
2026-05-31 12:00:00,80.85,82.22,79.76,81.18
2026-05-31 13:00:00,81.16,81.3,79.47,79.97
2026-05-31 14:00:00,79.94,80.84,79.13,79.73
2026-05-31 15:00:00,79.71,81.23,79.3,80.96
2026-05-31 16:00:00,80.99,83.76,80.98,82.52
2026-05-31 17:00:00,82.52,83.71,82.13,82.44
2026-05-31 18:00:00,82.46,83.48,81.9,82.41
2026-05-31 19:00:00,82.42,85.07,82.42,84.33
2026-05-31 20:00:00,84.35,85.65,83.49,84.62
2026-05-31 21:00:00,84.62,85.02,83.81,84.91
2026-05-31 22:00:00,84.91,85.47,84.01,85.14
2026-05-31 23:00:00,85.14,85.48,82.5,83.67
2026-06-01 00:00:00,83.65,84.21,81.71,82.95
2026-06-01 01:00:00,82.89,82.99,80.71,80.71
2026-06-01 02:00:00,80.7,81.26,79.34,79.46
2026-06-01 03:00:00,79.43,81.07,79.06,79.33
2026-06-01 04:00:00,79.3,81.62,79.19,80.55
2026-06-01 05:00:00,80.55,81.84,79.92,81.6
2026-06-01 06:00:00,81.62,82.05,80.84,81.35
2026-06-01 07:00:00,81.34,82.92,81.26,82.69
2026-06-01 08:00:00,82.72,84.8,82.43,83.39
2026-06-01 09:00:00,83.43,85.02,82.44,84.3
2026-06-01 10:00:00,84.29,87.37,84.29,86.83
2026-06-01 11:00:00,86.83,87.96,86.31,87.45
2026-06-01 12:00:00,87.46,88.11,86.1,87.19
2026-06-01 13:00:00,87.23,88.13,85.68,86.11
2026-06-01 14:00:00,86.09,87.89,85.57,87.42
2026-06-01 15:00:00,87.45,90.1,86.81,89.74
2026-06-01 16:00:00,89.73,91.23,89.28,89.29
2026-06-01 17:00:00,89.29,91.94,89.29,91.19
2026-06-01 18:00:00,91.18,91.36,87.75,87.76
2026-06-01 19:00:00,87.75,88.79,87.08,88.36
2026-06-01 20:00:00,88.45,90.09,87.99,89.1
2026-06-01 21:00:00,89.11,90.66,88.63,89.78
2026-06-01 22:00:00,89.77,90.75,88.97,89.02
2026-06-01 23:00:00,89.08,90.67,88.6,90.25
2026-06-02 00:00:00,90.23,91.59,89.37,89.37
2026-06-02 01:00:00,89.37,90.42,88.08,89.85
2026-06-02 02:00:00,89.88,93.05,89.75,92.58
2026-06-02 03:00:00,92.58,93.97,91.52,91.97
2026-06-02 04:00:00,91.96,93.31,91.06,93.25
2026-06-02 05:00:00,93.26,94.38,92.78,93.93
2026-06-02 06:00:00,93.97,94.7,92.82,94.28
2026-06-02 07:00:00,94.3,95.02,93.59,94.37
2026-06-02 08:00:00,94.36,94.36,90.3,90.65
2026-06-02 09:00:00,90.63,91.08,89.27,90.35
2026-06-02 10:00:00,90.34,93.36,89.69,93.14
2026-06-02 11:00:00,93.13,94.36,92.49,93.2
2026-06-02 12:00:00,93.23,93.52,91.52,92.45
2026-06-02 13:00:00,92.44,92.58,90.5,92.0
2026-06-02 14:00:00,92.02,93.05,91.51,91.66
2026-06-02 15:00:00,91.7,93.15,90.97,93.1
2026-06-02 16:00:00,93.12,95.37,93.05,94.48
2026-06-02 17:00:00,94.45,94.81,93.1,94.67
2026-06-02 18:00:00,94.73,95.5,93.8,94.23
2026-06-02 19:00:00,94.22,94.53,91.99,92.25
2026-06-02 20:00:00,92.25,92.61,90.98,91.33
2026-06-02 21:00:00,91.36,92.83,90.63,91.88
2026-06-02 22:00:00,91.9,92.15,89.75,91.45
2026-06-02 23:00:00,91.47,93.07,90.94,92.66
2026-06-03 00:00:00,92.65,93.61,91.9,92.85
2026-06-03 01:00:00,92.83,93.64,92.04,93.02
2026-06-03 02:00:00,93.01,93.69,91.95,93.27
2026-06-03 03:00:00,93.28,93.75,91.58,92.51
2026-06-03 04:00:00,92.49,93.75,90.82,91.07
2026-06-03 05:00:00,91.11,93.93,91.03,93.65
2026-06-03 06:00:00,93.64,95.96,93.6,95.31
2026-06-03 07:00:00,95.28,97.45,94.82,97.37
2026-06-03 08:00:00,97.38,98.86,96.23,96.62
2026-06-03 09:00:00,96.63,97.2,95.67,96.97
2026-06-03 10:00:00,96.99,97.27,95.06,95.47
2026-06-03 11:00:00,95.49,95.78,92.71,94.85
2026-06-03 12:00:00,94.9,96.11,93.51,95.61
2026-06-03 13:00:00,95.61,96.89,95.45,96.81
2026-06-03 14:00:00,96.81,98.3,96.66,97.75
2026-06-03 15:00:00,97.75,98.36,96.52,97.79
2026-06-03 16:00:00,97.73,100.12,97.28,99.93
2026-06-03 17:00:00,99.94,100.23,98.67,99.31
2026-06-03 18:00:00,99.33,100.03,98.1,99.0
2026-06-03 19:00:00,99.01,99.13,96.81,97.16
2026-06-03 20:00:00,97.21,97.61,95.58,96.78
2026-06-03 21:00:00,96.8,98.37,94.38,94.89
2026-06-03 22:00:00,94.89,95.46,92.53,92.82
2026-06-03 23:00:00,92.82,92.89,90.6,91.68
2026-06-04 00:00:00,91.7,92.03,89.59,91.59
2026-06-04 01:00:00,91.57,93.07,91.05,93.02
2026-06-04 02:00:00,93.02,94.11,91.27,93.04
2026-06-04 03:00:00,93.04,93.1,89.66,89.72
2026-06-04 04:00:00,89.65,92.31,89.52,91.54
2026-06-04 05:00:00,91.53,91.86,89.32,90.85
2026-06-04 06:00:00,90.85,93.25,90.75,91.52
2026-06-04 07:00:00,91.49,93.88,91.46,93.2
2026-06-04 08:00:00,93.18,95.5,92.86,95.34
2026-06-04 09:00:00,95.33,95.72,92.5,92.99
2026-06-04 10:00:00,93.04,93.49,91.48,92.15
2026-06-04 11:00:00,92.19,93.32,91.61,93.26
2026-06-04 12:00:00,93.26,95.51,92.54,94.12
2026-06-04 13:00:00,94.08,95.58,93.62,95.06
2026-06-04 14:00:00,95.03,96.17,93.25,93.35
2026-06-04 15:00:00,93.35,94.98,93.08,94.18
2026-06-04 16:00:00,94.14,94.49,91.33,91.38
2026-06-04 17:00:00,91.36,91.38,88.17,88.51
2026-06-04 18:00:00,88.52,90.1,87.92,90.1
2026-06-04 19:00:00,90.1,91.75,89.79,91.36
2026-06-04 20:00:00,91.4,92.98,90.57,92.73
2026-06-04 21:00:00,92.74,92.82,90.42,91.44
2026-06-04 22:00:00,91.44,93.36,90.74,90.77
2026-06-04 23:00:00,90.77,91.35,89.67,89.78
2026-06-05 00:00:00,89.74,90.6,88.88,89.37
2026-06-05 01:00:00,89.39,90.34,88.38,88.72
2026-06-05 02:00:00,88.73,89.25,87.61,88.81
2026-06-05 03:00:00,88.79,89.06,85.5,85.5
2026-06-05 04:00:00,85.51,86.37,84.73,85.87
2026-06-05 05:00:00,85.88,86.72,85.22,86.02
2026-06-05 06:00:00,86.03,86.76,83.7,83.88
2026-06-05 07:00:00,83.86,84.16,82.46,82.9
2026-06-05 08:00:00,82.86,83.42,80.95,81.79
2026-06-05 09:00:00,81.83,83.49,81.44,83.42
2026-06-05 10:00:00,83.41,86.19,83.23,86.15
2026-06-05 11:00:00,86.18,86.43,84.87,85.09
2026-06-05 12:00:00,85.07,87.16,84.85,86.63
2026-06-05 13:00:00,86.65,86.92,83.91,84.01
2026-06-05 14:00:00,83.97,85.14,82.36,84.78
2026-06-05 15:00:00,84.79,87.01,84.11,86.81
2026-06-05 16:00:00,86.8,87.74,85.61,86.01
2026-06-05 17:00:00,86.06,87.19,85.27,86.05
2026-06-05 18:00:00,86.06,86.77,84.84,85.19
2026-06-05 19:00:00,85.22,86.16,84.24,84.43
2026-06-05 20:00:00,84.42,85.96,83.88,85.39
2026-06-05 21:00:00,85.37,85.98,83.96,84.48
2026-06-05 22:00:00,84.45,84.62,82.21,82.96
2026-06-05 23:00:00,82.98,84.07,82.36,83.56
2026-06-06 00:00:00,83.56,84.68,83.06,84.27
2026-06-06 01:00:00,84.25,84.66,81.33,81.87
2026-06-06 02:00:00,81.89,82.64,80.83,81.06
2026-06-06 03:00:00,81.02,82.17,80.42,81.97
2026-06-06 04:00:00,82.0,82.37,80.08,80.55
2026-06-06 05:00:00,80.54,80.68,78.59,79.23
2026-06-06 06:00:00,79.23,81.15,79.0,80.76
2026-06-06 07:00:00,80.77,81.56,79.61,81.06
2026-06-06 08:00:00,81.08,82.16,80.53,81.52
2026-06-06 09:00:00,81.51,81.59,80.05,80.3
2026-06-06 10:00:00,80.32,80.89,79.67,80.32
2026-06-06 11:00:00,80.29,81.85,80.14,81.5
2026-06-06 12:00:00,81.51,83.8,81.14,83.49
2026-06-06 13:00:00,83.47,85.26,83.17,84.38
2026-06-06 14:00:00,84.36,86.26,83.9,85.11
2026-06-06 15:00:00,85.1,85.7,83.47,84.41
2026-06-06 16:00:00,84.43,85.75,83.31,85.71
2026-06-06 17:00:00,85.69,88.23,85.28,87.6
2026-06-06 18:00:00,87.59,89.58,87.45,89.58
2026-06-06 19:00:00,89.56,89.67,87.49,88.51
2026-06-06 20:00:00,88.56,88.83,85.6,85.85
2026-06-06 21:00:00,85.86,86.99,84.71,86.11
2026-06-06 22:00:00,86.13,87.58,85.65,87.35
2026-06-06 23:00:00,87.4,88.45,86.81,87.12
2026-06-07 00:00:00,87.15,88.02,86.22,86.72
2026-06-07 01:00:00,86.69,87.25,85.07,86.8
2026-06-07 02:00:00,86.77,88.47,86.58,88.29
2026-06-07 03:00:00,88.27,90.47,87.77,90.42
2026-06-07 04:00:00,90.39,90.86,88.31,88.62
2026-06-07 05:00:00,88.59,89.9,87.31,89.36
2026-06-07 06:00:00,89.36,89.55,87.85,89.25
2026-06-07 07:00:00,89.25,91.71,89.16,91.7
2026-06-07 08:00:00,91.7,91.92,87.35,87.57
2026-06-07 09:00:00,87.59,88.45,86.4,87.83
2026-06-07 10:00:00,87.84,88.82,87.05,87.26
2026-06-07 11:00:00,87.28,87.84,84.84,85.47
2026-06-07 12:00:00,85.46,86.42,84.14,85.79
2026-06-07 13:00:00,85.78,86.81,85.08,86.81
2026-06-07 14:00:00,86.82,88.61,86.82,87.56
2026-06-07 15:00:00,87.55,87.83,86.86,87.43
2026-06-07 16:00:00,87.39,87.39,85.9,86.64
2026-06-07 17:00:00,86.64,86.71,85.17,86.02
2026-06-07 18:00:00,86.0,86.07,84.1,85.03
2026-06-07 19:00:00,84.99,85.31,83.43,85.11
2026-06-07 20:00:00,85.12,86.66,84.54,85.36
2026-06-07 21:00:00,85.4,85.53,82.89,83.1
2026-06-07 22:00:00,83.12,84.83,82.75,83.79
2026-06-07 23:00:00,83.84,84.97,82.64,84.91
2026-06-08 00:00:00,84.91,85.99,82.46,82.54
2026-06-08 01:00:00,82.57,84.33,82.02,84.04
2026-06-08 02:00:00,84.06,85.77,82.92,85.62
2026-06-08 03:00:00,85.62,85.74,82.79,83.12
2026-06-08 04:00:00,83.14,84.8,82.59,84.76
2026-06-08 05:00:00,84.79,86.73,84.41,86.06
2026-06-08 06:00:00,86.06,87.02,83.57,84.45
2026-06-08 07:00:00,84.45,84.93,83.0,84.05
2026-06-08 08:00:00,84.04,85.16,83.57,84.29
2026-06-08 09:00:00,84.27,85.0,83.75,84.34
2026-06-08 10:00:00,84.34,86.27,84.23,85.05
2026-06-08 11:00:00,85.05,86.34,84.87,86.18
2026-06-08 12:00:00,86.21,88.33,86.11,86.92
2026-06-08 13:00:00,86.9,88.29,86.73,87.19
2026-06-08 14:00:00,87.2,88.55,86.93,88.08
2026-06-08 15:00:00,88.09,89.34,87.65,88.36
2026-06-08 16:00:00,88.35,89.21,86.82,86.87
2026-06-08 17:00:00,86.88,87.39,85.13,85.18
2026-06-08 18:00:00,85.15,85.67,83.2,83.47
2026-06-08 19:00:00,83.48,85.9,83.0,85.8
2026-06-08 20:00:00,85.79,87.57,85.25,87.43
2026-06-08 21:00:00,87.43,88.31,85.63,86.93
2026-06-08 22:00:00,86.89,87.78,86.22,87.34
2026-06-08 23:00:00,87.3,87.52,85.29,85.49
2026-06-09 00:00:00,85.46,88.92,85.46,88.52
2026-06-09 01:00:00,88.52,92.65,88.51,91.44
2026-06-09 02:00:00,91.45,92.2,90.59,91.34
2026-06-09 03:00:00,91.35,91.88,90.03,91.08
2026-06-09 04:00:00,91.12,92.55,90.59,91.85
2026-06-09 05:00:00,91.86,92.99,90.98,92.01
2026-06-09 06:00:00,92.02,92.87,91.32,92.14
2026-06-09 07:00:00,92.16,93.22,90.5,90.75
2026-06-09 08:00:00,90.73,91.65,89.11,89.9
2026-06-09 09:00:00,89.89,91.6,89.83,90.9
2026-06-09 10:00:00,90.89,91.09,89.08,89.11
2026-06-09 11:00:00,89.09,90.27,87.9,88.29
2026-06-09 12:00:00,88.29,89.46,87.51,88.82
2026-06-09 13:00:00,88.82,90.93,88.68,89.32
2026-06-09 14:00:00,89.31,89.7,88.14,88.95
2026-06-09 15:00:00,88.92,90.01,86.83,86.94
2026-06-09 16:00:00,86.98,88.87,86.59,88.06
2026-06-09 17:00:00,88.05,90.85,87.96,89.76
2026-06-09 18:00:00,89.77,91.32,89.17,89.36
2026-06-09 19:00:00,89.35,91.22,89.07,90.7
2026-06-09 20:00:00,90.72,92.11,90.53,91.63
2026-06-09 21:00:00,91.64,92.55,91.14,91.96
2026-06-09 22:00:00,91.94,92.38,90.66,91.46
2026-06-09 23:00:00,91.4,91.88,90.07,90.16
2026-06-10 00:00:00,90.19,92.36,89.84,90.16
2026-06-10 01:00:00,90.15,90.55,89.02,89.55
2026-06-10 02:00:00,89.54,91.64,89.17,89.96
2026-06-10 03:00:00,89.93,90.14,86.93,87.64
2026-06-10 04:00:00,87.69,87.84,86.42,87.42
2026-06-10 05:00:00,87.4,89.37,87.06,88.03
2026-06-10 06:00:00,88.03,89.4,87.34,88.33
2026-06-10 07:00:00,88.32,89.77,87.22,87.26
2026-06-10 08:00:00,87.23,88.24,85.87,87.62
2026-06-10 09:00:00,87.64,88.92,87.39,87.75
2026-06-10 10:00:00,87.77,87.77,84.07,84.45
2026-06-10 11:00:00,84.43,84.8,83.53,83.99
2026-06-10 12:00:00,83.98,84.94,82.23,84.88
2026-06-10 13:00:00,84.87,85.18,83.83,84.77
2026-06-10 14:00:00,84.75,84.97,82.03,82.03
2026-06-10 15:00:00,82.0,83.78,81.83,83.53
2026-06-10 16:00:00,83.58,85.77,83.58,84.9
2026-06-10 17:00:00,84.92,85.01,82.85,83.76
2026-06-10 18:00:00,83.77,84.24,82.21,83.31
2026-06-10 19:00:00,83.29,84.66,82.39,84.41
2026-06-10 20:00:00,84.39,84.49,82.43,83.16
2026-06-10 21:00:00,83.18,83.67,81.59,81.98
2026-06-10 22:00:00,81.98,83.06,81.1,81.74
2026-06-10 23:00:00,81.73,82.26,79.85,81.63
2026-06-11 00:00:00,81.65,83.2,81.11,82.95
2026-06-11 01:00:00,82.94,85.67,82.93,85.59
2026-06-11 02:00:00,85.57,86.81,85.2,86.61
2026-06-11 03:00:00,86.63,86.82,85.35,86.47
2026-06-11 04:00:00,86.49,87.82,85.99,86.05
2026-06-11 05:00:00,86.09,87.02,84.39,84.39
2026-06-11 06:00:00,84.4,86.16,84.11,85.9
2026-06-11 07:00:00,85.89,86.92,85.25,86.0
2026-06-11 08:00:00,86.0,88.37,85.53,87.62
2026-06-11 09:00:00,87.61,87.75,85.6,86.42
2026-06-11 10:00:00,86.39,91.46,86.19,91.15
2026-06-11 11:00:00,91.13,91.28,89.52,90.3
2026-06-11 12:00:00,90.35,91.25,89.1,89.54
2026-06-11 13:00:00,89.58,90.45,89.39,90.09
2026-06-11 14:00:00,90.11,92.63,89.84,91.67
2026-06-11 15:00:00,91.67,93.85,91.07,93.79
2026-06-11 16:00:00,93.79,95.42,93.15,94.95
2026-06-11 17:00:00,94.98,97.01,94.75,96.77
2026-06-11 18:00:00,96.77,98.66,96.49,98.65
2026-06-11 19:00:00,98.63,98.77,96.46,97.55
2026-06-11 20:00:00,97.49,98.01,95.99,96.35
2026-06-11 21:00:00,96.38,97.44,95.58,96.44
2026-06-11 22:00:00,96.4,98.99,96.08,97.42
2026-06-11 23:00:00,97.43,98.97,97.29,98.18
2026-06-12 00:00:00,98.17,98.53,96.67,98.09
2026-06-12 01:00:00,98.05,98.11,94.38,94.65
2026-06-12 02:00:00,94.68,97.5,94.11,96.54
2026-06-12 03:00:00,96.54,96.76,93.53,93.73
2026-06-12 04:00:00,93.78,94.23,91.82,92.36
2026-06-12 05:00:00,92.34,93.01,91.47,92.73
2026-06-12 06:00:00,92.75,94.67,92.72,93.61
2026-06-12 07:00:00,93.6,94.81,92.9,93.09
2026-06-12 08:00:00,93.05,93.6,91.07,93.57
2026-06-12 09:00:00,93.63,95.82,93.41,94.73
2026-06-12 10:00:00,94.75,97.37,94.74,96.06
2026-06-12 11:00:00,96.06,97.11,95.26,96.28
2026-06-12 12:00:00,96.27,97.35,95.33,96.07
2026-06-12 13:00:00,96.09,96.66,95.09,96.27
2026-06-12 14:00:00,96.32,96.49,94.65,95.31
2026-06-12 15:00:00,95.31,98.35,95.04,98.09
2026-06-12 16:00:00,98.12,98.18,95.32,96.57
2026-06-12 17:00:00,96.62,97.82,95.98,96.18
2026-06-12 18:00:00,96.16,97.0,95.09,96.75
2026-06-12 19:00:00,96.74,97.34,94.37,94.55
2026-06-12 20:00:00,94.61,95.38,91.85,91.89
2026-06-12 21:00:00,91.85,94.41,91.75,94.33
2026-06-12 22:00:00,94.28,96.13,93.05,95.82
2026-06-12 23:00:00,95.81,97.14,95.35,96.56
2026-06-13 00:00:00,96.57,98.46,96.32,97.98
2026-06-13 01:00:00,98.0,98.32,96.02,98.03
2026-06-13 02:00:00,98.04,99.65,97.7,99.58
2026-06-13 03:00:00,99.6,99.93,97.24,97.35
2026-06-13 04:00:00,97.4,100.0,97.18,97.43
2026-06-13 05:00:00,97.42,98.26,95.17,95.36
2026-06-13 06:00:00,95.32,97.42,94.85,96.5
2026-06-13 07:00:00,96.5,97.92,95.84,97.68
2026-06-13 08:00:00,97.67,98.57,95.55,96.05
2026-06-13 09:00:00,96.06,96.21,93.82,95.81
2026-06-13 10:00:00,95.85,98.58,95.81,96.7
2026-06-13 11:00:00,96.71,98.51,95.85,97.69
2026-06-13 12:00:00,97.67,99.05,97.45,98.21
2026-06-13 13:00:00,98.17,98.98,95.8,95.82
2026-06-13 14:00:00,95.81,98.47,95.41,97.94
2026-06-13 15:00:00,97.97,99.32,97.22,99.32
2026-06-13 16:00:00,99.32,101.22,99.03,99.78
2026-06-13 17:00:00,99.74,101.29,98.57,99.35
2026-06-13 18:00:00,99.37,101.01,98.87,99.17
2026-06-13 19:00:00,99.22,99.49,97.2,97.22
2026-06-13 20:00:00,97.26,98.14,95.65,95.65
2026-06-13 21:00:00,95.66,96.41,94.29,95.49
2026-06-13 22:00:00,95.48,97.41,95.31,95.35
2026-06-13 23:00:00,95.36,97.25,95.12,96.27
2026-06-14 00:00:00,96.26,98.05,95.17,96.66
2026-06-14 01:00:00,96.68,97.87,95.9,95.9
2026-06-14 02:00:00,95.95,96.83,94.81,94.86
2026-06-14 03:00:00,94.83,94.84,91.24,91.39
2026-06-14 04:00:00,91.39,93.85,91.31,91.37
2026-06-14 05:00:00,91.41,91.44,88.87,89.65
2026-06-14 06:00:00,89.64,91.33,88.48,91.21
2026-06-14 07:00:00,91.2,91.36,89.35,90.6
2026-06-14 08:00:00,90.65,93.56,90.43,92.37
2026-06-14 09:00:00,92.36,93.3,91.18,92.25
2026-06-14 10:00:00,92.25,94.78,92.19,94.37
2026-06-14 11:00:00,94.37,95.21,93.46,93.5
2026-06-14 12:00:00,93.48,95.22,93.27,94.77
2026-06-14 13:00:00,94.77,96.24,94.26,94.72
2026-06-14 14:00:00,94.72,95.27,93.14,93.46
2026-06-14 15:00:00,93.47,94.42,92.66,94.39
2026-06-14 16:00:00,94.4,94.81,93.37,94.17
2026-06-14 17:00:00,94.18,95.74,93.77,95.6
2026-06-14 18:00:00,95.59,96.29,93.85,96.2
2026-06-14 19:00:00,96.21,96.9,93.32,93.61
2026-06-14 20:00:00,93.6,93.7,91.9,92.26
2026-06-14 21:00:00,92.28,94.57,90.76,94.54
2026-06-14 22:00:00,94.53,96.52,94.03,95.26
2026-06-14 23:00:00,95.26,95.48,93.22,93.57
2026-06-15 00:00:00,93.57,96.96,93.27,96.59
2026-06-15 01:00:00,96.59,96.61,94.55,95.15
2026-06-15 02:00:00,95.15,98.95,95.07,97.84
2026-06-15 03:00:00,97.87,99.11,97.1,98.31
2026-06-15 04:00:00,98.29,98.67,96.39,98.67
2026-06-15 05:00:00,98.68,99.32,97.68,98.97
2026-06-15 06:00:00,98.99,99.17,98.01,98.69
2026-06-15 07:00:00,98.67,99.47,96.99,98.1
2026-06-15 08:00:00,98.09,98.6,96.41,98.34
2026-06-15 09:00:00,98.34,98.56,95.74,96.13
2026-06-15 10:00:00,96.11,99.06,95.97,98.97
2026-06-15 11:00:00,98.97,99.1,96.59,97.0
2026-06-15 12:00:00,97.03,99.01,95.84,98.04
2026-06-15 13:00:00,98.04,98.51,96.49,96.61
2026-06-15 14:00:00,96.64,98.72,96.4,98.19
2026-06-15 15:00:00,98.23,99.05,96.95,98.77
2026-06-15 16:00:00,98.78,102.35,98.43,102.29
2026-06-15 17:00:00,102.33,105.03,102.22,104.81
2026-06-15 18:00:00,104.83,106.9,104.54,106.34
2026-06-15 19:00:00,106.3,106.59,104.96,106.07
2026-06-15 20:00:00,106.07,107.03,104.41,104.96
2026-06-15 21:00:00,104.99,109.67,104.72,108.38
2026-06-15 22:00:00,108.39,108.63,106.57,107.9
2026-06-15 23:00:00,107.92,112.79,107.91,112.6
2026-06-16 00:00:00,112.62,115.36,112.15,114.82
2026-06-16 01:00:00,114.85,116.71,113.79,114.85
2026-06-16 02:00:00,114.91,116.5,113.99,114.51
2026-06-16 03:00:00,114.51,114.81,111.9,112.54
2026-06-16 04:00:00,112.51,115.29,112.49,114.6
2026-06-16 05:00:00,114.65,116.02,112.45,114.29
2026-06-16 06:00:00,114.23,116.39,113.74,113.74
2026-06-16 07:00:00,113.71,114.48,112.77,114.06
2026-06-16 08:00:00,114.09,116.27,114.03,116.21
2026-06-16 09:00:00,116.19,120.51,116.05,119.26
2026-06-16 10:00:00,119.23,121.81,119.16,121.06
2026-06-16 11:00:00,121.0,122.9,120.66,121.65
2026-06-16 12:00:00,121.63,122.72,119.66,119.71
2026-06-16 13:00:00,119.71,121.64,119.33,121.52
2026-06-16 14:00:00,121.48,122.02,118.82,120.64
2026-06-16 15:00:00,120.68,121.12,117.34,119.5
2026-06-16 16:00:00,119.54,121.52,118.51,120.97
2026-06-16 17:00:00,120.97,121.78,118.38,119.8
2026-06-16 18:00:00,119.78,122.23,119.57,121.97
2026-06-16 19:00:00,121.91,122.08,120.18,120.99
2026-06-16 20:00:00,121.01,122.4,119.49,121.69
2026-06-16 21:00:00,121.69,123.53,121.22,121.68
2026-06-16 22:00:00,121.68,122.97,121.31,122.13
2026-06-16 23:00:00,122.17,122.51,120.02,121.73
2026-06-17 00:00:00,121.7,121.86,118.98,119.72
2026-06-17 01:00:00,119.75,120.64,117.8,119.35
2026-06-17 02:00:00,119.34,119.7,114.15,115.53
2026-06-17 03:00:00,115.53,119.19,115.3,118.74
2026-06-17 04:00:00,118.79,118.79,115.42,115.67
2026-06-17 05:00:00,115.69,116.4,112.46,113.84
2026-06-17 06:00:00,113.8,114.23,111.11,112.66
2026-06-17 07:00:00,112.72,114.18,111.92,113.26
2026-06-17 08:00:00,113.23,115.09,111.82,114.66
2026-06-17 09:00:00,114.67,117.35,114.52,116.36
2026-06-17 10:00:00,116.38,117.37,114.96,116.64
2026-06-17 11:00:00,116.64,117.18,115.01,115.38
2026-06-17 12:00:00,115.37,119.12,115.34,119.12
2026-06-17 13:00:00,119.13,119.71,117.0,119.16
2026-06-17 14:00:00,119.09,119.86,117.46,119.02
2026-06-17 15:00:00,119.0,120.09,118.44,119.42
2026-06-17 16:00:00,119.36,121.4,118.5,118.55
2026-06-17 17:00:00,118.55,119.09,114.36,114.5
2026-06-17 18:00:00,114.52,114.92,112.16,112.51
2026-06-17 19:00:00,112.49,112.7,108.81,109.2
2026-06-17 20:00:00,109.2,111.1,108.94,110.9
2026-06-17 21:00:00,110.94,113.14,110.58,112.55
2026-06-17 22:00:00,112.54,114.52,112.03,112.26
2026-06-17 23:00:00,112.27,112.27,109.34,109.43
2026-06-18 00:00:00,109.51,110.19,107.8,108.05
2026-06-18 01:00:00,108.07,109.67,107.66,109.02
2026-06-18 02:00:00,109.03,109.73,108.16,108.78
2026-06-18 03:00:00,108.75,110.2,108.23,109.58
2026-06-18 04:00:00,109.57,110.15,108.41,109.27
2026-06-18 05:00:00,109.29,110.98,107.86,110.83
2026-06-18 06:00:00,110.87,114.15,109.78,114.0
2026-06-18 07:00:00,114.03,117.92,114.03,115.81
2026-06-18 08:00:00,115.79,116.67,114.44,114.51
2026-06-18 09:00:00,114.53,114.78,112.83,112.88
2026-06-18 10:00:00,112.85,115.24,112.66,114.37
2026-06-18 11:00:00,114.36,117.68,113.27,116.71
2026-06-18 12:00:00,116.65,116.78,114.1,115.57
2026-06-18 13:00:00,115.59,115.82,113.24,113.48
2026-06-18 14:00:00,113.49,113.93,111.48,112.3
2026-06-18 15:00:00,112.33,112.79,110.33,110.48
2026-06-18 16:00:00,110.51,111.24,109.86,110.26
2026-06-18 17:00:00,110.25,112.79,110.16,112.32
2026-06-18 18:00:00,112.28,113.4,110.72,112.74
2026-06-18 19:00:00,112.72,112.79,107.91,108.08
2026-06-18 20:00:00,108.11,108.67,104.88,106.47
2026-06-18 21:00:00,106.5,106.81,105.18,106.68
2026-06-18 22:00:00,106.68,108.69,106.29,107.88
2026-06-18 23:00:00,107.93,108.24,104.72,104.95
2026-06-19 00:00:00,104.94,105.77,104.1,104.48
2026-06-19 01:00:00,104.49,105.57,103.07,105.19
2026-06-19 02:00:00,105.19,106.59,104.53,106.33
2026-06-19 03:00:00,106.35,106.61,104.69,105.22
2026-06-19 04:00:00,105.27,106.04,103.97,104.52
2026-06-19 05:00:00,104.49,105.27,103.52,104.56
2026-06-19 06:00:00,104.58,108.02,104.53,107.89
2026-06-19 07:00:00,107.92,107.97,104.67,107.04
2026-06-19 08:00:00,106.98,108.74,106.48,107.02
2026-06-19 09:00:00,107.03,107.8,104.51,104.56
2026-06-19 10:00:00,104.51,104.76,102.59,103.18
2026-06-19 11:00:00,103.16,105.15,103.07,104.81
2026-06-19 12:00:00,104.81,106.36,104.31,104.66
2026-06-19 13:00:00,104.66,104.66,101.03,102.07
2026-06-19 14:00:00,102.07,104.18,101.45,103.77
2026-06-19 15:00:00,103.8,105.48,103.1,104.19
2026-06-19 16:00:00,104.25,105.33,101.78,101.99
2026-06-19 17:00:00,102.02,102.37,100.76,101.59
2026-06-19 18:00:00,101.58,104.81,101.24,104.5
2026-06-19 19:00:00,104.52,106.03,103.29,105.89
2026-06-19 20:00:00,105.89,107.37,104.53,105.02
2026-06-19 21:00:00,105.05,106.5,104.81,106.31
2026-06-19 22:00:00,106.26,108.13,105.95,107.66
2026-06-19 23:00:00,107.71,109.27,105.59,109.23
2026-06-20 00:00:00,109.18,110.46,107.23,107.35
2026-06-20 01:00:00,107.38,108.05,105.04,105.19
2026-06-20 02:00:00,105.18,107.1,104.65,106.25
2026-06-20 03:00:00,106.3,107.83,105.61,106.78
2026-06-20 04:00:00,106.79,107.87,105.79,107.23
2026-06-20 05:00:00,107.23,107.87,105.53,105.66
2026-06-20 06:00:00,105.68,105.77,103.73,104.31
2026-06-20 07:00:00,104.31,106.1,103.87,104.79
2026-06-20 08:00:00,104.81,105.3,102.15,103.28
2026-06-20 09:00:00,103.27,103.94,100.22,100.3
2026-06-20 10:00:00,100.26,100.45,97.51,97.9
2026-06-20 11:00:00,97.92,98.69,97.03,98.26
2026-06-20 12:00:00,98.28,98.61,96.93,97.79
2026-06-20 13:00:00,97.82,98.1,96.32,96.46
2026-06-20 14:00:00,96.44,97.04,94.48,94.59
2026-06-20 15:00:00,94.6,96.7,94.54,95.93
2026-06-20 16:00:00,95.94,97.84,95.4,96.0
2026-06-20 17:00:00,95.99,98.43,95.72,96.99
2026-06-20 18:00:00,96.97,97.78,96.5,97.1
2026-06-20 19:00:00,97.07,97.69,94.15,94.62
2026-06-20 20:00:00,94.6,97.26,94.54,96.77
2026-06-20 21:00:00,96.74,96.75,94.51,95.43
2026-06-20 22:00:00,95.45,95.72,93.46,94.79
2026-06-20 23:00:00,94.82,97.4,94.65,96.63
2026-06-21 00:00:00,96.66,98.31,96.62,97.71
2026-06-21 01:00:00,97.7,98.4,97.1,98.21
2026-06-21 02:00:00,98.26,99.33,94.57,95.1
2026-06-21 03:00:00,95.15,95.32,93.05,95.19
2026-06-21 04:00:00,95.26,96.16,93.48,93.77
2026-06-21 05:00:00,93.79,94.55,91.94,92.38
2026-06-21 06:00:00,92.35,93.96,92.01,92.56
2026-06-21 07:00:00,92.61,93.24,91.59,93.02
2026-06-21 08:00:00,92.99,92.99,89.98,92.32
2026-06-21 09:00:00,92.36,93.39,91.65,92.55
2026-06-21 10:00:00,92.55,94.84,91.61,94.84
2026-06-21 11:00:00,94.84,95.37,91.66,91.9
2026-06-21 12:00:00,91.9,93.04,91.54,91.81
2026-06-21 13:00:00,91.85,94.07,91.62,92.93
2026-06-21 14:00:00,92.96,94.15,92.07,92.59
2026-06-21 15:00:00,92.58,92.76,90.48,90.62
2026-06-21 16:00:00,90.63,92.23,89.63,92.01
2026-06-21 17:00:00,92.03,92.25,89.63,90.68
2026-06-21 18:00:00,90.64,92.64,89.83,92.57
2026-06-21 19:00:00,92.58,95.13,92.29,94.9
2026-06-21 20:00:00,94.9,96.27,94.8,95.53
2026-06-21 21:00:00,95.56,96.15,94.7,95.07
2026-06-21 22:00:00,95.07,95.42,93.41,94.0
2026-06-21 23:00:00,94.02,96.52,93.61,96.29
2026-06-22 00:00:00,96.25,97.15,94.54,96.71
2026-06-22 01:00:00,96.76,96.77,93.98,94.15
2026-06-22 02:00:00,94.15,95.48,93.36,94.42
2026-06-22 03:00:00,94.39,94.87,92.99,93.89
2026-06-22 04:00:00,93.86,94.22,91.61,93.92
2026-06-22 05:00:00,93.93,93.97,90.48,90.52
2026-06-22 06:00:00,90.51,90.77,88.0,88.45
2026-06-22 07:00:00,88.45,89.57,87.87,89.06
2026-06-22 08:00:00,89.07,89.3,86.94,87.13
2026-06-22 09:00:00,87.13,87.73,86.29,86.5
2026-06-22 10:00:00,86.49,86.6,85.01,85.6
2026-06-22 11:00:00,85.6,86.66,85.09,85.54
2026-06-22 12:00:00,85.57,86.45,84.82,85.64
2026-06-22 13:00:00,85.67,85.67,84.04,84.21
2026-06-22 14:00:00,84.21,85.9,84.08,84.22
2026-06-22 15:00:00,84.22,84.29,82.34,82.63
2026-06-22 16:00:00,82.63,84.78,82.54,84.13
2026-06-22 17:00:00,84.14,88.09,84.09,88.07
2026-06-22 18:00:00,88.07,89.87,87.64,87.64
2026-06-22 19:00:00,87.65,88.56,86.83,87.71
2026-06-22 20:00:00,87.73,88.31,84.48,84.98
2026-06-22 21:00:00,85.0,85.36,83.58,83.93
2026-06-22 22:00:00,83.91,85.54,83.63,84.92
2026-06-22 23:00:00,84.94,85.93,84.61,85.41
2026-06-23 00:00:00,85.42,85.47,82.66,84.2
2026-06-23 01:00:00,84.2,84.7,82.41,84.25
2026-06-23 02:00:00,84.28,84.88,83.28,84.36
2026-06-23 03:00:00,84.34,85.72,83.43,84.72
2026-06-23 04:00:00,84.71,85.57,83.88,84.43
2026-06-23 05:00:00,84.41,85.42,83.77,85.03
2026-06-23 06:00:00,85.03,85.54,84.03,84.76
2026-06-23 07:00:00,84.78,86.66,84.57,86.59
2026-06-23 08:00:00,86.57,87.81,86.06,86.47
2026-06-23 09:00:00,86.5,88.26,86.03,86.15
2026-06-23 10:00:00,86.16,87.29,85.2,87.15
2026-06-23 11:00:00,87.16,87.95,85.9,87.22
2026-06-23 12:00:00,87.21,87.58,86.06,86.89
2026-06-23 13:00:00,86.93,88.82,86.38,87.92
2026-06-23 14:00:00,87.95,89.16,87.14,89.0
2026-06-23 15:00:00,89.02,89.12,87.14,88.38
2026-06-23 16:00:00,88.38,88.39,85.21,86.13
2026-06-23 17:00:00,86.15,86.25,83.7,83.79
2026-06-23 18:00:00,83.79,84.66,82.63,84.13
2026-06-23 19:00:00,84.08,85.43,83.33,83.96
2026-06-23 20:00:00,83.97,84.63,82.73,83.61
2026-06-23 21:00:00,83.6,83.63,80.56,81.24
2026-06-23 22:00:00,81.27,83.84,80.66,83.84
2026-06-23 23:00:00,83.84,85.25,83.58,85.17
2026-06-24 00:00:00,85.17,85.19,82.67,83.44
2026-06-24 01:00:00,83.43,83.45,81.0,81.16
2026-06-24 02:00:00,81.18,81.42,78.85,79.33
2026-06-24 03:00:00,79.32,79.34,77.39,78.2
2026-06-24 04:00:00,78.18,78.64,75.84,76.67
2026-06-24 05:00:00,76.67,77.54,76.03,77.12
2026-06-24 06:00:00,77.12,78.67,75.01,75.26
2026-06-24 07:00:00,75.25,77.31,74.67,76.81
2026-06-24 08:00:00,76.79,77.18,75.78,76.36
2026-06-24 09:00:00,76.37,77.21,76.1,76.12
2026-06-24 10:00:00,76.15,77.52,74.47,77.4
2026-06-24 11:00:00,77.42,78.26,76.94,77.14
2026-06-24 12:00:00,77.13,77.24,74.42,75.3
2026-06-24 13:00:00,75.31,75.95,73.85,74.37
2026-06-24 14:00:00,74.38,76.46,74.08,76.19
2026-06-24 15:00:00,76.22,76.65,73.93,74.35
2026-06-24 16:00:00,74.37,74.91,73.42,74.51
2026-06-24 17:00:00,74.54,76.61,74.24,76.28
2026-06-24 18:00:00,76.29,78.24,75.7,78.05
2026-06-24 19:00:00,78.05,80.83,77.75,79.39
2026-06-24 20:00:00,79.37,81.36,78.97,80.6
2026-06-24 21:00:00,80.61,81.48,80.14,81.22
2026-06-24 22:00:00,81.24,81.68,79.43,79.94
2026-06-24 23:00:00,79.93,80.49,78.87,79.96
2026-06-25 00:00:00,79.97,83.83,79.85,83.82
2026-06-25 01:00:00,83.78,86.23,82.95,85.88
2026-06-25 02:00:00,85.88,86.28,82.51,82.52
2026-06-25 03:00:00,82.55,84.28,82.53,83.02
2026-06-25 04:00:00,83.03,84.2,82.53,83.98
2026-06-25 05:00:00,83.96,85.4,83.32,84.34
2026-06-25 06:00:00,84.35,84.66,82.6,83.97
2026-06-25 07:00:00,83.94,86.76,83.89,86.44
2026-06-25 08:00:00,86.42,87.47,85.74,86.73
2026-06-25 09:00:00,86.73,87.94,83.72,83.72
2026-06-25 10:00:00,83.75,87.54,83.38,86.72
2026-06-25 11:00:00,86.72,88.14,86.03,86.59
2026-06-25 12:00:00,86.62,86.62,83.63,84.14
2026-06-25 13:00:00,84.17,84.82,82.59,84.07
2026-06-25 14:00:00,84.08,84.92,83.42,84.18
2026-06-25 15:00:00,84.21,84.46,81.75,82.22
2026-06-25 16:00:00,82.22,83.11,81.81,82.56
2026-06-25 17:00:00,82.57,82.97,81.12,82.0
2026-06-25 18:00:00,82.0,82.0,79.93,80.06
2026-06-25 19:00:00,80.09,81.38,79.29,80.97
2026-06-25 20:00:00,80.99,81.3,78.71,79.18
2026-06-25 21:00:00,79.18,80.25,78.64,78.92
2026-06-25 22:00:00,78.91,79.51,77.1,77.1
2026-06-25 23:00:00,77.1,77.41,75.96,76.25
2026-06-26 00:00:00,76.27,77.6,76.05,77.48
2026-06-26 01:00:00,77.53,78.06,76.39,76.91
2026-06-26 02:00:00,76.91,77.57,76.47,76.8
2026-06-26 03:00:00,76.81,78.23,76.61,77.9
2026-06-26 04:00:00,77.89,77.96,76.45,77.75
2026-06-26 05:00:00,77.75,81.61,77.51,81.3
2026-06-26 06:00:00,81.3,81.73,80.24,80.41
2026-06-26 07:00:00,80.42,81.54,79.81,81.39
2026-06-26 08:00:00,81.42,82.3,80.86,81.29
2026-06-26 09:00:00,81.29,83.86,81.18,82.7
2026-06-26 10:00:00,82.71,83.71,82.05,82.57
2026-06-26 11:00:00,82.57,82.96,78.68,78.81
2026-06-26 12:00:00,78.8,79.1,77.71,78.26
2026-06-26 13:00:00,78.25,79.35,77.83,78.62
2026-06-26 14:00:00,78.64,80.47,77.97,80.47
2026-06-26 15:00:00,80.51,81.34,79.85,80.57
2026-06-26 16:00:00,80.56,81.29,79.99,80.29
2026-06-26 17:00:00,80.26,81.17,78.26,78.44
2026-06-26 18:00:00,78.45,79.53,77.59,77.68
2026-06-26 19:00:00,77.67,78.03,76.05,77.13
2026-06-26 20:00:00,77.11,79.13,77.07,78.76
2026-06-26 21:00:00,78.78,79.13,77.2,78.57
2026-06-26 22:00:00,78.55,78.74,77.02,77.06
2026-06-26 23:00:00,77.05,77.33,75.82,76.8
2026-06-27 00:00:00,76.8,78.5,76.78,77.09
2026-06-27 01:00:00,77.05,78.88,76.79,77.9
2026-06-27 02:00:00,77.89,78.69,75.99,76.2
2026-06-27 03:00:00,76.23,77.79,76.04,76.46
2026-06-27 04:00:00,76.46,76.84,75.33,75.58
2026-06-27 05:00:00,75.54,76.15,75.01,75.47
2026-06-27 06:00:00,75.48,75.66,73.36,73.42
2026-06-27 07:00:00,73.41,73.75,72.08,72.68
2026-06-27 08:00:00,72.69,73.6,72.55,73.02
2026-06-27 09:00:00,73.01,73.53,72.06,72.48
2026-06-27 10:00:00,72.5,73.53,71.62,73.35
2026-06-27 11:00:00,73.32,74.34,72.2,72.46
2026-06-27 12:00:00,72.48,73.28,72.01,72.07
2026-06-27 13:00:00,72.09,72.17,70.47,70.69
2026-06-27 14:00:00,70.66,72.1,70.02,71.84
2026-06-27 15:00:00,71.82,72.82,71.53,72.21
2026-06-27 16:00:00,72.24,74.41,71.97,73.01
2026-06-27 17:00:00,73.01,73.25,71.75,72.4
2026-06-27 18:00:00,72.4,74.29,72.18,73.8
2026-06-27 19:00:00,73.81,75.57,73.41,75.38
2026-06-27 20:00:00,75.38,76.69,74.95,75.37
2026-06-27 21:00:00,75.37,76.86,74.47,76.72
2026-06-27 22:00:00,76.74,77.47,75.64,77.35
2026-06-27 23:00:00,77.33,78.3,77.15,77.77
2026-06-28 00:00:00,77.76,78.07,75.42,76.08
2026-06-28 01:00:00,76.08,77.43,75.99,77.2
2026-06-28 02:00:00,77.21,78.36,76.42,76.64
2026-06-28 03:00:00,76.63,77.25,75.43,76.33
2026-06-28 04:00:00,76.31,76.53,73.75,74.09
2026-06-28 05:00:00,74.08,74.85,73.11,73.96
2026-06-28 06:00:00,73.97,74.37,72.58,73.04
2026-06-28 07:00:00,73.02,73.19,70.66,70.96
2026-06-28 08:00:00,70.94,71.94,69.65,69.84
2026-06-28 09:00:00,69.83,70.64,69.59,69.88
2026-06-28 10:00:00,69.88,69.99,68.0,68.3
2026-06-28 11:00:00,68.27,69.89,68.04,69.52
2026-06-28 12:00:00,69.55,70.8,69.47,70.34
2026-06-28 13:00:00,70.35,70.67,69.16,70.04
2026-06-28 14:00:00,70.05,70.36,68.35,68.44
2026-06-28 15:00:00,68.48,69.87,67.85,69.7
2026-06-28 16:00:00,69.7,70.52,68.96,69.44
2026-06-28 17:00:00,69.44,70.78,69.33,70.54
2026-06-28 18:00:00,70.53,71.19,69.36,69.59
2026-06-28 19:00:00,69.59,70.32,68.32,68.33
2026-06-28 20:00:00,68.32,69.24,67.95,68.02
2026-06-28 21:00:00,67.98,68.85,67.35,67.57
2026-06-28 22:00:00,67.58,68.58,67.09,68.07
2026-06-28 23:00:00,68.09,69.0,67.74,67.95
2026-06-29 00:00:00,67.97,70.93,67.48,70.88
2026-06-29 01:00:00,70.88,73.05,70.79,72.77
2026-06-29 02:00:00,72.74,73.69,72.19,72.92
2026-06-29 03:00:00,72.93,73.11,70.72,71.51
2026-06-29 04:00:00,71.5,72.22,70.72,70.93
2026-06-29 05:00:00,70.97,71.7,70.55,70.86
2026-06-29 06:00:00,70.84,71.2,69.53,69.84
2026-06-29 07:00:00,69.83,70.53,69.51,70.48
2026-06-29 08:00:00,70.46,70.78,68.12,68.15
2026-06-29 09:00:00,68.16,68.28,66.5,66.82
2026-06-29 10:00:00,66.85,67.52,65.48,65.71
2026-06-29 11:00:00,65.73,65.91,64.07,65.43
2026-06-29 12:00:00,65.43,66.3,64.78,64.99
2026-06-29 13:00:00,64.98,65.63,63.87,64.18
2026-06-29 14:00:00,64.17,65.16,63.52,64.47
2026-06-29 15:00:00,64.48,65.34,64.05,65.25
2026-06-29 16:00:00,65.27,66.19,64.59,64.67
2026-06-29 17:00:00,64.65,66.81,64.47,66.33
2026-06-29 18:00:00,66.3,66.82,65.54,66.12
2026-06-29 19:00:00,66.11,66.42,65.07,66.42
2026-06-29 20:00:00,66.41,67.89,66.31,67.64
2026-06-29 21:00:00,67.62,68.33,66.95,67.53
2026-06-29 22:00:00,67.5,67.53,65.96,67.12
2026-06-29 23:00:00,67.07,67.37,66.13,66.67
2026-06-30 00:00:00,66.68,67.51,66.58,67.39
2026-06-30 01:00:00,67.39,67.86,66.88,67.77
2026-06-30 02:00:00,67.79,68.03,66.28,66.37
2026-06-30 03:00:00,66.36,66.4,64.57,64.77
2026-06-30 04:00:00,64.77,65.0,63.89,64.22
2026-06-30 05:00:00,64.22,65.0,63.85,64.68
2026-06-30 06:00:00,64.66,66.09,64.51,65.71
2026-06-30 07:00:00,65.69,66.34,65.05,65.39
2026-06-30 08:00:00,65.39,66.23,64.05,64.38
2026-06-30 09:00:00,64.37,64.79,63.49,64.55
2026-06-30 10:00:00,64.56,65.0,63.22,63.42
2026-06-30 11:00:00,63.39,64.32,62.57,62.69
2026-06-30 12:00:00,62.67,63.36,61.69,62.13
2026-06-30 13:00:00,62.12,62.74,61.59,62.01
2026-06-30 14:00:00,62.02,62.31,60.76,60.76
2026-06-30 15:00:00,60.76,60.82,58.92,59.34
2026-06-30 16:00:00,59.36,59.83,58.57,59.68
2026-06-30 17:00:00,59.67,59.82,58.83,59.41
2026-06-30 18:00:00,59.39,60.41,59.26,60.0
2026-06-30 19:00:00,60.0,60.44,59.51,60.36
2026-06-30 20:00:00,60.38,61.58,60.33,61.32
2026-06-30 21:00:00,61.31,61.56,60.32,61.25
2026-06-30 22:00:00,61.26,62.76,60.74,62.66
2026-06-30 23:00:00,62.65,64.81,62.34,64.52
2026-07-01 00:00:00,64.53,66.91,64.44,66.53
2026-07-01 01:00:00,66.54,67.63,65.9,67.53
2026-07-01 02:00:00,67.54,67.77,64.96,65.14
2026-07-01 03:00:00,65.13,65.39,63.62,63.82
2026-07-01 04:00:00,63.81,64.68,63.71,64.08
2026-07-01 05:00:00,64.08,65.84,63.69,65.56
2026-07-01 06:00:00,65.57,66.81,65.32,65.87
2026-07-01 07:00:00,65.88,67.11,64.87,67.11
2026-07-01 08:00:00,67.09,67.67,66.46,66.67
2026-07-01 09:00:00,66.67,67.75,66.57,67.35
2026-07-01 10:00:00,67.35,68.27,66.49,66.67
2026-07-01 11:00:00,66.7,67.0,66.06,66.25
2026-07-01 12:00:00,66.22,66.59,65.54,65.82
2026-07-01 13:00:00,65.81,65.84,64.99,65.59
2026-07-01 14:00:00,65.61,66.64,65.0,66.53
2026-07-01 15:00:00,66.51,67.28,66.23,67.13
2026-07-01 16:00:00,67.15,67.6,66.19,66.28
2026-07-01 17:00:00,66.28,66.52,64.1,65.06
2026-07-01 18:00:00,65.09,65.79,64.63,65.54
2026-07-01 19:00:00,65.54,65.64,63.84,64.67
2026-07-01 20:00:00,64.67,65.16,63.99,64.72
2026-07-01 21:00:00,64.76,66.07,64.69,65.48
2026-07-01 22:00:00,65.47,65.91,64.77,65.08
2026-07-01 23:00:00,65.09,65.41,63.69,63.96
2026-07-02 00:00:00,63.97,64.67,63.56,64.3
2026-07-02 01:00:00,64.26,64.31,62.7,63.14
2026-07-02 02:00:00,63.17,65.73,63.06,65.46
2026-07-02 03:00:00,65.48,66.29,64.34,65.7
2026-07-02 04:00:00,65.7,65.8,64.33,65.04
2026-07-02 05:00:00,65.04,66.14,64.34,65.5
2026-07-02 06:00:00,65.51,68.04,64.82,66.7
2026-07-02 07:00:00,66.67,67.7,65.51,67.57
2026-07-02 08:00:00,67.59,67.66,66.39,66.92
2026-07-02 09:00:00,66.89,67.26,65.95,66.24
2026-07-02 10:00:00,66.23,66.28,63.64,64.32
2026-07-02 11:00:00,64.29,65.01,63.72,64.11
2026-07-02 12:00:00,64.12,65.61,63.78,65.48
2026-07-02 13:00:00,65.49,67.16,65.07,66.42
2026-07-02 14:00:00,66.44,66.89,64.55,65.47
2026-07-02 15:00:00,65.48,66.69,64.58,65.23
2026-07-02 16:00:00,65.24,67.42,65.05,67.12
2026-07-02 17:00:00,67.12,67.63,66.35,66.88
2026-07-02 18:00:00,66.88,66.98,65.27,66.62
2026-07-02 19:00:00,66.62,66.63,64.8,65.27
2026-07-02 20:00:00,65.26,65.39,63.65,64.49
2026-07-02 21:00:00,64.49,64.7,63.16,63.77
2026-07-02 22:00:00,63.79,63.92,62.26,62.59
2026-07-02 23:00:00,62.6,62.82,61.59,61.84
2026-07-03 00:00:00,61.85,62.31,59.94,60.09
2026-07-03 01:00:00,60.11,60.43,58.47,59.28
2026-07-03 02:00:00,59.26,59.26,58.24,58.79
2026-07-03 03:00:00,58.78,59.32,58.07,58.6
2026-07-03 04:00:00,58.6,58.76,57.54,57.81
2026-07-03 05:00:00,57.84,58.18,56.93,57.85
2026-07-03 06:00:00,57.82,58.97,57.7,58.21
2026-07-03 07:00:00,58.21,58.37,56.67,56.92
2026-07-03 08:00:00,56.92,57.91,56.87,57.59
2026-07-03 09:00:00,57.6,58.36,57.39,57.63
2026-07-03 10:00:00,57.65,57.81,56.63,57.28
2026-07-03 11:00:00,57.28,57.78,55.72,56.23
2026-07-03 12:00:00,56.23,56.26,54.44,54.64
2026-07-03 13:00:00,54.67,54.82,53.63,53.91
2026-07-03 14:00:00,53.91,53.94,52.63,53.11
2026-07-03 15:00:00,53.13,53.95,52.72,53.02
2026-07-03 16:00:00,53.04,53.6,52.45,52.86
2026-07-03 17:00:00,52.85,53.2,51.56,51.91
2026-07-03 18:00:00,51.9,52.07,51.0,51.93
2026-07-03 19:00:00,51.94,52.8,51.09,52.71
2026-07-03 20:00:00,52.71,52.71,51.09,51.64
2026-07-03 21:00:00,51.64,51.68,49.31,49.51
2026-07-03 22:00:00,49.53,49.95,48.87,49.19
2026-07-03 23:00:00,49.21,49.42,48.0,48.18
2026-07-04 00:00:00,48.22,48.47,46.88,46.96
2026-07-04 01:00:00,46.98,47.24,46.5,46.69
2026-07-04 02:00:00,46.67,46.76,45.54,45.71
2026-07-04 03:00:00,45.72,46.19,45.18,46.18
2026-07-04 04:00:00,46.18,46.29,45.51,45.54
2026-07-04 05:00:00,45.53,46.95,45.38,46.33
2026-07-04 06:00:00,46.33,46.85,45.97,46.71
2026-07-04 07:00:00,46.71,47.14,45.78,46.38
2026-07-04 08:00:00,46.37,47.66,46.12,47.38
2026-07-04 09:00:00,47.39,47.89,47.01,47.73
2026-07-04 10:00:00,47.73,48.49,47.56,47.94
2026-07-04 11:00:00,47.93,48.35,47.44,48.18
2026-07-04 12:00:00,48.19,48.43,47.49,47.69
2026-07-04 13:00:00,47.69,48.22,46.81,46.99
2026-07-04 14:00:00,46.99,47.26,46.05,46.08
2026-07-04 15:00:00,46.07,47.07,46.0,46.52
2026-07-04 16:00:00,46.51,47.44,46.11,47.15
2026-07-04 17:00:00,47.14,47.62,46.95,47.04
2026-07-04 18:00:00,47.03,47.51,46.45,46.48
2026-07-04 19:00:00,46.49,46.91,45.38,46.19
2026-07-04 20:00:00,46.19,47.34,45.57,47.14
2026-07-04 21:00:00,47.14,47.41,46.34,46.43
2026-07-04 22:00:00,46.44,46.56,45.73,45.84
2026-07-04 23:00:00,45.84,46.04,44.91,45.66
2026-07-05 00:00:00,45.66,46.54,45.31,45.37
2026-07-05 01:00:00,45.34,46.42,45.22,45.95
2026-07-05 02:00:00,45.92,46.51,45.59,46.12
2026-07-05 03:00:00,46.1,46.1,45.39,45.94
2026-07-05 04:00:00,45.92,46.36,45.48,45.89
2026-07-05 05:00:00,45.89,47.13,45.88,47.08
2026-07-05 06:00:00,47.07,48.05,46.78,47.87
2026-07-05 07:00:00,47.86,48.15,47.36,47.7
2026-07-05 08:00:00,47.69,48.47,47.35,48.28
2026-07-05 09:00:00,48.28,48.79,47.63,48.71
2026-07-05 10:00:00,48.74,49.59,48.55,48.86
2026-07-05 11:00:00,48.87,49.08,47.57,48.55
2026-07-05 12:00:00,48.53,50.14,48.06,50.01
2026-07-05 13:00:00,50.03,50.45,49.56,50.05
2026-07-05 14:00:00,50.06,50.42,48.75,49.36
2026-07-05 15:00:00,49.38,49.62,48.65,48.86
2026-07-05 16:00:00,48.86,49.32,48.21,48.69
2026-07-05 17:00:00,48.71,49.15,47.96,48.47
2026-07-05 18:00:00,48.48,48.51,47.06,47.07
2026-07-05 19:00:00,47.06,47.29,46.59,47.05
2026-07-05 20:00:00,47.04,47.37,46.16,46.46
2026-07-05 21:00:00,46.43,48.13,46.33,46.62
2026-07-05 22:00:00,46.62,46.62,45.5,45.75
2026-07-05 23:00:00,45.74,45.87,44.9,45.23
2026-07-06 00:00:00,45.22,45.29,44.2,44.23
2026-07-06 01:00:00,44.23,44.92,43.97,44.74
2026-07-06 02:00:00,44.76,45.68,44.47,45.61
2026-07-06 03:00:00,45.6,45.65,44.67,44.96
2026-07-06 04:00:00,44.96,45.87,44.79,45.59
2026-07-06 05:00:00,45.57,46.07,45.16,45.76
2026-07-06 06:00:00,45.76,46.21,45.49,45.92
2026-07-06 07:00:00,45.95,46.16,44.82,45.37
2026-07-06 08:00:00,45.39,45.74,45.01,45.7
2026-07-06 09:00:00,45.7,46.33,44.79,44.94
2026-07-06 10:00:00,44.93,45.66,44.62,45.3
2026-07-06 11:00:00,45.29,45.75,45.03,45.48
2026-07-06 12:00:00,45.47,46.07,45.35,45.35
2026-07-06 13:00:00,45.34,47.08,45.16,46.91
2026-07-06 14:00:00,46.91,47.0,45.93,46.65
2026-07-06 15:00:00,46.66,46.98,46.22,46.98
2026-07-06 16:00:00,47.0,47.57,46.55,46.69
2026-07-06 17:00:00,46.69,47.64,46.44,47.43
2026-07-06 18:00:00,47.45,48.84,47.14,48.73
2026-07-06 19:00:00,48.76,49.28,48.14,48.97
2026-07-06 20:00:00,48.96,50.63,48.93,49.6
2026-07-06 21:00:00,49.61,51.73,49.59,51.73
2026-07-06 22:00:00,51.74,52.29,51.28,51.86
2026-07-06 23:00:00,51.86,52.7,51.55,52.2
2026-07-07 00:00:00,52.18,53.22,51.87,52.51
2026-07-07 01:00:00,52.52,53.39,52.02,53.17
2026-07-07 02:00:00,53.17,53.2,51.65,51.78
2026-07-07 03:00:00,51.77,52.57,51.64,52.21
2026-07-07 04:00:00,52.23,52.23,51.03,51.34
2026-07-07 05:00:00,51.36,51.87,51.04,51.41
2026-07-07 06:00:00,51.38,51.95,50.82,51.1
2026-07-07 07:00:00,51.1,51.11,49.51,49.56
2026-07-07 08:00:00,49.57,49.87,49.08,49.26
2026-07-07 09:00:00,49.29,49.83,48.9,49.05
2026-07-07 10:00:00,49.08,49.53,47.98,49.3
2026-07-07 11:00:00,49.29,49.8,49.0,49.48
2026-07-07 12:00:00,49.5,49.79,48.93,49.43
2026-07-07 13:00:00,49.44,50.02,49.0,49.56
2026-07-07 14:00:00,49.57,49.6,47.51,47.59
2026-07-07 15:00:00,47.6,48.2,46.27,46.28
2026-07-07 16:00:00,46.3,46.6,45.91,46.53
2026-07-07 17:00:00,46.52,46.56,45.27,46.06
2026-07-07 18:00:00,46.05,46.08,45.13,45.73
2026-07-07 19:00:00,45.75,46.09,45.31,45.54
2026-07-07 20:00:00,45.55,46.26,44.45,44.5
2026-07-07 21:00:00,44.5,45.07,43.89,44.94
2026-07-07 22:00:00,44.96,45.08,44.3,44.93
2026-07-07 23:00:00,44.93,46.33,44.73,45.86
2026-07-08 00:00:00,45.84,45.97,45.02,45.71
2026-07-08 01:00:00,45.69,46.13,45.25,45.48
2026-07-08 02:00:00,45.47,45.97,45.32,45.52
2026-07-08 03:00:00,45.53,45.81,45.22,45.31
2026-07-08 04:00:00,45.34,46.64,44.68,46.59
2026-07-08 05:00:00,46.58,47.02,45.87,46.59
2026-07-08 06:00:00,46.58,47.24,45.76,46.07
2026-07-08 07:00:00,46.07,46.15,45.39,45.92
2026-07-08 08:00:00,45.9,46.76,45.76,45.76
2026-07-08 09:00:00,45.76,46.62,45.59,46.58
2026-07-08 10:00:00,46.6,47.23,46.4,46.65
2026-07-08 11:00:00,46.65,47.46,46.35,47.31
2026-07-08 12:00:00,47.31,47.36,46.45,47.02
2026-07-08 13:00:00,47.02,47.03,45.26,45.36
2026-07-08 14:00:00,45.38,45.39,44.62,45.07
2026-07-08 15:00:00,45.06,45.08,43.9,43.98
2026-07-08 16:00:00,44.0,44.1,43.03,43.21
2026-07-08 17:00:00,43.19,44.74,43.09,44.58
2026-07-08 18:00:00,44.58,45.2,44.38,44.97
2026-07-08 19:00:00,44.97,45.16,44.2,44.7
2026-07-08 20:00:00,44.7,44.99,44.21,44.61
2026-07-08 21:00:00,44.62,44.96,44.07,44.42
2026-07-08 22:00:00,44.42,45.53,44.4,45.24
2026-07-08 23:00:00,45.25,45.25,43.84,43.93
2026-07-09 00:00:00,43.93,44.57,43.36,43.37
2026-07-09 01:00:00,43.36,43.49,42.66,43.1
2026-07-09 02:00:00,43.1,43.52,42.87,43.42
2026-07-09 03:00:00,43.42,44.1,43.2,43.39
2026-07-09 04:00:00,43.39,45.85,43.38,45.28
2026-07-09 05:00:00,45.29,45.53,44.84,45.1
2026-07-09 06:00:00,45.1,45.85,44.86,45.19
2026-07-09 07:00:00,45.22,45.61,44.89,45.19
2026-07-09 08:00:00,45.16,45.82,44.47,44.55
2026-07-09 09:00:00,44.58,45.14,44.08,45.04
2026-07-09 10:00:00,45.04,45.28,44.2,44.3
2026-07-09 11:00:00,44.3,45.2,44.09,45.14
2026-07-09 12:00:00,45.15,45.47,44.53,45.4
2026-07-09 13:00:00,45.41,46.7,45.32,46.62
2026-07-09 14:00:00,46.61,47.06,46.3,46.55
2026-07-09 15:00:00,46.54,46.89,46.24,46.89
2026-07-09 16:00:00,46.89,47.72,46.77,47.52
2026-07-09 17:00:00,47.52,48.03,47.44,47.44
2026-07-09 18:00:00,47.42,48.38,47.28,48.03
2026-07-09 19:00:00,48.05,48.72,47.84,47.89
2026-07-09 20:00:00,47.89,47.94,47.22,47.44
2026-07-09 21:00:00,47.43,48.18,47.3,47.65
2026-07-09 22:00:00,47.65,47.65,46.17,46.56
2026-07-09 23:00:00,46.57,48.03,46.55,47.09
2026-07-10 00:00:00,47.07,47.1,45.97,46.72
2026-07-10 01:00:00,46.72,47.83,45.77,47.8
2026-07-10 02:00:00,47.8,47.92,46.46,46.71
2026-07-10 03:00:00,46.69,47.37,46.61,46.97
2026-07-10 04:00:00,46.96,47.99,46.77,47.72
2026-07-10 05:00:00,47.7,48.43,47.33,47.62
2026-07-10 06:00:00,47.63,47.99,47.0,47.21
2026-07-10 07:00:00,47.19,47.95,47.01,47.79
2026-07-10 08:00:00,47.79,48.83,47.34,48.47
2026-07-10 09:00:00,48.5,49.34,48.05,49.07
2026-07-10 10:00:00,49.06,49.28,48.52,48.56
2026-07-10 11:00:00,48.57,48.83,47.81,47.83
2026-07-10 12:00:00,47.82,48.08,46.53,46.57
2026-07-10 13:00:00,46.56,46.76,45.51,46.14
2026-07-10 14:00:00,46.13,46.26,44.89,44.9
2026-07-10 15:00:00,44.9,45.05,44.04,44.48
2026-07-10 16:00:00,44.48,45.21,44.03,44.4
2026-07-10 17:00:00,44.39,45.54,43.93,45.43
2026-07-10 18:00:00,45.42,46.86,45.35,46.58
2026-07-10 19:00:00,46.59,47.61,46.51,47.4
2026-07-10 20:00:00,47.4,49.02,47.1,48.63
2026-07-10 21:00:00,48.63,49.26,48.33,48.48
2026-07-10 22:00:00,48.5,48.62,47.26,48.15
2026-07-10 23:00:00,48.16,49.45,48.08,49.07
2026-07-11 00:00:00,49.05,49.88,48.33,49.88
2026-07-11 01:00:00,49.87,49.87,48.73,49.38
2026-07-11 02:00:00,49.36,49.83,49.07,49.35
2026-07-11 03:00:00,49.35,49.79,48.66,48.84
2026-07-11 04:00:00,48.83,48.98,47.71,47.85
2026-07-11 05:00:00,47.83,49.52,47.83,48.83
2026-07-11 06:00:00,48.84,48.96,47.97,48.07
2026-07-11 07:00:00,48.09,48.42,47.13,47.33
2026-07-11 08:00:00,47.33,47.57,46.3,46.55
2026-07-11 09:00:00,46.54,46.94,46.04,46.4
2026-07-11 10:00:00,46.41,46.63,45.07,45.29
2026-07-11 11:00:00,45.28,45.38,44.46,45.25
2026-07-11 12:00:00,45.25,45.53,44.27,44.51
2026-07-11 13:00:00,44.52,44.79,43.94,44.74
2026-07-11 14:00:00,44.73,45.61,44.6,45.31
2026-07-11 15:00:00,45.32,46.09,44.84,45.8
2026-07-11 16:00:00,45.82,46.38,45.57,45.62
2026-07-11 17:00:00,45.61,46.89,45.44,46.57
2026-07-11 18:00:00,46.57,46.74,46.1,46.57
2026-07-11 19:00:00,46.56,47.57,46.48,47.34
2026-07-11 20:00:00,47.32,48.96,47.23,48.83
2026-07-11 21:00:00,48.82,49.71,48.63,49.64
2026-07-11 22:00:00,49.65,50.14,48.79,49.4
2026-07-11 23:00:00,49.41,51.01,49.3,50.87
2026-07-12 00:00:00,50.88,51.01,49.91,50.33
2026-07-12 01:00:00,50.35,50.42,49.32,49.69
2026-07-12 02:00:00,49.68,50.76,49.24,49.49
2026-07-12 03:00:00,49.49,49.68,48.69,48.89
2026-07-12 04:00:00,48.89,49.01,48.09,48.53
2026-07-12 05:00:00,48.55,49.53,48.0,49.44
2026-07-12 06:00:00,49.43,49.81,49.0,49.01
2026-07-12 07:00:00,49.0,49.87,48.1,48.31
2026-07-12 08:00:00,48.29,48.3,47.12,47.83
2026-07-12 09:00:00,47.85,48.48,47.45,48.43
2026-07-12 10:00:00,48.44,48.88,47.9,48.26
2026-07-12 11:00:00,48.27,48.66,47.23,47.97
2026-07-12 12:00:00,47.95,48.58,47.7,48.03
2026-07-12 13:00:00,48.03,48.68,47.4,47.63
2026-07-12 14:00:00,47.63,48.16,46.78,47.09
2026-07-12 15:00:00,47.1,47.32,45.68,45.77
2026-07-12 16:00:00,45.78,46.42,45.55,45.9
2026-07-12 17:00:00,45.9,46.42,45.2,45.23
2026-07-12 18:00:00,45.23,45.23,44.01,44.25
2026-07-12 19:00:00,44.26,44.55,43.59,43.62
2026-07-12 20:00:00,43.62,43.91,43.13,43.58
2026-07-12 21:00:00,43.57,43.92,42.83,43.48
2026-07-12 22:00:00,43.48,43.8,42.53,42.75
2026-07-12 23:00:00,42.75,43.09,42.18,42.68
2026-07-13 00:00:00,42.69,42.94,41.83,42.43
2026-07-13 01:00:00,42.44,42.68,41.84,42.16
2026-07-13 02:00:00,42.16,42.2,40.81,41.19
2026-07-13 03:00:00,41.18,41.62,40.42,40.91
2026-07-13 04:00:00,40.91,41.89,40.9,41.22
2026-07-13 05:00:00,41.23,41.39,40.49,41.06
2026-07-13 06:00:00,41.06,41.09,39.55,39.91
2026-07-13 07:00:00,39.91,40.45,39.32,39.77
2026-07-13 08:00:00,39.76,40.04,39.37,39.94
2026-07-13 09:00:00,39.92,40.33,39.49,39.98
2026-07-13 10:00:00,39.99,40.43,39.6,40.1
2026-07-13 11:00:00,40.1,41.0,39.94,40.4
2026-07-13 12:00:00,40.41,40.46,39.68,39.92
2026-07-13 13:00:00,39.94,40.1,39.24,39.31
2026-07-13 14:00:00,39.32,39.8,39.25,39.69
2026-07-13 15:00:00,39.71,40.14,39.06,40.08
2026-07-13 16:00:00,40.06,40.1,39.37,39.66
2026-07-13 17:00:00,39.67,39.74,38.49,39.02
2026-07-13 18:00:00,39.03,39.46,38.52,38.66
2026-07-13 19:00:00,38.67,39.17,38.27,39.14
2026-07-13 20:00:00,39.13,39.19,37.85,37.91
2026-07-13 21:00:00,37.9,38.26,37.34,37.35
2026-07-13 22:00:00,37.35,37.55,36.73,37.45
2026-07-13 23:00:00,37.45,37.72,36.53,36.62
2026-07-14 00:00:00,36.61,37.14,36.46,36.6
2026-07-14 01:00:00,36.61,37.07,35.87,37.02
2026-07-14 02:00:00,37.01,37.19,36.26,36.27
2026-07-14 03:00:00,36.28,36.94,36.18,36.92
2026-07-14 04:00:00,36.92,37.35,36.6,36.82
2026-07-14 05:00:00,36.8,37.77,36.8,37.29
2026-07-14 06:00:00,37.28,39.07,37.2,39.03
2026-07-14 07:00:00,39.02,39.23,38.42,38.71
2026-07-14 08:00:00,38.71,40.09,38.53,39.98
2026-07-14 09:00:00,39.99,40.28,39.37,39.63
2026-07-14 10:00:00,39.63,40.21,39.4,40.06
2026-07-14 11:00:00,40.05,40.53,39.75,40.39
2026-07-14 12:00:00,40.39,40.81,40.17,40.24
2026-07-14 13:00:00,40.24,40.85,39.35,39.42
2026-07-14 14:00:00,39.42,39.52,38.36,38.46
2026-07-14 15:00:00,38.45,39.12,37.81,37.91
2026-07-14 16:00:00,37.91,38.42,37.55,37.81
2026-07-14 17:00:00,37.82,38.3,37.5,38.05
2026-07-14 18:00:00,38.06,38.75,37.99,38.07
2026-07-14 19:00:00,38.05,38.81,37.88,38.72
2026-07-14 20:00:00,38.74,38.88,38.13,38.23
2026-07-14 21:00:00,38.21,38.86,38.05,38.62
2026-07-14 22:00:00,38.61,38.62,38.0,38.28
2026-07-14 23:00:00,38.27,38.27,37.52,37.82
2026-07-15 00:00:00,37.82,37.87,36.82,37.16
2026-07-15 01:00:00,37.16,37.23,35.75,35.96
2026-07-15 02:00:00,35.96,36.48,35.26,35.9
2026-07-15 03:00:00,35.9,36.32,35.65,36.14
2026-07-15 04:00:00,36.14,36.67,35.93,36.62
2026-07-15 05:00:00,36.63,36.65,35.75,35.84
2026-07-15 06:00:00,35.84,36.48,35.4,36.27
2026-07-15 07:00:00,36.28,37.43,36.02,37.37
2026-07-15 08:00:00,37.37,37.57,37.02,37.52
2026-07-15 09:00:00,37.52,38.39,37.38,37.88
2026-07-15 10:00:00,37.89,38.8,37.78,38.53
2026-07-15 11:00:00,38.55,39.05,38.11,38.94
2026-07-15 12:00:00,38.94,39.71,38.64,39.55
2026-07-15 13:00:00,39.55,39.71,38.81,39.22
2026-07-15 14:00:00,39.23,39.27,38.52,39.17
2026-07-15 15:00:00,39.16,39.7,39.09,39.42
2026-07-15 16:00:00,39.41,41.12,39.39,40.61
2026-07-15 17:00:00,40.61,41.18,39.68,39.79
2026-07-15 18:00:00,39.79,40.36,39.65,40.01
2026-07-15 19:00:00,40.02,41.41,39.99,41.15
2026-07-15 20:00:00,41.15,41.33,40.26,41.09
2026-07-15 21:00:00,41.1,41.32,40.5,41.12
2026-07-15 22:00:00,41.12,42.43,40.94,42.2
2026-07-15 23:00:00,42.18,42.95,42.08,42.88
2026-07-16 00:00:00,42.88,43.79,42.42,43.79
2026-07-16 01:00:00,43.8,43.87,42.42,42.49
2026-07-16 02:00:00,42.5,42.88,41.76,41.89
2026-07-16 03:00:00,41.89,42.36,41.59,41.82
2026-07-16 04:00:00,41.83,42.09,41.18,41.66
2026-07-16 05:00:00,41.66,41.88,41.16,41.71
2026-07-16 06:00:00,41.71,42.03,41.4,41.63
2026-07-16 07:00:00,41.62,42.02,40.85,40.9
2026-07-16 08:00:00,40.91,41.79,40.86,40.98
2026-07-16 09:00:00,40.96,42.13,40.8,41.75
2026-07-16 10:00:00,41.73,41.95,41.17,41.5
2026-07-16 11:00:00,41.49,42.91,40.98,42.65
2026-07-16 12:00:00,42.65,44.1,42.38,43.74
2026-07-16 13:00:00,43.75,44.55,43.75,44.51
2026-07-16 14:00:00,44.51,44.93,43.65,43.89
2026-07-16 15:00:00,43.9,44.08,43.3,43.72
2026-07-16 16:00:00,43.73,44.21,43.47,43.87
2026-07-16 17:00:00,43.86,44.87,43.31,44.08
2026-07-16 18:00:00,44.08,44.72,43.66,43.73
2026-07-16 19:00:00,43.72,44.28,43.24,43.64
2026-07-16 20:00:00,43.63,45.44,43.61,45.03
2026-07-16 21:00:00,45.02,45.03,44.21,44.84
2026-07-16 22:00:00,44.84,44.85,43.98,44.51
2026-07-16 23:00:00,44.53,45.12,44.39,45.1
2026-07-17 00:00:00,45.11,45.35,43.92,44.25
2026-07-17 01:00:00,44.24,44.35,42.83,43.2
2026-07-17 02:00:00,43.19,43.28,42.15,42.54
2026-07-17 03:00:00,42.54,43.02,42.18,42.35
2026-07-17 04:00:00,42.34,42.38,41.77,41.96
2026-07-17 05:00:00,41.95,42.45,41.27,41.45
2026-07-17 06:00:00,41.46,42.2,41.29,42.17
2026-07-17 07:00:00,42.17,42.37,40.73,40.78
2026-07-17 08:00:00,40.78,41.76,40.56,41.53
2026-07-17 09:00:00,41.53,42.92,41.24,42.89
2026-07-17 10:00:00,42.9,42.9,42.16,42.25
2026-07-17 11:00:00,42.25,43.09,42.03,43.01
2026-07-17 12:00:00,43.02,44.67,42.87,44.29
2026-07-17 13:00:00,44.29,44.32,43.38,43.48
2026-07-17 14:00:00,43.47,44.03,43.34,43.51
2026-07-17 15:00:00,43.51,43.64,42.89,43.46
2026-07-17 16:00:00,43.47,43.93,43.22,43.63
2026-07-17 17:00:00,43.66,43.69,42.79,42.83
2026-07-17 18:00:00,42.81,43.09,42.01,43.04
2026-07-17 19:00:00,43.04,43.06,41.62,41.8
2026-07-17 20:00:00,41.81,42.21,41.71,42.18
2026-07-17 21:00:00,42.17,42.31,41.3,41.9
2026-07-17 22:00:00,41.91,42.65,41.78,42.53
2026-07-17 23:00:00,42.54,43.12,42.33,43.01
2026-07-18 00:00:00,43.01,43.56,42.86,43.27
2026-07-18 01:00:00,43.27,43.86,42.77,42.83
2026-07-18 02:00:00,42.83,43.02,42.05,42.07
2026-07-18 03:00:00,42.09,42.94,42.01,42.51
2026-07-18 04:00:00,42.5,43.54,41.89,43.54
2026-07-18 05:00:00,43.54,44.24,43.46,43.9
2026-07-18 06:00:00,43.91,45.64,43.91,45.55
2026-07-18 07:00:00,45.54,45.95,44.94,45.94
2026-07-18 08:00:00,45.94,46.91,45.89,46.81
2026-07-18 09:00:00,46.81,47.19,46.12,46.36
2026-07-18 10:00:00,46.39,47.01,45.83,45.98
2026-07-18 11:00:00,45.96,46.14,45.07,45.59
2026-07-18 12:00:00,45.58,45.82,44.52,45.35
2026-07-18 13:00:00,45.34,46.08,44.92,45.95
2026-07-18 14:00:00,45.96,46.82,45.83,46.34
2026-07-18 15:00:00,46.36,47.7,46.21,47.2
2026-07-18 16:00:00,47.18,47.53,46.74,47.44
2026-07-18 17:00:00,47.43,48.4,47.15,48.22
2026-07-18 18:00:00,48.23,49.79,48.15,49.3
2026-07-18 19:00:00,49.27,49.52,48.63,49.03
2026-07-18 20:00:00,49.03,49.42,47.9,49.3
2026-07-18 21:00:00,49.32,51.96,49.26,51.84
2026-07-18 22:00:00,51.83,52.07,50.48,50.59
2026-07-18 23:00:00,50.59,51.07,50.13,50.45
2026-07-19 00:00:00,50.43,50.47,49.43,49.84
2026-07-19 01:00:00,49.84,50.22,48.83,49.06
2026-07-19 02:00:00,49.04,49.32,48.25,48.34
2026-07-19 03:00:00,48.34,49.23,48.2,48.4
2026-07-19 04:00:00,48.4,49.66,48.26,49.36
2026-07-19 05:00:00,49.34,50.08,49.26,49.64
2026-07-19 06:00:00,49.65,50.5,49.34,49.76
2026-07-19 07:00:00,49.74,50.2,48.86,49.95
2026-07-19 08:00:00,49.95,50.2,49.31,49.92
2026-07-19 09:00:00,49.9,50.77,49.83,50.35
2026-07-19 10:00:00,50.35,50.9,50.11,50.43
2026-07-19 11:00:00,50.42,51.2,49.74,51.2
2026-07-19 12:00:00,51.19,51.44,50.12,51.05
2026-07-19 13:00:00,51.08,52.56,50.92,52.52
2026-07-19 14:00:00,52.53,53.52,52.51,52.83
2026-07-19 15:00:00,52.83,53.16,52.05,52.41
2026-07-19 16:00:00,52.41,53.22,51.77,52.11
2026-07-19 17:00:00,52.12,52.72,51.16,52.32
2026-07-19 18:00:00,52.3,53.54,51.63,52.71
2026-07-19 19:00:00,52.71,53.36,52.14,52.48
2026-07-19 20:00:00,52.47,54.08,52.21,53.73
2026-07-19 21:00:00,53.71,54.63,53.53,54.12
2026-07-19 22:00:00,54.11,54.67,53.53,54.14
2026-07-19 23:00:00,54.16,54.58,52.8,53.06
2026-07-20 00:00:00,53.05,54.23,52.93,53.21
2026-07-20 01:00:00,53.21,54.15,53.01,54.14
2026-07-20 02:00:00,54.15,54.26,53.19,53.49
2026-07-20 03:00:00,53.48,55.24,53.42,55.15
2026-07-20 04:00:00,55.18,55.69,54.76,55.13
2026-07-20 05:00:00,55.12,56.37,55.07,55.22
2026-07-20 06:00:00,55.23,55.35,54.05,54.72
2026-07-20 07:00:00,54.73,54.89,53.28,54.25
2026-07-20 08:00:00,54.28,54.28,52.88,53.44
2026-07-20 09:00:00,53.45,54.3,53.39,54.21
2026-07-20 10:00:00,54.22,54.73,53.35,54.39
2026-07-20 11:00:00,54.39,54.55,53.66,54.19
2026-07-20 12:00:00,54.19,54.6,53.32,54.51
2026-07-20 13:00:00,54.52,55.23,53.97,54.06
2026-07-20 14:00:00,54.06,54.3,53.7,53.96
2026-07-20 15:00:00,53.96,54.97,53.54,54.89
2026-07-20 16:00:00,54.89,55.91,54.52,55.49
2026-07-20 17:00:00,55.51,55.82,53.95,54.4
2026-07-20 18:00:00,54.4,54.54,53.24,53.81
2026-07-20 19:00:00,53.8,54.02,52.97,53.73
2026-07-20 20:00:00,53.74,54.06,53.14,53.34
2026-07-20 21:00:00,53.34,54.19,53.09,53.82
2026-07-20 22:00:00,53.78,53.87,52.12,52.46
2026-07-20 23:00:00,52.47,52.49,50.58,50.58
2026-07-21 00:00:00,50.57,50.66,48.99,49.42
2026-07-21 01:00:00,49.42,49.98,48.89,49.88
2026-07-21 02:00:00,49.88,50.25,49.24,50.06
2026-07-21 03:00:00,50.05,50.6,49.51,49.69
2026-07-21 04:00:00,49.67,50.12,49.32,49.86
2026-07-21 05:00:00,49.88,50.93,49.7,50.59
2026-07-21 06:00:00,50.58,51.6,50.25,51.52
2026-07-21 07:00:00,51.51,53.2,51.29,52.76
2026-07-21 08:00:00,52.77,53.52,51.68,53.19
2026-07-21 09:00:00,53.19,53.39,52.15,52.45
2026-07-21 10:00:00,52.45,52.78,51.66,51.89
2026-07-21 11:00:00,51.87,53.73,51.61,53.6
2026-07-21 12:00:00,53.57,54.0,52.93,53.82
2026-07-21 13:00:00,53.86,54.39,52.5,52.87
2026-07-21 14:00:00,52.87,53.88,52.5,53.65
2026-07-21 15:00:00,53.66,54.68,53.14,54.09
2026-07-21 16:00:00,54.09,54.97,53.5,54.88
2026-07-21 17:00:00,54.89,55.31,53.79,54.15
2026-07-21 18:00:00,54.17,55.26,53.67,55.24
2026-07-21 19:00:00,55.21,56.58,55.21,56.58
2026-07-21 20:00:00,56.59,57.56,55.72,55.76
2026-07-21 21:00:00,55.76,56.71,55.3,55.55
2026-07-21 22:00:00,55.52,55.55,54.33,54.75
2026-07-21 23:00:00,54.74,55.9,54.57,55.9
2026-07-22 00:00:00,55.92,56.28,55.29,55.96
2026-07-22 01:00:00,55.95,56.29,55.02,56.1
2026-07-22 02:00:00,56.08,56.23,54.41,55.12
2026-07-22 03:00:00,55.13,55.2,54.16,54.53
2026-07-22 04:00:00,54.56,54.78,52.74,53.18
2026-07-22 05:00:00,53.16,53.17,52.25,52.95
2026-07-22 06:00:00,52.95,54.36,52.9,54.25
2026-07-22 07:00:00,54.27,54.76,53.16,53.2
2026-07-22 08:00:00,53.19,53.78,52.65,53.33
2026-07-22 09:00:00,53.32,53.7,52.29,52.44
2026-07-22 10:00:00,52.44,53.08,52.07,52.99
2026-07-22 11:00:00,52.99,53.16,51.62,52.04
2026-07-22 12:00:00,52.06,52.24,50.9,51.38
2026-07-22 13:00:00,51.38,51.83,50.89,51.09
2026-07-22 14:00:00,51.09,52.13,50.78,52.11
2026-07-22 15:00:00,52.12,52.28,51.19,52.0
2026-07-22 16:00:00,52.01,53.14,52.0,53.1
2026-07-22 17:00:00,53.11,54.04,52.71,53.87
2026-07-22 18:00:00,53.88,54.36,52.98,53.93
2026-07-22 19:00:00,53.93,54.96,53.83,54.65
2026-07-22 20:00:00,54.63,54.75,53.16,54.05
2026-07-22 21:00:00,54.04,54.96,54.01,54.91
2026-07-22 22:00:00,54.91,55.18,54.23,55.12
2026-07-22 23:00:00,55.15,55.28,53.5,54.18
2026-07-23 00:00:00,54.16,54.25,53.25,53.44
2026-07-23 01:00:00,53.44,54.51,53.18,53.6
2026-07-23 02:00:00,53.57,53.98,52.48,52.9
2026-07-23 03:00:00,52.91,54.2,52.75,53.6
2026-07-23 04:00:00,53.64,53.88,52.72,53.68
2026-07-23 05:00:00,53.68,53.68,52.44,53.22
2026-07-23 06:00:00,53.22,53.45,52.0,52.19
2026-07-23 07:00:00,52.18,52.39,50.29,50.39
2026-07-23 08:00:00,50.37,50.72,49.84,50.54
2026-07-23 09:00:00,50.54,50.68,48.89,48.9
2026-07-23 10:00:00,48.93,49.04,48.22,48.46
2026-07-23 11:00:00,48.48,48.56,47.47,47.57
2026-07-23 12:00:00,47.54,48.69,47.1,48.08
2026-07-23 13:00:00,48.09,48.8,48.02,48.07
2026-07-23 14:00:00,48.07,49.48,48.07,49.23
2026-07-23 15:00:00,49.25,50.35,49.05,50.35
2026-07-23 16:00:00,50.36,50.73,49.29,49.31
2026-07-23 17:00:00,49.3,49.4,47.66,47.85
2026-07-23 18:00:00,47.83,49.48,47.72,49.27
2026-07-23 19:00:00,49.28,49.61,48.33,48.49
2026-07-23 20:00:00,48.48,49.26,47.56,47.67
2026-07-23 21:00:00,47.68,47.78,45.65,45.85
2026-07-23 22:00:00,45.86,46.0,45.02,45.86
2026-07-23 23:00:00,45.85,46.34,45.53,46.34
2026-07-24 00:00:00,46.34,46.95,45.95,46.7
2026-07-24 01:00:00,46.7,47.44,46.49,46.83
2026-07-24 02:00:00,46.83,46.93,46.07,46.42
2026-07-24 03:00:00,46.42,47.23,46.17,47.14
2026-07-24 04:00:00,47.16,48.08,47.15,47.45
2026-07-24 05:00:00,47.43,48.75,47.22,48.41
2026-07-24 06:00:00,48.41,48.62,47.78,47.98
2026-07-24 07:00:00,47.96,48.45,47.52,47.91
2026-07-24 08:00:00,47.94,48.35,46.66,46.71
2026-07-24 09:00:00,46.72,46.81,44.77,45.1
2026-07-24 10:00:00,45.09,45.6,44.7,45.06
2026-07-24 11:00:00,45.06,45.7,44.97,45.06
2026-07-24 12:00:00,45.05,45.26,44.17,44.2
2026-07-24 13:00:00,44.2,45.47,44.05,44.76
2026-07-24 14:00:00,44.76,44.86,44.0,44.43
2026-07-24 15:00:00,44.42,44.88,44.04,44.56
2026-07-24 16:00:00,44.55,44.73,43.8,43.86
2026-07-24 17:00:00,43.85,44.28,43.55,43.93
2026-07-24 18:00:00,43.92,44.74,43.83,44.27
2026-07-24 19:00:00,44.27,45.43,44.08,45.39
2026-07-24 20:00:00,45.41,46.58,45.29,46.56
2026-07-24 21:00:00,46.57,46.97,46.11,46.7
2026-07-24 22:00:00,46.7,46.73,45.2,45.47
2026-07-24 23:00:00,45.48,45.7,44.0,44.07
2026-07-25 00:00:00,44.07,44.23,43.26,43.62
2026-07-25 01:00:00,43.62,45.19,43.55,44.63
2026-07-25 02:00:00,44.63,44.98,44.21,44.89
2026-07-25 03:00:00,44.89,44.9,43.37,43.38
2026-07-25 04:00:00,43.39,43.8,43.21,43.39
2026-07-25 05:00:00,43.39,43.51,41.59,41.67
2026-07-25 06:00:00,41.68,41.99,41.15,41.56
2026-07-25 07:00:00,41.55,42.22,41.4,41.67
2026-07-25 08:00:00,41.67,42.63,41.18,42.51
2026-07-25 09:00:00,42.52,42.63,41.59,41.8
2026-07-25 10:00:00,41.81,42.33,41.61,42.18
2026-07-25 11:00:00,42.17,42.39,41.54,42.06
2026-07-25 12:00:00,42.05,42.62,41.34,41.34
2026-07-25 13:00:00,41.35,41.76,40.98,40.98
2026-07-25 14:00:00,40.99,41.23,40.56,40.67
2026-07-25 15:00:00,40.67,41.25,40.36,41.14
2026-07-25 16:00:00,41.13,41.48,40.49,41.31
2026-07-25 17:00:00,41.31,41.39,39.82,40.07
2026-07-25 18:00:00,40.07,40.11,38.67,39.35
2026-07-25 19:00:00,39.34,39.36,38.57,39.3
2026-07-25 20:00:00,39.28,39.29,37.99,38.43
2026-07-25 21:00:00,38.4,38.96,38.22,38.41
2026-07-25 22:00:00,38.41,38.42,37.65,37.72
2026-07-25 23:00:00,37.73,37.9,36.36,36.52
2026-07-26 00:00:00,36.51,36.9,36.23,36.41
2026-07-26 01:00:00,36.42,37.63,36.42,36.95
2026-07-26 02:00:00,36.94,37.14,36.12,36.12
2026-07-26 03:00:00,36.12,36.53,35.42,35.63
2026-07-26 04:00:00,35.64,36.17,35.22,35.4
2026-07-26 05:00:00,35.4,35.98,35.17,35.78
2026-07-26 06:00:00,35.78,36.34,35.46,36.3
2026-07-26 07:00:00,36.32,36.73,36.03,36.53
2026-07-26 08:00:00,36.52,36.53,35.36,35.82
2026-07-26 09:00:00,35.81,36.6,35.55,36.46
2026-07-26 10:00:00,36.45,37.72,36.42,37.62
2026-07-26 11:00:00,37.63,37.92,37.1,37.22
2026-07-26 12:00:00,37.22,37.62,36.78,37.0
2026-07-26 13:00:00,37.0,37.15,35.49,35.55
2026-07-26 14:00:00,35.56,35.57,34.72,34.81
2026-07-26 15:00:00,34.8,35.27,34.66,35.08
2026-07-26 16:00:00,35.09,35.16,34.45,34.45
2026-07-26 17:00:00,34.44,35.29,34.43,35.17
2026-07-26 18:00:00,35.17,35.78,35.1,35.49
2026-07-26 19:00:00,35.47,35.67,35.09,35.49
2026-07-26 20:00:00,35.51,35.77,35.13,35.71
2026-07-26 21:00:00,35.71,35.72,35.1,35.17
2026-07-26 22:00:00,35.17,35.87,34.87,35.8
2026-07-26 23:00:00,35.78,35.93,35.42,35.5
2026-07-27 00:00:00,35.49,35.86,35.19,35.34
2026-07-27 01:00:00,35.35,35.57,34.24,34.4
2026-07-27 02:00:00,34.4,34.82,33.97,34.06
2026-07-27 03:00:00,34.05,35.3,33.9,35.09
2026-07-27 04:00:00,35.1,35.3,34.75,34.91
2026-07-27 05:00:00,34.9,35.39,34.43,34.62
2026-07-27 06:00:00,34.63,34.76,34.0,34.29
2026-07-27 07:00:00,34.28,34.7,33.67,33.73
2026-07-27 08:00:00,33.73,34.23,33.57,34.1
2026-07-27 09:00:00,34.1,34.69,34.1,34.63
2026-07-27 10:00:00,34.63,35.18,34.54,34.9
2026-07-27 11:00:00,34.89,34.97,34.33,34.7
2026-07-27 12:00:00,34.71,34.96,34.36,34.74
2026-07-27 13:00:00,34.75,35.0,34.04,34.48
2026-07-27 14:00:00,34.49,35.76,34.36,35.52
2026-07-27 15:00:00,35.52,35.68,34.91,35.09
2026-07-27 16:00:00,35.09,35.5,34.68,35.36
2026-07-27 17:00:00,35.38,35.79,35.0,35.07
2026-07-27 18:00:00,35.07,35.62,34.61,34.67
2026-07-27 19:00:00,34.68,34.89,34.2,34.85
2026-07-27 20:00:00,34.84,35.65,34.76,35.65
2026-07-27 21:00:00,35.66,36.79,35.66,36.78
2026-07-27 22:00:00,36.77,37.39,36.37,37.36
2026-07-27 23:00:00,37.37,39.01,37.36,39.01
2026-07-28 00:00:00,39.02,39.23,38.51,38.88
2026-07-28 01:00:00,38.89,39.19,38.0,38.1
2026-07-28 02:00:00,38.1,38.12,37.59,37.71
2026-07-28 03:00:00,37.73,38.16,37.3,38.05
2026-07-28 04:00:00,38.03,38.06,37.41,37.55
2026-07-28 05:00:00,37.56,38.63,37.08,38.55
2026-07-28 06:00:00,38.56,39.33,38.28,39.16
2026-07-28 07:00:00,39.16,39.18,38.38,39.01
2026-07-28 08:00:00,39.0,39.31,38.73,38.8
2026-07-28 09:00:00,38.8,40.56,38.56,40.54
2026-07-28 10:00:00,40.55,41.33,40.47,40.7
2026-07-28 11:00:00,40.69,41.46,40.39,40.5
2026-07-28 12:00:00,40.49,40.52,39.26,39.63
2026-07-28 13:00:00,39.63,41.34,39.62,40.81
2026-07-28 14:00:00,40.82,40.85,39.84,40.16
2026-07-28 15:00:00,40.14,40.39,39.92,40.1
2026-07-28 16:00:00,40.08,40.23,39.35,40.21
2026-07-28 17:00:00,40.2,41.16,39.95,40.99
2026-07-28 18:00:00,41.0,41.82,40.88,40.92
2026-07-28 19:00:00,40.92,41.16,40.4,40.97
2026-07-28 20:00:00,40.96,41.25,40.19,40.35
2026-07-28 21:00:00,40.35,41.04,40.24,40.72
2026-07-28 22:00:00,40.73,41.23,40.15,40.43
2026-07-28 23:00:00,40.42,40.75,39.88,39.89
2026-07-29 00:00:00,39.89,40.27,39.49,39.86
2026-07-29 01:00:00,39.87,40.33,39.64,39.93
2026-07-29 02:00:00,39.93,40.59,39.43,40.35
2026-07-29 03:00:00,40.35,40.45,39.52,39.59
2026-07-29 04:00:00,39.6,39.98,39.22,39.64
2026-07-29 05:00:00,39.62,39.69,38.4,38.6
2026-07-29 06:00:00,38.6,39.27,38.28,39.14
2026-07-29 07:00:00,39.14,39.73,38.96,39.04
2026-07-29 08:00:00,39.05,39.05,37.87,37.89
2026-07-29 09:00:00,37.87,38.09,36.61,36.75
2026-07-29 10:00:00,36.75,37.83,36.75,37.18
2026-07-29 11:00:00,37.18,38.17,37.02,38.15
2026-07-29 12:00:00,38.14,38.5,37.65,37.86
2026-07-29 13:00:00,37.87,37.91,36.37,36.43
2026-07-29 14:00:00,36.44,36.87,36.22,36.77
2026-07-29 15:00:00,36.77,37.99,36.77,37.24
2026-07-29 16:00:00,37.23,37.82,37.19,37.41
2026-07-29 17:00:00,37.42,37.6,36.83,37.41
2026-07-29 18:00:00,37.39,37.84,36.89,37.8
2026-07-29 19:00:00,37.8,37.95,36.3,36.33
2026-07-29 20:00:00,36.34,36.6,35.57,35.73
2026-07-29 21:00:00,35.73,36.4,35.64,36.11
2026-07-29 22:00:00,36.11,36.28,34.2,34.27
2026-07-29 23:00:00,34.27,34.65,33.99,34.39
2026-07-30 00:00:00,34.42,34.69,33.95,34.03
2026-07-30 01:00:00,34.05,35.06,34.01,34.98
2026-07-30 02:00:00,34.98,36.3,34.93,36.22
2026-07-30 03:00:00,36.22,36.83,36.03,36.63
2026-07-30 04:00:00,36.64,37.5,36.47,37.35
2026-07-30 05:00:00,37.36,38.13,37.32,37.96
2026-07-30 06:00:00,37.95,38.33,37.66,38.13
2026-07-30 07:00:00,38.1,38.56,37.68,38.23
2026-07-30 08:00:00,38.23,38.38,37.93,38.03
2026-07-30 09:00:00,38.03,38.52,37.71,38.37
2026-07-30 10:00:00,38.38,38.72,37.82,37.94
2026-07-30 11:00:00,37.95,38.63,37.62,38.58
2026-07-30 12:00:00,38.57,38.94,38.38,38.48
2026-07-30 13:00:00,38.49,39.16,38.29,38.84
2026-07-30 14:00:00,38.84,38.86,38.08,38.4
2026-07-30 15:00:00,38.39,38.59,37.52,37.78
2026-07-30 16:00:00,37.77,38.02,37.34,37.59
2026-07-30 17:00:00,37.58,37.77,36.91,37.1
2026-07-30 18:00:00,37.1,38.14,36.62,37.63
2026-07-30 19:00:00,37.63,38.0,37.29,37.49
2026-07-30 20:00:00,37.49,37.99,37.1,37.91
2026-07-30 21:00:00,37.91,38.11,37.48,37.98
2026-07-30 22:00:00,37.98,38.33,37.27,38.09
2026-07-30 23:00:00,38.1,39.31,38.07,38.85
2026-07-31 00:00:00,38.85,39.29,38.54,39.0
2026-07-31 01:00:00,39.01,39.44,38.63,39.23
2026-07-31 02:00:00,39.23,39.33,38.75,39.0
2026-07-31 03:00:00,39.0,39.29,37.98,37.99
2026-07-31 04:00:00,38.0,39.43,37.91,39.31
2026-07-31 05:00:00,39.29,40.01,38.5,38.82
2026-07-31 06:00:00,38.8,39.08,38.32,38.59
2026-07-31 07:00:00,38.58,38.77,37.53,37.63
2026-07-31 08:00:00,37.65,38.63,37.61,37.89
2026-07-31 09:00:00,37.89,38.29,37.61,38.2
2026-07-31 10:00:00,38.18,38.31,37.71,38.07
2026-07-31 11:00:00,38.06,38.17,36.49,37.04
2026-07-31 12:00:00,37.05,37.37,36.02,37.14
2026-07-31 13:00:00,37.14,38.33,37.09,38.19
2026-07-31 14:00:00,38.19,38.19,37.64,38.08
2026-07-31 15:00:00,38.06,38.55,37.63,37.75
2026-07-31 16:00:00,37.76,38.07,37.63,37.74
2026-07-31 17:00:00,37.74,38.55,37.65,38.25
2026-07-31 18:00:00,38.23,39.52,38.22,38.91
2026-07-31 19:00:00,38.9,40.06,38.9,39.49
2026-07-31 20:00:00,39.47,39.61,38.68,38.98
2026-07-31 21:00:00,38.97,39.28,38.18,38.27
2026-07-31 22:00:00,38.28,38.71,38.04,38.43
2026-07-31 23:00:00,38.43,38.43,37.28,37.4
2026-08-01 00:00:00,37.4,37.67,37.11,37.27
2026-08-01 01:00:00,37.26,37.27,36.51,36.71
2026-08-01 02:00:00,36.72,37.09,36.33,37.03
2026-08-01 03:00:00,37.03,37.33,36.48,37.28
2026-08-01 04:00:00,37.29,37.38,36.83,36.94
2026-08-01 05:00:00,36.96,37.58,36.58,37.58
2026-08-01 06:00:00,37.59,38.34,37.42,38.32
2026-08-01 07:00:00,38.33,38.62,37.67,38.24
2026-08-01 08:00:00,38.24,39.11,37.93,38.26
2026-08-01 09:00:00,38.25,38.53,37.91,38.34
2026-08-01 10:00:00,38.37,38.73,37.87,38.04
2026-08-01 11:00:00,38.04,38.95,37.99,38.47
2026-08-01 12:00:00,38.47,39.7,38.46,39.67
2026-08-01 13:00:00,39.68,39.99,39.16,39.7
2026-08-01 14:00:00,39.71,39.89,38.26,38.32
2026-08-01 15:00:00,38.32,39.36,38.09,38.8
2026-08-01 16:00:00,38.77,39.25,38.76,39.13
2026-08-01 17:00:00,39.14,39.5,38.54,39.22
2026-08-01 18:00:00,39.22,39.86,38.8,39.8
2026-08-01 19:00:00,39.81,40.43,39.48,40.27
2026-08-01 20:00:00,40.25,40.9,40.23,40.53
2026-08-01 21:00:00,40.53,41.46,40.33,41.32
2026-08-01 22:00:00,41.29,43.33,41.25,43.11
2026-08-01 23:00:00,43.1,43.65,42.79,42.99
2026-08-02 00:00:00,43.0,43.64,42.71,43.6
2026-08-02 01:00:00,43.6,43.64,42.4,42.61
2026-08-02 02:00:00,42.6,43.11,42.23,42.91
2026-08-02 03:00:00,42.94,43.61,42.64,43.37
2026-08-02 04:00:00,43.38,43.44,42.52,42.92
2026-08-02 05:00:00,42.9,44.2,42.8,44.13
2026-08-02 06:00:00,44.14,44.35,41.78,41.85
2026-08-02 07:00:00,41.86,42.29,41.49,41.97
2026-08-02 08:00:00,41.97,42.22,41.22,41.23
2026-08-02 09:00:00,41.24,41.62,40.8,40.81
2026-08-02 10:00:00,40.81,41.07,40.47,40.7
2026-08-02 11:00:00,40.7,40.96,39.94,39.94
2026-08-02 12:00:00,39.96,40.2,38.63,38.8
2026-08-02 13:00:00,38.79,39.55,38.73,38.77
2026-08-02 14:00:00,38.78,39.31,38.5,39.03
2026-08-02 15:00:00,39.02,39.24,38.1,38.29
2026-08-02 16:00:00,38.29,39.01,38.27,38.69
2026-08-02 17:00:00,38.69,38.9,38.19,38.77
2026-08-02 18:00:00,38.76,38.97,38.33,38.97
2026-08-02 19:00:00,38.99,39.03,37.78,38.25
2026-08-02 20:00:00,38.24,38.26,37.49,37.78
2026-08-02 21:00:00,37.8,38.57,37.53,38.56
2026-08-02 22:00:00,38.56,38.82,38.19,38.77
2026-08-02 23:00:00,38.74,40.07,38.74,39.55
2026-08-03 00:00:00,39.55,39.76,39.06,39.41
2026-08-03 01:00:00,39.4,40.92,39.4,40.74
2026-08-03 02:00:00,40.73,40.73,39.49,39.65
2026-08-03 03:00:00,39.65,40.32,39.64,39.74
2026-08-03 04:00:00,39.74,40.14,38.86,39.3
2026-08-03 05:00:00,39.29,39.55,39.06,39.24
2026-08-03 06:00:00,39.23,39.45,38.45,38.98
2026-08-03 07:00:00,38.98,39.05,37.87,38.28
2026-08-03 08:00:00,38.29,38.71,37.93,38.13
2026-08-03 09:00:00,38.14,38.24,37.31,37.67
2026-08-03 10:00:00,37.65,38.09,37.5,37.91
2026-08-03 11:00:00,37.92,38.28,37.4,38.01
2026-08-03 12:00:00,38.01,38.59,38.01,38.54
2026-08-03 13:00:00,38.53,38.58,37.65,37.92
2026-08-03 14:00:00,37.91,38.31,37.78,37.78
2026-08-03 15:00:00,37.78,38.11,37.18,37.85
2026-08-03 16:00:00,37.85,38.35,37.19,37.96
2026-08-03 17:00:00,37.97,37.97,37.11,37.13
2026-08-03 18:00:00,37.14,37.67,36.86,37.52
2026-08-03 19:00:00,37.51,37.69,36.95,37.14
2026-08-03 20:00:00,37.14,37.24,36.36,36.97
2026-08-03 21:00:00,36.98,37.06,36.43,36.89
2026-08-03 22:00:00,36.89,36.98,36.08,36.23
2026-08-03 23:00:00,36.25,36.37,35.48,35.77
2026-08-04 00:00:00,35.77,36.47,35.63,36.15
2026-08-04 01:00:00,36.14,36.25,35.56,35.64
2026-08-04 02:00:00,35.63,35.84,34.82,34.92
2026-08-04 03:00:00,34.93,35.4,34.76,35.3
2026-08-04 04:00:00,35.29,35.53,35.04,35.1
2026-08-04 05:00:00,35.11,35.56,34.98,35.17
2026-08-04 06:00:00,35.16,35.16,34.4,34.45
2026-08-04 07:00:00,34.46,35.1,34.28,34.95
2026-08-04 08:00:00,34.96,35.91,34.59,35.83
2026-08-04 09:00:00,35.83,36.21,35.33,36.08
2026-08-04 10:00:00,36.07,36.5,35.93,36.17
2026-08-04 11:00:00,36.16,36.18,35.27,35.36
2026-08-04 12:00:00,35.37,36.0,35.33,35.71
2026-08-04 13:00:00,35.7,36.22,35.38,36.17
2026-08-04 14:00:00,36.18,36.29,35.26,35.51
2026-08-04 15:00:00,35.51,35.62,34.77,34.87
2026-08-04 16:00:00,34.86,35.65,34.65,35.46
2026-08-04 17:00:00,35.46,36.33,35.39,36.31
2026-08-04 18:00:00,36.31,36.44,35.7,35.7
2026-08-04 19:00:00,35.7,36.53,35.62,36.5
2026-08-04 20:00:00,36.49,37.32,36.2,37.13
2026-08-04 21:00:00,37.13,37.97,36.96,37.33
2026-08-04 22:00:00,37.33,37.98,36.88,37.24
2026-08-04 23:00:00,37.25,37.55,36.76,36.95
2026-08-05 00:00:00,36.95,37.21,36.14,36.45
2026-08-05 01:00:00,36.44,36.87,35.64,35.77
2026-08-05 02:00:00,35.77,35.83,34.82,35.36
2026-08-05 03:00:00,35.35,36.12,35.31,35.72
2026-08-05 04:00:00,35.74,36.14,35.55,35.61
2026-08-05 05:00:00,35.6,35.95,35.18,35.32
2026-08-05 06:00:00,35.34,35.71,35.12,35.23
2026-08-05 07:00:00,35.23,35.26,34.44,34.71
2026-08-05 08:00:00,34.7,34.9,34.26,34.49
2026-08-05 09:00:00,34.5,35.08,34.14,35.06
2026-08-05 10:00:00,35.07,35.4,34.83,34.97
2026-08-05 11:00:00,34.97,35.59,34.85,34.96
2026-08-05 12:00:00,34.96,35.02,34.16,34.16
2026-08-05 13:00:00,34.17,34.7,33.82,33.91
2026-08-05 14:00:00,33.92,33.94,33.13,33.55
2026-08-05 15:00:00,33.55,33.8,33.17,33.24
2026-08-05 16:00:00,33.25,33.41,32.44,32.49
2026-08-05 17:00:00,32.48,32.64,31.76,31.79
2026-08-05 18:00:00,31.8,32.38,31.72,31.87
2026-08-05 19:00:00,31.86,32.01,31.4,31.65
2026-08-05 20:00:00,31.65,32.02,31.28,31.88
2026-08-05 21:00:00,31.88,32.69,31.81,31.87
2026-08-05 22:00:00,31.86,32.3,31.63,31.99
2026-08-05 23:00:00,31.99,32.46,31.91,32.36
2026-08-06 00:00:00,32.37,32.46,31.36,31.38
2026-08-06 01:00:00,31.37,31.55,30.55,30.61
2026-08-06 02:00:00,30.63,31.03,30.17,30.55
2026-08-06 03:00:00,30.56,30.68,29.86,30.03
2026-08-06 04:00:00,30.04,30.63,29.93,30.51
2026-08-06 05:00:00,30.52,30.7,29.89,30.06
2026-08-06 06:00:00,30.06,30.76,29.85,30.25
2026-08-06 07:00:00,30.26,30.5,29.76,30.34
2026-08-06 08:00:00,30.34,30.45,29.55,29.69
2026-08-06 09:00:00,29.68,30.07,29.39,29.6
2026-08-06 10:00:00,29.61,29.69,28.71,29.0
2026-08-06 11:00:00,29.0,29.83,28.91,29.81
2026-08-06 12:00:00,29.81,30.32,29.39,30.26
2026-08-06 13:00:00,30.25,30.58,29.85,30.25
2026-08-06 14:00:00,30.25,30.57,29.95,30.53
2026-08-06 15:00:00,30.52,30.66,29.64,29.81
2026-08-06 16:00:00,29.79,29.97,29.45,29.52
2026-08-06 17:00:00,29.53,29.62,28.59,28.59
2026-08-06 18:00:00,28.59,29.16,28.34,28.7
2026-08-06 19:00:00,28.71,29.08,28.62,29.05
2026-08-06 20:00:00,29.05,29.35,28.59,28.94
2026-08-06 21:00:00,28.94,29.76,28.68,29.58
2026-08-06 22:00:00,29.59,30.15,29.28,30.06
2026-08-06 23:00:00,30.07,30.27,29.61,29.98
2026-08-07 00:00:00,29.97,30.05,29.29,29.36
2026-08-07 01:00:00,29.35,29.78,29.1,29.53
2026-08-07 02:00:00,29.53,29.71,28.71,28.77
2026-08-07 03:00:00,28.77,29.39,28.76,29.27
2026-08-07 04:00:00,29.26,29.64,28.96,29.21
2026-08-07 05:00:00,29.2,29.8,29.19,29.59
2026-08-07 06:00:00,29.6,29.84,29.25,29.31
2026-08-07 07:00:00,29.3,29.52,29.09,29.16
2026-08-07 08:00:00,29.15,30.06,29.05,29.76
2026-08-07 09:00:00,29.76,30.49,29.53,29.76
2026-08-07 10:00:00,29.78,30.22,29.76,29.96
2026-08-07 11:00:00,29.96,30.24,29.7,29.88
2026-08-07 12:00:00,29.88,30.48,29.7,30.16
2026-08-07 13:00:00,30.17,30.23,29.9,30.11
2026-08-07 14:00:00,30.11,30.16,29.61,29.65
2026-08-07 15:00:00,29.65,30.14,29.47,30.14
2026-08-07 16:00:00,30.14,31.2,30.13,30.99
2026-08-07 17:00:00,30.97,31.22,30.6,31.16
2026-08-07 18:00:00,31.15,31.2,30.39,30.54
2026-08-07 19:00:00,30.54,30.87,30.28,30.45
2026-08-07 20:00:00,30.45,30.88,30.35,30.4
2026-08-07 21:00:00,30.4,30.48,29.97,30.29
2026-08-07 22:00:00,30.29,30.48,29.6,29.62
2026-08-07 23:00:00,29.62,29.76,29.23,29.63
2026-08-08 00:00:00,29.62,29.85,29.33,29.73
2026-08-08 01:00:00,29.74,29.86,29.19,29.25
2026-08-08 02:00:00,29.24,29.58,29.15,29.55
2026-08-08 03:00:00,29.55,30.19,29.47,29.85
2026-08-08 04:00:00,29.85,30.12,29.37,29.48
2026-08-08 05:00:00,29.48,29.74,29.2,29.27
2026-08-08 06:00:00,29.27,29.31,28.7,28.87
2026-08-08 07:00:00,28.87,29.31,28.74,28.88
2026-08-08 08:00:00,28.9,28.93,27.95,28.06
2026-08-08 09:00:00,28.07,28.68,27.74,28.55
2026-08-08 10:00:00,28.55,28.67,27.98,28.4
2026-08-08 11:00:00,28.4,29.01,28.09,28.71
2026-08-08 12:00:00,28.7,28.75,27.76,27.86
2026-08-08 13:00:00,27.87,28.0,27.07,27.23
2026-08-08 14:00:00,27.22,27.42,26.92,27.37
2026-08-08 15:00:00,27.36,27.64,26.98,27.44
2026-08-08 16:00:00,27.44,27.48,26.75,26.78
2026-08-08 17:00:00,26.79,27.24,26.74,26.9
2026-08-08 18:00:00,26.89,27.74,26.89,27.25
2026-08-08 19:00:00,27.25,27.57,27.12,27.23
2026-08-08 20:00:00,27.23,27.62,27.0,27.6
2026-08-08 21:00:00,27.58,27.93,27.44,27.68
2026-08-08 22:00:00,27.68,27.79,27.09,27.47
2026-08-08 23:00:00,27.47,27.79,27.31,27.42
2026-08-09 00:00:00,27.42,27.59,27.02,27.07
2026-08-09 01:00:00,27.06,27.23,26.78,27.03
2026-08-09 02:00:00,27.03,27.08,26.32,26.8
2026-08-09 03:00:00,26.8,26.95,26.43,26.56
2026-08-09 04:00:00,26.56,27.17,26.37,27.13
2026-08-09 05:00:00,27.14,27.36,26.84,27.2
2026-08-09 06:00:00,27.19,27.52,27.07,27.35
2026-08-09 07:00:00,27.35,28.0,27.2,27.26
2026-08-09 08:00:00,27.26,27.82,27.15,27.49
2026-08-09 09:00:00,27.48,27.83,27.21,27.48
2026-08-09 10:00:00,27.48,28.03,27.34,27.83
2026-08-09 11:00:00,27.83,28.26,27.64,27.68
2026-08-09 12:00:00,27.67,28.04,26.95,26.97
2026-08-09 13:00:00,26.97,27.08,26.76,26.89
2026-08-09 14:00:00,26.88,27.31,26.63,26.95
2026-08-09 15:00:00,26.95,27.19,26.59,27.02
2026-08-09 16:00:00,27.01,27.37,26.93,27.25
2026-08-09 17:00:00,27.25,27.43,26.96,27.38
2026-08-09 18:00:00,27.38,27.66,27.11,27.15
2026-08-09 19:00:00,27.14,27.39,26.89,27.27
2026-08-09 20:00:00,27.27,27.87,27.16,27.77
2026-08-09 21:00:00,27.76,28.71,27.73,28.55
2026-08-09 22:00:00,28.56,29.01,28.48,28.82
2026-08-09 23:00:00,28.81,29.28,28.58,29.18
2026-08-10 00:00:00,29.18,29.61,28.78,29.54
2026-08-10 01:00:00,29.53,29.89,29.15,29.61
2026-08-10 02:00:00,29.61,30.33,29.29,30.21
2026-08-10 03:00:00,30.21,30.36,29.67,30.04
2026-08-10 04:00:00,30.05,30.28,29.44,30.02
2026-08-10 05:00:00,30.03,30.23,29.54,29.9
2026-08-10 06:00:00,29.92,30.75,29.76,30.28
2026-08-10 07:00:00,30.28,30.36,29.68,30.04
2026-08-10 08:00:00,30.05,30.68,30.02,30.45
2026-08-10 09:00:00,30.46,30.75,29.7,29.76
2026-08-10 10:00:00,29.75,30.67,29.6,30.11
2026-08-10 11:00:00,30.11,30.72,29.86,30.0
2026-08-10 12:00:00,30.0,30.18,29.71,30.05
2026-08-10 13:00:00,30.05,30.47,29.77,30.16
2026-08-10 14:00:00,30.15,30.99,30.12,30.99
2026-08-10 15:00:00,30.98,31.03,30.55,30.6
2026-08-10 16:00:00,30.61,30.7,29.68,30.01
2026-08-10 17:00:00,30.01,30.48,29.82,29.84
2026-08-10 18:00:00,29.84,30.0,29.44,29.49
2026-08-10 19:00:00,29.48,30.03,29.25,29.48
2026-08-10 20:00:00,29.47,29.83,29.38,29.7
2026-08-10 21:00:00,29.7,29.85,28.55,28.7
2026-08-10 22:00:00,28.69,29.63,28.67,29.57
2026-08-10 23:00:00,29.58,30.07,29.52,29.97
2026-08-11 00:00:00,29.97,30.08,29.55,29.78
2026-08-11 01:00:00,29.77,30.13,29.63,30.08
2026-08-11 02:00:00,30.07,30.3,29.33,29.39
2026-08-11 03:00:00,29.37,29.44,28.67,28.89
2026-08-11 04:00:00,28.9,29.13,27.93,28.14
2026-08-11 05:00:00,28.15,28.84,28.09,28.66
2026-08-11 06:00:00,28.66,28.94,28.43,28.47
2026-08-11 07:00:00,28.46,28.69,27.57,27.63
2026-08-11 08:00:00,27.64,29.02,27.43,29.01
2026-08-11 09:00:00,29.01,29.07,28.4,28.91
2026-08-11 10:00:00,28.9,29.5,28.55,29.29
2026-08-11 11:00:00,29.29,29.49,28.84,29.05
2026-08-11 12:00:00,29.05,29.12,28.45,28.59
2026-08-11 13:00:00,28.6,29.16,28.58,29.03
2026-08-11 14:00:00,29.04,29.75,28.9,29.72
2026-08-11 15:00:00,29.73,29.76,29.31,29.49
2026-08-11 16:00:00,29.48,29.82,29.14,29.21
2026-08-11 17:00:00,29.2,29.41,28.63,28.73
2026-08-11 18:00:00,28.74,28.84,28.4,28.56
2026-08-11 19:00:00,28.57,29.49,28.52,29.01
2026-08-11 20:00:00,29.01,29.02,28.4,28.4
2026-08-11 21:00:00,28.41,28.51,27.75,27.97
2026-08-11 22:00:00,27.97,28.31,27.88,28.07
2026-08-11 23:00:00,28.06,28.3,27.77,27.95
2026-08-12 00:00:00,27.94,28.74,27.9,28.71
2026-08-12 01:00:00,28.7,28.87,28.34,28.57
2026-08-12 02:00:00,28.58,28.85,28.49,28.69
2026-08-12 03:00:00,28.69,28.81,28.34,28.69
2026-08-12 04:00:00,28.67,29.12,28.45,28.83
2026-08-12 05:00:00,28.83,28.99,28.55,28.94
2026-08-12 06:00:00,28.93,29.07,28.32,28.5
2026-08-12 07:00:00,28.51,29.35,28.43,29.35
2026-08-12 08:00:00,29.35,29.7,29.01,29.18
2026-08-12 09:00:00,29.19,29.24,28.02,28.14
2026-08-12 10:00:00,28.16,28.53,28.04,28.24
2026-08-12 11:00:00,28.24,28.55,28.16,28.46
2026-08-12 12:00:00,28.45,28.6,27.71,27.85
2026-08-12 13:00:00,27.86,27.88,27.43,27.82
2026-08-12 14:00:00,27.82,28.25,27.74,28.08
2026-08-12 15:00:00,28.09,28.16,27.69,28.06
2026-08-12 16:00:00,28.05,28.09,26.98,27.03
2026-08-12 17:00:00,27.03,27.92,27.0,27.83
2026-08-12 18:00:00,27.83,27.86,27.07,27.32
2026-08-12 19:00:00,27.31,27.33,26.92,27.33
2026-08-12 20:00:00,27.34,27.59,26.96,27.11
2026-08-12 21:00:00,27.11,27.49,26.96,27.33
2026-08-12 22:00:00,27.34,27.42,26.59,26.93
2026-08-12 23:00:00,26.92,27.29,26.65,27.07
2026-08-13 00:00:00,27.08,27.37,26.94,27.16
2026-08-13 01:00:00,27.16,27.52,27.01,27.33
2026-08-13 02:00:00,27.34,27.53,27.09,27.53
2026-08-13 03:00:00,27.54,28.21,27.2,28.21
2026-08-13 04:00:00,28.21,28.34,27.72,27.98
2026-08-13 05:00:00,27.98,28.4,27.85,28.0
2026-08-13 06:00:00,27.98,28.34,27.59,27.96
2026-08-13 07:00:00,27.96,28.14,27.28,27.35
2026-08-13 08:00:00,27.36,27.9,27.17,27.69
2026-08-13 09:00:00,27.68,28.03,27.36,27.37
2026-08-13 10:00:00,27.37,27.72,27.18,27.42
2026-08-13 11:00:00,27.42,28.1,27.35,27.99
2026-08-13 12:00:00,27.99,28.6,27.84,28.53
2026-08-13 13:00:00,28.52,29.0,28.37,28.76
2026-08-13 14:00:00,28.75,28.8,28.07,28.45
2026-08-13 15:00:00,28.43,28.73,27.85,27.87
2026-08-13 16:00:00,27.88,28.2,27.75,27.82
2026-08-13 17:00:00,27.83,28.14,27.58,27.61
2026-08-13 18:00:00,27.61,27.81,26.85,27.49
2026-08-13 19:00:00,27.48,27.61,26.92,26.94
2026-08-13 20:00:00,26.93,26.95,26.03,26.2
2026-08-13 21:00:00,26.19,26.31,25.48,25.82
2026-08-13 22:00:00,25.82,26.47,25.75,26.38
2026-08-13 23:00:00,26.38,26.46,25.93,26.13
2026-08-14 00:00:00,26.14,26.35,25.81,26.02
2026-08-14 01:00:00,26.03,26.21,25.74,26.12
2026-08-14 02:00:00,26.12,26.9,26.03,26.89
2026-08-14 03:00:00,26.87,27.15,26.54,26.92
2026-08-14 04:00:00,26.91,27.86,26.9,27.35
2026-08-14 05:00:00,27.34,27.9,27.2,27.9
2026-08-14 06:00:00,27.91,28.21,27.66,27.99
2026-08-14 07:00:00,27.98,28.6,27.93,28.56
2026-08-14 08:00:00,28.56,29.39,28.52,29.21
2026-08-14 09:00:00,29.2,29.64,29.17,29.36
2026-08-14 10:00:00,29.35,29.82,29.04,29.13
2026-08-14 11:00:00,29.12,29.64,28.86,28.88
2026-08-14 12:00:00,28.87,29.02,28.45,28.95
2026-08-14 13:00:00,28.94,29.32,28.76,29.05
2026-08-14 14:00:00,29.05,29.36,28.72,29.0
2026-08-14 15:00:00,29.0,29.51,28.87,29.5
2026-08-14 16:00:00,29.5,29.6,29.2,29.36
2026-08-14 17:00:00,29.36,29.54,29.07,29.47
2026-08-14 18:00:00,29.48,29.83,29.33,29.66
2026-08-14 19:00:00,29.68,29.92,28.92,29.16
2026-08-14 20:00:00,29.16,29.79,28.84,29.58
2026-08-14 21:00:00,29.58,29.67,28.98,29.05
2026-08-14 22:00:00,29.04,29.09,28.63,28.69
2026-08-14 23:00:00,28.69,29.52,28.6,29.31
2026-08-15 00:00:00,29.3,30.08,29.09,29.8
2026-08-15 01:00:00,29.8,30.55,29.72,30.18
2026-08-15 02:00:00,30.18,30.81,30.05,30.6
2026-08-15 03:00:00,30.6,30.98,29.94,30.16
2026-08-15 04:00:00,30.15,30.69,29.88,29.91
2026-08-15 05:00:00,29.92,30.24,29.8,30.1
2026-08-15 06:00:00,30.1,30.78,30.06,30.46
2026-08-15 07:00:00,30.46,30.6,29.87,29.87
2026-08-15 08:00:00,29.87,30.18,29.22,29.37
2026-08-15 09:00:00,29.38,29.45,28.89,29.08
2026-08-15 10:00:00,29.08,29.81,28.88,29.29
2026-08-15 11:00:00,29.29,29.51,28.8,29.45
2026-08-15 12:00:00,29.44,29.58,29.06,29.38
2026-08-15 13:00:00,29.39,29.39,28.83,29.16
2026-08-15 14:00:00,29.15,29.25,28.85,29.19
2026-08-15 15:00:00,29.18,29.18,28.34,28.47
2026-08-15 16:00:00,28.47,29.18,28.23,29.06
2026-08-15 17:00:00,29.05,29.2,28.36,28.44
2026-08-15 18:00:00,28.44,28.46,27.84,28.03
2026-08-15 19:00:00,28.03,28.15,27.52,27.94
2026-08-15 20:00:00,27.93,27.97,26.88,26.88
2026-08-15 21:00:00,26.88,27.25,26.86,26.9
2026-08-15 22:00:00,26.89,27.86,26.83,27.7
2026-08-15 23:00:00,27.69,28.53,27.46,28.52
2026-08-16 00:00:00,28.52,28.56,27.66,27.7
2026-08-16 01:00:00,27.7,28.12,27.58,27.75
2026-08-16 02:00:00,27.75,28.42,27.44,27.45
2026-08-16 03:00:00,27.45,28.41,27.4,28.08
2026-08-16 04:00:00,28.08,28.58,27.94,28.36
2026-08-16 05:00:00,28.36,28.6,28.14,28.31
2026-08-16 06:00:00,28.32,28.66,28.13,28.26
2026-08-16 07:00:00,28.26,28.91,28.13,28.87
2026-08-16 08:00:00,28.87,29.2,28.32,28.41
2026-08-16 09:00:00,28.41,28.87,28.23,28.81
2026-08-16 10:00:00,28.81,29.57,28.79,29.08
2026-08-16 11:00:00,29.09,29.29,28.54,28.58
2026-08-16 12:00:00,28.58,29.13,28.31,29.08
2026-08-16 13:00:00,29.07,29.38,28.95,29.22
2026-08-16 14:00:00,29.23,29.23,28.66,29.17
2026-08-16 15:00:00,29.17,29.27,28.71,29.17
2026-08-16 16:00:00,29.18,29.46,28.83,29.22
2026-08-16 17:00:00,29.22,29.75,29.04,29.41
2026-08-16 18:00:00,29.41,29.71,28.98,29.07
2026-08-16 19:00:00,29.08,29.6,28.95,29.18
2026-08-16 20:00:00,29.19,29.34,28.78,28.82
2026-08-16 21:00:00,28.82,28.96,28.15,28.37
2026-08-16 22:00:00,28.36,28.86,28.32,28.34
2026-08-16 23:00:00,28.34,28.88,28.16,28.86
2026-08-17 00:00:00,28.86,29.25,28.75,28.95
2026-08-17 01:00:00,28.93,29.18,28.44,28.45
2026-08-17 02:00:00,28.45,28.67,28.24,28.53
2026-08-17 03:00:00,28.53,28.68,27.66,27.96
2026-08-17 04:00:00,27.96,28.07,27.49,27.92
2026-08-17 05:00:00,27.91,28.26,27.64,27.67
2026-08-17 06:00:00,27.66,27.98,27.42,27.93
2026-08-17 07:00:00,27.92,28.3,27.43,27.55
2026-08-17 08:00:00,27.56,27.84,27.27,27.38
2026-08-17 09:00:00,27.38,27.59,27.14,27.4
2026-08-17 10:00:00,27.41,27.42,27.04,27.17
2026-08-17 11:00:00,27.16,27.27,26.74,27.21
2026-08-17 12:00:00,27.22,27.22,26.65,26.96
2026-08-17 13:00:00,26.98,27.21,26.64,27.18
2026-08-17 14:00:00,27.19,27.61,26.98,27.41
2026-08-17 15:00:00,27.42,28.18,27.33,28.14
2026-08-17 16:00:00,28.15,29.2,27.96,29.01
2026-08-17 17:00:00,29.0,29.05,28.31,28.31
2026-08-17 18:00:00,28.31,29.02,28.16,28.8
2026-08-17 19:00:00,28.8,28.83,28.15,28.25
2026-08-17 20:00:00,28.25,28.88,28.25,28.78
2026-08-17 21:00:00,28.78,29.52,28.45,29.49
2026-08-17 22:00:00,29.46,29.72,29.14,29.43
2026-08-17 23:00:00,29.44,30.43,29.25,30.08
2026-08-18 00:00:00,30.07,30.22,29.67,30.12
2026-08-18 01:00:00,30.11,30.37,29.61,29.86
2026-08-18 02:00:00,29.87,29.94,29.46,29.83
2026-08-18 03:00:00,29.83,29.91,29.18,29.47
2026-08-18 04:00:00,29.47,29.92,29.13,29.55
2026-08-18 05:00:00,29.54,30.17,29.47,29.98
2026-08-18 06:00:00,29.98,30.25,29.77,29.83
2026-08-18 07:00:00,29.83,30.09,29.57,29.68
2026-08-18 08:00:00,29.67,30.05,29.35,29.89
2026-08-18 09:00:00,29.9,30.05,29.51,29.81
2026-08-18 10:00:00,29.8,30.24,29.13,29.19
2026-08-18 11:00:00,29.2,29.4,28.79,29.4
2026-08-18 12:00:00,29.4,29.99,29.28,29.84
2026-08-18 13:00:00,29.84,30.04,29.31,29.49
2026-08-18 14:00:00,29.51,29.65,28.53,28.59
2026-08-18 15:00:00,28.59,28.83,28.22,28.61
2026-08-18 16:00:00,28.61,29.16,28.31,29.01
2026-08-18 17:00:00,29.0,29.37,28.67,28.95
2026-08-18 18:00:00,28.96,29.62,28.88,29.38
2026-08-18 19:00:00,29.38,29.9,29.07,29.75
2026-08-18 20:00:00,29.74,29.88,29.05,29.39
2026-08-18 21:00:00,29.39,29.57,28.97,29.09
2026-08-18 22:00:00,29.1,29.26,28.66,28.95
2026-08-18 23:00:00,28.96,29.21,28.57,28.71
2026-08-19 00:00:00,28.72,28.9,28.57,28.84
2026-08-19 01:00:00,28.85,29.18,28.62,29.06
2026-08-19 02:00:00,29.07,29.2,28.69,29.02
2026-08-19 03:00:00,29.02,29.09,28.42,28.66
2026-08-19 04:00:00,28.65,29.07,28.64,28.83
2026-08-19 05:00:00,28.83,29.4,28.82,29.15
2026-08-19 06:00:00,29.15,29.28,28.65,28.72
2026-08-19 07:00:00,28.72,29.05,28.3,28.87
2026-08-19 08:00:00,28.86,29.22,28.61,28.73
2026-08-19 09:00:00,28.73,28.9,27.71,27.88
2026-08-19 10:00:00,27.88,28.47,27.83,28.39
2026-08-19 11:00:00,28.38,29.38,28.31,29.34
2026-08-19 12:00:00,29.34,29.63,29.1,29.34
2026-08-19 13:00:00,29.34,29.73,29.18,29.43
2026-08-19 14:00:00,29.44,29.81,29.13,29.25
2026-08-19 15:00:00,29.25,29.48,29.04,29.3
2026-08-19 16:00:00,29.3,29.3,28.45,28.83
2026-08-19 17:00:00,28.83,29.37,28.81,29.13
2026-08-19 18:00:00,29.14,29.19,28.4,28.46
2026-08-19 19:00:00,28.46,28.47,27.55,27.6
2026-08-19 20:00:00,27.58,28.55,27.45,28.46
2026-08-19 21:00:00,28.47,28.67,28.05,28.41
2026-08-19 22:00:00,28.42,28.6,28.13,28.19
2026-08-19 23:00:00,28.19,28.67,28.15,28.6
2026-08-20 00:00:00,28.6,28.87,27.87,28.04
2026-08-20 01:00:00,28.03,29.17,28.02,29.1
2026-08-20 02:00:00,29.1,29.98,29.06,29.86
2026-08-20 03:00:00,29.86,29.88,29.1,29.76
2026-08-20 04:00:00,29.76,29.94,29.35,29.81
2026-08-20 05:00:00,29.81,29.9,29.26,29.8
2026-08-20 06:00:00,29.8,30.08,29.38,29.84
2026-08-20 07:00:00,29.83,29.96,28.75,28.89
2026-08-20 08:00:00,28.89,29.79,28.74,29.78
2026-08-20 09:00:00,29.77,30.39,29.68,30.13
2026-08-20 10:00:00,30.14,30.56,29.79,30.41
2026-08-20 11:00:00,30.41,30.72,29.99,30.42
2026-08-20 12:00:00,30.43,30.49,29.02,29.17
2026-08-20 13:00:00,29.18,29.74,29.15,29.39
2026-08-20 14:00:00,29.4,29.92,29.19,29.79
2026-08-20 15:00:00,29.8,30.04,28.86,28.86
2026-08-20 16:00:00,28.86,29.24,28.51,28.63
2026-08-20 17:00:00,28.64,29.34,28.53,29.15
2026-08-20 18:00:00,29.15,30.02,29.15,29.86
2026-08-20 19:00:00,29.85,30.18,29.75,29.75
2026-08-20 20:00:00,29.75,29.96,29.4,29.91
2026-08-20 21:00:00,29.91,30.07,29.47,29.82
2026-08-20 22:00:00,29.8,30.13,29.58,29.82
2026-08-20 23:00:00,29.83,29.84,29.06,29.11
2026-08-21 00:00:00,29.11,29.12,27.59,27.63
2026-08-21 01:00:00,27.64,27.79,27.24,27.78
2026-08-21 02:00:00,27.79,28.06,27.46,27.64
2026-08-21 03:00:00,27.64,27.79,27.23,27.51
2026-08-21 04:00:00,27.51,27.7,27.22,27.46
2026-08-21 05:00:00,27.46,27.83,27.19,27.64
2026-08-21 06:00:00,27.65,28.36,27.51,28.04
2026-08-21 07:00:00,28.03,28.31,27.64,27.64
2026-08-21 08:00:00,27.65,28.07,27.37,28.0
2026-08-21 09:00:00,28.0,28.39,27.67,27.78
2026-08-21 10:00:00,27.77,27.85,27.19,27.47
2026-08-21 11:00:00,27.48,27.86,27.28,27.81
2026-08-21 12:00:00,27.8,28.01,27.48,27.71
2026-08-21 13:00:00,27.72,27.92,27.16,27.54
2026-08-21 14:00:00,27.54,28.31,27.25,28.18
2026-08-21 15:00:00,28.17,28.22,27.48,27.63
2026-08-21 16:00:00,27.64,28.01,27.55,27.9
2026-08-21 17:00:00,27.9,28.35,27.77,28.16
2026-08-21 18:00:00,28.15,28.81,27.84,28.59
2026-08-21 19:00:00,28.59,28.67,28.03,28.27
2026-08-21 20:00:00,28.28,29.18,28.28,29.16
2026-08-21 21:00:00,29.16,29.28,28.59,28.65
2026-08-21 22:00:00,28.65,28.75,28.36,28.5
2026-08-21 23:00:00,28.5,28.79,28.14,28.26
2026-08-22 00:00:00,28.26,28.76,28.24,28.35
2026-08-22 01:00:00,28.36,28.44,27.62,27.76
2026-08-22 02:00:00,27.78,28.14,27.46,27.94
2026-08-22 03:00:00,27.94,28.48,27.92,28.2
2026-08-22 04:00:00,28.21,28.4,27.82,28.38
2026-08-22 05:00:00,28.38,28.76,28.21,28.49
2026-08-22 06:00:00,28.49,28.93,28.02,28.06
2026-08-22 07:00:00,28.06,28.33,27.63,28.13
2026-08-22 08:00:00,28.14,28.47,27.88,28.16
2026-08-22 09:00:00,28.17,29.15,28.02,28.88
2026-08-22 10:00:00,28.87,29.16,28.64,28.97
2026-08-22 11:00:00,28.97,29.16,28.4,28.65
2026-08-22 12:00:00,28.64,29.1,28.47,28.58
2026-08-22 13:00:00,28.58,29.28,28.53,29.14
2026-08-22 14:00:00,29.14,29.83,29.04,29.82
2026-08-22 15:00:00,29.83,30.35,29.64,30.23
2026-08-22 16:00:00,30.23,30.28,29.46,29.52
2026-08-22 17:00:00,29.52,30.12,29.49,29.67
2026-08-22 18:00:00,29.67,30.02,29.03,29.04
2026-08-22 19:00:00,29.04,29.63,28.98,29.53
2026-08-22 20:00:00,29.54,29.91,29.37,29.51
2026-08-22 21:00:00,29.51,30.08,29.43,29.96
2026-08-22 22:00:00,29.95,30.7,29.72,30.68
2026-08-22 23:00:00,30.68,30.82,29.97,30.0
2026-08-23 00:00:00,29.99,30.45,29.56,29.63
2026-08-23 01:00:00,29.64,29.84,29.36,29.56
2026-08-23 02:00:00,29.56,30.5,29.51,30.15
2026-08-23 03:00:00,30.16,30.23,28.91,29.15
2026-08-23 04:00:00,29.14,29.57,28.65,28.8
2026-08-23 05:00:00,28.81,28.86,28.53,28.7
2026-08-23 06:00:00,28.7,29.16,28.57,28.6
2026-08-23 07:00:00,28.59,28.81,28.4,28.5
2026-08-23 08:00:00,28.5,28.65,28.18,28.31
2026-08-23 09:00:00,28.31,29.05,28.19,28.78
2026-08-23 10:00:00,28.78,29.3,28.42,28.51
2026-08-23 11:00:00,28.52,29.04,28.5,28.85
2026-08-23 12:00:00,28.86,28.97,28.5,28.87
2026-08-23 13:00:00,28.86,29.51,28.84,29.07
2026-08-23 14:00:00,29.05,29.76,29.05,29.13
2026-08-23 15:00:00,29.11,29.19,28.42,28.91
2026-08-23 16:00:00,28.91,29.23,28.62,29.05
2026-08-23 17:00:00,29.05,29.11,28.38,28.71
2026-08-23 18:00:00,28.7,28.77,28.08,28.09
2026-08-23 19:00:00,28.1,28.95,28.0,28.36
2026-08-23 20:00:00,28.36,28.39,27.82,28.08
2026-08-23 21:00:00,28.08,28.21,27.29,27.42
2026-08-23 22:00:00,27.43,27.78,27.09,27.74
2026-08-23 23:00:00,27.73,28.33,27.62,28.16
2026-08-24 00:00:00,28.16,28.4,27.6,27.67
2026-08-24 01:00:00,27.66,27.79,27.26,27.29
2026-08-24 02:00:00,27.29,27.83,27.28,27.66
2026-08-24 03:00:00,27.67,27.75,26.94,27.18
2026-08-24 04:00:00,27.17,27.56,27.07,27.56
2026-08-24 05:00:00,27.55,28.1,27.27,27.46
2026-08-24 06:00:00,27.46,27.68,27.31,27.43
2026-08-24 07:00:00,27.43,27.55,26.81,26.85
2026-08-24 08:00:00,26.85,27.3,26.76,27.24
2026-08-24 09:00:00,27.24,27.38,26.69,26.95
2026-08-24 10:00:00,26.94,27.84,26.63,27.83
2026-08-24 11:00:00,27.83,27.83,26.78,26.85
2026-08-24 12:00:00,26.85,27.08,26.53,26.58
2026-08-24 13:00:00,26.59,26.78,26.34,26.63
2026-08-24 14:00:00,26.62,26.96,26.36,26.69
2026-08-24 15:00:00,26.68,27.46,26.57,27.07
2026-08-24 16:00:00,27.06,27.54,26.82,26.82
2026-08-24 17:00:00,26.82,27.24,26.67,26.93
2026-08-24 18:00:00,26.94,27.75,26.94,27.73
2026-08-24 19:00:00,27.74,28.09,27.63,27.93
2026-08-24 20:00:00,27.92,28.61,27.84,28.25
2026-08-24 21:00:00,28.25,28.27,27.7,27.71
2026-08-24 22:00:00,27.7,27.91,27.38,27.62
2026-08-24 23:00:00,27.62,28.62,27.6,28.57
2026-08-25 00:00:00,28.56,28.78,28.11,28.49
2026-08-25 01:00:00,28.48,28.48,27.9,28.19
2026-08-25 02:00:00,28.19,28.22,27.63,28.03
2026-08-25 03:00:00,28.03,28.45,27.77,28.38
2026-08-25 04:00:00,28.38,28.43,27.72,27.79
2026-08-25 05:00:00,27.8,28.4,27.69,27.9
2026-08-25 06:00:00,27.9,27.91,27.33,27.37
2026-08-25 07:00:00,27.36,27.56,26.75,27.07
2026-08-25 08:00:00,27.08,27.43,26.54,27.32
2026-08-25 09:00:00,27.32,27.33,26.82,27.12
2026-08-25 10:00:00,27.14,27.54,26.77,27.27
2026-08-25 11:00:00,27.28,27.74,27.14,27.45
2026-08-25 12:00:00,27.45,27.82,27.37,27.73
2026-08-25 13:00:00,27.71,27.85,27.5,27.64
2026-08-25 14:00:00,27.63,27.82,27.06,27.75
2026-08-25 15:00:00,27.74,28.2,27.59,28.18
2026-08-25 16:00:00,28.16,28.73,27.94,28.48
2026-08-25 17:00:00,28.48,28.98,28.31,28.79
2026-08-25 18:00:00,28.79,29.01,28.31,28.39
2026-08-25 19:00:00,28.41,28.7,27.83,28.41
2026-08-25 20:00:00,28.41,28.77,28.13,28.61
2026-08-25 21:00:00,28.6,29.07,28.49,28.83
2026-08-25 22:00:00,28.82,29.38,28.57,29.11
2026-08-25 23:00:00,29.11,29.54,28.93,29.06
2026-08-26 00:00:00,29.06,29.43,28.87,29.22
2026-08-26 01:00:00,29.23,29.83,29.22,29.73
2026-08-26 02:00:00,29.72,29.85,28.95,29.28
2026-08-26 03:00:00,29.3,30.17,29.12,29.89
2026-08-26 04:00:00,29.9,30.26,29.51,30.14
2026-08-26 05:00:00,30.13,30.36,29.46,29.69
2026-08-26 06:00:00,29.69,30.2,29.49,30.2
2026-08-26 07:00:00,30.21,30.24,29.27,29.5
2026-08-26 08:00:00,29.5,29.54,29.0,29.17
2026-08-26 09:00:00,29.16,29.37,28.93,29.22
2026-08-26 10:00:00,29.23,29.4,28.84,28.85
2026-08-26 11:00:00,28.85,29.02,28.6,28.95
2026-08-26 12:00:00,28.96,29.63,28.89,29.57
2026-08-26 13:00:00,29.59,29.97,29.38,29.81
2026-08-26 14:00:00,29.8,30.16,29.49,29.95
2026-08-26 15:00:00,29.94,30.63,29.93,30.4
2026-08-26 16:00:00,30.4,30.6,29.78,29.88
2026-08-26 17:00:00,29.89,30.24,29.61,29.72
2026-08-26 18:00:00,29.72,30.28,29.5,30.25
2026-08-26 19:00:00,30.25,30.45,30.0,30.29
2026-08-26 20:00:00,30.3,31.29,30.25,31.11
2026-08-26 21:00:00,31.12,31.28,30.6,30.74
2026-08-26 22:00:00,30.73,31.03,30.59,30.69
2026-08-26 23:00:00,30.7,31.42,30.68,30.8
2026-08-27 00:00:00,30.8,31.03,30.5,30.67
2026-08-27 01:00:00,30.68,31.37,30.57,31.13
2026-08-27 02:00:00,31.15,31.15,30.27,30.64
2026-08-27 03:00:00,30.64,30.96,30.48,30.61
2026-08-27 04:00:00,30.61,31.95,30.59,31.78
2026-08-27 05:00:00,31.79,31.91,31.25,31.67
2026-08-27 06:00:00,31.68,32.23,31.59,31.94
2026-08-27 07:00:00,31.94,32.47,31.63,32.38
2026-08-27 08:00:00,32.39,32.43,31.49,31.53
2026-08-27 09:00:00,31.53,32.04,31.44,31.89
2026-08-27 10:00:00,31.89,32.46,31.81,32.18
2026-08-27 11:00:00,32.19,32.19,31.47,31.77
2026-08-27 12:00:00,31.77,32.21,31.73,31.96
2026-08-27 13:00:00,31.97,32.13,31.45,31.64
2026-08-27 14:00:00,31.63,32.05,31.11,31.42
2026-08-27 15:00:00,31.43,31.7,31.07,31.44
2026-08-27 16:00:00,31.44,31.58,30.74,31.13
2026-08-27 17:00:00,31.13,31.38,30.64,31.07
2026-08-27 18:00:00,31.08,31.58,30.82,31.21
2026-08-27 19:00:00,31.21,31.8,31.06,31.63
2026-08-27 20:00:00,31.64,31.8,31.15,31.33
2026-08-27 21:00:00,31.33,31.38,30.0,30.23
2026-08-27 22:00:00,30.24,30.53,30.15,30.19
2026-08-27 23:00:00,30.21,30.32,29.59,29.98
2026-08-28 00:00:00,29.99,30.44,29.77,30.32
2026-08-28 01:00:00,30.31,30.44,29.71,30.06
2026-08-28 02:00:00,30.07,30.3,29.77,29.95
2026-08-28 03:00:00,29.94,30.11,28.67,28.81
2026-08-28 04:00:00,28.82,29.12,28.29,28.86
2026-08-28 05:00:00,28.86,29.22,28.56,28.68
2026-08-28 06:00:00,28.68,29.39,28.52,28.66
2026-08-28 07:00:00,28.67,29.75,28.67,29.64
2026-08-28 08:00:00,29.65,29.73,28.87,28.93
2026-08-28 09:00:00,28.93,29.6,28.7,28.77
2026-08-28 10:00:00,28.77,28.95,28.58,28.95
2026-08-28 11:00:00,28.96,29.02,28.64,28.78
2026-08-28 12:00:00,28.78,28.84,28.5,28.64
2026-08-28 13:00:00,28.64,29.08,28.27,29.01
2026-08-28 14:00:00,29.01,29.8,28.97,29.67
2026-08-28 15:00:00,29.67,29.71,28.77,29.04
2026-08-28 16:00:00,29.03,30.05,28.95,29.97
2026-08-28 17:00:00,29.97,31.03,29.96,30.82
2026-08-28 18:00:00,30.83,30.94,29.64,29.79
2026-08-28 19:00:00,29.78,29.9,28.72,28.79
2026-08-28 20:00:00,28.79,29.04,28.38,28.55
2026-08-28 21:00:00,28.55,28.55,27.93,28.05
2026-08-28 22:00:00,28.03,28.78,28.03,28.58
2026-08-28 23:00:00,28.59,28.78,27.96,28.33
2026-08-29 00:00:00,28.34,28.87,27.9,28.81
2026-08-29 01:00:00,28.8,28.85,28.34,28.42
2026-08-29 02:00:00,28.43,28.77,28.31,28.76
2026-08-29 03:00:00,28.74,29.0,28.52,28.6
2026-08-29 04:00:00,28.59,29.06,28.34,28.58
2026-08-29 05:00:00,28.58,28.9,28.28,28.56
2026-08-29 06:00:00,28.54,29.15,28.54,28.65
2026-08-29 07:00:00,28.67,28.97,28.34,28.85
2026-08-29 08:00:00,28.83,29.17,28.37,28.93
2026-08-29 09:00:00,28.93,30.01,28.93,29.55
2026-08-29 10:00:00,29.55,29.95,29.46,29.56
2026-08-29 11:00:00,29.55,29.59,29.21,29.31
2026-08-29 12:00:00,29.3,30.03,29.14,29.96
2026-08-29 13:00:00,29.97,30.46,29.87,30.38
2026-08-29 14:00:00,30.38,30.69,30.09,30.27
2026-08-29 15:00:00,30.27,30.72,30.2,30.67
2026-08-29 16:00:00,30.67,30.77,29.83,30.09
2026-08-29 17:00:00,30.09,30.1,29.62,29.87
2026-08-29 18:00:00,29.87,29.88,29.12,29.48
2026-08-29 19:00:00,29.49,29.56,29.11,29.29
2026-08-29 20:00:00,29.28,29.41,28.77,29.17
2026-08-29 21:00:00,29.17,29.32,29.01,29.31
2026-08-29 22:00:00,29.31,29.67,28.91,29.12
2026-08-29 23:00:00,29.11,29.27,28.86,29.07
2026-08-30 00:00:00,29.07,29.99,28.93,29.7
2026-08-30 01:00:00,29.7,30.47,29.69,30.38
2026-08-30 02:00:00,30.39,30.92,30.3,30.51
2026-08-30 03:00:00,30.5,30.74,30.09,30.16
2026-08-30 04:00:00,30.17,30.88,30.04,30.53
2026-08-30 05:00:00,30.54,30.63,29.9,30.08
2026-08-30 06:00:00,30.08,30.43,29.85,30.4
2026-08-30 07:00:00,30.39,30.59,30.2,30.33
2026-08-30 08:00:00,30.33,30.41,29.87,30.1
2026-08-30 09:00:00,30.11,30.73,30.11,30.64
2026-08-30 10:00:00,30.64,31.02,30.52,30.59
2026-08-30 11:00:00,30.59,30.61,30.01,30.23
2026-08-30 12:00:00,30.24,31.17,30.21,30.65
2026-08-30 13:00:00,30.65,31.04,30.45,30.97
2026-08-30 14:00:00,30.97,31.03,30.53,30.71
2026-08-30 15:00:00,30.71,31.22,30.59,30.77
2026-08-30 16:00:00,30.77,31.44,30.55,31.23
2026-08-30 17:00:00,31.22,31.52,30.93,31.18
2026-08-30 18:00:00,31.17,31.7,31.0,31.17
2026-08-30 19:00:00,31.18,32.15,31.11,31.97
2026-08-30 20:00:00,31.98,32.71,31.91,32.35
2026-08-30 21:00:00,32.34,33.59,32.32,33.49
2026-08-30 22:00:00,33.49,35.11,33.26,34.99
2026-08-30 23:00:00,34.99,36.57,34.86,36.5
2026-08-31 00:00:00,36.5,36.63,35.91,36.02
2026-08-31 01:00:00,36.03,36.87,35.71,36.27
2026-08-31 02:00:00,36.29,36.54,35.97,36.04
2026-08-31 03:00:00,36.04,36.29,35.54,36.23
2026-08-31 04:00:00,36.22,37.3,36.07,37.3
2026-08-31 05:00:00,37.29,37.31,36.57,36.75
2026-08-31 06:00:00,36.76,36.91,36.36,36.59
2026-08-31 07:00:00,36.59,36.66,35.75,36.19
2026-08-31 08:00:00,36.2,36.75,36.08,36.73
2026-08-31 09:00:00,36.72,37.39,36.55,37.17
2026-08-31 10:00:00,37.15,37.34,36.44,36.54
2026-08-31 11:00:00,36.53,37.06,36.23,36.86
2026-08-31 12:00:00,36.85,37.44,36.55,37.34
2026-08-31 13:00:00,37.33,38.13,37.24,37.55
2026-08-31 14:00:00,37.54,37.66,36.76,36.77
2026-08-31 15:00:00,36.77,37.16,36.19,36.28
2026-08-31 16:00:00,36.27,36.42,35.58,35.76
2026-08-31 17:00:00,35.74,36.08,35.64,35.76
2026-08-31 18:00:00,35.77,36.68,35.72,36.5
2026-08-31 19:00:00,36.51,37.05,35.99,36.14
2026-08-31 20:00:00,36.13,36.27,35.39,35.44
2026-08-31 21:00:00,35.44,35.61,35.11,35.47
2026-08-31 22:00:00,35.48,35.97,35.18,35.19
2026-08-31 23:00:00,35.2,35.8,34.99,35.44
2026-09-01 00:00:00,35.43,35.79,35.12,35.2
2026-09-01 01:00:00,35.2,36.01,35.17,35.77
2026-09-01 02:00:00,35.78,36.71,35.71,36.14
2026-09-01 03:00:00,36.15,36.78,36.05,36.73
2026-09-01 04:00:00,36.73,36.82,36.34,36.65
2026-09-01 05:00:00,36.64,36.94,35.59,35.73
2026-09-01 06:00:00,35.73,35.74,34.96,34.99
2026-09-01 07:00:00,34.97,35.42,34.66,34.89
2026-09-01 08:00:00,34.89,35.13,34.55,34.95
2026-09-01 09:00:00,34.93,35.06,34.52,34.7
2026-09-01 10:00:00,34.71,34.83,33.73,33.8
2026-09-01 11:00:00,33.8,33.94,33.0,33.65
2026-09-01 12:00:00,33.64,34.16,32.93,33.1
2026-09-01 13:00:00,33.1,33.33,32.56,32.81
2026-09-01 14:00:00,32.82,33.7,32.75,33.4
2026-09-01 15:00:00,33.4,33.53,33.08,33.48
2026-09-01 16:00:00,33.5,34.11,33.41,33.8
2026-09-01 17:00:00,33.82,34.58,33.47,34.5
2026-09-01 18:00:00,34.5,34.97,34.25,34.44
2026-09-01 19:00:00,34.44,35.0,34.23,34.61
2026-09-01 20:00:00,34.6,35.53,34.37,35.39
2026-09-01 21:00:00,35.39,35.79,34.97,34.98
2026-09-01 22:00:00,34.98,35.06,34.31,34.48
2026-09-01 23:00:00,34.49,34.58,34.06,34.23
2026-09-02 00:00:00,34.23,34.99,34.01,34.8
2026-09-02 01:00:00,34.8,34.91,33.87,33.91
2026-09-02 02:00:00,33.91,34.71,33.83,34.71
2026-09-02 03:00:00,34.71,34.84,33.5,34.16
2026-09-02 04:00:00,34.16,35.0,33.55,34.96
2026-09-02 05:00:00,34.96,35.01,33.82,33.85
2026-09-02 06:00:00,33.85,34.31,33.66,33.75
2026-09-02 07:00:00,33.75,33.94,33.09,33.78
2026-09-02 08:00:00,33.8,33.8,33.09,33.69
2026-09-02 09:00:00,33.7,33.91,32.89,33.06
2026-09-02 10:00:00,33.04,33.77,32.93,33.65
2026-09-02 11:00:00,33.65,34.78,33.63,34.77
2026-09-02 12:00:00,34.77,34.81,33.8,34.04
2026-09-02 13:00:00,34.05,34.62,33.59,34.59
2026-09-02 14:00:00,34.6,34.66,33.62,34.04
2026-09-02 15:00:00,34.03,34.59,33.98,34.39
2026-09-02 16:00:00,34.38,34.72,34.17,34.54
2026-09-02 17:00:00,34.54,35.58,34.41,35.34
2026-09-02 18:00:00,35.34,35.56,34.96,35.22
2026-09-02 19:00:00,35.22,35.48,34.66,35.33
2026-09-02 20:00:00,35.33,36.38,35.31,35.99
2026-09-02 21:00:00,36.0,36.38,35.73,35.81
2026-09-02 22:00:00,35.8,35.83,35.25,35.37
2026-09-02 23:00:00,35.37,35.99,35.16,35.41
2026-09-03 00:00:00,35.4,35.82,35.26,35.63
2026-09-03 01:00:00,35.62,35.7,35.1,35.24
2026-09-03 02:00:00,35.25,35.39,34.25,34.44
2026-09-03 03:00:00,34.43,35.38,34.18,35.27
2026-09-03 04:00:00,35.28,35.92,35.04,35.72
2026-09-03 05:00:00,35.75,35.8,35.19,35.38
2026-09-03 06:00:00,35.39,35.74,35.07,35.69
2026-09-03 07:00:00,35.7,36.58,35.47,36.2
2026-09-03 08:00:00,36.2,37.29,36.11,36.99
2026-09-03 09:00:00,36.98,37.21,36.35,36.87
2026-09-03 10:00:00,36.86,37.16,36.23,37.12
2026-09-03 11:00:00,37.13,37.47,36.66,36.76
2026-09-03 12:00:00,36.76,37.18,36.38,37.13
2026-09-03 13:00:00,37.14,37.45,36.35,36.48
2026-09-03 14:00:00,36.49,36.65,36.04,36.6
2026-09-03 15:00:00,36.6,36.74,35.87,36.71
2026-09-03 16:00:00,36.69,37.06,35.88,35.99
2026-09-03 17:00:00,36.0,36.01,34.86,35.39
2026-09-03 18:00:00,35.4,35.99,35.11,35.7
2026-09-03 19:00:00,35.7,36.02,35.12,35.66
2026-09-03 20:00:00,35.66,36.26,35.51,35.9
2026-09-03 21:00:00,35.91,36.2,35.15,35.25
2026-09-03 22:00:00,35.27,35.41,34.57,34.85
2026-09-03 23:00:00,34.85,35.86,34.72,35.64
2026-09-04 00:00:00,35.65,35.73,35.02,35.2
2026-09-04 01:00:00,35.2,35.95,35.15,35.6
2026-09-04 02:00:00,35.59,36.36,35.56,36.34
2026-09-04 03:00:00,36.32,36.63,36.06,36.15
2026-09-04 04:00:00,36.15,36.96,36.1,36.65
2026-09-04 05:00:00,36.65,36.99,36.08,36.95
2026-09-04 06:00:00,36.94,36.99,35.91,36.43
2026-09-04 07:00:00,36.43,37.0,36.05,36.91
2026-09-04 08:00:00,36.91,37.11,36.59,37.09
2026-09-04 09:00:00,37.1,37.37,36.75,36.8
2026-09-04 10:00:00,36.78,37.4,36.62,37.1
2026-09-04 11:00:00,37.09,37.29,36.41,36.61
2026-09-04 12:00:00,36.62,36.9,36.17,36.77
2026-09-04 13:00:00,36.77,37.09,36.56,36.88
2026-09-04 14:00:00,36.91,36.92,35.59,35.8
2026-09-04 15:00:00,35.81,35.95,35.44,35.88
2026-09-04 16:00:00,35.88,35.93,34.04,34.08
2026-09-04 17:00:00,34.1,34.19,33.07,33.12
2026-09-04 18:00:00,33.13,33.29,32.83,33.13
2026-09-04 19:00:00,33.13,33.4,32.41,32.49
2026-09-04 20:00:00,32.48,32.69,32.05,32.42
2026-09-04 21:00:00,32.4,33.07,32.34,32.7
2026-09-04 22:00:00,32.68,34.18,32.64,33.83
2026-09-04 23:00:00,33.82,34.1,33.23,33.43
2026-09-05 00:00:00,33.43,34.13,33.38,34.04
2026-09-05 01:00:00,34.04,34.87,33.92,34.71
2026-09-05 02:00:00,34.71,34.95,34.25,34.49
2026-09-05 03:00:00,34.48,35.07,34.06,35.04
2026-09-05 04:00:00,35.03,36.22,34.63,36.21
2026-09-05 05:00:00,36.21,36.24,35.24,35.51
2026-09-05 06:00:00,35.49,36.04,35.34,35.63
2026-09-05 07:00:00,35.64,36.45,35.35,36.4
2026-09-05 08:00:00,36.4,36.5,35.83,36.17
2026-09-05 09:00:00,36.18,36.46,35.95,36.08
2026-09-05 10:00:00,36.07,36.79,35.95,36.61
2026-09-05 11:00:00,36.6,37.21,36.28,36.54
2026-09-05 12:00:00,36.54,36.83,36.15,36.62
2026-09-05 13:00:00,36.61,37.27,36.43,37.04
2026-09-05 14:00:00,37.04,37.33,36.77,36.77
2026-09-05 15:00:00,36.77,38.03,36.64,37.94
2026-09-05 16:00:00,37.95,38.27,37.1,37.46
2026-09-05 17:00:00,37.45,37.77,37.11,37.37
2026-09-05 18:00:00,37.37,37.43,35.64,35.67
2026-09-05 19:00:00,35.67,35.74,35.24,35.66
2026-09-05 20:00:00,35.66,35.74,34.92,35.22
2026-09-05 21:00:00,35.24,35.61,34.82,34.85
2026-09-05 22:00:00,34.86,35.23,34.72,35.04
2026-09-05 23:00:00,35.03,35.26,34.54,34.8
2026-09-06 00:00:00,34.8,34.88,34.19,34.29
2026-09-06 01:00:00,34.29,35.38,33.88,35.12
2026-09-06 02:00:00,35.13,35.3,34.59,35.0
2026-09-06 03:00:00,35.0,35.22,34.48,34.52
2026-09-06 04:00:00,34.51,35.1,34.19,34.7
2026-09-06 05:00:00,34.7,34.7,33.77,34.19
2026-09-06 06:00:00,34.18,34.69,34.06,34.5
2026-09-06 07:00:00,34.5,34.83,33.99,34.18
2026-09-06 08:00:00,34.19,35.3,34.17,34.68
2026-09-06 09:00:00,34.68,34.9,34.34,34.44
2026-09-06 10:00:00,34.45,35.25,34.29,34.9
2026-09-06 11:00:00,34.91,35.25,34.47,35.08
2026-09-06 12:00:00,35.07,35.11,34.66,34.86
2026-09-06 13:00:00,34.87,36.39,34.61,35.77
2026-09-06 14:00:00,35.77,36.95,35.54,36.89
2026-09-06 15:00:00,36.9,37.47,36.57,36.94
2026-09-06 16:00:00,36.92,36.97,36.12,36.89
2026-09-06 17:00:00,36.89,37.09,36.08,36.47
2026-09-06 18:00:00,36.47,36.85,35.87,36.17
2026-09-06 19:00:00,36.18,36.37,35.75,36.05
2026-09-06 20:00:00,36.06,36.25,35.48,35.48
2026-09-06 21:00:00,35.47,36.45,35.37,36.2
2026-09-06 22:00:00,36.2,36.22,35.29,35.43
2026-09-06 23:00:00,35.43,35.55,34.89,34.91
2026-09-07 00:00:00,34.9,35.6,34.86,34.92
2026-09-07 01:00:00,34.91,35.2,34.33,35.2
2026-09-07 02:00:00,35.2,35.7,34.7,35.6
2026-09-07 03:00:00,35.6,35.69,34.92,34.98
2026-09-07 04:00:00,34.98,35.01,34.1,34.34
2026-09-07 05:00:00,34.33,35.05,34.26,34.85
2026-09-07 06:00:00,34.85,34.86,34.01,34.11
2026-09-07 07:00:00,34.12,34.24,33.46,33.98
2026-09-07 08:00:00,33.99,34.12,33.52,33.72
2026-09-07 09:00:00,33.74,34.64,33.54,34.34
2026-09-07 10:00:00,34.35,35.1,34.25,35.03
2026-09-07 11:00:00,35.05,35.56,34.75,35.31
2026-09-07 12:00:00,35.31,36.85,35.23,36.59
2026-09-07 13:00:00,36.59,36.81,36.0,36.21
2026-09-07 14:00:00,36.2,37.13,36.18,36.37
2026-09-07 15:00:00,36.38,36.54,35.88,36.46
2026-09-07 16:00:00,36.48,36.9,36.37,36.62
2026-09-07 17:00:00,36.62,36.79,35.89,36.67
2026-09-07 18:00:00,36.67,37.68,36.62,37.3
2026-09-07 19:00:00,37.31,38.34,37.06,38.24
2026-09-07 20:00:00,38.25,38.32,37.13,37.55
2026-09-07 21:00:00,37.57,38.7,37.43,38.66
2026-09-07 22:00:00,38.66,38.92,37.99,38.49
2026-09-07 23:00:00,38.49,38.93,38.13,38.2
2026-09-08 00:00:00,38.19,39.38,37.93,39.22
2026-09-08 01:00:00,39.21,39.79,38.73,39.22
2026-09-08 02:00:00,39.21,39.21,37.91,38.0
2026-09-08 03:00:00,38.0,38.01,37.04,37.3
2026-09-08 04:00:00,37.28,38.05,37.14,37.63
2026-09-08 05:00:00,37.64,38.34,37.58,37.77
2026-09-08 06:00:00,37.76,38.89,37.45,38.77
2026-09-08 07:00:00,38.77,38.9,37.91,38.15
2026-09-08 08:00:00,38.16,38.8,37.46,37.81
2026-09-08 09:00:00,37.83,37.98,36.49,36.52
2026-09-08 10:00:00,36.52,36.74,35.95,36.25
2026-09-08 11:00:00,36.24,36.95,36.09,36.36
2026-09-08 12:00:00,36.38,36.49,35.5,35.72
2026-09-08 13:00:00,35.72,37.46,35.67,37.2
2026-09-08 14:00:00,37.2,37.9,37.09,37.79
2026-09-08 15:00:00,37.78,38.35,37.52,38.31
2026-09-08 16:00:00,38.32,39.4,38.21,39.29
2026-09-08 17:00:00,39.27,39.51,38.74,39.05
2026-09-08 18:00:00,39.03,39.96,38.98,39.8
2026-09-08 19:00:00,39.82,39.92,38.81,39.21
2026-09-08 20:00:00,39.19,39.65,38.77,38.9
2026-09-08 21:00:00,38.9,40.04,38.87,39.98
2026-09-08 22:00:00,39.99,40.17,38.73,39.23
2026-09-08 23:00:00,39.23,39.74,38.86,39.18
2026-09-09 00:00:00,39.2,39.84,38.8,39.61
2026-09-09 01:00:00,39.61,41.13,39.61,40.61
2026-09-09 02:00:00,40.62,41.12,40.19,40.32
2026-09-09 03:00:00,40.33,40.44,39.38,39.44
2026-09-09 04:00:00,39.45,39.76,39.17,39.39
2026-09-09 05:00:00,39.39,39.62,38.32,38.47
2026-09-09 06:00:00,38.47,38.99,38.41,38.85
2026-09-09 07:00:00,38.85,40.3,38.64,40.06
2026-09-09 08:00:00,40.05,41.53,39.98,41.25
2026-09-09 09:00:00,41.26,41.39,40.55,40.83
2026-09-09 10:00:00,40.83,40.96,39.28,39.41
2026-09-09 11:00:00,39.39,40.91,39.04,40.68
2026-09-09 12:00:00,40.68,41.73,40.63,41.04
2026-09-09 13:00:00,41.04,41.13,39.53,40.02
2026-09-09 14:00:00,40.02,40.4,39.77,40.11
2026-09-09 15:00:00,40.08,40.3,39.59,40.02
2026-09-09 16:00:00,40.02,40.26,39.67,40.16
2026-09-09 17:00:00,40.16,41.34,40.05,41.29
2026-09-09 18:00:00,41.28,41.54,40.89,41.14
2026-09-09 19:00:00,41.15,41.4,40.63,41.4
2026-09-09 20:00:00,41.4,41.74,40.74,40.76
2026-09-09 21:00:00,40.77,41.18,40.27,40.4
2026-09-09 22:00:00,40.38,40.97,40.06,40.07
2026-09-09 23:00:00,40.08,40.84,39.89,40.76
2026-09-10 00:00:00,40.76,40.79,39.94,40.54
2026-09-10 01:00:00,40.53,40.64,39.76,39.91
2026-09-10 02:00:00,39.91,39.91,39.12,39.44
2026-09-10 03:00:00,39.47,39.61,38.91,38.92
2026-09-10 04:00:00,38.94,39.44,38.82,39.04
2026-09-10 05:00:00,39.03,39.15,37.74,38.09
2026-09-10 06:00:00,38.09,38.29,37.64,38.15
2026-09-10 07:00:00,38.13,38.55,37.61,37.98
2026-09-10 08:00:00,37.98,38.89,37.75,38.76
2026-09-10 09:00:00,38.75,39.13,38.13,39.02
2026-09-10 10:00:00,39.01,39.43,38.86,38.92
2026-09-10 11:00:00,38.93,39.44,38.65,38.67
2026-09-10 12:00:00,38.66,39.3,38.22,39.13
2026-09-10 13:00:00,39.14,39.41,38.37,38.38
2026-09-10 14:00:00,38.37,38.95,38.3,38.64
2026-09-10 15:00:00,38.66,39.43,38.39,39.07
2026-09-10 16:00:00,39.08,39.55,38.61,39.39
2026-09-10 17:00:00,39.39,40.22,39.39,39.9
2026-09-10 18:00:00,39.87,40.19,39.36,40.18
2026-09-10 19:00:00,40.18,40.59,39.68,40.59
2026-09-10 20:00:00,40.6,41.0,40.37,40.46
2026-09-10 21:00:00,40.48,40.65,39.61,40.44
2026-09-10 22:00:00,40.44,40.86,39.37,39.75
2026-09-10 23:00:00,39.76,40.44,39.43,39.85
2026-09-11 00:00:00,39.84,40.24,39.34,39.35
2026-09-11 01:00:00,39.37,39.78,39.24,39.69
2026-09-11 02:00:00,39.68,40.23,39.55,39.98
2026-09-11 03:00:00,39.98,40.11,39.02,39.36
2026-09-11 04:00:00,39.34,39.8,38.68,38.9
2026-09-11 05:00:00,38.89,38.97,37.98,38.04
2026-09-11 06:00:00,38.03,38.06,37.26,37.48
2026-09-11 07:00:00,37.49,38.28,37.07,37.96
2026-09-11 08:00:00,37.97,38.16,37.4,38.16
2026-09-11 09:00:00,38.16,39.02,38.06,38.41
2026-09-11 10:00:00,38.4,38.71,38.12,38.45
2026-09-11 11:00:00,38.46,39.08,38.46,38.95
2026-09-11 12:00:00,38.95,39.43,38.56,39.09
2026-09-11 13:00:00,39.08,39.18,38.47,38.57
2026-09-11 14:00:00,38.57,39.38,38.31,38.68
2026-09-11 15:00:00,38.67,38.68,37.69,37.73
2026-09-11 16:00:00,37.73,38.66,37.72,38.35
2026-09-11 17:00:00,38.35,38.57,37.9,38.19
2026-09-11 18:00:00,38.2,38.59,37.86,38.56
2026-09-11 19:00:00,38.54,39.26,38.53,39.19
2026-09-11 20:00:00,39.19,40.38,39.04,39.94
2026-09-11 21:00:00,39.93,40.29,39.49,39.75
2026-09-11 22:00:00,39.74,40.61,39.42,40.54
2026-09-11 23:00:00,40.54,40.71,40.2,40.49
2026-09-12 00:00:00,40.5,41.89,40.49,41.65
2026-09-12 01:00:00,41.64,42.44,41.21,42.44
2026-09-12 02:00:00,42.46,42.75,41.71,41.97
2026-09-12 03:00:00,41.96,42.47,41.69,42.33
2026-09-12 04:00:00,42.35,42.61,41.91,42.31
2026-09-12 05:00:00,42.33,43.87,42.31,43.11
2026-09-12 06:00:00,43.1,43.98,43.05,43.53
2026-09-12 07:00:00,43.51,44.02,43.24,43.78
2026-09-12 08:00:00,43.77,43.88,43.23,43.63
2026-09-12 09:00:00,43.62,44.35,43.37,43.7
2026-09-12 10:00:00,43.72,43.79,42.95,43.58
2026-09-12 11:00:00,43.57,44.0,43.18,43.63
2026-09-12 12:00:00,43.65,44.61,43.15,44.61
2026-09-12 13:00:00,44.62,45.49,44.44,45.46
2026-09-12 14:00:00,45.43,46.17,45.1,46.16
2026-09-12 15:00:00,46.15,46.41,44.68,44.82
2026-09-12 16:00:00,44.81,45.03,44.27,44.93
2026-09-12 17:00:00,44.9,45.53,44.72,45.42
2026-09-12 18:00:00,45.41,46.88,45.41,46.42
2026-09-12 19:00:00,46.42,46.86,45.79,46.01
2026-09-12 20:00:00,46.01,46.16,45.4,46.06
2026-09-12 21:00:00,46.06,46.89,45.86,46.29
2026-09-12 22:00:00,46.28,47.94,46.22,47.73
2026-09-12 23:00:00,47.72,48.67,47.6,48.51
2026-09-13 00:00:00,48.52,49.49,48.49,49.06
2026-09-13 01:00:00,49.07,49.13,48.53,48.82
2026-09-13 02:00:00,48.82,49.78,48.58,48.65
2026-09-13 03:00:00,48.65,48.9,47.66,48.28
2026-09-13 04:00:00,48.27,48.7,46.66,46.67
2026-09-13 05:00:00,46.68,47.42,46.01,47.37
2026-09-13 06:00:00,47.34,47.94,46.5,47.0
2026-09-13 07:00:00,47.0,48.38,46.83,48.29
2026-09-13 08:00:00,48.3,49.16,48.17,48.63
2026-09-13 09:00:00,48.62,49.19,48.35,48.35
2026-09-13 10:00:00,48.35,48.4,46.61,47.42
2026-09-13 11:00:00,47.42,47.42,46.51,46.57
2026-09-13 12:00:00,46.57,47.06,46.42,46.9
2026-09-13 13:00:00,46.88,48.44,46.79,48.38
2026-09-13 14:00:00,48.38,48.73,46.93,47.08
2026-09-13 15:00:00,47.08,48.26,47.01,47.65
2026-09-13 16:00:00,47.63,47.64,46.61,46.73
2026-09-13 17:00:00,46.74,46.98,45.65,46.34
2026-09-13 18:00:00,46.33,47.35,45.75,47.35
2026-09-13 19:00:00,47.35,47.83,46.62,47.17
2026-09-13 20:00:00,47.19,47.19,45.89,46.0
2026-09-13 21:00:00,46.01,46.17,44.86,45.03
2026-09-13 22:00:00,45.02,45.3,44.46,45.21
2026-09-13 23:00:00,45.22,45.29,44.17,44.34
2026-09-14 00:00:00,44.33,44.58,42.98,43.14
2026-09-14 01:00:00,43.12,43.27,41.5,41.5
2026-09-14 02:00:00,41.49,41.59,40.67,40.87
2026-09-14 03:00:00,40.87,41.02,40.12,40.14
2026-09-14 04:00:00,40.14,40.14,39.34,39.48
2026-09-14 05:00:00,39.46,39.55,38.77,39.36
2026-09-14 06:00:00,39.35,39.8,39.26,39.47
2026-09-14 07:00:00,39.46,40.39,39.14,40.32
2026-09-14 08:00:00,40.35,40.39,39.31,39.54
2026-09-14 09:00:00,39.52,39.74,39.06,39.08
2026-09-14 10:00:00,39.09,40.18,39.02,40.09
2026-09-14 11:00:00,40.09,40.25,39.54,40.17
2026-09-14 12:00:00,40.17,40.22,39.13,39.91
2026-09-14 13:00:00,39.91,40.86,39.58,40.52
2026-09-14 14:00:00,40.49,40.95,40.01,40.22
2026-09-14 15:00:00,40.21,40.62,40.01,40.18
2026-09-14 16:00:00,40.19,40.57,39.69,40.05
2026-09-14 17:00:00,40.06,40.14,39.56,39.75
2026-09-14 18:00:00,39.77,40.2,39.12,39.64
2026-09-14 19:00:00,39.62,40.35,39.49,39.69
2026-09-14 20:00:00,39.68,39.95,39.37,39.72
2026-09-14 21:00:00,39.72,40.06,39.12,39.4
2026-09-14 22:00:00,39.39,39.86,39.37,39.43
2026-09-14 23:00:00,39.42,40.02,39.14,40.0
2026-09-15 00:00:00,39.99,40.95,39.74,40.76
2026-09-15 01:00:00,40.75,41.09,40.37,41.09
2026-09-15 02:00:00,41.07,41.61,40.68,40.84
2026-09-15 03:00:00,40.84,40.88,40.12,40.33
2026-09-15 04:00:00,40.31,40.94,39.96,40.19
2026-09-15 05:00:00,40.19,40.69,39.68,39.93
2026-09-15 06:00:00,39.93,40.3,39.68,40.02
2026-09-15 07:00:00,40.02,40.81,39.86,40.65
2026-09-15 08:00:00,40.67,40.87,40.27,40.6
2026-09-15 09:00:00,40.6,41.0,40.27,40.28
2026-09-15 10:00:00,40.29,40.55,39.79,40.21
2026-09-15 11:00:00,40.2,40.35,39.65,39.93
2026-09-15 12:00:00,39.91,40.61,39.34,40.19
2026-09-15 13:00:00,40.18,40.2,39.59,40.14
2026-09-15 14:00:00,40.16,40.55,39.44,39.91
2026-09-15 15:00:00,39.92,40.59,39.8,40.32
2026-09-15 16:00:00,40.32,40.83,39.81,40.45
2026-09-15 17:00:00,40.46,40.69,39.52,40.5
2026-09-15 18:00:00,40.48,41.16,40.24,40.71
2026-09-15 19:00:00,40.7,41.09,40.3,41.04
2026-09-15 20:00:00,41.03,41.07,40.61,40.86
2026-09-15 21:00:00,40.86,41.04,40.47,40.61
2026-09-15 22:00:00,40.62,41.04,40.33,40.88
2026-09-15 23:00:00,40.88,41.13,39.67,39.95
2026-09-16 00:00:00,39.95,40.42,39.26,40.33
2026-09-16 01:00:00,40.33,40.33,39.24,39.52
2026-09-16 02:00:00,39.52,39.86,39.13,39.52
2026-09-16 03:00:00,39.52,39.54,38.79,39.42
2026-09-16 04:00:00,39.41,39.95,39.38,39.48
2026-09-16 05:00:00,39.47,39.62,38.63,38.67
2026-09-16 06:00:00,38.66,38.66,37.74,37.96
2026-09-16 07:00:00,37.94,38.26,37.35,37.58
2026-09-16 08:00:00,37.6,38.01,37.19,37.34
2026-09-16 09:00:00,37.34,37.42,36.73,36.75
2026-09-16 10:00:00,36.76,36.83,35.96,36.05
2026-09-16 11:00:00,36.06,36.25,35.45,35.62
2026-09-16 12:00:00,35.62,35.68,35.09,35.36
2026-09-16 13:00:00,35.38,35.4,34.73,34.92
2026-09-16 14:00:00,34.92,35.67,34.76,35.45
2026-09-16 15:00:00,35.46,35.58,34.81,34.94
2026-09-16 16:00:00,34.93,35.45,34.7,35.12
2026-09-16 17:00:00,35.12,35.46,34.97,35.27
2026-09-16 18:00:00,35.26,35.37,34.93,35.25
2026-09-16 19:00:00,35.26,36.72,35.13,36.45
2026-09-16 20:00:00,36.45,36.6,35.93,36.1
2026-09-16 21:00:00,36.12,37.16,35.99,36.72
2026-09-16 22:00:00,36.71,37.5,36.69,37.45
2026-09-16 23:00:00,37.45,37.54,36.1,36.17
2026-09-17 00:00:00,36.19,36.3,35.72,36.21
2026-09-17 01:00:00,36.2,37.02,36.09,36.88
2026-09-17 02:00:00,36.89,37.68,36.57,37.29
2026-09-17 03:00:00,37.28,37.54,36.75,37.31
2026-09-17 04:00:00,37.31,37.78,37.0,37.41
2026-09-17 05:00:00,37.41,37.67,36.67,36.67
2026-09-17 06:00:00,36.67,36.74,35.77,35.95
2026-09-17 07:00:00,35.93,35.94,35.23,35.38
2026-09-17 08:00:00,35.38,35.74,35.2,35.47
2026-09-17 09:00:00,35.48,35.77,35.07,35.44
2026-09-17 10:00:00,35.44,36.07,35.39,35.84
2026-09-17 11:00:00,35.83,36.09,34.55,34.72
2026-09-17 12:00:00,34.72,35.14,34.13,34.31
2026-09-17 13:00:00,34.31,35.18,34.25,34.66
2026-09-17 14:00:00,34.67,34.72,33.66,33.85
2026-09-17 15:00:00,33.84,33.89,33.15,33.31
2026-09-17 16:00:00,33.31,33.44,32.57,33.08
2026-09-17 17:00:00,33.07,33.21,32.77,32.82
