timestamp,open,high,low,close
2025-10-18 01:00:00,5253.379,5256.216,5230.992,5232.98
2025-10-18 02:00:00,5232.96,5252.012,5227.02,5248.143
2025-10-18 03:00:00,5248.129,5258.93,5239.908,5239.908
2025-10-18 04:00:00,5239.89,5243.702,5220.712,5234.324
2025-10-18 05:00:00,5234.314,5271.029,5232.314,5268.696
2025-10-18 06:00:00,5268.691,5299.471,5263.692,5280.632
2025-10-18 07:00:00,5280.62,5315.666,5279.852,5314.563
2025-10-18 08:00:00,5314.558,5315.194,5292.25,5311.564
2025-10-18 09:00:00,5311.556,5317.987,5296.907,5296.907
2025-10-18 10:00:00,5296.905,5303.302,5280.09,5280.09
2025-10-18 11:00:00,5280.075,5301.581,5276.705,5277.903
2025-10-18 12:00:00,5277.894,5295.819,5256.69,5295.185
2025-10-18 13:00:00,5295.177,5301.445,5284.468,5300.066
2025-10-18 14:00:00,5300.053,5318.23,5287.829,5316.389
2025-10-18 15:00:00,5316.385,5342.177,5312.122,5337.23
2025-10-18 16:00:00,5337.218,5340.371,5318.812,5337.83
2025-10-18 17:00:00,5337.802,5337.802,5311.724,5332.069
2025-10-18 18:00:00,5332.056,5332.056,5313.752,5319.611
2025-10-18 19:00:00,5319.599,5333.925,5316.53,5330.062
2025-10-18 20:00:00,5330.045,5330.045,5315.043,5319.658
2025-10-18 21:00:00,5319.658,5334.352,5316.658,5316.658
2025-10-18 22:00:00,5316.633,5330.313,5302.961,5326.66
2025-10-18 23:00:00,5326.66,5339.535,5326.249,5332.006
2025-10-19 00:00:00,5332.005,5343.812,5321.701,5323.821
2025-10-19 01:00:00,5323.817,5363.514,5321.725,5360.016
2025-10-19 02:00:00,5359.999,5363.596,5344.83,5354.926
2025-10-19 03:00:00,5354.917,5362.836,5332.146,5339.128
2025-10-19 04:00:00,5339.118,5352.969,5330.585,5350.643
2025-10-19 05:00:00,5350.626,5383.28,5345.749,5376.562
2025-10-19 06:00:00,5376.561,5376.561,5356.167,5356.167
2025-10-19 07:00:00,5356.154,5378.909,5348.72,5369.577
2025-10-19 08:00:00,5369.567,5396.067,5365.18,5395.446
2025-10-19 09:00:00,5395.439,5407.728,5383.961,5406.569
2025-10-19 10:00:00,5406.565,5430.183,5402.611,5423.579
2025-10-19 11:00:00,5423.577,5423.577,5402.68,5411.682
2025-10-19 12:00:00,5411.672,5420.549,5397.611,5415.352
2025-10-19 13:00:00,5415.336,5438.839,5413.077,5431.478
2025-10-19 14:00:00,5431.457,5431.457,5404.572,5404.572
2025-10-19 15:00:00,5404.562,5425.316,5403.676,5416.223
2025-10-19 16:00:00,5416.223,5438.643,5407.899,5429.013
2025-10-19 17:00:00,5428.98,5430.191,5412.061,5415.098
2025-10-19 18:00:00,5415.087,5440.695,5412.4,5440.3
2025-10-19 19:00:00,5440.272,5445.28,5425.518,5432.021
2025-10-19 20:00:00,5431.999,5467.813,5420.449,5466.569
2025-10-19 21:00:00,5466.565,5484.334,5455.402,5483.239
2025-10-19 22:00:00,5483.23,5496.816,5482.966,5489.35
2025-10-19 23:00:00,5489.33,5516.732,5484.665,5515.264
2025-10-20 00:00:00,5515.256,5523.302,5506.222,5518.499
2025-10-20 01:00:00,5518.491,5540.226,5516.065,5532.531
2025-10-20 02:00:00,5532.525,5532.525,5511.14,5511.14
2025-10-20 03:00:00,5511.111,5545.476,5506.707,5532.698
2025-10-20 04:00:00,5532.689,5551.478,5529.633,5533.776
2025-10-20 05:00:00,5533.771,5533.771,5510.291,5513.841
2025-10-20 06:00:00,5513.834,5513.923,5500.476,5501.462
2025-10-20 07:00:00,5501.457,5516.89,5496.593,5506.158
2025-10-20 08:00:00,5506.143,5506.143,5472.27,5473.581
2025-10-20 09:00:00,5473.581,5479.135,5461.455,5476.124
2025-10-20 10:00:00,5476.115,5511.329,5472.59,5510.435
2025-10-20 11:00:00,5510.417,5523.345,5508.004,5514.246
2025-10-20 12:00:00,5514.225,5547.075,5498.592,5540.169
2025-10-20 13:00:00,5540.155,5549.786,5528.599,5528.599
2025-10-20 14:00:00,5528.582,5528.582,5506.594,5515.56
2025-10-20 15:00:00,5515.56,5522.819,5498.965,5500.655
2025-10-20 16:00:00,5500.649,5501.187,5484.851,5497.712
2025-10-20 17:00:00,5497.694,5497.694,5484.365,5484.365
2025-10-20 18:00:00,5484.36,5489.445,5467.536,5474.739
2025-10-20 19:00:00,5474.717,5492.051,5460.972,5489.382
2025-10-20 20:00:00,5489.372,5520.71,5487.511,5510.516
2025-10-20 21:00:00,5510.513,5541.039,5505.634,5519.679
2025-10-20 22:00:00,5519.677,5522.429,5498.531,5519.805
2025-10-20 23:00:00,5519.798,5526.622,5503.995,5513.606
2025-10-21 00:00:00,5513.586,5515.866,5500.193,5513.731
2025-10-21 01:00:00,5513.714,5525.307,5497.231,5522.072
2025-10-21 02:00:00,5522.061,5522.061,5496.845,5506.37
2025-10-21 03:00:00,5506.353,5511.19,5480.166,5480.166
2025-10-21 04:00:00,5480.143,5480.143,5463.045,5473.753
2025-10-21 05:00:00,5473.744,5491.343,5470.903,5479.347
2025-10-21 06:00:00,5479.34,5480.149,5465.316,5468.236
2025-10-21 07:00:00,5468.222,5488.031,5467.115,5485.449
2025-10-21 08:00:00,5485.435,5514.568,5477.708,5512.396
2025-10-21 09:00:00,5512.363,5512.363,5495.376,5502.397
2025-10-21 10:00:00,5502.387,5508.129,5484.287,5484.287
2025-10-21 11:00:00,5484.275,5490.546,5473.25,5473.25
2025-10-21 12:00:00,5473.241,5473.529,5440.737,5444.152
2025-10-21 13:00:00,5444.148,5473.71,5440.297,5473.668
2025-10-21 14:00:00,5473.653,5476.757,5456.652,5463.914
2025-10-21 15:00:00,5463.904,5463.904,5433.855,5446.799
2025-10-21 16:00:00,5446.789,5451.488,5424.374,5434.47
2025-10-21 17:00:00,5434.468,5437.922,5421.386,5422.136
2025-10-21 18:00:00,5422.114,5433.069,5404.045,5410.211
2025-10-21 19:00:00,5410.211,5420.322,5392.528,5419.422
2025-10-21 20:00:00,5419.421,5419.421,5383.011,5399.034
2025-10-21 21:00:00,5399.027,5406.936,5383.762,5405.052
2025-10-21 22:00:00,5405.037,5420.112,5389.609,5418.048
2025-10-21 23:00:00,5418.029,5442.39,5417.715,5436.684
2025-10-22 00:00:00,5436.673,5448.804,5426.572,5430.398
2025-10-22 01:00:00,5430.393,5442.324,5413.824,5441.336
2025-10-22 02:00:00,5441.334,5491.363,5440.645,5487.784
2025-10-22 03:00:00,5487.763,5493.967,5475.212,5486.675
2025-10-22 04:00:00,5486.66,5492.943,5464.536,5464.536
2025-10-22 05:00:00,5464.531,5464.531,5434.726,5445.376
2025-10-22 06:00:00,5445.362,5460.447,5434.891,5454.436
2025-10-22 07:00:00,5454.43,5495.625,5451.804,5489.568
2025-10-22 08:00:00,5489.564,5504.563,5467.28,5501.013
2025-10-22 09:00:00,5501.009,5534.877,5500.922,5533.792
2025-10-22 10:00:00,5533.788,5541.536,5526.854,5537.893
2025-10-22 11:00:00,5537.886,5545.927,5522.393,5522.393
2025-10-22 12:00:00,5522.383,5553.748,5514.518,5551.857
2025-10-22 13:00:00,5551.856,5582.941,5551.679,5578.354
2025-10-22 14:00:00,5578.35,5608.895,5570.702,5604.338
2025-10-22 15:00:00,5604.338,5604.338,5582.442,5595.494
2025-10-22 16:00:00,5595.491,5611.292,5589.044,5593.549
2025-10-22 17:00:00,5593.536,5593.536,5571.835,5571.835
2025-10-22 18:00:00,5571.821,5589.382,5564.141,5564.141
2025-10-22 19:00:00,5564.13,5568.131,5552.781,5560.401
2025-10-22 20:00:00,5560.399,5560.399,5528.695,5528.695
2025-10-22 21:00:00,5528.675,5551.885,5519.581,5545.054
2025-10-22 22:00:00,5545.046,5546.566,5515.325,5515.325
2025-10-22 23:00:00,5515.322,5550.115,5513.824,5540.394
2025-10-23 00:00:00,5540.379,5544.635,5521.888,5533.818
2025-10-23 01:00:00,5533.806,5558.145,5511.288,5556.914
2025-10-23 02:00:00,5556.898,5567.541,5544.711,5558.106
2025-10-23 03:00:00,5558.089,5584.166,5556.964,5581.35
2025-10-23 04:00:00,5581.341,5582.994,5560.477,5560.477
2025-10-23 05:00:00,5560.458,5560.458,5530.839,5539.503
2025-10-23 06:00:00,5539.478,5539.478,5502.96,5502.96
2025-10-23 07:00:00,5502.926,5513.409,5484.656,5484.656
2025-10-23 08:00:00,5484.648,5493.202,5472.058,5472.058
2025-10-23 09:00:00,5472.039,5476.92,5463.537,5468.53
2025-10-23 10:00:00,5468.528,5468.528,5444.039,5444.342
2025-10-23 11:00:00,5444.336,5444.336,5423.42,5423.42
2025-10-23 12:00:00,5423.395,5423.921,5401.786,5401.786
2025-10-23 13:00:00,5401.767,5407.989,5394.642,5394.676
2025-10-23 14:00:00,5394.655,5405.305,5377.748,5395.23
2025-10-23 15:00:00,5395.218,5408.641,5387.094,5394.985
2025-10-23 16:00:00,5394.984,5403.052,5386.293,5389.852
2025-10-23 17:00:00,5389.848,5389.848,5365.198,5365.198
2025-10-23 18:00:00,5365.184,5387.083,5360.773,5377.131
2025-10-23 19:00:00,5377.122,5402.818,5375.031,5399.361
2025-10-23 20:00:00,5399.352,5406.348,5385.515,5385.515
2025-10-23 21:00:00,5385.505,5387.574,5361.969,5361.969
2025-10-23 22:00:00,5361.969,5379.079,5352.183,5358.041
2025-10-23 23:00:00,5358.027,5358.027,5337.894,5352.733
2025-10-24 00:00:00,5352.72,5352.72,5322.484,5336.094
2025-10-24 01:00:00,5336.091,5355.069,5329.293,5354.654
2025-10-24 02:00:00,5354.639,5361.185,5340.223,5347.475
2025-10-24 03:00:00,5347.472,5347.472,5308.392,5308.392
2025-10-24 04:00:00,5308.383,5308.383,5292.453,5297.205
2025-10-24 05:00:00,5297.197,5314.258,5289.447,5301.195
2025-10-24 06:00:00,5301.194,5321.44,5285.314,5319.831
2025-10-24 07:00:00,5319.814,5332.31,5306.299,5331.183
2025-10-24 08:00:00,5331.173,5333.666,5314.185,5320.526
2025-10-24 09:00:00,5320.517,5346.568,5318.506,5343.182
2025-10-24 10:00:00,5343.172,5357.134,5337.624,5340.163
2025-10-24 11:00:00,5340.142,5364.184,5335.923,5357.506
2025-10-24 12:00:00,5357.503,5357.503,5337.823,5339.287
2025-10-24 13:00:00,5339.278,5351.913,5327.421,5349.21
2025-10-24 14:00:00,5349.194,5364.215,5346.758,5353.588
2025-10-24 15:00:00,5353.586,5353.586,5321.127,5321.127
2025-10-24 16:00:00,5321.125,5345.282,5316.936,5330.029
2025-10-24 17:00:00,5330.024,5343.738,5329.563,5333.978
2025-10-24 18:00:00,5333.961,5335.999,5316.321,5334.89
2025-10-24 19:00:00,5334.877,5339.104,5321.003,5333.882
2025-10-24 20:00:00,5333.87,5343.57,5320.644,5320.644
2025-10-24 21:00:00,5320.635,5345.146,5316.927,5344.648
2025-10-24 22:00:00,5344.644,5344.764,5333.86,5337.075
2025-10-24 23:00:00,5337.068,5339.737,5315.086,5315.086
2025-10-25 00:00:00,5315.079,5333.928,5301.978,5331.398
2025-10-25 01:00:00,5331.395,5334.895,5311.177,5311.177
2025-10-25 02:00:00,5311.14,5345.197,5310.853,5340.688
2025-10-25 03:00:00,5340.677,5376.329,5337.296,5370.108
2025-10-25 04:00:00,5370.101,5387.536,5366.133,5370.688
2025-10-25 05:00:00,5370.684,5384.598,5367.543,5376.393
2025-10-25 06:00:00,5376.392,5402.616,5374.707,5390.267
2025-10-25 07:00:00,5390.248,5390.248,5370.202,5370.202
2025-10-25 08:00:00,5370.197,5370.197,5348.567,5367.623
2025-10-25 09:00:00,5367.621,5382.029,5354.182,5376.658
2025-10-25 10:00:00,5376.64,5386.981,5368.988,5376.549
2025-10-25 11:00:00,5385.049,5385.049,5363.599,5370.482
2025-10-25 12:00:00,5370.459,5380.031,5350.439,5350.439
2025-10-25 13:00:00,5350.416,5356.882,5338.046,5338.046
2025-10-25 14:00:00,5338.027,5355.666,5335.646,5351.295
2025-10-25 15:00:00,5351.281,5378.551,5348.667,5372.419
2025-10-25 16:00:00,5372.394,5384.221,5354.701,5355.445
2025-10-25 17:00:00,5355.432,5361.832,5335.171,5358.532
2025-10-25 18:00:00,5358.519,5358.519,5321.261,5331.031
2025-10-25 19:00:00,5331.016,5331.016,5304.776,5313.693
2025-10-25 20:00:00,5313.678,5313.678,5287.087,5287.087
2025-10-25 21:00:00,5287.087,5309.64,5277.674,5300.565
2025-10-25 22:00:00,5300.56,5304.444,5286.834,5298.086
2025-10-25 23:00:00,5298.08,5352.856,5291.312,5351.987
2025-10-26 00:00:00,5351.972,5351.972,5335.985,5347.629
2025-10-26 01:00:00,5347.623,5370.0,5337.927,5360.784
2025-10-26 02:00:00,5360.764,5364.931,5352.88,5362.31
2025-10-26 03:00:00,5363.386,5366.006,5352.682,5354.257
2025-10-26 04:00:00,5354.238,5376.915,5347.877,5369.812
2025-10-26 05:00:00,5369.791,5369.791,5351.158,5353.41
2025-10-26 06:00:00,5353.401,5384.816,5348.477,5378.538
2025-10-26 07:00:00,5378.52,5383.801,5367.725,5368.047
2025-10-26 08:00:00,5368.036,5393.199,5365.588,5375.229
2025-10-26 09:00:00,5375.226,5377.603,5359.891,5373.993
2025-10-26 10:00:00,5373.974,5391.188,5365.161,5383.839
2025-10-26 11:00:00,5383.836,5404.911,5380.555,5401.885
2025-10-26 12:00:00,5401.869,5438.969,5391.841,5433.338
2025-10-26 13:00:00,5433.331,5433.331,5398.087,5398.829
2025-10-26 14:00:00,5398.816,5419.04,5392.151,5392.979
2025-10-26 15:00:00,5392.977,5425.874,5391.258,5421.452
2025-10-26 16:00:00,5421.447,5431.989,5411.839,5424.414
2025-10-26 17:00:00,5424.407,5424.407,5404.533,5415.804
2025-10-26 18:00:00,5415.794,5415.794,5392.213,5394.735
2025-10-26 19:00:00,5394.731,5402.998,5389.842,5392.252
2025-10-26 20:00:00,5392.233,5396.742,5381.788,5388.225
2025-10-26 21:00:00,5388.224,5404.908,5386.351,5396.749
2025-10-26 22:00:00,5396.735,5438.181,5393.957,5432.873
2025-10-26 23:00:00,5432.863,5480.726,5426.402,5475.192
2025-10-27 00:00:00,5475.173,5478.056,5439.96,5449.796
2025-10-27 01:00:00,5449.787,5455.003,5442.194,5442.194
2025-10-27 02:00:00,5442.194,5463.027,5439.399,5457.514
2025-10-27 03:00:00,5457.483,5477.23,5451.634,5475.898
2025-10-27 04:00:00,5475.875,5500.716,5473.847,5496.478
2025-10-27 05:00:00,5496.462,5496.462,5472.526,5476.796
2025-10-27 06:00:00,5476.788,5487.608,5467.716,5471.778
2025-10-27 07:00:00,5471.777,5483.471,5468.084,5468.084
2025-10-27 08:00:00,5468.064,5477.285,5453.349,5453.349
2025-10-27 09:00:00,5453.328,5462.265,5436.063,5456.408
2025-10-27 10:00:00,5456.392,5476.989,5445.901,5475.16
2025-10-27 11:00:00,5475.146,5498.045,5466.731,5487.004
2025-10-27 12:00:00,5486.981,5514.95,5484.952,5513.688
2025-10-27 13:00:00,5513.681,5543.358,5506.095,5541.779
2025-10-27 14:00:00,5541.765,5563.358,5537.464,5559.11
2025-10-27 15:00:00,5559.101,5576.947,5553.718,5560.664
2025-10-27 16:00:00,5560.643,5560.643,5537.824,5546.628
2025-10-27 17:00:00,5546.61,5599.081,5544.137,5598.67
2025-10-27 18:00:00,5598.66,5598.66,5579.139,5589.276
2025-10-27 19:00:00,5589.257,5589.257,5570.64,5587.196
2025-10-27 20:00:00,5587.19,5587.19,5562.114,5563.584
2025-10-27 21:00:00,5563.574,5568.037,5535.696,5535.696
2025-10-27 22:00:00,5535.679,5535.679,5514.883,5524.461
2025-10-27 23:00:00,5524.439,5535.268,5516.346,5524.419
2025-10-28 00:00:00,5524.399,5547.245,5519.797,5543.395
2025-10-28 01:00:00,5543.383,5543.383,5524.257,5526.515
2025-10-28 02:00:00,5526.509,5526.509,5506.716,5520.11
2025-10-28 03:00:00,5520.106,5536.374,5516.528,5527.008
2025-10-28 04:00:00,5526.99,5563.172,5524.351,5543.818
2025-10-28 05:00:00,5543.817,5560.609,5542.759,5543.014
2025-10-28 06:00:00,5543.01,5548.523,5532.95,5540.116
2025-10-28 07:00:00,5540.107,5549.74,5531.835,5538.807
2025-10-28 08:00:00,5538.795,5545.067,5526.295,5533.481
2025-10-28 09:00:00,5533.473,5533.473,5511.894,5511.894
2025-10-28 10:00:00,5511.893,5511.893,5481.356,5493.514
2025-10-28 11:00:00,5493.502,5493.502,5478.937,5480.321
2025-10-28 12:00:00,5480.318,5482.263,5472.269,5475.715
2025-10-28 13:00:00,5475.696,5483.909,5463.959,5463.959
2025-10-28 14:00:00,5463.954,5478.561,5458.695,5475.433
2025-10-28 15:00:00,5475.424,5481.467,5458.9,5458.9
2025-10-28 16:00:00,5458.886,5483.891,5444.045,5480.856
2025-10-28 17:00:00,5480.839,5526.631,5466.771,5523.977
2025-10-28 18:00:00,5523.946,5523.946,5499.751,5499.751
2025-10-28 19:00:00,5499.737,5503.511,5487.611,5494.208
2025-10-28 20:00:00,5494.186,5511.498,5493.276,5502.12
2025-10-28 21:00:00,5502.105,5502.945,5480.472,5480.472
2025-10-28 22:00:00,5480.456,5490.921,5466.52,5484.465
2025-10-28 23:00:00,5484.454,5484.454,5466.572,5467.086
2025-10-29 00:00:00,5467.081,5467.081,5440.659,5440.659
2025-10-29 01:00:00,5440.653,5455.847,5437.167,5448.073
2025-10-29 02:00:00,5448.058,5463.746,5445.179,5461.365
2025-10-29 03:00:00,5461.356,5462.396,5448.5,5456.875
2025-10-29 04:00:00,5456.874,5466.27,5449.45,5458.992
2025-10-29 05:00:00,5458.985,5487.806,5458.433,5484.688
2025-10-29 06:00:00,5484.68,5487.497,5469.393,5473.469
2025-10-29 07:00:00,5473.44,5480.169,5465.492,5469.934
2025-10-29 08:00:00,5469.927,5469.927,5441.967,5444.888
2025-10-29 09:00:00,5444.864,5484.614,5438.839,5482.095
2025-10-29 10:00:00,5482.088,5497.178,5473.596,5480.758
2025-10-29 11:00:00,5480.728,5491.32,5477.665,5483.922
2025-10-29 12:00:00,5483.919,5512.673,5477.86,5503.13
2025-10-29 13:00:00,5503.114,5542.194,5500.977,5535.802
2025-10-29 14:00:00,5535.795,5538.574,5511.159,5511.159
2025-10-29 15:00:00,5511.154,5538.849,5510.818,5527.554
2025-10-29 16:00:00,5527.554,5536.531,5511.603,5511.603
2025-10-29 17:00:00,5511.573,5511.573,5488.975,5488.975
2025-10-29 18:00:00,5488.964,5488.964,5465.64,5468.237
2025-10-29 19:00:00,5468.225,5483.536,5460.924,5472.793
2025-10-29 20:00:00,5472.787,5473.7,5453.376,5466.423
2025-10-29 21:00:00,5466.411,5500.463,5465.068,5495.346
2025-10-29 22:00:00,5495.33,5519.509,5490.32,5513.011
2025-10-29 23:00:00,5512.992,5519.786,5502.816,5514.446
2025-10-30 00:00:00,5514.439,5525.031,5510.508,5522.014
2025-10-30 01:00:00,5521.989,5532.484,5505.057,5515.804
2025-10-30 02:00:00,5515.783,5522.735,5499.671,5508.089
2025-10-30 03:00:00,5508.08,5530.875,5505.259,5519.333
2025-10-30 04:00:00,5519.326,5552.768,5515.365,5544.727
2025-10-30 05:00:00,5544.703,5571.339,5533.239,5570.183
2025-10-30 06:00:00,5570.181,5596.308,5565.707,5595.615
2025-10-30 07:00:00,5595.589,5608.849,5592.595,5598.166
2025-10-30 08:00:00,5598.164,5603.022,5563.699,5563.699
2025-10-30 09:00:00,5563.696,5563.696,5536.127,5541.756
2025-10-30 10:00:00,5541.744,5578.691,5528.98,5567.799
2025-10-30 11:00:00,5567.793,5572.529,5558.272,5566.173
2025-10-30 12:00:00,5566.162,5606.084,5559.798,5600.446
2025-10-30 13:00:00,5600.426,5607.969,5589.997,5596.997
2025-10-30 14:00:00,5596.993,5600.317,5571.903,5572.296
2025-10-30 15:00:00,5572.29,5576.548,5553.029,5554.076
2025-10-30 16:00:00,5554.073,5554.073,5529.904,5531.541
2025-10-30 17:00:00,5531.533,5579.669,5531.077,5573.873
2025-10-30 18:00:00,5573.865,5583.016,5558.211,5558.211
2025-10-30 19:00:00,5558.206,5568.627,5553.974,5557.019
2025-10-30 20:00:00,5557.0,5557.0,5535.006,5537.713
2025-10-30 21:00:00,5537.684,5574.449,5535.729,5572.043
2025-10-30 22:00:00,5572.031,5572.031,5557.61,5557.61
2025-10-30 23:00:00,5557.601,5557.601,5533.709,5540.663
2025-10-31 00:00:00,5540.655,5543.271,5525.735,5530.203
2025-10-31 01:00:00,5530.189,5551.487,5527.222,5547.371
2025-10-31 02:00:00,5547.344,5549.836,5535.85,5536.705
2025-10-31 03:00:00,5536.703,5536.703,5517.224,5523.366
2025-10-31 04:00:00,5523.345,5526.662,5507.143,5519.276
2025-10-31 05:00:00,5519.27,5520.575,5509.003,5514.512
2025-10-31 06:00:00,5514.503,5519.62,5501.19,5511.486
2025-10-31 07:00:00,5511.486,5560.36,5506.952,5559.371
2025-10-31 08:00:00,5559.362,5559.362,5535.59,5541.68
2025-10-31 09:00:00,5541.675,5544.436,5518.318,5519.473
2025-10-31 10:00:00,5519.452,5519.452,5499.649,5510.284
2025-10-31 11:00:00,5510.282,5521.204,5509.845,5511.789
2025-10-31 12:00:00,5511.782,5534.429,5507.425,5531.204
2025-10-31 13:00:00,5531.204,5552.408,5527.348,5541.888
2025-10-31 14:00:00,5541.878,5548.69,5533.741,5533.741
2025-10-31 15:00:00,5533.73,5537.265,5520.373,5520.373
2025-10-31 16:00:00,5520.363,5537.342,5514.973,5527.318
2025-10-31 17:00:00,5527.298,5541.196,5513.289,5535.042
2025-10-31 18:00:00,5535.036,5539.96,5522.177,5534.241
2025-10-31 19:00:00,5534.239,5619.122,5531.613,5614.771
2025-10-31 20:00:00,5614.767,5631.904,5597.48,5630.6
2025-10-31 21:00:00,5630.582,5678.32,5629.27,5677.764
2025-10-31 22:00:00,5677.738,5680.706,5662.715,5664.654
2025-10-31 23:00:00,5664.631,5686.347,5660.635,5682.131
2025-11-01 00:00:00,5682.12,5695.059,5672.099,5691.12
2025-11-01 01:00:00,5691.113,5709.194,5678.442,5683.06
2025-11-01 02:00:00,5683.058,5695.847,5676.378,5678.017
2025-11-01 03:00:00,5677.996,5683.518,5650.342,5650.342
2025-11-01 04:00:00,5650.319,5653.19,5642.783,5645.0
2025-11-01 05:00:00,5644.995,5664.324,5638.035,5644.42
2025-11-01 06:00:00,5644.39,5674.816,5640.939,5655.92
2025-11-01 07:00:00,5655.912,5661.274,5640.215,5640.215
2025-11-01 08:00:00,5640.207,5646.541,5620.595,5638.49
2025-11-01 09:00:00,5638.477,5642.66,5623.548,5624.317
2025-11-01 10:00:00,5624.305,5637.178,5610.978,5636.305
2025-11-01 11:00:00,5636.298,5648.81,5625.458,5625.458
2025-11-01 12:00:00,5625.449,5688.738,5624.988,5686.635
2025-11-01 13:00:00,5686.622,5693.81,5679.615,5685.623
2025-11-01 14:00:00,5685.621,5706.255,5679.911,5692.103
2025-11-01 15:00:00,5692.086,5712.02,5688.164,5701.715
2025-11-01 16:00:00,5701.712,5712.076,5697.035,5707.065
2025-11-01 17:00:00,5707.063,5718.713,5685.596,5685.596
2025-11-01 18:00:00,5685.579,5698.285,5674.563,5674.563
2025-11-01 19:00:00,5674.555,5675.612,5663.897,5669.744
2025-11-01 20:00:00,5669.74,5683.19,5660.602,5677.095
2025-11-01 21:00:00,5677.093,5680.538,5653.37,5662.592
2025-11-01 22:00:00,5662.584,5662.584,5629.533,5633.995
2025-11-01 23:00:00,5633.994,5647.612,5626.732,5640.098
2025-11-02 00:00:00,5640.078,5645.392,5608.8,5608.8
2025-11-02 01:00:00,5608.775,5611.301,5587.912,5594.897
2025-11-02 02:00:00,5594.896,5596.433,5576.05,5578.139
2025-11-02 03:00:00,5578.134,5578.134,5555.065,5555.065
2025-11-02 04:00:00,5555.055,5575.541,5554.99,5561.004
2025-11-02 05:00:00,5560.992,5565.885,5544.488,5549.784
2025-11-02 06:00:00,5549.768,5569.387,5546.315,5556.985
2025-11-02 07:00:00,5556.973,5564.438,5542.772,5542.772
2025-11-02 08:00:00,5542.755,5545.352,5531.73,5544.684
2025-11-02 09:00:00,5544.669,5547.58,5521.752,5546.961
2025-11-02 10:00:00,5546.96,5615.644,5544.327,5615.155
2025-11-02 11:00:00,5615.149,5621.609,5597.628,5616.611
2025-11-02 12:00:00,5616.607,5619.38,5599.968,5609.354
2025-11-02 13:00:00,5609.343,5618.767,5599.249,5599.66
2025-11-02 14:00:00,5599.648,5605.495,5592.185,5592.398
2025-11-02 15:00:00,5592.391,5599.25,5575.075,5597.448
2025-11-02 16:00:00,5597.446,5633.001,5595.845,5615.335
2025-11-02 17:00:00,5615.331,5621.236,5601.061,5619.832
2025-11-02 18:00:00,5619.821,5639.754,5615.592,5638.136
2025-11-02 19:00:00,5638.126,5643.001,5626.026,5635.366
2025-11-02 20:00:00,5635.347,5635.347,5613.468,5613.468
2025-11-02 21:00:00,5613.466,5613.466,5579.973,5579.973
2025-11-02 22:00:00,5579.972,5597.545,5577.588,5582.424
2025-11-02 23:00:00,5582.419,5584.796,5562.712,5562.712
2025-11-03 00:00:00,5562.706,5580.349,5560.368,5560.368
2025-11-03 01:00:00,5560.346,5560.346,5540.396,5549.247
2025-11-03 02:00:00,5549.238,5557.532,5539.543,5550.491
2025-11-03 03:00:00,5550.47,5560.243,5545.506,5551.574
2025-11-03 04:00:00,5551.552,5563.878,5544.432,5559.051
2025-11-03 05:00:00,5559.033,5565.115,5549.106,5563.615
2025-11-03 06:00:00,5563.606,5569.697,5553.765,5564.906
2025-11-03 07:00:00,5564.904,5565.557,5545.197,5546.096
2025-11-03 08:00:00,5546.086,5556.047,5526.085,5526.085
2025-11-03 09:00:00,5526.07,5544.197,5519.367,5530.632
2025-11-03 10:00:00,5530.619,5570.715,5530.211,5569.314
2025-11-03 11:00:00,5569.313,5569.313,5547.638,5562.623
2025-11-03 12:00:00,5562.62,5568.011,5549.194,5560.322
2025-11-03 13:00:00,5560.311,5585.627,5557.542,5573.769
2025-11-03 14:00:00,5573.765,5589.557,5565.535,5586.878
2025-11-03 15:00:00,5586.865,5609.305,5582.473,5595.799
2025-11-03 16:00:00,5595.785,5618.739,5585.194,5612.381
2025-11-03 17:00:00,5612.373,5612.373,5593.33,5593.574
2025-11-03 18:00:00,5593.574,5609.075,5588.837,5595.136
2025-11-03 19:00:00,5595.127,5605.085,5587.707,5598.194
2025-11-03 20:00:00,5598.192,5637.293,5595.718,5634.904
2025-11-03 21:00:00,5634.883,5651.149,5631.606,5640.599
2025-11-03 22:00:00,5640.594,5654.402,5632.744,5645.219
2025-11-03 23:00:00,5645.203,5645.203,5629.552,5634.523
2025-11-04 00:00:00,5634.519,5638.346,5614.489,5626.979
2025-11-04 01:00:00,5626.972,5628.35,5608.897,5617.656
2025-11-04 02:00:00,5617.645,5668.758,5607.146,5667.242
2025-11-04 03:00:00,5667.208,5670.163,5649.07,5654.884
2025-11-04 04:00:00,5654.88,5663.488,5640.921,5657.956
2025-11-04 05:00:00,5657.953,5663.015,5639.143,5658.944
2025-11-04 06:00:00,5658.922,5658.922,5632.541,5647.068
2025-11-04 07:00:00,5647.057,5648.776,5629.577,5634.472
2025-11-04 08:00:00,5634.447,5638.877,5620.336,5624.857
2025-11-04 09:00:00,5624.856,5645.789,5616.417,5637.853
2025-11-04 10:00:00,5637.85,5659.641,5635.749,5658.496
2025-11-04 11:00:00,5658.483,5674.505,5655.421,5660.121
2025-11-04 12:00:00,5660.107,5667.061,5649.243,5656.515
2025-11-04 13:00:00,5656.508,5657.422,5638.063,5638.063
2025-11-04 14:00:00,5638.055,5644.699,5622.51,5631.141
2025-11-04 15:00:00,5631.117,5633.371,5620.654,5620.654
2025-11-04 16:00:00,5620.643,5630.469,5607.928,5617.525
2025-11-04 17:00:00,5617.51,5649.989,5617.0,5639.664
2025-11-04 18:00:00,5639.663,5676.996,5633.189,5675.073
2025-11-04 19:00:00,5675.055,5693.143,5670.478,5675.096
2025-11-04 20:00:00,5675.091,5696.179,5668.314,5676.126
2025-11-04 21:00:00,5676.122,5676.122,5650.721,5667.89
2025-11-04 22:00:00,5667.888,5667.888,5642.721,5647.788
2025-11-04 23:00:00,5647.774,5667.436,5636.733,5666.98
2025-11-05 00:00:00,5666.976,5666.976,5645.324,5649.121
2025-11-05 01:00:00,5649.112,5658.818,5631.689,5631.689
2025-11-05 02:00:00,5631.673,5653.92,5626.542,5651.178
2025-11-05 03:00:00,5651.169,5659.783,5635.912,5641.841
2025-11-05 04:00:00,5641.837,5687.389,5641.117,5686.868
2025-11-05 05:00:00,5686.867,5692.371,5675.688,5685.933
2025-11-05 06:00:00,5685.93,5685.93,5665.733,5670.765
2025-11-05 07:00:00,5670.747,5670.747,5648.177,5656.075
2025-11-05 08:00:00,5656.05,5657.915,5637.089,5651.747
2025-11-05 09:00:00,5651.735,5671.81,5649.2,5652.212
2025-11-05 10:00:00,5652.202,5663.903,5645.477,5653.358
2025-11-05 11:00:00,5653.352,5657.674,5632.285,5632.285
2025-11-05 12:00:00,5632.273,5659.332,5629.951,5643.267
2025-11-05 13:00:00,5643.242,5648.049,5621.039,5629.807
2025-11-05 14:00:00,5629.781,5633.318,5620.264,5627.918
2025-11-05 15:00:00,5627.915,5643.368,5623.41,5639.362
2025-11-05 16:00:00,5639.342,5651.221,5625.974,5629.868
2025-11-05 17:00:00,5629.85,5671.901,5620.902,5665.585
2025-11-05 18:00:00,5665.573,5673.832,5653.189,5660.314
2025-11-05 19:00:00,5660.309,5660.309,5629.108,5629.108
2025-11-05 20:00:00,5629.104,5646.337,5620.052,5643.078
2025-11-05 21:00:00,5643.061,5652.912,5627.143,5641.885
2025-11-05 22:00:00,5641.877,5656.756,5633.522,5639.589
2025-11-05 23:00:00,5639.579,5639.579,5610.359,5624.065
2025-11-06 00:00:00,5624.057,5624.057,5590.331,5590.331
2025-11-06 01:00:00,5590.328,5599.097,5573.409,5580.633
2025-11-06 02:00:00,5580.616,5615.866,5578.375,5603.907
2025-11-06 03:00:00,5603.894,5616.112,5596.69,5613.27
2025-11-06 04:00:00,5613.249,5632.787,5603.934,5619.259
2025-11-06 05:00:00,5619.258,5636.468,5616.793,5625.154
2025-11-06 06:00:00,5625.147,5634.476,5606.164,5619.552
2025-11-06 07:00:00,5619.526,5643.197,5617.594,5625.963
2025-11-06 08:00:00,5625.96,5636.067,5614.078,5621.745
2025-11-06 09:00:00,5621.743,5622.144,5595.853,5595.853
2025-11-06 10:00:00,5595.839,5638.575,5593.132,5638.498
2025-11-06 11:00:00,5638.493,5672.464,5637.669,5662.857
2025-11-06 12:00:00,5662.847,5684.959,5661.259,5680.05
2025-11-06 13:00:00,5680.042,5680.042,5652.016,5652.016
2025-11-06 14:00:00,5652.01,5664.353,5632.876,5663.714
2025-11-06 15:00:00,5663.699,5663.699,5648.741,5656.043
2025-11-06 16:00:00,5656.021,5658.827,5638.133,5650.609
2025-11-06 17:00:00,5650.602,5658.221,5644.3,5649.476
2025-11-06 18:00:00,5649.473,5663.257,5644.709,5650.976
2025-11-06 19:00:00,5650.966,5650.966,5624.15,5632.026
2025-11-06 20:00:00,5632.017,5647.231,5626.81,5645.183
2025-11-06 21:00:00,5645.178,5645.178,5612.464,5613.419
2025-11-06 22:00:00,5613.411,5622.748,5597.573,5619.235
2025-11-06 23:00:00,5619.235,5619.235,5593.037,5595.703
2025-11-07 00:00:00,5595.701,5614.954,5594.615,5596.885
2025-11-07 01:00:00,5596.882,5659.094,5588.567,5648.304
2025-11-07 02:00:00,5648.295,5682.544,5645.359,5680.486
2025-11-07 03:00:00,5680.466,5689.242,5672.123,5672.123
2025-11-07 04:00:00,5672.112,5724.708,5670.269,5713.958
2025-11-07 05:00:00,5713.949,5713.949,5699.482,5701.831
2025-11-07 06:00:00,5701.823,5702.269,5673.344,5678.365
2025-11-07 07:00:00,5678.352,5685.023,5662.426,5663.074
2025-11-07 08:00:00,5663.067,5674.259,5653.307,5662.243
2025-11-07 09:00:00,5662.214,5675.143,5649.867,5667.543
2025-11-07 10:00:00,5667.539,5667.539,5649.993,5660.187
2025-11-07 11:00:00,5660.172,5666.963,5642.883,5647.703
2025-11-07 12:00:00,5647.683,5667.65,5636.761,5663.686
2025-11-07 13:00:00,5663.683,5665.88,5647.209,5654.579
2025-11-07 14:00:00,5654.556,5660.499,5636.051,5653.934
2025-11-07 15:00:00,5653.915,5665.395,5648.602,5650.713
2025-11-07 16:00:00,5650.698,5693.408,5645.626,5688.01
2025-11-07 17:00:00,5687.998,5705.69,5686.897,5686.897
2025-11-07 18:00:00,5686.873,5721.173,5679.876,5715.639
2025-11-07 19:00:00,5715.621,5738.049,5706.864,5738.001
2025-11-07 20:00:00,5737.997,5751.782,5727.248,5733.247
2025-11-07 21:00:00,5733.234,5747.31,5721.14,5744.124
2025-11-07 22:00:00,5744.119,5754.054,5728.962,5749.037
2025-11-07 23:00:00,5749.031,5752.037,5726.978,5726.978
2025-11-08 00:00:00,5726.975,5732.254,5719.932,5719.932
2025-11-08 01:00:00,5719.921,5725.298,5696.947,5696.947
2025-11-08 02:00:00,5696.938,5696.938,5676.032,5676.393
2025-11-08 03:00:00,5676.376,5682.882,5668.144,5671.103
2025-11-08 04:00:00,5671.09,5710.415,5670.304,5707.29
2025-11-08 05:00:00,5707.273,5707.273,5678.421,5688.301
2025-11-08 06:00:00,5688.287,5730.521,5682.29,5727.511
2025-11-08 07:00:00,5727.495,5727.495,5702.518,5706.883
2025-11-08 08:00:00,5706.866,5710.518,5688.312,5696.848
2025-11-08 09:00:00,5696.843,5696.843,5669.539,5672.294
2025-11-08 10:00:00,5672.291,5688.099,5664.553,5686.642
2025-11-08 11:00:00,5686.632,5700.034,5678.874,5685.185
2025-11-08 12:00:00,5685.174,5697.389,5675.94,5675.94
2025-11-08 13:00:00,5675.934,5675.934,5654.073,5654.073
2025-11-08 14:00:00,5654.061,5654.061,5626.198,5632.792
2025-11-08 15:00:00,5632.777,5636.995,5614.858,5631.599
2025-11-08 16:00:00,5631.577,5637.979,5609.131,5620.556
2025-11-08 17:00:00,5620.544,5654.046,5611.637,5644.322
2025-11-08 18:00:00,5644.301,5679.591,5643.348,5672.473
2025-11-08 19:00:00,5672.468,5683.252,5667.761,5675.539
2025-11-08 20:00:00,5675.517,5684.626,5662.848,5681.065
2025-11-08 21:00:00,5681.058,5697.229,5666.584,5678.331
2025-11-08 22:00:00,5678.33,5703.597,5673.549,5702.854
2025-11-08 23:00:00,5702.847,5709.375,5685.291,5703.173
2025-11-09 00:00:00,5703.164,5703.164,5679.581,5685.172
2025-11-09 01:00:00,5685.157,5700.538,5677.349,5677.349
2025-11-09 02:00:00,5677.343,5681.157,5656.043,5656.043
2025-11-09 03:00:00,5656.015,5659.071,5638.79,5652.572
2025-11-09 04:00:00,5652.556,5673.539,5647.359,5670.624
2025-11-09 05:00:00,5670.609,5677.963,5653.974,5653.974
2025-11-09 06:00:00,5653.973,5661.359,5644.462,5656.239
2025-11-09 07:00:00,5656.238,5721.786,5652.868,5704.899
2025-11-09 08:00:00,5704.897,5722.028,5698.866,5720.409
2025-11-09 09:00:00,5720.406,5727.955,5706.379,5706.379
2025-11-09 10:00:00,5706.358,5707.122,5692.801,5704.115
2025-11-09 11:00:00,5704.112,5709.184,5687.413,5687.413
2025-11-09 12:00:00,5687.411,5718.949,5686.836,5699.188
2025-11-09 13:00:00,5699.182,5710.922,5693.921,5706.366
2025-11-09 14:00:00,5706.341,5729.565,5697.896,5728.402
2025-11-09 15:00:00,5728.393,5729.535,5704.213,5721.662
2025-11-09 16:00:00,5721.643,5739.056,5716.762,5725.148
2025-11-09 17:00:00,5725.135,5732.051,5707.414,5711.412
2025-11-09 18:00:00,5711.409,5726.817,5700.826,5711.304
2025-11-09 19:00:00,5711.28,5711.28,5698.254,5706.252
2025-11-09 20:00:00,5706.248,5724.631,5699.81,5716.193
2025-11-09 21:00:00,5716.193,5738.252,5714.589,5715.916
2025-11-09 22:00:00,5715.899,5733.45,5708.21,5720.812
2025-11-09 23:00:00,5720.804,5729.607,5697.584,5697.584
2025-11-10 00:00:00,5697.556,5697.556,5673.569,5677.762
2025-11-10 01:00:00,5677.755,5677.755,5656.014,5670.523
2025-11-10 02:00:00,5670.513,5699.796,5669.86,5699.12
2025-11-10 03:00:00,5699.106,5726.657,5695.335,5714.73
2025-11-10 04:00:00,5714.729,5739.502,5714.339,5727.261
2025-11-10 05:00:00,5727.247,5727.247,5703.197,5703.197
2025-11-10 06:00:00,5703.193,5703.193,5686.235,5693.252
2025-11-10 07:00:00,5693.248,5697.208,5680.162,5688.935
2025-11-10 08:00:00,5688.916,5738.881,5684.669,5737.518
2025-11-10 09:00:00,5737.505,5738.673,5721.481,5722.443
2025-11-10 10:00:00,5722.434,5722.808,5710.764,5720.875
2025-11-10 11:00:00,5720.864,5756.31,5719.362,5748.36
2025-11-10 12:00:00,5748.352,5748.352,5721.896,5721.896
2025-11-10 13:00:00,5721.895,5747.587,5720.373,5745.96
2025-11-10 14:00:00,5745.96,5769.22,5744.358,5762.801
2025-11-10 15:00:00,5762.789,5763.868,5742.938,5743.537
2025-11-10 16:00:00,5743.532,5772.78,5742.289,5770.582
2025-11-10 17:00:00,5770.574,5803.99,5767.779,5779.255
2025-11-10 18:00:00,5779.246,5788.247,5765.221,5765.221
2025-11-10 19:00:00,5765.221,5776.705,5753.926,5758.874
2025-11-10 20:00:00,5758.858,5758.858,5739.984,5743.67
2025-11-10 21:00:00,5743.657,5770.112,5733.913,5759.439
2025-11-10 22:00:00,5759.422,5809.49,5751.496,5809.221
2025-11-10 23:00:00,5809.215,5821.723,5800.041,5800.19
2025-11-11 00:00:00,5800.19,5800.19,5780.074,5788.659
2025-11-11 01:00:00,5788.649,5788.649,5763.76,5763.76
2025-11-11 02:00:00,5763.743,5773.628,5757.828,5771.535
2025-11-11 03:00:00,5771.525,5771.525,5747.858,5748.98
2025-11-11 04:00:00,5748.977,5766.636,5746.665,5759.237
2025-11-11 05:00:00,5759.231,5765.626,5743.535,5760.344
2025-11-11 06:00:00,5760.333,5775.047,5751.185,5758.927
2025-11-11 07:00:00,5758.912,5812.577,5757.575,5810.589
2025-11-11 08:00:00,5810.586,5845.4,5803.612,5845.282
2025-11-11 09:00:00,5845.263,5865.001,5836.376,5860.971
2025-11-11 10:00:00,5860.964,5861.751,5833.16,5833.16
2025-11-11 11:00:00,5833.155,5863.908,5829.986,5852.145
2025-11-11 12:00:00,5852.136,5884.441,5851.45,5881.809
2025-11-11 13:00:00,5881.802,5900.929,5881.488,5893.276
2025-11-11 14:00:00,5893.268,5950.661,5893.143,5950.583
2025-11-11 15:00:00,5950.559,5993.381,5946.324,5984.098
2025-11-11 16:00:00,5984.089,5993.028,5966.127,5983.763
2025-11-11 17:00:00,5983.735,5996.037,5970.341,5989.281
2025-11-11 18:00:00,5989.253,6001.879,5984.489,5985.444
2025-11-11 19:00:00,5985.436,5995.357,5969.202,5969.202
2025-11-11 20:00:00,5969.186,5969.186,5947.621,5947.621
2025-11-11 21:00:00,5947.612,5959.1,5942.255,5955.352
2025-11-11 22:00:00,5955.331,5961.084,5946.024,5957.955
2025-11-11 23:00:00,5957.952,5996.826,5957.09,5984.615
2025-11-12 00:00:00,5984.615,6015.273,5973.849,6002.383
2025-11-12 01:00:00,6002.379,6004.476,5971.706,5977.703
2025-11-12 02:00:00,5977.688,5987.899,5966.518,5967.546
2025-11-12 03:00:00,5967.545,5989.074,5964.708,5981.414
2025-11-12 04:00:00,5981.411,6030.594,5979.84,6022.431
2025-11-12 05:00:00,6022.406,6033.493,6016.091,6019.315
2025-11-12 06:00:00,6019.312,6033.57,6007.163,6022.101
2025-11-12 07:00:00,6022.101,6041.472,6013.951,6033.633
2025-11-12 08:00:00,6033.62,6053.781,6027.415,6034.275
2025-11-12 09:00:00,6034.263,6041.016,6010.869,6028.248
2025-11-12 10:00:00,6028.226,6030.479,5997.044,5997.044
2025-11-12 11:00:00,5997.029,6025.698,5988.34,6023.528
2025-11-12 12:00:00,6023.5,6023.5,6000.604,6015.115
2025-11-12 13:00:00,6015.086,6015.093,5990.08,5998.453
2025-11-12 14:00:00,5998.432,6022.179,5981.684,6017.69
2025-11-12 15:00:00,6017.683,6037.56,6016.156,6021.353
2025-11-12 16:00:00,6021.35,6046.725,6020.266,6033.024
2025-11-12 17:00:00,6032.995,6056.645,6031.278,6039.548
2025-11-12 18:00:00,6039.541,6039.541,6013.801,6013.801
2025-11-12 19:00:00,6013.791,6022.814,5991.98,5991.98
2025-11-12 20:00:00,5991.957,6013.536,5987.016,5998.901
2025-11-12 21:00:00,5998.879,5999.481,5969.035,5972.968
2025-11-12 22:00:00,5972.952,5981.305,5956.677,5956.677
2025-11-12 23:00:00,5956.675,5962.334,5939.061,5939.061
2025-11-13 00:00:00,5939.056,5945.524,5927.737,5930.529
2025-11-13 01:00:00,5930.52,5937.945,5916.13,5917.96
2025-11-13 02:00:00,5917.95,5917.95,5888.49,5906.435
2025-11-13 03:00:00,5906.424,5927.441,5901.258,5917.437
2025-11-13 04:00:00,5917.413,5922.205,5902.393,5912.863
2025-11-13 05:00:00,5912.85,5915.544,5894.848,5905.091
2025-11-13 06:00:00,5905.088,5954.954,5903.317,5946.756
2025-11-13 07:00:00,5946.741,5971.621,5944.773,5960.92
2025-11-13 08:00:00,5960.905,5977.196,5938.82,5973.018
2025-11-13 09:00:00,5973.003,5983.386,5957.196,5967.98
2025-11-13 10:00:00,5967.974,5989.701,5964.107,5989.288
2025-11-13 11:00:00,5989.274,5989.274,5947.862,5947.862
2025-11-13 12:00:00,5947.848,5974.554,5946.529,5972.01
2025-11-13 13:00:00,5971.999,5989.117,5966.376,5977.217
2025-11-13 14:00:00,5977.203,6008.991,5973.848,5999.978
2025-11-13 15:00:00,5999.971,6057.031,5999.856,6047.442
2025-11-13 16:00:00,6047.44,6061.015,6033.003,6055.809
2025-11-13 17:00:00,6055.777,6087.683,6048.46,6085.034
2025-11-13 18:00:00,6085.014,6096.753,6073.409,6073.409
2025-11-13 19:00:00,6073.392,6107.897,6072.326,6105.912
2025-11-13 20:00:00,6105.9,6122.189,6091.954,6105.129
2025-11-13 21:00:00,6105.126,6113.303,6096.72,6097.999
2025-11-13 22:00:00,6097.994,6123.736,6095.095,6121.067
2025-11-13 23:00:00,6121.053,6127.207,6109.347,6120.275
2025-11-14 00:00:00,6120.268,6187.065,6112.29,6182.811
2025-11-14 01:00:00,6182.793,6182.793,6161.948,6163.188
2025-11-14 02:00:00,6163.182,6165.905,6148.143,6153.642
2025-11-14 03:00:00,6153.627,6163.439,6125.687,6163.374
2025-11-14 04:00:00,6163.373,6171.993,6141.392,6170.457
2025-11-14 05:00:00,6170.449,6170.449,6141.653,6156.872
2025-11-14 06:00:00,6156.853,6167.097,6148.28,6155.445
2025-11-14 07:00:00,6155.439,6160.098,6134.175,6142.592
2025-11-14 08:00:00,6142.575,6150.17,6129.521,6142.591
2025-11-14 09:00:00,6142.576,6142.576,6122.277,6135.799
2025-11-14 10:00:00,6135.779,6143.746,6123.1,6125.842
2025-11-14 11:00:00,6125.836,6137.385,6112.814,6118.798
2025-11-14 12:00:00,6118.792,6141.733,6106.544,6141.596
2025-11-14 13:00:00,6141.585,6151.51,6126.89,6127.673
2025-11-14 14:00:00,6127.659,6136.537,6104.12,6111.28
2025-11-14 15:00:00,6111.274,6122.478,6103.468,6112.766
2025-11-14 16:00:00,6112.741,6115.55,6094.219,6094.219
2025-11-14 17:00:00,6094.218,6106.575,6075.403,6101.04
2025-11-14 18:00:00,6101.035,6103.897,6080.647,6081.169
2025-11-14 19:00:00,6081.165,6081.165,6054.979,6062.502
2025-11-14 20:00:00,6062.493,6083.202,6059.688,6066.939
2025-11-14 21:00:00,6066.933,6098.685,6066.186,6082.516
2025-11-14 22:00:00,6082.488,6097.206,6076.206,6076.206
2025-11-14 23:00:00,6076.199,6076.199,6051.528,6060.203
2025-11-15 00:00:00,6060.191,6061.656,6038.715,6038.715
2025-11-15 01:00:00,6038.709,6054.515,6037.533,6037.533
2025-11-15 02:00:00,6037.52,6047.002,6027.605,6038.215
2025-11-15 03:00:00,6038.193,6049.535,6026.799,6030.973
2025-11-15 04:00:00,6030.972,6032.226,5998.513,6031.139
2025-11-15 05:00:00,6031.122,6041.972,6016.865,6028.228
2025-11-15 06:00:00,6028.212,6038.244,6019.07,6030.123
2025-11-15 07:00:00,6030.106,6041.512,6022.432,6030.622
2025-11-15 08:00:00,6030.603,6055.742,6029.055,6046.873
2025-11-15 09:00:00,6046.847,6069.498,6039.918,6059.645
2025-11-15 10:00:00,6059.639,6098.015,6058.93,6080.843
2025-11-15 11:00:00,6080.84,6099.006,6077.047,6078.695
2025-11-15 12:00:00,6078.681,6078.681,6061.783,6067.982
2025-11-15 13:00:00,6067.973,6093.885,6064.852,6093.188
2025-11-15 14:00:00,6093.166,6100.91,6071.891,6071.891
2025-11-15 15:00:00,6071.884,6084.257,6067.094,6084.226
2025-11-15 16:00:00,6084.193,6084.694,6063.973,6063.973
2025-11-15 17:00:00,6063.96,6072.412,6056.056,6062.748
2025-11-15 18:00:00,6062.745,6114.17,6057.807,6112.6
2025-11-15 19:00:00,6112.586,6112.586,6096.142,6099.348
2025-11-15 20:00:00,6099.34,6099.34,6071.381,6071.381
2025-11-15 21:00:00,6071.362,6075.005,6055.495,6069.874
2025-11-15 22:00:00,6069.873,6071.247,6055.475,6058.937
2025-11-15 23:00:00,6058.937,6058.937,6024.969,6034.636
2025-11-16 00:00:00,6034.633,6057.9,6030.974,6049.414
2025-11-16 01:00:00,6049.407,6068.68,6025.053,6064.116
2025-11-16 02:00:00,6064.108,6069.328,6046.17,6067.533
2025-11-16 03:00:00,6067.504,6071.937,6056.128,6067.81
2025-11-16 04:00:00,6067.776,6089.752,6061.261,6061.261
2025-11-16 05:00:00,6061.254,6061.254,6031.605,6048.904
2025-11-16 06:00:00,6048.901,6048.901,6019.812,6025.877
2025-11-16 07:00:00,6025.864,6035.511,6005.389,6006.805
2025-11-16 08:00:00,6006.787,6012.086,5989.621,6004.576
2025-11-16 09:00:00,6004.567,6004.567,5976.166,5980.539
2025-11-16 10:00:00,5980.532,5996.974,5976.113,5986.387
2025-11-16 11:00:00,5986.387,6005.969,5979.984,5999.24
2025-11-16 12:00:00,5999.238,6021.733,5995.24,6007.262
2025-11-16 13:00:00,6007.256,6007.256,5986.308,5986.308
2025-11-16 14:00:00,5986.299,6025.438,5982.993,6025.06
2025-11-16 15:00:00,6025.045,6025.045,6005.521,6020.326
2025-11-16 16:00:00,6020.315,6038.947,6018.691,6034.181
2025-11-16 17:00:00,6034.163,6058.637,6033.253,6050.003
2025-11-16 18:00:00,6049.995,6049.995,6024.036,6024.037
2025-11-16 19:00:00,6024.0,6028.347,6011.839,6015.549
2025-11-16 20:00:00,6015.543,6032.147,6000.819,6024.956
2025-11-16 21:00:00,6024.94,6024.94,6005.678,6008.842
2025-11-16 22:00:00,6008.835,6066.896,6006.993,6059.643
2025-11-16 23:00:00,6059.64,6059.737,6047.584,6047.946
2025-11-17 00:00:00,6047.932,6057.572,6022.806,6022.806
2025-11-17 01:00:00,6022.796,6039.024,6017.833,6024.538
2025-11-17 02:00:00,6024.516,6058.374,6014.336,6050.974
2025-11-17 03:00:00,6050.956,6050.956,6011.363,6011.363
2025-11-17 04:00:00,6011.355,6062.843,6005.521,6060.422
2025-11-17 05:00:00,6060.414,6060.414,6031.595,6051.418
2025-11-17 06:00:00,6051.408,6056.034,6032.822,6032.822
2025-11-17 07:00:00,6032.798,6032.798,6012.248,6022.472
2025-11-17 08:00:00,6022.458,6025.397,6005.068,6011.54
2025-11-17 09:00:00,6011.529,6011.529,5977.365,5977.365
2025-11-17 10:00:00,5977.349,5990.457,5971.89,5971.89
2025-11-17 11:00:00,5971.886,5987.614,5958.135,5980.356
2025-11-17 12:00:00,5980.315,5984.028,5967.19,5967.19
2025-11-17 13:00:00,5967.19,5972.725,5945.207,5971.626
2025-11-17 14:00:00,5971.609,5976.381,5955.817,5955.817
2025-11-17 15:00:00,5955.812,5956.066,5934.468,5947.51
2025-11-17 16:00:00,5947.507,5959.836,5933.539,5943.386
2025-11-17 17:00:00,5943.375,5948.753,5926.484,5926.484
2025-11-17 18:00:00,5926.461,5926.461,5896.272,5902.797
2025-11-17 19:00:00,5902.783,5902.783,5889.147,5890.651
2025-11-17 20:00:00,5890.636,5890.636,5848.157,5848.157
2025-11-17 21:00:00,5848.144,5848.873,5828.488,5829.657
2025-11-17 22:00:00,5829.645,5837.01,5810.651,5826.979
2025-11-17 23:00:00,5826.975,5877.713,5824.035,5871.322
2025-11-18 00:00:00,5871.303,5905.697,5870.258,5893.192
2025-11-18 01:00:00,5893.179,5927.563,5890.393,5913.231
2025-11-18 02:00:00,5913.209,5913.209,5893.55,5903.163
2025-11-18 03:00:00,5903.142,5903.142,5878.756,5892.678
2025-11-18 04:00:00,5892.657,5902.845,5882.444,5891.644
2025-11-18 05:00:00,5891.63,5891.63,5870.41,5870.41
2025-11-18 06:00:00,5870.408,5872.883,5842.667,5842.667
2025-11-18 07:00:00,5842.652,5857.499,5839.167,5841.631
2025-11-18 08:00:00,5841.615,5888.194,5838.862,5887.456
2025-11-18 09:00:00,5887.445,5914.827,5881.832,5914.392
2025-11-18 10:00:00,5914.374,5936.868,5911.792,5934.574
2025-11-18 11:00:00,5934.538,5943.289,5920.522,5940.17
2025-11-18 12:00:00,5940.168,5940.168,5923.485,5927.291
2025-11-18 13:00:00,5927.274,5936.636,5916.87,5929.86
2025-11-18 14:00:00,5929.846,5955.688,5922.723,5922.723
2025-11-18 15:00:00,5922.697,5922.697,5903.261,5905.292
2025-11-18 16:00:00,5905.285,5915.224,5898.157,5906.454
2025-11-18 17:00:00,5906.448,5911.404,5894.213,5903.607
2025-11-18 18:00:00,5910.116,5910.116,5881.06,5881.268
2025-11-18 19:00:00,5881.254,5930.955,5876.651,5930.081
2025-11-18 20:00:00,5930.071,5930.071,5906.634,5906.634
2025-11-18 21:00:00,5906.619,5916.687,5877.473,5877.473
2025-11-18 22:00:00,5877.454,5923.158,5876.014,5912.927
2025-11-18 23:00:00,5912.898,5912.898,5881.489,5881.489
2025-11-19 00:00:00,5881.485,5917.189,5881.076,5909.652
2025-11-19 01:00:00,5909.642,5921.323,5898.616,5905.237
2025-11-19 02:00:00,5905.216,5921.04,5898.059,5905.436
2025-11-19 03:00:00,5905.418,5911.738,5884.38,5909.276
2025-11-19 04:00:00,5909.254,5927.333,5906.072,5913.661
2025-11-19 05:00:00,5913.652,5923.751,5898.381,5915.243
2025-11-19 06:00:00,5915.228,5915.228,5887.578,5905.405
2025-11-19 07:00:00,5905.397,5939.905,5899.978,5937.377
2025-11-19 08:00:00,5937.366,5939.643,5908.834,5913.202
2025-11-19 09:00:00,5913.199,5948.704,5910.802,5942.094
2025-11-19 10:00:00,5942.08,5942.08,5917.041,5917.041
2025-11-19 11:00:00,5917.03,5926.854,5908.059,5919.281
2025-11-19 12:00:00,5919.278,5942.345,5905.974,5905.974
2025-11-19 13:00:00,5905.963,5911.795,5893.743,5893.743
2025-11-19 14:00:00,5893.735,5911.756,5886.739,5904.291
2025-11-19 15:00:00,5904.26,5906.11,5886.095,5886.095
2025-11-19 16:00:00,5886.084,5886.084,5857.457,5862.546
2025-11-19 17:00:00,5862.545,5878.561,5856.279,5872.272
2025-11-19 18:00:00,5872.264,5875.467,5856.219,5874.852
2025-11-19 19:00:00,5874.843,5893.936,5869.161,5893.517
2025-11-19 20:00:00,5893.506,5951.117,5891.786,5948.781
2025-11-19 21:00:00,5948.766,5948.766,5915.332,5926.127
2025-11-19 22:00:00,5926.118,5944.235,5921.039,5928.327
2025-11-19 23:00:00,5928.31,5932.109,5908.104,5913.15
2025-11-20 00:00:00,5913.119,5913.119,5885.874,5885.874
2025-11-20 01:00:00,5885.865,5899.065,5874.601,5874.601
2025-11-20 02:00:00,5874.578,5886.363,5859.396,5867.986
2025-11-20 03:00:00,5867.965,5871.01,5854.187,5861.295
2025-11-20 04:00:00,5861.281,5862.238,5843.836,5847.508
2025-11-20 05:00:00,5847.49,5847.49,5819.123,5840.792
2025-11-20 06:00:00,5840.789,5850.153,5829.667,5829.667
2025-11-20 07:00:00,5829.663,5829.663,5797.876,5797.876
2025-11-20 08:00:00,5797.855,5799.994,5785.6,5793.327
2025-11-20 09:00:00,5793.323,5797.452,5777.504,5779.231
2025-11-20 10:00:00,5779.221,5793.632,5765.308,5791.948
2025-11-20 11:00:00,5791.944,5826.133,5790.77,5819.292
2025-11-20 12:00:00,5819.289,5863.498,5818.992,5832.94
2025-11-20 13:00:00,5832.912,5833.79,5809.046,5820.554
2025-11-20 14:00:00,5820.531,5829.212,5813.708,5824.045
2025-11-20 15:00:00,5824.023,5837.155,5819.052,5833.808
2025-11-20 16:00:00,5833.789,5833.789,5811.046,5824.916
2025-11-20 17:00:00,5824.907,5827.617,5794.592,5794.592
2025-11-20 18:00:00,5794.589,5803.046,5768.808,5768.808
2025-11-20 19:00:00,5768.787,5779.135,5756.724,5776.843
2025-11-20 20:00:00,5776.825,5784.132,5755.044,5757.144
2025-11-20 21:00:00,5757.137,5781.45,5756.401,5774.692
2025-11-20 22:00:00,5774.676,5794.855,5772.114,5778.529
2025-11-20 23:00:00,5778.529,5778.529,5743.237,5743.237
2025-11-21 00:00:00,5743.233,5753.503,5733.616,5745.846
2025-11-21 01:00:00,5745.839,5747.366,5727.21,5744.82
2025-11-21 02:00:00,5744.793,5746.914,5732.187,5742.968
2025-11-21 03:00:00,5742.965,5755.696,5728.9,5750.84
2025-11-21 04:00:00,5750.823,5750.823,5724.63,5724.63
2025-11-21 05:00:00,5724.616,5724.616,5697.794,5710.065
2025-11-21 06:00:00,5710.059,5733.267,5702.857,5724.477
2025-11-21 07:00:00,5724.445,5729.416,5709.748,5723.371
2025-11-21 08:00:00,5723.359,5728.551,5707.261,5716.036
2025-11-21 09:00:00,5716.035,5725.327,5704.237,5707.414
2025-11-21 10:00:00,5707.393,5709.225,5691.439,5691.439
2025-11-21 11:00:00,5691.437,5692.719,5677.945,5677.945
2025-11-21 12:00:00,5677.924,5677.924,5657.411,5661.381
2025-11-21 13:00:00,5661.37,5661.37,5631.441,5632.932
2025-11-21 14:00:00,5632.912,5654.372,5630.117,5651.921
2025-11-21 15:00:00,5651.912,5651.912,5625.759,5631.633
2025-11-21 16:00:00,5631.631,5641.128,5621.767,5635.137
2025-11-21 17:00:00,5635.137,5635.137,5609.69,5619.983
2025-11-21 18:00:00,5619.969,5634.781,5609.678,5628.807
2025-11-21 19:00:00,5628.787,5655.338,5622.538,5648.971
2025-11-21 20:00:00,5648.959,5660.264,5634.816,5657.086
2025-11-21 21:00:00,5657.083,5662.17,5647.031,5652.804
2025-11-21 22:00:00,5652.804,5659.121,5645.396,5656.491
2025-11-21 23:00:00,5656.488,5656.488,5629.607,5647.308
2025-11-22 00:00:00,5647.302,5672.92,5630.348,5667.216
2025-11-22 01:00:00,5667.19,5698.735,5665.49,5693.514
2025-11-22 02:00:00,5693.498,5706.846,5689.4,5691.77
2025-11-22 03:00:00,5691.764,5691.764,5667.885,5670.643
2025-11-22 04:00:00,5670.625,5678.477,5647.917,5647.917
2025-11-22 05:00:00,5647.903,5662.71,5642.724,5642.724
2025-11-22 06:00:00,5642.722,5655.784,5628.431,5649.192
2025-11-22 07:00:00,5649.179,5672.168,5645.39,5662.093
2025-11-22 08:00:00,5662.082,5676.828,5654.16,5656.675
2025-11-22 09:00:00,5656.666,5667.262,5644.82,5644.82
2025-11-22 10:00:00,5644.804,5649.188,5632.001,5632.252
2025-11-22 11:00:00,5632.234,5640.231,5616.618,5636.957
2025-11-22 12:00:00,5636.947,5639.088,5619.63,5619.63
2025-11-22 13:00:00,5619.6,5650.403,5615.077,5637.741
2025-11-22 14:00:00,5637.728,5682.954,5637.208,5675.162
2025-11-22 15:00:00,5675.155,5675.761,5662.184,5666.86
2025-11-22 16:00:00,5666.851,5670.001,5647.404,5654.179
2025-11-22 17:00:00,5654.173,5654.173,5634.899,5650.967
2025-11-22 18:00:00,5650.954,5667.402,5642.794,5666.504
2025-11-22 19:00:00,5666.501,5683.16,5664.166,5680.335
2025-11-22 20:00:00,5680.332,5705.012,5676.286,5696.865
2025-11-22 21:00:00,5696.854,5719.598,5693.52,5698.223
2025-11-22 22:00:00,5698.214,5706.746,5689.548,5696.382
2025-11-22 23:00:00,5696.366,5739.038,5691.24,5731.948
2025-11-23 00:00:00,5731.922,5748.135,5720.414,5739.065
2025-11-23 01:00:00,5739.052,5759.27,5738.75,5751.454
2025-11-23 02:00:00,5751.448,5754.913,5740.997,5740.997
2025-11-23 03:00:00,5740.973,5748.594,5734.384,5748.527
2025-11-23 04:00:00,5748.513,5757.66,5741.76,5743.025
2025-11-23 05:00:00,5743.017,5758.817,5735.052,5757.365
2025-11-23 06:00:00,5757.364,5778.995,5750.496,5778.663
2025-11-23 07:00:00,5778.656,5784.247,5760.748,5778.772
2025-11-23 08:00:00,5778.755,5788.2,5768.03,5785.086
2025-11-23 09:00:00,5785.08,5789.634,5763.716,5763.716
2025-11-23 10:00:00,5763.711,5778.076,5755.857,5760.058
2025-11-23 11:00:00,5760.046,5767.402,5748.806,5760.142
2025-11-23 12:00:00,5760.136,5762.243,5740.104,5760.721
2025-11-23 13:00:00,5760.717,5760.717,5734.399,5743.307
2025-11-23 14:00:00,5743.291,5743.291,5729.738,5739.723
2025-11-23 15:00:00,5739.718,5745.671,5720.324,5731.217
2025-11-23 16:00:00,5731.21,5761.341,5725.088,5756.209
2025-11-23 17:00:00,5756.198,5756.198,5725.356,5725.356
2025-11-23 18:00:00,5725.339,5762.177,5721.179,5746.916
2025-11-23 19:00:00,5746.908,5746.908,5726.811,5734.694
2025-11-23 20:00:00,5734.693,5744.072,5732.66,5732.714
2025-11-23 21:00:00,5732.709,5769.27,5719.813,5761.983
2025-11-23 22:00:00,5761.968,5768.023,5750.503,5758.015
2025-11-23 23:00:00,5758.003,5764.795,5747.691,5750.813
2025-11-24 00:00:00,5750.788,5775.483,5749.261,5765.475
2025-11-24 01:00:00,5765.471,5769.562,5737.553,5743.39
2025-11-24 02:00:00,5743.376,5744.554,5721.213,5724.023
2025-11-24 03:00:00,5724.02,5747.153,5706.812,5744.994
2025-11-24 04:00:00,5744.981,5761.053,5739.829,5747.878
2025-11-24 05:00:00,5747.857,5750.109,5721.135,5721.135
2025-11-24 06:00:00,5721.128,5722.28,5690.422,5690.422
2025-11-24 07:00:00,5690.42,5690.42,5651.602,5659.247
2025-11-24 08:00:00,5659.214,5679.953,5656.097,5679.922
2025-11-24 09:00:00,5679.908,5682.252,5664.535,5666.746
2025-11-24 10:00:00,5666.734,5666.734,5642.227,5644.85
2025-11-24 11:00:00,5644.848,5644.848,5619.816,5631.272
2025-11-24 12:00:00,5631.265,5636.274,5616.916,5620.146
2025-11-24 13:00:00,5620.143,5649.766,5619.297,5632.691
2025-11-24 14:00:00,5632.688,5656.163,5631.109,5643.759
2025-11-24 15:00:00,5643.743,5656.123,5633.009,5653.354
2025-11-24 16:00:00,5653.348,5658.148,5640.455,5646.752
2025-11-24 17:00:00,5646.742,5662.342,5638.51,5650.12
2025-11-24 18:00:00,5650.109,5651.788,5617.172,5617.172
2025-11-24 19:00:00,5617.166,5619.397,5593.626,5593.626
2025-11-24 20:00:00,5593.623,5605.457,5586.293,5600.571
2025-11-24 21:00:00,5600.569,5604.417,5590.228,5597.366
2025-11-24 22:00:00,5597.363,5610.264,5581.449,5602.272
2025-11-24 23:00:00,5602.263,5604.629,5572.202,5572.202
2025-11-25 00:00:00,5572.201,5583.993,5571.296,5571.432
2025-11-25 01:00:00,5571.425,5571.425,5555.057,5557.992
2025-11-25 02:00:00,5557.992,5597.875,5554.244,5578.517
2025-11-25 03:00:00,5578.517,5581.734,5564.04,5564.04
2025-11-25 04:00:00,5564.015,5571.894,5548.887,5548.887
2025-11-25 05:00:00,5548.879,5567.902,5545.975,5551.319
2025-11-25 06:00:00,5551.319,5585.636,5549.108,5573.208
2025-11-25 07:00:00,5573.196,5588.416,5562.797,5588.074
2025-11-25 08:00:00,5588.072,5588.072,5569.5,5578.168
2025-11-25 09:00:00,5578.158,5585.311,5557.61,5562.089
2025-11-25 10:00:00,5562.087,5563.242,5543.257,5543.257
2025-11-25 11:00:00,5543.234,5577.31,5541.943,5559.847
2025-11-25 12:00:00,5559.828,5586.944,5555.979,5580.364
2025-11-25 13:00:00,5580.35,5613.365,5578.397,5606.799
2025-11-25 14:00:00,5606.784,5630.829,5600.684,5624.221
2025-11-25 15:00:00,5624.199,5643.852,5619.313,5624.205
2025-11-25 16:00:00,5624.199,5626.186,5594.71,5594.71
2025-11-25 17:00:00,5594.709,5609.97,5590.062,5597.493
2025-11-25 18:00:00,5597.467,5611.173,5591.905,5595.84
2025-11-25 19:00:00,5595.812,5607.188,5573.881,5573.881
2025-11-25 20:00:00,5573.862,5601.52,5570.276,5584.852
2025-11-25 21:00:00,5584.827,5601.723,5574.942,5601.028
2025-11-25 22:00:00,5601.013,5601.013,5582.411,5591.505
2025-11-25 23:00:00,5591.495,5592.074,5566.564,5567.756
2025-11-26 00:00:00,5567.745,5579.925,5560.861,5568.406
2025-11-26 01:00:00,5568.396,5573.513,5549.585,5561.73
2025-11-26 02:00:00,5561.715,5589.434,5561.489,5572.669
2025-11-26 03:00:00,5572.658,5572.658,5545.96,5549.572
2025-11-26 04:00:00,5549.54,5555.624,5531.482,5552.511
2025-11-26 05:00:00,5552.509,5586.973,5546.408,5586.514
2025-11-26 06:00:00,5586.499,5588.406,5576.605,5576.732
2025-11-26 07:00:00,5576.694,5576.694,5554.293,5556.049
2025-11-26 08:00:00,5556.038,5568.06,5542.122,5550.301
2025-11-26 09:00:00,5550.301,5550.301,5517.792,5517.792
2025-11-26 10:00:00,5517.78,5528.416,5509.561,5514.888
2025-11-26 11:00:00,5514.888,5514.888,5495.833,5508.093
2025-11-26 12:00:00,5508.083,5520.185,5504.532,5506.279
2025-11-26 13:00:00,5506.276,5509.256,5481.869,5481.869
2025-11-26 14:00:00,5481.851,5489.974,5470.547,5470.547
2025-11-26 15:00:00,5470.542,5479.613,5454.12,5454.12
2025-11-26 16:00:00,5454.092,5470.559,5453.426,5460.755
2025-11-26 17:00:00,5460.749,5476.628,5451.342,5473.286
2025-11-26 18:00:00,5473.283,5519.473,5472.665,5518.389
2025-11-26 19:00:00,5518.382,5524.42,5504.625,5510.461
2025-11-26 20:00:00,5510.456,5523.72,5500.009,5521.148
2025-11-26 21:00:00,5521.148,5552.81,5519.472,5544.578
2025-11-26 22:00:00,5544.555,5554.687,5531.854,5540.01
2025-11-26 23:00:00,5539.976,5559.617,5538.677,5544.677
2025-11-27 00:00:00,5544.671,5574.737,5537.851,5569.459
2025-11-27 01:00:00,5569.452,5569.452,5556.809,5567.012
2025-11-27 02:00:00,5567.008,5572.676,5558.007,5566.272
2025-11-27 03:00:00,5566.266,5566.266,5542.396,5550.131
2025-11-27 04:00:00,5550.122,5550.122,5536.116,5545.24
2025-11-27 05:00:00,5545.231,5569.596,5545.179,5554.564
2025-11-27 06:00:00,5554.56,5566.127,5547.496,5559.822
2025-11-27 07:00:00,5559.808,5559.808,5529.597,5539.788
2025-11-27 08:00:00,5539.78,5551.782,5519.419,5548.799
2025-11-27 09:00:00,5548.798,5565.047,5537.104,5557.908
2025-11-27 10:00:00,5557.878,5611.561,5554.618,5589.698
2025-11-27 11:00:00,5589.687,5618.614,5585.628,5616.285
2025-11-27 12:00:00,5616.284,5624.632,5585.432,5623.734
2025-11-27 13:00:00,5623.726,5626.402,5611.52,5618.771
2025-11-27 14:00:00,5618.766,5639.756,5612.241,5612.241
2025-11-27 15:00:00,5612.228,5627.306,5593.423,5593.423
2025-11-27 16:00:00,5593.404,5594.861,5577.371,5586.542
2025-11-27 17:00:00,5586.525,5586.525,5552.914,5552.914
2025-11-27 18:00:00,5552.906,5558.563,5537.387,5538.002
2025-11-27 19:00:00,5537.989,5578.832,5530.574,5575.417
2025-11-27 20:00:00,5575.407,5575.707,5546.449,5546.449
2025-11-27 21:00:00,5546.424,5552.125,5533.575,5533.575
2025-11-27 22:00:00,5533.568,5565.035,5521.0,5561.526
2025-11-27 23:00:00,5561.526,5573.268,5553.593,5567.44
2025-11-28 00:00:00,5567.42,5568.095,5551.722,5551.722
2025-11-28 01:00:00,5551.698,5562.894,5544.221,5549.404
2025-11-28 02:00:00,5549.371,5555.556,5539.954,5539.954
2025-11-28 03:00:00,5539.945,5551.97,5527.805,5531.996
2025-11-28 04:00:00,5531.976,5546.757,5524.757,5537.614
2025-11-28 05:00:00,5537.585,5538.034,5516.576,5532.4
2025-11-28 06:00:00,5532.381,5559.236,5532.009,5549.463
2025-11-28 07:00:00,5549.441,5549.441,5524.738,5528.549
2025-11-28 08:00:00,5528.541,5532.72,5513.618,5514.808
2025-11-28 09:00:00,5514.804,5532.882,5501.381,5529.49
2025-11-28 10:00:00,5529.483,5529.483,5510.359,5523.822
2025-11-28 11:00:00,5523.813,5525.81,5500.737,5524.81
2025-11-28 12:00:00,5524.79,5535.877,5515.221,5524.376
2025-11-28 13:00:00,5524.35,5548.454,5522.483,5524.936
2025-11-28 14:00:00,5524.921,5552.208,5524.094,5543.328
2025-11-28 15:00:00,5543.317,5543.317,5523.607,5523.607
2025-11-28 16:00:00,5523.593,5540.806,5513.479,5539.21
2025-11-28 17:00:00,5539.207,5543.558,5518.334,5520.214
2025-11-28 18:00:00,5520.21,5520.21,5495.576,5507.706
2025-11-28 19:00:00,5507.695,5516.886,5492.037,5514.697
2025-11-28 20:00:00,5514.692,5525.274,5513.167,5524.879
2025-11-28 21:00:00,5524.879,5537.292,5519.606,5525.538
2025-11-28 22:00:00,5525.527,5530.085,5512.962,5524.49
2025-11-28 23:00:00,5524.482,5531.374,5508.41,5508.41
2025-11-29 00:00:00,5508.395,5515.316,5483.523,5511.603
2025-11-29 01:00:00,5511.572,5518.645,5496.253,5496.253
2025-11-29 02:00:00,5496.242,5513.076,5495.638,5500.953
2025-11-29 03:00:00,5500.952,5529.348,5495.147,5529.269
2025-11-29 04:00:00,5529.257,5538.046,5523.739,5537.716
2025-11-29 05:00:00,5537.709,5541.854,5523.639,5528.927
2025-11-29 06:00:00,5528.911,5571.246,5528.553,5559.262
2025-11-29 07:00:00,5559.242,5582.372,5549.181,5580.463
2025-11-29 08:00:00,5580.444,5581.096,5564.898,5579.494
2025-11-29 09:00:00,5579.466,5614.824,5575.41,5612.716
2025-11-29 10:00:00,5612.708,5622.63,5598.778,5620.029
2025-11-29 11:00:00,5620.028,5648.42,5615.453,5632.015
2025-11-29 12:00:00,5632.007,5648.877,5626.8,5635.92
2025-11-29 13:00:00,5635.912,5652.05,5634.946,5644.316
2025-11-29 14:00:00,5644.314,5648.908,5635.896,5647.691
2025-11-29 15:00:00,5647.691,5679.837,5647.321,5671.476
2025-11-29 16:00:00,5671.458,5680.539,5650.01,5676.116
2025-11-29 17:00:00,5676.087,5689.905,5671.976,5680.131
2025-11-29 18:00:00,5680.126,5718.275,5676.765,5710.834
2025-11-29 19:00:00,5710.813,5710.813,5689.687,5689.687
2025-11-29 20:00:00,5689.657,5689.657,5655.866,5664.772
2025-11-29 21:00:00,5664.752,5697.89,5663.945,5671.625
2025-11-29 22:00:00,5671.604,5677.04,5648.947,5648.947
2025-11-29 23:00:00,5648.934,5670.659,5646.959,5666.051
2025-11-30 00:00:00,5666.049,5674.661,5652.973,5660.609
2025-11-30 01:00:00,5660.592,5665.139,5642.608,5650.559
2025-11-30 02:00:00,5650.558,5666.648,5642.337,5657.198
2025-11-30 03:00:00,5657.185,5675.961,5653.802,5668.562
2025-11-30 04:00:00,5668.543,5686.828,5667.961,5675.562
2025-11-30 05:00:00,5675.539,5675.539,5652.978,5652.978
2025-11-30 06:00:00,5652.969,5676.824,5646.224,5669.99
2025-11-30 07:00:00,5669.989,5692.708,5665.182,5665.182
2025-11-30 08:00:00,5665.172,5702.199,5662.896,5677.75
2025-11-30 09:00:00,5677.749,5677.749,5652.801,5663.897
2025-11-30 10:00:00,5663.874,5668.676,5630.243,5630.243
2025-11-30 11:00:00,5630.239,5655.448,5628.244,5652.814
2025-11-30 12:00:00,5652.805,5695.374,5647.953,5693.381
2025-11-30 13:00:00,5693.374,5704.521,5685.635,5685.635
2025-11-30 14:00:00,5685.625,5686.954,5660.306,5677.542
2025-11-30 15:00:00,5677.524,5695.34,5673.621,5690.664
2025-11-30 16:00:00,5690.659,5711.329,5675.73,5706.665
2025-11-30 17:00:00,5706.654,5747.349,5705.703,5720.112
2025-11-30 18:00:00,5720.104,5720.104,5704.292,5706.919
2025-11-30 19:00:00,5706.919,5735.983,5692.902,5733.862
2025-11-30 20:00:00,5733.844,5759.929,5728.545,5752.947
2025-11-30 21:00:00,5752.935,5765.043,5742.581,5755.384
2025-11-30 22:00:00,5755.367,5786.521,5753.816,5779.533
2025-11-30 23:00:00,5779.525,5791.346,5766.634,5783.638
2025-12-01 00:00:00,5783.629,5783.629,5763.132,5766.073
2025-12-01 01:00:00,5766.065,5775.087,5748.556,5748.556
2025-12-01 02:00:00,5748.547,5748.547,5724.235,5737.42
2025-12-01 03:00:00,5737.419,5751.572,5728.805,5728.908
2025-12-01 04:00:00,5728.888,5734.1,5717.979,5717.979
2025-12-01 05:00:00,5717.962,5746.35,5709.65,5745.244
2025-12-01 06:00:00,5745.217,5768.063,5742.677,5745.024
2025-12-01 07:00:00,5745.021,5758.771,5740.618,5753.308
2025-12-01 08:00:00,5753.307,5786.647,5743.995,5784.1
2025-12-01 09:00:00,5784.089,5801.966,5778.889,5795.525
2025-12-01 10:00:00,5795.504,5824.558,5793.532,5806.139
2025-12-01 11:00:00,5806.136,5830.058,5795.14,5828.082
2025-12-01 12:00:00,5828.074,5828.074,5797.646,5799.921
2025-12-01 13:00:00,5799.908,5807.081,5786.15,5795.539
2025-12-01 14:00:00,5795.532,5799.785,5781.54,5783.425
2025-12-01 15:00:00,5783.415,5815.007,5779.251,5805.996
2025-12-01 16:00:00,5805.978,5815.191,5791.405,5804.808
2025-12-01 17:00:00,5804.801,5804.801,5778.444,5794.232
2025-12-01 18:00:00,5794.22,5824.578,5791.039,5803.606
2025-12-01 19:00:00,5803.6,5835.534,5802.078,5824.763
2025-12-01 20:00:00,5824.759,5832.4,5813.456,5823.703
2025-12-01 21:00:00,5823.682,5837.589,5810.006,5820.505
2025-12-01 22:00:00,5820.505,5823.469,5803.747,5821.41
2025-12-01 23:00:00,5821.409,5822.387,5806.706,5813.123
2025-12-02 00:00:00,5813.115,5813.115,5788.238,5800.805
2025-12-02 01:00:00,5800.794,5800.794,5776.481,5778.313
2025-12-02 02:00:00,5778.303,5792.616,5770.055,5783.24
2025-12-02 03:00:00,5783.239,5783.239,5768.051,5768.051
2025-12-02 04:00:00,5768.037,5770.541,5752.53,5756.742
2025-12-02 05:00:00,5756.717,5756.717,5731.516,5731.516
2025-12-02 06:00:00,5731.503,5751.865,5728.5,5736.269
2025-12-02 07:00:00,5736.259,5741.283,5720.693,5720.693
2025-12-02 08:00:00,5720.672,5729.31,5709.742,5719.84
2025-12-02 09:00:00,5719.832,5731.687,5713.845,5726.247
2025-12-02 10:00:00,5726.237,5749.74,5722.666,5739.005
2025-12-02 11:00:00,5738.999,5746.626,5723.646,5745.626
2025-12-02 12:00:00,5745.621,5782.869,5744.667,5779.701
2025-12-02 13:00:00,5779.698,5809.424,5766.65,5797.778
2025-12-02 14:00:00,5797.754,5823.411,5793.056,5798.687
2025-12-02 15:00:00,5798.666,5810.549,5788.549,5796.487
2025-12-02 16:00:00,5796.479,5802.683,5781.945,5781.945
2025-12-02 17:00:00,5781.935,5800.993,5776.99,5798.228
2025-12-02 18:00:00,5798.222,5818.138,5789.078,5806.846
2025-12-02 19:00:00,5806.836,5824.172,5795.253,5823.587
2025-12-02 20:00:00,5823.573,5864.54,5817.373,5861.901
2025-12-02 21:00:00,5861.901,5861.901,5838.266,5845.197
2025-12-02 22:00:00,5845.172,5845.172,5816.702,5833.106
2025-12-02 23:00:00,5833.092,5847.474,5822.575,5838.944
2025-12-03 00:00:00,5838.931,5841.746,5822.278,5830.101
2025-12-03 01:00:00,5830.088,5849.354,5826.002,5845.916
2025-12-03 02:00:00,5845.91,5845.91,5820.815,5825.826
2025-12-03 03:00:00,5825.818,5841.866,5816.461,5835.375
2025-12-03 04:00:00,5835.337,5859.7,5830.702,5848.793
2025-12-03 05:00:00,5848.789,5858.459,5843.783,5845.417
2025-12-03 06:00:00,5845.417,5853.448,5833.104,5849.639
2025-12-03 07:00:00,5849.622,5879.057,5843.05,5870.932
2025-12-03 08:00:00,5870.92,5880.268,5859.282,5859.282
2025-12-03 09:00:00,5859.277,5876.697,5850.751,5853.581
2025-12-03 10:00:00,5853.57,5872.722,5845.008,5863.07
2025-12-03 11:00:00,5863.054,5880.958,5855.726,5875.212
2025-12-03 12:00:00,5875.192,5906.548,5872.101,5903.323
2025-12-03 13:00:00,5903.304,5911.529,5886.642,5904.38
2025-12-03 14:00:00,5904.373,5923.28,5892.458,5912.264
2025-12-03 15:00:00,5912.256,5948.661,5911.253,5935.72
2025-12-03 16:00:00,5935.695,5938.117,5920.828,5928.161
2025-12-03 17:00:00,5928.15,5928.15,5899.21,5899.21
2025-12-03 18:00:00,5899.201,5918.535,5894.856,5907.261
2025-12-03 19:00:00,5907.257,5936.442,5907.038,5935.015
2025-12-03 20:00:00,5935.012,5963.613,5932.146,5943.525
2025-12-03 21:00:00,5943.525,5996.95,5943.084,5982.053
2025-12-03 22:00:00,5982.053,6003.75,5978.842,5990.388
2025-12-03 23:00:00,5990.379,5990.379,5967.787,5972.125
2025-12-04 00:00:00,5972.122,5973.541,5951.493,5965.78
2025-12-04 01:00:00,5965.764,6001.733,5961.315,5998.3
2025-12-04 02:00:00,5998.296,5999.101,5978.702,5978.702
2025-12-04 03:00:00,5978.702,6006.016,5973.827,6004.45
2025-12-04 04:00:00,6004.436,6004.436,5975.891,5978.514
2025-12-04 05:00:00,5978.5,5989.687,5959.571,5988.316
2025-12-04 06:00:00,5988.306,6000.991,5977.707,5998.311
2025-12-04 07:00:00,5998.294,6013.789,5994.793,6004.389
2025-12-04 08:00:00,6004.371,6015.705,5997.098,5997.098
2025-12-04 09:00:00,5997.088,5999.992,5966.73,5968.035
2025-12-04 10:00:00,5968.022,6012.647,5964.78,5996.121
2025-12-04 11:00:00,5996.113,5996.253,5977.926,5980.711
2025-12-04 12:00:00,5980.699,5991.355,5976.317,5985.957
2025-12-04 13:00:00,5985.948,6005.165,5985.199,5990.374
2025-12-04 14:00:00,5990.352,6002.492,5980.765,5987.899
2025-12-04 15:00:00,5987.878,5987.878,5965.677,5971.721
2025-12-04 16:00:00,5971.707,6008.903,5970.212,6006.794
2025-12-04 17:00:00,6006.792,6040.327,6003.413,6013.783
2025-12-04 18:00:00,6013.775,6031.514,6006.569,6021.899
2025-12-04 19:00:00,6021.898,6040.968,6013.729,6026.336
2025-12-04 20:00:00,6026.331,6065.187,6019.439,6065.092
2025-12-04 21:00:00,6065.089,6079.491,6055.053,6055.053
2025-12-04 22:00:00,6055.053,6055.053,6037.873,6051.337
2025-12-04 23:00:00,6051.337,6054.914,6033.102,6054.084
2025-12-05 00:00:00,6054.062,6091.922,6047.436,6080.442
2025-12-05 01:00:00,6080.424,6128.299,6068.523,6126.613
2025-12-05 02:00:00,6126.607,6183.777,6120.276,6175.979
2025-12-05 03:00:00,6175.977,6186.739,6166.566,6178.197
2025-12-05 04:00:00,6178.184,6195.068,6168.029,6174.817
2025-12-05 05:00:00,6174.8,6184.971,6166.886,6176.629
2025-12-05 06:00:00,6176.614,6176.614,6133.813,6133.813
2025-12-05 07:00:00,6133.812,6144.49,6126.028,6137.571
2025-12-05 08:00:00,6137.57,6189.81,6136.182,6184.921
2025-12-05 09:00:00,6184.895,6189.574,6168.414,6168.414
2025-12-05 10:00:00,6168.413,6192.182,6148.418,6189.103
2025-12-05 11:00:00,6189.084,6189.19,6170.316,6186.435
2025-12-05 12:00:00,6186.418,6186.418,6156.439,6158.546
2025-12-05 13:00:00,6158.532,6158.532,6124.555,6124.555
2025-12-05 14:00:00,6124.542,6124.542,6101.924,6101.924
2025-12-05 15:00:00,6101.914,6110.49,6088.766,6108.863
2025-12-05 16:00:00,6108.858,6109.57,6088.281,6089.412
2025-12-05 17:00:00,6089.401,6099.578,6070.366,6071.885
2025-12-05 18:00:00,6071.884,6113.143,6061.046,6109.146
2025-12-05 19:00:00,6109.136,6142.031,6106.733,6130.182
2025-12-05 20:00:00,6130.167,6139.167,6118.264,6125.36
2025-12-05 21:00:00,6125.349,6137.667,6122.298,6126.856
2025-12-05 22:00:00,6126.845,6126.845,6085.406,6085.406
2025-12-05 23:00:00,6085.397,6085.397,6055.83,6059.381
2025-12-06 00:00:00,6059.368,6103.146,6058.385,6101.212
2025-12-06 01:00:00,6101.197,6134.399,6097.222,6114.96
2025-12-06 02:00:00,6114.94,6127.789,6108.433,6109.518
2025-12-06 03:00:00,6109.508,6124.46,6103.393,6106.78
2025-12-06 04:00:00,6106.758,6106.758,6083.968,6083.968
2025-12-06 05:00:00,6083.967,6127.823,6082.56,6123.332
2025-12-06 06:00:00,6123.299,6127.964,6113.555,6119.316
2025-12-06 07:00:00,6119.304,6194.1,6117.984,6188.196
2025-12-06 08:00:00,6188.18,6229.593,6185.485,6212.44
2025-12-06 09:00:00,6212.439,6212.439,6189.687,6189.687
2025-12-06 10:00:00,6189.682,6194.431,6171.423,6171.423
2025-12-06 11:00:00,6171.406,6171.406,6150.973,6159.097
2025-12-06 12:00:00,6159.077,6170.032,6148.0,6169.056
2025-12-06 13:00:00,6169.056,6169.056,6137.579,6144.355
2025-12-06 14:00:00,6144.347,6144.347,6113.822,6121.806
2025-12-06 15:00:00,6121.778,6121.778,6096.0,6107.755
2025-12-06 16:00:00,6107.751,6145.038,6107.23,6116.928
2025-12-06 17:00:00,6116.9,6128.846,6109.974,6121.5
2025-12-06 18:00:00,6121.499,6137.143,6114.687,6131.395
2025-12-06 19:00:00,6131.37,6131.37,6107.421,6107.421
2025-12-06 20:00:00,6107.411,6139.889,6101.336,6133.152
2025-12-06 21:00:00,6133.139,6151.031,6129.096,6142.343
2025-12-06 22:00:00,6142.324,6167.385,6136.782,6155.154
2025-12-06 23:00:00,6155.132,6167.376,6144.75,6159.296
2025-12-07 00:00:00,6159.28,6159.28,6139.16,6139.16
2025-12-07 01:00:00,6139.149,6139.149,6108.933,6109.263
2025-12-07 02:00:00,6109.245,6139.431,6097.238,6137.631
2025-12-07 03:00:00,6137.623,6137.623,6114.047,6122.255
2025-12-07 04:00:00,6122.236,6126.199,6093.295,6102.126
2025-12-07 05:00:00,6102.103,6104.602,6082.047,6092.519
2025-12-07 06:00:00,6092.519,6106.513,6075.237,6083.076
2025-12-07 07:00:00,6083.07,6100.509,6079.281,6086.168
2025-12-07 08:00:00,6086.161,6099.448,6070.417,6093.208
2025-12-07 09:00:00,6093.201,6133.741,6075.526,6131.903
2025-12-07 10:00:00,6131.891,6137.639,6122.801,6132.702
2025-12-07 11:00:00,6132.697,6163.883,6119.505,6156.527
2025-12-07 12:00:00,6156.523,6156.523,6132.114,6132.733
2025-12-07 13:00:00,6132.715,6138.326,6117.74,6128.885
2025-12-07 14:00:00,6128.87,6128.87,6105.789,6113.143
2025-12-07 15:00:00,6113.119,6121.069,6097.768,6098.905
2025-12-07 16:00:00,6098.901,6098.901,6072.906,6075.777
2025-12-07 17:00:00,6075.747,6095.63,6072.661,6084.588
2025-12-07 18:00:00,6084.587,6089.101,6064.08,6085.532
2025-12-07 19:00:00,6085.523,6101.684,6071.719,6071.719
2025-12-07 20:00:00,6071.709,6076.045,6048.855,6058.551
2025-12-07 21:00:00,6058.549,6099.549,6055.215,6092.555
2025-12-07 22:00:00,6092.55,6109.153,6090.27,6090.27
2025-12-07 23:00:00,6090.26,6091.743,6068.755,6068.755
2025-12-08 00:00:00,6068.752,6068.752,6035.526,6040.819
2025-12-08 01:00:00,6040.817,6065.755,6039.759,6062.909
2025-12-08 02:00:00,6062.873,6064.099,6037.061,6037.061
2025-12-08 03:00:00,6037.053,6046.543,6022.044,6036.071
2025-12-08 04:00:00,6036.053,6036.053,6017.112,6017.469
2025-12-08 05:00:00,6017.463,6017.463,6004.185,6004.185
2025-12-08 06:00:00,6004.181,6018.544,5994.414,5994.414
2025-12-08 07:00:00,5994.401,6013.792,5992.945,6002.652
2025-12-08 08:00:00,6002.64,6031.939,5997.99,6014.185
2025-12-08 09:00:00,6014.182,6028.9,6007.639,6022.215
2025-12-08 10:00:00,6022.199,6026.887,6005.505,6018.231
2025-12-08 11:00:00,6018.224,6018.224,5988.32,5990.057
2025-12-08 12:00:00,5990.04,5991.796,5973.083,5986.425
2025-12-08 13:00:00,5986.412,5995.218,5973.669,5979.348
2025-12-08 14:00:00,5979.332,5981.757,5953.293,5964.523
2025-12-08 15:00:00,5964.511,5982.663,5959.947,5969.586
2025-12-08 16:00:00,5969.578,6002.753,5968.925,5985.079
2025-12-08 17:00:00,5985.077,5985.077,5947.842,5947.842
2025-12-08 18:00:00,5947.822,5959.335,5939.224,5939.224
2025-12-08 19:00:00,5939.219,5948.865,5922.938,5937.048
2025-12-08 20:00:00,5937.018,5937.09,5900.754,5900.754
2025-12-08 21:00:00,5900.732,5910.704,5893.794,5905.148
2025-12-08 22:00:00,5905.115,5913.995,5896.412,5897.109
2025-12-08 23:00:00,5897.091,5899.567,5868.232,5868.232
2025-12-09 00:00:00,5868.208,5887.087,5854.424,5887.038
2025-12-09 01:00:00,5887.038,5891.709,5857.517,5857.517
2025-12-09 02:00:00,5857.504,5884.958,5856.747,5868.729
2025-12-09 03:00:00,5868.721,5884.52,5863.661,5874.923
2025-12-09 04:00:00,5874.912,5920.025,5870.17,5910.862
2025-12-09 05:00:00,5910.849,5947.176,5907.431,5940.164
2025-12-09 06:00:00,5940.155,5971.685,5937.836,5955.164
2025-12-09 07:00:00,5955.15,5955.15,5930.865,5952.603
2025-12-09 08:00:00,5952.591,5958.351,5930.201,5957.141
2025-12-09 09:00:00,5957.134,5990.502,5946.077,5988.976
2025-12-09 10:00:00,5988.944,6007.398,5985.211,5985.211
2025-12-09 11:00:00,5985.198,5991.145,5965.094,5965.094
2025-12-09 12:00:00,5965.091,5966.995,5948.504,5948.504
2025-12-09 13:00:00,5948.501,5948.501,5927.802,5945.502
2025-12-09 14:00:00,5945.496,5958.881,5940.186,5946.756
2025-12-09 15:00:00,5946.752,5946.752,5924.217,5927.586
2025-12-09 16:00:00,5927.568,5937.867,5911.739,5918.543
2025-12-09 17:00:00,5918.536,5943.679,5917.773,5933.259
2025-12-09 18:00:00,5933.255,5971.177,5928.44,5957.677
2025-12-09 19:00:00,5957.657,5967.779,5948.047,5962.421
2025-12-09 20:00:00,5962.409,5967.953,5948.177,5961.322
2025-12-09 21:00:00,5961.319,5969.708,5946.488,5957.688
2025-12-09 22:00:00,5957.686,5967.094,5946.513,5946.513
2025-12-09 23:00:00,5946.506,5980.477,5939.505,5980.296
2025-12-10 00:00:00,5980.291,5980.44,5965.688,5973.129
2025-12-10 01:00:00,5973.108,6009.329,5971.995,6006.11
2025-12-10 02:00:00,6006.1,6016.61,5997.902,6013.119
2025-12-10 03:00:00,6013.101,6053.438,6005.418,6048.173
2025-12-10 04:00:00,6048.163,6059.693,6032.791,6032.791
2025-12-10 05:00:00,6032.784,6034.434,5998.238,5998.238
2025-12-10 06:00:00,5998.22,6025.43,5995.438,6010.879
2025-12-10 07:00:00,6010.878,6016.068,5985.35,5985.35
2025-12-10 08:00:00,5985.349,6021.553,5984.307,6012.458
2025-12-10 09:00:00,6012.458,6021.129,5997.192,6017.205
2025-12-10 10:00:00,6017.194,6034.282,6014.343,6031.225
2025-12-10 11:00:00,6031.211,6050.885,6026.471,6032.985
2025-12-10 12:00:00,6032.963,6069.964,6025.817,6050.558
2025-12-10 13:00:00,6050.537,6050.537,6026.06,6033.757
2025-12-10 14:00:00,6033.744,6045.478,6014.348,6014.348
2025-12-10 15:00:00,6014.34,6040.038,6009.644,6020.638
2025-12-10 16:00:00,6020.635,6021.803,5987.249,5987.249
2025-12-10 17:00:00,5987.242,6055.538,5985.43,6052.316
2025-12-10 18:00:00,6052.303,6058.168,6034.476,6034.571
2025-12-10 19:00:00,6034.566,6037.896,6009.596,6019.002
2025-12-10 20:00:00,6018.997,6064.646,6007.129,6052.487
2025-12-10 21:00:00,6052.462,6061.534,6047.2,6047.2
2025-12-10 22:00:00,6047.194,6051.136,6028.725,6046.158
2025-12-10 23:00:00,6046.154,6053.304,6026.523,6048.067
2025-12-11 00:00:00,6048.056,6048.056,6016.282,6018.096
2025-12-11 01:00:00,6018.079,6026.291,6004.883,6004.883
2025-12-11 02:00:00,6004.877,6005.102,5974.696,5982.921
2025-12-11 03:00:00,5982.919,5982.919,5973.476,5975.879
2025-12-11 04:00:00,5975.869,6001.439,5966.912,5992.505
2025-12-11 05:00:00,5992.501,6001.144,5975.539,5991.53
2025-12-11 06:00:00,5991.52,6024.684,5988.026,6011.426
2025-12-11 07:00:00,6011.418,6011.418,5986.171,5986.171
2025-12-11 08:00:00,5986.133,5998.56,5967.074,5984.711
2025-12-11 09:00:00,5984.68,5999.392,5975.378,5999.141
2025-12-11 10:00:00,5999.141,6014.51,5995.904,6009.817
2025-12-11 11:00:00,6009.81,6014.482,5989.642,6013.989
2025-12-11 12:00:00,6013.985,6046.127,6009.942,6039.393
2025-12-11 13:00:00,6039.393,6042.861,6009.991,6009.991
2025-12-11 14:00:00,6009.974,6033.587,6005.734,6019.146
2025-12-11 15:00:00,6019.146,6022.181,6009.614,6013.231
2025-12-11 16:00:00,6013.22,6024.277,5999.137,6011.868
2025-12-11 17:00:00,6011.857,6011.857,5994.36,6006.525
2025-12-11 18:00:00,6006.52,6058.527,6005.202,6057.978
2025-12-11 19:00:00,6057.963,6063.698,6041.709,6041.709
2025-12-11 20:00:00,6041.696,6060.884,6030.263,6030.263
2025-12-11 21:00:00,6030.26,6030.26,6008.35,6021.12
2025-12-11 22:00:00,6021.113,6039.808,6017.662,6033.591
2025-12-11 23:00:00,6033.583,6076.171,6028.931,6075.547
2025-12-12 00:00:00,6075.537,6086.034,6068.926,6075.435
2025-12-12 01:00:00,6075.433,6078.595,6055.933,6055.933
2025-12-12 02:00:00,6055.926,6063.122,6042.041,6054.534
2025-12-12 03:00:00,6054.516,6054.516,6033.672,6039.828
2025-12-12 04:00:00,6039.812,6039.812,6023.837,6036.786
2025-12-12 05:00:00,6036.77,6050.746,6030.672,6030.672
2025-12-12 06:00:00,6030.647,6042.446,6020.251,6042.312
2025-12-12 07:00:00,6042.309,6093.833,6041.484,6084.558
2025-12-12 08:00:00,6084.549,6122.354,6078.177,6113.115
2025-12-12 09:00:00,6113.109,6138.075,6101.594,6131.834
2025-12-12 10:00:00,6131.823,6136.624,6111.066,6130.903
2025-12-12 11:00:00,6130.879,6131.969,6099.783,6108.02
2025-12-12 12:00:00,6108.01,6110.895,6090.613,6090.613
2025-12-12 13:00:00,6090.587,6102.795,6078.166,6098.722
2025-12-12 14:00:00,6098.691,6133.286,6092.607,6127.521
2025-12-12 15:00:00,6127.515,6131.095,6117.062,6119.163
2025-12-12 16:00:00,6119.161,6144.405,6116.539,6130.542
2025-12-12 17:00:00,6130.52,6136.777,6115.592,6115.592
2025-12-12 18:00:00,6115.576,6127.307,6098.361,6121.517
2025-12-12 19:00:00,6121.505,6149.736,6107.346,6133.965
2025-12-12 20:00:00,6133.939,6145.181,6119.093,6119.093
2025-12-12 21:00:00,6119.074,6122.767,6088.404,6092.91
2025-12-12 22:00:00,6092.9,6112.031,6090.622,6099.483
2025-12-12 23:00:00,6099.46,6107.899,6084.207,6097.429
2025-12-13 00:00:00,6097.422,6169.298,6095.689,6163.453
2025-12-13 01:00:00,6163.452,6163.452,6130.022,6134.103
2025-12-13 02:00:00,6134.087,6156.066,6131.187,6140.871
2025-12-13 03:00:00,6140.858,6170.753,6134.495,6158.541
2025-12-13 04:00:00,6158.51,6238.905,6155.791,6232.524
2025-12-13 05:00:00,6232.514,6243.509,6223.339,6237.732
2025-12-13 06:00:00,6237.715,6256.493,6229.831,6246.297
2025-12-13 07:00:00,6246.295,6272.763,6241.131,6254.151
2025-12-13 08:00:00,6254.13,6275.802,6249.851,6255.558
2025-12-13 09:00:00,6255.555,6277.429,6245.697,6267.907
2025-12-13 10:00:00,6267.906,6276.764,6260.006,6275.927
2025-12-13 11:00:00,6275.907,6284.06,6270.234,6276.294
2025-12-13 12:00:00,6276.283,6294.002,6271.837,6272.393
2025-12-13 13:00:00,6272.377,6272.377,6239.884,6239.884
2025-12-13 14:00:00,6239.858,6273.237,6239.399,6268.6
2025-12-13 15:00:00,6268.599,6311.808,6263.733,6301.97
2025-12-13 16:00:00,6301.961,6347.874,6301.354,6343.912
2025-12-13 17:00:00,6343.901,6343.901,6323.774,6324.153
2025-12-13 18:00:00,6324.135,6324.135,6294.378,6298.068
2025-12-13 19:00:00,6298.049,6310.171,6284.723,6285.186
2025-12-13 20:00:00,6285.175,6290.362,6266.722,6272.579
2025-12-13 21:00:00,6272.567,6279.567,6261.984,6269.279
2025-12-13 22:00:00,6269.278,6281.726,6257.501,6271.358
2025-12-13 23:00:00,6271.34,6286.167,6266.551,6284.824
2025-12-14 00:00:00,6284.818,6284.818,6268.398,6274.152
2025-12-14 01:00:00,6274.145,6284.541,6251.008,6251.008
2025-12-14 02:00:00,6250.986,6257.374,6228.7,6228.7
2025-12-14 03:00:00,6228.68,6242.252,6202.233,6238.202
2025-12-14 04:00:00,6238.182,6257.1,6229.524,6254.286
2025-12-14 05:00:00,6254.259,6254.259,6230.52,6231.059
2025-12-14 06:00:00,6231.054,6301.22,6225.929,6299.111
2025-12-14 07:00:00,6305.945,6354.371,6301.687,6353.809
2025-12-14 08:00:00,6353.796,6355.594,6328.183,6328.183
2025-12-14 09:00:00,6328.181,6343.52,6320.433,6341.861
2025-12-14 10:00:00,6341.855,6370.285,6339.868,6369.079
2025-12-14 11:00:00,6369.072,6381.895,6355.67,6369.494
2025-12-14 12:00:00,6369.487,6376.457,6355.475,6375.001
2025-12-14 13:00:00,6374.997,6375.993,6356.401,6367.309
2025-12-14 14:00:00,6367.299,6367.299,6338.186,6349.307
2025-12-14 15:00:00,6349.285,6365.241,6341.622,6341.622
2025-12-14 16:00:00,6341.611,6341.611,6318.028,6318.028
2025-12-14 17:00:00,6318.012,6331.029,6289.932,6323.159
2025-12-14 18:00:00,6323.155,6339.431,6318.093,6329.104
2025-12-14 19:00:00,6329.099,6330.605,6315.442,6315.708
2025-12-14 20:00:00,6315.704,6333.521,6307.988,6310.207
2025-12-14 21:00:00,6310.19,6318.64,6294.145,6308.354
2025-12-14 22:00:00,6308.34,6327.521,6307.854,6308.339
2025-12-14 23:00:00,6308.317,6331.537,6304.906,6330.876
2025-12-15 00:00:00,6330.865,6335.786,6308.1,6333.028
2025-12-15 01:00:00,6333.009,6338.795,6318.183,6318.183
2025-12-15 02:00:00,6318.176,6331.82,6297.047,6328.262
2025-12-15 03:00:00,6328.25,6329.36,6311.805,6311.805
2025-12-15 04:00:00,6311.772,6337.112,6306.03,6323.096
2025-12-15 05:00:00,6323.082,6329.841,6297.04,6299.577
2025-12-15 06:00:00,6299.567,6309.572,6288.855,6288.855
2025-12-15 07:00:00,6288.834,6334.604,6287.248,6327.655
2025-12-15 08:00:00,6327.644,6345.695,6323.072,6327.125
2025-12-15 09:00:00,6327.12,6360.431,6318.374,6353.885
2025-12-15 10:00:00,6353.864,6362.59,6334.571,6356.862
2025-12-15 11:00:00,6356.846,6398.996,6356.289,6393.167
2025-12-15 12:00:00,6393.145,6400.494,6373.849,6397.402
2025-12-15 13:00:00,6397.368,6401.724,6381.235,6381.235
2025-12-15 14:00:00,6381.231,6406.435,6375.192,6401.12
2025-12-15 15:00:00,6401.11,6447.942,6398.64,6443.896
2025-12-15 16:00:00,6443.885,6478.731,6440.926,6469.44
2025-12-15 17:00:00,6469.425,6474.625,6450.004,6460.406
2025-12-15 18:00:00,6460.398,6472.827,6435.874,6435.874
2025-12-15 19:00:00,6435.866,6459.613,6423.668,6445.679
2025-12-15 20:00:00,6445.67,6454.006,6433.229,6438.585
2025-12-15 21:00:00,6438.585,6461.414,6432.984,6442.442
2025-12-15 22:00:00,6442.442,6448.739,6423.804,6439.231
2025-12-15 23:00:00,6439.215,6500.072,6439.013,6496.607
2025-12-16 00:00:00,6496.605,6498.207,6480.283,6492.257
2025-12-16 01:00:00,6492.228,6492.228,6467.888,6468.234
2025-12-16 02:00:00,6468.228,6494.52,6462.0,6481.903
2025-12-16 03:00:00,6481.896,6506.917,6474.358,6502.398
2025-12-16 04:00:00,6502.396,6515.547,6498.209,6506.733
2025-12-16 05:00:00,6506.731,6511.532,6489.361,6508.415
2025-12-16 06:00:00,6508.415,6528.285,6501.116,6502.425
2025-12-16 07:00:00,6502.416,6512.476,6490.936,6499.964
2025-12-16 08:00:00,6499.956,6532.326,6485.603,6521.605
2025-12-16 09:00:00,6521.598,6531.723,6497.597,6526.49
2025-12-16 10:00:00,6526.486,6536.46,6509.674,6509.674
2025-12-16 11:00:00,6509.672,6534.669,6504.775,6524.144
2025-12-16 12:00:00,6524.135,6561.696,6520.537,6543.08
2025-12-16 13:00:00,6543.067,6543.067,6505.789,6521.215
2025-12-16 14:00:00,6521.206,6522.161,6499.668,6499.668
2025-12-16 15:00:00,6499.643,6499.643,6466.201,6474.147
2025-12-16 16:00:00,6474.117,6475.56,6453.058,6468.8
2025-12-16 17:00:00,6468.781,6477.952,6450.89,6456.628
2025-12-16 18:00:00,6456.617,6473.578,6451.679,6455.606
2025-12-16 19:00:00,6455.59,6477.423,6448.735,6454.555
2025-12-16 20:00:00,6454.551,6464.929,6448.155,6464.118
2025-12-16 21:00:00,6464.109,6510.387,6463.52,6492.598
2025-12-16 22:00:00,6492.598,6492.598,6457.3,6457.3
2025-12-16 23:00:00,6457.281,6457.281,6424.355,6430.406
2025-12-17 00:00:00,6430.397,6455.229,6420.763,6453.069
2025-12-17 01:00:00,6453.067,6453.067,6426.777,6438.236
2025-12-17 02:00:00,6438.215,6441.991,6412.564,6418.429
2025-12-17 03:00:00,6418.403,6480.706,6413.371,6479.959
2025-12-17 04:00:00,6479.945,6479.945,6439.444,6439.444
2025-12-17 05:00:00,6439.412,6447.863,6434.811,6435.744
2025-12-17 06:00:00,6435.725,6454.228,6425.994,6447.861
2025-12-17 07:00:00,6447.857,6447.857,6426.146,6440.547
2025-12-17 08:00:00,6440.534,6440.534,6413.064,6413.064
2025-12-17 09:00:00,6413.061,6423.192,6403.926,6406.55
2025-12-17 10:00:00,6406.528,6412.751,6380.209,6380.209
2025-12-17 11:00:00,6380.196,6380.196,6340.984,6343.071
2025-12-17 12:00:00,6343.068,6349.845,6332.0,6336.268
2025-12-17 13:00:00,6336.268,6338.493,6312.323,6326.259
2025-12-17 14:00:00,6326.249,6344.421,6316.064,6335.374
2025-12-17 15:00:00,6335.361,6338.505,6322.097,6330.48
2025-12-17 16:00:00,6330.458,6348.842,6324.398,6340.513
2025-12-17 17:00:00,6340.483,6357.557,6339.842,6344.656
2025-12-17 18:00:00,6344.639,6378.315,6344.478,6376.993
2025-12-17 19:00:00,6376.983,6380.325,6355.498,6379.349
2025-12-17 20:00:00,6379.326,6380.838,6357.354,6369.282
2025-12-17 21:00:00,6369.254,6369.516,6353.793,6364.728
2025-12-17 22:00:00,6364.72,6368.244,6346.481,6363.436
2025-12-17 23:00:00,6363.414,6363.414,6318.739,6318.739
2025-12-18 00:00:00,6318.734,6318.776,6294.925,6301.692
2025-12-18 01:00:00,6301.676,6313.181,6286.951,6295.808
2025-12-18 02:00:00,6295.776,6322.305,6290.086,6315.792
2025-12-18 03:00:00,6315.787,6321.374,6305.644,6311.485
2025-12-18 04:00:00,6311.48,6317.167,6291.627,6293.992
2025-12-18 05:00:00,6293.982,6306.444,6277.848,6300.325
2025-12-18 06:00:00,6300.304,6302.068,6278.677,6278.677
2025-12-18 07:00:00,6278.672,6294.123,6272.396,6277.746
2025-12-18 08:00:00,6277.739,6281.001,6249.008,6257.677
2025-12-18 09:00:00,6257.667,6257.667,6226.952,6226.952
2025-12-18 10:00:00,6226.92,6229.816,6206.614,6208.734
2025-12-18 11:00:00,6208.728,6208.728,6185.503,6185.503
2025-12-18 12:00:00,6185.502,6209.201,6182.863,6188.382
2025-12-18 13:00:00,6188.351,6199.212,6174.573,6174.573
2025-12-18 14:00:00,6174.563,6197.222,6170.53,6189.435
2025-12-18 15:00:00,6189.431,6189.431,6169.524,6169.524
2025-12-18 16:00:00,6169.514,6177.68,6153.622,6165.699
2025-12-18 17:00:00,6165.683,6175.257,6142.753,6151.692
2025-12-18 18:00:00,6151.686,6151.686,6118.768,6131.196
2025-12-18 19:00:00,6131.184,6136.7,6119.635,6119.635
2025-12-18 20:00:00,6119.635,6136.545,6119.123,6119.123
2025-12-18 21:00:00,6119.118,6149.4,6110.468,6144.279
2025-12-18 22:00:00,6144.273,6165.677,6139.204,6162.847
2025-12-18 23:00:00,6162.83,6176.751,6152.657,6171.883
2025-12-19 00:00:00,6171.874,6174.666,6158.772,6166.068
2025-12-19 01:00:00,6166.039,6167.361,6145.476,6166.832
2025-12-19 02:00:00,6166.831,6215.733,6165.01,6214.241
2025-12-19 03:00:00,6214.239,6234.061,6205.551,6230.537
2025-12-19 04:00:00,6230.523,6246.137,6219.415,6223.362
2025-12-19 05:00:00,6223.353,6229.818,6207.422,6207.422
2025-12-19 06:00:00,6207.415,6223.313,6206.236,6213.011
2025-12-19 07:00:00,6213.007,6216.947,6196.994,6207.138
2025-12-19 08:00:00,6207.133,6233.885,6203.974,6226.352
2025-12-19 09:00:00,6226.34,6244.28,6225.189,6228.434
2025-12-19 10:00:00,6228.427,6228.427,6201.118,6201.118
2025-12-19 11:00:00,6201.113,6218.722,6199.971,6199.979
2025-12-19 12:00:00,6199.977,6221.462,6194.838,6205.075
2025-12-19 13:00:00,6205.067,6225.706,6202.447,6223.795
2025-12-19 14:00:00,6223.775,6237.834,6218.019,6236.832
2025-12-19 15:00:00,6236.815,6250.801,6222.224,6242.514
2025-12-19 16:00:00,6242.49,6248.434,6233.112,6243.277
2025-12-19 17:00:00,6243.261,6259.479,6237.26,6249.038
2025-12-19 18:00:00,6249.027,6267.294,6243.98,6249.737
2025-12-19 19:00:00,6249.73,6270.883,6236.982,6246.589
2025-12-19 20:00:00,6246.563,6247.445,6223.861,6239.272
2025-12-19 21:00:00,6239.264,6240.111,6220.556,6223.287
2025-12-19 22:00:00,6223.27,6224.62,6211.29,6212.503
2025-12-19 23:00:00,6212.499,6212.499,6184.034,6193.948
2025-12-20 00:00:00,6193.932,6198.209,6173.142,6180.064
2025-12-20 01:00:00,6180.034,6190.176,6164.342,6164.342
2025-12-20 02:00:00,6164.325,6177.068,6152.307,6156.408
2025-12-20 03:00:00,6156.389,6172.37,6139.621,6164.933
2025-12-20 04:00:00,6164.902,6165.432,6141.782,6144.033
2025-12-20 05:00:00,6144.01,6154.484,6137.322,6148.169
2025-12-20 06:00:00,6148.168,6187.31,6143.973,6179.917
2025-12-20 07:00:00,6179.912,6180.431,6152.909,6152.909
2025-12-20 08:00:00,6152.899,6158.826,6132.425,6132.425
2025-12-20 09:00:00,6132.418,6149.964,6124.43,6144.405
2025-12-20 10:00:00,6144.4,6155.514,6134.564,6140.395
2025-12-20 11:00:00,6140.385,6140.385,6105.923,6105.923
2025-12-20 12:00:00,6105.911,6116.302,6081.413,6095.743
2025-12-20 13:00:00,6095.742,6117.171,6083.559,6114.05
2025-12-20 14:00:00,6114.03,6118.928,6091.61,6101.921
2025-12-20 15:00:00,6101.908,6105.003,6092.907,6092.907
2025-12-20 16:00:00,6092.902,6092.902,6062.943,6062.943
2025-12-20 17:00:00,6062.93,6062.93,6035.477,6050.452
2025-12-20 18:00:00,6050.433,6061.291,6039.681,6060.335
2025-12-20 19:00:00,6060.317,6060.317,6035.961,6035.961
2025-12-20 20:00:00,6035.951,6079.557,6030.184,6076.544
2025-12-20 21:00:00,6076.534,6076.534,6043.318,6046.9
2025-12-20 22:00:00,6046.888,6057.995,6037.85,6044.218
2025-12-20 23:00:00,6044.185,6044.185,6010.877,6010.877
2025-12-21 00:00:00,6010.87,6042.268,6006.934,6034.389
2025-12-21 01:00:00,6034.386,6038.26,6019.425,6035.645
2025-12-21 02:00:00,6035.637,6050.948,6026.928,6034.558
2025-12-21 03:00:00,6034.556,6039.084,6004.97,6010.565
2025-12-21 04:00:00,6010.545,6014.35,5987.148,5988.262
2025-12-21 05:00:00,5988.257,5989.892,5973.776,5989.458
2025-12-21 06:00:00,5989.454,5997.975,5977.766,5989.884
2025-12-21 07:00:00,5989.865,5997.792,5973.121,5975.005
2025-12-21 08:00:00,5975.003,5996.708,5968.38,5982.807
2025-12-21 09:00:00,5982.789,5982.789,5963.117,5980.065
2025-12-21 10:00:00,5980.045,5980.045,5959.473,5969.079
2025-12-21 11:00:00,5969.068,5972.258,5953.941,5954.207
2025-12-21 12:00:00,5954.193,5962.088,5932.929,5947.788
2025-12-21 13:00:00,5947.773,5950.617,5920.49,5920.49
2025-12-21 14:00:00,5920.49,5937.078,5917.938,5931.974
2025-12-21 15:00:00,5931.965,5946.949,5928.157,5931.89
2025-12-21 16:00:00,5931.878,5937.023,5914.806,5914.806
2025-12-21 17:00:00,5914.793,5914.793,5893.183,5898.523
2025-12-21 18:00:00,5898.512,5907.658,5884.557,5903.471
2025-12-21 19:00:00,5903.453,5915.699,5891.717,5898.413
2025-12-21 20:00:00,5898.401,5911.985,5885.607,5909.162
2025-12-21 21:00:00,5909.137,5909.137,5888.116,5895.038
2025-12-21 22:00:00,5895.025,5929.452,5887.306,5922.258
2025-12-21 23:00:00,5922.241,5931.161,5917.06,5919.138
2025-12-22 00:00:00,5919.129,5938.976,5915.939,5918.467
2025-12-22 01:00:00,5918.457,5951.393,5918.029,5943.279
2025-12-22 02:00:00,5943.275,5949.103,5924.218,5943.437
2025-12-22 03:00:00,5943.418,5952.038,5934.07,5944.687
2025-12-22 04:00:00,5944.68,5946.225,5928.039,5932.015
2025-12-22 05:00:00,5932.007,5964.094,5923.123,5963.159
2025-12-22 06:00:00,5963.153,5978.035,5949.877,5971.364
2025-12-22 07:00:00,5971.353,5971.54,5943.831,5959.063
2025-12-22 08:00:00,5959.052,5963.383,5941.721,5952.75
2025-12-22 09:00:00,5952.735,5978.124,5952.318,5965.893
2025-12-22 10:00:00,5965.886,5985.692,5960.499,5981.625
2025-12-22 11:00:00,5981.62,6015.017,5971.445,6011.921
2025-12-22 12:00:00,6011.901,6011.901,5986.681,5986.681
2025-12-22 13:00:00,5986.658,6038.723,5977.317,6038.507
2025-12-22 14:00:00,6038.504,6046.423,6030.711,6033.971
2025-12-22 15:00:00,6033.958,6033.958,6000.224,6003.668
2025-12-22 16:00:00,6003.661,6028.663,6000.248,6010.383
2025-12-22 17:00:00,6010.372,6053.539,6006.206,6051.134
2025-12-22 18:00:00,6051.125,6071.593,6046.115,6058.868
2025-12-22 19:00:00,6058.866,6101.234,6055.086,6100.607
2025-12-22 20:00:00,6100.585,6139.325,6094.992,6134.396
2025-12-22 21:00:00,6134.361,6136.546,6117.628,6122.195
2025-12-22 22:00:00,6122.187,6152.896,6106.136,6144.082
2025-12-22 23:00:00,6144.076,6151.195,6128.314,6131.37
2025-12-23 00:00:00,6131.354,6140.786,6124.267,6134.286
2025-12-23 01:00:00,6134.28,6148.249,6128.218,6134.202
2025-12-23 02:00:00,6134.189,6154.727,6123.39,6153.969
2025-12-23 03:00:00,6153.961,6153.961,6129.038,6146.064
2025-12-23 04:00:00,6146.023,6146.023,6133.602,6139.051
2025-12-23 05:00:00,6139.042,6186.815,6138.572,6181.353
2025-12-23 06:00:00,6181.332,6212.26,6174.712,6187.072
2025-12-23 07:00:00,6187.056,6198.624,6174.803,6174.803
2025-12-23 08:00:00,6174.762,6188.774,6169.221,6174.219
2025-12-23 09:00:00,6174.214,6180.943,6163.699,6166.299
2025-12-23 10:00:00,6166.295,6181.274,6151.367,6157.394
2025-12-23 11:00:00,6157.391,6161.93,6138.592,6142.8
2025-12-23 12:00:00,6142.773,6212.438,6142.231,6197.336
2025-12-23 13:00:00,6197.327,6221.846,6193.489,6204.126
2025-12-23 14:00:00,6204.125,6204.125,6167.251,6175.789
2025-12-23 15:00:00,6175.78,6180.739,6157.945,6177.327
2025-12-23 16:00:00,6177.319,6197.399,6174.787,6182.131
2025-12-23 17:00:00,6182.109,6182.109,6161.592,6163.431
2025-12-23 18:00:00,6163.43,6190.358,6154.003,6189.966
2025-12-23 19:00:00,6189.949,6211.854,6170.911,6209.28
2025-12-23 20:00:00,6209.28,6222.544,6195.292,6197.62
2025-12-23 21:00:00,6197.601,6197.601,6167.712,6175.787
2025-12-23 22:00:00,6175.783,6206.295,6165.844,6204.349
2025-12-23 23:00:00,6204.333,6214.583,6196.682,6204.019
2025-12-24 00:00:00,6204.005,6228.785,6192.198,6213.993
2025-12-24 01:00:00,6213.972,6213.972,6190.482,6191.02
2025-12-24 02:00:00,6191.004,6191.004,6172.726,6174.335
2025-12-24 03:00:00,6174.322,6204.024,6171.319,6198.559
2025-12-24 04:00:00,6198.541,6210.101,6186.828,6197.101
2025-12-24 05:00:00,6197.095,6198.906,6160.572,6160.572
2025-12-24 06:00:00,6160.564,6197.887,6154.675,6192.834
2025-12-24 07:00:00,6192.817,6205.939,6186.922,6190.851
2025-12-24 08:00:00,6190.818,6212.303,6185.331,6188.888
2025-12-24 09:00:00,6188.88,6188.88,6160.834,6161.214
2025-12-24 10:00:00,6161.206,6203.035,6156.96,6202.402
2025-12-24 11:00:00,6202.395,6212.271,6191.184,6191.184
2025-12-24 12:00:00,6191.161,6197.564,6175.142,6182.37
2025-12-24 13:00:00,6182.365,6187.501,6167.81,6167.81
2025-12-24 14:00:00,6167.793,6171.246,6139.807,6139.807
2025-12-24 15:00:00,6139.803,6142.482,6127.087,6132.03
2025-12-24 16:00:00,6132.003,6142.046,6121.489,6130.692
2025-12-24 17:00:00,6130.691,6170.418,6129.239,6165.788
2025-12-24 18:00:00,6165.764,6168.025,6148.672,6156.733
2025-12-24 19:00:00,6156.706,6166.345,6150.635,6151.819
2025-12-24 20:00:00,6151.807,6172.103,6148.383,6169.561
2025-12-24 21:00:00,6169.55,6169.55,6125.027,6131.662
2025-12-24 22:00:00,6131.658,6156.366,6128.35,6134.375
2025-12-24 23:00:00,6134.371,6135.252,6117.591,6124.24
2025-12-25 00:00:00,6124.225,6124.704,6108.632,6111.853
2025-12-25 01:00:00,6111.837,6123.049,6094.117,6094.117
2025-12-25 02:00:00,6094.114,6113.145,6091.021,6104.477
2025-12-25 03:00:00,6104.454,6119.291,6090.382,6115.859
2025-12-25 04:00:00,6115.844,6115.844,6082.37,6082.37
2025-12-25 05:00:00,6082.359,6090.063,6066.282,6088.116
2025-12-25 06:00:00,6088.11,6088.11,6061.274,6070.163
2025-12-25 07:00:00,6070.128,6089.22,6069.966,6084.745
2025-12-25 08:00:00,6084.739,6093.232,6078.182,6079.217
2025-12-25 09:00:00,6079.209,6098.355,6073.171,6089.999
2025-12-25 10:00:00,6089.985,6109.163,6081.129,6081.129
2025-12-25 11:00:00,6081.125,6081.125,6062.363,6074.097
2025-12-25 12:00:00,6074.081,6102.216,6059.887,6100.26
2025-12-25 13:00:00,6100.251,6129.009,6096.635,6118.983
2025-12-25 14:00:00,6118.971,6127.735,6102.014,6102.032
2025-12-25 15:00:00,6102.028,6118.459,6085.018,6085.018
2025-12-25 16:00:00,6085.008,6091.763,6059.558,6064.301
2025-12-25 17:00:00,6064.279,6096.24,6060.54,6093.854
2025-12-25 18:00:00,6093.837,6094.197,6063.341,6071.112
2025-12-25 19:00:00,6071.093,6087.608,6062.938,6074.397
2025-12-25 20:00:00,6074.391,6081.064,6064.461,6066.874
2025-12-25 21:00:00,6066.863,6075.071,6048.641,6064.538
2025-12-25 22:00:00,6064.532,6069.259,6037.641,6046.133
2025-12-25 23:00:00,6046.127,6062.675,6044.644,6054.111
2025-12-26 00:00:00,6054.094,6057.407,6043.164,6047.397
2025-12-26 01:00:00,6047.385,6056.866,6037.662,6054.157
2025-12-26 02:00:00,6054.121,6072.134,6051.627,6065.843
2025-12-26 03:00:00,6065.835,6074.419,6051.942,6063.063
2025-12-26 04:00:00,6063.04,6071.198,6055.957,6063.299
2025-12-26 05:00:00,6063.286,6063.286,6026.595,6026.595
2025-12-26 06:00:00,6026.57,6027.303,6006.567,6022.624
2025-12-26 07:00:00,6022.616,6039.179,6018.709,6037.525
2025-12-26 08:00:00,6037.521,6037.521,6014.184,6014.184
2025-12-26 09:00:00,6014.166,6029.759,5996.363,5999.554
2025-12-26 10:00:00,5999.547,6025.673,5992.795,6015.324
2025-12-26 11:00:00,6015.306,6015.306,5991.499,6001.712
2025-12-26 12:00:00,6001.699,6008.344,5988.994,6001.127
2025-12-26 13:00:00,6001.117,6020.445,5991.495,6016.328
2025-12-26 14:00:00,6016.318,6070.946,6009.269,6070.3
2025-12-26 15:00:00,6070.288,6076.139,6053.951,6061.727
2025-12-26 16:00:00,6061.712,6061.712,6041.625,6051.586
2025-12-26 17:00:00,6051.552,6054.171,6034.207,6034.207
2025-12-26 18:00:00,6034.206,6064.377,6027.273,6048.928
2025-12-26 19:00:00,6048.898,6057.871,6025.488,6025.488
2025-12-26 20:00:00,6025.484,6025.484,5989.224,5998.388
2025-12-26 21:00:00,5998.367,6000.401,5969.337,5969.337
2025-12-26 22:00:00,5969.331,5969.968,5943.129,5943.129
2025-12-26 23:00:00,5943.12,5952.389,5935.387,5935.943
2025-12-27 00:00:00,5935.919,5978.905,5931.017,5969.958
2025-12-27 01:00:00,5969.958,5980.552,5961.393,5969.672
2025-12-27 02:00:00,5969.669,5975.696,5957.381,5961.109
2025-12-27 03:00:00,5961.099,5978.453,5954.05,5963.667
2025-12-27 04:00:00,5963.652,5963.652,5944.588,5956.125
2025-12-27 05:00:00,5956.107,5956.107,5933.715,5940.264
2025-12-27 06:00:00,5940.244,5944.477,5926.504,5927.864
2025-12-27 07:00:00,5927.851,5930.467,5908.88,5921.661
2025-12-27 08:00:00,5921.658,5927.641,5906.774,5909.145
2025-12-27 09:00:00,5909.139,5922.047,5898.745,5902.901
2025-12-27 10:00:00,5902.882,5923.86,5898.314,5901.721
2025-12-27 11:00:00,5901.7,5901.7,5879.587,5884.944
2025-12-27 12:00:00,5884.936,5890.287,5869.242,5869.242
2025-12-27 13:00:00,5869.225,5889.54,5860.53,5871.082
2025-12-27 14:00:00,5871.067,5895.392,5861.915,5876.985
2025-12-27 15:00:00,5876.966,5877.452,5864.005,5864.005
2025-12-27 16:00:00,5863.998,5876.799,5846.716,5846.716
2025-12-27 17:00:00,5846.707,5846.707,5822.96,5825.985
2025-12-27 18:00:00,5825.952,5827.123,5802.171,5822.486
2025-12-27 19:00:00,5822.464,5841.439,5810.937,5836.395
2025-12-27 20:00:00,5836.382,5845.118,5832.653,5839.66
2025-12-27 21:00:00,5839.643,5846.129,5820.326,5820.326
2025-12-27 22:00:00,5820.319,5850.211,5816.727,5843.539
2025-12-27 23:00:00,5843.533,5864.053,5840.548,5849.629
2025-12-28 00:00:00,5849.614,5862.095,5839.198,5843.503
2025-12-28 01:00:00,5843.488,5854.378,5835.057,5844.171
2025-12-28 02:00:00,5844.145,5853.839,5836.566,5852.26
2025-12-28 03:00:00,5852.232,5852.232,5827.042,5839.938
2025-12-28 04:00:00,5839.917,5854.348,5838.845,5842.909
2025-12-28 05:00:00,5842.9,5842.9,5813.834,5832.243
2025-12-28 06:00:00,5832.233,5854.851,5826.326,5848.913
2025-12-28 07:00:00,5848.903,5859.99,5837.205,5855.828
2025-12-28 08:00:00,5855.815,5859.881,5842.115,5855.886
2025-12-28 09:00:00,5855.881,5860.536,5842.585,5852.796
2025-12-28 10:00:00,5852.788,5852.788,5819.864,5824.752
2025-12-28 11:00:00,5824.742,5835.269,5803.456,5815.414
2025-12-28 12:00:00,5815.397,5837.191,5811.999,5824.211
2025-12-28 13:00:00,5824.188,5824.188,5796.417,5796.417
2025-12-28 14:00:00,5796.415,5815.569,5787.925,5809.737
2025-12-28 15:00:00,5809.718,5825.462,5803.545,5823.761
2025-12-28 16:00:00,5823.751,5827.528,5809.097,5816.424
2025-12-28 17:00:00,5816.42,5819.155,5804.56,5815.74
2025-12-28 18:00:00,5815.736,5815.736,5789.506,5790.27
2025-12-28 19:00:00,5790.267,5790.267,5769.426,5769.426
2025-12-28 20:00:00,5769.414,5769.414,5741.909,5753.76
2025-12-28 21:00:00,5753.755,5758.304,5732.162,5744.461
2025-12-28 22:00:00,5744.455,5774.016,5743.992,5752.405
2025-12-28 23:00:00,5752.405,5752.405,5731.755,5731.755
2025-12-29 00:00:00,5731.734,5731.734,5705.044,5727.199
2025-12-29 01:00:00,5727.182,5727.182,5699.357,5717.476
2025-12-29 02:00:00,5717.451,5727.395,5696.493,5702.539
2025-12-29 03:00:00,5702.532,5716.294,5692.893,5710.387
2025-12-29 04:00:00,5710.38,5712.974,5698.54,5703.087
2025-12-29 05:00:00,5703.081,5720.305,5692.349,5701.322
2025-12-29 06:00:00,5701.295,5703.497,5677.535,5677.535
2025-12-29 07:00:00,5677.524,5677.524,5644.665,5650.623
2025-12-29 08:00:00,5650.606,5650.606,5627.816,5636.511
2025-12-29 09:00:00,5636.503,5639.326,5617.581,5633.013
2025-12-29 10:00:00,5633.005,5635.517,5619.545,5634.338
2025-12-29 11:00:00,5634.316,5647.621,5630.245,5645.152
2025-12-29 12:00:00,5645.138,5666.325,5635.511,5658.181
2025-12-29 13:00:00,5658.176,5667.686,5650.337,5656.868
2025-12-29 14:00:00,5656.858,5699.227,5654.571,5688.381
2025-12-29 15:00:00,5688.375,5703.179,5677.079,5699.714
2025-12-29 16:00:00,5699.7,5706.875,5681.703,5701.713
2025-12-29 17:00:00,5701.689,5701.689,5681.339,5688.446
2025-12-29 18:00:00,5688.428,5711.15,5682.401,5700.891
2025-12-29 19:00:00,5700.882,5727.323,5695.08,5726.925
2025-12-29 20:00:00,5726.911,5756.696,5722.61,5754.571
2025-12-29 21:00:00,5754.555,5774.157,5752.461,5762.482
2025-12-29 22:00:00,5762.468,5777.05,5753.351,5761.608
2025-12-29 23:00:00,5761.599,5763.03,5740.146,5746.823
2025-12-30 00:00:00,5746.815,5749.691,5737.243,5738.439
2025-12-30 01:00:00,5738.422,5748.823,5732.478,5736.195
2025-12-30 02:00:00,5736.176,5737.838,5720.663,5720.663
2025-12-30 03:00:00,5720.662,5721.34,5706.607,5713.126
2025-12-30 04:00:00,5713.109,5713.109,5684.732,5684.732
2025-12-30 05:00:00,5684.731,5684.731,5656.447,5659.344
2025-12-30 06:00:00,5659.337,5674.326,5653.324,5659.883
2025-12-30 07:00:00,5659.881,5659.881,5642.914,5650.189
2025-12-30 08:00:00,5650.18,5650.18,5617.016,5617.016
2025-12-30 09:00:00,5616.992,5645.408,5614.207,5637.505
2025-12-30 10:00:00,5637.481,5656.785,5630.814,5656.429
2025-12-30 11:00:00,5656.411,5656.411,5635.342,5644.867
2025-12-30 12:00:00,5644.847,5644.847,5622.001,5622.001
2025-12-30 13:00:00,5621.997,5630.217,5612.268,5614.024
2025-12-30 14:00:00,5614.023,5662.73,5609.197,5655.861
2025-12-30 15:00:00,5655.86,5660.386,5641.121,5641.731
2025-12-30 16:00:00,5641.712,5672.924,5631.018,5665.144
2025-12-30 17:00:00,5665.134,5669.422,5654.972,5663.881
2025-12-30 18:00:00,5663.861,5675.461,5658.045,5672.886
2025-12-30 19:00:00,5672.883,5677.178,5653.951,5660.792
2025-12-30 20:00:00,5660.78,5668.935,5649.154,5668.325
2025-12-30 21:00:00,5668.307,5700.108,5660.353,5699.536
2025-12-30 22:00:00,5699.527,5707.803,5671.816,5671.816
2025-12-30 23:00:00,5671.812,5676.66,5648.816,5648.816
2025-12-31 00:00:00,5648.804,5658.902,5644.235,5644.235
2025-12-31 01:00:00,5644.233,5655.995,5641.034,5641.034
2025-12-31 02:00:00,5641.032,5668.843,5640.101,5659.062
2025-12-31 03:00:00,5659.045,5668.577,5640.746,5640.746
2025-12-31 04:00:00,5640.737,5677.075,5640.262,5671.798
2025-12-31 05:00:00,5671.791,5730.073,5668.541,5726.119
2025-12-31 06:00:00,5726.116,5750.035,5724.996,5739.324
2025-12-31 07:00:00,5739.322,5748.195,5732.047,5738.281
2025-12-31 08:00:00,5738.271,5738.271,5717.337,5723.761
2025-12-31 09:00:00,5723.745,5738.508,5721.254,5735.622
2025-12-31 10:00:00,5735.615,5743.65,5727.391,5727.391
2025-12-31 11:00:00,5727.378,5753.425,5725.749,5744.932
2025-12-31 12:00:00,5744.918,5750.4,5721.575,5721.575
2025-12-31 13:00:00,5721.571,5721.571,5699.409,5699.409
2025-12-31 14:00:00,5699.404,5701.672,5667.031,5667.031
2025-12-31 15:00:00,5667.024,5670.223,5642.879,5652.391
2025-12-31 16:00:00,5652.391,5652.462,5634.894,5644.822
2025-12-31 17:00:00,5644.817,5648.03,5622.67,5629.782
2025-12-31 18:00:00,5629.775,5629.775,5608.536,5611.509
2025-12-31 19:00:00,5611.493,5616.369,5595.272,5595.272
2025-12-31 20:00:00,5595.266,5595.266,5569.124,5569.124
2025-12-31 21:00:00,5569.1,5573.08,5545.94,5547.1
2025-12-31 22:00:00,5547.09,5549.577,5528.359,5531.54
2025-12-31 23:00:00,5531.518,5537.702,5511.179,5535.059
2026-01-01 00:00:00,5535.056,5543.527,5510.927,5510.927
2026-01-01 01:00:00,5510.911,5525.451,5505.774,5507.523
2026-01-01 02:00:00,5507.514,5537.282,5496.573,5533.319
2026-01-01 03:00:00,5533.309,5533.309,5516.719,5528.476
2026-01-01 04:00:00,5528.461,5528.528,5508.712,5526.669
2026-01-01 05:00:00,5526.661,5532.392,5513.345,5520.24
2026-01-01 06:00:00,5520.24,5520.258,5501.692,5501.692
2026-01-01 07:00:00,5501.682,5511.177,5491.609,5491.609
2026-01-01 08:00:00,5491.591,5491.591,5468.594,5482.688
2026-01-01 09:00:00,5482.677,5482.677,5461.364,5477.273
2026-01-01 10:00:00,5477.261,5502.175,5472.273,5489.308
2026-01-01 11:00:00,5489.298,5505.114,5486.829,5499.097
2026-01-01 12:00:00,5499.085,5518.795,5497.007,5505.09
2026-01-01 13:00:00,5505.081,5523.276,5500.956,5515.713
2026-01-01 14:00:00,5515.712,5521.894,5492.17,5492.17
2026-01-01 15:00:00,5492.163,5519.912,5487.905,5500.813
2026-01-01 16:00:00,5500.807,5505.288,5492.525,5499.901
2026-01-01 17:00:00,5499.893,5506.502,5490.388,5495.998
2026-01-01 18:00:00,5495.997,5508.354,5486.832,5496.168
2026-01-01 19:00:00,5496.161,5518.548,5480.304,5512.567
2026-01-01 20:00:00,5512.548,5527.79,5502.306,5514.296
2026-01-01 21:00:00,5521.223,5522.411,5510.49,5512.382
2026-01-01 22:00:00,5512.366,5516.738,5494.975,5494.975
2026-01-01 23:00:00,5494.963,5494.963,5466.082,5466.793
2026-01-02 00:00:00,5466.788,5466.788,5444.263,5445.943
2026-01-02 01:00:00,5445.936,5476.75,5434.004,5468.609
2026-01-02 02:00:00,5468.597,5511.897,5464.903,5507.968
2026-01-02 03:00:00,5507.954,5516.777,5496.674,5499.748
2026-01-02 04:00:00,5499.743,5512.999,5495.253,5506.796
2026-01-02 05:00:00,5506.78,5530.105,5506.158,5513.573
2026-01-02 06:00:00,5513.568,5513.568,5488.021,5488.021
2026-01-02 07:00:00,5488.016,5512.854,5486.828,5502.53
2026-01-02 08:00:00,5502.509,5502.509,5481.554,5488.206
2026-01-02 09:00:00,5488.203,5491.262,5471.68,5486.462
2026-01-02 10:00:00,5486.456,5488.838,5465.881,5479.421
2026-01-02 11:00:00,5479.419,5479.419,5451.259,5451.259
2026-01-02 12:00:00,5451.257,5460.48,5443.749,5446.686
2026-01-02 13:00:00,5446.678,5447.768,5423.143,5430.069
2026-01-02 14:00:00,5430.06,5436.042,5420.327,5420.327
2026-01-02 15:00:00,5420.325,5425.477,5399.873,5399.873
2026-01-02 16:00:00,5399.85,5404.405,5387.59,5403.476
2026-01-02 17:00:00,5403.465,5405.723,5389.8,5398.899
2026-01-02 18:00:00,5398.881,5398.881,5382.948,5392.366
2026-01-02 19:00:00,5392.356,5392.356,5372.007,5373.203
2026-01-02 20:00:00,5373.195,5397.163,5363.437,5394.434
2026-01-02 21:00:00,5394.423,5404.762,5388.174,5391.889
2026-01-02 22:00:00,5391.874,5404.625,5376.933,5389.865
2026-01-02 23:00:00,5389.864,5389.864,5353.231,5353.231
2026-01-03 00:00:00,5353.213,5355.059,5329.336,5329.336
2026-01-03 01:00:00,5329.33,5354.16,5324.655,5341.492
2026-01-03 02:00:00,5341.48,5350.213,5333.322,5337.876
2026-01-03 03:00:00,5337.856,5351.391,5327.479,5337.455
2026-01-03 04:00:00,5337.451,5361.028,5335.39,5342.031
2026-01-03 05:00:00,5342.018,5367.243,5340.719,5361.41
2026-01-03 06:00:00,5361.402,5364.207,5341.616,5350.602
2026-01-03 07:00:00,5350.59,5351.379,5326.622,5340.45
2026-01-03 08:00:00,5340.448,5342.989,5328.761,5338.083
2026-01-03 09:00:00,5338.073,5364.408,5334.833,5344.975
2026-01-03 10:00:00,5344.973,5349.084,5333.875,5335.387
2026-01-03 11:00:00,5335.371,5352.968,5332.602,5337.628
2026-01-03 12:00:00,5337.624,5346.01,5330.973,5334.331
2026-01-03 13:00:00,5334.326,5337.233,5315.263,5325.71
2026-01-03 14:00:00,5325.705,5325.705,5301.36,5301.36
2026-01-03 15:00:00,5301.331,5349.962,5300.938,5344.369
2026-01-03 16:00:00,5344.359,5394.328,5344.248,5382.036
2026-01-03 17:00:00,5382.028,5386.337,5363.466,5375.698
2026-01-03 18:00:00,5375.684,5407.652,5366.612,5407.268
2026-01-03 19:00:00,5407.242,5413.016,5387.247,5395.346
2026-01-03 20:00:00,5395.34,5402.344,5382.006,5382.006
2026-01-03 21:00:00,5381.987,5387.24,5375.822,5380.952
2026-01-03 22:00:00,5380.935,5403.52,5374.259,5397.161
2026-01-03 23:00:00,5397.157,5397.157,5381.824,5386.748
2026-01-04 00:00:00,5386.748,5386.748,5360.768,5360.768
2026-01-04 01:00:00,5360.759,5364.728,5349.187,5362.55
2026-01-04 02:00:00,5362.528,5396.189,5349.347,5391.9
2026-01-04 03:00:00,5391.891,5400.19,5383.261,5392.586
2026-01-04 04:00:00,5392.58,5422.177,5390.466,5410.617
2026-01-04 05:00:00,5410.6,5418.181,5399.592,5399.592
2026-01-04 06:00:00,5399.587,5399.587,5374.307,5384.474
2026-01-04 07:00:00,5384.454,5389.468,5377.072,5387.488
2026-01-04 08:00:00,5387.463,5423.466,5384.243,5419.353
2026-01-04 09:00:00,5419.344,5444.687,5419.135,5439.305
2026-01-04 10:00:00,5439.28,5450.971,5430.691,5434.072
2026-01-04 11:00:00,5434.072,5434.35,5416.938,5429.87
2026-01-04 12:00:00,5429.856,5453.828,5419.069,5448.56
2026-01-04 13:00:00,5448.545,5465.891,5443.371,5456.445
2026-01-04 14:00:00,5456.443,5466.235,5445.238,5459.55
2026-01-04 15:00:00,5459.532,5463.286,5438.87,5438.87
2026-01-04 16:00:00,5438.855,5438.855,5418.107,5418.107
2026-01-04 17:00:00,5418.107,5419.782,5396.074,5411.457
2026-01-04 18:00:00,5411.446,5421.389,5403.725,5411.044
2026-01-04 19:00:00,5411.018,5439.134,5410.928,5437.156
2026-01-04 20:00:00,5437.135,5444.669,5421.464,5427.546
2026-01-04 21:00:00,5427.52,5427.52,5404.053,5404.053
2026-01-04 22:00:00,5404.046,5404.046,5388.791,5388.791
2026-01-04 23:00:00,5388.787,5408.232,5388.722,5398.876
2026-01-05 00:00:00,5398.872,5406.756,5389.884,5395.003
2026-01-05 01:00:00,5394.997,5413.639,5390.288,5391.114
2026-01-05 02:00:00,5391.081,5393.667,5370.94,5387.167
2026-01-05 03:00:00,5387.141,5424.617,5386.909,5423.44
2026-01-05 04:00:00,5423.419,5439.389,5412.512,5438.489
2026-01-05 05:00:00,5438.46,5454.367,5436.363,5443.073
2026-01-05 06:00:00,5443.057,5453.421,5438.718,5442.933
2026-01-05 07:00:00,5442.915,5448.128,5426.9,5442.965
2026-01-05 08:00:00,5442.964,5442.964,5424.403,5427.661
2026-01-05 09:00:00,5427.63,5427.63,5406.21,5411.386
2026-01-05 10:00:00,5411.377,5413.177,5386.74,5398.708
2026-01-05 11:00:00,5398.703,5406.581,5392.38,5399.717
2026-01-05 12:00:00,5399.705,5401.129,5383.361,5395.346
2026-01-05 13:00:00,5395.343,5418.171,5388.666,5416.789
2026-01-05 14:00:00,5416.771,5450.911,5409.683,5441.679
2026-01-05 15:00:00,5441.671,5460.707,5427.375,5452.995
2026-01-05 16:00:00,5452.978,5479.626,5451.43,5468.899
2026-01-05 17:00:00,5468.883,5468.883,5452.152,5453.012
2026-01-05 18:00:00,5453.008,5466.64,5444.345,5464.936
2026-01-05 19:00:00,5464.919,5468.188,5451.023,5462.623
2026-01-05 20:00:00,5462.612,5462.612,5446.658,5446.658
2026-01-05 21:00:00,5446.658,5454.53,5434.826,5443.834
2026-01-05 22:00:00,5443.821,5456.941,5436.365,5445.141
2026-01-05 23:00:00,5445.13,5445.13,5423.772,5428.717
2026-01-06 00:00:00,5428.695,5437.596,5421.735,5431.871
2026-01-06 01:00:00,5431.861,5432.213,5400.949,5418.783
2026-01-06 02:00:00,5418.778,5449.506,5408.925,5448.136
2026-01-06 03:00:00,5448.124,5467.1,5442.019,5449.482
2026-01-06 04:00:00,5449.461,5449.461,5429.323,5429.323
2026-01-06 05:00:00,5429.317,5451.515,5420.319,5450.291
2026-01-06 06:00:00,5450.289,5460.791,5436.015,5436.015
2026-01-06 07:00:00,5435.993,5441.528,5419.891,5432.433
2026-01-06 08:00:00,5432.423,5432.423,5414.515,5420.36
2026-01-06 09:00:00,5420.36,5443.248,5403.646,5441.02
2026-01-06 10:00:00,5441.007,5475.423,5438.776,5472.632
2026-01-06 11:00:00,5472.623,5499.295,5471.304,5487.8
2026-01-06 12:00:00,5487.795,5508.843,5485.572,5505.465
2026-01-06 13:00:00,5505.464,5521.486,5503.084,5512.0
2026-01-06 14:00:00,5511.999,5519.917,5498.638,5508.989
2026-01-06 15:00:00,5508.986,5521.621,5505.67,5513.091
2026-01-06 16:00:00,5513.09,5513.09,5479.022,5479.022
2026-01-06 17:00:00,5479.004,5493.182,5475.912,5480.085
2026-01-06 18:00:00,5480.083,5522.427,5474.587,5515.28
2026-01-06 19:00:00,5515.273,5537.822,5510.586,5534.066
2026-01-06 20:00:00,5534.053,5568.685,5518.8,5567.89
2026-01-06 21:00:00,5567.871,5582.801,5554.893,5569.771
2026-01-06 22:00:00,5569.743,5577.047,5553.611,5553.611
2026-01-06 23:00:00,5553.61,5571.911,5547.697,5562.414
2026-01-07 00:00:00,5562.408,5562.408,5534.355,5544.721
2026-01-07 01:00:00,5544.716,5544.716,5526.13,5526.13
2026-01-07 02:00:00,5526.129,5564.652,5522.037,5555.505
2026-01-07 03:00:00,5555.493,5578.724,5539.719,5577.33
2026-01-07 04:00:00,5577.318,5590.884,5570.445,5570.445
2026-01-07 05:00:00,5570.442,5597.497,5569.81,5580.148
2026-01-07 06:00:00,5580.125,5581.231,5553.073,5553.073
2026-01-07 07:00:00,5553.059,5553.256,5535.167,5540.495
2026-01-07 08:00:00,5540.488,5545.613,5529.025,5529.025
2026-01-07 09:00:00,5529.002,5531.978,5510.113,5510.113
2026-01-07 10:00:00,5510.111,5510.111,5486.317,5486.317
2026-01-07 11:00:00,5486.295,5486.295,5463.403,5470.358
2026-01-07 12:00:00,5470.353,5493.193,5455.693,5488.031
2026-01-07 13:00:00,5488.01,5524.282,5483.559,5513.319
2026-01-07 14:00:00,5513.293,5531.082,5502.517,5521.351
2026-01-07 15:00:00,5521.348,5537.426,5516.764,5521.807
2026-01-07 16:00:00,5521.779,5521.779,5503.579,5505.106
2026-01-07 17:00:00,5505.099,5505.099,5485.386,5486.399
2026-01-07 18:00:00,5486.381,5486.381,5464.066,5473.169
2026-01-07 19:00:00,5473.159,5480.155,5461.741,5461.888
2026-01-07 20:00:00,5461.877,5480.356,5442.918,5479.625
2026-01-07 21:00:00,5479.605,5499.1,5476.705,5485.363
2026-01-07 22:00:00,5485.35,5485.35,5465.219,5465.219
2026-01-07 23:00:00,5465.213,5503.163,5465.143,5488.685
2026-01-08 00:00:00,5488.673,5502.781,5485.294,5485.294
2026-01-08 01:00:00,5485.285,5498.281,5480.985,5480.985
2026-01-08 02:00:00,5480.967,5494.148,5476.342,5481.5
2026-01-08 03:00:00,5481.495,5490.496,5475.603,5475.603
2026-01-08 04:00:00,5475.597,5488.296,5458.533,5484.671
2026-01-08 05:00:00,5484.664,5490.446,5467.04,5483.655
2026-01-08 06:00:00,5483.633,5500.544,5481.419,5495.717
2026-01-08 07:00:00,5495.699,5495.699,5465.731,5465.908
2026-01-08 08:00:00,5465.899,5467.866,5450.852,5465.057
2026-01-08 09:00:00,5465.048,5465.048,5441.068,5441.068
2026-01-08 10:00:00,5441.059,5449.807,5434.592,5438.397
2026-01-08 11:00:00,5438.391,5442.423,5412.809,5419.107
2026-01-08 12:00:00,5419.089,5453.073,5418.285,5453.068
2026-01-08 13:00:00,5453.063,5465.928,5434.821,5434.821
2026-01-08 14:00:00,5434.812,5444.559,5417.669,5417.669
2026-01-08 15:00:00,5417.661,5424.644,5409.603,5411.238
2026-01-08 16:00:00,5411.236,5414.639,5399.594,5413.757
2026-01-08 17:00:00,5413.754,5413.754,5399.211,5399.976
2026-01-08 18:00:00,5399.97,5438.991,5398.319,5428.054
2026-01-08 19:00:00,5428.044,5435.844,5411.834,5411.834
2026-01-08 20:00:00,5411.83,5438.957,5404.723,5435.227
2026-01-08 21:00:00,5435.216,5456.153,5421.479,5454.854
2026-01-08 22:00:00,5454.842,5463.555,5440.251,5460.206
2026-01-08 23:00:00,5460.195,5467.009,5450.556,5461.341
2026-01-09 00:00:00,5461.337,5484.27,5452.132,5469.053
2026-01-09 01:00:00,5469.049,5472.994,5447.894,5447.894
2026-01-09 02:00:00,5447.894,5451.63,5436.411,5436.411
2026-01-09 03:00:00,5436.397,5440.696,5425.086,5425.086
2026-01-09 04:00:00,5425.074,5449.914,5419.642,5435.089
2026-01-09 05:00:00,5435.069,5435.069,5412.846,5419.147
2026-01-09 06:00:00,5419.144,5419.144,5387.703,5387.703
2026-01-09 07:00:00,5387.699,5387.699,5369.923,5370.032
2026-01-09 08:00:00,5370.021,5380.269,5358.932,5370.578
2026-01-09 09:00:00,5370.562,5382.379,5365.568,5377.462
2026-01-09 10:00:00,5377.448,5384.094,5356.933,5356.933
2026-01-09 11:00:00,5356.924,5356.924,5336.27,5336.27
2026-01-09 12:00:00,5336.265,5337.553,5318.878,5318.878
2026-01-09 13:00:00,5318.859,5361.189,5318.226,5345.393
2026-01-09 14:00:00,5345.386,5371.653,5340.924,5368.948
2026-01-09 15:00:00,5368.944,5382.04,5363.875,5377.031
2026-01-09 16:00:00,5377.023,5377.023,5346.489,5346.489
2026-01-09 17:00:00,5346.464,5350.026,5336.316,5336.316
2026-01-09 18:00:00,5336.304,5336.304,5313.824,5326.081
2026-01-09 19:00:00,5326.072,5337.187,5318.567,5322.446
2026-01-09 20:00:00,5322.432,5337.337,5314.2,5314.2
2026-01-09 21:00:00,5314.19,5323.803,5300.378,5323.322
2026-01-09 22:00:00,5323.313,5331.639,5309.332,5309.332
2026-01-09 23:00:00,5309.322,5311.126,5291.085,5294.244
2026-01-10 00:00:00,5294.223,5300.656,5282.454,5299.42
2026-01-10 01:00:00,5299.387,5311.213,5294.871,5302.305
2026-01-10 02:00:00,5302.289,5302.289,5285.07,5293.654
2026-01-10 03:00:00,5293.654,5293.654,5270.841,5270.841
2026-01-10 04:00:00,5270.816,5295.415,5262.254,5293.793
2026-01-10 05:00:00,5293.784,5293.784,5268.811,5268.811
2026-01-10 06:00:00,5268.792,5268.838,5251.404,5259.989
2026-01-10 07:00:00,5259.979,5259.979,5232.839,5241.039
2026-01-10 08:00:00,5241.029,5250.637,5226.789,5243.589
2026-01-10 09:00:00,5243.588,5280.427,5237.042,5278.99
2026-01-10 10:00:00,5278.966,5287.035,5264.711,5281.744
2026-01-10 11:00:00,5281.735,5290.915,5266.542,5285.395
2026-01-10 12:00:00,5285.393,5293.976,5276.968,5280.849
2026-01-10 13:00:00,5280.842,5294.458,5268.875,5292.714
2026-01-10 14:00:00,5292.686,5292.686,5276.443,5277.996
2026-01-10 15:00:00,5277.987,5296.455,5276.965,5284.889
2026-01-10 16:00:00,5284.882,5307.427,5279.165,5302.014
2026-01-10 17:00:00,5302.002,5306.349,5292.604,5294.431
2026-01-10 18:00:00,5294.411,5307.064,5289.634,5300.409
2026-01-10 19:00:00,5300.395,5327.356,5292.949,5326.265
2026-01-10 20:00:00,5326.234,5328.85,5312.484,5319.376
2026-01-10 21:00:00,5319.37,5328.245,5314.382,5314.861
2026-01-10 22:00:00,5314.854,5321.03,5303.615,5320.512
2026-01-10 23:00:00,5320.508,5337.722,5316.012,5336.757
2026-01-11 00:00:00,5336.742,5353.762,5334.118,5353.572
2026-01-11 01:00:00,5353.567,5372.064,5347.207,5362.193
2026-01-11 02:00:00,5362.171,5368.967,5346.65,5346.65
2026-01-11 03:00:00,5346.635,5395.515,5346.523,5388.617
2026-01-11 04:00:00,5388.596,5399.946,5379.167,5396.774
2026-01-11 05:00:00,5396.765,5410.081,5383.542,5385.962
2026-01-11 06:00:00,5385.951,5415.87,5377.189,5411.198
2026-01-11 07:00:00,5411.195,5440.846,5405.148,5437.676
2026-01-11 08:00:00,5437.671,5443.975,5424.946,5429.621
2026-01-11 09:00:00,5429.611,5435.337,5423.046,5425.929
2026-01-11 10:00:00,5425.916,5432.849,5411.712,5432.667
2026-01-11 11:00:00,5432.662,5432.685,5408.016,5408.016
2026-01-11 12:00:00,5407.999,5436.376,5404.74,5427.127
2026-01-11 13:00:00,5427.124,5432.463,5398.994,5398.994
2026-01-11 14:00:00,5398.98,5398.98,5385.277,5385.419
2026-01-11 15:00:00,5385.408,5431.253,5380.222,5425.645
2026-01-11 16:00:00,5425.622,5427.686,5413.21,5422.871
2026-01-11 17:00:00,5422.848,5426.72,5410.436,5415.7
2026-01-11 18:00:00,5415.687,5429.083,5414.702,5417.538
2026-01-11 19:00:00,5417.527,5429.445,5411.955,5420.728
2026-01-11 20:00:00,5420.714,5429.529,5408.411,5420.218
2026-01-11 21:00:00,5420.21,5422.044,5398.415,5401.4
2026-01-11 22:00:00,5401.387,5403.02,5385.945,5385.945
2026-01-11 23:00:00,5385.933,5390.855,5371.987,5375.898
2026-01-12 00:00:00,5375.862,5387.902,5364.314,5371.102
2026-01-12 01:00:00,5371.093,5371.093,5350.955,5357.782
2026-01-12 02:00:00,5357.763,5360.202,5345.371,5345.371
2026-01-12 03:00:00,5345.365,5362.334,5340.834,5349.72
2026-01-12 04:00:00,5349.716,5370.645,5343.238,5356.214
2026-01-12 05:00:00,5356.201,5358.389,5335.947,5355.513
2026-01-12 06:00:00,5355.495,5369.406,5347.103,5347.103
2026-01-12 07:00:00,5347.093,5347.643,5332.13,5339.851
2026-01-12 08:00:00,5339.844,5339.844,5311.474,5311.474
2026-01-12 09:00:00,5311.449,5334.463,5311.252,5314.275
2026-01-12 10:00:00,5314.26,5332.143,5310.717,5331.8
2026-01-12 11:00:00,5331.797,5338.333,5316.936,5332.246
2026-01-12 12:00:00,5332.246,5344.984,5325.64,5329.554
2026-01-12 13:00:00,5329.552,5329.552,5294.851,5294.851
2026-01-12 14:00:00,5294.847,5305.296,5275.604,5297.911
2026-01-12 15:00:00,5297.91,5308.383,5291.463,5296.253
2026-01-12 16:00:00,5296.249,5302.363,5283.883,5296.78
2026-01-12 17:00:00,5296.778,5306.359,5291.835,5302.552
2026-01-12 18:00:00,5302.537,5327.005,5299.223,5325.984
2026-01-12 19:00:00,5325.976,5325.976,5293.665,5298.782
2026-01-12 20:00:00,5298.776,5311.41,5297.111,5297.111
2026-01-12 21:00:00,5297.111,5303.242,5287.656,5298.298
2026-01-12 22:00:00,5298.294,5306.885,5287.619,5303.762
2026-01-12 23:00:00,5303.761,5303.761,5269.043,5269.043
2026-01-13 00:00:00,5269.029,5269.029,5235.496,5235.496
2026-01-13 01:00:00,5235.475,5259.245,5231.412,5257.285
2026-01-13 02:00:00,5257.275,5282.391,5248.181,5272.044
2026-01-13 03:00:00,5272.035,5279.152,5256.098,5266.119
2026-01-13 04:00:00,5266.081,5291.465,5250.498,5286.454
2026-01-13 05:00:00,5286.453,5298.949,5281.606,5286.575
2026-01-13 06:00:00,5286.567,5287.748,5265.639,5266.623
2026-01-13 07:00:00,5266.6,5301.082,5265.801,5300.587
2026-01-13 08:00:00,5300.584,5339.457,5293.393,5327.765
2026-01-13 09:00:00,5327.757,5347.323,5318.41,5318.41
2026-01-13 10:00:00,5318.394,5336.851,5314.69,5328.927
2026-01-13 11:00:00,5328.889,5328.889,5292.791,5298.378
2026-01-13 12:00:00,5298.378,5313.457,5291.915,5302.969
2026-01-13 13:00:00,5302.957,5305.144,5284.148,5284.148
2026-01-13 14:00:00,5284.131,5285.326,5260.49,5264.918
2026-01-13 15:00:00,5264.907,5296.244,5262.985,5275.942
2026-01-13 16:00:00,5275.921,5288.022,5272.639,5278.687
2026-01-13 17:00:00,5278.676,5278.676,5256.958,5256.958
2026-01-13 18:00:00,5256.952,5259.647,5238.189,5238.189
2026-01-13 19:00:00,5238.178,5253.218,5230.468,5248.286
2026-01-13 20:00:00,5248.262,5263.359,5239.313,5257.657
2026-01-13 21:00:00,5257.656,5257.656,5231.716,5231.716
2026-01-13 22:00:00,5231.706,5238.41,5215.379,5215.379
2026-01-13 23:00:00,5215.373,5269.573,5214.534,5261.137
2026-01-14 00:00:00,5261.133,5261.133,5237.665,5239.436
2026-01-14 01:00:00,5239.432,5245.513,5231.041,5231.041
2026-01-14 02:00:00,5231.039,5231.039,5210.301,5227.625
2026-01-14 03:00:00,5227.618,5275.294,5226.339,5272.545
2026-01-14 04:00:00,5272.532,5272.532,5250.233,5250.233
2026-01-14 05:00:00,5250.219,5265.433,5227.992,5265.005
2026-01-14 06:00:00,5264.992,5268.081,5245.656,5245.656
2026-01-14 07:00:00,5245.653,5267.825,5243.71,5263.192
2026-01-14 08:00:00,5263.175,5280.454,5261.136,5271.009
2026-01-14 09:00:00,5271.007,5298.818,5268.126,5298.509
2026-01-14 10:00:00,5298.5,5317.748,5293.523,5313.385
2026-01-14 11:00:00,5313.384,5313.384,5293.737,5304.466
2026-01-14 12:00:00,5304.451,5321.288,5300.796,5315.06
2026-01-14 13:00:00,5315.051,5317.001,5300.481,5309.246
2026-01-14 14:00:00,5309.234,5313.908,5300.419,5308.643
2026-01-14 15:00:00,5308.635,5334.298,5306.901,5330.758
2026-01-14 16:00:00,5330.745,5375.705,5330.536,5374.701
2026-01-14 17:00:00,5374.686,5386.873,5363.717,5376.05
2026-01-14 18:00:00,5376.046,5376.046,5355.909,5367.782
2026-01-14 19:00:00,5367.77,5376.84,5357.728,5365.565
2026-01-14 20:00:00,5365.563,5390.651,5362.114,5366.982
2026-01-14 21:00:00,5366.971,5379.422,5363.061,5377.559
2026-01-14 22:00:00,5377.552,5385.0,5363.401,5363.401
2026-01-14 23:00:00,5363.383,5371.433,5352.139,5361.711
2026-01-15 00:00:00,5361.699,5366.862,5350.327,5353.589
2026-01-15 01:00:00,5353.583,5362.305,5344.747,5348.206
2026-01-15 02:00:00,5348.202,5348.533,5326.47,5328.463
2026-01-15 03:00:00,5328.456,5355.395,5319.599,5349.927
2026-01-15 04:00:00,5349.925,5350.085,5335.997,5344.471
2026-01-15 05:00:00,5344.463,5369.514,5343.437,5351.088
2026-01-15 06:00:00,5351.085,5369.183,5345.315,5357.904
2026-01-15 07:00:00,5357.895,5360.641,5346.522,5357.203
2026-01-15 08:00:00,5357.191,5357.191,5332.236,5335.527
2026-01-15 09:00:00,5335.518,5344.412,5322.679,5330.961
2026-01-15 10:00:00,5330.949,5330.949,5302.635,5302.635
2026-01-15 11:00:00,5302.631,5307.032,5291.224,5293.98
2026-01-15 12:00:00,5293.972,5318.303,5288.513,5311.058
2026-01-15 13:00:00,5311.052,5315.374,5296.531,5307.663
2026-01-15 14:00:00,5307.651,5322.033,5297.953,5297.953
2026-01-15 15:00:00,5297.952,5317.364,5295.214,5299.143
2026-01-15 16:00:00,5299.125,5304.172,5282.766,5286.335
2026-01-15 17:00:00,5286.323,5318.987,5279.584,5313.468
2026-01-15 18:00:00,5313.467,5343.286,5308.806,5340.504
2026-01-15 19:00:00,5340.491,5349.633,5331.536,5331.536
2026-01-15 20:00:00,5331.532,5339.54,5317.123,5339.125
2026-01-15 21:00:00,5339.124,5341.929,5323.399,5329.767
2026-01-15 22:00:00,5329.745,5332.732,5313.759,5322.079
2026-01-15 23:00:00,5322.071,5322.071,5304.83,5308.901
2026-01-16 00:00:00,5308.877,5322.01,5305.186,5311.459
2026-01-16 01:00:00,5311.434,5315.355,5289.256,5292.812
2026-01-16 02:00:00,5292.802,5292.802,5275.67,5284.113
2026-01-16 03:00:00,5284.111,5312.359,5267.848,5312.18
2026-01-16 04:00:00,5312.165,5325.658,5302.355,5321.468
2026-01-16 05:00:00,5321.456,5321.456,5301.87,5309.075
2026-01-16 06:00:00,5309.071,5313.629,5287.76,5287.76
2026-01-16 07:00:00,5287.749,5296.718,5276.599,5283.368
2026-01-16 08:00:00,5283.354,5283.354,5267.738,5273.534
2026-01-16 09:00:00,5273.53,5277.801,5264.369,5268.466
2026-01-16 10:00:00,5268.452,5274.701,5259.834,5271.652
2026-01-16 11:00:00,5271.633,5278.261,5252.73,5252.73
2026-01-16 12:00:00,5252.725,5252.725,5234.206,5234.523
2026-01-16 13:00:00,5234.512,5234.512,5221.957,5226.284
2026-01-16 14:00:00,5226.28,5255.658,5224.766,5250.99
2026-01-16 15:00:00,5250.989,5250.989,5227.02,5232.383
2026-01-16 16:00:00,5232.365,5253.645,5232.103,5250.565
2026-01-16 17:00:00,5250.535,5250.535,5225.683,5225.683
2026-01-16 18:00:00,5225.662,5233.847,5213.889,5231.765
2026-01-16 19:00:00,5231.744,5251.951,5230.708,5230.708
2026-01-16 20:00:00,5230.684,5256.693,5227.236,5247.208
2026-01-16 21:00:00,5247.196,5247.196,5229.316,5230.694
2026-01-16 22:00:00,5230.679,5242.971,5227.591,5236.448
2026-01-16 23:00:00,5236.438,5240.537,5221.625,5226.671
2026-01-17 00:00:00,5226.662,5239.207,5221.948,5224.569
2026-01-17 01:00:00,5224.569,5268.093,5216.823,5262.138
2026-01-17 02:00:00,5262.131,5280.401,5243.067,5276.614
2026-01-17 03:00:00,5276.612,5276.612,5248.046,5248.046
2026-01-17 04:00:00,5248.019,5254.557,5227.313,5231.394
2026-01-17 05:00:00,5231.37,5264.699,5222.06,5261.986
2026-01-17 06:00:00,5261.974,5268.43,5248.471,5248.471
2026-01-17 07:00:00,5248.454,5256.964,5229.395,5238.36
2026-01-17 08:00:00,5238.345,5246.622,5223.423,5244.057
2026-01-17 09:00:00,5244.048,5245.428,5225.217,5227.306
2026-01-17 10:00:00,5227.289,5231.173,5207.877,5207.877
2026-01-17 11:00:00,5207.86,5215.734,5198.088,5204.969
2026-01-17 12:00:00,5204.954,5211.335,5186.112,5190.962
2026-01-17 13:00:00,5190.96,5197.012,5180.853,5180.853
2026-01-17 14:00:00,5180.848,5207.759,5178.91,5205.662
2026-01-17 15:00:00,5205.645,5210.959,5191.005,5209.579
2026-01-17 16:00:00,5209.578,5211.683,5181.901,5181.901
2026-01-17 17:00:00,5181.894,5191.708,5177.417,5177.519
2026-01-17 18:00:00,5177.516,5182.373,5164.278,5168.998
2026-01-17 19:00:00,5168.991,5168.991,5143.715,5150.523
2026-01-17 20:00:00,5150.512,5161.386,5137.425,5159.192
2026-01-17 21:00:00,5159.188,5161.216,5137.354,5160.959
2026-01-17 22:00:00,5160.948,5177.968,5159.859,5164.798
2026-01-17 23:00:00,5164.782,5165.967,5153.473,5161.615
2026-01-18 00:00:00,5161.613,5192.323,5160.981,5188.437
2026-01-18 01:00:00,5188.434,5215.129,5188.243,5195.971
2026-01-18 02:00:00,5195.965,5221.568,5195.462,5221.263
2026-01-18 03:00:00,5221.258,5229.496,5213.85,5224.258
2026-01-18 04:00:00,5224.251,5224.251,5193.55,5220.393
2026-01-18 05:00:00,5220.391,5220.391,5191.924,5197.827
2026-01-18 06:00:00,5197.824,5198.601,5175.269,5191.906
2026-01-18 07:00:00,5191.899,5193.49,5179.605,5188.466
2026-01-18 08:00:00,5188.457,5209.598,5185.33,5205.177
2026-01-18 09:00:00,5205.166,5205.166,5188.986,5196.381
2026-01-18 10:00:00,5196.364,5221.636,5187.236,5218.312
2026-01-18 11:00:00,5218.306,5227.769,5206.231,5216.182
2026-01-18 12:00:00,5216.174,5226.299,5203.119,5221.29
2026-01-18 13:00:00,5221.273,5260.619,5219.556,5254.319
2026-01-18 14:00:00,5254.307,5260.213,5241.074,5241.074
2026-01-18 15:00:00,5241.061,5255.438,5234.041,5253.741
2026-01-18 16:00:00,5253.734,5281.676,5251.455,5276.726
2026-01-18 17:00:00,5276.709,5281.194,5260.755,5263.206
2026-01-18 18:00:00,5263.195,5322.432,5260.041,5321.764
2026-01-18 19:00:00,5321.762,5323.758,5294.611,5309.567
2026-01-18 20:00:00,5309.562,5342.575,5307.438,5336.575
2026-01-18 21:00:00,5336.561,5336.561,5312.417,5325.476
2026-01-18 22:00:00,5325.463,5340.629,5318.784,5338.869
2026-01-18 23:00:00,5338.86,5338.86,5320.062,5320.062
2026-01-19 00:00:00,5320.062,5330.167,5314.761,5319.929
2026-01-19 01:00:00,5319.921,5344.252,5314.047,5314.047
2026-01-19 02:00:00,5314.046,5327.112,5311.398,5322.103
2026-01-19 03:00:00,5322.101,5326.079,5307.505,5307.505
2026-01-19 04:00:00,5307.495,5320.703,5303.347,5309.299
2026-01-19 05:00:00,5309.273,5331.31,5309.004,5326.357
2026-01-19 06:00:00,5326.346,5331.843,5315.174,5324.257
2026-01-19 07:00:00,5324.244,5328.684,5297.589,5297.589
2026-01-19 08:00:00,5297.578,5314.578,5287.621,5312.434
2026-01-19 09:00:00,5312.413,5322.051,5296.38,5321.179
2026-01-19 10:00:00,5321.173,5338.062,5315.319,5318.52
2026-01-19 11:00:00,5318.514,5323.149,5293.443,5293.443
2026-01-19 12:00:00,5293.44,5293.44,5269.422,5271.387
2026-01-19 13:00:00,5271.386,5271.386,5237.29,5237.29
2026-01-19 14:00:00,5237.264,5237.264,5217.127,5219.225
2026-01-19 15:00:00,5219.219,5273.51,5218.788,5261.166
2026-01-19 16:00:00,5261.149,5278.864,5254.755,5271.667
2026-01-19 17:00:00,5271.666,5271.666,5250.161,5258.652
2026-01-19 18:00:00,5258.645,5258.645,5229.307,5229.307
2026-01-19 19:00:00,5229.29,5238.695,5221.133,5237.466
2026-01-19 20:00:00,5237.46,5272.971,5233.945,5265.332
2026-01-19 21:00:00,5265.32,5278.002,5260.191,5273.42
2026-01-19 22:00:00,5273.413,5291.075,5261.706,5261.706
2026-01-19 23:00:00,5261.699,5268.535,5252.245,5266.421
2026-01-20 00:00:00,5266.407,5275.103,5253.184,5273.967
2026-01-20 01:00:00,5273.951,5286.819,5261.822,5264.816
2026-01-20 02:00:00,5264.813,5264.813,5241.372,5248.448
2026-01-20 03:00:00,5248.432,5252.671,5233.712,5233.712
2026-01-20 04:00:00,5233.707,5240.409,5211.574,5211.574
2026-01-20 05:00:00,5211.561,5246.249,5205.115,5243.953
2026-01-20 06:00:00,5243.951,5243.951,5209.714,5209.714
2026-01-20 07:00:00,5209.707,5223.329,5204.458,5214.985
2026-01-20 08:00:00,5214.968,5214.968,5199.867,5205.712
2026-01-20 09:00:00,5205.684,5210.521,5189.693,5196.843
2026-01-20 10:00:00,5196.838,5196.838,5178.174,5183.252
2026-01-20 11:00:00,5183.25,5183.25,5162.105,5162.105
2026-01-20 12:00:00,5162.096,5168.193,5146.139,5156.29
2026-01-20 13:00:00,5156.275,5173.559,5155.852,5163.607
2026-01-20 14:00:00,5163.59,5165.862,5143.125,5144.071
2026-01-20 15:00:00,5144.049,5161.496,5139.64,5154.489
2026-01-20 16:00:00,5154.467,5186.438,5144.798,5183.225
2026-01-20 17:00:00,5183.212,5200.098,5173.532,5196.195
2026-01-20 18:00:00,5196.178,5213.078,5183.522,5202.541
2026-01-20 19:00:00,5202.525,5202.525,5183.071,5188.554
2026-01-20 20:00:00,5188.55,5190.572,5165.463,5165.463
2026-01-20 21:00:00,5165.436,5185.716,5157.944,5165.979
2026-01-20 22:00:00,5165.968,5189.822,5162.663,5177.217
2026-01-20 23:00:00,5177.197,5181.609,5170.53,5178.919
2026-01-21 00:00:00,5178.918,5178.918,5147.993,5150.209
2026-01-21 01:00:00,5150.196,5172.052,5142.596,5156.957
2026-01-21 02:00:00,5156.951,5165.902,5131.869,5136.32
2026-01-21 03:00:00,5136.312,5141.261,5124.667,5133.913
2026-01-21 04:00:00,5133.911,5138.185,5115.44,5115.44
2026-01-21 05:00:00,5115.436,5129.605,5108.681,5108.681
2026-01-21 06:00:00,5108.667,5113.246,5094.043,5110.415
2026-01-21 07:00:00,5110.404,5112.31,5092.513,5101.534
2026-01-21 08:00:00,5101.518,5114.291,5094.706,5103.695
2026-01-21 09:00:00,5103.694,5105.032,5087.824,5102.213
2026-01-21 10:00:00,5102.203,5108.531,5089.0,5095.837
2026-01-21 11:00:00,5095.824,5124.368,5093.304,5115.72
2026-01-21 12:00:00,5115.708,5121.471,5099.332,5099.332
2026-01-21 13:00:00,5099.314,5099.314,5068.003,5072.569
2026-01-21 14:00:00,5072.564,5087.748,5059.546,5081.297
2026-01-21 15:00:00,5081.292,5102.383,5079.393,5089.199
2026-01-21 16:00:00,5089.175,5100.79,5071.453,5099.544
2026-01-21 17:00:00,5099.53,5109.652,5096.197,5106.438
2026-01-21 18:00:00,5106.426,5128.808,5103.877,5127.771
2026-01-21 19:00:00,5127.754,5143.544,5121.782,5139.881
2026-01-21 20:00:00,5139.868,5156.7,5137.41,5147.359
2026-01-21 21:00:00,5147.354,5155.003,5129.383,5129.383
2026-01-21 22:00:00,5129.362,5129.362,5115.093,5128.34
2026-01-21 23:00:00,5128.328,5149.149,5125.602,5146.892
2026-01-22 00:00:00,5146.88,5152.996,5137.382,5137.382
2026-01-22 01:00:00,5137.381,5165.12,5134.445,5158.298
2026-01-22 02:00:00,5158.293,5164.111,5150.243,5158.978
2026-01-22 03:00:00,5158.969,5158.969,5135.822,5135.822
2026-01-22 04:00:00,5135.817,5135.817,5120.688,5125.544
2026-01-22 05:00:00,5125.542,5139.18,5115.874,5133.41
2026-01-22 06:00:00,5133.394,5156.673,5124.231,5153.386
2026-01-22 07:00:00,5153.369,5159.887,5136.516,5136.516
2026-01-22 08:00:00,5136.507,5142.419,5118.358,5131.145
2026-01-22 09:00:00,5131.129,5159.542,5128.631,5155.83
2026-01-22 10:00:00,5155.83,5162.101,5148.396,5151.351
2026-01-22 11:00:00,5151.336,5160.025,5144.462,5144.462
2026-01-22 12:00:00,5144.455,5144.455,5109.318,5121.393
2026-01-22 13:00:00,5121.376,5127.921,5111.654,5116.29
2026-01-22 14:00:00,5116.279,5121.531,5103.569,5103.569
2026-01-22 15:00:00,5103.564,5107.011,5085.162,5090.446
2026-01-22 16:00:00,5090.446,5105.381,5082.331,5082.331
2026-01-22 17:00:00,5082.33,5089.896,5072.324,5073.345
2026-01-22 18:00:00,5073.328,5086.251,5062.109,5081.514
2026-01-22 19:00:00,5081.512,5097.595,5076.683,5086.262
2026-01-22 20:00:00,5086.251,5104.204,5079.266,5099.302
2026-01-22 21:00:00,5099.297,5114.025,5088.96,5112.696
2026-01-22 22:00:00,5112.684,5116.159,5102.78,5105.972
2026-01-22 23:00:00,5105.968,5134.299,5100.813,5113.481
2026-01-23 00:00:00,5113.467,5127.668,5106.892,5120.293
2026-01-23 01:00:00,5120.277,5130.365,5105.553,5127.757
2026-01-23 02:00:00,5127.746,5128.632,5111.226,5111.226
2026-01-23 03:00:00,5111.221,5148.581,5110.789,5134.931
2026-01-23 04:00:00,5134.919,5134.919,5104.406,5107.386
2026-01-23 05:00:00,5107.372,5121.764,5094.16,5120.795
2026-01-23 06:00:00,5120.779,5120.779,5095.171,5095.171
2026-01-23 07:00:00,5095.163,5114.977,5090.343,5110.823
2026-01-23 08:00:00,5110.821,5117.44,5101.958,5110.295
2026-01-23 09:00:00,5110.283,5137.775,5109.792,5124.765
2026-01-23 10:00:00,5124.751,5131.512,5112.982,5112.982
2026-01-23 11:00:00,5112.975,5118.028,5087.838,5089.698
2026-01-23 12:00:00,5089.687,5125.201,5089.114,5116.353
2026-01-23 13:00:00,5116.338,5122.186,5103.796,5104.276
2026-01-23 14:00:00,5104.248,5126.969,5090.904,5122.6
2026-01-23 15:00:00,5122.594,5122.594,5097.506,5097.506
2026-01-23 16:00:00,5097.486,5105.654,5085.276,5088.888
2026-01-23 17:00:00,5088.888,5097.689,5073.04,5083.302
2026-01-23 18:00:00,5083.302,5083.302,5058.806,5063.871
2026-01-23 19:00:00,5063.855,5085.394,5062.634,5079.833
2026-01-23 20:00:00,5079.817,5079.817,5058.703,5058.703
2026-01-23 21:00:00,5058.698,5067.337,5034.101,5065.477
2026-01-23 22:00:00,5065.466,5065.466,5046.958,5050.183
2026-01-23 23:00:00,5050.168,5053.009,5037.678,5037.982
2026-01-24 00:00:00,5037.981,5042.485,5019.579,5039.466
2026-01-24 01:00:00,5039.456,5050.056,5029.698,5029.698
2026-01-24 02:00:00,5029.694,5031.634,5008.783,5010.933
2026-01-24 03:00:00,5010.929,5021.715,5002.442,5007.081
2026-01-24 04:00:00,5007.074,5008.514,4988.473,5005.652
2026-01-24 05:00:00,5005.641,5005.641,4984.619,4994.051
2026-01-24 06:00:00,4994.05,5001.505,4986.09,4986.09
2026-01-24 07:00:00,4986.086,5011.037,4983.522,4990.934
2026-01-24 08:00:00,4990.916,5021.703,4988.572,5018.329
2026-01-24 09:00:00,5018.323,5024.319,5000.428,5000.428
2026-01-24 10:00:00,5000.421,5006.26,4989.3,5003.899
2026-01-24 11:00:00,5003.884,5035.941,4990.627,5035.485
2026-01-24 12:00:00,5035.471,5053.511,5029.766,5039.311
2026-01-24 13:00:00,5039.303,5040.652,5018.27,5034.184
2026-01-24 14:00:00,5034.18,5049.577,5030.289,5044.756
2026-01-24 15:00:00,5044.739,5102.278,5041.021,5095.861
2026-01-24 16:00:00,5095.847,5095.847,5076.934,5077.147
2026-01-24 17:00:00,5077.128,5079.698,5058.308,5061.634
2026-01-24 18:00:00,5061.617,5089.312,5057.095,5085.436
2026-01-24 19:00:00,5085.434,5122.565,5078.196,5117.738
2026-01-24 20:00:00,5117.731,5136.189,5103.168,5135.392
2026-01-24 21:00:00,5135.385,5136.024,5116.656,5123.594
2026-01-24 22:00:00,5123.585,5123.585,5104.059,5104.059
2026-01-24 23:00:00,5104.057,5106.364,5085.485,5094.529
2026-01-25 00:00:00,5094.506,5094.506,5065.976,5068.311
2026-01-25 01:00:00,5068.298,5095.51,5065.365,5094.014
2026-01-25 02:00:00,5094.014,5108.351,5087.15,5089.756
2026-01-25 03:00:00,5089.744,5095.221,5066.692,5091.354
2026-01-25 04:00:00,5091.342,5106.314,5077.1,5106.277
2026-01-25 05:00:00,5106.265,5110.024,5093.888,5094.319
2026-01-25 06:00:00,5094.297,5100.847,5081.392,5081.882
2026-01-25 07:00:00,5081.864,5081.864,5053.203,5066.777
2026-01-25 08:00:00,5066.773,5069.526,5057.074,5066.804
2026-01-25 09:00:00,5066.788,5074.328,5053.509,5066.351
2026-01-25 10:00:00,5066.344,5070.17,5054.249,5063.608
2026-01-25 11:00:00,5063.606,5063.606,5048.286,5052.74
2026-01-25 12:00:00,5052.73,5061.594,5044.363,5056.96
2026-01-25 13:00:00,5056.945,5080.94,5051.186,5065.421
2026-01-25 14:00:00,5065.419,5065.419,5042.147,5049.529
2026-01-25 15:00:00,5049.524,5062.437,5044.663,5049.503
2026-01-25 16:00:00,5049.486,5049.486,5025.709,5033.137
2026-01-25 17:00:00,5033.113,5037.13,5017.353,5018.668
2026-01-25 18:00:00,5018.657,5018.865,5001.463,5001.463
2026-01-25 19:00:00,5001.451,5034.04,4995.871,5024.268
2026-01-25 20:00:00,5024.26,5024.26,5003.944,5003.944
2026-01-25 21:00:00,5003.935,5003.935,4978.019,4978.019
2026-01-25 22:00:00,4978.012,4989.863,4967.945,4987.635
2026-01-25 23:00:00,4987.624,5007.14,4986.175,4999.636
2026-01-26 00:00:00,4999.632,5005.049,4992.972,4996.094
2026-01-26 01:00:00,4996.073,5004.277,4987.373,4999.361
2026-01-26 02:00:00,4999.353,5011.561,4993.756,4993.756
2026-01-26 03:00:00,4993.751,5032.98,4993.633,5029.673
2026-01-26 04:00:00,5029.66,5045.073,5023.08,5039.703
2026-01-26 05:00:00,5039.695,5039.695,5014.515,5015.522
2026-01-26 06:00:00,5015.508,5015.508,4995.492,4995.492
2026-01-26 07:00:00,4995.485,5012.372,4984.48,5007.7
2026-01-26 08:00:00,5007.697,5011.693,4993.844,4999.196
2026-01-26 09:00:00,4999.184,5005.691,4992.092,4999.585
2026-01-26 10:00:00,4999.572,5023.433,4999.248,5015.187
2026-01-26 11:00:00,5015.179,5021.411,5007.798,5010.384
2026-01-26 12:00:00,5010.368,5033.395,5004.248,5019.143
2026-01-26 13:00:00,5019.133,5029.191,5011.836,5024.822
2026-01-26 14:00:00,5024.818,5047.69,5019.666,5044.114
2026-01-26 15:00:00,5044.101,5046.269,5020.384,5020.384
2026-01-26 16:00:00,5020.38,5028.514,5009.544,5021.512
2026-01-26 17:00:00,5021.502,5022.391,5005.667,5006.71
2026-01-26 18:00:00,5006.694,5017.867,4998.982,5010.767
2026-01-26 19:00:00,5010.761,5010.761,4986.975,4989.826
2026-01-26 20:00:00,4989.811,5005.716,4979.154,5000.74
2026-01-26 21:00:00,5000.726,5009.207,4993.777,5004.881
2026-01-26 22:00:00,5004.864,5004.864,4988.268,4991.801
2026-01-26 23:00:00,4991.798,4999.155,4981.756,4996.634
2026-01-27 00:00:00,4996.628,4996.628,4970.07,4973.38
2026-01-27 01:00:00,4973.375,4973.397,4955.003,4971.04
2026-01-27 02:00:00,4971.031,4972.154,4956.446,4961.454
2026-01-27 03:00:00,4961.43,4975.739,4957.399,4971.646
2026-01-27 04:00:00,4971.644,4976.253,4954.867,4962.957
2026-01-27 05:00:00,4962.951,4997.683,4955.476,4993.807
2026-01-27 06:00:00,4993.788,5018.852,4993.228,5013.684
2026-01-27 07:00:00,5013.673,5014.276,4983.038,4983.798
2026-01-27 08:00:00,4983.78,5014.987,4980.82,5006.621
2026-01-27 09:00:00,5006.606,5022.866,5003.394,5013.649
2026-01-27 10:00:00,5013.624,5014.588,4990.823,4990.823
2026-01-27 11:00:00,4990.808,5000.06,4984.02,4991.924
2026-01-27 12:00:00,4991.91,4991.91,4966.64,4966.64
2026-01-27 13:00:00,4966.633,4970.208,4954.116,4959.216
2026-01-27 14:00:00,4959.197,4959.197,4925.602,4925.602
2026-01-27 15:00:00,4925.591,4936.559,4920.413,4921.237
2026-01-27 16:00:00,4921.224,4934.869,4916.821,4926.325
2026-01-27 17:00:00,4926.323,4936.775,4913.251,4935.25
2026-01-27 18:00:00,4935.231,4940.86,4918.243,4918.243
2026-01-27 19:00:00,4918.243,4929.781,4907.335,4928.111
2026-01-27 20:00:00,4928.095,4941.701,4922.433,4922.433
2026-01-27 21:00:00,4922.419,4986.853,4920.889,4977.935
2026-01-27 22:00:00,4977.933,4992.471,4967.562,4967.562
2026-01-27 23:00:00,4967.548,4988.577,4965.162,4976.976
2026-01-28 00:00:00,4976.974,5003.375,4967.343,4994.322
2026-01-28 01:00:00,4994.318,5004.59,4987.218,4997.205
2026-01-28 02:00:00,4997.202,4997.202,4980.976,4984.126
2026-01-28 03:00:00,4984.109,4986.427,4970.538,4970.538
2026-01-28 04:00:00,4970.534,4973.666,4947.973,4947.973
2026-01-28 05:00:00,4947.962,4958.189,4941.328,4946.003
2026-01-28 06:00:00,4945.983,4949.864,4938.079,4944.127
2026-01-28 07:00:00,4944.124,4982.885,4941.162,4977.819
2026-01-28 08:00:00,4977.806,4987.609,4969.182,4981.736
2026-01-28 09:00:00,4981.716,4982.696,4953.706,4953.706
2026-01-28 10:00:00,4953.703,4981.831,4944.904,4978.566
2026-01-28 11:00:00,4978.559,4988.109,4963.036,4984.673
2026-01-28 12:00:00,4984.661,4995.071,4979.538,4982.617
2026-01-28 13:00:00,4982.612,5000.917,4980.892,4989.869
2026-01-28 14:00:00,4989.865,4989.865,4955.756,4960.81
2026-01-28 15:00:00,4960.803,4984.428,4960.288,4979.391
2026-01-28 16:00:00,4979.373,4983.413,4967.026,4970.929
2026-01-28 17:00:00,4970.924,5013.62,4969.843,5001.586
2026-01-28 18:00:00,5001.581,5004.941,4989.416,4999.975
2026-01-28 19:00:00,4999.965,4999.965,4978.291,4986.752
2026-01-28 20:00:00,4986.744,5004.082,4979.023,5002.197
2026-01-28 21:00:00,5002.195,5011.268,4996.53,5007.611
2026-01-28 22:00:00,5007.59,5007.59,4983.819,4983.819
2026-01-28 23:00:00,4983.814,4990.98,4982.452,4985.556
2026-01-29 00:00:00,4985.553,4986.426,4971.033,4974.157
2026-01-29 01:00:00,4974.148,4982.196,4965.828,4965.828
2026-01-29 02:00:00,4965.818,4972.549,4960.57,4964.052
2026-01-29 03:00:00,4964.043,4964.844,4935.271,4935.271
2026-01-29 04:00:00,4935.261,4957.026,4931.239,4952.819
2026-01-29 05:00:00,4952.814,4952.814,4933.38,4933.724
2026-01-29 06:00:00,4933.723,4933.747,4916.902,4929.238
2026-01-29 07:00:00,4929.223,4934.049,4919.29,4926.411
2026-01-29 08:00:00,4926.406,4933.198,4915.633,4915.633
2026-01-29 09:00:00,4915.628,4916.604,4904.473,4911.556
2026-01-29 10:00:00,4911.532,4911.532,4888.521,4903.854
2026-01-29 11:00:00,4903.838,4923.412,4896.586,4917.681
2026-01-29 12:00:00,4917.677,4923.213,4909.476,4915.003
2026-01-29 13:00:00,4915.001,4925.969,4900.315,4900.315
2026-01-29 14:00:00,4900.309,4901.395,4877.823,4877.823
2026-01-29 15:00:00,4877.806,4887.947,4870.745,4870.745
2026-01-29 16:00:00,4870.73,4870.73,4850.22,4862.871
2026-01-29 17:00:00,4862.866,4874.883,4860.369,4866.287
2026-01-29 18:00:00,4866.269,4866.269,4843.225,4848.721
2026-01-29 19:00:00,4848.696,4865.312,4848.268,4854.491
2026-01-29 20:00:00,4854.481,4862.305,4839.554,4844.01
2026-01-29 21:00:00,4844.007,4844.007,4824.505,4828.77
2026-01-29 22:00:00,4828.752,4828.752,4811.571,4818.466
2026-01-29 23:00:00,4818.453,4863.069,4815.798,4855.39
2026-01-30 00:00:00,4855.382,4882.882,4846.362,4877.818
2026-01-30 01:00:00,4877.804,4890.986,4872.078,4886.195
2026-01-30 02:00:00,4886.193,4888.948,4868.228,4869.905
2026-01-30 03:00:00,4869.878,4876.403,4860.81,4864.259
2026-01-30 04:00:00,4864.258,4870.653,4844.426,4844.426
2026-01-30 05:00:00,4844.413,4853.252,4835.749,4841.162
2026-01-30 06:00:00,4841.153,4871.971,4837.932,4867.31
2026-01-30 07:00:00,4867.287,4897.717,4858.4,4896.505
2026-01-30 08:00:00,4896.504,4896.504,4877.261,4879.504
2026-01-30 09:00:00,4879.498,4881.713,4868.403,4870.326
2026-01-30 10:00:00,4870.324,4881.761,4863.881,4871.182
2026-01-30 11:00:00,4871.181,4884.004,4860.949,4874.819
2026-01-30 12:00:00,4874.805,4882.89,4860.921,4881.956
2026-01-30 13:00:00,4881.937,4893.534,4875.268,4875.268
2026-01-30 14:00:00,4875.256,4881.453,4859.658,4859.658
2026-01-30 15:00:00,4859.656,4863.508,4845.637,4845.637
2026-01-30 16:00:00,4845.635,4845.635,4826.278,4826.278
2026-01-30 17:00:00,4826.273,4881.045,4825.78,4881.045
2026-01-30 18:00:00,4881.029,4892.949,4877.988,4878.876
2026-01-30 19:00:00,4878.873,4880.335,4869.125,4870.581
2026-01-30 20:00:00,4870.567,4888.48,4867.628,4875.026
2026-01-30 21:00:00,4875.004,4883.373,4859.85,4883.302
2026-01-30 22:00:00,4883.295,4894.058,4867.1,4893.25
2026-01-30 23:00:00,4893.235,4893.235,4873.07,4873.07
2026-01-31 00:00:00,4873.059,4873.059,4855.31,4856.496
2026-01-31 01:00:00,4856.491,4856.491,4835.135,4842.447
2026-01-31 02:00:00,4842.444,4884.167,4834.558,4878.115
2026-01-31 03:00:00,4878.115,4896.645,4871.152,4893.064
2026-01-31 04:00:00,4893.053,4893.488,4872.68,4887.771
2026-01-31 05:00:00,4887.765,4887.765,4858.381,4858.381
2026-01-31 06:00:00,4858.368,4878.702,4843.522,4877.165
2026-01-31 07:00:00,4877.16,4892.772,4862.582,4891.011
2026-01-31 08:00:00,4890.999,4921.968,4886.356,4918.781
2026-01-31 09:00:00,4918.773,4921.239,4902.534,4914.496
2026-01-31 10:00:00,4914.488,4923.539,4901.806,4901.806
2026-01-31 11:00:00,4901.797,4912.426,4891.635,4892.826
2026-01-31 12:00:00,4892.815,4906.326,4888.765,4896.384
2026-01-31 13:00:00,4896.364,4916.209,4894.722,4911.992
2026-01-31 14:00:00,4911.978,4914.617,4895.113,4902.912
2026-01-31 15:00:00,4902.894,4935.401,4897.549,4935.317
2026-01-31 16:00:00,4935.308,4939.119,4921.175,4937.971
2026-01-31 17:00:00,4937.961,4943.283,4931.597,4932.279
2026-01-31 18:00:00,4932.278,4936.668,4921.744,4921.744
2026-01-31 19:00:00,4921.717,4921.717,4899.984,4902.141
2026-01-31 20:00:00,4902.141,4922.221,4897.947,4916.19
2026-01-31 21:00:00,4916.183,4916.183,4894.715,4902.47
2026-01-31 22:00:00,4902.461,4938.907,4900.684,4932.772
2026-01-31 23:00:00,4932.759,4947.865,4924.359,4945.025
2026-02-01 00:00:00,4945.024,4954.087,4940.146,4946.176
2026-02-01 01:00:00,4946.163,4963.489,4943.479,4949.81
2026-02-01 02:00:00,4949.8,4965.162,4946.443,4961.94
2026-02-01 03:00:00,4961.933,4981.521,4955.229,4981.014
2026-02-01 04:00:00,4981.011,5002.04,4975.404,4998.819
2026-02-01 05:00:00,4998.811,5016.75,4998.132,5005.012
2026-02-01 06:00:00,5005.009,5013.91,4995.95,5011.759
2026-02-01 07:00:00,5011.749,5013.979,4992.733,4992.733
2026-02-01 08:00:00,4992.707,4992.707,4979.384,4980.236
2026-02-01 09:00:00,4980.227,5022.229,4979.477,5020.353
2026-02-01 10:00:00,5020.346,5028.281,5006.956,5025.548
2026-02-01 11:00:00,5025.546,5042.478,5020.718,5026.684
2026-02-01 12:00:00,5026.68,5061.697,5025.839,5060.771
2026-02-01 13:00:00,5060.747,5072.721,5045.149,5070.955
2026-02-01 14:00:00,5070.942,5090.925,5059.961,5084.315
2026-02-01 15:00:00,5084.313,5090.724,5070.436,5070.436
2026-02-01 16:00:00,5070.426,5095.542,5062.438,5089.41
2026-02-01 17:00:00,5089.41,5092.938,5069.937,5072.925
2026-02-01 18:00:00,5072.909,5102.813,5068.317,5099.826
2026-02-01 19:00:00,5099.819,5106.192,5089.531,5097.737
2026-02-01 20:00:00,5097.735,5136.402,5091.937,5121.979
2026-02-01 21:00:00,5121.963,5121.963,5100.548,5119.429
2026-02-01 22:00:00,5119.418,5131.569,5105.025,5105.025
2026-02-01 23:00:00,5105.02,5105.02,5068.984,5068.984
2026-02-02 00:00:00,5068.961,5092.875,5065.635,5080.221
2026-02-02 01:00:00,5080.209,5083.292,5062.201,5066.332
2026-02-02 02:00:00,5066.328,5084.271,5064.492,5065.124
2026-02-02 03:00:00,5065.089,5086.132,5062.091,5074.746
2026-02-02 04:00:00,5074.738,5102.828,5067.359,5089.014
2026-02-02 05:00:00,5088.993,5093.049,5072.516,5076.557
2026-02-02 06:00:00,5076.556,5117.555,5071.947,5110.331
2026-02-02 07:00:00,5110.315,5142.091,5105.424,5141.881
2026-02-02 08:00:00,5141.865,5150.722,5132.415,5132.415
2026-02-02 09:00:00,5132.406,5138.915,5122.365,5138.277
2026-02-02 10:00:00,5138.263,5141.784,5125.836,5130.201
2026-02-02 11:00:00,5130.194,5136.058,5117.488,5130.565
2026-02-02 12:00:00,5130.561,5130.561,5103.355,5107.264
2026-02-02 13:00:00,5107.248,5127.586,5103.42,5120.698
2026-02-02 14:00:00,5120.676,5120.676,5101.54,5115.171
2026-02-02 15:00:00,5115.153,5134.752,5110.017,5128.079
2026-02-02 16:00:00,5128.064,5134.998,5117.887,5133.71
2026-02-02 17:00:00,5133.697,5133.697,5116.231,5116.606
2026-02-02 18:00:00,5116.602,5145.6,5111.313,5140.929
2026-02-02 19:00:00,5140.919,5179.132,5140.819,5159.153
2026-02-02 20:00:00,5159.139,5160.266,5140.315,5153.701
2026-02-02 21:00:00,5153.683,5182.17,5142.93,5165.083
2026-02-02 22:00:00,5165.067,5170.893,5145.738,5145.738
2026-02-02 23:00:00,5145.721,5175.646,5145.673,5169.316
2026-02-03 00:00:00,5169.301,5178.745,5157.233,5174.046
2026-02-03 01:00:00,5174.039,5208.827,5170.875,5201.163
2026-02-03 02:00:00,5201.163,5214.927,5188.197,5209.716
2026-02-03 03:00:00,5209.707,5222.019,5205.44,5212.753
2026-02-03 04:00:00,5212.735,5212.735,5195.251,5200.392
2026-02-03 05:00:00,5200.385,5214.089,5195.055,5211.851
2026-02-03 06:00:00,5211.843,5211.843,5187.038,5187.038
2026-02-03 07:00:00,5187.021,5213.65,5172.292,5208.454
2026-02-03 08:00:00,5208.445,5208.445,5180.213,5181.447
2026-02-03 09:00:00,5181.446,5191.895,5174.195,5182.481
2026-02-03 10:00:00,5182.478,5213.459,5178.189,5209.768
2026-02-03 11:00:00,5209.753,5222.403,5205.835,5207.116
2026-02-03 12:00:00,5207.111,5209.368,5182.2,5182.2
2026-02-03 13:00:00,5182.191,5231.284,5181.65,5225.055
2026-02-03 14:00:00,5225.043,5225.043,5204.363,5209.037
2026-02-03 15:00:00,5209.031,5209.031,5181.993,5181.993
2026-02-03 16:00:00,5181.992,5181.992,5153.663,5153.663
2026-02-03 17:00:00,5153.645,5153.645,5124.317,5124.317
2026-02-03 18:00:00,5124.297,5151.5,5122.597,5144.865
2026-02-03 19:00:00,5144.855,5165.976,5144.517,5155.688
2026-02-03 20:00:00,5155.68,5157.556,5133.556,5137.447
2026-02-03 21:00:00,5137.427,5156.843,5132.23,5144.769
2026-02-03 22:00:00,5144.763,5157.783,5136.859,5154.417
2026-02-03 23:00:00,5154.397,5161.155,5144.269,5156.141
2026-02-04 00:00:00,5156.136,5157.29,5138.743,5150.55
2026-02-04 01:00:00,5150.532,5162.399,5144.402,5159.386
2026-02-04 02:00:00,5159.372,5184.347,5157.277,5169.83
2026-02-04 03:00:00,5169.813,5171.364,5157.401,5165.282
2026-02-04 04:00:00,5165.275,5185.497,5159.308,5176.955
2026-02-04 05:00:00,5176.94,5187.699,5170.508,5173.237
2026-02-04 06:00:00,5173.232,5196.642,5166.825,5168.207
2026-02-04 07:00:00,5168.187,5174.438,5159.112,5164.959
2026-02-04 08:00:00,5164.948,5166.645,5152.392,5152.392
2026-02-04 09:00:00,5152.37,5152.37,5125.143,5138.026
2026-02-04 10:00:00,5138.009,5166.471,5129.235,5165.003
2026-02-04 11:00:00,5165.001,5184.947,5162.533,5183.422
2026-02-04 12:00:00,5183.405,5191.479,5173.862,5180.567
2026-02-04 13:00:00,5180.566,5198.658,5179.155,5184.548
2026-02-04 14:00:00,5184.543,5202.194,5181.458,5181.458
2026-02-04 15:00:00,5181.447,5205.459,5178.378,5193.052
2026-02-04 16:00:00,5193.042,5227.75,5190.789,5223.262
2026-02-04 17:00:00,5223.257,5223.257,5205.684,5213.402
2026-02-04 18:00:00,5213.392,5229.653,5204.05,5229.5
2026-02-04 19:00:00,5229.476,5229.476,5200.123,5210.193
2026-02-04 20:00:00,5210.185,5223.682,5207.838,5213.624
2026-02-04 21:00:00,5213.603,5228.861,5204.015,5215.625
2026-02-04 22:00:00,5215.605,5215.605,5189.935,5189.935
2026-02-04 23:00:00,5189.926,5194.842,5177.39,5186.497
2026-02-05 00:00:00,5186.49,5214.35,5178.87,5212.154
2026-02-05 01:00:00,5212.146,5212.146,5187.327,5198.759
2026-02-05 02:00:00,5198.753,5204.338,5189.064,5194.482
2026-02-05 03:00:00,5194.48,5232.026,5194.357,5231.508
2026-02-05 04:00:00,5231.492,5246.921,5228.483,5246.588
2026-02-05 05:00:00,5246.588,5248.772,5227.576,5246.118
2026-02-05 06:00:00,5246.107,5246.107,5212.027,5213.308
2026-02-05 07:00:00,5213.302,5221.333,5196.501,5211.207
2026-02-05 08:00:00,5211.205,5213.248,5191.447,5191.447
2026-02-05 09:00:00,5191.438,5210.086,5182.926,5207.214
2026-02-05 10:00:00,5207.209,5207.209,5177.804,5186.488
2026-02-05 11:00:00,5186.482,5186.482,5164.138,5169.277
2026-02-05 12:00:00,5169.257,5169.257,5140.337,5142.839
2026-02-05 13:00:00,5142.835,5149.162,5131.873,5131.873
2026-02-05 14:00:00,5131.858,5166.858,5131.239,5162.378
2026-02-05 15:00:00,5162.371,5163.695,5150.37,5155.071
2026-02-05 16:00:00,5155.065,5155.065,5130.847,5136.756
2026-02-05 17:00:00,5136.756,5163.599,5125.527,5157.013
2026-02-05 18:00:00,5157.007,5157.007,5131.425,5131.425
2026-02-05 19:00:00,5131.411,5149.368,5129.83,5138.806
2026-02-05 20:00:00,5138.796,5151.021,5136.829,5143.416
2026-02-05 21:00:00,5143.407,5152.213,5136.285,5136.285
2026-02-05 22:00:00,5136.273,5137.655,5121.62,5131.082
2026-02-05 23:00:00,5131.078,5144.52,5126.06,5138.036
2026-02-06 00:00:00,5138.022,5150.21,5131.562,5146.337
2026-02-06 01:00:00,5146.33,5152.857,5136.477,5140.496
2026-02-06 02:00:00,5140.491,5162.359,5131.296,5157.929
2026-02-06 03:00:00,5157.916,5169.714,5146.806,5146.806
2026-02-06 04:00:00,5146.797,5156.058,5131.896,5131.896
2026-02-06 05:00:00,5131.881,5201.215,5123.803,5190.202
2026-02-06 06:00:00,5190.188,5199.983,5187.091,5194.922
2026-02-06 07:00:00,5194.911,5198.486,5185.967,5185.967
2026-02-06 08:00:00,5185.961,5220.627,5183.018,5219.692
2026-02-06 09:00:00,5219.689,5278.414,5214.43,5278.407
2026-02-06 10:00:00,5278.395,5292.052,5270.889,5273.599
2026-02-06 11:00:00,5273.596,5273.596,5248.861,5262.08
2026-02-06 12:00:00,5262.075,5270.959,5254.845,5257.467
2026-02-06 13:00:00,5257.462,5262.238,5247.633,5253.095
2026-02-06 14:00:00,5253.071,5253.885,5229.793,5247.158
2026-02-06 15:00:00,5247.151,5250.619,5236.563,5241.093
2026-02-06 16:00:00,5241.089,5241.089,5218.645,5229.558
2026-02-06 17:00:00,5229.557,5229.557,5210.74,5210.74
2026-02-06 18:00:00,5210.722,5235.425,5209.453,5232.789
2026-02-06 19:00:00,5232.781,5248.51,5230.32,5247.301
2026-02-06 20:00:00,5247.293,5247.293,5228.137,5232.098
2026-02-06 21:00:00,5232.092,5248.326,5228.808,5247.609
2026-02-06 22:00:00,5247.607,5270.854,5247.037,5265.276
2026-02-06 23:00:00,5265.263,5277.344,5260.163,5273.623
2026-02-07 00:00:00,5273.623,5291.682,5273.315,5277.029
2026-02-07 01:00:00,5277.025,5277.025,5256.169,5268.06
2026-02-07 02:00:00,5268.048,5286.151,5254.973,5284.431
2026-02-07 03:00:00,5284.424,5348.271,5282.406,5347.916
2026-02-07 04:00:00,5347.915,5358.448,5325.167,5325.167
2026-02-07 05:00:00,5325.156,5329.244,5311.573,5329.191
2026-02-07 06:00:00,5329.172,5354.653,5320.893,5349.528
2026-02-07 07:00:00,5349.513,5363.258,5341.53,5341.53
2026-02-07 08:00:00,5341.526,5341.526,5315.644,5317.575
2026-02-07 09:00:00,5317.569,5317.569,5290.172,5299.405
2026-02-07 10:00:00,5299.399,5313.781,5291.646,5296.43
2026-02-07 11:00:00,5296.417,5297.636,5281.644,5282.241
2026-02-07 12:00:00,5282.237,5288.295,5263.315,5263.315
2026-02-07 13:00:00,5263.303,5276.414,5260.835,5267.563
2026-02-07 14:00:00,5267.556,5267.556,5237.167,5242.94
2026-02-07 15:00:00,5242.931,5273.81,5240.751,5270.212
2026-02-07 16:00:00,5270.212,5293.13,5267.127,5278.121
2026-02-07 17:00:00,5278.113,5295.091,5275.165,5284.432
2026-02-07 18:00:00,5284.423,5291.969,5274.497,5281.161
2026-02-07 19:00:00,5281.153,5299.09,5276.832,5296.141
2026-02-07 20:00:00,5296.136,5298.644,5277.703,5290.828
2026-02-07 21:00:00,5290.808,5290.808,5267.474,5271.291
2026-02-07 22:00:00,5271.276,5284.311,5253.642,5253.642
2026-02-07 23:00:00,5253.631,5260.287,5242.605,5250.971
2026-02-08 00:00:00,5250.955,5255.551,5220.904,5220.904
2026-02-08 01:00:00,5220.902,5222.4,5210.209,5211.937
2026-02-08 02:00:00,5211.924,5217.718,5193.267,5193.267
2026-02-08 03:00:00,5193.266,5223.265,5182.355,5220.073
2026-02-08 04:00:00,5220.071,5220.071,5202.865,5208.86
2026-02-08 05:00:00,5208.849,5217.267,5204.194,5213.448
2026-02-08 06:00:00,5213.447,5224.098,5194.105,5201.16
2026-02-08 07:00:00,5201.152,5224.068,5199.833,5221.831
2026-02-08 08:00:00,5221.83,5231.844,5207.196,5207.196
2026-02-08 09:00:00,5207.188,5219.393,5206.09,5215.234
2026-02-08 10:00:00,5215.22,5229.174,5211.168,5225.493
2026-02-08 11:00:00,5225.488,5233.541,5215.579,5224.33
2026-02-08 12:00:00,5224.327,5243.574,5209.569,5235.669
2026-02-08 13:00:00,5235.66,5268.72,5235.66,5264.548
2026-02-08 14:00:00,5264.54,5292.016,5263.879,5283.549
2026-02-08 15:00:00,5283.541,5292.051,5261.164,5261.164
2026-02-08 16:00:00,5261.144,5272.37,5251.458,5251.458
2026-02-08 17:00:00,5251.434,5266.887,5239.059,5266.337
2026-02-08 18:00:00,5266.33,5270.809,5253.968,5254.587
2026-02-08 19:00:00,5254.579,5276.413,5252.366,5266.202
2026-02-08 20:00:00,5266.183,5281.995,5252.405,5280.94
2026-02-08 21:00:00,5280.936,5298.608,5278.346,5279.656
2026-02-08 22:00:00,5279.652,5280.547,5258.659,5275.915
2026-02-08 23:00:00,5275.899,5308.117,5268.376,5294.53
2026-02-09 00:00:00,5294.513,5317.021,5293.82,5307.467
2026-02-09 01:00:00,5307.466,5307.466,5291.378,5297.765
2026-02-09 02:00:00,5297.762,5305.196,5281.515,5300.097
2026-02-09 03:00:00,5300.078,5313.169,5293.669,5312.679
2026-02-09 04:00:00,5312.674,5348.159,5311.841,5347.647
2026-02-09 05:00:00,5347.64,5404.279,5338.751,5400.321
2026-02-09 06:00:00,5400.318,5407.643,5391.467,5394.17
2026-02-09 07:00:00,5394.143,5410.764,5387.896,5387.896
2026-02-09 08:00:00,5387.89,5403.123,5381.153,5396.646
2026-02-09 09:00:00,5396.644,5407.207,5389.067,5399.205
2026-02-09 10:00:00,5399.19,5409.662,5378.308,5378.308
2026-02-09 11:00:00,5378.298,5418.372,5376.623,5410.683
2026-02-09 12:00:00,5410.683,5423.119,5395.083,5418.018
2026-02-09 13:00:00,5418.016,5452.854,5415.018,5449.698
2026-02-09 14:00:00,5449.695,5460.579,5443.29,5450.89
2026-02-09 15:00:00,5450.887,5465.742,5430.749,5463.518
2026-02-09 16:00:00,5463.507,5483.736,5462.241,5473.305
2026-02-09 17:00:00,5480.708,5509.728,5478.809,5489.755
2026-02-09 18:00:00,5489.737,5516.881,5487.291,5509.83
2026-02-09 19:00:00,5509.814,5532.385,5509.814,5516.212
2026-02-09 20:00:00,5516.207,5524.229,5501.58,5511.752
2026-02-09 21:00:00,5511.752,5518.844,5503.976,5517.221
2026-02-09 22:00:00,5517.213,5524.062,5506.402,5511.509
2026-02-09 23:00:00,5511.507,5512.458,5482.302,5482.302
2026-02-10 00:00:00,5482.279,5500.382,5476.49,5476.49
2026-02-10 01:00:00,5476.469,5499.848,5471.269,5491.097
2026-02-10 02:00:00,5491.094,5496.332,5474.109,5479.954
2026-02-10 03:00:00,5479.935,5495.163,5477.216,5477.216
2026-02-10 04:00:00,5477.205,5480.794,5450.045,5450.045
2026-02-10 05:00:00,5450.031,5460.012,5447.752,5449.044
2026-02-10 06:00:00,5449.018,5466.956,5442.074,5460.014
2026-02-10 07:00:00,5459.997,5467.857,5443.623,5443.845
2026-02-10 08:00:00,5443.842,5443.842,5414.386,5417.827
2026-02-10 09:00:00,5417.812,5417.812,5381.178,5386.217
2026-02-10 10:00:00,5386.209,5387.96,5372.66,5382.116
2026-02-10 11:00:00,5382.113,5395.095,5370.986,5370.986
2026-02-10 12:00:00,5370.977,5370.977,5346.517,5346.517
2026-02-10 13:00:00,5346.515,5348.419,5322.402,5334.332
2026-02-10 14:00:00,5334.309,5343.386,5324.431,5324.431
2026-02-10 15:00:00,5324.426,5347.26,5310.903,5341.589
2026-02-10 16:00:00,5341.571,5345.789,5320.298,5320.298
2026-02-10 17:00:00,5320.277,5338.139,5303.803,5329.288
2026-02-10 18:00:00,5329.277,5332.6,5315.505,5331.764
2026-02-10 19:00:00,5331.748,5333.433,5316.793,5318.374
2026-02-10 20:00:00,5318.359,5337.456,5310.084,5324.105
2026-02-10 21:00:00,5324.096,5324.096,5305.189,5314.604
2026-02-10 22:00:00,5314.595,5320.195,5298.34,5299.325
2026-02-10 23:00:00,5299.32,5328.877,5296.532,5316.171
2026-02-11 00:00:00,5316.157,5337.978,5309.928,5334.368
2026-02-11 01:00:00,5334.36,5344.666,5329.059,5333.845
2026-02-11 02:00:00,5333.835,5354.198,5333.444,5335.445
2026-02-11 03:00:00,5335.439,5341.423,5326.797,5334.828
2026-02-11 04:00:00,5334.808,5339.533,5317.435,5317.435
2026-02-11 05:00:00,5317.426,5326.211,5299.504,5316.314
2026-02-11 06:00:00,5316.314,5344.445,5315.948,5335.988
2026-02-11 07:00:00,5335.982,5335.982,5316.468,5335.528
2026-02-11 08:00:00,5335.525,5347.716,5327.783,5345.586
2026-02-11 09:00:00,5345.582,5345.582,5316.517,5320.448
2026-02-11 10:00:00,5320.42,5327.632,5312.333,5312.333
2026-02-11 11:00:00,5312.321,5317.922,5297.865,5308.674
2026-02-11 12:00:00,5308.671,5309.322,5298.968,5305.054
2026-02-11 13:00:00,5305.023,5311.295,5293.553,5303.876
2026-02-11 14:00:00,5303.869,5316.109,5299.796,5304.75
2026-02-11 15:00:00,5304.727,5311.793,5298.524,5307.415
2026-02-11 16:00:00,5307.412,5316.083,5300.552,5301.296
2026-02-11 17:00:00,5301.289,5315.479,5300.734,5301.437
2026-02-11 18:00:00,5301.433,5306.296,5293.634,5306.155
2026-02-11 19:00:00,5306.151,5319.341,5296.48,5305.344
2026-02-11 20:00:00,5305.336,5329.311,5304.049,5314.011
2026-02-11 21:00:00,5314.009,5314.164,5300.138,5308.331
2026-02-11 22:00:00,5308.318,5344.561,5304.261,5341.332
2026-02-11 23:00:00,5341.328,5360.849,5334.601,5348.112
2026-02-12 00:00:00,5348.097,5383.33,5347.684,5383.105
2026-02-12 01:00:00,5383.104,5385.933,5368.115,5380.05
2026-02-12 02:00:00,5380.048,5396.184,5365.51,5395.413
2026-02-12 03:00:00,5395.41,5404.079,5382.568,5393.537
2026-02-12 04:00:00,5393.531,5408.082,5373.93,5393.955
2026-02-12 05:00:00,5393.935,5407.277,5388.091,5388.206
2026-02-12 06:00:00,5388.196,5405.246,5369.104,5404.325
2026-02-12 07:00:00,5404.32,5454.655,5392.966,5444.788
2026-02-12 08:00:00,5444.77,5472.236,5440.541,5458.528
2026-02-12 09:00:00,5458.514,5459.346,5439.635,5439.635
2026-02-12 10:00:00,5439.633,5444.223,5426.167,5443.416
2026-02-12 11:00:00,5443.414,5446.147,5420.632,5420.632
2026-02-12 12:00:00,5420.624,5439.205,5414.194,5435.385
2026-02-12 13:00:00,5435.381,5450.684,5424.059,5436.891
2026-02-12 14:00:00,5436.875,5457.664,5434.962,5443.918
2026-02-12 15:00:00,5443.905,5447.075,5429.42,5443.153
2026-02-12 16:00:00,5443.148,5511.701,5434.252,5502.467
2026-02-12 17:00:00,5502.465,5502.465,5477.616,5477.616
2026-02-12 18:00:00,5477.598,5484.038,5460.472,5480.136
2026-02-12 19:00:00,5480.128,5482.608,5468.916,5476.491
2026-02-12 20:00:00,5476.487,5476.487,5450.639,5465.433
2026-02-12 21:00:00,5465.416,5477.357,5461.3,5470.226
2026-02-12 22:00:00,5470.212,5470.212,5448.693,5448.693
2026-02-12 23:00:00,5448.674,5469.002,5445.936,5454.766
2026-02-13 00:00:00,5454.765,5465.701,5448.854,5463.668
2026-02-13 01:00:00,5463.641,5476.937,5457.883,5466.519
2026-02-13 02:00:00,5466.506,5466.506,5446.571,5446.571
2026-02-13 03:00:00,5446.555,5446.555,5425.596,5441.808
2026-02-13 04:00:00,5441.798,5441.798,5425.19,5425.19
2026-02-13 05:00:00,5425.186,5435.981,5420.596,5434.194
2026-02-13 06:00:00,5434.184,5434.184,5415.5,5419.506
2026-02-13 07:00:00,5419.483,5419.483,5386.24,5398.461
2026-02-13 08:00:00,5398.454,5399.521,5375.334,5375.334
2026-02-13 09:00:00,5375.314,5379.202,5367.96,5373.698
2026-02-13 10:00:00,5373.678,5380.638,5349.724,5349.724
2026-02-13 11:00:00,5349.722,5357.003,5339.486,5349.982
2026-02-13 12:00:00,5349.969,5368.046,5348.379,5365.851
2026-02-13 13:00:00,5365.845,5371.604,5344.057,5351.58
2026-02-13 14:00:00,5351.566,5356.351,5337.377,5337.377
2026-02-13 15:00:00,5337.37,5337.37,5309.188,5309.188
2026-02-13 16:00:00,5309.185,5329.782,5303.72,5316.567
2026-02-13 17:00:00,5316.561,5319.411,5291.733,5294.142
2026-02-13 18:00:00,5294.141,5305.454,5289.623,5298.276
2026-02-13 19:00:00,5298.264,5313.232,5289.369,5289.369
2026-02-13 20:00:00,5289.357,5294.372,5277.653,5288.947
2026-02-13 21:00:00,5288.939,5296.135,5278.035,5278.035
2026-02-13 22:00:00,5278.012,5285.666,5257.082,5283.489
2026-02-13 23:00:00,5283.477,5283.477,5262.475,5264.366
2026-02-14 00:00:00,5264.358,5272.113,5256.942,5267.662
2026-02-14 01:00:00,5267.648,5316.075,5264.048,5313.912
2026-02-14 02:00:00,5313.896,5313.896,5293.622,5293.622
2026-02-14 03:00:00,5293.613,5316.238,5292.837,5307.301
2026-02-14 04:00:00,5307.287,5351.829,5306.661,5343.621
2026-02-14 05:00:00,5343.596,5347.505,5323.121,5323.764
2026-02-14 06:00:00,5323.759,5323.759,5299.66,5301.803
2026-02-14 07:00:00,5301.79,5306.87,5280.404,5302.392
2026-02-14 08:00:00,5302.385,5302.385,5273.012,5273.825
2026-02-14 09:00:00,5273.807,5311.896,5264.365,5307.756
2026-02-14 10:00:00,5307.749,5327.822,5291.427,5322.908
2026-02-14 11:00:00,5322.893,5322.893,5306.374,5309.928
2026-02-14 12:00:00,5309.912,5311.915,5295.396,5296.275
2026-02-14 13:00:00,5296.258,5296.258,5276.832,5289.796
2026-02-14 14:00:00,5289.774,5346.379,5289.762,5345.97
2026-02-14 15:00:00,5345.968,5345.968,5318.964,5327.555
2026-02-14 16:00:00,5327.537,5341.864,5316.093,5327.989
2026-02-14 17:00:00,5327.966,5327.966,5309.951,5311.457
2026-02-14 18:00:00,5311.453,5329.768,5309.011,5328.168
2026-02-14 19:00:00,5328.161,5335.706,5321.476,5330.114
2026-02-14 20:00:00,5330.109,5341.214,5308.78,5312.333
2026-02-14 21:00:00,5312.322,5323.447,5302.941,5317.603
2026-02-14 22:00:00,5317.599,5337.077,5310.083,5325.463
2026-02-14 23:00:00,5325.454,5347.312,5322.95,5322.95
2026-02-15 00:00:00,5322.943,5345.176,5305.604,5337.038
2026-02-15 01:00:00,5337.029,5364.838,5333.625,5358.28
2026-02-15 02:00:00,5358.258,5376.953,5344.278,5375.701
2026-02-15 03:00:00,5375.689,5375.689,5353.975,5358.874
2026-02-15 04:00:00,5358.869,5366.397,5350.595,5358.595
2026-02-15 05:00:00,5358.575,5385.948,5352.973,5385.638
2026-02-15 06:00:00,5385.623,5385.623,5357.964,5357.964
2026-02-15 07:00:00,5357.948,5370.214,5342.632,5368.168
2026-02-15 08:00:00,5368.157,5379.477,5364.614,5366.915
2026-02-15 09:00:00,5366.908,5370.152,5348.349,5357.262
2026-02-15 10:00:00,5357.251,5379.333,5355.022,5366.065
2026-02-15 11:00:00,5366.058,5366.058,5351.567,5352.429
2026-02-15 12:00:00,5352.426,5363.974,5343.633,5356.604
2026-02-15 13:00:00,5356.594,5356.594,5333.778,5333.778
2026-02-15 14:00:00,5333.765,5345.697,5322.526,5339.369
2026-02-15 15:00:00,5339.35,5385.459,5338.455,5383.504
2026-02-15 16:00:00,5383.492,5383.492,5364.712,5371.597
2026-02-15 17:00:00,5371.581,5387.409,5363.485,5384.886
2026-02-15 18:00:00,5384.879,5389.523,5370.397,5375.14
2026-02-15 19:00:00,5375.132,5409.606,5367.576,5406.068
2026-02-15 20:00:00,5406.063,5408.661,5381.276,5398.914
2026-02-15 21:00:00,5398.897,5413.449,5391.38,5411.2
2026-02-15 22:00:00,5411.188,5440.853,5405.924,5439.546
2026-02-15 23:00:00,5439.536,5439.536,5418.865,5424.72
2026-02-16 00:00:00,5424.704,5424.704,5409.285,5418.504
2026-02-16 01:00:00,5418.499,5428.105,5404.509,5415.151
2026-02-16 02:00:00,5415.143,5443.875,5409.503,5432.724
2026-02-16 03:00:00,5432.716,5443.254,5422.007,5442.657
2026-02-16 04:00:00,5442.651,5450.901,5433.015,5441.845
2026-02-16 05:00:00,5441.832,5472.925,5438.212,5464.975
2026-02-16 06:00:00,5464.962,5467.26,5440.601,5442.479
2026-02-16 07:00:00,5442.478,5461.237,5438.86,5446.242
2026-02-16 08:00:00,5446.228,5452.335,5431.653,5450.202
2026-02-16 09:00:00,5450.186,5452.946,5432.037,5439.799
2026-02-16 10:00:00,5439.79,5456.476,5422.808,5443.218
2026-02-16 11:00:00,5443.21,5451.764,5426.738,5451.513
2026-02-16 12:00:00,5451.512,5451.512,5430.873,5434.969
2026-02-16 13:00:00,5434.948,5442.379,5421.504,5442.154
2026-02-16 14:00:00,5442.136,5476.021,5435.617,5470.962
2026-02-16 15:00:00,5470.952,5470.952,5440.692,5440.692
2026-02-16 16:00:00,5440.687,5459.436,5435.681,5454.17
2026-02-16 17:00:00,5454.16,5467.533,5445.841,5446.698
2026-02-16 18:00:00,5446.686,5499.812,5442.415,5498.125
2026-02-16 19:00:00,5498.12,5515.395,5492.865,5511.66
2026-02-16 20:00:00,5511.645,5547.277,5509.221,5539.009
2026-02-16 21:00:00,5539.0,5539.319,5504.749,5504.749
2026-02-16 22:00:00,5504.74,5510.85,5497.009,5499.226
2026-02-16 23:00:00,5499.204,5503.319,5481.948,5503.025
2026-02-17 00:00:00,5503.001,5505.83,5487.726,5489.818
2026-02-17 01:00:00,5489.81,5501.546,5478.556,5497.308
2026-02-17 02:00:00,5497.287,5498.162,5471.692,5496.531
2026-02-17 03:00:00,5496.517,5511.404,5490.598,5500.944
2026-02-17 04:00:00,5500.94,5535.511,5495.624,5532.43
2026-02-17 05:00:00,5532.417,5536.144,5507.034,5507.034
2026-02-17 06:00:00,5507.032,5518.666,5499.811,5511.731
2026-02-17 07:00:00,5511.73,5511.73,5488.304,5499.161
2026-02-17 08:00:00,5499.151,5519.288,5493.765,5503.269
2026-02-17 09:00:00,5503.259,5508.491,5485.23,5494.48
2026-02-17 10:00:00,5494.479,5538.739,5491.535,5534.59
2026-02-17 11:00:00,5534.576,5546.463,5532.682,5536.405
2026-02-17 12:00:00,5536.381,5550.287,5526.352,5542.283
2026-02-17 13:00:00,5542.28,5547.105,5526.47,5532.649
2026-02-17 14:00:00,5532.643,5558.627,5525.565,5549.032
2026-02-17 15:00:00,5549.029,5557.558,5533.779,5533.779
2026-02-17 16:00:00,5533.767,5560.841,5530.746,5560.218
2026-02-17 17:00:00,5560.217,5570.778,5549.404,5551.228
2026-02-17 18:00:00,5551.227,5563.757,5535.69,5556.518
2026-02-17 19:00:00,5556.509,5562.101,5541.876,5541.876
2026-02-17 20:00:00,5541.865,5550.435,5525.24,5529.542
2026-02-17 21:00:00,5529.524,5538.018,5518.661,5527.616
2026-02-17 22:00:00,5527.614,5540.453,5525.706,5527.012
2026-02-17 23:00:00,5527.011,5535.576,5515.465,5515.465
2026-02-18 00:00:00,5515.455,5516.831,5501.303,5503.807
2026-02-18 01:00:00,5503.795,5516.13,5498.002,5510.579
2026-02-18 02:00:00,5510.564,5556.072,5506.116,5553.443
2026-02-18 03:00:00,5553.426,5553.426,5527.094,5527.094
2026-02-18 04:00:00,5527.085,5527.732,5495.229,5495.229
2026-02-18 05:00:00,5495.216,5495.776,5479.876,5482.312
2026-02-18 06:00:00,5482.299,5482.299,5467.338,5471.94
2026-02-18 07:00:00,5471.925,5480.524,5464.024,5474.362
2026-02-18 08:00:00,5474.338,5494.661,5466.788,5489.259
2026-02-18 09:00:00,5489.237,5514.628,5480.238,5509.875
2026-02-18 10:00:00,5509.867,5544.887,5502.961,5538.804
2026-02-18 11:00:00,5538.796,5538.796,5504.516,5504.516
2026-02-18 12:00:00,5504.504,5508.359,5487.538,5488.517
2026-02-18 13:00:00,5488.496,5488.496,5468.486,5470.269
2026-02-18 14:00:00,5470.253,5490.781,5458.573,5488.019
2026-02-18 15:00:00,5487.999,5487.999,5470.046,5478.007
2026-02-18 16:00:00,5478.005,5487.422,5464.526,5478.514
2026-02-18 17:00:00,5478.506,5480.007,5461.782,5475.204
2026-02-18 18:00:00,5475.189,5482.425,5462.89,5479.699
2026-02-18 19:00:00,5479.69,5480.446,5457.881,5457.881
2026-02-18 20:00:00,5457.871,5457.871,5428.848,5432.503
2026-02-18 21:00:00,5432.496,5432.496,5405.681,5405.681
2026-02-18 22:00:00,5405.673,5412.354,5390.557,5395.032
2026-02-18 23:00:00,5395.022,5416.547,5385.982,5404.979
2026-02-19 00:00:00,5404.97,5424.861,5400.704,5409.866
2026-02-19 01:00:00,5409.858,5419.391,5400.985,5404.203
2026-02-19 02:00:00,5404.189,5404.479,5386.089,5386.089
2026-02-19 03:00:00,5386.086,5392.677,5376.74,5382.201
2026-02-19 04:00:00,5388.432,5388.432,5361.576,5361.576
2026-02-19 05:00:00,5361.562,5376.733,5337.623,5375.535
2026-02-19 06:00:00,5375.526,5402.889,5375.249,5386.569
2026-02-19 07:00:00,5386.551,5391.725,5364.394,5365.59
2026-02-19 08:00:00,5365.577,5396.311,5360.354,5393.302
2026-02-19 09:00:00,5393.29,5400.796,5385.835,5385.835
2026-02-19 10:00:00,5385.819,5385.819,5361.244,5374.525
2026-02-19 11:00:00,5374.508,5374.508,5354.169,5354.169
2026-02-19 12:00:00,5354.157,5354.157,5342.549,5344.589
2026-02-19 13:00:00,5344.568,5369.513,5338.615,5365.117
2026-02-19 14:00:00,5365.114,5368.639,5347.789,5358.387
2026-02-19 15:00:00,5358.375,5369.19,5352.763,5360.889
2026-02-19 16:00:00,5360.879,5360.879,5349.208,5353.64
2026-02-19 17:00:00,5353.625,5359.281,5331.758,5337.368
2026-02-19 18:00:00,5337.368,5337.368,5314.272,5314.272
2026-02-19 19:00:00,5314.27,5334.231,5314.001,5318.187
2026-02-19 20:00:00,5318.187,5333.024,5312.864,5325.032
2026-02-19 21:00:00,5325.019,5332.829,5317.523,5332.36
2026-02-19 22:00:00,5332.342,5348.833,5314.202,5344.841
2026-02-19 23:00:00,5344.818,5367.17,5341.9,5357.353
2026-02-20 00:00:00,5357.351,5387.171,5356.53,5382.69
2026-02-20 01:00:00,5382.684,5393.738,5370.847,5381.85
2026-02-20 02:00:00,5381.824,5385.314,5366.004,5366.123
2026-02-20 03:00:00,5366.116,5366.116,5352.282,5354.713
2026-02-20 04:00:00,5354.687,5382.366,5340.618,5380.53
2026-02-20 05:00:00,5380.51,5427.884,5377.94,5425.991
2026-02-20 06:00:00,5425.981,5426.142,5411.825,5411.825
2026-02-20 07:00:00,5411.806,5414.081,5400.173,5404.778
2026-02-20 08:00:00,5404.764,5447.834,5401.856,5433.62
2026-02-20 09:00:00,5433.62,5438.7,5409.691,5409.691
2026-02-20 10:00:00,5409.678,5433.021,5409.364,5424.676
2026-02-20 11:00:00,5424.656,5432.972,5406.194,5406.194
2026-02-20 12:00:00,5406.185,5449.49,5406.043,5447.538
2026-02-20 13:00:00,5447.536,5454.294,5437.364,5440.376
2026-02-20 14:00:00,5440.354,5442.442,5419.089,5419.089
2026-02-20 15:00:00,5419.064,5449.1,5415.572,5444.243
2026-02-20 16:00:00,5444.238,5444.238,5422.371,5422.371
2026-02-20 17:00:00,5422.365,5426.67,5399.076,5399.076
2026-02-20 18:00:00,5399.062,5407.187,5387.231,5389.549
2026-02-20 19:00:00,5389.547,5389.547,5374.341,5383.377
2026-02-20 20:00:00,5383.35,5383.35,5347.758,5368.602
2026-02-20 21:00:00,5368.599,5401.694,5362.632,5397.695
2026-02-20 22:00:00,5397.69,5427.533,5393.459,5426.41
2026-02-20 23:00:00,5426.403,5432.7,5410.937,5410.937
2026-02-21 00:00:00,5410.922,5420.842,5405.668,5405.668
2026-02-21 01:00:00,5405.653,5415.527,5390.183,5401.56
2026-02-21 02:00:00,5401.539,5430.161,5391.859,5422.308
2026-02-21 03:00:00,5422.294,5436.21,5417.027,5421.91
2026-02-21 04:00:00,5421.908,5421.908,5403.73,5416.44
2026-02-21 05:00:00,5416.431,5432.832,5414.557,5428.08
2026-02-21 06:00:00,5428.079,5453.411,5414.593,5445.247
2026-02-21 07:00:00,5445.238,5474.878,5440.458,5473.434
2026-02-21 08:00:00,5473.416,5524.825,5470.994,5523.201
2026-02-21 09:00:00,5523.189,5523.189,5493.036,5494.326
2026-02-21 10:00:00,5494.313,5495.878,5479.508,5492.428
2026-02-21 11:00:00,5492.401,5492.837,5480.086,5487.596
2026-02-21 12:00:00,5487.579,5496.071,5472.797,5492.462
2026-02-21 13:00:00,5492.453,5493.531,5476.158,5478.637
2026-02-21 14:00:00,5478.632,5496.26,5476.037,5480.781
2026-02-21 15:00:00,5480.776,5481.978,5457.329,5468.676
2026-02-21 16:00:00,5468.675,5488.316,5459.984,5486.172
2026-02-21 17:00:00,5486.165,5522.224,5481.229,5513.512
2026-02-21 18:00:00,5513.495,5533.837,5511.581,5529.014
2026-02-21 19:00:00,5529.008,5553.093,5516.591,5547.32
2026-02-21 20:00:00,5547.307,5575.205,5541.241,5571.416
2026-02-21 21:00:00,5571.408,5571.408,5551.456,5566.215
2026-02-21 22:00:00,5566.209,5580.031,5553.664,5553.664
2026-02-21 23:00:00,5553.655,5570.423,5551.929,5553.099
2026-02-22 00:00:00,5553.091,5583.605,5544.387,5567.597
2026-02-22 01:00:00,5567.577,5567.577,5550.82,5550.82
2026-02-22 02:00:00,5550.802,5573.278,5543.364,5569.638
2026-02-22 03:00:00,5569.609,5569.609,5544.368,5553.595
2026-02-22 04:00:00,5553.586,5567.535,5541.368,5541.368
2026-02-22 05:00:00,5541.342,5541.342,5508.674,5513.902
2026-02-22 06:00:00,5513.893,5529.273,5499.566,5521.18
2026-02-22 07:00:00,5521.16,5524.503,5508.366,5515.906
2026-02-22 08:00:00,5515.893,5549.017,5512.368,5546.955
2026-02-22 09:00:00,5546.947,5546.947,5522.666,5541.959
2026-02-22 10:00:00,5541.95,5555.619,5537.693,5538.87
2026-02-22 11:00:00,5538.854,5546.287,5530.202,5539.063
2026-02-22 12:00:00,5539.026,5541.484,5522.53,5536.581
2026-02-22 13:00:00,5536.568,5555.831,5535.647,5537.158
2026-02-22 14:00:00,5537.151,5552.314,5521.711,5543.501
2026-02-22 15:00:00,5543.48,5552.608,5519.075,5519.075
2026-02-22 16:00:00,5519.061,5529.079,5508.0,5516.294
2026-02-22 17:00:00,5516.285,5554.392,5513.537,5553.978
2026-02-22 18:00:00,5553.951,5595.793,5550.809,5585.231
2026-02-22 19:00:00,5585.217,5615.522,5581.249,5588.414
2026-02-22 20:00:00,5588.411,5600.461,5580.339,5595.603
2026-02-22 21:00:00,5595.581,5597.529,5577.331,5591.44
2026-02-22 22:00:00,5591.422,5616.941,5586.785,5614.88
2026-02-22 23:00:00,5614.875,5614.875,5583.65,5584.33
2026-02-23 00:00:00,5584.308,5599.789,5570.865,5597.055
2026-02-23 01:00:00,5597.047,5614.454,5585.022,5611.678
2026-02-23 02:00:00,5611.673,5636.397,5610.629,5627.638
2026-02-23 03:00:00,5627.617,5654.084,5627.316,5642.152
2026-02-23 04:00:00,5642.137,5650.183,5622.073,5633.077
2026-02-23 05:00:00,5633.055,5633.055,5611.318,5618.279
2026-02-23 06:00:00,5618.277,5618.277,5590.77,5609.657
2026-02-23 07:00:00,5609.651,5611.458,5594.668,5605.47
2026-02-23 08:00:00,5605.466,5608.756,5584.619,5584.619
2026-02-23 09:00:00,5584.612,5588.061,5563.92,5586.661
2026-02-23 10:00:00,5586.651,5623.069,5577.645,5620.47
2026-02-23 11:00:00,5620.467,5631.484,5607.65,5607.65
2026-02-23 12:00:00,5607.632,5642.153,5601.243,5637.494
2026-02-23 13:00:00,5637.483,5662.964,5633.935,5656.142
2026-02-23 14:00:00,5656.141,5681.554,5641.471,5679.193
2026-02-23 15:00:00,5679.176,5692.843,5669.573,5669.573
2026-02-23 16:00:00,5669.555,5679.534,5650.532,5656.962
2026-02-23 17:00:00,5656.946,5684.197,5647.782,5683.915
2026-02-23 18:00:00,5683.898,5687.569,5671.209,5671.209
2026-02-23 19:00:00,5671.202,5688.796,5668.178,5688.38
2026-02-23 20:00:00,5688.354,5688.354,5668.618,5679.118
2026-02-23 21:00:00,5679.096,5686.212,5656.772,5663.969
2026-02-23 22:00:00,5663.949,5688.628,5656.104,5686.197
2026-02-23 23:00:00,5686.194,5693.688,5675.648,5683.993
2026-02-24 00:00:00,5683.99,5721.947,5681.962,5718.043
2026-02-24 01:00:00,5718.025,5732.279,5715.552,5716.843
2026-02-24 02:00:00,5716.838,5732.333,5706.303,5728.899
2026-02-24 03:00:00,5728.892,5755.405,5724.348,5740.433
2026-02-24 04:00:00,5740.426,5761.888,5735.425,5756.172
2026-02-24 05:00:00,5756.17,5763.148,5749.706,5757.611
2026-02-24 06:00:00,5757.593,5761.899,5729.528,5729.528
2026-02-24 07:00:00,5729.514,5729.514,5702.163,5702.163
2026-02-24 08:00:00,5702.154,5707.821,5689.65,5689.65
2026-02-24 09:00:00,5689.636,5689.636,5658.305,5674.148
2026-02-24 10:00:00,5674.124,5674.124,5650.37,5653.389
2026-02-24 11:00:00,5653.366,5653.652,5634.506,5639.282
2026-02-24 12:00:00,5639.28,5639.28,5616.497,5618.515
2026-02-24 13:00:00,5618.495,5618.495,5591.389,5591.389
2026-02-24 14:00:00,5591.381,5608.008,5590.515,5590.515
2026-02-24 15:00:00,5590.51,5590.683,5571.916,5588.589
2026-02-24 16:00:00,5588.587,5614.556,5577.582,5608.342
2026-02-24 17:00:00,5608.324,5610.609,5593.37,5603.006
2026-02-24 18:00:00,5602.992,5606.398,5587.968,5605.119
2026-02-24 19:00:00,5605.113,5634.854,5602.764,5607.84
2026-02-24 20:00:00,5607.839,5615.429,5592.63,5593.033
2026-02-24 21:00:00,5593.026,5618.555,5592.923,5604.457
2026-02-24 22:00:00,5604.45,5614.812,5594.331,5614.391
2026-02-24 23:00:00,5614.362,5637.297,5608.501,5627.987
2026-02-25 00:00:00,5627.984,5633.288,5614.473,5631.363
2026-02-25 01:00:00,5631.343,5632.619,5610.169,5610.427
2026-02-25 02:00:00,5610.417,5641.267,5599.604,5639.516
2026-02-25 03:00:00,5639.498,5678.472,5630.27,5668.368
2026-02-25 04:00:00,5668.35,5673.495,5656.051,5661.479
2026-02-25 05:00:00,5661.461,5664.007,5637.218,5641.046
2026-02-25 06:00:00,5641.04,5650.8,5629.226,5638.282
2026-02-25 07:00:00,5638.278,5639.415,5613.203,5613.203
2026-02-25 08:00:00,5613.188,5629.364,5606.389,5625.47
2026-02-25 09:00:00,5625.457,5630.612,5612.885,5617.994
2026-02-25 10:00:00,5617.987,5617.987,5591.574,5595.084
2026-02-25 11:00:00,5595.075,5606.871,5583.12,5606.851
2026-02-25 12:00:00,5606.845,5606.845,5588.505,5595.982
2026-02-25 13:00:00,5595.976,5595.976,5565.554,5570.926
2026-02-25 14:00:00,5570.913,5573.016,5546.109,5550.28
2026-02-25 15:00:00,5550.258,5567.34,5539.24,5564.67
2026-02-25 16:00:00,5564.653,5575.119,5546.584,5562.967
2026-02-25 17:00:00,5562.963,5575.76,5559.211,5568.607
2026-02-25 18:00:00,5568.603,5568.603,5553.8,5559.306
2026-02-25 19:00:00,5559.278,5581.545,5551.45,5579.711
2026-02-25 20:00:00,5579.695,5595.201,5574.271,5575.355
2026-02-25 21:00:00,5575.351,5597.604,5568.363,5589.54
2026-02-25 22:00:00,5589.529,5615.112,5577.775,5614.111
2026-02-25 23:00:00,5614.099,5630.419,5603.701,5618.593
2026-02-26 00:00:00,5618.585,5640.631,5598.373,5639.906
2026-02-26 01:00:00,5639.89,5654.575,5631.378,5645.779
2026-02-26 02:00:00,5645.776,5658.478,5634.363,5655.584
2026-02-26 03:00:00,5655.576,5655.576,5620.259,5622.21
2026-02-26 04:00:00,5622.199,5640.486,5600.707,5637.803
2026-02-26 05:00:00,5637.785,5646.537,5620.917,5637.789
2026-02-26 06:00:00,5637.777,5645.631,5631.021,5631.021
2026-02-26 07:00:00,5631.007,5652.43,5622.228,5645.266
2026-02-26 08:00:00,5645.259,5648.804,5617.684,5634.592
2026-02-26 09:00:00,5634.583,5639.781,5623.023,5628.92
2026-02-26 10:00:00,5628.913,5645.574,5616.119,5616.119
2026-02-26 11:00:00,5616.109,5622.785,5598.523,5598.523
2026-02-26 12:00:00,5598.519,5641.259,5595.185,5627.295
2026-02-26 13:00:00,5627.289,5644.82,5626.856,5634.373
2026-02-26 14:00:00,5634.361,5634.361,5597.413,5597.413
2026-02-26 15:00:00,5597.4,5623.034,5589.69,5607.792
2026-02-26 16:00:00,5607.788,5607.788,5588.68,5588.68
2026-02-26 17:00:00,5588.668,5595.105,5567.381,5591.182
2026-02-26 18:00:00,5591.17,5591.474,5569.393,5569.393
2026-02-26 19:00:00,5569.383,5598.7,5569.143,5583.147
2026-02-26 20:00:00,5583.137,5586.945,5557.857,5581.572
2026-02-26 21:00:00,5581.567,5596.323,5578.74,5581.951
2026-02-26 22:00:00,5581.937,5621.74,5579.737,5597.727
2026-02-26 23:00:00,5597.719,5597.719,5573.24,5581.079
2026-02-27 00:00:00,5581.06,5609.786,5580.819,5601.435
2026-02-27 01:00:00,5601.424,5614.928,5583.464,5611.661
2026-02-27 02:00:00,5611.659,5622.479,5601.568,5614.779
2026-02-27 03:00:00,5614.778,5619.452,5601.49,5601.737
2026-02-27 04:00:00,5601.699,5602.423,5576.789,5600.861
2026-02-27 05:00:00,5600.86,5619.115,5595.905,5613.295
2026-02-27 06:00:00,5613.294,5626.224,5610.405,5616.266
2026-02-27 07:00:00,5616.257,5629.06,5611.468,5612.657
2026-02-27 08:00:00,5612.653,5633.563,5600.835,5616.388
2026-02-27 09:00:00,5616.378,5629.63,5608.993,5621.283
2026-02-27 10:00:00,5621.282,5627.686,5607.094,5614.332
2026-02-27 11:00:00,5614.315,5614.613,5588.912,5588.912
2026-02-27 12:00:00,5588.91,5626.919,5583.883,5622.388
2026-02-27 13:00:00,5622.367,5622.367,5592.871,5597.634
2026-02-27 14:00:00,5597.625,5632.619,5590.192,5625.621
2026-02-27 15:00:00,5625.617,5650.262,5622.643,5648.317
2026-02-27 16:00:00,5648.292,5660.186,5641.141,5647.879
2026-02-27 17:00:00,5647.872,5647.872,5631.238,5635.63
2026-02-27 18:00:00,5635.623,5641.844,5616.237,5640.957
2026-02-27 19:00:00,5640.939,5640.939,5616.355,5618.262
2026-02-27 20:00:00,5618.253,5626.124,5608.733,5608.733
2026-02-27 21:00:00,5608.723,5635.865,5604.828,5620.881
2026-02-27 22:00:00,5620.873,5641.453,5615.523,5630.719
2026-02-27 23:00:00,5630.701,5636.318,5615.519,5634.199
2026-02-28 00:00:00,5634.19,5637.61,5609.273,5615.733
2026-02-28 01:00:00,5615.725,5625.093,5609.113,5613.172
2026-02-28 02:00:00,5613.157,5619.782,5591.626,5614.212
2026-02-28 03:00:00,5614.197,5614.197,5594.143,5607.538
2026-02-28 04:00:00,5607.519,5631.258,5603.356,5620.118
2026-02-28 05:00:00,5620.113,5627.056,5609.615,5626.658
2026-02-28 06:00:00,5626.643,5648.633,5623.109,5639.495
2026-02-28 07:00:00,5639.473,5648.21,5618.372,5618.372
2026-02-28 08:00:00,5618.364,5648.186,5617.801,5637.279
2026-02-28 09:00:00,5637.268,5637.268,5616.702,5620.723
2026-02-28 10:00:00,5620.715,5620.715,5596.568,5601.405
2026-02-28 11:00:00,5601.404,5603.269,5587.569,5587.569
2026-02-28 12:00:00,5587.56,5587.56,5568.121,5579.459
2026-02-28 13:00:00,5579.457,5599.115,5572.643,5595.901
2026-02-28 14:00:00,5595.89,5595.89,5573.809,5576.591
2026-02-28 15:00:00,5576.585,5587.385,5566.651,5577.875
2026-02-28 16:00:00,5577.86,5621.762,5576.042,5612.708
2026-02-28 17:00:00,5612.704,5630.677,5611.737,5615.174
2026-02-28 18:00:00,5615.174,5615.174,5589.661,5608.175
2026-02-28 19:00:00,5608.168,5611.892,5597.297,5604.969
2026-02-28 20:00:00,5604.959,5611.184,5582.246,5611.166
2026-02-28 21:00:00,5611.149,5611.149,5586.119,5597.328
2026-02-28 22:00:00,5597.316,5597.316,5568.925,5568.925
2026-02-28 23:00:00,5568.918,5573.237,5545.937,5554.221
2026-03-01 00:00:00,5554.211,5566.421,5548.642,5557.954
2026-03-01 01:00:00,5557.937,5583.004,5554.675,5557.469
2026-03-01 02:00:00,5557.458,5564.742,5537.984,5537.984
2026-03-01 03:00:00,5537.955,5541.389,5515.889,5529.105
2026-03-01 04:00:00,5529.093,5553.717,5524.587,5540.485
2026-03-01 05:00:00,5540.458,5551.973,5527.939,5548.914
2026-03-01 06:00:00,5548.909,5569.493,5543.378,5557.356
2026-03-01 07:00:00,5557.338,5557.338,5540.368,5554.246
2026-03-01 08:00:00,5554.227,5576.572,5551.78,5574.641
2026-03-01 09:00:00,5574.625,5589.383,5570.086,5570.086
2026-03-01 10:00:00,5570.083,5579.005,5557.678,5558.971
2026-03-01 11:00:00,5558.951,5581.81,5558.933,5574.248
2026-03-01 12:00:00,5574.24,5581.716,5565.935,5570.226
2026-03-01 13:00:00,5570.223,5580.743,5560.144,5568.726
2026-03-01 14:00:00,5568.706,5574.666,5556.867,5560.22
2026-03-01 15:00:00,5560.198,5564.891,5545.007,5555.682
2026-03-01 16:00:00,5555.679,5555.679,5528.471,5533.821
2026-03-01 17:00:00,5533.817,5550.591,5526.797,5527.527
2026-03-01 18:00:00,5527.513,5535.178,5511.12,5534.271
2026-03-01 19:00:00,5534.265,5541.541,5521.173,5526.517
2026-03-01 20:00:00,5526.505,5527.042,5503.242,5516.565
2026-03-01 21:00:00,5516.553,5516.553,5491.208,5491.208
2026-03-01 22:00:00,5491.19,5521.046,5485.691,5508.459
2026-03-01 23:00:00,5508.453,5508.453,5492.084,5495.345
2026-03-02 00:00:00,5495.332,5498.553,5468.914,5476.364
2026-03-02 01:00:00,5476.352,5511.375,5474.954,5500.926
2026-03-02 02:00:00,5500.917,5511.96,5499.822,5508.295
2026-03-02 03:00:00,5508.283,5514.152,5498.478,5508.741
2026-03-02 04:00:00,5508.73,5509.567,5490.678,5496.427
2026-03-02 05:00:00,5496.418,5503.337,5479.751,5501.87
2026-03-02 06:00:00,5501.868,5513.528,5484.528,5484.528
2026-03-02 07:00:00,5484.517,5484.587,5463.13,5472.763
2026-03-02 08:00:00,5472.748,5478.347,5462.48,5473.847
2026-03-02 09:00:00,5473.824,5473.824,5449.714,5449.836
2026-03-02 10:00:00,5449.83,5466.293,5435.408,5437.362
2026-03-02 11:00:00,5437.354,5449.487,5426.159,5427.672
2026-03-02 12:00:00,5427.67,5429.819,5410.761,5412.838
2026-03-02 13:00:00,5412.827,5418.869,5396.014,5414.161
2026-03-02 14:00:00,5414.149,5414.149,5383.197,5398.479
2026-03-02 15:00:00,5398.474,5420.917,5391.93,5411.335
2026-03-02 16:00:00,5411.319,5432.864,5410.732,5424.671
2026-03-02 17:00:00,5424.67,5424.67,5405.714,5411.896
2026-03-02 18:00:00,5411.892,5435.797,5410.151,5416.073
2026-03-02 19:00:00,5416.058,5416.058,5400.79,5405.816
2026-03-02 20:00:00,5405.814,5429.855,5403.412,5423.368
2026-03-02 21:00:00,5423.357,5423.357,5403.634,5405.847
2026-03-02 22:00:00,5405.837,5407.338,5384.342,5385.672
2026-03-02 23:00:00,5385.661,5412.59,5379.681,5405.77
2026-03-03 00:00:00,5405.766,5460.054,5403.601,5447.847
2026-03-03 01:00:00,5447.83,5454.801,5433.154,5435.657
2026-03-03 02:00:00,5435.651,5438.141,5413.015,5423.39
2026-03-03 03:00:00,5423.383,5439.49,5423.383,5430.124
2026-03-03 04:00:00,5430.122,5438.455,5418.656,5418.656
2026-03-03 05:00:00,5418.654,5440.638,5408.481,5431.4
2026-03-03 06:00:00,5431.392,5439.502,5425.257,5436.967
2026-03-03 07:00:00,5436.944,5440.765,5425.826,5425.826
2026-03-03 08:00:00,5425.824,5446.172,5425.23,5436.332
2026-03-03 09:00:00,5436.327,5437.482,5417.38,5417.38
2026-03-03 10:00:00,5417.376,5432.738,5406.241,5416.734
2026-03-03 11:00:00,5416.725,5425.826,5416.326,5419.604
2026-03-03 12:00:00,5419.584,5434.127,5416.621,5420.366
2026-03-03 13:00:00,5420.357,5420.357,5405.356,5409.522
2026-03-03 14:00:00,5409.519,5425.664,5404.304,5420.822
2026-03-03 15:00:00,5420.813,5423.12,5402.087,5402.087
2026-03-03 16:00:00,5402.075,5402.075,5368.043,5370.034
2026-03-03 17:00:00,5370.031,5378.477,5359.282,5369.388
2026-03-03 18:00:00,5369.373,5369.373,5355.463,5355.679
2026-03-03 19:00:00,5355.679,5369.619,5337.791,5365.027
2026-03-03 20:00:00,5365.01,5375.34,5350.57,5374.633
2026-03-03 21:00:00,5374.623,5383.177,5360.394,5360.394
2026-03-03 22:00:00,5360.386,5360.454,5341.243,5341.243
2026-03-03 23:00:00,5341.231,5356.447,5339.896,5352.84
2026-03-04 00:00:00,5352.829,5360.952,5338.084,5338.084
2026-03-04 01:00:00,5338.058,5381.263,5330.171,5379.302
2026-03-04 02:00:00,5379.278,5402.506,5367.087,5399.786
2026-03-04 03:00:00,5399.78,5452.812,5396.152,5450.763
2026-03-04 04:00:00,5450.752,5464.24,5438.466,5440.005
2026-03-04 05:00:00,5439.998,5453.231,5433.679,5448.609
2026-03-04 06:00:00,5448.598,5451.213,5439.218,5449.321
2026-03-04 07:00:00,5449.315,5458.151,5439.421,5443.101
2026-03-04 08:00:00,5443.091,5443.091,5422.384,5429.281
2026-03-04 09:00:00,5429.277,5429.277,5408.576,5414.565
2026-03-04 10:00:00,5414.546,5423.574,5408.215,5414.785
2026-03-04 11:00:00,5414.765,5443.867,5413.513,5419.993
2026-03-04 12:00:00,5419.987,5435.233,5408.958,5408.958
2026-03-04 13:00:00,5408.952,5441.07,5402.414,5421.69
2026-03-04 14:00:00,5421.677,5434.489,5414.106,5432.595
2026-03-04 15:00:00,5432.568,5437.02,5417.051,5417.051
2026-03-04 16:00:00,5417.05,5417.05,5389.15,5389.15
2026-03-04 17:00:00,5389.138,5397.957,5375.831,5392.209
2026-03-04 18:00:00,5392.207,5425.334,5389.652,5419.602
2026-03-04 19:00:00,5419.602,5423.918,5403.604,5410.578
2026-03-04 20:00:00,5410.57,5424.0,5401.968,5417.416
2026-03-04 21:00:00,5417.413,5436.462,5407.695,5433.207
2026-03-04 22:00:00,5433.206,5468.854,5428.617,5457.791
2026-03-04 23:00:00,5457.769,5457.854,5440.97,5440.97
2026-03-05 00:00:00,5440.967,5448.094,5425.277,5444.929
2026-03-05 01:00:00,5444.924,5444.924,5421.009,5426.671
2026-03-05 02:00:00,5426.655,5426.655,5401.209,5407.473
2026-03-05 03:00:00,5407.466,5415.933,5402.513,5407.419
2026-03-05 04:00:00,5407.4,5418.671,5396.441,5401.421
2026-03-05 05:00:00,5401.41,5401.41,5377.509,5398.627
2026-03-05 06:00:00,5398.618,5408.244,5387.673,5395.216
2026-03-05 07:00:00,5395.193,5433.901,5395.006,5432.165
2026-03-05 08:00:00,5432.142,5459.852,5422.43,5446.556
2026-03-05 09:00:00,5446.542,5468.235,5437.866,5465.835
2026-03-05 10:00:00,5465.818,5471.359,5450.475,5453.241
2026-03-05 11:00:00,5453.216,5468.327,5449.216,5449.877
2026-03-05 12:00:00,5449.864,5456.326,5432.264,5432.264
2026-03-05 13:00:00,5432.254,5470.588,5428.004,5462.016
2026-03-05 14:00:00,5462.002,5468.963,5453.768,5460.46
2026-03-05 15:00:00,5460.456,5496.536,5456.487,5480.088
2026-03-05 16:00:00,5480.087,5493.204,5465.375,5489.033
2026-03-05 17:00:00,5489.031,5519.483,5487.087,5510.895
2026-03-05 18:00:00,5510.887,5526.886,5501.519,5521.327
2026-03-05 19:00:00,5521.318,5530.143,5502.685,5509.189
2026-03-05 20:00:00,5509.186,5513.971,5493.914,5495.938
2026-03-05 21:00:00,5495.928,5498.809,5475.421,5475.421
2026-03-05 22:00:00,5475.405,5498.109,5473.761,5485.281
2026-03-05 23:00:00,5485.273,5485.273,5463.674,5470.304
2026-03-06 00:00:00,5470.302,5470.302,5437.383,5437.383
2026-03-06 01:00:00,5437.37,5458.368,5433.51,5456.112
2026-03-06 02:00:00,5456.092,5459.085,5432.924,5433.281
2026-03-06 03:00:00,5433.262,5439.702,5419.238,5419.238
2026-03-06 04:00:00,5419.233,5429.75,5415.982,5419.548
2026-03-06 05:00:00,5419.54,5421.779,5398.018,5402.246
2026-03-06 06:00:00,5402.216,5419.612,5392.9,5416.85
2026-03-06 07:00:00,5416.835,5433.194,5403.609,5431.548
2026-03-06 08:00:00,5431.546,5438.167,5414.18,5422.174
2026-03-06 09:00:00,5422.173,5452.915,5413.989,5442.308
2026-03-06 10:00:00,5442.303,5467.098,5434.663,5458.41
2026-03-06 11:00:00,5458.399,5464.164,5444.716,5444.716
2026-03-06 12:00:00,5444.701,5452.38,5437.872,5449.717
2026-03-06 13:00:00,5449.702,5461.84,5444.892,5454.177
2026-03-06 14:00:00,5454.148,5454.148,5422.803,5424.384
2026-03-06 15:00:00,5424.368,5425.817,5403.669,5404.866
2026-03-06 16:00:00,5404.847,5424.312,5396.259,5396.259
2026-03-06 17:00:00,5396.232,5405.955,5383.089,5404.23
2026-03-06 18:00:00,5404.224,5404.224,5371.573,5379.15
2026-03-06 19:00:00,5379.145,5379.145,5351.935,5352.335
2026-03-06 20:00:00,5352.312,5352.312,5324.004,5324.004
2026-03-06 21:00:00,5323.997,5323.997,5298.131,5298.963
2026-03-06 22:00:00,5298.943,5298.943,5282.696,5282.696
2026-03-06 23:00:00,5282.677,5323.254,5276.751,5320.152
2026-03-07 00:00:00,5320.141,5336.25,5316.09,5332.248
2026-03-07 01:00:00,5332.237,5354.459,5326.572,5343.629
2026-03-07 02:00:00,5343.609,5357.123,5328.886,5328.886
2026-03-07 03:00:00,5328.885,5363.18,5316.582,5362.064
2026-03-07 04:00:00,5362.049,5370.884,5347.8,5368.189
2026-03-07 05:00:00,5368.168,5368.168,5351.489,5364.004
2026-03-07 06:00:00,5363.992,5368.03,5353.793,5358.673
2026-03-07 07:00:00,5358.664,5366.428,5349.551,5350.516
2026-03-07 08:00:00,5350.493,5361.047,5347.343,5355.118
2026-03-07 09:00:00,5355.101,5355.101,5322.88,5329.045
2026-03-07 10:00:00,5329.038,5353.885,5324.631,5328.137
2026-03-07 11:00:00,5328.126,5328.126,5301.27,5311.757
2026-03-07 12:00:00,5311.726,5311.726,5289.109,5293.743
2026-03-07 13:00:00,5293.739,5298.74,5286.085,5286.815
2026-03-07 14:00:00,5286.81,5289.704,5274.646,5284.733
2026-03-07 15:00:00,5284.706,5312.279,5281.424,5297.931
2026-03-07 16:00:00,5297.922,5324.162,5289.467,5322.11
2026-03-07 17:00:00,5322.105,5322.105,5289.632,5296.309
2026-03-07 18:00:00,5296.29,5312.358,5282.852,5304.218
2026-03-07 19:00:00,5304.204,5309.556,5287.23,5287.23
2026-03-07 20:00:00,5287.218,5289.218,5265.396,5271.814
2026-03-07 21:00:00,5271.806,5286.734,5257.922,5279.404
2026-03-07 22:00:00,5279.4,5283.484,5266.05,5277.678
2026-03-07 23:00:00,5277.677,5277.677,5258.196,5261.007
2026-03-08 00:00:00,5260.997,5286.141,5245.935,5280.655
2026-03-08 01:00:00,5280.654,5293.38,5264.72,5288.152
2026-03-08 02:00:00,5288.134,5315.518,5285.447,5310.077
2026-03-08 03:00:00,5310.067,5310.067,5281.074,5291.297
2026-03-08 04:00:00,5291.273,5307.216,5284.246,5298.763
2026-03-08 05:00:00,5298.76,5307.383,5293.491,5299.988
2026-03-08 06:00:00,5299.977,5321.765,5298.84,5319.094
2026-03-08 07:00:00,5319.08,5335.442,5313.78,5325.101
2026-03-08 08:00:00,5325.093,5336.299,5320.365,5328.856
2026-03-08 09:00:00,5328.849,5328.849,5305.838,5305.838
2026-03-08 10:00:00,5305.827,5310.412,5282.578,5299.066
2026-03-08 11:00:00,5299.065,5314.313,5291.76,5313.88
2026-03-08 12:00:00,5313.866,5374.579,5309.652,5369.242
2026-03-08 13:00:00,5369.221,5373.458,5358.246,5361.036
2026-03-08 14:00:00,5361.035,5373.414,5355.831,5361.452
2026-03-08 15:00:00,5361.449,5364.645,5348.595,5353.146
2026-03-08 16:00:00,5353.133,5353.788,5337.139,5347.859
2026-03-08 17:00:00,5347.853,5349.186,5338.248,5346.469
2026-03-08 18:00:00,5346.458,5393.54,5346.129,5392.283
2026-03-08 19:00:00,5392.279,5417.882,5392.113,5417.256
2026-03-08 20:00:00,5417.231,5417.231,5387.273,5387.273
2026-03-08 21:00:00,5387.266,5417.613,5381.505,5412.823
2026-03-08 22:00:00,5412.815,5424.464,5404.757,5411.649
2026-03-08 23:00:00,5411.636,5412.754,5393.412,5405.576
2026-03-09 00:00:00,5405.575,5405.575,5378.204,5378.204
2026-03-09 01:00:00,5378.198,5413.791,5363.568,5411.336
2026-03-09 02:00:00,5411.329,5411.329,5379.82,5379.82
2026-03-09 03:00:00,5379.803,5379.803,5353.357,5353.357
2026-03-09 04:00:00,5353.356,5357.474,5344.454,5350.371
2026-03-09 05:00:00,5350.369,5373.815,5338.357,5373.05
2026-03-09 06:00:00,5373.043,5400.425,5373.043,5385.96
2026-03-09 07:00:00,5385.947,5389.856,5371.145,5376.95
2026-03-09 08:00:00,5376.937,5391.506,5363.323,5382.598
2026-03-09 09:00:00,5382.59,5399.21,5381.33,5386.238
2026-03-09 10:00:00,5386.22,5398.814,5376.928,5379.067
2026-03-09 11:00:00,5379.054,5390.044,5372.141,5386.074
2026-03-09 12:00:00,5386.06,5386.06,5368.367,5375.735
2026-03-09 13:00:00,5375.726,5382.108,5365.783,5370.364
2026-03-09 14:00:00,5370.361,5385.726,5366.292,5366.292
2026-03-09 15:00:00,5366.26,5384.301,5355.78,5357.184
2026-03-09 16:00:00,5357.174,5368.145,5352.093,5363.097
2026-03-09 17:00:00,5363.091,5372.003,5352.232,5352.232
2026-03-09 18:00:00,5352.227,5358.669,5330.506,5331.618
2026-03-09 19:00:00,5331.604,5346.035,5329.458,5332.735
2026-03-09 20:00:00,5332.726,5348.545,5328.514,5344.493
2026-03-09 21:00:00,5344.474,5359.82,5338.335,5344.598
2026-03-09 22:00:00,5344.596,5350.189,5327.967,5327.967
2026-03-09 23:00:00,5327.955,5327.955,5305.123,5305.123
2026-03-10 00:00:00,5305.116,5339.551,5304.911,5332.452
2026-03-10 01:00:00,5332.429,5336.876,5320.466,5329.868
2026-03-10 02:00:00,5329.85,5351.976,5327.549,5336.966
2026-03-10 03:00:00,5336.951,5340.157,5326.352,5326.352
2026-03-10 04:00:00,5326.339,5337.054,5317.884,5328.372
2026-03-10 05:00:00,5328.371,5332.232,5310.774,5310.774
2026-03-10 06:00:00,5310.758,5319.351,5302.92,5305.351
2026-03-10 07:00:00,5305.335,5311.716,5289.959,5298.014
2026-03-10 08:00:00,5297.997,5306.322,5292.438,5303.861
2026-03-10 09:00:00,5303.855,5328.609,5298.651,5322.384
2026-03-10 10:00:00,5322.375,5334.497,5308.038,5308.038
2026-03-10 11:00:00,5308.031,5329.831,5305.408,5327.166
2026-03-10 12:00:00,5327.16,5335.974,5320.143,5327.237
2026-03-10 13:00:00,5327.23,5336.56,5316.391,5316.391
2026-03-10 14:00:00,5316.388,5316.388,5297.459,5305.605
2026-03-10 15:00:00,5305.587,5313.854,5297.176,5305.939
2026-03-10 16:00:00,5305.925,5305.925,5277.5,5277.5
2026-03-10 17:00:00,5277.493,5294.315,5274.841,5287.354
2026-03-10 18:00:00,5287.348,5296.496,5283.451,5285.235
2026-03-10 19:00:00,5285.235,5285.235,5256.27,5257.715
2026-03-10 20:00:00,5257.692,5257.692,5232.71,5232.71
2026-03-10 21:00:00,5232.706,5232.706,5220.012,5224.51
2026-03-10 22:00:00,5224.505,5241.852,5219.005,5235.046
2026-03-10 23:00:00,5235.016,5306.142,5228.321,5301.476
2026-03-11 00:00:00,5301.465,5302.057,5272.767,5272.767
2026-03-11 01:00:00,5272.744,5275.01,5261.083,5270.625
2026-03-11 02:00:00,5270.604,5304.628,5265.189,5291.819
2026-03-11 03:00:00,5291.798,5295.381,5272.249,5278.988
2026-03-11 04:00:00,5278.977,5300.223,5278.414,5291.174
2026-03-11 05:00:00,5291.172,5308.892,5282.037,5304.813
2026-03-11 06:00:00,5304.807,5325.597,5303.578,5315.803
2026-03-11 07:00:00,5315.799,5323.336,5309.292,5317.685
2026-03-11 08:00:00,5317.683,5320.822,5294.321,5294.321
2026-03-11 09:00:00,5294.308,5322.527,5291.1,5319.527
2026-03-11 10:00:00,5319.527,5333.49,5301.535,5328.144
2026-03-11 11:00:00,5328.106,5362.675,5325.175,5360.866
2026-03-11 12:00:00,5360.863,5375.643,5353.832,5368.164
2026-03-11 13:00:00,5368.149,5387.012,5357.605,5381.908
2026-03-11 14:00:00,5381.903,5414.613,5378.321,5406.754
2026-03-11 15:00:00,5406.742,5411.221,5397.234,5400.236
2026-03-11 16:00:00,5400.213,5400.213,5378.477,5387.397
2026-03-11 17:00:00,5387.36,5387.36,5371.515,5385.071
2026-03-11 18:00:00,5385.07,5415.405,5381.847,5398.335
2026-03-11 19:00:00,5398.329,5398.329,5382.598,5382.598
2026-03-11 20:00:00,5382.595,5414.805,5377.351,5398.365
2026-03-11 21:00:00,5398.35,5401.965,5385.525,5385.525
2026-03-11 22:00:00,5385.515,5385.515,5357.972,5357.972
2026-03-11 23:00:00,5357.964,5357.964,5336.365,5336.365
2026-03-12 00:00:00,5336.354,5337.915,5319.392,5327.774
2026-03-12 01:00:00,5327.765,5337.294,5324.769,5333.537
2026-03-12 02:00:00,5333.534,5335.207,5312.211,5316.858
2026-03-12 03:00:00,5316.852,5325.0,5309.736,5320.631
2026-03-12 04:00:00,5320.629,5325.256,5307.923,5307.923
2026-03-12 05:00:00,5307.921,5317.279,5293.096,5293.096
2026-03-12 06:00:00,5293.082,5309.281,5282.561,5297.635
2026-03-12 07:00:00,5297.615,5312.196,5295.113,5306.989
2026-03-12 08:00:00,5306.986,5315.282,5301.569,5308.306
2026-03-12 09:00:00,5308.284,5330.982,5307.91,5321.46
2026-03-12 10:00:00,5321.458,5336.481,5317.789,5326.255
2026-03-12 11:00:00,5326.249,5326.952,5296.682,5296.682
2026-03-12 12:00:00,5296.679,5337.177,5289.106,5331.304
2026-03-12 13:00:00,5331.289,5345.364,5330.065,5337.608
2026-03-12 14:00:00,5337.6,5337.6,5307.206,5307.206
2026-03-12 15:00:00,5307.192,5307.192,5296.812,5297.071
2026-03-12 16:00:00,5297.059,5297.059,5272.913,5284.782
2026-03-12 17:00:00,5284.77,5296.088,5278.209,5285.012
2026-03-12 18:00:00,5285.009,5292.278,5276.919,5277.857
2026-03-12 19:00:00,5277.846,5282.541,5266.073,5267.454
2026-03-12 20:00:00,5267.437,5267.437,5248.698,5248.698
2026-03-12 21:00:00,5248.687,5260.464,5225.283,5232.089
2026-03-12 22:00:00,5232.073,5271.686,5230.541,5259.508
2026-03-12 23:00:00,5259.493,5259.493,5243.041,5250.042
2026-03-13 00:00:00,5250.029,5263.217,5244.108,5245.662
2026-03-13 01:00:00,5245.651,5275.863,5244.478,5272.924
2026-03-13 02:00:00,5272.907,5303.823,5269.975,5292.075
2026-03-13 03:00:00,5292.058,5333.981,5291.925,5329.758
2026-03-13 04:00:00,5329.74,5329.74,5300.111,5300.111
2026-03-13 05:00:00,5300.109,5336.215,5289.505,5330.058
2026-03-13 06:00:00,5330.052,5356.799,5327.99,5355.841
2026-03-13 07:00:00,5355.812,5387.285,5352.329,5381.549
2026-03-13 08:00:00,5381.543,5402.364,5381.46,5391.398
2026-03-13 09:00:00,5391.381,5414.138,5383.942,5383.942
2026-03-13 10:00:00,5383.93,5401.506,5378.754,5380.457
2026-03-13 11:00:00,5380.445,5392.424,5373.185,5373.185
2026-03-13 12:00:00,5373.178,5394.037,5367.502,5385.352
2026-03-13 13:00:00,5385.334,5396.811,5373.401,5396.326
2026-03-13 14:00:00,5396.305,5403.303,5389.171,5389.171
2026-03-13 15:00:00,5389.169,5391.082,5369.303,5369.303
2026-03-13 16:00:00,5369.297,5382.242,5365.294,5379.454
2026-03-13 17:00:00,5379.453,5379.453,5345.879,5345.879
2026-03-13 18:00:00,5345.875,5349.783,5333.135,5345.421
2026-03-13 19:00:00,5345.412,5364.979,5343.041,5354.625
2026-03-13 20:00:00,5354.618,5356.974,5337.602,5342.643
2026-03-13 21:00:00,5342.632,5378.809,5340.001,5361.853
2026-03-13 22:00:00,5361.839,5373.852,5356.588,5359.656
2026-03-13 23:00:00,5359.636,5382.552,5354.624,5373.343
2026-03-14 00:00:00,5373.342,5386.683,5372.32,5385.373
2026-03-14 01:00:00,5385.355,5399.319,5379.548,5399.267
2026-03-14 02:00:00,5399.266,5414.4,5397.213,5401.255
2026-03-14 03:00:00,5401.246,5401.246,5370.094,5370.556
2026-03-14 04:00:00,5370.547,5372.042,5352.156,5352.156
2026-03-14 05:00:00,5352.149,5360.858,5341.113,5341.113
2026-03-14 06:00:00,5341.101,5341.101,5326.47,5328.722
2026-03-14 07:00:00,5328.715,5350.689,5322.624,5345.549
2026-03-14 08:00:00,5345.536,5353.205,5337.481,5348.243
2026-03-14 09:00:00,5348.22,5352.392,5329.276,5329.761
2026-03-14 10:00:00,5329.744,5343.043,5321.495,5327.316
2026-03-14 11:00:00,5327.303,5345.604,5322.656,5341.508
2026-03-14 12:00:00,5341.5,5346.859,5321.076,5321.076
2026-03-14 13:00:00,5321.065,5334.537,5317.717,5326.382
2026-03-14 14:00:00,5326.365,5326.365,5302.584,5302.584
2026-03-14 15:00:00,5302.576,5305.778,5295.583,5305.716
2026-03-14 16:00:00,5305.71,5310.609,5287.713,5287.713
2026-03-14 17:00:00,5287.712,5289.805,5267.898,5274.904
2026-03-14 18:00:00,5274.885,5278.03,5250.156,5250.156
2026-03-14 19:00:00,5250.145,5257.141,5238.653,5238.653
2026-03-14 20:00:00,5238.651,5243.847,5223.814,5242.49
2026-03-14 21:00:00,5242.488,5243.201,5217.04,5222.775
2026-03-14 22:00:00,5222.768,5224.421,5205.157,5205.157
2026-03-14 23:00:00,5205.145,5205.145,5190.375,5196.566
2026-03-15 00:00:00,5196.545,5196.545,5170.564,5183.01
2026-03-15 01:00:00,5183.008,5196.268,5173.161,5190.371
2026-03-15 02:00:00,5190.36,5206.83,5188.727,5203.493
2026-03-15 03:00:00,5203.49,5221.356,5195.656,5221.356
2026-03-15 04:00:00,5221.348,5248.283,5212.273,5247.992
2026-03-15 05:00:00,5247.992,5247.992,5226.119,5226.435
2026-03-15 06:00:00,5226.428,5226.428,5205.495,5205.495
2026-03-15 07:00:00,5205.485,5210.479,5190.666,5199.304
2026-03-15 08:00:00,5199.288,5203.275,5185.752,5196.652
2026-03-15 09:00:00,5196.644,5209.89,5190.415,5201.515
2026-03-15 10:00:00,5201.507,5205.977,5181.179,5186.085
2026-03-15 11:00:00,5186.078,5187.97,5172.29,5184.688
2026-03-15 12:00:00,5184.673,5194.788,5176.211,5180.995
2026-03-15 13:00:00,5180.977,5213.103,5162.936,5204.673
2026-03-15 14:00:00,5204.666,5204.666,5177.356,5180.5
2026-03-15 15:00:00,5180.479,5187.741,5172.901,5178.133
2026-03-15 16:00:00,5178.098,5185.141,5158.253,5158.253
2026-03-15 17:00:00,5158.234,5158.234,5132.817,5135.166
2026-03-15 18:00:00,5135.143,5155.002,5133.765,5140.394
2026-03-15 19:00:00,5140.385,5155.133,5135.375,5148.465
2026-03-15 20:00:00,5148.459,5159.768,5137.282,5146.795
2026-03-15 21:00:00,5146.79,5147.704,5119.249,5119.249
2026-03-15 22:00:00,5119.227,5151.8,5118.983,5141.394
2026-03-15 23:00:00,5141.384,5166.622,5136.531,5166.358
2026-03-16 00:00:00,5166.335,5178.355,5151.558,5155.991
2026-03-16 01:00:00,5155.971,5169.217,5150.743,5163.813
2026-03-16 02:00:00,5163.799,5163.799,5145.685,5151.291
2026-03-16 03:00:00,5151.279,5151.279,5130.378,5130.378
2026-03-16 04:00:00,5130.375,5130.475,5106.271,5112.312
2026-03-16 05:00:00,5112.308,5115.529,5095.57,5115.5
2026-03-16 06:00:00,5115.487,5137.833,5108.381,5129.411
2026-03-16 07:00:00,5129.404,5129.404,5108.047,5108.047
2026-03-16 08:00:00,5108.028,5122.162,5099.206,5108.544
2026-03-16 09:00:00,5108.534,5117.543,5096.549,5106.151
2026-03-16 10:00:00,5106.135,5107.794,5087.712,5089.749
2026-03-16 11:00:00,5089.744,5097.565,5080.043,5085.0
2026-03-16 12:00:00,5084.999,5111.122,5084.538,5090.054
2026-03-16 13:00:00,5090.045,5094.098,5068.226,5068.226
2026-03-16 14:00:00,5068.215,5083.163,5057.817,5080.624
2026-03-16 15:00:00,5080.605,5084.779,5069.437,5073.113
2026-03-16 16:00:00,5073.11,5073.11,5037.719,5046.206
2026-03-16 17:00:00,5046.192,5056.274,5035.463,5047.89
2026-03-16 18:00:00,5047.881,5049.374,5026.299,5026.299
2026-03-16 19:00:00,5026.295,5066.904,5020.975,5058.482
2026-03-16 20:00:00,5058.474,5076.408,5052.774,5072.468
2026-03-16 21:00:00,5072.46,5088.865,5072.118,5085.424
2026-03-16 22:00:00,5085.393,5091.886,5076.099,5089.513
2026-03-16 23:00:00,5089.498,5104.73,5087.492,5097.257
2026-03-17 00:00:00,5097.256,5130.449,5093.176,5121.959
2026-03-17 01:00:00,5121.955,5121.955,5103.21,5117.92
2026-03-17 02:00:00,5117.918,5117.918,5091.486,5091.486
2026-03-17 03:00:00,5091.479,5093.305,5078.027,5079.445
2026-03-17 04:00:00,5079.437,5087.694,5060.557,5064.921
2026-03-17 05:00:00,5064.912,5078.032,5063.518,5063.518
2026-03-17 06:00:00,5063.503,5076.61,5057.654,5065.965
2026-03-17 07:00:00,5065.959,5068.313,5055.033,5059.805
2026-03-17 08:00:00,5059.792,5062.158,5043.834,5055.4
2026-03-17 09:00:00,5055.392,5055.392,5037.533,5037.533
2026-03-17 10:00:00,5037.531,5071.354,5035.828,5051.026
2026-03-17 11:00:00,5051.024,5066.381,5046.577,5060.603
2026-03-17 12:00:00,5060.602,5071.8,5056.752,5063.124
2026-03-17 13:00:00,5063.108,5064.341,5050.628,5053.951
2026-03-17 14:00:00,5053.945,5082.654,5053.131,5078.146
2026-03-17 15:00:00,5078.133,5101.958,5072.744,5084.853
2026-03-17 16:00:00,5084.84,5084.84,5069.401,5072.842
2026-03-17 17:00:00,5072.84,5082.101,5059.146,5078.679
2026-03-17 18:00:00,5078.656,5081.186,5069.563,5077.374
2026-03-17 19:00:00,5077.361,5078.912,5061.228,5061.228
2026-03-17 20:00:00,5061.207,5061.677,5045.948,5051.612
2026-03-17 21:00:00,5051.612,5077.721,5042.478,5072.445
2026-03-17 22:00:00,5072.439,5077.171,5058.491,5058.491
2026-03-17 23:00:00,5058.48,5080.275,5055.716,5062.632
2026-03-18 00:00:00,5062.608,5074.685,5055.452,5072.454
2026-03-18 01:00:00,5072.442,5072.442,5051.641,5064.697
2026-03-18 02:00:00,5064.675,5089.947,5060.362,5070.699
2026-03-18 03:00:00,5070.68,5118.918,5070.324,5100.113
2026-03-18 04:00:00,5100.097,5104.068,5085.988,5095.004
2026-03-18 05:00:00,5094.991,5115.354,5089.084,5107.647
2026-03-18 06:00:00,5107.637,5110.255,5093.911,5101.46
2026-03-18 07:00:00,5101.448,5123.592,5095.866,5113.675
2026-03-18 08:00:00,5113.663,5140.425,5112.764,5132.273
2026-03-18 09:00:00,5132.269,5133.05,5110.93,5129.7
2026-03-18 10:00:00,5129.698,5135.63,5122.697,5129.333
2026-03-18 11:00:00,5129.319,5141.03,5119.414,5136.451
2026-03-18 12:00:00,5136.446,5136.446,5102.731,5102.731
2026-03-18 13:00:00,5102.711,5102.711,5078.454,5078.454
2026-03-18 14:00:00,5078.424,5092.223,5074.074,5083.386
2026-03-18 15:00:00,5083.38,5092.567,5076.213,5076.213
2026-03-18 16:00:00,5076.207,5083.863,5055.513,5055.513
2026-03-18 17:00:00,5055.513,5055.513,5035.261,5035.261
2026-03-18 18:00:00,5035.253,5079.075,5033.319,5069.692
2026-03-18 19:00:00,5069.69,5085.124,5061.276,5061.276
2026-03-18 20:00:00,5061.272,5075.729,5057.166,5070.379
2026-03-18 21:00:00,5070.355,5100.285,5062.374,5097.179
2026-03-18 22:00:00,5097.173,5120.973,5090.838,5115.379
2026-03-18 23:00:00,5115.361,5123.218,5096.655,5119.273
2026-03-19 00:00:00,5119.259,5150.503,5119.183,5144.981
2026-03-19 01:00:00,5144.978,5152.376,5132.761,5138.134
2026-03-19 02:00:00,5138.122,5148.305,5129.269,5147.695
2026-03-19 03:00:00,5147.693,5187.038,5144.262,5185.595
2026-03-19 04:00:00,5185.589,5194.045,5172.959,5191.437
2026-03-19 05:00:00,5191.435,5241.825,5191.371,5240.592
2026-03-19 06:00:00,5240.57,5259.432,5236.371,5254.443
2026-03-19 07:00:00,5254.423,5263.619,5245.197,5254.213
2026-03-19 08:00:00,5254.203,5255.991,5233.266,5236.853
2026-03-19 09:00:00,5236.85,5237.202,5212.021,5212.021
2026-03-19 10:00:00,5212.003,5217.744,5198.051,5201.14
2026-03-19 11:00:00,5201.14,5205.695,5188.005,5198.021
2026-03-19 12:00:00,5198.001,5198.001,5172.452,5172.452
2026-03-19 13:00:00,5172.445,5179.909,5164.626,5164.626
2026-03-19 14:00:00,5164.602,5184.432,5162.233,5171.279
2026-03-19 15:00:00,5171.263,5197.014,5168.262,5189.431
2026-03-19 16:00:00,5189.429,5200.386,5179.054,5198.07
2026-03-19 17:00:00,5198.054,5231.202,5195.294,5226.327
2026-03-19 18:00:00,5226.317,5231.806,5208.53,5208.53
2026-03-19 19:00:00,5208.522,5208.522,5193.896,5199.476
2026-03-19 20:00:00,5199.464,5200.925,5186.704,5197.237
2026-03-19 21:00:00,5197.233,5215.328,5196.188,5203.022
2026-03-19 22:00:00,5203.018,5230.483,5200.975,5219.707
2026-03-19 23:00:00,5219.702,5229.974,5216.421,5216.421
2026-03-20 00:00:00,5216.417,5222.257,5208.246,5211.911
2026-03-20 01:00:00,5211.909,5214.764,5194.594,5199.603
2026-03-20 02:00:00,5199.592,5210.998,5195.804,5209.205
2026-03-20 03:00:00,5209.199,5224.38,5206.061,5206.061
2026-03-20 04:00:00,5206.055,5206.055,5185.135,5187.738
2026-03-20 05:00:00,5187.73,5210.882,5176.612,5196.698
2026-03-20 06:00:00,5196.681,5206.213,5179.494,5179.494
2026-03-20 07:00:00,5179.483,5191.681,5171.394,5171.394
2026-03-20 08:00:00,5171.394,5189.839,5168.431,5168.431
2026-03-20 09:00:00,5168.426,5170.689,5146.689,5169.031
2026-03-20 10:00:00,5169.01,5171.772,5158.763,5158.882
2026-03-20 11:00:00,5158.875,5166.045,5149.698,5161.937
2026-03-20 12:00:00,5161.926,5164.381,5141.666,5150.752
2026-03-20 13:00:00,5150.744,5158.726,5132.335,5147.508
2026-03-20 14:00:00,5147.506,5149.187,5131.367,5131.367
2026-03-20 15:00:00,5131.345,5143.368,5126.402,5129.272
2026-03-20 16:00:00,5129.254,5129.254,5099.604,5104.131
2026-03-20 17:00:00,5104.131,5107.584,5086.232,5086.232
2026-03-20 18:00:00,5086.205,5102.067,5080.679,5094.152
2026-03-20 19:00:00,5094.143,5096.472,5077.37,5092.666
2026-03-20 20:00:00,5092.663,5131.793,5087.705,5126.152
2026-03-20 21:00:00,5126.128,5137.405,5117.345,5130.934
2026-03-20 22:00:00,5130.926,5140.961,5125.923,5139.33
2026-03-20 23:00:00,5139.327,5154.74,5125.421,5141.217
2026-03-21 00:00:00,5141.21,5141.21,5120.121,5120.121
2026-03-21 01:00:00,5120.106,5120.106,5104.244,5104.244
2026-03-21 02:00:00,5104.243,5135.216,5103.715,5117.462
2026-03-21 03:00:00,5117.442,5119.096,5099.845,5111.399
2026-03-21 04:00:00,5111.375,5117.05,5098.093,5115.937
2026-03-21 05:00:00,5115.923,5140.616,5115.191,5119.566
2026-03-21 06:00:00,5119.551,5130.373,5107.516,5117.925
2026-03-21 07:00:00,5117.914,5128.073,5113.528,5113.528
2026-03-21 08:00:00,5113.527,5123.139,5103.209,5104.283
2026-03-21 09:00:00,5104.277,5104.277,5084.611,5095.567
2026-03-21 10:00:00,5095.56,5112.685,5092.551,5106.786
2026-03-21 11:00:00,5106.776,5130.816,5102.407,5125.798
2026-03-21 12:00:00,5125.796,5138.5,5111.292,5130.666
2026-03-21 13:00:00,5130.665,5136.005,5118.173,5121.998
2026-03-21 14:00:00,5121.998,5165.302,5120.096,5157.413
2026-03-21 15:00:00,5157.395,5163.415,5146.72,5149.178
2026-03-21 16:00:00,5149.176,5160.531,5146.708,5156.851
2026-03-21 17:00:00,5156.83,5186.81,5154.029,5183.702
2026-03-21 18:00:00,5183.684,5189.068,5173.507,5175.706
2026-03-21 19:00:00,5175.7,5211.486,5172.936,5204.762
2026-03-21 20:00:00,5204.761,5204.761,5184.743,5199.841
2026-03-21 21:00:00,5199.826,5204.729,5186.061,5189.713
2026-03-21 22:00:00,5189.706,5199.532,5181.404,5198.156
2026-03-21 23:00:00,5198.155,5198.155,5181.433,5184.489
2026-03-22 00:00:00,5184.487,5201.928,5178.001,5188.142
2026-03-22 01:00:00,5188.122,5212.672,5187.221,5211.969
2026-03-22 02:00:00,5211.96,5215.821,5206.732,5206.732
2026-03-22 03:00:00,5206.707,5228.241,5205.246,5226.689
2026-03-22 04:00:00,5230.15,5255.406,5221.619,5239.608
2026-03-22 05:00:00,5239.592,5241.915,5217.358,5217.358
2026-03-22 06:00:00,5217.345,5248.456,5204.829,5243.638
2026-03-22 07:00:00,5243.633,5246.803,5234.101,5239.14
2026-03-22 08:00:00,5239.118,5253.145,5233.89,5233.89
2026-03-22 09:00:00,5233.887,5245.505,5226.644,5240.542
2026-03-22 10:00:00,5240.532,5255.436,5240.446,5247.592
2026-03-22 11:00:00,5247.582,5272.127,5235.088,5266.171
2026-03-22 12:00:00,5266.157,5284.614,5254.678,5281.961
2026-03-22 13:00:00,5281.939,5302.776,5281.134,5290.359
2026-03-22 14:00:00,5290.337,5304.023,5282.306,5291.832
2026-03-22 15:00:00,5291.826,5297.307,5280.375,5293.808
2026-03-22 16:00:00,5293.786,5293.786,5271.773,5290.573
2026-03-22 17:00:00,5290.556,5304.006,5281.67,5285.927
2026-03-22 18:00:00,5285.906,5313.222,5278.932,5310.714
2026-03-22 19:00:00,5310.701,5342.065,5307.868,5332.37
2026-03-22 20:00:00,5332.358,5334.841,5311.613,5311.613
2026-03-22 21:00:00,5311.597,5318.894,5291.027,5291.027
2026-03-22 22:00:00,5291.017,5322.796,5285.299,5321.824
2026-03-22 23:00:00,5321.818,5330.565,5312.307,5329.542
2026-03-23 00:00:00,5329.532,5330.913,5311.089,5329.465
2026-03-23 01:00:00,5329.434,5336.232,5316.813,5321.352
2026-03-23 02:00:00,5321.336,5330.687,5309.608,5309.608
2026-03-23 03:00:00,5309.596,5309.596,5278.38,5280.0
2026-03-23 04:00:00,5279.997,5281.326,5249.723,5249.723
2026-03-23 05:00:00,5249.721,5249.721,5227.653,5227.653
2026-03-23 06:00:00,5227.653,5244.698,5218.6,5218.6
2026-03-23 07:00:00,5218.598,5224.913,5206.019,5206.019
2026-03-23 08:00:00,5206.018,5218.886,5202.41,5207.803
2026-03-23 09:00:00,5207.796,5214.919,5189.824,5189.824
2026-03-23 10:00:00,5189.807,5198.655,5179.213,5195.415
2026-03-23 11:00:00,5195.407,5209.283,5187.672,5193.108
2026-03-23 12:00:00,5193.101,5193.101,5166.701,5173.51
2026-03-23 13:00:00,5173.493,5197.038,5170.962,5193.257
2026-03-23 14:00:00,5193.247,5202.991,5181.285,5190.733
2026-03-23 15:00:00,5190.721,5195.936,5176.272,5192.479
2026-03-23 16:00:00,5192.476,5208.678,5184.089,5184.089
2026-03-23 17:00:00,5184.087,5191.443,5175.054,5185.796
2026-03-23 18:00:00,5185.779,5198.546,5182.726,5194.829
2026-03-23 19:00:00,5199.655,5231.803,5190.752,5217.789
2026-03-23 20:00:00,5217.773,5238.079,5205.07,5236.639
2026-03-23 21:00:00,5236.626,5239.875,5222.541,5222.541
2026-03-23 22:00:00,5222.533,5292.697,5221.784,5284.326
2026-03-23 23:00:00,5284.31,5286.854,5264.837,5270.043
2026-03-24 00:00:00,5270.013,5281.651,5261.967,5266.625
2026-03-24 01:00:00,5266.613,5285.319,5258.549,5277.958
2026-03-24 02:00:00,5277.954,5284.376,5268.519,5270.608
2026-03-24 03:00:00,5270.608,5280.027,5261.905,5264.597
2026-03-24 04:00:00,5264.59,5264.59,5245.897,5245.897
2026-03-24 05:00:00,5245.892,5254.15,5231.878,5251.541
2026-03-24 06:00:00,5251.535,5272.715,5250.7,5258.72
2026-03-24 07:00:00,5258.701,5258.701,5239.723,5245.124
2026-03-24 08:00:00,5245.122,5302.693,5238.64,5290.323
2026-03-24 09:00:00,5290.321,5307.01,5285.78,5294.815
2026-03-24 10:00:00,5294.809,5318.385,5290.166,5304.376
2026-03-24 11:00:00,5304.36,5321.196,5293.654,5311.134
2026-03-24 12:00:00,5311.127,5323.297,5310.366,5311.06
2026-03-24 13:00:00,5311.048,5323.576,5298.354,5320.929
2026-03-24 14:00:00,5320.927,5335.695,5316.767,5331.195
2026-03-24 15:00:00,5331.173,5378.564,5330.649,5358.465
2026-03-24 16:00:00,5358.448,5371.247,5349.621,5357.52
2026-03-24 17:00:00,5357.505,5374.244,5354.574,5360.522
2026-03-24 18:00:00,5360.508,5382.3,5357.169,5367.182
2026-03-24 19:00:00,5367.181,5367.232,5344.613,5344.613
2026-03-24 20:00:00,5344.598,5361.053,5331.698,5358.681
2026-03-24 21:00:00,5358.677,5372.172,5356.059,5367.582
2026-03-24 22:00:00,5367.576,5369.027,5347.899,5356.966
2026-03-24 23:00:00,5356.962,5356.962,5339.925,5349.728
2026-03-25 00:00:00,5349.718,5351.978,5324.471,5348.801
2026-03-25 01:00:00,5348.791,5392.016,5347.246,5384.285
2026-03-25 02:00:00,5384.279,5405.285,5377.812,5394.166
2026-03-25 03:00:00,5394.166,5394.166,5369.328,5384.162
2026-03-25 04:00:00,5384.161,5384.161,5360.954,5361.917
2026-03-25 05:00:00,5361.897,5362.867,5345.499,5345.499
2026-03-25 06:00:00,5345.495,5362.362,5341.476,5355.783
2026-03-25 07:00:00,5355.765,5383.191,5352.235,5372.768
2026-03-25 08:00:00,5372.765,5394.071,5362.684,5384.483
2026-03-25 09:00:00,5384.48,5384.48,5367.451,5373.42
2026-03-25 10:00:00,5373.411,5373.411,5352.797,5352.797
2026-03-25 11:00:00,5352.791,5352.791,5331.6,5337.545
2026-03-25 12:00:00,5337.541,5337.541,5324.46,5325.193
2026-03-25 13:00:00,5325.167,5361.49,5320.706,5336.0
2026-03-25 14:00:00,5335.997,5355.012,5333.568,5349.718
2026-03-25 15:00:00,5349.715,5351.087,5334.748,5341.48
2026-03-25 16:00:00,5341.474,5341.474,5305.627,5305.627
2026-03-25 17:00:00,5305.611,5305.611,5279.16,5279.635
2026-03-25 18:00:00,5279.627,5279.627,5256.067,5256.067
2026-03-25 19:00:00,5256.044,5256.044,5240.439,5247.823
2026-03-25 20:00:00,5247.813,5275.376,5241.091,5269.088
2026-03-25 21:00:00,5269.085,5269.085,5236.67,5236.67
2026-03-25 22:00:00,5236.659,5281.506,5226.595,5277.848
2026-03-25 23:00:00,5277.827,5290.924,5272.529,5286.124
2026-03-26 00:00:00,5286.116,5298.713,5274.127,5292.891
2026-03-26 01:00:00,5292.883,5319.513,5287.684,5315.84
2026-03-26 02:00:00,5315.829,5317.987,5304.661,5317.158
2026-03-26 03:00:00,5317.158,5317.158,5300.141,5300.141
2026-03-26 04:00:00,5300.13,5308.186,5285.065,5285.065
2026-03-26 05:00:00,5285.057,5296.384,5278.637,5287.215
2026-03-26 06:00:00,5287.211,5291.991,5276.623,5276.623
2026-03-26 07:00:00,5276.603,5303.702,5274.988,5293.31
2026-03-26 08:00:00,5293.298,5293.298,5264.566,5264.566
2026-03-26 09:00:00,5264.545,5284.934,5256.481,5272.619
2026-03-26 10:00:00,5272.619,5286.523,5269.629,5285.144
2026-03-26 11:00:00,5285.12,5285.12,5259.314,5259.483
2026-03-26 12:00:00,5259.472,5276.385,5249.899,5273.635
2026-03-26 13:00:00,5273.634,5273.634,5243.135,5250.749
2026-03-26 14:00:00,5250.747,5253.476,5231.587,5246.073
2026-03-26 15:00:00,5246.063,5283.455,5243.359,5274.412
2026-03-26 16:00:00,5274.405,5295.618,5273.859,5273.859
2026-03-26 17:00:00,5273.852,5303.914,5273.146,5282.642
2026-03-26 18:00:00,5282.637,5315.349,5280.416,5313.21
2026-03-26 19:00:00,5313.204,5313.204,5285.075,5290.031
2026-03-26 20:00:00,5290.023,5290.023,5261.328,5264.098
2026-03-26 21:00:00,5264.092,5264.092,5243.646,5247.946
2026-03-26 22:00:00,5247.933,5247.933,5222.572,5228.474
2026-03-26 23:00:00,5228.451,5228.451,5215.14,5220.496
2026-03-27 00:00:00,5220.482,5220.482,5200.921,5212.146
2026-03-27 01:00:00,5212.143,5220.646,5198.736,5198.736
2026-03-27 02:00:00,5198.729,5204.461,5187.307,5197.525
2026-03-27 03:00:00,5197.518,5210.946,5194.806,5195.944
2026-03-27 04:00:00,5195.94,5204.483,5183.919,5201.769
2026-03-27 05:00:00,5201.757,5217.997,5200.729,5208.242
2026-03-27 06:00:00,5208.233,5217.144,5199.098,5211.864
2026-03-27 07:00:00,5211.842,5218.817,5200.173,5200.173
2026-03-27 08:00:00,5200.168,5212.6,5189.761,5189.761
2026-03-27 09:00:00,5189.746,5212.127,5172.123,5208.012
2026-03-27 10:00:00,5207.988,5224.578,5199.871,5213.851
2026-03-27 11:00:00,5213.849,5214.559,5199.129,5199.663
2026-03-27 12:00:00,5199.658,5220.285,5195.025,5212.963
2026-03-27 13:00:00,5212.945,5230.415,5212.106,5221.789
2026-03-27 14:00:00,5221.78,5254.173,5218.257,5237.693
2026-03-27 15:00:00,5237.684,5247.039,5234.909,5240.499
2026-03-27 16:00:00,5240.486,5242.327,5226.596,5237.987
2026-03-27 17:00:00,5237.978,5255.791,5237.43,5253.179
2026-03-27 18:00:00,5253.164,5265.445,5244.886,5251.127
2026-03-27 19:00:00,5251.122,5253.862,5232.165,5250.526
2026-03-27 20:00:00,5250.503,5257.961,5230.653,5256.543
2026-03-27 21:00:00,5256.537,5268.304,5250.397,5261.41
2026-03-27 22:00:00,5261.404,5270.163,5254.247,5254.247
2026-03-27 23:00:00,5254.223,5297.78,5250.051,5296.351
2026-03-28 00:00:00,5296.336,5301.229,5285.596,5298.067
2026-03-28 01:00:00,5298.064,5322.817,5297.04,5307.933
2026-03-28 02:00:00,5307.931,5330.34,5301.614,5326.997
2026-03-28 03:00:00,5326.987,5345.092,5314.402,5336.71
2026-03-28 04:00:00,5336.688,5336.688,5313.679,5324.469
2026-03-28 05:00:00,5324.459,5367.726,5323.016,5360.776
2026-03-28 06:00:00,5360.774,5383.597,5355.41,5368.161
2026-03-28 07:00:00,5368.138,5370.786,5353.086,5363.822
2026-03-28 08:00:00,5363.801,5374.154,5349.646,5362.538
2026-03-28 09:00:00,5362.524,5362.524,5339.028,5342.608
2026-03-28 10:00:00,5342.601,5350.774,5336.112,5343.226
2026-03-28 11:00:00,5343.209,5343.209,5308.43,5308.43
2026-03-28 12:00:00,5308.427,5335.084,5300.771,5331.247
2026-03-28 13:00:00,5331.224,5331.224,5309.362,5325.317
2026-03-28 14:00:00,5325.296,5327.165,5306.377,5306.377
2026-03-28 15:00:00,5306.362,5306.362,5286.951,5289.165
2026-03-28 16:00:00,5289.159,5308.413,5283.208,5294.319
2026-03-28 17:00:00,5294.311,5311.287,5292.789,5305.167
2026-03-28 18:00:00,5305.153,5305.153,5268.424,5268.424
2026-03-28 19:00:00,5268.41,5278.789,5253.696,5264.975
2026-03-28 20:00:00,5264.974,5265.182,5249.331,5254.305
2026-03-28 21:00:00,5254.283,5263.829,5239.164,5262.462
2026-03-28 22:00:00,5262.458,5284.91,5261.128,5272.125
2026-03-28 23:00:00,5272.116,5275.45,5258.665,5258.665
2026-03-29 00:00:00,5258.661,5281.62,5256.899,5269.664
2026-03-29 01:00:00,5269.656,5269.656,5250.694,5250.694
2026-03-29 02:00:00,5250.681,5254.722,5234.574,5247.681
2026-03-29 03:00:00,5247.677,5258.792,5238.541,5238.541
2026-03-29 04:00:00,5238.521,5256.418,5236.407,5249.655
2026-03-29 05:00:00,5249.645,5262.591,5240.035,5252.814
2026-03-29 06:00:00,5252.808,5285.075,5248.17,5273.962
2026-03-29 07:00:00,5273.948,5302.177,5262.588,5299.823
2026-03-29 08:00:00,5299.803,5299.803,5279.824,5287.599
2026-03-29 09:00:00,5287.595,5293.502,5266.926,5272.117
2026-03-29 10:00:00,5272.111,5279.86,5259.766,5266.537
2026-03-29 11:00:00,5266.53,5270.661,5249.676,5249.676
2026-03-29 12:00:00,5249.674,5282.57,5240.955,5280.807
2026-03-29 13:00:00,5280.799,5283.616,5253.92,5253.92
2026-03-29 14:00:00,5253.914,5268.656,5246.522,5259.457
2026-03-29 15:00:00,5259.448,5288.129,5259.033,5278.033
2026-03-29 16:00:00,5278.032,5286.362,5266.803,5269.386
2026-03-29 17:00:00,5269.368,5271.684,5254.008,5260.889
2026-03-29 18:00:00,5260.877,5273.973,5253.64,5264.346
2026-03-29 19:00:00,5264.343,5292.88,5264.174,5284.167
2026-03-29 20:00:00,5284.164,5294.313,5280.47,5280.47
2026-03-29 21:00:00,5280.455,5318.595,5269.065,5311.588
2026-03-29 22:00:00,5311.581,5311.581,5283.751,5287.37
2026-03-29 23:00:00,5287.349,5287.349,5258.884,5258.884
2026-03-30 00:00:00,5258.875,5264.287,5246.926,5256.601
2026-03-30 01:00:00,5256.596,5256.596,5229.652,5229.652
2026-03-30 02:00:00,5229.64,5248.386,5214.939,5241.902
2026-03-30 03:00:00,5241.892,5257.884,5240.806,5245.365
2026-03-30 04:00:00,5245.357,5255.747,5242.822,5251.837
2026-03-30 05:00:00,5251.826,5260.598,5238.837,5246.803
2026-03-30 06:00:00,5246.789,5256.273,5238.896,5240.314
2026-03-30 07:00:00,5240.301,5268.931,5238.621,5260.666
2026-03-30 08:00:00,5260.654,5272.889,5255.799,5257.165
2026-03-30 09:00:00,5257.156,5275.222,5250.11,5263.674
2026-03-30 10:00:00,5263.662,5266.61,5247.212,5256.565
2026-03-30 11:00:00,5256.557,5259.391,5241.807,5255.707
2026-03-30 12:00:00,5255.692,5255.692,5242.148,5249.418
2026-03-30 13:00:00,5249.401,5260.276,5246.828,5255.242
2026-03-30 14:00:00,5255.226,5294.148,5253.622,5283.675
2026-03-30 15:00:00,5283.658,5283.658,5262.79,5282.703
2026-03-30 16:00:00,5282.703,5300.71,5269.328,5294.026
2026-03-30 17:00:00,5294.026,5311.634,5292.829,5299.359
2026-03-30 18:00:00,5299.354,5299.354,5274.198,5274.198
2026-03-30 19:00:00,5274.189,5284.847,5265.685,5281.687
2026-03-30 20:00:00,5281.662,5288.66,5262.527,5274.993
2026-03-30 21:00:00,5274.988,5285.637,5271.09,5279.281
2026-03-30 22:00:00,5279.28,5290.38,5275.812,5283.46
2026-03-30 23:00:00,5283.436,5304.289,5283.13,5296.748
2026-03-31 00:00:00,5296.74,5310.435,5292.218,5295.621
2026-03-31 01:00:00,5295.612,5315.729,5289.929,5310.716
2026-03-31 02:00:00,5310.712,5314.504,5296.473,5309.969
2026-03-31 03:00:00,5309.952,5309.952,5281.578,5281.578
2026-03-31 04:00:00,5281.56,5294.805,5279.403,5288.838
2026-03-31 05:00:00,5288.837,5307.276,5276.383,5276.383
2026-03-31 06:00:00,5276.362,5279.356,5263.666,5267.356
2026-03-31 07:00:00,5267.343,5268.092,5253.172,5259.541
2026-03-31 08:00:00,5259.525,5263.392,5250.445,5250.507
2026-03-31 09:00:00,5250.493,5270.423,5240.109,5270.205
2026-03-31 10:00:00,5270.192,5279.401,5261.353,5261.353
2026-03-31 11:00:00,5261.35,5288.639,5251.967,5286.548
2026-03-31 12:00:00,5286.525,5296.172,5270.105,5289.728
2026-03-31 13:00:00,5289.715,5306.928,5278.336,5305.413
2026-03-31 14:00:00,5305.38,5318.802,5296.614,5299.703
2026-03-31 15:00:00,5299.696,5303.379,5279.372,5279.372
2026-03-31 16:00:00,5279.369,5280.005,5254.239,5262.931
2026-03-31 17:00:00,5262.928,5266.156,5252.993,5263.001
2026-03-31 18:00:00,5262.99,5282.624,5255.479,5271.401
2026-03-31 19:00:00,5271.391,5283.296,5265.849,5273.302
2026-03-31 20:00:00,5273.291,5281.736,5263.068,5263.068
2026-03-31 21:00:00,5263.06,5267.195,5249.282,5249.282
2026-03-31 22:00:00,5249.282,5250.648,5234.163,5237.408
2026-03-31 23:00:00,5237.401,5252.725,5231.782,5245.717
2026-04-01 00:00:00,5245.695,5245.695,5221.454,5221.454
2026-04-01 01:00:00,5221.447,5222.178,5201.061,5212.117
2026-04-01 02:00:00,5212.106,5219.626,5198.564,5202.856
2026-04-01 03:00:00,5202.854,5220.087,5196.243,5209.567
2026-04-01 04:00:00,5209.555,5228.885,5203.385,5220.291
2026-04-01 05:00:00,5220.275,5220.275,5195.993,5205.457
2026-04-01 06:00:00,5205.453,5225.19,5191.062,5223.662
2026-04-01 07:00:00,5223.653,5236.663,5214.787,5234.823
2026-04-01 08:00:00,5234.813,5234.813,5196.819,5196.819
2026-04-01 09:00:00,5196.804,5216.018,5195.546,5203.732
2026-04-01 10:00:00,5203.725,5223.9,5202.019,5216.376
2026-04-01 11:00:00,5216.363,5223.185,5201.563,5209.083
2026-04-01 12:00:00,5209.054,5218.909,5203.218,5203.218
2026-04-01 13:00:00,5203.21,5211.385,5193.405,5204.295
2026-04-01 14:00:00,5204.287,5204.287,5185.701,5185.701
2026-04-01 15:00:00,5185.692,5213.448,5180.894,5200.512
2026-04-01 16:00:00,5200.495,5210.233,5181.34,5207.995
2026-04-01 17:00:00,5207.984,5208.705,5189.592,5194.413
2026-04-01 18:00:00,5194.404,5194.69,5165.78,5170.333
2026-04-01 19:00:00,5170.329,5194.649,5151.696,5193.574
2026-04-01 20:00:00,5193.552,5193.552,5172.405,5173.138
2026-04-01 21:00:00,5173.131,5181.258,5169.165,5169.165
2026-04-01 22:00:00,5169.141,5172.454,5154.314,5156.248
2026-04-01 23:00:00,5156.231,5156.384,5138.694,5140.899
2026-04-02 00:00:00,5140.888,5145.266,5117.152,5117.152
2026-04-02 01:00:00,5117.142,5121.524,5105.064,5109.488
2026-04-02 02:00:00,5109.486,5112.395,5101.745,5102.135
2026-04-02 03:00:00,5102.131,5103.945,5092.999,5096.214
2026-04-02 04:00:00,5096.209,5096.209,5078.679,5083.112
2026-04-02 05:00:00,5083.1,5083.1,5058.438,5058.438
2026-04-02 06:00:00,5058.426,5061.867,5043.605,5043.605
2026-04-02 07:00:00,5043.591,5053.915,5036.468,5043.056
2026-04-02 08:00:00,5043.044,5045.12,5033.262,5034.41
2026-04-02 09:00:00,5034.41,5069.822,5025.948,5055.571
2026-04-02 10:00:00,5055.564,5067.073,5053.203,5053.203
2026-04-02 11:00:00,5053.187,5071.76,5044.761,5069.564
2026-04-02 12:00:00,5069.551,5070.221,5052.149,5060.455
2026-04-02 13:00:00,5060.432,5084.443,5058.079,5082.692
2026-04-02 14:00:00,5082.68,5086.394,5061.628,5061.628
2026-04-02 15:00:00,5061.616,5061.616,5035.785,5041.462
2026-04-02 16:00:00,5041.454,5044.09,5025.92,5025.92
2026-04-02 17:00:00,5025.908,5025.908,5006.631,5016.929
2026-04-02 18:00:00,5016.922,5030.911,5008.293,5029.609
2026-04-02 19:00:00,5029.607,5035.046,5012.036,5034.862
2026-04-02 20:00:00,5034.86,5057.087,5034.798,5036.081
2026-04-02 21:00:00,5036.066,5041.72,5023.306,5026.948
2026-04-02 22:00:00,5026.937,5072.98,5023.704,5072.261
2026-04-02 23:00:00,5072.257,5091.993,5070.756,5083.805
2026-04-03 00:00:00,5083.793,5101.757,5078.319,5089.675
2026-04-03 01:00:00,5089.66,5110.464,5082.338,5106.413
2026-04-03 02:00:00,5106.391,5168.028,5100.943,5158.798
2026-04-03 03:00:00,5158.777,5168.089,5145.922,5162.31
2026-04-03 04:00:00,5162.295,5170.61,5156.183,5156.754
2026-04-03 05:00:00,5156.732,5165.283,5138.011,5144.294
2026-04-03 06:00:00,5144.291,5144.291,5128.84,5132.731
2026-04-03 07:00:00,5132.721,5141.023,5117.477,5135.432
2026-04-03 08:00:00,5135.413,5152.061,5121.788,5148.748
2026-04-03 09:00:00,5148.736,5163.045,5140.137,5160.438
2026-04-03 10:00:00,5160.429,5170.518,5147.019,5147.019
2026-04-03 11:00:00,5147.014,5166.779,5139.802,5156.49
2026-04-03 12:00:00,5156.475,5156.475,5140.839,5140.839
2026-04-03 13:00:00,5140.837,5150.817,5138.218,5140.417
2026-04-03 14:00:00,5140.405,5142.094,5129.943,5136.565
2026-04-03 15:00:00,5136.548,5164.276,5130.642,5157.946
2026-04-03 16:00:00,5157.941,5166.102,5148.907,5150.42
2026-04-03 17:00:00,5150.408,5161.757,5142.887,5157.524
2026-04-03 18:00:00,5157.523,5158.305,5134.297,5140.362
2026-04-03 19:00:00,5140.351,5159.706,5135.631,5145.887
2026-04-03 20:00:00,5145.877,5156.828,5141.587,5149.07
2026-04-03 21:00:00,5149.066,5169.442,5145.589,5162.255
2026-04-03 22:00:00,5162.243,5162.243,5140.72,5140.72
2026-04-03 23:00:00,5140.713,5149.16,5126.819,5126.819
2026-04-04 00:00:00,5126.809,5128.431,5115.547,5119.401
2026-04-04 01:00:00,5119.393,5125.08,5110.959,5118.283
2026-04-04 02:00:00,5118.282,5120.272,5095.973,5095.973
2026-04-04 03:00:00,5095.963,5104.11,5088.417,5098.103
2026-04-04 04:00:00,5098.102,5105.143,5089.886,5103.855
2026-04-04 05:00:00,5103.845,5118.836,5101.41,5117.098
2026-04-04 06:00:00,5117.096,5117.096,5103.761,5112.486
2026-04-04 07:00:00,5112.479,5164.281,5102.701,5160.631
2026-04-04 08:00:00,5160.617,5185.979,5160.016,5172.214
2026-04-04 09:00:00,5172.208,5183.51,5165.44,5165.44
2026-04-04 10:00:00,5165.428,5177.974,5164.632,5173.421
2026-04-04 11:00:00,5173.42,5182.093,5162.974,5174.183
2026-04-04 12:00:00,5174.176,5177.786,5156.262,5156.262
2026-04-04 13:00:00,5156.26,5159.696,5149.315,5154.321
2026-04-04 14:00:00,5154.301,5160.128,5140.357,5157.106
2026-04-04 15:00:00,5157.103,5166.033,5149.323,5157.525
2026-04-04 16:00:00,5157.513,5183.146,5150.992,5167.816
2026-04-04 17:00:00,5167.806,5171.956,5152.532,5155.644
2026-04-04 18:00:00,5155.64,5156.235,5128.846,5154.292
2026-04-04 19:00:00,5154.288,5165.408,5145.253,5158.482
2026-04-04 20:00:00,5158.466,5173.125,5152.454,5158.959
2026-04-04 21:00:00,5158.943,5172.634,5148.492,5171.748
2026-04-04 22:00:00,5171.745,5181.67,5160.935,5172.034
2026-04-04 23:00:00,5172.033,5190.908,5170.092,5190.69
2026-04-05 00:00:00,5190.682,5194.886,5171.695,5185.672
2026-04-05 01:00:00,5185.671,5185.671,5166.901,5168.473
2026-04-05 02:00:00,5168.463,5214.087,5165.339,5213.794
2026-04-05 03:00:00,5213.774,5237.135,5208.41,5229.148
2026-04-05 04:00:00,5229.133,5255.455,5226.178,5249.626
2026-04-05 05:00:00,5249.625,5266.286,5244.636,5259.36
2026-04-05 06:00:00,5259.35,5261.629,5238.487,5239.916
2026-04-05 07:00:00,5239.903,5264.086,5235.626,5244.106
2026-04-05 08:00:00,5244.104,5267.408,5244.091,5256.607
2026-04-05 09:00:00,5256.587,5282.04,5255.051,5260.771
2026-04-05 10:00:00,5260.765,5270.716,5250.827,5250.827
2026-04-05 11:00:00,5250.819,5250.819,5220.881,5234.526
2026-04-05 12:00:00,5234.51,5250.079,5223.157,5246.296
2026-04-05 13:00:00,5246.288,5256.467,5234.281,5237.906
2026-04-05 14:00:00,5237.895,5237.895,5218.115,5223.724
2026-04-05 15:00:00,5223.709,5223.709,5205.224,5208.344
2026-04-05 16:00:00,5208.342,5213.411,5199.517,5199.517
2026-04-05 17:00:00,5199.514,5199.514,5178.971,5178.971
2026-04-05 18:00:00,5178.971,5190.116,5170.243,5181.181
2026-04-05 19:00:00,5181.17,5190.439,5175.908,5183.859
2026-04-05 20:00:00,5183.849,5190.812,5173.195,5186.891
2026-04-05 21:00:00,5186.89,5200.253,5176.63,5195.93
2026-04-05 22:00:00,5195.914,5211.737,5189.346,5207.964
2026-04-05 23:00:00,5207.958,5218.817,5196.369,5206.426
2026-04-06 00:00:00,5206.414,5206.414,5184.935,5195.091
2026-04-06 01:00:00,5195.085,5239.058,5193.423,5236.678
2026-04-06 02:00:00,5236.664,5255.005,5236.191,5248.429
2026-04-06 03:00:00,5248.422,5254.949,5235.327,5248.702
2026-04-06 04:00:00,5248.687,5255.769,5237.162,5255.191
2026-04-06 05:00:00,5255.186,5255.368,5229.488,5229.488
2026-04-06 06:00:00,5229.473,5229.473,5201.157,5205.892
2026-04-06 07:00:00,5205.88,5216.635,5197.339,5211.569
2026-04-06 08:00:00,5211.566,5228.239,5202.047,5226.636
2026-04-06 09:00:00,5226.627,5233.081,5209.52,5212.201
2026-04-06 10:00:00,5212.199,5213.722,5186.887,5186.887
2026-04-06 11:00:00,5186.883,5195.839,5175.591,5185.749
2026-04-06 12:00:00,5185.727,5202.827,5180.621,5197.311
2026-04-06 13:00:00,5197.296,5199.932,5169.263,5169.263
2026-04-06 14:00:00,5169.247,5175.252,5155.099,5155.099
2026-04-06 15:00:00,5155.097,5165.571,5144.812,5163.778
2026-04-06 16:00:00,5163.77,5185.145,5159.499,5183.074
2026-04-06 17:00:00,5183.065,5195.443,5175.761,5185.485
2026-04-06 18:00:00,5185.471,5213.36,5183.745,5206.146
2026-04-06 19:00:00,5206.13,5206.13,5186.836,5186.836
2026-04-06 20:00:00,5186.835,5194.121,5166.835,5190.919
2026-04-06 21:00:00,5190.898,5212.887,5177.687,5206.17
2026-04-06 22:00:00,5206.165,5212.229,5196.143,5202.913
2026-04-06 23:00:00,5202.905,5210.569,5197.756,5200.512
2026-04-07 00:00:00,5200.502,5200.502,5175.929,5176.829
2026-04-07 01:00:00,5176.826,5201.202,5169.894,5199.259
2026-04-07 02:00:00,5199.256,5201.929,5172.247,5172.247
2026-04-07 03:00:00,5172.244,5183.881,5164.821,5181.581
2026-04-07 04:00:00,5181.578,5204.758,5169.197,5199.118
2026-04-07 05:00:00,5199.112,5199.112,5187.472,5189.057
2026-04-07 06:00:00,5189.056,5213.905,5186.345,5212.891
2026-04-07 07:00:00,5212.871,5250.563,5212.145,5243.304
2026-04-07 08:00:00,5243.299,5263.37,5235.959,5257.403
2026-04-07 09:00:00,5257.397,5277.296,5250.962,5276.857
2026-04-07 10:00:00,5276.847,5302.025,5269.473,5300.441
2026-04-07 11:00:00,5300.44,5326.751,5291.086,5325.967
2026-04-07 12:00:00,5325.957,5344.466,5310.511,5341.723
2026-04-07 13:00:00,5341.711,5356.233,5337.053,5339.76
2026-04-07 14:00:00,5339.745,5343.532,5327.085,5337.331
2026-04-07 15:00:00,5337.316,5347.34,5328.218,5328.255
2026-04-07 16:00:00,5328.253,5330.774,5318.837,5322.388
2026-04-07 17:00:00,5322.369,5339.57,5317.1,5338.587
2026-04-07 18:00:00,5338.581,5338.581,5324.31,5324.31
2026-04-07 19:00:00,5324.304,5348.374,5323.174,5339.836
2026-04-07 20:00:00,5339.82,5339.82,5323.541,5323.541
2026-04-07 21:00:00,5323.538,5356.301,5314.347,5353.842
2026-04-07 22:00:00,5353.831,5366.625,5350.718,5355.854
2026-04-07 23:00:00,5355.844,5376.552,5348.541,5371.493
2026-04-08 00:00:00,5371.481,5433.245,5364.328,5431.407
2026-04-08 01:00:00,5431.388,5431.388,5418.35,5418.605
2026-04-08 02:00:00,5418.594,5437.497,5415.279,5434.748
2026-04-08 03:00:00,5434.741,5459.291,5429.339,5452.178
2026-04-08 04:00:00,5452.156,5452.156,5436.38,5448.095
2026-04-08 05:00:00,5450.013,5450.013,5424.496,5428.48
2026-04-08 06:00:00,5428.478,5453.504,5423.954,5452.092
2026-04-08 07:00:00,5452.08,5487.57,5446.801,5473.999
2026-04-08 08:00:00,5473.986,5473.986,5453.505,5456.03
2026-04-08 09:00:00,5456.0,5458.935,5439.518,5446.368
2026-04-08 10:00:00,5446.363,5456.874,5438.401,5450.033
2026-04-08 11:00:00,5450.026,5454.682,5435.129,5435.129
2026-04-08 12:00:00,5435.124,5435.124,5408.53,5409.596
2026-04-08 13:00:00,5409.576,5409.576,5376.039,5376.039
2026-04-08 14:00:00,5376.029,5378.903,5357.313,5370.728
2026-04-08 15:00:00,5370.727,5380.01,5360.328,5371.037
2026-04-08 16:00:00,5371.03,5371.03,5349.51,5354.471
2026-04-08 17:00:00,5354.455,5366.496,5349.546,5358.279
2026-04-08 18:00:00,5358.271,5365.029,5353.835,5358.038
2026-04-08 19:00:00,5358.018,5365.472,5342.313,5346.402
2026-04-08 20:00:00,5346.396,5356.032,5335.519,5335.519
2026-04-08 21:00:00,5335.495,5358.136,5330.932,5355.374
2026-04-08 22:00:00,5355.366,5367.995,5352.417,5364.181
2026-04-08 23:00:00,5364.175,5405.875,5359.086,5397.793
2026-04-09 00:00:00,5397.789,5398.801,5382.085,5390.762
2026-04-09 01:00:00,5390.76,5395.615,5381.978,5390.43
2026-04-09 02:00:00,5390.416,5390.416,5351.877,5351.877
2026-04-09 03:00:00,5351.874,5351.874,5320.51,5329.424
2026-04-09 04:00:00,5329.416,5333.443,5315.037,5327.228
2026-04-09 05:00:00,5327.209,5330.881,5306.947,5306.947
2026-04-09 06:00:00,5306.934,5319.967,5294.887,5294.887
2026-04-09 07:00:00,5294.867,5317.127,5288.196,5302.967
2026-04-09 08:00:00,5302.959,5302.959,5286.964,5286.964
2026-04-09 09:00:00,5286.939,5286.939,5257.492,5258.297
2026-04-09 10:00:00,5258.282,5261.711,5247.342,5253.45
2026-04-09 11:00:00,5253.439,5268.17,5245.365,5267.564
2026-04-09 12:00:00,5267.546,5275.129,5243.837,5259.477
2026-04-09 13:00:00,5259.464,5265.248,5243.063,5243.063
2026-04-09 14:00:00,5243.061,5246.132,5220.724,5226.952
2026-04-09 15:00:00,5226.947,5234.739,5216.26,5218.801
2026-04-09 16:00:00,5218.789,5282.941,5218.643,5278.711
2026-04-09 17:00:00,5278.706,5280.898,5251.133,5251.133
2026-04-09 18:00:00,5251.123,5251.123,5231.047,5234.945
2026-04-09 19:00:00,5234.94,5245.735,5226.258,5237.265
2026-04-09 20:00:00,5237.263,5257.744,5232.521,5239.247
2026-04-09 21:00:00,5239.236,5255.04,5236.166,5250.17
2026-04-09 22:00:00,5250.161,5251.576,5232.396,5247.625
2026-04-09 23:00:00,5247.596,5247.596,5231.307,5244.143
2026-04-10 00:00:00,5244.135,5276.142,5243.904,5269.739
2026-04-10 01:00:00,5269.733,5284.831,5265.592,5279.056
2026-04-10 02:00:00,5279.029,5279.029,5262.927,5263.264
2026-04-10 03:00:00,5263.26,5287.442,5262.826,5278.761
2026-04-10 04:00:00,5278.752,5299.686,5273.191,5279.048
2026-04-10 05:00:00,5279.022,5287.878,5273.721,5274.275
2026-04-10 06:00:00,5274.261,5274.261,5247.916,5266.192
2026-04-10 07:00:00,5266.176,5271.104,5251.235,5254.671
2026-04-10 08:00:00,5254.658,5259.412,5239.724,5249.406
2026-04-10 09:00:00,5249.398,5264.779,5231.848,5258.961
2026-04-10 10:00:00,5258.945,5260.007,5244.843,5249.538
2026-04-10 11:00:00,5249.534,5249.534,5235.591,5235.591
2026-04-10 12:00:00,5235.576,5242.988,5224.235,5224.235
2026-04-10 13:00:00,5224.23,5228.511,5210.528,5215.088
2026-04-10 14:00:00,5215.087,5215.087,5202.076,5206.343
2026-04-10 15:00:00,5206.32,5211.562,5195.269,5209.7
2026-04-10 16:00:00,5209.692,5214.007,5192.188,5192.188
2026-04-10 17:00:00,5192.181,5234.761,5188.716,5220.845
2026-04-10 18:00:00,5220.842,5220.842,5202.627,5202.627
2026-04-10 19:00:00,5202.612,5202.612,5186.782,5189.122
2026-04-10 20:00:00,5189.11,5205.061,5184.67,5201.821
2026-04-10 21:00:00,5201.805,5205.304,5189.628,5205.251
2026-04-10 22:00:00,5205.249,5205.249,5179.998,5179.998
2026-04-10 23:00:00,5179.997,5236.947,5173.081,5228.994
2026-04-11 00:00:00,5228.993,5232.568,5213.298,5223.405
2026-04-11 01:00:00,5223.395,5251.088,5212.893,5250.867
2026-04-11 02:00:00,5250.864,5288.483,5244.362,5274.458
2026-04-11 03:00:00,5274.45,5274.45,5254.509,5260.993
2026-04-11 04:00:00,5260.972,5260.972,5239.405,5248.584
2026-04-11 05:00:00,5248.563,5259.088,5237.527,5251.255
2026-04-11 06:00:00,5251.255,5252.517,5228.932,5228.932
2026-04-11 07:00:00,5228.926,5248.599,5216.733,5247.922
2026-04-11 08:00:00,5247.899,5249.995,5230.156,5231.317
2026-04-11 09:00:00,5231.31,5256.266,5226.121,5255.628
2026-04-11 10:00:00,5255.619,5255.619,5240.275,5246.639
2026-04-11 11:00:00,5246.633,5255.755,5233.76,5253.757
2026-04-11 12:00:00,5253.748,5333.758,5252.602,5326.164
2026-04-11 13:00:00,5326.158,5341.956,5320.353,5328.994
2026-04-11 14:00:00,5328.989,5342.031,5317.859,5326.359
2026-04-11 15:00:00,5326.338,5330.061,5309.606,5316.533
2026-04-11 16:00:00,5316.526,5316.526,5286.39,5290.177
2026-04-11 17:00:00,5290.173,5338.961,5288.604,5328.419
2026-04-11 18:00:00,5328.404,5355.449,5323.215,5346.531
2026-04-11 19:00:00,5346.528,5357.308,5336.814,5344.969
2026-04-11 20:00:00,5344.952,5344.952,5320.075,5334.581
2026-04-11 21:00:00,5334.571,5360.674,5331.006,5335.073
2026-04-11 22:00:00,5335.056,5347.826,5315.608,5339.45
2026-04-11 23:00:00,5339.439,5349.825,5331.163,5332.643
2026-04-12 00:00:00,5332.633,5332.644,5305.358,5322.843
2026-04-12 01:00:00,5322.83,5348.357,5318.787,5346.045
2026-04-12 02:00:00,5346.035,5354.537,5333.154,5341.506
2026-04-12 03:00:00,5341.504,5341.504,5317.432,5321.601
2026-04-12 04:00:00,5321.592,5321.592,5300.191,5315.119
2026-04-12 05:00:00,5315.108,5346.856,5306.328,5341.417
2026-04-12 06:00:00,5341.39,5350.657,5337.801,5346.203
2026-04-12 07:00:00,5346.192,5353.11,5337.704,5341.272
2026-04-12 08:00:00,5341.27,5377.393,5333.875,5368.061
2026-04-12 09:00:00,5368.058,5370.687,5344.744,5344.744
2026-04-12 10:00:00,5344.724,5361.85,5343.271,5354.207
2026-04-12 11:00:00,5354.186,5356.286,5340.054,5353.603
2026-04-12 12:00:00,5353.592,5365.434,5343.777,5343.948
2026-04-12 13:00:00,5343.942,5364.017,5339.568,5339.568
2026-04-12 14:00:00,5339.563,5348.915,5330.159,5337.767
2026-04-12 15:00:00,5337.766,5347.821,5326.378,5326.378
2026-04-12 16:00:00,5326.369,5326.369,5304.847,5308.379
2026-04-12 17:00:00,5308.375,5308.375,5275.937,5275.937
2026-04-12 18:00:00,5275.915,5275.915,5255.094,5268.132
2026-04-12 19:00:00,5268.128,5283.379,5265.851,5275.743
2026-04-12 20:00:00,5275.73,5291.771,5273.989,5279.507
2026-04-12 21:00:00,5279.498,5295.974,5272.73,5283.386
2026-04-12 22:00:00,5283.383,5285.29,5252.246,5252.246
2026-04-12 23:00:00,5252.229,5257.005,5236.402,5242.589
2026-04-13 00:00:00,5242.578,5272.785,5237.904,5268.111
2026-04-13 01:00:00,5268.107,5268.251,5249.777,5262.919
2026-04-13 02:00:00,5262.902,5269.731,5240.165,5240.165
2026-04-13 03:00:00,5240.157,5272.946,5238.931,5266.937
2026-04-13 04:00:00,5266.922,5277.053,5262.073,5266.691
2026-04-13 05:00:00,5266.69,5266.69,5238.398,5238.398
2026-04-13 06:00:00,5238.393,5245.95,5227.915,5232.701
2026-04-13 07:00:00,5232.69,5278.429,5231.404,5278.047
2026-04-13 08:00:00,5278.045,5306.868,5276.128,5290.265
2026-04-13 09:00:00,5290.247,5310.506,5286.303,5306.089
2026-04-13 10:00:00,5306.077,5306.324,5275.735,5275.735
2026-04-13 11:00:00,5275.725,5293.884,5270.039,5270.039
2026-04-13 12:00:00,5270.024,5270.393,5252.202,5269.397
2026-04-13 13:00:00,5269.378,5276.814,5246.254,5246.254
2026-04-13 14:00:00,5246.245,5265.764,5241.042,5255.105
2026-04-13 15:00:00,5255.103,5266.121,5245.481,5258.503
2026-04-13 16:00:00,5258.495,5279.627,5244.809,5277.805
2026-04-13 17:00:00,5277.804,5288.313,5259.778,5286.072
2026-04-13 18:00:00,5286.057,5295.783,5277.791,5279.03
2026-04-13 19:00:00,5279.022,5279.022,5241.271,5241.271
2026-04-13 20:00:00,5241.27,5266.504,5232.088,5262.216
2026-04-13 21:00:00,5262.202,5295.769,5259.762,5284.984
2026-04-13 22:00:00,5284.966,5314.246,5279.439,5301.266
2026-04-13 23:00:00,5301.266,5320.265,5287.874,5318.886
2026-04-14 00:00:00,5318.861,5319.683,5302.718,5302.718
2026-04-14 01:00:00,5302.698,5305.928,5284.469,5298.383
2026-04-14 02:00:00,5298.379,5313.954,5293.526,5313.306
2026-04-14 03:00:00,5313.305,5328.862,5304.225,5308.628
2026-04-14 04:00:00,5308.614,5330.651,5306.942,5316.414
2026-04-14 05:00:00,5316.407,5319.364,5290.27,5291.462
2026-04-14 06:00:00,5291.44,5316.985,5291.259,5313.694
2026-04-14 07:00:00,5313.69,5345.11,5312.62,5344.953
2026-04-14 08:00:00,5344.934,5344.934,5311.866,5311.866
2026-04-14 09:00:00,5311.859,5311.859,5290.949,5290.949
2026-04-14 10:00:00,5290.925,5305.736,5278.605,5278.605
2026-04-14 11:00:00,5278.602,5281.73,5266.649,5278.117
2026-04-14 12:00:00,5278.093,5298.851,5277.143,5294.17
2026-04-14 13:00:00,5294.17,5309.55,5281.02,5307.728
2026-04-14 14:00:00,5307.727,5309.485,5284.805,5284.805
2026-04-14 15:00:00,5284.791,5284.791,5262.707,5262.707
2026-04-14 16:00:00,5262.706,5262.706,5240.74,5240.74
2026-04-14 17:00:00,5240.725,5246.538,5228.61,5242.704
2026-04-14 18:00:00,5242.692,5242.692,5213.022,5216.449
2026-04-14 19:00:00,5216.442,5232.732,5204.916,5224.862
2026-04-14 20:00:00,5224.851,5227.413,5193.054,5193.887
2026-04-14 21:00:00,5193.874,5200.016,5186.3,5190.935
2026-04-14 22:00:00,5190.928,5191.918,5175.697,5175.697
2026-04-14 23:00:00,5175.671,5186.659,5158.862,5186.329
2026-04-15 00:00:00,5186.308,5198.043,5175.543,5190.814
2026-04-15 01:00:00,5190.807,5216.157,5178.423,5215.331
2026-04-15 02:00:00,5215.303,5217.298,5203.389,5206.895
2026-04-15 03:00:00,5206.879,5224.729,5201.513,5223.785
2026-04-15 04:00:00,5223.76,5223.76,5205.592,5216.426
2026-04-15 05:00:00,5216.406,5216.406,5186.727,5190.907
2026-04-15 06:00:00,5190.906,5224.25,5189.771,5223.836
2026-04-15 07:00:00,5223.834,5234.349,5212.614,5212.614
2026-04-15 08:00:00,5212.596,5226.594,5203.264,5214.387
2026-04-15 09:00:00,5214.374,5226.114,5200.595,5223.485
2026-04-15 10:00:00,5223.473,5230.992,5205.762,5205.762
2026-04-15 11:00:00,5205.753,5209.855,5191.523,5208.589
2026-04-15 12:00:00,5208.575,5233.896,5205.637,5224.165
2026-04-15 13:00:00,5224.164,5236.514,5211.422,5216.374
2026-04-15 14:00:00,5216.37,5236.726,5214.624,5227.116
2026-04-15 15:00:00,5227.103,5237.104,5222.377,5224.647
2026-04-15 16:00:00,5224.616,5231.256,5206.766,5206.766
2026-04-15 17:00:00,5206.742,5218.401,5200.489,5206.187
2026-04-15 18:00:00,5206.186,5226.628,5204.847,5224.608
2026-04-15 19:00:00,5224.601,5228.092,5210.304,5213.491
2026-04-15 20:00:00,5213.478,5226.371,5206.973,5210.193
2026-04-15 21:00:00,5210.192,5261.048,5204.941,5260.001
2026-04-15 22:00:00,5259.997,5265.938,5247.949,5249.691
2026-04-15 23:00:00,5249.673,5274.069,5247.672,5263.532
2026-04-16 00:00:00,5263.526,5293.776,5258.005,5293.552
2026-04-16 01:00:00,5293.546,5300.309,5282.718,5283.614
2026-04-16 02:00:00,5283.599,5296.879,5268.047,5289.523
2026-04-16 03:00:00,5289.518,5297.477,5279.589,5286.695
2026-04-16 04:00:00,5286.689,5341.291,5282.678,5341.082
2026-04-16 05:00:00,5341.064,5352.059,5331.6,5339.155
2026-04-16 06:00:00,5339.138,5341.774,5319.935,5319.935
2026-04-16 07:00:00,5319.923,5319.923,5291.626,5304.827
2026-04-16 08:00:00,5304.824,5310.105,5286.801,5286.801
2026-04-16 09:00:00,5286.791,5300.165,5272.983,5297.591
2026-04-16 10:00:00,5297.573,5310.596,5289.16,5289.16
2026-04-16 11:00:00,5289.147,5289.147,5269.021,5272.69
2026-04-16 12:00:00,5272.682,5272.682,5255.318,5255.648
2026-04-16 13:00:00,5255.639,5266.097,5243.398,5243.398
2026-04-16 14:00:00,5243.383,5243.383,5217.814,5217.814
2026-04-16 15:00:00,5217.792,5224.959,5208.779,5211.528
2026-04-16 16:00:00,5211.519,5215.795,5197.995,5198.143
2026-04-16 17:00:00,5198.139,5212.575,5192.43,5209.172
2026-04-16 18:00:00,5209.16,5213.789,5193.202,5202.039
2026-04-16 19:00:00,5202.034,5207.381,5191.31,5195.474
2026-04-16 20:00:00,5195.455,5252.691,5191.347,5252.349
2026-04-16 21:00:00,5252.346,5278.447,5249.653,5256.08
2026-04-16 22:00:00,5256.079,5256.783,5241.46,5252.532
2026-04-16 23:00:00,5252.53,5257.88,5237.859,5254.009
2026-04-17 00:00:00,5254.007,5270.622,5249.215,5268.31
2026-04-17 01:00:00,5268.295,5268.295,5246.904,5247.246
2026-04-17 02:00:00,5247.236,5254.362,5233.167,5252.226
2026-04-17 03:00:00,5252.22,5283.932,5247.736,5283.805
2026-04-17 04:00:00,5283.803,5283.803,5253.445,5253.445
2026-04-17 05:00:00,5253.445,5268.16,5246.671,5257.555
2026-04-17 06:00:00,5257.542,5293.492,5252.741,5281.158
2026-04-17 07:00:00,5281.155,5303.277,5278.117,5292.329
2026-04-17 08:00:00,5292.313,5300.178,5276.22,5297.724
2026-04-17 09:00:00,5297.716,5323.87,5296.42,5301.693
2026-04-17 10:00:00,5301.683,5334.503,5286.706,5334.036
2026-04-17 11:00:00,5334.013,5401.89,5329.156,5397.685
2026-04-17 12:00:00,5397.681,5399.154,5380.37,5391.527
2026-04-17 13:00:00,5391.519,5391.519,5368.96,5368.96
2026-04-17 14:00:00,5368.938,5383.074,5359.061,5366.484
2026-04-17 15:00:00,5366.47,5382.77,5362.418,5381.871
2026-04-17 16:00:00,5381.86,5390.119,5372.062,5377.012
2026-04-17 17:00:00,5376.99,5388.905,5371.928,5375.604
2026-04-17 18:00:00,5375.585,5393.95,5369.275,5392.857
2026-04-17 19:00:00,5392.835,5428.05,5389.007,5420.44
2026-04-17 20:00:00,5420.435,5420.435,5405.142,5405.142
2026-04-17 21:00:00,5405.12,5405.12,5376.684,5376.684
2026-04-17 22:00:00,5376.683,5384.942,5363.386,5367.149
2026-04-17 23:00:00,5367.135,5376.065,5347.906,5347.906
2026-04-18 00:00:00,5347.905,5349.197,5335.464,5345.42
2026-04-18 01:00:00,5345.391,5363.626,5336.764,5354.299
2026-04-18 02:00:00,5354.294,5372.246,5346.377,5370.096
2026-04-18 03:00:00,5370.084,5379.419,5359.416,5359.671
2026-04-18 04:00:00,5359.662,5365.019,5338.274,5341.634
2026-04-18 05:00:00,5341.63,5341.63,5310.276,5318.986
2026-04-18 06:00:00,5318.985,5321.859,5296.341,5296.341
2026-04-18 07:00:00,5296.332,5304.238,5291.341,5296.652
2026-04-18 08:00:00,5296.641,5305.649,5284.994,5287.295
2026-04-18 09:00:00,5287.274,5299.024,5271.514,5271.514
2026-04-18 10:00:00,5271.501,5284.81,5263.997,5263.997
2026-04-18 11:00:00,5263.992,5275.807,5254.773,5270.99
2026-04-18 12:00:00,5270.982,5270.982,5255.905,5259.986
2026-04-18 13:00:00,5259.978,5275.047,5256.916,5266.224
2026-04-18 14:00:00,5266.202,5299.537,5264.148,5284.782
2026-04-18 15:00:00,5284.778,5288.621,5269.647,5271.136
2026-04-18 16:00:00,5271.128,5271.373,5257.5,5257.5
2026-04-18 17:00:00,5257.489,5266.921,5254.302,5257.58
2026-04-18 18:00:00,5257.574,5285.738,5254.821,5272.469
2026-04-18 19:00:00,5272.465,5278.222,5265.314,5269.521
2026-04-18 20:00:00,5269.516,5297.301,5258.108,5294.319
2026-04-18 21:00:00,5294.311,5294.387,5277.594,5288.815
2026-04-18 22:00:00,5288.796,5302.34,5275.372,5301.328
2026-04-18 23:00:00,5301.298,5301.298,5282.564,5287.033
2026-04-19 00:00:00,5287.016,5287.016,5258.669,5267.902
2026-04-19 01:00:00,5267.89,5309.628,5266.643,5306.322
2026-04-19 02:00:00,5306.315,5306.315,5283.958,5288.999
2026-04-19 03:00:00,5288.992,5295.408,5271.774,5292.277
2026-04-19 04:00:00,5292.269,5311.2,5290.193,5297.678
2026-04-19 05:00:00,5297.667,5297.667,5275.344,5275.344
2026-04-19 06:00:00,5275.342,5289.963,5264.909,5274.531
2026-04-19 07:00:00,5274.521,5274.521,5245.308,5245.308
2026-04-19 08:00:00,5245.302,5261.669,5234.958,5252.023
2026-04-19 09:00:00,5252.001,5266.471,5237.462,5264.527
2026-04-19 10:00:00,5264.525,5282.573,5260.17,5263.917
2026-04-19 11:00:00,5263.903,5268.52,5237.417,5241.014
2026-04-19 12:00:00,5240.994,5242.992,5225.768,5230.953
2026-04-19 13:00:00,5230.937,5254.238,5230.087,5240.538
2026-04-19 14:00:00,5240.537,5244.107,5216.321,5242.168
2026-04-19 15:00:00,5242.168,5262.719,5241.059,5258.551
2026-04-19 16:00:00,5258.543,5272.248,5246.183,5246.511
2026-04-19 17:00:00,5246.495,5264.774,5239.197,5255.005
2026-04-19 18:00:00,5255.002,5283.958,5254.5,5274.824
2026-04-19 19:00:00,5274.815,5279.515,5250.91,5258.474
2026-04-19 20:00:00,5258.473,5308.014,5256.433,5307.204
2026-04-19 21:00:00,5307.182,5315.898,5285.143,5285.143
2026-04-19 22:00:00,5285.135,5311.521,5282.533,5307.727
2026-04-19 23:00:00,5307.702,5313.765,5298.271,5298.539
2026-04-20 00:00:00,5298.528,5333.477,5295.863,5330.373
2026-04-20 01:00:00,5330.369,5330.369,5302.839,5316.101
2026-04-20 02:00:00,5316.09,5329.235,5305.93,5305.93
2026-04-20 03:00:00,5305.922,5305.922,5276.735,5279.569
2026-04-20 04:00:00,5279.566,5300.502,5277.72,5283.103
2026-04-20 05:00:00,5283.093,5295.89,5275.226,5275.644
2026-04-20 06:00:00,5275.643,5315.289,5267.834,5302.372
2026-04-20 07:00:00,5302.369,5342.898,5301.626,5337.315
2026-04-20 08:00:00,5337.299,5338.88,5324.484,5324.484
2026-04-20 09:00:00,5324.482,5338.667,5311.922,5328.549
2026-04-20 10:00:00,5328.524,5343.904,5321.199,5339.443
2026-04-20 11:00:00,5339.432,5381.645,5339.296,5377.16
2026-04-20 12:00:00,5377.15,5377.15,5361.954,5366.681
2026-04-20 13:00:00,5366.671,5387.461,5364.646,5372.554
2026-04-20 14:00:00,5372.529,5400.184,5366.418,5387.979
2026-04-20 15:00:00,5387.978,5387.978,5354.743,5357.568
2026-04-20 16:00:00,5357.567,5362.642,5340.237,5347.596
2026-04-20 17:00:00,5347.587,5367.43,5342.74,5361.153
2026-04-20 18:00:00,5361.151,5384.244,5351.911,5378.122
2026-04-20 19:00:00,5378.118,5388.57,5374.141,5377.006
2026-04-20 20:00:00,5376.993,5379.151,5366.67,5366.67
2026-04-20 21:00:00,5366.67,5366.67,5334.967,5334.967
2026-04-20 22:00:00,5334.951,5351.37,5332.764,5333.423
2026-04-20 23:00:00,5333.409,5337.184,5323.645,5335.676
2026-04-21 00:00:00,5335.65,5347.789,5324.817,5324.817
2026-04-21 01:00:00,5324.811,5328.265,5309.0,5310.185
2026-04-21 02:00:00,5310.159,5314.758,5292.637,5312.646
2026-04-21 03:00:00,5312.633,5322.841,5303.512,5315.842
2026-04-21 04:00:00,5315.84,5342.805,5312.248,5340.689
2026-04-21 05:00:00,5340.676,5340.676,5306.974,5306.974
2026-04-21 06:00:00,5306.97,5320.396,5300.303,5300.303
2026-04-21 07:00:00,5300.292,5323.203,5280.644,5322.522
2026-04-21 08:00:00,5322.514,5331.145,5313.346,5319.035
2026-04-21 09:00:00,5319.022,5319.022,5288.818,5288.818
2026-04-21 10:00:00,5288.814,5322.667,5285.092,5316.764
2026-04-21 11:00:00,5316.763,5316.763,5294.474,5294.474
2026-04-21 12:00:00,5294.463,5301.433,5289.348,5291.81
2026-04-21 13:00:00,5291.775,5292.606,5277.671,5286.292
2026-04-21 14:00:00,5286.282,5294.65,5279.83,5288.466
2026-04-21 15:00:00,5288.452,5306.191,5279.398,5296.657
2026-04-21 16:00:00,5296.644,5296.644,5278.234,5291.57
2026-04-21 17:00:00,5291.561,5291.561,5255.486,5264.89
2026-04-21 18:00:00,5264.889,5269.626,5252.892,5266.264
2026-04-21 19:00:00,5266.258,5294.475,5260.513,5279.985
2026-04-21 20:00:00,5279.966,5286.89,5269.015,5278.768
2026-04-21 21:00:00,5278.752,5287.358,5273.187,5282.843
2026-04-21 22:00:00,5282.821,5291.289,5272.806,5272.806
2026-04-21 23:00:00,5272.803,5288.67,5268.468,5283.368
2026-04-22 00:00:00,5283.351,5293.437,5274.313,5293.14
2026-04-22 01:00:00,5293.131,5311.732,5289.975,5301.929
2026-04-22 02:00:00,5301.92,5303.44,5274.991,5274.991
2026-04-22 03:00:00,5274.985,5298.043,5274.869,5297.531
2026-04-22 04:00:00,5297.521,5307.061,5285.294,5294.103
2026-04-22 05:00:00,5294.095,5294.095,5270.316,5270.316
2026-04-22 06:00:00,5270.293,5287.967,5270.138,5282.478
2026-04-22 07:00:00,5282.468,5290.523,5262.769,5268.472
2026-04-22 08:00:00,5268.45,5291.965,5264.975,5280.161
2026-04-22 09:00:00,5280.143,5286.904,5260.22,5260.22
2026-04-22 10:00:00,5260.214,5278.057,5248.358,5277.64
2026-04-22 11:00:00,5277.622,5301.141,5269.425,5286.43
2026-04-22 12:00:00,5286.412,5286.412,5259.34,5268.051
2026-04-22 13:00:00,5268.049,5276.009,5259.806,5259.806
2026-04-22 14:00:00,5259.783,5259.783,5241.972,5252.442
2026-04-22 15:00:00,5252.427,5252.427,5238.102,5238.102
2026-04-22 16:00:00,5238.088,5252.94,5231.966,5239.56
2026-04-22 17:00:00,5239.538,5261.604,5236.521,5252.987
2026-04-22 18:00:00,5252.969,5265.356,5244.437,5257.193
2026-04-22 19:00:00,5257.19,5267.317,5252.943,5267.093
2026-04-22 20:00:00,5267.078,5272.482,5249.842,5271.024
2026-04-22 21:00:00,5271.012,5280.197,5253.017,5266.306
2026-04-22 22:00:00,5266.297,5288.488,5264.15,5267.224
2026-04-22 23:00:00,5267.219,5267.219,5246.257,5260.219
2026-04-23 00:00:00,5260.203,5269.456,5248.239,5248.239
2026-04-23 01:00:00,5248.227,5248.227,5229.32,5232.629
2026-04-23 02:00:00,5232.603,5245.219,5230.487,5233.777
2026-04-23 03:00:00,5233.771,5244.363,5215.219,5215.219
2026-04-23 04:00:00,5215.212,5221.481,5205.881,5205.881
2026-04-23 05:00:00,5205.874,5211.931,5194.333,5208.969
2026-04-23 06:00:00,5208.957,5233.728,5201.925,5232.484
2026-04-23 07:00:00,5232.483,5233.081,5215.618,5224.411
2026-04-23 08:00:00,5224.41,5251.667,5223.172,5247.497
2026-04-23 09:00:00,5247.484,5262.436,5237.458,5256.929
2026-04-23 10:00:00,5256.908,5307.933,5251.517,5300.426
2026-04-23 11:00:00,5300.412,5336.846,5300.359,5335.362
2026-04-23 12:00:00,5335.346,5337.213,5320.639,5322.906
2026-04-23 13:00:00,5322.899,5326.265,5306.163,5309.046
2026-04-23 14:00:00,5309.029,5309.402,5281.104,5289.944
2026-04-23 15:00:00,5289.93,5289.93,5256.808,5258.517
2026-04-23 16:00:00,5258.496,5274.189,5248.836,5255.111
2026-04-23 17:00:00,5255.103,5255.103,5236.696,5249.196
2026-04-23 18:00:00,5249.176,5264.218,5241.006,5259.857
2026-04-23 19:00:00,5259.847,5259.847,5232.008,5232.008
2026-04-23 20:00:00,5231.997,5231.997,5214.035,5215.302
2026-04-23 21:00:00,5215.29,5246.016,5214.652,5239.065
2026-04-23 22:00:00,5239.063,5246.404,5226.699,5234.029
2026-04-23 23:00:00,5234.012,5242.807,5223.503,5228.504
2026-04-24 00:00:00,5228.499,5238.834,5219.822,5229.119
2026-04-24 01:00:00,5229.107,5241.505,5218.704,5227.681
2026-04-24 02:00:00,5227.657,5246.039,5226.218,5229.363
2026-04-24 03:00:00,5229.342,5239.391,5222.103,5222.103
2026-04-24 04:00:00,5222.087,5260.892,5220.639,5259.868
2026-04-24 05:00:00,5259.86,5265.591,5249.79,5263.735
2026-04-24 06:00:00,5263.719,5277.867,5250.212,5271.259
2026-04-24 07:00:00,5271.251,5295.341,5261.809,5293.461
2026-04-24 08:00:00,5293.45,5293.45,5274.11,5277.911
2026-04-24 09:00:00,5277.905,5302.651,5273.097,5294.896
2026-04-24 10:00:00,5294.895,5303.236,5287.767,5292.729
2026-04-24 11:00:00,5292.727,5292.727,5272.515,5274.598
2026-04-24 12:00:00,5274.59,5282.263,5260.539,5265.446
2026-04-24 13:00:00,5265.438,5265.686,5248.669,5256.689
2026-04-24 14:00:00,5256.684,5267.069,5253.433,5264.27
2026-04-24 15:00:00,5264.254,5300.492,5262.186,5294.387
2026-04-24 16:00:00,5294.38,5304.784,5287.769,5292.085
2026-04-24 17:00:00,5292.081,5302.806,5275.283,5302.547
2026-04-24 18:00:00,5302.528,5311.17,5293.006,5305.75
2026-04-24 19:00:00,5305.742,5305.742,5289.926,5294.653
2026-04-24 20:00:00,5294.64,5353.93,5293.92,5347.108
2026-04-24 21:00:00,5347.094,5400.702,5342.822,5398.535
2026-04-24 22:00:00,5398.53,5417.289,5388.502,5402.597
2026-04-24 23:00:00,5402.582,5408.008,5378.269,5381.335
2026-04-25 00:00:00,5381.319,5399.262,5378.192,5387.748
2026-04-25 01:00:00,5387.745,5387.745,5359.828,5359.828
2026-04-25 02:00:00,5359.818,5360.458,5343.481,5343.481
2026-04-25 03:00:00,5343.481,5351.141,5325.872,5342.459
2026-04-25 04:00:00,5342.459,5355.659,5332.872,5332.872
2026-04-25 05:00:00,5332.854,5332.854,5308.03,5325.155
2026-04-25 06:00:00,5325.154,5341.431,5324.367,5334.933
2026-04-25 07:00:00,5334.927,5351.043,5332.523,5333.25
2026-04-25 08:00:00,5333.239,5355.323,5328.826,5341.303
2026-04-25 09:00:00,5341.289,5364.646,5331.712,5362.562
2026-04-25 10:00:00,5362.551,5398.716,5353.698,5393.98
2026-04-25 11:00:00,5393.964,5410.127,5388.571,5397.439
2026-04-25 12:00:00,5397.421,5407.051,5388.302,5406.256
2026-04-25 13:00:00,5406.245,5417.09,5394.947,5405.67
2026-04-25 14:00:00,5405.655,5415.303,5394.867,5414.476
2026-04-25 15:00:00,5414.463,5426.541,5405.922,5423.677
2026-04-25 16:00:00,5423.674,5423.674,5398.518,5412.131
2026-04-25 17:00:00,5412.119,5414.791,5393.881,5414.755
2026-04-25 18:00:00,5414.754,5424.313,5404.653,5419.411
2026-04-25 19:00:00,5419.394,5455.6,5413.139,5446.987
2026-04-25 20:00:00,5446.971,5446.971,5416.684,5422.306
2026-04-25 21:00:00,5422.287,5438.228,5417.136,5435.485
2026-04-25 22:00:00,5435.468,5436.409,5415.104,5421.62
2026-04-25 23:00:00,5421.602,5449.246,5408.084,5431.656
2026-04-26 00:00:00,5431.649,5437.41,5416.222,5423.644
2026-04-26 01:00:00,5423.639,5443.034,5412.86,5434.819
2026-04-26 02:00:00,5434.816,5457.483,5429.437,5451.726
2026-04-26 03:00:00,5451.714,5466.315,5440.903,5464.904
2026-04-26 04:00:00,5464.9,5464.9,5433.572,5435.03
2026-04-26 05:00:00,5435.026,5437.967,5422.422,5427.074
2026-04-26 06:00:00,5427.044,5471.139,5426.605,5456.441
2026-04-26 07:00:00,5456.418,5501.555,5452.605,5496.934
2026-04-26 08:00:00,5496.933,5496.933,5473.772,5473.772
2026-04-26 09:00:00,5473.765,5473.765,5457.199,5462.869
2026-04-26 10:00:00,5462.849,5470.61,5449.859,5460.516
2026-04-26 11:00:00,5460.507,5466.114,5434.527,5445.45
2026-04-26 12:00:00,5445.445,5455.095,5438.145,5446.291
2026-04-26 13:00:00,5446.271,5461.289,5442.504,5459.458
2026-04-26 14:00:00,5459.455,5481.577,5453.328,5480.331
2026-04-26 15:00:00,5480.317,5510.555,5479.55,5505.828
2026-04-26 16:00:00,5505.808,5537.953,5497.818,5535.737
2026-04-26 17:00:00,5535.73,5582.089,5533.059,5575.112
2026-04-26 18:00:00,5575.102,5575.102,5539.178,5539.178
2026-04-26 19:00:00,5539.166,5543.474,5520.374,5535.375
2026-04-26 20:00:00,5535.356,5539.773,5524.258,5533.306
2026-04-26 21:00:00,5533.294,5547.176,5525.236,5528.042
2026-04-26 22:00:00,5528.019,5531.867,5511.961,5511.961
2026-04-26 23:00:00,5511.949,5519.959,5508.287,5513.029
2026-04-27 00:00:00,5513.017,5515.421,5489.032,5493.121
2026-04-27 01:00:00,5493.101,5495.6,5479.584,5492.925
2026-04-27 02:00:00,5492.911,5516.116,5484.654,5494.56
2026-04-27 03:00:00,5494.555,5494.555,5468.785,5472.523
2026-04-27 04:00:00,5472.518,5481.898,5463.399,5469.106
2026-04-27 05:00:00,5469.093,5499.446,5459.115,5498.459
2026-04-27 06:00:00,5498.437,5515.334,5487.413,5508.35
2026-04-27 07:00:00,5508.346,5527.054,5506.054,5520.895
2026-04-27 08:00:00,5520.891,5520.891,5499.484,5499.484
2026-04-27 09:00:00,5499.458,5505.752,5487.51,5487.51
2026-04-27 10:00:00,5487.51,5503.794,5483.273,5499.137
2026-04-27 11:00:00,5499.122,5499.122,5473.766,5476.863
2026-04-27 12:00:00,5476.853,5487.537,5470.557,5475.482
2026-04-27 13:00:00,5475.458,5481.904,5456.073,5475.441
2026-04-27 14:00:00,5475.441,5491.404,5465.44,5489.518
2026-04-27 15:00:00,5489.51,5515.844,5488.445,5509.186
2026-04-27 16:00:00,5509.171,5520.379,5501.704,5505.898
2026-04-27 17:00:00,5505.896,5524.765,5505.111,5505.111
2026-04-27 18:00:00,5505.084,5539.074,5502.948,5536.007
2026-04-27 19:00:00,5535.998,5535.998,5504.507,5514.095
2026-04-27 20:00:00,5514.09,5520.191,5504.159,5509.28
2026-04-27 21:00:00,5509.276,5523.639,5508.203,5515.726
2026-04-27 22:00:00,5515.709,5527.399,5500.493,5517.626
2026-04-27 23:00:00,5517.622,5543.235,5512.287,5527.058
2026-04-28 00:00:00,5527.049,5551.149,5525.589,5536.461
2026-04-28 01:00:00,5536.455,5548.89,5533.034,5533.502
2026-04-28 02:00:00,5533.498,5551.99,5532.74,5543.757
2026-04-28 03:00:00,5543.744,5543.744,5517.493,5533.248
2026-04-28 04:00:00,5533.225,5533.988,5513.29,5524.621
2026-04-28 05:00:00,5524.609,5546.782,5519.993,5519.993
2026-04-28 06:00:00,5519.985,5519.985,5502.594,5502.594
2026-04-28 07:00:00,5502.575,5518.823,5492.423,5507.908
2026-04-28 08:00:00,5507.904,5515.212,5492.41,5502.108
2026-04-28 09:00:00,5502.095,5505.334,5473.25,5473.25
2026-04-28 10:00:00,5473.235,5477.108,5458.245,5467.574
2026-04-28 11:00:00,5467.566,5474.885,5455.888,5474.559
2026-04-28 12:00:00,5474.549,5474.549,5452.317,5454.438
2026-04-28 13:00:00,5454.43,5454.43,5430.194,5448.63
2026-04-28 14:00:00,5448.623,5453.448,5432.628,5442.821
2026-04-28 15:00:00,5442.812,5442.812,5419.487,5436.448
2026-04-28 16:00:00,5436.447,5448.702,5421.389,5432.651
2026-04-28 17:00:00,5432.644,5437.203,5422.772,5424.851
2026-04-28 18:00:00,5424.849,5456.051,5422.36,5448.224
2026-04-28 19:00:00,5448.211,5453.168,5438.796,5438.907
2026-04-28 20:00:00,5438.905,5454.968,5437.015,5452.588
2026-04-28 21:00:00,5452.563,5452.563,5425.151,5432.882
2026-04-28 22:00:00,5432.868,5432.868,5411.949,5412.795
2026-04-28 23:00:00,5412.783,5418.052,5400.341,5405.571
2026-04-29 00:00:00,5405.563,5422.659,5389.006,5417.455
2026-04-29 01:00:00,5417.453,5428.292,5403.126,5414.762
2026-04-29 02:00:00,5414.758,5418.889,5408.055,5408.88
2026-04-29 03:00:00,5408.879,5419.374,5403.493,5403.493
2026-04-29 04:00:00,5403.489,5403.489,5384.267,5399.256
2026-04-29 05:00:00,5399.235,5399.235,5381.627,5382.917
2026-04-29 06:00:00,5382.914,5396.84,5378.658,5380.334
2026-04-29 07:00:00,5380.312,5380.312,5361.539,5368.317
2026-04-29 08:00:00,5368.308,5389.817,5363.268,5373.051
2026-04-29 09:00:00,5373.049,5391.9,5371.059,5382.103
2026-04-29 10:00:00,5382.095,5416.295,5372.495,5412.773
2026-04-29 11:00:00,5412.766,5416.428,5401.402,5408.935
2026-04-29 12:00:00,5408.926,5439.888,5400.277,5430.827
2026-04-29 13:00:00,5430.823,5471.441,5428.002,5460.633
2026-04-29 14:00:00,5460.614,5460.614,5426.734,5426.734
2026-04-29 15:00:00,5426.71,5432.946,5410.384,5419.442
2026-04-29 16:00:00,5419.432,5435.007,5405.52,5427.012
2026-04-29 17:00:00,5427.007,5448.377,5425.483,5437.052
2026-04-29 18:00:00,5437.051,5449.059,5428.177,5428.177
2026-04-29 19:00:00,5428.176,5429.83,5413.92,5420.124
2026-04-29 20:00:00,5420.124,5424.315,5406.305,5406.305
2026-04-29 21:00:00,5406.293,5415.62,5393.319,5400.49
2026-04-29 22:00:00,5400.476,5411.767,5394.221,5395.887
2026-04-29 23:00:00,5395.883,5429.161,5390.294,5424.102
2026-04-30 00:00:00,5424.101,5435.996,5418.759,5425.254
2026-04-30 01:00:00,5425.244,5425.244,5404.604,5415.203
2026-04-30 02:00:00,5415.187,5415.187,5381.601,5389.673
2026-04-30 03:00:00,5389.668,5394.039,5376.832,5381.595
2026-04-30 04:00:00,5381.579,5402.393,5378.823,5385.024
2026-04-30 05:00:00,5385.022,5395.801,5376.78,5391.078
2026-04-30 06:00:00,5391.076,5397.238,5369.526,5376.566
2026-04-30 07:00:00,5376.557,5376.557,5362.881,5372.491
2026-04-30 08:00:00,5372.475,5372.887,5347.634,5365.675
2026-04-30 09:00:00,5365.668,5371.61,5348.118,5348.118
2026-04-30 10:00:00,5348.107,5386.635,5345.817,5385.507
2026-04-30 11:00:00,5385.501,5415.224,5368.602,5411.579
2026-04-30 12:00:00,5411.569,5431.207,5408.027,5425.498
2026-04-30 13:00:00,5425.486,5425.84,5409.564,5415.99
2026-04-30 14:00:00,5415.974,5422.702,5394.574,5420.913
2026-04-30 15:00:00,5420.901,5420.901,5401.27,5401.27
2026-04-30 16:00:00,5401.261,5404.064,5382.314,5402.766
2026-04-30 17:00:00,5402.761,5418.713,5397.292,5417.306
2026-04-30 18:00:00,5417.295,5417.295,5392.886,5392.886
2026-04-30 19:00:00,5392.862,5398.279,5384.988,5394.683
2026-04-30 20:00:00,5394.68,5394.68,5360.063,5379.462
2026-04-30 21:00:00,5379.459,5387.764,5368.988,5371.782
2026-04-30 22:00:00,5371.774,5371.774,5351.908,5357.206
2026-04-30 23:00:00,5357.2,5360.899,5345.112,5348.4
2026-05-01 00:00:00,5348.386,5367.876,5346.414,5350.308
2026-05-01 01:00:00,5350.293,5354.731,5334.94,5335.176
2026-05-01 02:00:00,5335.166,5350.487,5327.149,5332.151
2026-05-01 03:00:00,5332.146,5345.3,5322.84,5325.05
2026-05-01 04:00:00,5325.035,5345.247,5322.46,5331.813
2026-05-01 05:00:00,5331.808,5339.029,5317.506,5329.67
2026-05-01 06:00:00,5329.668,5329.668,5305.407,5305.407
2026-05-01 07:00:00,5305.401,5305.401,5276.102,5288.865
2026-05-01 08:00:00,5288.865,5305.145,5281.572,5281.572
2026-05-01 09:00:00,5281.556,5281.556,5249.196,5258.97
2026-05-01 10:00:00,5258.966,5276.074,5254.514,5271.851
2026-05-01 11:00:00,5271.831,5298.259,5271.627,5288.288
2026-05-01 12:00:00,5288.272,5298.475,5279.332,5279.332
2026-05-01 13:00:00,5279.321,5284.836,5261.145,5261.145
2026-05-01 14:00:00,5261.137,5261.137,5230.774,5230.774
2026-05-01 15:00:00,5230.759,5260.616,5230.622,5252.774
2026-05-01 16:00:00,5252.764,5252.764,5236.032,5245.83
2026-05-01 17:00:00,5245.823,5247.011,5229.011,5238.776
2026-05-01 18:00:00,5238.759,5252.346,5234.173,5239.274
2026-05-01 19:00:00,5239.255,5243.47,5216.64,5216.64
2026-05-01 20:00:00,5216.639,5227.513,5205.871,5205.871
2026-05-01 21:00:00,5205.87,5226.755,5203.137,5210.868
2026-05-01 22:00:00,5210.843,5218.211,5200.397,5210.8
2026-05-01 23:00:00,5210.793,5223.471,5207.494,5212.344
2026-05-02 00:00:00,5212.343,5280.254,5211.067,5279.231
2026-05-02 01:00:00,5279.229,5326.806,5267.947,5324.157
2026-05-02 02:00:00,5324.129,5330.438,5305.515,5329.383
2026-05-02 03:00:00,5329.37,5367.003,5324.578,5355.576
2026-05-02 04:00:00,5355.551,5382.826,5353.791,5374.684
2026-05-02 05:00:00,5374.675,5397.159,5366.526,5393.366
2026-05-02 06:00:00,5393.358,5393.358,5379.374,5386.163
2026-05-02 07:00:00,5386.15,5386.15,5367.003,5367.003
2026-05-02 08:00:00,5366.999,5366.999,5341.801,5351.734
2026-05-02 09:00:00,5351.724,5357.214,5340.651,5341.074
2026-05-02 10:00:00,5341.052,5350.884,5327.096,5340.446
2026-05-02 11:00:00,5340.437,5340.437,5318.697,5337.064
2026-05-02 12:00:00,5337.047,5340.972,5323.275,5326.928
2026-05-02 13:00:00,5326.918,5336.059,5305.889,5312.999
2026-05-02 14:00:00,5312.983,5314.246,5300.833,5303.554
2026-05-02 15:00:00,5303.545,5306.271,5290.526,5291.373
2026-05-02 16:00:00,5291.362,5302.552,5286.353,5301.606
2026-05-02 17:00:00,5301.586,5319.47,5291.615,5302.484
2026-05-02 18:00:00,5302.478,5310.863,5285.903,5285.903
2026-05-02 19:00:00,5285.903,5333.422,5282.933,5315.656
2026-05-02 20:00:00,5315.655,5332.649,5313.838,5325.067
2026-05-02 21:00:00,5325.055,5349.772,5323.644,5345.999
2026-05-02 22:00:00,5345.988,5389.204,5342.497,5383.338
2026-05-02 23:00:00,5383.323,5383.947,5363.853,5369.032
2026-05-03 00:00:00,5369.013,5372.97,5358.513,5366.862
2026-05-03 01:00:00,5366.838,5375.767,5361.682,5368.407
2026-05-03 02:00:00,5368.393,5386.527,5363.774,5373.083
2026-05-03 03:00:00,5373.079,5393.844,5372.311,5379.943
2026-05-03 04:00:00,5379.924,5389.516,5372.45,5379.103
2026-05-03 05:00:00,5379.086,5420.516,5371.457,5417.359
2026-05-03 06:00:00,5417.335,5424.433,5398.581,5407.348
2026-05-03 07:00:00,5407.327,5412.564,5393.281,5397.381
2026-05-03 08:00:00,5397.352,5425.545,5396.521,5421.438
2026-05-03 09:00:00,5421.43,5421.43,5404.775,5404.775
2026-05-03 10:00:00,5404.765,5404.765,5381.546,5381.546
2026-05-03 11:00:00,5381.535,5391.558,5377.926,5386.202
2026-05-03 12:00:00,5386.191,5392.681,5375.146,5380.213
2026-05-03 13:00:00,5380.196,5406.86,5378.599,5404.502
2026-05-03 14:00:00,5404.497,5404.497,5374.726,5374.726
2026-05-03 15:00:00,5374.712,5386.475,5364.659,5378.204
2026-05-03 16:00:00,5378.192,5386.726,5366.79,5366.79
2026-05-03 17:00:00,5366.786,5376.779,5355.057,5375.927
2026-05-03 18:00:00,5375.895,5375.895,5360.219,5368.568
2026-05-03 19:00:00,5368.547,5403.966,5367.916,5396.042
2026-05-03 20:00:00,5396.026,5401.653,5378.534,5388.86
2026-05-03 21:00:00,5388.85,5407.698,5383.461,5395.791
2026-05-03 22:00:00,5395.788,5396.851,5384.903,5387.555
2026-05-03 23:00:00,5387.544,5419.461,5385.189,5412.691
2026-05-04 00:00:00,5412.677,5421.775,5403.577,5408.133
2026-05-04 01:00:00,5408.118,5421.49,5401.436,5409.961
2026-05-04 02:00:00,5409.961,5417.701,5393.523,5393.523
2026-05-04 03:00:00,5393.518,5424.884,5390.248,5415.011
2026-05-04 04:00:00,5415.01,5423.066,5406.544,5411.261
2026-05-04 05:00:00,5411.257,5437.221,5409.603,5432.82
2026-05-04 06:00:00,5432.808,5434.537,5411.95,5422.254
2026-05-04 07:00:00,5422.249,5425.662,5414.852,5418.581
2026-05-04 08:00:00,5418.576,5465.909,5414.011,5463.911
2026-05-04 09:00:00,5463.905,5463.905,5443.374,5443.374
2026-05-04 10:00:00,5443.374,5443.374,5413.733,5413.733
2026-05-04 11:00:00,5413.709,5421.627,5404.174,5410.385
2026-05-04 12:00:00,5410.368,5419.152,5404.495,5415.144
2026-05-04 13:00:00,5415.128,5431.477,5411.206,5427.343
2026-05-04 14:00:00,5427.336,5427.336,5411.716,5414.656
2026-05-04 15:00:00,5414.642,5440.085,5412.835,5431.831
2026-05-04 16:00:00,5431.828,5440.304,5422.711,5426.261
2026-05-04 17:00:00,5426.257,5435.396,5416.155,5416.155
2026-05-04 18:00:00,5416.141,5430.28,5403.573,5426.353
2026-05-04 19:00:00,5426.341,5432.489,5413.051,5413.091
2026-05-04 20:00:00,5413.091,5413.091,5385.46,5385.46
2026-05-04 21:00:00,5385.458,5390.885,5377.291,5383.174
2026-05-04 22:00:00,5383.167,5383.167,5346.493,5352.512
2026-05-04 23:00:00,5352.498,5367.825,5345.431,5361.14
2026-05-05 00:00:00,5361.121,5363.694,5338.447,5338.447
2026-05-05 01:00:00,5338.42,5338.42,5318.122,5318.122
2026-05-05 02:00:00,5318.106,5330.902,5300.704,5328.542
2026-05-05 03:00:00,5328.521,5330.904,5312.826,5312.826
2026-05-05 04:00:00,5312.819,5312.819,5295.295,5305.714
2026-05-05 05:00:00,5305.703,5305.703,5284.11,5284.11
2026-05-05 06:00:00,5284.098,5284.841,5264.147,5270.74
2026-05-05 07:00:00,5270.717,5287.762,5270.4,5274.875
2026-05-05 08:00:00,5274.862,5274.862,5255.355,5272.827
2026-05-05 09:00:00,5272.823,5279.97,5263.46,5275.895
2026-05-05 10:00:00,5275.89,5282.593,5258.851,5263.899
2026-05-05 11:00:00,5263.89,5273.499,5246.569,5248.567
2026-05-05 12:00:00,5248.562,5271.184,5246.966,5268.247
2026-05-05 13:00:00,5268.238,5268.238,5243.21,5250.241
2026-05-05 14:00:00,5250.229,5250.229,5229.488,5237.812
2026-05-05 15:00:00,5237.806,5240.294,5218.599,5228.431
2026-05-05 16:00:00,5228.421,5235.544,5219.021,5228.461
2026-05-05 17:00:00,5228.45,5234.206,5206.813,5206.813
2026-05-05 18:00:00,5206.791,5206.791,5182.715,5182.715
2026-05-05 19:00:00,5182.713,5209.043,5179.775,5204.707
2026-05-05 20:00:00,5204.701,5211.692,5193.606,5198.622
2026-05-05 21:00:00,5198.619,5210.699,5191.5,5206.771
2026-05-05 22:00:00,5206.765,5219.082,5197.407,5210.188
2026-05-05 23:00:00,5210.167,5237.524,5206.943,5233.265
2026-05-06 00:00:00,5233.258,5239.822,5219.905,5219.905
2026-05-06 01:00:00,5219.89,5219.89,5194.376,5194.376
2026-05-06 02:00:00,5194.362,5211.5,5180.061,5201.485
2026-05-06 03:00:00,5201.468,5221.47,5196.186,5219.347
2026-05-06 04:00:00,5219.345,5234.38,5208.954,5225.041
2026-05-06 05:00:00,5225.038,5234.519,5213.335,5213.335
2026-05-06 06:00:00,5213.334,5252.982,5211.826,5246.597
2026-05-06 07:00:00,5246.587,5255.172,5238.068,5238.407
2026-05-06 08:00:00,5238.401,5244.464,5224.668,5236.081
2026-05-06 09:00:00,5236.076,5239.135,5223.79,5236.424
2026-05-06 10:00:00,5236.416,5240.93,5221.33,5233.054
2026-05-06 11:00:00,5233.051,5240.669,5225.194,5238.312
2026-05-06 12:00:00,5238.305,5246.065,5228.305,5228.305
2026-05-06 13:00:00,5228.301,5228.301,5208.03,5211.226
2026-05-06 14:00:00,5211.198,5253.163,5210.515,5247.436
2026-05-06 15:00:00,5247.423,5256.875,5236.967,5249.346
2026-05-06 16:00:00,5249.338,5267.303,5235.764,5235.764
2026-05-06 17:00:00,5235.757,5235.757,5212.416,5220.641
2026-05-06 18:00:00,5220.641,5227.866,5206.287,5221.838
2026-05-06 19:00:00,5221.831,5228.169,5208.336,5210.555
2026-05-06 20:00:00,5210.551,5252.339,5202.743,5250.699
2026-05-06 21:00:00,5250.685,5259.497,5238.553,5259.008
2026-05-06 22:00:00,5259.0,5301.272,5258.385,5297.968
2026-05-06 23:00:00,5297.962,5300.771,5267.893,5272.985
2026-05-07 00:00:00,5272.985,5272.985,5254.071,5255.973
2026-05-07 01:00:00,5255.962,5262.13,5248.177,5252.199
2026-05-07 02:00:00,5252.165,5253.035,5228.525,5236.46
2026-05-07 03:00:00,5236.453,5248.551,5234.134,5239.894
2026-05-07 04:00:00,5239.876,5258.874,5238.197,5257.822
2026-05-07 05:00:00,5257.814,5262.105,5247.14,5256.557
2026-05-07 06:00:00,5256.55,5256.55,5237.118,5237.118
2026-05-07 07:00:00,5237.107,5241.494,5220.479,5233.342
2026-05-07 08:00:00,5233.335,5269.365,5225.9,5264.622
2026-05-07 09:00:00,5264.611,5285.395,5262.207,5275.173
2026-05-07 10:00:00,5275.173,5275.173,5260.602,5262.069
2026-05-07 11:00:00,5262.069,5268.471,5245.012,5245.911
2026-05-07 12:00:00,5245.901,5245.901,5216.891,5216.891
2026-05-07 13:00:00,5216.882,5234.186,5216.372,5221.495
2026-05-07 14:00:00,5221.485,5233.108,5215.423,5216.607
2026-05-07 15:00:00,5216.592,5216.592,5187.706,5187.706
2026-05-07 16:00:00,5187.675,5198.814,5167.355,5195.718
2026-05-07 17:00:00,5195.711,5206.921,5178.659,5178.659
2026-05-07 18:00:00,5178.648,5191.632,5175.976,5184.645
2026-05-07 19:00:00,5184.643,5184.643,5161.336,5163.588
2026-05-07 20:00:00,5163.585,5167.17,5147.119,5154.713
2026-05-07 21:00:00,5154.694,5173.497,5151.464,5164.423
2026-05-07 22:00:00,5164.4,5172.062,5155.447,5156.376
2026-05-07 23:00:00,5156.357,5160.498,5131.463,5134.373
2026-05-08 00:00:00,5134.361,5138.796,5123.674,5134.09
2026-05-08 01:00:00,5134.084,5146.88,5124.255,5141.163
2026-05-08 02:00:00,5141.161,5141.161,5117.647,5125.696
2026-05-08 03:00:00,5125.69,5141.61,5122.058,5123.465
2026-05-08 04:00:00,5123.449,5129.78,5116.608,5117.307
2026-05-08 05:00:00,5117.286,5123.662,5101.117,5117.095
2026-05-08 06:00:00,5117.085,5117.293,5093.266,5093.301
2026-05-08 07:00:00,5093.295,5094.181,5077.349,5087.051
2026-05-08 08:00:00,5087.05,5093.103,5077.279,5087.143
2026-05-08 09:00:00,5087.135,5088.465,5055.957,5055.957
2026-05-08 10:00:00,5055.939,5061.407,5039.542,5051.177
2026-05-08 11:00:00,5051.158,5059.63,5041.726,5044.318
2026-05-08 12:00:00,5044.303,5050.571,5019.797,5047.896
2026-05-08 13:00:00,5047.879,5047.879,5026.437,5041.517
2026-05-08 14:00:00,5041.504,5072.052,5040.294,5065.431
2026-05-08 15:00:00,5065.423,5099.556,5062.707,5099.518
2026-05-08 16:00:00,5099.509,5141.824,5096.601,5135.423
2026-05-08 17:00:00,5135.423,5182.844,5134.109,5166.982
2026-05-08 18:00:00,5166.973,5171.797,5151.842,5166.494
2026-05-08 19:00:00,5166.477,5176.067,5159.878,5172.171
2026-05-08 20:00:00,5172.147,5172.147,5144.569,5157.246
2026-05-08 21:00:00,5157.242,5157.242,5141.762,5141.762
2026-05-08 22:00:00,5141.747,5147.765,5126.829,5126.829
2026-05-08 23:00:00,5126.825,5127.013,5114.292,5117.331
2026-05-09 00:00:00,5117.315,5127.991,5107.243,5119.793
2026-05-09 01:00:00,5119.778,5119.778,5092.808,5106.46
2026-05-09 02:00:00,5106.45,5132.139,5105.407,5107.475
2026-05-09 03:00:00,5107.462,5127.705,5107.28,5125.528
2026-05-09 04:00:00,5125.511,5134.522,5099.399,5099.399
2026-05-09 05:00:00,5099.39,5108.136,5088.306,5089.448
2026-05-09 06:00:00,5089.439,5114.377,5082.097,5107.462
2026-05-09 07:00:00,5107.461,5117.661,5099.56,5113.496
2026-05-09 08:00:00,5113.496,5136.923,5099.08,5123.123
2026-05-09 09:00:00,5123.108,5138.032,5112.273,5132.487
2026-05-09 10:00:00,5132.48,5132.48,5105.451,5107.268
2026-05-09 11:00:00,5107.264,5139.942,5105.057,5129.737
2026-05-09 12:00:00,5129.735,5141.273,5126.137,5126.137
2026-05-09 13:00:00,5126.127,5132.456,5113.008,5122.357
2026-05-09 14:00:00,5122.345,5124.404,5109.641,5120.819
2026-05-09 15:00:00,5120.799,5143.956,5115.385,5143.252
2026-05-09 16:00:00,5143.247,5148.702,5128.247,5140.021
2026-05-09 17:00:00,5140.002,5143.132,5129.803,5139.333
2026-05-09 18:00:00,5139.308,5173.693,5131.381,5167.497
2026-05-09 19:00:00,5167.493,5177.764,5158.641,5163.687
2026-05-09 20:00:00,5163.68,5163.68,5137.463,5139.855
2026-05-09 21:00:00,5139.847,5154.218,5137.07,5143.848
2026-05-09 22:00:00,5143.832,5166.006,5141.944,5165.342
2026-05-09 23:00:00,5165.332,5165.332,5139.138,5139.138
2026-05-10 00:00:00,5139.133,5139.133,5119.86,5121.88
2026-05-10 01:00:00,5121.875,5134.026,5113.783,5129.703
2026-05-10 02:00:00,5129.686,5141.452,5126.877,5139.141
2026-05-10 03:00:00,5139.138,5140.711,5116.419,5121.856
2026-05-10 04:00:00,5121.855,5138.138,5117.896,5137.165
2026-05-10 05:00:00,5137.158,5144.296,5127.521,5137.319
2026-05-10 06:00:00,5137.292,5182.382,5134.248,5178.907
2026-05-10 07:00:00,5178.898,5182.21,5160.354,5178.639
2026-05-10 08:00:00,5178.638,5181.133,5164.44,5174.246
2026-05-10 09:00:00,5174.243,5174.485,5161.346,5161.346
2026-05-10 10:00:00,5161.33,5161.33,5136.667,5142.846
2026-05-10 11:00:00,5142.819,5149.01,5126.322,5146.34
2026-05-10 12:00:00,5146.327,5149.831,5127.411,5129.806
2026-05-10 13:00:00,5129.794,5155.094,5123.125,5151.376
2026-05-10 14:00:00,5151.371,5165.208,5148.235,5155.707
2026-05-10 15:00:00,5155.702,5175.362,5151.252,5167.156
2026-05-10 16:00:00,5167.144,5189.643,5155.719,5186.319
2026-05-10 17:00:00,5186.316,5186.316,5155.462,5157.684
2026-05-10 18:00:00,5157.657,5160.559,5142.688,5142.688
2026-05-10 19:00:00,5142.662,5163.766,5126.534,5161.415
2026-05-10 20:00:00,5161.399,5174.264,5152.234,5163.155
2026-05-10 21:00:00,5163.154,5170.992,5145.285,5158.243
2026-05-10 22:00:00,5158.243,5169.992,5153.878,5153.878
2026-05-10 23:00:00,5153.856,5186.184,5153.468,5183.272
2026-05-11 00:00:00,5183.245,5205.836,5177.157,5201.111
2026-05-11 01:00:00,5201.106,5206.763,5189.983,5189.983
2026-05-11 02:00:00,5189.974,5199.943,5174.028,5174.028
2026-05-11 03:00:00,5174.024,5212.909,5161.01,5212.433
2026-05-11 04:00:00,5212.407,5238.487,5204.46,5227.193
2026-05-11 05:00:00,5227.193,5250.732,5222.645,5246.276
2026-05-11 06:00:00,5246.272,5254.691,5232.295,5241.762
2026-05-11 07:00:00,5241.762,5241.762,5209.334,5210.26
2026-05-11 08:00:00,5210.25,5224.252,5198.022,5219.882
2026-05-11 09:00:00,5219.872,5249.987,5218.901,5239.318
2026-05-11 10:00:00,5239.307,5251.841,5231.397,5246.233
2026-05-11 11:00:00,5246.217,5264.406,5245.156,5259.616
2026-05-11 12:00:00,5259.61,5267.254,5247.061,5259.406
2026-05-11 13:00:00,5259.389,5274.24,5251.582,5264.294
2026-05-11 14:00:00,5264.276,5270.027,5253.087,5253.087
2026-05-11 15:00:00,5253.077,5262.905,5244.473,5244.473
2026-05-11 16:00:00,5244.472,5268.257,5235.008,5254.321
2026-05-11 17:00:00,5254.315,5303.822,5250.917,5303.257
2026-05-11 18:00:00,5303.238,5312.952,5295.36,5310.726
2026-05-11 19:00:00,5310.723,5318.983,5294.703,5308.952
2026-05-11 20:00:00,5308.939,5313.084,5295.888,5295.888
2026-05-11 21:00:00,5295.87,5295.87,5261.755,5261.755
2026-05-11 22:00:00,5261.739,5286.592,5261.598,5270.376
2026-05-11 23:00:00,5270.369,5280.9,5259.063,5260.238
2026-05-12 00:00:00,5260.227,5265.826,5251.126,5255.578
2026-05-12 01:00:00,5255.57,5255.57,5241.594,5249.224
2026-05-12 02:00:00,5249.207,5256.872,5230.093,5230.093
2026-05-12 03:00:00,5230.085,5238.704,5224.628,5227.495
2026-05-12 04:00:00,5227.475,5227.475,5198.495,5198.495
2026-05-12 05:00:00,5198.494,5201.277,5179.512,5179.512
2026-05-12 06:00:00,5179.495,5179.495,5147.138,5157.011
2026-05-12 07:00:00,5157.007,5205.541,5151.54,5197.11
2026-05-12 08:00:00,5197.099,5212.194,5185.278,5199.877
2026-05-12 09:00:00,5199.862,5202.36,5183.701,5183.701
2026-05-12 10:00:00,5183.692,5211.583,5182.169,5208.691
2026-05-12 11:00:00,5208.69,5218.11,5189.784,5189.784
2026-05-12 12:00:00,5189.766,5201.689,5182.977,5185.971
2026-05-12 13:00:00,5185.956,5199.345,5176.62,5195.966
2026-05-12 14:00:00,5195.96,5217.925,5192.386,5206.576
2026-05-12 15:00:00,5206.565,5234.373,5204.565,5218.898
2026-05-12 16:00:00,5218.887,5230.964,5207.605,5230.949
2026-05-12 17:00:00,5230.944,5241.327,5224.077,5236.303
2026-05-12 18:00:00,5236.286,5241.508,5222.311,5227.279
2026-05-12 19:00:00,5227.278,5228.185,5203.273,5203.273
2026-05-12 20:00:00,5203.266,5228.968,5196.923,5221.219
2026-05-12 21:00:00,5221.216,5225.445,5210.509,5211.903
2026-05-12 22:00:00,5211.886,5243.865,5207.174,5238.869
2026-05-12 23:00:00,5238.864,5263.523,5232.445,5261.676
2026-05-13 00:00:00,5261.668,5274.812,5251.379,5261.257
2026-05-13 01:00:00,5261.255,5266.917,5250.004,5263.011
2026-05-13 02:00:00,5262.991,5304.392,5255.665,5303.645
2026-05-13 03:00:00,5303.632,5312.601,5292.647,5299.149
2026-05-13 04:00:00,5299.132,5311.238,5283.338,5304.781
2026-05-13 05:00:00,5304.774,5340.311,5299.58,5335.223
2026-05-13 06:00:00,5335.219,5340.258,5326.088,5330.345
2026-05-13 07:00:00,5330.337,5361.555,5328.206,5359.051
2026-05-13 08:00:00,5359.046,5373.729,5352.138,5352.138
2026-05-13 09:00:00,5352.119,5356.807,5336.866,5346.079
2026-05-13 10:00:00,5346.056,5346.056,5323.228,5333.305
2026-05-13 11:00:00,5333.285,5345.446,5330.326,5341.696
2026-05-13 12:00:00,5341.695,5341.695,5326.17,5330.849
2026-05-13 13:00:00,5330.835,5349.576,5320.585,5331.121
2026-05-13 14:00:00,5331.121,5341.268,5327.599,5335.397
2026-05-13 15:00:00,5335.371,5342.627,5326.418,5331.065
2026-05-13 16:00:00,5331.055,5384.921,5316.337,5383.327
2026-05-13 17:00:00,5383.312,5420.942,5382.874,5419.363
2026-05-13 18:00:00,5419.352,5423.696,5409.553,5418.527
2026-05-13 19:00:00,5418.51,5476.894,5414.028,5468.989
2026-05-13 20:00:00,5468.965,5490.715,5463.965,5487.855
2026-05-13 21:00:00,5487.825,5503.891,5486.601,5491.685
2026-05-13 22:00:00,5491.684,5504.065,5476.618,5477.218
2026-05-13 23:00:00,5477.217,5519.383,5475.238,5519.31
2026-05-14 00:00:00,5519.307,5521.844,5505.778,5518.261
2026-05-14 01:00:00,5518.248,5520.505,5497.285,5512.929
2026-05-14 02:00:00,5512.918,5512.918,5491.27,5491.27
2026-05-14 03:00:00,5491.261,5505.841,5488.174,5495.289
2026-05-14 04:00:00,5495.285,5495.412,5473.496,5473.496
2026-05-14 05:00:00,5473.494,5492.593,5467.271,5491.096
2026-05-14 06:00:00,5491.087,5491.087,5469.599,5475.69
2026-05-14 07:00:00,5475.673,5475.673,5463.876,5469.386
2026-05-14 08:00:00,5469.371,5484.595,5456.003,5481.005
2026-05-14 09:00:00,5480.99,5487.52,5471.502,5471.502
2026-05-14 10:00:00,5471.485,5480.323,5464.13,5464.323
2026-05-14 11:00:00,5464.302,5468.581,5447.173,5447.173
2026-05-14 12:00:00,5447.153,5505.997,5439.853,5499.322
2026-05-14 13:00:00,5499.312,5512.364,5491.183,5503.632
2026-05-14 14:00:00,5503.623,5509.036,5491.268,5491.268
2026-05-14 15:00:00,5491.249,5491.249,5467.066,5470.676
2026-05-14 16:00:00,5470.657,5470.672,5456.436,5464.395
2026-05-14 17:00:00,5464.379,5498.587,5463.708,5489.916
2026-05-14 18:00:00,5489.912,5495.951,5478.455,5487.736
2026-05-14 19:00:00,5487.736,5495.209,5480.073,5485.377
2026-05-14 20:00:00,5485.37,5485.37,5470.665,5472.89
2026-05-14 21:00:00,5472.888,5472.888,5459.738,5461.505
2026-05-14 22:00:00,5461.502,5469.236,5442.558,5449.507
2026-05-14 23:00:00,5449.507,5457.81,5441.474,5446.419
2026-05-15 00:00:00,5446.403,5446.403,5426.536,5439.678
2026-05-15 01:00:00,5439.675,5469.646,5437.63,5469.271
2026-05-15 02:00:00,5469.253,5500.099,5460.088,5492.347
2026-05-15 03:00:00,5492.34,5506.541,5478.186,5481.961
2026-05-15 04:00:00,5481.954,5482.593,5461.335,5470.111
2026-05-15 05:00:00,5470.107,5492.12,5467.861,5485.846
2026-05-15 06:00:00,5485.838,5489.782,5472.248,5483.66
2026-05-15 07:00:00,5483.659,5493.362,5468.825,5479.537
2026-05-15 08:00:00,5479.518,5498.817,5473.974,5490.299
2026-05-15 09:00:00,5490.281,5495.679,5478.622,5478.622
2026-05-15 10:00:00,5478.607,5534.464,5470.904,5531.192
2026-05-15 11:00:00,5531.19,5542.958,5515.55,5515.55
2026-05-15 12:00:00,5515.539,5527.541,5504.849,5522.448
2026-05-15 13:00:00,5522.431,5529.201,5505.635,5526.631
2026-05-15 14:00:00,5526.627,5538.234,5510.936,5536.522
2026-05-15 15:00:00,5536.52,5545.256,5526.466,5533.444
2026-05-15 16:00:00,5533.435,5571.685,5531.572,5564.704
2026-05-15 17:00:00,5564.686,5573.019,5555.084,5566.416
2026-05-15 18:00:00,5566.4,5568.217,5551.677,5552.053
2026-05-15 19:00:00,5552.036,5552.036,5524.318,5528.928
2026-05-15 20:00:00,5528.924,5543.311,5510.572,5521.228
2026-05-15 21:00:00,5521.215,5528.617,5513.899,5523.215
2026-05-15 22:00:00,5523.203,5523.203,5496.55,5501.319
2026-05-15 23:00:00,5501.317,5505.963,5494.213,5496.429
2026-05-16 00:00:00,5496.401,5506.499,5489.936,5493.751
2026-05-16 01:00:00,5493.74,5503.426,5470.8,5474.66
2026-05-16 02:00:00,5474.646,5504.53,5466.913,5499.527
2026-05-16 03:00:00,5499.509,5523.842,5492.57,5523.221
2026-05-16 04:00:00,5523.213,5523.213,5502.713,5515.326
2026-05-16 05:00:00,5515.325,5530.067,5510.509,5525.834
2026-05-16 06:00:00,5525.82,5525.82,5503.498,5511.581
2026-05-16 07:00:00,5511.58,5517.894,5491.179,5497.021
2026-05-16 08:00:00,5497.014,5502.615,5484.255,5493.162
2026-05-16 09:00:00,5493.151,5493.932,5475.378,5475.378
2026-05-16 10:00:00,5475.355,5491.768,5467.976,5489.843
2026-05-16 11:00:00,5489.831,5501.031,5476.258,5499.336
2026-05-16 12:00:00,5499.327,5516.491,5497.282,5506.431
2026-05-16 13:00:00,5506.42,5534.762,5505.548,5519.07
2026-05-16 14:00:00,5519.058,5530.322,5507.114,5520.145
2026-05-16 15:00:00,5520.142,5520.142,5491.855,5491.855
2026-05-16 16:00:00,5491.843,5495.666,5476.986,5489.491
2026-05-16 17:00:00,5489.47,5504.131,5483.426,5496.951
2026-05-16 18:00:00,5496.943,5516.981,5472.509,5513.509
2026-05-16 19:00:00,5513.504,5523.69,5506.315,5511.073
2026-05-16 20:00:00,5511.06,5511.06,5490.295,5506.606
2026-05-16 21:00:00,5506.6,5571.928,5505.137,5567.922
2026-05-16 22:00:00,5567.907,5600.734,5564.932,5597.118
2026-05-16 23:00:00,5597.107,5611.539,5585.469,5601.109
2026-05-17 00:00:00,5601.092,5623.107,5600.11,5611.313
2026-05-17 01:00:00,5611.279,5619.564,5597.789,5619.13
2026-05-17 02:00:00,5619.118,5632.699,5612.985,5620.455
2026-05-17 03:00:00,5620.454,5625.163,5610.346,5610.346
2026-05-17 04:00:00,5610.343,5610.343,5592.479,5600.483
2026-05-17 05:00:00,5600.452,5611.129,5590.24,5590.24
2026-05-17 06:00:00,5590.235,5595.785,5564.102,5565.557
2026-05-17 07:00:00,5565.548,5604.601,5559.063,5603.2
2026-05-17 08:00:00,5603.196,5633.779,5595.857,5630.499
2026-05-17 09:00:00,5630.494,5633.688,5614.717,5614.717
2026-05-17 10:00:00,5614.705,5614.705,5592.938,5605.39
2026-05-17 11:00:00,5605.364,5626.467,5593.029,5615.679
2026-05-17 12:00:00,5615.661,5615.661,5596.643,5596.643
2026-05-17 13:00:00,5596.628,5598.898,5567.879,5574.617
2026-05-17 14:00:00,5574.605,5614.37,5571.415,5610.567
2026-05-17 15:00:00,5610.565,5635.558,5599.438,5627.451
2026-05-17 16:00:00,5627.434,5644.405,5617.622,5617.622
2026-05-17 17:00:00,5617.605,5623.202,5606.102,5610.604
2026-05-17 18:00:00,5610.588,5610.588,5584.25,5604.426
2026-05-17 19:00:00,5604.409,5607.261,5578.768,5578.768
2026-05-17 20:00:00,5578.757,5591.494,5571.328,5580.715
2026-05-17 21:00:00,5580.71,5580.71,5561.307,5574.159
2026-05-17 22:00:00,5574.158,5580.357,5548.942,5548.942
2026-05-17 23:00:00,5548.932,5548.932,5523.49,5523.49
2026-05-18 00:00:00,5523.457,5527.154,5505.447,5505.447
2026-05-18 01:00:00,5505.446,5527.109,5501.254,5521.722
2026-05-18 02:00:00,5521.715,5540.925,5515.203,5517.214
2026-05-18 03:00:00,5517.211,5558.329,5511.627,5555.022
2026-05-18 04:00:00,5555.007,5555.007,5526.561,5528.526
2026-05-18 05:00:00,5528.525,5531.623,5502.28,5508.743
2026-05-18 06:00:00,5508.733,5522.411,5502.087,5502.087
2026-05-18 07:00:00,5502.082,5504.545,5471.892,5472.645
2026-05-18 08:00:00,5472.636,5494.202,5465.67,5493.153
2026-05-18 09:00:00,5493.121,5508.239,5488.877,5496.749
2026-05-18 10:00:00,5496.732,5499.926,5473.182,5497.005
2026-05-18 11:00:00,5497.0,5506.31,5485.817,5492.513
2026-05-18 12:00:00,5492.509,5507.975,5488.738,5499.602
2026-05-18 13:00:00,5499.58,5499.58,5469.522,5471.197
2026-05-18 14:00:00,5471.192,5501.569,5464.842,5489.202
2026-05-18 15:00:00,5489.2,5493.415,5471.261,5492.684
2026-05-18 16:00:00,5492.678,5529.072,5492.452,5526.693
2026-05-18 17:00:00,5526.669,5569.2,5518.339,5568.45
2026-05-18 18:00:00,5568.428,5568.428,5547.855,5555.665
2026-05-18 19:00:00,5555.653,5567.682,5539.382,5539.382
2026-05-18 20:00:00,5539.373,5574.587,5527.826,5562.583
2026-05-18 21:00:00,5562.568,5562.568,5539.709,5539.709
2026-05-18 22:00:00,5539.698,5563.262,5537.93,5557.489
2026-05-18 23:00:00,5557.48,5563.898,5544.7,5544.7
2026-05-19 00:00:00,5544.694,5581.565,5539.692,5575.395
2026-05-19 01:00:00,5575.367,5575.367,5559.606,5572.049
2026-05-19 02:00:00,5572.041,5587.216,5569.034,5574.962
2026-05-19 03:00:00,5574.948,5581.385,5564.079,5571.934
2026-05-19 04:00:00,5571.932,5586.266,5556.593,5584.172
2026-05-19 05:00:00,5584.163,5601.986,5581.911,5595.925
2026-05-19 06:00:00,5595.91,5642.152,5588.252,5635.022
2026-05-19 07:00:00,5635.016,5671.41,5631.792,5666.003
2026-05-19 08:00:00,5665.997,5680.276,5648.367,5651.368
2026-05-19 09:00:00,5651.345,5659.374,5644.056,5658.295
2026-05-19 10:00:00,5658.287,5658.287,5632.223,5637.218
2026-05-19 11:00:00,5637.202,5666.416,5634.837,5654.948
2026-05-19 12:00:00,5654.944,5666.328,5638.086,5638.086
2026-05-19 13:00:00,5638.069,5638.069,5600.977,5600.977
2026-05-19 14:00:00,5600.961,5606.641,5590.136,5594.83
2026-05-19 15:00:00,5594.816,5603.11,5574.592,5580.846
2026-05-19 16:00:00,5580.842,5580.894,5562.379,5574.109
2026-05-19 17:00:00,5574.091,5599.647,5563.325,5594.827
2026-05-19 18:00:00,5594.799,5609.18,5585.465,5600.448
2026-05-19 19:00:00,5600.433,5621.477,5597.336,5608.603
2026-05-19 20:00:00,5608.594,5619.784,5592.059,5610.957
2026-05-19 21:00:00,5610.954,5615.899,5594.72,5600.094
2026-05-19 22:00:00,5600.075,5604.008,5571.313,5581.837
2026-05-19 23:00:00,5581.83,5581.83,5560.838,5564.987
2026-05-20 00:00:00,5564.976,5566.419,5544.405,5549.034
2026-05-20 01:00:00,5549.019,5557.861,5542.745,5555.556
2026-05-20 02:00:00,5555.543,5555.543,5531.377,5536.568
2026-05-20 03:00:00,5536.542,5551.573,5531.069,5549.256
2026-05-20 04:00:00,5549.24,5549.24,5517.99,5517.99
2026-05-20 05:00:00,5517.984,5521.993,5497.231,5497.231
2026-05-20 06:00:00,5497.215,5506.018,5472.191,5472.191
2026-05-20 07:00:00,5472.167,5475.498,5458.878,5471.219
2026-05-20 08:00:00,5471.208,5482.82,5455.169,5455.169
2026-05-20 09:00:00,5455.156,5477.021,5452.149,5467.115
2026-05-20 10:00:00,5467.101,5469.838,5448.648,5448.648
2026-05-20 11:00:00,5448.636,5450.502,5421.738,5421.738
2026-05-20 12:00:00,5421.729,5425.613,5395.447,5395.447
2026-05-20 13:00:00,5395.428,5403.027,5381.771,5399.383
2026-05-20 14:00:00,5399.379,5432.53,5397.265,5417.028
2026-05-20 15:00:00,5417.012,5462.027,5412.429,5461.281
2026-05-20 16:00:00,5461.253,5481.132,5458.757,5462.765
2026-05-20 17:00:00,5462.753,5486.93,5457.766,5479.259
2026-05-20 18:00:00,5479.251,5479.251,5457.173,5457.173
2026-05-20 19:00:00,5457.169,5471.981,5452.324,5470.429
2026-05-20 20:00:00,5470.421,5484.114,5463.43,5479.398
2026-05-20 21:00:00,5479.378,5479.378,5458.853,5465.448
2026-05-20 22:00:00,5465.421,5498.317,5460.589,5497.349
2026-05-20 23:00:00,5497.342,5505.531,5489.642,5495.951
2026-05-21 00:00:00,5495.949,5501.761,5484.282,5492.768
2026-05-21 01:00:00,5492.757,5511.301,5488.65,5503.354
2026-05-21 02:00:00,5503.339,5503.339,5476.951,5487.182
2026-05-21 03:00:00,5487.178,5495.858,5478.659,5494.317
2026-05-21 04:00:00,5494.293,5516.133,5491.237,5499.389
2026-05-21 05:00:00,5499.375,5518.227,5498.195,5507.449
2026-05-21 06:00:00,5507.432,5520.171,5501.337,5507.651
2026-05-21 07:00:00,5507.64,5510.121,5493.776,5493.776
2026-05-21 08:00:00,5493.772,5493.772,5465.38,5471.436
2026-05-21 09:00:00,5471.429,5481.411,5465.182,5474.436
2026-05-21 10:00:00,5474.431,5482.807,5459.922,5481.907
2026-05-21 11:00:00,5481.905,5491.963,5471.335,5475.309
2026-05-21 12:00:00,5475.284,5478.596,5466.951,5468.782
2026-05-21 13:00:00,5468.766,5490.031,5468.698,5485.672
2026-05-21 14:00:00,5485.667,5501.054,5480.776,5483.703
2026-05-21 15:00:00,5483.702,5528.651,5481.158,5523.725
2026-05-21 16:00:00,5523.718,5528.936,5517.111,5524.272
2026-05-21 17:00:00,5524.268,5532.38,5509.172,5516.467
2026-05-21 18:00:00,5516.466,5534.422,5509.211,5529.454
2026-05-21 19:00:00,5529.438,5529.438,5492.595,5492.595
2026-05-21 20:00:00,5492.577,5492.577,5472.809,5485.08
2026-05-21 21:00:00,5485.058,5492.481,5477.093,5490.358
2026-05-21 22:00:00,5490.35,5521.233,5489.484,5503.252
2026-05-21 23:00:00,5503.235,5549.009,5502.693,5543.721
2026-05-22 00:00:00,5543.701,5568.648,5542.696,5556.735
2026-05-22 01:00:00,5556.729,5572.956,5553.112,5562.808
2026-05-22 02:00:00,5562.791,5572.957,5548.963,5548.963
2026-05-22 03:00:00,5548.952,5589.288,5538.829,5571.302
2026-05-22 04:00:00,5571.294,5571.294,5550.281,5556.811
2026-05-22 05:00:00,5556.808,5556.808,5544.472,5549.256
2026-05-22 06:00:00,5549.243,5565.354,5533.154,5561.337
2026-05-22 07:00:00,5561.309,5575.798,5550.618,5569.743
2026-05-22 08:00:00,5569.739,5588.5,5559.649,5576.131
2026-05-22 09:00:00,5576.124,5577.792,5557.325,5575.917
2026-05-22 10:00:00,5575.909,5575.909,5538.109,5540.705
2026-05-22 11:00:00,5540.701,5548.172,5528.798,5531.341
2026-05-22 12:00:00,5531.339,5544.898,5522.247,5523.956
2026-05-22 13:00:00,5523.949,5533.539,5507.03,5515.325
2026-05-22 14:00:00,5515.296,5524.254,5505.932,5516.127
2026-05-22 15:00:00,5516.103,5529.334,5513.967,5513.967
2026-05-22 16:00:00,5513.954,5515.075,5487.264,5487.264
2026-05-22 17:00:00,5487.248,5487.248,5464.074,5479.25
2026-05-22 18:00:00,5479.244,5479.244,5457.62,5465.246
2026-05-22 19:00:00,5465.245,5465.245,5437.295,5437.295
2026-05-22 20:00:00,5437.288,5437.982,5423.436,5434.732
2026-05-22 21:00:00,5434.722,5440.163,5418.082,5439.563
2026-05-22 22:00:00,5439.538,5452.876,5435.465,5438.873
2026-05-22 23:00:00,5438.858,5465.948,5428.79,5465.079
2026-05-23 00:00:00,5465.077,5465.077,5444.973,5456.752
2026-05-23 01:00:00,5456.74,5474.008,5448.056,5473.464
2026-05-23 02:00:00,5473.461,5492.426,5473.1,5476.223
2026-05-23 03:00:00,5476.21,5479.002,5455.387,5463.305
2026-05-23 04:00:00,5463.289,5491.859,5460.963,5485.847
2026-05-23 05:00:00,5485.833,5499.155,5481.391,5486.419
2026-05-23 06:00:00,5486.417,5494.047,5472.671,5487.197
2026-05-23 07:00:00,5487.186,5490.292,5465.115,5465.115
2026-05-23 08:00:00,5465.101,5470.791,5454.247,5454.705
2026-05-23 09:00:00,5454.702,5468.056,5445.485,5461.127
2026-05-23 10:00:00,5461.105,5467.459,5452.38,5459.657
2026-05-23 11:00:00,5459.654,5479.849,5453.79,5467.934
2026-05-23 12:00:00,5467.932,5482.455,5455.386,5479.661
2026-05-23 13:00:00,5479.649,5488.2,5469.58,5469.58
2026-05-23 14:00:00,5469.561,5469.561,5445.096,5445.096
2026-05-23 15:00:00,5445.081,5445.61,5415.652,5415.652
2026-05-23 16:00:00,5415.645,5428.605,5409.852,5422.875
2026-05-23 17:00:00,5422.858,5443.246,5416.738,5434.454
2026-05-23 18:00:00,5434.43,5444.258,5420.998,5420.998
2026-05-23 19:00:00,5420.989,5420.989,5396.532,5400.351
2026-05-23 20:00:00,5400.338,5438.433,5397.305,5434.176
2026-05-23 21:00:00,5434.162,5434.162,5414.142,5416.528
2026-05-23 22:00:00,5416.509,5418.339,5392.317,5392.317
2026-05-23 23:00:00,5392.311,5395.029,5375.832,5387.149
2026-05-24 00:00:00,5387.126,5401.266,5375.54,5375.54
2026-05-24 01:00:00,5375.533,5384.716,5363.758,5377.839
2026-05-24 02:00:00,5377.835,5399.892,5372.405,5389.996
2026-05-24 03:00:00,5389.989,5402.566,5383.248,5383.396
2026-05-24 04:00:00,5383.379,5385.043,5363.715,5363.715
2026-05-24 05:00:00,5363.702,5363.702,5338.082,5340.604
2026-05-24 06:00:00,5340.595,5374.458,5335.803,5363.315
2026-05-24 07:00:00,5363.286,5363.286,5342.632,5355.159
2026-05-24 08:00:00,5355.146,5372.418,5345.79,5371.028
2026-05-24 09:00:00,5371.024,5377.853,5355.184,5356.087
2026-05-24 10:00:00,5356.086,5360.304,5345.71,5352.209
2026-05-24 11:00:00,5352.203,5358.886,5332.671,5332.671
2026-05-24 12:00:00,5332.646,5365.999,5325.744,5361.055
2026-05-24 13:00:00,5361.038,5363.529,5346.168,5356.292
2026-05-24 14:00:00,5356.286,5398.168,5355.946,5387.039
2026-05-24 15:00:00,5387.039,5390.769,5366.889,5387.748
2026-05-24 16:00:00,5387.725,5393.947,5381.01,5391.753
2026-05-24 17:00:00,5391.738,5415.742,5387.966,5402.647
2026-05-24 18:00:00,5402.644,5420.902,5398.501,5402.872
2026-05-24 19:00:00,5402.871,5409.387,5389.206,5389.206
2026-05-24 20:00:00,5389.201,5391.04,5363.251,5369.889
2026-05-24 21:00:00,5369.881,5369.881,5347.645,5360.16
2026-05-24 22:00:00,5360.153,5366.811,5349.188,5350.668
2026-05-24 23:00:00,5350.664,5362.723,5346.743,5350.333
2026-05-25 00:00:00,5350.332,5364.918,5338.913,5349.115
2026-05-25 01:00:00,5349.112,5354.319,5331.801,5331.801
2026-05-25 02:00:00,5331.776,5332.233,5306.26,5306.26
2026-05-25 03:00:00,5306.246,5317.238,5299.861,5304.301
2026-05-25 04:00:00,5304.296,5304.296,5278.083,5284.204
2026-05-25 05:00:00,5284.187,5288.537,5272.61,5279.846
2026-05-25 06:00:00,5279.821,5281.15,5266.187,5266.187
2026-05-25 07:00:00,5266.183,5267.552,5257.315,5257.795
2026-05-25 08:00:00,5257.789,5274.569,5257.375,5257.567
2026-05-25 09:00:00,5257.552,5270.19,5247.609,5247.609
2026-05-25 10:00:00,5247.609,5257.117,5237.412,5241.43
2026-05-25 11:00:00,5241.413,5249.063,5219.644,5247.958
2026-05-25 12:00:00,5247.958,5260.907,5235.652,5254.725
2026-05-25 13:00:00,5254.722,5282.945,5249.173,5280.819
2026-05-25 14:00:00,5280.808,5291.779,5270.748,5270.757
2026-05-25 15:00:00,5270.745,5303.942,5268.926,5300.828
2026-05-25 16:00:00,5300.809,5328.126,5297.347,5327.206
2026-05-25 17:00:00,5327.192,5329.979,5301.176,5304.735
2026-05-25 18:00:00,5304.731,5319.986,5303.25,5317.299
2026-05-25 19:00:00,5317.295,5325.564,5306.64,5321.7
2026-05-25 20:00:00,5321.686,5326.679,5309.008,5309.008
2026-05-25 21:00:00,5309.007,5309.99,5299.071,5306.007
2026-05-25 22:00:00,5305.997,5339.187,5297.256,5335.06
2026-05-25 23:00:00,5335.059,5353.703,5319.438,5345.451
2026-05-26 00:00:00,5345.444,5369.364,5343.584,5368.443
2026-05-26 01:00:00,5368.432,5378.268,5359.952,5360.282
2026-05-26 02:00:00,5360.253,5370.317,5357.502,5363.336
2026-05-26 03:00:00,5363.324,5380.046,5356.722,5370.309
2026-05-26 04:00:00,5370.294,5391.251,5364.551,5378.951
2026-05-26 05:00:00,5378.95,5391.977,5365.81,5379.136
2026-05-26 06:00:00,5379.127,5379.127,5347.224,5347.224
2026-05-26 07:00:00,5347.218,5347.218,5323.507,5323.507
2026-05-26 08:00:00,5323.507,5333.049,5308.666,5308.666
2026-05-26 09:00:00,5308.658,5329.425,5304.275,5329.01
2026-05-26 10:00:00,5329.001,5341.455,5316.348,5325.875
2026-05-26 11:00:00,5325.871,5363.691,5315.251,5361.607
2026-05-26 12:00:00,5361.6,5368.626,5351.92,5352.481
2026-05-26 13:00:00,5352.465,5360.22,5334.575,5347.876
2026-05-26 14:00:00,5347.876,5347.876,5326.857,5333.826
2026-05-26 15:00:00,5333.81,5337.623,5314.074,5314.074
2026-05-26 16:00:00,5314.073,5314.073,5276.335,5276.335
2026-05-26 17:00:00,5276.332,5324.131,5268.405,5320.039
2026-05-26 18:00:00,5320.019,5363.428,5314.755,5352.732
2026-05-26 19:00:00,5352.727,5362.872,5343.353,5343.353
2026-05-26 20:00:00,5343.346,5361.26,5337.809,5360.101
2026-05-26 21:00:00,5360.099,5371.674,5348.119,5367.688
2026-05-26 22:00:00,5367.671,5372.882,5356.072,5359.328
2026-05-26 23:00:00,5359.317,5360.35,5345.49,5345.49
2026-05-27 00:00:00,5345.478,5363.059,5333.877,5333.877
2026-05-27 01:00:00,5333.865,5383.199,5330.986,5380.811
2026-05-27 02:00:00,5380.799,5380.799,5363.183,5373.394
2026-05-27 03:00:00,5373.375,5396.448,5372.44,5382.194
2026-05-27 04:00:00,5382.169,5394.408,5371.433,5372.115
2026-05-27 05:00:00,5372.101,5391.992,5362.728,5386.467
2026-05-27 06:00:00,5386.466,5396.039,5383.019,5384.872
2026-05-27 07:00:00,5384.862,5399.516,5380.714,5387.218
2026-05-27 08:00:00,5387.198,5398.59,5378.34,5381.556
2026-05-27 09:00:00,5381.556,5381.556,5365.354,5365.354
2026-05-27 10:00:00,5365.353,5383.007,5363.937,5367.627
2026-05-27 11:00:00,5367.622,5380.007,5359.598,5373.43
2026-05-27 12:00:00,5373.413,5384.592,5365.042,5379.71
2026-05-27 13:00:00,5379.686,5383.025,5364.142,5378.923
2026-05-27 14:00:00,5378.921,5378.921,5356.966,5364.92
2026-05-27 15:00:00,5364.9,5367.943,5336.419,5336.419
2026-05-27 16:00:00,5336.396,5337.804,5317.867,5334.942
2026-05-27 17:00:00,5334.939,5350.386,5316.355,5347.883
2026-05-27 18:00:00,5347.866,5367.243,5342.195,5360.025
2026-05-27 19:00:00,5360.022,5394.428,5357.479,5389.207
2026-05-27 20:00:00,5389.194,5397.915,5383.333,5389.326
2026-05-27 21:00:00,5389.323,5389.323,5372.414,5379.535
2026-05-27 22:00:00,5379.513,5388.84,5371.447,5387.684
2026-05-27 23:00:00,5387.674,5411.245,5383.614,5406.038
2026-05-28 00:00:00,5406.036,5412.958,5396.662,5407.719
2026-05-28 01:00:00,5407.716,5413.45,5399.794,5408.942
2026-05-28 02:00:00,5408.927,5408.927,5389.448,5391.114
2026-05-28 03:00:00,5391.105,5397.175,5378.847,5392.063
2026-05-28 04:00:00,5392.057,5402.878,5387.543,5401.237
2026-05-28 05:00:00,5401.222,5404.446,5389.608,5391.213
2026-05-28 06:00:00,5391.206,5396.448,5373.652,5380.355
2026-05-28 07:00:00,5380.342,5410.512,5375.84,5404.755
2026-05-28 08:00:00,5404.75,5407.244,5387.193,5387.193
2026-05-28 09:00:00,5387.182,5397.735,5371.228,5396.683
2026-05-28 10:00:00,5396.676,5402.658,5381.481,5387.579
2026-05-28 11:00:00,5387.573,5395.266,5379.382,5380.669
2026-05-28 12:00:00,5380.646,5380.646,5359.759,5373.046
2026-05-28 13:00:00,5373.043,5421.318,5364.817,5416.801
2026-05-28 14:00:00,5416.788,5432.835,5415.347,5424.427
2026-05-28 15:00:00,5424.405,5429.548,5409.915,5409.915
2026-05-28 16:00:00,5409.907,5416.449,5397.72,5402.209
2026-05-28 17:00:00,5402.208,5412.475,5397.473,5401.782
2026-05-28 18:00:00,5401.778,5425.669,5389.765,5422.819
2026-05-28 19:00:00,5422.816,5437.581,5420.439,5432.961
2026-05-28 20:00:00,5432.956,5446.641,5429.037,5440.376
2026-05-28 21:00:00,5440.375,5440.375,5424.326,5437.544
2026-05-28 22:00:00,5437.527,5437.527,5418.353,5431.534
2026-05-28 23:00:00,5431.53,5435.789,5414.969,5428.783
2026-05-29 00:00:00,5428.754,5438.898,5417.657,5423.036
2026-05-29 01:00:00,5423.023,5453.737,5422.784,5442.332
2026-05-29 02:00:00,5442.305,5453.749,5433.604,5433.604
2026-05-29 03:00:00,5433.596,5473.415,5431.632,5467.825
2026-05-29 04:00:00,5467.818,5479.411,5454.245,5454.245
2026-05-29 05:00:00,5454.243,5454.917,5430.926,5451.706
2026-05-29 06:00:00,5451.694,5451.694,5427.394,5427.394
2026-05-29 07:00:00,5427.382,5436.691,5420.249,5430.173
2026-05-29 08:00:00,5430.17,5447.744,5428.2,5429.206
2026-05-29 09:00:00,5429.2,5429.2,5408.56,5408.56
2026-05-29 10:00:00,5408.535,5413.071,5389.32,5389.32
2026-05-29 11:00:00,5389.32,5389.32,5366.85,5366.85
2026-05-29 12:00:00,5366.834,5366.834,5341.017,5341.017
2026-05-29 13:00:00,5341.005,5344.116,5326.941,5334.718
2026-05-29 14:00:00,5334.713,5337.184,5304.797,5304.797
2026-05-29 15:00:00,5304.777,5330.619,5288.854,5327.78
2026-05-29 16:00:00,5327.764,5353.958,5318.557,5351.24
2026-05-29 17:00:00,5351.239,5359.151,5344.015,5350.059
2026-05-29 18:00:00,5350.056,5350.056,5332.636,5332.913
2026-05-29 19:00:00,5332.912,5350.128,5332.557,5348.878
2026-05-29 20:00:00,5348.87,5355.286,5329.695,5331.21
2026-05-29 21:00:00,5331.21,5335.541,5309.98,5313.229
2026-05-29 22:00:00,5313.221,5325.812,5297.639,5297.639
2026-05-29 23:00:00,5297.635,5334.478,5290.325,5333.991
2026-05-30 00:00:00,5333.975,5342.796,5325.132,5335.134
2026-05-30 01:00:00,5335.119,5340.107,5319.659,5319.659
2026-05-30 02:00:00,5319.652,5324.143,5304.861,5304.861
2026-05-30 03:00:00,5304.858,5322.634,5302.974,5315.821
2026-05-30 04:00:00,5315.818,5315.818,5291.58,5296.534
2026-05-30 05:00:00,5296.52,5309.591,5285.316,5287.726
2026-05-30 06:00:00,5287.72,5301.131,5279.291,5289.994
2026-05-30 07:00:00,5289.988,5318.363,5286.934,5311.579
2026-05-30 08:00:00,5311.576,5311.576,5282.654,5292.172
2026-05-30 09:00:00,5292.162,5292.162,5266.451,5276.29
2026-05-30 10:00:00,5276.286,5282.391,5254.335,5277.15
2026-05-30 11:00:00,5277.136,5289.185,5262.642,5265.686
2026-05-30 12:00:00,5265.683,5265.683,5234.339,5234.339
2026-05-30 13:00:00,5234.318,5257.82,5234.039,5255.81
2026-05-30 14:00:00,5255.785,5279.56,5254.261,5271.311
2026-05-30 15:00:00,5271.3,5271.3,5245.315,5252.154
2026-05-30 16:00:00,5252.14,5253.291,5222.598,5248.102
2026-05-30 17:00:00,5248.084,5255.52,5235.197,5253.749
2026-05-30 18:00:00,5253.728,5268.617,5243.626,5254.726
2026-05-30 19:00:00,5254.71,5260.7,5244.188,5256.823
2026-05-30 20:00:00,5256.819,5259.115,5230.841,5236.897
2026-05-30 21:00:00,5236.877,5251.117,5232.284,5232.284
2026-05-30 22:00:00,5232.273,5236.245,5216.974,5222.677
2026-05-30 23:00:00,5222.664,5266.07,5220.796,5258.476
2026-05-31 00:00:00,5258.468,5273.452,5256.072,5269.883
2026-05-31 01:00:00,5269.88,5296.335,5264.442,5278.129
2026-05-31 02:00:00,5278.112,5278.268,5260.121,5269.487
2026-05-31 03:00:00,5269.484,5273.582,5249.157,5265.294
2026-05-31 04:00:00,5265.288,5287.684,5260.164,5278.134
2026-05-31 05:00:00,5278.13,5316.226,5274.093,5302.376
2026-05-31 06:00:00,5302.358,5314.427,5294.654,5300.305
2026-05-31 07:00:00,5300.289,5300.289,5283.144,5294.718
2026-05-31 08:00:00,5294.707,5294.707,5274.912,5274.912
2026-05-31 09:00:00,5274.903,5285.812,5266.394,5268.923
2026-05-31 10:00:00,5268.895,5302.606,5267.968,5288.071
2026-05-31 11:00:00,5288.048,5305.913,5274.598,5274.598
2026-05-31 12:00:00,5274.589,5274.589,5256.409,5256.409
2026-05-31 13:00:00,5256.393,5264.619,5240.966,5253.34
2026-05-31 14:00:00,5253.329,5269.369,5245.009,5264.491
2026-05-31 15:00:00,5264.481,5280.703,5259.131,5275.833
2026-05-31 16:00:00,5275.825,5282.359,5267.464,5270.622
2026-05-31 17:00:00,5270.604,5274.789,5258.003,5270.062
2026-05-31 18:00:00,5270.048,5284.085,5251.535,5283.689
2026-05-31 19:00:00,5283.67,5314.368,5283.551,5308.778
2026-05-31 20:00:00,5308.754,5308.754,5276.883,5283.229
2026-05-31 21:00:00,5283.226,5299.573,5276.667,5276.667
2026-05-31 22:00:00,5276.652,5295.146,5273.463,5276.214
2026-05-31 23:00:00,5276.198,5276.198,5250.569,5252.621
2026-06-01 00:00:00,5252.621,5253.616,5232.05,5232.05
2026-06-01 01:00:00,5232.049,5232.049,5204.896,5204.896
2026-06-01 02:00:00,5204.885,5223.277,5194.484,5221.442
2026-06-01 03:00:00,5221.43,5222.18,5208.521,5208.903
2026-06-01 04:00:00,5208.89,5222.61,5204.302,5220.906
2026-06-01 05:00:00,5220.892,5236.456,5219.963,5231.307
2026-06-01 06:00:00,5231.305,5249.118,5223.265,5245.134
2026-06-01 07:00:00,5245.134,5254.692,5230.275,5230.275
2026-06-01 08:00:00,5230.272,5230.272,5200.589,5204.364
2026-06-01 09:00:00,5204.351,5228.035,5202.562,5220.076
2026-06-01 10:00:00,5220.068,5225.228,5209.942,5212.216
2026-06-01 11:00:00,5212.21,5212.932,5198.958,5207.708
2026-06-01 12:00:00,5207.708,5207.708,5183.222,5184.267
2026-06-01 13:00:00,5184.259,5184.259,5162.137,5162.137
2026-06-01 14:00:00,5162.134,5168.052,5149.31,5158.498
2026-06-01 15:00:00,5158.491,5168.757,5146.999,5165.834
2026-06-01 16:00:00,5165.828,5176.914,5157.477,5167.546
2026-06-01 17:00:00,5167.542,5182.877,5161.885,5178.245
2026-06-01 18:00:00,5178.229,5194.029,5175.436,5184.169
2026-06-01 19:00:00,5184.158,5187.784,5174.459,5174.459
2026-06-01 20:00:00,5174.449,5195.424,5163.802,5193.975
2026-06-01 21:00:00,5193.96,5206.503,5182.155,5197.947
2026-06-01 22:00:00,5197.941,5197.941,5162.632,5162.632
2026-06-01 23:00:00,5162.628,5162.628,5143.377,5147.097
2026-06-02 00:00:00,5147.078,5166.886,5142.54,5150.566
2026-06-02 01:00:00,5150.565,5166.643,5146.378,5154.652
2026-06-02 02:00:00,5154.644,5174.112,5141.152,5166.662
2026-06-02 03:00:00,5166.657,5175.443,5157.083,5167.194
2026-06-02 04:00:00,5167.182,5167.233,5155.322,5162.919
2026-06-02 05:00:00,5162.91,5162.91,5143.288,5155.127
2026-06-02 06:00:00,5155.123,5162.714,5146.873,5150.777
2026-06-02 07:00:00,5150.769,5153.331,5141.911,5143.163
2026-06-02 08:00:00,5143.155,5158.463,5134.045,5134.045
2026-06-02 09:00:00,5134.036,5145.279,5116.444,5116.444
2026-06-02 10:00:00,5116.432,5150.093,5115.605,5144.951
2026-06-02 11:00:00,5144.945,5161.375,5140.467,5146.763
2026-06-02 12:00:00,5146.761,5146.761,5127.597,5127.597
2026-06-02 13:00:00,5127.584,5143.462,5125.053,5129.185
2026-06-02 14:00:00,5129.157,5134.873,5116.262,5133.113
2026-06-02 15:00:00,5133.109,5159.024,5132.618,5151.839
2026-06-02 16:00:00,5151.83,5155.104,5130.925,5130.925
2026-06-02 17:00:00,5130.915,5134.245,5121.331,5122.982
2026-06-02 18:00:00,5122.966,5137.933,5118.469,5120.935
2026-06-02 19:00:00,5120.929,5122.136,5106.428,5110.947
2026-06-02 20:00:00,5110.922,5136.377,5101.873,5130.719
2026-06-02 21:00:00,5130.715,5137.851,5118.545,5136.249
2026-06-02 22:00:00,5136.247,5145.765,5129.761,5129.761
2026-06-02 23:00:00,5129.749,5139.19,5123.469,5123.469
2026-06-03 00:00:00,5123.446,5140.553,5120.621,5123.738
2026-06-03 01:00:00,5123.73,5163.506,5122.794,5153.75
2026-06-03 02:00:00,5153.732,5163.887,5147.826,5152.062
2026-06-03 03:00:00,5152.053,5152.053,5125.981,5131.931
2026-06-03 04:00:00,5131.931,5131.931,5112.303,5112.303
2026-06-03 05:00:00,5123.573,5125.468,5107.718,5113.048
2026-06-03 06:00:00,5113.038,5113.038,5090.91,5090.91
2026-06-03 07:00:00,5090.888,5113.532,5089.374,5105.14
2026-06-03 08:00:00,5105.136,5105.136,5083.269,5085.725
2026-06-03 09:00:00,5085.718,5092.918,5073.462,5073.462
2026-06-03 10:00:00,5073.45,5081.766,5064.802,5069.772
2026-06-03 11:00:00,5069.766,5101.028,5069.042,5077.172
2026-06-03 12:00:00,5077.162,5078.667,5060.501,5062.906
2026-06-03 13:00:00,5062.904,5098.049,5060.774,5085.633
2026-06-03 14:00:00,5085.627,5119.675,5077.653,5115.905
2026-06-03 15:00:00,5115.892,5119.009,5099.441,5117.88
2026-06-03 16:00:00,5117.868,5125.462,5109.49,5112.173
2026-06-03 17:00:00,5112.171,5115.466,5090.405,5090.405
2026-06-03 18:00:00,5090.404,5105.481,5084.531,5097.495
2026-06-03 19:00:00,5097.471,5112.181,5083.303,5111.902
2026-06-03 20:00:00,5111.895,5114.168,5098.962,5100.841
2026-06-03 21:00:00,5100.82,5105.524,5092.343,5097.128
2026-06-03 22:00:00,5097.105,5097.105,5082.608,5094.098
2026-06-03 23:00:00,5094.078,5094.078,5065.048,5065.048
2026-06-04 00:00:00,5065.045,5091.456,5060.192,5085.444
2026-06-04 01:00:00,5085.441,5085.441,5073.612,5078.313
2026-06-04 02:00:00,5078.3,5083.281,5058.13,5063.838
2026-06-04 03:00:00,5063.838,5076.123,5057.283,5058.989
2026-06-04 04:00:00,5058.989,5058.989,5035.111,5038.626
2026-06-04 05:00:00,5038.609,5043.628,5034.624,5036.267
2026-06-04 06:00:00,5036.263,5044.594,5027.566,5027.566
2026-06-04 07:00:00,5027.542,5044.272,5017.633,5039.632
2026-06-04 08:00:00,5039.617,5070.179,5036.542,5064.058
2026-06-04 09:00:00,5064.027,5094.556,5061.719,5090.422
2026-06-04 10:00:00,5090.409,5115.716,5084.155,5112.555
2026-06-04 11:00:00,5112.544,5143.028,5100.811,5137.884
2026-06-04 12:00:00,5137.874,5137.874,5124.782,5130.729
2026-06-04 13:00:00,5130.719,5153.209,5120.616,5149.047
2026-06-04 14:00:00,5149.044,5174.117,5145.56,5165.879
2026-06-04 15:00:00,5165.876,5176.477,5153.887,5164.157
2026-06-04 16:00:00,5164.155,5167.895,5140.956,5148.824
2026-06-04 17:00:00,5148.808,5159.808,5131.38,5140.05
2026-06-04 18:00:00,5140.049,5188.347,5134.41,5185.996
2026-06-04 19:00:00,5185.986,5191.154,5168.024,5177.029
2026-06-04 20:00:00,5177.019,5200.744,5170.284,5191.979
2026-06-04 21:00:00,5191.973,5200.348,5185.346,5191.019
2026-06-04 22:00:00,5191.019,5200.394,5178.034,5198.517
2026-06-04 23:00:00,5198.516,5207.635,5188.584,5188.584
2026-06-05 00:00:00,5188.571,5192.035,5166.836,5166.836
2026-06-05 01:00:00,5166.833,5175.34,5156.705,5159.245
2026-06-05 02:00:00,5159.233,5160.17,5144.687,5150.758
2026-06-05 03:00:00,5150.75,5171.679,5137.677,5167.019
2026-06-05 04:00:00,5167.01,5181.284,5161.176,5175.399
2026-06-05 05:00:00,5175.386,5185.543,5161.811,5176.037
2026-06-05 06:00:00,5176.024,5179.841,5148.051,5148.051
2026-06-05 07:00:00,5148.037,5148.916,5135.661,5137.453
2026-06-05 08:00:00,5137.448,5140.563,5122.792,5122.792
2026-06-05 09:00:00,5122.774,5122.774,5106.256,5106.256
2026-06-05 10:00:00,5106.247,5113.648,5082.068,5091.719
2026-06-05 11:00:00,5091.703,5092.507,5071.13,5071.13
2026-06-05 12:00:00,5071.108,5097.015,5053.279,5096.542
2026-06-05 13:00:00,5096.537,5100.213,5087.106,5094.917
2026-06-05 14:00:00,5094.911,5094.911,5072.401,5076.86
2026-06-05 15:00:00,5076.844,5082.387,5052.123,5067.661
2026-06-05 16:00:00,5067.659,5103.743,5067.504,5088.615
2026-06-05 17:00:00,5088.611,5090.885,5078.315,5086.032
2026-06-05 18:00:00,5086.012,5097.483,5079.607,5089.344
2026-06-05 19:00:00,5089.336,5114.385,5085.22,5109.712
2026-06-05 20:00:00,5109.695,5118.541,5093.735,5098.491
2026-06-05 21:00:00,5098.484,5118.514,5089.979,5106.871
2026-06-05 22:00:00,5106.858,5106.858,5078.431,5078.431
2026-06-05 23:00:00,5078.408,5078.408,5056.188,5060.268
2026-06-06 00:00:00,5060.262,5070.095,5053.238,5057.588
2026-06-06 01:00:00,5057.587,5081.629,5047.831,5080.409
2026-06-06 02:00:00,5080.405,5092.427,5074.262,5089.718
2026-06-06 03:00:00,5089.693,5107.163,5083.682,5107.048
2026-06-06 04:00:00,5107.047,5120.148,5103.052,5113.696
2026-06-06 05:00:00,5113.696,5144.027,5102.356,5143.083
2026-06-06 06:00:00,5143.076,5143.076,5121.903,5126.394
2026-06-06 07:00:00,5126.382,5168.869,5125.798,5160.448
2026-06-06 08:00:00,5160.44,5171.529,5154.508,5169.865
2026-06-06 09:00:00,5169.863,5173.881,5158.736,5166.377
2026-06-06 10:00:00,5166.365,5172.27,5159.207,5160.516
2026-06-06 11:00:00,5160.513,5160.513,5137.758,5140.278
2026-06-06 12:00:00,5140.269,5172.347,5139.713,5165.524
2026-06-06 13:00:00,5165.516,5178.077,5159.98,5166.494
2026-06-06 14:00:00,5166.482,5166.482,5149.545,5152.498
2026-06-06 15:00:00,5152.467,5155.556,5136.187,5148.897
2026-06-06 16:00:00,5148.879,5156.53,5141.728,5153.703
2026-06-06 17:00:00,5153.692,5162.417,5142.74,5147.234
2026-06-06 18:00:00,5147.204,5155.302,5126.613,5126.613
2026-06-06 19:00:00,5126.609,5126.609,5111.71,5112.062
2026-06-06 20:00:00,5112.049,5114.931,5094.704,5107.021
2026-06-06 21:00:00,5107.01,5129.758,5097.754,5111.616
2026-06-06 22:00:00,5111.61,5111.61,5086.879,5090.234
2026-06-06 23:00:00,5090.222,5099.82,5077.392,5077.392
2026-06-07 00:00:00,5077.389,5081.215,5054.134,5054.134
2026-06-07 01:00:00,5054.134,5064.761,5044.814,5047.285
2026-06-07 02:00:00,5047.277,5057.584,5043.001,5050.741
2026-06-07 03:00:00,5050.729,5053.788,5037.91,5045.997
2026-06-07 04:00:00,5045.987,5059.249,5038.534,5042.336
2026-06-07 05:00:00,5042.333,5042.333,5021.513,5021.513
2026-06-07 06:00:00,5021.511,5022.895,5006.766,5016.756
2026-06-07 07:00:00,5016.75,5026.59,5010.945,5014.447
2026-06-07 08:00:00,5014.429,5024.128,5006.077,5022.168
2026-06-07 09:00:00,5022.164,5079.696,5016.854,5072.131
2026-06-07 10:00:00,5072.127,5088.59,5065.941,5088.11
2026-06-07 11:00:00,5088.1,5088.1,5076.056,5076.763
2026-06-07 12:00:00,5076.752,5079.91,5063.914,5067.731
2026-06-07 13:00:00,5067.711,5078.889,5061.343,5073.336
2026-06-07 14:00:00,5073.33,5076.018,5053.306,5058.053
2026-06-07 15:00:00,5058.039,5062.423,5047.388,5047.388
2026-06-07 16:00:00,5047.386,5072.823,5046.157,5054.314
2026-06-07 17:00:00,5054.295,5066.205,5046.658,5050.171
2026-06-07 18:00:00,5050.164,5053.836,5036.114,5051.019
2026-06-07 19:00:00,5051.006,5051.126,5032.207,5045.763
2026-06-07 20:00:00,5045.757,5063.484,5044.934,5058.566
2026-06-07 21:00:00,5058.552,5105.388,5055.308,5102.05
2026-06-07 22:00:00,5102.042,5103.319,5086.681,5086.681
2026-06-07 23:00:00,5086.669,5111.409,5084.751,5105.103
2026-06-08 00:00:00,5105.094,5105.094,5082.819,5082.819
2026-06-08 01:00:00,5082.802,5103.821,5072.882,5092.895
2026-06-08 02:00:00,5092.89,5134.153,5090.157,5120.273
2026-06-08 03:00:00,5120.259,5154.143,5109.724,5153.094
2026-06-08 04:00:00,5153.082,5161.921,5140.521,5140.521
2026-06-08 05:00:00,5140.514,5155.474,5138.327,5139.131
2026-06-08 06:00:00,5139.115,5148.4,5132.977,5139.917
2026-06-08 07:00:00,5139.91,5139.91,5114.177,5114.203
2026-06-08 08:00:00,5114.202,5117.109,5103.075,5105.097
2026-06-08 09:00:00,5105.096,5135.334,5102.621,5130.94
2026-06-08 10:00:00,5130.916,5144.246,5126.318,5132.614
2026-06-08 11:00:00,5132.603,5137.467,5124.978,5131.096
2026-06-08 12:00:00,5131.092,5135.861,5119.014,5119.014
2026-06-08 13:00:00,5118.996,5121.748,5100.276,5100.276
2026-06-08 14:00:00,5100.27,5116.22,5089.961,5111.937
2026-06-08 15:00:00,5111.934,5132.043,5108.642,5131.191
2026-06-08 16:00:00,5131.184,5149.677,5126.242,5139.695
2026-06-08 17:00:00,5139.691,5148.642,5133.056,5143.827
2026-06-08 18:00:00,5143.822,5143.822,5121.921,5121.921
2026-06-08 19:00:00,5121.918,5122.368,5107.316,5111.403
2026-06-08 20:00:00,5111.393,5142.533,5109.771,5133.776
2026-06-08 21:00:00,5133.77,5134.118,5121.416,5130.606
2026-06-08 22:00:00,5130.593,5132.011,5103.643,5103.643
2026-06-08 23:00:00,5103.622,5103.622,5080.552,5082.783
2026-06-09 00:00:00,5082.777,5090.439,5074.798,5084.33
2026-06-09 01:00:00,5084.311,5084.311,5070.029,5077.986
2026-06-09 02:00:00,5077.985,5102.379,5073.53,5090.508
2026-06-09 03:00:00,5090.504,5097.302,5073.241,5086.764
2026-06-09 04:00:00,5086.749,5107.108,5085.854,5104.802
2026-06-09 05:00:00,5104.798,5116.902,5100.347,5102.847
2026-06-09 06:00:00,5102.826,5112.33,5101.043,5110.966
2026-06-09 07:00:00,5110.949,5127.419,5104.876,5127.189
2026-06-09 08:00:00,5127.187,5143.469,5125.016,5128.194
2026-06-09 09:00:00,5128.182,5143.207,5122.279,5142.664
2026-06-09 10:00:00,5142.662,5142.662,5123.823,5130.712
2026-06-09 11:00:00,5130.7,5130.7,5109.919,5109.919
2026-06-09 12:00:00,5109.913,5143.499,5105.857,5139.767
2026-06-09 13:00:00,5139.751,5154.891,5133.61,5136.419
2026-06-09 14:00:00,5136.399,5161.978,5133.124,5155.296
2026-06-09 15:00:00,5155.28,5198.63,5154.686,5195.168
2026-06-09 16:00:00,5195.161,5195.161,5164.194,5166.009
2026-06-09 17:00:00,5165.987,5207.744,5165.075,5206.445
2026-06-09 18:00:00,5206.436,5230.208,5194.57,5228.896
2026-06-09 19:00:00,5228.894,5231.254,5213.642,5218.573
2026-06-09 20:00:00,5218.569,5229.714,5212.678,5212.678
2026-06-09 21:00:00,5212.67,5223.388,5205.502,5216.905
2026-06-09 22:00:00,5216.903,5252.738,5214.956,5251.288
2026-06-09 23:00:00,5251.276,5255.741,5239.124,5240.688
2026-06-10 00:00:00,5240.687,5251.627,5234.579,5246.118
2026-06-10 01:00:00,5246.117,5247.117,5233.28,5241.295
2026-06-10 02:00:00,5241.291,5263.878,5235.931,5258.344
2026-06-10 03:00:00,5258.334,5330.352,5256.381,5329.469
2026-06-10 04:00:00,5329.455,5338.853,5309.191,5309.191
2026-06-10 05:00:00,5309.186,5345.772,5308.104,5319.819
2026-06-10 06:00:00,5319.803,5320.514,5299.779,5311.338
2026-06-10 07:00:00,5311.331,5311.331,5292.277,5302.018
2026-06-10 08:00:00,5302.017,5302.017,5282.874,5300.749
2026-06-10 09:00:00,5300.748,5317.941,5296.509,5309.423
2026-06-10 10:00:00,5309.423,5309.423,5289.157,5293.373
2026-06-10 11:00:00,5293.354,5308.116,5292.357,5292.357
2026-06-10 12:00:00,5292.329,5300.157,5280.434,5293.474
2026-06-10 13:00:00,5293.46,5293.46,5275.381,5280.013
2026-06-10 14:00:00,5280.0,5290.364,5269.228,5283.7
2026-06-10 15:00:00,5283.679,5301.934,5277.271,5277.271
2026-06-10 16:00:00,5277.263,5296.924,5266.759,5292.534
2026-06-10 17:00:00,5292.53,5313.141,5288.432,5310.627
2026-06-10 18:00:00,5310.625,5340.239,5305.572,5333.809
2026-06-10 19:00:00,5333.807,5333.807,5309.02,5315.322
2026-06-10 20:00:00,5315.318,5333.11,5312.749,5320.177
2026-06-10 21:00:00,5320.162,5333.147,5309.517,5332.418
2026-06-10 22:00:00,5332.402,5348.455,5325.457,5328.141
2026-06-10 23:00:00,5328.135,5342.36,5320.748,5324.324
2026-06-11 00:00:00,5324.323,5327.977,5306.53,5319.193
2026-06-11 01:00:00,5319.192,5356.427,5318.609,5352.777
2026-06-11 02:00:00,5352.76,5369.587,5346.595,5354.028
2026-06-11 03:00:00,5354.012,5370.243,5352.209,5360.244
2026-06-11 04:00:00,5360.231,5369.142,5347.718,5367.853
2026-06-11 05:00:00,5367.839,5367.839,5349.178,5361.468
2026-06-11 06:00:00,5361.445,5362.105,5344.963,5357.605
2026-06-11 07:00:00,5357.595,5382.725,5355.053,5375.216
2026-06-11 08:00:00,5375.211,5387.056,5368.521,5369.899
2026-06-11 09:00:00,5369.887,5406.628,5369.65,5401.237
2026-06-11 10:00:00,5401.222,5401.222,5381.52,5381.52
2026-06-11 11:00:00,5381.512,5387.967,5369.093,5374.321
2026-06-11 12:00:00,5374.3,5398.969,5368.559,5395.673
2026-06-11 13:00:00,5395.659,5399.176,5383.853,5392.108
2026-06-11 14:00:00,5392.098,5392.274,5378.705,5378.705
2026-06-11 15:00:00,5378.693,5378.693,5359.3,5360.161
2026-06-11 16:00:00,5360.154,5365.888,5350.842,5351.54
2026-06-11 17:00:00,5351.516,5351.986,5325.235,5325.235
2026-06-11 18:00:00,5325.225,5325.225,5297.927,5308.416
2026-06-11 19:00:00,5308.41,5327.268,5306.302,5324.133
2026-06-11 20:00:00,5324.128,5324.128,5290.376,5292.971
2026-06-11 21:00:00,5292.965,5296.058,5268.591,5284.322
2026-06-11 22:00:00,5284.31,5285.963,5257.315,5264.643
2026-06-11 23:00:00,5264.63,5274.836,5260.275,5266.351
2026-06-12 00:00:00,5266.343,5281.915,5257.491,5281.523
2026-06-12 01:00:00,5281.519,5304.164,5280.388,5299.634
2026-06-12 02:00:00,5299.625,5324.16,5293.982,5315.384
2026-06-12 03:00:00,5315.378,5315.378,5298.814,5298.814
2026-06-12 04:00:00,5298.8,5311.826,5297.02,5305.53
2026-06-12 05:00:00,5305.52,5317.203,5298.653,5310.886
2026-06-12 06:00:00,5310.875,5344.145,5308.389,5338.075
2026-06-12 07:00:00,5338.067,5343.557,5316.232,5316.232
2026-06-12 08:00:00,5316.219,5348.856,5303.014,5345.233
2026-06-12 09:00:00,5345.219,5345.219,5321.377,5326.745
2026-06-12 10:00:00,5326.74,5335.681,5311.714,5321.409
2026-06-12 11:00:00,5321.404,5325.241,5308.501,5317.761
2026-06-12 12:00:00,5317.74,5319.169,5300.015,5311.999
2026-06-12 13:00:00,5311.992,5318.219,5293.247,5294.489
2026-06-12 14:00:00,5299.352,5306.594,5282.714,5282.714
2026-06-12 15:00:00,5282.706,5314.652,5281.234,5310.354
2026-06-12 16:00:00,5310.336,5320.015,5303.801,5319.755
2026-06-12 17:00:00,5319.746,5340.495,5318.011,5332.2
2026-06-12 18:00:00,5332.182,5334.587,5299.993,5304.25
2026-06-12 19:00:00,5304.244,5309.529,5286.079,5302.347
2026-06-12 20:00:00,5302.333,5302.333,5280.018,5291.755
2026-06-12 21:00:00,5291.74,5291.74,5272.57,5283.636
2026-06-12 22:00:00,5283.634,5284.986,5266.721,5266.721
2026-06-12 23:00:00,5266.706,5305.63,5266.583,5305.573
2026-06-13 00:00:00,5305.566,5312.964,5290.879,5312.536
2026-06-13 01:00:00,5312.533,5346.248,5312.438,5335.659
2026-06-13 02:00:00,5335.648,5349.028,5334.137,5344.129
2026-06-13 03:00:00,5344.106,5376.34,5329.298,5372.964
2026-06-13 04:00:00,5372.959,5384.848,5362.001,5379.707
2026-06-13 05:00:00,5379.686,5404.773,5375.891,5395.741
2026-06-13 06:00:00,5395.73,5408.058,5386.653,5404.886
2026-06-13 07:00:00,5404.876,5404.876,5381.281,5385.0
2026-06-13 08:00:00,5384.996,5384.996,5361.514,5361.514
2026-06-13 09:00:00,5361.498,5376.233,5351.295,5373.349
2026-06-13 10:00:00,5373.332,5396.509,5372.162,5387.341
2026-06-13 11:00:00,5387.338,5404.143,5380.632,5385.573
2026-06-13 12:00:00,5385.563,5387.742,5361.4,5370.409
2026-06-13 13:00:00,5370.396,5370.396,5339.688,5339.688
2026-06-13 14:00:00,5339.673,5362.663,5337.913,5359.877
2026-06-13 15:00:00,5359.86,5386.8,5354.42,5376.429
2026-06-13 16:00:00,5376.429,5381.593,5353.451,5353.451
2026-06-13 17:00:00,5353.438,5375.654,5340.32,5366.585
2026-06-13 18:00:00,5366.571,5370.687,5350.217,5367.442
2026-06-13 19:00:00,5367.436,5373.748,5354.813,5367.885
2026-06-13 20:00:00,5367.881,5406.341,5357.036,5401.768
2026-06-13 21:00:00,5401.755,5414.671,5391.053,5394.158
2026-06-13 22:00:00,5394.148,5394.242,5381.466,5383.869
2026-06-13 23:00:00,5383.853,5428.307,5380.657,5423.26
2026-06-14 00:00:00,5423.234,5425.551,5404.51,5419.197
2026-06-14 01:00:00,5419.182,5434.516,5407.923,5426.194
2026-06-14 02:00:00,5426.182,5433.574,5416.459,5420.905
2026-06-14 03:00:00,5420.896,5423.348,5405.306,5405.306
2026-06-14 04:00:00,5405.294,5407.78,5392.261,5395.26
2026-06-14 05:00:00,5395.243,5411.155,5386.177,5399.213
2026-06-14 06:00:00,5399.206,5403.039,5385.469,5389.136
2026-06-14 07:00:00,5389.123,5413.153,5383.897,5410.986
2026-06-14 08:00:00,5410.967,5428.196,5406.757,5422.192
2026-06-14 09:00:00,5422.181,5445.051,5420.35,5428.372
2026-06-14 10:00:00,5428.37,5428.37,5415.434,5416.37
2026-06-14 11:00:00,5416.364,5450.643,5416.177,5446.716
2026-06-14 12:00:00,5446.705,5446.958,5430.425,5446.126
2026-06-14 13:00:00,5446.123,5505.693,5445.111,5495.461
2026-06-14 14:00:00,5495.446,5500.601,5485.856,5492.381
2026-06-14 15:00:00,5492.378,5492.378,5467.345,5467.345
2026-06-14 16:00:00,5467.339,5470.777,5448.881,5450.469
2026-06-14 17:00:00,5450.452,5450.452,5429.501,5433.669
2026-06-14 18:00:00,5433.654,5433.654,5414.37,5419.632
2026-06-14 19:00:00,5419.629,5431.098,5416.473,5421.683
2026-06-14 20:00:00,5421.665,5428.238,5409.32,5414.995
2026-06-14 21:00:00,5414.984,5448.466,5412.936,5432.287
2026-06-14 22:00:00,5432.27,5476.464,5430.202,5474.895
2026-06-14 23:00:00,5474.878,5474.878,5454.892,5458.312
2026-06-15 00:00:00,5458.29,5485.28,5453.183,5484.814
2026-06-15 01:00:00,5484.797,5487.504,5460.395,5460.395
2026-06-15 02:00:00,5460.378,5469.979,5435.939,5446.837
2026-06-15 03:00:00,5446.827,5460.412,5444.717,5447.057
2026-06-15 04:00:00,5447.051,5455.77,5438.339,5443.758
2026-06-15 05:00:00,5443.745,5454.873,5434.691,5434.691
2026-06-15 06:00:00,5434.687,5437.228,5422.829,5426.439
2026-06-15 07:00:00,5426.434,5437.184,5413.684,5428.341
2026-06-15 08:00:00,5428.322,5428.322,5396.394,5396.394
2026-06-15 09:00:00,5396.388,5428.937,5387.988,5420.734
2026-06-15 10:00:00,5420.727,5420.727,5404.115,5410.947
2026-06-15 11:00:00,5410.937,5414.685,5388.571,5388.571
2026-06-15 12:00:00,5388.557,5417.83,5379.226,5409.995
2026-06-15 13:00:00,5409.986,5410.343,5381.344,5383.418
2026-06-15 14:00:00,5383.403,5390.235,5369.531,5378.022
2026-06-15 15:00:00,5378.022,5397.278,5372.755,5389.595
2026-06-15 16:00:00,5389.581,5393.655,5374.925,5376.624
2026-06-15 17:00:00,5376.605,5396.485,5374.734,5389.149
2026-06-15 18:00:00,5389.146,5389.146,5365.664,5372.021
2026-06-15 19:00:00,5372.009,5381.118,5359.596,5376.636
2026-06-15 20:00:00,5376.629,5385.062,5363.659,5369.501
2026-06-15 21:00:00,5369.497,5379.621,5364.305,5369.039
2026-06-15 22:00:00,5369.027,5374.929,5356.814,5374.572
2026-06-15 23:00:00,5374.548,5374.548,5350.562,5353.747
2026-06-16 00:00:00,5353.735,5371.94,5350.692,5356.765
2026-06-16 01:00:00,5356.754,5366.264,5350.631,5363.17
2026-06-16 02:00:00,5363.161,5363.434,5341.768,5341.768
2026-06-16 03:00:00,5341.758,5373.084,5339.593,5366.523
2026-06-16 04:00:00,5366.521,5371.821,5357.358,5357.358
2026-06-16 05:00:00,5357.357,5358.615,5344.445,5345.459
2026-06-16 06:00:00,5345.454,5345.454,5323.98,5323.98
2026-06-16 07:00:00,5323.979,5327.054,5310.025,5314.958
2026-06-16 08:00:00,5314.944,5347.414,5313.725,5343.581
2026-06-16 09:00:00,5343.567,5352.758,5324.968,5351.921
2026-06-16 10:00:00,5351.916,5351.916,5327.228,5327.228
2026-06-16 11:00:00,5327.224,5337.651,5318.615,5325.348
2026-06-16 12:00:00,5325.342,5325.342,5299.882,5305.328
2026-06-16 13:00:00,5305.32,5324.059,5283.645,5324.045
2026-06-16 14:00:00,5324.026,5324.026,5298.897,5305.671
2026-06-16 15:00:00,5305.657,5305.657,5284.896,5292.083
2026-06-16 16:00:00,5292.076,5310.297,5292.001,5309.557
2026-06-16 17:00:00,5309.549,5309.693,5291.497,5296.721
2026-06-16 18:00:00,5296.709,5310.065,5293.338,5295.261
2026-06-16 19:00:00,5295.249,5295.249,5273.293,5280.317
2026-06-16 20:00:00,5280.3,5316.092,5279.367,5296.896
2026-06-16 21:00:00,5296.88,5306.019,5285.988,5286.047
2026-06-16 22:00:00,5286.046,5308.559,5285.829,5305.116
2026-06-16 23:00:00,5305.115,5305.115,5285.554,5285.554
2026-06-17 00:00:00,5285.54,5313.544,5280.933,5298.622
2026-06-17 01:00:00,5298.611,5304.756,5274.367,5279.443
2026-06-17 02:00:00,5279.438,5290.562,5267.983,5286.986
2026-06-17 03:00:00,5286.984,5286.984,5263.631,5273.689
2026-06-17 04:00:00,5273.66,5289.354,5264.278,5276.42
2026-06-17 05:00:00,5276.402,5278.948,5255.373,5272.66
2026-06-17 06:00:00,5272.651,5293.507,5259.714,5291.904
2026-06-17 07:00:00,5291.891,5310.729,5291.596,5291.881
2026-06-17 08:00:00,5291.879,5300.103,5285.791,5290.102
2026-06-17 09:00:00,5290.092,5293.655,5269.188,5269.258
2026-06-17 10:00:00,5269.237,5271.393,5253.925,5261.535
2026-06-17 11:00:00,5261.51,5268.004,5244.798,5244.839
2026-06-17 12:00:00,5244.837,5270.599,5243.983,5255.266
2026-06-17 13:00:00,5255.252,5257.428,5238.627,5238.627
2026-06-17 14:00:00,5238.611,5238.611,5227.552,5230.526
2026-06-17 15:00:00,5230.516,5230.516,5210.171,5214.07
2026-06-17 16:00:00,5214.067,5214.067,5183.251,5190.431
2026-06-17 17:00:00,5190.419,5226.864,5188.189,5225.117
2026-06-17 18:00:00,5225.096,5235.536,5222.057,5227.537
2026-06-17 19:00:00,5227.523,5233.585,5211.26,5224.309
2026-06-17 20:00:00,5224.293,5241.79,5222.181,5223.912
2026-06-17 21:00:00,5223.908,5253.041,5221.619,5252.484
2026-06-17 22:00:00,5252.465,5252.607,5238.398,5251.334
2026-06-17 23:00:00,5251.329,5251.329,5224.307,5241.218
2026-06-18 00:00:00,5241.209,5244.139,5227.672,5227.672
2026-06-18 01:00:00,5227.655,5236.203,5218.676,5218.676
2026-06-18 02:00:00,5218.672,5244.38,5215.57,5233.697
2026-06-18 03:00:00,5233.684,5243.234,5223.459,5227.257
2026-06-18 04:00:00,5227.247,5233.489,5206.1,5206.1
2026-06-18 05:00:00,5206.081,5209.676,5193.639,5200.121
2026-06-18 06:00:00,5200.115,5229.748,5195.216,5218.78
2026-06-18 07:00:00,5218.766,5274.066,5216.802,5274.025
2026-06-18 08:00:00,5274.01,5292.013,5265.219,5288.502
2026-06-18 09:00:00,5288.49,5293.256,5266.134,5266.134
2026-06-18 10:00:00,5266.119,5295.449,5260.372,5294.024
2026-06-18 11:00:00,5293.999,5297.194,5271.13,5271.13
2026-06-18 12:00:00,5271.119,5271.119,5239.954,5239.954
2026-06-18 13:00:00,5239.945,5239.945,5221.793,5225.11
2026-06-18 14:00:00,5225.094,5239.638,5217.043,5221.216
2026-06-18 15:00:00,5221.205,5230.014,5203.469,5227.544
2026-06-18 16:00:00,5227.531,5229.827,5216.369,5219.063
2026-06-18 17:00:00,5219.062,5229.447,5200.432,5223.626
2026-06-18 18:00:00,5223.623,5226.544,5207.891,5208.103
2026-06-18 19:00:00,5208.092,5208.418,5193.454,5193.454
2026-06-18 20:00:00,5193.447,5224.114,5191.74,5214.254
2026-06-18 21:00:00,5214.24,5214.24,5186.83,5197.893
2026-06-18 22:00:00,5197.88,5204.433,5193.265,5197.956
2026-06-18 23:00:00,5197.949,5228.568,5190.233,5226.952
2026-06-19 00:00:00,5226.949,5228.12,5212.844,5215.553
2026-06-19 01:00:00,5215.541,5215.541,5187.963,5187.963
2026-06-19 02:00:00,5187.948,5198.982,5177.291,5177.291
2026-06-19 03:00:00,5177.289,5179.92,5157.922,5173.698
2026-06-19 04:00:00,5173.692,5174.758,5163.644,5171.108
2026-06-19 05:00:00,5171.104,5185.775,5158.62,5179.155
2026-06-19 06:00:00,5179.15,5187.541,5172.774,5183.671
2026-06-19 07:00:00,5183.647,5183.647,5172.691,5175.359
2026-06-19 08:00:00,5175.344,5184.051,5163.665,5178.55
2026-06-19 09:00:00,5178.539,5178.539,5142.081,5142.081
2026-06-19 10:00:00,5142.061,5142.061,5114.321,5114.321
2026-06-19 11:00:00,5114.312,5118.528,5091.808,5091.808
2026-06-19 12:00:00,5091.803,5097.826,5075.533,5075.533
2026-06-19 13:00:00,5075.519,5089.626,5058.686,5058.686
2026-06-19 14:00:00,5058.681,5071.713,5050.643,5050.643
2026-06-19 15:00:00,5050.633,5056.893,5026.79,5051.707
2026-06-19 16:00:00,5051.694,5063.066,5039.158,5058.061
2026-06-19 17:00:00,5058.048,5070.081,5049.859,5060.408
2026-06-19 18:00:00,5060.393,5064.917,5046.764,5046.764
2026-06-19 19:00:00,5046.745,5051.544,5028.554,5028.554
2026-06-19 20:00:00,5028.543,5033.005,5013.574,5013.574
2026-06-19 21:00:00,5013.568,5046.064,5013.568,5039.1
2026-06-19 22:00:00,5039.086,5047.782,5034.019,5039.943
2026-06-19 23:00:00,5039.928,5066.181,5033.262,5065.371
2026-06-20 00:00:00,5065.356,5065.356,5045.743,5045.743
2026-06-20 01:00:00,5045.741,5053.574,5041.399,5045.346
2026-06-20 02:00:00,5045.333,5086.945,5043.261,5078.255
2026-06-20 03:00:00,5078.247,5078.247,5060.126,5062.936
2026-06-20 04:00:00,5062.93,5087.697,5050.658,5084.992
2026-06-20 05:00:00,5084.985,5108.715,5080.127,5106.784
2026-06-20 06:00:00,5106.782,5134.773,5097.51,5134.432
2026-06-20 07:00:00,5134.43,5140.027,5110.198,5123.221
2026-06-20 08:00:00,5123.208,5130.356,5115.603,5123.136
2026-06-20 09:00:00,5123.111,5123.111,5109.254,5112.261
2026-06-20 10:00:00,5112.255,5122.592,5107.866,5110.388
2026-06-20 11:00:00,5110.371,5118.837,5106.844,5113.404
2026-06-20 12:00:00,5113.388,5122.77,5099.396,5109.037
2026-06-20 13:00:00,5109.03,5121.794,5099.982,5116.403
2026-06-20 14:00:00,5116.401,5141.257,5116.224,5129.788
2026-06-20 15:00:00,5129.785,5136.095,5123.094,5126.902
2026-06-20 16:00:00,5126.89,5147.717,5116.934,5135.019
2026-06-20 17:00:00,5135.009,5141.562,5121.534,5121.534
2026-06-20 18:00:00,5121.507,5122.409,5101.298,5107.067
2026-06-20 19:00:00,5107.052,5124.914,5094.816,5119.749
2026-06-20 20:00:00,5119.74,5121.082,5094.851,5106.023
2026-06-20 21:00:00,5106.021,5117.454,5100.47,5114.426
2026-06-20 22:00:00,5114.424,5120.923,5102.577,5117.442
2026-06-20 23:00:00,5117.434,5124.286,5105.387,5115.593
2026-06-21 00:00:00,5115.574,5118.343,5099.626,5100.44
2026-06-21 01:00:00,5100.428,5100.428,5083.366,5083.366
2026-06-21 02:00:00,5083.363,5114.868,5081.172,5108.813
2026-06-21 03:00:00,5108.794,5113.669,5099.277,5106.417
2026-06-21 04:00:00,5106.414,5106.414,5078.977,5078.977
2026-06-21 05:00:00,5078.961,5087.556,5062.404,5062.404
2026-06-21 06:00:00,5062.396,5081.751,5056.701,5056.701
2026-06-21 07:00:00,5056.696,5057.358,5031.324,5042.493
2026-06-21 08:00:00,5042.478,5042.478,5019.825,5019.825
2026-06-21 09:00:00,5019.824,5037.564,5013.93,5029.067
2026-06-21 10:00:00,5029.066,5052.95,5012.148,5043.557
2026-06-21 11:00:00,5043.54,5044.249,5019.495,5023.758
2026-06-21 12:00:00,5023.752,5029.478,4998.169,4998.591
2026-06-21 13:00:00,4998.585,5016.485,4993.39,5008.538
2026-06-21 14:00:00,5008.529,5008.529,4982.6,4986.941
2026-06-21 15:00:00,4986.934,4986.934,4973.036,4974.125
2026-06-21 16:00:00,4974.12,4974.72,4963.309,4966.433
2026-06-21 17:00:00,4966.432,4975.116,4958.802,4958.802
2026-06-21 18:00:00,4958.792,4964.119,4949.256,4956.284
2026-06-21 19:00:00,4956.281,4973.758,4950.916,4971.806
2026-06-21 20:00:00,4971.804,5006.634,4970.778,5003.089
2026-06-21 21:00:00,5003.073,5013.637,4995.623,4995.623
2026-06-21 22:00:00,4995.606,5004.257,4985.028,4990.11
2026-06-21 23:00:00,4990.1,4990.1,4965.727,4975.633
2026-06-22 00:00:00,4975.624,4988.035,4971.782,4986.378
2026-06-22 01:00:00,4986.352,5005.988,4981.254,4991.979
2026-06-22 02:00:00,4991.977,5025.957,4990.413,5024.019
2026-06-22 03:00:00,5024.009,5031.087,5013.621,5018.221
2026-06-22 04:00:00,5018.202,5021.661,5004.645,5007.207
2026-06-22 05:00:00,5007.206,5032.06,4999.302,5030.154
2026-06-22 06:00:00,5030.143,5030.143,5008.705,5026.281
2026-06-22 07:00:00,5026.268,5028.0,5010.687,5010.687
2026-06-22 08:00:00,5010.675,5028.268,5000.74,5005.699
2026-06-22 09:00:00,5005.691,5010.767,4987.351,4987.351
2026-06-22 10:00:00,4987.349,4989.125,4972.223,4977.159
2026-06-22 11:00:00,4977.148,4977.148,4953.973,4953.973
2026-06-22 12:00:00,4953.954,4983.274,4950.749,4977.211
2026-06-22 13:00:00,4977.204,4989.707,4972.867,4984.316
2026-06-22 14:00:00,4984.314,5023.268,4980.928,5019.123
2026-06-22 15:00:00,5019.121,5026.854,5005.389,5010.589
2026-06-22 16:00:00,5010.575,5010.575,4981.802,4981.802
2026-06-22 17:00:00,4981.798,4981.798,4952.662,4955.104
2026-06-22 18:00:00,4955.099,4957.661,4943.1,4952.713
2026-06-22 19:00:00,4952.709,4957.669,4942.842,4952.879
2026-06-22 20:00:00,4952.879,4961.479,4947.461,4948.683
2026-06-22 21:00:00,4948.665,4970.404,4940.908,4966.684
2026-06-22 22:00:00,4966.666,4979.561,4962.629,4968.151
2026-06-22 23:00:00,4968.138,4982.969,4963.711,4974.063
2026-06-23 00:00:00,4974.047,4974.7,4959.675,4959.675
2026-06-23 01:00:00,4959.659,4981.508,4957.77,4962.284
2026-06-23 02:00:00,4962.279,5000.176,4961.466,4996.282
2026-06-23 03:00:00,4996.274,4996.274,4970.365,4970.365
2026-06-23 04:00:00,4970.346,4975.208,4952.453,4962.385
2026-06-23 05:00:00,4962.376,4979.597,4956.998,4960.603
2026-06-23 06:00:00,4960.602,4963.913,4942.287,4960.225
2026-06-23 07:00:00,4960.208,4978.439,4946.721,4974.153
2026-06-23 08:00:00,4974.134,4985.555,4957.626,4979.698
2026-06-23 09:00:00,4979.677,5011.978,4975.231,5008.408
2026-06-23 10:00:00,5008.399,5020.125,5006.136,5014.127
2026-06-23 11:00:00,5014.116,5037.95,5010.164,5034.794
2026-06-23 12:00:00,5044.282,5058.959,5042.659,5042.659
2026-06-23 13:00:00,5042.647,5063.965,5038.743,5053.372
2026-06-23 14:00:00,5053.369,5065.645,5048.003,5048.003
2026-06-23 15:00:00,5057.203,5057.203,5035.504,5039.21
2026-06-23 16:00:00,5039.19,5045.79,5028.191,5031.355
2026-06-23 17:00:00,5031.341,5046.072,5026.89,5037.57
2026-06-23 18:00:00,5037.539,5037.539,5021.259,5024.044
2026-06-23 19:00:00,5024.035,5028.965,5009.978,5009.978
2026-06-23 20:00:00,5009.974,5022.367,5000.554,5018.428
2026-06-23 21:00:00,5018.416,5029.305,5011.918,5020.163
2026-06-23 22:00:00,5020.147,5032.599,5014.837,5018.567
2026-06-23 23:00:00,5018.561,5048.742,5018.346,5038.744
2026-06-24 00:00:00,5038.726,5050.782,5019.265,5049.355
2026-06-24 01:00:00,5049.353,5059.632,5039.771,5044.4
2026-06-24 02:00:00,5044.394,5044.394,5017.617,5017.617
2026-06-24 03:00:00,5017.605,5020.544,5008.041,5008.348
2026-06-24 04:00:00,5008.337,5044.155,5004.395,5037.331
2026-06-24 05:00:00,5037.328,5041.991,5027.473,5040.413
2026-06-24 06:00:00,5040.396,5055.5,5039.152,5039.152
2026-06-24 07:00:00,5039.135,5046.563,5026.904,5037.284
2026-06-24 08:00:00,5037.282,5038.549,5012.635,5020.256
2026-06-24 09:00:00,5020.234,5029.864,5010.529,5015.179
2026-06-24 10:00:00,5015.17,5015.17,4996.282,5003.546
2026-06-24 11:00:00,5003.528,5014.626,4994.937,5009.584
2026-06-24 12:00:00,5009.566,5009.566,4988.561,4998.652
2026-06-24 13:00:00,4998.646,5005.54,4986.145,4986.145
2026-06-24 14:00:00,4986.142,4988.597,4962.191,4974.217
2026-06-24 15:00:00,4974.209,4983.719,4959.33,4974.783
2026-06-24 16:00:00,4974.762,5000.819,4970.046,4980.95
2026-06-24 17:00:00,4980.937,4990.741,4975.516,4978.539
2026-06-24 18:00:00,4978.532,4994.286,4970.871,4987.659
2026-06-24 19:00:00,4987.644,4987.644,4959.155,4959.155
2026-06-24 20:00:00,4959.15,4983.797,4957.971,4968.528
2026-06-24 21:00:00,4968.525,4997.502,4960.946,4997.012
2026-06-24 22:00:00,4997.0,4998.503,4975.812,4987.466
2026-06-24 23:00:00,4987.459,4995.017,4975.4,4975.4
2026-06-25 00:00:00,4975.395,5014.117,4973.509,5004.437
2026-06-25 01:00:00,5004.43,5004.43,4988.527,4988.527
2026-06-25 02:00:00,4988.527,4988.527,4973.591,4978.16
2026-06-25 03:00:00,4978.156,4978.156,4950.203,4956.596
2026-06-25 04:00:00,4956.583,4956.746,4943.552,4947.446
2026-06-25 05:00:00,4947.43,4949.361,4927.469,4927.469
2026-06-25 06:00:00,4927.448,4949.482,4924.255,4946.643
2026-06-25 07:00:00,4946.643,4987.27,4943.786,4986.101
2026-06-25 08:00:00,4986.096,5016.146,4984.119,5008.755
2026-06-25 09:00:00,5008.735,5040.874,5008.456,5022.29
2026-06-25 10:00:00,5022.282,5024.131,5012.941,5020.64
2026-06-25 11:00:00,5020.623,5042.342,5020.05,5034.391
2026-06-25 12:00:00,5034.377,5036.328,5010.185,5036.221
2026-06-25 13:00:00,5036.217,5063.223,5024.052,5062.958
2026-06-25 14:00:00,5062.956,5074.972,5057.421,5057.421
2026-06-25 15:00:00,5057.411,5074.774,5056.807,5066.701
2026-06-25 16:00:00,5066.689,5084.116,5060.475,5078.202
2026-06-25 17:00:00,5078.193,5078.193,5061.89,5061.89
2026-06-25 18:00:00,5061.889,5062.608,5036.671,5041.646
2026-06-25 19:00:00,5041.624,5075.412,5032.618,5071.375
2026-06-25 20:00:00,5071.362,5076.126,5058.03,5058.03
2026-06-25 21:00:00,5058.024,5073.808,5049.825,5067.036
2026-06-25 22:00:00,5067.024,5083.881,5059.482,5064.595
2026-06-25 23:00:00,5064.574,5092.596,5056.528,5086.257
2026-06-26 00:00:00,5086.254,5086.254,5066.054,5075.804
2026-06-26 01:00:00,5075.788,5097.296,5074.308,5092.829
2026-06-26 02:00:00,5092.819,5111.23,5090.016,5090.301
2026-06-26 03:00:00,5090.288,5108.307,5089.027,5098.95
2026-06-26 04:00:00,5098.923,5098.923,5075.925,5075.925
2026-06-26 05:00:00,5075.923,5088.703,5072.668,5082.171
2026-06-26 06:00:00,5082.157,5088.816,5068.89,5074.236
2026-06-26 07:00:00,5074.231,5103.215,5070.478,5099.895
2026-06-26 08:00:00,5099.895,5099.895,5076.863,5094.109
2026-06-26 09:00:00,5094.095,5101.59,5081.582,5081.582
2026-06-26 10:00:00,5081.565,5082.699,5059.126,5062.119
2026-06-26 11:00:00,5062.112,5086.119,5061.583,5073.394
2026-06-26 12:00:00,5073.373,5076.922,5063.44,5066.074
2026-06-26 13:00:00,5066.072,5069.348,5047.361,5052.512
2026-06-26 14:00:00,5052.509,5083.837,5052.278,5079.1
2026-06-26 15:00:00,5079.088,5097.611,5074.703,5091.861
2026-06-26 16:00:00,5091.858,5096.29,5079.09,5082.873
2026-06-26 17:00:00,5082.855,5120.533,5082.224,5115.021
2026-06-26 18:00:00,5115.009,5122.125,5094.92,5094.92
2026-06-26 19:00:00,5094.905,5098.477,5082.119,5082.119
2026-06-26 20:00:00,5082.118,5094.031,5072.151,5085.156
2026-06-26 21:00:00,5085.114,5113.55,5082.629,5101.913
2026-06-26 22:00:00,5101.909,5115.217,5090.439,5093.992
2026-06-26 23:00:00,5093.991,5116.595,5088.79,5111.203
2026-06-27 00:00:00,5111.18,5116.445,5103.442,5105.546
2026-06-27 01:00:00,5105.531,5134.884,5104.974,5125.345
2026-06-27 02:00:00,5125.342,5150.096,5116.823,5144.429
2026-06-27 03:00:00,5144.42,5153.495,5138.817,5143.849
2026-06-27 04:00:00,5143.84,5147.316,5123.448,5126.93
2026-06-27 05:00:00,5126.908,5150.901,5124.861,5149.185
2026-06-27 06:00:00,5149.167,5152.129,5139.57,5143.492
2026-06-27 07:00:00,5143.486,5163.763,5142.495,5160.703
2026-06-27 08:00:00,5160.691,5169.995,5149.287,5149.287
2026-06-27 09:00:00,5149.267,5159.44,5138.262,5151.103
2026-06-27 10:00:00,5151.094,5161.924,5140.666,5147.829
2026-06-27 11:00:00,5147.813,5164.727,5141.858,5163.859
2026-06-27 12:00:00,5163.857,5193.481,5161.502,5184.545
2026-06-27 13:00:00,5184.541,5185.5,5161.106,5172.007
2026-06-27 14:00:00,5171.983,5191.583,5166.235,5183.47
2026-06-27 15:00:00,5183.459,5201.392,5174.301,5195.406
2026-06-27 16:00:00,5195.394,5209.408,5185.545,5194.433
2026-06-27 17:00:00,5194.431,5219.796,5190.791,5203.777
2026-06-27 18:00:00,5203.759,5203.759,5178.477,5193.442
2026-06-27 19:00:00,5193.441,5215.77,5191.052,5213.776
2026-06-27 20:00:00,5213.775,5221.395,5201.731,5215.566
2026-06-27 21:00:00,5215.55,5231.278,5203.344,5211.441
2026-06-27 22:00:00,5211.427,5218.276,5190.905,5190.905
2026-06-27 23:00:00,5190.897,5192.942,5176.171,5183.004
2026-06-28 00:00:00,5182.978,5182.978,5156.883,5156.883
2026-06-28 01:00:00,5156.864,5204.352,5154.785,5204.173
2026-06-28 02:00:00,5204.164,5217.86,5200.724,5200.724
2026-06-28 03:00:00,5200.716,5213.486,5194.604,5207.261
2026-06-28 04:00:00,5207.248,5230.418,5205.048,5226.495
2026-06-28 05:00:00,5226.48,5226.48,5204.844,5204.844
2026-06-28 06:00:00,5204.843,5207.155,5185.042,5189.309
2026-06-28 07:00:00,5189.308,5191.196,5169.613,5169.613
2026-06-28 08:00:00,5169.604,5183.848,5166.056,5178.94
2026-06-28 09:00:00,5178.928,5178.928,5154.518,5154.518
2026-06-28 10:00:00,5154.516,5169.822,5152.872,5161.162
2026-06-28 11:00:00,5161.162,5167.2,5149.591,5152.843
2026-06-28 12:00:00,5152.828,5158.585,5143.071,5151.136
2026-06-28 13:00:00,5151.133,5151.133,5129.049,5129.049
2026-06-28 14:00:00,5129.036,5151.153,5128.43,5148.151
2026-06-28 15:00:00,5148.131,5148.131,5132.818,5137.447
2026-06-28 16:00:00,5137.439,5137.439,5111.019,5111.019
2026-06-28 17:00:00,5111.01,5131.856,5104.607,5123.81
2026-06-28 18:00:00,5123.793,5154.064,5121.207,5140.612
2026-06-28 19:00:00,5140.594,5140.594,5122.951,5128.706
2026-06-28 20:00:00,5128.692,5146.643,5127.33,5140.957
2026-06-28 21:00:00,5140.954,5144.525,5128.515,5132.953
2026-06-28 22:00:00,5132.945,5136.371,5127.707,5130.054
2026-06-28 23:00:00,5130.037,5148.837,5128.144,5147.273
2026-06-29 00:00:00,5147.272,5153.922,5141.301,5146.95
2026-06-29 01:00:00,5146.947,5160.402,5142.26,5157.031
2026-06-29 02:00:00,5157.007,5191.632,5150.885,5186.763
2026-06-29 03:00:00,5186.729,5191.371,5172.135,5181.483
2026-06-29 04:00:00,5181.481,5181.481,5161.332,5164.095
2026-06-29 05:00:00,5164.086,5166.692,5150.754,5158.513
2026-06-29 06:00:00,5158.504,5158.504,5129.957,5129.957
2026-06-29 07:00:00,5129.939,5150.444,5125.981,5134.825
2026-06-29 08:00:00,5134.813,5158.351,5126.818,5153.933
2026-06-29 09:00:00,5153.9,5165.344,5150.589,5151.435
2026-06-29 10:00:00,5151.429,5174.771,5145.007,5171.315
2026-06-29 11:00:00,5171.304,5188.165,5161.295,5187.261
2026-06-29 12:00:00,5187.257,5217.2,5179.051,5216.327
2026-06-29 13:00:00,5216.303,5222.041,5202.697,5203.548
2026-06-29 14:00:00,5203.534,5236.343,5202.971,5227.686
2026-06-29 15:00:00,5227.678,5235.73,5222.817,5222.817
2026-06-29 16:00:00,5222.811,5249.332,5214.643,5246.37
2026-06-29 17:00:00,5246.368,5246.368,5229.037,5229.037
2026-06-29 18:00:00,5229.026,5237.775,5206.198,5206.198
2026-06-29 19:00:00,5206.194,5248.586,5202.879,5241.112
2026-06-29 20:00:00,5241.111,5254.315,5238.919,5245.254
2026-06-29 21:00:00,5245.247,5245.247,5220.872,5222.619
2026-06-29 22:00:00,5222.609,5234.117,5208.886,5212.296
2026-06-29 23:00:00,5212.291,5229.718,5208.883,5209.327
2026-06-30 00:00:00,5209.323,5212.192,5185.275,5185.275
2026-06-30 01:00:00,5185.261,5185.261,5156.542,5156.542
2026-06-30 02:00:00,5156.537,5162.432,5141.108,5161.657
2026-06-30 03:00:00,5161.654,5161.654,5149.091,5153.784
2026-06-30 04:00:00,5153.78,5164.553,5150.533,5151.799
2026-06-30 05:00:00,5151.792,5189.472,5148.723,5183.287
2026-06-30 06:00:00,5183.279,5198.872,5172.04,5188.771
2026-06-30 07:00:00,5188.757,5207.01,5176.683,5201.448
2026-06-30 08:00:00,5201.442,5207.163,5189.49,5194.91
2026-06-30 09:00:00,5194.902,5194.902,5177.902,5177.902
2026-06-30 10:00:00,5177.885,5183.958,5168.721,5171.181
2026-06-30 11:00:00,5171.155,5180.253,5168.544,5169.776
2026-06-30 12:00:00,5169.772,5175.88,5158.874,5166.744
2026-06-30 13:00:00,5166.734,5172.672,5156.681,5164.13
2026-06-30 14:00:00,5164.1,5167.691,5155.4,5157.449
2026-06-30 15:00:00,5157.432,5160.383,5137.839,5142.747
2026-06-30 16:00:00,5142.746,5157.87,5134.627,5151.002
2026-06-30 17:00:00,5151.002,5174.624,5148.857,5164.453
2026-06-30 18:00:00,5164.453,5182.358,5157.973,5181.589
2026-06-30 19:00:00,5181.567,5181.567,5159.213,5172.366
2026-06-30 20:00:00,5172.362,5193.458,5166.186,5185.88
2026-06-30 21:00:00,5185.867,5185.867,5167.807,5176.015
2026-06-30 22:00:00,5176.01,5199.522,5172.74,5187.007
2026-06-30 23:00:00,5186.978,5186.978,5172.151,5172.151
2026-07-01 00:00:00,5172.122,5191.764,5169.045,5169.045
2026-07-01 01:00:00,5169.022,5196.971,5165.24,5191.292
2026-07-01 02:00:00,5191.284,5201.446,5184.298,5190.764
2026-07-01 03:00:00,5190.733,5207.269,5186.898,5195.664
2026-07-01 04:00:00,5195.655,5219.806,5191.596,5205.066
2026-07-01 05:00:00,5205.064,5231.817,5204.603,5214.237
2026-07-01 06:00:00,5214.227,5221.92,5198.971,5220.963
2026-07-01 07:00:00,5220.948,5220.948,5204.06,5210.377
2026-07-01 08:00:00,5210.352,5210.352,5190.806,5199.342
2026-07-01 09:00:00,5199.326,5199.326,5175.581,5175.581
2026-07-01 10:00:00,5175.574,5183.768,5166.915,5180.586
2026-07-01 11:00:00,5180.581,5187.815,5168.656,5176.842
2026-07-01 12:00:00,5176.833,5199.343,5169.667,5179.459
2026-07-01 13:00:00,5179.457,5191.496,5164.385,5180.195
2026-07-01 14:00:00,5180.18,5206.9,5179.899,5205.757
2026-07-01 15:00:00,5205.755,5253.592,5204.261,5250.949
2026-07-01 16:00:00,5250.94,5266.266,5245.64,5262.835
2026-07-01 17:00:00,5262.826,5264.835,5251.181,5251.181
2026-07-01 18:00:00,5251.171,5263.789,5243.526,5261.12
2026-07-01 19:00:00,5261.112,5262.849,5248.213,5256.716
2026-07-01 20:00:00,5256.697,5265.004,5249.901,5250.351
2026-07-01 21:00:00,5250.345,5255.935,5235.402,5247.13
2026-07-01 22:00:00,5247.129,5275.908,5245.765,5270.036
2026-07-01 23:00:00,5270.025,5296.335,5266.043,5287.633
2026-07-02 00:00:00,5287.631,5309.678,5271.539,5308.711
2026-07-02 01:00:00,5308.699,5340.5,5304.632,5337.272
2026-07-02 02:00:00,5337.261,5337.261,5320.308,5320.308
2026-07-02 03:00:00,5320.299,5325.064,5310.509,5316.882
2026-07-02 04:00:00,5316.878,5322.514,5292.392,5292.392
2026-07-02 05:00:00,5292.376,5292.376,5272.999,5274.148
2026-07-02 06:00:00,5274.126,5332.793,5272.363,5325.818
2026-07-02 07:00:00,5325.811,5359.597,5324.969,5356.734
2026-07-02 08:00:00,5356.717,5373.157,5353.275,5359.143
2026-07-02 09:00:00,5359.131,5362.785,5343.861,5360.931
2026-07-02 10:00:00,5360.911,5399.672,5360.379,5390.565
2026-07-02 11:00:00,5390.564,5391.053,5375.112,5375.112
2026-07-02 12:00:00,5375.111,5424.043,5374.012,5393.078
2026-07-02 13:00:00,5393.068,5393.068,5376.779,5380.921
2026-07-02 14:00:00,5380.917,5380.917,5359.862,5366.01
2026-07-02 15:00:00,5365.999,5386.867,5353.973,5382.166
2026-07-02 16:00:00,5382.163,5388.76,5371.039,5384.585
2026-07-02 17:00:00,5384.57,5384.57,5355.592,5361.456
2026-07-02 18:00:00,5361.455,5368.566,5356.328,5358.179
2026-07-02 19:00:00,5358.171,5358.171,5337.846,5337.846
2026-07-02 20:00:00,5337.837,5337.837,5304.48,5307.423
2026-07-02 21:00:00,5307.418,5321.894,5299.654,5315.78
2026-07-02 22:00:00,5315.778,5323.996,5304.925,5312.107
2026-07-02 23:00:00,5312.103,5312.103,5287.154,5287.154
2026-07-03 00:00:00,5287.148,5294.692,5265.484,5265.484
2026-07-03 01:00:00,5265.483,5283.853,5258.522,5282.294
2026-07-03 02:00:00,5282.276,5299.471,5267.14,5299.037
2026-07-03 03:00:00,5299.037,5301.583,5285.913,5296.469
2026-07-03 04:00:00,5296.467,5299.531,5284.338,5287.614
2026-07-03 05:00:00,5287.59,5291.068,5273.733,5273.733
2026-07-03 06:00:00,5273.722,5285.04,5264.944,5276.782
2026-07-03 07:00:00,5276.773,5288.949,5266.061,5266.061
2026-07-03 08:00:00,5266.052,5285.708,5256.271,5283.308
2026-07-03 09:00:00,5283.297,5292.423,5273.759,5282.114
2026-07-03 10:00:00,5282.107,5283.861,5268.58,5274.674
2026-07-03 11:00:00,5274.646,5283.25,5264.312,5272.685
2026-07-03 12:00:00,5272.673,5288.985,5266.261,5276.841
2026-07-03 13:00:00,5276.828,5311.761,5271.0,5311.367
2026-07-03 14:00:00,5311.361,5318.306,5295.209,5295.209
2026-07-03 15:00:00,5295.206,5306.135,5289.569,5291.045
2026-07-03 16:00:00,5291.012,5299.39,5268.643,5293.127
2026-07-03 17:00:00,5293.117,5293.117,5260.427,5260.427
2026-07-03 18:00:00,5260.417,5263.551,5249.576,5261.222
2026-07-03 19:00:00,5261.212,5261.212,5229.013,5229.013
2026-07-03 20:00:00,5228.998,5271.661,5223.303,5260.653
2026-07-03 21:00:00,5260.647,5282.372,5257.069,5277.055
2026-07-03 22:00:00,5277.049,5286.644,5260.071,5286.124
2026-07-03 23:00:00,5286.122,5299.862,5281.215,5299.409
2026-07-04 00:00:00,5299.394,5299.394,5274.201,5274.201
2026-07-04 01:00:00,5274.187,5283.622,5261.74,5264.427
2026-07-04 02:00:00,5264.426,5285.322,5264.394,5268.838
2026-07-04 03:00:00,5268.825,5273.527,5250.645,5271.863
2026-07-04 04:00:00,5271.86,5276.386,5262.116,5262.859
2026-07-04 05:00:00,5262.846,5269.741,5250.593,5250.593
2026-07-04 06:00:00,5250.587,5278.336,5237.859,5276.496
2026-07-04 07:00:00,5276.489,5280.788,5263.7,5272.357
2026-07-04 08:00:00,5272.354,5282.887,5259.427,5262.667
2026-07-04 09:00:00,5262.659,5262.659,5243.573,5252.149
2026-07-04 10:00:00,5252.141,5252.141,5224.56,5232.089
2026-07-04 11:00:00,5232.067,5248.503,5222.426,5243.99
2026-07-04 12:00:00,5243.976,5256.057,5240.039,5251.375
2026-07-04 13:00:00,5251.369,5258.889,5239.721,5243.162
2026-07-04 14:00:00,5243.144,5247.157,5226.784,5235.986
2026-07-04 15:00:00,5235.978,5239.948,5208.878,5208.878
2026-07-04 16:00:00,5208.85,5229.383,5208.041,5210.047
2026-07-04 17:00:00,5210.031,5212.826,5194.954,5211.628
2026-07-04 18:00:00,5211.617,5250.407,5211.15,5250.143
2026-07-04 19:00:00,5250.126,5250.126,5232.11,5233.508
2026-07-04 20:00:00,5233.504,5245.403,5226.252,5233.646
2026-07-04 21:00:00,5233.645,5249.595,5225.962,5237.503
2026-07-04 22:00:00,5237.496,5273.022,5237.212,5270.353
2026-07-04 23:00:00,5270.346,5286.025,5259.402,5259.402
2026-07-05 00:00:00,5259.396,5273.993,5254.172,5259.869
2026-07-05 01:00:00,5259.859,5272.609,5253.739,5272.02
2026-07-05 02:00:00,5272.016,5272.602,5252.193,5252.193
2026-07-05 03:00:00,5252.179,5252.179,5234.173,5242.439
2026-07-05 04:00:00,5242.421,5246.68,5227.352,5240.78
2026-07-05 05:00:00,5240.758,5271.7,5240.736,5266.818
2026-07-05 06:00:00,5266.808,5275.148,5249.752,5249.752
2026-07-05 07:00:00,5249.736,5250.224,5235.842,5244.432
2026-07-05 08:00:00,5244.429,5251.993,5230.074,5243.412
2026-07-05 09:00:00,5243.396,5248.105,5230.916,5230.916
2026-07-05 10:00:00,5230.914,5230.914,5204.012,5205.391
2026-07-05 11:00:00,5205.381,5217.763,5200.027,5216.842
2026-07-05 12:00:00,5216.842,5216.842,5193.477,5199.717
2026-07-05 13:00:00,5199.696,5204.312,5191.246,5191.246
2026-07-05 14:00:00,5191.235,5197.318,5183.517,5188.326
2026-07-05 15:00:00,5188.325,5215.756,5180.612,5204.656
2026-07-05 16:00:00,5204.649,5228.291,5202.865,5211.733
2026-07-05 17:00:00,5211.719,5221.69,5201.524,5211.434
2026-07-05 18:00:00,5211.419,5236.817,5207.816,5226.659
2026-07-05 19:00:00,5226.652,5228.239,5210.202,5213.202
2026-07-05 20:00:00,5213.188,5227.94,5211.582,5211.927
2026-07-05 21:00:00,5211.913,5216.938,5203.05,5211.022
2026-07-05 22:00:00,5211.006,5218.838,5191.269,5191.269
2026-07-05 23:00:00,5191.26,5231.357,5186.776,5230.911
2026-07-06 00:00:00,5230.903,5236.403,5205.914,5207.794
2026-07-06 01:00:00,5207.785,5250.095,5205.088,5241.293
2026-07-06 02:00:00,5241.276,5246.034,5226.477,5240.381
2026-07-06 03:00:00,5240.364,5272.325,5239.617,5271.68
2026-07-06 04:00:00,5271.668,5273.784,5249.505,5249.505
2026-07-06 05:00:00,5249.49,5249.49,5234.498,5239.657
2026-07-06 06:00:00,5239.654,5255.148,5224.513,5244.978
2026-07-06 07:00:00,5244.96,5259.137,5232.435,5252.026
2026-07-06 08:00:00,5252.015,5260.068,5242.252,5253.309
2026-07-06 09:00:00,5253.297,5254.0,5236.498,5238.281
2026-07-06 10:00:00,5238.278,5238.278,5204.138,5204.138
2026-07-06 11:00:00,5204.119,5206.876,5183.666,5188.516
2026-07-06 12:00:00,5188.516,5188.516,5167.83,5167.83
2026-07-06 13:00:00,5167.819,5176.913,5160.713,5170.386
2026-07-06 14:00:00,5170.376,5185.57,5170.164,5182.886
2026-07-06 15:00:00,5182.886,5196.384,5176.7,5190.913
2026-07-06 16:00:00,5190.913,5193.863,5164.003,5164.003
2026-07-06 17:00:00,5164.0,5169.655,5152.672,5166.538
2026-07-06 18:00:00,5166.531,5183.017,5161.741,5168.475
2026-07-06 19:00:00,5168.46,5190.944,5152.623,5189.58
2026-07-06 20:00:00,5189.58,5224.176,5181.555,5219.755
2026-07-06 21:00:00,5219.75,5243.927,5209.324,5239.322
2026-07-06 22:00:00,5239.312,5249.408,5233.407,5245.617
2026-07-06 23:00:00,5245.606,5249.299,5229.914,5237.822
2026-07-07 00:00:00,5237.814,5258.721,5236.301,5250.878
2026-07-07 01:00:00,5250.865,5259.035,5241.858,5248.779
2026-07-07 02:00:00,5248.762,5259.952,5240.413,5244.718
2026-07-07 03:00:00,5244.715,5265.854,5241.718,5258.112
2026-07-07 04:00:00,5258.109,5259.665,5237.769,5243.741
2026-07-07 05:00:00,5243.736,5244.384,5214.837,5214.837
2026-07-07 06:00:00,5214.833,5225.003,5211.44,5213.126
2026-07-07 07:00:00,5213.102,5217.679,5195.024,5195.024
2026-07-07 08:00:00,5195.009,5205.978,5185.29,5199.243
2026-07-07 09:00:00,5199.239,5220.213,5195.974,5210.048
2026-07-07 10:00:00,5210.046,5216.349,5190.47,5196.965
2026-07-07 11:00:00,5196.961,5196.961,5184.719,5185.909
2026-07-07 12:00:00,5185.893,5215.93,5178.291,5214.253
2026-07-07 13:00:00,5214.251,5214.251,5187.517,5187.517
2026-07-07 14:00:00,5187.504,5202.433,5181.803,5200.358
2026-07-07 15:00:00,5200.339,5200.339,5178.624,5178.624
2026-07-07 16:00:00,5178.608,5178.608,5149.81,5149.81
2026-07-07 17:00:00,5149.801,5149.801,5129.724,5129.724
2026-07-07 18:00:00,5129.718,5135.601,5120.485,5124.547
2026-07-07 19:00:00,5124.527,5152.898,5117.402,5147.988
2026-07-07 20:00:00,5147.973,5153.094,5134.028,5143.969
2026-07-07 21:00:00,5143.967,5169.584,5142.705,5163.505
2026-07-07 22:00:00,5163.49,5166.686,5145.571,5149.83
2026-07-07 23:00:00,5149.828,5184.438,5147.159,5172.502
2026-07-08 00:00:00,5172.487,5178.003,5160.636,5162.708
2026-07-08 01:00:00,5162.701,5212.101,5161.382,5211.598
2026-07-08 02:00:00,5211.583,5216.268,5204.377,5206.119
2026-07-08 03:00:00,5206.112,5218.967,5191.705,5214.913
2026-07-08 04:00:00,5214.891,5231.915,5210.086,5228.661
2026-07-08 05:00:00,5228.661,5234.017,5217.039,5217.039
2026-07-08 06:00:00,5217.022,5217.022,5199.993,5200.409
2026-07-08 07:00:00,5200.403,5230.869,5197.821,5221.08
2026-07-08 08:00:00,5221.07,5221.242,5207.487,5217.947
2026-07-08 09:00:00,5217.932,5236.933,5214.923,5224.627
2026-07-08 10:00:00,5224.613,5257.033,5214.01,5252.783
2026-07-08 11:00:00,5252.777,5253.035,5226.249,5235.335
2026-07-08 12:00:00,5235.32,5242.437,5213.341,5216.85
2026-07-08 13:00:00,5216.846,5216.846,5185.856,5194.566
2026-07-08 14:00:00,5194.563,5216.493,5194.058,5216.241
2026-07-08 15:00:00,5216.222,5222.171,5199.721,5208.93
2026-07-08 16:00:00,5208.912,5214.056,5197.588,5197.588
2026-07-08 17:00:00,5197.58,5210.848,5188.029,5209.497
2026-07-08 18:00:00,5209.477,5221.182,5192.879,5215.4
2026-07-08 19:00:00,5215.394,5215.726,5197.781,5199.535
2026-07-08 20:00:00,5199.525,5201.351,5184.956,5185.456
2026-07-08 21:00:00,5185.446,5194.811,5176.597,5177.122
2026-07-08 22:00:00,5177.119,5197.141,5174.784,5174.784
2026-07-08 23:00:00,5174.776,5184.747,5163.126,5181.457
2026-07-09 00:00:00,5181.434,5181.434,5157.042,5157.042
2026-07-09 01:00:00,5157.037,5159.511,5142.774,5156.292
2026-07-09 02:00:00,5156.269,5156.269,5136.492,5138.415
2026-07-09 03:00:00,5138.398,5166.523,5135.779,5164.976
2026-07-09 04:00:00,5164.976,5164.976,5141.173,5141.646
2026-07-09 05:00:00,5141.64,5161.786,5126.444,5159.143
2026-07-09 06:00:00,5159.121,5172.662,5153.729,5153.729
2026-07-09 07:00:00,5153.712,5162.467,5140.868,5151.309
2026-07-09 08:00:00,5151.298,5166.739,5139.769,5161.653
2026-07-09 09:00:00,5161.648,5175.335,5157.925,5157.925
2026-07-09 10:00:00,5157.91,5157.91,5136.99,5137.664
2026-07-09 11:00:00,5137.651,5137.651,5122.39,5122.39
2026-07-09 12:00:00,5122.382,5131.227,5113.621,5131.143
2026-07-09 13:00:00,5131.124,5131.794,5111.421,5116.144
2026-07-09 14:00:00,5116.139,5127.912,5111.871,5114.233
2026-07-09 15:00:00,5114.22,5115.504,5100.421,5114.132
2026-07-09 16:00:00,5114.123,5131.355,5110.004,5114.337
2026-07-09 17:00:00,5114.313,5122.111,5105.322,5114.051
2026-07-09 18:00:00,5114.032,5150.184,5108.825,5146.777
2026-07-09 19:00:00,5146.773,5146.773,5113.538,5114.036
2026-07-09 20:00:00,5114.03,5121.243,5107.825,5109.002
2026-07-09 21:00:00,5108.991,5122.773,5092.14,5092.14
2026-07-09 22:00:00,5092.139,5094.199,5079.452,5084.316
2026-07-09 23:00:00,5084.291,5087.996,5066.019,5086.801
2026-07-10 00:00:00,5086.793,5086.793,5074.562,5077.14
2026-07-10 01:00:00,5077.137,5084.626,5070.696,5072.96
2026-07-10 02:00:00,5072.954,5072.954,5048.904,5059.467
2026-07-10 03:00:00,5059.464,5069.787,5053.715,5053.858
2026-07-10 04:00:00,5053.849,5060.451,5048.307,5048.307
2026-07-10 05:00:00,5048.291,5072.172,5041.275,5059.809
2026-07-10 06:00:00,5059.794,5072.529,5053.816,5053.816
2026-07-10 07:00:00,5053.816,5054.385,5041.545,5041.545
2026-07-10 08:00:00,5041.527,5054.06,5034.858,5041.96
2026-07-10 09:00:00,5041.957,5043.28,5031.356,5038.192
2026-07-10 10:00:00,5038.191,5063.878,5033.541,5055.354
2026-07-10 11:00:00,5055.329,5092.847,5054.864,5089.478
2026-07-10 12:00:00,5089.476,5097.563,5077.659,5090.046
2026-07-10 13:00:00,5090.026,5102.201,5078.672,5082.243
2026-07-10 14:00:00,5082.238,5082.238,5059.345,5059.345
2026-07-10 15:00:00,5059.345,5068.863,5041.139,5041.139
2026-07-10 16:00:00,5041.132,5041.132,5007.145,5007.145
2026-07-10 17:00:00,5007.135,5018.276,5001.032,5002.57
2026-07-10 18:00:00,5002.553,5003.946,4976.553,4983.63
2026-07-10 19:00:00,4983.629,4987.222,4969.108,4973.184
2026-07-10 20:00:00,4973.175,4973.175,4944.152,4944.152
2026-07-10 21:00:00,4944.142,4949.222,4934.371,4934.371
2026-07-10 22:00:00,4934.361,4946.695,4932.139,4942.784
2026-07-10 23:00:00,4942.777,4972.876,4940.431,4965.562
2026-07-11 00:00:00,4965.54,4980.962,4962.544,4962.544
2026-07-11 01:00:00,4962.529,4967.154,4953.523,4964.711
2026-07-11 02:00:00,4964.706,4966.812,4947.176,4947.176
2026-07-11 03:00:00,4947.168,4983.167,4943.551,4983.087
2026-07-11 04:00:00,4983.075,4986.495,4978.106,4979.576
2026-07-11 05:00:00,4979.562,4983.558,4958.881,4958.881
2026-07-11 06:00:00,4958.876,4958.876,4943.174,4945.774
2026-07-11 07:00:00,4945.762,4958.157,4943.367,4951.622
2026-07-11 08:00:00,4951.617,4999.889,4950.536,4990.414
2026-07-11 09:00:00,4990.408,4990.584,4976.292,4983.991
2026-07-11 10:00:00,4983.982,4983.982,4969.33,4969.765
2026-07-11 11:00:00,4969.758,4973.311,4957.845,4973.307
2026-07-11 12:00:00,4973.288,4977.935,4952.312,4959.348
2026-07-11 13:00:00,4959.343,4959.343,4927.664,4927.664
2026-07-11 14:00:00,4927.659,4934.316,4918.046,4929.096
2026-07-11 15:00:00,4929.089,4929.089,4915.138,4928.002
2026-07-11 16:00:00,4927.993,4927.993,4908.582,4924.684
2026-07-11 17:00:00,4924.675,4925.398,4897.543,4897.543
2026-07-11 18:00:00,4897.539,4917.74,4890.616,4906.05
2026-07-11 19:00:00,4906.046,4918.384,4896.517,4917.662
2026-07-11 20:00:00,4917.641,4955.884,4917.362,4949.215
2026-07-11 21:00:00,4949.209,4963.743,4948.471,4957.27
2026-07-11 22:00:00,4957.254,4967.839,4949.964,4966.272
2026-07-11 23:00:00,4966.259,4969.652,4949.988,4958.383
2026-07-12 00:00:00,4958.374,4965.655,4952.658,4952.919
2026-07-12 01:00:00,4952.901,4962.06,4946.7,4949.056
2026-07-12 02:00:00,4949.038,4966.326,4942.827,4963.556
2026-07-12 03:00:00,4963.548,4994.689,4946.709,4993.75
2026-07-12 04:00:00,4993.745,5026.102,4992.547,5018.735
2026-07-12 05:00:00,5018.733,5025.9,5000.382,5008.452
2026-07-12 06:00:00,5008.444,5024.342,5007.307,5014.321
2026-07-12 07:00:00,5014.316,5014.316,5000.065,5006.011
2026-07-12 08:00:00,5006.011,5016.255,4993.427,5001.121
2026-07-12 09:00:00,5001.106,5006.033,4988.686,5001.102
2026-07-12 10:00:00,5001.102,5024.293,4999.175,5023.952
2026-07-12 11:00:00,5023.943,5039.744,5021.027,5031.418
2026-07-12 12:00:00,5031.418,5041.565,5024.757,5040.099
2026-07-12 13:00:00,5040.081,5046.249,5027.774,5038.718
2026-07-12 14:00:00,5038.712,5048.172,5022.902,5022.902
2026-07-12 15:00:00,5022.898,5046.272,5021.766,5038.019
2026-07-12 16:00:00,5038.011,5038.011,5002.541,5002.541
2026-07-12 17:00:00,5002.521,5009.268,4980.986,4982.957
2026-07-12 18:00:00,4982.954,5008.913,4982.519,5004.762
2026-07-12 19:00:00,5004.747,5019.158,4997.695,5014.047
2026-07-12 20:00:00,5014.034,5020.569,5006.345,5015.056
2026-07-12 21:00:00,5015.051,5026.718,5008.624,5015.683
2026-07-12 22:00:00,5015.681,5023.133,5005.536,5015.77
2026-07-12 23:00:00,5015.761,5026.511,5012.654,5024.435
2026-07-13 00:00:00,5024.432,5030.492,5014.411,5021.201
2026-07-13 01:00:00,5021.192,5051.74,5018.798,5046.881
2026-07-13 02:00:00,5046.859,5074.855,5044.631,5074.855
2026-07-13 03:00:00,5074.839,5084.393,5062.266,5083.28
2026-07-13 04:00:00,5083.279,5092.849,5064.944,5088.253
2026-07-13 05:00:00,5088.23,5111.54,5087.063,5100.147
2026-07-13 06:00:00,5100.14,5100.14,5072.828,5072.828
2026-07-13 07:00:00,5072.809,5081.912,5055.749,5055.749
2026-07-13 08:00:00,5055.748,5057.194,5042.768,5042.768
2026-07-13 09:00:00,5042.767,5052.033,5038.705,5047.071
2026-07-13 10:00:00,5047.052,5055.746,5031.919,5031.919
2026-07-13 11:00:00,5031.905,5037.311,5020.6,5023.968
2026-07-13 12:00:00,5023.967,5027.23,5007.515,5019.144
2026-07-13 13:00:00,5019.141,5032.135,5015.124,5016.849
2026-07-13 14:00:00,5016.844,5016.844,5000.469,5011.336
2026-07-13 15:00:00,5011.315,5019.134,5000.069,5000.088
2026-07-13 16:00:00,5000.085,5004.17,4987.432,4990.496
2026-07-13 17:00:00,4990.481,5025.308,4989.023,5023.374
2026-07-13 18:00:00,5023.356,5058.057,5022.196,5057.249
2026-07-13 19:00:00,5057.239,5061.588,5038.434,5053.855
2026-07-13 20:00:00,5053.829,5067.658,5046.529,5055.213
2026-07-13 21:00:00,5055.206,5062.085,5047.733,5047.733
2026-07-13 22:00:00,5047.713,5060.515,5034.489,5058.547
2026-07-13 23:00:00,5058.532,5058.532,5037.641,5037.641
2026-07-14 00:00:00,5037.615,5037.615,5023.317,5030.368
2026-07-14 01:00:00,5030.365,5040.097,5020.295,5031.228
2026-07-14 02:00:00,5031.224,5040.107,5027.992,5036.872
2026-07-14 03:00:00,5036.86,5053.648,5025.114,5025.114
2026-07-14 04:00:00,5025.101,5026.235,5008.626,5016.115
2026-07-14 05:00:00,5016.101,5032.317,5015.781,5025.99
2026-07-14 06:00:00,5025.982,5032.491,5014.541,5023.286
2026-07-14 07:00:00,5023.285,5042.471,5020.491,5036.447
2026-07-14 08:00:00,5036.44,5040.051,5024.805,5039.91
2026-07-14 09:00:00,5039.893,5043.981,5022.671,5041.627
2026-07-14 10:00:00,5041.623,5056.531,5035.504,5046.835
2026-07-14 11:00:00,5046.833,5058.323,5044.194,5054.136
2026-07-14 12:00:00,5054.135,5065.128,5044.061,5060.62
2026-07-14 13:00:00,5060.618,5088.665,5058.166,5075.498
2026-07-14 14:00:00,5075.494,5097.222,5073.999,5088.987
2026-07-14 15:00:00,5088.972,5115.236,5085.711,5106.701
2026-07-14 16:00:00,5106.673,5112.609,5091.817,5096.803
2026-07-14 17:00:00,5096.796,5098.613,5080.676,5087.375
2026-07-14 18:00:00,5087.371,5121.709,5086.208,5112.334
2026-07-14 19:00:00,5112.33,5112.33,5075.568,5075.568
2026-07-14 20:00:00,5075.557,5076.583,5057.744,5059.35
2026-07-14 21:00:00,5059.342,5059.342,5032.087,5032.087
2026-07-14 22:00:00,5032.072,5039.711,5015.019,5032.331
2026-07-14 23:00:00,5032.317,5050.015,5027.672,5031.046
2026-07-15 00:00:00,5031.029,5060.512,5025.984,5048.555
2026-07-15 01:00:00,5048.537,5069.375,5047.9,5064.924
2026-07-15 02:00:00,5064.923,5081.589,5056.64,5080.95
2026-07-15 03:00:00,5080.927,5080.927,5062.462,5065.014
2026-07-15 04:00:00,5065.012,5065.012,5050.974,5053.437
2026-07-15 05:00:00,5053.423,5059.424,5040.743,5040.743
2026-07-15 06:00:00,5040.741,5055.825,5031.2,5034.825
2026-07-15 07:00:00,5034.811,5070.465,5030.609,5066.071
2026-07-15 08:00:00,5066.061,5077.638,5062.398,5068.291
2026-07-15 09:00:00,5068.286,5069.445,5040.488,5040.488
2026-07-15 10:00:00,5040.481,5049.323,5029.112,5039.288
2026-07-15 11:00:00,5039.278,5040.208,5011.443,5025.102
2026-07-15 12:00:00,5025.09,5026.266,5012.553,5012.953
2026-07-15 13:00:00,5012.95,5067.172,5010.751,5060.186
2026-07-15 14:00:00,5060.176,5091.111,5058.346,5075.071
2026-07-15 15:00:00,5075.046,5075.046,5058.609,5064.848
2026-07-15 16:00:00,5064.83,5064.83,5048.066,5051.674
2026-07-15 17:00:00,5051.673,5051.673,5030.07,5038.726
2026-07-15 18:00:00,5038.726,5038.726,5019.707,5027.725
2026-07-15 19:00:00,5027.724,5034.885,5017.216,5017.216
2026-07-15 20:00:00,5017.211,5021.049,4996.733,4996.733
2026-07-15 21:00:00,4996.721,4997.087,4982.935,4984.473
2026-07-15 22:00:00,4984.455,4991.188,4975.636,4975.636
2026-07-15 23:00:00,4975.621,4989.631,4964.338,4979.697
2026-07-16 00:00:00,4979.682,4991.656,4967.712,4967.712
2026-07-16 01:00:00,4967.686,4983.685,4962.788,4978.53
2026-07-16 02:00:00,4978.525,4981.087,4966.569,4969.743
2026-07-16 03:00:00,4969.739,4969.739,4953.815,4953.815
2026-07-16 04:00:00,4953.813,4986.93,4953.779,4984.825
2026-07-16 05:00:00,4984.823,4996.37,4974.911,4994.996
2026-07-16 06:00:00,4994.973,5039.705,4991.233,5038.722
2026-07-16 07:00:00,5038.711,5053.916,5034.741,5047.295
2026-07-16 08:00:00,5047.29,5051.589,5036.53,5036.53
2026-07-16 09:00:00,5036.51,5056.596,5035.222,5049.554
2026-07-16 10:00:00,5049.538,5057.219,5035.396,5055.08
2026-07-16 11:00:00,5055.068,5060.31,5042.644,5045.586
2026-07-16 12:00:00,5045.581,5047.774,5031.914,5045.474
2026-07-16 13:00:00,5045.465,5056.868,5041.115,5047.478
2026-07-16 14:00:00,5047.47,5047.47,5033.2,5042.845
2026-07-16 15:00:00,5042.829,5077.263,5041.836,5068.417
2026-07-16 16:00:00,5068.41,5079.567,5051.453,5051.453
2026-07-16 17:00:00,5051.451,5051.451,5035.182,5044.82
2026-07-16 18:00:00,5044.809,5083.76,5043.21,5078.54
2026-07-16 19:00:00,5078.536,5085.886,5058.173,5078.878
2026-07-16 20:00:00,5078.863,5078.863,5045.77,5045.77
2026-07-16 21:00:00,5045.767,5049.206,5028.694,5044.399
2026-07-16 22:00:00,5044.383,5073.059,5043.852,5059.083
2026-07-16 23:00:00,5059.078,5072.139,5048.513,5059.811
2026-07-17 00:00:00,5059.802,5075.329,5050.426,5063.371
2026-07-17 01:00:00,5063.354,5073.663,5047.537,5069.394
2026-07-17 02:00:00,5069.391,5088.017,5066.23,5072.857
2026-07-17 03:00:00,5072.844,5079.938,5061.834,5061.834
2026-07-17 04:00:00,5061.821,5061.821,5033.245,5033.245
2026-07-17 05:00:00,5033.237,5050.947,5032.227,5043.777
2026-07-17 06:00:00,5043.757,5069.811,5043.697,5067.494
2026-07-17 07:00:00,5067.492,5082.446,5053.237,5053.237
2026-07-17 08:00:00,5053.231,5068.264,5053.095,5056.96
2026-07-17 09:00:00,5056.956,5082.209,5056.648,5077.655
2026-07-17 10:00:00,5077.651,5111.429,5074.837,5104.73
2026-07-17 11:00:00,5104.714,5120.467,5099.022,5107.246
2026-07-17 12:00:00,5107.234,5134.052,5106.15,5123.563
2026-07-17 13:00:00,5123.558,5166.972,5123.468,5151.934
2026-07-17 14:00:00,5151.932,5161.977,5135.73,5135.73
2026-07-17 15:00:00,5135.727,5143.813,5132.166,5136.541
2026-07-17 16:00:00,5136.539,5136.539,5102.884,5102.884
2026-07-17 17:00:00,5102.871,5109.651,5080.696,5092.454
2026-07-17 18:00:00,5092.449,5092.449,5075.2,5079.152
2026-07-17 19:00:00,5079.129,5079.129,5048.015,5048.015
2026-07-17 20:00:00,5048.012,5048.012,5025.752,5038.513
2026-07-17 21:00:00,5038.507,5047.075,5033.288,5034.602
2026-07-17 22:00:00,5034.592,5047.67,5025.367,5040.841
2026-07-17 23:00:00,5040.821,5040.821,5016.47,5016.47
2026-07-18 00:00:00,5016.46,5040.251,5015.788,5034.296
2026-07-18 01:00:00,5034.287,5038.162,5012.942,5012.942
2026-07-18 02:00:00,5012.939,5016.274,5000.53,5007.382
2026-07-18 03:00:00,5007.375,5008.885,4998.903,4998.903
2026-07-18 04:00:00,4998.896,5022.266,4998.74,5019.589
2026-07-18 05:00:00,5019.585,5032.628,5012.534,5030.815
2026-07-18 06:00:00,5030.792,5030.792,4996.788,4996.788
2026-07-18 07:00:00,4996.787,4996.787,4980.243,4980.243
2026-07-18 08:00:00,4980.24,5001.239,4980.182,4998.213
2026-07-18 09:00:00,4998.212,5010.561,4984.022,5009.846
2026-07-18 10:00:00,5009.84,5062.825,5009.65,5060.085
2026-07-18 11:00:00,5060.073,5089.377,5054.884,5073.125
2026-07-18 12:00:00,5073.108,5075.708,5062.748,5063.128
2026-07-18 13:00:00,5063.116,5078.801,5056.306,5069.967
2026-07-18 14:00:00,5069.95,5071.335,5051.748,5066.063
2026-07-18 15:00:00,5066.052,5066.052,5038.426,5041.899
2026-07-18 16:00:00,5041.878,5050.094,5033.041,5039.601
2026-07-18 17:00:00,5039.586,5061.024,5029.648,5054.131
2026-07-18 18:00:00,5054.112,5054.112,5026.693,5033.024
2026-07-18 19:00:00,5033.018,5068.781,5027.764,5063.662
2026-07-18 20:00:00,5063.661,5065.075,5039.865,5046.373
2026-07-18 21:00:00,5046.368,5046.368,5024.392,5030.425
2026-07-18 22:00:00,5030.42,5041.094,5021.563,5021.563
2026-07-18 23:00:00,5021.544,5022.17,5009.135,5009.135
2026-07-19 00:00:00,5009.123,5024.715,5001.132,5019.741
2026-07-19 01:00:00,5019.717,5030.448,5015.814,5020.145
2026-07-19 02:00:00,5020.13,5020.13,5008.57,5008.57
2026-07-19 03:00:00,5008.563,5019.398,4999.951,5017.957
2026-07-19 04:00:00,5017.954,5023.699,5012.848,5013.539
2026-07-19 05:00:00,5013.539,5030.119,5007.086,5007.086
2026-07-19 06:00:00,5007.078,5007.078,4987.328,4993.753
2026-07-19 07:00:00,4993.743,5017.102,4978.54,5011.774
2026-07-19 08:00:00,5011.764,5019.52,4996.057,5007.085
2026-07-19 09:00:00,5007.075,5043.281,5006.473,5040.048
2026-07-19 10:00:00,5040.041,5058.258,5039.477,5050.864
2026-07-19 11:00:00,5050.853,5050.853,5020.641,5020.641
2026-07-19 12:00:00,5020.63,5042.731,5020.586,5028.653
2026-07-19 13:00:00,5028.644,5032.795,5010.91,5010.91
2026-07-19 14:00:00,5010.904,5010.904,4992.58,4996.359
2026-07-19 15:00:00,4996.348,5002.028,4987.653,4995.93
2026-07-19 16:00:00,4995.917,5003.236,4990.275,4993.092
2026-07-19 17:00:00,4993.083,4993.083,4972.061,4988.946
2026-07-19 18:00:00,4988.942,4988.942,4965.492,4965.492
2026-07-19 19:00:00,4965.487,4976.965,4953.888,4953.888
2026-07-19 20:00:00,4953.881,4953.881,4936.108,4944.487
2026-07-19 21:00:00,4944.481,4944.481,4928.578,4930.339
2026-07-19 22:00:00,4930.338,4930.338,4897.925,4897.925
2026-07-19 23:00:00,4897.904,4915.685,4894.394,4906.151
2026-07-20 00:00:00,4906.141,4940.266,4904.268,4940.09
2026-07-20 01:00:00,4940.085,4966.683,4934.928,4966.453
2026-07-20 02:00:00,4966.441,4966.441,4948.396,4948.396
2026-07-20 03:00:00,4948.379,4948.379,4928.822,4931.505
2026-07-20 04:00:00,4931.504,4941.916,4919.441,4932.278
2026-07-20 05:00:00,4932.27,4951.569,4929.812,4936.761
2026-07-20 06:00:00,4936.738,4936.738,4917.369,4917.369
2026-07-20 07:00:00,4917.351,4921.447,4908.686,4912.328
2026-07-20 08:00:00,4912.327,4925.293,4911.734,4917.807
2026-07-20 09:00:00,4917.798,4962.777,4914.977,4962.649
2026-07-20 10:00:00,4962.649,4978.29,4957.723,4960.16
2026-07-20 11:00:00,4960.16,4960.981,4948.075,4949.706
2026-07-20 12:00:00,4949.691,4960.567,4939.424,4947.55
2026-07-20 13:00:00,4947.545,4966.256,4944.247,4964.352
2026-07-20 14:00:00,4964.338,4975.104,4951.212,4971.929
2026-07-20 15:00:00,4971.914,4971.914,4946.538,4958.117
2026-07-20 16:00:00,4958.106,4999.569,4957.843,4982.852
2026-07-20 17:00:00,4982.836,4982.836,4957.775,4967.39
2026-07-20 18:00:00,4967.385,4967.385,4946.211,4949.116
2026-07-20 19:00:00,4949.114,4965.98,4945.206,4956.187
2026-07-20 20:00:00,4956.18,4980.497,4955.355,4977.447
2026-07-20 21:00:00,4977.44,4996.638,4975.368,4986.963
2026-07-20 22:00:00,4986.952,4991.318,4976.731,4984.092
2026-07-20 23:00:00,4984.079,4986.938,4971.404,4975.34
2026-07-21 00:00:00,4975.334,4978.861,4958.446,4968.674
2026-07-21 01:00:00,4968.667,4969.817,4949.497,4949.497
2026-07-21 02:00:00,4949.495,4960.497,4942.178,4953.98
2026-07-21 03:00:00,4953.969,4957.021,4929.905,4933.245
2026-07-21 04:00:00,4933.237,4938.793,4923.277,4925.104
2026-07-21 05:00:00,4925.101,4925.101,4903.296,4915.662
2026-07-21 06:00:00,4915.645,4920.102,4905.113,4910.755
2026-07-21 07:00:00,4910.723,4920.513,4901.769,4916.661
2026-07-21 08:00:00,4916.637,4934.616,4911.127,4932.57
2026-07-21 09:00:00,4932.553,4951.634,4931.719,4938.067
2026-07-21 10:00:00,4938.056,4939.058,4916.459,4916.459
2026-07-21 11:00:00,4916.452,4937.256,4915.137,4923.496
2026-07-21 12:00:00,4923.48,4942.537,4916.488,4934.184
2026-07-21 13:00:00,4934.174,4945.915,4928.781,4943.773
2026-07-21 14:00:00,4943.759,4954.755,4936.896,4949.46
2026-07-21 15:00:00,4949.434,4953.062,4934.493,4948.569
2026-07-21 16:00:00,4948.55,4952.612,4939.811,4948.393
2026-07-21 17:00:00,4948.387,4948.732,4927.043,4929.209
2026-07-21 18:00:00,4929.203,4935.905,4924.148,4929.721
2026-07-21 19:00:00,4929.704,4929.704,4911.164,4919.316
2026-07-21 20:00:00,4919.3,4930.087,4914.751,4927.713
2026-07-21 21:00:00,4927.711,4939.47,4913.729,4913.729
2026-07-21 22:00:00,4913.713,4948.194,4913.395,4946.975
2026-07-21 23:00:00,4946.969,4947.585,4928.504,4938.613
2026-07-22 00:00:00,4938.612,4938.612,4918.073,4927.787
2026-07-22 01:00:00,4927.771,4927.771,4912.867,4912.906
2026-07-22 02:00:00,4912.905,4921.931,4905.704,4921.671
2026-07-22 03:00:00,4921.659,4921.659,4890.978,4890.978
2026-07-22 04:00:00,4890.968,4899.698,4883.947,4897.296
2026-07-22 05:00:00,4897.273,4912.25,4895.541,4906.629
2026-07-22 06:00:00,4906.627,4922.706,4905.135,4918.935
2026-07-22 07:00:00,4918.934,4934.082,4915.302,4928.889
2026-07-22 08:00:00,4928.879,4943.893,4927.247,4935.321
2026-07-22 09:00:00,4935.311,4936.78,4916.148,4922.322
2026-07-22 10:00:00,4922.304,4924.527,4910.654,4911.628
2026-07-22 11:00:00,4911.618,4928.804,4908.065,4926.803
2026-07-22 12:00:00,4926.796,4931.366,4911.23,4924.192
2026-07-22 13:00:00,4924.165,4944.812,4920.669,4939.798
2026-07-22 14:00:00,4939.782,4971.904,4935.094,4966.34
2026-07-22 15:00:00,4966.325,4996.118,4960.506,4991.949
2026-07-22 16:00:00,4991.942,4991.942,4967.436,4978.311
2026-07-22 17:00:00,4978.29,4983.975,4971.914,4972.878
2026-07-22 18:00:00,4972.864,4978.607,4962.744,4963.954
2026-07-22 19:00:00,4963.939,4963.939,4952.343,4958.27
2026-07-22 20:00:00,4958.266,4965.195,4951.854,4959.527
2026-07-22 21:00:00,4959.515,4986.352,4943.777,4983.85
2026-07-22 22:00:00,4983.844,4994.739,4978.182,4990.191
2026-07-22 23:00:00,4990.174,4992.822,4970.64,4975.047
2026-07-23 00:00:00,4975.031,4975.543,4952.861,4952.861
2026-07-23 01:00:00,4952.856,4960.163,4946.819,4952.423
2026-07-23 02:00:00,4952.422,4955.211,4931.419,4940.103
2026-07-23 03:00:00,4940.091,4949.343,4925.183,4933.488
2026-07-23 04:00:00,4933.482,4966.536,4930.832,4955.698
2026-07-23 05:00:00,4955.696,4955.696,4927.843,4929.576
2026-07-23 06:00:00,4929.563,4929.563,4908.815,4910.161
2026-07-23 07:00:00,4910.136,4919.772,4903.39,4903.39
2026-07-23 08:00:00,4903.375,4903.375,4881.135,4887.005
2026-07-23 09:00:00,4886.997,4908.462,4886.955,4889.04
2026-07-23 10:00:00,4889.03,4889.03,4868.329,4883.643
2026-07-23 11:00:00,4883.636,4885.569,4868.972,4868.972
2026-07-23 12:00:00,4868.97,4868.97,4843.903,4855.638
2026-07-23 13:00:00,4855.626,4879.858,4852.583,4872.676
2026-07-23 14:00:00,4872.66,4890.36,4867.087,4867.087
2026-07-23 15:00:00,4867.081,4869.967,4857.181,4857.181
2026-07-23 16:00:00,4857.178,4879.156,4856.901,4857.154
2026-07-23 17:00:00,4857.133,4883.631,4856.654,4876.957
2026-07-23 18:00:00,4876.944,4885.585,4871.745,4879.031
2026-07-23 19:00:00,4879.011,4901.832,4878.707,4891.792
2026-07-23 20:00:00,4891.778,4906.171,4889.571,4900.135
2026-07-23 21:00:00,4900.133,4919.519,4897.683,4903.191
2026-07-23 22:00:00,4903.184,4908.055,4893.346,4893.346
2026-07-23 23:00:00,4893.344,4905.624,4872.111,4904.628
2026-07-24 00:00:00,4904.611,4913.151,4892.676,4904.698
2026-07-24 01:00:00,4904.693,4925.14,4903.885,4923.958
2026-07-24 02:00:00,4923.953,4937.892,4923.416,4927.132
2026-07-24 03:00:00,4927.117,4969.866,4918.474,4962.455
2026-07-24 04:00:00,4962.448,4974.575,4945.849,4967.325
2026-07-24 05:00:00,4967.322,4967.322,4954.561,4954.561
2026-07-24 06:00:00,4954.551,4976.999,4954.361,4967.061
2026-07-24 07:00:00,4967.058,4968.222,4947.398,4965.666
2026-07-24 08:00:00,4965.664,4993.804,4959.329,4991.477
2026-07-24 09:00:00,4991.46,5011.514,4983.75,4983.75
2026-07-24 10:00:00,4983.725,5036.072,4977.913,5020.982
2026-07-24 11:00:00,5020.98,5035.303,5012.823,5028.246
2026-07-24 12:00:00,5028.233,5049.844,5024.532,5040.452
2026-07-24 13:00:00,5040.449,5049.594,5034.472,5041.956
2026-07-24 14:00:00,5041.935,5044.563,5030.495,5032.272
2026-07-24 15:00:00,5032.266,5047.415,5022.945,5035.013
2026-07-24 16:00:00,5034.994,5049.883,5026.865,5040.257
2026-07-24 17:00:00,5040.256,5040.256,5011.69,5011.69
2026-07-24 18:00:00,5011.685,5011.685,4993.056,5005.151
2026-07-24 19:00:00,5005.132,5005.132,4983.789,4991.449
2026-07-24 20:00:00,4991.423,5006.815,4987.842,4997.051
2026-07-24 21:00:00,4997.036,5004.283,4991.576,4996.128
2026-07-24 22:00:00,4996.123,5004.545,4987.44,4989.947
2026-07-24 23:00:00,4989.928,4995.689,4982.42,4994.304
2026-07-25 00:00:00,4994.303,5014.686,4982.063,5011.541
2026-07-25 01:00:00,5011.534,5020.824,5004.327,5007.871
2026-07-25 02:00:00,5007.871,5017.206,5002.415,5009.11
2026-07-25 03:00:00,5009.089,5038.153,5007.564,5036.687
2026-07-25 04:00:00,5036.678,5039.747,5021.88,5029.564
2026-07-25 05:00:00,5029.558,5047.61,5025.245,5031.746
2026-07-25 06:00:00,5031.734,5035.275,5018.452,5025.374
2026-07-25 07:00:00,5025.36,5025.36,5000.784,5000.784
2026-07-25 08:00:00,5000.748,5014.834,5000.264,5004.371
2026-07-25 09:00:00,5004.37,5004.558,4987.394,4987.394
2026-07-25 10:00:00,4987.391,4999.233,4979.696,4989.896
2026-07-25 11:00:00,4989.889,5018.269,4986.696,5009.023
2026-07-25 12:00:00,5009.009,5021.078,5007.38,5012.535
2026-07-25 13:00:00,5012.526,5021.962,5004.515,5019.98
2026-07-25 14:00:00,5019.969,5019.969,4993.886,5003.34
2026-07-25 15:00:00,5003.334,5003.334,4978.548,4981.436
2026-07-25 16:00:00,4981.422,4981.422,4961.425,4974.419
2026-07-25 17:00:00,4974.41,4990.593,4970.529,4981.317
2026-07-25 18:00:00,4981.299,4989.393,4972.898,4975.182
2026-07-25 19:00:00,4975.181,4975.181,4953.578,4953.578
2026-07-25 20:00:00,4953.569,4953.569,4928.457,4936.427
2026-07-25 21:00:00,4936.407,4936.407,4906.323,4906.323
2026-07-25 22:00:00,4906.301,4951.321,4902.831,4936.999
2026-07-25 23:00:00,4936.998,4941.611,4923.806,4926.743
2026-07-26 00:00:00,4926.734,4947.598,4917.002,4947.385
2026-07-26 01:00:00,4947.377,4958.097,4940.088,4951.203
2026-07-26 02:00:00,4951.192,4976.129,4941.339,4964.659
2026-07-26 03:00:00,4964.651,4965.275,4946.901,4951.483
2026-07-26 04:00:00,4951.479,4954.688,4939.482,4939.654
2026-07-26 05:00:00,4939.644,4939.644,4914.71,4922.019
2026-07-26 06:00:00,4922.015,4931.186,4906.346,4927.889
2026-07-26 07:00:00,4927.879,4931.671,4914.099,4914.099
2026-07-26 08:00:00,4914.096,4925.732,4902.253,4924.359
2026-07-26 09:00:00,4924.354,4939.853,4916.596,4930.134
2026-07-26 10:00:00,4930.126,4945.888,4928.2,4934.246
2026-07-26 11:00:00,4934.237,4934.237,4915.165,4915.414
2026-07-26 12:00:00,4915.401,4936.922,4910.592,4924.1
2026-07-26 13:00:00,4924.1,4931.837,4916.939,4928.974
2026-07-26 14:00:00,4928.964,4945.503,4917.518,4932.049
2026-07-26 15:00:00,4932.04,4965.406,4930.014,4962.929
2026-07-26 16:00:00,4962.92,4982.71,4958.019,4963.83
2026-07-26 17:00:00,4963.813,4969.666,4943.119,4943.119
2026-07-26 18:00:00,4943.113,4943.113,4919.226,4919.226
2026-07-26 19:00:00,4919.22,4924.556,4908.857,4915.708
2026-07-26 20:00:00,4915.704,4928.724,4910.547,4920.191
2026-07-26 21:00:00,4920.163,4931.811,4910.781,4927.147
2026-07-26 22:00:00,4927.136,4927.136,4894.941,4896.889
2026-07-26 23:00:00,4896.888,4904.858,4877.698,4894.948
2026-07-27 00:00:00,4894.935,4918.329,4886.262,4917.618
2026-07-27 01:00:00,4917.615,4917.615,4897.284,4900.927
2026-07-27 02:00:00,4900.921,4900.921,4876.995,4890.776
2026-07-27 03:00:00,4890.769,4918.903,4890.649,4907.334
2026-07-27 04:00:00,4907.331,4911.701,4889.169,4891.934
2026-07-27 05:00:00,4891.927,4907.079,4888.289,4893.854
2026-07-27 06:00:00,4893.85,4899.498,4888.433,4888.433
2026-07-27 07:00:00,4888.433,4915.516,4888.182,4910.194
2026-07-27 08:00:00,4910.181,4922.606,4908.348,4910.048
2026-07-27 09:00:00,4910.026,4916.965,4890.225,4890.225
2026-07-27 10:00:00,4890.224,4905.736,4884.337,4884.337
2026-07-27 11:00:00,4884.326,4916.649,4882.939,4906.624
2026-07-27 12:00:00,4906.615,4906.615,4872.702,4872.702
2026-07-27 13:00:00,4872.687,4886.228,4867.75,4875.724
2026-07-27 14:00:00,4875.718,4905.707,4870.782,4898.475
2026-07-27 15:00:00,4898.473,4957.202,4897.298,4952.757
2026-07-27 16:00:00,4952.743,4954.458,4931.46,4936.19
2026-07-27 17:00:00,4936.185,4964.155,4933.982,4961.351
2026-07-27 18:00:00,4961.349,4961.349,4941.997,4941.997
2026-07-27 19:00:00,4941.994,4942.687,4919.975,4928.578
2026-07-27 20:00:00,4928.565,4959.29,4925.301,4956.122
2026-07-27 21:00:00,4956.11,4982.411,4946.939,4980.606
2026-07-27 22:00:00,4980.596,4989.603,4974.432,4974.432
2026-07-27 23:00:00,4974.42,4974.42,4957.193,4957.193
2026-07-28 00:00:00,4957.191,4962.125,4949.104,4958.982
2026-07-28 01:00:00,4958.98,4958.98,4936.048,4936.048
2026-07-28 02:00:00,4936.04,4955.783,4934.631,4945.378
2026-07-28 03:00:00,4945.37,4945.37,4929.046,4934.617
2026-07-28 04:00:00,4934.606,4935.403,4910.732,4910.732
2026-07-28 05:00:00,4910.722,4912.719,4898.172,4898.172
2026-07-28 06:00:00,4898.165,4898.165,4883.805,4897.443
2026-07-28 07:00:00,4897.428,4920.807,4896.792,4904.133
2026-07-28 08:00:00,4904.123,4907.015,4887.55,4901.94
2026-07-28 09:00:00,4901.932,4938.037,4895.192,4937.033
2026-07-28 10:00:00,4937.03,4937.761,4917.912,4927.349
2026-07-28 11:00:00,4927.348,4962.117,4923.654,4960.673
2026-07-28 12:00:00,4960.66,4981.427,4954.313,4970.484
2026-07-28 13:00:00,4970.481,4984.476,4964.971,4964.971
2026-07-28 14:00:00,4964.967,4975.843,4952.923,4961.107
2026-07-28 15:00:00,4961.096,4961.096,4934.424,4934.424
2026-07-28 16:00:00,4934.412,4934.64,4910.924,4918.29
2026-07-28 17:00:00,4918.284,4918.284,4897.191,4897.191
2026-07-28 18:00:00,4897.173,4903.468,4885.059,4889.76
2026-07-28 19:00:00,4889.744,4916.056,4883.076,4908.532
2026-07-28 20:00:00,4908.531,4910.965,4888.477,4908.206
2026-07-28 21:00:00,4908.196,4924.68,4888.809,4923.018
2026-07-28 22:00:00,4923.01,4925.818,4902.782,4913.283
2026-07-28 23:00:00,4913.271,4915.263,4898.186,4908.739
2026-07-29 00:00:00,4908.736,4911.887,4896.796,4896.796
2026-07-29 01:00:00,4896.793,4896.793,4876.764,4887.197
2026-07-29 02:00:00,4887.187,4893.225,4873.962,4873.962
2026-07-29 03:00:00,4874.566,4890.163,4870.457,4876.537
2026-07-29 04:00:00,4876.517,4901.63,4873.405,4897.458
2026-07-29 05:00:00,4897.446,4911.62,4890.834,4909.332
2026-07-29 06:00:00,4909.332,4953.435,4902.825,4942.38
2026-07-29 07:00:00,4942.361,4960.395,4939.314,4939.314
2026-07-29 08:00:00,4939.3,4950.479,4933.934,4934.782
2026-07-29 09:00:00,4934.759,4934.759,4912.033,4930.298
2026-07-29 10:00:00,4930.286,4949.915,4930.122,4930.319
2026-07-29 11:00:00,4930.314,4939.507,4923.012,4927.422
2026-07-29 12:00:00,4927.413,4935.415,4919.214,4931.812
2026-07-29 13:00:00,4931.79,4939.187,4920.868,4933.105
2026-07-29 14:00:00,4933.095,4941.389,4925.635,4925.803
2026-07-29 15:00:00,4925.8,4925.8,4902.708,4902.708
2026-07-29 16:00:00,4902.698,4916.558,4902.326,4911.904
2026-07-29 17:00:00,4911.891,4921.449,4906.478,4911.79
2026-07-29 18:00:00,4911.786,4912.389,4882.232,4882.232
2026-07-29 19:00:00,4882.225,4882.225,4858.296,4859.712
2026-07-29 20:00:00,4859.711,4865.607,4854.364,4860.0
2026-07-29 21:00:00,4859.972,4877.578,4847.652,4872.036
2026-07-29 22:00:00,4872.035,4872.035,4847.85,4851.414
2026-07-29 23:00:00,4851.397,4862.481,4841.433,4846.564
2026-07-30 00:00:00,4846.563,4846.563,4826.272,4832.51
2026-07-30 01:00:00,4832.495,4832.495,4813.791,4820.557
2026-07-30 02:00:00,4820.549,4825.63,4809.906,4809.906
2026-07-30 03:00:00,4809.9,4819.098,4801.572,4809.992
2026-07-30 04:00:00,4809.991,4814.124,4792.692,4799.777
2026-07-30 05:00:00,4799.777,4825.265,4799.017,4815.227
2026-07-30 06:00:00,4815.21,4831.064,4805.131,4824.732
2026-07-30 07:00:00,4824.728,4856.089,4823.548,4853.453
2026-07-30 08:00:00,4853.447,4869.464,4838.483,4838.483
2026-07-30 09:00:00,4838.474,4855.755,4831.862,4847.517
2026-07-30 10:00:00,4847.508,4855.555,4839.619,4843.685
2026-07-30 11:00:00,4843.684,4873.623,4835.861,4870.464
2026-07-30 12:00:00,4870.457,4876.444,4856.123,4865.329
2026-07-30 13:00:00,4865.326,4873.274,4855.361,4868.933
2026-07-30 14:00:00,4868.93,4887.053,4868.874,4872.204
2026-07-30 15:00:00,4872.181,4890.341,4868.974,4877.471
2026-07-30 16:00:00,4877.448,4877.448,4856.256,4862.313
2026-07-30 17:00:00,4862.297,4862.297,4842.629,4842.629
2026-07-30 18:00:00,4842.616,4867.711,4835.507,4862.129
2026-07-30 19:00:00,4862.125,4888.603,4859.818,4877.751
2026-07-30 20:00:00,4877.737,4877.737,4851.216,4851.216
2026-07-30 21:00:00,4851.211,4854.582,4843.029,4848.334
2026-07-30 22:00:00,4848.329,4854.897,4842.779,4851.127
2026-07-30 23:00:00,4851.124,4863.046,4844.456,4861.711
2026-07-31 00:00:00,4861.701,4875.805,4848.101,4872.049
2026-07-31 01:00:00,4872.044,4873.9,4855.005,4857.813
2026-07-31 02:00:00,4857.808,4869.269,4843.554,4862.746
2026-07-31 03:00:00,4862.74,4865.013,4844.958,4851.79
2026-07-31 04:00:00,4851.787,4858.523,4839.488,4852.515
2026-07-31 05:00:00,4852.501,4852.501,4824.36,4824.36
2026-07-31 06:00:00,4824.35,4824.35,4805.328,4805.328
2026-07-31 07:00:00,4805.328,4809.512,4785.017,4790.029
2026-07-31 08:00:00,4790.026,4790.026,4765.047,4766.554
2026-07-31 09:00:00,4766.538,4785.889,4758.125,4758.869
2026-07-31 10:00:00,4758.855,4765.503,4744.459,4747.35
2026-07-31 11:00:00,4747.333,4747.333,4731.31,4746.765
2026-07-31 12:00:00,4746.743,4746.743,4721.093,4721.093
2026-07-31 13:00:00,4721.076,4730.247,4703.415,4730.243
2026-07-31 14:00:00,4730.228,4741.323,4717.216,4720.187
2026-07-31 15:00:00,4720.185,4724.345,4710.441,4719.069
2026-07-31 16:00:00,4719.058,4733.528,4718.658,4726.426
2026-07-31 17:00:00,4726.422,4735.724,4713.233,4721.159
2026-07-31 18:00:00,4721.156,4730.457,4708.788,4727.003
2026-07-31 19:00:00,4727.001,4744.799,4723.122,4743.157
2026-07-31 20:00:00,4743.136,4743.136,4724.762,4729.349
2026-07-31 21:00:00,4729.333,4733.94,4720.728,4725.237
2026-07-31 22:00:00,4725.22,4733.307,4715.38,4732.467
2026-07-31 23:00:00,4732.452,4754.034,4731.87,4741.946
2026-08-01 00:00:00,4741.937,4756.442,4739.563,4754.563
2026-08-01 01:00:00,4754.548,4769.882,4754.22,4765.901
2026-08-01 02:00:00,4765.892,4790.972,4764.287,4781.446
2026-08-01 03:00:00,4781.425,4781.425,4763.828,4771.907
2026-08-01 04:00:00,4771.897,4781.926,4756.472,4774.098
2026-08-01 05:00:00,4774.082,4779.019,4760.349,4760.349
2026-08-01 06:00:00,4760.333,4779.754,4757.113,4767.933
2026-08-01 07:00:00,4767.915,4780.225,4762.926,4771.675
2026-08-01 08:00:00,4771.667,4771.667,4753.313,4755.648
2026-08-01 09:00:00,4755.645,4765.831,4744.415,4744.415
2026-08-01 10:00:00,4744.407,4771.658,4735.785,4766.13
2026-08-01 11:00:00,4766.13,4768.781,4739.666,4739.666
2026-08-01 12:00:00,4739.66,4747.201,4719.094,4720.045
2026-08-01 13:00:00,4720.042,4747.189,4709.736,4745.516
2026-08-01 14:00:00,4745.51,4747.527,4733.74,4746.212
2026-08-01 15:00:00,4746.195,4746.195,4727.643,4727.643
2026-08-01 16:00:00,4727.64,4737.365,4721.465,4725.291
2026-08-01 17:00:00,4725.278,4725.278,4708.176,4708.176
2026-08-01 18:00:00,4708.171,4724.982,4705.192,4723.272
2026-08-01 19:00:00,4723.253,4735.919,4714.895,4722.051
2026-08-01 20:00:00,4722.03,4730.292,4713.782,4728.781
2026-08-01 21:00:00,4728.772,4745.985,4724.398,4744.12
2026-08-01 22:00:00,4744.111,4747.851,4728.551,4746.452
2026-08-01 23:00:00,4746.444,4752.137,4739.466,4746.285
2026-08-02 00:00:00,4746.282,4756.338,4741.294,4750.725
2026-08-02 01:00:00,4750.708,4750.708,4732.23,4732.23
2026-08-02 02:00:00,4732.223,4732.223,4710.242,4710.242
2026-08-02 03:00:00,4710.238,4710.238,4693.087,4698.966
2026-08-02 04:00:00,4698.958,4698.958,4677.456,4687.01
2026-08-02 05:00:00,4686.998,4686.998,4664.358,4667.616
2026-08-02 06:00:00,4667.613,4678.822,4661.603,4670.387
2026-08-02 07:00:00,4670.367,4673.359,4648.666,4652.048
2026-08-02 08:00:00,4652.048,4673.021,4643.876,4667.585
2026-08-02 09:00:00,4667.571,4674.344,4658.32,4658.32
2026-08-02 10:00:00,4658.313,4676.307,4643.077,4673.038
2026-08-02 11:00:00,4673.033,4673.334,4647.021,4647.021
2026-08-02 12:00:00,4647.011,4647.011,4622.972,4622.972
2026-08-02 13:00:00,4622.97,4642.315,4622.084,4634.497
2026-08-02 14:00:00,4634.485,4635.857,4616.688,4619.821
2026-08-02 15:00:00,4619.811,4619.811,4600.945,4600.945
2026-08-02 16:00:00,4600.943,4611.901,4586.426,4610.679
2026-08-02 17:00:00,4610.664,4625.806,4610.174,4617.779
2026-08-02 18:00:00,4617.769,4626.791,4607.251,4622.644
2026-08-02 19:00:00,4622.624,4635.226,4611.936,4611.936
2026-08-02 20:00:00,4611.924,4621.937,4598.533,4620.854
2026-08-02 21:00:00,4620.833,4640.154,4620.802,4636.821
2026-08-02 22:00:00,4636.809,4653.816,4634.876,4649.692
2026-08-02 23:00:00,4649.691,4662.6,4649.184,4656.351
2026-08-03 00:00:00,4656.339,4672.63,4654.784,4663.378
2026-08-03 01:00:00,4663.356,4669.375,4642.664,4643.912
2026-08-03 02:00:00,4643.898,4663.01,4641.982,4650.856
2026-08-03 03:00:00,4650.852,4658.471,4642.032,4647.567
2026-08-03 04:00:00,4647.563,4659.885,4639.423,4645.871
2026-08-03 05:00:00,4645.87,4646.619,4635.108,4637.028
2026-08-03 06:00:00,4637.027,4655.809,4636.399,4645.936
2026-08-03 07:00:00,4645.932,4662.467,4641.477,4655.248
2026-08-03 08:00:00,4655.246,4655.246,4632.961,4641.656
2026-08-03 09:00:00,4641.656,4697.812,4637.012,4694.437
2026-08-03 10:00:00,4694.424,4700.084,4677.12,4677.12
2026-08-03 11:00:00,4677.112,4688.916,4675.699,4675.699
2026-08-03 12:00:00,4675.699,4675.699,4665.248,4669.794
2026-08-03 13:00:00,4669.787,4685.996,4663.464,4680.975
2026-08-03 14:00:00,4680.975,4691.782,4673.842,4673.842
2026-08-03 15:00:00,4673.823,4673.823,4650.586,4650.586
2026-08-03 16:00:00,4650.577,4650.577,4620.839,4620.839
2026-08-03 17:00:00,4620.833,4633.004,4605.321,4632.852
2026-08-03 18:00:00,4632.85,4639.504,4619.775,4638.541
2026-08-03 19:00:00,4638.529,4654.313,4633.246,4647.2
2026-08-03 20:00:00,4647.195,4653.515,4638.701,4652.147
2026-08-03 21:00:00,4652.136,4690.178,4651.544,4686.164
2026-08-03 22:00:00,4686.163,4686.335,4668.329,4679.895
2026-08-03 23:00:00,4679.889,4679.889,4659.69,4662.605
2026-08-04 00:00:00,4662.589,4701.52,4660.712,4696.981
2026-08-04 01:00:00,4696.97,4712.699,4691.676,4691.676
2026-08-04 02:00:00,4691.672,4702.938,4688.471,4692.904
2026-08-04 03:00:00,4692.901,4712.843,4689.811,4704.025
2026-08-04 04:00:00,4704.025,4716.766,4696.344,4706.877
2026-08-04 05:00:00,4706.872,4709.394,4697.042,4701.454
2026-08-04 06:00:00,4701.45,4701.45,4667.423,4667.423
2026-08-04 07:00:00,4667.405,4673.111,4654.855,4654.855
2026-08-04 08:00:00,4654.844,4697.392,4650.415,4694.721
2026-08-04 09:00:00,4694.703,4725.115,4694.665,4715.823
2026-08-04 10:00:00,4715.811,4715.811,4692.827,4692.827
2026-08-04 11:00:00,4692.823,4737.299,4690.029,4736.634
2026-08-04 12:00:00,4736.611,4752.066,4734.067,4745.782
2026-08-04 13:00:00,4745.775,4786.337,4740.27,4773.579
2026-08-04 14:00:00,4773.575,4792.703,4773.313,4773.977
2026-08-04 15:00:00,4773.964,4773.964,4752.722,4752.722
2026-08-04 16:00:00,4752.707,4759.103,4747.571,4747.782
2026-08-04 17:00:00,4747.779,4772.245,4747.507,4755.746
2026-08-04 18:00:00,4755.741,4794.245,4753.652,4788.28
2026-08-04 19:00:00,4788.275,4792.261,4770.658,4776.694
2026-08-04 20:00:00,4776.693,4789.051,4767.963,4775.54
2026-08-04 21:00:00,4775.532,4779.616,4767.606,4773.254
2026-08-04 22:00:00,4773.251,4788.923,4769.41,4778.166
2026-08-04 23:00:00,4778.155,4784.659,4770.03,4776.463
2026-08-05 00:00:00,4776.443,4778.096,4766.432,4770.445
2026-08-05 01:00:00,4770.432,4770.432,4750.439,4759.343
2026-08-05 02:00:00,4759.334,4769.017,4757.365,4767.35
2026-08-05 03:00:00,4767.349,4772.038,4749.769,4763.696
2026-08-05 04:00:00,4763.68,4774.864,4761.637,4766.002
2026-08-05 05:00:00,4765.983,4767.674,4754.5,4763.035
2026-08-05 06:00:00,4763.025,4796.247,4762.516,4796.132
2026-08-05 07:00:00,4796.13,4796.13,4777.96,4781.22
2026-08-05 08:00:00,4781.209,4815.747,4781.159,4809.057
2026-08-05 09:00:00,4809.053,4841.912,4806.479,4831.488
2026-08-05 10:00:00,4831.486,4848.752,4826.376,4835.671
2026-08-05 11:00:00,4835.662,4835.662,4810.944,4810.944
2026-08-05 12:00:00,4810.922,4820.528,4803.745,4803.745
2026-08-05 13:00:00,4803.735,4835.629,4801.585,4828.428
2026-08-05 14:00:00,4828.42,4832.958,4807.826,4807.826
2026-08-05 15:00:00,4807.819,4807.819,4785.519,4785.519
2026-08-05 16:00:00,4785.509,4787.684,4768.507,4777.087
2026-08-05 17:00:00,4777.077,4777.684,4764.612,4770.428
2026-08-05 18:00:00,4770.418,4784.104,4759.95,4779.519
2026-08-05 19:00:00,4779.502,4779.502,4764.018,4773.214
2026-08-05 20:00:00,4773.21,4773.21,4751.189,4762.117
2026-08-05 21:00:00,4762.11,4786.859,4761.936,4770.526
2026-08-05 22:00:00,4770.519,4772.18,4758.592,4758.592
2026-08-05 23:00:00,4758.583,4773.76,4752.708,4757.762
2026-08-06 00:00:00,4757.746,4766.33,4751.387,4761.561
2026-08-06 01:00:00,4761.558,4761.558,4750.724,4751.577
2026-08-06 02:00:00,4751.556,4762.348,4751.014,4756.715
2026-08-06 03:00:00,4756.707,4765.612,4750.278,4765.504
2026-08-06 04:00:00,4765.493,4766.104,4735.847,4735.847
2026-08-06 05:00:00,4735.83,4744.273,4726.004,4731.597
2026-08-06 06:00:00,4731.596,4731.596,4716.61,4718.35
2026-08-06 07:00:00,4718.345,4718.345,4702.88,4709.447
2026-08-06 08:00:00,4709.439,4710.817,4692.66,4701.24
2026-08-06 09:00:00,4701.236,4712.153,4695.833,4703.183
2026-08-06 10:00:00,4703.179,4729.148,4701.908,4724.038
2026-08-06 11:00:00,4724.021,4729.986,4718.018,4726.775
2026-08-06 12:00:00,4726.767,4733.115,4715.751,4723.37
2026-08-06 13:00:00,4723.37,4736.457,4716.339,4723.276
2026-08-06 14:00:00,4723.273,4729.636,4712.469,4725.411
2026-08-06 15:00:00,4725.403,4725.403,4696.755,4696.755
2026-08-06 16:00:00,4696.737,4710.085,4692.515,4699.449
2026-08-06 17:00:00,4699.443,4716.672,4698.611,4715.978
2026-08-06 18:00:00,4715.964,4719.762,4700.349,4715.07
2026-08-06 19:00:00,4715.066,4731.331,4697.813,4729.441
2026-08-06 20:00:00,4729.438,4748.624,4726.215,4738.645
2026-08-06 21:00:00,4738.631,4739.175,4721.388,4721.388
2026-08-06 22:00:00,4721.373,4731.518,4711.03,4713.698
2026-08-06 23:00:00,4713.683,4731.56,4706.904,4724.711
2026-08-07 00:00:00,4724.709,4740.288,4719.79,4721.46
2026-08-07 01:00:00,4721.447,4745.498,4718.667,4737.604
2026-08-07 02:00:00,4737.597,4739.391,4724.259,4726.905
2026-08-07 03:00:00,4726.881,4731.411,4718.965,4728.748
2026-08-07 04:00:00,4728.733,4733.352,4713.356,4717.142
2026-08-07 05:00:00,4717.137,4718.849,4703.024,4704.065
2026-08-07 06:00:00,4704.047,4705.257,4694.976,4695.681
2026-08-07 07:00:00,4695.679,4695.679,4673.615,4676.083
2026-08-07 08:00:00,4676.082,4696.073,4673.951,4694.043
2026-08-07 09:00:00,4694.036,4695.006,4676.513,4694.229
2026-08-07 10:00:00,4694.219,4705.401,4688.378,4693.168
2026-08-07 11:00:00,4693.157,4703.894,4690.435,4703.646
2026-08-07 12:00:00,4703.632,4707.444,4696.615,4696.615
2026-08-07 13:00:00,4696.603,4718.796,4692.968,4711.159
2026-08-07 14:00:00,4711.147,4747.972,4708.64,4740.154
2026-08-07 15:00:00,4740.139,4749.921,4732.796,4743.916
2026-08-07 16:00:00,4743.909,4749.2,4734.083,4744.385
2026-08-07 17:00:00,4744.375,4758.406,4730.567,4756.324
2026-08-07 18:00:00,4756.318,4767.434,4745.989,4745.989
2026-08-07 19:00:00,4745.987,4781.825,4745.869,4771.503
2026-08-07 20:00:00,4771.483,4773.349,4751.696,4753.901
2026-08-07 21:00:00,4753.899,4769.766,4750.623,4756.813
2026-08-07 22:00:00,4756.8,4761.388,4745.265,4754.321
2026-08-07 23:00:00,4754.304,4756.406,4744.056,4751.359
2026-08-08 00:00:00,4751.338,4763.584,4739.242,4750.969
2026-08-08 01:00:00,4750.96,4750.96,4729.717,4738.399
2026-08-08 02:00:00,4738.388,4742.532,4719.257,4725.481
2026-08-08 03:00:00,4725.473,4734.497,4721.446,4729.844
2026-08-08 04:00:00,4729.834,4736.207,4723.735,4732.1
2026-08-08 05:00:00,4732.097,4742.859,4721.946,4729.065
2026-08-08 06:00:00,4729.045,4732.865,4714.754,4718.09
2026-08-08 07:00:00,4718.087,4729.618,4710.532,4726.804
2026-08-08 08:00:00,4726.789,4726.789,4703.346,4705.777
2026-08-08 09:00:00,4705.776,4705.776,4687.677,4687.677
2026-08-08 10:00:00,4687.667,4688.614,4665.541,4687.679
2026-08-08 11:00:00,4687.667,4691.629,4673.227,4673.227
2026-08-08 12:00:00,4673.223,4673.223,4655.766,4671.5
2026-08-08 13:00:00,4671.488,4671.488,4657.573,4670.107
2026-08-08 14:00:00,4670.094,4684.21,4664.288,4683.41
2026-08-08 15:00:00,4683.394,4702.583,4676.335,4696.937
2026-08-08 16:00:00,4696.92,4702.768,4682.453,4682.453
2026-08-08 17:00:00,4682.434,4704.094,4678.532,4696.709
2026-08-08 18:00:00,4696.708,4706.76,4695.225,4697.431
2026-08-08 19:00:00,4697.417,4697.417,4668.841,4668.841
2026-08-08 20:00:00,4668.832,4720.822,4665.969,4717.343
2026-08-08 21:00:00,4717.338,4724.385,4699.522,4713.072
2026-08-08 22:00:00,4713.062,4715.376,4703.671,4713.974
2026-08-08 23:00:00,4713.96,4717.883,4697.694,4716.701
2026-08-09 00:00:00,4716.688,4732.404,4711.026,4726.171
2026-08-09 01:00:00,4726.153,4734.782,4713.24,4713.24
2026-08-09 02:00:00,4713.219,4727.091,4710.155,4714.943
2026-08-09 03:00:00,4714.931,4724.596,4712.219,4717.938
2026-08-09 04:00:00,4717.92,4734.672,4713.332,4734.342
2026-08-09 05:00:00,4734.33,4750.035,4733.851,4743.451
2026-08-09 06:00:00,4743.434,4747.394,4732.095,4732.095
2026-08-09 07:00:00,4732.079,4754.36,4724.169,4753.195
2026-08-09 08:00:00,4753.186,4756.59,4741.114,4743.54
2026-08-09 09:00:00,4743.522,4744.647,4728.066,4742.65
2026-08-09 10:00:00,4742.648,4754.495,4739.681,4739.681
2026-08-09 11:00:00,4739.675,4765.715,4735.115,4757.728
2026-08-09 12:00:00,4757.728,4761.484,4738.282,4741.91
2026-08-09 13:00:00,4741.907,4749.104,4732.567,4748.166
2026-08-09 14:00:00,4748.156,4755.339,4733.968,4752.445
2026-08-09 15:00:00,4752.439,4757.762,4745.007,4746.294
2026-08-09 16:00:00,4746.278,4748.316,4734.075,4738.948
2026-08-09 17:00:00,4738.938,4743.695,4727.13,4741.295
2026-08-09 18:00:00,4741.284,4748.38,4733.523,4745.399
2026-08-09 19:00:00,4745.396,4745.396,4729.437,4731.054
2026-08-09 20:00:00,4731.052,4740.176,4723.764,4729.2
2026-08-09 21:00:00,4729.193,4733.543,4711.808,4731.947
2026-08-09 22:00:00,4731.936,4731.936,4715.982,4720.608
2026-08-09 23:00:00,4720.606,4738.831,4707.587,4738.589
2026-08-10 00:00:00,4738.577,4743.641,4728.301,4728.951
2026-08-10 01:00:00,4728.947,4728.947,4710.531,4717.862
2026-08-10 02:00:00,4717.859,4721.515,4690.1,4690.1
2026-08-10 03:00:00,4690.094,4700.499,4679.81,4679.81
2026-08-10 04:00:00,4679.8,4682.945,4668.863,4668.863
2026-08-10 05:00:00,4668.852,4668.852,4651.349,4655.688
2026-08-10 06:00:00,4655.669,4667.185,4646.314,4649.957
2026-08-10 07:00:00,4649.948,4669.81,4646.214,4650.73
2026-08-10 08:00:00,4650.729,4653.207,4641.016,4641.016
2026-08-10 09:00:00,4641.0,4642.167,4625.936,4625.936
2026-08-10 10:00:00,4625.933,4638.063,4622.107,4622.107
2026-08-10 11:00:00,4622.092,4629.168,4614.597,4614.597
2026-08-10 12:00:00,4614.584,4614.584,4597.555,4597.555
2026-08-10 13:00:00,4597.528,4607.119,4587.982,4595.755
2026-08-10 14:00:00,4595.752,4595.752,4574.024,4576.339
2026-08-10 15:00:00,4576.334,4576.334,4554.549,4558.07
2026-08-10 16:00:00,4558.055,4592.298,4545.284,4588.941
2026-08-10 17:00:00,4588.937,4614.182,4582.526,4605.509
2026-08-10 18:00:00,4605.495,4609.785,4586.216,4586.216
2026-08-10 19:00:00,4586.209,4602.598,4582.4,4597.782
2026-08-10 20:00:00,4597.779,4620.077,4593.851,4614.654
2026-08-10 21:00:00,4614.653,4647.061,4609.888,4635.592
2026-08-10 22:00:00,4635.582,4640.611,4619.742,4619.742
2026-08-10 23:00:00,4619.73,4640.392,4612.315,4638.009
2026-08-11 00:00:00,4638.008,4655.299,4637.682,4644.474
2026-08-11 01:00:00,4644.463,4644.463,4618.057,4618.057
2026-08-11 02:00:00,4618.049,4620.418,4609.372,4612.108
2026-08-11 03:00:00,4612.1,4639.941,4611.111,4631.237
2026-08-11 04:00:00,4631.231,4653.377,4621.004,4650.605
2026-08-11 05:00:00,4650.593,4661.951,4636.005,4660.268
2026-08-11 06:00:00,4660.252,4667.944,4650.91,4657.463
2026-08-11 07:00:00,4657.458,4687.007,4653.993,4685.405
2026-08-11 08:00:00,4685.386,4706.522,4675.616,4706.091
2026-08-11 09:00:00,4706.084,4721.266,4704.072,4710.413
2026-08-11 10:00:00,4710.413,4713.03,4692.27,4692.27
2026-08-11 11:00:00,4692.248,4717.169,4691.926,4706.599
2026-08-11 12:00:00,4706.588,4709.91,4696.585,4704.916
2026-08-11 13:00:00,4704.915,4705.552,4687.227,4687.227
2026-08-11 14:00:00,4687.208,4687.208,4671.813,4672.599
2026-08-11 15:00:00,4672.591,4672.591,4648.858,4648.858
2026-08-11 16:00:00,4648.856,4670.447,4635.818,4663.855
2026-08-11 17:00:00,4663.852,4674.763,4656.497,4658.487
2026-08-11 18:00:00,4658.484,4672.458,4655.171,4657.323
2026-08-11 19:00:00,4657.321,4683.585,4650.915,4673.948
2026-08-11 20:00:00,4673.941,4688.915,4666.5,4671.164
2026-08-11 21:00:00,4671.159,4685.632,4663.728,4665.541
2026-08-11 22:00:00,4665.517,4665.517,4646.329,4651.442
2026-08-11 23:00:00,4651.429,4681.438,4649.766,4676.574
2026-08-12 00:00:00,4676.573,4676.573,4652.474,4653.245
2026-08-12 01:00:00,4653.234,4653.234,4640.348,4645.773
2026-08-12 02:00:00,4645.769,4654.961,4635.631,4653.304
2026-08-12 03:00:00,4653.28,4660.688,4644.502,4653.916
2026-08-12 04:00:00,4653.908,4653.908,4636.169,4645.715
2026-08-12 05:00:00,4645.698,4645.698,4623.806,4629.999
2026-08-12 06:00:00,4629.994,4644.356,4627.835,4643.187
2026-08-12 07:00:00,4643.183,4643.183,4620.161,4620.161
2026-08-12 08:00:00,4620.15,4630.971,4612.163,4613.817
2026-08-12 09:00:00,4613.807,4615.292,4600.159,4609.035
2026-08-12 10:00:00,4609.026,4611.822,4600.62,4600.62
2026-08-12 11:00:00,4600.605,4602.458,4582.747,4597.811
2026-08-12 12:00:00,4597.795,4602.779,4588.839,4593.044
2026-08-12 13:00:00,4593.033,4604.758,4586.824,4589.027
2026-08-12 14:00:00,4589.01,4604.362,4582.794,4604.058
2026-08-12 15:00:00,4604.043,4606.011,4590.266,4590.266
2026-08-12 16:00:00,4590.261,4592.138,4573.642,4586.544
2026-08-12 17:00:00,4586.53,4599.876,4579.352,4593.782
2026-08-12 18:00:00,4593.771,4604.988,4591.626,4594.349
2026-08-12 19:00:00,4594.344,4600.179,4578.535,4586.08
2026-08-12 20:00:00,4586.068,4586.068,4560.454,4560.454
2026-08-12 21:00:00,4560.442,4560.442,4538.097,4538.723
2026-08-12 22:00:00,4538.715,4545.17,4529.639,4532.879
2026-08-12 23:00:00,4532.863,4540.073,4518.842,4529.821
2026-08-13 00:00:00,4529.8,4550.432,4524.35,4533.151
2026-08-13 01:00:00,4533.142,4536.086,4519.945,4529.507
2026-08-13 02:00:00,4529.503,4538.385,4522.89,4530.568
2026-08-13 03:00:00,4530.557,4536.654,4521.547,4522.912
2026-08-13 04:00:00,4522.895,4524.829,4511.598,4515.234
2026-08-13 05:00:00,4515.223,4517.981,4502.639,4508.911
2026-08-13 06:00:00,4508.908,4508.908,4477.923,4477.923
2026-08-13 07:00:00,4477.919,4479.828,4459.002,4464.686
2026-08-13 08:00:00,4464.67,4464.67,4443.035,4445.473
2026-08-13 09:00:00,4445.466,4470.23,4435.973,4470.042
2026-08-13 10:00:00,4470.033,4489.731,4467.56,4475.16
2026-08-13 11:00:00,4475.157,4476.186,4456.654,4462.702
2026-08-13 12:00:00,4462.697,4479.118,4458.683,4473.486
2026-08-13 13:00:00,4473.481,4473.481,4460.332,4460.332
2026-08-13 14:00:00,4460.32,4460.32,4430.255,4430.255
2026-08-13 15:00:00,4430.25,4430.25,4413.161,4413.161
2026-08-13 16:00:00,4413.156,4417.048,4404.248,4410.998
2026-08-13 17:00:00,4410.992,4421.251,4400.744,4420.685
2026-08-13 18:00:00,4420.667,4453.843,4419.946,4451.044
2026-08-13 19:00:00,4451.041,4470.359,4450.85,4466.553
2026-08-13 20:00:00,4466.548,4466.548,4445.61,4460.657
2026-08-13 21:00:00,4460.655,4475.846,4450.041,4475.501
2026-08-13 22:00:00,4475.494,4485.736,4473.567,4483.451
2026-08-13 23:00:00,4483.448,4495.187,4480.774,4494.333
2026-08-14 00:00:00,4494.321,4518.313,4492.423,4504.823
2026-08-14 01:00:00,4504.813,4507.876,4488.019,4492.448
2026-08-14 02:00:00,4492.444,4493.66,4478.144,4482.864
2026-08-14 03:00:00,4482.863,4532.125,4479.5,4531.413
2026-08-14 04:00:00,4531.409,4534.557,4519.495,4519.495
2026-08-14 05:00:00,4519.493,4519.493,4495.196,4495.196
2026-08-14 06:00:00,4495.191,4496.527,4471.419,4480.002
2026-08-14 07:00:00,4479.998,4521.282,4473.807,4519.412
2026-08-14 08:00:00,4519.405,4538.2,4513.249,4530.159
2026-08-14 09:00:00,4530.141,4534.375,4520.009,4523.424
2026-08-14 10:00:00,4523.411,4527.831,4515.607,4517.365
2026-08-14 11:00:00,4517.355,4526.64,4510.999,4521.951
2026-08-14 12:00:00,4521.93,4545.664,4515.716,4536.649
2026-08-14 13:00:00,4536.624,4565.812,4530.044,4556.072
2026-08-14 14:00:00,4556.06,4565.742,4552.719,4564.695
2026-08-14 15:00:00,4564.691,4572.646,4551.578,4551.578
2026-08-14 16:00:00,4551.57,4551.57,4531.822,4542.017
2026-08-14 17:00:00,4542.01,4554.9,4534.411,4534.411
2026-08-14 18:00:00,4534.403,4541.324,4522.249,4540.754
2026-08-14 19:00:00,4540.748,4548.354,4530.7,4530.873
2026-08-14 20:00:00,4530.863,4531.444,4510.068,4510.068
2026-08-14 21:00:00,4510.06,4510.06,4490.741,4490.741
2026-08-14 22:00:00,4490.731,4502.815,4487.411,4487.965
2026-08-14 23:00:00,4487.959,4497.652,4482.762,4482.762
2026-08-15 00:00:00,4482.758,4504.208,4479.222,4494.285
2026-08-15 01:00:00,4494.279,4520.615,4491.554,4520.306
2026-08-15 02:00:00,4520.3,4533.479,4511.16,4528.806
2026-08-15 03:00:00,4528.797,4528.797,4512.237,4512.237
2026-08-15 04:00:00,4512.229,4514.639,4494.863,4506.53
2026-08-15 05:00:00,4506.509,4508.327,4484.213,4486.438
2026-08-15 06:00:00,4486.438,4494.497,4478.26,4478.26
2026-08-15 07:00:00,4478.239,4501.151,4478.105,4498.203
2026-08-15 08:00:00,4498.202,4506.92,4491.764,4491.764
2026-08-15 09:00:00,4491.749,4502.091,4485.454,4491.239
2026-08-15 10:00:00,4491.216,4508.822,4487.098,4501.671
2026-08-15 11:00:00,4501.665,4505.344,4488.942,4505.082
2026-08-15 12:00:00,4505.081,4505.081,4491.002,4496.901
2026-08-15 13:00:00,4496.894,4517.311,4495.672,4515.356
2026-08-15 14:00:00,4515.345,4517.957,4501.218,4501.218
2026-08-15 15:00:00,4501.209,4504.431,4485.978,4488.673
2026-08-15 16:00:00,4488.659,4497.137,4481.781,4485.34
2026-08-15 17:00:00,4485.327,4488.595,4472.358,4487.466
2026-08-15 18:00:00,4487.459,4503.021,4484.439,4500.987
2026-08-15 19:00:00,4500.982,4500.982,4485.21,4492.884
2026-08-15 20:00:00,4492.879,4504.232,4488.485,4492.617
2026-08-15 21:00:00,4492.617,4498.559,4481.136,4489.695
2026-08-15 22:00:00,4489.679,4494.514,4473.671,4476.178
2026-08-15 23:00:00,4476.17,4484.104,4470.616,4482.578
2026-08-16 00:00:00,4482.572,4483.98,4458.728,4458.728
2026-08-16 01:00:00,4458.717,4459.41,4445.695,4445.695
2026-08-16 02:00:00,4445.686,4445.686,4430.312,4439.295
2026-08-16 03:00:00,4439.293,4447.993,4430.147,4447.517
2026-08-16 04:00:00,4447.508,4485.227,4442.182,4485.059
2026-08-16 05:00:00,4485.04,4486.39,4468.643,4468.643
2026-08-16 06:00:00,4468.638,4474.626,4457.11,4472.295
2026-08-16 07:00:00,4472.285,4474.575,4461.695,4466.263
2026-08-16 08:00:00,4466.254,4484.419,4460.064,4477.886
2026-08-16 09:00:00,4477.869,4480.259,4467.802,4472.302
2026-08-16 10:00:00,4472.295,4477.784,4462.552,4477.557
2026-08-16 11:00:00,4477.547,4488.793,4476.856,4486.453
2026-08-16 12:00:00,4486.446,4498.658,4480.948,4488.198
2026-08-16 13:00:00,4488.197,4520.561,4483.202,4518.377
2026-08-16 14:00:00,4518.375,4518.375,4485.883,4485.883
2026-08-16 15:00:00,4485.867,4485.867,4457.871,4457.871
2026-08-16 16:00:00,4457.869,4457.869,4433.831,4449.758
2026-08-16 17:00:00,4449.75,4452.285,4439.035,4439.035
2026-08-16 18:00:00,4439.03,4499.221,4436.179,4499.045
2026-08-16 19:00:00,4499.04,4509.045,4485.715,4486.376
2026-08-16 20:00:00,4486.367,4500.266,4485.063,4485.063
2026-08-16 21:00:00,4485.057,4502.602,4480.042,4501.376
2026-08-16 22:00:00,4501.373,4528.847,4498.773,4523.405
2026-08-16 23:00:00,4523.403,4529.801,4514.336,4516.129
2026-08-17 00:00:00,4516.128,4522.706,4504.507,4506.822
2026-08-17 01:00:00,4506.814,4522.121,4501.067,4520.115
2026-08-17 02:00:00,4520.108,4540.594,4518.877,4539.172
2026-08-17 03:00:00,4539.146,4553.503,4534.881,4548.498
2026-08-17 04:00:00,4548.493,4558.087,4531.71,4541.145
2026-08-17 05:00:00,4541.129,4552.186,4530.347,4547.056
2026-08-17 06:00:00,4547.053,4547.053,4531.12,4540.543
2026-08-17 07:00:00,4540.54,4557.349,4538.298,4545.779
2026-08-17 08:00:00,4545.765,4568.014,4537.774,4567.649
2026-08-17 09:00:00,4567.645,4594.993,4552.919,4590.879
2026-08-17 10:00:00,4590.874,4602.571,4580.863,4602.09
2026-08-17 11:00:00,4602.089,4636.747,4600.968,4619.735
2026-08-17 12:00:00,4619.731,4629.174,4615.896,4622.245
2026-08-17 13:00:00,4622.236,4622.236,4608.836,4621.762
2026-08-17 14:00:00,4621.757,4628.774,4617.651,4622.37
2026-08-17 15:00:00,4622.366,4665.914,4621.862,4654.541
2026-08-17 16:00:00,4654.538,4654.538,4637.658,4643.025
2026-08-17 17:00:00,4643.006,4685.962,4640.521,4683.66
2026-08-17 18:00:00,4683.651,4692.152,4673.179,4673.179
2026-08-17 19:00:00,4673.177,4697.645,4662.224,4682.152
2026-08-17 20:00:00,4682.142,4695.371,4673.043,4689.968
2026-08-17 21:00:00,4689.957,4709.024,4676.25,4700.759
2026-08-17 22:00:00,4700.751,4700.751,4675.397,4675.397
2026-08-17 23:00:00,4675.395,4695.148,4671.348,4680.487
2026-08-18 00:00:00,4680.47,4704.163,4671.942,4699.328
2026-08-18 01:00:00,4699.313,4711.037,4695.619,4703.872
2026-08-18 02:00:00,4703.861,4703.861,4688.816,4696.505
2026-08-18 03:00:00,4696.483,4704.175,4673.466,4673.466
2026-08-18 04:00:00,4673.461,4677.024,4663.409,4670.932
2026-08-18 05:00:00,4670.917,4694.741,4667.999,4686.005
2026-08-18 06:00:00,4686.0,4688.153,4669.877,4673.737
2026-08-18 07:00:00,4673.73,4674.187,4655.434,4655.434
2026-08-18 08:00:00,4655.421,4670.651,4652.69,4659.885
2026-08-18 09:00:00,4659.876,4681.173,4658.795,4677.984
2026-08-18 10:00:00,4677.978,4677.978,4655.111,4655.586
2026-08-18 11:00:00,4655.581,4660.805,4646.903,4660.663
2026-08-18 12:00:00,4660.661,4671.468,4652.159,4662.171
2026-08-18 13:00:00,4662.162,4711.465,4658.137,4710.783
2026-08-18 14:00:00,4710.783,4725.817,4709.956,4723.881
2026-08-18 15:00:00,4723.877,4727.698,4708.417,4709.166
2026-08-18 16:00:00,4709.158,4727.946,4703.148,4718.74
2026-08-18 17:00:00,4718.735,4735.177,4716.662,4723.002
2026-08-18 18:00:00,4722.999,4722.999,4701.658,4701.658
2026-08-18 19:00:00,4701.652,4711.984,4688.443,4688.443
2026-08-18 20:00:00,4688.429,4700.743,4685.244,4698.78
2026-08-18 21:00:00,4698.754,4712.458,4695.615,4709.445
2026-08-18 22:00:00,4709.44,4723.426,4701.55,4701.55
2026-08-18 23:00:00,4701.549,4722.385,4688.107,4721.111
2026-08-19 00:00:00,4721.101,4721.101,4701.463,4701.463
2026-08-19 01:00:00,4701.46,4718.761,4698.013,4698.013
2026-08-19 02:00:00,4698.01,4721.836,4695.617,4715.653
2026-08-19 03:00:00,4715.648,4745.152,4706.609,4744.297
2026-08-19 04:00:00,4744.287,4747.419,4724.619,4726.727
2026-08-19 05:00:00,4726.722,4730.585,4705.905,4718.312
2026-08-19 06:00:00,4718.302,4718.533,4695.397,4695.397
2026-08-19 07:00:00,4695.391,4697.73,4679.683,4693.426
2026-08-19 08:00:00,4693.416,4717.128,4693.351,4710.912
2026-08-19 09:00:00,4710.9,4710.9,4692.778,4692.778
2026-08-19 10:00:00,4692.768,4702.361,4681.919,4681.919
2026-08-19 11:00:00,4681.903,4688.216,4667.984,4669.848
2026-08-19 12:00:00,4669.844,4672.896,4659.821,4663.925
2026-08-19 13:00:00,4663.911,4686.678,4654.975,4686.025
2026-08-19 14:00:00,4686.024,4689.545,4668.125,4668.125
2026-08-19 15:00:00,4668.12,4675.471,4659.255,4667.078
2026-08-19 16:00:00,4667.071,4673.572,4659.142,4663.342
2026-08-19 17:00:00,4663.337,4672.986,4648.069,4670.955
2026-08-19 18:00:00,4670.944,4677.587,4660.66,4660.66
2026-08-19 19:00:00,4660.658,4660.658,4638.507,4641.524
2026-08-19 20:00:00,4641.51,4645.647,4630.241,4630.831
2026-08-19 21:00:00,4630.826,4630.826,4603.665,4605.165
2026-08-19 22:00:00,4605.161,4613.704,4596.487,4607.35
2026-08-19 23:00:00,4607.338,4623.28,4598.93,4598.93
2026-08-20 00:00:00,4598.915,4615.446,4595.904,4610.644
2026-08-20 01:00:00,4610.635,4615.627,4601.447,4602.174
2026-08-20 02:00:00,4602.173,4612.876,4597.172,4597.172
2026-08-20 03:00:00,4597.16,4648.713,4589.089,4644.231
2026-08-20 04:00:00,4644.207,4669.978,4642.999,4648.532
2026-08-20 05:00:00,4648.514,4648.514,4631.239,4631.239
2026-08-20 06:00:00,4631.237,4640.368,4625.049,4625.218
2026-08-20 07:00:00,4625.205,4649.923,4621.59,4646.653
2026-08-20 08:00:00,4646.646,4654.12,4641.838,4649.116
2026-08-20 09:00:00,4649.114,4673.357,4643.962,4672.051
2026-08-20 10:00:00,4672.038,4685.6,4658.255,4679.692
2026-08-20 11:00:00,4679.674,4702.946,4673.808,4690.811
2026-08-20 12:00:00,4690.805,4708.696,4685.376,4707.211
2026-08-20 13:00:00,4707.196,4714.645,4702.148,4713.695
2026-08-20 14:00:00,4713.672,4724.229,4705.884,4719.041
2026-08-20 15:00:00,4719.037,4719.037,4706.791,4710.26
2026-08-20 16:00:00,4710.246,4726.161,4705.061,4720.844
2026-08-20 17:00:00,4720.838,4738.518,4711.973,4735.053
2026-08-20 18:00:00,4735.051,4745.479,4727.713,4736.824
2026-08-20 19:00:00,4736.797,4737.967,4715.491,4721.62
2026-08-20 20:00:00,4721.602,4721.602,4701.628,4703.463
2026-08-20 21:00:00,4703.461,4707.815,4694.238,4695.747
2026-08-20 22:00:00,4695.734,4700.983,4686.797,4686.797
2026-08-20 23:00:00,4686.797,4694.275,4679.871,4679.871
2026-08-21 00:00:00,4679.864,4679.864,4658.855,4667.066
2026-08-21 01:00:00,4667.054,4700.052,4666.172,4696.994
2026-08-21 02:00:00,4696.99,4696.99,4673.391,4673.391
2026-08-21 03:00:00,4673.387,4688.807,4671.161,4674.605
2026-08-21 04:00:00,4674.604,4674.604,4653.579,4664.926
2026-08-21 05:00:00,4664.919,4664.919,4636.475,4644.931
2026-08-21 06:00:00,4644.923,4678.799,4642.876,4677.156
2026-08-21 07:00:00,4677.156,4677.156,4648.858,4648.858
2026-08-21 08:00:00,4648.85,4648.85,4628.793,4634.733
2026-08-21 09:00:00,4634.729,4649.821,4633.757,4642.798
2026-08-21 10:00:00,4642.794,4672.258,4642.281,4660.128
2026-08-21 11:00:00,4660.125,4662.344,4650.494,4654.512
2026-08-21 12:00:00,4654.496,4681.142,4648.23,4677.968
2026-08-21 13:00:00,4677.965,4677.965,4664.047,4671.239
2026-08-21 14:00:00,4671.232,4688.712,4670.16,4674.816
2026-08-21 15:00:00,4674.803,4677.6,4661.698,4668.232
2026-08-21 16:00:00,4668.225,4687.462,4656.87,4679.829
2026-08-21 17:00:00,4679.822,4702.097,4667.39,4699.67
2026-08-21 18:00:00,4699.662,4706.054,4683.188,4691.37
2026-08-21 19:00:00,4691.364,4715.568,4687.098,4713.443
2026-08-21 20:00:00,4713.425,4714.697,4702.189,4711.262
2026-08-21 21:00:00,4711.259,4712.099,4702.395,4709.261
2026-08-21 22:00:00,4709.253,4729.32,4699.924,4721.097
2026-08-21 23:00:00,4721.076,4733.337,4716.731,4716.731
2026-08-22 00:00:00,4716.729,4727.253,4702.552,4718.286
2026-08-22 01:00:00,4718.262,4729.818,4715.257,4720.004
2026-08-22 02:00:00,4719.991,4719.991,4702.656,4710.453
2026-08-22 03:00:00,4710.446,4727.801,4701.92,4721.518
2026-08-22 04:00:00,4721.5,4723.464,4695.857,4703.213
2026-08-22 05:00:00,4703.196,4719.485,4699.195,4715.954
2026-08-22 06:00:00,4715.951,4715.951,4704.003,4713.057
2026-08-22 07:00:00,4713.054,4742.339,4711.365,4723.779
2026-08-22 08:00:00,4723.756,4723.828,4706.882,4714.11
2026-08-22 09:00:00,4714.11,4719.834,4705.54,4709.455
2026-08-22 10:00:00,4709.452,4714.121,4700.571,4700.571
2026-08-22 11:00:00,4700.557,4700.557,4684.665,4694.259
2026-08-22 12:00:00,4694.236,4698.484,4682.265,4694.664
2026-08-22 13:00:00,4694.662,4699.055,4677.818,4677.818
2026-08-22 14:00:00,4677.813,4683.344,4667.307,4668.316
2026-08-22 15:00:00,4668.312,4675.047,4657.091,4661.386
2026-08-22 16:00:00,4661.368,4663.837,4653.935,4653.935
2026-08-22 17:00:00,4653.931,4671.308,4641.555,4666.999
2026-08-22 18:00:00,4666.988,4696.27,4663.841,4692.742
2026-08-22 19:00:00,4692.739,4697.815,4683.242,4683.242
2026-08-22 20:00:00,4683.238,4694.347,4677.686,4682.411
2026-08-22 21:00:00,4682.406,4701.009,4670.649,4691.576
2026-08-22 22:00:00,4691.565,4711.334,4691.085,4707.118
2026-08-22 23:00:00,4707.116,4709.972,4695.058,4698.097
2026-08-23 00:00:00,4698.088,4706.594,4688.276,4704.677
2026-08-23 01:00:00,4704.67,4709.014,4680.843,4680.843
2026-08-23 02:00:00,4680.842,4723.183,4678.428,4717.321
2026-08-23 03:00:00,4717.313,4717.313,4696.421,4700.917
2026-08-23 04:00:00,4700.915,4710.539,4693.694,4703.011
2026-08-23 05:00:00,4703.01,4716.606,4699.464,4701.884
2026-08-23 06:00:00,4701.876,4705.197,4684.8,4691.01
2026-08-23 07:00:00,4691.003,4692.433,4673.274,4673.274
2026-08-23 08:00:00,4673.27,4690.509,4671.11,4689.051
2026-08-23 09:00:00,4689.04,4689.04,4670.386,4680.356
2026-08-23 10:00:00,4680.345,4687.289,4675.212,4684.563
2026-08-23 11:00:00,4684.557,4688.035,4666.846,4666.846
2026-08-23 12:00:00,4666.819,4686.757,4664.275,4686.709
2026-08-23 13:00:00,4686.708,4689.77,4674.759,4674.759
2026-08-23 14:00:00,4674.738,4674.836,4655.121,4667.258
2026-08-23 15:00:00,4667.246,4671.275,4649.011,4649.011
2026-08-23 16:00:00,4649.008,4649.008,4626.412,4637.896
2026-08-23 17:00:00,4637.887,4660.733,4632.088,4656.404
2026-08-23 18:00:00,4656.398,4675.952,4648.526,4669.557
2026-08-23 19:00:00,4669.552,4685.692,4667.218,4674.826
2026-08-23 20:00:00,4674.809,4699.163,4673.67,4687.904
2026-08-23 21:00:00,4687.901,4699.318,4684.723,4693.127
2026-08-23 22:00:00,4693.126,4701.935,4687.085,4697.319
2026-08-23 23:00:00,4697.313,4715.599,4688.078,4712.559
2026-08-24 00:00:00,4712.532,4715.12,4695.135,4695.135
2026-08-24 01:00:00,4695.129,4711.109,4686.844,4698.967
2026-08-24 02:00:00,4698.965,4714.571,4695.551,4699.901
2026-08-24 03:00:00,4699.901,4711.275,4694.749,4700.096
2026-08-24 04:00:00,4700.084,4727.609,4699.952,4725.942
2026-08-24 05:00:00,4725.937,4727.818,4713.058,4726.971
2026-08-24 06:00:00,4726.958,4747.823,4723.616,4739.007
2026-08-24 07:00:00,4738.986,4756.879,4738.715,4748.575
2026-08-24 08:00:00,4748.559,4748.559,4727.437,4730.729
2026-08-24 09:00:00,4730.715,4738.985,4723.422,4736.334
2026-08-24 10:00:00,4736.33,4748.266,4724.609,4740.758
2026-08-24 11:00:00,4740.752,4747.624,4731.318,4745.129
2026-08-24 12:00:00,4745.117,4754.874,4727.492,4727.492
2026-08-24 13:00:00,4727.482,4753.537,4719.289,4750.677
2026-08-24 14:00:00,4750.667,4760.182,4742.904,4751.562
2026-08-24 15:00:00,4751.542,4754.363,4740.513,4742.066
2026-08-24 16:00:00,4742.06,4751.149,4730.838,4748.978
2026-08-24 17:00:00,4748.975,4755.224,4740.666,4748.758
2026-08-24 18:00:00,4748.746,4748.746,4727.083,4738.256
2026-08-24 19:00:00,4738.238,4754.397,4734.481,4744.603
2026-08-24 20:00:00,4744.599,4748.525,4725.469,4725.469
2026-08-24 21:00:00,4725.464,4737.343,4718.803,4730.66
2026-08-24 22:00:00,4730.643,4745.923,4713.672,4740.532
2026-08-24 23:00:00,4740.518,4740.518,4723.114,4728.576
2026-08-25 00:00:00,4728.574,4737.102,4721.481,4731.78
2026-08-25 01:00:00,4731.778,4736.285,4715.272,4731.938
2026-08-25 02:00:00,4731.934,4731.934,4705.122,4709.302
2026-08-25 03:00:00,4709.275,4721.519,4706.841,4712.562
2026-08-25 04:00:00,4712.549,4714.367,4702.854,4709.45
2026-08-25 05:00:00,4709.444,4709.444,4687.487,4693.177
2026-08-25 06:00:00,4693.165,4703.467,4689.672,4698.295
2026-08-25 07:00:00,4698.283,4704.404,4689.236,4702.541
2026-08-25 08:00:00,4702.53,4702.53,4687.923,4687.923
2026-08-25 09:00:00,4687.905,4700.973,4681.314,4685.843
2026-08-25 10:00:00,4685.824,4685.824,4663.47,4663.47
2026-08-25 11:00:00,4663.465,4669.386,4650.898,4667.217
2026-08-25 12:00:00,4667.197,4682.927,4665.174,4668.059
2026-08-25 13:00:00,4668.056,4685.198,4666.659,4674.711
2026-08-25 14:00:00,4674.708,4694.997,4673.604,4676.975
2026-08-25 15:00:00,4676.974,4682.353,4668.938,4680.419
2026-08-25 16:00:00,4680.405,4708.024,4676.767,4700.884
2026-08-25 17:00:00,4700.868,4720.741,4700.008,4704.565
2026-08-25 18:00:00,4704.556,4732.183,4703.425,4729.331
2026-08-25 19:00:00,4729.324,4734.487,4709.923,4729.509
2026-08-25 20:00:00,4729.494,4735.838,4719.833,4731.276
2026-08-25 21:00:00,4731.272,4750.525,4727.07,4749.366
2026-08-25 22:00:00,4749.35,4764.535,4742.756,4754.308
2026-08-25 23:00:00,4754.289,4757.693,4742.121,4742.121
2026-08-26 00:00:00,4742.102,4781.31,4741.367,4763.345
2026-08-26 01:00:00,4763.34,4764.314,4746.834,4751.365
2026-08-26 02:00:00,4751.358,4752.912,4737.656,4748.345
2026-08-26 03:00:00,4748.335,4754.841,4729.415,4729.415
2026-08-26 04:00:00,4729.385,4740.448,4721.54,4739.038
2026-08-26 05:00:00,4739.025,4739.025,4722.914,4728.166
2026-08-26 06:00:00,4728.159,4761.845,4723.922,4759.1
2026-08-26 07:00:00,4759.085,4760.863,4743.028,4751.321
2026-08-26 08:00:00,4751.303,4754.783,4739.194,4747.497
2026-08-26 09:00:00,4747.497,4752.655,4735.197,4739.935
2026-08-26 10:00:00,4739.935,4741.53,4727.032,4738.418
2026-08-26 11:00:00,4738.409,4744.012,4733.81,4736.532
2026-08-26 12:00:00,4736.526,4744.901,4728.046,4740.474
2026-08-26 13:00:00,4740.469,4765.789,4735.161,4758.744
2026-08-26 14:00:00,4758.732,4762.842,4747.217,4761.458
2026-08-26 15:00:00,4761.442,4762.643,4743.681,4755.301
2026-08-26 16:00:00,4755.299,4771.157,4749.851,4766.426
2026-08-26 17:00:00,4766.419,4775.148,4751.387,4773.096
2026-08-26 18:00:00,4773.088,4773.994,4758.474,4758.474
2026-08-26 19:00:00,4758.474,4760.563,4741.984,4760.166
2026-08-26 20:00:00,4760.153,4760.819,4736.662,4736.662
2026-08-26 21:00:00,4736.655,4768.199,4734.916,4760.713
2026-08-26 22:00:00,4760.712,4760.712,4745.161,4746.157
2026-08-26 23:00:00,4746.148,4765.118,4742.25,4760.28
2026-08-27 00:00:00,4760.273,4809.092,4759.065,4807.51
2026-08-27 01:00:00,4807.494,4807.494,4790.862,4804.904
2026-08-27 02:00:00,4804.896,4806.131,4791.18,4794.483
2026-08-27 03:00:00,4794.48,4825.534,4793.273,4810.18
2026-08-27 04:00:00,4810.174,4826.439,4808.536,4822.18
2026-08-27 05:00:00,4822.173,4822.173,4796.947,4798.824
2026-08-27 06:00:00,4798.802,4806.887,4788.264,4798.065
2026-08-27 07:00:00,4798.061,4798.061,4782.005,4786.753
2026-08-27 08:00:00,4786.743,4801.998,4781.104,4793.334
2026-08-27 09:00:00,4793.327,4793.327,4770.696,4781.604
2026-08-27 10:00:00,4781.595,4795.65,4779.472,4781.9
2026-08-27 11:00:00,4781.883,4789.924,4774.669,4774.914
2026-08-27 12:00:00,4780.231,4787.874,4772.54,4782.91
2026-08-27 13:00:00,4782.902,4804.118,4780.092,4798.25
2026-08-27 14:00:00,4798.245,4816.424,4798.224,4810.189
2026-08-27 15:00:00,4810.184,4810.184,4793.237,4793.237
2026-08-27 16:00:00,4793.228,4793.228,4779.081,4785.423
2026-08-27 17:00:00,4785.423,4801.85,4779.08,4789.123
2026-08-27 18:00:00,4789.116,4795.55,4775.735,4784.316
2026-08-27 19:00:00,4784.298,4785.59,4768.109,4780.572
2026-08-27 20:00:00,4780.57,4783.387,4768.507,4772.302
2026-08-27 21:00:00,4772.294,4776.651,4762.48,4763.194
2026-08-27 22:00:00,4763.179,4765.084,4750.936,4753.218
2026-08-27 23:00:00,4753.214,4753.214,4732.872,4742.694
2026-08-28 00:00:00,4742.685,4748.587,4725.429,4725.429
2026-08-28 01:00:00,4725.421,4725.421,4706.634,4712.17
2026-08-28 02:00:00,4712.164,4712.164,4693.117,4693.117
2026-08-28 03:00:00,4693.116,4693.116,4677.895,4691.977
2026-08-28 04:00:00,4691.975,4694.918,4677.686,4677.686
2026-08-28 05:00:00,4677.684,4677.684,4665.736,4672.779
2026-08-28 06:00:00,4672.773,4699.111,4665.304,4698.575
2026-08-28 07:00:00,4698.556,4712.026,4693.022,4707.879
2026-08-28 08:00:00,4707.874,4709.497,4690.975,4690.975
2026-08-28 09:00:00,4690.973,4696.881,4679.99,4679.99
2026-08-28 10:00:00,4679.989,4705.075,4679.482,4701.236
2026-08-28 11:00:00,4701.236,4701.236,4680.541,4680.541
2026-08-28 12:00:00,4680.527,4688.579,4671.856,4682.436
2026-08-28 13:00:00,4682.423,4702.159,4676.304,4700.707
2026-08-28 14:00:00,4700.701,4701.663,4686.757,4700.18
2026-08-28 15:00:00,4700.178,4709.486,4696.635,4702.095
2026-08-28 16:00:00,4702.094,4708.647,4690.999,4707.995
2026-08-28 17:00:00,4707.982,4707.982,4674.107,4674.107
2026-08-28 18:00:00,4674.107,4674.107,4652.199,4652.199
2026-08-28 19:00:00,4652.192,4658.058,4629.609,4629.609
2026-08-28 20:00:00,4629.607,4643.566,4621.946,4621.946
2026-08-28 21:00:00,4621.938,4630.738,4611.832,4628.009
2026-08-28 22:00:00,4628.006,4643.01,4623.958,4623.958
2026-08-28 23:00:00,4623.947,4649.465,4622.655,4640.293
2026-08-29 00:00:00,4640.278,4648.471,4633.73,4647.431
2026-08-29 01:00:00,4647.419,4651.947,4626.277,4634.034
2026-08-29 02:00:00,4634.021,4654.21,4632.791,4650.201
2026-08-29 03:00:00,4650.19,4650.19,4628.115,4636.096
2026-08-29 04:00:00,4636.086,4652.611,4626.734,4651.046
2026-08-29 05:00:00,4651.031,4651.031,4636.643,4640.549
2026-08-29 06:00:00,4640.54,4648.626,4634.625,4639.869
2026-08-29 07:00:00,4639.869,4643.453,4629.814,4630.072
2026-08-29 08:00:00,4630.064,4646.797,4628.163,4636.828
2026-08-29 09:00:00,4636.823,4637.566,4625.058,4625.058
2026-08-29 10:00:00,4625.048,4625.048,4605.905,4605.905
2026-08-29 11:00:00,4605.899,4613.213,4592.157,4612.603
2026-08-29 12:00:00,4612.601,4618.397,4597.661,4618.005
2026-08-29 13:00:00,4618.004,4621.427,4600.441,4613.527
2026-08-29 14:00:00,4613.526,4640.81,4613.482,4626.236
2026-08-29 15:00:00,4626.22,4629.017,4619.636,4621.775
2026-08-29 16:00:00,4621.753,4629.163,4613.808,4617.975
2026-08-29 17:00:00,4617.965,4621.571,4610.566,4619.903
2026-08-29 18:00:00,4619.889,4647.914,4618.106,4643.242
2026-08-29 19:00:00,4643.223,4652.736,4630.212,4647.393
2026-08-29 20:00:00,4647.391,4675.536,4642.35,4674.393
2026-08-29 21:00:00,4674.388,4680.721,4660.233,4672.79
2026-08-29 22:00:00,4672.782,4672.782,4650.9,4657.12
2026-08-29 23:00:00,4657.117,4657.507,4637.14,4637.14
2026-08-30 00:00:00,4637.132,4640.554,4619.089,4636.526
2026-08-30 01:00:00,4636.518,4641.828,4627.051,4640.454
2026-08-30 02:00:00,4640.448,4645.312,4622.756,4643.14
2026-08-30 03:00:00,4643.125,4658.747,4636.882,4637.977
2026-08-30 04:00:00,4637.962,4647.998,4627.375,4642.463
2026-08-30 05:00:00,4642.457,4644.112,4631.031,4642.661
2026-08-30 06:00:00,4642.646,4656.219,4633.808,4633.808
2026-08-30 07:00:00,4633.805,4645.929,4630.148,4641.536
2026-08-30 08:00:00,4641.532,4641.532,4622.153,4624.822
2026-08-30 09:00:00,4624.814,4639.735,4622.9,4627.685
2026-08-30 10:00:00,4627.675,4653.12,4625.146,4630.206
2026-08-30 11:00:00,4630.205,4630.205,4619.158,4621.708
2026-08-30 12:00:00,4621.706,4624.173,4609.024,4620.146
2026-08-30 13:00:00,4620.144,4625.519,4616.435,4617.022
2026-08-30 14:00:00,4617.012,4623.7,4607.676,4614.669
2026-08-30 15:00:00,4614.668,4614.668,4596.574,4596.574
2026-08-30 16:00:00,4596.564,4610.811,4587.931,4587.931
2026-08-30 17:00:00,4587.919,4604.588,4582.479,4585.719
2026-08-30 18:00:00,4585.701,4585.701,4568.975,4568.975
2026-08-30 19:00:00,4568.962,4578.931,4562.248,4572.607
2026-08-30 20:00:00,4572.601,4585.196,4568.119,4584.724
2026-08-30 21:00:00,4584.715,4590.319,4577.366,4579.202
2026-08-30 22:00:00,4579.19,4594.748,4571.852,4589.579
2026-08-30 23:00:00,4589.571,4595.413,4583.777,4583.777
2026-08-31 00:00:00,4583.769,4597.876,4578.786,4592.357
2026-08-31 01:00:00,4592.347,4592.347,4572.475,4573.294
2026-08-31 02:00:00,4573.278,4573.278,4555.948,4572.174
2026-08-31 03:00:00,4572.162,4577.722,4564.149,4564.149
2026-08-31 04:00:00,4564.149,4585.509,4563.343,4565.61
2026-08-31 05:00:00,4565.595,4570.339,4554.466,4555.425
2026-08-31 06:00:00,4555.406,4557.112,4541.119,4544.065
2026-08-31 07:00:00,4544.06,4556.294,4542.479,4554.209
2026-08-31 08:00:00,4554.19,4563.454,4543.828,4543.828
2026-08-31 09:00:00,4543.808,4561.811,4539.275,4561.268
2026-08-31 10:00:00,4561.259,4561.259,4531.903,4531.903
2026-08-31 11:00:00,4531.895,4531.895,4511.21,4523.483
2026-08-31 12:00:00,4523.481,4529.297,4512.187,4512.187
2026-08-31 13:00:00,4512.18,4538.251,4511.092,4531.619
2026-08-31 14:00:00,4531.604,4551.386,4531.282,4546.939
2026-08-31 15:00:00,4546.937,4546.937,4527.709,4533.663
2026-08-31 16:00:00,4533.651,4543.009,4523.641,4523.641
2026-08-31 17:00:00,4523.634,4540.191,4520.806,4537.445
2026-08-31 18:00:00,4537.428,4571.902,4531.176,4563.299
2026-08-31 19:00:00,4563.292,4592.792,4559.444,4575.983
2026-08-31 20:00:00,4575.959,4607.978,4573.399,4598.684
2026-08-31 21:00:00,4598.676,4598.676,4579.714,4590.105
2026-08-31 22:00:00,4590.102,4609.111,4577.394,4601.696
2026-08-31 23:00:00,4601.689,4610.978,4594.728,4602.674
2026-09-01 00:00:00,4602.664,4609.783,4587.99,4607.65
2026-09-01 01:00:00,4607.65,4607.65,4584.649,4592.375
2026-09-01 02:00:00,4592.362,4617.714,4587.974,4615.767
2026-09-01 03:00:00,4615.757,4617.514,4597.343,4597.343
2026-09-01 04:00:00,4597.341,4618.25,4593.079,4613.359
2026-09-01 05:00:00,4613.35,4622.001,4605.219,4605.219
2026-09-01 06:00:00,4605.214,4613.911,4601.195,4613.15
2026-09-01 07:00:00,4613.137,4618.844,4604.535,4610.108
2026-09-01 08:00:00,4610.093,4651.166,4609.843,4649.326
2026-09-01 09:00:00,4649.318,4659.774,4642.046,4642.046
2026-09-01 10:00:00,4642.038,4642.038,4618.514,4618.514
2026-09-01 11:00:00,4618.505,4631.705,4614.073,4622.605
2026-09-01 12:00:00,4622.591,4626.257,4610.511,4622.766
2026-09-01 13:00:00,4622.764,4635.524,4615.75,4630.461
2026-09-01 14:00:00,4630.453,4648.881,4630.047,4642.993
2026-09-01 15:00:00,4642.983,4652.441,4639.081,4647.656
2026-09-01 16:00:00,4647.652,4666.652,4638.799,4665.91
2026-09-01 17:00:00,4665.895,4668.217,4647.919,4655.874
2026-09-01 18:00:00,4655.857,4664.647,4649.581,4662.863
2026-09-01 19:00:00,4662.856,4662.856,4648.138,4659.112
2026-09-01 20:00:00,4659.105,4659.105,4641.259,4650.357
2026-09-01 21:00:00,4650.344,4664.44,4649.872,4652.186
2026-09-01 22:00:00,4652.166,4658.804,4645.028,4645.028
2026-09-01 23:00:00,4645.024,4648.983,4629.88,4648.874
2026-09-02 00:00:00,4648.869,4659.055,4642.173,4657.722
2026-09-02 01:00:00,4657.71,4662.536,4638.976,4638.976
2026-09-02 02:00:00,4638.967,4638.967,4612.132,4617.082
2026-09-02 03:00:00,4617.07,4628.161,4610.163,4624.81
2026-09-02 04:00:00,4624.809,4649.573,4624.272,4637.613
2026-09-02 05:00:00,4637.602,4663.862,4630.614,4663.816
2026-09-02 06:00:00,4663.811,4699.918,4662.626,4694.65
2026-09-02 07:00:00,4694.645,4708.081,4690.254,4697.931
2026-09-02 08:00:00,4697.918,4697.918,4684.4,4687.287
2026-09-02 09:00:00,4687.277,4717.841,4683.663,4716.975
2026-09-02 10:00:00,4716.963,4716.963,4702.996,4703.651
2026-09-02 11:00:00,4703.64,4713.16,4699.043,4704.611
2026-09-02 12:00:00,4704.582,4710.486,4694.47,4694.47
2026-09-02 13:00:00,4694.468,4704.291,4685.381,4695.202
2026-09-02 14:00:00,4695.195,4695.195,4668.59,4679.337
2026-09-02 15:00:00,4679.329,4706.572,4677.608,4701.414
2026-09-02 16:00:00,4701.406,4709.877,4688.425,4688.425
2026-09-02 17:00:00,4688.418,4695.628,4682.68,4683.862
2026-09-02 18:00:00,4683.852,4693.879,4670.627,4685.541
2026-09-02 19:00:00,4685.539,4687.559,4672.998,4674.46
2026-09-02 20:00:00,4674.455,4674.455,4664.77,4669.19
2026-09-02 21:00:00,4669.179,4672.757,4649.506,4660.307
2026-09-02 22:00:00,4660.304,4673.888,4653.762,4653.762
2026-09-02 23:00:00,4653.756,4665.768,4646.578,4646.578
2026-09-03 00:00:00,4646.576,4647.317,4623.379,4623.379
2026-09-03 01:00:00,4623.363,4632.059,4618.486,4629.068
2026-09-03 02:00:00,4629.045,4668.103,4625.731,4663.996
2026-09-03 03:00:00,4663.982,4674.631,4655.675,4659.092
2026-09-03 04:00:00,4659.077,4664.942,4654.516,4663.91
2026-09-03 05:00:00,4663.903,4664.458,4651.38,4655.1
2026-09-03 06:00:00,4655.081,4662.332,4645.245,4652.56
2026-09-03 07:00:00,4652.555,4672.597,4644.428,4666.632
2026-09-03 08:00:00,4666.623,4678.405,4661.617,4662.804
2026-09-03 09:00:00,4662.789,4671.06,4656.385,4664.323
2026-09-03 10:00:00,4664.306,4698.151,4663.253,4694.085
2026-09-03 11:00:00,4694.077,4756.577,4691.03,4752.274
2026-09-03 12:00:00,4752.272,4754.715,4736.688,4741.298
2026-09-03 13:00:00,4741.285,4749.093,4733.247,4737.893
2026-09-03 14:00:00,4737.886,4737.886,4721.526,4723.675
2026-09-03 15:00:00,4723.669,4739.446,4718.605,4732.341
2026-09-03 16:00:00,4732.33,4735.235,4719.844,4727.05
2026-09-03 17:00:00,4727.041,4727.041,4715.321,4722.217
2026-09-03 18:00:00,4722.208,4722.208,4695.313,4701.05
2026-09-03 19:00:00,4701.044,4701.044,4687.383,4689.19
2026-09-03 20:00:00,4689.186,4696.578,4677.228,4685.639
2026-09-03 21:00:00,4685.634,4690.122,4669.66,4669.66
2026-09-03 22:00:00,4669.648,4692.938,4669.068,4677.722
2026-09-03 23:00:00,4677.722,4677.722,4658.122,4664.514
2026-09-04 00:00:00,4664.511,4677.52,4653.298,4676.989
2026-09-04 01:00:00,4676.981,4683.94,4669.57,4677.906
2026-09-04 02:00:00,4677.904,4699.457,4676.977,4692.557
2026-09-04 03:00:00,4692.556,4721.075,4691.506,4710.209
2026-09-04 04:00:00,4710.185,4737.603,4708.978,4730.759
2026-09-04 05:00:00,4730.739,4737.375,4722.972,4728.467
2026-09-04 06:00:00,4728.466,4757.149,4725.764,4743.557
2026-09-04 07:00:00,4743.551,4743.551,4732.553,4737.757
2026-09-04 08:00:00,4737.747,4771.682,4736.957,4758.288
2026-09-04 09:00:00,4758.278,4784.731,4751.605,4761.628
2026-09-04 10:00:00,4761.607,4761.607,4727.215,4727.215
2026-09-04 11:00:00,4727.209,4732.513,4712.298,4712.298
2026-09-04 12:00:00,4712.295,4714.255,4699.948,4704.618
2026-09-04 13:00:00,4704.611,4711.315,4696.901,4703.408
2026-09-04 14:00:00,4703.406,4705.897,4691.932,4691.932
2026-09-04 15:00:00,4691.927,4701.265,4683.488,4691.74
2026-09-04 16:00:00,4691.732,4722.035,4677.984,4719.574
2026-09-04 17:00:00,4719.558,4719.558,4699.18,4699.782
2026-09-04 18:00:00,4699.765,4718.746,4689.476,4716.772
2026-09-04 19:00:00,4716.759,4720.736,4695.257,4695.257
2026-09-04 20:00:00,4695.246,4705.087,4692.583,4695.538
2026-09-04 21:00:00,4695.523,4695.672,4675.452,4693.791
2026-09-04 22:00:00,4693.783,4701.085,4680.291,4694.048
2026-09-04 23:00:00,4694.043,4706.551,4689.921,4694.918
2026-09-05 00:00:00,4694.91,4731.947,4690.371,4720.959
2026-09-05 01:00:00,4720.943,4738.011,4706.346,4737.514
2026-09-05 02:00:00,4737.507,4742.342,4728.999,4741.654
2026-09-05 03:00:00,4741.639,4773.826,4741.293,4773.198
2026-09-05 04:00:00,4773.193,4779.235,4761.992,4761.992
2026-09-05 05:00:00,4761.967,4767.402,4742.869,4743.208
2026-09-05 06:00:00,4743.193,4778.612,4741.086,4772.892
2026-09-05 07:00:00,4772.887,4776.032,4765.037,4772.101
2026-09-05 08:00:00,4772.08,4773.285,4748.467,4763.251
2026-09-05 09:00:00,4763.244,4763.244,4737.568,4737.568
2026-09-05 10:00:00,4737.549,4748.889,4736.05,4742.956
2026-09-05 11:00:00,4742.945,4780.326,4740.021,4778.279
2026-09-05 12:00:00,4778.277,4787.155,4770.507,4770.507
2026-09-05 13:00:00,4770.486,4772.145,4757.871,4772.003
2026-09-05 14:00:00,4772.002,4772.002,4755.081,4755.081
2026-09-05 15:00:00,4755.078,4772.914,4746.782,4766.991
2026-09-05 16:00:00,4766.979,4772.72,4756.836,4767.416
2026-09-05 17:00:00,4767.413,4778.253,4758.65,4777.457
2026-09-05 18:00:00,4777.439,4801.301,4772.127,4791.016
2026-09-05 19:00:00,4791.016,4794.077,4773.132,4777.2
2026-09-05 20:00:00,4777.198,4796.062,4773.022,4773.022
2026-09-05 21:00:00,4773.011,4786.523,4766.779,4770.189
2026-09-05 22:00:00,4770.179,4785.595,4767.803,4771.64
2026-09-05 23:00:00,4771.622,4771.622,4758.348,4770.349
2026-09-06 00:00:00,4770.335,4773.845,4754.688,4766.386
2026-09-06 01:00:00,4766.37,4806.833,4762.633,4795.899
2026-09-06 02:00:00,4795.877,4804.449,4782.351,4802.593
2026-09-06 03:00:00,4802.591,4829.545,4799.281,4824.11
2026-09-06 04:00:00,4824.11,4830.738,4817.579,4825.119
2026-09-06 05:00:00,4825.113,4832.465,4820.709,4825.658
2026-09-06 06:00:00,4825.644,4845.435,4825.594,4840.125
2026-09-06 07:00:00,4840.107,4846.54,4830.409,4834.489
2026-09-06 08:00:00,4834.473,4839.187,4821.067,4829.643
2026-09-06 09:00:00,4829.641,4836.884,4822.957,4824.473
2026-09-06 10:00:00,4824.461,4826.411,4812.817,4814.762
2026-09-06 11:00:00,4814.735,4819.035,4801.313,4816.063
2026-09-06 12:00:00,4816.059,4828.377,4811.031,4820.854
2026-09-06 13:00:00,4820.848,4823.057,4810.356,4812.244
2026-09-06 14:00:00,4812.241,4812.241,4784.92,4784.92
2026-09-06 15:00:00,4784.903,4784.903,4759.856,4759.856
2026-09-06 16:00:00,4759.852,4764.755,4750.69,4750.69
2026-09-06 17:00:00,4750.69,4765.195,4748.319,4754.296
2026-09-06 18:00:00,4754.287,4766.033,4747.413,4750.162
2026-09-06 19:00:00,4750.152,4750.152,4731.372,4732.33
2026-09-06 20:00:00,4732.311,4732.311,4707.373,4724.039
2026-09-06 21:00:00,4724.025,4732.012,4711.083,4720.825
2026-09-06 22:00:00,4720.815,4737.702,4711.895,4731.276
2026-09-06 23:00:00,4731.268,4755.009,4723.185,4753.097
2026-09-07 00:00:00,4753.09,4753.09,4732.729,4732.729
2026-09-07 01:00:00,4732.726,4743.447,4725.377,4736.185
2026-09-07 02:00:00,4736.181,4736.181,4722.564,4734.436
2026-09-07 03:00:00,4734.432,4734.432,4715.364,4720.878
2026-09-07 04:00:00,4720.873,4720.873,4703.821,4703.821
2026-09-07 05:00:00,4703.819,4710.656,4692.001,4706.022
2026-09-07 06:00:00,4706.016,4728.796,4701.815,4721.651
2026-09-07 07:00:00,4721.651,4721.651,4704.639,4704.639
2026-09-07 08:00:00,4704.628,4733.913,4703.148,4727.092
2026-09-07 09:00:00,4727.081,4729.551,4705.541,4705.541
2026-09-07 10:00:00,4705.533,4726.463,4697.474,4723.557
2026-09-07 11:00:00,4723.54,4725.225,4712.523,4717.327
2026-09-07 12:00:00,4717.323,4717.323,4699.843,4699.843
2026-09-07 13:00:00,4699.829,4715.324,4696.322,4712.517
2026-09-07 14:00:00,4712.495,4731.233,4710.092,4710.092
2026-09-07 15:00:00,4710.077,4728.154,4707.439,4721.132
2026-09-07 16:00:00,4721.126,4721.126,4703.672,4703.672
2026-09-07 17:00:00,4703.662,4703.662,4684.783,4693.964
2026-09-07 18:00:00,4693.963,4702.416,4687.192,4696.407
2026-09-07 19:00:00,4696.405,4703.327,4692.328,4696.524
2026-09-07 20:00:00,4696.521,4696.521,4680.286,4684.475
2026-09-07 21:00:00,4684.455,4700.619,4681.047,4686.353
2026-09-07 22:00:00,4686.34,4686.34,4672.314,4679.214
2026-09-07 23:00:00,4679.208,4683.201,4667.839,4679.298
2026-09-08 00:00:00,4679.294,4687.827,4662.509,4664.475
2026-09-08 01:00:00,4664.471,4665.915,4651.089,4665.537
2026-09-08 02:00:00,4665.533,4700.235,4659.975,4699.163
2026-09-08 03:00:00,4699.15,4715.92,4695.129,4708.314
2026-09-08 04:00:00,4708.295,4717.489,4703.082,4704.792
2026-09-08 05:00:00,4704.782,4718.703,4701.821,4707.639
2026-09-08 06:00:00,4707.635,4730.617,4704.753,4712.668
2026-09-08 07:00:00,4712.664,4719.886,4700.864,4714.706
2026-09-08 08:00:00,4714.684,4716.295,4692.862,4703.587
2026-09-08 09:00:00,4703.586,4703.674,4689.108,4689.108
2026-09-08 10:00:00,4689.105,4689.105,4670.745,4670.745
2026-09-08 11:00:00,4670.732,4688.131,4668.32,4673.509
2026-09-08 12:00:00,4673.496,4684.928,4661.957,4663.958
2026-09-08 13:00:00,4663.95,4666.877,4647.872,4654.605
2026-09-08 14:00:00,4654.603,4663.059,4641.25,4662.816
2026-09-08 15:00:00,4662.813,4680.247,4654.202,4664.752
2026-09-08 16:00:00,4664.741,4677.389,4655.1,4670.246
2026-09-08 17:00:00,4670.232,4680.702,4669.253,4674.96
2026-09-08 18:00:00,4674.949,4700.215,4671.504,4691.586
2026-09-08 19:00:00,4691.575,4722.816,4690.288,4721.19
2026-09-08 20:00:00,4721.189,4734.91,4709.594,4715.086
2026-09-08 21:00:00,4715.625,4719.419,4692.061,4692.061
2026-09-08 22:00:00,4692.044,4692.044,4669.428,4669.428
2026-09-08 23:00:00,4669.424,4669.569,4654.571,4664.507
2026-09-09 00:00:00,4664.492,4670.589,4641.868,4641.868
2026-09-09 01:00:00,4641.864,4650.157,4630.501,4630.501
2026-09-09 02:00:00,4630.487,4645.159,4626.985,4626.985
2026-09-09 03:00:00,4626.979,4679.312,4626.643,4669.637
2026-09-09 04:00:00,4669.625,4719.527,4669.477,4717.276
2026-09-09 05:00:00,4717.268,4727.597,4701.356,4709.782
2026-09-09 06:00:00,4709.779,4747.471,4708.316,4747.183
2026-09-09 07:00:00,4747.18,4772.776,4742.325,4771.842
2026-09-09 08:00:00,4771.833,4806.513,4769.839,4800.939
2026-09-09 09:00:00,4800.925,4800.925,4777.521,4778.172
2026-09-09 10:00:00,4778.171,4790.716,4774.615,4780.494
2026-09-09 11:00:00,4780.486,4800.306,4772.495,4793.61
2026-09-09 12:00:00,4793.597,4807.495,4786.983,4797.918
2026-09-09 13:00:00,4797.91,4797.91,4777.78,4786.845
2026-09-09 14:00:00,4786.844,4800.408,4776.078,4799.175
2026-09-09 15:00:00,4799.166,4820.068,4797.337,4797.901
2026-09-09 16:00:00,4797.898,4797.898,4782.834,4787.594
2026-09-09 17:00:00,4787.582,4798.462,4782.523,4794.834
2026-09-09 18:00:00,4794.827,4797.179,4783.879,4787.83
2026-09-09 19:00:00,4787.82,4801.806,4783.258,4796.531
2026-09-09 20:00:00,4796.516,4796.516,4781.466,4793.799
2026-09-09 21:00:00,4793.786,4795.648,4765.061,4765.934
2026-09-09 22:00:00,4765.924,4781.154,4761.643,4768.552
2026-09-09 23:00:00,4768.543,4768.543,4744.448,4753.516
2026-09-10 00:00:00,4753.494,4791.541,4746.056,4789.979
2026-09-10 01:00:00,4789.97,4801.738,4785.81,4793.584
2026-09-10 02:00:00,4793.582,4794.587,4776.375,4776.375
2026-09-10 03:00:00,4776.371,4800.458,4774.509,4788.786
2026-09-10 04:00:00,4788.778,4788.778,4756.108,4765.201
2026-09-10 05:00:00,4765.201,4765.201,4750.401,4751.633
2026-09-10 06:00:00,4751.613,4770.657,4746.919,4763.946
2026-09-10 07:00:00,4763.942,4772.459,4750.214,4771.896
2026-09-10 08:00:00,4771.889,4776.469,4755.055,4755.055
2026-09-10 09:00:00,4755.055,4755.055,4736.183,4743.324
2026-09-10 10:00:00,4743.321,4743.321,4723.443,4730.362
2026-09-10 11:00:00,4730.353,4733.469,4714.773,4725.475
2026-09-10 12:00:00,4725.446,4728.333,4715.151,4717.763
2026-09-10 13:00:00,4717.763,4718.36,4700.324,4705.142
2026-09-10 14:00:00,4705.14,4710.473,4691.497,4702.273
2026-09-10 15:00:00,4702.265,4718.247,4692.338,4692.338
2026-09-10 16:00:00,4692.334,4710.654,4687.563,4703.032
2026-09-10 17:00:00,4703.032,4703.032,4679.136,4679.136
2026-09-10 18:00:00,4679.121,4679.121,4660.014,4669.453
2026-09-10 19:00:00,4669.432,4686.305,4665.243,4665.243
2026-09-10 20:00:00,4665.234,4669.384,4645.485,4652.052
2026-09-10 21:00:00,4652.048,4665.509,4642.541,4644.824
2026-09-10 22:00:00,4644.811,4646.724,4631.023,4633.635
2026-09-10 23:00:00,4633.628,4633.628,4610.802,4619.777
2026-09-11 00:00:00,4619.763,4630.227,4615.604,4615.704
2026-09-11 01:00:00,4615.701,4638.154,4609.183,4631.649
2026-09-11 02:00:00,4631.627,4667.242,4631.615,4665.51
2026-09-11 03:00:00,4665.509,4672.67,4656.203,4656.203
2026-09-11 04:00:00,4656.195,4656.195,4634.453,4634.453
2026-09-11 05:00:00,4634.45,4639.246,4621.66,4632.991
2026-09-11 06:00:00,4632.971,4640.748,4622.124,4622.124
2026-09-11 07:00:00,4622.109,4660.075,4621.615,4655.061
2026-09-11 08:00:00,4655.041,4655.041,4636.542,4636.542
2026-09-11 09:00:00,4636.538,4663.616,4632.55,4648.039
2026-09-11 10:00:00,4648.026,4659.245,4634.062,4634.062
2026-09-11 11:00:00,4634.054,4638.135,4622.993,4622.993
2026-09-11 12:00:00,4622.989,4627.494,4612.316,4620.648
2026-09-11 13:00:00,4620.641,4620.641,4606.34,4613.181
2026-09-11 14:00:00,4613.172,4639.273,4600.469,4631.869
2026-09-11 15:00:00,4631.857,4631.857,4613.324,4615.949
2026-09-11 16:00:00,4615.949,4618.727,4604.27,4604.27
2026-09-11 17:00:00,4604.254,4623.502,4602.91,4609.661
2026-09-11 18:00:00,4609.645,4628.542,4607.547,4610.053
2026-09-11 19:00:00,4610.03,4615.203,4597.455,4614.929
2026-09-11 20:00:00,4614.913,4637.563,4612.231,4634.55
2026-09-11 21:00:00,4634.542,4662.151,4631.459,4645.912
2026-09-11 22:00:00,4645.893,4657.865,4631.777,4656.657
2026-09-11 23:00:00,4656.637,4659.062,4635.22,4649.361
2026-09-12 00:00:00,4649.354,4649.354,4627.065,4630.778
2026-09-12 01:00:00,4630.771,4638.379,4621.036,4621.036
2026-09-12 02:00:00,4621.03,4623.085,4615.902,4617.054
2026-09-12 03:00:00,4617.052,4617.052,4594.147,4595.894
2026-09-12 04:00:00,4595.892,4631.121,4594.506,4628.791
2026-09-12 05:00:00,4628.79,4633.383,4619.322,4625.373
2026-09-12 06:00:00,4625.373,4642.422,4622.993,4624.206
2026-09-12 07:00:00,4624.198,4637.616,4615.35,4635.06
2026-09-12 08:00:00,4635.05,4650.656,4632.19,4647.684
2026-09-12 09:00:00,4647.677,4669.711,4645.964,4653.775
2026-09-12 10:00:00,4653.761,4669.724,4646.402,4662.919
2026-09-12 11:00:00,4662.916,4685.01,4658.02,4681.887
2026-09-12 12:00:00,4681.886,4684.089,4671.948,4678.997
2026-09-12 13:00:00,4678.997,4692.016,4673.177,4689.705
2026-09-12 14:00:00,4689.7,4712.947,4677.048,4705.503
2026-09-12 15:00:00,4705.5,4738.448,4700.308,4737.505
2026-09-12 16:00:00,4737.494,4737.958,4722.789,4729.751
2026-09-12 17:00:00,4729.726,4739.812,4722.028,4737.216
2026-09-12 18:00:00,4737.2,4747.953,4734.905,4738.536
2026-09-12 19:00:00,4738.533,4738.533,4708.956,4708.956
2026-09-12 20:00:00,4708.943,4712.386,4692.37,4708.079
2026-09-12 21:00:00,4708.077,4711.884,4693.097,4711.377
2026-09-12 22:00:00,4711.372,4711.372,4702.09,4705.077
2026-09-12 23:00:00,4705.076,4705.098,4694.175,4697.386
2026-09-13 00:00:00,4697.364,4720.226,4693.913,4718.436
2026-09-13 01:00:00,4718.434,4749.16,4715.413,4744.619
2026-09-13 02:00:00,4744.605,4760.277,4737.802,4759.24
2026-09-13 03:00:00,4759.228,4759.228,4735.65,4741.969
2026-09-13 04:00:00,4741.955,4741.955,4718.774,4718.774
2026-09-13 05:00:00,4718.768,4722.285,4706.292,4714.834
2026-09-13 06:00:00,4714.826,4736.744,4711.766,4727.587
2026-09-13 07:00:00,4727.575,4727.575,4696.554,4696.554
2026-09-13 08:00:00,4696.538,4724.549,4695.449,4706.84
2026-09-13 09:00:00,4706.822,4706.822,4687.508,4696.742
2026-09-13 10:00:00,4696.723,4699.502,4679.2,4679.2
2026-09-13 11:00:00,4679.183,4684.101,4670.637,4681.239
2026-09-13 12:00:00,4681.226,4681.226,4654.896,4654.896
2026-09-13 13:00:00,4654.894,4654.894,4635.425,4641.456
2026-09-13 14:00:00,4641.437,4656.765,4636.095,4654.772
2026-09-13 15:00:00,4654.764,4675.745,4654.546,4670.469
2026-09-13 16:00:00,4670.467,4670.961,4657.163,4658.069
2026-09-13 17:00:00,4658.055,4660.574,4650.252,4655.029
2026-09-13 18:00:00,4655.027,4665.94,4641.955,4641.955
2026-09-13 19:00:00,4641.938,4645.736,4627.688,4629.909
2026-09-13 20:00:00,4629.895,4676.168,4625.968,4670.935
2026-09-13 21:00:00,4670.927,4694.564,4665.662,4690.9
2026-09-13 22:00:00,4690.897,4691.703,4665.615,4665.615
2026-09-13 23:00:00,4665.612,4674.521,4655.283,4658.787
2026-09-14 00:00:00,4658.773,4675.709,4651.498,4675.622
2026-09-14 01:00:00,4675.616,4679.113,4663.792,4667.771
2026-09-14 02:00:00,4667.765,4668.024,4652.977,4662.101
2026-09-14 03:00:00,4662.099,4671.3,4647.414,4666.455
2026-09-14 04:00:00,4666.444,4680.295,4659.457,4662.478
2026-09-14 05:00:00,4662.473,4662.488,4647.141,4651.923
2026-09-14 06:00:00,4651.896,4651.896,4636.512,4640.491
2026-09-14 07:00:00,4640.474,4646.366,4628.212,4628.212
2026-09-14 08:00:00,4628.194,4649.156,4621.003,4640.3
2026-09-14 09:00:00,4640.298,4658.916,4631.534,4651.219
2026-09-14 10:00:00,4651.207,4651.617,4639.047,4639.047
2026-09-14 11:00:00,4639.038,4639.038,4616.69,4616.69
2026-09-14 12:00:00,4616.669,4623.23,4607.798,4608.367
2026-09-14 13:00:00,4608.357,4645.42,4608.339,4642.04
2026-09-14 14:00:00,4642.029,4649.236,4638.497,4642.58
2026-09-14 15:00:00,4642.573,4653.457,4631.465,4640.95
2026-09-14 16:00:00,4640.946,4640.946,4613.081,4613.081
2026-09-14 17:00:00,4613.081,4631.844,4611.579,4623.025
2026-09-14 18:00:00,4623.01,4623.933,4613.003,4623.562
2026-09-14 19:00:00,4623.552,4674.887,4620.834,4665.042
2026-09-14 20:00:00,4665.041,4671.904,4657.414,4658.935
2026-09-14 21:00:00,4658.922,4665.949,4649.83,4652.583
2026-09-14 22:00:00,4652.557,4652.557,4633.218,4638.801
2026-09-14 23:00:00,4638.799,4658.387,4636.441,4645.667
2026-09-15 00:00:00,4645.667,4664.393,4642.153,4656.035
2026-09-15 01:00:00,4656.035,4668.013,4653.633,4654.033
2026-09-15 02:00:00,4654.033,4714.611,4653.899,4708.827
2026-09-15 03:00:00,4708.817,4710.853,4692.037,4700.67
2026-09-15 04:00:00,4700.653,4708.972,4696.41,4696.496
2026-09-15 05:00:00,4696.496,4709.299,4694.906,4700.19
2026-09-15 06:00:00,4700.187,4704.543,4676.315,4680.234
2026-09-15 07:00:00,4680.215,4687.732,4667.91,4667.91
2026-09-15 08:00:00,4667.906,4679.38,4654.495,4662.387
2026-09-15 09:00:00,4662.379,4708.392,4658.963,4707.353
2026-09-15 10:00:00,4707.353,4716.783,4702.919,4710.943
2026-09-15 11:00:00,4710.943,4725.681,4690.866,4724.769
2026-09-15 12:00:00,4724.756,4790.211,4722.825,4784.602
2026-09-15 13:00:00,4784.592,4795.468,4780.432,4788.787
2026-09-15 14:00:00,4788.78,4793.662,4775.593,4781.749
2026-09-15 15:00:00,4781.736,4801.026,4779.294,4799.073
2026-09-15 16:00:00,4799.073,4814.055,4793.971,4812.541
2026-09-15 17:00:00,4812.53,4812.53,4790.464,4804.701
2026-09-15 18:00:00,4804.68,4827.434,4802.911,4822.852
2026-09-15 19:00:00,4822.836,4844.566,4819.352,4827.234
2026-09-15 20:00:00,4827.23,4855.264,4825.862,4842.087
2026-09-15 21:00:00,4842.085,4868.287,4839.312,4868.146
2026-09-15 22:00:00,4868.129,4868.746,4855.665,4866.39
2026-09-15 23:00:00,4866.366,4870.555,4852.85,4853.025
2026-09-16 00:00:00,4853.019,4862.573,4848.545,4851.042
2026-09-16 01:00:00,4851.025,4851.025,4839.089,4848.621
2026-09-16 02:00:00,4848.597,4852.014,4833.399,4847.737
2026-09-16 03:00:00,4847.725,4851.342,4835.939,4835.939
2026-09-16 04:00:00,4835.926,4862.843,4819.256,4859.196
2026-09-16 05:00:00,4859.186,4865.679,4853.349,4858.566
2026-09-16 06:00:00,4858.551,4858.551,4835.959,4835.959
2026-09-16 07:00:00,4835.952,4835.952,4811.436,4814.919
2026-09-16 08:00:00,4814.907,4814.907,4790.191,4793.794
2026-09-16 09:00:00,4793.785,4794.748,4768.533,4768.533
2026-09-16 10:00:00,4768.527,4782.657,4757.739,4777.718
2026-09-16 11:00:00,4777.711,4788.603,4771.438,4775.176
2026-09-16 12:00:00,4775.172,4776.459,4761.989,4761.989
2026-09-16 13:00:00,4761.981,4774.076,4754.57,4754.57
2026-09-16 14:00:00,4754.564,4764.67,4748.562,4750.439
2026-09-16 15:00:00,4750.426,4750.426,4733.241,4734.738
2026-09-16 16:00:00,4734.73,4765.529,4733.79,4760.648
2026-09-16 17:00:00,4760.638,4775.528,4759.707,4768.274
2026-09-16 18:00:00,4768.258,4771.845,4753.484,4769.798
2026-09-16 19:00:00,4769.788,4785.742,4766.11,4770.606
2026-09-16 20:00:00,4770.602,4790.73,4768.251,4768.251
2026-09-16 21:00:00,4768.237,4768.237,4748.739,4748.739
