timestamp,open,high,low,close
2025-09-16 19:27:20,2105.145,2133.574,2105.145,2121.359
2025-09-16 20:00:00,2121.366,2159.206,2098.173,2147.21
2025-09-17 00:00:00,2147.231,2187.853,2112.182,2182.351
2025-09-17 04:00:00,2182.368,2201.325,2119.421,2124.862
2025-09-17 08:00:00,2124.881,2144.767,2081.957,2092.703
2025-09-17 12:00:00,2092.734,2113.836,2063.475,2083.523
2025-09-17 16:00:00,2083.561,2107.291,1969.266,1971.249
2025-09-17 20:00:00,1971.266,1973.029,1938.665,1968.349
2025-09-18 00:00:00,1968.369,2011.356,1948.428,1985.524
2025-09-18 04:00:00,1985.53,2001.15,1949.19,1987.87
2025-09-18 08:00:00,1987.878,1996.935,1938.267,1960.067
2025-09-18 12:00:00,1960.109,1966.001,1878.336,1881.509
2025-09-18 16:00:00,1881.543,1945.048,1878.412,1903.932
2025-09-18 20:00:00,1903.939,1979.183,1903.939,1961.572
2025-09-19 00:00:00,1961.587,2008.109,1930.781,1997.538
2025-09-19 04:00:00,1997.545,2043.422,1987.073,2022.091
2025-09-19 08:00:00,2022.1,2063.668,2018.552,2049.838
2025-09-19 12:00:00,2049.855,2132.826,2049.855,2122.676
2025-09-19 16:00:00,2122.711,2138.045,2099.436,2115.099
2025-09-19 20:00:00,2115.109,2156.595,2096.975,2146.437
2025-09-20 00:00:00,2146.45,2164.255,2068.783,2074.223
2025-09-20 04:00:00,2074.267,2077.39,2022.052,2040.533
2025-09-20 08:00:00,2040.539,2046.317,1990.724,2010.629
2025-09-20 12:00:00,2010.659,2012.523,1949.799,1993.852
2025-09-20 16:00:00,1993.883,1996.153,1935.877,1962.622
2025-09-20 20:00:00,1962.639,1996.88,1934.716,1975.901
2025-09-21 00:00:00,1975.947,1989.003,1960.415,1972.631
2025-09-21 04:00:00,1972.652,1982.559,1924.542,1933.14
2025-09-21 08:00:00,1933.148,1969.778,1914.068,1947.416
2025-09-21 12:00:00,1947.446,1957.785,1895.892,1918.582
2025-09-21 16:00:00,1918.618,1982.069,1918.618,1950.146
2025-09-21 20:00:00,1950.146,1957.812,1887.621,1888.727
2025-09-22 00:00:00,1888.752,1910.504,1867.919,1895.379
2025-09-22 04:00:00,1895.402,1979.016,1890.331,1979.016
2025-09-22 08:00:00,1979.018,1982.568,1924.1,1952.726
2025-09-22 12:00:00,1952.727,2001.756,1934.28,1945.979
2025-09-22 16:00:00,1945.993,1976.632,1927.7,1934.442
2025-09-22 20:00:00,1934.448,1944.234,1867.563,1884.605
2025-09-23 00:00:00,1884.627,1906.897,1850.982,1886.233
2025-09-23 04:00:00,1886.239,1895.613,1831.805,1850.173
2025-09-23 08:00:00,1850.177,1864.734,1784.462,1788.211
2025-09-23 12:00:00,1788.218,1845.821,1785.764,1832.426
2025-09-23 16:00:00,1832.437,1845.918,1785.708,1797.957
2025-09-23 20:00:00,1797.988,1868.771,1797.988,1858.124
2025-09-24 00:00:00,1858.134,1877.331,1778.489,1786.659
2025-09-24 04:00:00,1786.691,1799.7,1742.135,1779.7
2025-09-24 08:00:00,1779.724,1868.109,1759.476,1837.908
2025-09-24 12:00:00,1837.91,1843.776,1787.675,1794.19
2025-09-24 16:00:00,1794.197,1805.742,1765.253,1777.056
2025-09-24 20:00:00,1777.07,1786.546,1724.905,1746.829
2025-09-25 00:00:00,1746.837,1814.488,1741.198,1765.345
2025-09-25 04:00:00,1765.37,1783.824,1741.997,1779.957
2025-09-25 08:00:00,1779.984,1796.763,1752.886,1759.177
2025-09-25 12:00:00,1759.194,1805.287,1725.948,1786.996
2025-09-25 16:00:00,1787.024,1803.514,1772.057,1801.13
2025-09-25 20:00:00,1801.142,1812.406,1768.377,1796.12
2025-09-26 00:00:00,1796.139,1816.127,1758.431,1763.132
2025-09-26 04:00:00,1763.134,1807.005,1754.206,1775.296
2025-09-26 08:00:00,1775.3,1793.964,1756.19,1766.369
2025-09-26 12:00:00,1766.383,1814.545,1766.383,1796.641
2025-09-26 16:00:00,1796.654,1806.122,1757.427,1794.069
2025-09-26 20:00:00,1794.093,1817.569,1764.371,1770.837
2025-09-27 00:00:00,1770.85,1795.048,1758.858,1777.055
2025-09-27 04:00:00,1777.06,1782.479,1733.595,1745.773
2025-09-27 08:00:00,1745.774,1792.412,1714.623,1783.746
2025-09-27 12:00:00,1783.754,1818.639,1770.587,1792.496
2025-09-27 16:00:00,1792.503,1826.974,1775.788,1805.074
2025-09-27 20:00:00,1805.086,1833.276,1784.259,1821.495
2025-09-28 00:00:00,1821.519,1866.26,1813.414,1818.172
2025-09-28 04:00:00,1818.182,1835.245,1775.982,1803.017
2025-09-28 08:00:00,1803.049,1806.467,1741.23,1778.382
2025-09-28 12:00:00,1778.393,1817.812,1773.775,1809.871
2025-09-28 16:00:00,1809.896,1845.492,1783.846,1844.587
2025-09-28 20:00:00,1844.599,1897.593,1844.599,1893.714
2025-09-29 00:00:00,1893.73,1984.785,1875.537,1984.785
2025-09-29 04:00:00,1984.829,2013.132,1933.128,1936.349
2025-09-29 08:00:00,1936.362,1957.258,1913.007,1929.846
2025-09-29 12:00:00,1929.877,1930.705,1843.75,1871.31
2025-09-29 16:00:00,1871.312,1881.317,1835.65,1854.526
2025-09-29 20:00:00,1852.287,1888.912,1825.783,1845.188
2025-09-30 00:00:00,1845.195,1891.652,1833.667,1890.599
2025-09-30 04:00:00,1890.61,1902.11,1844.46,1866.673
2025-09-30 08:00:00,1866.682,1939.666,1864.615,1911.276
2025-09-30 12:00:00,1911.301,1958.66,1905.582,1951.571
2025-09-30 16:00:00,1951.577,1988.848,1937.833,1959.362
2025-09-30 20:00:00,1959.392,2020.509,1952.311,2020.15
2025-10-01 00:00:00,2020.157,2021.356,1978.144,1997.202
2025-10-01 04:00:00,1997.231,1998.431,1932.764,1943.535
2025-10-01 08:00:00,1943.551,1995.433,1915.982,1950.394
2025-10-01 12:00:00,1950.417,1960.781,1884.25,1888.758
2025-10-01 16:00:00,1888.758,1897.778,1864.785,1889.751
2025-10-01 20:00:00,1889.76,1915.755,1841.707,1848.263
2025-10-02 00:00:00,1848.278,1877.76,1830.651,1868.609
2025-10-02 04:00:00,1868.632,1911.374,1859.923,1881.654
2025-10-02 08:00:00,1881.666,1896.27,1857.814,1859.358
2025-10-02 12:00:00,1859.381,1910.631,1850.879,1904.509
2025-10-02 16:00:00,1904.532,1960.09,1896.445,1900.687
2025-10-02 20:00:00,1900.705,1923.039,1840.978,1845.093
2025-10-03 00:00:00,1845.101,1853.284,1761.451,1785.724
2025-10-03 04:00:00,1785.737,1815.823,1717.814,1722.346
2025-10-03 08:00:00,1722.355,1744.323,1712.886,1726.181
2025-10-03 12:00:00,1726.21,1735.622,1634.554,1657.362
2025-10-03 16:00:00,1657.362,1713.002,1646.818,1684.522
2025-10-03 20:00:00,1684.536,1709.845,1671.117,1708.088
2025-10-04 00:00:00,1708.092,1724.726,1658.715,1668.311
2025-10-04 04:00:00,1668.311,1680.853,1633.5,1678.65
2025-10-04 08:00:00,1678.658,1688.689,1627.006,1629.923
2025-10-04 12:00:00,1629.939,1631.446,1586.794,1618.032
2025-10-04 16:00:00,1618.042,1660.496,1607.111,1613.831
2025-10-04 20:00:00,1613.843,1627.001,1593.157,1611.841
2025-10-05 00:00:00,1611.85,1688.218,1611.596,1673.902
2025-10-05 04:00:00,1673.919,1676.066,1639.117,1657.967
2025-10-05 08:00:00,1657.976,1664.946,1597.7,1627.522
2025-10-05 12:00:00,1627.542,1648.975,1603.817,1638.687
2025-10-05 16:00:00,1638.692,1638.894,1585.589,1631.953
2025-10-05 20:00:00,1631.955,1665.114,1626.229,1650.896
2025-10-06 00:00:00,1650.934,1680.563,1640.007,1666.493
2025-10-06 04:00:00,1665.808,1771.275,1665.18,1769.755
2025-10-06 08:00:00,1769.766,1782.878,1704.593,1711.503
2025-10-06 12:00:00,1711.531,1736.908,1696.261,1734.749
2025-10-06 16:00:00,1734.765,1742.656,1698.466,1724.774
2025-10-06 20:00:00,1724.775,1734.637,1702.596,1734.637
2025-10-07 00:00:00,1734.664,1781.207,1728.653,1771.069
2025-10-07 04:00:00,1771.079,1814.834,1764.985,1796.169
2025-10-07 08:00:00,1796.191,1796.898,1760.271,1785.975
2025-10-07 12:00:00,1785.977,1787.377,1727.813,1728.766
2025-10-07 16:00:00,1728.789,1784.954,1717.499,1784.954
2025-10-07 20:00:00,1784.97,1848.654,1774.61,1846.609
2025-10-08 00:00:00,1846.631,1881.81,1841.144,1870.881
2025-10-08 04:00:00,1870.899,1876.811,1823.916,1857.766
2025-10-08 08:00:00,1857.778,1873.99,1838.999,1872.633
2025-10-08 12:00:00,1872.648,1937.067,1854.28,1897.526
2025-10-08 16:00:00,1897.546,1939.827,1891.021,1906.276
2025-10-08 20:00:00,1906.283,1935.177,1854.036,1856.05
2025-10-09 00:00:00,1856.065,1856.368,1810.284,1847.505
2025-10-09 04:00:00,1847.527,1870.078,1817.917,1823.071
2025-10-09 08:00:00,1823.089,1838.854,1788.88,1804.439
2025-10-09 12:00:00,1804.46,1895.228,1804.46,1885.865
2025-10-09 16:00:00,1885.883,1945.418,1867.747,1945.418
2025-10-09 20:00:00,1945.432,1956.721,1897.002,1905.589
2025-10-10 00:00:00,1905.593,1946.219,1893.316,1940.759
2025-10-10 04:00:00,1940.759,1993.291,1940.759,1984.917
2025-10-10 08:00:00,1984.935,2074.025,1978.178,2055.969
2025-10-10 12:00:00,2055.991,2101.974,2024.612,2047.625
2025-10-10 16:00:00,2047.634,2051.384,2008.015,2028.158
2025-10-10 20:00:00,2028.169,2074.016,2015.795,2036.139
2025-10-11 00:00:00,2036.149,2068.285,2010.484,2014.405
2025-10-11 04:00:00,2014.418,2078.61,2014.418,2074.825
2025-10-11 08:00:00,2074.836,2153.053,2074.836,2153.053
2025-10-11 12:00:00,2153.089,2168.921,2117.538,2131.231
2025-10-11 16:00:00,2131.248,2150.776,2105.767,2122.433
2025-10-11 20:00:00,2122.467,2136.414,2096.83,2102.151
2025-10-12 00:00:00,2102.156,2148.948,2070.481,2140.892
2025-10-12 04:00:00,2140.906,2217.088,2138.984,2193.843
2025-10-12 08:00:00,2193.867,2242.216,2174.771,2242.216
2025-10-12 12:00:00,2242.237,2269.524,2199.476,2218.183
2025-10-12 16:00:00,2218.201,2219.953,2124.666,2137.769
2025-10-12 20:00:00,2137.772,2187.791,2137.171,2139.141
2025-10-13 00:00:00,2139.158,2198.224,2121.848,2150.808
2025-10-13 04:00:00,2150.836,2157.169,2088.001,2147.668
2025-10-13 08:00:00,2147.678,2193.979,2136.374,2174.907
2025-10-13 12:00:00,2174.912,2177.233,2110.222,2111.283
2025-10-13 16:00:00,2111.314,2116.5,2031.948,2062.242
2025-10-13 20:00:00,2062.253,2100.337,2049.447,2099.027
2025-10-14 00:00:00,2099.032,2143.115,2066.007,2108.239
2025-10-14 04:00:00,2108.257,2126.323,2081.005,2093.914
2025-10-14 08:00:00,2093.925,2174.775,2076.29,2170.166
2025-10-14 12:00:00,2170.193,2240.517,2158.208,2231.718
2025-10-14 16:00:00,2231.749,2272.448,2214.721,2272.448
2025-10-14 20:00:00,2272.464,2307.59,2255.576,2291.6
2025-10-15 00:00:00,2291.612,2299.225,2202.131,2229.887
2025-10-15 04:00:00,2229.918,2243.72,2182.332,2188.506
2025-10-15 08:00:00,2188.528,2221.069,2162.378,2202.2
2025-10-15 12:00:00,2202.22,2214.897,2146.712,2185.816
2025-10-15 16:00:00,2185.831,2188.745,2120.563,2121.061
2025-10-15 20:00:00,2121.068,2131.011,2086.121,2118.216
2025-10-16 00:00:00,2118.219,2161.43,2101.556,2161.43
2025-10-16 04:00:00,2161.467,2203.526,2116.584,2194.296
2025-10-16 08:00:00,2194.338,2202.683,2144.463,2190.422
2025-10-16 12:00:00,2190.456,2212.028,2132.524,2137.338
2025-10-16 16:00:00,2137.35,2214.935,2133.789,2214.935
2025-10-16 20:00:00,2214.945,2259.308,2191.44,2225.355
2025-10-17 00:00:00,2225.367,2231.818,2149.574,2197.284
2025-10-17 04:00:00,2197.311,2206.963,2147.467,2165.674
2025-10-17 08:00:00,2165.692,2228.861,2157.005,2204.179
2025-10-17 12:00:00,2204.229,2274.978,2196.149,2230.547
2025-10-17 16:00:00,2230.549,2257.558,2194.689,2213.08
2025-10-17 20:00:00,2213.081,2256.822,2171.972,2172.574
2025-10-18 00:00:00,2172.593,2221.986,2133.331,2221.986
2025-10-18 04:00:00,2222.002,2234.55,2157.021,2159.761
2025-10-18 08:00:00,2159.78,2177.661,2119.634,2134.68
2025-10-18 12:00:00,2134.681,2159.231,2117.822,2144.24
2025-10-18 16:00:00,2144.247,2153.548,2112.022,2140.449
2025-10-18 20:00:00,2140.471,2146.916,2002.745,2057.511
2025-10-19 00:00:00,2057.525,2101.01,2056.003,2066.685
2025-10-19 04:00:00,2066.693,2097.717,2010.606,2089.842
2025-10-19 08:00:00,2089.88,2092.475,2022.44,2022.785
2025-10-19 12:00:00,2022.818,2090.698,2002.576,2083.823
2025-10-19 16:00:00,2083.836,2098.761,1993.746,2001.554
2025-10-19 20:00:00,2001.583,2041.09,1997.055,2006.836
2025-10-20 00:00:00,2006.859,2036.632,1985.353,2011.324
2025-10-20 04:00:00,2011.342,2014.95,1899.596,1937.17
2025-10-20 08:00:00,1937.177,2000.157,1937.177,1990.23
2025-10-20 12:00:00,1990.234,2033.27,1990.234,2015.592
2025-10-20 16:00:00,2015.614,2073.899,2008.05,2027.835
2025-10-20 20:00:00,2027.879,2028.716,1944.558,1957.695
2025-10-21 00:00:00,1957.701,1983.098,1921.005,1925.162
2025-10-21 04:00:00,1925.184,1964.628,1898.195,1964.628
2025-10-21 08:00:00,1964.64,1978.326,1932.34,1958.416
2025-10-21 12:00:00,1958.427,1974.103,1920.515,1963.036
2025-10-21 16:00:00,1963.042,1964.895,1888.619,1908.336
2025-10-21 20:00:00,1908.346,1921.871,1847.86,1853.356
2025-10-22 00:00:00,1853.357,1901.361,1850.3,1888.955
2025-10-22 04:00:00,1888.98,1953.979,1881.517,1907.368
2025-10-22 08:00:00,1907.372,1910.861,1854.767,1900.721
2025-10-22 12:00:00,1900.757,1914.225,1810.531,1818.205
2025-10-22 16:00:00,1818.229,1835.782,1735.0,1738.202
2025-10-22 20:00:00,1738.21,1791.563,1732.766,1769.375
2025-10-23 00:00:00,1769.375,1807.752,1759.966,1800.178
2025-10-23 04:00:00,1800.18,1809.78,1710.369,1712.419
2025-10-23 08:00:00,1712.429,1809.345,1707.103,1799.947
2025-10-23 12:00:00,1799.984,1825.508,1783.813,1797.724
2025-10-23 16:00:00,1797.779,1859.747,1796.87,1854.685
2025-10-23 20:00:00,1854.728,1858.291,1806.03,1850.928
2025-10-24 00:00:00,1850.945,1893.375,1816.85,1846.246
2025-10-24 04:00:00,1846.251,1868.463,1798.812,1864.554
2025-10-24 08:00:00,1864.558,1923.192,1844.472,1850.914
2025-10-24 12:00:00,1850.921,1871.414,1813.76,1871.414
2025-10-24 16:00:00,1871.446,1872.691,1796.761,1799.169
2025-10-24 20:00:00,1799.187,1853.546,1799.187,1845.946
2025-10-25 00:00:00,1845.946,1901.303,1845.946,1887.686
2025-10-25 04:00:00,1887.7,1893.097,1856.455,1885.997
2025-10-25 08:00:00,1886.004,2003.557,1886.004,1999.091
2025-10-25 12:00:00,1999.128,2044.053,1983.246,2035.52
2025-10-25 16:00:00,2035.53,2072.844,2028.216,2042.073
2025-10-25 20:00:00,2042.108,2075.704,2018.628,2075.704
2025-10-26 00:00:00,2075.739,2101.248,2024.732,2088.512
2025-10-26 04:00:00,2088.529,2099.278,2027.293,2099.278
2025-10-26 08:00:00,2099.289,2114.495,2066.405,2099.467
2025-10-26 12:00:00,2099.476,2128.841,2061.5,2074.891
2025-10-26 16:00:00,2074.901,2098.637,2018.817,2031.3
2025-10-26 20:00:00,2031.321,2061.555,1988.421,1998.13
2025-10-27 00:00:00,1998.161,2045.357,1964.914,2015.187
2025-10-27 04:00:00,2015.191,2037.173,1997.896,2014.979
2025-10-27 08:00:00,2015.005,2064.299,2003.106,2010.221
2025-10-27 12:00:00,2010.23,2034.483,1950.289,1968.726
2025-10-27 16:00:00,1968.743,1983.964,1917.664,1930.049
2025-10-27 20:00:00,1930.05,1938.238,1856.943,1870.16
2025-10-28 00:00:00,1870.198,1885.505,1847.253,1881.718
2025-10-28 04:00:00,1881.721,1963.394,1874.147,1963.394
2025-10-28 08:00:00,1963.404,2020.948,1963.404,2020.948
2025-10-28 12:00:00,2020.948,2069.998,2006.153,2069.998
2025-10-28 16:00:00,2069.998,2115.186,2063.434,2091.37
2025-10-28 20:00:00,2091.391,2102.274,2002.784,2005.342
2025-10-29 00:00:00,2005.347,2025.041,1977.214,2013.347
2025-10-29 04:00:00,2013.381,2060.796,1981.573,2005.397
2025-10-29 08:00:00,2005.407,2041.563,1981.741,2028.747
2025-10-29 12:00:00,2028.783,2102.735,2017.681,2057.021
2025-10-29 16:00:00,2057.046,2070.962,1988.921,1990.67
2025-10-29 20:00:00,1990.701,2011.195,1919.909,1920.565
2025-10-30 00:00:00,1920.598,1943.018,1905.957,1935.314
2025-10-30 04:00:00,1935.328,1943.367,1912.001,1924.67
2025-10-30 08:00:00,1924.673,1925.315,1861.027,1867.646
2025-10-30 12:00:00,1867.649,1880.283,1832.859,1858.813
2025-10-30 16:00:00,1858.847,1864.806,1812.483,1851.404
2025-10-30 20:00:00,1851.412,1888.856,1848.048,1863.339
2025-10-31 00:00:00,1863.351,1867.315,1821.956,1850.098
2025-10-31 04:00:00,1850.116,1871.812,1817.425,1818.078
2025-10-31 08:00:00,1818.09,1847.722,1802.558,1812.228
2025-10-31 12:00:00,1812.266,1852.582,1812.266,1829.748
2025-10-31 16:00:00,1829.748,1880.793,1828.364,1880.793
2025-10-31 20:00:00,1880.814,1897.801,1829.701,1835.075
2025-11-01 00:00:00,1835.083,1840.726,1791.181,1800.812
2025-11-01 04:00:00,1800.825,1808.924,1700.872,1701.611
2025-11-01 08:00:00,1701.617,1714.83,1657.648,1667.672
2025-11-01 12:00:00,1667.704,1670.626,1604.228,1641.541
2025-11-01 16:00:00,1641.542,1671.184,1635.455,1640.4
2025-11-01 20:00:00,1640.411,1650.869,1604.709,1607.961
2025-11-02 00:00:00,1607.98,1650.725,1575.365,1650.725
2025-11-02 04:00:00,1650.725,1670.218,1624.947,1661.306
2025-11-02 08:00:00,1661.347,1698.926,1634.269,1698.926
2025-11-02 12:00:00,1698.934,1736.95,1665.307,1677.279
2025-11-02 16:00:00,1677.325,1705.513,1676.405,1695.375
2025-11-02 20:00:00,1695.38,1697.744,1649.572,1657.387
2025-11-03 00:00:00,1657.39,1701.582,1633.279,1686.934
2025-11-03 04:00:00,1686.937,1701.535,1663.399,1686.593
2025-11-03 08:00:00,1686.596,1688.214,1618.055,1642.35
2025-11-03 12:00:00,1642.376,1666.066,1617.493,1623.363
2025-11-03 16:00:00,1623.378,1650.062,1590.838,1591.073
2025-11-03 20:00:00,1591.087,1627.951,1580.198,1613.237
2025-11-04 00:00:00,1613.246,1640.352,1591.529,1621.109
2025-11-04 04:00:00,1621.114,1632.118,1572.454,1583.58
2025-11-04 08:00:00,1583.595,1591.441,1551.187,1555.095
2025-11-04 12:00:00,1555.106,1581.156,1535.552,1567.336
2025-11-04 16:00:00,1567.34,1594.166,1544.664,1563.305
2025-11-04 20:00:00,1563.309,1569.535,1512.114,1519.363
2025-11-05 00:00:00,1519.373,1522.197,1482.174,1492.883
2025-11-05 04:00:00,1492.895,1522.348,1446.733,1454.479
2025-11-05 08:00:00,1454.49,1484.399,1443.925,1459.973
2025-11-05 12:00:00,1459.978,1469.357,1395.493,1420.169
2025-11-05 16:00:00,1420.191,1446.734,1413.06,1419.621
2025-11-05 20:00:00,1419.625,1423.644,1356.826,1378.276
2025-11-06 00:00:00,1378.285,1394.416,1366.432,1374.332
2025-11-06 04:00:00,1374.353,1405.965,1367.369,1384.178
2025-11-06 08:00:00,1384.182,1395.136,1341.662,1351.828
2025-11-06 12:00:00,1351.836,1352.379,1324.961,1334.741
2025-11-06 16:00:00,1334.744,1362.298,1308.456,1309.247
2025-11-06 20:00:00,1309.253,1327.025,1292.776,1301.888
2025-11-07 00:00:00,1301.901,1315.148,1252.778,1270.835
2025-11-07 04:00:00,1270.842,1283.429,1259.453,1267.988
2025-11-07 08:00:00,1267.988,1302.163,1259.324,1302.163
2025-11-07 12:00:00,1302.169,1338.523,1302.169,1305.848
2025-11-07 16:00:00,1305.855,1324.799,1289.417,1318.023
2025-11-07 20:00:00,1318.032,1327.768,1290.769,1315.55
2025-11-08 00:00:00,1315.553,1344.133,1307.465,1339.044
2025-11-08 04:00:00,1339.077,1339.395,1261.389,1263.707
2025-11-08 08:00:00,1263.71,1266.284,1203.541,1204.186
2025-11-08 12:00:00,1204.195,1234.038,1198.958,1201.328
2025-11-08 16:00:00,1201.328,1211.987,1177.281,1193.008
2025-11-08 20:00:00,1193.025,1195.181,1160.079,1171.174
2025-11-09 00:00:00,1171.192,1172.762,1108.216,1112.286
2025-11-09 04:00:00,1112.294,1120.918,1077.81,1083.266
2025-11-09 08:00:00,1083.285,1119.103,1080.491,1110.659
2025-11-09 12:00:00,1110.668,1112.417,1069.748,1081.84
2025-11-09 16:00:00,1081.85,1091.944,1040.762,1046.409
2025-11-09 20:00:00,1046.414,1059.752,1019.251,1027.856
2025-11-10 00:00:00,1027.866,1037.068,1001.286,1007.99
2025-11-10 04:00:00,1007.996,1012.572,980.725,991.456
2025-11-10 08:00:00,991.468,991.884,914.485,921.527
2025-11-10 12:00:00,921.54,947.595,917.738,936.613
2025-11-10 16:00:00,936.614,942.956,916.071,920.933
2025-11-10 20:00:00,920.937,921.922,889.892,906.805
2025-11-11 00:00:00,906.817,931.442,906.817,917.402
2025-11-11 04:00:00,913.011,923.564,895.049,921.3
2025-11-11 08:00:00,921.32,941.885,908.647,913.819
2025-11-11 12:00:00,913.831,944.233,908.545,944.233
2025-11-11 16:00:00,944.242,956.258,914.705,936.892
2025-11-11 20:00:00,936.9,953.139,934.717,941.244
2025-11-12 00:00:00,941.247,952.306,926.396,934.498
2025-11-12 04:00:00,934.501,957.695,929.515,954.927
2025-11-12 08:00:00,954.932,988.727,951.231,984.318
2025-11-12 12:00:00,984.319,985.544,940.131,949.615
2025-11-12 16:00:00,949.635,957.261,908.118,911.606
2025-11-12 20:00:00,911.607,933.123,908.384,922.679
2025-11-13 00:00:00,922.687,936.302,914.572,933.364
2025-11-13 04:00:00,933.376,966.967,933.376,964.891
2025-11-13 08:00:00,964.902,981.558,950.911,958.99
2025-11-13 12:00:00,958.995,995.61,950.038,995.61
2025-11-13 16:00:00,995.615,1019.294,981.643,987.919
2025-11-13 20:00:00,987.927,992.732,977.432,990.787
2025-11-14 00:00:00,990.788,1004.783,973.653,998.448
2025-11-14 04:00:00,998.474,1007.43,976.54,985.72
2025-11-14 08:00:00,985.727,997.888,977.827,990.349
2025-11-14 12:00:00,990.365,1015.097,990.365,1008.127
2025-11-14 16:00:00,1008.14,1022.528,999.543,1005.122
2025-11-14 20:00:00,1005.132,1011.45,972.787,994.237
2025-11-15 00:00:00,994.247,1013.13,990.394,999.552
2025-11-15 04:00:00,999.58,1004.813,968.472,977.976
2025-11-15 08:00:00,977.994,990.686,965.907,979.792
2025-11-15 12:00:00,979.797,981.506,931.377,953.756
2025-11-15 16:00:00,953.767,977.355,942.427,974.995
2025-11-15 20:00:00,974.997,977.065,946.061,957.88
2025-11-16 00:00:00,957.887,978.81,923.7,928.75
2025-11-16 04:00:00,928.751,940.072,915.339,927.151
2025-11-16 08:00:00,927.161,946.805,922.769,941.342
2025-11-16 12:00:00,941.344,968.842,932.097,964.912
2025-11-16 16:00:00,964.927,974.184,929.594,942.855
2025-11-16 20:00:00,942.856,960.96,930.114,937.021
2025-11-17 00:00:00,937.027,952.886,906.567,910.62
2025-11-17 04:00:00,910.624,942.245,904.49,928.341
2025-11-17 08:00:00,928.345,930.304,886.985,895.221
2025-11-17 12:00:00,895.223,897.937,855.444,864.286
2025-11-17 16:00:00,864.298,875.317,851.78,855.047
2025-11-17 20:00:00,855.052,856.003,827.14,845.347
2025-11-18 00:00:00,845.354,879.135,833.844,879.135
2025-11-18 04:00:00,879.136,896.362,864.778,875.856
2025-11-18 08:00:00,875.859,898.165,868.102,870.226
2025-11-18 12:00:00,870.23,881.642,846.685,857.07
2025-11-18 16:00:00,857.075,883.736,842.585,869.398
2025-11-18 20:00:00,869.409,873.917,859.524,859.964
2025-11-19 00:00:00,859.968,870.935,827.726,829.424
2025-11-19 04:00:00,829.432,842.022,809.258,819.856
2025-11-19 08:00:00,819.859,838.803,814.847,833.439
2025-11-19 12:00:00,833.44,844.124,811.765,836.516
2025-11-19 16:00:00,836.526,840.248,813.762,816.464
2025-11-19 20:00:00,816.472,847.541,816.338,847.541
2025-11-20 00:00:00,847.552,849.654,810.506,821.01
2025-11-20 04:00:00,821.012,834.295,815.997,834.079
2025-11-20 08:00:00,834.085,843.054,825.116,843.054
2025-11-20 12:00:00,843.058,861.133,833.088,857.05
2025-11-20 16:00:00,857.052,905.238,852.473,898.203
2025-11-20 20:00:00,898.205,937.247,898.13,937.247
2025-11-21 00:00:00,937.248,939.116,906.604,935.331
2025-11-21 04:00:00,935.343,952.25,916.83,929.686
2025-11-21 08:00:00,929.688,943.604,923.55,926.303
2025-11-21 12:00:00,926.316,952.908,926.316,945.89
2025-11-21 16:00:00,945.892,973.257,945.609,948.936
2025-11-21 20:00:00,948.939,963.746,926.601,931.776
2025-11-22 00:00:00,931.782,933.54,898.96,901.638
2025-11-22 04:00:00,901.663,943.845,900.518,940.372
2025-11-22 08:00:00,940.382,945.378,921.418,940.077
2025-11-22 12:00:00,940.09,955.546,934.453,951.551
2025-11-22 16:00:00,951.562,954.762,871.124,892.714
2025-11-22 20:00:00,892.718,921.836,888.509,910.424
2025-11-23 00:00:00,910.43,911.167,887.307,897.491
2025-11-23 04:00:00,897.493,901.269,865.634,867.817
2025-11-23 08:00:00,867.818,895.674,863.698,888.864
2025-11-23 12:00:00,888.865,889.708,867.461,868.197
2025-11-23 16:00:00,868.21,891.783,868.21,887.304
2025-11-23 20:00:00,887.321,895.583,873.988,885.931
2025-11-24 00:00:00,885.945,890.389,866.97,868.528
2025-11-24 04:00:00,868.528,900.669,868.528,897.792
2025-11-24 08:00:00,897.807,925.203,893.888,906.424
2025-11-24 12:00:00,906.442,929.328,894.91,910.834
2025-11-24 16:00:00,910.848,939.849,910.848,939.849
2025-11-24 20:00:00,939.85,967.743,939.591,962.354
2025-11-25 00:00:00,962.361,1001.617,960.993,995.65
2025-11-25 04:00:00,995.671,1020.455,984.442,996.269
2025-11-25 08:00:00,996.28,1019.351,985.051,1012.407
2025-11-25 12:00:00,1012.418,1019.498,986.906,1016.59
2025-11-25 16:00:00,1016.591,1053.81,1016.425,1021.697
2025-11-25 20:00:00,1021.718,1044.747,1008.992,1034.465
2025-11-26 00:00:00,1034.469,1047.696,1002.772,1002.985
2025-11-26 04:00:00,1003.0,1003.827,973.259,978.814
2025-11-26 08:00:00,978.815,1012.371,978.815,997.753
2025-11-26 12:00:00,997.764,1021.071,994.312,1015.57
2025-11-26 16:00:00,1015.583,1037.576,1006.556,1017.531
2025-11-26 20:00:00,1017.535,1041.302,999.028,1005.209
2025-11-27 00:00:00,1005.214,1011.509,968.768,971.411
2025-11-27 04:00:00,971.418,991.1,963.313,983.787
2025-11-27 08:00:00,983.79,985.987,963.793,969.639
2025-11-27 12:00:00,969.651,973.546,945.705,960.266
2025-11-27 16:00:00,960.274,962.193,928.634,945.105
2025-11-27 20:00:00,945.106,953.698,927.97,945.011
2025-11-28 00:00:00,945.021,954.253,924.459,935.832
2025-11-28 04:00:00,935.846,939.957,916.704,938.734
2025-11-28 08:00:00,938.75,962.986,929.788,962.986
2025-11-28 12:00:00,963.0,985.547,948.303,960.071
2025-11-28 16:00:00,960.081,967.74,939.0,945.922
2025-11-28 20:00:00,945.924,967.27,942.055,943.872
2025-11-29 00:00:00,943.888,949.649,907.494,925.788
2025-11-29 04:00:00,925.791,925.928,891.217,900.721
2025-11-29 08:00:00,900.737,919.099,898.171,913.304
2025-11-29 12:00:00,913.315,921.6,891.505,912.735
2025-11-29 16:00:00,912.749,933.83,908.609,930.847
2025-11-29 20:00:00,930.848,949.462,917.496,949.253
2025-11-30 00:00:00,949.256,985.705,949.256,982.823
2025-11-30 04:00:00,982.846,993.626,951.696,956.149
2025-11-30 08:00:00,956.152,967.015,934.266,967.015
2025-11-30 12:00:00,967.026,1000.547,947.762,994.703
2025-11-30 16:00:00,994.709,1022.052,993.87,1001.539
2025-11-30 20:00:00,1001.542,1028.969,1000.691,1013.921
2025-12-01 00:00:00,1013.932,1037.883,1009.535,1037.883
2025-12-01 04:00:00,1037.896,1055.154,1016.71,1055.154
2025-12-01 08:00:00,1055.154,1066.553,1043.65,1064.59
2025-12-01 12:00:00,1064.599,1072.98,1052.986,1064.777
2025-12-01 16:00:00,1064.782,1070.561,1027.595,1029.776
2025-12-01 20:00:00,1029.778,1060.388,1022.913,1060.388
2025-12-02 00:00:00,1060.39,1068.695,1045.051,1050.828
2025-12-02 04:00:00,1050.83,1073.116,1050.83,1062.871
2025-12-02 08:00:00,1062.881,1066.319,1041.962,1053.75
2025-12-02 12:00:00,1053.761,1066.854,1042.594,1053.711
2025-12-02 16:00:00,1053.72,1069.648,1044.188,1053.788
2025-12-02 20:00:00,1053.794,1063.195,1033.944,1044.763
2025-12-03 00:00:00,1044.769,1056.427,1028.788,1043.012
2025-12-03 04:00:00,1043.026,1089.639,1043.026,1073.204
2025-12-03 08:00:00,1073.208,1083.728,1059.806,1062.997
2025-12-03 12:00:00,1062.998,1108.614,1062.998,1087.518
2025-12-03 16:00:00,1087.551,1165.258,1083.772,1149.56
2025-12-03 20:00:00,1149.564,1185.781,1146.653,1182.649
2025-12-04 00:00:00,1182.651,1213.99,1180.543,1199.899
2025-12-04 04:00:00,1199.899,1243.648,1190.028,1243.648
2025-12-04 08:00:00,1243.669,1267.408,1229.341,1242.566
2025-12-04 12:00:00,1242.575,1256.326,1220.477,1251.9
2025-12-04 16:00:00,1251.92,1270.808,1223.395,1270.808
2025-12-04 20:00:00,1270.813,1291.198,1264.458,1291.198
2025-12-05 00:00:00,1291.215,1301.945,1270.523,1296.766
2025-12-05 04:00:00,1296.794,1341.745,1289.378,1334.578
2025-12-05 08:00:00,1334.595,1335.085,1294.141,1314.174
2025-12-05 12:00:00,1314.188,1331.981,1296.067,1331.981
2025-12-05 16:00:00,1331.985,1346.662,1285.733,1303.357
2025-12-05 20:00:00,1303.357,1317.182,1278.704,1300.077
2025-12-06 00:00:00,1300.081,1321.304,1282.65,1296.162
2025-12-06 04:00:00,1296.195,1298.259,1242.827,1277.35
2025-12-06 08:00:00,1277.355,1315.785,1256.363,1310.728
2025-12-06 12:00:00,1310.743,1357.186,1302.373,1356.769
2025-12-06 16:00:00,1356.785,1373.129,1328.736,1349.672
2025-12-06 20:00:00,1349.677,1350.76,1276.719,1277.906
2025-12-07 00:00:00,1277.924,1328.706,1277.463,1319.637
2025-12-07 04:00:00,1319.641,1352.048,1317.082,1336.536
2025-12-07 08:00:00,1336.557,1345.67,1313.801,1332.626
2025-12-07 12:00:00,1332.641,1342.773,1298.306,1338.508
2025-12-07 16:00:00,1338.517,1348.843,1319.065,1338.207
2025-12-07 20:00:00,1338.209,1344.368,1289.206,1296.631
2025-12-08 00:00:00,1296.648,1299.681,1224.895,1240.259
2025-12-08 04:00:00,1240.27,1272.469,1237.965,1272.469
2025-12-08 08:00:00,1272.474,1280.196,1207.557,1210.065
2025-12-08 12:00:00,1210.079,1220.901,1193.697,1207.019
2025-12-08 16:00:00,1207.029,1240.629,1194.501,1237.663
2025-12-08 20:00:00,1237.671,1273.84,1222.005,1258.516
2025-12-09 00:00:00,1258.518,1275.5,1244.139,1275.5
2025-12-09 04:00:00,1275.514,1285.577,1253.248,1278.186
2025-12-09 08:00:00,1278.199,1288.349,1261.871,1274.17
2025-12-09 12:00:00,1274.189,1279.026,1208.546,1213.715
2025-12-09 16:00:00,1213.715,1249.328,1213.715,1219.207
2025-12-09 20:00:00,1219.209,1231.13,1202.814,1216.293
2025-12-10 00:00:00,1216.295,1256.989,1205.726,1251.965
2025-12-10 04:00:00,1251.969,1276.464,1241.858,1263.871
2025-12-10 08:00:00,1263.88,1271.762,1245.761,1256.549
2025-12-10 12:00:00,1256.549,1305.075,1245.077,1300.191
2025-12-10 16:00:00,1300.195,1304.402,1271.917,1288.166
2025-12-10 20:00:00,1288.169,1288.814,1248.623,1250.365
2025-12-11 00:00:00,1250.371,1305.949,1250.371,1289.906
2025-12-11 04:00:00,1289.913,1297.132,1267.63,1297.132
2025-12-11 08:00:00,1297.143,1325.58,1271.179,1316.27
2025-12-11 12:00:00,1316.294,1361.543,1306.891,1361.543
2025-12-11 16:00:00,1361.557,1368.073,1328.802,1354.816
2025-12-11 20:00:00,1354.821,1402.656,1349.187,1382.394
2025-12-12 00:00:00,1382.396,1390.707,1341.195,1353.365
2025-12-12 04:00:00,1353.381,1372.398,1339.501,1352.317
2025-12-12 08:00:00,1352.326,1367.871,1327.578,1330.467
2025-12-12 12:00:00,1330.48,1368.03,1313.936,1368.03
2025-12-12 16:00:00,1368.037,1371.363,1338.929,1360.675
2025-12-12 20:00:00,1360.676,1402.113,1354.464,1401.762
2025-12-13 00:00:00,1401.8,1440.692,1395.76,1428.842
2025-12-13 04:00:00,1428.862,1490.734,1424.827,1490.734
2025-12-13 08:00:00,1490.754,1511.789,1479.672,1497.052
2025-12-13 12:00:00,1497.053,1520.984,1474.134,1503.0
2025-12-13 16:00:00,1503.008,1530.62,1489.397,1499.805
2025-12-13 20:00:00,1499.82,1523.548,1477.848,1507.228
2025-12-14 00:00:00,1507.239,1521.612,1476.294,1498.025
2025-12-14 04:00:00,1498.051,1502.35,1425.341,1446.364
2025-12-14 08:00:00,1446.365,1467.159,1438.683,1455.959
2025-12-14 12:00:00,1455.963,1480.749,1443.076,1455.822
2025-12-14 16:00:00,1455.83,1469.31,1433.726,1458.971
2025-12-14 20:00:00,1458.988,1554.141,1456.326,1549.988
2025-12-15 00:00:00,1550.003,1614.218,1550.003,1606.127
2025-12-15 04:00:00,1606.151,1606.919,1553.067,1561.463
2025-12-15 08:00:00,1561.49,1583.569,1545.29,1579.301
2025-12-15 12:00:00,1579.31,1614.254,1554.513,1612.68
2025-12-15 16:00:00,1612.688,1627.882,1592.483,1593.208
2025-12-15 20:00:00,1593.227,1601.126,1539.731,1552.203
2025-12-16 00:00:00,1552.216,1554.857,1498.588,1523.994
2025-12-16 04:00:00,1523.999,1560.016,1522.071,1538.903
2025-12-16 08:00:00,1538.906,1554.122,1511.454,1548.085
2025-12-16 12:00:00,1548.09,1572.389,1525.652,1572.389
2025-12-16 16:00:00,1572.4,1636.456,1572.4,1615.732
2025-12-16 20:00:00,1615.732,1641.269,1609.055,1632.705
2025-12-17 00:00:00,1632.715,1698.414,1632.715,1676.28
2025-12-17 04:00:00,1676.312,1750.987,1670.784,1749.021
2025-12-17 08:00:00,1749.036,1772.729,1692.973,1715.912
2025-12-17 12:00:00,1715.936,1750.289,1707.576,1728.816
2025-12-17 16:00:00,1728.827,1782.819,1715.332,1776.712
2025-12-17 20:00:00,1776.729,1798.088,1765.226,1796.123
2025-12-18 00:00:00,1796.129,1812.207,1764.205,1768.75
2025-12-18 04:00:00,1768.792,1800.303,1739.178,1739.699
2025-12-18 08:00:00,1739.728,1773.505,1724.059,1738.893
2025-12-18 12:00:00,1738.898,1755.45,1670.101,1697.605
2025-12-18 16:00:00,1697.621,1699.869,1637.504,1644.434
2025-12-18 20:00:00,1644.448,1690.544,1642.944,1678.636
2025-12-19 00:00:00,1678.637,1718.293,1649.715,1710.755
2025-12-19 04:00:00,1710.771,1736.629,1662.704,1716.533
2025-12-19 08:00:00,1716.545,1725.205,1619.778,1633.82
2025-12-19 12:00:00,1633.83,1642.235,1590.023,1642.235
2025-12-19 16:00:00,1642.264,1655.419,1610.664,1649.694
2025-12-19 20:00:00,1649.698,1724.037,1643.709,1715.915
2025-12-20 00:00:00,1715.941,1775.302,1713.941,1771.008
2025-12-20 04:00:00,1771.014,1787.369,1682.531,1719.228
2025-12-20 08:00:00,1719.236,1727.542,1677.595,1683.375
2025-12-20 12:00:00,1683.398,1743.968,1683.398,1731.968
2025-12-20 16:00:00,1731.976,1740.777,1689.653,1700.291
2025-12-20 20:00:00,1700.314,1756.541,1699.216,1719.39
2025-12-21 00:00:00,1719.399,1747.216,1637.986,1643.58
2025-12-21 04:00:00,1643.589,1643.875,1597.616,1613.533
2025-12-21 08:00:00,1613.545,1624.049,1564.294,1573.546
2025-12-21 12:00:00,1573.55,1579.858,1546.862,1578.683
2025-12-21 16:00:00,1578.686,1614.591,1568.318,1612.43
2025-12-21 20:00:00,1612.443,1639.097,1612.443,1636.584
2025-12-22 00:00:00,1636.608,1645.593,1604.141,1630.459
2025-12-22 04:00:00,1630.462,1657.444,1586.552,1636.735
2025-12-22 08:00:00,1636.749,1662.413,1591.96,1620.27
2025-12-22 12:00:00,1620.271,1631.451,1581.066,1629.313
2025-12-22 16:00:00,1629.327,1684.794,1628.209,1678.501
2025-12-22 20:00:00,1678.512,1689.176,1635.49,1683.468
2025-12-23 00:00:00,1683.47,1702.767,1658.504,1678.777
2025-12-23 04:00:00,1678.783,1679.64,1626.011,1652.218
2025-12-23 08:00:00,1652.219,1661.649,1597.273,1611.759
2025-12-23 12:00:00,1611.778,1675.238,1608.628,1671.57
2025-12-23 16:00:00,1671.598,1743.981,1668.101,1723.112
2025-12-23 20:00:00,1723.117,1724.578,1686.738,1692.421
2025-12-24 00:00:00,1692.429,1728.988,1678.56,1728.988
2025-12-24 04:00:00,1728.994,1741.365,1702.076,1729.508
2025-12-24 08:00:00,1729.523,1790.562,1704.464,1790.562
2025-12-24 12:00:00,1790.571,1824.493,1778.407,1801.264
2025-12-24 16:00:00,1801.295,1815.088,1705.103,1720.887
2025-12-24 20:00:00,1720.887,1744.379,1645.506,1657.807
2025-12-25 00:00:00,1657.81,1704.682,1657.758,1696.31
2025-12-25 04:00:00,1696.317,1703.084,1630.335,1633.394
2025-12-25 08:00:00,1633.399,1677.603,1633.399,1649.926
2025-12-25 12:00:00,1649.945,1695.605,1649.945,1695.605
2025-12-25 16:00:00,1695.611,1744.218,1695.611,1727.799
2025-12-25 20:00:00,1727.817,1792.704,1716.661,1792.704
2025-12-26 00:00:00,1792.714,1859.711,1778.524,1848.971
2025-12-26 04:00:00,1848.975,1897.576,1843.895,1866.404
2025-12-26 08:00:00,1866.412,1871.417,1836.364,1843.476
2025-12-26 12:00:00,1843.488,1866.698,1819.662,1839.395
2025-12-26 16:00:00,1839.412,1876.443,1820.416,1875.563
2025-12-26 20:00:00,1875.573,1940.528,1865.329,1940.528
2025-12-27 00:00:00,1940.544,1948.912,1864.665,1866.894
2025-12-27 04:00:00,1866.924,1905.47,1834.193,1858.508
2025-12-27 08:00:00,1858.519,1864.991,1799.917,1815.477
2025-12-27 12:00:00,1815.502,1818.786,1751.231,1782.129
2025-12-27 16:00:00,1782.137,1790.738,1717.843,1750.629
2025-12-27 20:00:00,1750.657,1824.313,1749.21,1813.58
2025-12-28 00:00:00,1813.614,1847.559,1774.58,1838.695
2025-12-28 04:00:00,1838.726,1949.197,1826.232,1917.289
2025-12-28 08:00:00,1917.311,1942.75,1883.148,1916.378
2025-12-28 12:00:00,1916.401,1933.254,1880.19,1895.457
2025-12-28 16:00:00,1895.46,1920.753,1835.21,1841.093
2025-12-28 20:00:00,1841.098,1877.885,1815.086,1817.559
2025-12-29 00:00:00,1817.58,1848.928,1781.86,1808.444
2025-12-29 04:00:00,1808.455,1827.552,1786.779,1814.987
2025-12-29 08:00:00,1815.01,1826.692,1719.89,1754.976
2025-12-29 12:00:00,1754.978,1813.368,1754.978,1813.368
2025-12-29 16:00:00,1813.4,1843.072,1800.524,1828.274
2025-12-29 20:00:00,1828.303,1880.296,1828.303,1855.683
2025-12-30 00:00:00,1855.684,1890.149,1850.321,1874.804
2025-12-30 04:00:00,1874.84,1961.53,1870.886,1942.807
2025-12-30 08:00:00,1942.809,2027.587,1921.727,2027.587
2025-12-30 12:00:00,2027.596,2083.144,2016.664,2075.117
2025-12-30 16:00:00,2075.134,2100.698,2025.84,2057.468
2025-12-30 20:00:00,2057.49,2079.417,1997.364,1998.153
2025-12-31 00:00:00,1998.17,2014.46,1976.749,2000.461
2025-12-31 04:00:00,2000.464,2020.179,1974.493,1976.025
2025-12-31 08:00:00,1976.038,1981.191,1917.792,1936.418
2025-12-31 12:00:00,1936.448,1972.802,1925.761,1967.808
2025-12-31 16:00:00,1967.826,1995.245,1919.661,1939.849
2025-12-31 20:00:00,1939.853,1971.066,1922.142,1951.144
2026-01-01 00:00:00,1951.161,1992.33,1946.252,1992.33
2026-01-01 04:00:00,1992.371,2029.6,1988.549,2013.761
2026-01-01 08:00:00,2013.766,2081.513,2013.766,2074.499
2026-01-01 12:00:00,2074.531,2127.565,2049.559,2127.565
2026-01-01 16:00:00,2127.583,2154.361,2101.021,2123.49
2026-01-01 20:00:00,2123.51,2172.042,2114.798,2142.09
2026-01-02 00:00:00,2142.099,2159.521,2117.026,2140.209
2026-01-02 04:00:00,2140.244,2186.0,2128.034,2155.216
2026-01-02 08:00:00,2155.227,2207.713,2136.108,2166.416
2026-01-02 12:00:00,2166.459,2236.077,2166.459,2214.956
2026-01-02 16:00:00,2214.98,2223.841,2169.14,2182.091
2026-01-02 20:00:00,2182.129,2187.767,2098.274,2110.973
2026-01-03 00:00:00,2110.978,2144.391,2065.755,2068.207
2026-01-03 04:00:00,2068.239,2114.716,2056.272,2071.256
2026-01-03 08:00:00,2071.276,2090.458,2029.368,2081.5
2026-01-03 12:00:00,2081.529,2098.486,2038.959,2050.747
2026-01-03 16:00:00,2050.753,2057.907,2001.018,2047.084
2026-01-03 20:00:00,2037.548,2081.678,2023.129,2081.678
2026-01-04 00:00:00,2081.696,2082.661,1970.322,2002.745
2026-01-04 04:00:00,2002.755,2022.618,1970.262,1989.27
2026-01-04 08:00:00,1989.292,2016.929,1968.848,2013.594
2026-01-04 12:00:00,2013.614,2035.068,1975.948,1995.181
2026-01-04 16:00:00,1995.205,2082.164,1992.546,2079.858
2026-01-04 20:00:00,2079.878,2100.52,2022.566,2034.336
2026-01-05 00:00:00,2034.368,2037.742,1999.137,2028.585
2026-01-05 04:00:00,2028.601,2042.638,1996.64,2031.027
2026-01-05 08:00:00,2031.045,2042.402,1991.697,2009.822
2026-01-05 12:00:00,2009.831,2047.405,1996.118,2015.655
2026-01-05 16:00:00,2015.663,2037.884,1971.89,2000.975
2026-01-05 20:00:00,2000.997,2031.529,1972.454,2025.636
2026-01-06 00:00:00,2025.641,2039.127,1998.616,2027.449
2026-01-06 04:00:00,2027.463,2070.905,1989.091,2069.11
2026-01-06 08:00:00,2069.147,2085.584,2009.319,2013.882
2026-01-06 12:00:00,2013.882,2059.723,2013.882,2059.723
2026-01-06 16:00:00,2059.736,2071.494,1962.026,1974.69
2026-01-06 20:00:00,1974.717,2031.234,1972.487,2024.728
2026-01-07 00:00:00,2024.745,2053.227,2001.41,2035.307
2026-01-07 04:00:00,2035.323,2097.004,2010.345,2092.121
2026-01-07 08:00:00,2092.122,2177.385,2092.122,2175.676
2026-01-07 12:00:00,2175.703,2211.604,2133.636,2186.445
2026-01-07 16:00:00,2186.457,2198.744,2143.832,2168.937
2026-01-07 20:00:00,2168.988,2176.507,2104.457,2115.812
2026-01-08 00:00:00,2115.836,2163.037,2099.858,2154.516
2026-01-08 04:00:00,2154.56,2162.764,2056.067,2094.417
2026-01-08 08:00:00,2094.441,2147.355,2075.155,2147.355
2026-01-08 12:00:00,2147.357,2217.523,2140.017,2177.985
2026-01-08 16:00:00,2177.988,2200.095,2100.012,2108.012
2026-01-08 20:00:00,2108.017,2116.72,2047.051,2073.928
2026-01-09 00:00:00,2073.97,2086.835,1994.854,1999.148
2026-01-09 04:00:00,1999.162,2038.186,1990.73,1997.911
2026-01-09 08:00:00,1997.947,2022.29,1970.295,1992.251
2026-01-09 12:00:00,1992.254,1992.283,1921.687,1945.139
2026-01-09 16:00:00,1945.146,1998.718,1935.989,1970.508
2026-01-09 20:00:00,1970.539,2023.466,1895.872,1903.521
2026-01-10 00:00:00,1903.537,1930.786,1880.947,1928.027
2026-01-10 04:00:00,1928.044,1955.792,1893.011,1913.303
2026-01-10 08:00:00,1913.317,1933.31,1879.746,1901.511
2026-01-10 12:00:00,1901.544,1922.802,1866.663,1886.716
2026-01-10 16:00:00,1886.755,1916.113,1870.945,1880.795
2026-01-10 20:00:00,1880.816,1926.694,1873.35,1886.697
2026-01-11 00:00:00,1886.707,1943.785,1872.934,1943.785
2026-01-11 04:00:00,1943.805,2011.406,1942.795,1961.852
2026-01-11 08:00:00,1961.871,1968.761,1927.569,1946.244
2026-01-11 12:00:00,1946.246,1951.401,1887.518,1897.099
2026-01-11 16:00:00,1897.121,1939.756,1863.432,1921.735
2026-01-11 20:00:00,1921.762,1937.185,1869.95,1872.955
2026-01-12 00:00:00,1872.988,1885.526,1835.685,1866.169
2026-01-12 04:00:00,1866.181,1887.223,1811.176,1828.031
2026-01-12 08:00:00,1828.048,1902.592,1802.712,1883.33
2026-01-12 12:00:00,1883.357,1895.032,1832.69,1847.163
2026-01-12 16:00:00,1847.177,1851.642,1797.513,1844.266
2026-01-12 20:00:00,1844.276,1849.296,1771.974,1818.556
2026-01-13 00:00:00,1818.579,1835.056,1765.663,1769.9
2026-01-13 04:00:00,1769.925,1777.053,1728.097,1754.916
2026-01-13 08:00:00,1754.951,1817.325,1748.591,1794.695
2026-01-13 12:00:00,1794.707,1796.818,1753.961,1760.767
2026-01-13 16:00:00,1760.787,1767.612,1682.421,1695.951
2026-01-13 20:00:00,1695.953,1762.326,1695.953,1742.762
2026-01-14 00:00:00,1742.765,1744.885,1657.848,1659.638
2026-01-14 04:00:00,1659.652,1707.716,1656.987,1688.076
2026-01-14 08:00:00,1688.08,1736.972,1682.835,1714.062
2026-01-14 12:00:00,1714.086,1727.219,1689.004,1709.329
2026-01-14 16:00:00,1709.331,1736.19,1684.904,1717.086
2026-01-14 20:00:00,1717.105,1775.269,1709.785,1761.594
2026-01-15 00:00:00,1761.607,1776.21,1730.061,1756.628
2026-01-15 04:00:00,1756.633,1765.913,1662.047,1670.137
2026-01-15 08:00:00,1670.159,1704.349,1643.769,1668.383
2026-01-15 12:00:00,1668.415,1684.934,1609.446,1650.634
2026-01-15 16:00:00,1650.637,1716.852,1648.95,1716.852
2026-01-15 20:00:00,1716.859,1723.292,1646.476,1650.769
2026-01-16 00:00:00,1650.772,1692.214,1645.468,1692.214
2026-01-16 04:00:00,1692.221,1728.146,1685.861,1694.937
2026-01-16 08:00:00,1694.952,1743.371,1678.031,1740.173
2026-01-16 12:00:00,1740.187,1786.974,1738.784,1773.718
2026-01-16 16:00:00,1773.731,1810.32,1763.756,1798.445
2026-01-16 20:00:00,1798.448,1824.379,1708.267,1709.738
2026-01-17 00:00:00,1709.744,1772.98,1708.827,1714.435
2026-01-17 04:00:00,1714.458,1753.881,1708.891,1745.273
2026-01-17 08:00:00,1745.292,1760.981,1729.171,1748.944
2026-01-17 12:00:00,1748.953,1770.054,1722.106,1731.336
2026-01-17 16:00:00,1731.351,1746.542,1702.67,1715.437
2026-01-17 20:00:00,1715.444,1733.127,1687.297,1696.836
2026-01-18 00:00:00,1696.843,1734.073,1672.769,1726.062
2026-01-18 04:00:00,1726.064,1777.457,1707.817,1777.457
2026-01-18 08:00:00,1777.469,1793.801,1743.856,1754.883
2026-01-18 12:00:00,1754.92,1798.532,1728.887,1740.983
2026-01-18 16:00:00,1740.993,1778.615,1727.641,1734.844
2026-01-18 20:00:00,1734.857,1795.437,1734.117,1753.184
2026-01-19 00:00:00,1753.186,1781.314,1722.642,1774.918
2026-01-19 04:00:00,1774.92,1783.195,1732.313,1759.168
2026-01-19 08:00:00,1759.183,1788.994,1673.25,1678.662
2026-01-19 12:00:00,1678.664,1686.016,1649.688,1658.027
2026-01-19 16:00:00,1658.039,1695.98,1642.1,1667.107
2026-01-19 20:00:00,1667.122,1739.012,1665.212,1729.181
2026-01-20 00:00:00,1729.186,1772.769,1697.947,1772.769
2026-01-20 04:00:00,1772.773,1825.24,1769.111,1804.148
2026-01-20 08:00:00,1804.165,1805.015,1762.108,1783.336
2026-01-20 12:00:00,1783.352,1799.11,1748.387,1777.789
2026-01-20 16:00:00,1777.793,1800.741,1727.579,1746.079
2026-01-20 20:00:00,1746.096,1782.67,1728.551,1775.327
2026-01-21 00:00:00,1775.348,1810.0,1758.773,1783.908
2026-01-21 04:00:00,1783.951,1807.499,1768.734,1789.948
2026-01-21 08:00:00,1789.955,1834.836,1769.9,1778.882
2026-01-21 12:00:00,1778.892,1849.378,1778.892,1842.433
2026-01-21 16:00:00,1842.435,1900.165,1801.591,1804.041
2026-01-21 20:00:00,1804.069,1830.969,1763.532,1766.383
2026-01-22 00:00:00,1766.387,1796.532,1749.887,1786.044
2026-01-22 04:00:00,1786.07,1839.442,1773.672,1839.442
2026-01-22 08:00:00,1839.457,1860.6,1819.841,1820.115
2026-01-22 12:00:00,1820.14,1860.444,1797.263,1860.444
2026-01-22 16:00:00,1860.457,1898.856,1851.061,1871.44
2026-01-22 20:00:00,1871.45,1902.222,1842.193,1900.258
2026-01-23 00:00:00,1900.263,1991.784,1895.681,1963.81
2026-01-23 04:00:00,1963.82,2037.421,1963.82,2030.34
2026-01-23 08:00:00,2030.368,2034.324,1935.317,1953.161
2026-01-23 12:00:00,1953.178,2001.003,1936.869,1961.977
2026-01-23 16:00:00,1962.011,1991.002,1948.672,1953.14
2026-01-23 20:00:00,1953.188,1991.967,1943.267,1977.597
2026-01-24 00:00:00,1977.623,2017.308,1970.045,1984.694
2026-01-24 04:00:00,1984.721,1986.302,1919.135,1931.978
2026-01-24 08:00:00,1931.99,1960.791,1916.46,1960.791
2026-01-24 12:00:00,1960.81,1984.596,1934.442,1938.646
2026-01-24 16:00:00,1938.656,1949.292,1874.452,1886.055
2026-01-24 20:00:00,1886.074,1893.079,1825.663,1840.821
2026-01-25 00:00:00,1840.835,1849.967,1809.54,1809.747
2026-01-25 04:00:00,1809.75,1823.907,1783.091,1797.516
2026-01-25 08:00:00,1797.517,1805.974,1747.396,1785.569
2026-01-25 12:00:00,1785.589,1810.92,1759.535,1806.044
2026-01-25 16:00:00,1806.049,1813.628,1709.274,1710.479
2026-01-25 20:00:00,1710.481,1722.452,1656.173,1686.389
2026-01-26 00:00:00,1686.39,1693.276,1650.952,1687.723
2026-01-26 04:00:00,1687.726,1706.645,1670.538,1691.635
2026-01-26 08:00:00,1691.651,1724.745,1679.806,1707.831
2026-01-26 12:00:00,1707.839,1719.217,1672.831,1690.761
2026-01-26 16:00:00,1690.776,1707.65,1659.712,1684.029
2026-01-26 20:00:00,1684.042,1696.39,1649.914,1666.409
2026-01-27 00:00:00,1666.435,1668.31,1577.862,1598.66
2026-01-27 04:00:00,1598.677,1658.939,1598.677,1637.126
2026-01-27 08:00:00,1637.128,1640.61,1612.36,1619.024
2026-01-27 12:00:00,1619.029,1658.945,1602.022,1658.687
2026-01-27 16:00:00,1658.712,1673.42,1630.743,1659.622
2026-01-27 20:00:00,1659.634,1686.735,1651.193,1662.001
2026-01-28 00:00:00,1662.009,1690.98,1645.401,1675.438
2026-01-28 04:00:00,1675.439,1692.332,1617.565,1637.521
2026-01-28 08:00:00,1637.547,1692.704,1622.97,1685.283
2026-01-28 12:00:00,1685.285,1727.75,1676.632,1683.132
2026-01-28 16:00:00,1683.156,1734.42,1683.156,1714.111
2026-01-28 20:00:00,1714.118,1721.982,1683.079,1704.176
2026-01-29 00:00:00,1704.177,1745.753,1699.285,1730.518
2026-01-29 04:00:00,1730.526,1735.508,1653.648,1660.237
2026-01-29 08:00:00,1660.25,1722.351,1657.562,1713.454
2026-01-29 12:00:00,1713.477,1741.589,1653.486,1658.516
2026-01-29 16:00:00,1658.536,1679.013,1642.534,1656.485
2026-01-29 20:00:00,1656.506,1686.421,1627.954,1656.236
2026-01-30 00:00:00,1656.248,1676.514,1646.97,1662.158
2026-01-30 04:00:00,1662.16,1682.963,1645.275,1675.158
2026-01-30 08:00:00,1675.175,1681.505,1624.355,1641.686
2026-01-30 12:00:00,1641.702,1668.515,1613.824,1621.193
2026-01-30 16:00:00,1621.213,1647.355,1597.196,1604.906
2026-01-30 20:00:00,1604.91,1608.245,1531.533,1533.217
2026-01-31 00:00:00,1533.223,1549.196,1506.054,1540.149
2026-01-31 04:00:00,1540.164,1578.829,1531.513,1578.829
2026-01-31 08:00:00,1578.847,1580.494,1533.678,1570.614
2026-01-31 12:00:00,1570.622,1594.032,1558.588,1594.032
2026-01-31 16:00:00,1594.042,1600.088,1508.044,1523.581
2026-01-31 20:00:00,1523.614,1556.981,1509.422,1511.029
2026-02-01 00:00:00,1511.039,1540.942,1495.018,1507.246
2026-02-01 04:00:00,1507.274,1509.391,1435.454,1440.315
2026-02-01 08:00:00,1440.33,1479.829,1436.178,1460.618
2026-02-01 12:00:00,1460.655,1467.172,1440.721,1448.765
2026-02-01 16:00:00,1448.782,1477.842,1433.676,1467.167
2026-02-01 20:00:00,1467.169,1474.676,1412.03,1421.39
2026-02-02 00:00:00,1421.392,1453.361,1414.177,1430.852
2026-02-02 04:00:00,1430.862,1477.986,1430.862,1463.608
2026-02-02 08:00:00,1463.617,1482.773,1440.607,1458.197
2026-02-02 12:00:00,1458.22,1481.859,1430.768,1468.612
2026-02-02 16:00:00,1468.646,1472.872,1384.432,1385.441
2026-02-02 20:00:00,1385.456,1415.951,1379.558,1404.401
2026-02-03 00:00:00,1404.403,1413.765,1370.43,1380.249
2026-02-03 04:00:00,1380.25,1394.283,1356.368,1383.737
2026-02-03 08:00:00,1383.739,1399.9,1356.22,1363.455
2026-02-03 12:00:00,1363.476,1387.484,1354.336,1359.336
2026-02-03 16:00:00,1359.344,1364.839,1313.179,1343.033
2026-02-03 20:00:00,1343.037,1369.272,1331.82,1343.225
2026-02-04 00:00:00,1343.229,1360.227,1322.706,1331.138
2026-02-04 04:00:00,1331.142,1332.893,1299.385,1303.941
2026-02-04 08:00:00,1303.95,1309.358,1274.205,1284.102
2026-02-04 12:00:00,1284.108,1291.531,1256.0,1273.232
2026-02-04 16:00:00,1273.244,1279.753,1205.585,1216.319
2026-02-04 20:00:00,1216.345,1256.618,1206.942,1256.618
2026-02-05 00:00:00,1256.631,1269.381,1220.536,1220.858
2026-02-05 04:00:00,1220.863,1250.092,1220.863,1240.368
2026-02-05 08:00:00,1240.376,1251.173,1219.605,1220.881
2026-02-05 12:00:00,1220.899,1275.119,1220.899,1266.883
2026-02-05 16:00:00,1266.886,1268.797,1226.916,1233.336
2026-02-05 20:00:00,1233.34,1243.118,1219.026,1234.662
2026-02-06 00:00:00,1234.672,1246.33,1155.193,1160.866
2026-02-06 04:00:00,1160.887,1165.147,1134.708,1141.23
2026-02-06 08:00:00,1141.234,1160.861,1135.819,1160.861
2026-02-06 12:00:00,1160.861,1166.228,1123.345,1127.022
2026-02-06 16:00:00,1127.038,1182.795,1127.038,1172.997
2026-02-06 20:00:00,1173.011,1176.641,1129.578,1164.314
2026-02-07 00:00:00,1164.324,1244.215,1164.324,1241.583
2026-02-07 04:00:00,1241.59,1288.284,1241.59,1288.284
2026-02-07 08:00:00,1288.291,1302.08,1280.06,1282.725
2026-02-07 12:00:00,1282.741,1298.135,1257.313,1271.281
2026-02-07 16:00:00,1271.286,1291.385,1242.012,1260.778
2026-02-07 20:00:00,1260.787,1271.539,1233.58,1233.948
2026-02-08 00:00:00,1233.956,1259.134,1210.683,1250.27
2026-02-08 04:00:00,1250.28,1300.318,1250.28,1294.195
2026-02-08 08:00:00,1294.216,1311.848,1272.371,1283.549
2026-02-08 12:00:00,1283.559,1302.826,1244.591,1255.156
2026-02-08 16:00:00,1255.18,1298.931,1255.18,1291.96
2026-02-08 20:00:00,1291.971,1318.797,1282.135,1313.478
2026-02-09 00:00:00,1313.5,1316.52,1286.306,1309.052
2026-02-09 04:00:00,1309.058,1339.827,1305.901,1339.827
2026-02-09 08:00:00,1339.832,1347.476,1295.25,1295.826
2026-02-09 12:00:00,1295.831,1308.752,1274.918,1276.225
2026-02-09 16:00:00,1276.239,1334.075,1276.239,1326.984
2026-02-09 20:00:00,1326.984,1348.144,1310.517,1346.887
2026-02-10 00:00:00,1346.905,1350.665,1327.53,1347.022
2026-02-10 04:00:00,1347.024,1382.887,1343.39,1365.925
2026-02-10 08:00:00,1365.935,1429.75,1365.742,1425.872
2026-02-10 12:00:00,1425.885,1472.643,1414.237,1467.195
2026-02-10 16:00:00,1467.203,1486.241,1457.066,1472.954
2026-02-10 20:00:00,1472.963,1507.753,1460.827,1504.075
2026-02-11 00:00:00,1504.095,1505.737,1462.617,1499.463
2026-02-11 04:00:00,1499.479,1524.502,1489.028,1507.491
2026-02-11 08:00:00,1507.518,1535.022,1501.723,1506.843
2026-02-11 12:00:00,1506.857,1553.6,1500.534,1517.682
2026-02-11 16:00:00,1517.696,1518.611,1462.021,1476.108
2026-02-11 20:00:00,1476.13,1519.12,1471.412,1511.847
2026-02-12 00:00:00,1511.869,1536.948,1495.335,1514.421
2026-02-12 04:00:00,1514.421,1601.081,1514.421,1570.347
2026-02-12 08:00:00,1570.352,1606.782,1566.372,1586.73
2026-02-12 12:00:00,1586.738,1595.331,1562.527,1583.607
2026-02-12 16:00:00,1583.609,1609.782,1571.945,1591.55
2026-02-12 20:00:00,1591.572,1622.786,1559.618,1568.958
2026-02-13 00:00:00,1568.971,1610.105,1561.238,1609.337
2026-02-13 04:00:00,1609.366,1610.764,1566.219,1569.665
2026-02-13 08:00:00,1569.677,1584.926,1543.303,1563.562
2026-02-13 12:00:00,1563.573,1602.435,1550.624,1588.237
2026-02-13 16:00:00,1588.252,1590.918,1549.949,1575.079
2026-02-13 20:00:00,1575.092,1584.345,1535.79,1540.426
2026-02-14 00:00:00,1540.449,1550.109,1511.203,1531.586
2026-02-14 04:00:00,1531.587,1597.752,1529.895,1575.207
2026-02-14 08:00:00,1575.214,1592.219,1542.797,1550.218
2026-02-14 12:00:00,1550.219,1559.387,1519.654,1559.276
2026-02-14 16:00:00,1559.282,1581.159,1539.841,1544.044
2026-02-14 20:00:00,1544.067,1568.877,1515.102,1562.983
2026-02-15 00:00:00,1562.994,1598.558,1537.252,1568.932
2026-02-15 04:00:00,1568.946,1616.438,1568.946,1616.438
2026-02-15 08:00:00,1616.462,1707.616,1603.981,1697.757
2026-02-15 12:00:00,1697.767,1743.934,1670.764,1743.934
2026-02-15 16:00:00,1743.942,1774.605,1729.39,1742.051
2026-02-15 20:00:00,1742.084,1761.526,1716.511,1752.95
2026-02-16 00:00:00,1752.973,1819.306,1752.909,1796.16
2026-02-16 04:00:00,1796.166,1845.626,1785.135,1841.411
2026-02-16 08:00:00,1841.44,1855.51,1814.716,1815.026
2026-02-16 12:00:00,1815.056,1836.828,1786.988,1814.542
2026-02-16 16:00:00,1814.548,1815.068,1773.156,1797.013
2026-02-16 20:00:00,1797.02,1844.238,1784.62,1798.314
2026-02-17 00:00:00,1798.316,1839.479,1797.287,1822.518
2026-02-17 04:00:00,1822.523,1867.445,1804.316,1825.943
2026-02-17 08:00:00,1825.983,1896.823,1819.604,1841.582
2026-02-17 12:00:00,1841.601,1851.147,1774.24,1790.993
2026-02-17 16:00:00,1790.996,1817.23,1758.241,1800.201
2026-02-17 20:00:00,1800.223,1805.982,1763.435,1772.45
2026-02-18 00:00:00,1772.453,1780.449,1730.964,1737.124
2026-02-18 04:00:00,1737.137,1747.202,1687.521,1696.421
2026-02-18 08:00:00,1696.436,1709.095,1652.542,1709.095
2026-02-18 12:00:00,1709.105,1721.35,1660.716,1678.634
2026-02-18 16:00:00,1678.653,1730.883,1665.933,1714.94
2026-02-18 20:00:00,1714.945,1751.94,1683.526,1751.94
2026-02-19 00:00:00,1751.956,1761.06,1728.689,1747.654
2026-02-19 04:00:00,1747.681,1794.193,1723.939,1787.256
2026-02-19 08:00:00,1787.279,1805.058,1755.251,1757.873
2026-02-19 12:00:00,1757.878,1826.22,1757.743,1823.279
2026-02-19 16:00:00,1823.331,1834.625,1804.618,1819.554
2026-02-19 20:00:00,1819.568,1864.076,1794.958,1839.337
2026-02-20 00:00:00,1839.351,1860.782,1794.913,1842.362
2026-02-20 04:00:00,1842.38,1863.698,1812.104,1830.249
2026-02-20 08:00:00,1830.268,1847.37,1805.305,1834.205
2026-02-20 12:00:00,1834.212,1861.232,1797.089,1814.359
2026-02-20 16:00:00,1814.375,1823.609,1766.542,1823.277
2026-02-20 20:00:00,1823.287,1907.545,1820.536,1904.419
2026-02-21 00:00:00,1904.433,1932.731,1892.155,1912.35
2026-02-21 04:00:00,1912.373,1931.84,1863.134,1886.961
2026-02-21 08:00:00,1886.963,1888.654,1848.996,1874.475
2026-02-21 12:00:00,1874.503,1898.798,1844.394,1862.642
2026-02-21 16:00:00,1862.643,1888.762,1832.705,1858.678
2026-02-21 20:00:00,1858.696,1905.178,1850.872,1904.013
2026-02-22 00:00:00,1904.029,1911.66,1849.997,1895.978
2026-02-22 04:00:00,1895.987,1964.285,1888.293,1964.285
2026-02-22 08:00:00,1964.3,1970.282,1910.559,1929.647
2026-02-22 12:00:00,1929.688,1930.589,1889.154,1914.644
2026-02-22 16:00:00,1914.651,1962.613,1901.506,1939.376
2026-02-22 20:00:00,1939.415,2008.95,1918.316,1981.576
2026-02-23 00:00:00,1981.599,1993.957,1931.59,1977.1
2026-02-23 04:00:00,1977.105,2001.879,1961.592,1988.285
2026-02-23 08:00:00,1988.303,2015.818,1941.901,1947.617
2026-02-23 12:00:00,1947.631,1990.445,1899.92,1901.393
2026-02-23 16:00:00,1901.398,1919.705,1871.624,1917.406
2026-02-23 20:00:00,1917.43,1942.891,1835.07,1880.111
2026-02-24 00:00:00,1880.135,1882.492,1833.045,1847.536
2026-02-24 04:00:00,1847.538,1870.286,1798.141,1821.141
2026-02-24 08:00:00,1821.194,1912.861,1821.194,1895.658
2026-02-24 12:00:00,1895.669,1905.258,1811.78,1822.564
2026-02-24 16:00:00,1822.577,1831.452,1758.897,1759.105
2026-02-24 20:00:00,1759.112,1769.801,1721.592,1731.715
2026-02-25 00:00:00,1731.728,1786.891,1715.098,1781.253
2026-02-25 04:00:00,1781.279,1806.829,1754.371,1769.315
2026-02-25 08:00:00,1769.336,1792.81,1755.177,1762.285
2026-02-25 12:00:00,1762.292,1766.495,1716.12,1717.944
2026-02-25 16:00:00,1717.951,1737.453,1692.408,1704.098
2026-02-25 20:00:00,1704.112,1751.109,1696.956,1743.641
2026-02-26 00:00:00,1743.681,1761.548,1704.891,1747.391
2026-02-26 04:00:00,1747.392,1749.161,1651.73,1660.819
2026-02-26 08:00:00,1660.839,1736.327,1654.751,1701.294
2026-02-26 12:00:00,1701.304,1742.865,1684.956,1736.29
2026-02-26 16:00:00,1736.316,1778.938,1723.163,1745.634
2026-02-26 20:00:00,1745.639,1776.438,1735.796,1769.168
2026-02-27 00:00:00,1769.185,1784.139,1715.013,1742.914
2026-02-27 04:00:00,1742.935,1781.183,1706.887,1750.124
2026-02-27 08:00:00,1750.141,1763.629,1727.298,1748.405
2026-02-27 12:00:00,1748.411,1762.206,1716.35,1746.493
2026-02-27 16:00:00,1746.509,1765.133,1726.398,1754.255
2026-02-27 20:00:00,1754.256,1769.502,1712.477,1764.496
2026-02-28 00:00:00,1764.51,1802.18,1750.1,1780.901
2026-02-28 04:00:00,1780.914,1784.573,1734.71,1738.751
2026-02-28 08:00:00,1738.753,1777.264,1734.982,1772.468
2026-02-28 12:00:00,1772.489,1830.178,1771.289,1829.015
2026-02-28 16:00:00,1829.022,1836.726,1759.501,1776.203
2026-02-28 20:00:00,1776.235,1817.599,1771.191,1796.062
2026-03-01 00:00:00,1796.088,1798.278,1755.088,1796.817
2026-03-01 04:00:00,1796.821,1816.167,1725.351,1737.84
2026-03-01 08:00:00,1737.847,1738.891,1687.176,1702.262
2026-03-01 12:00:00,1702.27,1746.662,1695.164,1730.104
2026-03-01 16:00:00,1730.137,1756.68,1707.063,1720.942
2026-03-01 20:00:00,1720.945,1742.066,1709.77,1717.791
2026-03-02 00:00:00,1717.808,1729.32,1672.166,1676.449
2026-03-02 04:00:00,1676.45,1753.379,1676.45,1742.764
2026-03-02 08:00:00,1742.781,1771.011,1685.342,1689.528
2026-03-02 12:00:00,1689.535,1696.531,1610.333,1615.549
2026-03-02 16:00:00,1615.551,1628.479,1589.537,1595.539
2026-03-02 20:00:00,1595.543,1617.975,1573.395,1589.502
2026-03-03 00:00:00,1589.512,1601.89,1567.313,1583.306
2026-03-03 04:00:00,1583.325,1599.484,1564.363,1577.999
2026-03-03 08:00:00,1578.019,1615.47,1542.861,1615.47
2026-03-03 12:00:00,1615.476,1628.411,1592.085,1628.016
2026-03-03 16:00:00,1628.038,1648.956,1590.89,1613.405
2026-03-03 20:00:00,1613.411,1633.45,1553.207,1557.839
2026-03-04 00:00:00,1557.855,1619.972,1544.15,1614.699
2026-03-04 04:00:00,1614.712,1629.749,1554.598,1591.265
2026-03-04 08:00:00,1591.28,1598.339,1541.882,1544.727
2026-03-04 12:00:00,1544.745,1599.269,1544.745,1553.709
2026-03-04 16:00:00,1553.718,1555.724,1527.554,1534.976
2026-03-04 20:00:00,1534.984,1545.558,1463.341,1465.897
2026-03-05 00:00:00,1465.905,1515.863,1457.897,1515.863
2026-03-05 04:00:00,1515.883,1575.742,1515.883,1571.08
2026-03-05 08:00:00,1571.101,1588.23,1533.109,1583.996
2026-03-05 12:00:00,1583.997,1592.616,1536.774,1541.994
2026-03-05 16:00:00,1542.018,1553.132,1493.405,1498.596
2026-03-05 20:00:00,1498.617,1565.333,1497.257,1538.418
2026-03-06 00:00:00,1538.432,1546.152,1466.237,1494.474
2026-03-06 04:00:00,1494.487,1501.056,1469.176,1495.814
2026-03-06 08:00:00,1495.825,1526.274,1495.825,1516.792
2026-03-06 12:00:00,1516.807,1571.692,1516.807,1564.261
2026-03-06 16:00:00,1564.269,1581.617,1549.788,1556.925
2026-03-06 20:00:00,1556.928,1587.077,1556.466,1582.792
2026-03-07 00:00:00,1582.812,1610.805,1541.088,1542.336
2026-03-07 04:00:00,1542.356,1548.169,1491.67,1498.235
2026-03-07 08:00:00,1498.242,1498.516,1423.293,1455.262
2026-03-07 12:00:00,1455.268,1479.869,1421.464,1422.038
2026-03-07 16:00:00,1422.052,1422.141,1374.969,1382.103
2026-03-07 20:00:00,1382.122,1407.734,1369.072,1399.514
2026-03-08 00:00:00,1399.525,1413.313,1378.599,1401.123
2026-03-08 04:00:00,1401.142,1409.51,1352.337,1362.636
2026-03-08 08:00:00,1362.645,1400.829,1360.991,1366.637
2026-03-08 12:00:00,1366.646,1404.128,1354.817,1398.587
2026-03-08 16:00:00,1398.588,1450.809,1398.588,1436.339
2026-03-08 20:00:00,1436.347,1445.0,1404.021,1445.0
2026-03-09 00:00:00,1445.022,1457.913,1422.814,1423.108
2026-03-09 04:00:00,1423.112,1464.966,1423.085,1440.128
2026-03-09 08:00:00,1440.13,1446.502,1396.226,1409.416
2026-03-09 12:00:00,1409.417,1454.887,1409.417,1438.912
2026-03-09 16:00:00,1438.916,1469.273,1421.023,1467.42
2026-03-09 20:00:00,1467.423,1493.745,1463.553,1493.745
2026-03-10 00:00:00,1493.75,1499.063,1429.932,1439.685
2026-03-10 04:00:00,1439.694,1460.215,1424.336,1430.222
2026-03-10 08:00:00,1430.225,1450.698,1419.996,1446.558
2026-03-10 12:00:00,1446.572,1491.254,1446.572,1475.85
2026-03-10 16:00:00,1475.864,1497.427,1442.664,1446.405
2026-03-10 20:00:00,1446.412,1458.92,1417.538,1458.92
2026-03-11 00:00:00,1458.937,1470.841,1442.537,1466.201
2026-03-11 04:00:00,1466.213,1497.541,1455.626,1477.76
2026-03-11 08:00:00,1477.774,1482.18,1432.411,1443.529
2026-03-11 12:00:00,1443.535,1451.75,1420.877,1444.972
2026-03-11 16:00:00,1444.983,1471.932,1431.05,1443.045
2026-03-11 20:00:00,1443.069,1473.577,1439.747,1466.716
2026-03-12 00:00:00,1466.746,1522.948,1458.384,1498.056
2026-03-12 04:00:00,1498.088,1543.24,1487.497,1516.963
2026-03-12 08:00:00,1516.97,1543.611,1484.305,1488.508
2026-03-12 12:00:00,1488.515,1504.225,1458.056,1460.003
2026-03-12 16:00:00,1460.025,1478.076,1430.234,1478.076
2026-03-12 20:00:00,1478.101,1481.786,1452.399,1457.763
2026-03-13 00:00:00,1457.763,1465.828,1384.74,1412.923
2026-03-13 04:00:00,1412.936,1414.427,1386.22,1412.101
2026-03-13 08:00:00,1412.111,1415.116,1387.701,1387.995
2026-03-13 12:00:00,1388.016,1454.865,1381.887,1454.865
2026-03-13 16:00:00,1454.874,1463.806,1425.751,1433.005
2026-03-13 20:00:00,1433.028,1443.767,1413.698,1430.323
2026-03-14 00:00:00,1430.337,1484.422,1422.263,1470.657
2026-03-14 04:00:00,1470.659,1496.703,1461.856,1466.118
2026-03-14 08:00:00,1466.14,1482.8,1437.586,1482.8
2026-03-14 12:00:00,1482.806,1512.014,1472.092,1512.014
2026-03-14 16:00:00,1512.018,1560.884,1512.018,1555.222
2026-03-14 20:00:00,1555.228,1609.318,1551.779,1570.796
2026-03-15 00:00:00,1570.813,1590.267,1521.929,1528.506
2026-03-15 04:00:00,1528.521,1533.33,1487.832,1503.422
2026-03-15 08:00:00,1503.43,1547.473,1496.297,1537.391
2026-03-15 12:00:00,1537.41,1573.857,1535.931,1549.149
2026-03-15 16:00:00,1549.165,1562.749,1515.034,1520.972
2026-03-15 20:00:00,1520.977,1551.3,1511.662,1518.431
2026-03-16 00:00:00,1518.447,1538.096,1479.794,1510.598
2026-03-16 04:00:00,1510.606,1567.618,1500.957,1550.628
2026-03-16 08:00:00,1550.642,1569.677,1524.129,1569.677
2026-03-16 12:00:00,1569.689,1591.428,1521.521,1554.472
2026-03-16 16:00:00,1554.489,1564.088,1531.081,1536.309
2026-03-16 20:00:00,1536.313,1580.649,1535.157,1568.59
2026-03-17 00:00:00,1568.618,1590.315,1554.473,1576.198
2026-03-17 04:00:00,1576.212,1618.946,1567.256,1593.814
2026-03-17 08:00:00,1593.838,1618.264,1555.08,1556.013
2026-03-17 12:00:00,1556.036,1580.854,1547.853,1575.636
2026-03-17 16:00:00,1575.654,1575.796,1496.853,1503.082
2026-03-17 20:00:00,1503.097,1547.455,1499.604,1529.552
2026-03-18 00:00:00,1529.575,1550.521,1497.461,1546.323
2026-03-18 04:00:00,1546.344,1553.174,1497.975,1532.689
2026-03-18 08:00:00,1532.709,1535.412,1467.215,1472.243
2026-03-18 12:00:00,1472.254,1501.163,1417.38,1424.189
2026-03-18 16:00:00,1424.205,1468.13,1419.072,1464.183
2026-03-18 20:00:00,1464.198,1500.997,1446.564,1500.997
2026-03-19 00:00:00,1501.007,1522.372,1477.74,1501.897
2026-03-19 04:00:00,1501.902,1505.19,1434.374,1471.34
2026-03-19 08:00:00,1471.351,1513.918,1468.838,1512.495
2026-03-19 12:00:00,1512.504,1550.151,1512.504,1522.01
2026-03-19 16:00:00,1522.016,1537.585,1483.275,1513.729
2026-03-19 20:00:00,1513.736,1531.592,1470.539,1475.479
2026-03-20 00:00:00,1475.483,1507.142,1459.871,1493.999
2026-03-20 04:00:00,1494.008,1526.247,1473.674,1526.247
2026-03-20 08:00:00,1526.264,1586.458,1525.382,1586.458
2026-03-20 12:00:00,1586.476,1606.616,1557.206,1576.427
2026-03-20 16:00:00,1576.435,1632.604,1573.0,1617.156
2026-03-20 20:00:00,1617.166,1618.305,1547.41,1575.949
2026-03-21 00:00:00,1575.957,1630.575,1565.844,1600.69
2026-03-21 04:00:00,1600.699,1629.748,1597.545,1618.211
2026-03-21 08:00:00,1618.217,1641.168,1595.701,1635.803
2026-03-21 12:00:00,1635.81,1636.931,1590.155,1608.775
2026-03-21 16:00:00,1608.796,1613.954,1543.562,1596.425
2026-03-21 20:00:00,1596.435,1620.968,1535.799,1542.186
2026-03-22 00:00:00,1542.187,1582.138,1530.789,1546.477
2026-03-22 04:00:00,1546.483,1571.523,1522.099,1548.225
2026-03-22 08:00:00,1548.238,1556.429,1497.155,1514.265
2026-03-22 12:00:00,1514.276,1591.124,1496.912,1563.283
2026-03-22 16:00:00,1563.313,1633.126,1563.313,1623.062
2026-03-22 20:00:00,1623.089,1661.919,1605.181,1643.698
2026-03-23 00:00:00,1643.703,1648.603,1605.835,1617.048
2026-03-23 04:00:00,1617.048,1642.103,1573.129,1580.263
2026-03-23 08:00:00,1580.278,1602.159,1552.47,1562.641
2026-03-23 12:00:00,1562.652,1573.459,1527.964,1533.003
2026-03-23 16:00:00,1533.026,1585.275,1524.079,1580.95
2026-03-23 20:00:00,1580.951,1605.224,1559.676,1583.472
2026-03-24 00:00:00,1583.488,1588.212,1510.508,1562.461
2026-03-24 04:00:00,1562.476,1563.178,1510.151,1512.812
2026-03-24 08:00:00,1512.829,1521.605,1479.936,1484.406
2026-03-24 12:00:00,1484.408,1491.205,1464.416,1475.473
2026-03-24 16:00:00,1475.492,1486.142,1440.587,1448.514
2026-03-24 20:00:00,1448.53,1462.421,1433.499,1453.428
2026-03-25 00:00:00,1453.448,1511.187,1443.206,1504.785
2026-03-25 04:00:00,1504.803,1508.501,1432.033,1447.1
2026-03-25 08:00:00,1447.109,1474.935,1430.65,1457.77
2026-03-25 12:00:00,1457.783,1478.437,1439.702,1462.08
2026-03-25 16:00:00,1462.085,1462.858,1420.704,1451.148
2026-03-25 20:00:00,1451.169,1465.605,1387.233,1388.918
2026-03-26 00:00:00,1388.921,1401.182,1352.637,1362.764
2026-03-26 04:00:00,1362.778,1372.66,1300.964,1322.361
2026-03-26 08:00:00,1322.381,1344.491,1315.301,1326.709
2026-03-26 12:00:00,1326.721,1329.517,1302.956,1326.327
2026-03-26 16:00:00,1326.341,1340.652,1295.423,1305.232
2026-03-26 20:00:00,1305.261,1325.363,1299.727,1320.562
2026-03-27 00:00:00,1320.572,1346.728,1309.131,1346.479
2026-03-27 04:00:00,1346.486,1349.989,1277.933,1279.544
2026-03-27 08:00:00,1279.548,1323.202,1279.548,1294.558
2026-03-27 12:00:00,1294.574,1321.889,1287.049,1309.494
2026-03-27 16:00:00,1309.502,1320.621,1277.64,1292.933
2026-03-27 20:00:00,1292.943,1312.096,1279.311,1306.616
2026-03-28 00:00:00,1306.626,1318.633,1290.27,1312.39
2026-03-28 04:00:00,1312.407,1326.251,1291.532,1326.251
2026-03-28 08:00:00,1326.251,1390.584,1317.742,1388.785
2026-03-28 12:00:00,1388.797,1388.979,1350.053,1365.063
2026-03-28 16:00:00,1365.071,1400.316,1353.957,1391.695
2026-03-28 20:00:00,1391.706,1392.316,1329.133,1342.899
2026-03-29 00:00:00,1342.915,1348.47,1291.25,1309.661
2026-03-29 04:00:00,1309.68,1332.94,1259.391,1269.154
2026-03-29 08:00:00,1269.155,1281.947,1254.19,1262.736
2026-03-29 12:00:00,1262.741,1288.745,1254.187,1281.71
2026-03-29 16:00:00,1281.714,1290.301,1241.96,1253.738
2026-03-29 20:00:00,1253.758,1257.246,1205.41,1233.12
2026-03-30 00:00:00,1233.134,1252.902,1217.54,1248.713
2026-03-30 04:00:00,1248.725,1260.98,1239.185,1260.777
2026-03-30 08:00:00,1260.782,1268.415,1240.394,1262.15
2026-03-30 12:00:00,1262.156,1282.74,1255.807,1257.451
2026-03-30 16:00:00,1257.454,1276.661,1243.422,1256.07
2026-03-30 20:00:00,1256.081,1267.878,1238.684,1262.775
2026-03-31 00:00:00,1262.795,1301.786,1249.131,1300.683
2026-03-31 04:00:00,1300.698,1314.556,1275.055,1294.732
2026-03-31 08:00:00,1294.752,1346.806,1294.752,1339.648
2026-03-31 12:00:00,1339.655,1352.822,1269.608,1292.569
2026-03-31 16:00:00,1292.592,1313.75,1258.282,1261.667
2026-03-31 20:00:00,1261.672,1273.214,1240.209,1241.137
2026-04-01 00:00:00,1241.146,1276.588,1239.136,1264.108
2026-04-01 04:00:00,1264.123,1272.635,1243.359,1246.385
2026-04-01 08:00:00,1246.398,1266.44,1229.863,1252.994
2026-04-01 12:00:00,1253.007,1281.017,1206.146,1209.261
2026-04-01 16:00:00,1209.284,1211.012,1177.299,1191.979
2026-04-01 20:00:00,1191.984,1195.161,1165.493,1175.249
2026-04-02 00:00:00,1175.249,1175.303,1152.585,1165.239
2026-04-02 04:00:00,1165.243,1194.276,1157.879,1186.059
2026-04-02 08:00:00,1186.067,1211.805,1168.733,1192.181
2026-04-02 12:00:00,1192.205,1213.373,1177.368,1212.92
2026-04-02 16:00:00,1212.946,1238.521,1204.616,1219.078
2026-04-02 20:00:00,1219.095,1235.188,1203.095,1226.074
2026-04-03 00:00:00,1226.081,1228.68,1174.679,1175.566
2026-04-03 04:00:00,1175.585,1203.612,1175.585,1198.482
2026-04-03 08:00:00,1198.491,1229.39,1184.458,1193.368
2026-04-03 12:00:00,1193.374,1221.963,1177.008,1200.218
2026-04-03 16:00:00,1200.221,1216.974,1148.382,1148.714
2026-04-03 20:00:00,1148.715,1175.419,1142.172,1154.041
2026-04-04 00:00:00,1154.054,1156.807,1117.819,1125.417
2026-04-04 04:00:00,1125.427,1134.754,1103.8,1115.358
2026-04-04 08:00:00,1115.381,1133.159,1092.015,1093.728
2026-04-04 12:00:00,1093.731,1105.778,1078.828,1093.205
2026-04-04 16:00:00,1093.212,1143.208,1084.498,1143.208
2026-04-04 20:00:00,1143.211,1183.438,1143.211,1172.672
2026-04-05 00:00:00,1172.683,1194.467,1109.81,1111.399
2026-04-05 04:00:00,1111.401,1144.802,1105.854,1112.367
2026-04-05 08:00:00,1112.389,1126.139,1080.753,1126.139
2026-04-05 12:00:00,1126.144,1147.859,1122.524,1147.013
2026-04-05 16:00:00,1147.041,1155.908,1128.286,1140.25
2026-04-05 20:00:00,1140.256,1150.576,1098.325,1115.776
2026-04-06 00:00:00,1115.787,1145.994,1113.914,1122.043
2026-04-06 04:00:00,1122.05,1139.891,1110.294,1126.22
2026-04-06 08:00:00,1126.226,1134.849,1076.659,1095.125
2026-04-06 12:00:00,1095.126,1125.544,1087.384,1109.755
2026-04-06 16:00:00,1109.767,1118.409,1081.831,1094.27
2026-04-06 20:00:00,1094.273,1107.181,1075.961,1095.86
2026-04-07 00:00:00,1095.881,1097.406,1054.156,1073.242
2026-04-07 04:00:00,1073.249,1086.236,1037.959,1041.015
2026-04-07 08:00:00,1041.015,1049.711,1011.731,1019.783
2026-04-07 12:00:00,1019.807,1028.302,992.098,999.26
2026-04-07 16:00:00,999.266,1036.079,998.212,1035.74
2026-04-07 20:00:00,1035.767,1046.645,1021.236,1023.417
2026-04-08 00:00:00,1023.434,1025.206,986.107,990.813
2026-04-08 04:00:00,990.816,1017.213,990.816,1000.114
2026-04-08 08:00:00,1000.125,1025.771,985.02,985.064
2026-04-08 12:00:00,985.068,999.027,964.838,973.08
2026-04-08 16:00:00,973.091,998.357,961.122,992.055
2026-04-08 20:00:00,992.056,1001.777,981.546,987.315
2026-04-09 00:00:00,987.327,996.327,973.189,988.812
2026-04-09 04:00:00,988.821,1018.483,983.109,1013.152
2026-04-09 08:00:00,1013.165,1032.497,1001.715,1014.951
2026-04-09 12:00:00,1014.959,1017.889,978.775,987.77
2026-04-09 16:00:00,987.777,996.941,976.178,988.769
2026-04-09 20:00:00,988.778,1007.144,987.359,1001.72
2026-04-10 00:00:00,1001.729,1025.954,989.642,991.293
2026-04-10 04:00:00,991.317,993.376,960.441,964.508
2026-04-10 08:00:00,964.519,980.402,958.116,965.673
2026-04-10 12:00:00,965.686,993.906,955.017,993.249
2026-04-10 16:00:00,993.252,998.405,980.277,998.405
2026-04-10 20:00:00,998.412,1005.931,977.285,996.132
2026-04-11 00:00:00,996.138,1033.594,996.138,1033.594
2026-04-11 04:00:00,1033.603,1054.585,1026.957,1035.219
2026-04-11 08:00:00,1035.228,1063.185,1026.834,1038.655
2026-04-11 12:00:00,1038.679,1071.747,1032.764,1059.747
2026-04-11 16:00:00,1059.751,1085.241,1045.594,1048.976
2026-04-11 20:00:00,1048.991,1057.084,1031.988,1038.358
2026-04-12 00:00:00,1038.366,1058.466,1028.431,1052.096
2026-04-12 04:00:00,1052.101,1095.79,1031.274,1093.492
2026-04-12 08:00:00,1093.505,1113.743,1076.647,1079.126
2026-04-12 12:00:00,1079.141,1091.038,1036.839,1037.716
2026-04-12 16:00:00,1037.719,1082.078,1022.024,1079.614
2026-04-12 20:00:00,1079.616,1090.174,1056.625,1070.032
2026-04-13 00:00:00,1070.035,1110.997,1070.035,1105.354
2026-04-13 04:00:00,1105.371,1116.686,1059.924,1064.961
2026-04-13 08:00:00,1064.963,1067.989,1043.283,1053.824
2026-04-13 12:00:00,1053.827,1088.895,1045.463,1077.994
2026-04-13 16:00:00,1078.006,1109.763,1072.481,1102.589
2026-04-13 20:00:00,1102.602,1123.916,1102.493,1103.226
2026-04-14 00:00:00,1103.234,1113.125,1056.365,1061.498
2026-04-14 04:00:00,1061.498,1065.109,1023.851,1031.232
2026-04-14 08:00:00,1031.236,1038.473,1015.661,1025.926
2026-04-14 12:00:00,1025.941,1071.634,1025.941,1071.634
2026-04-14 16:00:00,1071.644,1090.985,1065.241,1074.142
2026-04-14 20:00:00,1074.148,1096.811,1072.727,1088.21
2026-04-15 00:00:00,1088.226,1103.773,1076.725,1097.313
2026-04-15 04:00:00,1097.321,1111.11,1071.231,1074.859
2026-04-15 08:00:00,1074.874,1091.817,1049.418,1087.466
2026-04-15 12:00:00,1087.473,1091.737,1067.336,1080.71
2026-04-15 16:00:00,1080.725,1093.587,1070.402,1083.136
2026-04-15 20:00:00,1083.142,1112.872,1083.142,1090.588
2026-04-16 00:00:00,1090.592,1096.078,1073.252,1090.429
2026-04-16 04:00:00,1090.445,1112.969,1086.369,1099.5
2026-04-16 08:00:00,1099.517,1108.407,1082.398,1108.407
2026-04-16 12:00:00,1108.415,1122.793,1065.744,1090.029
2026-04-16 16:00:00,1090.042,1093.245,1063.801,1070.889
2026-04-16 20:00:00,1070.904,1106.609,1070.904,1106.609
2026-04-17 00:00:00,1106.63,1137.612,1099.625,1110.038
2026-04-17 04:00:00,1110.047,1122.765,1090.904,1098.588
2026-04-17 08:00:00,1098.593,1119.361,1080.664,1117.502
2026-04-17 12:00:00,1117.528,1142.558,1099.91,1139.26
2026-04-17 16:00:00,1139.266,1147.068,1118.444,1120.063
2026-04-17 20:00:00,1120.065,1155.009,1119.462,1154.256
2026-04-18 00:00:00,1154.276,1157.303,1125.903,1142.037
2026-04-18 04:00:00,1142.058,1147.891,1119.841,1128.928
2026-04-18 08:00:00,1128.947,1128.954,1090.214,1094.272
2026-04-18 12:00:00,1094.286,1096.773,1065.472,1084.717
2026-04-18 16:00:00,1084.718,1125.031,1077.101,1125.031
2026-04-18 20:00:00,1125.034,1153.356,1115.478,1151.835
2026-04-19 00:00:00,1151.84,1169.252,1146.006,1152.115
2026-04-19 04:00:00,1152.119,1157.661,1130.484,1151.636
2026-04-19 08:00:00,1151.639,1163.112,1131.239,1163.112
2026-04-19 12:00:00,1163.135,1198.03,1163.011,1188.455
2026-04-19 16:00:00,1188.456,1203.328,1167.644,1186.714
2026-04-19 20:00:00,1186.723,1195.155,1116.933,1119.662
2026-04-20 00:00:00,1119.672,1166.38,1116.276,1163.304
2026-04-20 04:00:00,1163.313,1191.777,1151.257,1179.534
2026-04-20 08:00:00,1179.553,1199.258,1169.535,1197.644
2026-04-20 12:00:00,1197.649,1212.007,1166.962,1169.594
2026-04-20 16:00:00,1169.596,1216.23,1165.212,1216.23
2026-04-20 20:00:00,1216.25,1252.227,1212.376,1237.589
2026-04-21 00:00:00,1237.594,1244.757,1217.057,1228.285
2026-04-21 04:00:00,1228.286,1242.368,1196.338,1204.521
2026-04-21 08:00:00,1204.521,1206.589,1181.764,1198.596
2026-04-21 12:00:00,1198.605,1244.171,1198.605,1225.025
2026-04-21 16:00:00,1225.037,1227.694,1172.595,1179.594
2026-04-21 20:00:00,1179.6,1182.338,1150.269,1150.269
2026-04-22 00:00:00,1150.273,1167.812,1143.661,1161.225
2026-04-22 04:00:00,1161.233,1168.275,1110.66,1117.802
2026-04-22 08:00:00,1117.813,1134.21,1097.645,1118.605
2026-04-22 12:00:00,1118.611,1156.588,1107.72,1142.201
2026-04-22 16:00:00,1142.219,1195.684,1140.252,1195.684
2026-04-22 20:00:00,1195.687,1229.92,1180.942,1228.525
2026-04-23 00:00:00,1228.549,1261.62,1224.2,1243.726
2026-04-23 04:00:00,1243.728,1278.446,1238.366,1275.557
2026-04-23 08:00:00,1275.56,1318.473,1269.55,1303.386
2026-04-23 12:00:00,1303.404,1305.106,1263.296,1281.053
2026-04-23 16:00:00,1281.063,1288.69,1222.177,1243.384
2026-04-23 20:00:00,1243.389,1286.239,1239.805,1243.798
2026-04-24 00:00:00,1243.8,1261.871,1210.015,1212.427
2026-04-24 04:00:00,1212.444,1218.893,1195.823,1211.47
2026-04-24 08:00:00,1211.481,1211.845,1152.646,1156.088
2026-04-24 12:00:00,1156.106,1177.684,1120.741,1122.467
2026-04-24 16:00:00,1122.47,1161.09,1121.541,1155.618
2026-04-24 20:00:00,1155.622,1162.426,1139.444,1140.968
2026-04-25 00:00:00,1140.977,1174.241,1128.617,1174.241
2026-04-25 04:00:00,1174.241,1227.198,1173.888,1195.075
2026-04-25 08:00:00,1195.084,1196.794,1165.295,1169.762
2026-04-25 12:00:00,1169.778,1187.681,1169.778,1178.475
2026-04-25 16:00:00,1178.481,1189.675,1160.186,1179.052
2026-04-25 20:00:00,1179.054,1193.273,1146.415,1160.908
2026-04-26 00:00:00,1160.916,1161.324,1135.922,1142.492
2026-04-26 04:00:00,1142.501,1158.616,1122.33,1126.373
2026-04-26 08:00:00,1126.379,1160.825,1124.388,1156.116
2026-04-26 12:00:00,1156.138,1178.278,1152.924,1166.126
2026-04-26 16:00:00,1166.129,1182.138,1136.677,1148.543
2026-04-26 20:00:00,1148.56,1156.338,1132.627,1156.338
2026-04-27 00:00:00,1156.357,1189.807,1154.207,1170.604
2026-04-27 04:00:00,1170.615,1177.528,1136.893,1156.568
2026-04-27 08:00:00,1156.577,1188.988,1152.496,1177.563
2026-04-27 12:00:00,1177.566,1193.863,1164.568,1165.231
2026-04-27 16:00:00,1165.239,1172.222,1120.033,1126.907
2026-04-27 20:00:00,1126.926,1137.192,1081.641,1087.157
2026-04-28 00:00:00,1087.169,1124.82,1084.65,1092.897
2026-04-28 04:00:00,1092.898,1112.612,1060.694,1063.14
2026-04-28 08:00:00,1063.15,1083.131,1044.726,1070.196
2026-04-28 12:00:00,1070.199,1125.406,1066.055,1119.691
2026-04-28 16:00:00,1119.702,1129.205,1107.227,1118.71
2026-04-28 20:00:00,1118.715,1130.456,1084.511,1087.872
2026-04-29 00:00:00,1087.891,1095.02,1070.221,1078.592
2026-04-29 04:00:00,1078.611,1093.866,1062.454,1083.901
2026-04-29 08:00:00,1083.916,1105.323,1050.562,1056.339
2026-04-29 12:00:00,1056.345,1068.304,1045.932,1068.304
2026-04-29 16:00:00,1068.316,1073.162,1050.821,1062.76
2026-04-29 20:00:00,1062.766,1065.456,1026.705,1044.287
2026-04-30 00:00:00,1044.295,1075.67,1038.412,1075.225
2026-04-30 04:00:00,1075.238,1086.27,1056.194,1082.902
2026-04-30 08:00:00,1082.911,1089.229,1064.99,1079.603
2026-04-30 12:00:00,1079.603,1089.49,1067.645,1084.443
2026-04-30 16:00:00,1084.452,1085.961,1025.51,1029.262
2026-04-30 20:00:00,1029.271,1039.833,1024.19,1035.001
2026-05-01 00:00:00,1035.006,1044.682,1003.791,1007.648
2026-05-01 04:00:00,1007.65,1020.087,994.166,1006.886
2026-05-01 08:00:00,1006.909,1007.032,978.72,982.588
2026-05-01 12:00:00,982.588,1019.326,978.683,1015.192
2026-05-01 16:00:00,1015.211,1018.838,957.713,967.348
2026-05-01 20:00:00,967.374,1007.495,967.374,1006.221
2026-05-02 00:00:00,1006.229,1016.757,991.828,1001.549
2026-05-02 04:00:00,1001.572,1016.898,961.224,961.609
2026-05-02 08:00:00,961.616,983.481,946.853,982.714
2026-05-02 12:00:00,982.723,983.124,950.463,981.833
2026-05-02 16:00:00,981.858,1008.493,978.91,989.093
2026-05-02 20:00:00,989.11,1014.819,978.803,1014.819
2026-05-03 00:00:00,1014.819,1036.409,1006.78,1026.577
2026-05-03 04:00:00,1026.58,1035.382,988.766,1004.199
2026-05-03 08:00:00,1004.216,1031.001,1000.886,1010.606
2026-05-03 12:00:00,1010.612,1029.4,1003.1,1004.69
2026-05-03 16:00:00,1004.699,1050.612,1004.699,1041.651
2026-05-03 20:00:00,1041.662,1080.368,1041.548,1080.368
2026-05-04 00:00:00,1080.383,1100.313,1070.021,1100.313
2026-05-04 04:00:00,1100.33,1111.4,1084.316,1095.22
2026-05-04 08:00:00,1095.221,1121.656,1095.221,1100.119
2026-05-04 12:00:00,1100.12,1126.724,1099.47,1115.274
2026-05-04 16:00:00,1115.287,1140.389,1109.528,1140.389
2026-05-04 20:00:00,1140.391,1151.003,1124.26,1132.766
2026-05-05 00:00:00,1132.773,1164.36,1131.455,1164.36
2026-05-05 04:00:00,1164.365,1185.901,1147.874,1183.971
2026-05-05 08:00:00,1183.981,1191.444,1142.121,1144.776
2026-05-05 12:00:00,1144.783,1158.512,1129.997,1137.947
2026-05-05 16:00:00,1137.969,1158.444,1137.28,1147.042
2026-05-05 20:00:00,1147.056,1170.333,1143.917,1170.333
2026-05-06 00:00:00,1170.334,1194.775,1164.359,1168.111
2026-05-06 04:00:00,1168.114,1184.306,1150.55,1157.999
2026-05-06 08:00:00,1158.001,1185.185,1157.102,1166.913
2026-05-06 12:00:00,1166.916,1172.86,1129.94,1142.183
2026-05-06 16:00:00,1142.185,1178.411,1142.185,1171.095
2026-05-06 20:00:00,1171.107,1215.976,1169.849,1212.254
2026-05-07 00:00:00,1212.257,1243.872,1212.257,1224.75
2026-05-07 04:00:00,1224.758,1245.412,1216.859,1226.933
2026-05-07 08:00:00,1226.951,1272.404,1222.753,1268.352
2026-05-07 12:00:00,1268.374,1271.728,1215.217,1239.477
2026-05-07 16:00:00,1239.5,1246.832,1222.839,1242.941
2026-05-07 20:00:00,1242.947,1248.478,1215.55,1216.215
2026-05-08 00:00:00,1216.216,1230.982,1193.868,1204.666
2026-05-08 04:00:00,1204.674,1207.038,1183.147,1196.58
2026-05-08 08:00:00,1196.585,1217.65,1194.301,1216.661
2026-05-08 12:00:00,1216.669,1221.776,1197.304,1202.155
2026-05-08 16:00:00,1202.158,1217.482,1190.602,1209.422
2026-05-08 20:00:00,1209.43,1221.277,1153.219,1153.739
2026-05-09 00:00:00,1153.745,1158.978,1126.921,1144.185
2026-05-09 04:00:00,1144.2,1150.022,1087.635,1087.901
2026-05-09 08:00:00,1087.907,1088.836,1064.199,1067.272
2026-05-09 12:00:00,1067.277,1088.116,1063.856,1066.561
2026-05-09 16:00:00,1066.578,1101.157,1058.755,1089.979
2026-05-09 20:00:00,1089.985,1136.957,1088.705,1132.954
2026-05-10 00:00:00,1132.961,1210.134,1128.212,1209.659
2026-05-10 04:00:00,1209.674,1244.727,1205.341,1242.819
2026-05-10 08:00:00,1242.835,1245.93,1215.763,1230.904
2026-05-10 12:00:00,1230.906,1249.077,1217.057,1243.955
2026-05-10 16:00:00,1243.972,1262.323,1221.819,1222.987
2026-05-10 20:00:00,1223.006,1246.803,1213.804,1232.398
2026-05-11 00:00:00,1232.421,1261.057,1223.773,1251.1
2026-05-11 04:00:00,1251.103,1288.452,1241.8,1282.123
2026-05-11 08:00:00,1281.207,1293.395,1242.075,1245.381
2026-05-11 12:00:00,1245.391,1277.621,1231.139,1277.621
2026-05-11 16:00:00,1277.653,1331.1,1274.511,1312.791
2026-05-11 20:00:00,1312.794,1332.743,1281.519,1293.649
2026-05-12 00:00:00,1293.667,1345.645,1287.123,1343.266
2026-05-12 04:00:00,1343.276,1368.515,1324.886,1334.323
2026-05-12 08:00:00,1334.333,1350.815,1310.978,1342.841
2026-05-12 12:00:00,1342.856,1355.94,1323.712,1326.79
2026-05-12 16:00:00,1326.799,1327.553,1282.518,1311.434
2026-05-12 20:00:00,1311.442,1312.11,1269.201,1296.708
2026-05-13 00:00:00,1296.721,1319.298,1267.641,1271.454
2026-05-13 04:00:00,1271.468,1301.223,1267.521,1300.268
2026-05-13 08:00:00,1300.273,1316.788,1265.319,1281.328
2026-05-13 12:00:00,1281.332,1317.772,1259.438,1317.772
2026-05-13 16:00:00,1317.775,1341.929,1315.778,1329.146
2026-05-13 20:00:00,1329.152,1393.043,1325.514,1391.396
2026-05-14 00:00:00,1391.396,1426.178,1389.426,1417.925
2026-05-14 04:00:00,1417.925,1426.547,1390.648,1399.564
2026-05-14 08:00:00,1399.569,1412.39,1368.882,1388.665
2026-05-14 12:00:00,1388.685,1425.641,1384.695,1413.555
2026-05-14 16:00:00,1413.564,1441.006,1407.833,1435.411
2026-05-14 20:00:00,1435.437,1444.89,1395.487,1434.036
2026-05-15 00:00:00,1434.053,1489.312,1420.519,1485.006
2026-05-15 04:00:00,1485.033,1522.801,1485.033,1510.476
2026-05-15 08:00:00,1510.481,1522.313,1447.697,1461.318
2026-05-15 12:00:00,1461.357,1485.632,1451.466,1463.51
2026-05-15 16:00:00,1463.519,1484.367,1443.443,1483.502
2026-05-15 20:00:00,1483.508,1513.843,1461.194,1513.843
2026-05-16 00:00:00,1513.859,1520.521,1451.17,1485.883
2026-05-16 04:00:00,1485.892,1529.81,1479.898,1527.557
2026-05-16 08:00:00,1527.574,1537.578,1459.599,1476.339
2026-05-16 12:00:00,1476.366,1509.679,1464.595,1489.035
2026-05-16 16:00:00,1489.037,1515.541,1476.559,1492.223
2026-05-16 20:00:00,1492.229,1505.388,1455.343,1484.998
2026-05-17 00:00:00,1485.011,1497.584,1447.763,1448.133
2026-05-17 04:00:00,1448.152,1459.154,1434.862,1447.117
2026-05-17 08:00:00,1447.145,1481.071,1439.617,1467.857
2026-05-17 12:00:00,1467.867,1510.346,1467.867,1510.346
2026-05-17 16:00:00,1510.363,1537.008,1493.723,1522.615
2026-05-17 20:00:00,1522.617,1547.245,1508.874,1540.567
2026-05-18 00:00:00,1540.577,1562.868,1535.869,1561.413
2026-05-18 04:00:00,1561.417,1581.653,1518.467,1529.025
2026-05-18 08:00:00,1529.038,1541.92,1477.512,1488.33
2026-05-18 12:00:00,1488.337,1496.348,1411.962,1434.129
2026-05-18 16:00:00,1434.139,1448.597,1418.55,1420.471
2026-05-18 20:00:00,1420.483,1474.866,1420.483,1454.902
2026-05-19 00:00:00,1454.914,1458.633,1411.964,1415.016
2026-05-19 04:00:00,1415.032,1428.859,1390.671,1428.859
2026-05-19 08:00:00,1428.873,1454.133,1414.788,1415.859
2026-05-19 12:00:00,1415.866,1459.648,1415.289,1455.734
2026-05-19 16:00:00,1455.734,1459.234,1388.493,1393.989
2026-05-19 20:00:00,1393.998,1402.274,1366.511,1379.444
2026-05-20 00:00:00,1379.445,1454.848,1365.792,1449.842
2026-05-20 04:00:00,1449.879,1512.449,1439.839,1512.449
2026-05-20 08:00:00,1512.451,1554.963,1503.304,1545.347
2026-05-20 12:00:00,1545.371,1593.205,1542.792,1552.768
2026-05-20 16:00:00,1552.774,1628.983,1552.774,1613.378
2026-05-20 20:00:00,1613.406,1613.45,1549.049,1553.809
2026-05-21 00:00:00,1553.838,1571.493,1512.925,1516.249
2026-05-21 04:00:00,1516.27,1544.523,1507.482,1523.87
2026-05-21 08:00:00,1523.872,1550.728,1439.923,1443.276
2026-05-21 12:00:00,1443.295,1493.033,1430.324,1477.597
2026-05-21 16:00:00,1477.624,1478.831,1436.467,1472.97
2026-05-21 20:00:00,1472.98,1491.785,1450.571,1476.995
2026-05-22 00:00:00,1477.002,1526.608,1472.768,1502.003
2026-05-22 04:00:00,1502.015,1509.913,1445.019,1456.128
2026-05-22 08:00:00,1456.129,1484.161,1454.866,1481.495
2026-05-22 12:00:00,1481.514,1496.429,1459.093,1465.68
2026-05-22 16:00:00,1465.698,1510.317,1461.196,1503.361
2026-05-22 20:00:00,1503.39,1551.81,1492.562,1524.491
2026-05-23 00:00:00,1524.508,1541.302,1500.749,1540.149
2026-05-23 04:00:00,1540.155,1574.707,1534.203,1550.784
2026-05-23 08:00:00,1542.352,1569.715,1535.646,1564.314
2026-05-23 12:00:00,1564.322,1615.178,1555.605,1606.917
2026-05-23 16:00:00,1606.921,1631.015,1598.226,1622.635
2026-05-23 20:00:00,1622.67,1663.879,1608.928,1637.169
2026-05-24 00:00:00,1637.17,1689.124,1636.95,1673.523
2026-05-24 04:00:00,1673.557,1708.891,1646.495,1708.891
2026-05-24 08:00:00,1708.925,1752.432,1697.368,1739.024
2026-05-24 12:00:00,1739.026,1751.73,1692.999,1695.998
2026-05-24 16:00:00,1696.01,1726.6,1666.828,1714.469
2026-05-24 20:00:00,1714.483,1719.406,1667.676,1678.949
2026-05-25 00:00:00,1678.967,1685.282,1601.396,1603.351
2026-05-25 04:00:00,1603.364,1641.159,1573.492,1580.614
2026-05-25 08:00:00,1580.617,1622.153,1571.771,1605.277
2026-05-25 12:00:00,1605.306,1693.179,1605.306,1693.179
2026-05-25 16:00:00,1693.181,1726.578,1679.894,1724.698
2026-05-25 20:00:00,1724.722,1793.13,1720.811,1793.13
2026-05-26 00:00:00,1793.133,1816.298,1782.203,1796.052
2026-05-26 04:00:00,1796.06,1826.099,1786.543,1826.099
2026-05-26 08:00:00,1826.108,1920.366,1826.108,1914.097
2026-05-26 12:00:00,1914.105,1927.172,1865.157,1920.484
2026-05-26 16:00:00,1920.511,1956.894,1894.741,1941.868
2026-05-26 20:00:00,1941.941,1970.237,1915.531,1950.916
2026-05-27 00:00:00,1950.929,1959.757,1881.569,1891.983
2026-05-27 04:00:00,1892.01,1950.926,1890.922,1941.034
2026-05-27 08:00:00,1941.047,1951.79,1861.603,1862.741
2026-05-27 12:00:00,1862.77,1918.562,1853.531,1908.924
2026-05-27 16:00:00,1908.945,1935.737,1896.708,1919.615
2026-05-27 20:00:00,1919.631,1955.134,1911.63,1933.127
2026-05-28 00:00:00,1933.13,1939.454,1880.612,1904.217
2026-05-28 04:00:00,1904.244,1936.186,1904.244,1928.97
2026-05-28 08:00:00,1928.976,1971.319,1919.189,1946.796
2026-05-28 12:00:00,1946.829,2014.404,1922.272,2014.404
2026-05-28 16:00:00,2014.428,2054.946,1979.484,1990.043
2026-05-28 20:00:00,1990.054,2028.813,1986.01,2019.308
2026-05-29 00:00:00,2019.311,2027.152,1987.988,2017.411
2026-05-29 04:00:00,2017.444,2067.51,2012.656,2045.05
2026-05-29 08:00:00,2045.054,2078.869,2003.717,2008.166
2026-05-29 12:00:00,2008.197,2016.163,1914.254,1917.123
2026-05-29 16:00:00,1917.138,1966.358,1917.138,1966.358
2026-05-29 20:00:00,1966.379,1985.661,1920.916,1936.003
2026-05-30 00:00:00,1936.013,1962.204,1909.349,1915.811
2026-05-30 04:00:00,1915.814,1927.268,1861.213,1891.254
2026-05-30 08:00:00,1891.257,1956.119,1891.257,1950.844
2026-05-30 12:00:00,1950.875,1954.22,1893.013,1910.28
2026-05-30 16:00:00,1910.298,1952.038,1904.243,1945.992
2026-05-30 20:00:00,1945.999,1955.26,1894.048,1932.515
2026-05-31 00:00:00,1932.516,1965.964,1919.397,1935.827
2026-05-31 04:00:00,1935.863,1950.568,1893.358,1947.237
2026-05-31 08:00:00,1947.251,1953.373,1888.745,1892.588
2026-05-31 12:00:00,1892.599,1930.804,1879.437,1921.085
2026-05-31 16:00:00,1921.116,1960.299,1872.228,1887.213
2026-05-31 20:00:00,1887.218,1898.005,1836.278,1836.613
2026-06-01 00:00:00,1836.64,1890.437,1827.383,1844.408
2026-06-01 04:00:00,1844.41,1883.038,1819.354,1864.333
2026-06-01 08:00:00,1864.34,1898.875,1843.874,1873.458
2026-06-01 12:00:00,1873.484,1903.002,1847.658,1888.827
2026-06-01 16:00:00,1888.841,1950.093,1887.532,1941.599
2026-06-01 20:00:00,1941.606,1975.543,1932.531,1950.591
2026-06-02 00:00:00,1950.592,2027.836,1950.592,2017.678
2026-06-02 04:00:00,2017.682,2026.673,1983.533,1996.297
2026-06-02 08:00:00,1996.304,2006.81,1913.646,1954.938
2026-06-02 12:00:00,1954.95,2001.105,1946.292,2000.296
2026-06-02 16:00:00,2000.307,2024.248,1897.032,1910.586
2026-06-02 20:00:00,1910.615,1938.113,1884.598,1888.567
2026-06-03 00:00:00,1888.567,1891.611,1748.29,1757.75
2026-06-03 04:00:00,1757.771,1766.036,1698.904,1704.771
2026-06-03 08:00:00,1704.786,1736.949,1697.238,1709.455
2026-06-03 12:00:00,1709.469,1780.026,1709.469,1772.799
2026-06-03 16:00:00,1772.803,1778.558,1725.87,1767.213
2026-06-03 20:00:00,1767.227,1833.252,1767.227,1824.791
2026-06-04 00:00:00,1824.818,1857.039,1787.314,1788.711
2026-06-04 04:00:00,1788.753,1805.888,1759.111,1790.64
2026-06-04 08:00:00,1790.647,1842.989,1790.647,1834.689
2026-06-04 12:00:00,1834.698,1834.952,1777.605,1792.257
2026-06-04 16:00:00,1792.262,1841.812,1783.611,1828.549
2026-06-04 20:00:00,1828.559,1861.693,1812.046,1857.062
2026-06-05 00:00:00,1857.073,1878.338,1826.238,1848.335
2026-06-05 04:00:00,1848.366,1898.331,1847.231,1887.776
2026-06-05 08:00:00,1887.8,1935.46,1880.173,1927.035
2026-06-05 12:00:00,1927.052,1944.684,1813.511,1816.299
2026-06-05 16:00:00,1816.302,1851.865,1738.938,1744.125
2026-06-05 20:00:00,1744.149,1764.878,1690.352,1714.978
2026-06-06 00:00:00,1715.012,1751.334,1696.692,1712.57
2026-06-06 04:00:00,1712.603,1733.646,1704.207,1730.899
2026-06-06 08:00:00,1730.908,1734.889,1689.261,1692.552
2026-06-06 12:00:00,1692.557,1749.639,1670.676,1736.039
2026-06-06 16:00:00,1736.048,1762.969,1721.006,1731.836
2026-06-06 20:00:00,1731.838,1748.367,1712.986,1716.185
2026-06-07 00:00:00,1716.21,1750.386,1707.536,1750.386
2026-06-07 04:00:00,1750.399,1815.28,1750.399,1814.508
2026-06-07 08:00:00,1814.513,1817.285,1755.834,1782.177
2026-06-07 12:00:00,1782.214,1788.247,1732.019,1764.105
2026-06-07 16:00:00,1764.12,1803.676,1736.139,1785.056
2026-06-07 20:00:00,1785.073,1821.585,1770.725,1795.377
2026-06-08 00:00:00,1795.402,1823.511,1748.501,1754.199
2026-06-08 04:00:00,1754.225,1783.519,1732.69,1773.299
2026-06-08 08:00:00,1773.311,1799.481,1742.093,1788.212
2026-06-08 12:00:00,1788.221,1841.085,1780.873,1822.846
2026-06-08 16:00:00,1822.857,1844.565,1795.596,1807.196
2026-06-08 20:00:00,1807.22,1843.736,1801.574,1814.97
2026-06-09 00:00:00,1814.972,1878.667,1814.972,1878.667
2026-06-09 04:00:00,1878.672,1937.637,1861.385,1934.36
2026-06-09 08:00:00,1934.375,1953.417,1906.3,1944.492
2026-06-09 12:00:00,1944.52,1961.803,1922.921,1931.645
2026-06-09 16:00:00,1931.667,1961.106,1925.536,1948.37
2026-06-09 20:00:00,1948.392,1992.276,1936.659,1976.973
2026-06-10 00:00:00,1976.983,2009.085,1918.263,1924.694
2026-06-10 04:00:00,1924.704,1929.562,1828.631,1834.794
2026-06-10 08:00:00,1834.809,1876.606,1828.032,1871.314
2026-06-10 12:00:00,1871.328,1902.171,1825.06,1833.429
2026-06-10 16:00:00,1833.45,1851.945,1801.059,1801.933
2026-06-10 20:00:00,1801.943,1830.902,1783.33,1829.055
2026-06-11 00:00:00,1829.081,1856.148,1812.519,1830.53
2026-06-11 04:00:00,1830.546,1849.116,1787.977,1792.604
2026-06-11 08:00:00,1792.607,1826.64,1782.766,1802.693
2026-06-11 12:00:00,1802.693,1851.749,1783.526,1796.674
2026-06-11 16:00:00,1796.677,1864.929,1787.121,1846.39
2026-06-11 20:00:00,1846.409,1886.662,1834.099,1877.053
2026-06-12 00:00:00,1877.062,1928.325,1870.689,1922.126
2026-06-12 04:00:00,1922.133,1993.239,1922.133,1977.756
2026-06-12 08:00:00,1977.76,1999.596,1959.22,1963.133
2026-06-12 12:00:00,1963.151,2032.35,1957.672,1999.826
2026-06-12 16:00:00,1999.827,2051.0,1992.936,2034.775
2026-06-12 20:00:00,2034.789,2096.531,2022.619,2091.653
2026-06-13 00:00:00,2091.678,2099.05,2032.349,2069.123
2026-06-13 04:00:00,2069.132,2100.619,1994.982,2002.222
2026-06-13 08:00:00,2002.278,2004.931,1891.908,1902.97
2026-06-13 12:00:00,1902.972,1909.813,1842.489,1846.66
2026-06-13 16:00:00,1846.675,1871.122,1816.504,1836.41
2026-06-13 20:00:00,1836.419,1900.433,1833.723,1878.657
2026-06-14 00:00:00,1878.667,1910.687,1860.206,1888.297
2026-06-14 04:00:00,1888.308,1944.242,1858.31,1944.219
2026-06-14 08:00:00,1944.224,2012.806,1926.807,2009.573
2026-06-14 12:00:00,2009.581,2029.568,1967.17,1973.685
2026-06-14 16:00:00,1973.708,1987.155,1852.078,1863.914
2026-06-14 20:00:00,1863.935,1895.538,1826.268,1895.538
2026-06-15 00:00:00,1895.539,1899.406,1817.712,1834.643
2026-06-15 04:00:00,1834.681,1851.381,1789.722,1810.671
2026-06-15 08:00:00,1810.671,1845.055,1802.59,1825.727
2026-06-15 12:00:00,1825.758,1856.222,1807.976,1839.745
2026-06-15 16:00:00,1839.747,1866.99,1759.428,1767.4
2026-06-15 20:00:00,1767.44,1784.714,1742.49,1754.603
2026-06-16 00:00:00,1754.626,1756.507,1733.137,1752.373
2026-06-16 04:00:00,1752.385,1797.147,1736.965,1786.727
2026-06-16 08:00:00,1786.739,1852.791,1786.433,1827.261
2026-06-16 12:00:00,1827.263,1851.017,1815.488,1827.924
2026-06-16 16:00:00,1827.937,1879.558,1815.546,1848.849
2026-06-16 20:00:00,1848.854,1883.25,1832.069,1842.995
2026-06-17 00:00:00,1842.997,1876.233,1802.731,1875.832
2026-06-17 04:00:00,1875.862,1896.312,1851.738,1852.293
2026-06-17 08:00:00,1852.33,1873.834,1817.626,1837.06
2026-06-17 12:00:00,1837.074,1838.235,1739.786,1745.065
2026-06-17 16:00:00,1745.079,1804.732,1728.206,1804.732
2026-06-17 20:00:00,1804.761,1862.565,1789.282,1848.409
2026-06-18 00:00:00,1848.42,1882.109,1837.038,1856.255
2026-06-18 04:00:00,1856.258,1882.859,1825.336,1836.128
2026-06-18 08:00:00,1836.136,1848.346,1800.832,1814.232
2026-06-18 12:00:00,1814.252,1882.59,1800.26,1882.59
2026-06-18 16:00:00,1882.616,1913.229,1861.496,1885.062
2026-06-18 20:00:00,1885.074,1887.754,1824.209,1826.714
2026-06-19 00:00:00,1826.718,1831.172,1736.233,1774.809
2026-06-19 04:00:00,1774.812,1792.569,1745.35,1757.274
2026-06-19 08:00:00,1757.297,1784.065,1737.811,1753.038
2026-06-19 12:00:00,1753.073,1782.98,1746.356,1780.659
2026-06-19 16:00:00,1780.669,1786.4,1726.622,1757.476
2026-06-19 20:00:00,1757.497,1778.746,1737.984,1768.592
2026-06-20 00:00:00,1768.594,1797.998,1730.838,1742.368
2026-06-20 04:00:00,1742.386,1778.377,1724.534,1752.767
2026-06-20 08:00:00,1752.771,1816.108,1739.939,1786.309
2026-06-20 12:00:00,1786.331,1842.507,1786.331,1842.507
2026-06-20 16:00:00,1842.511,1865.309,1816.205,1849.415
2026-06-20 20:00:00,1849.423,1877.46,1831.748,1867.514
2026-06-21 00:00:00,1867.546,1880.407,1820.872,1833.205
2026-06-21 04:00:00,1833.21,1868.265,1827.14,1834.703
2026-06-21 08:00:00,1834.719,1880.757,1814.547,1880.757
2026-06-21 12:00:00,1880.76,1881.097,1831.362,1875.029
2026-06-21 16:00:00,1875.035,1893.022,1804.998,1806.49
2026-06-21 20:00:00,1806.499,1818.523,1778.794,1798.154
2026-06-22 00:00:00,1798.161,1811.715,1755.539,1757.395
2026-06-22 04:00:00,1757.401,1818.996,1749.175,1768.942
2026-06-22 08:00:00,1768.943,1822.437,1766.338,1801.968
2026-06-22 12:00:00,1801.992,1880.589,1801.477,1869.95
2026-06-22 16:00:00,1869.983,1870.985,1799.859,1809.032
2026-06-22 20:00:00,1809.037,1827.67,1794.304,1820.829
2026-06-23 00:00:00,1820.848,1847.346,1801.811,1841.974
2026-06-23 04:00:00,1841.984,1887.996,1836.169,1887.996
2026-06-23 08:00:00,1888.027,1900.894,1836.022,1845.933
2026-06-23 12:00:00,1845.944,1851.293,1732.836,1744.236
2026-06-23 16:00:00,1744.244,1767.179,1703.741,1715.311
2026-06-23 20:00:00,1715.315,1746.689,1692.671,1725.425
2026-06-24 00:00:00,1725.426,1758.689,1716.448,1732.386
2026-06-24 04:00:00,1732.392,1775.232,1720.418,1745.931
2026-06-24 08:00:00,1745.941,1747.046,1699.137,1724.384
2026-06-24 12:00:00,1724.395,1788.148,1723.211,1763.219
2026-06-24 16:00:00,1763.226,1823.402,1760.115,1823.049
2026-06-24 20:00:00,1823.054,1853.346,1820.889,1826.437
2026-06-25 00:00:00,1826.475,1901.891,1825.54,1828.662
2026-06-25 04:00:00,1828.694,1844.692,1806.067,1814.859
2026-06-25 08:00:00,1814.875,1870.113,1810.86,1863.256
2026-06-25 12:00:00,1863.289,1879.883,1836.383,1843.833
2026-06-25 16:00:00,1843.845,1903.974,1832.83,1888.342
2026-06-25 20:00:00,1888.37,1936.239,1877.397,1935.43
2026-06-26 00:00:00,1935.443,1936.429,1853.663,1890.157
2026-06-26 04:00:00,1890.185,1910.117,1856.891,1862.164
2026-06-26 08:00:00,1862.183,1890.636,1852.518,1870.037
2026-06-26 12:00:00,1870.043,1896.51,1835.571,1896.51
2026-06-26 16:00:00,1896.53,1931.379,1888.647,1927.866
2026-06-26 20:00:00,1927.892,1932.793,1870.765,1898.755
2026-06-27 00:00:00,1898.774,1948.314,1895.447,1924.891
2026-06-27 04:00:00,1924.911,1976.56,1895.138,1918.061
2026-06-27 08:00:00,1918.07,1969.774,1898.524,1963.392
2026-06-27 12:00:00,1963.433,2009.972,1950.152,1984.816
2026-06-27 16:00:00,1984.834,2036.697,1952.306,2034.709
2026-06-27 20:00:00,2034.75,2049.117,1952.804,1955.717
2026-06-28 00:00:00,1955.748,1962.527,1916.928,1957.282
2026-06-28 04:00:00,1957.302,1963.277,1898.871,1963.277
2026-06-28 08:00:00,1963.281,2024.042,1963.281,2024.042
2026-06-28 12:00:00,2024.07,2075.22,1986.709,2046.377
2026-06-28 16:00:00,2046.419,2112.575,2034.233,2050.064
2026-06-28 20:00:00,2050.075,2068.421,2006.762,2012.243
2026-06-29 00:00:00,2012.26,2069.475,1992.756,2062.291
2026-06-29 04:00:00,2062.3,2097.938,2040.521,2060.987
2026-06-29 08:00:00,2061.021,2124.535,2060.48,2099.191
2026-06-29 12:00:00,2099.203,2115.414,2031.528,2066.493
2026-06-29 16:00:00,2066.506,2108.355,2033.317,2090.973
2026-06-29 20:00:00,2090.99,2105.166,2011.998,2019.544
2026-06-30 00:00:00,2019.558,2031.496,1938.51,1958.447
2026-06-30 04:00:00,1958.46,2012.203,1958.46,1999.178
2026-06-30 08:00:00,1999.211,2021.951,1923.335,1929.926
2026-06-30 12:00:00,1929.947,1988.077,1916.684,1973.085
2026-06-30 16:00:00,1973.107,2053.925,1973.107,2046.96
2026-06-30 20:00:00,2046.997,2057.99,1989.286,2002.696
2026-07-01 00:00:00,2002.712,2031.862,1974.26,1992.671
2026-07-01 04:00:00,1992.699,2018.454,1950.401,1963.571
2026-07-01 08:00:00,1963.586,1982.075,1892.482,1896.76
2026-07-01 12:00:00,1896.785,1908.925,1843.119,1861.429
2026-07-01 16:00:00,1861.437,1903.816,1849.373,1876.353
2026-07-01 20:00:00,1876.356,1889.208,1788.428,1789.825
2026-07-02 00:00:00,1789.834,1811.095,1737.183,1739.28
2026-07-02 04:00:00,1739.283,1790.684,1735.139,1778.0
2026-07-02 08:00:00,1778.023,1792.936,1740.145,1748.959
2026-07-02 12:00:00,1748.997,1783.618,1730.358,1732.797
2026-07-02 16:00:00,1732.809,1742.823,1675.461,1677.992
2026-07-02 20:00:00,1678.018,1690.102,1652.325,1670.32
2026-07-03 00:00:00,1670.331,1735.306,1663.435,1687.582
2026-07-03 04:00:00,1687.598,1774.38,1683.536,1774.38
2026-07-03 08:00:00,1774.387,1819.388,1762.511,1791.173
2026-07-03 12:00:00,1791.177,1871.415,1780.967,1845.431
2026-07-03 16:00:00,1845.449,1864.161,1826.652,1841.078
2026-07-03 20:00:00,1841.09,1890.556,1834.069,1858.326
2026-07-04 00:00:00,1858.344,1882.438,1842.021,1867.186
2026-07-04 04:00:00,1867.19,1952.011,1867.19,1887.63
2026-07-04 08:00:00,1887.633,1908.739,1864.384,1896.672
2026-07-04 12:00:00,1896.674,1917.604,1865.017,1896.451
2026-07-04 16:00:00,1896.451,1898.225,1837.977,1876.253
2026-07-04 20:00:00,1876.289,1878.078,1799.664,1808.517
2026-07-05 00:00:00,1808.535,1810.075,1706.614,1713.814
2026-07-05 04:00:00,1713.831,1728.796,1686.918,1709.134
2026-07-05 08:00:00,1709.167,1734.744,1690.136,1734.744
2026-07-05 12:00:00,1734.757,1776.944,1727.544,1749.09
2026-07-05 16:00:00,1749.096,1791.532,1739.75,1757.461
2026-07-05 20:00:00,1757.488,1809.348,1748.869,1800.946
2026-07-06 00:00:00,1800.961,1829.426,1771.117,1777.825
2026-07-06 04:00:00,1777.829,1821.124,1755.886,1818.165
2026-07-06 08:00:00,1818.166,1827.553,1788.444,1819.778
2026-07-06 12:00:00,1819.801,1826.278,1741.171,1746.726
2026-07-06 16:00:00,1746.737,1750.326,1683.806,1693.383
2026-07-06 20:00:00,1693.419,1740.764,1627.673,1630.198
2026-07-07 00:00:00,1630.198,1640.192,1580.265,1583.515
2026-07-07 04:00:00,1583.516,1633.846,1572.597,1601.663
2026-07-07 08:00:00,1601.678,1602.825,1516.881,1534.592
2026-07-07 12:00:00,1534.607,1539.195,1496.725,1522.786
2026-07-07 16:00:00,1522.793,1542.137,1493.991,1496.944
2026-07-07 20:00:00,1496.951,1497.81,1474.512,1492.524
2026-07-08 00:00:00,1492.524,1552.277,1482.671,1548.253
2026-07-08 04:00:00,1548.272,1584.991,1529.778,1573.83
2026-07-08 08:00:00,1573.844,1599.812,1564.535,1595.371
2026-07-08 12:00:00,1595.373,1609.72,1575.977,1587.144
2026-07-08 16:00:00,1587.156,1589.468,1529.275,1534.607
2026-07-08 20:00:00,1534.611,1561.377,1509.6,1534.416
2026-07-09 00:00:00,1534.422,1547.641,1520.262,1544.131
2026-07-09 04:00:00,1544.136,1599.36,1539.059,1587.355
2026-07-09 08:00:00,1587.368,1598.019,1530.104,1534.287
2026-07-09 12:00:00,1534.291,1560.68,1501.736,1503.509
2026-07-09 16:00:00,1503.515,1541.338,1488.397,1539.602
2026-07-09 20:00:00,1539.618,1548.545,1515.151,1529.627
2026-07-10 00:00:00,1529.631,1535.659,1494.971,1525.157
2026-07-10 04:00:00,1525.158,1567.317,1515.668,1551.828
2026-07-10 08:00:00,1551.851,1564.833,1500.21,1507.63
2026-07-10 12:00:00,1507.652,1542.577,1502.986,1506.453
2026-07-10 16:00:00,1506.47,1586.012,1500.666,1582.593
2026-07-10 20:00:00,1582.614,1631.745,1579.586,1618.788
2026-07-11 00:00:00,1618.791,1693.029,1606.877,1681.974
2026-07-11 04:00:00,1681.979,1708.701,1673.21,1688.186
2026-07-11 08:00:00,1688.188,1689.915,1621.252,1634.389
2026-07-11 12:00:00,1634.398,1696.215,1625.238,1696.215
2026-07-11 16:00:00,1696.238,1776.252,1696.238,1767.152
2026-07-11 20:00:00,1767.18,1826.664,1765.369,1826.173
2026-07-12 00:00:00,1826.22,1829.375,1764.672,1777.77
2026-07-12 04:00:00,1777.772,1787.138,1728.766,1728.985
2026-07-12 08:00:00,1728.991,1732.386,1652.894,1684.22
2026-07-12 12:00:00,1684.226,1692.304,1652.928,1682.674
2026-07-12 16:00:00,1682.689,1715.42,1673.167,1715.42
2026-07-12 20:00:00,1715.43,1723.104,1679.724,1718.38
2026-07-13 00:00:00,1718.388,1760.258,1708.753,1754.707
2026-07-13 04:00:00,1754.723,1781.328,1713.925,1724.456
2026-07-13 08:00:00,1724.472,1780.739,1724.472,1780.739
2026-07-13 12:00:00,1780.764,1791.685,1723.181,1755.487
2026-07-13 16:00:00,1755.503,1759.48,1717.813,1733.361
2026-07-13 20:00:00,1733.374,1751.0,1703.225,1743.92
2026-07-14 00:00:00,1743.935,1750.328,1702.55,1732.347
2026-07-14 04:00:00,1732.361,1759.426,1716.384,1728.496
2026-07-14 08:00:00,1728.499,1762.205,1716.313,1724.851
2026-07-14 12:00:00,1724.854,1742.321,1691.063,1691.574
2026-07-14 16:00:00,1691.575,1714.121,1668.987,1692.915
2026-07-14 20:00:00,1692.961,1738.374,1678.991,1712.297
2026-07-15 00:00:00,1712.313,1726.589,1660.667,1661.052
2026-07-15 04:00:00,1661.076,1689.277,1640.537,1682.881
2026-07-15 08:00:00,1682.895,1692.594,1635.92,1668.92
2026-07-15 12:00:00,1668.939,1675.501,1595.506,1596.04
2026-07-15 16:00:00,1596.044,1615.267,1584.487,1594.111
2026-07-15 20:00:00,1594.123,1639.458,1594.123,1625.814
2026-07-16 00:00:00,1625.817,1663.769,1611.006,1663.769
2026-07-16 04:00:00,1663.774,1687.881,1620.03,1628.969
2026-07-16 08:00:00,1628.972,1643.707,1588.088,1604.753
2026-07-16 12:00:00,1604.757,1627.54,1595.099,1616.587
2026-07-16 16:00:00,1616.597,1622.309,1551.953,1572.399
2026-07-16 20:00:00,1572.41,1595.335,1547.157,1595.335
2026-07-17 00:00:00,1595.351,1654.516,1591.313,1646.496
2026-07-17 04:00:00,1646.505,1648.121,1593.014,1621.198
2026-07-17 08:00:00,1621.215,1633.296,1590.152,1607.538
2026-07-17 12:00:00,1607.539,1616.732,1556.215,1561.334
2026-07-17 16:00:00,1561.341,1612.347,1542.72,1594.089
2026-07-17 20:00:00,1594.094,1629.603,1561.016,1629.603
2026-07-18 00:00:00,1629.625,1680.937,1629.625,1680.142
2026-07-18 04:00:00,1680.144,1712.192,1668.937,1700.733
2026-07-18 08:00:00,1700.741,1799.234,1696.56,1796.398
2026-07-18 12:00:00,1796.418,1855.44,1779.083,1814.693
2026-07-18 16:00:00,1814.703,1847.019,1785.394,1841.611
2026-07-18 20:00:00,1841.623,1912.537,1840.427,1899.185
2026-07-19 00:00:00,1899.191,1983.855,1889.513,1978.836
2026-07-19 04:00:00,1978.864,1985.131,1923.623,1935.314
2026-07-19 08:00:00,1935.337,1941.388,1867.374,1886.314
2026-07-19 12:00:00,1886.329,1888.578,1791.379,1808.167
2026-07-19 16:00:00,1808.211,1872.336,1808.211,1845.335
2026-07-19 20:00:00,1845.362,1881.518,1825.625,1866.175
2026-07-20 00:00:00,1866.188,1871.968,1820.619,1847.101
2026-07-20 04:00:00,1847.123,1896.382,1837.483,1895.325
2026-07-20 08:00:00,1895.349,1900.252,1831.298,1858.178
2026-07-20 12:00:00,1858.179,1895.798,1827.677,1837.868
2026-07-20 16:00:00,1837.877,1882.678,1826.69,1856.376
2026-07-20 20:00:00,1856.39,1876.265,1830.915,1861.456
2026-07-21 00:00:00,1861.457,1869.74,1813.439,1836.879
2026-07-21 04:00:00,1836.882,1873.312,1828.558,1830.052
2026-07-21 08:00:00,1830.059,1855.879,1800.205,1816.848
2026-07-21 12:00:00,1816.864,1860.547,1814.577,1847.753
2026-07-21 16:00:00,1847.776,1864.578,1828.893,1834.989
2026-07-21 20:00:00,1834.994,1886.862,1834.994,1866.193
2026-07-22 00:00:00,1866.217,1897.407,1855.921,1872.845
2026-07-22 04:00:00,1872.871,1933.999,1872.871,1909.514
2026-07-22 08:00:00,1909.542,1921.219,1820.115,1843.454
2026-07-22 12:00:00,1843.488,1884.614,1833.215,1839.138
2026-07-22 16:00:00,1839.154,1890.823,1839.154,1872.472
2026-07-22 20:00:00,1872.476,1886.347,1804.323,1811.119
2026-07-23 00:00:00,1811.143,1831.236,1784.016,1797.276
2026-07-23 04:00:00,1797.287,1810.184,1765.499,1774.984
2026-07-23 08:00:00,1774.999,1800.971,1754.591,1791.232
2026-07-23 12:00:00,1791.233,1866.36,1787.646,1844.128
2026-07-23 16:00:00,1844.143,1871.682,1825.418,1850.641
2026-07-23 20:00:00,1850.684,1904.18,1849.133,1892.049
2026-07-24 00:00:00,1892.058,1905.781,1851.284,1852.085
2026-07-24 04:00:00,1852.096,1856.441,1812.854,1844.495
2026-07-24 08:00:00,1844.502,1900.02,1843.801,1871.109
2026-07-24 12:00:00,1871.119,1886.801,1838.12,1880.896
2026-07-24 16:00:00,1880.918,1883.619,1828.23,1879.634
2026-07-24 20:00:00,1879.676,1901.287,1821.199,1846.647
2026-07-25 00:00:00,1846.666,1873.3,1828.904,1873.3
2026-07-25 04:00:00,1873.327,1974.462,1873.327,1974.462
2026-07-25 08:00:00,1974.481,1989.982,1939.332,1940.4
2026-07-25 12:00:00,1940.412,1982.128,1932.548,1954.788
2026-07-25 16:00:00,1954.809,2006.541,1942.301,1981.354
2026-07-25 20:00:00,1981.358,2014.346,1949.503,1987.794
2026-07-26 00:00:00,1987.849,2026.559,1966.649,2006.698
2026-07-26 04:00:00,2006.72,2062.007,2006.72,2046.777
2026-07-26 08:00:00,2046.814,2086.948,2031.453,2036.446
2026-07-26 12:00:00,2036.472,2121.13,2030.144,2117.912
2026-07-26 16:00:00,2117.955,2166.784,2103.445,2166.784
2026-07-26 20:00:00,2166.793,2181.122,2128.775,2132.118
2026-07-27 00:00:00,2132.143,2152.238,2092.308,2119.579
2026-07-27 04:00:00,2119.579,2128.709,2071.848,2115.297
2026-07-27 08:00:00,2115.324,2115.366,2003.425,2026.553
2026-07-27 12:00:00,2026.59,2103.258,2026.59,2072.817
2026-07-27 16:00:00,2072.825,2131.042,2065.703,2131.042
2026-07-27 20:00:00,2131.063,2136.065,2019.547,2038.355
2026-07-28 00:00:00,2038.375,2098.131,2037.386,2098.131
2026-07-28 04:00:00,2098.136,2113.454,2063.953,2112.056
2026-07-28 08:00:00,2112.088,2158.166,2089.814,2144.437
2026-07-28 12:00:00,2144.456,2152.329,2096.123,2123.101
2026-07-28 16:00:00,2123.102,2126.871,2015.067,2032.878
2026-07-28 20:00:00,2032.894,2085.708,2031.013,2044.285
2026-07-29 00:00:00,2044.288,2096.661,2037.582,2068.038
2026-07-29 04:00:00,2068.078,2121.614,2065.078,2101.615
2026-07-29 08:00:00,2101.642,2138.048,2077.46,2117.252
2026-07-29 12:00:00,2117.266,2161.158,2111.633,2150.982
2026-07-29 16:00:00,2150.985,2193.708,2134.106,2163.999
2026-07-29 20:00:00,2164.001,2193.23,2118.394,2146.848
2026-07-30 00:00:00,2146.867,2184.326,2135.069,2139.805
2026-07-30 04:00:00,2139.857,2167.559,2052.26,2072.307
2026-07-30 08:00:00,2072.345,2095.893,2054.055,2068.028
2026-07-30 12:00:00,2068.066,2113.717,2055.069,2080.445
2026-07-30 16:00:00,2080.464,2099.363,2048.858,2084.926
2026-07-30 20:00:00,2084.963,2137.596,2079.84,2121.866
2026-07-31 00:00:00,2121.898,2152.173,2099.957,2101.737
2026-07-31 04:00:00,2101.741,2162.863,2098.793,2162.863
2026-07-31 08:00:00,2162.911,2179.618,2119.422,2178.275
2026-07-31 12:00:00,2178.3,2184.379,2091.605,2108.875
2026-07-31 16:00:00,2108.914,2129.965,2063.872,2079.01
2026-07-31 20:00:00,2079.019,2093.879,2037.198,2091.076
2026-08-01 00:00:00,2091.093,2117.124,2062.871,2079.833
2026-08-01 04:00:00,2079.869,2128.331,2062.385,2118.151
2026-08-01 08:00:00,2118.183,2146.977,2082.918,2146.977
2026-08-01 12:00:00,2146.979,2164.46,2120.397,2137.668
2026-08-01 16:00:00,2137.675,2191.671,2119.62,2170.863
2026-08-01 20:00:00,2170.868,2195.219,2132.833,2175.543
2026-08-02 00:00:00,2175.558,2214.566,2150.822,2151.223
2026-08-02 04:00:00,2151.257,2178.62,2087.905,2091.839
2026-08-02 08:00:00,2091.873,2122.655,2014.927,2015.435
2026-08-02 12:00:00,2015.456,2041.114,1960.827,1989.481
2026-08-02 16:00:00,1989.487,2000.204,1933.593,1952.269
2026-08-02 20:00:00,1952.271,1988.314,1929.239,1985.833
2026-08-03 00:00:00,1985.867,2034.843,1975.648,2013.645
2026-08-03 04:00:00,2013.674,2036.37,1991.42,2029.288
2026-08-03 08:00:00,2029.307,2145.961,2020.997,2145.961
2026-08-03 12:00:00,2145.978,2181.873,2114.363,2179.004
2026-08-03 16:00:00,2179.037,2274.245,2141.925,2245.227
2026-08-03 20:00:00,2245.239,2276.6,2203.031,2205.641
2026-08-04 00:00:00,2205.653,2251.253,2189.875,2249.933
2026-08-04 04:00:00,2249.934,2250.897,2165.897,2204.068
2026-08-04 08:00:00,2204.073,2239.279,2198.431,2211.86
2026-08-04 12:00:00,2211.884,2222.484,2132.612,2171.451
2026-08-04 16:00:00,2171.471,2221.749,2157.569,2218.282
2026-08-04 20:00:00,2218.299,2237.479,2168.31,2195.598
2026-08-05 00:00:00,2195.618,2249.691,2182.623,2192.633
2026-08-05 04:00:00,2192.669,2199.449,2109.773,2148.689
2026-08-05 08:00:00,2148.72,2236.979,2144.183,2236.979
2026-08-05 12:00:00,2236.984,2305.109,2197.622,2250.367
2026-08-05 16:00:00,2250.405,2255.788,2169.991,2209.551
2026-08-05 20:00:00,2209.568,2220.224,2159.95,2187.502
2026-08-06 00:00:00,2187.526,2187.823,2126.414,2169.767
2026-08-06 04:00:00,2169.771,2176.43,2107.397,2150.603
2026-08-06 08:00:00,2150.61,2170.469,2116.339,2132.657
2026-08-06 12:00:00,2132.688,2203.938,2130.806,2156.423
2026-08-06 16:00:00,2156.425,2169.974,2127.576,2165.437
2026-08-06 20:00:00,2165.468,2190.926,2114.725,2152.162
2026-08-07 00:00:00,2152.182,2159.968,2110.341,2124.025
2026-08-07 04:00:00,2124.038,2165.37,2115.567,2140.879
2026-08-07 08:00:00,2140.9,2144.979,2042.77,2057.524
2026-08-07 12:00:00,2057.536,2069.364,1997.555,2034.328
2026-08-07 16:00:00,2034.354,2067.801,2019.502,2025.95
2026-08-07 20:00:00,2025.964,2034.344,1920.603,1924.814
2026-08-08 00:00:00,1924.842,1958.191,1908.823,1913.079
2026-08-08 04:00:00,1913.09,1924.461,1838.465,1843.565
2026-08-08 08:00:00,1843.567,1922.382,1842.95,1884.005
2026-08-08 12:00:00,1884.011,1952.098,1884.011,1942.53
2026-08-08 16:00:00,1942.545,1949.881,1848.682,1860.013
2026-08-08 20:00:00,1860.021,1869.526,1795.021,1813.599
2026-08-09 00:00:00,1813.61,1837.028,1796.854,1837.028
2026-08-09 04:00:00,1837.051,1889.992,1834.743,1871.445
2026-08-09 08:00:00,1871.459,1884.355,1839.27,1860.498
2026-08-09 12:00:00,1860.508,1878.808,1831.443,1852.419
2026-08-09 16:00:00,1852.448,1875.633,1826.597,1870.977
2026-08-09 20:00:00,1870.997,1899.868,1822.883,1823.94
2026-08-10 00:00:00,1823.985,1857.975,1803.659,1804.124
2026-08-10 04:00:00,1804.141,1816.857,1754.254,1779.68
2026-08-10 08:00:00,1779.689,1784.962,1758.904,1780.322
2026-08-10 12:00:00,1780.333,1805.396,1766.671,1773.732
2026-08-10 16:00:00,1773.741,1783.436,1749.664,1753.537
2026-08-10 20:00:00,1753.553,1757.551,1724.796,1725.841
2026-08-11 00:00:00,1725.849,1737.868,1668.677,1675.058
2026-08-11 04:00:00,1675.073,1718.685,1654.818,1700.614
2026-08-11 08:00:00,1700.627,1709.628,1650.763,1665.863
2026-08-11 12:00:00,1665.869,1692.379,1654.826,1674.289
2026-08-11 16:00:00,1674.295,1701.198,1658.839,1672.93
2026-08-11 20:00:00,1672.944,1707.358,1669.762,1707.358
2026-08-12 00:00:00,1707.381,1749.274,1696.894,1743.364
2026-08-12 04:00:00,1743.376,1759.4,1692.921,1730.724
2026-08-12 08:00:00,1730.736,1754.027,1664.531,1674.185
2026-08-12 12:00:00,1674.212,1688.585,1632.998,1673.014
2026-08-12 16:00:00,1673.035,1706.067,1654.108,1659.745
2026-08-12 20:00:00,1659.764,1693.656,1632.251,1683.276
2026-08-13 00:00:00,1683.301,1714.462,1676.132,1689.219
2026-08-13 04:00:00,1689.238,1707.037,1653.162,1670.195
2026-08-13 08:00:00,1670.195,1708.805,1648.276,1669.476
2026-08-13 12:00:00,1669.477,1672.69,1644.777,1663.345
2026-08-13 16:00:00,1663.355,1682.421,1649.047,1670.803
2026-08-13 20:00:00,1670.824,1683.35,1619.545,1624.727
2026-08-14 00:00:00,1624.751,1630.48,1584.454,1590.408
2026-08-14 04:00:00,1590.41,1659.381,1585.22,1656.044
2026-08-14 08:00:00,1656.057,1697.333,1631.131,1691.261
2026-08-14 12:00:00,1691.271,1705.021,1638.311,1640.488
2026-08-14 16:00:00,1640.509,1651.653,1605.412,1626.807
2026-08-14 20:00:00,1626.823,1635.534,1586.884,1591.424
2026-08-15 00:00:00,1591.455,1607.249,1525.26,1551.43
2026-08-15 04:00:00,1551.454,1571.113,1531.496,1559.472
2026-08-15 08:00:00,1559.48,1611.795,1555.739,1611.698
2026-08-15 12:00:00,1611.71,1624.027,1584.455,1593.062
2026-08-15 16:00:00,1593.075,1603.356,1571.832,1603.356
2026-08-15 20:00:00,1603.364,1632.065,1587.894,1632.065
2026-08-16 00:00:00,1632.07,1663.063,1604.904,1629.892
2026-08-16 04:00:00,1629.897,1656.195,1610.052,1656.195
2026-08-16 08:00:00,1656.199,1677.236,1631.49,1632.114
2026-08-16 12:00:00,1632.126,1672.301,1627.14,1657.616
2026-08-16 16:00:00,1657.639,1660.602,1616.017,1638.723
2026-08-16 20:00:00,1638.748,1653.488,1542.696,1546.367
2026-08-17 00:00:00,1546.386,1596.241,1538.083,1596.241
2026-08-17 04:00:00,1596.243,1631.041,1595.73,1599.727
2026-08-17 08:00:00,1599.738,1674.48,1599.738,1672.193
2026-08-17 12:00:00,1672.212,1680.672,1630.122,1636.354
2026-08-17 16:00:00,1636.379,1689.452,1634.977,1671.543
2026-08-17 20:00:00,1671.544,1679.873,1619.453,1631.899
2026-08-18 00:00:00,1631.937,1676.609,1628.717,1659.085
2026-08-18 04:00:00,1659.091,1659.654,1604.786,1607.383
2026-08-18 08:00:00,1607.384,1650.574,1595.82,1647.644
2026-08-18 12:00:00,1647.664,1679.306,1631.183,1654.873
2026-08-18 16:00:00,1654.877,1658.577,1594.386,1613.743
2026-08-18 20:00:00,1613.76,1630.09,1548.244,1553.617
2026-08-19 00:00:00,1553.624,1564.542,1533.419,1556.386
2026-08-19 04:00:00,1556.387,1568.25,1531.497,1553.888
2026-08-19 08:00:00,1553.894,1569.684,1501.272,1505.758
2026-08-19 12:00:00,1505.782,1541.404,1477.718,1480.711
2026-08-19 16:00:00,1480.721,1490.619,1421.411,1428.157
2026-08-19 20:00:00,1428.172,1440.728,1400.866,1435.483
2026-08-20 00:00:00,1435.488,1456.946,1424.169,1425.936
2026-08-20 04:00:00,1425.94,1498.622,1415.133,1498.622
2026-08-20 08:00:00,1498.627,1519.251,1476.036,1481.144
2026-08-20 12:00:00,1481.148,1505.607,1466.64,1486.677
2026-08-20 16:00:00,1486.685,1523.191,1477.702,1517.908
2026-08-20 20:00:00,1517.911,1533.407,1460.176,1462.326
2026-08-21 00:00:00,1462.34,1494.418,1460.704,1483.271
2026-08-21 04:00:00,1483.283,1484.962,1399.189,1404.32
2026-08-21 08:00:00,1404.322,1411.186,1339.08,1354.124
2026-08-21 12:00:00,1354.136,1419.95,1354.136,1418.925
2026-08-21 16:00:00,1418.947,1461.832,1414.133,1456.341
2026-08-21 20:00:00,1456.36,1474.749,1442.722,1460.582
2026-08-22 00:00:00,1460.599,1503.071,1456.84,1486.892
2026-08-22 04:00:00,1486.909,1534.606,1476.141,1518.749
2026-08-22 08:00:00,1518.754,1553.888,1513.889,1526.272
2026-08-22 12:00:00,1526.277,1539.685,1492.244,1522.838
2026-08-22 16:00:00,1522.838,1581.644,1522.838,1559.79
2026-08-22 20:00:00,1559.802,1599.567,1551.107,1599.567
2026-08-23 00:00:00,1599.572,1616.644,1544.861,1545.425
2026-08-23 04:00:00,1545.427,1573.743,1532.499,1557.878
2026-08-23 08:00:00,1557.884,1602.568,1549.594,1575.97
2026-08-23 12:00:00,1575.974,1611.61,1575.974,1611.61
2026-08-23 16:00:00,1611.618,1618.906,1535.429,1537.06
2026-08-23 20:00:00,1537.069,1540.339,1473.142,1474.622
2026-08-24 00:00:00,1474.644,1488.181,1458.832,1470.065
2026-08-24 04:00:00,1470.081,1518.721,1457.157,1504.896
2026-08-24 08:00:00,1504.897,1544.781,1504.897,1542.633
2026-08-24 12:00:00,1542.642,1563.837,1526.572,1538.851
2026-08-24 16:00:00,1538.869,1607.026,1538.869,1603.139
2026-08-24 20:00:00,1603.143,1624.177,1557.699,1558.12
2026-08-25 00:00:00,1558.143,1565.861,1521.804,1565.861
2026-08-25 04:00:00,1565.875,1599.739,1555.006,1564.053
2026-08-25 08:00:00,1564.061,1579.115,1520.59,1547.82
2026-08-25 12:00:00,1547.825,1593.169,1542.109,1569.573
2026-08-25 16:00:00,1569.577,1581.277,1543.534,1573.621
2026-08-25 20:00:00,1573.64,1600.526,1535.42,1550.811
2026-08-26 00:00:00,1550.813,1581.532,1547.572,1574.202
2026-08-26 04:00:00,1574.211,1616.911,1573.3,1592.348
2026-08-26 08:00:00,1592.349,1642.749,1581.9,1636.395
2026-08-26 12:00:00,1636.41,1658.491,1624.475,1625.125
2026-08-26 16:00:00,1625.134,1640.872,1597.312,1624.374
2026-08-26 20:00:00,1624.395,1694.141,1619.746,1685.907
2026-08-27 00:00:00,1685.935,1688.324,1630.334,1652.037
2026-08-27 04:00:00,1652.042,1671.467,1589.087,1596.471
2026-08-27 08:00:00,1596.485,1610.704,1513.524,1539.213
2026-08-27 12:00:00,1539.221,1579.52,1525.072,1555.808
2026-08-27 16:00:00,1555.811,1609.252,1555.811,1576.153
2026-08-27 20:00:00,1576.167,1589.02,1553.95,1585.892
2026-08-28 00:00:00,1585.9,1598.522,1569.154,1577.927
2026-08-28 04:00:00,1577.948,1588.833,1547.12,1556.446
2026-08-28 08:00:00,1556.462,1558.11,1495.697,1501.274
2026-08-28 12:00:00,1501.292,1520.883,1489.486,1520.883
2026-08-28 16:00:00,1520.891,1593.577,1498.657,1592.078
2026-08-28 20:00:00,1592.095,1656.494,1585.232,1643.174
2026-08-29 00:00:00,1643.194,1692.44,1639.315,1686.639
2026-08-29 04:00:00,1686.649,1697.398,1661.309,1679.67
2026-08-29 08:00:00,1679.686,1695.198,1640.476,1649.849
2026-08-29 12:00:00,1649.851,1664.562,1597.167,1619.729
2026-08-29 16:00:00,1619.738,1700.002,1619.738,1688.586
2026-08-29 20:00:00,1688.591,1696.8,1659.74,1694.478
2026-08-30 00:00:00,1694.488,1699.979,1647.426,1668.636
2026-08-30 04:00:00,1668.661,1700.451,1647.706,1693.773
2026-08-30 08:00:00,1693.777,1739.644,1685.68,1722.19
2026-08-30 12:00:00,1722.214,1737.336,1692.889,1731.394
2026-08-30 16:00:00,1731.406,1788.204,1725.013,1770.037
2026-08-30 20:00:00,1770.054,1783.426,1728.104,1781.858
2026-08-31 00:00:00,1781.875,1796.615,1756.553,1787.419
2026-08-31 04:00:00,1787.432,1803.896,1752.589,1794.572
2026-08-31 08:00:00,1794.594,1814.897,1736.406,1748.914
2026-08-31 12:00:00,1748.927,1790.749,1744.615,1755.492
2026-08-31 16:00:00,1755.518,1806.762,1717.965,1806.762
2026-08-31 20:00:00,1806.771,1807.637,1753.346,1777.637
2026-09-01 00:00:00,1777.65,1784.496,1738.983,1773.18
2026-09-01 04:00:00,1773.186,1779.207,1724.745,1740.294
2026-09-01 08:00:00,1740.313,1765.168,1725.468,1758.143
2026-09-01 12:00:00,1758.177,1788.489,1746.242,1771.382
2026-09-01 16:00:00,1771.419,1843.27,1757.416,1824.528
2026-09-01 20:00:00,1824.546,1845.129,1784.728,1803.48
2026-09-02 00:00:00,1803.505,1877.401,1778.839,1876.854
2026-09-02 04:00:00,1876.871,1901.192,1841.035,1843.034
2026-09-02 08:00:00,1843.044,1883.435,1813.276,1855.151
2026-09-02 12:00:00,1855.174,1880.974,1822.827,1825.781
2026-09-02 16:00:00,1825.797,1835.349,1792.963,1830.1
2026-09-02 20:00:00,1830.109,1851.346,1786.109,1833.15
2026-09-03 00:00:00,1833.175,1836.533,1784.99,1815.341
2026-09-03 04:00:00,1815.347,1836.693,1796.817,1808.609
2026-09-03 08:00:00,1808.62,1825.395,1784.458,1798.695
2026-09-03 12:00:00,1798.7,1882.107,1798.7,1873.348
2026-09-03 16:00:00,1873.348,1884.067,1846.384,1884.067
2026-09-03 20:00:00,1884.079,1885.408,1817.623,1826.336
2026-09-04 00:00:00,1826.339,1859.791,1806.54,1825.232
2026-09-04 04:00:00,1825.276,1869.849,1811.46,1867.499
2026-09-04 08:00:00,1867.512,1903.402,1828.484,1840.443
2026-09-04 12:00:00,1840.446,1903.396,1835.047,1887.837
2026-09-04 16:00:00,1887.841,1927.0,1849.333,1922.672
2026-09-04 20:00:00,1922.698,1959.941,1909.023,1926.049
2026-09-05 00:00:00,1926.083,1951.559,1903.415,1912.679
2026-09-05 04:00:00,1912.691,1965.074,1912.633,1965.074
2026-09-05 08:00:00,1965.098,1991.18,1952.767,1962.861
2026-09-05 12:00:00,1962.891,2001.281,1962.802,1975.613
2026-09-05 16:00:00,1975.629,2022.995,1943.076,2009.432
2026-09-05 20:00:00,2009.439,2069.38,1983.676,2052.793
2026-09-06 00:00:00,2052.83,2066.072,1997.03,2005.85
2026-09-06 04:00:00,2005.867,2098.436,2005.867,2074.859
2026-09-06 08:00:00,2074.867,2191.814,2074.867,2138.095
2026-09-06 12:00:00,2138.109,2192.671,2112.659,2173.775
2026-09-06 16:00:00,2173.805,2243.241,2162.623,2218.544
2026-09-06 20:00:00,2218.568,2221.074,2150.511,2187.145
2026-09-07 00:00:00,2187.153,2209.234,2120.186,2122.279
2026-09-07 04:00:00,2122.286,2127.498,1983.018,1996.632
2026-09-07 08:00:00,1996.635,2004.916,1923.885,1939.591
2026-09-07 12:00:00,1939.602,1950.137,1853.716,1864.461
2026-09-07 16:00:00,1864.477,1931.993,1851.687,1928.687
2026-09-07 20:00:00,1928.7,1960.587,1921.589,1927.075
2026-09-08 00:00:00,1927.089,1935.119,1872.115,1892.117
2026-09-08 04:00:00,1892.141,1912.183,1875.931,1884.752
2026-09-08 08:00:00,1884.77,1919.134,1871.82,1889.219
2026-09-08 12:00:00,1889.257,1929.636,1869.117,1929.636
2026-09-08 16:00:00,1929.656,1992.35,1922.75,1960.248
2026-09-08 20:00:00,1960.256,1971.187,1901.976,1918.739
2026-09-09 00:00:00,1918.755,1974.751,1908.295,1966.114
2026-09-09 04:00:00,1966.135,1976.182,1894.547,1959.764
2026-09-09 08:00:00,1959.769,1987.269,1930.245,1986.724
2026-09-09 12:00:00,1986.749,2006.991,1943.38,1974.607
2026-09-09 16:00:00,1974.616,2074.968,1974.616,2060.732
2026-09-09 20:00:00,2060.779,2073.059,2014.307,2020.169
2026-09-10 00:00:00,2020.186,2095.647,2000.308,2081.664
2026-09-10 04:00:00,2081.669,2088.241,2025.735,2054.825
2026-09-10 08:00:00,2054.846,2114.183,2046.077,2110.262
2026-09-10 12:00:00,2110.281,2115.362,2021.285,2064.77
2026-09-10 16:00:00,2064.783,2118.904,2061.618,2096.033
2026-09-10 20:00:00,2096.051,2124.109,2064.777,2080.483
2026-09-11 00:00:00,2080.521,2124.781,2065.929,2124.781
2026-09-11 04:00:00,2124.797,2160.632,2092.707,2146.809
2026-09-11 08:00:00,2146.828,2201.351,2102.953,2111.592
2026-09-11 12:00:00,2111.614,2144.253,2084.053,2089.385
2026-09-11 16:00:00,2089.396,2094.843,2040.773,2059.935
2026-09-11 20:00:00,2059.942,2075.666,2024.293,2039.677
2026-09-12 00:00:00,2039.687,2128.376,2039.687,2123.883
2026-09-12 04:00:00,2123.89,2168.77,2113.841,2137.615
2026-09-12 08:00:00,2137.62,2142.644,2046.869,2087.004
2026-09-12 12:00:00,2087.005,2116.287,2072.056,2095.474
2026-09-12 16:00:00,2095.482,2134.937,2056.424,2115.722
2026-09-12 20:00:00,2115.75,2139.595,2088.737,2104.508
2026-09-13 00:00:00,2104.564,2105.328,1989.633,2001.838
2026-09-13 04:00:00,2001.84,2029.917,1989.478,2007.771
2026-09-13 08:00:00,2007.783,2052.82,1993.938,2009.976
2026-09-13 12:00:00,2009.99,2030.712,1979.831,2029.193
2026-09-13 16:00:00,2029.202,2072.393,2021.999,2072.393
2026-09-13 20:00:00,2072.408,2121.714,2060.128,2117.111
2026-09-14 00:00:00,2117.136,2180.385,2107.201,2110.787
2026-09-14 04:00:00,2110.813,2122.65,2054.792,2064.278
2026-09-14 08:00:00,2064.298,2094.018,2056.543,2075.596
2026-09-14 12:00:00,2075.629,2107.159,2049.059,2060.627
2026-09-14 16:00:00,2060.631,2131.583,2055.783,2116.28
2026-09-14 20:00:00,2116.311,2158.907,2105.634,2119.07
2026-09-15 00:00:00,2119.095,2137.518,2101.564,2111.099
2026-09-15 04:00:00,2111.102,2136.946,2088.528,2133.587
2026-09-15 08:00:00,2133.59,2169.395,2111.924,2120.057
2026-09-15 12:00:00,2120.073,2123.368,2028.806,2034.693
2026-09-15 16:00:00,2034.695,2034.929,1945.432,1952.288
2026-09-15 20:00:00,1952.301,1993.495,1950.949,1989.355
2026-09-16 00:00:00,1989.364,2055.236,1989.364,2041.932
2026-09-16 04:00:00,2041.961,2090.874,2040.661,2066.609
2026-09-16 08:00:00,2066.635,2078.99,2019.451,2040.844
2026-09-16 12:00:00,2040.845,2061.365,2023.905,2048.689
2026-09-16 16:00:00,2048.697,2092.397,2048.697,2061.869
2026-09-16 20:00:00,2061.9,2076.988,2014.85,2076.988
2026-09-17 00:00:00,2076.991,2081.719,2038.749,2065.485
2026-09-17 04:00:00,2065.509,2070.56,1961.59,1973.882
2026-09-17 08:00:00,1973.887,1986.832,1943.809,1957.975
2026-09-17 12:00:00,1957.982,1990.901,1947.809,1961.592
2026-09-17 16:00:00,1961.601,2024.091,1959.083,2017.349
2026-09-17 20:00:00,2017.357,2017.357,1994.937,2008.622
