timestamp,open,high,low,close
2025-10-18 01:00:00,3023.415,3028.696,3017.794,3027.093
2025-10-18 02:00:00,3027.102,3039.721,3027.102,3034.26
2025-10-18 03:00:00,3034.267,3034.393,3012.541,3021.597
2025-10-18 04:00:00,3021.601,3032.749,3020.11,3024.841
2025-10-18 05:00:00,3024.844,3025.63,3015.091,3021.132
2025-10-18 06:00:00,3021.143,3033.962,3021.143,3033.962
2025-10-18 07:00:00,3033.97,3046.071,3033.97,3041.621
2025-10-18 08:00:00,3041.633,3062.938,3041.633,3062.938
2025-10-18 09:00:00,3062.945,3066.105,3033.497,3046.295
2025-10-18 10:00:00,3046.302,3048.913,3026.657,3028.267
2025-10-18 11:00:00,3028.273,3029.374,3005.32,3006.643
2025-10-18 12:00:00,3006.651,3014.496,3003.187,3014.496
2025-10-18 13:00:00,3014.5,3023.619,3012.767,3014.846
2025-10-18 14:00:00,3014.849,3025.609,3013.522,3025.609
2025-10-18 15:00:00,3025.61,3026.54,3017.048,3017.859
2025-10-18 16:00:00,3017.866,3033.584,3017.866,3031.116
2025-10-18 17:00:00,3031.134,3039.819,3028.813,3036.474
2025-10-18 18:00:00,3036.479,3055.008,3036.479,3055.008
2025-10-18 19:00:00,3055.014,3061.822,3044.138,3051.009
2025-10-18 20:00:00,3051.022,3063.486,3047.511,3061.337
2025-10-18 21:00:00,3061.346,3065.8,3054.148,3065.734
2025-10-18 22:00:00,3065.736,3074.199,3062.782,3074.199
2025-10-18 23:00:00,3074.209,3082.405,3070.078,3076.23
2025-10-19 00:00:00,3076.235,3077.63,3059.174,3067.54
2025-10-19 01:00:00,3067.545,3076.997,3067.545,3074.567
2025-10-19 02:00:00,3074.573,3079.812,3065.41,3073.396
2025-10-19 03:00:00,3073.397,3085.751,3069.526,3076.326
2025-10-19 04:00:00,3076.327,3085.035,3042.248,3043.349
2025-10-19 05:00:00,3043.353,3045.646,3034.697,3041.882
2025-10-19 06:00:00,3041.883,3049.056,3038.557,3047.137
2025-10-19 07:00:00,3047.145,3051.967,3040.523,3047.989
2025-10-19 08:00:00,3047.997,3055.207,3044.051,3055.207
2025-10-19 09:00:00,3055.217,3061.156,3045.912,3059.952
2025-10-19 10:00:00,3059.964,3065.723,3057.975,3062.739
2025-10-19 11:00:00,3062.741,3067.832,3054.476,3056.384
2025-10-19 12:00:00,3056.391,3058.261,3047.502,3054.204
2025-10-19 13:00:00,3054.205,3066.181,3054.205,3066.181
2025-10-19 14:00:00,3066.185,3070.776,3052.244,3056.584
2025-10-19 15:00:00,3056.586,3059.811,3041.527,3045.549
2025-10-19 16:00:00,3045.561,3051.792,3042.771,3048.965
2025-10-19 17:00:00,3048.973,3053.484,3016.444,3017.749
2025-10-19 18:00:00,3017.752,3018.029,3002.207,3010.545
2025-10-19 19:00:00,3010.55,3018.8,3010.55,3014.482
2025-10-19 20:00:00,3014.492,3025.424,3014.38,3025.424
2025-10-19 21:00:00,3025.436,3029.118,3015.54,3024.125
2025-10-19 22:00:00,3024.13,3032.369,3020.266,3031.902
2025-10-19 23:00:00,3031.914,3038.659,3026.682,3027.442
2025-10-20 00:00:00,3027.445,3032.337,3017.912,3032.337
2025-10-20 01:00:00,3032.339,3033.725,3023.104,3031.561
2025-10-20 02:00:00,3031.564,3044.149,3031.564,3039.863
2025-10-20 03:00:00,3039.874,3052.115,3039.272,3047.572
2025-10-20 04:00:00,3047.573,3057.971,3034.573,3037.845
2025-10-20 05:00:00,3037.847,3042.944,3025.052,3030.646
2025-10-20 06:00:00,3030.653,3043.985,3026.956,3028.993
2025-10-20 07:00:00,3029.0,3037.211,3029.0,3037.211
2025-10-20 08:00:00,3037.215,3041.552,3026.047,3027.75
2025-10-20 09:00:00,3027.755,3032.269,3012.403,3014.183
2025-10-20 10:00:00,3014.186,3028.207,3014.186,3024.379
2025-10-20 11:00:00,3024.385,3032.32,3021.44,3030.691
2025-10-20 12:00:00,3030.699,3038.697,3023.117,3037.982
2025-10-20 13:00:00,3037.982,3046.948,3037.452,3045.253
2025-10-20 14:00:00,3045.256,3050.678,3032.627,3034.456
2025-10-20 15:00:00,3034.456,3034.801,3016.827,3028.024
2025-10-20 16:00:00,3028.03,3028.574,3011.227,3016.999
2025-10-20 17:00:00,3017.004,3027.787,3011.758,3016.399
2025-10-20 18:00:00,3016.408,3030.49,3015.065,3030.49
2025-10-20 19:00:00,3030.501,3037.739,3028.187,3033.661
2025-10-20 20:00:00,3033.666,3044.751,3031.878,3044.751
2025-10-20 21:00:00,3044.754,3053.169,3040.903,3048.507
2025-10-20 22:00:00,3048.508,3049.382,3028.193,3030.378
2025-10-20 23:00:00,3030.386,3030.566,3003.945,3005.362
2025-10-21 00:00:00,3005.372,3015.61,3005.372,3015.61
2025-10-21 01:00:00,3015.614,3018.17,3006.802,3015.856
2025-10-21 02:00:00,3015.856,3031.719,3015.856,3031.719
2025-10-21 03:00:00,3031.724,3045.327,3031.724,3041.275
2025-10-21 04:00:00,3041.278,3056.43,3041.278,3056.43
2025-10-21 05:00:00,3056.434,3063.141,3048.269,3052.462
2025-10-21 06:00:00,3052.474,3057.031,3049.336,3053.322
2025-10-21 07:00:00,3053.323,3060.793,3039.992,3042.715
2025-10-21 08:00:00,3042.725,3045.24,3014.312,3015.148
2025-10-21 09:00:00,3015.151,3030.102,3015.151,3026.059
2025-10-21 10:00:00,3026.073,3032.965,3025.459,3031.208
2025-10-21 11:00:00,3031.209,3033.635,3020.476,3033.635
2025-10-21 12:00:00,3033.64,3049.398,3033.64,3039.468
2025-10-21 13:00:00,3039.471,3043.535,3023.142,3027.006
2025-10-21 14:00:00,3027.025,3033.301,3020.182,3026.572
2025-10-21 15:00:00,3026.574,3036.072,3026.36,3036.072
2025-10-21 16:00:00,3036.073,3041.383,3033.181,3037.915
2025-10-21 17:00:00,3037.917,3043.911,3035.635,3036.083
2025-10-21 18:00:00,3036.088,3041.387,3029.162,3029.861
2025-10-21 19:00:00,3029.866,3038.146,3021.863,3038.146
2025-10-21 20:00:00,3038.15,3051.288,3038.15,3051.288
2025-10-21 21:00:00,3051.294,3062.493,3051.294,3061.293
2025-10-21 22:00:00,3061.294,3065.136,3050.124,3055.814
2025-10-21 23:00:00,3055.817,3061.513,3036.482,3036.667
2025-10-22 00:00:00,3036.668,3039.834,3031.657,3035.865
2025-10-22 01:00:00,3035.874,3048.705,3034.859,3047.574
2025-10-22 02:00:00,3047.581,3058.517,3047.581,3052.588
2025-10-22 03:00:00,3052.594,3063.408,3052.594,3060.402
2025-10-22 04:00:00,3060.408,3064.336,3055.922,3058.536
2025-10-22 05:00:00,3058.543,3065.326,3053.192,3055.743
2025-10-22 06:00:00,3055.75,3063.246,3047.318,3059.957
2025-10-22 07:00:00,3059.96,3063.478,3054.702,3063.478
2025-10-22 08:00:00,3063.493,3080.695,3063.493,3079.811
2025-10-22 09:00:00,3079.822,3096.52,3078.118,3096.52
2025-10-22 10:00:00,3096.525,3099.261,3082.484,3083.331
2025-10-22 11:00:00,3083.346,3097.643,3080.966,3097.643
2025-10-22 12:00:00,3097.644,3098.978,3089.18,3093.039
2025-10-22 13:00:00,3093.041,3099.872,3088.204,3096.623
2025-10-22 14:00:00,3096.625,3108.712,3093.66,3108.712
2025-10-22 15:00:00,3108.715,3110.896,3092.749,3098.713
2025-10-22 16:00:00,3098.727,3099.816,3079.46,3080.12
2025-10-22 17:00:00,3080.129,3090.144,3077.372,3077.812
2025-10-22 18:00:00,3077.819,3092.269,3075.737,3092.269
2025-10-22 19:00:00,3092.273,3101.169,3089.093,3101.169
2025-10-22 20:00:00,3101.171,3114.751,3100.384,3101.348
2025-10-22 21:00:00,3101.351,3107.192,3098.286,3104.228
2025-10-22 22:00:00,3104.229,3104.697,3084.859,3089.251
2025-10-22 23:00:00,3089.263,3106.843,3089.263,3104.621
2025-10-23 00:00:00,3104.626,3115.98,3104.059,3112.535
2025-10-23 01:00:00,3112.55,3119.562,3102.344,3105.464
2025-10-23 02:00:00,3105.475,3113.897,3104.595,3110.649
2025-10-23 03:00:00,3110.657,3121.935,3110.657,3121.935
2025-10-23 04:00:00,3121.937,3129.872,3117.761,3129.872
2025-10-23 05:00:00,3129.879,3135.718,3124.519,3131.294
2025-10-23 06:00:00,3131.307,3131.599,3119.674,3120.046
2025-10-23 07:00:00,3120.047,3128.141,3118.084,3121.714
2025-10-23 08:00:00,3121.721,3133.365,3121.285,3132.569
2025-10-23 09:00:00,3132.578,3148.474,3130.613,3146.374
2025-10-23 10:00:00,3146.381,3154.608,3145.027,3145.331
2025-10-23 11:00:00,3145.332,3156.117,3138.573,3139.407
2025-10-23 12:00:00,3139.412,3147.239,3135.996,3143.384
2025-10-23 13:00:00,3143.388,3152.499,3142.094,3148.001
2025-10-23 14:00:00,3148.007,3150.91,3139.774,3141.603
2025-10-23 15:00:00,3141.617,3143.632,3129.296,3134.808
2025-10-23 16:00:00,3134.817,3145.129,3134.817,3143.059
2025-10-23 17:00:00,3143.061,3151.782,3140.862,3145.342
2025-10-23 18:00:00,3145.346,3152.597,3143.315,3149.817
2025-10-23 19:00:00,3149.819,3167.557,3149.819,3165.682
2025-10-23 20:00:00,3165.683,3178.879,3163.932,3174.603
2025-10-23 21:00:00,3174.61,3187.411,3174.61,3183.476
2025-10-23 22:00:00,3183.482,3192.303,3182.155,3185.856
2025-10-23 23:00:00,3185.861,3197.512,3181.77,3197.512
2025-10-24 00:00:00,3197.517,3201.491,3187.624,3199.126
2025-10-24 01:00:00,3199.134,3204.642,3191.203,3204.354
2025-10-24 02:00:00,3204.362,3211.167,3204.348,3209.6
2025-10-24 03:00:00,3209.612,3210.527,3177.038,3179.778
2025-10-24 04:00:00,3179.795,3198.92,3179.795,3198.92
2025-10-24 05:00:00,3198.928,3204.58,3195.388,3202.781
2025-10-24 06:00:00,3202.783,3213.387,3197.581,3204.606
2025-10-24 07:00:00,3204.615,3221.236,3202.337,3218.369
2025-10-24 08:00:00,3218.373,3221.2,3201.289,3204.193
2025-10-24 09:00:00,3204.196,3211.594,3196.523,3209.334
2025-10-24 10:00:00,3209.343,3215.265,3205.745,3214.526
2025-10-24 11:00:00,3214.529,3215.258,3204.994,3208.396
2025-10-24 12:00:00,3208.396,3213.339,3190.968,3192.17
2025-10-24 13:00:00,3192.179,3198.69,3186.001,3192.021
2025-10-24 14:00:00,3192.021,3206.68,3192.021,3206.651
2025-10-24 15:00:00,3206.658,3209.092,3198.65,3209.09
2025-10-24 16:00:00,3209.094,3218.856,3209.094,3213.445
2025-10-24 17:00:00,3213.447,3225.09,3213.447,3222.623
2025-10-24 18:00:00,3222.625,3227.365,3216.375,3221.041
2025-10-24 19:00:00,3221.042,3221.339,3200.959,3211.751
2025-10-24 20:00:00,3211.765,3221.39,3211.765,3217.794
2025-10-24 21:00:00,3217.803,3235.479,3217.106,3217.816
2025-10-24 22:00:00,3217.827,3229.15,3213.661,3217.689
2025-10-24 23:00:00,3217.691,3230.628,3217.691,3230.628
2025-10-25 00:00:00,3230.638,3234.761,3221.834,3223.943
2025-10-25 01:00:00,3223.945,3226.439,3214.74,3226.377
2025-10-25 02:00:00,3226.379,3242.71,3226.379,3242.71
2025-10-25 03:00:00,3242.722,3251.257,3237.315,3249.344
2025-10-25 04:00:00,3249.358,3251.147,3238.305,3250.079
2025-10-25 05:00:00,3250.087,3256.055,3241.846,3243.308
2025-10-25 06:00:00,3243.323,3253.204,3242.319,3248.871
2025-10-25 07:00:00,3248.874,3255.86,3246.82,3250.642
2025-10-25 08:00:00,3250.644,3254.197,3240.653,3254.197
2025-10-25 09:00:00,3254.2,3259.482,3236.929,3238.037
2025-10-25 10:00:00,3238.043,3241.879,3226.956,3238.179
2025-10-25 11:00:00,3238.181,3242.766,3221.644,3222.601
2025-10-25 12:00:00,3222.609,3225.329,3212.061,3219.491
2025-10-25 13:00:00,3219.499,3222.49,3213.234,3219.93
2025-10-25 14:00:00,3219.94,3226.006,3214.181,3216.055
2025-10-25 15:00:00,3216.058,3231.866,3216.058,3230.956
2025-10-25 16:00:00,3230.964,3239.111,3225.126,3237.064
2025-10-25 17:00:00,3237.067,3256.057,3237.067,3256.057
2025-10-25 18:00:00,3256.065,3268.954,3253.816,3268.954
2025-10-25 19:00:00,3268.958,3276.133,3264.837,3266.589
2025-10-25 20:00:00,3266.593,3275.046,3265.947,3268.271
2025-10-25 21:00:00,3268.271,3277.787,3268.098,3270.372
2025-10-25 22:00:00,3270.387,3284.837,3269.41,3284.837
2025-10-25 23:00:00,3284.84,3293.253,3284.742,3285.478
2025-10-26 00:00:00,3285.483,3293.018,3266.358,3266.559
2025-10-26 01:00:00,3266.566,3267.195,3240.654,3244.125
2025-10-26 02:00:00,3244.132,3251.03,3241.818,3251.03
2025-10-26 03:00:00,3251.041,3254.309,3242.478,3249.985
2025-10-26 04:00:00,3249.99,3251.535,3235.28,3236.759
2025-10-26 05:00:00,3236.76,3253.324,3236.76,3253.324
2025-10-26 06:00:00,3253.327,3259.288,3248.05,3252.374
2025-10-26 07:00:00,3252.382,3261.275,3250.536,3259.083
2025-10-26 08:00:00,3259.088,3266.458,3255.288,3258.411
2025-10-26 09:00:00,3258.421,3267.219,3230.649,3230.663
2025-10-26 10:00:00,3230.676,3239.032,3229.538,3238.4
2025-10-26 11:00:00,3238.405,3241.394,3231.722,3241.138
2025-10-26 12:00:00,3241.14,3253.903,3241.14,3248.288
2025-10-26 13:00:00,3248.299,3259.291,3248.299,3256.133
2025-10-26 14:00:00,3256.134,3266.228,3254.726,3266.228
2025-10-26 15:00:00,3266.233,3281.26,3266.233,3281.26
2025-10-26 16:00:00,3281.265,3297.588,3281.265,3295.1
2025-10-26 17:00:00,3295.101,3302.052,3290.935,3301.122
2025-10-26 18:00:00,3301.13,3316.861,3301.013,3305.968
2025-10-26 19:00:00,3305.974,3316.997,3305.974,3312.312
2025-10-26 20:00:00,3312.322,3315.902,3303.165,3315.902
2025-10-26 21:00:00,3315.906,3325.179,3312.995,3325.179
2025-10-26 22:00:00,3325.188,3331.206,3315.035,3316.745
2025-10-26 23:00:00,3316.753,3332.61,3312.593,3332.61
2025-10-27 00:00:00,3332.61,3341.338,3332.61,3337.559
2025-10-27 01:00:00,3337.574,3343.395,3335.096,3339.54
2025-10-27 02:00:00,3339.547,3349.133,3339.547,3346.943
2025-10-27 03:00:00,3346.949,3363.329,3346.949,3363.329
2025-10-27 04:00:00,3363.338,3376.959,3359.692,3376.921
2025-10-27 05:00:00,3376.932,3378.38,3351.283,3355.424
2025-10-27 06:00:00,3355.427,3356.639,3336.657,3340.883
2025-10-27 07:00:00,3340.888,3355.305,3340.888,3355.063
2025-10-27 08:00:00,3355.068,3356.991,3323.829,3327.052
2025-10-27 09:00:00,3327.055,3335.549,3324.548,3332.119
2025-10-27 10:00:00,3332.133,3332.651,3309.353,3311.769
2025-10-27 11:00:00,3311.772,3316.593,3307.2,3311.827
2025-10-27 12:00:00,3311.828,3320.55,3309.942,3320.058
2025-10-27 13:00:00,3320.067,3326.882,3307.765,3309.935
2025-10-27 14:00:00,3309.944,3324.961,3309.944,3316.438
2025-10-27 15:00:00,3316.44,3321.497,3308.109,3321.497
2025-10-27 16:00:00,3321.503,3332.125,3319.992,3325.926
2025-10-27 17:00:00,3325.936,3327.094,3306.083,3314.917
2025-10-27 18:00:00,3314.92,3315.94,3300.751,3308.709
2025-10-27 19:00:00,3308.711,3314.886,3304.508,3306.941
2025-10-27 20:00:00,3306.948,3314.234,3305.423,3314.234
2025-10-27 21:00:00,3314.237,3325.458,3314.237,3322.166
2025-10-27 22:00:00,3322.181,3325.531,3314.042,3325.511
2025-10-27 23:00:00,3325.514,3345.07,3325.514,3345.07
2025-10-28 00:00:00,3345.081,3345.639,3330.69,3339.953
2025-10-28 01:00:00,3339.962,3342.682,3325.639,3330.377
2025-10-28 02:00:00,3330.386,3343.402,3329.865,3343.402
2025-10-28 03:00:00,3343.408,3347.442,3331.58,3341.354
2025-10-28 04:00:00,3341.363,3352.194,3341.363,3349.908
2025-10-28 05:00:00,3349.919,3354.96,3341.826,3345.636
2025-10-28 06:00:00,3345.65,3347.951,3329.85,3337.101
2025-10-28 07:00:00,3337.111,3348.11,3331.614,3348.11
2025-10-28 08:00:00,3348.113,3365.157,3348.113,3365.157
2025-10-28 09:00:00,3365.163,3373.992,3362.669,3373.992
2025-10-28 10:00:00,3374.005,3386.622,3374.005,3381.207
2025-10-28 11:00:00,3381.212,3381.861,3350.756,3354.024
2025-10-28 12:00:00,3354.038,3355.151,3343.166,3346.758
2025-10-28 13:00:00,3346.763,3353.181,3336.904,3349.32
2025-10-28 14:00:00,3349.324,3361.596,3342.668,3343.716
2025-10-28 15:00:00,3343.724,3347.153,3319.996,3322.56
2025-10-28 16:00:00,3322.567,3337.805,3322.567,3334.985
2025-10-28 17:00:00,3334.985,3340.806,3328.689,3340.806
2025-10-28 18:00:00,3340.816,3354.212,3340.816,3350.057
2025-10-28 19:00:00,3350.076,3355.492,3343.568,3353.215
2025-10-28 20:00:00,3353.223,3364.407,3351.375,3364.407
2025-10-28 21:00:00,3364.408,3366.441,3341.425,3348.65
2025-10-28 22:00:00,3348.654,3349.361,3332.867,3340.98
2025-10-28 23:00:00,3340.982,3346.904,3335.782,3336.805
2025-10-29 00:00:00,3336.807,3338.449,3322.245,3323.253
2025-10-29 01:00:00,3323.259,3326.404,3314.936,3323.848
2025-10-29 02:00:00,3323.854,3323.975,3306.005,3309.727
2025-10-29 03:00:00,3309.737,3320.959,3309.261,3312.957
2025-10-29 04:00:00,3312.971,3313.196,3290.44,3301.714
2025-10-29 05:00:00,3301.731,3315.102,3300.476,3315.102
2025-10-29 06:00:00,3315.12,3328.524,3312.146,3328.524
2025-10-29 07:00:00,3328.534,3338.814,3322.558,3338.814
2025-10-29 08:00:00,3338.82,3348.755,3334.648,3346.589
2025-10-29 09:00:00,3346.593,3361.76,3346.353,3361.76
2025-10-29 10:00:00,3361.762,3371.03,3360.519,3367.002
2025-10-29 11:00:00,3367.007,3369.578,3353.75,3361.515
2025-10-29 12:00:00,3361.522,3369.696,3359.934,3361.512
2025-10-29 13:00:00,3361.513,3369.214,3344.151,3346.04
2025-10-29 14:00:00,3346.052,3362.747,3344.687,3362.747
2025-10-29 15:00:00,3362.758,3377.949,3362.758,3371.369
2025-10-29 16:00:00,3371.379,3382.911,3371.379,3382.911
2025-10-29 17:00:00,3382.914,3390.786,3380.018,3390.786
2025-10-29 18:00:00,3390.8,3400.729,3390.8,3400.729
2025-10-29 19:00:00,3400.735,3407.363,3394.732,3401.643
2025-10-29 20:00:00,3401.644,3406.257,3396.727,3401.137
2025-10-29 21:00:00,3401.152,3416.163,3401.152,3405.067
2025-10-29 22:00:00,3405.068,3416.336,3405.068,3415.893
2025-10-29 23:00:00,3415.894,3418.698,3407.238,3418.698
2025-10-30 00:00:00,3418.703,3423.573,3405.907,3406.481
2025-10-30 01:00:00,3406.49,3424.315,3406.49,3422.127
2025-10-30 02:00:00,3422.137,3431.789,3410.88,3413.062
2025-10-30 03:00:00,3413.07,3427.621,3412.696,3424.134
2025-10-30 04:00:00,3424.138,3432.351,3417.998,3432.252
2025-10-30 05:00:00,3432.254,3434.136,3418.504,3421.454
2025-10-30 06:00:00,3421.466,3425.118,3411.307,3419.261
2025-10-30 07:00:00,3419.269,3439.086,3419.269,3434.823
2025-10-30 08:00:00,3434.833,3443.945,3424.752,3430.547
2025-10-30 09:00:00,3430.556,3443.84,3425.251,3438.065
2025-10-30 10:00:00,3438.067,3440.468,3425.292,3427.64
2025-10-30 11:00:00,3427.644,3430.052,3411.035,3416.778
2025-10-30 12:00:00,3416.78,3426.07,3416.761,3421.846
2025-10-30 13:00:00,3421.846,3429.397,3414.973,3420.796
2025-10-30 14:00:00,3420.797,3434.377,3417.769,3434.377
2025-10-30 15:00:00,3434.38,3441.282,3428.504,3435.689
2025-10-30 16:00:00,3435.696,3440.293,3425.571,3432.839
2025-10-30 17:00:00,3432.848,3437.499,3427.689,3429.278
2025-10-30 18:00:00,3429.289,3432.338,3409.157,3413.006
2025-10-30 19:00:00,3413.013,3417.887,3400.048,3401.869
2025-10-30 20:00:00,3401.869,3412.696,3399.028,3412.662
2025-10-30 21:00:00,3412.669,3413.158,3401.992,3406.042
2025-10-30 22:00:00,3406.058,3412.176,3396.479,3402.565
2025-10-30 23:00:00,3402.576,3405.495,3393.815,3398.909
2025-10-31 00:00:00,3398.925,3407.93,3398.925,3404.659
2025-10-31 01:00:00,3404.661,3411.636,3388.403,3390.439
2025-10-31 02:00:00,3390.442,3396.323,3385.256,3396.323
2025-10-31 03:00:00,3396.334,3398.114,3380.523,3382.54
2025-10-31 04:00:00,3382.551,3383.397,3368.447,3373.61
2025-10-31 05:00:00,3373.611,3376.926,3355.34,3359.041
2025-10-31 06:00:00,3359.05,3366.048,3351.809,3363.796
2025-10-31 07:00:00,3363.802,3377.534,3361.008,3377.534
2025-10-31 08:00:00,3377.546,3387.715,3373.958,3387.715
2025-10-31 09:00:00,3387.724,3388.92,3374.927,3383.862
2025-10-31 10:00:00,3383.863,3393.17,3379.47,3383.085
2025-10-31 11:00:00,3383.085,3385.297,3363.736,3364.162
2025-10-31 12:00:00,3364.162,3374.349,3360.082,3374.349
2025-10-31 13:00:00,3374.359,3388.088,3374.359,3382.254
2025-10-31 14:00:00,3382.269,3386.164,3376.56,3381.837
2025-10-31 15:00:00,3381.844,3388.748,3372.572,3378.167
2025-10-31 16:00:00,3378.174,3382.882,3370.503,3375.327
2025-10-31 17:00:00,3375.328,3380.526,3357.165,3360.192
2025-10-31 18:00:00,3360.201,3360.937,3322.123,3327.94
2025-10-31 19:00:00,3327.948,3332.6,3317.61,3326.43
2025-10-31 20:00:00,3326.441,3333.847,3325.494,3329.236
2025-10-31 21:00:00,3329.247,3333.266,3319.799,3322.742
2025-10-31 22:00:00,3322.744,3324.958,3311.524,3312.352
2025-10-31 23:00:00,3312.362,3316.528,3293.5,3296.161
2025-11-01 00:00:00,3296.167,3309.623,3296.167,3302.445
2025-11-01 01:00:00,3302.452,3305.632,3290.587,3301.027
2025-11-01 02:00:00,3301.029,3305.515,3289.882,3298.948
2025-11-01 03:00:00,3298.948,3313.917,3295.966,3313.917
2025-11-01 04:00:00,3313.921,3315.895,3306.909,3312.55
2025-11-01 05:00:00,3312.55,3322.096,3312.55,3318.793
2025-11-01 06:00:00,3318.797,3319.657,3309.346,3314.416
2025-11-01 07:00:00,3314.423,3317.607,3305.162,3312.284
2025-11-01 08:00:00,3312.291,3331.354,3312.291,3331.354
2025-11-01 09:00:00,3331.364,3340.817,3330.439,3340.817
2025-11-01 10:00:00,3340.82,3343.586,3319.886,3321.383
2025-11-01 11:00:00,3321.393,3341.841,3321.393,3339.907
2025-11-01 12:00:00,3339.91,3340.911,3322.464,3336.203
2025-11-01 13:00:00,3336.209,3347.607,3330.713,3333.335
2025-11-01 14:00:00,3333.343,3334.431,3309.866,3319.552
2025-11-01 15:00:00,3319.562,3319.984,3304.578,3307.606
2025-11-01 16:00:00,3307.615,3316.549,3306.187,3306.901
2025-11-01 17:00:00,3306.907,3308.981,3283.668,3290.508
2025-11-01 18:00:00,3290.519,3293.432,3277.722,3286.158
2025-11-01 19:00:00,3286.167,3297.251,3285.613,3293.254
2025-11-01 20:00:00,3293.269,3309.694,3291.313,3308.689
2025-11-01 21:00:00,3308.694,3321.307,3302.596,3307.062
2025-11-01 22:00:00,3307.075,3311.32,3301.433,3309.91
2025-11-01 23:00:00,3309.919,3321.313,3309.919,3313.936
2025-11-02 00:00:00,3313.937,3321.211,3313.937,3318.622
2025-11-02 01:00:00,3318.623,3335.207,3318.623,3320.742
2025-11-02 02:00:00,3320.743,3326.605,3309.501,3316.436
2025-11-02 03:00:00,3316.443,3316.697,3301.551,3303.85
2025-11-02 04:00:00,3303.854,3309.746,3293.439,3295.634
2025-11-02 05:00:00,3295.64,3298.299,3282.422,3284.651
2025-11-02 06:00:00,3284.656,3286.373,3262.1,3262.381
2025-11-02 07:00:00,3262.398,3272.348,3262.398,3272.348
2025-11-02 08:00:00,3272.353,3290.786,3271.099,3290.786
2025-11-02 09:00:00,3290.788,3299.031,3285.352,3299.031
2025-11-02 10:00:00,3299.039,3306.434,3292.308,3306.434
2025-11-02 11:00:00,3306.441,3315.048,3305.424,3314.749
2025-11-02 12:00:00,3314.758,3331.706,3314.758,3330.583
2025-11-02 13:00:00,3330.594,3344.562,3330.594,3339.813
2025-11-02 14:00:00,3339.823,3340.526,3304.715,3310.582
2025-11-02 15:00:00,3310.592,3313.915,3285.68,3286.633
2025-11-02 16:00:00,3286.637,3296.424,3286.402,3289.346
2025-11-02 17:00:00,3289.361,3302.386,3285.702,3295.115
2025-11-02 18:00:00,3295.12,3309.575,3294.46,3309.575
2025-11-02 19:00:00,3309.579,3320.759,3308.891,3320.759
2025-11-02 20:00:00,3320.77,3322.498,3294.137,3303.568
2025-11-02 21:00:00,3303.577,3306.652,3286.246,3293.58
2025-11-02 22:00:00,3293.582,3296.346,3287.012,3291.471
2025-11-02 23:00:00,3291.48,3296.557,3286.909,3293.38
2025-11-03 00:00:00,3293.385,3304.045,3288.536,3301.822
2025-11-03 01:00:00,3301.833,3306.1,3283.974,3291.173
2025-11-03 02:00:00,3291.176,3291.701,3266.507,3267.812
2025-11-03 03:00:00,3267.819,3280.68,3266.291,3280.68
2025-11-03 04:00:00,3280.681,3288.866,3280.681,3285.452
2025-11-03 05:00:00,3285.468,3295.944,3283.686,3295.5
2025-11-03 06:00:00,3295.504,3296.497,3273.969,3282.472
2025-11-03 07:00:00,3282.477,3285.609,3263.623,3266.087
2025-11-03 08:00:00,3266.104,3274.152,3262.044,3274.152
2025-11-03 09:00:00,3274.159,3281.134,3271.127,3275.201
2025-11-03 10:00:00,3275.203,3279.093,3244.348,3248.508
2025-11-03 11:00:00,3248.513,3255.985,3231.965,3232.042
2025-11-03 12:00:00,3232.044,3232.509,3221.56,3224.065
2025-11-03 13:00:00,3224.072,3232.421,3221.868,3230.458
2025-11-03 14:00:00,3230.462,3239.504,3228.097,3232.09
2025-11-03 15:00:00,3232.101,3232.199,3217.15,3218.005
2025-11-03 16:00:00,3218.005,3222.209,3208.114,3220.948
2025-11-03 17:00:00,3220.969,3222.757,3214.477,3218.897
2025-11-03 18:00:00,3218.898,3220.181,3209.125,3215.347
2025-11-03 19:00:00,3215.353,3228.132,3214.165,3224.426
2025-11-03 20:00:00,3224.434,3233.587,3206.235,3208.764
2025-11-03 21:00:00,3208.778,3217.654,3205.14,3205.563
2025-11-03 22:00:00,3205.57,3206.335,3191.817,3196.537
2025-11-03 23:00:00,3196.544,3201.779,3192.998,3196.174
2025-11-04 00:00:00,3196.177,3199.078,3188.534,3197.871
2025-11-04 01:00:00,3197.881,3200.78,3187.016,3189.691
2025-11-04 02:00:00,3189.691,3194.169,3179.666,3181.979
2025-11-04 03:00:00,3181.988,3183.575,3169.942,3173.032
2025-11-04 04:00:00,3173.038,3179.248,3164.212,3167.098
2025-11-04 05:00:00,3167.099,3171.612,3162.182,3170.495
2025-11-04 06:00:00,3170.502,3179.679,3164.446,3179.679
2025-11-04 07:00:00,3179.686,3195.675,3179.686,3195.675
2025-11-04 08:00:00,3195.677,3205.591,3189.395,3189.797
2025-11-04 09:00:00,3189.814,3194.988,3178.002,3181.53
2025-11-04 10:00:00,3181.535,3186.534,3172.259,3184.284
2025-11-04 11:00:00,3184.294,3201.513,3184.294,3198.885
2025-11-04 12:00:00,3198.89,3207.61,3195.288,3204.839
2025-11-04 13:00:00,3204.849,3215.417,3195.551,3202.168
2025-11-04 14:00:00,3202.171,3205.584,3196.496,3202.359
2025-11-04 15:00:00,3202.368,3216.144,3202.368,3213.549
2025-11-04 16:00:00,3213.559,3226.94,3213.559,3225.19
2025-11-04 17:00:00,3225.197,3228.205,3211.437,3215.367
2025-11-04 18:00:00,3215.373,3233.61,3215.373,3233.61
2025-11-04 19:00:00,3233.621,3237.079,3228.487,3234.224
2025-11-04 20:00:00,3234.233,3236.004,3225.381,3232.027
2025-11-04 21:00:00,3232.028,3242.266,3230.457,3241.131
2025-11-04 22:00:00,3241.131,3248.616,3238.259,3239.648
2025-11-04 23:00:00,3239.659,3243.673,3218.992,3219.554
2025-11-05 00:00:00,3219.559,3223.029,3206.481,3211.397
2025-11-05 01:00:00,3211.399,3216.456,3190.319,3191.42
2025-11-05 02:00:00,3191.424,3200.712,3184.622,3185.451
2025-11-05 03:00:00,3185.456,3186.201,3170.132,3173.232
2025-11-05 04:00:00,3173.236,3180.224,3166.269,3168.712
2025-11-05 05:00:00,3168.715,3181.643,3168.715,3181.643
2025-11-05 06:00:00,3181.645,3189.431,3178.89,3184.62
2025-11-05 07:00:00,3184.623,3188.218,3176.556,3188.218
2025-11-05 08:00:00,3188.22,3188.878,3172.462,3177.528
2025-11-05 09:00:00,3177.534,3184.092,3175.607,3184.092
2025-11-05 10:00:00,3184.107,3197.887,3184.107,3190.69
2025-11-05 11:00:00,3190.698,3199.541,3189.793,3192.302
2025-11-05 12:00:00,3192.304,3202.934,3192.304,3202.934
2025-11-05 13:00:00,3202.937,3203.854,3180.911,3182.251
2025-11-05 14:00:00,3182.262,3192.931,3180.204,3192.931
2025-11-05 15:00:00,3192.931,3200.701,3190.627,3197.304
2025-11-05 16:00:00,3197.306,3199.794,3186.653,3193.442
2025-11-05 17:00:00,3193.454,3194.032,3169.645,3178.162
2025-11-05 18:00:00,3178.163,3180.506,3166.798,3175.549
2025-11-05 19:00:00,3175.558,3181.001,3172.299,3180.487
2025-11-05 20:00:00,3180.498,3189.247,3177.796,3183.266
2025-11-05 21:00:00,3183.275,3187.724,3174.628,3174.976
2025-11-05 22:00:00,3174.98,3183.275,3173.872,3183.275
2025-11-05 23:00:00,3183.285,3186.545,3174.045,3178.778
2025-11-06 00:00:00,3178.785,3181.992,3170.935,3179.013
2025-11-06 01:00:00,3179.014,3182.401,3159.938,3166.357
2025-11-06 02:00:00,3166.359,3174.452,3162.849,3165.214
2025-11-06 03:00:00,3165.225,3167.546,3146.566,3154.686
2025-11-06 04:00:00,3154.688,3159.301,3145.365,3149.6
2025-11-06 05:00:00,3149.609,3163.178,3149.609,3163.178
2025-11-06 06:00:00,3163.18,3166.478,3156.887,3164.402
2025-11-06 07:00:00,3164.413,3170.526,3158.136,3170.526
2025-11-06 08:00:00,3170.536,3171.422,3147.041,3148.843
2025-11-06 09:00:00,3148.846,3149.617,3141.462,3149.617
2025-11-06 10:00:00,3149.623,3155.765,3142.766,3148.204
2025-11-06 11:00:00,3148.211,3149.19,3137.185,3146.985
2025-11-06 12:00:00,3146.987,3151.67,3141.294,3146.869
2025-11-06 13:00:00,3146.874,3147.446,3134.775,3139.383
2025-11-06 14:00:00,3139.391,3151.274,3139.391,3150.653
2025-11-06 15:00:00,3150.661,3161.634,3148.121,3150.039
2025-11-06 16:00:00,3150.042,3160.634,3149.167,3157.782
2025-11-06 17:00:00,3157.785,3162.389,3130.085,3131.233
2025-11-06 18:00:00,3131.235,3140.021,3124.621,3125.387
2025-11-06 19:00:00,3125.391,3139.116,3122.918,3138.41
2025-11-06 20:00:00,3138.428,3146.773,3134.237,3143.608
2025-11-06 21:00:00,3143.614,3151.311,3141.983,3144.625
2025-11-06 22:00:00,3144.634,3153.705,3142.368,3148.587
2025-11-06 23:00:00,3148.59,3162.817,3145.382,3162.817
2025-11-07 00:00:00,3162.818,3166.036,3149.747,3151.421
2025-11-07 01:00:00,3151.428,3153.566,3135.057,3136.955
2025-11-07 02:00:00,3136.958,3148.64,3136.958,3147.566
2025-11-07 03:00:00,3147.572,3149.845,3132.026,3136.451
2025-11-07 04:00:00,3136.465,3141.762,3125.878,3128.694
2025-11-07 05:00:00,3128.707,3132.303,3124.272,3129.857
2025-11-07 06:00:00,3129.871,3134.839,3121.616,3123.501
2025-11-07 07:00:00,3123.503,3128.145,3118.482,3128.145
2025-11-07 08:00:00,3128.156,3138.897,3127.176,3131.969
2025-11-07 09:00:00,3131.972,3134.21,3123.353,3131.525
2025-11-07 10:00:00,3131.526,3139.562,3127.491,3129.016
2025-11-07 11:00:00,3129.022,3138.131,3125.687,3137.576
2025-11-07 12:00:00,3137.576,3147.74,3137.359,3142.352
2025-11-07 13:00:00,3142.356,3145.272,3128.367,3134.764
2025-11-07 14:00:00,3134.78,3142.078,3131.138,3142.078
2025-11-07 15:00:00,3142.092,3156.136,3142.092,3147.983
2025-11-07 16:00:00,3147.996,3152.436,3145.34,3152.054
2025-11-07 17:00:00,3152.059,3156.518,3132.684,3142.168
2025-11-07 18:00:00,3142.187,3142.992,3118.451,3118.779
2025-11-07 19:00:00,3118.786,3126.49,3115.185,3122.507
2025-11-07 20:00:00,3122.519,3133.845,3122.519,3132.545
2025-11-07 21:00:00,3132.546,3136.644,3124.894,3136.644
2025-11-07 22:00:00,3136.664,3139.512,3120.297,3128.525
2025-11-07 23:00:00,3128.532,3129.81,3116.917,3119.444
2025-11-08 00:00:00,3119.447,3130.459,3119.447,3130.366
2025-11-08 01:00:00,3130.367,3137.109,3122.843,3137.109
2025-11-08 02:00:00,3137.112,3138.634,3118.337,3122.14
2025-11-08 03:00:00,3122.141,3124.153,3113.371,3118.032
2025-11-08 04:00:00,3118.037,3122.817,3113.607,3121.288
2025-11-08 05:00:00,3121.296,3125.283,3114.657,3120.751
2025-11-08 06:00:00,3120.775,3126.218,3114.035,3120.922
2025-11-08 07:00:00,3120.929,3132.199,3120.929,3130.662
2025-11-08 08:00:00,3130.665,3138.736,3130.665,3131.866
2025-11-08 09:00:00,3131.867,3142.578,3131.387,3133.201
2025-11-08 10:00:00,3133.21,3143.675,3133.21,3136.654
2025-11-08 11:00:00,3136.66,3142.773,3131.996,3142.773
2025-11-08 12:00:00,3142.782,3164.913,3142.782,3164.913
2025-11-08 13:00:00,3164.914,3176.077,3160.851,3171.067
2025-11-08 14:00:00,3171.081,3174.027,3144.196,3151.676
2025-11-08 15:00:00,3151.685,3159.036,3146.108,3159.036
2025-11-08 16:00:00,3159.043,3172.366,3158.645,3171.713
2025-11-08 17:00:00,3171.714,3176.131,3157.472,3160.684
2025-11-08 18:00:00,3160.696,3165.757,3157.767,3161.856
2025-11-08 19:00:00,3161.861,3174.248,3160.68,3174.248
2025-11-08 20:00:00,3174.251,3187.301,3174.251,3176.767
2025-11-08 21:00:00,3176.785,3183.32,3169.534,3183.32
2025-11-08 22:00:00,3183.322,3201.366,3183.322,3201.366
2025-11-08 23:00:00,3201.379,3202.472,3191.0,3197.688
2025-11-09 00:00:00,3197.689,3203.512,3197.111,3202.841
2025-11-09 01:00:00,3202.854,3216.504,3200.076,3213.297
2025-11-09 02:00:00,3213.299,3214.337,3194.025,3204.875
2025-11-09 03:00:00,3204.879,3222.768,3204.879,3222.768
2025-11-09 04:00:00,3222.779,3225.157,3205.57,3207.118
2025-11-09 05:00:00,3207.124,3213.092,3199.426,3207.86
2025-11-09 06:00:00,3207.869,3214.878,3201.643,3214.878
2025-11-09 07:00:00,3214.879,3217.375,3206.497,3214.029
2025-11-09 08:00:00,3214.044,3217.621,3198.943,3205.813
2025-11-09 09:00:00,3205.818,3214.859,3203.423,3210.689
2025-11-09 10:00:00,3210.696,3221.375,3210.217,3221.375
2025-11-09 11:00:00,3221.388,3233.875,3219.876,3222.887
2025-11-09 12:00:00,3222.888,3222.911,3195.609,3200.136
2025-11-09 13:00:00,3200.137,3213.682,3200.108,3203.764
2025-11-09 14:00:00,3203.773,3213.75,3201.912,3202.608
2025-11-09 15:00:00,3202.617,3203.851,3194.555,3198.418
2025-11-09 16:00:00,3198.427,3199.265,3185.699,3189.776
2025-11-09 17:00:00,3189.785,3195.666,3181.611,3195.666
2025-11-09 18:00:00,3195.677,3198.304,3170.916,3176.299
2025-11-09 19:00:00,3176.299,3185.175,3176.299,3182.117
2025-11-09 20:00:00,3182.123,3191.204,3181.588,3189.98
2025-11-09 21:00:00,3189.993,3196.207,3185.144,3191.801
2025-11-09 22:00:00,3191.81,3203.984,3189.293,3203.984
2025-11-09 23:00:00,3203.99,3204.018,3179.07,3180.897
2025-11-10 00:00:00,3180.9,3193.624,3179.382,3193.624
2025-11-10 01:00:00,3193.629,3196.962,3183.628,3196.962
2025-11-10 02:00:00,3196.967,3207.66,3195.919,3207.66
2025-11-10 03:00:00,3207.675,3209.211,3189.373,3190.41
2025-11-10 04:00:00,3190.42,3199.544,3189.026,3197.199
2025-11-10 05:00:00,3197.208,3203.022,3189.102,3198.087
2025-11-10 06:00:00,3198.095,3209.918,3190.744,3194.433
2025-11-10 07:00:00,3194.443,3206.412,3194.443,3206.412
2025-11-10 08:00:00,3206.42,3208.277,3195.969,3198.142
2025-11-10 09:00:00,3198.147,3216.369,3198.147,3213.856
2025-11-10 10:00:00,3213.856,3215.924,3205.406,3211.377
2025-11-10 11:00:00,3211.389,3224.658,3211.389,3224.658
2025-11-10 12:00:00,3224.659,3239.805,3224.659,3235.4
2025-11-10 13:00:00,3235.402,3236.746,3226.823,3235.863
2025-11-10 14:00:00,3235.866,3237.23,3213.208,3216.582
2025-11-10 15:00:00,3216.583,3223.237,3211.045,3211.337
2025-11-10 16:00:00,3211.344,3221.289,3211.344,3218.661
2025-11-10 17:00:00,3218.672,3220.081,3203.504,3207.83
2025-11-10 18:00:00,3207.831,3211.325,3185.858,3192.574
2025-11-10 19:00:00,3192.582,3201.33,3187.324,3191.464
2025-11-10 20:00:00,3191.467,3195.08,3184.292,3190.149
2025-11-10 21:00:00,3190.152,3191.65,3172.861,3180.991
2025-11-10 22:00:00,3180.992,3182.58,3158.853,3161.556
2025-11-10 23:00:00,3161.562,3165.185,3141.746,3144.05
2025-11-11 00:00:00,3144.062,3145.5,3128.271,3131.647
2025-11-11 01:00:00,3131.657,3144.332,3131.657,3143.311
2025-11-11 02:00:00,3143.317,3144.389,3121.104,3124.755
2025-11-11 03:00:00,3124.758,3139.263,3123.679,3138.12
2025-11-11 04:00:00,3138.123,3139.153,3129.272,3135.614
2025-11-11 05:00:00,3135.622,3144.511,3133.635,3136.453
2025-11-11 06:00:00,3136.453,3142.536,3135.203,3138.155
2025-11-11 07:00:00,3138.159,3138.537,3116.401,3122.605
2025-11-11 08:00:00,3122.606,3123.373,3101.884,3101.886
2025-11-11 09:00:00,3101.887,3113.796,3101.887,3105.247
2025-11-11 10:00:00,3105.249,3105.612,3086.765,3089.503
2025-11-11 11:00:00,3089.512,3104.632,3086.752,3104.632
2025-11-11 12:00:00,3104.637,3119.0,3104.637,3119.0
2025-11-11 13:00:00,3119.011,3123.164,3111.5,3116.431
2025-11-11 14:00:00,3116.436,3117.244,3105.17,3108.897
2025-11-11 15:00:00,3108.908,3111.617,3100.652,3105.972
2025-11-11 16:00:00,3105.973,3106.444,3086.131,3086.331
2025-11-11 17:00:00,3086.334,3087.163,3069.953,3073.583
2025-11-11 18:00:00,3073.588,3078.61,3065.5,3076.219
2025-11-11 19:00:00,3076.227,3077.442,3061.27,3063.668
2025-11-11 20:00:00,3063.674,3076.424,3063.468,3071.454
2025-11-11 21:00:00,3071.464,3073.611,3055.076,3065.703
2025-11-11 22:00:00,3065.704,3079.85,3065.704,3079.85
2025-11-11 23:00:00,3079.861,3090.933,3076.631,3090.933
2025-11-12 00:00:00,3090.943,3103.379,3090.332,3092.157
2025-11-12 01:00:00,3092.164,3099.988,3087.098,3099.104
2025-11-12 02:00:00,3099.106,3107.573,3095.415,3101.047
2025-11-12 03:00:00,3101.067,3106.489,3099.085,3106.489
2025-11-12 04:00:00,3106.494,3122.723,3106.494,3115.027
2025-11-12 05:00:00,3115.029,3122.082,3105.528,3108.015
2025-11-12 06:00:00,3108.016,3110.659,3099.295,3110.659
2025-11-12 07:00:00,3110.666,3122.825,3109.789,3119.766
2025-11-12 08:00:00,3119.772,3132.335,3119.772,3132.335
2025-11-12 09:00:00,3132.339,3149.34,3129.561,3148.722
2025-11-12 10:00:00,3148.725,3149.633,3117.933,3118.222
2025-11-12 11:00:00,3118.223,3132.751,3118.223,3129.803
2025-11-12 12:00:00,3129.814,3138.842,3125.896,3131.759
2025-11-12 13:00:00,3131.76,3134.42,3122.511,3133.84
2025-11-12 14:00:00,3133.844,3137.59,3126.509,3130.896
2025-11-12 15:00:00,3130.903,3141.338,3129.178,3137.09
2025-11-12 16:00:00,3137.095,3138.25,3125.593,3132.681
2025-11-12 17:00:00,3132.685,3138.666,3129.1,3133.55
2025-11-12 18:00:00,3133.561,3135.009,3116.421,3117.716
2025-11-12 19:00:00,3117.718,3121.756,3110.439,3110.652
2025-11-12 20:00:00,3110.666,3118.557,3102.148,3102.156
2025-11-12 21:00:00,3102.166,3109.187,3099.78,3105.189
2025-11-12 22:00:00,3105.191,3114.151,3092.205,3095.156
2025-11-12 23:00:00,3095.16,3096.385,3085.821,3094.265
2025-11-13 00:00:00,3094.279,3104.638,3092.256,3098.967
2025-11-13 01:00:00,3098.971,3101.102,3090.405,3100.145
2025-11-13 02:00:00,3100.151,3101.773,3089.914,3097.229
2025-11-13 03:00:00,3097.232,3105.136,3097.232,3100.842
2025-11-13 04:00:00,3100.852,3107.081,3093.395,3103.795
2025-11-13 05:00:00,3103.801,3112.149,3101.801,3103.056
2025-11-13 06:00:00,3103.057,3104.457,3092.546,3102.195
2025-11-13 07:00:00,3102.198,3103.355,3084.11,3089.505
2025-11-13 08:00:00,3089.508,3102.865,3089.508,3102.865
2025-11-13 09:00:00,3102.866,3109.339,3100.794,3101.519
2025-11-13 10:00:00,3101.524,3113.497,3098.787,3104.477
2025-11-13 11:00:00,3104.484,3118.223,3104.484,3117.024
2025-11-13 12:00:00,3117.036,3122.656,3108.019,3118.303
2025-11-13 13:00:00,3118.31,3127.112,3117.296,3122.248
2025-11-13 14:00:00,3122.256,3123.446,3091.611,3103.042
2025-11-13 15:00:00,3103.045,3105.638,3097.116,3101.695
2025-11-13 16:00:00,3101.697,3116.553,3101.697,3111.494
2025-11-13 17:00:00,3111.5,3127.212,3111.5,3127.212
2025-11-13 18:00:00,3127.224,3128.274,3115.899,3126.615
2025-11-13 19:00:00,3126.618,3142.631,3126.618,3142.631
2025-11-13 20:00:00,3142.641,3145.1,3136.869,3137.585
2025-11-13 21:00:00,3137.587,3157.442,3137.587,3152.626
2025-11-13 22:00:00,3152.633,3163.994,3151.432,3163.994
2025-11-13 23:00:00,3164.0,3177.427,3164.0,3167.974
2025-11-14 00:00:00,3167.979,3183.224,3157.152,3158.583
2025-11-14 01:00:00,3158.584,3173.919,3157.148,3171.309
2025-11-14 02:00:00,3171.315,3177.18,3166.668,3167.931
2025-11-14 03:00:00,3167.932,3179.68,3167.932,3179.68
2025-11-14 04:00:00,3179.683,3197.457,3178.291,3197.457
2025-11-14 05:00:00,3197.458,3216.146,3196.327,3205.067
2025-11-14 06:00:00,3205.074,3217.295,3201.867,3214.536
2025-11-14 07:00:00,3214.54,3234.524,3214.54,3229.407
2025-11-14 08:00:00,3229.408,3230.921,3219.346,3219.362
2025-11-14 09:00:00,3219.367,3230.553,3219.367,3225.908
2025-11-14 10:00:00,3225.922,3239.007,3222.045,3233.338
2025-11-14 11:00:00,3233.348,3237.567,3223.913,3224.094
2025-11-14 12:00:00,3224.095,3229.357,3217.749,3220.096
2025-11-14 13:00:00,3220.098,3228.656,3216.941,3228.656
2025-11-14 14:00:00,3228.668,3233.425,3216.795,3216.939
2025-11-14 15:00:00,3216.956,3226.258,3211.579,3224.188
2025-11-14 16:00:00,3224.189,3235.56,3224.036,3224.256
2025-11-14 17:00:00,3224.257,3226.287,3183.787,3183.838
2025-11-14 18:00:00,3183.848,3189.26,3176.795,3185.52
2025-11-14 19:00:00,3185.526,3192.993,3177.22,3181.589
2025-11-14 20:00:00,3181.593,3190.492,3181.593,3187.174
2025-11-14 21:00:00,3187.18,3197.01,3187.18,3197.01
2025-11-14 22:00:00,3197.017,3200.528,3188.079,3200.528
2025-11-14 23:00:00,3200.536,3211.07,3200.536,3206.32
2025-11-15 00:00:00,3206.323,3222.992,3205.155,3222.992
2025-11-15 01:00:00,3223.001,3230.218,3204.101,3206.871
2025-11-15 02:00:00,3206.874,3219.844,3204.324,3207.443
2025-11-15 03:00:00,3207.455,3220.38,3207.455,3220.38
2025-11-15 04:00:00,3220.382,3227.332,3216.138,3223.669
2025-11-15 05:00:00,3223.683,3240.219,3223.683,3236.271
2025-11-15 06:00:00,3236.271,3247.987,3236.271,3240.944
2025-11-15 07:00:00,3240.951,3241.63,3232.967,3240.608
2025-11-15 08:00:00,3240.611,3244.316,3234.358,3239.369
2025-11-15 09:00:00,3239.376,3253.068,3239.376,3243.111
2025-11-15 10:00:00,3243.116,3245.602,3229.499,3231.211
2025-11-15 11:00:00,3231.211,3239.882,3230.598,3233.28
2025-11-15 12:00:00,3233.285,3244.097,3229.773,3237.513
2025-11-15 13:00:00,3237.521,3244.603,3233.706,3242.04
2025-11-15 14:00:00,3242.047,3246.823,3229.165,3237.925
2025-11-15 15:00:00,3237.931,3254.585,3237.931,3251.033
2025-11-15 16:00:00,3251.043,3258.694,3239.156,3241.974
2025-11-15 17:00:00,3241.978,3244.614,3232.101,3239.792
2025-11-15 18:00:00,3239.793,3247.013,3235.901,3240.046
2025-11-15 19:00:00,3240.052,3246.971,3237.607,3241.14
2025-11-15 20:00:00,3241.141,3253.389,3239.407,3253.389
2025-11-15 21:00:00,3253.398,3261.082,3250.757,3252.851
2025-11-15 22:00:00,3252.857,3261.887,3244.196,3244.555
2025-11-15 23:00:00,3244.557,3252.306,3241.348,3241.984
2025-11-16 00:00:00,3241.985,3243.582,3232.374,3232.374
2025-11-16 01:00:00,3232.384,3243.105,3229.673,3237.65
2025-11-16 02:00:00,3237.651,3244.89,3234.657,3239.859
2025-11-16 03:00:00,3239.872,3240.625,3213.493,3215.748
2025-11-16 04:00:00,3215.749,3218.523,3210.145,3212.487
2025-11-16 05:00:00,3212.496,3226.082,3212.496,3224.414
2025-11-16 06:00:00,3224.417,3228.08,3211.773,3213.256
2025-11-16 07:00:00,3213.261,3219.841,3200.849,3201.663
2025-11-16 08:00:00,3201.672,3205.253,3196.304,3201.421
2025-11-16 09:00:00,3201.43,3217.24,3200.059,3211.292
2025-11-16 10:00:00,3211.309,3218.605,3207.323,3216.344
2025-11-16 11:00:00,3216.356,3226.303,3211.722,3226.303
2025-11-16 12:00:00,3226.309,3229.688,3218.357,3221.777
2025-11-16 13:00:00,3221.788,3223.028,3214.904,3218.622
2025-11-16 14:00:00,3218.623,3231.889,3218.623,3226.007
2025-11-16 15:00:00,3226.01,3230.051,3219.646,3230.051
2025-11-16 16:00:00,3230.053,3242.825,3230.053,3242.825
2025-11-16 17:00:00,3242.838,3246.638,3229.605,3246.638
2025-11-16 18:00:00,3246.652,3263.821,3246.577,3263.821
2025-11-16 19:00:00,3263.827,3271.348,3262.796,3267.37
2025-11-16 20:00:00,3267.377,3269.836,3261.973,3269.836
2025-11-16 21:00:00,3269.847,3281.763,3266.537,3270.414
2025-11-16 22:00:00,3270.424,3281.383,3270.424,3274.343
2025-11-16 23:00:00,3274.349,3279.208,3261.14,3271.153
2025-11-17 00:00:00,3271.157,3292.414,3271.157,3291.882
2025-11-17 01:00:00,3291.89,3293.843,3286.799,3293.672
2025-11-17 02:00:00,3293.682,3303.466,3278.881,3279.06
2025-11-17 03:00:00,3279.062,3288.275,3279.062,3287.641
2025-11-17 04:00:00,3287.645,3288.088,3277.74,3280.715
2025-11-17 05:00:00,3280.724,3281.428,3257.818,3261.829
2025-11-17 06:00:00,3261.832,3273.383,3255.681,3263.734
2025-11-17 07:00:00,3263.737,3278.286,3263.737,3270.967
2025-11-17 08:00:00,3270.974,3271.519,3254.088,3264.651
2025-11-17 09:00:00,3264.651,3265.423,3255.702,3265.037
2025-11-17 10:00:00,3265.04,3265.926,3253.137,3256.53
2025-11-17 11:00:00,3256.53,3257.787,3243.538,3250.606
2025-11-17 12:00:00,3250.608,3258.202,3246.86,3249.781
2025-11-17 13:00:00,3249.785,3256.193,3242.862,3254.945
2025-11-17 14:00:00,3251.969,3257.556,3246.337,3250.167
2025-11-17 15:00:00,3250.17,3255.643,3246.063,3255.643
2025-11-17 16:00:00,3255.654,3263.109,3247.452,3247.645
2025-11-17 17:00:00,3247.653,3264.231,3247.653,3264.231
2025-11-17 18:00:00,3264.245,3274.681,3264.245,3272.816
2025-11-17 19:00:00,3272.818,3291.269,3272.818,3291.269
2025-11-17 20:00:00,3291.279,3296.179,3274.67,3284.286
2025-11-17 21:00:00,3284.288,3297.606,3284.288,3294.234
2025-11-17 22:00:00,3294.235,3317.402,3294.235,3317.402
2025-11-17 23:00:00,3317.403,3321.199,3301.487,3306.62
2025-11-18 00:00:00,3306.642,3327.087,3306.642,3327.087
2025-11-18 01:00:00,3327.089,3327.154,3316.367,3325.206
2025-11-18 02:00:00,3325.216,3327.838,3316.934,3319.251
2025-11-18 03:00:00,3319.261,3323.045,3308.375,3309.381
2025-11-18 04:00:00,3309.39,3323.207,3304.783,3323.207
2025-11-18 05:00:00,3323.219,3330.169,3314.461,3330.169
2025-11-18 06:00:00,3330.18,3333.139,3312.488,3321.448
2025-11-18 07:00:00,3321.45,3326.528,3315.084,3320.788
2025-11-18 08:00:00,3320.792,3329.289,3320.792,3329.289
2025-11-18 09:00:00,3329.295,3329.597,3317.522,3328.437
2025-11-18 10:00:00,3328.443,3346.917,3328.443,3346.917
2025-11-18 11:00:00,3346.924,3353.418,3338.067,3346.1
2025-11-18 12:00:00,3346.112,3357.785,3335.511,3337.018
2025-11-18 13:00:00,3337.019,3340.49,3317.513,3318.689
2025-11-18 14:00:00,3318.692,3325.018,3304.775,3311.667
2025-11-18 15:00:00,3311.667,3313.114,3301.343,3313.074
2025-11-18 16:00:00,3313.08,3315.552,3298.025,3303.467
2025-11-18 17:00:00,3303.471,3311.459,3299.423,3301.313
2025-11-18 18:00:00,3301.325,3309.761,3298.693,3299.173
2025-11-18 19:00:00,3299.179,3320.239,3299.179,3320.239
2025-11-18 20:00:00,3320.25,3333.692,3316.392,3333.692
2025-11-18 21:00:00,3333.701,3337.34,3327.571,3333.057
2025-11-18 22:00:00,3333.074,3341.395,3327.555,3332.894
2025-11-18 23:00:00,3332.898,3346.331,3332.898,3345.235
2025-11-19 00:00:00,3345.243,3352.041,3337.93,3341.819
2025-11-19 01:00:00,3341.821,3341.906,3305.291,3310.625
2025-11-19 02:00:00,3310.634,3313.493,3302.148,3312.562
2025-11-19 03:00:00,3312.564,3323.233,3312.564,3318.685
2025-11-19 04:00:00,3318.692,3324.704,3312.747,3318.091
2025-11-19 05:00:00,3318.097,3326.209,3315.174,3319.08
2025-11-19 06:00:00,3319.085,3336.113,3319.085,3336.113
2025-11-19 07:00:00,3336.122,3345.89,3323.042,3324.85
2025-11-19 08:00:00,3324.851,3333.404,3324.753,3333.404
2025-11-19 09:00:00,3333.413,3337.08,3320.746,3322.457
2025-11-19 10:00:00,3322.466,3333.959,3319.686,3333.959
2025-11-19 11:00:00,3333.966,3343.545,3327.078,3328.034
2025-11-19 12:00:00,3328.045,3341.154,3328.045,3340.328
2025-11-19 13:00:00,3340.332,3355.843,3340.332,3355.843
2025-11-19 14:00:00,3355.844,3368.42,3349.411,3368.42
2025-11-19 15:00:00,3368.424,3371.707,3351.312,3353.335
2025-11-19 16:00:00,3353.338,3359.685,3349.954,3355.132
2025-11-19 17:00:00,3355.139,3377.393,3355.139,3377.393
2025-11-19 18:00:00,3377.405,3391.806,3374.342,3391.806
2025-11-19 19:00:00,3391.81,3401.047,3370.843,3377.428
2025-11-19 20:00:00,3377.432,3381.321,3355.977,3356.378
2025-11-19 21:00:00,3356.39,3359.852,3345.802,3352.242
2025-11-19 22:00:00,3352.244,3357.825,3343.279,3357.442
2025-11-19 23:00:00,3357.442,3367.984,3355.033,3367.641
2025-11-20 00:00:00,3367.652,3372.696,3359.871,3371.908
2025-11-20 01:00:00,3371.914,3376.885,3363.765,3376.885
2025-11-20 02:00:00,3376.905,3379.107,3367.906,3370.888
2025-11-20 03:00:00,3370.903,3374.158,3364.128,3372.27
2025-11-20 04:00:00,3372.278,3383.278,3372.278,3380.229
2025-11-20 05:00:00,3380.229,3396.719,3377.964,3392.537
2025-11-20 06:00:00,3392.54,3397.479,3384.256,3386.401
2025-11-20 07:00:00,3386.412,3398.026,3377.947,3382.506
2025-11-20 08:00:00,3382.517,3390.845,3365.994,3368.229
2025-11-20 09:00:00,3368.236,3371.013,3360.297,3361.192
2025-11-20 10:00:00,3361.2,3366.898,3346.698,3347.961
2025-11-20 11:00:00,3347.967,3352.1,3342.655,3352.1
2025-11-20 12:00:00,3352.11,3357.154,3342.767,3342.767
2025-11-20 13:00:00,3342.769,3347.625,3336.118,3347.625
2025-11-20 14:00:00,3347.632,3348.334,3314.508,3314.935
2025-11-20 15:00:00,3314.941,3320.253,3309.678,3310.881
2025-11-20 16:00:00,3310.896,3323.52,3308.414,3309.008
2025-11-20 17:00:00,3309.011,3325.937,3309.011,3323.205
2025-11-20 18:00:00,3323.214,3329.349,3315.919,3329.322
2025-11-20 19:00:00,3329.322,3340.229,3327.924,3330.32
2025-11-20 20:00:00,3330.321,3332.798,3288.679,3289.979
2025-11-20 21:00:00,3289.986,3299.165,3287.079,3299.165
2025-11-20 22:00:00,3299.166,3305.666,3296.19,3298.4
2025-11-20 23:00:00,3298.404,3311.872,3283.538,3287.495
2025-11-21 00:00:00,3287.5,3287.888,3272.893,3286.149
2025-11-21 01:00:00,3286.15,3297.56,3280.848,3297.145
2025-11-21 02:00:00,3297.155,3304.71,3283.063,3284.715
2025-11-21 03:00:00,3284.72,3290.788,3274.776,3278.23
2025-11-21 04:00:00,3278.235,3280.67,3264.655,3280.67
2025-11-21 05:00:00,3280.674,3281.493,3270.257,3279.793
2025-11-21 06:00:00,3279.802,3289.968,3277.067,3284.172
2025-11-21 07:00:00,3284.181,3287.332,3274.584,3274.922
2025-11-21 08:00:00,3274.934,3278.306,3268.434,3277.996
2025-11-21 09:00:00,3277.999,3287.988,3269.578,3269.985
2025-11-21 10:00:00,3269.987,3270.161,3249.356,3250.163
2025-11-21 11:00:00,3250.168,3258.366,3243.787,3249.383
2025-11-21 12:00:00,3249.396,3250.225,3232.332,3237.981
2025-11-21 13:00:00,3237.991,3240.98,3229.679,3237.961
2025-11-21 14:00:00,3237.974,3247.878,3237.974,3246.356
2025-11-21 15:00:00,3246.361,3252.377,3243.965,3250.642
2025-11-21 16:00:00,3250.647,3268.166,3250.647,3268.166
2025-11-21 17:00:00,3268.167,3284.135,3267.239,3281.342
2025-11-21 18:00:00,3281.349,3285.454,3275.027,3280.62
2025-11-21 19:00:00,3280.636,3287.311,3277.085,3282.996
2025-11-21 20:00:00,3283.003,3289.059,3272.164,3274.404
2025-11-21 21:00:00,3274.413,3283.871,3274.413,3278.064
2025-11-21 22:00:00,3278.064,3284.897,3267.613,3277.338
2025-11-21 23:00:00,3277.348,3292.419,3277.348,3292.419
2025-11-22 00:00:00,3292.43,3293.448,3277.257,3279.707
2025-11-22 01:00:00,3279.708,3281.444,3272.055,3274.233
2025-11-22 02:00:00,3274.235,3275.65,3261.563,3261.734
2025-11-22 03:00:00,3261.754,3264.465,3254.402,3255.318
2025-11-22 04:00:00,3255.326,3259.713,3251.866,3258.563
2025-11-22 05:00:00,3258.567,3270.697,3255.217,3261.743
2025-11-22 06:00:00,3261.749,3269.619,3257.678,3259.007
2025-11-22 07:00:00,3259.02,3270.426,3257.922,3270.426
2025-11-22 08:00:00,3270.429,3278.243,3267.271,3274.78
2025-11-22 09:00:00,3274.79,3286.786,3268.356,3286.786
2025-11-22 10:00:00,3286.799,3290.066,3264.141,3269.919
2025-11-22 11:00:00,3269.919,3273.695,3259.481,3260.857
2025-11-22 12:00:00,3260.87,3274.769,3260.87,3267.905
2025-11-22 13:00:00,3267.91,3286.771,3264.642,3264.844
2025-11-22 14:00:00,3264.859,3274.087,3264.859,3274.087
2025-11-22 15:00:00,3274.096,3276.828,3244.859,3245.864
2025-11-22 16:00:00,3245.875,3246.132,3235.43,3238.179
2025-11-22 17:00:00,3238.182,3243.043,3232.934,3234.313
2025-11-22 18:00:00,3234.313,3245.624,3232.795,3238.229
2025-11-22 19:00:00,3238.232,3254.89,3235.375,3254.89
2025-11-22 20:00:00,3254.895,3266.073,3253.353,3255.544
2025-11-22 21:00:00,3255.551,3260.065,3240.921,3243.984
2025-11-22 22:00:00,3243.988,3248.446,3232.891,3235.549
2025-11-22 23:00:00,3235.559,3251.733,3231.916,3251.733
2025-11-23 00:00:00,3251.746,3256.236,3237.305,3245.685
2025-11-23 01:00:00,3245.689,3246.148,3224.19,3225.192
2025-11-23 02:00:00,3225.204,3238.051,3225.204,3237.254
2025-11-23 03:00:00,3237.258,3249.466,3235.529,3241.244
2025-11-23 04:00:00,3241.252,3258.401,3241.252,3258.401
2025-11-23 05:00:00,3258.405,3279.832,3258.405,3279.832
2025-11-23 06:00:00,3279.832,3292.772,3279.832,3281.881
2025-11-23 07:00:00,3281.889,3289.626,3281.162,3285.207
2025-11-23 08:00:00,3285.215,3291.747,3278.982,3279.853
2025-11-23 09:00:00,3279.855,3283.724,3270.024,3272.996
2025-11-23 10:00:00,3273.005,3276.497,3265.466,3270.645
2025-11-23 11:00:00,3270.652,3273.345,3243.617,3244.093
2025-11-23 12:00:00,3244.096,3247.911,3227.648,3234.605
2025-11-23 13:00:00,3234.608,3236.324,3218.356,3219.608
2025-11-23 14:00:00,3219.618,3226.2,3211.301,3212.761
2025-11-23 15:00:00,3212.761,3214.873,3202.116,3208.103
2025-11-23 16:00:00,3208.112,3209.042,3199.66,3207.8
2025-11-23 17:00:00,3207.801,3215.766,3189.424,3196.113
2025-11-23 18:00:00,3196.114,3199.807,3186.542,3191.018
2025-11-23 19:00:00,3191.024,3192.953,3164.133,3164.421
2025-11-23 20:00:00,3164.437,3167.151,3158.192,3165.6
2025-11-23 21:00:00,3165.618,3168.674,3133.619,3136.702
2025-11-23 22:00:00,3136.71,3142.118,3126.284,3128.885
2025-11-23 23:00:00,3128.887,3134.026,3127.166,3130.052
2025-11-24 00:00:00,3130.06,3133.721,3124.893,3133.721
2025-11-24 01:00:00,3133.724,3138.637,3126.529,3130.762
2025-11-24 02:00:00,3130.766,3140.644,3130.766,3140.644
2025-11-24 03:00:00,3140.647,3155.131,3140.647,3155.131
2025-11-24 04:00:00,3155.135,3155.267,3133.106,3133.694
2025-11-24 05:00:00,3133.699,3137.656,3115.942,3120.785
2025-11-24 06:00:00,3120.792,3122.41,3112.0,3114.971
2025-11-24 07:00:00,3114.978,3115.623,3089.825,3098.192
2025-11-24 08:00:00,3098.203,3108.125,3098.203,3107.283
2025-11-24 09:00:00,3107.293,3119.549,3107.293,3119.549
2025-11-24 10:00:00,3119.552,3124.152,3114.567,3124.152
2025-11-24 11:00:00,3124.163,3128.792,3117.153,3123.62
2025-11-24 12:00:00,3123.622,3127.743,3118.381,3126.702
2025-11-24 13:00:00,3126.706,3139.519,3126.706,3138.478
2025-11-24 14:00:00,3138.478,3152.057,3137.273,3146.382
2025-11-24 15:00:00,3146.392,3149.725,3139.463,3149.104
2025-11-24 16:00:00,3149.123,3150.288,3123.342,3128.223
2025-11-24 17:00:00,3128.236,3141.344,3128.236,3141.344
2025-11-24 18:00:00,3141.35,3146.439,3125.41,3126.687
2025-11-24 19:00:00,3126.689,3139.848,3123.195,3123.928
2025-11-24 20:00:00,3123.93,3128.038,3116.76,3128.038
2025-11-24 21:00:00,3128.041,3133.77,3124.173,3126.829
2025-11-24 22:00:00,3126.837,3131.274,3124.674,3125.596
2025-11-24 23:00:00,3125.606,3127.335,3113.529,3116.213
2025-11-25 00:00:00,3116.231,3126.985,3115.586,3124.576
2025-11-25 01:00:00,3124.583,3125.03,3111.267,3122.424
2025-11-25 02:00:00,3122.436,3128.822,3121.987,3128.412
2025-11-25 03:00:00,3128.418,3129.392,3104.066,3109.744
2025-11-25 04:00:00,3109.751,3120.79,3108.755,3108.777
2025-11-25 05:00:00,3108.781,3114.052,3101.325,3114.052
2025-11-25 06:00:00,3114.055,3116.349,3106.008,3110.348
2025-11-25 07:00:00,3110.355,3111.537,3099.294,3105.083
2025-11-25 08:00:00,3105.086,3117.161,3100.656,3117.161
2025-11-25 09:00:00,3117.163,3119.016,3093.05,3095.051
2025-11-25 10:00:00,3095.06,3098.627,3079.562,3083.459
2025-11-25 11:00:00,3083.461,3096.062,3080.51,3096.062
2025-11-25 12:00:00,3096.065,3101.086,3084.294,3085.147
2025-11-25 13:00:00,3085.153,3091.238,3079.901,3081.33
2025-11-25 14:00:00,3081.335,3094.562,3081.335,3084.514
2025-11-25 15:00:00,3084.517,3095.191,3082.885,3083.969
2025-11-25 16:00:00,3083.978,3089.918,3080.064,3086.811
2025-11-25 17:00:00,3086.815,3090.078,3069.197,3073.054
2025-11-25 18:00:00,3073.072,3083.638,3073.072,3083.638
2025-11-25 19:00:00,3083.649,3095.952,3079.073,3095.952
2025-11-25 20:00:00,3095.971,3110.823,3095.971,3108.644
2025-11-25 21:00:00,3108.649,3118.617,3107.85,3113.088
2025-11-25 22:00:00,3113.092,3116.062,3105.872,3108.1
2025-11-25 23:00:00,3108.103,3109.76,3101.137,3109.347
2025-11-26 00:00:00,3109.349,3111.528,3097.541,3098.719
2025-11-26 01:00:00,3098.719,3114.989,3098.719,3114.989
2025-11-26 02:00:00,3114.991,3116.136,3102.353,3106.216
2025-11-26 03:00:00,3106.222,3113.697,3101.009,3103.044
2025-11-26 04:00:00,3103.054,3105.456,3082.416,3082.906
2025-11-26 05:00:00,3082.916,3093.797,3076.201,3078.144
2025-11-26 06:00:00,3078.146,3097.725,3078.146,3096.469
2025-11-26 07:00:00,3096.478,3106.638,3093.797,3101.436
2025-11-26 08:00:00,3101.445,3110.251,3092.028,3110.251
2025-11-26 09:00:00,3110.267,3111.474,3088.897,3090.536
2025-11-26 10:00:00,3090.54,3101.108,3088.965,3091.201
2025-11-26 11:00:00,3091.21,3097.951,3086.788,3092.494
2025-11-26 12:00:00,3092.504,3101.964,3091.747,3101.29
2025-11-26 13:00:00,3101.296,3102.6,3090.084,3094.323
2025-11-26 14:00:00,3094.333,3098.99,3086.382,3097.607
2025-11-26 15:00:00,3097.62,3115.627,3097.62,3105.365
2025-11-26 16:00:00,3105.366,3121.879,3105.366,3120.589
2025-11-26 17:00:00,3120.59,3129.94,3120.229,3124.122
2025-11-26 18:00:00,3124.124,3128.504,3084.882,3087.688
2025-11-26 19:00:00,3087.7,3096.828,3087.7,3096.828
2025-11-26 20:00:00,3096.83,3109.648,3096.83,3104.408
2025-11-26 21:00:00,3104.415,3112.114,3103.48,3112.114
2025-11-26 22:00:00,3112.119,3126.943,3112.119,3122.088
2025-11-26 23:00:00,3122.092,3122.366,3108.766,3111.102
2025-11-27 00:00:00,3111.112,3111.132,3092.697,3096.499
2025-11-27 01:00:00,3096.501,3103.918,3094.885,3101.096
2025-11-27 02:00:00,3101.108,3112.773,3095.798,3112.773
2025-11-27 03:00:00,3112.783,3113.172,3103.885,3110.207
2025-11-27 04:00:00,3110.215,3120.943,3109.53,3119.195
2025-11-27 05:00:00,3119.21,3124.606,3108.518,3111.765
2025-11-27 06:00:00,3111.765,3126.037,3111.765,3125.455
2025-11-27 07:00:00,3125.463,3129.447,3121.173,3124.99
2025-11-27 08:00:00,3125.002,3129.589,3111.765,3116.602
2025-11-27 09:00:00,3116.607,3121.854,3111.586,3114.39
2025-11-27 10:00:00,3114.399,3127.125,3114.399,3123.207
2025-11-27 11:00:00,3123.222,3132.045,3122.563,3127.889
2025-11-27 12:00:00,3127.891,3132.268,3119.955,3121.189
2025-11-27 13:00:00,3121.197,3125.824,3115.253,3125.824
2025-11-27 14:00:00,3125.827,3134.02,3123.763,3134.02
2025-11-27 15:00:00,3134.027,3141.175,3132.938,3141.175
2025-11-27 16:00:00,3141.179,3146.913,3140.771,3144.83
2025-11-27 17:00:00,3144.84,3157.077,3144.84,3157.077
2025-11-27 18:00:00,3157.091,3160.379,3146.008,3152.726
2025-11-27 19:00:00,3152.732,3152.955,3135.671,3135.79
2025-11-27 20:00:00,3135.792,3143.732,3131.096,3134.626
2025-11-27 21:00:00,3134.631,3140.024,3122.21,3128.155
2025-11-27 22:00:00,3128.158,3135.275,3127.181,3131.186
2025-11-27 23:00:00,3131.187,3132.993,3110.317,3114.114
2025-11-28 00:00:00,3114.123,3115.658,3102.109,3115.658
2025-11-28 01:00:00,3115.666,3122.175,3107.425,3122.175
2025-11-28 02:00:00,3122.183,3123.138,3090.728,3095.075
2025-11-28 03:00:00,3095.078,3095.532,3075.695,3079.98
2025-11-28 04:00:00,3079.983,3097.109,3079.983,3097.109
2025-11-28 05:00:00,3097.118,3111.17,3097.118,3111.17
2025-11-28 06:00:00,3111.173,3120.821,3108.682,3120.821
2025-11-28 07:00:00,3120.829,3128.701,3116.214,3128.701
2025-11-28 08:00:00,3128.703,3138.886,3128.703,3132.524
2025-11-28 09:00:00,3132.529,3146.449,3132.529,3140.161
2025-11-28 10:00:00,3140.162,3144.635,3127.24,3134.257
2025-11-28 11:00:00,3134.259,3140.349,3132.426,3138.217
2025-11-28 12:00:00,3138.22,3149.202,3138.22,3144.001
2025-11-28 13:00:00,3144.006,3153.049,3141.395,3142.818
2025-11-28 14:00:00,3142.819,3151.984,3117.679,3120.411
2025-11-28 15:00:00,3120.421,3134.012,3120.421,3129.231
2025-11-28 16:00:00,3129.245,3143.014,3129.245,3134.201
2025-11-28 17:00:00,3134.206,3137.817,3126.142,3132.408
2025-11-28 18:00:00,3132.423,3139.537,3121.172,3122.47
2025-11-28 19:00:00,3122.474,3133.101,3122.474,3131.314
2025-11-28 20:00:00,3131.319,3138.628,3127.486,3127.929
2025-11-28 21:00:00,3127.932,3131.702,3120.572,3125.137
2025-11-28 22:00:00,3125.146,3128.153,3114.121,3117.198
2025-11-28 23:00:00,3117.205,3118.651,3107.016,3117.839
2025-11-29 00:00:00,3117.848,3126.999,3117.848,3125.123
2025-11-29 01:00:00,3125.134,3133.082,3118.246,3122.906
2025-11-29 02:00:00,3122.92,3126.528,3118.867,3126.337
2025-11-29 03:00:00,3126.339,3133.579,3124.138,3131.193
2025-11-29 04:00:00,3131.204,3144.508,3131.204,3144.508
2025-11-29 05:00:00,3144.512,3147.203,3133.748,3144.388
2025-11-29 06:00:00,3144.393,3145.811,3134.545,3135.056
2025-11-29 07:00:00,3135.067,3137.425,3119.238,3120.486
2025-11-29 08:00:00,3120.493,3129.358,3118.842,3122.756
2025-11-29 09:00:00,3122.758,3128.828,3118.309,3127.906
2025-11-29 10:00:00,3127.912,3139.824,3126.998,3135.949
2025-11-29 11:00:00,3135.96,3144.469,3132.174,3136.746
2025-11-29 12:00:00,3136.755,3147.747,3136.755,3144.064
2025-11-29 13:00:00,3144.065,3148.61,3129.438,3134.226
2025-11-29 14:00:00,3134.233,3134.833,3121.342,3129.003
2025-11-29 15:00:00,3129.007,3132.7,3111.221,3114.433
2025-11-29 16:00:00,3114.436,3124.15,3109.558,3123.932
2025-11-29 17:00:00,3123.933,3132.009,3121.82,3131.21
2025-11-29 18:00:00,3131.211,3145.288,3131.211,3144.309
2025-11-29 19:00:00,3144.312,3160.553,3144.312,3160.553
2025-11-29 20:00:00,3160.556,3162.327,3140.427,3148.168
2025-11-29 21:00:00,3148.174,3152.482,3143.29,3150.511
2025-11-29 22:00:00,3150.514,3156.252,3144.224,3156.169
2025-11-29 23:00:00,3156.184,3156.851,3141.4,3147.561
2025-11-30 00:00:00,3147.573,3149.182,3133.646,3136.381
2025-11-30 01:00:00,3136.383,3143.818,3134.437,3143.818
2025-11-30 02:00:00,3143.827,3146.915,3129.379,3138.184
2025-11-30 03:00:00,3138.192,3141.401,3132.262,3141.401
2025-11-30 04:00:00,3141.405,3147.973,3130.824,3135.7
2025-11-30 05:00:00,3135.706,3156.311,3135.706,3156.311
2025-11-30 06:00:00,3156.313,3164.075,3154.486,3160.562
2025-11-30 07:00:00,3160.574,3165.446,3146.318,3149.368
2025-11-30 08:00:00,3149.379,3163.604,3147.316,3163.604
2025-11-30 09:00:00,3163.61,3167.957,3159.469,3163.187
2025-11-30 10:00:00,3163.191,3170.403,3154.931,3158.722
2025-11-30 11:00:00,3158.736,3160.549,3147.792,3155.36
2025-11-30 12:00:00,3155.362,3161.154,3152.788,3156.958
2025-11-30 13:00:00,3156.972,3165.372,3151.372,3151.706
2025-11-30 14:00:00,3151.707,3152.415,3139.523,3144.214
2025-11-30 15:00:00,3144.218,3148.631,3135.42,3138.457
2025-11-30 16:00:00,3138.46,3144.246,3131.747,3135.365
2025-11-30 17:00:00,3135.38,3142.127,3133.997,3141.53
2025-11-30 18:00:00,3141.538,3145.963,3136.059,3142.688
2025-11-30 19:00:00,3142.695,3145.503,3127.765,3128.152
2025-11-30 20:00:00,3128.155,3128.539,3113.146,3116.407
2025-11-30 21:00:00,3116.416,3130.96,3114.671,3130.237
2025-11-30 22:00:00,3130.239,3140.378,3130.239,3140.333
2025-11-30 23:00:00,3140.344,3140.685,3130.098,3131.78
2025-12-01 00:00:00,3131.784,3136.239,3127.322,3133.077
2025-12-01 01:00:00,3133.081,3143.059,3133.081,3138.057
2025-12-01 02:00:00,3138.058,3142.575,3133.423,3139.913
2025-12-01 03:00:00,3139.922,3144.027,3134.387,3137.313
2025-12-01 04:00:00,3137.315,3144.712,3133.556,3140.563
2025-12-01 05:00:00,3140.565,3152.391,3140.565,3151.552
2025-12-01 06:00:00,3151.562,3154.811,3145.205,3147.602
2025-12-01 07:00:00,3147.602,3158.676,3147.602,3158.676
2025-12-01 08:00:00,3158.683,3172.348,3158.683,3171.586
2025-12-01 09:00:00,3171.59,3175.814,3149.027,3155.765
2025-12-01 10:00:00,3155.765,3175.497,3155.765,3175.497
2025-12-01 11:00:00,3175.508,3186.08,3173.396,3184.204
2025-12-01 12:00:00,3184.215,3193.883,3177.601,3190.821
2025-12-01 13:00:00,3190.832,3200.926,3190.481,3200.926
2025-12-01 14:00:00,3200.933,3207.737,3200.933,3207.737
2025-12-01 15:00:00,3207.747,3220.601,3207.747,3212.605
2025-12-01 16:00:00,3212.609,3216.313,3207.385,3216.313
2025-12-01 17:00:00,3216.321,3219.304,3205.344,3211.048
2025-12-01 18:00:00,3211.053,3218.436,3199.935,3202.511
2025-12-01 19:00:00,3202.517,3215.359,3202.23,3215.359
2025-12-01 20:00:00,3215.371,3226.781,3215.371,3221.249
2025-12-01 21:00:00,3221.251,3235.761,3221.251,3229.955
2025-12-01 22:00:00,3229.966,3237.106,3229.966,3234.89
2025-12-01 23:00:00,3234.901,3244.285,3228.646,3236.251
2025-12-02 00:00:00,3236.254,3236.594,3222.431,3236.249
2025-12-02 01:00:00,3236.251,3240.206,3229.302,3230.459
2025-12-02 02:00:00,3230.465,3236.489,3223.748,3232.523
2025-12-02 03:00:00,3232.534,3233.798,3204.252,3204.391
2025-12-02 04:00:00,3204.401,3216.299,3200.234,3216.299
2025-12-02 05:00:00,3216.301,3231.421,3216.301,3227.184
2025-12-02 06:00:00,3227.185,3234.619,3227.104,3229.236
2025-12-02 07:00:00,3229.236,3232.98,3214.982,3219.304
2025-12-02 08:00:00,3219.31,3224.989,3210.472,3224.989
2025-12-02 09:00:00,3224.993,3225.625,3203.74,3210.588
2025-12-02 10:00:00,3210.598,3215.177,3205.414,3215.177
2025-12-02 11:00:00,3215.181,3228.371,3213.229,3228.371
2025-12-02 12:00:00,3228.373,3231.235,3222.396,3223.627
2025-12-02 13:00:00,3223.628,3234.115,3223.628,3234.115
2025-12-02 14:00:00,3234.12,3239.037,3217.221,3217.457
2025-12-02 15:00:00,3217.465,3226.075,3216.586,3226.075
2025-12-02 16:00:00,3226.075,3226.206,3212.719,3223.87
2025-12-02 17:00:00,3223.877,3227.604,3216.851,3218.49
2025-12-02 18:00:00,3218.497,3230.202,3217.893,3230.202
2025-12-02 19:00:00,3230.211,3240.559,3229.749,3230.944
2025-12-02 20:00:00,3230.949,3238.994,3227.573,3238.994
2025-12-02 21:00:00,3239.001,3252.89,3239.001,3242.834
2025-12-02 22:00:00,3242.834,3254.532,3241.477,3251.364
2025-12-02 23:00:00,3251.38,3263.439,3249.875,3254.889
2025-12-03 00:00:00,3254.897,3270.847,3254.897,3269.068
2025-12-03 01:00:00,3269.08,3274.963,3260.851,3264.128
2025-12-03 02:00:00,3264.131,3273.772,3257.104,3259.879
2025-12-03 03:00:00,3259.88,3280.501,3259.88,3280.501
2025-12-03 04:00:00,3280.509,3284.277,3275.374,3278.486
2025-12-03 05:00:00,3278.489,3279.728,3258.994,3260.783
2025-12-03 06:00:00,3260.789,3263.707,3254.983,3261.867
2025-12-03 07:00:00,3261.874,3280.161,3261.874,3278.198
2025-12-03 08:00:00,3278.199,3285.502,3273.059,3275.81
2025-12-03 09:00:00,3275.817,3280.187,3265.46,3280.187
2025-12-03 10:00:00,3280.197,3289.917,3280.197,3288.395
2025-12-03 11:00:00,3288.406,3300.152,3285.542,3300.152
2025-12-03 12:00:00,3300.155,3315.095,3300.155,3311.555
2025-12-03 13:00:00,3311.565,3318.636,3308.21,3308.821
2025-12-03 14:00:00,3308.829,3312.197,3300.631,3302.097
2025-12-03 15:00:00,3302.106,3303.138,3275.423,3286.393
2025-12-03 16:00:00,3286.399,3291.274,3282.317,3291.086
2025-12-03 17:00:00,3291.095,3298.354,3286.932,3291.347
2025-12-03 18:00:00,3291.362,3307.929,3291.362,3302.028
2025-12-03 19:00:00,3302.03,3308.844,3300.376,3303.781
2025-12-03 20:00:00,3303.794,3306.887,3292.401,3295.592
2025-12-03 21:00:00,3295.6,3303.929,3289.318,3291.276
2025-12-03 22:00:00,3291.282,3298.333,3286.749,3295.707
2025-12-03 23:00:00,3295.714,3304.15,3288.443,3289.562
2025-12-04 00:00:00,3289.566,3297.447,3289.566,3293.518
2025-12-04 01:00:00,3293.525,3294.693,3283.956,3291.858
2025-12-04 02:00:00,3291.871,3295.117,3281.951,3294.031
2025-12-04 03:00:00,3294.041,3296.322,3282.075,3284.288
2025-12-04 04:00:00,3284.291,3289.809,3278.619,3288.389
2025-12-04 05:00:00,3288.399,3300.991,3285.413,3289.216
2025-12-04 06:00:00,3289.223,3296.472,3282.626,3288.364
2025-12-04 07:00:00,3288.374,3295.143,3285.613,3295.143
2025-12-04 08:00:00,3295.157,3296.958,3288.223,3292.035
2025-12-04 09:00:00,3292.038,3300.18,3289.334,3292.556
2025-12-04 10:00:00,3292.557,3301.804,3290.368,3299.945
2025-12-04 11:00:00,3299.946,3303.685,3270.438,3270.755
2025-12-04 12:00:00,3270.756,3278.184,3264.753,3264.801
2025-12-04 13:00:00,3264.803,3267.643,3252.149,3262.93
2025-12-04 14:00:00,3262.941,3281.531,3262.941,3280.687
2025-12-04 15:00:00,3280.694,3286.574,3263.059,3264.933
2025-12-04 16:00:00,3264.938,3265.649,3244.193,3246.003
2025-12-04 17:00:00,3246.009,3266.039,3246.009,3266.039
2025-12-04 18:00:00,3266.048,3276.284,3264.083,3273.724
2025-12-04 19:00:00,3273.726,3277.79,3262.845,3270.422
2025-12-04 20:00:00,3270.427,3275.518,3241.153,3242.347
2025-12-04 21:00:00,3242.353,3248.697,3235.943,3246.541
2025-12-04 22:00:00,3246.544,3250.342,3231.995,3233.025
2025-12-04 23:00:00,3233.033,3233.444,3208.221,3210.068
2025-12-05 00:00:00,3210.071,3223.346,3209.866,3223.346
2025-12-05 01:00:00,3223.348,3231.143,3218.669,3230.184
2025-12-05 02:00:00,3230.194,3244.218,3224.92,3242.804
2025-12-05 03:00:00,3242.809,3248.669,3238.677,3248.272
2025-12-05 04:00:00,3248.274,3257.839,3245.22,3255.892
2025-12-05 05:00:00,3255.896,3257.581,3221.327,3223.293
2025-12-05 06:00:00,3223.304,3231.518,3222.834,3231.518
2025-12-05 07:00:00,3231.518,3232.532,3220.572,3227.406
2025-12-05 08:00:00,3227.412,3245.742,3223.335,3245.742
2025-12-05 09:00:00,3245.746,3254.235,3236.747,3237.6
2025-12-05 10:00:00,3237.61,3249.701,3237.063,3237.811
2025-12-05 11:00:00,3237.815,3247.393,3237.075,3245.611
2025-12-05 12:00:00,3245.616,3248.41,3226.71,3239.792
2025-12-05 13:00:00,3239.798,3244.759,3225.177,3232.725
2025-12-05 14:00:00,3232.733,3234.653,3223.907,3230.606
2025-12-05 15:00:00,3230.614,3242.239,3230.614,3236.564
2025-12-05 16:00:00,3236.568,3247.461,3235.734,3239.366
2025-12-05 17:00:00,3239.378,3246.578,3230.019,3246.578
2025-12-05 18:00:00,3246.585,3247.261,3209.196,3210.063
2025-12-05 19:00:00,3210.072,3225.356,3210.072,3220.505
2025-12-05 20:00:00,3220.513,3227.433,3217.373,3224.217
2025-12-05 21:00:00,3224.22,3235.201,3224.22,3232.895
2025-12-05 22:00:00,3232.906,3240.663,3232.002,3234.677
2025-12-05 23:00:00,3234.69,3235.481,3223.209,3226.842
2025-12-06 00:00:00,3226.857,3230.073,3218.254,3230.073
2025-12-06 01:00:00,3230.077,3231.026,3214.644,3221.658
2025-12-06 02:00:00,3221.663,3224.088,3191.374,3196.206
2025-12-06 03:00:00,3196.219,3214.874,3196.219,3214.874
2025-12-06 04:00:00,3214.884,3215.261,3187.324,3190.616
2025-12-06 05:00:00,3190.626,3194.139,3185.605,3191.423
2025-12-06 06:00:00,3191.429,3198.918,3188.645,3195.76
2025-12-06 07:00:00,3195.766,3206.694,3195.766,3206.694
2025-12-06 08:00:00,3206.699,3221.722,3206.696,3221.722
2025-12-06 09:00:00,3221.726,3227.8,3216.089,3227.8
2025-12-06 10:00:00,3227.803,3227.871,3214.833,3223.704
2025-12-06 11:00:00,3223.716,3227.456,3216.617,3219.357
2025-12-06 12:00:00,3219.361,3222.898,3213.828,3219.693
2025-12-06 13:00:00,3219.694,3227.605,3219.039,3222.803
2025-12-06 14:00:00,3222.804,3224.582,3215.005,3223.469
2025-12-06 15:00:00,3223.472,3227.447,3216.118,3223.548
2025-12-06 16:00:00,3223.561,3230.12,3217.568,3220.244
2025-12-06 17:00:00,3220.252,3223.378,3211.944,3217.605
2025-12-06 18:00:00,3217.607,3227.363,3217.109,3219.695
2025-12-06 19:00:00,3219.697,3225.417,3214.317,3221.215
2025-12-06 20:00:00,3221.218,3230.816,3221.218,3225.558
2025-12-06 21:00:00,3225.565,3231.105,3221.102,3224.151
2025-12-06 22:00:00,3224.154,3233.61,3224.154,3232.792
2025-12-06 23:00:00,3232.798,3236.439,3225.669,3229.757
2025-12-07 00:00:00,3229.759,3248.096,3228.709,3248.096
2025-12-07 01:00:00,3248.098,3251.604,3232.78,3232.809
2025-12-07 02:00:00,3232.818,3239.039,3216.229,3218.248
2025-12-07 03:00:00,3218.265,3220.504,3209.534,3218.399
2025-12-07 04:00:00,3218.405,3218.646,3193.508,3197.894
2025-12-07 05:00:00,3197.902,3200.344,3187.976,3191.747
2025-12-07 06:00:00,3191.752,3195.27,3179.121,3183.412
2025-12-07 07:00:00,3183.419,3190.362,3180.195,3190.297
2025-12-07 08:00:00,3190.308,3191.314,3156.913,3164.595
2025-12-07 09:00:00,3164.599,3167.182,3160.188,3166.017
2025-12-07 10:00:00,3166.02,3179.608,3166.02,3169.608
2025-12-07 11:00:00,3169.61,3177.655,3167.352,3172.247
2025-12-07 12:00:00,3172.254,3189.524,3172.254,3185.26
2025-12-07 13:00:00,3185.265,3185.723,3156.615,3160.559
2025-12-07 14:00:00,3160.569,3163.198,3151.642,3153.623
2025-12-07 15:00:00,3153.629,3162.256,3146.272,3162.256
2025-12-07 16:00:00,3162.269,3164.714,3135.697,3143.947
2025-12-07 17:00:00,3143.956,3162.206,3143.295,3162.206
2025-12-07 18:00:00,3162.21,3180.693,3161.819,3180.693
2025-12-07 19:00:00,3180.694,3187.718,3180.436,3181.139
2025-12-07 20:00:00,3181.145,3185.11,3172.708,3174.013
2025-12-07 21:00:00,3174.023,3185.336,3174.023,3178.496
2025-12-07 22:00:00,3178.499,3184.538,3172.57,3184.538
2025-12-07 23:00:00,3184.546,3187.329,3167.839,3174.061
2025-12-08 00:00:00,3174.065,3193.052,3174.065,3193.052
2025-12-08 01:00:00,3193.053,3198.807,3180.551,3181.492
2025-12-08 02:00:00,3181.496,3182.984,3175.118,3178.073
2025-12-08 03:00:00,3178.082,3179.108,3165.58,3175.306
2025-12-08 04:00:00,3175.315,3178.461,3167.903,3176.659
2025-12-08 05:00:00,3176.662,3182.066,3171.176,3177.633
2025-12-08 06:00:00,3177.649,3188.163,3170.964,3180.279
2025-12-08 07:00:00,3180.289,3182.798,3155.531,3158.003
2025-12-08 08:00:00,3158.008,3165.244,3155.195,3159.24
2025-12-08 09:00:00,3159.255,3165.011,3153.895,3160.802
2025-12-08 10:00:00,3160.809,3166.066,3150.15,3161.794
2025-12-08 11:00:00,3161.811,3176.713,3161.811,3176.713
2025-12-08 12:00:00,3176.718,3181.174,3168.968,3177.781
2025-12-08 13:00:00,3177.785,3181.607,3168.85,3170.343
2025-12-08 14:00:00,3170.354,3177.256,3159.739,3161.778
2025-12-08 15:00:00,3161.782,3166.092,3158.36,3161.343
2025-12-08 16:00:00,3161.347,3167.224,3147.802,3153.462
2025-12-08 17:00:00,3153.463,3159.955,3147.716,3154.506
2025-12-08 18:00:00,3154.507,3155.065,3132.966,3134.016
2025-12-08 19:00:00,3134.017,3136.494,3120.167,3133.043
2025-12-08 20:00:00,3133.053,3147.895,3132.274,3146.772
2025-12-08 21:00:00,3146.775,3151.684,3139.697,3141.816
2025-12-08 22:00:00,3141.824,3159.332,3140.431,3154.072
2025-12-08 23:00:00,3154.084,3156.263,3142.977,3143.669
2025-12-09 00:00:00,3143.673,3147.547,3136.034,3139.072
2025-12-09 01:00:00,3139.082,3147.501,3137.632,3143.153
2025-12-09 02:00:00,3143.155,3149.107,3138.759,3149.107
2025-12-09 03:00:00,3149.108,3153.137,3139.568,3153.137
2025-12-09 04:00:00,3153.139,3164.648,3148.213,3164.648
2025-12-09 05:00:00,3164.658,3170.522,3159.882,3170.137
2025-12-09 06:00:00,3170.145,3177.152,3166.215,3170.08
2025-12-09 07:00:00,3170.091,3176.001,3160.107,3167.803
2025-12-09 08:00:00,3167.809,3168.378,3158.883,3164.874
2025-12-09 09:00:00,3164.89,3184.958,3164.89,3184.958
2025-12-09 10:00:00,3184.964,3188.386,3176.452,3182.879
2025-12-09 11:00:00,3182.888,3192.028,3182.888,3192.028
2025-12-09 12:00:00,3192.032,3192.607,3173.172,3174.537
2025-12-09 13:00:00,3174.543,3186.616,3174.543,3186.616
2025-12-09 14:00:00,3186.633,3190.433,3169.06,3179.661
2025-12-09 15:00:00,3179.671,3182.165,3169.682,3179.201
2025-12-09 16:00:00,3179.204,3184.97,3173.589,3174.149
2025-12-09 17:00:00,3174.151,3182.522,3166.895,3169.683
2025-12-09 18:00:00,3169.689,3171.56,3150.545,3153.695
2025-12-09 19:00:00,3153.701,3165.232,3149.994,3165.232
2025-12-09 20:00:00,3165.243,3169.087,3161.168,3163.971
2025-12-09 21:00:00,3163.979,3168.613,3157.313,3162.899
2025-12-09 22:00:00,3162.907,3167.675,3154.593,3167.675
2025-12-09 23:00:00,3167.689,3184.901,3167.689,3184.901
2025-12-10 00:00:00,3184.901,3186.312,3163.462,3165.048
2025-12-10 01:00:00,3165.06,3168.243,3151.736,3164.278
2025-12-10 02:00:00,3164.279,3174.473,3163.938,3174.473
2025-12-10 03:00:00,3174.475,3178.253,3167.983,3177.035
2025-12-10 04:00:00,3177.036,3178.803,3167.719,3174.643
2025-12-10 05:00:00,3174.644,3177.72,3168.64,3170.676
2025-12-10 06:00:00,3170.682,3176.703,3158.974,3164.201
2025-12-10 07:00:00,3164.214,3168.476,3157.322,3158.061
2025-12-10 08:00:00,3158.068,3159.972,3150.445,3159.972
2025-12-10 09:00:00,3159.982,3169.045,3159.982,3166.168
2025-12-10 10:00:00,3166.171,3170.306,3151.98,3156.847
2025-12-10 11:00:00,3156.853,3159.862,3145.181,3145.461
2025-12-10 12:00:00,3145.465,3159.833,3144.53,3159.833
2025-12-10 13:00:00,3159.844,3169.388,3159.844,3166.157
2025-12-10 14:00:00,3166.165,3170.771,3160.958,3170.731
2025-12-10 15:00:00,3170.737,3172.486,3160.388,3165.84
2025-12-10 16:00:00,3165.85,3177.773,3157.039,3177.773
2025-12-10 17:00:00,3177.779,3178.609,3162.619,3166.12
2025-12-10 18:00:00,3166.129,3184.278,3166.129,3184.278
2025-12-10 19:00:00,3184.28,3194.469,3183.976,3190.465
2025-12-10 20:00:00,3190.476,3201.427,3188.785,3195.895
2025-12-10 21:00:00,3195.899,3196.238,3178.143,3186.477
2025-12-10 22:00:00,3186.49,3189.622,3172.734,3175.818
2025-12-10 23:00:00,3175.823,3185.138,3175.823,3184.603
2025-12-11 00:00:00,3184.605,3191.203,3178.182,3184.759
2025-12-11 01:00:00,3184.772,3187.483,3176.729,3179.215
2025-12-11 02:00:00,3179.219,3182.597,3169.042,3179.313
2025-12-11 03:00:00,3179.32,3185.86,3178.468,3181.678
2025-12-11 04:00:00,3181.692,3183.48,3164.935,3174.849
2025-12-11 05:00:00,3174.855,3185.931,3174.855,3185.931
2025-12-11 06:00:00,3185.932,3189.754,3183.905,3189.754
2025-12-11 07:00:00,3189.762,3197.834,3181.626,3197.834
2025-12-11 08:00:00,3197.835,3206.164,3196.841,3205.953
2025-12-11 09:00:00,3205.957,3208.017,3199.052,3202.98
2025-12-11 10:00:00,3202.988,3203.213,3185.003,3185.876
2025-12-11 11:00:00,3185.881,3193.459,3185.27,3187.821
2025-12-11 12:00:00,3187.824,3191.363,3166.434,3174.07
2025-12-11 13:00:00,3174.081,3183.153,3171.488,3181.567
2025-12-11 14:00:00,3181.574,3189.381,3164.576,3167.569
2025-12-11 15:00:00,3167.572,3175.157,3159.509,3166.944
2025-12-11 16:00:00,3166.953,3169.438,3155.514,3158.309
2025-12-11 17:00:00,3158.309,3165.09,3154.26,3165.09
2025-12-11 18:00:00,3165.096,3175.138,3164.907,3169.849
2025-12-11 19:00:00,3169.871,3174.857,3159.892,3161.81
2025-12-11 20:00:00,3161.816,3171.444,3161.816,3167.95
2025-12-11 21:00:00,3167.968,3174.434,3159.999,3161.456
2025-12-11 22:00:00,3161.461,3172.27,3156.422,3156.425
2025-12-11 23:00:00,3156.435,3170.568,3154.756,3170.568
2025-12-12 00:00:00,3170.573,3171.691,3137.791,3140.858
2025-12-12 01:00:00,3140.861,3150.116,3136.907,3150.116
2025-12-12 02:00:00,3150.13,3158.101,3150.13,3155.932
2025-12-12 03:00:00,3155.938,3162.353,3144.9,3150.396
2025-12-12 04:00:00,3150.404,3150.703,3129.548,3131.484
2025-12-12 05:00:00,3131.495,3148.574,3131.495,3148.574
2025-12-12 06:00:00,3148.578,3151.562,3130.997,3132.962
2025-12-12 07:00:00,3132.976,3138.082,3128.312,3134.433
2025-12-12 08:00:00,3134.438,3141.586,3133.322,3140.383
2025-12-12 09:00:00,3140.388,3155.448,3138.743,3155.448
2025-12-12 10:00:00,3155.46,3157.573,3141.934,3152.324
2025-12-12 11:00:00,3152.333,3154.345,3143.249,3151.85
2025-12-12 12:00:00,3151.855,3153.952,3144.789,3149.668
2025-12-12 13:00:00,3149.674,3162.806,3149.674,3157.404
2025-12-12 14:00:00,3157.404,3168.969,3157.404,3165.475
2025-12-12 15:00:00,3165.482,3175.559,3162.168,3171.727
2025-12-12 16:00:00,3171.731,3175.318,3152.472,3158.497
2025-12-12 17:00:00,3158.51,3160.074,3150.974,3154.699
2025-12-12 18:00:00,3154.699,3155.129,3139.178,3147.571
2025-12-12 19:00:00,3147.573,3162.816,3146.718,3162.816
2025-12-12 20:00:00,3162.826,3172.624,3159.232,3172.624
2025-12-12 21:00:00,3172.627,3188.681,3172.627,3187.547
2025-12-12 22:00:00,3187.558,3191.43,3173.742,3174.977
2025-12-12 23:00:00,3174.981,3180.64,3174.174,3176.439
2025-12-13 00:00:00,3176.448,3191.651,3175.205,3191.651
2025-12-13 01:00:00,3191.657,3192.392,3168.329,3178.836
2025-12-13 02:00:00,3178.843,3190.083,3178.843,3189.1
2025-12-13 03:00:00,3189.116,3192.356,3177.081,3184.997
2025-12-13 04:00:00,3184.997,3186.759,3164.235,3169.89
2025-12-13 05:00:00,3169.896,3170.563,3149.402,3153.551
2025-12-13 06:00:00,3153.558,3153.592,3135.18,3144.597
2025-12-13 07:00:00,3144.602,3162.228,3144.602,3158.92
2025-12-13 08:00:00,3158.923,3172.529,3158.923,3172.346
2025-12-13 09:00:00,3172.347,3186.897,3172.347,3183.576
2025-12-13 10:00:00,3183.579,3189.662,3176.917,3189.662
2025-12-13 11:00:00,3189.674,3193.752,3182.598,3192.295
2025-12-13 12:00:00,3192.304,3192.808,3182.202,3186.963
2025-12-13 13:00:00,3186.97,3191.814,3184.729,3185.397
2025-12-13 14:00:00,3185.403,3195.115,3185.124,3185.527
2025-12-13 15:00:00,3185.528,3191.452,3175.839,3177.686
2025-12-13 16:00:00,3177.686,3189.575,3177.686,3189.532
2025-12-13 17:00:00,3189.536,3190.858,3173.53,3174.155
2025-12-13 18:00:00,3174.156,3187.004,3174.156,3187.004
2025-12-13 19:00:00,3187.015,3193.083,3183.165,3192.65
2025-12-13 20:00:00,3192.656,3195.173,3185.24,3190.477
2025-12-13 21:00:00,3190.485,3206.685,3190.485,3206.685
2025-12-13 22:00:00,3206.691,3224.757,3206.691,3224.757
2025-12-13 23:00:00,3224.764,3238.632,3223.325,3227.255
2025-12-14 00:00:00,3227.256,3228.781,3217.184,3224.21
2025-12-14 01:00:00,3224.218,3235.118,3220.246,3235.118
2025-12-14 02:00:00,3235.134,3256.142,3235.134,3256.142
2025-12-14 03:00:00,3256.151,3263.26,3255.572,3257.378
2025-12-14 04:00:00,3257.386,3271.392,3255.71,3256.891
2025-12-14 05:00:00,3256.905,3259.711,3241.338,3242.765
2025-12-14 06:00:00,3242.776,3243.576,3232.598,3236.955
2025-12-14 07:00:00,3236.966,3243.771,3229.386,3243.53
2025-12-14 08:00:00,3243.537,3250.825,3239.006,3239.014
2025-12-14 09:00:00,3239.015,3249.797,3239.015,3243.328
2025-12-14 10:00:00,3243.331,3258.155,3243.331,3257.876
2025-12-14 11:00:00,3257.882,3263.249,3254.797,3256.45
2025-12-14 12:00:00,3256.454,3262.872,3254.893,3256.737
2025-12-14 13:00:00,3256.739,3265.583,3244.988,3245.373
2025-12-14 14:00:00,3245.376,3253.238,3244.911,3253.238
2025-12-14 15:00:00,3253.249,3258.436,3240.895,3244.017
2025-12-14 16:00:00,3244.018,3251.195,3244.018,3248.771
2025-12-14 17:00:00,3248.774,3258.695,3245.74,3258.695
2025-12-14 18:00:00,3258.703,3277.0,3258.703,3277.0
2025-12-14 19:00:00,3277.01,3279.388,3267.54,3278.018
2025-12-14 20:00:00,3278.019,3281.744,3269.963,3281.744
2025-12-14 21:00:00,3281.747,3288.58,3269.999,3275.243
2025-12-14 22:00:00,3275.244,3276.723,3257.825,3263.934
2025-12-14 23:00:00,3263.934,3265.166,3249.164,3252.326
2025-12-15 00:00:00,3252.335,3262.809,3245.261,3247.588
2025-12-15 01:00:00,3247.593,3249.264,3240.177,3243.186
2025-12-15 02:00:00,3243.187,3248.29,3234.944,3245.3
2025-12-15 03:00:00,3245.308,3265.808,3245.308,3265.808
2025-12-15 04:00:00,3265.817,3273.306,3263.384,3266.004
2025-12-15 05:00:00,3266.017,3266.708,3249.976,3262.123
2025-12-15 06:00:00,3262.14,3267.688,3254.303,3254.324
2025-12-15 07:00:00,3254.329,3268.887,3247.877,3249.789
2025-12-15 08:00:00,3249.802,3259.947,3247.937,3259.947
2025-12-15 09:00:00,3259.961,3275.933,3259.961,3275.933
2025-12-15 10:00:00,3275.938,3289.968,3275.938,3284.735
2025-12-15 11:00:00,3284.739,3296.556,3281.921,3296.556
2025-12-15 12:00:00,3296.563,3298.129,3284.773,3285.33
2025-12-15 13:00:00,3285.339,3289.951,3279.47,3280.65
2025-12-15 14:00:00,3280.655,3286.005,3278.314,3281.991
2025-12-15 15:00:00,3281.999,3286.713,3277.326,3281.876
2025-12-15 16:00:00,3281.877,3288.256,3268.572,3270.768
2025-12-15 17:00:00,3270.769,3278.857,3268.374,3269.904
2025-12-15 18:00:00,3269.905,3280.881,3269.905,3279.829
2025-12-15 19:00:00,3279.834,3280.034,3260.203,3260.997
2025-12-15 20:00:00,3260.998,3270.481,3260.606,3267.877
2025-12-15 21:00:00,3267.885,3288.428,3267.885,3286.665
2025-12-15 22:00:00,3286.67,3291.353,3258.37,3262.345
2025-12-15 23:00:00,3262.351,3262.976,3246.389,3250.394
2025-12-16 00:00:00,3250.409,3256.995,3245.624,3250.373
2025-12-16 01:00:00,3250.38,3258.61,3241.848,3258.61
2025-12-16 02:00:00,3258.613,3265.397,3247.652,3256.017
2025-12-16 03:00:00,3256.022,3271.661,3253.469,3271.661
2025-12-16 04:00:00,3271.666,3278.717,3271.557,3275.752
2025-12-16 05:00:00,3275.763,3291.658,3275.763,3291.032
2025-12-16 06:00:00,3291.05,3295.428,3279.765,3281.057
2025-12-16 07:00:00,3281.064,3288.288,3280.243,3288.288
2025-12-16 08:00:00,3288.291,3289.797,3253.315,3257.558
2025-12-16 09:00:00,3257.567,3263.969,3254.954,3258.43
2025-12-16 10:00:00,3258.449,3273.588,3258.296,3271.319
2025-12-16 11:00:00,3271.326,3283.649,3271.326,3283.649
2025-12-16 12:00:00,3283.663,3288.233,3276.985,3282.55
2025-12-16 13:00:00,3282.562,3296.603,3280.672,3296.603
2025-12-16 14:00:00,3296.613,3302.889,3295.444,3302.889
2025-12-16 15:00:00,3302.892,3309.283,3297.941,3309.283
2025-12-16 16:00:00,3309.291,3311.494,3298.676,3304.959
2025-12-16 17:00:00,3304.961,3321.643,3304.961,3319.603
2025-12-16 18:00:00,3319.617,3334.726,3317.277,3334.726
2025-12-16 19:00:00,3334.732,3345.889,3328.204,3345.889
2025-12-16 20:00:00,3345.89,3358.392,3329.391,3329.641
2025-12-16 21:00:00,3329.649,3338.308,3323.803,3331.93
2025-12-16 22:00:00,3331.94,3351.078,3331.94,3348.32
2025-12-16 23:00:00,3348.32,3363.255,3330.277,3330.562
2025-12-17 00:00:00,3330.564,3331.34,3316.845,3329.607
2025-12-17 01:00:00,3329.614,3341.432,3325.573,3341.432
2025-12-17 02:00:00,3341.435,3346.946,3336.06,3336.116
2025-12-17 03:00:00,3336.123,3342.366,3330.249,3332.959
2025-12-17 04:00:00,3332.959,3335.761,3322.686,3324.548
2025-12-17 05:00:00,3324.557,3327.503,3315.748,3327.145
2025-12-17 06:00:00,3327.153,3333.575,3323.505,3332.124
2025-12-17 07:00:00,3332.135,3352.299,3331.619,3352.299
2025-12-17 08:00:00,3352.31,3354.444,3344.062,3349.696
2025-12-17 09:00:00,3349.709,3365.308,3349.709,3360.434
2025-12-17 10:00:00,3360.435,3363.166,3353.662,3361.062
2025-12-17 11:00:00,3361.065,3365.396,3350.944,3365.396
2025-12-17 12:00:00,3365.397,3382.74,3365.397,3380.713
2025-12-17 13:00:00,3380.718,3394.913,3380.718,3390.035
2025-12-17 14:00:00,3390.047,3391.505,3377.2,3389.707
2025-12-17 15:00:00,3389.716,3396.277,3385.22,3395.814
2025-12-17 16:00:00,3395.815,3411.255,3395.815,3406.33
2025-12-17 17:00:00,3406.33,3407.863,3388.983,3393.562
2025-12-17 18:00:00,3393.564,3397.529,3384.519,3390.35
2025-12-17 19:00:00,3390.357,3401.737,3388.374,3401.737
2025-12-17 20:00:00,3401.747,3402.193,3379.891,3380.172
2025-12-17 21:00:00,3380.175,3380.282,3366.214,3369.258
2025-12-17 22:00:00,3369.26,3372.445,3363.982,3370.084
2025-12-17 23:00:00,3370.098,3379.176,3367.994,3371.087
2025-12-18 00:00:00,3371.094,3382.677,3368.652,3382.677
2025-12-18 01:00:00,3382.68,3384.018,3366.266,3381.976
2025-12-18 02:00:00,3381.979,3391.072,3379.122,3385.842
2025-12-18 03:00:00,3385.852,3387.929,3368.735,3369.957
2025-12-18 04:00:00,3369.969,3379.778,3368.666,3374.5
2025-12-18 05:00:00,3374.507,3376.579,3363.683,3370.675
2025-12-18 06:00:00,3370.679,3378.398,3369.701,3378.398
2025-12-18 07:00:00,3378.401,3386.87,3371.01,3386.87
2025-12-18 08:00:00,3386.871,3390.111,3380.72,3381.07
2025-12-18 09:00:00,3381.08,3382.009,3367.566,3382.009
2025-12-18 10:00:00,3382.009,3384.451,3348.394,3348.67
2025-12-18 11:00:00,3348.674,3371.327,3348.674,3364.475
2025-12-18 12:00:00,3364.488,3369.746,3359.323,3365.091
2025-12-18 13:00:00,3365.106,3374.267,3359.325,3374.267
2025-12-18 14:00:00,3374.281,3383.187,3373.458,3383.187
2025-12-18 15:00:00,3383.192,3399.629,3383.192,3393.422
2025-12-18 16:00:00,3393.422,3397.469,3387.593,3393.358
2025-12-18 17:00:00,3393.36,3408.003,3391.8,3408.003
2025-12-18 18:00:00,3408.014,3410.06,3397.639,3401.329
2025-12-18 19:00:00,3401.334,3422.097,3401.334,3422.097
2025-12-18 20:00:00,3422.099,3432.553,3422.099,3432.181
2025-12-18 21:00:00,3432.182,3441.237,3429.677,3435.589
2025-12-18 22:00:00,3435.592,3438.216,3417.019,3419.81
2025-12-18 23:00:00,3419.82,3423.085,3414.762,3422.207
2025-12-19 00:00:00,3422.214,3427.388,3395.541,3400.397
2025-12-19 01:00:00,3400.404,3410.783,3400.06,3405.27
2025-12-19 02:00:00,3405.272,3412.58,3383.196,3385.657
2025-12-19 03:00:00,3385.659,3388.286,3365.152,3373.084
2025-12-19 04:00:00,3373.093,3381.854,3365.901,3381.854
2025-12-19 05:00:00,3381.872,3399.338,3381.872,3392.544
2025-12-19 06:00:00,3392.554,3397.958,3388.812,3397.958
2025-12-19 07:00:00,3397.961,3403.081,3386.942,3387.24
2025-12-19 08:00:00,3387.251,3395.401,3384.028,3390.383
2025-12-19 09:00:00,3390.392,3395.769,3379.736,3395.432
2025-12-19 10:00:00,3395.443,3395.545,3384.25,3388.566
2025-12-19 11:00:00,3388.575,3393.841,3374.31,3377.438
2025-12-19 12:00:00,3377.448,3385.865,3374.355,3378.378
2025-12-19 13:00:00,3378.383,3380.596,3367.995,3380.596
2025-12-19 14:00:00,3380.606,3385.04,3371.306,3383.942
2025-12-19 15:00:00,3383.953,3388.262,3378.501,3382.88
2025-12-19 16:00:00,3382.887,3385.516,3360.644,3364.754
2025-12-19 17:00:00,3364.765,3369.463,3352.611,3363.249
2025-12-19 18:00:00,3363.256,3367.276,3354.534,3354.813
2025-12-19 19:00:00,3354.815,3363.54,3350.663,3363.54
2025-12-19 20:00:00,3363.552,3372.748,3356.668,3366.189
2025-12-19 21:00:00,3366.209,3381.257,3366.209,3379.433
2025-12-19 22:00:00,3379.438,3389.546,3376.323,3389.546
2025-12-19 23:00:00,3389.558,3398.835,3386.318,3393.968
2025-12-20 00:00:00,3393.976,3413.132,3391.486,3413.132
2025-12-20 01:00:00,3413.139,3423.324,3413.139,3420.445
2025-12-20 02:00:00,3420.45,3423.834,3409.968,3415.637
2025-12-20 03:00:00,3415.65,3422.276,3405.815,3412.469
2025-12-20 04:00:00,3412.472,3414.51,3398.976,3407.577
2025-12-20 05:00:00,3407.587,3414.281,3401.524,3407.916
2025-12-20 06:00:00,3407.924,3430.5,3407.924,3430.5
2025-12-20 07:00:00,3430.51,3440.58,3428.551,3433.118
2025-12-20 08:00:00,3433.12,3450.629,3433.12,3443.833
2025-12-20 09:00:00,3443.845,3454.515,3441.233,3454.515
2025-12-20 10:00:00,3454.518,3457.829,3444.247,3444.342
2025-12-20 11:00:00,3444.353,3458.595,3441.16,3454.42
2025-12-20 12:00:00,3454.428,3466.417,3453.001,3466.417
2025-12-20 13:00:00,3466.428,3481.452,3466.428,3481.452
2025-12-20 14:00:00,3481.462,3482.842,3468.511,3481.899
2025-12-20 15:00:00,3481.906,3500.669,3481.906,3494.146
2025-12-20 16:00:00,3494.153,3513.018,3494.153,3509.506
2025-12-20 17:00:00,3509.52,3515.92,3492.623,3498.44
2025-12-20 18:00:00,3498.451,3518.282,3498.451,3515.493
2025-12-20 19:00:00,3515.498,3516.535,3501.201,3511.284
2025-12-20 20:00:00,3511.295,3521.175,3502.373,3506.366
2025-12-20 21:00:00,3506.376,3511.737,3498.391,3510.337
2025-12-20 22:00:00,3510.342,3516.404,3503.118,3507.302
2025-12-20 23:00:00,3507.313,3528.518,3507.313,3511.987
2025-12-21 00:00:00,3511.99,3527.285,3511.99,3527.285
2025-12-21 01:00:00,3527.299,3537.632,3523.972,3530.467
2025-12-21 02:00:00,3530.469,3537.532,3526.252,3537.532
2025-12-21 03:00:00,3537.537,3541.805,3530.147,3530.341
2025-12-21 04:00:00,3530.342,3552.193,3530.342,3546.309
2025-12-21 05:00:00,3546.318,3552.105,3533.768,3537.341
2025-12-21 06:00:00,3537.341,3540.081,3528.778,3529.445
2025-12-21 07:00:00,3529.451,3548.952,3529.451,3538.524
2025-12-21 08:00:00,3538.53,3548.938,3534.474,3548.938
2025-12-21 09:00:00,3548.938,3553.09,3541.035,3543.748
2025-12-21 10:00:00,3543.749,3551.781,3539.011,3543.281
2025-12-21 11:00:00,3543.29,3559.091,3542.961,3556.373
2025-12-21 12:00:00,3556.378,3575.134,3556.378,3573.51
2025-12-21 13:00:00,3573.523,3581.781,3572.813,3573.365
2025-12-21 14:00:00,3573.367,3591.152,3573.367,3588.02
2025-12-21 15:00:00,3588.024,3601.585,3588.024,3601.585
2025-12-21 16:00:00,3601.587,3602.079,3586.596,3596.982
2025-12-21 17:00:00,3596.99,3599.513,3585.612,3589.135
2025-12-21 18:00:00,3589.141,3602.866,3589.141,3591.634
2025-12-21 19:00:00,3591.635,3597.034,3587.894,3591.519
2025-12-21 20:00:00,3591.521,3596.467,3583.096,3583.313
2025-12-21 21:00:00,3583.329,3583.699,3567.271,3579.246
2025-12-21 22:00:00,3579.253,3588.073,3574.271,3576.013
2025-12-21 23:00:00,3576.013,3597.67,3576.013,3597.67
2025-12-22 00:00:00,3597.674,3598.409,3571.785,3579.772
2025-12-22 01:00:00,3579.79,3590.99,3577.917,3590.99
2025-12-22 02:00:00,3591.001,3600.48,3565.858,3567.379
2025-12-22 03:00:00,3567.39,3578.356,3556.364,3572.596
2025-12-22 04:00:00,3572.615,3583.515,3570.699,3578.113
2025-12-22 05:00:00,3578.114,3591.99,3578.114,3590.365
2025-12-22 06:00:00,3590.377,3604.738,3590.377,3603.21
2025-12-22 07:00:00,3603.216,3619.137,3603.216,3613.275
2025-12-22 08:00:00,3613.288,3619.98,3608.896,3616.39
2025-12-22 09:00:00,3616.407,3618.112,3600.729,3600.883
2025-12-22 10:00:00,3600.895,3604.335,3595.627,3600.321
2025-12-22 11:00:00,3600.331,3618.367,3594.906,3618.367
2025-12-22 12:00:00,3618.376,3624.873,3616.527,3623.763
2025-12-22 13:00:00,3623.778,3625.556,3602.182,3609.62
2025-12-22 14:00:00,3609.621,3616.893,3598.723,3615.939
2025-12-22 15:00:00,3615.948,3621.02,3607.38,3618.607
2025-12-22 16:00:00,3618.622,3631.344,3618.622,3628.545
2025-12-22 17:00:00,3628.563,3633.484,3616.498,3624.003
2025-12-22 18:00:00,3624.009,3644.297,3624.009,3644.297
2025-12-22 19:00:00,3644.3,3651.027,3639.194,3645.544
2025-12-22 20:00:00,3645.554,3649.702,3634.505,3644.334
2025-12-22 21:00:00,3644.343,3645.323,3631.978,3644.64
2025-12-22 22:00:00,3644.645,3657.907,3634.692,3635.492
2025-12-22 23:00:00,3635.497,3642.486,3626.771,3642.486
2025-12-23 00:00:00,3642.496,3643.479,3620.754,3625.605
2025-12-23 01:00:00,3625.608,3632.992,3617.075,3629.886
2025-12-23 02:00:00,3629.89,3637.834,3624.379,3637.834
2025-12-23 03:00:00,3637.851,3650.759,3637.851,3644.153
2025-12-23 04:00:00,3644.165,3653.265,3626.464,3633.54
2025-12-23 05:00:00,3633.559,3650.919,3633.559,3642.354
2025-12-23 06:00:00,3642.356,3657.498,3640.933,3644.803
2025-12-23 07:00:00,3644.812,3645.583,3630.819,3641.604
2025-12-23 08:00:00,3641.612,3648.286,3632.774,3633.492
2025-12-23 09:00:00,3633.51,3645.322,3633.51,3641.23
2025-12-23 10:00:00,3641.243,3645.69,3631.856,3637.046
2025-12-23 11:00:00,3637.049,3641.432,3617.368,3624.353
2025-12-23 12:00:00,3624.358,3628.736,3617.488,3621.622
2025-12-23 13:00:00,3621.632,3631.087,3614.965,3629.218
2025-12-23 14:00:00,3629.225,3641.96,3628.062,3641.96
2025-12-23 15:00:00,3641.972,3652.207,3641.972,3647.522
2025-12-23 16:00:00,3647.529,3650.955,3635.253,3640.493
2025-12-23 17:00:00,3640.497,3645.432,3629.374,3644.056
2025-12-23 18:00:00,3644.056,3661.292,3637.827,3661.292
2025-12-23 19:00:00,3661.3,3662.793,3646.779,3649.668
2025-12-23 20:00:00,3649.678,3659.668,3646.954,3658.906
2025-12-23 21:00:00,3658.928,3678.397,3658.928,3678.397
2025-12-23 22:00:00,3678.399,3680.815,3665.965,3675.374
2025-12-23 23:00:00,3675.376,3676.794,3659.529,3663.859
2025-12-24 00:00:00,3663.865,3671.5,3660.35,3670.983
2025-12-24 01:00:00,3670.985,3685.356,3666.466,3685.356
2025-12-24 02:00:00,3685.363,3702.213,3685.363,3696.502
2025-12-24 03:00:00,3696.51,3709.239,3695.808,3705.566
2025-12-24 04:00:00,3705.571,3706.706,3687.483,3688.833
2025-12-24 05:00:00,3688.833,3699.463,3687.356,3696.987
2025-12-24 06:00:00,3697.004,3702.308,3690.727,3696.712
2025-12-24 07:00:00,3696.723,3707.421,3691.429,3695.845
2025-12-24 08:00:00,3695.851,3701.783,3686.727,3695.853
2025-12-24 09:00:00,3695.854,3708.464,3692.849,3708.208
2025-12-24 10:00:00,3708.208,3710.506,3698.576,3702.841
2025-12-24 11:00:00,3702.841,3704.55,3681.544,3682.309
2025-12-24 12:00:00,3682.312,3685.188,3666.906,3674.575
2025-12-24 13:00:00,3674.592,3691.458,3674.592,3688.991
2025-12-24 14:00:00,3688.996,3702.917,3688.996,3697.153
2025-12-24 15:00:00,3697.159,3714.076,3696.437,3705.336
2025-12-24 16:00:00,3705.342,3708.19,3700.313,3703.892
2025-12-24 17:00:00,3703.893,3711.086,3692.91,3698.885
2025-12-24 18:00:00,3698.886,3704.106,3690.472,3691.918
2025-12-24 19:00:00,3691.93,3692.408,3672.385,3677.631
2025-12-24 20:00:00,3677.641,3684.841,3673.425,3684.841
2025-12-24 21:00:00,3684.842,3693.509,3673.491,3678.053
2025-12-24 22:00:00,3678.063,3689.978,3673.001,3689.978
2025-12-24 23:00:00,3689.986,3690.643,3670.902,3683.785
2025-12-25 00:00:00,3683.794,3705.036,3683.794,3704.353
2025-12-25 01:00:00,3704.357,3708.178,3684.627,3689.472
2025-12-25 02:00:00,3689.473,3712.67,3689.473,3711.716
2025-12-25 03:00:00,3711.72,3720.271,3706.667,3716.431
2025-12-25 04:00:00,3716.442,3722.74,3705.967,3712.742
2025-12-25 05:00:00,3712.762,3723.053,3712.471,3718.588
2025-12-25 06:00:00,3718.6,3721.325,3714.159,3719.795
2025-12-25 07:00:00,3719.815,3731.052,3718.386,3730.386
2025-12-25 08:00:00,3730.392,3730.772,3719.88,3724.638
2025-12-25 09:00:00,3724.643,3735.508,3715.23,3731.849
2025-12-25 10:00:00,3731.857,3734.198,3711.062,3716.774
2025-12-25 11:00:00,3716.785,3717.642,3703.029,3711.277
2025-12-25 12:00:00,3711.281,3717.659,3698.871,3699.983
2025-12-25 13:00:00,3699.991,3712.413,3699.991,3709.974
2025-12-25 14:00:00,3709.979,3729.472,3709.979,3729.472
2025-12-25 15:00:00,3729.487,3737.464,3725.067,3727.665
2025-12-25 16:00:00,3727.666,3735.42,3721.842,3733.35
2025-12-25 17:00:00,3733.36,3742.435,3733.289,3738.161
2025-12-25 18:00:00,3738.169,3739.938,3727.26,3728.668
2025-12-25 19:00:00,3728.68,3731.609,3723.207,3724.582
2025-12-25 20:00:00,3724.593,3735.358,3722.334,3731.769
2025-12-25 21:00:00,3731.777,3736.301,3726.492,3734.834
2025-12-25 22:00:00,3734.835,3744.129,3733.483,3741.568
2025-12-25 23:00:00,3741.578,3751.649,3738.27,3747.579
2025-12-26 00:00:00,3747.582,3767.398,3747.582,3767.398
2025-12-26 01:00:00,3767.406,3787.776,3766.066,3781.299
2025-12-26 02:00:00,3781.31,3803.226,3781.31,3800.486
2025-12-26 03:00:00,3800.497,3812.691,3798.539,3811.546
2025-12-26 04:00:00,3811.557,3830.051,3806.049,3829.83
2025-12-26 05:00:00,3829.832,3830.314,3806.771,3817.338
2025-12-26 06:00:00,3817.347,3821.09,3808.688,3809.645
2025-12-26 07:00:00,3809.657,3823.5,3809.293,3817.681
2025-12-26 08:00:00,3817.692,3819.044,3794.328,3808.616
2025-12-26 09:00:00,3808.625,3810.073,3797.766,3810.073
2025-12-26 10:00:00,3810.075,3824.161,3810.075,3816.408
2025-12-26 11:00:00,3816.424,3824.978,3813.755,3820.182
2025-12-26 12:00:00,3820.183,3837.956,3820.183,3826.736
2025-12-26 13:00:00,3826.742,3830.676,3808.834,3809.031
2025-12-26 14:00:00,3809.039,3809.861,3791.624,3800.284
2025-12-26 15:00:00,3800.288,3810.326,3793.958,3810.326
2025-12-26 16:00:00,3810.331,3824.179,3808.463,3813.794
2025-12-26 17:00:00,3813.797,3817.566,3797.691,3807.813
2025-12-26 18:00:00,3807.829,3807.967,3786.777,3789.201
2025-12-26 19:00:00,3789.214,3797.526,3777.648,3778.482
2025-12-26 20:00:00,3778.485,3787.953,3774.12,3786.098
2025-12-26 21:00:00,3786.104,3791.91,3781.182,3790.619
2025-12-26 22:00:00,3790.623,3808.619,3790.623,3807.105
2025-12-26 23:00:00,3807.113,3816.329,3801.574,3814.435
2025-12-27 00:00:00,3814.458,3823.683,3813.014,3823.683
2025-12-27 01:00:00,3823.686,3841.951,3823.686,3841.951
2025-12-27 02:00:00,3841.96,3845.243,3826.005,3828.664
2025-12-27 03:00:00,3828.669,3847.965,3828.305,3846.612
2025-12-27 04:00:00,3846.626,3849.073,3833.309,3846.354
2025-12-27 05:00:00,3846.366,3853.091,3840.826,3853.091
2025-12-27 06:00:00,3853.1,3853.63,3816.96,3817.266
2025-12-27 07:00:00,3817.277,3829.564,3817.277,3823.939
2025-12-27 08:00:00,3823.948,3844.166,3821.024,3837.665
2025-12-27 09:00:00,3837.666,3842.545,3833.056,3836.076
2025-12-27 10:00:00,3836.079,3836.155,3819.085,3827.942
2025-12-27 11:00:00,3827.943,3850.771,3827.943,3849.76
2025-12-27 12:00:00,3849.771,3855.039,3846.248,3851.69
2025-12-27 13:00:00,3851.694,3874.347,3851.694,3864.58
2025-12-27 14:00:00,3864.598,3865.47,3838.35,3842.632
2025-12-27 15:00:00,3842.633,3848.73,3833.966,3845.884
2025-12-27 16:00:00,3845.887,3853.065,3831.495,3840.896
2025-12-27 17:00:00,3840.904,3848.152,3829.457,3833.75
2025-12-27 18:00:00,3833.751,3835.152,3792.125,3793.044
2025-12-27 19:00:00,3793.052,3814.493,3793.052,3814.493
2025-12-27 20:00:00,3814.495,3818.225,3790.388,3802.757
2025-12-27 21:00:00,3802.758,3803.806,3781.883,3786.624
2025-12-27 22:00:00,3786.636,3788.106,3777.873,3786.758
2025-12-27 23:00:00,3786.766,3804.443,3786.766,3804.443
2025-12-28 00:00:00,3804.455,3808.786,3794.181,3794.706
2025-12-28 01:00:00,3794.707,3806.795,3786.297,3806.795
2025-12-28 02:00:00,3806.806,3807.883,3790.268,3801.982
2025-12-28 03:00:00,3801.994,3805.102,3796.852,3804.889
2025-12-28 04:00:00,3804.905,3807.589,3791.372,3807.589
2025-12-28 05:00:00,3807.594,3812.675,3793.979,3812.223
2025-12-28 06:00:00,3812.224,3828.327,3807.362,3822.217
2025-12-28 07:00:00,3822.222,3831.16,3818.518,3828.069
2025-12-28 08:00:00,3828.07,3830.894,3817.493,3817.768
2025-12-28 09:00:00,3817.781,3827.831,3817.781,3822.632
2025-12-28 10:00:00,3822.638,3841.297,3822.638,3841.297
2025-12-28 11:00:00,3841.297,3845.177,3830.964,3841.144
2025-12-28 12:00:00,3841.152,3842.57,3823.762,3833.233
2025-12-28 13:00:00,3833.257,3854.462,3833.257,3852.466
2025-12-28 14:00:00,3852.473,3860.128,3843.545,3852.3
2025-12-28 15:00:00,3852.306,3862.047,3848.951,3861.259
2025-12-28 16:00:00,3861.269,3872.044,3861.269,3871.473
2025-12-28 17:00:00,3871.481,3878.129,3863.634,3871.651
2025-12-28 18:00:00,3871.652,3887.457,3871.652,3875.986
2025-12-28 19:00:00,3875.994,3887.373,3847.792,3847.814
2025-12-28 20:00:00,3847.822,3850.082,3819.929,3820.462
2025-12-28 21:00:00,3820.473,3828.911,3817.545,3820.392
2025-12-28 22:00:00,3820.399,3825.252,3801.074,3812.341
2025-12-28 23:00:00,3812.356,3817.442,3795.664,3800.928
2025-12-29 00:00:00,3800.941,3807.089,3784.162,3786.01
2025-12-29 01:00:00,3786.017,3800.007,3786.017,3792.67
2025-12-29 02:00:00,3792.672,3801.915,3783.504,3801.622
2025-12-29 03:00:00,3801.627,3809.881,3791.238,3799.834
2025-12-29 04:00:00,3799.848,3802.791,3790.484,3794.802
2025-12-29 05:00:00,3794.816,3795.365,3784.116,3787.492
2025-12-29 06:00:00,3787.501,3796.647,3776.1,3794.731
2025-12-29 07:00:00,3794.737,3798.448,3781.125,3791.21
2025-12-29 08:00:00,3791.225,3804.857,3791.225,3797.045
2025-12-29 09:00:00,3797.05,3809.31,3792.621,3801.184
2025-12-29 10:00:00,3801.196,3812.584,3800.521,3812.35
2025-12-29 11:00:00,3812.356,3812.817,3783.332,3785.109
2025-12-29 12:00:00,3785.119,3795.503,3782.852,3784.439
2025-12-29 13:00:00,3784.444,3787.819,3766.214,3768.655
2025-12-29 14:00:00,3768.656,3776.065,3749.61,3754.226
2025-12-29 15:00:00,3754.235,3763.486,3754.235,3759.984
2025-12-29 16:00:00,3759.988,3766.305,3750.711,3766.305
2025-12-29 17:00:00,3766.318,3786.559,3766.318,3786.22
2025-12-29 18:00:00,3786.225,3789.369,3762.276,3769.143
2025-12-29 19:00:00,3769.152,3784.866,3763.03,3763.173
2025-12-29 20:00:00,3763.18,3783.045,3762.693,3783.045
2025-12-29 21:00:00,3783.055,3787.016,3759.97,3773.064
2025-12-29 22:00:00,3773.082,3788.609,3773.082,3786.114
2025-12-29 23:00:00,3786.123,3793.606,3777.14,3791.608
2025-12-30 00:00:00,3791.626,3799.299,3782.413,3794.31
2025-12-30 01:00:00,3794.313,3797.595,3770.604,3777.894
2025-12-30 02:00:00,3777.9,3784.586,3774.122,3775.405
2025-12-30 03:00:00,3775.412,3793.347,3775.412,3793.347
2025-12-30 04:00:00,3793.372,3817.738,3793.372,3817.738
2025-12-30 05:00:00,3817.744,3823.289,3802.062,3811.875
2025-12-30 06:00:00,3811.878,3817.521,3806.237,3808.522
2025-12-30 07:00:00,3808.528,3820.824,3807.739,3813.126
2025-12-30 08:00:00,3813.134,3817.283,3800.207,3807.034
2025-12-30 09:00:00,3807.048,3819.319,3807.048,3815.004
2025-12-30 10:00:00,3815.027,3835.942,3810.702,3835.942
2025-12-30 11:00:00,3835.943,3841.196,3821.696,3835.907
2025-12-30 12:00:00,3835.918,3860.382,3835.918,3860.382
2025-12-30 13:00:00,3860.39,3861.601,3847.796,3851.646
2025-12-30 14:00:00,3851.649,3856.151,3825.174,3829.921
2025-12-30 15:00:00,3829.929,3830.552,3798.444,3801.25
2025-12-30 16:00:00,3801.252,3805.628,3776.268,3778.421
2025-12-30 17:00:00,3778.43,3788.102,3775.305,3787.314
2025-12-30 18:00:00,3787.325,3806.682,3787.325,3805.48
2025-12-30 19:00:00,3805.499,3807.371,3793.518,3803.662
2025-12-30 20:00:00,3803.668,3817.962,3799.124,3800.57
2025-12-30 21:00:00,3800.577,3822.893,3800.577,3817.005
2025-12-30 22:00:00,3817.009,3818.912,3805.494,3810.492
2025-12-30 23:00:00,3810.502,3811.029,3793.219,3804.007
2025-12-31 00:00:00,3804.012,3814.002,3804.012,3809.009
2025-12-31 01:00:00,3809.019,3822.107,3789.313,3790.645
2025-12-31 02:00:00,3790.65,3795.48,3785.964,3786.997
2025-12-31 03:00:00,3787.016,3805.221,3787.016,3805.221
2025-12-31 04:00:00,3805.233,3828.398,3805.233,3812.838
2025-12-31 05:00:00,3812.855,3823.931,3810.407,3819.518
2025-12-31 06:00:00,3819.519,3828.521,3808.96,3809.318
2025-12-31 07:00:00,3809.325,3823.821,3802.703,3804.459
2025-12-31 08:00:00,3804.462,3809.383,3793.634,3798.316
2025-12-31 09:00:00,3798.323,3799.591,3772.905,3784.71
2025-12-31 10:00:00,3784.711,3797.078,3784.711,3791.204
2025-12-31 11:00:00,3791.208,3791.243,3764.065,3764.885
2025-12-31 12:00:00,3764.895,3782.6,3764.895,3777.646
2025-12-31 13:00:00,3777.659,3782.924,3771.025,3772.403
2025-12-31 14:00:00,3772.414,3785.352,3767.639,3774.07
2025-12-31 15:00:00,3774.072,3781.984,3766.333,3772.338
2025-12-31 16:00:00,3772.347,3774.894,3735.916,3741.23
2025-12-31 17:00:00,3741.232,3757.902,3739.638,3757.902
2025-12-31 18:00:00,3757.914,3759.061,3744.858,3747.516
2025-12-31 19:00:00,3747.523,3763.298,3744.046,3763.298
2025-12-31 20:00:00,3763.302,3787.221,3763.302,3783.61
2025-12-31 21:00:00,3783.621,3786.273,3761.684,3767.919
2025-12-31 22:00:00,3767.931,3769.002,3756.242,3758.918
2025-12-31 23:00:00,3758.922,3767.294,3754.968,3767.294
2026-01-01 00:00:00,3767.299,3784.133,3767.299,3784.133
2026-01-01 01:00:00,3784.134,3784.778,3768.029,3770.294
2026-01-01 02:00:00,3770.295,3786.911,3766.107,3774.534
2026-01-01 03:00:00,3774.536,3779.51,3752.412,3763.693
2026-01-01 04:00:00,3763.693,3784.024,3763.693,3784.024
2026-01-01 05:00:00,3784.034,3792.014,3769.626,3771.587
2026-01-01 06:00:00,3771.594,3775.182,3761.322,3770.025
2026-01-01 07:00:00,3770.031,3775.218,3761.981,3762.534
2026-01-01 08:00:00,3762.537,3779.562,3762.537,3779.562
2026-01-01 09:00:00,3779.563,3793.236,3776.302,3790.343
2026-01-01 10:00:00,3790.353,3804.056,3779.242,3783.059
2026-01-01 11:00:00,3783.063,3800.339,3782.436,3794.042
2026-01-01 12:00:00,3794.043,3803.303,3786.972,3788.11
2026-01-01 13:00:00,3788.119,3793.049,3777.58,3785.532
2026-01-01 14:00:00,3785.532,3792.185,3773.159,3779.363
2026-01-01 15:00:00,3779.367,3781.433,3766.672,3773.05
2026-01-01 16:00:00,3773.051,3775.362,3757.631,3761.097
2026-01-01 17:00:00,3761.107,3768.593,3754.883,3767.61
2026-01-01 18:00:00,3767.625,3771.836,3749.701,3760.506
2026-01-01 19:00:00,3760.516,3775.56,3757.199,3769.374
2026-01-01 20:00:00,3769.378,3776.685,3758.832,3759.423
2026-01-01 21:00:00,3759.436,3770.333,3756.755,3757.063
2026-01-01 22:00:00,3757.068,3772.676,3757.068,3770.156
2026-01-01 23:00:00,3770.158,3782.657,3768.132,3778.633
2026-01-02 00:00:00,3778.638,3786.947,3767.94,3770.421
2026-01-02 01:00:00,3770.437,3777.675,3764.565,3766.188
2026-01-02 02:00:00,3766.198,3772.433,3760.256,3766.751
2026-01-02 03:00:00,3766.765,3769.502,3753.87,3764.38
2026-01-02 04:00:00,3764.382,3766.107,3757.576,3757.884
2026-01-02 05:00:00,3757.895,3774.928,3757.895,3770.578
2026-01-02 06:00:00,3770.584,3778.029,3764.391,3765.731
2026-01-02 07:00:00,3765.742,3767.633,3754.491,3767.206
2026-01-02 08:00:00,3767.212,3776.748,3765.849,3771.5
2026-01-02 09:00:00,3771.502,3772.055,3762.112,3770.392
2026-01-02 10:00:00,3770.397,3771.478,3748.782,3756.026
2026-01-02 11:00:00,3756.037,3765.525,3751.189,3765.525
2026-01-02 12:00:00,3765.53,3776.595,3762.348,3768.597
2026-01-02 13:00:00,3768.61,3770.529,3756.88,3762.31
2026-01-02 14:00:00,3762.31,3765.466,3746.481,3750.924
2026-01-02 15:00:00,3750.944,3766.595,3750.944,3761.965
2026-01-02 16:00:00,3761.973,3762.309,3735.813,3744.257
2026-01-02 17:00:00,3744.269,3756.915,3744.269,3750.239
2026-01-02 18:00:00,3750.24,3756.399,3728.044,3728.259
2026-01-02 19:00:00,3728.269,3732.736,3720.32,3729.381
2026-01-02 20:00:00,3729.391,3732.241,3717.133,3726.935
2026-01-02 21:00:00,3726.942,3737.75,3726.942,3735.758
2026-01-02 22:00:00,3735.76,3745.038,3727.332,3733.32
2026-01-02 23:00:00,3733.33,3735.563,3707.96,3710.831
2026-01-03 00:00:00,3710.833,3715.444,3701.189,3703.078
2026-01-03 01:00:00,3703.094,3717.082,3692.018,3693.944
2026-01-03 02:00:00,3693.96,3696.517,3683.954,3694.407
2026-01-03 03:00:00,3694.426,3717.91,3694.426,3717.91
2026-01-03 04:00:00,3717.918,3724.603,3714.044,3718.122
2026-01-03 05:00:00,3718.13,3735.178,3718.13,3726.976
2026-01-03 06:00:00,3726.979,3732.571,3722.901,3729.318
2026-01-03 07:00:00,3729.32,3747.882,3723.939,3747.882
2026-01-03 08:00:00,3747.886,3750.575,3723.669,3726.342
2026-01-03 09:00:00,3726.345,3731.767,3717.094,3726.6
2026-01-03 10:00:00,3726.612,3743.984,3726.612,3743.984
2026-01-03 11:00:00,3743.984,3745.262,3723.877,3736.594
2026-01-03 12:00:00,3736.601,3749.064,3736.601,3745.579
2026-01-03 13:00:00,3745.584,3749.358,3733.88,3743.023
2026-01-03 14:00:00,3743.026,3766.178,3743.026,3766.178
2026-01-03 15:00:00,3766.179,3773.921,3762.71,3767.065
2026-01-03 16:00:00,3767.069,3781.521,3767.069,3781.521
2026-01-03 17:00:00,3781.536,3784.118,3765.641,3769.61
2026-01-03 18:00:00,3769.613,3771.916,3760.511,3768.609
2026-01-03 19:00:00,3768.614,3782.187,3768.614,3777.777
2026-01-03 20:00:00,3777.78,3781.031,3756.717,3758.76
2026-01-03 21:00:00,3758.77,3771.11,3758.526,3767.481
2026-01-03 22:00:00,3767.492,3773.74,3760.6,3766.629
2026-01-03 23:00:00,3766.636,3788.352,3766.636,3788.352
2026-01-04 00:00:00,3788.354,3791.506,3775.463,3780.112
2026-01-04 01:00:00,3780.124,3790.206,3777.477,3787.944
2026-01-04 02:00:00,3787.954,3794.488,3779.116,3788.109
2026-01-04 03:00:00,3788.131,3790.61,3761.613,3774.223
2026-01-04 04:00:00,3774.229,3780.529,3761.692,3761.763
2026-01-04 05:00:00,3761.772,3767.623,3757.244,3760.794
2026-01-04 06:00:00,3760.803,3762.925,3741.669,3750.345
2026-01-04 07:00:00,3750.359,3757.043,3744.084,3753.817
2026-01-04 08:00:00,3753.824,3756.352,3729.445,3743.981
2026-01-04 09:00:00,3743.991,3753.782,3737.831,3751.751
2026-01-04 10:00:00,3751.752,3757.906,3743.644,3744.486
2026-01-04 11:00:00,3744.502,3753.89,3722.527,3723.424
2026-01-04 12:00:00,3723.427,3727.876,3709.669,3711.072
2026-01-04 13:00:00,3711.073,3717.735,3701.676,3710.209
2026-01-04 14:00:00,3710.213,3714.835,3705.464,3707.802
2026-01-04 15:00:00,3707.806,3712.04,3699.241,3711.388
2026-01-04 16:00:00,3711.403,3712.385,3695.448,3697.466
2026-01-04 17:00:00,3697.467,3706.015,3694.247,3694.996
2026-01-04 18:00:00,3695.01,3696.215,3669.854,3670.2
2026-01-04 19:00:00,3670.21,3673.484,3656.658,3661.662
2026-01-04 20:00:00,3661.666,3663.262,3649.764,3653.065
2026-01-04 21:00:00,3653.068,3656.328,3635.207,3635.249
2026-01-04 22:00:00,3635.264,3649.522,3635.264,3647.165
2026-01-04 23:00:00,3647.175,3663.264,3645.744,3657.691
2026-01-05 00:00:00,3657.701,3662.58,3645.31,3651.523
2026-01-05 01:00:00,3651.528,3659.682,3649.994,3656.535
2026-01-05 02:00:00,3656.535,3657.344,3614.718,3617.437
2026-01-05 03:00:00,3617.437,3619.663,3601.999,3612.813
2026-01-05 04:00:00,3612.822,3615.463,3591.587,3595.104
2026-01-05 05:00:00,3595.108,3598.851,3581.903,3582.839
2026-01-05 06:00:00,3582.841,3584.163,3563.38,3568.119
2026-01-05 07:00:00,3568.121,3577.677,3565.56,3577.677
2026-01-05 08:00:00,3577.679,3584.855,3572.067,3574.16
2026-01-05 09:00:00,3574.18,3586.688,3572.008,3575.726
2026-01-05 10:00:00,3575.733,3580.156,3562.249,3569.128
2026-01-05 11:00:00,3569.138,3570.662,3557.603,3565.597
2026-01-05 12:00:00,3565.599,3576.303,3563.609,3570.091
2026-01-05 13:00:00,3570.091,3591.229,3570.091,3582.801
2026-01-05 14:00:00,3582.804,3592.588,3576.336,3582.537
2026-01-05 15:00:00,3582.544,3591.859,3581.008,3583.508
2026-01-05 16:00:00,3583.515,3595.673,3575.069,3594.319
2026-01-05 17:00:00,3594.332,3595.291,3575.578,3587.664
2026-01-05 18:00:00,3587.675,3596.526,3587.675,3591.48
2026-01-05 19:00:00,3591.483,3591.966,3579.12,3590.966
2026-01-05 20:00:00,3590.978,3597.343,3581.322,3585.559
2026-01-05 21:00:00,3585.563,3585.915,3537.487,3544.666
2026-01-05 22:00:00,3544.674,3550.813,3528.435,3529.947
2026-01-05 23:00:00,3529.955,3539.539,3525.789,3531.596
2026-01-06 00:00:00,3531.602,3541.846,3523.114,3541.452
2026-01-06 01:00:00,3541.456,3545.331,3528.917,3544.777
2026-01-06 02:00:00,3544.783,3547.195,3526.756,3528.154
2026-01-06 03:00:00,3528.159,3543.757,3523.786,3543.757
2026-01-06 04:00:00,3543.759,3554.963,3539.305,3554.963
2026-01-06 05:00:00,3554.968,3559.541,3542.484,3543.018
2026-01-06 06:00:00,3543.03,3557.74,3542.941,3555.91
2026-01-06 07:00:00,3555.918,3564.568,3545.187,3545.584
2026-01-06 08:00:00,3545.585,3551.451,3537.401,3538.131
2026-01-06 09:00:00,3538.138,3547.57,3532.909,3536.614
2026-01-06 10:00:00,3536.626,3549.181,3536.626,3541.289
2026-01-06 11:00:00,3541.29,3544.385,3529.983,3542.456
2026-01-06 12:00:00,3542.457,3550.768,3539.016,3545.484
2026-01-06 13:00:00,3545.488,3554.604,3538.364,3554.604
2026-01-06 14:00:00,3554.605,3554.94,3541.765,3546.436
2026-01-06 15:00:00,3546.442,3549.866,3532.279,3533.108
2026-01-06 16:00:00,3533.108,3534.836,3511.063,3513.549
2026-01-06 17:00:00,3513.562,3516.821,3506.032,3515.323
2026-01-06 18:00:00,3515.331,3529.007,3513.187,3527.756
2026-01-06 19:00:00,3527.76,3531.667,3518.895,3526.858
2026-01-06 20:00:00,3526.868,3539.256,3526.868,3539.256
2026-01-06 21:00:00,3539.264,3555.213,3539.264,3549.63
2026-01-06 22:00:00,3549.639,3552.856,3541.299,3552.856
2026-01-06 23:00:00,3552.862,3562.638,3546.256,3556.266
2026-01-07 00:00:00,3556.267,3565.521,3554.854,3565.521
2026-01-07 01:00:00,3565.529,3578.035,3565.529,3572.725
2026-01-07 02:00:00,3572.74,3580.657,3559.936,3565.456
2026-01-07 03:00:00,3565.467,3587.15,3565.467,3587.15
2026-01-07 04:00:00,3587.151,3603.867,3585.829,3600.01
2026-01-07 05:00:00,3600.021,3601.938,3592.699,3599.37
2026-01-07 06:00:00,3599.372,3611.117,3599.157,3608.868
2026-01-07 07:00:00,3608.879,3621.074,3607.722,3609.328
2026-01-07 08:00:00,3609.349,3625.227,3608.062,3622.449
2026-01-07 09:00:00,3622.45,3629.594,3618.678,3625.861
2026-01-07 10:00:00,3625.868,3630.858,3605.169,3614.098
2026-01-07 11:00:00,3614.1,3631.646,3614.1,3631.646
2026-01-07 12:00:00,3631.659,3637.394,3625.458,3625.676
2026-01-07 13:00:00,3625.682,3634.87,3621.116,3624.093
2026-01-07 14:00:00,3624.105,3629.023,3616.887,3623.323
2026-01-07 15:00:00,3623.331,3624.675,3607.593,3615.761
2026-01-07 16:00:00,3615.767,3631.206,3610.539,3614.432
2026-01-07 17:00:00,3614.439,3616.534,3598.079,3598.325
2026-01-07 18:00:00,3598.337,3606.797,3592.793,3598.957
2026-01-07 19:00:00,3598.965,3601.568,3579.856,3580.856
2026-01-07 20:00:00,3580.858,3584.475,3545.927,3546.325
2026-01-07 21:00:00,3546.331,3551.671,3521.09,3521.883
2026-01-07 22:00:00,3521.891,3522.522,3504.782,3509.423
2026-01-07 23:00:00,3509.431,3510.081,3499.471,3507.454
2026-01-08 00:00:00,3507.465,3514.639,3503.743,3504.802
2026-01-08 01:00:00,3504.806,3523.202,3504.806,3521.489
2026-01-08 02:00:00,3521.501,3522.945,3504.888,3516.184
2026-01-08 03:00:00,3516.195,3529.673,3515.218,3525.215
2026-01-08 04:00:00,3525.221,3540.546,3521.293,3534.767
2026-01-08 05:00:00,3534.781,3539.06,3503.636,3505.598
2026-01-08 06:00:00,3505.601,3522.669,3505.601,3520.329
2026-01-08 07:00:00,3520.346,3532.765,3520.346,3528.092
2026-01-08 08:00:00,3528.097,3539.234,3526.125,3537.179
2026-01-08 09:00:00,3537.184,3538.84,3511.36,3521.187
2026-01-08 10:00:00,3521.202,3533.798,3519.975,3527.82
2026-01-08 11:00:00,3527.826,3536.344,3501.595,3503.138
2026-01-08 12:00:00,3503.156,3517.078,3502.207,3517.078
2026-01-08 13:00:00,3517.079,3525.44,3516.172,3525.44
2026-01-08 14:00:00,3525.442,3526.752,3501.027,3514.481
2026-01-08 15:00:00,3514.49,3515.012,3492.594,3496.363
2026-01-08 16:00:00,3496.365,3501.705,3488.07,3490.231
2026-01-08 17:00:00,3490.232,3492.266,3475.828,3482.173
2026-01-08 18:00:00,3482.176,3483.687,3466.826,3467.928
2026-01-08 19:00:00,3467.937,3485.498,3467.937,3485.314
2026-01-08 20:00:00,3485.315,3490.963,3475.855,3488.632
2026-01-08 21:00:00,3488.643,3498.22,3483.256,3497.282
2026-01-08 22:00:00,3497.284,3510.099,3496.567,3509.863
2026-01-08 23:00:00,3509.882,3518.233,3507.675,3508.008
2026-01-09 00:00:00,3508.008,3522.652,3496.851,3497.278
2026-01-09 01:00:00,3497.284,3505.628,3496.707,3500.72
2026-01-09 02:00:00,3500.722,3506.136,3488.552,3492.625
2026-01-09 03:00:00,3492.626,3493.586,3456.624,3463.916
2026-01-09 04:00:00,3463.926,3470.12,3458.152,3466.864
2026-01-09 05:00:00,3466.875,3475.342,3462.913,3472.292
2026-01-09 06:00:00,3472.305,3489.181,3470.287,3487.346
2026-01-09 07:00:00,3487.358,3488.227,3466.542,3474.597
2026-01-09 08:00:00,3474.609,3475.484,3456.547,3460.206
2026-01-09 09:00:00,3460.211,3467.992,3458.204,3463.316
2026-01-09 10:00:00,3463.317,3479.479,3463.317,3479.479
2026-01-09 11:00:00,3479.481,3494.383,3472.183,3494.383
2026-01-09 12:00:00,3494.384,3507.827,3488.301,3507.827
2026-01-09 13:00:00,3507.839,3520.317,3507.839,3516.695
2026-01-09 14:00:00,3516.7,3517.412,3506.542,3507.873
2026-01-09 15:00:00,3507.874,3515.064,3503.937,3513.02
2026-01-09 16:00:00,3513.028,3520.648,3507.548,3520.588
2026-01-09 17:00:00,3520.59,3526.993,3513.401,3520.793
2026-01-09 18:00:00,3520.798,3521.136,3486.459,3487.239
2026-01-09 19:00:00,3487.241,3504.81,3487.241,3497.913
2026-01-09 20:00:00,3497.919,3503.053,3493.015,3501.993
2026-01-09 21:00:00,3502.006,3525.072,3502.006,3521.343
2026-01-09 22:00:00,3521.344,3523.338,3499.872,3501.271
2026-01-09 23:00:00,3501.273,3509.673,3494.443,3495.32
2026-01-10 00:00:00,3495.327,3498.992,3482.528,3493.862
2026-01-10 01:00:00,3493.873,3496.275,3475.002,3480.126
2026-01-10 02:00:00,3480.131,3490.513,3473.841,3490.513
2026-01-10 03:00:00,3490.516,3508.318,3490.516,3508.318
2026-01-10 04:00:00,3508.328,3511.758,3480.075,3481.361
2026-01-10 05:00:00,3481.368,3487.803,3469.589,3487.803
2026-01-10 06:00:00,3487.825,3492.477,3482.177,3487.951
2026-01-10 07:00:00,3487.956,3490.662,3475.745,3488.597
2026-01-10 08:00:00,3488.604,3495.088,3482.905,3490.595
2026-01-10 09:00:00,3490.606,3493.001,3480.006,3487.477
2026-01-10 10:00:00,3487.485,3497.117,3480.468,3487.046
2026-01-10 11:00:00,3487.056,3494.463,3481.93,3491.086
2026-01-10 12:00:00,3491.094,3492.59,3462.178,3462.945
2026-01-10 13:00:00,3462.953,3464.623,3439.506,3444.251
2026-01-10 14:00:00,3444.255,3454.288,3439.206,3454.288
2026-01-10 15:00:00,3454.292,3458.977,3445.83,3450.854
2026-01-10 16:00:00,3450.856,3462.871,3449.633,3462.524
2026-01-10 17:00:00,3462.525,3470.418,3456.34,3470.418
2026-01-10 18:00:00,3470.439,3479.079,3467.011,3474.199
2026-01-10 19:00:00,3474.201,3477.537,3445.203,3451.763
2026-01-10 20:00:00,3451.765,3454.918,3434.07,3440.255
2026-01-10 21:00:00,3440.265,3452.942,3439.747,3449.204
2026-01-10 22:00:00,3449.214,3451.375,3441.482,3451.149
2026-01-10 23:00:00,3451.15,3457.848,3446.995,3453.609
2026-01-11 00:00:00,3453.609,3455.374,3423.597,3435.442
2026-01-11 01:00:00,3435.452,3444.182,3429.748,3431.409
2026-01-11 02:00:00,3431.41,3444.841,3431.41,3442.25
2026-01-11 03:00:00,3442.255,3443.757,3414.347,3416.25
2026-01-11 04:00:00,3416.258,3422.409,3413.131,3420.633
2026-01-11 05:00:00,3420.644,3424.141,3412.034,3424.043
2026-01-11 06:00:00,3424.048,3431.029,3416.069,3419.078
2026-01-11 07:00:00,3419.085,3424.572,3413.078,3422.098
2026-01-11 08:00:00,3422.109,3437.735,3422.109,3435.021
2026-01-11 09:00:00,3435.026,3438.44,3422.086,3429.43
2026-01-11 10:00:00,3429.434,3430.949,3414.04,3421.193
2026-01-11 11:00:00,3421.199,3437.735,3420.383,3430.749
2026-01-11 12:00:00,3430.758,3440.699,3430.758,3440.699
2026-01-11 13:00:00,3440.713,3441.719,3432.252,3438.251
2026-01-11 14:00:00,3438.252,3452.101,3438.252,3452.101
2026-01-11 15:00:00,3452.103,3455.332,3439.762,3444.414
2026-01-11 16:00:00,3444.414,3447.822,3432.709,3438.229
2026-01-11 17:00:00,3438.232,3459.589,3438.232,3454.149
2026-01-11 18:00:00,3454.16,3475.194,3454.16,3475.194
2026-01-11 19:00:00,3475.195,3476.089,3440.45,3444.975
2026-01-11 20:00:00,3444.977,3467.506,3444.977,3463.163
2026-01-11 21:00:00,3463.171,3467.259,3456.324,3458.945
2026-01-11 22:00:00,3458.952,3459.242,3442.13,3446.583
2026-01-11 23:00:00,3446.594,3459.755,3446.594,3448.642
2026-01-12 00:00:00,3448.651,3450.801,3416.728,3417.21
2026-01-12 01:00:00,3417.218,3419.414,3406.773,3410.65
2026-01-12 02:00:00,3410.653,3421.542,3408.501,3409.029
2026-01-12 03:00:00,3409.031,3409.09,3392.914,3401.879
2026-01-12 04:00:00,3401.888,3417.399,3400.836,3414.937
2026-01-12 05:00:00,3414.947,3415.425,3396.014,3396.274
2026-01-12 06:00:00,3396.282,3398.703,3385.22,3387.648
2026-01-12 07:00:00,3387.652,3406.02,3387.652,3402.672
2026-01-12 08:00:00,3402.672,3404.653,3376.567,3377.588
2026-01-12 09:00:00,3377.589,3382.25,3344.689,3345.683
2026-01-12 10:00:00,3345.686,3348.636,3332.799,3337.799
2026-01-12 11:00:00,3337.799,3347.299,3331.045,3347.299
2026-01-12 12:00:00,3347.308,3352.375,3339.792,3343.678
2026-01-12 13:00:00,3343.683,3349.881,3335.535,3344.399
2026-01-12 14:00:00,3344.412,3355.836,3337.831,3355.836
2026-01-12 15:00:00,3355.836,3360.806,3347.548,3353.843
2026-01-12 16:00:00,3353.862,3354.79,3321.563,3324.224
2026-01-12 17:00:00,3324.224,3329.631,3308.335,3309.348
2026-01-12 18:00:00,3309.36,3321.067,3309.105,3318.565
2026-01-12 19:00:00,3318.569,3329.943,3318.569,3320.174
2026-01-12 20:00:00,3320.174,3323.799,3310.605,3318.827
2026-01-12 21:00:00,3318.839,3326.376,3314.648,3326.376
2026-01-12 22:00:00,3326.378,3332.934,3305.212,3306.435
2026-01-12 23:00:00,3306.447,3319.589,3306.447,3312.006
2026-01-13 00:00:00,3312.006,3324.359,3312.006,3324.359
2026-01-13 01:00:00,3324.361,3337.556,3319.749,3332.205
2026-01-13 02:00:00,3332.207,3333.271,3304.161,3304.759
2026-01-13 03:00:00,3304.775,3313.943,3304.775,3309.724
2026-01-13 04:00:00,3309.732,3319.202,3307.202,3316.484
2026-01-13 05:00:00,3316.492,3318.723,3306.252,3308.172
2026-01-13 06:00:00,3308.181,3312.408,3282.737,3287.731
2026-01-13 07:00:00,3287.738,3292.263,3281.945,3289.374
2026-01-13 08:00:00,3289.383,3292.409,3283.623,3289.244
2026-01-13 09:00:00,3289.258,3294.726,3283.68,3294.726
2026-01-13 10:00:00,3294.728,3300.722,3284.286,3290.539
2026-01-13 11:00:00,3290.542,3302.205,3290.32,3302.205
2026-01-13 12:00:00,3302.217,3307.307,3292.787,3293.542
2026-01-13 13:00:00,3293.544,3302.812,3289.212,3302.812
2026-01-13 14:00:00,3302.817,3311.896,3296.328,3309.941
2026-01-13 15:00:00,3309.95,3320.042,3307.464,3311.222
2026-01-13 16:00:00,3311.225,3316.17,3301.315,3308.203
2026-01-13 17:00:00,3308.207,3321.912,3307.39,3321.912
2026-01-13 18:00:00,3321.913,3326.703,3306.144,3306.411
2026-01-13 19:00:00,3306.425,3313.677,3303.29,3310.725
2026-01-13 20:00:00,3310.725,3312.755,3302.127,3308.095
2026-01-13 21:00:00,3308.098,3311.282,3296.867,3303.468
2026-01-13 22:00:00,3303.475,3309.793,3283.621,3289.125
2026-01-13 23:00:00,3289.134,3298.505,3285.552,3288.443
2026-01-14 00:00:00,3288.451,3290.736,3278.049,3286.404
2026-01-14 01:00:00,3286.421,3294.961,3284.873,3293.833
2026-01-14 02:00:00,3293.843,3300.146,3280.688,3284.642
2026-01-14 03:00:00,3284.652,3285.316,3267.846,3277.879
2026-01-14 04:00:00,3277.881,3289.776,3272.247,3288.681
2026-01-14 05:00:00,3288.696,3307.707,3288.696,3307.707
2026-01-14 06:00:00,3307.716,3320.162,3307.716,3320.162
2026-01-14 07:00:00,3320.169,3329.956,3317.026,3322.258
2026-01-14 08:00:00,3322.262,3328.265,3318.583,3325.091
2026-01-14 09:00:00,3325.103,3334.038,3312.282,3313.615
2026-01-14 10:00:00,3313.621,3318.967,3304.874,3318.967
2026-01-14 11:00:00,3318.978,3322.341,3303.993,3322.341
2026-01-14 12:00:00,3322.346,3337.142,3322.264,3329.86
2026-01-14 13:00:00,3329.866,3340.504,3329.866,3334.107
2026-01-14 14:00:00,3334.116,3344.147,3334.116,3343.283
2026-01-14 15:00:00,3343.283,3361.277,3343.283,3358.502
2026-01-14 16:00:00,3358.507,3363.482,3355.421,3361.637
2026-01-14 17:00:00,3361.64,3377.256,3361.64,3375.691
2026-01-14 18:00:00,3375.701,3383.887,3367.53,3368.919
2026-01-14 19:00:00,3368.923,3377.325,3359.543,3361.057
2026-01-14 20:00:00,3361.068,3370.309,3359.919,3366.735
2026-01-14 21:00:00,3366.735,3370.813,3355.216,3364.107
2026-01-14 22:00:00,3364.119,3373.366,3360.197,3369.269
2026-01-14 23:00:00,3369.273,3379.617,3367.518,3375.484
2026-01-15 00:00:00,3375.486,3378.197,3369.57,3373.733
2026-01-15 01:00:00,3373.738,3377.531,3354.662,3355.77
2026-01-15 02:00:00,3355.782,3359.717,3348.317,3358.676
2026-01-15 03:00:00,3358.681,3364.794,3355.76,3363.089
2026-01-15 04:00:00,3363.095,3374.345,3363.095,3373.592
2026-01-15 05:00:00,3373.599,3388.929,3372.008,3388.929
2026-01-15 06:00:00,3388.929,3390.954,3380.446,3385.655
2026-01-15 07:00:00,3385.658,3386.892,3377.399,3382.392
2026-01-15 08:00:00,3382.399,3384.221,3365.675,3370.024
2026-01-15 09:00:00,3370.026,3371.441,3353.297,3363.298
2026-01-15 10:00:00,3363.305,3371.467,3362.105,3363.914
2026-01-15 11:00:00,3363.915,3365.308,3350.197,3358.505
2026-01-15 12:00:00,3358.512,3363.176,3349.974,3350.099
2026-01-15 13:00:00,3350.107,3356.62,3339.788,3344.492
2026-01-15 14:00:00,3344.492,3350.319,3340.887,3350.005
2026-01-15 15:00:00,3350.017,3363.302,3346.511,3363.302
2026-01-15 16:00:00,3363.316,3363.621,3334.0,3339.627
2026-01-15 17:00:00,3339.633,3355.425,3339.633,3355.425
2026-01-15 18:00:00,3355.432,3363.35,3349.867,3352.041
2026-01-15 19:00:00,3352.048,3362.415,3347.959,3354.714
2026-01-15 20:00:00,3354.718,3358.575,3344.27,3344.504
2026-01-15 21:00:00,3344.516,3351.8,3339.927,3351.8
2026-01-15 22:00:00,3351.805,3362.268,3350.143,3353.63
2026-01-15 23:00:00,3353.63,3356.333,3328.092,3331.258
2026-01-16 00:00:00,3331.259,3334.311,3312.296,3317.398
2026-01-16 01:00:00,3317.415,3325.675,3307.01,3307.307
2026-01-16 02:00:00,3307.308,3320.688,3307.308,3315.444
2026-01-16 03:00:00,3315.453,3324.95,3313.791,3324.95
2026-01-16 04:00:00,3324.959,3337.91,3324.959,3334.055
2026-01-16 05:00:00,3334.063,3348.515,3334.063,3342.115
2026-01-16 06:00:00,3342.116,3343.769,3328.275,3328.512
2026-01-16 07:00:00,3328.523,3334.294,3309.363,3312.549
2026-01-16 08:00:00,3312.557,3314.559,3286.958,3288.283
2026-01-16 09:00:00,3288.285,3299.588,3288.203,3299.588
2026-01-16 10:00:00,3299.596,3305.545,3285.813,3286.599
2026-01-16 11:00:00,3286.601,3296.708,3281.356,3296.708
2026-01-16 12:00:00,3296.71,3300.095,3283.886,3291.378
2026-01-16 13:00:00,3291.386,3306.113,3289.543,3290.628
2026-01-16 14:00:00,3290.629,3298.85,3284.097,3287.694
2026-01-16 15:00:00,3287.702,3306.852,3287.702,3293.853
2026-01-16 16:00:00,3293.861,3309.633,3293.23,3299.356
2026-01-16 17:00:00,3299.362,3301.174,3292.816,3301.174
2026-01-16 18:00:00,3301.187,3318.16,3301.187,3318.16
2026-01-16 19:00:00,3318.167,3318.429,3304.908,3305.507
2026-01-16 20:00:00,3305.509,3311.204,3296.013,3297.055
2026-01-16 21:00:00,3297.064,3300.039,3286.017,3293.279
2026-01-16 22:00:00,3293.284,3302.22,3288.404,3302.22
2026-01-16 23:00:00,3302.226,3310.813,3297.508,3299.498
2026-01-17 00:00:00,3299.502,3308.736,3291.641,3292.507
2026-01-17 01:00:00,3292.52,3293.921,3280.983,3286.457
2026-01-17 02:00:00,3286.461,3290.066,3271.373,3275.728
2026-01-17 03:00:00,3275.737,3280.471,3268.355,3278.125
2026-01-17 04:00:00,3278.132,3278.197,3262.434,3262.921
2026-01-17 05:00:00,3262.937,3265.415,3255.089,3256.106
2026-01-17 06:00:00,3256.117,3264.334,3254.581,3264.334
2026-01-17 07:00:00,3264.345,3270.625,3258.78,3270.625
2026-01-17 08:00:00,3270.626,3278.739,3264.078,3276.849
2026-01-17 09:00:00,3276.851,3295.854,3276.851,3295.854
2026-01-17 10:00:00,3295.86,3298.578,3274.734,3276.755
2026-01-17 11:00:00,3276.76,3278.961,3265.512,3267.763
2026-01-17 12:00:00,3267.772,3271.708,3253.55,3255.101
2026-01-17 13:00:00,3255.104,3260.105,3227.657,3235.215
2026-01-17 14:00:00,3235.219,3242.615,3231.373,3238.436
2026-01-17 15:00:00,3238.436,3248.937,3236.052,3248.937
2026-01-17 16:00:00,3248.942,3252.903,3239.245,3244.976
2026-01-17 17:00:00,3244.992,3248.08,3210.77,3213.363
2026-01-17 18:00:00,3213.373,3218.87,3208.132,3208.393
2026-01-17 19:00:00,3208.401,3213.651,3188.06,3190.606
2026-01-17 20:00:00,3190.618,3198.266,3190.228,3193.868
2026-01-17 21:00:00,3193.88,3194.892,3178.416,3182.48
2026-01-17 22:00:00,3182.486,3191.422,3176.628,3178.283
2026-01-17 23:00:00,3178.284,3188.9,3160.292,3161.095
2026-01-18 00:00:00,3161.104,3161.134,3125.729,3126.189
2026-01-18 01:00:00,3126.198,3134.032,3125.693,3133.679
2026-01-18 02:00:00,3133.692,3142.155,3133.692,3139.534
2026-01-18 03:00:00,3139.548,3140.93,3106.811,3108.242
2026-01-18 04:00:00,3108.243,3114.69,3103.155,3113.826
2026-01-18 05:00:00,3113.827,3116.886,3102.166,3105.685
2026-01-18 06:00:00,3105.687,3107.8,3088.757,3099.661
2026-01-18 07:00:00,3099.663,3106.363,3092.891,3106.363
2026-01-18 08:00:00,3106.374,3108.891,3094.476,3095.505
2026-01-18 09:00:00,3095.518,3099.344,3077.201,3080.139
2026-01-18 10:00:00,3080.154,3080.57,3061.77,3068.078
2026-01-18 11:00:00,3068.084,3076.542,3059.632,3067.834
2026-01-18 12:00:00,3067.837,3077.585,3064.811,3069.754
2026-01-18 13:00:00,3069.763,3079.885,3064.905,3079.885
2026-01-18 14:00:00,3079.891,3082.735,3067.088,3074.189
2026-01-18 15:00:00,3074.189,3087.545,3074.189,3085.677
2026-01-18 16:00:00,3085.684,3087.803,3073.842,3077.323
2026-01-18 17:00:00,3077.327,3086.997,3074.391,3079.813
2026-01-18 18:00:00,3079.816,3082.261,3076.104,3081.721
2026-01-18 19:00:00,3081.73,3085.978,3076.879,3085.957
2026-01-18 20:00:00,3085.962,3092.865,3080.484,3084.226
2026-01-18 21:00:00,3084.228,3095.837,3081.701,3094.116
2026-01-18 22:00:00,3094.13,3107.512,3093.256,3100.964
2026-01-18 23:00:00,3100.969,3104.832,3084.577,3090.096
2026-01-19 00:00:00,3090.11,3095.813,3078.913,3081.873
2026-01-19 01:00:00,3081.88,3086.283,3076.109,3086.283
2026-01-19 02:00:00,3086.287,3088.965,3077.364,3082.983
2026-01-19 03:00:00,3082.984,3086.249,3052.172,3053.685
2026-01-19 04:00:00,3053.688,3057.879,3049.729,3057.879
2026-01-19 05:00:00,3057.879,3074.876,3057.879,3071.422
2026-01-19 06:00:00,3071.431,3080.456,3065.542,3080.456
2026-01-19 07:00:00,3080.466,3086.507,3075.763,3083.838
2026-01-19 08:00:00,3083.844,3089.499,3065.953,3068.298
2026-01-19 09:00:00,3068.304,3072.478,3046.165,3047.463
2026-01-19 10:00:00,3047.474,3060.937,3046.691,3047.908
2026-01-19 11:00:00,3047.914,3048.058,3036.142,3042.971
2026-01-19 12:00:00,3042.976,3048.246,3037.799,3042.301
2026-01-19 13:00:00,3042.318,3051.253,3033.106,3033.145
2026-01-19 14:00:00,3033.156,3041.397,3024.231,3024.644
2026-01-19 15:00:00,3024.658,3036.493,3024.041,3035.726
2026-01-19 16:00:00,3035.73,3039.541,3023.291,3027.116
2026-01-19 17:00:00,3027.118,3031.85,3024.229,3030.567
2026-01-19 18:00:00,3030.583,3032.659,3014.541,3017.855
2026-01-19 19:00:00,3017.867,3035.174,3017.867,3034.507
2026-01-19 20:00:00,3034.512,3052.58,3034.512,3052.58
2026-01-19 21:00:00,3052.588,3065.6,3050.901,3065.369
2026-01-19 22:00:00,3065.374,3068.655,3055.761,3055.91
2026-01-19 23:00:00,3055.915,3057.541,3040.002,3043.372
2026-01-20 00:00:00,3043.383,3045.993,3029.752,3036.191
2026-01-20 01:00:00,3036.197,3047.004,3036.197,3045.916
2026-01-20 02:00:00,3045.919,3048.369,3028.378,3039.098
2026-01-20 03:00:00,3039.1,3050.884,3038.061,3043.538
2026-01-20 04:00:00,3043.544,3058.616,3043.544,3045.273
2026-01-20 05:00:00,3045.276,3059.948,3045.276,3056.271
2026-01-20 06:00:00,3056.277,3073.107,3053.534,3070.768
2026-01-20 07:00:00,3070.777,3077.417,3068.532,3076.733
2026-01-20 08:00:00,3076.745,3081.748,3072.893,3080.12
2026-01-20 09:00:00,3080.124,3087.745,3077.142,3080.199
2026-01-20 10:00:00,3080.203,3081.97,3073.146,3079.164
2026-01-20 11:00:00,3079.168,3082.927,3066.192,3071.995
2026-01-20 12:00:00,3072.0,3078.707,3065.965,3078.707
2026-01-20 13:00:00,3078.709,3088.546,3078.709,3084.24
2026-01-20 14:00:00,3084.247,3093.351,3082.194,3087.875
2026-01-20 15:00:00,3087.876,3091.422,3086.271,3087.167
2026-01-20 16:00:00,3087.181,3089.817,3077.853,3084.975
2026-01-20 17:00:00,3084.98,3091.834,3083.089,3090.699
2026-01-20 18:00:00,3090.702,3095.719,3088.347,3091.842
2026-01-20 19:00:00,3091.852,3097.703,3089.727,3097.026
2026-01-20 20:00:00,3097.038,3097.961,3087.203,3095.859
2026-01-20 21:00:00,3095.87,3100.934,3082.24,3085.607
2026-01-20 22:00:00,3085.616,3086.469,3076.972,3085.662
2026-01-20 23:00:00,3085.669,3090.816,3081.793,3084.144
2026-01-21 00:00:00,3084.148,3093.406,3079.119,3093.406
2026-01-21 01:00:00,3093.413,3096.318,3078.691,3090.957
2026-01-21 02:00:00,3090.96,3099.981,3086.955,3099.981
2026-01-21 03:00:00,3099.987,3107.884,3095.107,3096.342
2026-01-21 04:00:00,3096.345,3100.496,3076.716,3077.146
2026-01-21 05:00:00,3077.153,3086.868,3072.552,3086.868
2026-01-21 06:00:00,3086.869,3095.839,3086.473,3095.839
2026-01-21 07:00:00,3095.84,3105.059,3091.807,3092.492
2026-01-21 08:00:00,3092.495,3095.667,3084.364,3090.808
2026-01-21 09:00:00,3090.819,3106.043,3090.819,3100.281
2026-01-21 10:00:00,3100.284,3108.103,3098.114,3107.604
2026-01-21 11:00:00,3107.613,3119.576,3107.613,3119.576
2026-01-21 12:00:00,3119.589,3124.995,3116.492,3120.147
2026-01-21 13:00:00,3120.148,3121.094,3104.981,3108.37
2026-01-21 14:00:00,3108.372,3116.804,3108.372,3114.579
2026-01-21 15:00:00,3114.588,3126.071,3111.698,3116.069
2026-01-21 16:00:00,3116.072,3118.085,3102.962,3107.697
2026-01-21 17:00:00,3107.706,3110.275,3097.148,3110.275
2026-01-21 18:00:00,3110.279,3114.498,3104.404,3110.487
2026-01-21 19:00:00,3110.491,3111.838,3093.216,3106.103
2026-01-21 20:00:00,3106.109,3124.014,3106.109,3118.227
2026-01-21 21:00:00,3118.23,3122.564,3103.032,3103.713
2026-01-21 22:00:00,3103.715,3119.73,3099.758,3119.73
2026-01-21 23:00:00,3119.733,3120.38,3110.537,3119.661
2026-01-22 00:00:00,3119.663,3120.692,3106.44,3117.517
2026-01-22 01:00:00,3117.531,3120.575,3112.64,3118.986
2026-01-22 02:00:00,3118.999,3122.978,3109.357,3122.978
2026-01-22 03:00:00,3122.981,3127.365,3115.091,3125.048
2026-01-22 04:00:00,3125.052,3128.853,3116.407,3119.968
2026-01-22 05:00:00,3119.983,3130.254,3119.983,3122.71
2026-01-22 06:00:00,3122.716,3125.988,3113.196,3118.014
2026-01-22 07:00:00,3118.021,3133.366,3118.021,3133.366
2026-01-22 08:00:00,3133.368,3138.442,3130.747,3136.411
2026-01-22 09:00:00,3136.413,3139.456,3115.066,3124.633
2026-01-22 10:00:00,3124.643,3133.668,3124.643,3128.94
2026-01-22 11:00:00,3128.95,3132.363,3121.872,3130.152
2026-01-22 12:00:00,3130.16,3135.634,3120.232,3125.953
2026-01-22 13:00:00,3125.958,3126.675,3099.487,3102.898
2026-01-22 14:00:00,3102.907,3114.167,3101.418,3102.703
2026-01-22 15:00:00,3102.705,3107.007,3097.973,3107.007
2026-01-22 16:00:00,3107.009,3117.156,3105.969,3117.156
2026-01-22 17:00:00,3117.157,3126.518,3110.963,3117.424
2026-01-22 18:00:00,3117.427,3121.619,3110.832,3115.002
2026-01-22 19:00:00,3115.005,3123.677,3112.602,3123.677
2026-01-22 20:00:00,3123.687,3135.824,3121.943,3135.824
2026-01-22 21:00:00,3135.824,3149.834,3134.016,3148.603
2026-01-22 22:00:00,3148.608,3155.804,3143.158,3152.654
2026-01-22 23:00:00,3152.663,3164.813,3152.663,3164.674
2026-01-23 00:00:00,3164.676,3187.522,3164.676,3187.522
2026-01-23 01:00:00,3187.532,3187.884,3166.319,3169.365
2026-01-23 02:00:00,3169.372,3171.417,3145.121,3152.633
2026-01-23 03:00:00,3152.64,3160.492,3143.672,3152.32
2026-01-23 04:00:00,3152.322,3153.186,3139.648,3143.211
2026-01-23 05:00:00,3143.218,3151.148,3138.562,3141.272
2026-01-23 06:00:00,3141.275,3144.401,3128.664,3130.921
2026-01-23 07:00:00,3130.922,3146.276,3130.922,3144.185
2026-01-23 08:00:00,3144.186,3148.822,3135.287,3137.22
2026-01-23 09:00:00,3137.237,3143.713,3127.599,3136.745
2026-01-23 10:00:00,3136.757,3138.251,3116.813,3126.91
2026-01-23 11:00:00,3126.912,3133.55,3121.614,3133.55
2026-01-23 12:00:00,3133.555,3139.523,3127.384,3133.62
2026-01-23 13:00:00,3133.623,3138.734,3125.441,3133.988
2026-01-23 14:00:00,3133.989,3140.84,3129.389,3135.927
2026-01-23 15:00:00,3135.933,3146.943,3135.933,3141.809
2026-01-23 16:00:00,3141.824,3154.904,3140.377,3149.749
2026-01-23 17:00:00,3149.752,3159.427,3149.752,3155.391
2026-01-23 18:00:00,3155.396,3168.959,3155.396,3167.86
2026-01-23 19:00:00,3167.873,3168.846,3158.571,3167.003
2026-01-23 20:00:00,3167.011,3174.121,3166.192,3171.196
2026-01-23 21:00:00,3171.202,3180.015,3165.805,3176.208
2026-01-23 22:00:00,3176.209,3188.26,3175.717,3187.677
2026-01-23 23:00:00,3187.684,3200.613,3187.684,3193.44
2026-01-24 00:00:00,3193.442,3199.727,3191.873,3193.861
2026-01-24 01:00:00,3193.872,3201.959,3184.444,3186.333
2026-01-24 02:00:00,3186.337,3190.726,3171.711,3179.776
2026-01-24 03:00:00,3179.786,3186.292,3169.726,3174.646
2026-01-24 04:00:00,3174.665,3182.582,3171.016,3182.582
2026-01-24 05:00:00,3182.583,3199.532,3182.583,3196.23
2026-01-24 06:00:00,3196.257,3210.361,3192.419,3205.645
2026-01-24 07:00:00,3205.652,3210.551,3201.455,3204.642
2026-01-24 08:00:00,3204.656,3209.174,3196.553,3199.817
2026-01-24 09:00:00,3199.827,3203.924,3186.307,3188.14
2026-01-24 10:00:00,3188.149,3188.601,3173.38,3178.714
2026-01-24 11:00:00,3178.725,3184.27,3170.644,3174.419
2026-01-24 12:00:00,3174.423,3179.818,3170.635,3174.317
2026-01-24 13:00:00,3174.326,3188.436,3174.326,3188.436
2026-01-24 14:00:00,3188.436,3191.007,3180.332,3181.628
2026-01-24 15:00:00,3181.634,3192.389,3178.717,3192.389
2026-01-24 16:00:00,3192.402,3199.018,3186.992,3192.764
2026-01-24 17:00:00,3192.77,3200.098,3190.786,3191.956
2026-01-24 18:00:00,3191.967,3196.063,3178.965,3182.464
2026-01-24 19:00:00,3182.474,3182.732,3175.915,3181.458
2026-01-24 20:00:00,3181.468,3189.806,3175.944,3189.806
2026-01-24 21:00:00,3189.821,3199.178,3184.28,3198.696
2026-01-24 22:00:00,3198.71,3201.997,3183.478,3185.059
2026-01-24 23:00:00,3185.062,3191.254,3179.328,3182.431
2026-01-25 00:00:00,3182.435,3191.383,3182.435,3191.383
2026-01-25 01:00:00,3191.391,3194.832,3177.598,3178.317
2026-01-25 02:00:00,3178.325,3183.474,3166.384,3168.272
2026-01-25 03:00:00,3168.272,3171.796,3160.602,3166.765
2026-01-25 04:00:00,3166.778,3181.355,3163.053,3170.96
2026-01-25 05:00:00,3170.97,3178.382,3169.876,3176.874
2026-01-25 06:00:00,3176.884,3182.389,3171.76,3176.673
2026-01-25 07:00:00,3176.687,3183.281,3161.752,3164.02
2026-01-25 08:00:00,3164.021,3164.413,3152.868,3157.581
2026-01-25 09:00:00,3157.591,3161.235,3149.99,3156.318
2026-01-25 10:00:00,3156.323,3163.259,3141.418,3144.204
2026-01-25 11:00:00,3144.21,3155.242,3137.015,3154.007
2026-01-25 12:00:00,3154.014,3165.394,3154.014,3162.622
2026-01-25 13:00:00,3162.634,3165.29,3148.513,3153.275
2026-01-25 14:00:00,3153.288,3160.723,3145.461,3147.305
2026-01-25 15:00:00,3147.323,3148.314,3118.942,3119.27
2026-01-25 16:00:00,3119.278,3120.826,3103.505,3109.539
2026-01-25 17:00:00,3109.54,3121.599,3109.54,3121.599
2026-01-25 18:00:00,3121.6,3126.098,3111.385,3117.864
2026-01-25 19:00:00,3117.869,3131.121,3117.074,3124.07
2026-01-25 20:00:00,3124.072,3131.967,3121.03,3124.688
2026-01-25 21:00:00,3124.701,3124.971,3104.86,3106.225
2026-01-25 22:00:00,3106.24,3112.176,3103.633,3106.122
2026-01-25 23:00:00,3106.131,3109.133,3098.158,3100.64
2026-01-26 00:00:00,3100.642,3104.848,3093.421,3095.393
2026-01-26 01:00:00,3095.4,3098.531,3090.163,3096.456
2026-01-26 02:00:00,3096.464,3101.722,3092.33,3100.542
2026-01-26 03:00:00,3100.545,3108.108,3098.994,3099.955
2026-01-26 04:00:00,3099.963,3106.917,3094.935,3102.744
2026-01-26 05:00:00,3102.751,3104.441,3094.871,3096.981
2026-01-26 06:00:00,3096.991,3101.65,3094.235,3099.412
2026-01-26 07:00:00,3099.423,3100.516,3083.111,3084.701
2026-01-26 08:00:00,3084.703,3099.218,3084.703,3095.237
2026-01-26 09:00:00,3095.24,3099.127,3086.083,3089.16
2026-01-26 10:00:00,3089.169,3097.869,3089.169,3093.052
2026-01-26 11:00:00,3093.053,3113.624,3093.053,3113.624
2026-01-26 12:00:00,3113.633,3113.915,3101.104,3103.289
2026-01-26 13:00:00,3103.298,3111.16,3097.482,3111.16
2026-01-26 14:00:00,3111.174,3123.863,3111.174,3120.088
2026-01-26 15:00:00,3120.096,3129.662,3117.079,3121.936
2026-01-26 16:00:00,3121.938,3124.584,3114.63,3121.151
2026-01-26 17:00:00,3121.158,3130.323,3112.601,3124.932
2026-01-26 18:00:00,3124.937,3132.09,3121.462,3131.544
2026-01-26 19:00:00,3131.55,3134.278,3115.96,3121.089
2026-01-26 20:00:00,3121.092,3124.365,3112.976,3121.03
2026-01-26 21:00:00,3121.049,3124.967,3114.028,3123.55
2026-01-26 22:00:00,3123.557,3126.333,3117.263,3120.441
2026-01-26 23:00:00,3120.444,3130.573,3120.444,3130.573
2026-01-27 00:00:00,3130.576,3135.444,3115.548,3118.155
2026-01-27 01:00:00,3118.16,3123.497,3111.135,3115.777
2026-01-27 02:00:00,3115.779,3116.4,3087.087,3089.465
2026-01-27 03:00:00,3089.472,3096.145,3083.039,3096.145
2026-01-27 04:00:00,3096.159,3097.309,3072.82,3082.122
2026-01-27 05:00:00,3082.127,3088.676,3079.195,3088.676
2026-01-27 06:00:00,3088.679,3106.174,3088.679,3102.185
2026-01-27 07:00:00,3102.189,3113.864,3102.189,3111.9
2026-01-27 08:00:00,3111.904,3113.151,3099.474,3099.57
2026-01-27 09:00:00,3099.579,3104.396,3093.005,3098.131
2026-01-27 10:00:00,3098.138,3099.103,3065.424,3066.548
2026-01-27 11:00:00,3066.554,3082.605,3066.554,3073.754
2026-01-27 12:00:00,3073.766,3087.133,3073.766,3086.199
2026-01-27 13:00:00,3086.206,3090.975,3082.506,3088.155
2026-01-27 14:00:00,3088.163,3103.234,3087.207,3097.284
2026-01-27 15:00:00,3097.284,3101.492,3082.765,3087.061
2026-01-27 16:00:00,3087.064,3097.042,3086.24,3088.54
2026-01-27 17:00:00,3088.546,3093.875,3053.858,3054.878
2026-01-27 18:00:00,3054.892,3056.936,3036.619,3036.702
2026-01-27 19:00:00,3036.711,3047.785,3036.711,3041.711
2026-01-27 20:00:00,3041.721,3045.784,3036.504,3037.983
2026-01-27 21:00:00,3037.994,3048.887,3036.582,3044.233
2026-01-27 22:00:00,3044.237,3058.647,3042.171,3058.02
2026-01-27 23:00:00,3058.036,3069.922,3058.036,3065.416
2026-01-28 00:00:00,3065.422,3070.239,3060.251,3068.762
2026-01-28 01:00:00,3068.764,3071.249,3061.626,3067.016
2026-01-28 02:00:00,3067.024,3067.473,3040.674,3045.975
2026-01-28 03:00:00,3045.983,3051.021,3041.986,3047.947
2026-01-28 04:00:00,3047.953,3061.44,3045.916,3061.44
2026-01-28 05:00:00,3061.442,3068.053,3055.227,3056.509
2026-01-28 06:00:00,3056.515,3057.899,3042.088,3046.202
2026-01-28 07:00:00,3046.207,3046.613,3027.444,3035.742
2026-01-28 08:00:00,3035.742,3039.953,3027.932,3033.195
2026-01-28 09:00:00,3033.197,3044.184,3027.791,3044.184
2026-01-28 10:00:00,3044.188,3059.796,3044.188,3059.796
2026-01-28 11:00:00,3059.807,3070.221,3058.965,3069.453
2026-01-28 12:00:00,3069.462,3071.441,3058.398,3063.614
2026-01-28 13:00:00,3063.616,3070.752,3057.593,3068.11
2026-01-28 14:00:00,3068.116,3073.976,3058.789,3062.84
2026-01-28 15:00:00,3062.849,3082.824,3062.849,3082.824
2026-01-28 16:00:00,3082.829,3085.033,3068.328,3072.735
2026-01-28 17:00:00,3072.736,3078.566,3070.435,3074.584
2026-01-28 18:00:00,3074.588,3080.004,3069.898,3076.207
2026-01-28 19:00:00,3076.212,3076.941,3057.997,3060.504
2026-01-28 20:00:00,3060.513,3063.072,3055.781,3059.853
2026-01-28 21:00:00,3059.856,3073.951,3059.428,3073.951
2026-01-28 22:00:00,3073.957,3088.006,3073.957,3086.639
2026-01-28 23:00:00,3086.64,3088.102,3077.321,3085.67
2026-01-29 00:00:00,3085.672,3092.428,3082.906,3092.428
2026-01-29 01:00:00,3092.437,3094.233,3085.911,3092.597
2026-01-29 02:00:00,3092.607,3095.617,3080.622,3093.467
2026-01-29 03:00:00,3093.473,3097.152,3086.587,3094.865
2026-01-29 04:00:00,3094.869,3102.759,3094.869,3102.759
2026-01-29 05:00:00,3102.775,3112.685,3095.995,3098.894
2026-01-29 06:00:00,3098.895,3118.571,3098.895,3117.66
2026-01-29 07:00:00,3117.662,3128.194,3113.637,3122.845
2026-01-29 08:00:00,3122.847,3125.888,3107.647,3114.554
2026-01-29 09:00:00,3114.562,3120.397,3110.944,3113.696
2026-01-29 10:00:00,3113.712,3123.343,3111.089,3118.18
2026-01-29 11:00:00,3118.185,3119.303,3102.513,3111.131
2026-01-29 12:00:00,3111.136,3116.856,3100.658,3101.977
2026-01-29 13:00:00,3101.995,3108.098,3097.301,3107.874
2026-01-29 14:00:00,3107.874,3117.305,3102.636,3117.305
2026-01-29 15:00:00,3117.311,3121.677,3112.64,3121.224
2026-01-29 16:00:00,3121.225,3128.203,3113.898,3126.654
2026-01-29 17:00:00,3126.654,3138.188,3126.654,3133.403
2026-01-29 18:00:00,3133.409,3151.582,3131.88,3151.582
2026-01-29 19:00:00,3151.587,3160.429,3144.693,3147.417
2026-01-29 20:00:00,3147.425,3160.785,3147.425,3160.785
2026-01-29 21:00:00,3160.789,3168.716,3158.157,3166.628
2026-01-29 22:00:00,3166.634,3168.232,3161.722,3165.003
2026-01-29 23:00:00,3165.007,3167.34,3139.126,3144.779
2026-01-30 00:00:00,3144.779,3151.376,3141.621,3151.376
2026-01-30 01:00:00,3151.389,3165.336,3151.389,3157.49
2026-01-30 02:00:00,3157.496,3159.086,3146.306,3156.11
2026-01-30 03:00:00,3156.116,3168.874,3154.839,3157.62
2026-01-30 04:00:00,3157.622,3174.57,3157.622,3160.566
2026-01-30 05:00:00,3160.57,3168.559,3155.238,3168.559
2026-01-30 06:00:00,3168.563,3185.246,3167.789,3185.246
2026-01-30 07:00:00,3185.256,3192.665,3181.745,3192.665
2026-01-30 08:00:00,3192.675,3196.521,3179.778,3181.243
2026-01-30 09:00:00,3181.252,3189.819,3177.377,3180.541
2026-01-30 10:00:00,3180.547,3189.183,3173.676,3173.84
2026-01-30 11:00:00,3173.843,3174.699,3165.631,3168.379
2026-01-30 12:00:00,3168.39,3168.583,3153.511,3155.288
2026-01-30 13:00:00,3155.302,3158.204,3143.942,3155.049
2026-01-30 14:00:00,3155.053,3174.011,3155.053,3169.544
2026-01-30 15:00:00,3169.545,3172.294,3163.272,3168.743
2026-01-30 16:00:00,3168.749,3173.301,3155.291,3160.117
2026-01-30 17:00:00,3160.126,3172.329,3156.987,3165.958
2026-01-30 18:00:00,3165.973,3168.2,3147.04,3148.13
2026-01-30 19:00:00,3148.138,3151.581,3126.515,3127.775
2026-01-30 20:00:00,3127.784,3129.719,3119.126,3122.026
2026-01-30 21:00:00,3122.033,3132.793,3120.963,3132.793
2026-01-30 22:00:00,3132.804,3135.161,3112.203,3119.794
2026-01-30 23:00:00,3119.802,3123.2,3107.314,3113.957
2026-01-31 00:00:00,3113.965,3114.634,3091.138,3105.822
2026-01-31 01:00:00,3105.83,3113.16,3099.832,3110.778
2026-01-31 02:00:00,3110.779,3120.069,3110.779,3119.104
2026-01-31 03:00:00,3119.115,3124.155,3115.376,3116.989
2026-01-31 04:00:00,3116.993,3121.491,3114.402,3119.211
2026-01-31 05:00:00,3119.219,3127.99,3117.685,3122.821
2026-01-31 06:00:00,3122.83,3126.132,3116.531,3122.187
2026-01-31 07:00:00,3122.195,3125.168,3111.122,3111.325
2026-01-31 08:00:00,3111.329,3120.234,3109.886,3111.924
2026-01-31 09:00:00,3111.926,3113.865,3091.797,3095.089
2026-01-31 10:00:00,3095.095,3112.507,3095.095,3112.507
2026-01-31 11:00:00,3112.518,3118.527,3095.284,3099.592
2026-01-31 12:00:00,3099.605,3106.942,3093.446,3099.821
2026-01-31 13:00:00,3099.822,3114.767,3097.709,3114.767
2026-01-31 14:00:00,3114.773,3126.184,3113.951,3120.826
2026-01-31 15:00:00,3120.829,3124.778,3111.067,3123.928
2026-01-31 16:00:00,3123.931,3138.046,3123.931,3138.046
2026-01-31 17:00:00,3138.055,3142.849,3131.099,3142.849
2026-01-31 18:00:00,3142.853,3148.256,3139.373,3148.256
2026-01-31 19:00:00,3148.259,3161.77,3146.252,3158.524
2026-01-31 20:00:00,3158.531,3160.468,3153.135,3160.319
2026-01-31 21:00:00,3160.324,3162.1,3145.914,3145.944
2026-01-31 22:00:00,3145.951,3155.169,3143.826,3146.636
2026-01-31 23:00:00,3146.641,3147.544,3131.954,3135.943
2026-02-01 00:00:00,3135.944,3139.765,3129.495,3132.819
2026-02-01 01:00:00,3132.823,3134.514,3124.017,3133.475
2026-02-01 02:00:00,3133.477,3147.764,3130.615,3145.715
2026-02-01 03:00:00,3145.719,3149.071,3136.054,3147.481
2026-02-01 04:00:00,3147.493,3148.221,3136.499,3144.391
2026-02-01 05:00:00,3144.393,3146.578,3135.975,3139.556
2026-02-01 06:00:00,3139.558,3151.364,3139.558,3142.97
2026-02-01 07:00:00,3142.973,3149.883,3138.82,3139.225
2026-02-01 08:00:00,3139.232,3140.461,3123.765,3130.311
2026-02-01 09:00:00,3130.311,3138.201,3113.093,3118.72
2026-02-01 10:00:00,3118.727,3119.442,3101.388,3109.293
2026-02-01 11:00:00,3109.304,3115.749,3102.371,3104.012
2026-02-01 12:00:00,3104.016,3106.713,3097.063,3100.915
2026-02-01 13:00:00,3100.923,3104.502,3092.702,3097.081
2026-02-01 14:00:00,3097.085,3103.978,3078.429,3079.177
2026-02-01 15:00:00,3079.184,3087.696,3079.184,3085.008
2026-02-01 16:00:00,3085.014,3091.283,3079.306,3083.898
2026-02-01 17:00:00,3083.904,3084.571,3071.516,3082.271
2026-02-01 18:00:00,3082.276,3096.0,3082.276,3089.739
2026-02-01 19:00:00,3089.741,3093.474,3079.624,3083.934
2026-02-01 20:00:00,3083.945,3098.129,3083.455,3086.376
2026-02-01 21:00:00,3086.385,3093.21,3081.968,3092.847
2026-02-01 22:00:00,3092.858,3094.667,3082.581,3092.791
2026-02-01 23:00:00,3092.801,3093.72,3078.729,3085.47
2026-02-02 00:00:00,3085.479,3099.063,3085.479,3099.063
2026-02-02 01:00:00,3099.068,3100.792,3068.034,3068.693
2026-02-02 02:00:00,3068.695,3083.904,3068.625,3083.904
2026-02-02 03:00:00,3083.908,3089.858,3077.654,3087.792
2026-02-02 04:00:00,3087.795,3092.39,3071.507,3073.571
2026-02-02 05:00:00,3073.581,3074.62,3055.785,3060.043
2026-02-02 06:00:00,3060.046,3065.017,3052.21,3057.836
2026-02-02 07:00:00,3057.843,3061.466,3049.182,3061.466
2026-02-02 08:00:00,3061.479,3071.257,3060.065,3067.624
2026-02-02 09:00:00,3067.632,3072.486,3057.157,3060.298
2026-02-02 10:00:00,3060.302,3062.876,3049.341,3051.812
2026-02-02 11:00:00,3051.817,3054.566,3040.507,3041.021
2026-02-02 12:00:00,3041.022,3048.242,3032.714,3039.663
2026-02-02 13:00:00,3039.664,3046.11,3034.442,3039.046
2026-02-02 14:00:00,3039.059,3047.71,3038.98,3047.71
2026-02-02 15:00:00,3047.719,3066.477,3047.719,3058.899
2026-02-02 16:00:00,3058.912,3065.155,3056.007,3065.155
2026-02-02 17:00:00,3065.157,3077.315,3056.377,3058.032
2026-02-02 18:00:00,3058.038,3066.979,3045.842,3048.768
2026-02-02 19:00:00,3048.769,3055.32,3042.041,3054.096
2026-02-02 20:00:00,3054.109,3060.644,3048.557,3052.186
2026-02-02 21:00:00,3052.188,3057.936,3043.17,3051.459
2026-02-02 22:00:00,3051.46,3057.922,3044.249,3048.347
2026-02-02 23:00:00,3048.361,3055.584,3045.882,3055.584
2026-02-03 00:00:00,3055.591,3059.26,3050.55,3052.538
2026-02-03 01:00:00,3052.543,3056.795,3040.366,3042.514
2026-02-03 02:00:00,3042.514,3045.944,3037.714,3045.944
2026-02-03 03:00:00,3045.948,3055.525,3043.021,3055.525
2026-02-03 04:00:00,3055.527,3061.813,3048.391,3052.474
2026-02-03 05:00:00,3052.475,3054.848,3045.312,3050.513
2026-02-03 06:00:00,3050.515,3057.566,3050.483,3053.649
2026-02-03 07:00:00,3053.658,3054.799,3040.153,3047.378
2026-02-03 08:00:00,3047.391,3056.026,3043.123,3051.455
2026-02-03 09:00:00,3051.465,3058.576,3043.711,3058.304
2026-02-03 10:00:00,3058.307,3063.721,3047.611,3049.559
2026-02-03 11:00:00,3048.442,3055.684,3047.489,3055.684
2026-02-03 12:00:00,3055.692,3056.831,3045.283,3054.665
2026-02-03 13:00:00,3054.676,3061.02,3051.297,3051.505
2026-02-03 14:00:00,3051.506,3065.87,3051.506,3065.87
2026-02-03 15:00:00,3065.872,3068.029,3057.546,3065.66
2026-02-03 16:00:00,3065.673,3071.054,3060.494,3065.47
2026-02-03 17:00:00,3065.476,3077.357,3061.972,3071.083
2026-02-03 18:00:00,3071.087,3075.225,3068.815,3074.923
2026-02-03 19:00:00,3074.924,3075.08,3064.814,3066.518
2026-02-03 20:00:00,3066.524,3084.912,3066.524,3084.912
2026-02-03 21:00:00,3084.918,3092.976,3081.748,3092.976
2026-02-03 22:00:00,3092.976,3100.446,3088.316,3100.446
2026-02-03 23:00:00,3100.454,3110.325,3091.336,3094.984
2026-02-04 00:00:00,3094.985,3101.903,3093.292,3094.918
2026-02-04 01:00:00,3094.923,3102.184,3091.457,3098.265
2026-02-04 02:00:00,3098.27,3105.912,3095.579,3101.638
2026-02-04 03:00:00,3101.646,3103.683,3090.27,3099.624
2026-02-04 04:00:00,3099.641,3110.543,3097.919,3110.543
2026-02-04 05:00:00,3110.55,3116.23,3098.385,3106.165
2026-02-04 06:00:00,3106.179,3109.585,3091.284,3096.205
2026-02-04 07:00:00,3096.209,3112.939,3096.209,3107.08
2026-02-04 08:00:00,3107.088,3108.423,3098.595,3103.875
2026-02-04 09:00:00,3103.877,3105.304,3076.655,3077.841
2026-02-04 10:00:00,3077.841,3080.939,3064.437,3069.304
2026-02-04 11:00:00,3069.313,3083.069,3068.345,3081.335
2026-02-04 12:00:00,3081.337,3087.087,3078.827,3082.085
2026-02-04 13:00:00,3082.085,3085.227,3054.887,3056.657
2026-02-04 14:00:00,3056.665,3059.951,3042.104,3046.573
2026-02-04 15:00:00,3046.578,3046.639,3022.097,3026.321
2026-02-04 16:00:00,3026.33,3034.342,3025.599,3033.566
2026-02-04 17:00:00,3033.569,3041.391,3029.453,3036.2
2026-02-04 18:00:00,3036.203,3046.394,3033.339,3036.623
2026-02-04 19:00:00,3036.624,3039.464,3011.096,3012.321
2026-02-04 20:00:00,3012.326,3017.523,3007.674,3013.987
2026-02-04 21:00:00,3013.994,3028.253,3013.994,3024.077
2026-02-04 22:00:00,3024.084,3024.929,3010.303,3017.117
2026-02-04 23:00:00,3017.128,3023.447,3011.99,3018.35
2026-02-05 00:00:00,3018.367,3035.437,3018.329,3034.854
2026-02-05 01:00:00,3034.861,3038.252,3028.209,3032.223
2026-02-05 02:00:00,3032.23,3041.243,3028.063,3029.753
2026-02-05 03:00:00,3029.759,3044.885,3027.55,3040.845
2026-02-05 04:00:00,3040.845,3056.889,3039.371,3056.532
2026-02-05 05:00:00,3056.535,3065.834,3055.994,3065.834
2026-02-05 06:00:00,3065.846,3067.99,3041.911,3045.478
2026-02-05 07:00:00,3045.491,3060.145,3045.205,3060.145
2026-02-05 08:00:00,3060.147,3060.532,3049.393,3049.523
2026-02-05 09:00:00,3049.524,3053.699,3044.441,3048.749
2026-02-05 10:00:00,3048.754,3054.642,3035.35,3040.374
2026-02-05 11:00:00,3040.376,3044.868,3034.344,3034.998
2026-02-05 12:00:00,3035.005,3045.253,3035.005,3043.493
2026-02-05 13:00:00,3043.5,3048.13,3036.31,3039.695
2026-02-05 14:00:00,3039.705,3040.982,3023.882,3034.436
2026-02-05 15:00:00,3034.446,3046.239,3034.446,3046.239
2026-02-05 16:00:00,3046.244,3055.592,3039.54,3040.839
2026-02-05 17:00:00,3040.839,3045.953,3037.252,3041.786
2026-02-05 18:00:00,3041.79,3051.249,3041.531,3050.424
2026-02-05 19:00:00,3050.425,3057.218,3049.558,3051.846
2026-02-05 20:00:00,3051.856,3056.611,3038.673,3040.146
2026-02-05 21:00:00,3040.146,3047.855,3029.013,3029.253
2026-02-05 22:00:00,3029.254,3043.582,3029.254,3042.013
2026-02-05 23:00:00,3042.016,3053.36,3041.101,3047.549
2026-02-06 00:00:00,3047.55,3063.902,3047.55,3063.902
2026-02-06 01:00:00,3063.907,3070.42,3052.61,3070.42
2026-02-06 02:00:00,3070.423,3074.901,3063.906,3074.901
2026-02-06 03:00:00,3074.913,3076.482,3062.182,3067.68
2026-02-06 04:00:00,3067.684,3071.099,3051.169,3052.169
2026-02-06 05:00:00,3052.183,3060.85,3048.317,3052.766
2026-02-06 06:00:00,3052.767,3059.667,3049.045,3059.667
2026-02-06 07:00:00,3059.672,3070.514,3054.452,3070.514
2026-02-06 08:00:00,3070.525,3074.153,3065.927,3069.788
2026-02-06 09:00:00,3069.791,3071.222,3062.062,3071.222
2026-02-06 10:00:00,3071.233,3072.47,3062.086,3063.725
2026-02-06 11:00:00,3063.728,3064.19,3044.321,3047.135
2026-02-06 12:00:00,3047.136,3048.458,3040.766,3044.068
2026-02-06 13:00:00,3044.073,3054.537,3044.073,3054.264
2026-02-06 14:00:00,3054.27,3061.011,3051.52,3056.349
2026-02-06 15:00:00,3056.357,3057.433,3048.025,3054.745
2026-02-06 16:00:00,3054.756,3056.174,3045.451,3050.081
2026-02-06 17:00:00,3050.087,3053.402,3036.122,3038.094
2026-02-06 18:00:00,3038.101,3040.828,3024.792,3029.295
2026-02-06 19:00:00,3029.309,3037.417,3026.506,3037.417
2026-02-06 20:00:00,3037.417,3041.967,3027.702,3034.198
2026-02-06 21:00:00,3034.205,3050.457,3034.205,3050.457
2026-02-06 22:00:00,3050.458,3050.92,3022.235,3030.093
2026-02-06 23:00:00,3030.109,3033.126,3016.411,3020.633
2026-02-07 00:00:00,3020.649,3023.994,3013.583,3017.184
2026-02-07 01:00:00,3017.187,3018.246,2997.882,3003.774
2026-02-07 02:00:00,3003.777,3022.424,3002.495,3022.424
2026-02-07 03:00:00,3022.43,3036.116,3022.43,3027.536
2026-02-07 04:00:00,3027.55,3029.316,3021.769,3027.448
2026-02-07 05:00:00,3027.461,3043.458,3027.461,3043.458
2026-02-07 06:00:00,3043.46,3051.773,3043.054,3046.711
2026-02-07 07:00:00,3046.712,3054.234,3043.276,3053.962
2026-02-07 08:00:00,3053.977,3065.935,3053.977,3058.518
2026-02-07 09:00:00,3058.519,3072.93,3058.519,3067.312
2026-02-07 10:00:00,3067.315,3076.823,3066.614,3074.693
2026-02-07 11:00:00,3074.703,3082.457,3073.963,3082.406
2026-02-07 12:00:00,3082.41,3094.31,3080.601,3089.966
2026-02-07 13:00:00,3089.973,3097.402,3086.959,3092.124
2026-02-07 14:00:00,3092.127,3100.388,3092.127,3095.505
2026-02-07 15:00:00,3095.519,3100.79,3082.929,3087.075
2026-02-07 16:00:00,3087.077,3087.415,3075.025,3083.574
2026-02-07 17:00:00,3083.574,3086.751,3074.703,3078.346
2026-02-07 18:00:00,3078.351,3098.758,3078.351,3098.758
2026-02-07 19:00:00,3098.779,3100.049,3068.785,3070.193
2026-02-07 20:00:00,3070.2,3076.58,3066.311,3070.014
2026-02-07 21:00:00,3070.025,3072.604,3061.324,3069.93
2026-02-07 22:00:00,3069.935,3073.498,3059.794,3073.498
2026-02-07 23:00:00,3073.5,3075.051,3066.49,3074.943
2026-02-08 00:00:00,3074.944,3080.087,3072.676,3075.112
2026-02-08 01:00:00,3075.114,3079.91,3062.107,3067.23
2026-02-08 02:00:00,3067.236,3084.314,3066.855,3084.314
2026-02-08 03:00:00,3084.316,3091.448,3079.933,3082.61
2026-02-08 04:00:00,3082.622,3088.388,3059.752,3061.158
2026-02-08 05:00:00,3061.163,3065.22,3050.698,3060.842
2026-02-08 06:00:00,3060.848,3065.997,3054.356,3057.713
2026-02-08 07:00:00,3057.714,3071.696,3057.714,3070.521
2026-02-08 08:00:00,3070.522,3077.185,3068.58,3069.281
2026-02-08 09:00:00,3069.293,3074.769,3054.115,3058.27
2026-02-08 10:00:00,3058.273,3070.092,3058.273,3070.092
2026-02-08 11:00:00,3070.095,3072.963,3063.062,3070.35
2026-02-08 12:00:00,3070.36,3082.771,3070.36,3076.642
2026-02-08 13:00:00,3076.653,3088.21,3076.653,3086.219
2026-02-08 14:00:00,3086.219,3091.923,3083.819,3089.614
2026-02-08 15:00:00,3089.616,3100.282,3087.104,3098.006
2026-02-08 16:00:00,3098.007,3099.144,3076.255,3077.353
2026-02-08 17:00:00,3077.362,3080.652,3065.261,3072.469
2026-02-08 18:00:00,3072.48,3072.824,3049.623,3054.442
2026-02-08 19:00:00,3054.457,3061.773,3053.324,3057.475
2026-02-08 20:00:00,3057.479,3070.376,3052.769,3070.376
2026-02-08 21:00:00,3070.388,3074.087,3055.541,3057.149
2026-02-08 22:00:00,3057.152,3064.576,3053.286,3061.523
2026-02-08 23:00:00,3061.537,3083.885,3061.537,3083.885
2026-02-09 00:00:00,3083.886,3086.294,3075.772,3084.205
2026-02-09 01:00:00,3084.207,3092.742,3084.035,3086.227
2026-02-09 02:00:00,3086.236,3091.264,3082.546,3088.691
2026-02-09 03:00:00,3088.697,3103.933,3088.697,3103.933
2026-02-09 04:00:00,3103.935,3109.056,3096.973,3109.056
2026-02-09 05:00:00,3109.061,3109.846,3094.846,3100.266
2026-02-09 06:00:00,3100.269,3113.622,3100.269,3113.622
2026-02-09 07:00:00,3113.625,3120.354,3107.162,3108.148
2026-02-09 08:00:00,3108.15,3126.337,3108.15,3125.226
2026-02-09 09:00:00,3125.235,3138.422,3123.018,3128.615
2026-02-09 10:00:00,3128.619,3149.559,3128.619,3149.559
2026-02-09 11:00:00,3149.568,3165.908,3149.157,3165.408
2026-02-09 12:00:00,3165.416,3167.517,3151.625,3155.994
2026-02-09 13:00:00,3156.003,3158.125,3147.541,3158.125
2026-02-09 14:00:00,3158.126,3167.847,3150.643,3157.945
2026-02-09 15:00:00,3157.951,3172.005,3157.951,3169.105
2026-02-09 16:00:00,3169.124,3176.179,3166.423,3176.179
2026-02-09 17:00:00,3176.18,3193.256,3176.18,3192.036
2026-02-09 18:00:00,3192.044,3194.405,3167.6,3174.836
2026-02-09 19:00:00,3174.852,3189.957,3174.852,3183.22
2026-02-09 20:00:00,3183.223,3196.888,3183.223,3188.448
2026-02-09 21:00:00,3188.458,3195.421,3183.952,3187.05
2026-02-09 22:00:00,3187.055,3202.569,3187.055,3196.445
2026-02-09 23:00:00,3196.457,3198.26,3163.99,3166.279
2026-02-10 00:00:00,3166.283,3176.065,3162.743,3167.291
2026-02-10 01:00:00,3167.299,3174.55,3155.542,3162.553
2026-02-10 02:00:00,3162.561,3180.858,3162.561,3180.858
2026-02-10 03:00:00,3180.861,3188.556,3179.067,3185.236
2026-02-10 04:00:00,3185.241,3186.328,3172.652,3173.127
2026-02-10 05:00:00,3173.143,3174.37,3153.77,3159.799
2026-02-10 06:00:00,3159.804,3171.433,3159.804,3168.246
2026-02-10 07:00:00,3168.259,3173.722,3156.955,3161.796
2026-02-10 08:00:00,3161.811,3163.823,3148.064,3153.47
2026-02-10 09:00:00,3153.477,3160.438,3153.477,3160.402
2026-02-10 10:00:00,3160.409,3172.633,3160.409,3164.445
2026-02-10 11:00:00,3164.45,3171.182,3156.15,3157.06
2026-02-10 12:00:00,3157.07,3161.047,3141.359,3142.506
2026-02-10 13:00:00,3142.508,3147.603,3135.677,3138.303
2026-02-10 14:00:00,3138.307,3140.941,3126.971,3136.975
2026-02-10 15:00:00,3136.976,3139.403,3118.632,3124.56
2026-02-10 16:00:00,3124.561,3127.296,3113.852,3113.877
2026-02-10 17:00:00,3113.888,3119.319,3089.606,3090.745
2026-02-10 18:00:00,3090.748,3101.392,3090.748,3099.503
2026-02-10 19:00:00,3099.509,3103.796,3094.909,3101.971
2026-02-10 20:00:00,3101.979,3104.9,3095.316,3104.9
2026-02-10 21:00:00,3104.908,3108.308,3098.229,3106.237
2026-02-10 22:00:00,3106.252,3106.746,3078.961,3079.759
2026-02-10 23:00:00,3079.761,3087.92,3072.146,3087.92
2026-02-11 00:00:00,3087.925,3100.33,3087.925,3097.916
2026-02-11 01:00:00,3097.923,3107.891,3091.512,3102.884
2026-02-11 02:00:00,3102.893,3104.143,3090.891,3091.245
2026-02-11 03:00:00,3091.25,3092.153,3081.23,3081.479
2026-02-11 04:00:00,3081.484,3092.53,3081.032,3092.132
2026-02-11 05:00:00,3092.138,3101.203,3091.866,3094.302
2026-02-11 06:00:00,3094.312,3098.069,3092.417,3094.687
2026-02-11 07:00:00,3094.696,3101.781,3093.777,3101.781
2026-02-11 08:00:00,3101.784,3103.379,3092.591,3094.999
2026-02-11 09:00:00,3095.004,3095.172,3080.796,3093.354
2026-02-11 10:00:00,3093.359,3110.661,3092.5,3093.839
2026-02-11 11:00:00,3093.845,3107.478,3093.845,3105.39
2026-02-11 12:00:00,3105.396,3115.427,3102.708,3103.955
2026-02-11 13:00:00,3103.969,3118.937,3103.927,3118.746
2026-02-11 14:00:00,3118.752,3122.385,3113.317,3121.113
2026-02-11 15:00:00,3121.123,3126.515,3119.73,3122.023
2026-02-11 16:00:00,3122.026,3126.82,3104.521,3106.703
2026-02-11 17:00:00,3106.708,3110.432,3101.364,3106.242
2026-02-11 18:00:00,3106.246,3111.723,3099.517,3105.457
2026-02-11 19:00:00,3105.465,3118.786,3105.327,3118.786
2026-02-11 20:00:00,3118.792,3125.163,3114.144,3114.488
2026-02-11 21:00:00,3114.489,3117.545,3108.547,3110.623
2026-02-11 22:00:00,3110.63,3111.699,3097.31,3098.569
2026-02-11 23:00:00,3098.576,3099.595,3075.325,3080.751
2026-02-12 00:00:00,3080.762,3097.174,3080.762,3095.83
2026-02-12 01:00:00,3095.836,3098.433,3089.593,3092.923
2026-02-12 02:00:00,3092.935,3105.941,3092.935,3105.941
2026-02-12 03:00:00,3105.951,3108.216,3096.814,3105.977
2026-02-12 04:00:00,3105.983,3115.749,3101.439,3115.749
2026-02-12 05:00:00,3115.756,3122.158,3112.201,3114.28
2026-02-12 06:00:00,3114.286,3116.975,3109.512,3115.769
2026-02-12 07:00:00,3115.77,3122.309,3111.781,3119.841
2026-02-12 08:00:00,3119.845,3132.626,3119.845,3132.626
2026-02-12 09:00:00,3132.631,3135.351,3121.827,3130.437
2026-02-12 10:00:00,3130.448,3136.192,3117.361,3129.488
2026-02-12 11:00:00,3129.496,3141.676,3129.449,3141.676
2026-02-12 12:00:00,3141.678,3151.403,3141.678,3145.981
2026-02-12 13:00:00,3145.994,3150.067,3133.442,3139.278
2026-02-12 14:00:00,3139.282,3140.943,3130.014,3132.852
2026-02-12 15:00:00,3132.863,3133.381,3122.502,3131.735
2026-02-12 16:00:00,3131.74,3144.183,3130.601,3136.64
2026-02-12 17:00:00,3136.65,3139.131,3130.874,3139.131
2026-02-12 18:00:00,3139.139,3145.184,3133.182,3140.702
2026-02-12 19:00:00,3140.708,3141.339,3130.423,3134.941
2026-02-12 20:00:00,3134.944,3140.507,3129.689,3134.654
2026-02-12 21:00:00,3134.668,3137.918,3129.533,3135.584
2026-02-12 22:00:00,3135.592,3149.619,3133.298,3149.619
2026-02-12 23:00:00,3149.631,3151.367,3141.21,3142.13
2026-02-13 00:00:00,3142.133,3155.487,3142.133,3152.205
2026-02-13 01:00:00,3152.205,3164.615,3151.117,3164.615
2026-02-13 02:00:00,3164.619,3167.002,3145.336,3146.308
2026-02-13 03:00:00,3146.322,3147.174,3119.911,3121.491
2026-02-13 04:00:00,3121.498,3125.451,3112.851,3125.451
2026-02-13 05:00:00,3125.455,3127.385,3105.232,3108.494
2026-02-13 06:00:00,3108.497,3115.592,3106.328,3108.416
2026-02-13 07:00:00,3108.425,3124.494,3108.425,3124.494
2026-02-13 08:00:00,3124.501,3130.003,3118.499,3120.763
2026-02-13 09:00:00,3120.773,3129.451,3120.031,3127.041
2026-02-13 10:00:00,3127.048,3129.656,3118.896,3123.509
2026-02-13 11:00:00,3123.514,3139.682,3121.223,3139.682
2026-02-13 12:00:00,3139.693,3139.998,3109.387,3110.234
2026-02-13 13:00:00,3110.245,3122.093,3110.245,3118.662
2026-02-13 14:00:00,3118.664,3119.663,3100.065,3103.925
2026-02-13 15:00:00,3103.935,3106.267,3097.316,3098.77
2026-02-13 16:00:00,3098.77,3100.556,3058.17,3060.876
2026-02-13 17:00:00,3060.883,3079.879,3060.502,3079.879
2026-02-13 18:00:00,3079.883,3084.648,3064.923,3066.063
2026-02-13 19:00:00,3066.064,3075.738,3064.886,3073.286
2026-02-13 20:00:00,3073.297,3078.755,3070.824,3074.915
2026-02-13 21:00:00,3074.918,3085.172,3074.327,3080.029
2026-02-13 22:00:00,3080.036,3081.426,3073.575,3076.66
2026-02-13 23:00:00,3076.666,3078.165,3069.128,3074.767
2026-02-14 00:00:00,3074.771,3079.142,3069.453,3073.536
2026-02-14 01:00:00,3073.539,3073.907,3056.964,3058.698
2026-02-14 02:00:00,3058.708,3072.21,3058.708,3070.516
2026-02-14 03:00:00,3070.519,3075.2,3052.674,3063.252
2026-02-14 04:00:00,3063.253,3073.111,3061.829,3066.386
2026-02-14 05:00:00,3066.393,3071.527,3055.893,3059.826
2026-02-14 06:00:00,3059.827,3063.494,3047.477,3058.926
2026-02-14 07:00:00,3058.936,3062.73,3054.253,3059.749
2026-02-14 08:00:00,3059.753,3060.787,3051.74,3060.329
2026-02-14 09:00:00,3060.334,3076.761,3060.334,3076.413
2026-02-14 10:00:00,3073.287,3074.927,3059.549,3063.027
2026-02-14 11:00:00,3063.036,3072.182,3049.979,3052.969
2026-02-14 12:00:00,3052.972,3058.748,3047.637,3051.52
2026-02-14 13:00:00,3051.525,3057.717,3042.889,3057.717
2026-02-14 14:00:00,3057.723,3065.329,3054.378,3054.99
2026-02-14 15:00:00,3054.997,3063.168,3049.478,3054.334
2026-02-14 16:00:00,3054.354,3060.436,3049.648,3055.201
2026-02-14 17:00:00,3055.215,3065.284,3050.326,3059.364
2026-02-14 18:00:00,3059.365,3062.73,3052.71,3062.137
2026-02-14 19:00:00,3062.147,3065.034,3056.337,3058.999
2026-02-14 20:00:00,3059.001,3066.258,3055.753,3056.323
2026-02-14 21:00:00,3056.338,3060.453,3051.675,3055.968
2026-02-14 22:00:00,3055.975,3064.497,3051.835,3064.497
2026-02-14 23:00:00,3064.498,3070.293,3055.572,3059.235
2026-02-15 00:00:00,3059.242,3068.111,3059.037,3063.513
2026-02-15 01:00:00,3063.519,3065.419,3056.718,3061.814
2026-02-15 02:00:00,3061.827,3066.349,3051.542,3057.892
2026-02-15 03:00:00,3057.904,3060.382,3042.823,3042.878
2026-02-15 04:00:00,3042.879,3047.545,3039.197,3047.545
2026-02-15 05:00:00,3047.555,3059.22,3047.555,3051.17
2026-02-15 06:00:00,3051.176,3058.282,3045.069,3052.215
2026-02-15 07:00:00,3052.225,3055.742,3042.61,3046.718
2026-02-15 08:00:00,3046.722,3049.615,3037.995,3041.573
2026-02-15 09:00:00,3041.58,3050.921,3039.951,3041.938
2026-02-15 10:00:00,3041.94,3049.137,3037.162,3048.632
2026-02-15 11:00:00,3048.642,3057.273,3035.826,3038.007
2026-02-15 12:00:00,3038.021,3047.909,3038.021,3039.519
2026-02-15 13:00:00,3039.531,3050.277,3039.531,3050.277
2026-02-15 14:00:00,3050.278,3061.918,3043.083,3061.918
2026-02-15 15:00:00,3061.918,3071.823,3061.918,3070.335
2026-02-15 16:00:00,3070.343,3077.587,3066.222,3076.068
2026-02-15 17:00:00,3076.069,3076.718,3064.919,3068.995
2026-02-15 18:00:00,3068.996,3078.216,3068.159,3078.216
2026-02-15 19:00:00,3078.217,3085.667,3077.325,3082.112
2026-02-15 20:00:00,3082.118,3089.494,3077.221,3088.078
2026-02-15 21:00:00,3088.08,3100.228,3088.08,3099.749
2026-02-15 22:00:00,3099.762,3114.274,3099.762,3111.394
2026-02-15 23:00:00,3111.397,3122.152,3111.397,3116.041
2026-02-16 00:00:00,3116.045,3117.606,3091.852,3091.969
2026-02-16 01:00:00,3091.974,3108.786,3091.974,3097.85
2026-02-16 02:00:00,3097.858,3099.253,3084.143,3085.771
2026-02-16 03:00:00,3085.774,3093.79,3080.165,3093.79
2026-02-16 04:00:00,3093.793,3094.168,3083.041,3084.916
2026-02-16 05:00:00,3084.918,3097.886,3084.918,3097.886
2026-02-16 06:00:00,3097.891,3115.104,3097.891,3113.894
2026-02-16 07:00:00,3113.902,3115.51,3105.406,3115.415
2026-02-16 08:00:00,3115.422,3115.709,3103.846,3111.24
2026-02-16 09:00:00,3111.246,3120.235,3108.511,3117.848
2026-02-16 10:00:00,3117.853,3125.728,3113.618,3119.799
2026-02-16 11:00:00,3119.8,3124.495,3109.274,3113.424
2026-02-16 12:00:00,3113.434,3116.836,3107.029,3114.51
2026-02-16 13:00:00,3114.516,3117.387,3105.297,3105.686
2026-02-16 14:00:00,3105.686,3112.529,3101.05,3101.325
2026-02-16 15:00:00,3101.328,3113.175,3100.671,3111.632
2026-02-16 16:00:00,3111.636,3112.584,3102.683,3104.627
2026-02-16 17:00:00,3104.635,3115.889,3104.635,3108.777
2026-02-16 18:00:00,3108.783,3109.226,3090.32,3090.997
2026-02-16 19:00:00,3091.003,3099.378,3090.163,3090.87
2026-02-16 20:00:00,3090.876,3095.986,3080.201,3090.63
2026-02-16 21:00:00,3090.634,3093.32,3082.783,3090.473
2026-02-16 22:00:00,3090.481,3093.075,3073.742,3076.539
2026-02-16 23:00:00,3076.548,3085.108,3074.384,3075.101
2026-02-17 00:00:00,3075.119,3079.026,3066.621,3079.026
2026-02-17 01:00:00,3079.034,3083.399,3073.782,3083.399
2026-02-17 02:00:00,3083.41,3088.571,3072.203,3073.015
2026-02-17 03:00:00,3073.02,3084.99,3073.02,3081.942
2026-02-17 04:00:00,3081.948,3086.726,3069.152,3073.789
2026-02-17 05:00:00,3073.791,3086.669,3073.791,3075.771
2026-02-17 06:00:00,3075.775,3076.352,3052.291,3052.868
2026-02-17 07:00:00,3052.878,3053.032,3039.811,3048.752
2026-02-17 08:00:00,3048.755,3051.524,3044.101,3050.448
2026-02-17 09:00:00,3050.453,3052.501,3045.335,3051.824
2026-02-17 10:00:00,3051.83,3054.214,3034.134,3045.513
2026-02-17 11:00:00,3045.52,3045.602,3033.226,3038.731
2026-02-17 12:00:00,3038.736,3047.098,3034.868,3039.373
2026-02-17 13:00:00,3039.385,3046.111,3034.91,3035.828
2026-02-17 14:00:00,3035.835,3041.584,3026.664,3039.822
2026-02-17 15:00:00,3039.824,3042.366,3029.484,3032.708
2026-02-17 16:00:00,3032.718,3033.591,3016.959,3027.107
2026-02-17 17:00:00,3027.115,3029.235,3018.712,3025.244
2026-02-17 18:00:00,3025.244,3029.321,3022.718,3027.344
2026-02-17 19:00:00,3027.349,3028.276,3003.884,3008.844
2026-02-17 20:00:00,3008.852,3019.415,3008.852,3018.721
2026-02-17 21:00:00,3018.724,3028.845,3018.316,3028.845
2026-02-17 22:00:00,3028.848,3029.056,3006.284,3010.974
2026-02-17 23:00:00,3010.982,3013.372,2998.9,3002.291
2026-02-18 00:00:00,3002.302,3010.112,3002.302,3004.788
2026-02-18 01:00:00,3004.797,3009.691,3002.843,3004.232
2026-02-18 02:00:00,3004.233,3006.08,2995.072,2999.445
2026-02-18 03:00:00,2999.454,3003.859,2992.4,2998.037
2026-02-18 04:00:00,2998.05,3002.811,2989.778,2994.998
2026-02-18 05:00:00,2995.003,3004.508,2993.316,3000.15
2026-02-18 06:00:00,3000.156,3002.645,2992.809,3001.473
2026-02-18 07:00:00,3001.473,3015.743,3001.473,3010.395
2026-02-18 08:00:00,3010.404,3023.361,3008.247,3020.022
2026-02-18 09:00:00,3020.026,3031.386,3016.267,3031.386
2026-02-18 10:00:00,3031.393,3036.513,3027.109,3035.761
2026-02-18 11:00:00,3035.767,3049.358,3035.767,3049.358
2026-02-18 12:00:00,3049.363,3052.267,3040.607,3040.946
2026-02-18 13:00:00,3040.956,3055.4,3040.956,3049.921
2026-02-18 14:00:00,3049.923,3053.988,3039.288,3039.366
2026-02-18 15:00:00,3039.367,3045.191,3029.634,3030.222
2026-02-18 16:00:00,3030.223,3048.312,3030.223,3048.312
2026-02-18 17:00:00,3048.312,3060.742,3046.057,3060.742
2026-02-18 18:00:00,3060.742,3062.439,3050.548,3055.582
2026-02-18 19:00:00,3055.592,3075.773,3055.592,3072.097
2026-02-18 20:00:00,3072.097,3077.164,3064.319,3076.831
2026-02-18 21:00:00,3076.836,3079.944,3068.94,3073.195
2026-02-18 22:00:00,3073.208,3082.344,3073.208,3082.344
2026-02-18 23:00:00,3082.344,3098.828,3082.344,3095.312
2026-02-19 00:00:00,3095.321,3102.578,3095.321,3100.913
2026-02-19 01:00:00,3100.914,3117.462,3099.048,3111.534
2026-02-19 02:00:00,3111.538,3116.036,3105.855,3110.609
2026-02-19 03:00:00,3110.613,3113.765,3103.361,3106.163
2026-02-19 04:00:00,3106.164,3114.756,3103.798,3103.963
2026-02-19 05:00:00,3103.964,3113.298,3100.654,3101.649
2026-02-19 06:00:00,3101.649,3107.248,3096.571,3100.66
2026-02-19 07:00:00,3100.666,3108.091,3094.897,3098.047
2026-02-19 08:00:00,3098.054,3104.182,3084.456,3086.959
2026-02-19 09:00:00,3086.96,3097.001,3086.96,3094.525
2026-02-19 10:00:00,3094.545,3105.267,3094.545,3103.68
2026-02-19 11:00:00,3103.686,3117.813,3103.686,3115.481
2026-02-19 12:00:00,3115.483,3126.055,3110.099,3126.055
2026-02-19 13:00:00,3126.055,3126.138,3113.001,3114.943
2026-02-19 14:00:00,3114.952,3122.185,3111.221,3114.888
2026-02-19 15:00:00,3114.898,3116.808,3105.521,3114.627
2026-02-19 16:00:00,3114.635,3117.81,3102.308,3106.376
2026-02-19 17:00:00,3106.39,3109.058,3089.091,3094.478
2026-02-19 18:00:00,3094.479,3110.299,3094.479,3104.683
2026-02-19 19:00:00,3104.686,3111.993,3100.211,3103.28
2026-02-19 20:00:00,3103.282,3106.097,3095.624,3104.184
2026-02-19 21:00:00,3104.188,3111.274,3099.152,3106.573
2026-02-19 22:00:00,3106.581,3118.459,3106.581,3118.009
2026-02-19 23:00:00,3118.021,3123.662,3112.576,3121.799
2026-02-20 00:00:00,3121.811,3128.285,3115.803,3120.048
2026-02-20 01:00:00,3120.056,3120.719,3097.201,3100.381
2026-02-20 02:00:00,3100.382,3113.654,3099.701,3111.375
2026-02-20 03:00:00,3111.376,3117.075,3105.702,3113.694
2026-02-20 04:00:00,3113.7,3121.823,3111.133,3117.955
2026-02-20 05:00:00,3117.957,3123.285,3113.605,3123.285
2026-02-20 06:00:00,3123.288,3129.371,3113.833,3114.288
2026-02-20 07:00:00,3114.297,3115.145,3090.238,3091.471
2026-02-20 08:00:00,3091.484,3097.691,3087.606,3089.901
2026-02-20 09:00:00,3089.913,3103.155,3087.561,3101.495
2026-02-20 10:00:00,3101.505,3106.827,3089.925,3092.63
2026-02-20 11:00:00,3092.642,3094.703,3084.889,3086.119
2026-02-20 12:00:00,3086.12,3086.653,3070.532,3079.577
2026-02-20 13:00:00,3079.583,3080.627,3071.045,3076.429
2026-02-20 14:00:00,3076.433,3078.113,3069.317,3078.113
2026-02-20 15:00:00,3078.129,3090.128,3075.858,3090.128
2026-02-20 16:00:00,3090.136,3101.449,3090.136,3101.449
2026-02-20 17:00:00,3101.452,3115.443,3100.434,3100.486
2026-02-20 18:00:00,3100.489,3105.649,3095.638,3104.435
2026-02-20 19:00:00,3104.45,3107.026,3094.666,3106.716
2026-02-20 20:00:00,3106.722,3116.066,3104.132,3106.304
2026-02-20 21:00:00,3106.319,3111.083,3099.018,3111.083
2026-02-20 22:00:00,3111.086,3123.97,3111.086,3123.002
2026-02-20 23:00:00,3123.008,3129.43,3115.599,3129.43
2026-02-21 00:00:00,3129.435,3133.014,3118.852,3129.698
2026-02-21 01:00:00,3129.705,3138.93,3129.705,3131.736
2026-02-21 02:00:00,3131.743,3137.613,3122.243,3122.841
2026-02-21 03:00:00,3122.851,3129.767,3111.473,3118.432
2026-02-21 04:00:00,3118.44,3127.388,3113.643,3116.638
2026-02-21 05:00:00,3116.638,3121.435,3101.754,3104.999
2026-02-21 06:00:00,3105.002,3106.337,3091.702,3103.108
2026-02-21 07:00:00,3103.116,3105.049,3080.87,3081.956
2026-02-21 08:00:00,3081.962,3084.839,3071.293,3078.014
2026-02-21 09:00:00,3078.019,3090.386,3075.939,3090.386
2026-02-21 10:00:00,3090.388,3099.204,3085.216,3097.005
2026-02-21 11:00:00,3097.007,3098.714,3089.74,3097.641
2026-02-21 12:00:00,3097.647,3099.545,3088.691,3094.347
2026-02-21 13:00:00,3094.354,3097.86,3077.038,3079.618
2026-02-21 14:00:00,3079.631,3088.351,3074.537,3087.078
2026-02-21 15:00:00,3087.078,3097.857,3082.873,3085.619
2026-02-21 16:00:00,3085.624,3100.872,3085.624,3100.872
2026-02-21 17:00:00,3100.879,3108.132,3097.958,3099.341
2026-02-21 18:00:00,3099.341,3116.55,3099.341,3109.886
2026-02-21 19:00:00,3109.892,3116.542,3104.135,3105.013
2026-02-21 20:00:00,3105.015,3107.591,3094.523,3105.267
2026-02-21 21:00:00,3105.269,3118.8,3099.72,3118.8
2026-02-21 22:00:00,3118.802,3119.199,3083.203,3096.932
2026-02-21 23:00:00,3096.94,3112.115,3096.94,3112.115
2026-02-22 00:00:00,3112.119,3128.375,3112.119,3128.375
2026-02-22 01:00:00,3128.377,3141.519,3124.083,3133.543
2026-02-22 02:00:00,3133.549,3142.136,3114.009,3117.134
2026-02-22 03:00:00,3117.147,3123.609,3111.604,3111.985
2026-02-22 04:00:00,3111.993,3125.828,3111.993,3124.151
2026-02-22 05:00:00,3124.155,3135.037,3124.155,3135.037
2026-02-22 06:00:00,3135.04,3144.266,3127.597,3130.066
2026-02-22 07:00:00,3130.079,3137.054,3123.612,3130.36
2026-02-22 08:00:00,3130.363,3133.254,3119.383,3133.254
2026-02-22 09:00:00,3133.27,3134.907,3102.806,3104.739
2026-02-22 10:00:00,3104.744,3112.367,3102.026,3112.367
2026-02-22 11:00:00,3112.38,3129.257,3112.38,3129.257
2026-02-22 12:00:00,3129.263,3132.258,3118.62,3119.008
2026-02-22 13:00:00,3119.015,3123.403,3108.004,3108.337
2026-02-22 14:00:00,3108.343,3112.821,3098.838,3106.53
2026-02-22 15:00:00,3106.534,3117.879,3106.534,3117.879
2026-02-22 16:00:00,3117.88,3122.06,3098.947,3102.753
2026-02-22 17:00:00,3102.755,3103.032,3095.63,3100.404
2026-02-22 18:00:00,3100.413,3103.52,3089.48,3090.754
2026-02-22 19:00:00,3090.755,3100.285,3079.401,3080.193
2026-02-22 20:00:00,3080.197,3090.619,3079.413,3089.067
2026-02-22 21:00:00,3089.074,3101.564,3086.125,3086.888
2026-02-22 22:00:00,3086.894,3107.413,3086.894,3106.176
2026-02-22 23:00:00,3106.176,3116.582,3103.94,3115.429
2026-02-23 00:00:00,3115.435,3121.702,3112.51,3117.104
2026-02-23 01:00:00,3117.113,3131.641,3117.113,3123.387
2026-02-23 02:00:00,3123.391,3135.912,3122.41,3122.964
2026-02-23 03:00:00,3122.965,3127.321,3119.827,3122.555
2026-02-23 04:00:00,3122.566,3126.289,3107.174,3109.27
2026-02-23 05:00:00,3109.276,3116.334,3100.016,3101.15
2026-02-23 06:00:00,3101.155,3103.023,3087.866,3092.995
2026-02-23 07:00:00,3092.996,3111.024,3090.433,3104.837
2026-02-23 08:00:00,3104.845,3116.789,3093.51,3096.05
2026-02-23 09:00:00,3096.061,3101.176,3085.806,3087.927
2026-02-23 10:00:00,3087.93,3090.538,3076.349,3081.367
2026-02-23 11:00:00,3081.37,3089.853,3081.37,3083.81
2026-02-23 12:00:00,3083.825,3084.142,3067.2,3073.328
2026-02-23 13:00:00,3073.329,3074.234,3058.076,3071.005
2026-02-23 14:00:00,3071.013,3074.501,3060.532,3069.744
2026-02-23 15:00:00,3069.745,3079.286,3068.255,3069.186
2026-02-23 16:00:00,3069.195,3071.049,3051.228,3059.463
2026-02-23 17:00:00,3059.471,3068.466,3057.316,3067.79
2026-02-23 18:00:00,3067.791,3071.206,3053.168,3057.817
2026-02-23 19:00:00,3057.826,3060.551,3050.345,3060.099
2026-02-23 20:00:00,3060.104,3067.676,3058.13,3066.117
2026-02-23 21:00:00,3066.125,3078.356,3066.125,3074.487
2026-02-23 22:00:00,3074.49,3092.721,3074.49,3092.032
2026-02-23 23:00:00,3092.041,3097.701,3087.365,3090.652
2026-02-24 00:00:00,3090.654,3090.703,3078.491,3084.549
2026-02-24 01:00:00,3084.555,3093.162,3077.239,3083.399
2026-02-24 02:00:00,3083.399,3091.699,3082.346,3091.699
2026-02-24 03:00:00,3091.7,3112.586,3091.7,3112.586
2026-02-24 04:00:00,3112.599,3124.811,3112.599,3118.506
2026-02-24 05:00:00,3118.511,3122.036,3104.617,3106.746
2026-02-24 06:00:00,3106.756,3110.982,3102.784,3108.526
2026-02-24 07:00:00,3108.531,3110.101,3094.127,3094.568
2026-02-24 08:00:00,3094.575,3095.702,3089.179,3090.616
2026-02-24 09:00:00,3090.625,3107.487,3090.625,3107.487
2026-02-24 10:00:00,3107.498,3117.751,3107.494,3112.112
2026-02-24 11:00:00,3112.12,3133.99,3112.12,3133.99
2026-02-24 12:00:00,3133.995,3142.957,3131.72,3142.08
2026-02-24 13:00:00,3142.09,3144.547,3126.384,3135.058
2026-02-24 14:00:00,3135.063,3139.026,3127.236,3135.211
2026-02-24 15:00:00,3135.216,3142.745,3135.216,3138.965
2026-02-24 16:00:00,3138.972,3139.987,3116.68,3125.519
2026-02-24 17:00:00,3125.532,3128.504,3114.542,3128.504
2026-02-24 18:00:00,3128.512,3145.819,3128.512,3141.616
2026-02-24 19:00:00,3141.629,3152.469,3131.026,3138.69
2026-02-24 20:00:00,3138.702,3150.982,3138.584,3145.107
2026-02-24 21:00:00,3145.108,3160.478,3145.108,3160.478
2026-02-24 22:00:00,3160.481,3165.507,3144.13,3145.178
2026-02-24 23:00:00,3145.181,3153.605,3142.16,3152.75
2026-02-25 00:00:00,3152.756,3158.999,3149.993,3158.999
2026-02-25 01:00:00,3159.001,3161.939,3132.964,3133.59
2026-02-25 02:00:00,3133.601,3134.64,3119.66,3123.349
2026-02-25 03:00:00,3123.355,3131.103,3112.513,3115.406
2026-02-25 04:00:00,3115.408,3118.676,3104.795,3105.135
2026-02-25 05:00:00,3105.138,3113.5,3104.54,3107.565
2026-02-25 06:00:00,3107.568,3117.753,3107.568,3115.529
2026-02-25 07:00:00,3115.539,3125.074,3115.539,3120.343
2026-02-25 08:00:00,3120.347,3121.622,3095.152,3095.833
2026-02-25 09:00:00,3095.839,3111.697,3095.839,3109.626
2026-02-25 10:00:00,3109.63,3111.908,3102.615,3109.171
2026-02-25 11:00:00,3109.175,3118.313,3108.264,3116.364
2026-02-25 12:00:00,3116.373,3116.401,3097.212,3102.956
2026-02-25 13:00:00,3102.957,3114.452,3101.964,3114.452
2026-02-25 14:00:00,3114.459,3126.615,3114.459,3126.615
2026-02-25 15:00:00,3126.617,3127.808,3102.33,3102.505
2026-02-25 16:00:00,3102.506,3109.29,3090.643,3092.696
2026-02-25 17:00:00,3092.701,3093.606,3076.196,3078.456
2026-02-25 18:00:00,3078.461,3084.418,3078.461,3083.098
2026-02-25 19:00:00,3083.104,3089.455,3081.477,3089.455
2026-02-25 20:00:00,3089.467,3094.841,3087.013,3093.047
2026-02-25 21:00:00,3093.051,3103.141,3093.051,3102.69
2026-02-25 22:00:00,3102.698,3114.04,3102.698,3114.04
2026-02-25 23:00:00,3114.043,3131.237,3114.043,3131.237
2026-02-26 00:00:00,3131.24,3136.943,3126.677,3136.943
2026-02-26 01:00:00,3132.22,3138.567,3109.801,3114.478
2026-02-26 02:00:00,3114.48,3123.919,3108.764,3123.919
2026-02-26 03:00:00,3123.921,3137.116,3122.423,3137.116
2026-02-26 04:00:00,3137.125,3142.111,3126.659,3135.434
2026-02-26 05:00:00,3135.447,3142.56,3129.829,3130.114
2026-02-26 06:00:00,3130.127,3132.295,3120.75,3129.033
2026-02-26 07:00:00,3129.047,3136.363,3120.984,3134.645
2026-02-26 08:00:00,3134.648,3135.896,3110.512,3117.099
2026-02-26 09:00:00,3117.106,3122.583,3111.987,3120.267
2026-02-26 10:00:00,3120.268,3122.728,3112.786,3114.602
2026-02-26 11:00:00,3114.605,3116.864,3104.538,3114.205
2026-02-26 12:00:00,3114.208,3121.75,3113.02,3119.183
2026-02-26 13:00:00,3119.197,3129.626,3097.907,3099.331
2026-02-26 14:00:00,3099.343,3110.304,3094.681,3110.304
2026-02-26 15:00:00,3110.309,3111.77,3101.333,3103.569
2026-02-26 16:00:00,3103.574,3115.698,3103.574,3107.574
2026-02-26 17:00:00,3107.585,3114.848,3102.715,3114.848
2026-02-26 18:00:00,3114.857,3118.314,3098.72,3099.722
2026-02-26 19:00:00,3099.727,3102.013,3064.632,3067.297
2026-02-26 20:00:00,3067.307,3076.558,3067.307,3076.142
2026-02-26 21:00:00,3076.147,3090.253,3074.546,3088.296
2026-02-26 22:00:00,3088.301,3093.132,3063.084,3063.435
2026-02-26 23:00:00,3063.447,3074.441,3061.887,3074.441
2026-02-27 00:00:00,3074.445,3087.878,3074.445,3083.161
2026-02-27 01:00:00,3083.164,3085.2,3070.279,3077.698
2026-02-27 02:00:00,3077.709,3087.311,3072.407,3087.311
2026-02-27 03:00:00,3087.316,3093.204,3082.884,3093.204
2026-02-27 04:00:00,3093.209,3099.002,3078.36,3085.182
2026-02-27 05:00:00,3085.185,3085.189,3073.664,3075.72
2026-02-27 06:00:00,3075.731,3086.498,3074.195,3086.498
2026-02-27 07:00:00,3086.505,3090.424,3070.565,3072.491
2026-02-27 08:00:00,3072.496,3077.513,3061.815,3063.747
2026-02-27 09:00:00,3063.759,3075.257,3058.236,3064.957
2026-02-27 10:00:00,3064.957,3071.826,3060.052,3071.826
2026-02-27 11:00:00,3071.83,3073.396,3053.521,3061.764
2026-02-27 12:00:00,3061.769,3062.848,3041.794,3048.651
2026-02-27 13:00:00,3048.656,3053.02,3045.256,3045.961
2026-02-27 14:00:00,3045.969,3051.937,3042.037,3051.741
2026-02-27 15:00:00,3051.742,3053.256,3025.066,3026.453
2026-02-27 16:00:00,3026.454,3040.738,3026.454,3033.865
2026-02-27 17:00:00,3033.867,3050.993,3031.8,3050.993
2026-02-27 18:00:00,3050.998,3053.624,3039.398,3042.105
2026-02-27 19:00:00,3042.113,3051.382,3042.113,3047.588
2026-02-27 20:00:00,3047.603,3065.689,3047.603,3062.997
2026-02-27 21:00:00,3063.004,3064.237,3049.498,3049.771
2026-02-27 22:00:00,3049.785,3049.845,3035.876,3041.362
2026-02-27 23:00:00,3041.366,3047.753,3036.294,3037.959
2026-02-28 00:00:00,3037.963,3049.876,3037.963,3049.876
2026-02-28 01:00:00,3049.884,3057.128,3048.748,3049.379
2026-02-28 02:00:00,3049.385,3061.478,3048.397,3058.268
2026-02-28 03:00:00,3058.276,3061.692,3049.026,3055.302
2026-02-28 04:00:00,3055.304,3064.273,3052.131,3064.059
2026-02-28 05:00:00,3064.062,3071.209,3057.501,3065.244
2026-02-28 06:00:00,3065.251,3065.778,3042.022,3048.412
2026-02-28 07:00:00,3048.42,3052.793,3035.822,3038.956
2026-02-28 08:00:00,3038.956,3043.737,3020.936,3021.815
2026-02-28 09:00:00,3021.819,3024.603,3005.393,3011.028
2026-02-28 10:00:00,3011.029,3013.928,3004.823,3013.749
2026-02-28 11:00:00,3013.757,3026.82,3013.757,3025.745
2026-02-28 12:00:00,3025.75,3028.745,3008.57,3013.699
2026-02-28 13:00:00,3013.712,3026.81,3013.712,3019.901
2026-02-28 14:00:00,3019.911,3024.316,3014.441,3023.262
2026-02-28 15:00:00,3023.262,3027.462,3016.763,3017.51
2026-02-28 16:00:00,3017.516,3020.739,3009.332,3017.574
2026-02-28 17:00:00,3017.574,3021.278,3010.575,3014.612
2026-02-28 18:00:00,3014.619,3014.787,2996.781,3002.683
2026-02-28 19:00:00,3002.696,3016.101,3002.696,3016.101
2026-02-28 20:00:00,3016.109,3024.984,3015.153,3019.908
2026-02-28 21:00:00,3019.917,3027.689,3016.376,3021.379
2026-02-28 22:00:00,3021.384,3029.094,3018.513,3029.094
2026-02-28 23:00:00,3029.096,3038.503,3023.731,3037.197
2026-03-01 00:00:00,3037.201,3040.566,3020.183,3020.798
2026-03-01 01:00:00,3020.799,3022.64,3007.767,3015.046
2026-03-01 02:00:00,3015.06,3029.145,3015.06,3020.163
2026-03-01 03:00:00,3020.17,3029.954,3020.17,3027.624
2026-03-01 04:00:00,3027.635,3028.599,3014.543,3022.986
2026-03-01 05:00:00,3022.997,3023.907,3005.37,3009.682
2026-03-01 06:00:00,3009.692,3012.242,3001.432,3003.979
2026-03-01 07:00:00,3003.981,3007.801,2991.393,2993.553
2026-03-01 08:00:00,2993.557,3002.569,2989.616,2998.589
2026-03-01 09:00:00,2998.593,3003.837,2992.926,2997.794
2026-03-01 10:00:00,2997.797,3008.547,2989.536,2991.225
2026-03-01 11:00:00,2991.229,2991.622,2977.983,2983.212
2026-03-01 12:00:00,2983.214,2994.224,2983.214,2991.649
2026-03-01 13:00:00,2991.652,2999.636,2989.386,2999.636
2026-03-01 14:00:00,2999.64,3017.917,2999.64,3017.917
2026-03-01 15:00:00,3017.919,3028.643,3017.919,3026.449
2026-03-01 16:00:00,3026.45,3035.884,3026.434,3028.087
2026-03-01 17:00:00,3028.105,3030.292,3010.598,3020.751
2026-03-01 18:00:00,3020.753,3033.959,3020.753,3032.977
2026-03-01 19:00:00,3032.987,3038.221,3030.417,3038.221
2026-03-01 20:00:00,3038.233,3040.558,3028.921,3034.517
2026-03-01 21:00:00,3034.525,3051.189,3034.525,3050.006
2026-03-01 22:00:00,3050.01,3053.458,3033.092,3034.579
2026-03-01 23:00:00,3034.58,3041.11,3032.52,3039.797
2026-03-02 00:00:00,3039.805,3041.763,3029.765,3034.642
2026-03-02 01:00:00,3034.647,3038.609,3024.21,3029.282
2026-03-02 02:00:00,3029.285,3040.219,3028.117,3038.342
2026-03-02 03:00:00,3038.354,3044.338,3033.749,3040.734
2026-03-02 04:00:00,3040.734,3047.801,3013.898,3017.562
2026-03-02 05:00:00,3017.578,3037.644,3017.578,3033.701
2026-03-02 06:00:00,3033.707,3044.09,3033.707,3040.062
2026-03-02 07:00:00,3040.075,3042.332,3032.851,3035.864
2026-03-02 08:00:00,3035.867,3043.511,3023.789,3026.204
2026-03-02 09:00:00,3026.212,3033.626,3015.899,3016.838
2026-03-02 10:00:00,3016.839,3019.648,3009.41,3015.31
2026-03-02 11:00:00,3015.315,3024.203,3015.315,3019.045
2026-03-02 12:00:00,3019.049,3038.4,3019.049,3030.616
2026-03-02 13:00:00,3030.618,3033.102,3018.305,3030.419
2026-03-02 14:00:00,3030.42,3037.168,3030.42,3037.168
2026-03-02 15:00:00,3037.169,3041.14,3023.685,3024.551
2026-03-02 16:00:00,3024.569,3034.329,3023.54,3029.4
2026-03-02 17:00:00,3029.401,3042.687,3029.401,3042.687
2026-03-02 18:00:00,3042.696,3047.378,3034.724,3042.174
2026-03-02 19:00:00,3042.174,3047.01,3035.523,3037.04
2026-03-02 20:00:00,3037.051,3047.332,3035.706,3041.203
2026-03-02 21:00:00,3041.205,3046.215,3038.807,3046.215
2026-03-02 22:00:00,3046.221,3046.24,3023.376,3027.51
2026-03-02 23:00:00,3027.518,3031.488,3019.28,3026.245
2026-03-03 00:00:00,3026.249,3031.635,3009.931,3011.158
2026-03-03 01:00:00,3011.174,3018.071,3011.174,3014.383
2026-03-03 02:00:00,3014.386,3015.183,2991.751,2994.331
2026-03-03 03:00:00,2994.34,3011.476,2994.34,3011.476
2026-03-03 04:00:00,3011.481,3012.829,3001.459,3002.482
2026-03-03 05:00:00,3002.488,3011.338,2999.223,3010.966
2026-03-03 06:00:00,3010.971,3022.487,3010.971,3022.487
2026-03-03 07:00:00,3022.49,3034.141,3022.49,3034.141
2026-03-03 08:00:00,3034.144,3039.558,3030.911,3039.558
2026-03-03 09:00:00,3039.565,3054.254,3039.565,3054.254
2026-03-03 10:00:00,3054.255,3057.858,3040.206,3057.858
2026-03-03 11:00:00,3057.86,3063.952,3054.023,3062.134
2026-03-03 12:00:00,3062.138,3074.442,3059.11,3060.093
2026-03-03 13:00:00,3060.098,3067.411,3049.434,3053.573
2026-03-03 14:00:00,3053.579,3055.504,3025.277,3029.041
2026-03-03 15:00:00,3029.05,3046.853,3029.05,3046.853
2026-03-03 16:00:00,3046.864,3054.213,3038.241,3039.825
2026-03-03 17:00:00,3039.831,3049.832,3035.914,3049.832
2026-03-03 18:00:00,3049.836,3057.181,3046.674,3056.972
2026-03-03 19:00:00,3056.979,3059.016,3036.446,3041.771
2026-03-03 20:00:00,3041.779,3050.31,3038.857,3047.49
2026-03-03 21:00:00,3047.498,3052.933,3038.286,3040.195
2026-03-03 22:00:00,3040.203,3053.663,3040.203,3052.019
2026-03-03 23:00:00,3052.024,3066.666,3050.236,3066.666
2026-03-04 00:00:00,3066.685,3078.732,3061.998,3078.622
2026-03-04 01:00:00,3078.627,3092.206,3078.627,3092.206
2026-03-04 02:00:00,3092.21,3101.87,3084.042,3084.744
2026-03-04 03:00:00,3084.753,3089.068,3080.475,3089.068
2026-03-04 04:00:00,3089.077,3096.676,3072.137,3073.295
2026-03-04 05:00:00,3073.304,3079.064,3073.304,3078.499
2026-03-04 06:00:00,3078.516,3083.164,3075.353,3080.239
2026-03-04 07:00:00,3080.241,3084.364,3071.509,3082.346
2026-03-04 08:00:00,3082.347,3088.289,3075.894,3081.114
2026-03-04 09:00:00,3081.115,3093.427,3081.115,3093.427
2026-03-04 10:00:00,3093.436,3097.8,3082.57,3087.275
2026-03-04 11:00:00,3087.284,3090.943,3078.589,3082.982
2026-03-04 12:00:00,3082.986,3089.395,3079.643,3088.622
2026-03-04 13:00:00,3088.625,3089.593,3072.793,3074.809
2026-03-04 14:00:00,3074.814,3082.346,3067.905,3077.161
2026-03-04 15:00:00,3077.162,3081.99,3064.912,3067.18
2026-03-04 16:00:00,3067.185,3082.661,3067.185,3079.913
2026-03-04 17:00:00,3079.918,3088.683,3076.659,3077.431
2026-03-04 18:00:00,3077.444,3083.677,3073.448,3074.408
2026-03-04 19:00:00,3074.409,3083.89,3067.901,3074.623
2026-03-04 20:00:00,3074.63,3085.545,3071.662,3084.35
2026-03-04 21:00:00,3084.354,3088.135,3072.599,3076.085
2026-03-04 22:00:00,3076.087,3077.967,3067.341,3067.95
2026-03-04 23:00:00,3067.953,3078.392,3065.274,3073.009
2026-03-05 00:00:00,3073.012,3074.168,3059.931,3067.261
2026-03-05 01:00:00,3067.266,3070.588,3060.948,3066.703
2026-03-05 02:00:00,3066.705,3075.237,3066.541,3068.342
2026-03-05 03:00:00,3068.35,3077.723,3065.861,3066.12
2026-03-05 04:00:00,3066.128,3067.532,3059.839,3063.517
2026-03-05 05:00:00,3063.52,3064.076,3040.257,3048.519
2026-03-05 06:00:00,3048.523,3051.753,3035.492,3036.781
2026-03-05 07:00:00,3036.781,3047.691,3036.781,3040.98
2026-03-05 08:00:00,3040.985,3046.83,3028.368,3029.959
2026-03-05 09:00:00,3029.964,3035.649,3027.111,3028.006
2026-03-05 10:00:00,3028.012,3033.422,3016.288,3020.117
2026-03-05 11:00:00,3020.118,3025.925,3016.93,3019.504
2026-03-05 12:00:00,3019.511,3027.877,3012.61,3027.877
2026-03-05 13:00:00,3027.884,3031.357,3021.633,3025.505
2026-03-05 14:00:00,3025.511,3031.546,3021.518,3030.427
2026-03-05 15:00:00,3030.44,3038.241,3027.148,3038.241
2026-03-05 16:00:00,3038.243,3040.42,3023.335,3030.627
2026-03-05 17:00:00,3030.639,3032.233,3017.817,3022.099
2026-03-05 18:00:00,3022.106,3026.666,3016.647,3017.371
2026-03-05 19:00:00,3017.384,3029.135,3017.257,3027.845
2026-03-05 20:00:00,3027.846,3029.082,3006.623,3013.258
2026-03-05 21:00:00,3013.263,3014.344,2994.735,3006.849
2026-03-05 22:00:00,3006.857,3012.993,2993.623,2993.875
2026-03-05 23:00:00,2993.881,3004.851,2993.881,3002.03
2026-03-06 00:00:00,3002.037,3011.624,3001.216,3011.608
2026-03-06 01:00:00,3011.608,3024.754,3011.608,3014.052
2026-03-06 02:00:00,3014.064,3016.783,2997.669,2997.887
2026-03-06 03:00:00,2997.896,3007.916,2997.896,2999.726
2026-03-06 04:00:00,2999.733,3017.112,2997.711,3007.845
2026-03-06 05:00:00,3007.847,3008.97,2999.399,3004.606
2026-03-06 06:00:00,3004.608,3009.373,2997.408,3007.046
2026-03-06 07:00:00,3007.053,3011.287,3001.166,3007.493
2026-03-06 08:00:00,3007.497,3015.488,3003.649,3005.642
2026-03-06 09:00:00,3005.652,3006.149,2986.371,2989.781
2026-03-06 10:00:00,2989.783,3001.439,2986.168,3000.724
2026-03-06 11:00:00,3000.735,3010.584,2999.892,3009.115
2026-03-06 12:00:00,3009.118,3014.03,3001.764,3002.576
2026-03-06 13:00:00,3002.589,3004.571,2988.657,3000.947
2026-03-06 14:00:00,3000.958,3008.218,3000.297,3006.644
2026-03-06 15:00:00,3006.654,3007.505,2994.255,3002.411
2026-03-06 16:00:00,3002.418,3009.093,2996.672,3004.595
2026-03-06 17:00:00,3004.606,3013.511,3003.851,3008.317
2026-03-06 18:00:00,3008.323,3022.761,3008.323,3013.023
2026-03-06 19:00:00,3013.026,3016.279,3008.596,3010.09
2026-03-06 20:00:00,3010.096,3015.602,3003.963,3015.602
2026-03-06 21:00:00,3015.609,3016.963,3005.095,3011.138
2026-03-06 22:00:00,3011.141,3013.279,3003.593,3013.279
2026-03-06 23:00:00,3013.289,3017.018,3008.007,3015.818
2026-03-07 00:00:00,3015.826,3025.949,3011.642,3024.893
2026-03-07 01:00:00,3024.895,3026.563,3005.235,3010.674
2026-03-07 02:00:00,3010.681,3019.156,3009.507,3010.156
2026-03-07 03:00:00,3010.163,3017.392,2987.193,2988.099
2026-03-07 04:00:00,2988.101,2997.941,2983.25,2984.556
2026-03-07 05:00:00,2984.567,2989.067,2976.449,2981.461
2026-03-07 06:00:00,2981.476,2983.044,2974.146,2974.585
2026-03-07 07:00:00,2974.585,2977.522,2951.987,2952.235
2026-03-07 08:00:00,2952.239,2967.002,2952.239,2966.805
2026-03-07 09:00:00,2966.819,2983.186,2966.819,2980.238
2026-03-07 10:00:00,2980.245,2981.965,2971.35,2979.686
2026-03-07 11:00:00,2979.693,2982.509,2975.367,2978.402
2026-03-07 12:00:00,2978.411,2985.089,2976.091,2985.089
2026-03-07 13:00:00,2985.09,2987.602,2969.545,2972.068
2026-03-07 14:00:00,2972.073,2978.282,2967.566,2978.282
2026-03-07 15:00:00,2978.282,2981.265,2971.146,2972.769
2026-03-07 16:00:00,2972.77,2984.882,2972.77,2977.057
2026-03-07 17:00:00,2977.069,2991.269,2977.069,2991.269
2026-03-07 18:00:00,2991.28,2995.302,2984.305,2990.308
2026-03-07 19:00:00,2990.312,2992.727,2976.927,2984.093
2026-03-07 20:00:00,2984.101,2986.916,2974.559,2974.777
2026-03-07 21:00:00,2974.787,2983.366,2970.912,2972.489
2026-03-07 22:00:00,2972.493,2974.174,2952.6,2955.086
2026-03-07 23:00:00,2955.087,2955.441,2929.16,2935.478
2026-03-08 00:00:00,2935.482,2938.389,2930.469,2938.389
2026-03-08 01:00:00,2938.398,2942.768,2924.543,2926.127
2026-03-08 02:00:00,2926.13,2935.07,2921.725,2932.425
2026-03-08 03:00:00,2932.428,2933.925,2919.675,2920.805
2026-03-08 04:00:00,2920.808,2931.737,2916.125,2917.523
2026-03-08 05:00:00,2917.537,2919.972,2886.158,2886.735
2026-03-08 06:00:00,2886.737,2889.101,2878.425,2879.867
2026-03-08 07:00:00,2879.879,2887.486,2878.496,2881.941
2026-03-08 08:00:00,2881.946,2896.546,2877.916,2896.546
2026-03-08 09:00:00,2896.555,2899.816,2887.599,2889.739
2026-03-08 10:00:00,2889.741,2894.963,2884.06,2894.963
2026-03-08 11:00:00,2894.972,2900.352,2888.722,2900.352
2026-03-08 12:00:00,2900.361,2903.804,2895.362,2903.339
2026-03-08 13:00:00,2903.345,2910.348,2903.345,2908.088
2026-03-08 14:00:00,2908.094,2911.262,2892.833,2893.543
2026-03-08 15:00:00,2893.549,2897.564,2889.142,2896.898
2026-03-08 16:00:00,2896.899,2900.059,2891.313,2898.847
2026-03-08 17:00:00,2898.849,2910.085,2898.501,2910.085
2026-03-08 18:00:00,2910.088,2918.523,2910.088,2916.78
2026-03-08 19:00:00,2916.78,2924.274,2910.104,2924.274
2026-03-08 20:00:00,2924.28,2929.885,2912.204,2924.964
2026-03-08 21:00:00,2924.973,2935.393,2921.977,2935.393
2026-03-08 22:00:00,2935.407,2939.798,2912.902,2915.163
2026-03-08 23:00:00,2915.168,2924.261,2913.482,2921.003
2026-03-09 00:00:00,2921.01,2926.424,2918.273,2926.299
2026-03-09 01:00:00,2926.304,2928.539,2913.825,2925.157
2026-03-09 02:00:00,2925.159,2933.305,2923.603,2930.305
2026-03-09 03:00:00,2930.309,2935.522,2923.167,2926.588
2026-03-09 04:00:00,2926.595,2933.778,2921.257,2927.819
2026-03-09 05:00:00,2927.824,2938.026,2924.512,2933.193
2026-03-09 06:00:00,2933.201,2944.979,2933.201,2941.496
2026-03-09 07:00:00,2941.5,2958.147,2941.5,2952.955
2026-03-09 08:00:00,2952.963,2956.031,2941.212,2956.031
2026-03-09 09:00:00,2956.033,2960.479,2950.18,2956.016
2026-03-09 10:00:00,2956.023,2959.756,2937.924,2942.678
2026-03-09 11:00:00,2942.679,2942.828,2935.807,2942.342
2026-03-09 12:00:00,2942.35,2954.276,2942.35,2947.353
2026-03-09 13:00:00,2946.312,2949.531,2926.023,2929.465
2026-03-09 14:00:00,2929.469,2936.257,2921.861,2922.825
2026-03-09 15:00:00,2922.828,2934.213,2920.501,2934.213
2026-03-09 16:00:00,2934.217,2947.377,2928.687,2943.718
2026-03-09 17:00:00,2943.721,2949.562,2941.984,2943.585
2026-03-09 18:00:00,2943.591,2944.557,2927.004,2930.848
2026-03-09 19:00:00,2930.855,2938.93,2929.18,2938.93
2026-03-09 20:00:00,2938.933,2947.787,2938.933,2947.56
2026-03-09 21:00:00,2947.563,2953.063,2947.028,2949.579
2026-03-09 22:00:00,2949.586,2952.723,2937.921,2945.089
2026-03-09 23:00:00,2945.092,2955.703,2938.181,2940.402
2026-03-10 00:00:00,2940.404,2950.609,2940.404,2950.609
2026-03-10 01:00:00,2950.61,2955.711,2932.421,2934.986
2026-03-10 02:00:00,2934.994,2941.988,2933.653,2941.424
2026-03-10 03:00:00,2941.432,2945.317,2935.137,2942.506
2026-03-10 04:00:00,2942.512,2946.834,2933.66,2934.549
2026-03-10 05:00:00,2934.56,2940.376,2924.25,2928.522
2026-03-10 06:00:00,2928.535,2935.638,2922.983,2927.767
2026-03-10 07:00:00,2927.772,2931.39,2916.633,2917.558
2026-03-10 08:00:00,2917.564,2921.781,2910.747,2911.903
2026-03-10 09:00:00,2911.906,2919.686,2911.314,2915.866
2026-03-10 10:00:00,2915.87,2923.136,2913.855,2920.764
2026-03-10 11:00:00,2920.765,2934.66,2920.765,2933.88
2026-03-10 12:00:00,2933.882,2936.279,2926.875,2931.772
2026-03-10 13:00:00,2931.78,2936.293,2929.977,2932.473
2026-03-10 14:00:00,2932.479,2933.373,2925.805,2933.373
2026-03-10 15:00:00,2933.377,2940.367,2928.664,2940.367
2026-03-10 16:00:00,2940.371,2941.422,2916.023,2916.418
2026-03-10 17:00:00,2916.421,2922.882,2910.751,2915.629
2026-03-10 18:00:00,2915.638,2918.188,2910.121,2912.609
2026-03-10 19:00:00,2912.62,2918.919,2908.965,2916.404
2026-03-10 20:00:00,2916.408,2922.368,2912.295,2915.637
2026-03-10 21:00:00,2915.637,2925.815,2914.941,2920.952
2026-03-10 22:00:00,2920.955,2937.045,2920.955,2929.821
2026-03-10 23:00:00,2929.823,2929.948,2921.122,2924.953
2026-03-11 00:00:00,2924.96,2931.407,2921.062,2925.286
2026-03-11 01:00:00,2925.289,2940.597,2925.289,2938.748
2026-03-11 02:00:00,2938.751,2950.336,2936.647,2950.195
2026-03-11 03:00:00,2950.197,2958.764,2949.942,2958.764
2026-03-11 04:00:00,2958.766,2974.788,2958.766,2974.48
2026-03-11 05:00:00,2974.49,2988.946,2974.49,2985.598
2026-03-11 06:00:00,2985.604,2996.647,2981.334,2981.904
2026-03-11 07:00:00,2981.915,2986.824,2973.876,2986.824
2026-03-11 08:00:00,2986.83,2997.443,2985.969,2997.443
2026-03-11 09:00:00,2997.45,3002.281,2987.99,2990.844
2026-03-11 10:00:00,2990.845,2993.819,2975.554,2983.039
2026-03-11 11:00:00,2983.044,2987.414,2974.792,2974.798
2026-03-11 12:00:00,2974.809,2979.842,2965.637,2979.842
2026-03-11 13:00:00,2979.848,2985.454,2974.184,2977.252
2026-03-11 14:00:00,2977.26,2984.037,2972.612,2977.41
2026-03-11 15:00:00,2977.412,2979.746,2970.611,2976.795
2026-03-11 16:00:00,2976.812,2992.302,2976.812,2992.302
2026-03-11 17:00:00,2992.314,3000.205,2992.314,2997.568
2026-03-11 18:00:00,2997.584,3003.364,2992.305,2995.522
2026-03-11 19:00:00,2995.528,2999.396,2979.137,2984.731
2026-03-11 20:00:00,2984.734,2990.76,2980.735,2988.997
2026-03-11 21:00:00,2988.997,2990.174,2981.313,2984.748
2026-03-11 22:00:00,2984.752,2994.748,2978.618,2993.313
2026-03-11 23:00:00,2993.319,3004.095,2991.95,3004.095
2026-03-12 00:00:00,3004.103,3004.537,2987.935,2989.44
2026-03-12 01:00:00,2989.446,2991.185,2965.942,2969.079
2026-03-12 02:00:00,2969.097,2982.514,2969.097,2975.708
2026-03-12 03:00:00,2975.72,2983.366,2974.587,2983.366
2026-03-12 04:00:00,2983.368,2985.013,2965.763,2967.673
2026-03-12 05:00:00,2967.689,2980.37,2967.689,2977.745
2026-03-12 06:00:00,2977.749,2980.769,2972.783,2974.525
2026-03-12 07:00:00,2974.529,2987.802,2974.529,2985.39
2026-03-12 08:00:00,2985.402,2987.064,2974.932,2975.752
2026-03-12 09:00:00,2975.754,2981.199,2970.731,2979.488
2026-03-12 10:00:00,2979.488,2981.639,2962.33,2964.887
2026-03-12 11:00:00,2964.897,2979.582,2962.001,2979.582
2026-03-12 12:00:00,2979.588,2985.895,2970.794,2973.122
2026-03-12 13:00:00,2973.123,2983.749,2973.123,2983.749
2026-03-12 14:00:00,2983.754,2993.15,2981.835,2988.453
2026-03-12 15:00:00,2988.469,2991.786,2974.03,2975.995
2026-03-12 16:00:00,2976.008,2976.549,2963.02,2964.661
2026-03-12 17:00:00,2964.661,2965.66,2956.697,2957.86
2026-03-12 18:00:00,2957.86,2963.385,2954.951,2963.385
2026-03-12 19:00:00,2963.387,2976.673,2963.387,2976.673
2026-03-12 20:00:00,2976.677,2982.656,2976.454,2977.773
2026-03-12 21:00:00,2977.775,2986.96,2976.958,2986.825
2026-03-12 22:00:00,2986.829,2987.271,2966.244,2969.596
2026-03-12 23:00:00,2969.6,2977.937,2967.177,2972.599
2026-03-13 00:00:00,2972.609,2982.006,2972.233,2975.59
2026-03-13 01:00:00,2975.599,2980.727,2967.055,2969.104
2026-03-13 02:00:00,2969.121,2978.406,2967.087,2976.136
2026-03-13 03:00:00,2976.14,2991.48,2976.14,2991.48
2026-03-13 04:00:00,2991.485,3004.672,2991.485,2998.117
2026-03-13 05:00:00,2998.125,3004.15,2991.543,2992.649
2026-03-13 06:00:00,2992.655,3001.466,2987.757,2988.49
2026-03-13 07:00:00,2988.494,2996.4,2987.567,2991.018
2026-03-13 08:00:00,2991.025,2993.969,2983.267,2990.296
2026-03-13 09:00:00,2990.306,2993.913,2982.162,2984.572
2026-03-13 10:00:00,2984.576,2997.619,2980.718,2997.619
2026-03-13 11:00:00,2997.619,3014.359,2997.619,3014.243
2026-03-13 12:00:00,3014.244,3019.609,3001.8,3002.28
2026-03-13 13:00:00,3002.28,3008.261,2999.667,3004.154
2026-03-13 14:00:00,3004.167,3013.521,3002.58,3005.557
2026-03-13 15:00:00,3005.562,3020.03,3005.562,3018.103
2026-03-13 16:00:00,3018.11,3027.43,3018.11,3027.43
2026-03-13 17:00:00,3027.435,3030.4,3021.802,3024.42
2026-03-13 18:00:00,3024.421,3027.586,3017.859,3020.325
2026-03-13 19:00:00,3020.326,3021.859,3009.561,3012.638
2026-03-13 20:00:00,3012.645,3019.271,3008.38,3017.013
2026-03-13 21:00:00,3017.023,3029.199,3015.545,3028.0
2026-03-13 22:00:00,3028.001,3031.209,3022.607,3024.953
2026-03-13 23:00:00,3024.956,3026.62,3003.715,3004.099
2026-03-14 00:00:00,3004.112,3012.368,3001.472,3005.969
2026-03-14 01:00:00,3005.975,3017.884,3005.975,3014.767
2026-03-14 02:00:00,3014.771,3034.041,3014.771,3034.041
2026-03-14 03:00:00,3034.051,3038.646,3028.938,3036.511
2026-03-14 04:00:00,3036.513,3038.187,3029.652,3033.698
2026-03-14 05:00:00,3033.702,3038.449,3025.223,3026.861
2026-03-14 06:00:00,3026.869,3030.784,3019.34,3019.512
2026-03-14 07:00:00,3019.515,3033.829,3019.515,3033.829
2026-03-14 08:00:00,3033.845,3048.481,3032.748,3046.386
2026-03-14 09:00:00,3046.397,3051.919,3045.175,3051.919
2026-03-14 10:00:00,3051.927,3057.002,3051.206,3055.886
2026-03-14 11:00:00,3055.887,3066.526,3053.74,3062.034
2026-03-14 12:00:00,3062.045,3069.326,3056.914,3069.326
2026-03-14 13:00:00,3069.33,3073.051,3053.974,3054.405
2026-03-14 14:00:00,3054.412,3061.658,3042.997,3043.221
2026-03-14 15:00:00,3043.231,3052.892,3040.332,3052.345
2026-03-14 16:00:00,3052.347,3060.029,3052.347,3060.029
2026-03-14 17:00:00,3060.032,3070.817,3060.032,3070.817
2026-03-14 18:00:00,3070.827,3085.512,3070.827,3085.512
2026-03-14 19:00:00,3085.513,3102.027,3085.513,3102.027
2026-03-14 20:00:00,3102.03,3105.846,3090.027,3095.384
2026-03-14 21:00:00,3095.388,3098.823,3082.379,3084.047
2026-03-14 22:00:00,3084.051,3087.848,3071.859,3076.772
2026-03-14 23:00:00,3076.78,3082.596,3072.36,3076.42
2026-03-15 00:00:00,3076.43,3080.172,3052.722,3053.395
2026-03-15 01:00:00,3053.406,3060.339,3044.543,3049.392
2026-03-15 02:00:00,3049.4,3050.499,3040.812,3047.76
2026-03-15 03:00:00,3047.765,3054.05,3043.037,3050.977
2026-03-15 04:00:00,3050.982,3058.492,3037.604,3041.494
2026-03-15 05:00:00,3041.505,3044.501,3019.607,3023.892
2026-03-15 06:00:00,3023.893,3038.127,3023.893,3035.564
2026-03-15 07:00:00,3035.574,3057.26,3035.574,3057.26
2026-03-15 08:00:00,3057.261,3059.037,3043.939,3047.389
2026-03-15 09:00:00,3047.392,3055.769,3047.392,3052.127
2026-03-15 10:00:00,3052.132,3063.821,3052.132,3059.638
2026-03-15 11:00:00,3059.649,3064.496,3042.002,3046.604
2026-03-15 12:00:00,3046.606,3051.594,3033.472,3036.064
2026-03-15 13:00:00,3036.065,3044.528,3033.103,3044.528
2026-03-15 14:00:00,3044.534,3049.62,3033.816,3038.411
2026-03-15 15:00:00,3038.412,3049.033,3036.855,3039.514
2026-03-15 16:00:00,3039.521,3051.674,3039.521,3047.702
2026-03-15 17:00:00,3047.708,3054.892,3036.767,3038.455
2026-03-15 18:00:00,3038.464,3049.354,3038.464,3049.354
2026-03-15 19:00:00,3049.365,3056.826,3039.299,3040.474
2026-03-15 20:00:00,3040.485,3055.752,3040.485,3053.032
2026-03-15 21:00:00,3053.035,3071.889,3053.035,3071.889
2026-03-15 22:00:00,3071.897,3076.722,3056.574,3060.826
2026-03-15 23:00:00,3060.828,3067.701,3051.444,3053.912
2026-03-16 00:00:00,3053.925,3058.917,3047.692,3054.991
2026-03-16 01:00:00,3054.993,3059.063,3047.377,3055.847
2026-03-16 02:00:00,3055.855,3056.87,3046.239,3056.87
2026-03-16 03:00:00,3056.875,3071.33,3056.875,3069.273
2026-03-16 04:00:00,3069.285,3073.598,3060.08,3065.827
2026-03-16 05:00:00,3065.831,3083.446,3063.886,3083.446
2026-03-16 06:00:00,3083.449,3087.307,3068.104,3073.612
2026-03-16 07:00:00,3073.624,3079.813,3070.548,3079.813
2026-03-16 08:00:00,3079.817,3082.39,3049.508,3050.995
2026-03-16 09:00:00,3051.005,3051.75,3041.546,3049.927
2026-03-16 10:00:00,3041.335,3048.039,3037.307,3048.039
2026-03-16 11:00:00,3048.04,3052.283,3036.327,3040.979
2026-03-16 12:00:00,3040.985,3050.945,3040.985,3048.71
2026-03-16 13:00:00,3048.715,3050.78,3040.016,3047.209
2026-03-16 14:00:00,3047.217,3052.844,3042.421,3043.843
2026-03-16 15:00:00,3043.845,3055.635,3039.572,3055.635
2026-03-16 16:00:00,3055.642,3059.433,3038.701,3046.701
2026-03-16 17:00:00,3046.706,3055.802,3042.92,3055.802
2026-03-16 18:00:00,3055.805,3060.539,3044.464,3048.3
2026-03-16 19:00:00,3048.302,3062.589,3048.302,3050.924
2026-03-16 20:00:00,3050.926,3057.718,3039.378,3045.554
2026-03-16 21:00:00,3045.56,3057.215,3045.051,3053.325
2026-03-16 22:00:00,3053.325,3054.732,3035.339,3036.041
2026-03-16 23:00:00,3036.048,3043.719,3034.692,3036.001
2026-03-17 00:00:00,3036.002,3042.498,3031.419,3042.498
2026-03-17 01:00:00,3042.509,3048.059,3036.886,3046.764
2026-03-17 02:00:00,3046.77,3050.126,3040.439,3050.126
2026-03-17 03:00:00,3050.136,3053.845,3027.526,3037.332
2026-03-17 04:00:00,3037.334,3047.775,3037.334,3047.775
2026-03-17 05:00:00,3047.782,3053.481,3046.605,3052.714
2026-03-17 06:00:00,3052.714,3056.069,3044.844,3056.069
2026-03-17 07:00:00,3056.082,3059.629,3037.966,3045.934
2026-03-17 08:00:00,3045.941,3046.845,3027.689,3029.267
2026-03-17 09:00:00,3029.272,3040.851,3027.283,3033.568
2026-03-17 10:00:00,3033.568,3038.462,3030.737,3035.262
2026-03-17 11:00:00,3035.271,3043.246,3028.04,3036.28
2026-03-17 12:00:00,3036.282,3053.173,3036.282,3052.991
2026-03-17 13:00:00,3053.003,3068.33,3053.003,3067.869
2026-03-17 14:00:00,3067.874,3068.462,3053.105,3053.812
2026-03-17 15:00:00,3053.821,3070.472,3053.821,3070.472
2026-03-17 16:00:00,3070.475,3081.43,3066.779,3078.845
2026-03-17 17:00:00,3078.853,3091.979,3078.853,3083.754
2026-03-17 18:00:00,3083.758,3087.73,3079.769,3083.527
2026-03-17 19:00:00,3083.527,3091.025,3080.455,3089.978
2026-03-17 20:00:00,3089.984,3098.655,3087.607,3095.575
2026-03-17 21:00:00,3095.577,3101.948,3094.086,3101.347
2026-03-17 22:00:00,3101.351,3102.959,3082.409,3082.648
2026-03-17 23:00:00,3082.651,3086.154,3072.636,3073.051
2026-03-18 00:00:00,3073.059,3079.724,3070.891,3079.724
2026-03-18 01:00:00,3079.731,3091.648,3079.731,3085.789
2026-03-18 02:00:00,3085.796,3090.578,3077.158,3086.034
2026-03-18 03:00:00,3086.045,3087.836,3069.463,3070.172
2026-03-18 04:00:00,3070.176,3079.708,3063.946,3079.378
2026-03-18 05:00:00,3079.379,3088.706,3076.621,3083.15
2026-03-18 06:00:00,3083.15,3083.853,3074.644,3077.541
2026-03-18 07:00:00,3077.553,3084.891,3071.734,3076.18
2026-03-18 08:00:00,3076.191,3080.796,3073.352,3075.782
2026-03-18 09:00:00,3075.782,3085.127,3075.782,3083.864
2026-03-18 10:00:00,3083.866,3087.662,3071.799,3075.144
2026-03-18 11:00:00,3075.159,3079.527,3060.169,3063.241
2026-03-18 12:00:00,3063.248,3072.209,3045.144,3046.524
2026-03-18 13:00:00,3046.526,3055.305,3046.526,3052.777
2026-03-18 14:00:00,3052.781,3064.349,3052.475,3060.816
2026-03-18 15:00:00,3060.818,3070.638,3057.088,3058.955
2026-03-18 16:00:00,3058.965,3067.596,3056.401,3067.249
2026-03-18 17:00:00,3067.249,3075.619,3059.189,3060.509
2026-03-18 18:00:00,3060.509,3073.835,3060.509,3073.835
2026-03-18 19:00:00,3073.84,3081.504,3069.424,3079.471
2026-03-18 20:00:00,3079.474,3079.974,3041.485,3044.671
2026-03-18 21:00:00,3044.676,3052.201,3043.259,3049.624
2026-03-18 22:00:00,3049.625,3051.455,3040.901,3046.458
2026-03-18 23:00:00,3046.461,3062.325,3042.727,3057.192
2026-03-19 00:00:00,3057.197,3061.535,3046.869,3051.244
2026-03-19 01:00:00,3051.244,3051.267,3032.609,3037.128
2026-03-19 02:00:00,3037.137,3051.697,3037.137,3051.697
2026-03-19 03:00:00,3051.704,3063.773,3051.704,3061.648
2026-03-19 04:00:00,3061.653,3063.503,3036.16,3041.138
2026-03-19 05:00:00,3041.148,3042.334,3025.721,3030.732
2026-03-19 06:00:00,3030.735,3037.424,3027.095,3031.136
2026-03-19 07:00:00,3031.144,3032.414,3018.849,3021.46
2026-03-19 08:00:00,3021.469,3028.011,3012.483,3017.637
2026-03-19 09:00:00,3017.646,3025.3,3014.909,3019.968
2026-03-19 10:00:00,3019.98,3021.392,3001.145,3007.724
2026-03-19 11:00:00,3007.733,3013.461,3002.87,3005.237
2026-03-19 12:00:00,3005.245,3012.078,2996.179,3002.453
2026-03-19 13:00:00,3002.457,3004.141,2991.71,2993.451
2026-03-19 14:00:00,2993.462,2996.998,2977.651,2978.984
2026-03-19 15:00:00,2979.004,2982.33,2964.628,2969.06
2026-03-19 16:00:00,2969.07,2973.433,2959.151,2964.782
2026-03-19 17:00:00,2964.787,2971.555,2961.671,2963.755
2026-03-19 18:00:00,2963.769,2972.316,2963.497,2970.875
2026-03-19 19:00:00,2970.881,2983.619,2970.881,2982.427
2026-03-19 20:00:00,2982.43,2983.986,2958.856,2960.573
2026-03-19 21:00:00,2960.585,2962.314,2948.303,2953.922
2026-03-19 22:00:00,2953.926,2959.407,2938.567,2941.506
2026-03-19 23:00:00,2941.508,2951.215,2940.458,2947.477
2026-03-20 00:00:00,2947.477,2961.459,2947.477,2956.594
2026-03-20 01:00:00,2956.598,2961.063,2953.287,2956.511
2026-03-20 02:00:00,2956.524,2962.113,2954.833,2958.179
2026-03-20 03:00:00,2958.187,2964.394,2952.857,2959.86
2026-03-20 04:00:00,2959.873,2972.391,2959.873,2972.391
2026-03-20 05:00:00,2972.393,2986.076,2972.393,2983.002
2026-03-20 06:00:00,2983.012,2983.912,2954.003,2957.508
2026-03-20 07:00:00,2957.51,2973.861,2957.51,2973.861
2026-03-20 08:00:00,2973.872,2975.497,2955.277,2962.794
2026-03-20 09:00:00,2962.799,2965.611,2956.928,2961.297
2026-03-20 10:00:00,2961.3,2968.808,2958.208,2968.808
2026-03-20 11:00:00,2968.81,2972.201,2951.075,2951.289
2026-03-20 12:00:00,2951.296,2958.711,2949.825,2951.298
2026-03-20 13:00:00,2951.303,2956.907,2937.348,2940.66
2026-03-20 14:00:00,2940.678,2955.621,2940.678,2943.31
2026-03-20 15:00:00,2943.311,2959.244,2942.607,2957.594
2026-03-20 16:00:00,2957.598,2968.54,2957.598,2966.417
2026-03-20 17:00:00,2966.424,2971.202,2962.334,2971.202
2026-03-20 18:00:00,2971.204,2971.569,2958.811,2961.705
2026-03-20 19:00:00,2961.708,2970.534,2952.146,2966.926
2026-03-20 20:00:00,2966.94,2968.119,2957.026,2963.168
2026-03-20 21:00:00,2963.171,2969.864,2954.908,2959.136
2026-03-20 22:00:00,2959.14,2959.814,2947.1,2954.743
2026-03-20 23:00:00,2954.748,2965.383,2954.748,2959.79
2026-03-21 00:00:00,2959.791,2967.836,2957.828,2967.836
2026-03-21 01:00:00,2967.836,2974.137,2966.144,2968.036
2026-03-21 02:00:00,2968.048,2972.325,2961.107,2961.357
2026-03-21 03:00:00,2961.367,2974.377,2961.367,2974.377
2026-03-21 04:00:00,2974.384,2977.495,2968.934,2973.928
2026-03-21 05:00:00,2973.929,2983.707,2970.766,2983.707
2026-03-21 06:00:00,2983.713,2998.083,2983.713,2995.077
2026-03-21 07:00:00,2995.078,2999.965,2988.313,2993.94
2026-03-21 08:00:00,2993.945,2999.714,2989.398,2999.714
2026-03-21 09:00:00,2999.72,3005.325,2994.256,3005.325
2026-03-21 10:00:00,3005.332,3007.887,2992.912,2995.236
2026-03-21 11:00:00,2995.24,3003.321,2988.334,3003.321
2026-03-21 12:00:00,3003.332,3018.235,2999.921,3006.184
2026-03-21 13:00:00,3006.184,3010.298,3000.716,3008.402
2026-03-21 14:00:00,3008.42,3020.802,3005.689,3015.1
2026-03-21 15:00:00,3015.109,3021.586,3015.109,3018.544
2026-03-21 16:00:00,3018.548,3026.219,3017.103,3020.829
2026-03-21 17:00:00,3020.831,3025.338,3012.606,3025.338
2026-03-21 18:00:00,3025.339,3028.401,3016.876,3025.239
2026-03-21 19:00:00,3025.242,3033.842,3018.568,3018.786
2026-03-21 20:00:00,3018.79,3024.633,3015.778,3024.199
2026-03-21 21:00:00,3024.205,3041.285,3024.205,3026.904
2026-03-21 22:00:00,3026.908,3034.72,3025.172,3030.547
2026-03-21 23:00:00,3030.548,3051.258,3030.548,3051.157
2026-03-22 00:00:00,3051.163,3063.659,3051.163,3063.659
2026-03-22 01:00:00,3063.66,3063.967,3051.104,3063.62
2026-03-22 02:00:00,3063.626,3073.884,3061.426,3067.89
2026-03-22 03:00:00,3067.901,3069.328,3050.413,3058.559
2026-03-22 04:00:00,3058.566,3077.312,3058.566,3072.712
2026-03-22 05:00:00,3072.716,3077.649,3067.392,3073.144
2026-03-22 06:00:00,3073.159,3086.44,3072.345,3080.572
2026-03-22 07:00:00,3080.575,3080.717,3067.233,3080.213
2026-03-22 08:00:00,3080.215,3089.514,3080.215,3089.029
2026-03-22 09:00:00,3089.037,3107.977,3089.037,3107.977
2026-03-22 10:00:00,3107.991,3116.153,3103.459,3108.402
2026-03-22 11:00:00,3108.41,3111.45,3100.715,3110.762
2026-03-22 12:00:00,3110.768,3121.509,3108.616,3109.432
2026-03-22 13:00:00,3109.445,3123.551,3106.977,3123.551
2026-03-22 14:00:00,3123.564,3129.006,3112.824,3115.016
2026-03-22 15:00:00,3115.026,3119.943,3106.328,3119.943
2026-03-22 16:00:00,3119.953,3134.022,3119.953,3134.022
2026-03-22 17:00:00,3134.041,3152.4,3134.041,3152.4
2026-03-22 18:00:00,3152.404,3158.273,3150.317,3158.099
2026-03-22 19:00:00,3158.107,3164.432,3154.727,3154.906
2026-03-22 20:00:00,3154.912,3157.256,3143.834,3148.622
2026-03-22 21:00:00,3148.623,3150.744,3135.181,3139.771
2026-03-22 22:00:00,3139.783,3151.732,3136.562,3151.732
2026-03-22 23:00:00,3151.737,3155.328,3143.159,3143.659
2026-03-23 00:00:00,3143.672,3159.462,3143.672,3159.462
2026-03-23 01:00:00,3159.466,3166.334,3158.033,3160.711
2026-03-23 02:00:00,3160.716,3169.718,3158.414,3169.718
2026-03-23 03:00:00,3169.722,3181.917,3169.722,3181.917
2026-03-23 04:00:00,3181.918,3189.958,3178.755,3189.59
2026-03-23 05:00:00,3189.597,3194.576,3178.421,3183.576
2026-03-23 06:00:00,3183.584,3190.441,3179.523,3189.346
2026-03-23 07:00:00,3189.351,3203.228,3184.373,3203.228
2026-03-23 08:00:00,3203.242,3203.417,3193.812,3201.198
2026-03-23 09:00:00,3201.2,3211.836,3196.584,3196.784
2026-03-23 10:00:00,3196.79,3201.869,3191.623,3193.053
2026-03-23 11:00:00,3193.06,3198.332,3184.573,3193.531
2026-03-23 12:00:00,3193.532,3199.656,3190.6,3197.573
2026-03-23 13:00:00,3197.574,3207.38,3193.011,3207.38
2026-03-23 14:00:00,3207.383,3207.602,3196.24,3207.345
2026-03-23 15:00:00,3207.353,3215.055,3204.083,3215.055
2026-03-23 16:00:00,3215.07,3222.646,3208.786,3222.646
2026-03-23 17:00:00,3222.656,3237.654,3221.347,3235.456
2026-03-23 18:00:00,3235.458,3235.57,3228.34,3234.704
2026-03-23 19:00:00,3234.708,3237.765,3220.38,3222.008
2026-03-23 20:00:00,3222.017,3230.92,3205.604,3206.241
2026-03-23 21:00:00,3206.245,3209.432,3191.62,3198.817
2026-03-23 22:00:00,3198.818,3215.763,3198.637,3215.763
2026-03-23 23:00:00,3215.769,3221.272,3200.501,3201.048
2026-03-24 00:00:00,3201.056,3213.502,3199.4,3213.502
2026-03-24 01:00:00,3213.51,3220.122,3208.597,3213.497
2026-03-24 02:00:00,3213.503,3216.929,3207.06,3207.196
2026-03-24 03:00:00,3207.208,3219.296,3207.208,3219.296
2026-03-24 04:00:00,3219.3,3227.246,3213.635,3223.922
2026-03-24 05:00:00,3223.937,3232.448,3213.797,3215.381
2026-03-24 06:00:00,3215.393,3218.626,3202.63,3206.67
2026-03-24 07:00:00,3206.684,3209.91,3192.762,3196.112
2026-03-24 08:00:00,3196.117,3201.97,3193.366,3195.555
2026-03-24 09:00:00,3195.558,3203.604,3194.952,3201.389
2026-03-24 10:00:00,3201.395,3222.836,3201.395,3219.774
2026-03-24 11:00:00,3219.783,3221.32,3206.36,3210.644
2026-03-24 12:00:00,3210.645,3216.373,3200.713,3204.227
2026-03-24 13:00:00,3204.23,3206.034,3178.752,3179.827
2026-03-24 14:00:00,3179.84,3191.054,3177.794,3191.054
2026-03-24 15:00:00,3191.064,3195.44,3184.459,3193.203
2026-03-24 16:00:00,3193.211,3196.664,3188.851,3195.856
2026-03-24 17:00:00,3195.867,3206.867,3192.153,3206.867
2026-03-24 18:00:00,3206.869,3209.943,3200.603,3203.34
2026-03-24 19:00:00,3203.34,3208.761,3201.147,3207.456
2026-03-24 20:00:00,3207.464,3216.402,3201.925,3205.47
2026-03-24 21:00:00,3205.478,3218.812,3205.478,3213.62
2026-03-24 22:00:00,3213.621,3221.094,3211.346,3216.334
2026-03-24 23:00:00,3216.34,3221.38,3194.355,3202.485
2026-03-25 00:00:00,3202.495,3206.004,3195.072,3195.573
2026-03-25 01:00:00,3195.577,3197.144,3183.068,3187.025
2026-03-25 02:00:00,3187.027,3189.084,3178.764,3181.896
2026-03-25 03:00:00,3181.902,3201.803,3181.902,3201.755
2026-03-25 04:00:00,3201.758,3216.257,3201.699,3216.257
2026-03-25 05:00:00,3216.258,3223.096,3212.632,3215.761
2026-03-25 06:00:00,3215.77,3217.359,3209.241,3215.094
2026-03-25 07:00:00,3215.098,3226.23,3215.098,3221.99
2026-03-25 08:00:00,3221.997,3222.157,3211.632,3216.086
2026-03-25 09:00:00,3216.103,3225.387,3210.655,3213.005
2026-03-25 10:00:00,3213.018,3226.824,3212.409,3221.358
2026-03-25 11:00:00,3221.368,3231.436,3213.849,3214.172
2026-03-25 12:00:00,3214.177,3219.48,3195.675,3195.949
2026-03-25 13:00:00,3195.96,3204.366,3191.507,3195.945
2026-03-25 14:00:00,3195.955,3209.535,3195.955,3204.766
2026-03-25 15:00:00,3204.771,3210.056,3200.475,3207.575
2026-03-25 16:00:00,3207.593,3215.588,3200.88,3214.687
2026-03-25 17:00:00,3214.689,3215.526,3189.897,3192.105
2026-03-25 18:00:00,3192.113,3199.527,3185.094,3199.527
2026-03-25 19:00:00,3199.534,3205.552,3184.846,3190.58
2026-03-25 20:00:00,3190.585,3204.132,3190.541,3204.132
2026-03-25 21:00:00,3204.144,3214.429,3203.601,3214.429
2026-03-25 22:00:00,3214.437,3223.156,3211.597,3222.944
2026-03-25 23:00:00,3222.949,3233.258,3221.742,3231.599
2026-03-26 00:00:00,3231.605,3240.646,3231.605,3239.128
2026-03-26 01:00:00,3239.143,3242.137,3224.301,3224.847
2026-03-26 02:00:00,3224.853,3235.731,3222.253,3235.731
2026-03-26 03:00:00,3235.733,3237.981,3226.681,3231.201
2026-03-26 04:00:00,3231.205,3241.486,3225.856,3239.389
2026-03-26 05:00:00,3239.401,3255.43,3239.401,3246.61
2026-03-26 06:00:00,3246.617,3253.493,3241.797,3253.493
2026-03-26 07:00:00,3253.508,3257.149,3248.962,3252.647
2026-03-26 08:00:00,3252.661,3254.018,3241.411,3253.75
2026-03-26 09:00:00,3253.761,3257.175,3246.897,3251.293
2026-03-26 10:00:00,3251.295,3258.229,3244.881,3248.366
2026-03-26 11:00:00,3248.368,3256.165,3244.486,3252.154
2026-03-26 12:00:00,3252.155,3265.619,3250.6,3263.319
2026-03-26 13:00:00,3263.331,3274.595,3263.099,3269.231
2026-03-26 14:00:00,3269.235,3275.825,3247.078,3248.059
2026-03-26 15:00:00,3248.067,3252.264,3234.404,3235.001
2026-03-26 16:00:00,3235.01,3242.821,3232.226,3236.84
2026-03-26 17:00:00,3236.849,3246.466,3228.193,3246.466
2026-03-26 18:00:00,3246.472,3251.097,3239.494,3243.583
2026-03-26 19:00:00,3243.589,3258.988,3243.589,3257.974
2026-03-26 20:00:00,3257.979,3261.084,3241.039,3241.66
2026-03-26 21:00:00,3241.674,3247.788,3232.724,3234.533
2026-03-26 22:00:00,3234.542,3239.771,3229.517,3236.88
2026-03-26 23:00:00,3236.887,3249.283,3236.887,3242.841
2026-03-27 00:00:00,3242.852,3245.049,3229.131,3236.895
2026-03-27 01:00:00,3236.902,3253.706,3236.6,3246.684
2026-03-27 02:00:00,3246.687,3257.418,3241.108,3244.377
2026-03-27 03:00:00,3244.389,3257.21,3244.389,3251.308
2026-03-27 04:00:00,3251.318,3264.17,3249.304,3260.969
2026-03-27 05:00:00,3260.972,3271.581,3252.355,3253.411
2026-03-27 06:00:00,3253.419,3268.122,3253.419,3263.851
2026-03-27 07:00:00,3263.856,3277.84,3263.856,3267.698
2026-03-27 08:00:00,3267.701,3272.352,3259.396,3266.034
2026-03-27 09:00:00,3266.037,3268.728,3254.812,3254.95
2026-03-27 10:00:00,3254.967,3266.581,3248.735,3266.581
2026-03-27 11:00:00,3266.595,3286.031,3266.595,3286.031
2026-03-27 12:00:00,3286.037,3296.36,3285.806,3295.331
2026-03-27 13:00:00,3295.342,3304.908,3292.693,3297.561
2026-03-27 14:00:00,3297.561,3308.706,3293.432,3293.918
2026-03-27 15:00:00,3293.923,3311.893,3293.923,3306.776
2026-03-27 16:00:00,3306.785,3312.1,3302.215,3308.174
2026-03-27 17:00:00,3308.183,3315.206,3302.15,3315.206
2026-03-27 18:00:00,3315.215,3320.827,3309.329,3315.753
2026-03-27 19:00:00,3315.768,3317.224,3302.54,3309.288
2026-03-27 20:00:00,3309.293,3325.902,3309.293,3324.227
2026-03-27 21:00:00,3324.24,3325.491,3297.258,3300.844
2026-03-27 22:00:00,3300.846,3311.04,3300.846,3310.248
2026-03-27 23:00:00,3310.259,3320.726,3307.368,3320.726
2026-03-28 00:00:00,3320.731,3326.585,3316.787,3321.005
2026-03-28 01:00:00,3321.008,3335.784,3321.008,3334.335
2026-03-28 02:00:00,3334.346,3351.563,3334.346,3351.563
2026-03-28 03:00:00,3351.568,3356.962,3344.188,3354.0
2026-03-28 04:00:00,3354.001,3362.474,3352.186,3356.924
2026-03-28 05:00:00,3356.931,3364.046,3350.827,3353.507
2026-03-28 06:00:00,3353.511,3360.661,3337.509,3337.89
2026-03-28 07:00:00,3337.892,3340.052,3329.285,3339.292
2026-03-28 08:00:00,3339.296,3351.843,3339.296,3351.843
2026-03-28 09:00:00,3351.845,3367.989,3350.826,3367.014
2026-03-28 10:00:00,3367.023,3369.866,3350.108,3351.56
2026-03-28 11:00:00,3351.561,3362.228,3350.819,3354.136
2026-03-28 12:00:00,3354.143,3361.944,3348.317,3360.764
2026-03-28 13:00:00,3360.775,3368.283,3357.368,3368.283
2026-03-28 14:00:00,3368.285,3375.383,3363.03,3375.383
2026-03-28 15:00:00,3375.389,3376.913,3353.566,3360.41
2026-03-28 16:00:00,3360.413,3368.49,3360.011,3368.49
2026-03-28 17:00:00,3368.493,3370.776,3360.596,3367.37
2026-03-28 18:00:00,3367.38,3376.004,3362.301,3376.004
2026-03-28 19:00:00,3376.015,3387.75,3368.537,3371.9
2026-03-28 20:00:00,3371.907,3384.854,3371.779,3375.252
2026-03-28 21:00:00,3375.259,3375.278,3358.352,3367.738
2026-03-28 22:00:00,3367.743,3378.326,3364.206,3365.495
2026-03-28 23:00:00,3365.496,3379.111,3361.517,3379.111
2026-03-29 00:00:00,3379.123,3381.783,3362.439,3369.9
2026-03-29 01:00:00,3369.908,3374.456,3358.233,3368.188
2026-03-29 02:00:00,3368.206,3379.523,3366.594,3378.323
2026-03-29 03:00:00,3378.334,3381.49,3372.367,3375.838
2026-03-29 04:00:00,3375.846,3378.483,3370.645,3377.639
2026-03-29 05:00:00,3377.646,3396.014,3372.714,3396.014
2026-03-29 06:00:00,3396.018,3409.211,3394.207,3409.211
2026-03-29 07:00:00,3409.217,3413.757,3400.067,3413.757
2026-03-29 08:00:00,3413.771,3427.025,3413.071,3413.795
2026-03-29 09:00:00,3413.804,3417.549,3380.479,3385.577
2026-03-29 10:00:00,3385.588,3401.725,3385.588,3401.725
2026-03-29 11:00:00,3401.737,3411.28,3395.768,3410.078
2026-03-29 12:00:00,3410.086,3413.275,3393.09,3397.878
2026-03-29 13:00:00,3397.885,3410.466,3396.418,3410.466
2026-03-29 14:00:00,3410.468,3426.655,3410.468,3426.655
2026-03-29 15:00:00,3426.664,3432.687,3414.252,3419.718
2026-03-29 16:00:00,3419.721,3436.277,3419.721,3436.277
2026-03-29 17:00:00,3436.292,3443.811,3427.044,3433.331
2026-03-29 18:00:00,3433.332,3445.569,3428.776,3445.569
2026-03-29 19:00:00,3445.573,3454.943,3440.44,3454.943
2026-03-29 20:00:00,3454.954,3462.74,3449.303,3455.59
2026-03-29 21:00:00,3455.601,3462.88,3454.146,3460.528
2026-03-29 22:00:00,3460.537,3467.05,3455.506,3465.627
2026-03-29 23:00:00,3465.637,3476.063,3460.594,3476.063
2026-03-30 00:00:00,3476.064,3484.139,3466.034,3482.546
2026-03-30 01:00:00,3482.547,3489.062,3475.264,3485.597
2026-03-30 02:00:00,3485.607,3494.479,3469.513,3471.247
2026-03-30 03:00:00,3471.25,3475.664,3454.315,3458.284
2026-03-30 04:00:00,3458.287,3458.378,3427.056,3429.373
2026-03-30 05:00:00,3429.374,3444.67,3429.374,3440.802
2026-03-30 06:00:00,3440.82,3461.829,3440.82,3461.023
2026-03-30 07:00:00,3461.032,3477.678,3461.032,3467.382
2026-03-30 08:00:00,3467.382,3476.065,3465.203,3474.919
2026-03-30 09:00:00,3474.934,3480.134,3465.632,3471.875
2026-03-30 10:00:00,3471.885,3484.952,3471.885,3484.405
2026-03-30 11:00:00,3484.421,3494.333,3480.769,3494.333
2026-03-30 12:00:00,3494.342,3501.262,3490.075,3490.235
2026-03-30 13:00:00,3490.244,3506.782,3490.244,3504.595
2026-03-30 14:00:00,3504.602,3514.173,3503.818,3511.021
2026-03-30 15:00:00,3511.03,3522.548,3511.03,3522.548
2026-03-30 16:00:00,3522.557,3528.18,3508.301,3511.743
2026-03-30 17:00:00,3511.747,3515.015,3500.286,3500.892
2026-03-30 18:00:00,3500.902,3504.14,3480.938,3485.805
2026-03-30 19:00:00,3485.811,3490.261,3463.735,3474.813
2026-03-30 20:00:00,3474.814,3476.355,3462.391,3467.348
2026-03-30 21:00:00,3467.352,3472.359,3450.573,3455.082
2026-03-30 22:00:00,3455.093,3461.955,3450.228,3454.523
2026-03-30 23:00:00,3454.524,3460.505,3440.249,3443.838
2026-03-31 00:00:00,3443.842,3444.096,3430.099,3437.951
2026-03-31 01:00:00,3437.957,3451.031,3433.459,3445.891
2026-03-31 02:00:00,3445.895,3449.601,3432.381,3438.444
2026-03-31 03:00:00,3438.449,3442.776,3432.774,3441.234
2026-03-31 04:00:00,3441.237,3446.577,3438.222,3445.152
2026-03-31 05:00:00,3445.16,3452.753,3440.881,3442.566
2026-03-31 06:00:00,3442.567,3448.609,3437.999,3448.609
2026-03-31 07:00:00,3448.623,3454.444,3446.438,3453.496
2026-03-31 08:00:00,3453.508,3470.971,3453.508,3466.77
2026-03-31 09:00:00,3466.772,3480.769,3466.772,3480.769
2026-03-31 10:00:00,3480.782,3489.497,3477.775,3489.497
2026-03-31 11:00:00,3489.505,3497.478,3485.186,3491.993
2026-03-31 12:00:00,3491.994,3501.433,3490.88,3498.158
2026-03-31 13:00:00,3498.162,3509.161,3495.342,3505.32
2026-03-31 14:00:00,3505.32,3520.917,3505.32,3518.758
2026-03-31 15:00:00,3518.766,3533.409,3518.766,3524.994
2026-03-31 16:00:00,3524.999,3525.775,3496.184,3503.488
2026-03-31 17:00:00,3503.498,3521.534,3503.498,3515.863
2026-03-31 18:00:00,3515.87,3518.029,3501.821,3507.314
2026-03-31 19:00:00,3507.32,3512.587,3504.362,3507.765
2026-03-31 20:00:00,3507.768,3512.139,3497.746,3502.434
2026-03-31 21:00:00,3502.435,3522.03,3502.435,3522.03
2026-03-31 22:00:00,3522.034,3526.784,3506.459,3511.158
2026-03-31 23:00:00,3511.158,3515.945,3502.934,3503.971
2026-04-01 00:00:00,3503.977,3505.416,3493.942,3503.771
2026-04-01 01:00:00,3503.776,3506.346,3488.932,3495.599
2026-04-01 02:00:00,3495.603,3502.975,3488.604,3490.743
2026-04-01 03:00:00,3490.755,3505.722,3487.608,3505.722
2026-04-01 04:00:00,3505.724,3508.525,3485.79,3490.171
2026-04-01 05:00:00,3490.189,3500.113,3488.542,3490.807
2026-04-01 06:00:00,3490.81,3499.952,3482.106,3499.952
2026-04-01 07:00:00,3499.955,3500.427,3484.909,3495.365
2026-04-01 08:00:00,3495.37,3497.414,3480.499,3489.742
2026-04-01 09:00:00,3489.743,3500.223,3475.304,3476.969
2026-04-01 10:00:00,3476.986,3486.999,3474.495,3486.999
2026-04-01 11:00:00,3487.001,3500.342,3487.001,3498.826
2026-04-01 12:00:00,3498.835,3509.195,3480.466,3481.517
2026-04-01 13:00:00,3481.527,3497.729,3481.527,3495.937
2026-04-01 14:00:00,3495.942,3496.959,3481.633,3481.749
2026-04-01 15:00:00,3481.759,3485.911,3466.519,3467.026
2026-04-01 16:00:00,3467.029,3477.731,3463.317,3469.214
2026-04-01 17:00:00,3469.219,3483.817,3468.339,3481.371
2026-04-01 18:00:00,3481.375,3489.9,3474.353,3478.834
2026-04-01 19:00:00,3478.835,3480.951,3465.868,3466.399
2026-04-01 20:00:00,3466.409,3480.967,3465.9,3474.233
2026-04-01 21:00:00,3474.234,3477.115,3466.775,3476.93
2026-04-01 22:00:00,3476.939,3482.7,3467.271,3472.24
2026-04-01 23:00:00,3472.244,3476.717,3462.138,3470.933
2026-04-02 00:00:00,3470.946,3483.35,3470.946,3475.077
2026-04-02 01:00:00,3475.087,3484.195,3474.376,3482.941
2026-04-02 02:00:00,3482.946,3485.896,3461.007,3472.546
2026-04-02 03:00:00,3472.554,3481.532,3470.234,3478.29
2026-04-02 04:00:00,3478.299,3483.051,3468.708,3470.02
2026-04-02 05:00:00,3470.027,3470.629,3453.712,3460.854
2026-04-02 06:00:00,3460.857,3470.067,3456.782,3470.067
2026-04-02 07:00:00,3470.072,3479.933,3469.162,3475.908
2026-04-02 08:00:00,3475.915,3485.064,3474.252,3479.524
2026-04-02 09:00:00,3479.528,3491.909,3475.207,3491.909
2026-04-02 10:00:00,3491.916,3505.239,3491.916,3504.407
2026-04-02 11:00:00,3504.408,3510.754,3497.674,3507.862
2026-04-02 12:00:00,3507.866,3511.638,3481.838,3483.913
2026-04-02 13:00:00,3483.918,3485.485,3465.506,3465.721
2026-04-02 14:00:00,3465.733,3473.762,3452.303,3453.308
2026-04-02 15:00:00,3453.31,3458.527,3434.963,3439.337
2026-04-02 16:00:00,3439.353,3451.127,3439.353,3450.147
2026-04-02 17:00:00,3450.154,3467.474,3450.154,3465.514
2026-04-02 18:00:00,3465.53,3473.469,3461.383,3470.448
2026-04-02 19:00:00,3470.454,3481.636,3463.968,3481.636
2026-04-02 20:00:00,3481.642,3492.82,3479.411,3492.82
2026-04-02 21:00:00,3492.829,3501.959,3482.452,3484.63
2026-04-02 22:00:00,3484.637,3487.628,3464.796,3468.25
2026-04-02 23:00:00,3468.265,3481.579,3454.613,3456.256
2026-04-03 00:00:00,3456.265,3469.266,3456.265,3459.554
2026-04-03 01:00:00,3459.564,3468.949,3452.864,3461.061
2026-04-03 02:00:00,3461.067,3463.166,3435.776,3440.756
2026-04-03 03:00:00,3440.756,3444.847,3434.427,3438.252
2026-04-03 04:00:00,3438.26,3444.21,3433.283,3436.095
2026-04-03 05:00:00,3436.107,3441.332,3427.399,3433.538
2026-04-03 06:00:00,3433.552,3438.425,3417.108,3418.276
2026-04-03 07:00:00,3418.282,3430.01,3418.109,3427.031
2026-04-03 08:00:00,3427.04,3433.122,3405.58,3405.795
2026-04-03 09:00:00,3405.797,3422.795,3404.458,3422.795
2026-04-03 10:00:00,3422.801,3439.604,3418.788,3439.604
2026-04-03 11:00:00,3439.615,3450.934,3434.786,3450.247
2026-04-03 12:00:00,3450.258,3452.586,3431.7,3434.285
2026-04-03 13:00:00,3434.291,3436.716,3415.859,3426.474
2026-04-03 14:00:00,3426.482,3437.96,3426.482,3433.727
2026-04-03 15:00:00,3433.728,3434.767,3422.13,3434.767
2026-04-03 16:00:00,3434.777,3444.191,3433.859,3436.536
2026-04-03 17:00:00,3436.543,3449.528,3436.543,3445.158
2026-04-03 18:00:00,3445.163,3458.758,3442.646,3446.562
2026-04-03 19:00:00,3446.567,3449.971,3436.651,3442.445
2026-04-03 20:00:00,3442.453,3448.963,3413.069,3414.141
2026-04-03 21:00:00,3414.15,3417.951,3382.27,3383.733
2026-04-03 22:00:00,3383.733,3403.721,3383.733,3403.319
2026-04-03 23:00:00,3403.326,3405.855,3367.023,3371.59
2026-04-04 00:00:00,3371.595,3373.088,3352.858,3362.69
2026-04-04 01:00:00,3362.7,3374.131,3362.7,3373.516
2026-04-04 02:00:00,3373.525,3392.215,3373.525,3392.215
2026-04-04 03:00:00,3392.218,3400.972,3392.218,3395.931
2026-04-04 04:00:00,3395.945,3400.109,3391.664,3400.109
2026-04-04 05:00:00,3400.118,3413.236,3400.118,3411.665
2026-04-04 06:00:00,3411.67,3425.236,3411.281,3419.438
2026-04-04 07:00:00,3419.451,3423.521,3410.811,3420.991
2026-04-04 08:00:00,3420.991,3427.151,3392.165,3396.413
2026-04-04 09:00:00,3396.426,3397.554,3381.566,3384.498
2026-04-04 10:00:00,3384.51,3398.119,3384.51,3396.957
2026-04-04 11:00:00,3396.957,3409.426,3393.066,3409.426
2026-04-04 12:00:00,3409.434,3420.078,3409.434,3414.034
2026-04-04 13:00:00,3414.042,3421.136,3413.108,3415.404
2026-04-04 14:00:00,3415.406,3417.437,3403.816,3417.437
2026-04-04 15:00:00,3417.447,3433.835,3417.447,3432.979
2026-04-04 16:00:00,3432.985,3450.203,3432.985,3443.848
2026-04-04 17:00:00,3443.848,3457.729,3443.848,3453.276
2026-04-04 18:00:00,3453.286,3460.792,3432.955,3436.164
2026-04-04 19:00:00,3436.169,3442.816,3420.848,3420.881
2026-04-04 20:00:00,3420.885,3428.793,3417.153,3428.793
2026-04-04 21:00:00,3428.794,3432.549,3405.263,3405.57
2026-04-04 22:00:00,3405.576,3421.816,3405.576,3416.887
2026-04-04 23:00:00,3416.894,3426.897,3416.894,3425.075
2026-04-05 00:00:00,3425.08,3430.072,3417.709,3418.368
2026-04-05 01:00:00,3418.374,3435.315,3418.294,3435.315
2026-04-05 02:00:00,3435.324,3449.963,3433.381,3436.999
2026-04-05 03:00:00,3437.006,3438.361,3422.098,3426.671
2026-04-05 04:00:00,3426.678,3427.447,3414.867,3421.747
2026-04-05 05:00:00,3421.756,3434.257,3421.756,3433.077
2026-04-05 06:00:00,3433.077,3441.307,3432.476,3438.273
2026-04-05 07:00:00,3438.277,3439.277,3425.041,3433.283
2026-04-05 08:00:00,3433.284,3449.58,3433.284,3439.604
2026-04-05 09:00:00,3439.616,3446.252,3433.141,3442.895
2026-04-05 10:00:00,3442.903,3456.52,3442.903,3449.87
2026-04-05 11:00:00,3449.883,3466.795,3449.883,3463.941
2026-04-05 12:00:00,3463.943,3465.022,3453.964,3464.386
2026-04-05 13:00:00,3464.391,3475.284,3461.55,3473.894
2026-04-05 14:00:00,3473.914,3492.294,3471.386,3492.294
2026-04-05 15:00:00,3492.296,3499.634,3490.558,3495.045
2026-04-05 16:00:00,3495.055,3516.95,3494.091,3516.95
2026-04-05 17:00:00,3516.953,3526.87,3510.653,3511.629
2026-04-05 18:00:00,3511.629,3527.386,3510.159,3527.386
2026-04-05 19:00:00,3527.391,3534.375,3523.846,3534.375
2026-04-05 20:00:00,3534.378,3537.954,3524.574,3530.876
2026-04-05 21:00:00,3530.887,3535.948,3524.609,3527.086
2026-04-05 22:00:00,3527.09,3543.13,3527.09,3543.13
2026-04-05 23:00:00,3543.139,3551.548,3541.194,3548.465
2026-04-06 00:00:00,3548.468,3550.437,3534.4,3544.043
2026-04-06 01:00:00,3544.048,3551.898,3531.816,3536.418
2026-04-06 02:00:00,3536.423,3542.693,3526.284,3542.693
2026-04-06 03:00:00,3542.7,3550.463,3540.403,3541.052
2026-04-06 04:00:00,3541.053,3555.065,3535.713,3555.065
2026-04-06 05:00:00,3555.073,3559.634,3543.266,3557.486
2026-04-06 06:00:00,3557.496,3564.919,3544.168,3548.269
2026-04-06 07:00:00,3548.276,3548.574,3524.85,3528.633
2026-04-06 08:00:00,3528.635,3532.596,3511.132,3512.35
2026-04-06 09:00:00,3512.356,3514.401,3504.546,3507.741
2026-04-06 10:00:00,3507.753,3520.665,3501.123,3520.665
2026-04-06 11:00:00,3520.665,3526.562,3519.846,3525.455
2026-04-06 12:00:00,3525.473,3535.434,3507.038,3508.665
2026-04-06 13:00:00,3508.675,3512.824,3500.562,3511.803
2026-04-06 14:00:00,3511.806,3529.371,3510.889,3529.371
2026-04-06 15:00:00,3529.375,3532.051,3511.566,3514.943
2026-04-06 16:00:00,3514.95,3525.92,3512.602,3525.92
2026-04-06 17:00:00,3525.938,3551.68,3525.938,3551.68
2026-04-06 18:00:00,3551.686,3557.229,3546.215,3555.859
2026-04-06 19:00:00,3555.86,3558.0,3535.227,3539.175
2026-04-06 20:00:00,3539.194,3553.962,3539.194,3550.422
2026-04-06 21:00:00,3550.431,3555.695,3546.051,3547.298
2026-04-06 22:00:00,3547.306,3562.935,3547.306,3562.935
2026-04-06 23:00:00,3562.938,3577.46,3559.657,3577.46
2026-04-07 00:00:00,3577.468,3584.964,3572.198,3579.593
2026-04-07 01:00:00,3579.609,3583.962,3548.008,3549.593
2026-04-07 02:00:00,3549.593,3563.076,3549.593,3550.401
2026-04-07 03:00:00,3550.404,3554.425,3539.055,3539.994
2026-04-07 04:00:00,3539.995,3545.085,3526.997,3530.408
2026-04-07 05:00:00,3530.408,3551.008,3530.408,3550.496
2026-04-07 06:00:00,3550.501,3552.923,3534.211,3542.522
2026-04-07 07:00:00,3542.522,3550.972,3539.393,3539.813
2026-04-07 08:00:00,3539.814,3555.934,3539.814,3555.444
2026-04-07 09:00:00,3555.451,3559.48,3542.353,3546.198
2026-04-07 10:00:00,3546.21,3552.212,3537.525,3543.781
2026-04-07 11:00:00,3543.801,3556.19,3542.665,3554.136
2026-04-07 12:00:00,3554.138,3562.434,3554.138,3562.434
2026-04-07 13:00:00,3562.436,3570.482,3550.82,3558.166
2026-04-07 14:00:00,3558.172,3571.895,3550.775,3552.905
2026-04-07 15:00:00,3552.92,3558.186,3522.7,3526.73
2026-04-07 16:00:00,3526.746,3530.921,3517.025,3523.129
2026-04-07 17:00:00,3523.135,3527.246,3509.957,3512.979
2026-04-07 18:00:00,3512.984,3513.79,3504.338,3504.403
2026-04-07 19:00:00,3504.403,3517.56,3503.49,3517.56
2026-04-07 20:00:00,3517.566,3521.319,3488.032,3491.188
2026-04-07 21:00:00,3491.192,3498.324,3485.408,3497.778
2026-04-07 22:00:00,3497.786,3499.824,3475.336,3477.247
2026-04-07 23:00:00,3477.255,3482.134,3469.822,3479.829
2026-04-08 00:00:00,3479.833,3489.721,3472.264,3473.506
2026-04-08 01:00:00,3473.513,3493.819,3473.513,3493.819
2026-04-08 02:00:00,3493.837,3495.583,3482.135,3485.273
2026-04-08 03:00:00,3485.291,3489.606,3471.583,3472.147
2026-04-08 04:00:00,3472.147,3476.022,3459.08,3459.209
2026-04-08 05:00:00,3459.209,3471.816,3458.908,3459.16
2026-04-08 06:00:00,3459.166,3468.109,3453.007,3453.335
2026-04-08 07:00:00,3453.347,3453.365,3435.016,3439.498
2026-04-08 08:00:00,3439.513,3455.087,3438.174,3452.688
2026-04-08 09:00:00,3452.689,3467.287,3452.689,3465.372
2026-04-08 10:00:00,3465.381,3473.735,3465.381,3470.217
2026-04-08 11:00:00,3470.231,3476.361,3459.911,3463.15
2026-04-08 12:00:00,3463.153,3474.831,3461.492,3472.483
2026-04-08 13:00:00,3472.502,3479.674,3469.433,3479.674
2026-04-08 14:00:00,3479.686,3488.508,3476.551,3485.361
2026-04-08 15:00:00,3485.365,3491.521,3458.98,3460.788
2026-04-08 16:00:00,3460.79,3460.904,3441.599,3449.905
2026-04-08 17:00:00,3449.916,3450.704,3429.34,3431.344
2026-04-08 18:00:00,3431.352,3439.775,3418.372,3420.032
2026-04-08 19:00:00,3420.034,3423.184,3405.572,3413.07
2026-04-08 20:00:00,3413.091,3421.387,3402.3,3418.499
2026-04-08 21:00:00,3418.499,3432.362,3417.748,3427.092
2026-04-08 22:00:00,3427.096,3434.664,3419.595,3421.81
2026-04-08 23:00:00,3421.824,3434.639,3421.824,3428.626
2026-04-09 00:00:00,3428.636,3441.121,3428.037,3441.121
2026-04-09 01:00:00,3441.124,3447.673,3439.549,3443.242
2026-04-09 02:00:00,3443.26,3445.076,3438.12,3445.076
2026-04-09 03:00:00,3445.086,3448.491,3436.086,3448.491
2026-04-09 04:00:00,3448.505,3451.705,3438.853,3447.828
2026-04-09 05:00:00,3447.834,3456.378,3445.996,3456.378
2026-04-09 06:00:00,3456.387,3457.147,3444.567,3446.042
2026-04-09 07:00:00,3446.049,3456.75,3435.811,3439.519
2026-04-09 08:00:00,3439.536,3439.621,3410.992,3419.953
2026-04-09 09:00:00,3419.963,3427.437,3409.6,3411.166
2026-04-09 10:00:00,3411.168,3428.809,3411.168,3426.539
2026-04-09 11:00:00,3426.54,3427.268,3411.331,3411.383
2026-04-09 12:00:00,3411.388,3418.251,3401.673,3405.45
2026-04-09 13:00:00,3405.451,3416.994,3404.798,3416.994
2026-04-09 14:00:00,3417.004,3427.554,3413.648,3414.852
2026-04-09 15:00:00,3414.859,3421.338,3403.015,3414.524
2026-04-09 16:00:00,3414.527,3426.13,3414.527,3423.661
2026-04-09 17:00:00,3423.669,3428.132,3410.699,3419.927
2026-04-09 18:00:00,3419.94,3434.704,3418.817,3428.304
2026-04-09 19:00:00,3428.31,3439.247,3427.861,3439.247
2026-04-09 20:00:00,3439.249,3440.185,3424.306,3425.944
2026-04-09 21:00:00,3425.952,3429.234,3415.2,3422.681
2026-04-09 22:00:00,3422.683,3433.319,3420.085,3431.977
2026-04-09 23:00:00,3431.986,3434.872,3418.994,3434.872
2026-04-10 00:00:00,3434.881,3444.847,3426.109,3444.847
2026-04-10 01:00:00,3444.848,3455.486,3444.848,3452.143
2026-04-10 02:00:00,3452.144,3455.89,3441.433,3444.668
2026-04-10 03:00:00,3444.669,3449.854,3424.101,3425.816
2026-04-10 04:00:00,3425.826,3440.557,3423.003,3433.968
2026-04-10 05:00:00,3433.979,3445.596,3428.141,3445.596
2026-04-10 06:00:00,3445.606,3449.017,3437.477,3439.813
2026-04-10 07:00:00,3439.818,3452.278,3439.818,3452.278
2026-04-10 08:00:00,3452.289,3462.244,3442.845,3444.829
2026-04-10 09:00:00,3444.831,3455.01,3442.583,3453.122
2026-04-10 10:00:00,3453.132,3457.407,3445.044,3451.94
2026-04-10 11:00:00,3451.945,3457.163,3446.435,3456.482
2026-04-10 12:00:00,3456.484,3456.657,3421.464,3433.827
2026-04-10 13:00:00,3433.831,3442.136,3420.512,3421.934
2026-04-10 14:00:00,3421.941,3423.942,3409.713,3415.887
2026-04-10 15:00:00,3415.891,3424.546,3414.224,3421.614
2026-04-10 16:00:00,3421.62,3440.26,3416.519,3416.917
2026-04-10 17:00:00,3416.918,3419.039,3393.859,3403.998
2026-04-10 18:00:00,3404.007,3416.896,3399.829,3414.933
2026-04-10 19:00:00,3414.935,3422.704,3405.248,3422.704
2026-04-10 20:00:00,3422.711,3428.704,3419.141,3427.729
2026-04-10 21:00:00,3427.74,3427.97,3413.243,3418.139
2026-04-10 22:00:00,3418.142,3418.158,3403.324,3405.81
2026-04-10 23:00:00,3405.814,3420.185,3405.814,3410.212
2026-04-11 00:00:00,3410.213,3419.381,3405.417,3411.034
2026-04-11 01:00:00,3411.037,3420.555,3407.435,3410.392
2026-04-11 02:00:00,3410.396,3421.214,3409.772,3421.214
2026-04-11 03:00:00,3421.215,3424.233,3413.834,3422.422
2026-04-11 04:00:00,3422.423,3423.169,3408.313,3417.091
2026-04-11 05:00:00,3417.094,3424.266,3415.089,3424.266
2026-04-11 06:00:00,3424.27,3430.139,3412.503,3413.37
2026-04-11 07:00:00,3413.371,3417.742,3405.055,3417.256
2026-04-11 08:00:00,3417.26,3427.297,3415.143,3415.954
2026-04-11 09:00:00,3415.972,3435.904,3415.972,3430.749
2026-04-11 10:00:00,3430.75,3451.666,3430.75,3451.666
2026-04-11 11:00:00,3451.667,3456.979,3443.123,3444.611
2026-04-11 12:00:00,3444.621,3453.614,3441.237,3453.614
2026-04-11 13:00:00,3453.62,3459.843,3446.342,3454.493
2026-04-11 14:00:00,3454.495,3468.531,3450.356,3457.559
2026-04-11 15:00:00,3457.562,3458.282,3447.12,3455.955
2026-04-11 16:00:00,3455.958,3464.431,3449.417,3460.463
2026-04-11 17:00:00,3460.471,3460.822,3450.183,3459.464
2026-04-11 18:00:00,3459.476,3464.372,3438.104,3439.021
2026-04-11 19:00:00,3439.031,3454.862,3439.031,3451.995
2026-04-11 20:00:00,3451.998,3461.775,3451.64,3461.775
2026-04-11 21:00:00,3461.789,3470.768,3459.924,3470.768
2026-04-11 22:00:00,3470.768,3476.238,3460.402,3475.134
2026-04-11 23:00:00,3475.144,3482.463,3460.422,3464.874
2026-04-12 00:00:00,3464.881,3482.912,3464.881,3482.912
2026-04-12 01:00:00,3482.917,3490.937,3445.74,3450.037
2026-04-12 02:00:00,3450.045,3452.691,3431.969,3436.232
2026-04-12 03:00:00,3436.234,3443.005,3424.764,3425.351
2026-04-12 04:00:00,3425.36,3429.393,3411.682,3418.729
2026-04-12 05:00:00,3418.731,3422.446,3403.059,3404.243
2026-04-12 06:00:00,3404.249,3412.795,3401.301,3412.795
2026-04-12 07:00:00,3412.803,3421.519,3409.625,3412.598
2026-04-12 08:00:00,3412.607,3419.873,3408.93,3413.293
2026-04-12 09:00:00,3413.305,3433.305,3413.305,3429.19
2026-04-12 10:00:00,3429.199,3440.883,3429.073,3440.883
2026-04-12 11:00:00,3440.892,3448.049,3438.986,3447.668
2026-04-12 12:00:00,3447.677,3463.941,3447.677,3456.94
2026-04-12 13:00:00,3456.941,3462.049,3452.651,3457.51
2026-04-12 14:00:00,3457.514,3463.266,3435.08,3435.446
2026-04-12 15:00:00,3435.447,3442.712,3430.383,3435.653
2026-04-12 16:00:00,3435.663,3440.923,3427.503,3436.202
2026-04-12 17:00:00,3436.213,3437.034,3414.999,3418.624
2026-04-12 18:00:00,3418.627,3422.729,3408.449,3411.388
2026-04-12 19:00:00,3411.401,3414.268,3386.474,3386.917
2026-04-12 20:00:00,3386.925,3392.969,3383.14,3390.667
2026-04-12 21:00:00,3390.669,3392.604,3380.661,3390.454
2026-04-12 22:00:00,3390.47,3403.29,3387.513,3387.886
2026-04-12 23:00:00,3387.894,3391.318,3381.495,3387.573
2026-04-13 00:00:00,3387.584,3400.628,3387.584,3400.628
2026-04-13 01:00:00,3400.637,3413.213,3400.637,3411.218
2026-04-13 02:00:00,3411.224,3418.047,3403.739,3417.087
2026-04-13 03:00:00,3417.096,3421.015,3410.094,3416.348
2026-04-13 04:00:00,3416.354,3422.723,3411.983,3417.796
2026-04-13 05:00:00,3417.801,3422.737,3411.147,3412.973
2026-04-13 06:00:00,3412.974,3421.81,3411.704,3417.654
2026-04-13 07:00:00,3417.657,3419.291,3395.511,3410.515
2026-04-13 08:00:00,3410.522,3410.569,3395.079,3401.993
2026-04-13 09:00:00,3401.999,3408.674,3397.85,3401.592
2026-04-13 10:00:00,3401.604,3410.639,3398.715,3403.221
2026-04-13 11:00:00,3403.222,3417.26,3400.385,3417.26
2026-04-13 12:00:00,3417.267,3424.65,3411.245,3420.659
2026-04-13 13:00:00,3420.661,3434.674,3419.987,3434.674
2026-04-13 14:00:00,3434.676,3435.377,3424.503,3429.309
2026-04-13 15:00:00,3429.32,3430.681,3404.839,3405.5
2026-04-13 16:00:00,3405.507,3411.933,3400.238,3401.388
2026-04-13 17:00:00,3401.391,3403.755,3390.947,3402.12
2026-04-13 18:00:00,3402.123,3411.022,3392.98,3411.022
2026-04-13 19:00:00,3411.039,3418.198,3405.162,3407.142
2026-04-13 20:00:00,3407.149,3417.89,3407.149,3416.913
2026-04-13 21:00:00,3416.915,3417.858,3395.297,3396.948
2026-04-13 22:00:00,3396.952,3402.857,3394.103,3399.539
2026-04-13 23:00:00,3399.548,3407.946,3394.626,3398.648
2026-04-14 00:00:00,3398.656,3403.464,3390.598,3392.395
2026-04-14 01:00:00,3392.397,3402.588,3392.147,3394.218
2026-04-14 02:00:00,3394.223,3399.422,3377.877,3384.464
2026-04-14 03:00:00,3384.475,3387.09,3357.167,3357.503
2026-04-14 04:00:00,3357.518,3366.616,3352.91,3356.444
2026-04-14 05:00:00,3356.452,3360.964,3341.678,3350.486
2026-04-14 06:00:00,3350.491,3354.234,3343.86,3353.437
2026-04-14 07:00:00,3353.449,3367.82,3349.29,3350.832
2026-04-14 08:00:00,3350.846,3356.649,3346.963,3350.283
2026-04-14 09:00:00,3350.29,3356.476,3342.115,3353.382
2026-04-14 10:00:00,3353.392,3355.315,3329.454,3331.924
2026-04-14 11:00:00,3331.942,3340.937,3328.507,3330.167
2026-04-14 12:00:00,3330.168,3335.709,3326.616,3331.845
2026-04-14 13:00:00,3331.85,3337.691,3328.574,3337.691
2026-04-14 14:00:00,3337.707,3337.83,3325.294,3330.101
2026-04-14 15:00:00,3330.102,3330.351,3313.155,3316.106
2026-04-14 16:00:00,3316.106,3326.987,3314.383,3326.987
2026-04-14 17:00:00,3326.996,3344.992,3326.996,3344.992
2026-04-14 18:00:00,3344.998,3347.883,3333.884,3334.256
2026-04-14 19:00:00,3334.262,3344.276,3329.131,3330.009
2026-04-14 20:00:00,3330.012,3336.742,3318.723,3320.295
2026-04-14 21:00:00,3320.308,3334.095,3319.307,3326.638
2026-04-14 22:00:00,3326.64,3333.855,3310.174,3312.641
2026-04-14 23:00:00,3312.648,3324.961,3312.648,3324.961
2026-04-15 00:00:00,3324.963,3339.123,3324.963,3330.455
2026-04-15 01:00:00,3330.463,3336.421,3324.134,3333.912
2026-04-15 02:00:00,3333.929,3347.45,3333.929,3347.45
2026-04-15 03:00:00,3347.46,3349.517,3336.477,3337.549
2026-04-15 04:00:00,3337.552,3337.945,3314.323,3319.165
2026-04-15 05:00:00,3319.168,3322.319,3296.231,3297.917
2026-04-15 06:00:00,3297.92,3297.978,3275.625,3276.517
2026-04-15 07:00:00,3276.524,3295.176,3276.524,3293.012
2026-04-15 08:00:00,3293.023,3293.559,3278.846,3288.524
2026-04-15 09:00:00,3288.532,3293.309,3276.226,3288.677
2026-04-15 10:00:00,3288.677,3293.767,3260.718,3264.644
2026-04-15 11:00:00,3264.652,3266.306,3256.477,3257.695
2026-04-15 12:00:00,3257.703,3262.947,3239.397,3241.388
2026-04-15 13:00:00,3241.392,3250.332,3235.626,3250.12
2026-04-15 14:00:00,3250.123,3255.058,3240.321,3247.286
2026-04-15 15:00:00,3247.291,3260.507,3244.785,3259.156
2026-04-15 16:00:00,3259.164,3263.166,3235.515,3235.8
2026-04-15 17:00:00,3235.81,3236.322,3227.842,3230.801
2026-04-15 18:00:00,3230.812,3231.237,3220.073,3222.625
2026-04-15 19:00:00,3222.632,3227.767,3220.577,3225.417
2026-04-15 20:00:00,3225.42,3227.22,3208.592,3216.472
2026-04-15 21:00:00,3216.473,3222.788,3211.28,3216.85
2026-04-15 22:00:00,3216.856,3228.538,3215.818,3221.288
2026-04-15 23:00:00,3221.294,3224.173,3212.303,3213.3
2026-04-16 00:00:00,3213.305,3215.836,3191.736,3193.804
2026-04-16 01:00:00,3193.81,3202.705,3189.575,3202.705
2026-04-16 02:00:00,3202.723,3212.58,3202.723,3209.094
2026-04-16 03:00:00,3209.1,3215.666,3200.463,3201.177
2026-04-16 04:00:00,3201.18,3215.842,3201.18,3212.834
2026-04-16 05:00:00,3212.835,3220.765,3210.876,3220.765
2026-04-16 06:00:00,3220.776,3231.117,3216.905,3231.117
2026-04-16 07:00:00,3231.126,3235.167,3223.177,3226.436
2026-04-16 08:00:00,3226.445,3237.646,3226.445,3231.906
2026-04-16 09:00:00,3231.911,3235.296,3201.53,3206.154
2026-04-16 10:00:00,3206.162,3217.238,3203.258,3212.078
2026-04-16 11:00:00,3212.084,3213.16,3189.341,3190.249
2026-04-16 12:00:00,3190.259,3198.355,3187.968,3188.372
2026-04-16 13:00:00,3188.382,3205.015,3188.007,3205.015
2026-04-16 14:00:00,3205.023,3209.993,3197.017,3209.993
2026-04-16 15:00:00,3209.999,3214.121,3191.124,3195.171
2026-04-16 16:00:00,3195.181,3201.516,3190.973,3201.516
2026-04-16 17:00:00,3201.522,3213.933,3201.522,3208.884
2026-04-16 18:00:00,3208.891,3213.041,3205.627,3209.489
2026-04-16 19:00:00,3209.493,3211.584,3199.816,3203.516
2026-04-16 20:00:00,3203.53,3212.595,3199.163,3211.768
2026-04-16 21:00:00,3211.776,3221.233,3207.028,3221.233
2026-04-16 22:00:00,3221.234,3233.146,3217.862,3231.924
2026-04-16 23:00:00,3231.929,3244.053,3230.852,3244.053
2026-04-17 00:00:00,3244.056,3263.54,3242.823,3263.54
2026-04-17 01:00:00,3263.541,3274.644,3259.586,3261.047
2026-04-17 02:00:00,3261.058,3270.023,3253.918,3254.453
2026-04-17 03:00:00,3254.464,3268.661,3254.464,3267.939
2026-04-17 04:00:00,3267.957,3273.956,3260.384,3262.186
2026-04-17 05:00:00,3262.188,3266.997,3251.631,3255.95
2026-04-17 06:00:00,3255.951,3261.796,3251.763,3261.796
2026-04-17 07:00:00,3261.807,3270.296,3260.09,3263.394
2026-04-17 08:00:00,3263.397,3277.582,3261.538,3277.582
2026-04-17 09:00:00,3277.587,3279.17,3266.562,3267.35
2026-04-17 10:00:00,3267.355,3276.949,3255.507,3258.106
2026-04-17 11:00:00,3258.107,3268.253,3255.99,3262.406
2026-04-17 12:00:00,3262.41,3262.579,3250.43,3254.69
2026-04-17 13:00:00,3254.697,3260.168,3227.304,3227.707
2026-04-17 14:00:00,3227.721,3244.431,3227.721,3240.183
2026-04-17 15:00:00,3240.193,3252.244,3240.193,3246.113
2026-04-17 16:00:00,3246.125,3251.25,3234.971,3235.749
2026-04-17 17:00:00,3235.757,3244.042,3235.367,3239.809
2026-04-17 18:00:00,3239.818,3253.59,3239.818,3248.945
2026-04-17 19:00:00,3248.952,3257.875,3244.946,3257.697
2026-04-17 20:00:00,3257.698,3260.034,3246.027,3254.337
2026-04-17 21:00:00,3254.338,3254.884,3216.214,3220.662
2026-04-17 22:00:00,3220.663,3223.606,3214.875,3223.123
2026-04-17 23:00:00,3223.137,3224.108,3191.527,3206.725
2026-04-18 00:00:00,3206.734,3212.549,3201.57,3209.559
2026-04-18 01:00:00,3209.568,3223.722,3209.568,3223.722
2026-04-18 02:00:00,3223.731,3226.883,3213.397,3217.627
2026-04-18 03:00:00,3217.629,3219.914,3210.703,3216.07
2026-04-18 04:00:00,3216.079,3232.347,3214.965,3232.347
2026-04-18 05:00:00,3232.35,3236.603,3229.811,3234.833
2026-04-18 06:00:00,3234.847,3243.245,3233.162,3240.097
2026-04-18 07:00:00,3240.102,3261.44,3240.102,3261.44
2026-04-18 08:00:00,3261.447,3273.014,3255.568,3271.488
2026-04-18 09:00:00,3271.492,3278.784,3267.445,3278.784
2026-04-18 10:00:00,3278.784,3289.561,3275.217,3281.666
2026-04-18 11:00:00,3281.679,3292.982,3280.322,3292.982
2026-04-18 12:00:00,3292.987,3295.929,3286.405,3295.929
2026-04-18 13:00:00,3295.936,3298.749,3287.738,3294.497
2026-04-18 14:00:00,3294.502,3300.363,3288.78,3289.658
2026-04-18 15:00:00,3289.673,3299.107,3279.094,3279.819
2026-04-18 16:00:00,3279.823,3281.92,3271.551,3281.92
2026-04-18 17:00:00,3281.931,3284.444,3265.832,3266.112
2026-04-18 18:00:00,3266.116,3269.637,3260.325,3263.222
2026-04-18 19:00:00,3263.223,3275.603,3261.712,3275.603
2026-04-18 20:00:00,3275.613,3285.612,3275.613,3283.038
2026-04-18 21:00:00,3283.043,3297.83,3283.043,3296.899
2026-04-18 22:00:00,3296.9,3299.216,3277.271,3279.838
2026-04-18 23:00:00,3279.84,3287.726,3277.096,3278.129
2026-04-19 00:00:00,3278.14,3282.546,3272.071,3272.24
2026-04-19 01:00:00,3272.242,3273.394,3248.545,3253.62
2026-04-19 02:00:00,3253.624,3253.781,3222.569,3224.95
2026-04-19 03:00:00,3224.951,3225.961,3213.951,3218.593
2026-04-19 04:00:00,3218.594,3241.441,3218.594,3236.189
2026-04-19 05:00:00,3236.19,3243.677,3231.313,3243.677
2026-04-19 06:00:00,3243.678,3246.293,3233.417,3235.399
2026-04-19 07:00:00,3235.407,3244.997,3222.774,3228.609
2026-04-19 08:00:00,3228.613,3235.86,3220.531,3232.931
2026-04-19 09:00:00,3232.934,3243.506,3220.85,3225.773
2026-04-19 10:00:00,3225.774,3230.992,3215.448,3219.767
2026-04-19 11:00:00,3219.775,3231.5,3219.055,3231.5
2026-04-19 12:00:00,3231.508,3241.002,3231.508,3236.51
2026-04-19 13:00:00,3236.519,3237.917,3200.971,3206.352
2026-04-19 14:00:00,3206.373,3212.253,3202.894,3208.86
2026-04-19 15:00:00,3208.861,3209.131,3198.104,3206.928
2026-04-19 16:00:00,3206.938,3218.281,3206.938,3216.908
2026-04-19 17:00:00,3216.925,3218.95,3197.098,3206.451
2026-04-19 18:00:00,3206.456,3217.331,3203.278,3214.809
2026-04-19 19:00:00,3214.816,3220.467,3205.249,3205.847
2026-04-19 20:00:00,3205.854,3206.231,3191.886,3194.935
2026-04-19 21:00:00,3194.949,3203.255,3193.384,3198.326
2026-04-19 22:00:00,3198.338,3216.792,3197.709,3213.717
2026-04-19 23:00:00,3213.725,3219.258,3210.498,3215.741
2026-04-20 00:00:00,3215.748,3216.844,3202.438,3204.528
2026-04-20 01:00:00,3204.549,3214.398,3201.342,3209.673
2026-04-20 02:00:00,3209.684,3210.034,3192.233,3194.694
2026-04-20 03:00:00,3194.696,3199.461,3176.151,3181.461
2026-04-20 04:00:00,3181.467,3187.421,3177.406,3187.421
2026-04-20 05:00:00,3187.438,3190.072,3177.338,3185.225
2026-04-20 06:00:00,3185.23,3185.23,3173.762,3175.506
2026-04-20 07:00:00,3175.509,3177.003,3161.526,3174.912
2026-04-20 08:00:00,3174.919,3183.438,3172.174,3179.582
2026-04-20 09:00:00,3179.594,3192.296,3179.594,3192.296
2026-04-20 10:00:00,3192.297,3196.871,3184.516,3187.418
2026-04-20 11:00:00,3187.428,3190.09,3178.016,3181.023
2026-04-20 12:00:00,3181.039,3195.852,3181.039,3186.114
2026-04-20 13:00:00,3186.125,3195.505,3186.125,3192.253
2026-04-20 14:00:00,3192.255,3201.084,3183.889,3201.084
2026-04-20 15:00:00,3201.09,3211.729,3191.756,3192.425
2026-04-20 16:00:00,3192.428,3202.682,3191.505,3198.414
2026-04-20 17:00:00,3198.422,3205.689,3187.268,3187.484
2026-04-20 18:00:00,3187.491,3197.736,3185.741,3197.736
2026-04-20 19:00:00,3197.742,3199.859,3192.544,3199.859
2026-04-20 20:00:00,3199.869,3202.498,3186.074,3189.321
2026-04-20 21:00:00,3189.327,3196.2,3182.433,3188.668
2026-04-20 22:00:00,3188.674,3194.693,3181.504,3192.347
2026-04-20 23:00:00,3192.357,3203.811,3192.357,3203.811
2026-04-21 00:00:00,3203.823,3213.014,3198.482,3202.986
2026-04-21 01:00:00,3202.989,3204.16,3195.163,3199.646
2026-04-21 02:00:00,3199.653,3211.029,3198.616,3209.667
2026-04-21 03:00:00,3209.677,3225.183,3209.677,3217.169
2026-04-21 04:00:00,3217.174,3228.227,3216.651,3227.29
2026-04-21 05:00:00,3227.314,3234.338,3211.152,3211.79
2026-04-21 06:00:00,3211.807,3222.266,3211.807,3221.186
2026-04-21 07:00:00,3221.19,3239.478,3221.19,3233.848
2026-04-21 08:00:00,3233.853,3237.491,3219.325,3220.739
2026-04-21 09:00:00,3220.748,3236.157,3220.748,3236.157
2026-04-21 10:00:00,3236.164,3252.673,3236.164,3252.673
2026-04-21 11:00:00,3252.682,3263.975,3252.682,3263.975
2026-04-21 12:00:00,3263.98,3267.447,3246.739,3253.366
2026-04-21 13:00:00,3253.371,3262.261,3248.602,3258.104
2026-04-21 14:00:00,3258.111,3261.309,3251.608,3254.398
2026-04-21 15:00:00,3254.411,3259.71,3249.699,3252.413
2026-04-21 16:00:00,3252.417,3254.977,3245.175,3250.671
2026-04-21 17:00:00,3250.673,3257.826,3248.031,3250.731
2026-04-21 18:00:00,3250.738,3263.306,3250.738,3263.306
2026-04-21 19:00:00,3263.311,3276.787,3263.311,3276.787
2026-04-21 20:00:00,3276.794,3294.701,3276.794,3294.701
2026-04-21 21:00:00,3294.706,3309.379,3293.436,3308.527
2026-04-21 22:00:00,3308.527,3315.962,3295.465,3299.824
2026-04-21 23:00:00,3299.836,3302.394,3287.569,3297.304
2026-04-22 00:00:00,3297.314,3306.156,3296.667,3306.156
2026-04-22 01:00:00,3306.157,3306.262,3295.252,3297.676
2026-04-22 02:00:00,3297.681,3298.874,3289.351,3295.287
2026-04-22 03:00:00,3295.29,3299.405,3284.113,3289.026
2026-04-22 04:00:00,3289.029,3300.12,3281.97,3282.612
2026-04-22 05:00:00,3282.615,3291.321,3278.583,3290.207
2026-04-22 06:00:00,3290.218,3296.246,3283.227,3286.384
2026-04-22 07:00:00,3286.387,3294.007,3285.44,3288.515
2026-04-22 08:00:00,3288.518,3290.489,3279.665,3289.433
2026-04-22 09:00:00,3289.441,3291.274,3276.428,3280.047
2026-04-22 10:00:00,3280.054,3289.454,3275.268,3289.454
2026-04-22 11:00:00,3289.456,3299.017,3289.456,3290.252
2026-04-22 12:00:00,3290.261,3290.955,3274.62,3280.009
2026-04-22 13:00:00,3280.012,3281.938,3269.599,3271.099
2026-04-22 14:00:00,3271.113,3274.416,3257.13,3263.597
2026-04-22 15:00:00,3263.598,3277.661,3263.598,3272.894
2026-04-22 16:00:00,3272.899,3277.776,3264.746,3267.822
2026-04-22 17:00:00,3267.825,3276.937,3264.377,3274.788
2026-04-22 18:00:00,3274.803,3290.419,3274.012,3288.075
2026-04-22 19:00:00,3288.078,3295.336,3283.675,3284.34
2026-04-22 20:00:00,3284.34,3293.224,3279.479,3286.088
2026-04-22 21:00:00,3286.097,3288.653,3276.892,3283.722
2026-04-22 22:00:00,3283.727,3285.652,3273.456,3279.818
2026-04-22 23:00:00,3279.832,3289.156,3273.139,3273.295
2026-04-23 00:00:00,3273.307,3281.463,3271.606,3281.463
2026-04-23 01:00:00,3281.465,3289.699,3281.042,3289.021
2026-04-23 02:00:00,3289.031,3293.605,3281.942,3292.74
2026-04-23 03:00:00,3292.747,3300.74,3289.876,3294.701
2026-04-23 04:00:00,3294.714,3295.313,3273.854,3276.368
2026-04-23 05:00:00,3276.377,3279.177,3260.164,3262.819
2026-04-23 06:00:00,3262.826,3263.819,3245.516,3247.097
2026-04-23 07:00:00,3247.097,3254.112,3235.263,3241.721
2026-04-23 08:00:00,3241.728,3247.756,3239.494,3247.756
2026-04-23 09:00:00,3247.76,3270.683,3247.76,3270.683
2026-04-23 10:00:00,3270.689,3275.845,3265.368,3271.465
2026-04-23 11:00:00,3271.47,3272.687,3260.496,3265.198
2026-04-23 12:00:00,3265.203,3274.021,3261.235,3269.571
2026-04-23 13:00:00,3269.573,3273.296,3263.498,3268.07
2026-04-23 14:00:00,3268.074,3273.172,3261.672,3262.235
2026-04-23 15:00:00,3262.244,3275.251,3259.321,3275.251
2026-04-23 16:00:00,3275.251,3283.003,3269.971,3272.596
2026-04-23 17:00:00,3272.601,3285.156,3267.153,3285.156
2026-04-23 18:00:00,3285.164,3304.956,3285.164,3304.756
2026-04-23 19:00:00,3304.76,3313.349,3301.36,3310.327
2026-04-23 20:00:00,3310.329,3318.914,3310.329,3312.375
2026-04-23 21:00:00,3312.387,3313.904,3297.476,3309.982
2026-04-23 22:00:00,3309.993,3328.928,3309.993,3327.108
2026-04-23 23:00:00,3327.112,3337.349,3327.112,3334.224
2026-04-24 00:00:00,3334.238,3338.441,3328.694,3337.974
2026-04-24 01:00:00,3337.986,3342.291,3330.101,3335.38
2026-04-24 02:00:00,3335.391,3342.526,3328.222,3331.54
2026-04-24 03:00:00,3331.551,3345.669,3330.064,3345.669
2026-04-24 04:00:00,3345.679,3348.925,3327.057,3335.047
2026-04-24 05:00:00,3335.051,3336.233,3312.587,3315.965
2026-04-24 06:00:00,3315.968,3323.882,3311.127,3320.287
2026-04-24 07:00:00,3320.295,3326.019,3313.106,3313.353
2026-04-24 08:00:00,3313.354,3322.604,3312.229,3322.604
2026-04-24 09:00:00,3322.608,3338.281,3322.608,3337.851
2026-04-24 10:00:00,3337.855,3338.094,3305.024,3308.407
2026-04-24 11:00:00,3308.414,3317.125,3302.492,3306.442
2026-04-24 12:00:00,3306.452,3307.333,3288.972,3291.468
2026-04-24 13:00:00,3291.478,3307.352,3291.478,3307.209
2026-04-24 14:00:00,3307.218,3307.408,3293.122,3299.663
2026-04-24 15:00:00,3299.679,3299.822,3287.464,3294.861
2026-04-24 16:00:00,3294.861,3299.347,3288.434,3299.347
2026-04-24 17:00:00,3299.354,3311.484,3294.829,3311.484
2026-04-24 18:00:00,3311.486,3318.209,3309.551,3318.143
2026-04-24 19:00:00,3318.15,3333.132,3318.15,3327.991
2026-04-24 20:00:00,3327.998,3343.739,3327.998,3343.739
2026-04-24 21:00:00,3343.74,3349.924,3336.447,3341.659
2026-04-24 22:00:00,3341.671,3351.761,3341.571,3351.14
2026-04-24 23:00:00,3351.145,3359.073,3349.204,3357.226
2026-04-25 00:00:00,3357.234,3361.509,3344.82,3344.893
2026-04-25 01:00:00,3344.893,3349.039,3340.375,3343.065
2026-04-25 02:00:00,3343.069,3353.385,3330.396,3331.067
2026-04-25 03:00:00,3331.072,3331.574,3313.407,3320.325
2026-04-25 04:00:00,3320.329,3329.505,3320.329,3329.505
2026-04-25 05:00:00,3329.513,3340.748,3329.513,3340.183
2026-04-25 06:00:00,3340.185,3345.289,3337.597,3340.145
2026-04-25 07:00:00,3340.153,3348.51,3337.062,3343.449
2026-04-25 08:00:00,3343.452,3351.632,3339.33,3351.632
2026-04-25 09:00:00,3351.645,3365.395,3351.645,3365.395
2026-04-25 10:00:00,3365.403,3375.934,3359.111,3362.463
2026-04-25 11:00:00,3362.475,3363.784,3339.703,3342.743
2026-04-25 12:00:00,3342.75,3356.667,3342.712,3356.667
2026-04-25 13:00:00,3356.68,3364.494,3353.044,3355.507
2026-04-25 14:00:00,3355.508,3359.674,3348.102,3349.583
2026-04-25 15:00:00,3349.601,3353.419,3343.599,3345.973
2026-04-25 16:00:00,3345.987,3355.341,3341.988,3346.446
2026-04-25 17:00:00,3346.451,3352.523,3341.912,3348.279
2026-04-25 18:00:00,3348.28,3353.496,3337.159,3339.564
2026-04-25 19:00:00,3339.568,3348.022,3335.185,3347.093
2026-04-25 20:00:00,3347.096,3360.483,3346.444,3356.979
2026-04-25 21:00:00,3356.991,3364.033,3348.138,3354.119
2026-04-25 22:00:00,3354.135,3360.944,3344.471,3350.886
2026-04-25 23:00:00,3350.887,3358.526,3348.617,3353.592
2026-04-26 00:00:00,3353.6,3359.304,3350.174,3354.883
2026-04-26 01:00:00,3354.888,3357.745,3345.411,3353.084
2026-04-26 02:00:00,3353.092,3358.179,3349.613,3356.908
2026-04-26 03:00:00,3356.912,3364.978,3352.378,3361.684
2026-04-26 04:00:00,3361.692,3371.364,3354.656,3371.364
2026-04-26 05:00:00,3371.371,3386.06,3371.371,3383.978
2026-04-26 06:00:00,3383.989,3390.568,3375.975,3377.762
2026-04-26 07:00:00,3377.77,3388.743,3375.113,3385.941
2026-04-26 08:00:00,3385.954,3388.525,3376.346,3377.239
2026-04-26 09:00:00,3377.258,3397.62,3377.258,3396.802
2026-04-26 10:00:00,3396.802,3406.858,3396.344,3396.603
2026-04-26 11:00:00,3396.607,3413.551,3390.688,3391.011
2026-04-26 12:00:00,3391.019,3396.016,3381.819,3384.24
2026-04-26 13:00:00,3384.244,3387.848,3373.111,3377.646
2026-04-26 14:00:00,3377.646,3379.534,3367.872,3376.689
2026-04-26 15:00:00,3376.691,3377.074,3356.887,3364.334
2026-04-26 16:00:00,3364.347,3373.224,3362.774,3363.433
2026-04-26 17:00:00,3363.433,3370.992,3356.404,3356.633
2026-04-26 18:00:00,3356.648,3363.306,3345.529,3351.681
2026-04-26 19:00:00,3351.685,3361.551,3346.824,3350.441
2026-04-26 20:00:00,3350.464,3354.542,3342.699,3353.944
2026-04-26 21:00:00,3353.951,3357.052,3341.701,3348.01
2026-04-26 22:00:00,3348.016,3361.274,3346.025,3361.274
2026-04-26 23:00:00,3361.28,3366.895,3343.921,3353.351
2026-04-27 00:00:00,3353.36,3356.032,3326.017,3327.134
2026-04-27 01:00:00,3327.136,3342.241,3325.128,3325.215
2026-04-27 02:00:00,3325.219,3338.674,3324.814,3329.03
2026-04-27 03:00:00,3329.041,3333.521,3319.29,3325.626
2026-04-27 04:00:00,3325.635,3329.208,3315.098,3316.827
2026-04-27 05:00:00,3316.842,3333.597,3316.842,3328.395
2026-04-27 06:00:00,3328.395,3339.556,3327.866,3336.395
2026-04-27 07:00:00,3336.395,3342.903,3329.515,3339.341
2026-04-27 08:00:00,3339.356,3339.634,3327.356,3338.658
2026-04-27 09:00:00,3338.664,3348.839,3334.439,3342.445
2026-04-27 10:00:00,3342.455,3350.236,3340.997,3344.261
2026-04-27 11:00:00,3344.267,3357.225,3344.267,3356.521
2026-04-27 12:00:00,3356.532,3370.323,3356.532,3361.157
2026-04-27 13:00:00,3361.157,3371.471,3359.266,3371.146
2026-04-27 14:00:00,3371.154,3373.363,3363.19,3368.478
2026-04-27 15:00:00,3368.481,3376.0,3361.382,3362.079
2026-04-27 16:00:00,3362.089,3375.084,3357.221,3361.889
2026-04-27 17:00:00,3361.895,3366.235,3351.915,3352.437
2026-04-27 18:00:00,3352.443,3355.874,3347.356,3350.426
2026-04-27 19:00:00,3350.44,3355.789,3339.516,3344.68
2026-04-27 20:00:00,3344.681,3347.92,3336.701,3341.189
2026-04-27 21:00:00,3341.198,3357.968,3341.198,3355.908
2026-04-27 22:00:00,3355.92,3365.339,3347.617,3352.041
2026-04-27 23:00:00,3352.049,3356.955,3346.825,3348.425
2026-04-28 00:00:00,3348.439,3357.831,3330.995,3334.255
2026-04-28 01:00:00,3334.257,3335.591,3313.44,3322.726
2026-04-28 02:00:00,3322.734,3324.288,3307.691,3319.097
2026-04-28 03:00:00,3319.101,3332.459,3317.444,3318.556
2026-04-28 04:00:00,3318.56,3333.125,3318.081,3325.257
2026-04-28 05:00:00,3325.26,3330.516,3311.896,3317.19
2026-04-28 06:00:00,3317.19,3323.928,3312.235,3313.203
2026-04-28 07:00:00,3313.206,3319.98,3308.745,3310.187
2026-04-28 08:00:00,3310.193,3311.691,3285.326,3292.123
2026-04-28 09:00:00,3292.133,3297.455,3282.768,3283.848
2026-04-28 10:00:00,3283.85,3295.915,3283.85,3288.574
2026-04-28 11:00:00,3288.574,3302.664,3288.574,3301.923
2026-04-28 12:00:00,3301.925,3305.167,3283.998,3285.676
2026-04-28 13:00:00,3285.68,3286.098,3272.211,3281.609
2026-04-28 14:00:00,3281.611,3285.756,3258.55,3261.377
2026-04-28 15:00:00,3261.381,3269.792,3259.752,3262.757
2026-04-28 16:00:00,3262.761,3269.376,3256.928,3263.243
2026-04-28 17:00:00,3263.25,3268.466,3259.602,3266.279
2026-04-28 18:00:00,3266.286,3277.813,3266.257,3271.369
2026-04-28 19:00:00,3271.373,3281.712,3269.191,3276.815
2026-04-28 20:00:00,3276.82,3276.911,3254.885,3255.737
2026-04-28 21:00:00,3255.739,3260.987,3250.289,3260.987
2026-04-28 22:00:00,3260.994,3264.328,3252.436,3256.739
2026-04-28 23:00:00,3256.755,3262.023,3248.374,3250.483
2026-04-29 00:00:00,3250.496,3258.285,3248.441,3258.285
2026-04-29 01:00:00,3258.292,3269.689,3253.041,3256.924
2026-04-29 02:00:00,3256.929,3272.948,3252.642,3272.948
2026-04-29 03:00:00,3272.958,3282.577,3270.792,3282.577
2026-04-29 04:00:00,3282.584,3284.674,3259.109,3266.091
2026-04-29 05:00:00,3266.099,3266.162,3251.574,3255.944
2026-04-29 06:00:00,3255.944,3261.388,3246.198,3248.391
2026-04-29 07:00:00,3248.397,3257.965,3239.57,3243.699
2026-04-29 08:00:00,3243.71,3250.844,3228.464,3233.33
2026-04-29 09:00:00,3233.343,3236.604,3221.318,3234.915
2026-04-29 10:00:00,3234.931,3246.178,3230.271,3239.444
2026-04-29 11:00:00,3239.465,3251.949,3230.979,3231.888
2026-04-29 12:00:00,3231.893,3241.44,3230.647,3240.442
2026-04-29 13:00:00,3240.451,3242.15,3228.174,3233.143
2026-04-29 14:00:00,3233.155,3235.66,3217.685,3223.365
2026-04-29 15:00:00,3223.37,3226.478,3210.026,3212.533
2026-04-29 16:00:00,3212.541,3229.231,3212.541,3222.141
2026-04-29 17:00:00,3222.151,3226.597,3202.457,3207.163
2026-04-29 18:00:00,3207.163,3211.974,3201.634,3204.258
2026-04-29 19:00:00,3204.271,3211.935,3192.975,3197.923
2026-04-29 20:00:00,3197.929,3211.162,3195.066,3203.145
2026-04-29 21:00:00,3203.154,3214.795,3201.896,3214.795
2026-04-29 22:00:00,3214.798,3224.731,3208.736,3224.731
2026-04-29 23:00:00,3224.737,3229.69,3220.467,3225.736
2026-04-30 00:00:00,3225.74,3225.879,3210.243,3211.114
2026-04-30 01:00:00,3211.122,3232.335,3211.122,3232.335
2026-04-30 02:00:00,3232.337,3237.102,3225.033,3231.886
2026-04-30 03:00:00,3231.892,3239.233,3226.6,3236.069
2026-04-30 04:00:00,3236.073,3242.118,3232.491,3235.29
2026-04-30 05:00:00,3235.297,3241.661,3228.391,3234.976
2026-04-30 06:00:00,3234.983,3235.655,3220.465,3232.941
2026-04-30 07:00:00,3232.941,3239.562,3223.429,3230.21
2026-04-30 08:00:00,3230.221,3242.424,3230.221,3235.818
2026-04-30 09:00:00,3235.823,3250.631,3235.823,3237.139
2026-04-30 10:00:00,3237.144,3246.07,3236.845,3242.331
2026-04-30 11:00:00,3242.336,3245.823,3234.776,3241.91
2026-04-30 12:00:00,3241.924,3250.339,3239.879,3242.687
2026-04-30 13:00:00,3242.688,3248.192,3236.757,3246.905
2026-04-30 14:00:00,3246.909,3260.2,3246.491,3246.834
2026-04-30 15:00:00,3246.841,3257.296,3243.013,3257.296
2026-04-30 16:00:00,3257.305,3264.963,3247.464,3251.175
2026-04-30 17:00:00,3251.178,3259.281,3248.896,3252.685
2026-04-30 18:00:00,3252.69,3264.838,3252.69,3263.273
2026-04-30 19:00:00,3263.273,3265.978,3255.238,3256.843
2026-04-30 20:00:00,3256.852,3256.996,3228.744,3230.802
2026-04-30 21:00:00,3230.804,3237.712,3201.391,3205.562
2026-04-30 22:00:00,3205.568,3209.926,3201.083,3208.838
2026-04-30 23:00:00,3208.847,3217.055,3204.593,3212.554
2026-05-01 00:00:00,3212.559,3216.091,3191.837,3193.663
2026-05-01 01:00:00,3193.673,3198.775,3185.061,3198.775
2026-05-01 02:00:00,3198.779,3202.255,3190.677,3202.255
2026-05-01 03:00:00,3202.261,3211.233,3198.87,3211.233
2026-05-01 04:00:00,3211.235,3216.088,3197.518,3199.624
2026-05-01 05:00:00,3199.632,3202.764,3179.892,3187.443
2026-05-01 06:00:00,3187.448,3203.516,3184.052,3200.06
2026-05-01 07:00:00,3200.076,3206.698,3193.732,3194.009
2026-05-01 08:00:00,3194.016,3204.753,3182.43,3185.407
2026-05-01 09:00:00,3185.422,3199.788,3182.27,3183.832
2026-05-01 10:00:00,3183.838,3184.921,3169.656,3174.92
2026-05-01 11:00:00,3174.934,3187.996,3174.934,3181.467
2026-05-01 12:00:00,3181.476,3182.922,3170.639,3171.539
2026-05-01 13:00:00,3171.547,3175.896,3155.151,3159.811
2026-05-01 14:00:00,3159.813,3166.925,3153.37,3157.061
2026-05-01 15:00:00,3157.061,3164.945,3154.295,3164.945
2026-05-01 16:00:00,3164.954,3166.293,3137.502,3141.865
2026-05-01 17:00:00,3141.882,3149.301,3139.513,3142.732
2026-05-01 18:00:00,3142.739,3142.928,3129.934,3135.949
2026-05-01 19:00:00,3135.952,3145.001,3132.482,3135.885
2026-05-01 20:00:00,3135.886,3155.815,3135.886,3155.815
2026-05-01 21:00:00,3155.816,3161.241,3153.474,3161.241
2026-05-01 22:00:00,3161.251,3162.61,3152.848,3153.881
2026-05-01 23:00:00,3153.893,3172.396,3153.893,3172.377
2026-05-02 00:00:00,3172.386,3175.877,3166.174,3169.795
2026-05-02 01:00:00,3169.796,3180.006,3169.796,3177.497
2026-05-02 02:00:00,3177.499,3182.435,3158.526,3165.96
2026-05-02 03:00:00,3165.969,3172.331,3155.497,3166.978
2026-05-02 04:00:00,3166.984,3176.467,3166.402,3173.785
2026-05-02 05:00:00,3173.796,3173.877,3159.659,3169.437
2026-05-02 06:00:00,3169.447,3179.275,3165.619,3174.729
2026-05-02 07:00:00,3174.736,3181.467,3168.852,3168.92
2026-05-02 08:00:00,3168.92,3181.138,3166.952,3178.944
2026-05-02 09:00:00,3178.946,3193.257,3175.665,3185.571
2026-05-02 10:00:00,3185.577,3194.182,3179.416,3193.787
2026-05-02 11:00:00,3193.807,3206.811,3188.092,3202.49
2026-05-02 12:00:00,3202.491,3203.653,3177.625,3178.14
2026-05-02 13:00:00,3178.143,3181.296,3174.705,3181.248
2026-05-02 14:00:00,3181.251,3200.758,3181.251,3200.758
2026-05-02 15:00:00,3200.768,3208.478,3181.625,3182.913
2026-05-02 16:00:00,3182.919,3185.482,3166.774,3168.957
2026-05-02 17:00:00,3168.97,3179.487,3165.671,3179.487
2026-05-02 18:00:00,3179.488,3183.859,3158.898,3161.159
2026-05-02 19:00:00,3161.165,3163.72,3148.289,3152.44
2026-05-02 20:00:00,3152.442,3158.836,3139.804,3158.836
2026-05-02 21:00:00,3158.842,3160.585,3128.468,3131.399
2026-05-02 22:00:00,3131.404,3139.908,3127.955,3139.908
2026-05-02 23:00:00,3139.916,3141.373,3113.628,3116.255
2026-05-03 00:00:00,3116.266,3124.084,3114.147,3120.469
2026-05-03 01:00:00,3120.477,3141.999,3120.477,3140.142
2026-05-03 02:00:00,3140.152,3148.386,3135.964,3144.6
2026-05-03 03:00:00,3144.605,3149.399,3117.932,3121.674
2026-05-03 04:00:00,3121.677,3122.525,3099.918,3103.163
2026-05-03 05:00:00,3103.173,3117.162,3103.173,3115.491
2026-05-03 06:00:00,3115.491,3117.691,3101.953,3102.073
2026-05-03 07:00:00,3102.086,3110.42,3090.679,3094.472
2026-05-03 08:00:00,3094.476,3095.634,3072.599,3079.122
2026-05-03 09:00:00,3079.131,3079.488,3065.277,3072.373
2026-05-03 10:00:00,3072.382,3077.079,3066.972,3072.186
2026-05-03 11:00:00,3072.188,3077.879,3064.568,3069.939
2026-05-03 12:00:00,3069.948,3071.757,3049.527,3052.758
2026-05-03 13:00:00,3052.761,3058.544,3048.281,3049.367
2026-05-03 14:00:00,3049.37,3058.288,3043.665,3056.792
2026-05-03 15:00:00,3056.798,3072.376,3056.798,3067.455
2026-05-03 16:00:00,3067.456,3068.738,3058.875,3067.461
2026-05-03 17:00:00,3067.47,3076.103,3067.47,3076.103
2026-05-03 18:00:00,3076.12,3084.248,3069.372,3084.248
2026-05-03 19:00:00,3084.25,3090.407,3078.241,3088.504
2026-05-03 20:00:00,3088.513,3090.1,3079.404,3080.572
2026-05-03 21:00:00,3080.579,3095.166,3078.56,3092.843
2026-05-03 22:00:00,3092.848,3095.0,3081.299,3087.526
2026-05-03 23:00:00,3087.529,3099.601,3087.529,3099.601
2026-05-04 00:00:00,3099.61,3108.392,3097.346,3097.824
2026-05-04 01:00:00,3097.824,3101.99,3087.453,3093.556
2026-05-04 02:00:00,3093.556,3101.363,3089.766,3098.568
2026-05-04 03:00:00,3098.568,3102.282,3088.568,3090.077
2026-05-04 04:00:00,3090.091,3095.358,3082.124,3095.358
2026-05-04 05:00:00,3095.372,3112.104,3095.372,3112.104
2026-05-04 06:00:00,3112.109,3116.051,3086.251,3088.502
2026-05-04 07:00:00,3088.51,3094.536,3083.732,3092.047
2026-05-04 08:00:00,3092.056,3106.156,3092.056,3099.229
2026-05-04 09:00:00,3099.234,3101.516,3087.811,3091.782
2026-05-04 10:00:00,3091.788,3095.334,3082.891,3084.718
2026-05-04 11:00:00,3084.731,3096.057,3084.731,3090.793
2026-05-04 12:00:00,3090.796,3100.415,3090.597,3100.415
2026-05-04 13:00:00,3100.423,3114.593,3098.076,3114.593
2026-05-04 14:00:00,3114.608,3123.588,3113.847,3123.588
2026-05-04 15:00:00,3123.603,3130.767,3121.701,3125.916
2026-05-04 16:00:00,3125.921,3130.171,3095.231,3099.592
2026-05-04 17:00:00,3099.594,3103.15,3091.975,3097.86
2026-05-04 18:00:00,3097.868,3102.782,3088.895,3098.079
2026-05-04 19:00:00,3098.081,3103.357,3078.628,3083.618
2026-05-04 20:00:00,3083.629,3093.955,3082.785,3091.905
2026-05-04 21:00:00,3091.914,3108.143,3091.914,3094.563
2026-05-04 22:00:00,3094.564,3104.966,3093.076,3099.996
2026-05-04 23:00:00,3100.002,3102.156,3094.283,3101.02
2026-05-05 00:00:00,3101.023,3108.612,3097.916,3107.589
2026-05-05 01:00:00,3107.598,3111.112,3097.12,3099.065
2026-05-05 02:00:00,3099.069,3101.603,3088.541,3100.031
2026-05-05 03:00:00,3100.038,3116.622,3098.84,3116.622
2026-05-05 04:00:00,3116.629,3119.534,3109.814,3119.534
2026-05-05 05:00:00,3119.54,3120.625,3099.507,3099.556
2026-05-05 06:00:00,3099.557,3107.648,3097.918,3100.603
2026-05-05 07:00:00,3100.61,3104.201,3092.814,3104.201
2026-05-05 08:00:00,3104.209,3112.695,3103.644,3111.463
2026-05-05 09:00:00,3111.466,3112.74,3103.153,3110.277
2026-05-05 10:00:00,3110.279,3110.567,3100.39,3102.562
2026-05-05 11:00:00,3102.567,3112.758,3102.306,3108.998
2026-05-05 12:00:00,3109.011,3116.873,3091.856,3092.192
2026-05-05 13:00:00,3092.198,3092.612,3070.099,3077.538
2026-05-05 14:00:00,3077.546,3082.039,3066.462,3077.27
2026-05-05 15:00:00,3077.276,3088.403,3073.384,3078.613
2026-05-05 16:00:00,3078.632,3085.931,3075.87,3085.931
2026-05-05 17:00:00,3085.932,3093.389,3083.432,3087.014
2026-05-05 18:00:00,3087.022,3089.979,3064.619,3068.087
2026-05-05 19:00:00,3068.089,3071.401,3045.766,3056.591
2026-05-05 20:00:00,3056.598,3058.01,3047.089,3048.913
2026-05-05 21:00:00,3048.919,3056.078,3031.874,3033.169
2026-05-05 22:00:00,3033.176,3039.725,3030.831,3039.565
2026-05-05 23:00:00,3039.572,3044.587,3034.923,3035.635
2026-05-06 00:00:00,3035.638,3048.755,3034.9,3043.459
2026-05-06 01:00:00,3043.46,3055.493,3024.233,3025.211
2026-05-06 02:00:00,3025.222,3037.878,3025.222,3034.652
2026-05-06 03:00:00,3034.667,3041.53,3028.635,3031.611
2026-05-06 04:00:00,3031.615,3034.641,3015.671,3020.616
2026-05-06 05:00:00,3020.617,3040.122,3020.617,3040.122
2026-05-06 06:00:00,3040.138,3050.958,3037.276,3039.554
2026-05-06 07:00:00,3039.564,3042.815,3029.502,3034.02
2026-05-06 08:00:00,3034.024,3036.97,3020.032,3024.594
2026-05-06 09:00:00,3024.597,3044.425,3024.597,3044.425
2026-05-06 10:00:00,3044.429,3047.8,3024.094,3024.763
2026-05-06 11:00:00,3024.771,3032.901,3021.666,3032.901
2026-05-06 12:00:00,3032.906,3039.754,3031.909,3035.622
2026-05-06 13:00:00,3035.624,3045.27,3035.027,3045.27
2026-05-06 14:00:00,3045.276,3052.002,3037.901,3040.458
2026-05-06 15:00:00,3040.469,3051.234,3040.469,3049.461
2026-05-06 16:00:00,3049.466,3065.645,3049.466,3065.645
2026-05-06 17:00:00,3065.657,3074.434,3061.645,3069.427
2026-05-06 18:00:00,3069.442,3071.923,3054.826,3054.845
2026-05-06 19:00:00,3054.85,3057.09,3044.32,3055.579
2026-05-06 20:00:00,3055.584,3068.701,3055.584,3068.701
2026-05-06 21:00:00,3068.708,3075.141,3064.718,3075.141
2026-05-06 22:00:00,3075.15,3080.417,3072.097,3079.738
2026-05-06 23:00:00,3079.747,3088.587,3074.812,3080.33
2026-05-07 00:00:00,3080.346,3094.739,3080.346,3089.501
2026-05-07 01:00:00,3089.502,3098.69,3080.597,3080.928
2026-05-07 02:00:00,3080.93,3084.114,3073.333,3084.114
2026-05-07 03:00:00,3084.128,3097.3,3084.128,3088.345
2026-05-07 04:00:00,3088.354,3091.539,3070.24,3070.779
2026-05-07 05:00:00,3070.784,3074.304,3063.125,3066.913
2026-05-07 06:00:00,3066.917,3077.359,3062.665,3077.33
2026-05-07 07:00:00,3077.343,3089.417,3074.034,3084.324
2026-05-07 08:00:00,3084.334,3106.238,3084.334,3106.238
2026-05-07 09:00:00,3106.241,3110.494,3096.584,3103.897
2026-05-07 10:00:00,3103.902,3108.568,3096.129,3100.012
2026-05-07 11:00:00,3100.015,3105.269,3093.562,3098.217
2026-05-07 12:00:00,3098.227,3104.703,3096.262,3099.262
2026-05-07 13:00:00,3099.273,3100.556,3077.572,3083.002
2026-05-07 14:00:00,3083.004,3083.203,3064.576,3066.329
2026-05-07 15:00:00,3066.333,3082.581,3065.729,3074.684
2026-05-07 16:00:00,3074.694,3088.337,3073.456,3087.25
2026-05-07 17:00:00,3087.258,3088.652,3081.041,3085.051
2026-05-07 18:00:00,3085.061,3089.653,3076.559,3081.443
2026-05-07 19:00:00,3081.447,3087.388,3077.509,3087.388
2026-05-07 20:00:00,3087.392,3091.464,3080.633,3083.292
2026-05-07 21:00:00,3083.298,3092.777,3083.298,3088.412
2026-05-07 22:00:00,3088.425,3095.289,3078.802,3081.612
2026-05-07 23:00:00,3081.618,3099.89,3081.618,3099.614
2026-05-08 00:00:00,3099.619,3108.16,3097.418,3097.817
2026-05-08 01:00:00,3097.818,3099.846,3091.413,3098.598
2026-05-08 02:00:00,3098.617,3101.333,3088.069,3088.8
2026-05-08 03:00:00,3088.808,3093.949,3083.545,3084.111
2026-05-08 04:00:00,3084.112,3086.225,3070.263,3072.787
2026-05-08 05:00:00,3072.79,3075.247,3059.421,3069.877
2026-05-08 06:00:00,3069.885,3070.518,3058.001,3067.182
2026-05-08 07:00:00,3067.196,3074.663,3066.61,3066.736
2026-05-08 08:00:00,3066.742,3076.66,3063.309,3076.66
2026-05-08 09:00:00,3076.67,3082.07,3073.844,3076.778
2026-05-08 10:00:00,3076.778,3086.678,3076.239,3084.261
2026-05-08 11:00:00,3084.268,3089.075,3079.92,3089.075
2026-05-08 12:00:00,3089.077,3098.235,3089.077,3098.235
2026-05-08 13:00:00,3098.238,3098.864,3087.152,3095.339
2026-05-08 14:00:00,3095.348,3106.076,3094.364,3106.076
2026-05-08 15:00:00,3106.084,3118.114,3106.084,3118.114
2026-05-08 16:00:00,3118.127,3124.468,3111.218,3111.544
2026-05-08 17:00:00,3111.545,3115.443,3104.377,3115.443
2026-05-08 18:00:00,3115.452,3127.715,3112.114,3127.715
2026-05-08 19:00:00,3127.719,3132.172,3122.516,3129.72
2026-05-08 20:00:00,3129.732,3133.779,3125.234,3133.779
2026-05-08 21:00:00,3133.785,3142.303,3130.96,3142.303
2026-05-08 22:00:00,3142.31,3144.598,3129.144,3132.604
2026-05-08 23:00:00,3132.618,3145.12,3132.618,3145.12
2026-05-09 00:00:00,3145.129,3151.853,3139.923,3151.853
2026-05-09 01:00:00,3151.856,3159.374,3135.288,3140.131
2026-05-09 02:00:00,3140.132,3152.913,3139.1,3140.068
2026-05-09 03:00:00,3140.068,3151.061,3138.672,3148.762
2026-05-09 04:00:00,3148.765,3155.029,3144.122,3150.127
2026-05-09 05:00:00,3150.133,3161.468,3147.272,3161.468
2026-05-09 06:00:00,3161.475,3163.558,3151.393,3162.721
2026-05-09 07:00:00,3162.722,3172.381,3159.011,3166.182
2026-05-09 08:00:00,3166.186,3169.386,3160.083,3161.81
2026-05-09 09:00:00,3161.82,3174.784,3158.375,3174.784
2026-05-09 10:00:00,3174.786,3176.528,3164.385,3171.739
2026-05-09 11:00:00,3171.74,3179.604,3171.74,3179.604
2026-05-09 12:00:00,3179.619,3185.828,3173.069,3185.272
2026-05-09 13:00:00,3185.28,3190.356,3171.653,3174.372
2026-05-09 14:00:00,3174.385,3180.725,3168.45,3171.67
2026-05-09 15:00:00,3171.672,3174.461,3168.028,3173.277
2026-05-09 16:00:00,3173.287,3184.993,3172.298,3184.993
2026-05-09 17:00:00,3184.995,3189.621,3177.515,3186.108
2026-05-09 18:00:00,3186.113,3193.384,3184.152,3186.759
2026-05-09 19:00:00,3186.759,3191.681,3182.476,3187.69
2026-05-09 20:00:00,3187.695,3192.089,3171.916,3175.328
2026-05-09 21:00:00,3175.331,3177.017,3168.837,3169.285
2026-05-09 22:00:00,3169.296,3171.62,3164.206,3170.819
2026-05-09 23:00:00,3170.833,3177.478,3165.971,3177.478
2026-05-10 00:00:00,3177.479,3180.415,3158.426,3161.663
2026-05-10 01:00:00,3161.665,3178.756,3161.665,3175.337
2026-05-10 02:00:00,3175.343,3186.123,3172.618,3178.462
2026-05-10 03:00:00,3178.468,3185.746,3174.757,3177.813
2026-05-10 04:00:00,3177.817,3183.478,3172.583,3175.739
2026-05-10 05:00:00,3175.746,3194.199,3172.666,3194.199
2026-05-10 06:00:00,3194.203,3196.401,3181.299,3188.526
2026-05-10 07:00:00,3188.54,3190.072,3181.366,3190.072
2026-05-10 08:00:00,3190.076,3193.105,3178.318,3192.56
2026-05-10 09:00:00,3192.562,3202.229,3190.165,3194.568
2026-05-10 10:00:00,3194.571,3200.754,3192.212,3195.461
2026-05-10 11:00:00,3195.464,3204.879,3192.121,3196.749
2026-05-10 12:00:00,3196.754,3202.414,3190.923,3198.768
2026-05-10 13:00:00,3198.771,3209.504,3198.653,3207.146
2026-05-10 14:00:00,3207.152,3216.474,3198.675,3201.281
2026-05-10 15:00:00,3201.283,3203.028,3178.875,3181.685
2026-05-10 16:00:00,3181.699,3192.398,3179.065,3179.341
2026-05-10 17:00:00,3179.352,3194.801,3178.281,3180.736
2026-05-10 18:00:00,3180.738,3195.48,3180.738,3195.48
2026-05-10 19:00:00,3195.495,3203.788,3188.625,3190.099
2026-05-10 20:00:00,3190.108,3197.591,3183.44,3197.591
2026-05-10 21:00:00,3197.596,3200.429,3189.822,3196.27
2026-05-10 22:00:00,3196.277,3204.654,3194.038,3202.484
2026-05-10 23:00:00,3202.499,3213.268,3199.777,3201.027
2026-05-11 00:00:00,3201.027,3210.566,3194.012,3196.078
2026-05-11 01:00:00,3196.084,3199.304,3185.537,3189.176
2026-05-11 02:00:00,3189.184,3200.732,3189.184,3198.224
2026-05-11 03:00:00,3198.233,3202.796,3184.358,3185.593
2026-05-11 04:00:00,3185.594,3189.992,3177.312,3189.992
2026-05-11 05:00:00,3189.996,3204.569,3189.996,3204.569
2026-05-11 06:00:00,3204.577,3221.3,3204.577,3219.701
2026-05-11 07:00:00,3219.705,3232.509,3219.705,3224.431
2026-05-11 08:00:00,3224.431,3242.143,3224.431,3242.143
2026-05-11 09:00:00,3242.16,3245.301,3224.043,3224.37
2026-05-11 10:00:00,3224.383,3236.931,3224.383,3231.114
2026-05-11 11:00:00,3231.123,3243.648,3231.123,3242.507
2026-05-11 12:00:00,3242.51,3253.542,3241.834,3252.384
2026-05-11 13:00:00,3252.387,3266.545,3251.529,3266.545
2026-05-11 14:00:00,3266.549,3276.333,3265.581,3266.765
2026-05-11 15:00:00,3266.765,3272.711,3259.756,3266.155
2026-05-11 16:00:00,3266.167,3270.128,3254.323,3255.122
2026-05-11 17:00:00,3255.137,3266.815,3254.491,3266.815
2026-05-11 18:00:00,3266.816,3279.535,3266.816,3279.535
2026-05-11 19:00:00,3279.547,3295.632,3279.547,3293.739
2026-05-11 20:00:00,3293.749,3303.764,3288.159,3301.322
2026-05-11 21:00:00,3301.323,3310.887,3301.323,3310.887
2026-05-11 22:00:00,3310.891,3327.386,3297.878,3298.172
2026-05-11 23:00:00,3298.182,3299.332,3283.701,3292.761
2026-05-12 00:00:00,3292.762,3297.106,3285.314,3286.493
2026-05-12 01:00:00,3286.499,3286.757,3266.727,3272.685
2026-05-12 02:00:00,3272.686,3280.609,3267.358,3273.367
2026-05-12 03:00:00,3273.37,3284.595,3273.37,3284.595
2026-05-12 04:00:00,3284.604,3288.688,3274.166,3288.688
2026-05-12 05:00:00,3288.695,3293.151,3282.791,3292.788
2026-05-12 06:00:00,3292.796,3294.571,3281.337,3281.369
2026-05-12 07:00:00,3281.38,3297.426,3280.147,3297.426
2026-05-12 08:00:00,3297.436,3298.292,3288.599,3288.858
2026-05-12 09:00:00,3288.875,3290.954,3263.283,3263.888
2026-05-12 10:00:00,3263.903,3268.118,3252.773,3259.435
2026-05-12 11:00:00,3259.436,3262.647,3246.324,3254.208
2026-05-12 12:00:00,3254.211,3262.574,3254.211,3257.144
2026-05-12 13:00:00,3257.154,3257.674,3238.66,3239.625
2026-05-12 14:00:00,3239.631,3240.254,3224.814,3229.783
2026-05-12 15:00:00,3229.794,3235.428,3220.943,3229.444
2026-05-12 16:00:00,3229.445,3232.464,3202.116,3203.382
2026-05-12 17:00:00,3203.391,3219.442,3202.768,3203.432
2026-05-12 18:00:00,3203.439,3219.397,3203.439,3215.294
2026-05-12 19:00:00,3215.298,3215.638,3202.359,3214.086
2026-05-12 20:00:00,3214.087,3221.019,3206.02,3208.464
2026-05-12 21:00:00,3208.473,3214.905,3207.175,3214.74
2026-05-12 22:00:00,3214.751,3231.511,3214.751,3231.511
2026-05-12 23:00:00,3231.515,3232.694,3200.821,3203.953
2026-05-13 00:00:00,3203.955,3209.327,3186.609,3199.976
2026-05-13 01:00:00,3199.981,3204.33,3193.941,3198.666
2026-05-13 02:00:00,3198.678,3201.224,3184.034,3191.401
2026-05-13 03:00:00,3191.415,3198.853,3186.157,3197.058
2026-05-13 04:00:00,3197.062,3199.368,3160.727,3161.168
2026-05-13 05:00:00,3161.168,3173.433,3161.168,3163.204
2026-05-13 06:00:00,3163.213,3177.18,3159.059,3171.327
2026-05-13 07:00:00,3171.34,3183.904,3171.34,3182.39
2026-05-13 08:00:00,3182.403,3183.872,3175.242,3181.316
2026-05-13 09:00:00,3181.326,3190.122,3172.626,3180.089
2026-05-13 10:00:00,3180.102,3197.438,3180.102,3192.28
2026-05-13 11:00:00,3192.285,3199.174,3185.813,3192.726
2026-05-13 12:00:00,3192.727,3201.691,3188.968,3194.392
2026-05-13 13:00:00,3194.396,3202.021,3186.886,3202.021
2026-05-13 14:00:00,3202.023,3203.48,3188.497,3196.659
2026-05-13 15:00:00,3196.663,3213.747,3196.663,3209.846
2026-05-13 16:00:00,3209.852,3220.442,3209.852,3220.442
2026-05-13 17:00:00,3220.448,3221.196,3188.181,3189.113
2026-05-13 18:00:00,3189.124,3201.365,3180.401,3182.537
2026-05-13 19:00:00,3182.549,3199.196,3182.549,3197.195
2026-05-13 20:00:00,3197.205,3207.702,3191.903,3203.363
2026-05-13 21:00:00,3203.379,3220.102,3200.848,3220.102
2026-05-13 22:00:00,3220.105,3229.629,3217.006,3229.629
2026-05-13 23:00:00,3229.638,3230.688,3200.083,3200.978
2026-05-14 00:00:00,3200.978,3214.318,3200.569,3208.853
2026-05-14 01:00:00,3208.859,3209.253,3162.686,3162.824
2026-05-14 02:00:00,3162.831,3168.907,3158.861,3161.813
2026-05-14 03:00:00,3161.82,3170.414,3159.108,3161.152
2026-05-14 04:00:00,3161.158,3165.057,3154.574,3163.787
2026-05-14 05:00:00,3163.796,3174.459,3160.398,3174.459
2026-05-14 06:00:00,3174.464,3178.527,3167.698,3168.895
2026-05-14 07:00:00,3168.9,3187.375,3168.9,3180.348
2026-05-14 08:00:00,3180.353,3192.594,3170.189,3175.256
2026-05-14 09:00:00,3175.256,3179.988,3168.425,3170.009
2026-05-14 10:00:00,3170.012,3172.531,3165.723,3168.415
2026-05-14 11:00:00,3168.419,3182.889,3167.865,3170.34
2026-05-14 12:00:00,3170.341,3179.925,3166.511,3172.473
2026-05-14 13:00:00,3172.478,3173.514,3157.773,3159.459
2026-05-14 14:00:00,3159.459,3167.563,3156.303,3167.241
2026-05-14 15:00:00,3167.247,3170.784,3157.919,3161.649
2026-05-14 16:00:00,3161.649,3179.454,3161.649,3177.157
2026-05-14 17:00:00,3177.177,3177.257,3162.963,3173.291
2026-05-14 18:00:00,3173.296,3179.055,3165.303,3179.055
2026-05-14 19:00:00,3179.063,3194.298,3179.063,3191.795
2026-05-14 20:00:00,3191.798,3211.806,3191.798,3211.31
2026-05-14 21:00:00,3211.317,3211.813,3190.717,3200.246
2026-05-14 22:00:00,3200.258,3201.795,3181.5,3185.878
2026-05-14 23:00:00,3185.881,3186.064,3172.982,3176.965
2026-05-15 00:00:00,3176.968,3188.979,3174.538,3177.994
2026-05-15 01:00:00,3177.997,3187.321,3175.793,3179.674
2026-05-15 02:00:00,3179.684,3183.021,3160.581,3170.238
2026-05-15 03:00:00,3170.247,3180.455,3170.247,3180.455
2026-05-15 04:00:00,3180.457,3193.38,3180.457,3185.639
2026-05-15 05:00:00,3185.65,3193.507,3182.326,3188.295
2026-05-15 06:00:00,3188.302,3198.537,3188.302,3196.502
2026-05-15 07:00:00,3196.504,3211.173,3196.504,3211.173
2026-05-15 08:00:00,3211.176,3221.108,3210.946,3213.917
2026-05-15 09:00:00,3213.92,3215.031,3198.124,3202.673
2026-05-15 10:00:00,3202.679,3206.633,3198.76,3203.055
2026-05-15 11:00:00,3203.057,3207.708,3196.216,3205.396
2026-05-15 12:00:00,3205.403,3217.224,3202.445,3217.224
2026-05-15 13:00:00,3217.236,3226.59,3217.236,3223.259
2026-05-15 14:00:00,3223.265,3224.539,3213.197,3214.683
2026-05-15 15:00:00,3214.687,3220.238,3208.117,3219.089
2026-05-15 16:00:00,3219.101,3230.738,3215.698,3230.738
2026-05-15 17:00:00,3230.742,3233.643,3222.589,3223.647
2026-05-15 18:00:00,3223.651,3231.762,3223.145,3229.448
2026-05-15 19:00:00,3229.457,3236.69,3224.281,3226.176
2026-05-15 20:00:00,3226.183,3231.595,3217.458,3231.595
2026-05-15 21:00:00,3231.598,3234.733,3215.066,3221.113
2026-05-15 22:00:00,3221.132,3228.653,3221.132,3227.989
2026-05-15 23:00:00,3227.993,3228.598,3202.833,3208.057
2026-05-16 00:00:00,3208.065,3213.436,3205.965,3208.189
2026-05-16 01:00:00,3208.189,3209.636,3198.053,3207.799
2026-05-16 02:00:00,3207.802,3212.106,3202.689,3212.106
2026-05-16 03:00:00,3212.115,3224.386,3210.506,3221.986
2026-05-16 04:00:00,3221.997,3229.208,3219.122,3221.164
2026-05-16 05:00:00,3221.17,3228.702,3217.144,3226.626
2026-05-16 06:00:00,3226.628,3241.673,3226.628,3238.55
2026-05-16 07:00:00,3238.551,3243.351,3218.959,3224.164
2026-05-16 08:00:00,3224.164,3226.019,3214.282,3223.438
2026-05-16 09:00:00,3223.446,3229.511,3221.208,3222.983
2026-05-16 10:00:00,3222.992,3224.398,3192.913,3199.594
2026-05-16 11:00:00,3199.598,3206.713,3196.124,3203.817
2026-05-16 12:00:00,3203.83,3210.529,3195.969,3210.529
2026-05-16 13:00:00,3210.536,3230.063,3210.536,3230.063
2026-05-16 14:00:00,3230.072,3247.362,3230.072,3245.081
2026-05-16 15:00:00,3245.089,3246.241,3235.92,3246.241
2026-05-16 16:00:00,3246.242,3247.462,3228.49,3237.819
2026-05-16 17:00:00,3237.821,3249.942,3237.821,3238.807
2026-05-16 18:00:00,3238.809,3245.225,3232.038,3245.225
2026-05-16 19:00:00,3245.232,3249.554,3238.518,3244.6
2026-05-16 20:00:00,3244.61,3248.024,3235.984,3239.478
2026-05-16 21:00:00,3239.486,3240.56,3214.375,3223.426
2026-05-16 22:00:00,3223.431,3230.473,3217.667,3220.514
2026-05-16 23:00:00,3220.53,3228.889,3215.457,3215.486
2026-05-17 00:00:00,3215.494,3230.435,3215.494,3226.155
2026-05-17 01:00:00,3226.165,3232.88,3221.95,3232.88
2026-05-17 02:00:00,3232.881,3240.525,3228.531,3231.763
2026-05-17 03:00:00,3231.768,3241.405,3230.371,3230.955
2026-05-17 04:00:00,3230.963,3248.784,3230.963,3248.121
2026-05-17 05:00:00,3248.13,3268.672,3247.019,3268.672
2026-05-17 06:00:00,3268.68,3272.208,3258.804,3265.355
2026-05-17 07:00:00,3265.367,3270.676,3261.75,3270.676
2026-05-17 08:00:00,3270.685,3278.931,3265.579,3278.931
2026-05-17 09:00:00,3278.939,3282.515,3268.635,3269.195
2026-05-17 10:00:00,3269.205,3279.954,3266.538,3270.698
2026-05-17 11:00:00,3270.699,3279.465,3267.237,3277.809
2026-05-17 12:00:00,3277.817,3292.659,3277.817,3290.203
2026-05-17 13:00:00,3290.206,3302.699,3290.206,3293.51
2026-05-17 14:00:00,3293.511,3303.881,3293.511,3301.443
2026-05-17 15:00:00,3301.447,3307.468,3297.472,3301.039
2026-05-17 16:00:00,3301.046,3305.569,3286.401,3288.87
2026-05-17 17:00:00,3288.88,3289.252,3274.076,3279.173
2026-05-17 18:00:00,3279.174,3282.488,3268.454,3277.803
2026-05-17 19:00:00,3277.806,3287.947,3265.656,3265.666
2026-05-17 20:00:00,3265.67,3272.053,3248.043,3254.908
2026-05-17 21:00:00,3254.921,3256.744,3245.199,3247.761
2026-05-17 22:00:00,3247.766,3255.918,3244.227,3255.163
2026-05-17 23:00:00,3255.167,3259.287,3246.425,3247.685
2026-05-18 00:00:00,3247.686,3252.877,3242.695,3252.877
2026-05-18 01:00:00,3252.879,3261.654,3246.79,3259.116
2026-05-18 02:00:00,3259.121,3262.277,3252.617,3258.602
2026-05-18 03:00:00,3258.604,3271.224,3258.604,3266.619
2026-05-18 04:00:00,3266.628,3276.716,3265.368,3276.716
2026-05-18 05:00:00,3276.727,3279.269,3269.862,3278.666
2026-05-18 06:00:00,3278.672,3282.944,3267.714,3277.608
2026-05-18 07:00:00,3277.614,3294.817,3277.614,3294.817
2026-05-18 08:00:00,3294.822,3304.141,3287.269,3288.154
2026-05-18 09:00:00,3288.157,3289.964,3279.138,3282.532
2026-05-18 10:00:00,3282.548,3283.448,3270.997,3276.578
2026-05-18 11:00:00,3276.587,3286.803,3272.465,3281.955
2026-05-18 12:00:00,3281.959,3294.716,3278.133,3279.984
2026-05-18 13:00:00,3279.996,3281.233,3269.846,3279.626
2026-05-18 14:00:00,3279.63,3291.074,3279.63,3283.669
2026-05-18 15:00:00,3283.678,3288.766,3274.117,3279.032
2026-05-18 16:00:00,3279.034,3282.158,3263.936,3266.787
2026-05-18 17:00:00,3266.797,3271.24,3265.45,3269.174
2026-05-18 18:00:00,3269.178,3277.918,3266.77,3270.886
2026-05-18 19:00:00,3270.896,3278.246,3268.961,3277.481
2026-05-18 20:00:00,3277.483,3286.086,3272.925,3273.073
2026-05-18 21:00:00,3273.075,3283.618,3273.019,3276.965
2026-05-18 22:00:00,3276.986,3279.428,3264.466,3273.625
2026-05-18 23:00:00,3273.635,3282.478,3272.148,3275.527
2026-05-19 00:00:00,3275.539,3282.704,3270.294,3276.86
2026-05-19 01:00:00,3276.869,3283.756,3268.375,3268.449
2026-05-19 02:00:00,3268.457,3283.841,3264.524,3277.371
2026-05-19 03:00:00,3277.38,3284.791,3276.641,3284.791
2026-05-19 04:00:00,3284.801,3290.577,3272.53,3273.589
2026-05-19 05:00:00,3273.59,3289.17,3273.59,3289.17
2026-05-19 06:00:00,3289.174,3310.779,3289.174,3306.265
2026-05-19 07:00:00,3306.277,3320.431,3306.277,3318.243
2026-05-19 08:00:00,3318.249,3321.17,3311.786,3315.966
2026-05-19 09:00:00,3315.971,3318.426,3307.921,3318.426
2026-05-19 10:00:00,3318.435,3323.091,3310.744,3312.584
2026-05-19 11:00:00,3312.599,3318.442,3305.985,3318.442
2026-05-19 12:00:00,3318.45,3330.451,3318.45,3319.922
2026-05-19 13:00:00,3319.927,3319.956,3299.639,3310.17
2026-05-19 14:00:00,3310.175,3311.024,3296.236,3300.084
2026-05-19 15:00:00,3300.094,3310.882,3300.094,3306.545
2026-05-19 16:00:00,3306.551,3318.9,3304.617,3314.326
2026-05-19 17:00:00,3314.332,3316.919,3308.4,3313.143
2026-05-19 18:00:00,3313.154,3317.565,3301.877,3303.565
2026-05-19 19:00:00,3303.573,3311.125,3302.086,3306.358
2026-05-19 20:00:00,3306.358,3306.706,3290.033,3304.457
2026-05-19 21:00:00,3304.458,3307.601,3291.734,3298.379
2026-05-19 22:00:00,3298.382,3300.152,3288.651,3299.77
2026-05-19 23:00:00,3299.785,3302.637,3297.047,3299.987
2026-05-20 00:00:00,3299.989,3306.413,3289.841,3294.166
2026-05-20 01:00:00,3294.19,3307.342,3293.023,3303.279
2026-05-20 02:00:00,3303.284,3306.565,3298.733,3306.565
2026-05-20 03:00:00,3306.584,3307.537,3286.437,3287.014
2026-05-20 04:00:00,3287.019,3291.134,3280.8,3281.752
2026-05-20 05:00:00,3281.757,3283.845,3265.93,3276.492
2026-05-20 06:00:00,3276.497,3282.892,3265.552,3276.741
2026-05-20 07:00:00,3276.746,3285.152,3275.575,3279.105
2026-05-20 08:00:00,3279.105,3285.188,3274.154,3276.852
2026-05-20 09:00:00,3276.859,3290.627,3276.859,3285.466
2026-05-20 10:00:00,3285.483,3297.913,3284.451,3296.575
2026-05-20 11:00:00,3296.577,3306.248,3296.577,3304.29
2026-05-20 12:00:00,3304.296,3318.272,3304.296,3314.477
2026-05-20 13:00:00,3314.484,3330.164,3313.962,3330.162
2026-05-20 14:00:00,3330.18,3330.922,3308.091,3316.06
2026-05-20 15:00:00,3316.074,3321.674,3297.852,3298.009
2026-05-20 16:00:00,3298.02,3311.404,3298.02,3306.21
2026-05-20 17:00:00,3306.216,3322.528,3306.216,3309.422
2026-05-20 18:00:00,3309.423,3317.469,3301.117,3309.096
2026-05-20 19:00:00,3309.104,3311.995,3297.262,3303.908
2026-05-20 20:00:00,3303.909,3311.591,3302.921,3308.464
2026-05-20 21:00:00,3308.466,3316.287,3307.88,3307.88
2026-05-20 22:00:00,3307.883,3313.771,3281.887,3283.436
2026-05-20 23:00:00,3283.44,3302.895,3283.44,3302.895
2026-05-21 00:00:00,3302.905,3306.247,3292.47,3301.132
2026-05-21 01:00:00,3301.136,3313.036,3289.65,3293.179
2026-05-21 02:00:00,3293.187,3300.466,3290.1,3297.051
2026-05-21 03:00:00,3297.058,3303.13,3273.034,3274.49
2026-05-21 04:00:00,3274.491,3286.808,3274.491,3284.85
2026-05-21 05:00:00,3284.855,3291.25,3283.981,3288.478
2026-05-21 06:00:00,3288.48,3289.996,3270.045,3273.114
2026-05-21 07:00:00,3273.116,3279.229,3267.688,3275.477
2026-05-21 08:00:00,3275.488,3292.02,3271.115,3292.02
2026-05-21 09:00:00,3292.027,3306.047,3292.027,3294.733
2026-05-21 10:00:00,3294.742,3300.393,3284.894,3287.079
2026-05-21 11:00:00,3287.081,3299.95,3286.82,3298.631
2026-05-21 12:00:00,3298.643,3307.564,3295.56,3302.493
2026-05-21 13:00:00,3302.501,3309.639,3297.19,3309.639
2026-05-21 14:00:00,3309.648,3326.958,3309.648,3326.958
2026-05-21 15:00:00,3326.961,3337.322,3320.695,3321.692
2026-05-21 16:00:00,3321.697,3329.653,3321.697,3329.332
2026-05-21 17:00:00,3329.343,3338.863,3328.127,3338.863
2026-05-21 18:00:00,3338.877,3346.74,3336.949,3346.434
2026-05-21 19:00:00,3346.441,3354.811,3343.65,3346.879
2026-05-21 20:00:00,3346.883,3360.998,3346.003,3356.386
2026-05-21 21:00:00,3356.395,3358.152,3338.234,3338.52
2026-05-21 22:00:00,3338.537,3347.468,3336.423,3340.041
2026-05-21 23:00:00,3340.048,3349.776,3339.643,3342.938
2026-05-22 00:00:00,3342.944,3343.547,3330.207,3332.832
2026-05-22 01:00:00,3332.835,3334.895,3311.38,3316.332
2026-05-22 02:00:00,3316.34,3336.569,3316.34,3336.569
2026-05-22 03:00:00,3336.573,3348.092,3336.573,3348.092
2026-05-22 04:00:00,3348.101,3353.335,3340.256,3353.335
2026-05-22 05:00:00,3353.335,3354.525,3334.968,3341.076
2026-05-22 06:00:00,3341.088,3344.52,3334.68,3339.679
2026-05-22 07:00:00,3339.688,3340.346,3318.687,3325.523
2026-05-22 08:00:00,3325.533,3327.431,3310.047,3313.736
2026-05-22 09:00:00,3313.738,3316.752,3301.629,3301.738
2026-05-22 10:00:00,3301.745,3311.543,3301.616,3302.976
2026-05-22 11:00:00,3302.977,3305.096,3284.979,3286.594
2026-05-22 12:00:00,3286.6,3288.447,3274.409,3277.894
2026-05-22 13:00:00,3277.907,3278.363,3264.421,3269.622
2026-05-22 14:00:00,3269.631,3273.656,3253.277,3256.131
2026-05-22 15:00:00,3256.133,3259.698,3237.17,3246.186
2026-05-22 16:00:00,3246.191,3247.028,3234.236,3246.2
2026-05-22 17:00:00,3246.205,3248.648,3237.114,3246.497
2026-05-22 18:00:00,3246.505,3251.217,3239.029,3241.384
2026-05-22 19:00:00,3241.393,3252.473,3238.333,3248.235
2026-05-22 20:00:00,3248.241,3251.671,3227.656,3234.864
2026-05-22 21:00:00,3234.871,3238.137,3216.936,3223.026
2026-05-22 22:00:00,3223.028,3231.151,3223.028,3231.151
2026-05-22 23:00:00,3231.157,3232.749,3226.128,3231.666
2026-05-23 00:00:00,3231.674,3235.509,3222.293,3232.177
2026-05-23 01:00:00,3232.183,3234.997,3222.972,3227.867
2026-05-23 02:00:00,3227.875,3228.561,3216.975,3220.168
2026-05-23 03:00:00,3220.17,3231.974,3220.17,3231.974
2026-05-23 04:00:00,3231.977,3245.485,3231.977,3239.282
2026-05-23 05:00:00,3239.284,3243.675,3230.265,3241.877
2026-05-23 06:00:00,3241.886,3249.106,3241.563,3247.242
2026-05-23 07:00:00,3247.247,3253.026,3240.669,3245.744
2026-05-23 08:00:00,3245.749,3245.766,3225.913,3227.814
2026-05-23 09:00:00,3227.825,3237.329,3227.047,3233.49
2026-05-23 10:00:00,3233.501,3236.299,3213.106,3221.106
2026-05-23 11:00:00,3221.115,3227.638,3215.059,3216.793
2026-05-23 12:00:00,3216.799,3220.615,3196.634,3197.763
2026-05-23 13:00:00,3197.768,3209.169,3195.92,3209.126
2026-05-23 14:00:00,3209.129,3211.977,3185.382,3188.037
2026-05-23 15:00:00,3188.038,3195.128,3183.959,3195.128
2026-05-23 16:00:00,3195.132,3198.297,3184.888,3194.864
2026-05-23 17:00:00,3194.873,3207.425,3194.873,3204.724
2026-05-23 18:00:00,3204.733,3206.397,3187.552,3193.53
2026-05-23 19:00:00,3193.539,3193.697,3182.949,3186.976
2026-05-23 20:00:00,3186.978,3187.196,3160.038,3160.665
2026-05-23 21:00:00,3160.674,3175.679,3160.674,3170.845
2026-05-23 22:00:00,3170.855,3179.922,3164.849,3173.244
2026-05-23 23:00:00,3173.253,3188.47,3173.253,3185.012
2026-05-24 00:00:00,3185.018,3186.987,3172.892,3174.95
2026-05-24 01:00:00,3174.96,3180.297,3164.695,3172.173
2026-05-24 02:00:00,3172.179,3179.988,3169.019,3171.668
2026-05-24 03:00:00,3171.672,3172.689,3153.703,3154.341
2026-05-24 04:00:00,3154.35,3161.913,3150.624,3161.913
2026-05-24 05:00:00,3161.926,3163.787,3146.291,3147.754
2026-05-24 06:00:00,3147.764,3157.053,3146.621,3153.984
2026-05-24 07:00:00,3153.992,3158.887,3142.551,3158.887
2026-05-24 08:00:00,3158.889,3174.603,3158.889,3174.603
2026-05-24 09:00:00,3174.611,3179.242,3162.069,3162.069
2026-05-24 10:00:00,3162.079,3177.986,3161.629,3176.32
2026-05-24 11:00:00,3176.324,3182.3,3162.455,3173.825
2026-05-24 12:00:00,3173.834,3186.273,3173.834,3185.095
2026-05-24 13:00:00,3185.096,3187.196,3172.287,3174.727
2026-05-24 14:00:00,3174.744,3189.707,3173.919,3189.707
2026-05-24 15:00:00,3189.715,3206.738,3189.715,3194.548
2026-05-24 16:00:00,3194.551,3212.864,3194.551,3212.864
2026-05-24 17:00:00,3212.865,3214.233,3202.337,3205.095
2026-05-24 18:00:00,3205.1,3214.361,3202.961,3214.361
2026-05-24 19:00:00,3214.373,3219.887,3192.661,3199.785
2026-05-24 20:00:00,3199.788,3199.919,3190.503,3199.541
2026-05-24 21:00:00,3199.552,3212.452,3199.545,3199.555
2026-05-24 22:00:00,3199.563,3210.378,3198.932,3206.45
2026-05-24 23:00:00,3206.459,3207.043,3183.366,3186.793
2026-05-25 00:00:00,3186.799,3192.072,3180.837,3181.601
2026-05-25 01:00:00,3181.603,3186.233,3167.721,3173.613
2026-05-25 02:00:00,3173.621,3187.192,3172.91,3187.192
2026-05-25 03:00:00,3187.192,3196.144,3187.192,3191.393
2026-05-25 04:00:00,3191.4,3193.751,3184.385,3190.027
2026-05-25 05:00:00,3190.03,3192.568,3170.881,3175.146
2026-05-25 06:00:00,3175.149,3177.268,3161.762,3168.307
2026-05-25 07:00:00,3168.31,3183.619,3168.31,3183.309
2026-05-25 08:00:00,3183.315,3183.656,3173.389,3182.759
2026-05-25 09:00:00,3182.767,3191.295,3182.767,3188.47
2026-05-25 10:00:00,3188.484,3195.9,3185.056,3192.653
2026-05-25 11:00:00,3192.666,3196.935,3180.384,3181.555
2026-05-25 12:00:00,3181.558,3183.598,3165.516,3171.088
2026-05-25 13:00:00,3171.105,3176.599,3158.82,3165.171
2026-05-25 14:00:00,3165.179,3169.746,3143.384,3143.989
2026-05-25 15:00:00,3144.002,3153.203,3128.21,3132.057
2026-05-25 16:00:00,3132.068,3143.814,3132.068,3132.872
2026-05-25 17:00:00,3132.878,3135.116,3112.545,3113.725
2026-05-25 18:00:00,3113.731,3121.383,3111.049,3116.098
2026-05-25 19:00:00,3116.101,3124.143,3114.147,3122.39
2026-05-25 20:00:00,3122.396,3127.783,3120.082,3125.295
2026-05-25 21:00:00,3125.305,3129.319,3115.512,3116.457
2026-05-25 22:00:00,3116.458,3127.242,3114.093,3127.242
2026-05-25 23:00:00,3127.247,3132.53,3120.266,3120.756
2026-05-26 00:00:00,3120.761,3131.056,3118.75,3131.056
2026-05-26 01:00:00,3131.062,3132.607,3121.548,3126.692
2026-05-26 02:00:00,3126.697,3134.813,3126.697,3132.247
2026-05-26 03:00:00,3132.248,3133.591,3110.535,3112.925
2026-05-26 04:00:00,3112.93,3112.93,3091.844,3092.08
2026-05-26 05:00:00,3092.091,3099.69,3088.708,3089.468
2026-05-26 06:00:00,3089.474,3105.517,3088.716,3099.223
2026-05-26 07:00:00,3099.236,3102.193,3088.285,3092.412
2026-05-26 08:00:00,3092.414,3109.228,3092.414,3101.738
2026-05-26 09:00:00,3101.75,3102.285,3095.097,3098.887
2026-05-26 10:00:00,3098.889,3102.566,3075.624,3076.385
2026-05-26 11:00:00,3076.39,3077.883,3060.295,3061.12
2026-05-26 12:00:00,3061.128,3076.094,3061.128,3076.094
2026-05-26 13:00:00,3076.096,3078.394,3067.842,3073.42
2026-05-26 14:00:00,3073.42,3080.201,3070.88,3079.3
2026-05-26 15:00:00,3079.302,3089.98,3074.84,3079.574
2026-05-26 16:00:00,3079.58,3083.582,3071.598,3075.913
2026-05-26 17:00:00,3075.921,3078.223,3066.826,3071.081
2026-05-26 18:00:00,3071.092,3076.438,3061.427,3076.438
2026-05-26 19:00:00,3076.445,3076.545,3054.882,3055.505
2026-05-26 20:00:00,3055.511,3068.398,3055.511,3068.398
2026-05-26 21:00:00,3068.404,3072.136,3061.534,3072.136
2026-05-26 22:00:00,3072.137,3072.309,3062.657,3066.838
2026-05-26 23:00:00,3066.841,3072.676,3062.953,3069.651
2026-05-27 00:00:00,3069.659,3081.593,3069.659,3078.689
2026-05-27 01:00:00,3078.691,3080.429,3070.02,3070.166
2026-05-27 02:00:00,3070.168,3074.902,3063.794,3067.147
2026-05-27 03:00:00,3067.153,3068.263,3056.914,3061.8
2026-05-27 04:00:00,3061.81,3065.885,3055.961,3061.595
2026-05-27 05:00:00,3061.596,3066.785,3058.569,3065.517
2026-05-27 06:00:00,3065.522,3069.976,3062.083,3069.327
2026-05-27 07:00:00,3069.331,3074.427,3066.249,3070.009
2026-05-27 08:00:00,3070.013,3081.863,3070.013,3080.541
2026-05-27 09:00:00,3080.555,3083.896,3076.099,3082.875
2026-05-27 10:00:00,3082.883,3088.404,3076.148,3081.154
2026-05-27 11:00:00,3081.154,3093.939,3081.154,3093.939
2026-05-27 12:00:00,3093.941,3095.165,3069.732,3084.565
2026-05-27 13:00:00,3084.577,3090.687,3072.957,3073.881
2026-05-27 14:00:00,3073.888,3080.625,3072.211,3079.288
2026-05-27 15:00:00,3079.29,3084.639,3060.669,3061.202
2026-05-27 16:00:00,3061.203,3070.106,3059.944,3070.106
2026-05-27 17:00:00,3070.109,3076.706,3066.021,3075.498
2026-05-27 18:00:00,3075.505,3079.145,3072.348,3078.176
2026-05-27 19:00:00,3078.189,3087.26,3077.664,3087.102
2026-05-27 20:00:00,3087.105,3088.305,3073.737,3078.958
2026-05-27 21:00:00,3078.964,3079.983,3061.875,3077.073
2026-05-27 22:00:00,3077.077,3081.927,3067.025,3074.591
2026-05-27 23:00:00,3074.597,3089.397,3074.597,3086.871
2026-05-28 00:00:00,3086.879,3095.986,3085.67,3091.694
2026-05-28 01:00:00,3091.709,3094.272,3078.616,3083.335
2026-05-28 02:00:00,3083.339,3090.547,3061.435,3062.675
2026-05-28 03:00:00,3062.685,3075.139,3062.685,3073.175
2026-05-28 04:00:00,3073.181,3074.917,3058.943,3068.73
2026-05-28 05:00:00,3068.743,3073.792,3066.891,3071.947
2026-05-28 06:00:00,3071.955,3073.827,3060.341,3060.807
2026-05-28 07:00:00,3060.811,3070.6,3053.353,3059.351
2026-05-28 08:00:00,3059.357,3063.302,3048.345,3049.306
2026-05-28 09:00:00,3049.316,3050.479,3029.238,3032.091
2026-05-28 10:00:00,3032.094,3037.593,3023.849,3032.508
2026-05-28 11:00:00,3032.515,3039.256,3031.198,3038.346
2026-05-28 12:00:00,3038.347,3039.202,3015.399,3024.605
2026-05-28 13:00:00,3024.615,3024.935,3002.872,3006.515
2026-05-28 14:00:00,3006.523,3012.572,2999.245,3012.572
2026-05-28 15:00:00,3012.583,3012.996,2993.911,3006.262
2026-05-28 16:00:00,3006.267,3012.411,2997.69,2999.806
2026-05-28 17:00:00,2999.806,3008.091,2991.209,2993.732
2026-05-28 18:00:00,2993.736,3008.387,2993.736,3008.387
2026-05-28 19:00:00,3008.389,3021.931,3008.389,3019.067
2026-05-28 20:00:00,3019.083,3024.783,3008.794,3012.913
2026-05-28 21:00:00,3012.917,3028.0,3012.917,3022.633
2026-05-28 22:00:00,3022.638,3023.174,3008.412,3015.656
2026-05-28 23:00:00,3015.658,3019.549,3007.539,3013.905
2026-05-29 00:00:00,3013.912,3018.034,2996.181,3003.539
2026-05-29 01:00:00,3003.548,3009.163,2989.41,2994.285
2026-05-29 02:00:00,2994.303,3000.528,2992.059,2997.034
2026-05-29 03:00:00,2997.041,3004.089,2995.627,2998.27
2026-05-29 04:00:00,2998.274,3012.799,2998.274,3005.838
2026-05-29 05:00:00,3005.848,3017.72,3005.096,3017.72
2026-05-29 06:00:00,3017.729,3018.887,3000.511,3002.679
2026-05-29 07:00:00,3002.683,3009.724,2998.456,3002.069
2026-05-29 08:00:00,3002.079,3011.697,2996.636,3011.697
2026-05-29 09:00:00,3011.705,3016.716,2990.214,2993.108
2026-05-29 10:00:00,2993.109,3007.697,2993.109,3007.697
2026-05-29 11:00:00,3007.702,3019.888,3007.702,3010.519
2026-05-29 12:00:00,3010.528,3020.884,3009.863,3020.884
2026-05-29 13:00:00,3020.895,3023.722,3011.68,3012.415
2026-05-29 14:00:00,3012.418,3013.322,2987.414,2988.004
2026-05-29 15:00:00,2988.013,2991.983,2982.503,2988.879
2026-05-29 16:00:00,2988.883,2989.73,2967.641,2970.557
2026-05-29 17:00:00,2970.562,2971.076,2959.035,2960.038
2026-05-29 18:00:00,2960.049,2962.485,2947.614,2952.454
2026-05-29 19:00:00,2952.459,2969.071,2952.459,2969.071
2026-05-29 20:00:00,2969.081,2969.447,2958.123,2960.373
2026-05-29 21:00:00,2960.376,2970.969,2957.058,2958.507
2026-05-29 22:00:00,2958.511,2964.245,2957.17,2959.09
2026-05-29 23:00:00,2959.094,2960.657,2947.622,2949.357
2026-05-30 00:00:00,2949.363,2954.174,2944.444,2953.477
2026-05-30 01:00:00,2953.486,2957.512,2940.299,2946.848
2026-05-30 02:00:00,2946.864,2953.415,2941.898,2947.886
2026-05-30 03:00:00,2947.892,2951.13,2931.322,2935.513
2026-05-30 04:00:00,2935.515,2940.692,2930.387,2938.453
2026-05-30 05:00:00,2938.457,2946.497,2931.499,2946.497
2026-05-30 06:00:00,2946.505,2948.205,2937.311,2939.883
2026-05-30 07:00:00,2939.888,2945.05,2929.354,2932.865
2026-05-30 08:00:00,2932.87,2933.262,2908.28,2913.9
2026-05-30 09:00:00,2913.912,2915.666,2902.922,2904.572
2026-05-30 10:00:00,2904.581,2905.559,2897.233,2905.41
2026-05-30 11:00:00,2905.42,2918.074,2904.615,2915.596
2026-05-30 12:00:00,2915.604,2933.543,2914.683,2933.543
2026-05-30 13:00:00,2933.552,2942.714,2932.892,2940.616
2026-05-30 14:00:00,2940.617,2951.636,2940.222,2951.636
2026-05-30 15:00:00,2951.641,2957.112,2947.398,2952.754
2026-05-30 16:00:00,2952.764,2965.672,2952.764,2962.192
2026-05-30 17:00:00,2962.2,2971.42,2961.691,2968.093
2026-05-30 18:00:00,2968.1,2968.54,2949.473,2953.094
2026-05-30 19:00:00,2953.103,2959.879,2945.863,2947.547
2026-05-30 20:00:00,2947.554,2950.905,2938.933,2950.905
2026-05-30 21:00:00,2950.926,2955.093,2944.919,2951.345
2026-05-30 22:00:00,2951.348,2957.608,2944.451,2957.608
2026-05-30 23:00:00,2957.613,2976.733,2957.613,2976.733
2026-05-31 00:00:00,2976.74,2980.021,2961.376,2966.034
2026-05-31 01:00:00,2966.04,2972.811,2965.596,2972.811
2026-05-31 02:00:00,2972.816,2976.4,2964.975,2974.105
2026-05-31 03:00:00,2974.115,2983.058,2974.115,2983.058
2026-05-31 04:00:00,2983.066,2992.018,2981.077,2982.26
2026-05-31 05:00:00,2982.263,2992.521,2980.011,2980.652
2026-05-31 06:00:00,2980.661,2990.584,2980.275,2990.584
2026-05-31 07:00:00,2990.588,2999.358,2986.435,2987.363
2026-05-31 08:00:00,2987.372,2989.14,2963.092,2965.769
2026-05-31 09:00:00,2965.774,2966.614,2956.068,2960.301
2026-05-31 10:00:00,2960.311,2971.481,2960.311,2967.229
2026-05-31 11:00:00,2967.23,2978.472,2963.292,2975.877
2026-05-31 12:00:00,2975.896,2978.242,2971.222,2975.836
2026-05-31 13:00:00,2975.843,2977.497,2958.37,2964.13
2026-05-31 14:00:00,2964.136,2976.532,2964.136,2976.532
2026-05-31 15:00:00,2976.539,2984.326,2975.847,2981.58
2026-05-31 16:00:00,2981.58,2983.041,2972.318,2977.404
2026-05-31 17:00:00,2977.405,2977.494,2966.434,2973.537
2026-05-31 18:00:00,2973.55,2974.72,2960.486,2970.643
2026-05-31 19:00:00,2970.649,2973.554,2963.281,2966.053
2026-05-31 20:00:00,2966.061,2983.016,2966.061,2983.016
2026-05-31 21:00:00,2983.032,2986.649,2977.564,2985.377
2026-05-31 22:00:00,2985.388,2997.015,2981.826,2995.212
2026-05-31 23:00:00,2995.218,2997.325,2986.882,2995.147
2026-06-01 00:00:00,2995.156,2997.084,2971.947,2977.688
2026-06-01 01:00:00,2977.697,2980.814,2972.923,2976.649
2026-06-01 02:00:00,2976.65,2979.94,2967.657,2979.94
2026-06-01 03:00:00,2979.948,2985.403,2974.129,2978.164
2026-06-01 04:00:00,2978.17,2989.309,2976.121,2981.585
2026-06-01 05:00:00,2981.59,2987.463,2978.465,2987.463
2026-06-01 06:00:00,2987.464,3000.203,2987.464,2996.155
2026-06-01 07:00:00,2996.158,3000.927,2993.712,2998.652
2026-06-01 08:00:00,2998.656,3001.142,2974.476,2983.903
2026-06-01 09:00:00,2983.907,2995.464,2981.284,2992.512
2026-06-01 10:00:00,2992.524,2998.414,2974.131,2978.087
2026-06-01 11:00:00,2978.088,2980.003,2970.121,2974.256
2026-06-01 12:00:00,2974.259,2983.811,2974.259,2983.063
2026-06-01 13:00:00,2983.064,2988.544,2974.212,2982.046
2026-06-01 14:00:00,2982.054,2986.729,2972.868,2975.893
2026-06-01 15:00:00,2975.897,2981.592,2963.738,2966.857
2026-06-01 16:00:00,2966.858,2982.096,2965.279,2982.096
2026-06-01 17:00:00,2982.103,2994.322,2978.035,2994.322
2026-06-01 18:00:00,2994.325,3004.705,2993.783,2996.805
2026-06-01 19:00:00,2996.813,3005.201,2991.005,3005.201
2026-06-01 20:00:00,3005.201,3022.313,3005.201,3017.463
2026-06-01 21:00:00,3017.472,3017.584,2996.4,2998.748
2026-06-01 22:00:00,2998.755,3001.095,2992.309,2997.448
2026-06-01 23:00:00,2997.451,2998.135,2989.038,2997.364
2026-06-02 00:00:00,2997.368,3007.827,2995.439,3001.957
2026-06-02 01:00:00,3001.965,3009.496,2998.956,3006.67
2026-06-02 02:00:00,3006.671,3012.459,2998.879,3012.459
2026-06-02 03:00:00,3012.473,3017.704,3000.352,3003.096
2026-06-02 04:00:00,3003.104,3004.143,2997.427,3002.15
2026-06-02 05:00:00,3002.154,3007.069,2993.919,2998.542
2026-06-02 06:00:00,2998.555,3006.231,2997.498,3001.746
2026-06-02 07:00:00,3001.755,3004.439,2975.437,2975.84
2026-06-02 08:00:00,2975.841,2988.418,2974.636,2977.732
2026-06-02 09:00:00,2977.739,2987.218,2975.081,2977.653
2026-06-02 10:00:00,2977.66,2978.995,2965.866,2973.952
2026-06-02 11:00:00,2973.96,2979.614,2969.096,2978.965
2026-06-02 12:00:00,2978.969,2984.608,2978.001,2982.806
2026-06-02 13:00:00,2982.806,2991.586,2975.585,2976.523
2026-06-02 14:00:00,2976.536,2981.131,2967.416,2976.093
2026-06-02 15:00:00,2976.096,2985.684,2969.662,2985.684
2026-06-02 16:00:00,2985.693,2989.836,2969.397,2969.745
2026-06-02 17:00:00,2969.752,2971.618,2958.737,2959.054
2026-06-02 18:00:00,2959.057,2963.803,2954.112,2962.181
2026-06-02 19:00:00,2962.19,2963.138,2948.328,2950.177
2026-06-02 20:00:00,2950.187,2961.735,2950.187,2959.491
2026-06-02 21:00:00,2959.507,2974.562,2958.741,2970.798
2026-06-02 22:00:00,2970.81,2981.376,2967.075,2978.267
2026-06-02 23:00:00,2978.274,2995.34,2978.274,2995.34
2026-06-03 00:00:00,2995.344,3003.15,2992.649,2993.033
2026-06-03 01:00:00,2993.038,2996.832,2984.283,2987.749
2026-06-03 02:00:00,2987.753,2991.148,2980.171,2989.04
2026-06-03 03:00:00,2989.04,2999.759,2989.04,2997.191
2026-06-03 04:00:00,2997.192,3011.059,2994.65,3006.71
2026-06-03 05:00:00,3006.727,3012.588,3002.433,3011.617
2026-06-03 06:00:00,3011.625,3017.363,3007.301,3013.175
2026-06-03 07:00:00,3013.194,3022.125,3013.194,3021.635
2026-06-03 08:00:00,3021.644,3030.392,3020.275,3024.115
2026-06-03 09:00:00,3024.119,3027.937,3019.126,3027.321
2026-06-03 10:00:00,3027.324,3035.74,3021.238,3025.399
2026-06-03 11:00:00,3025.412,3027.28,3016.821,3025.542
2026-06-03 12:00:00,3025.542,3030.421,3020.093,3028.927
2026-06-03 13:00:00,3028.93,3038.362,3026.591,3028.316
2026-06-03 14:00:00,3028.331,3033.541,3024.912,3031.723
2026-06-03 15:00:00,3031.724,3037.49,3029.356,3036.083
2026-06-03 16:00:00,3036.083,3052.364,3036.083,3052.187
2026-06-03 17:00:00,3052.194,3055.724,3044.897,3055.724
2026-06-03 18:00:00,3055.733,3060.052,3047.075,3060.052
2026-06-03 19:00:00,3060.054,3060.949,3047.274,3047.45
2026-06-03 20:00:00,3047.457,3057.926,3044.004,3057.926
2026-06-03 21:00:00,3057.931,3059.34,3047.969,3053.477
2026-06-03 22:00:00,3053.493,3061.916,3053.046,3055.199
2026-06-03 23:00:00,3055.201,3071.978,3052.08,3070.709
2026-06-04 00:00:00,3070.718,3072.551,3063.432,3072.347
2026-06-04 01:00:00,3072.359,3085.703,3071.44,3078.761
2026-06-04 02:00:00,3078.763,3089.417,3076.892,3087.689
2026-06-04 03:00:00,3087.701,3089.292,3069.429,3069.638
2026-06-04 04:00:00,3069.643,3090.74,3069.643,3090.74
2026-06-04 05:00:00,3090.752,3091.334,3074.968,3091.334
2026-06-04 06:00:00,3091.339,3091.662,3080.514,3088.105
2026-06-04 07:00:00,3088.107,3091.76,3081.698,3086.522
2026-06-04 08:00:00,3086.528,3092.359,3076.181,3091.587
2026-06-04 09:00:00,3091.595,3095.372,3073.672,3080.723
2026-06-04 10:00:00,3080.737,3087.886,3079.73,3083.659
2026-06-04 11:00:00,3083.669,3094.221,3077.242,3094.221
2026-06-04 12:00:00,3094.234,3095.244,3073.647,3078.92
2026-06-04 13:00:00,3078.93,3088.674,3074.279,3085.934
2026-06-04 14:00:00,3085.943,3091.303,3079.449,3080.923
2026-06-04 15:00:00,3080.929,3085.708,3074.142,3078.394
2026-06-04 16:00:00,3078.403,3082.489,3075.627,3082.147
2026-06-04 17:00:00,3082.154,3087.433,3068.012,3069.29
2026-06-04 18:00:00,3069.302,3075.376,3059.908,3069.568
2026-06-04 19:00:00,3069.576,3069.605,3055.267,3061.793
2026-06-04 20:00:00,3061.797,3076.139,3061.797,3076.139
2026-06-04 21:00:00,3076.139,3086.213,3072.492,3086.213
2026-06-04 22:00:00,3086.222,3091.066,3080.828,3083.435
2026-06-04 23:00:00,3083.438,3085.909,3073.769,3078.953
2026-06-05 00:00:00,3078.962,3089.833,3077.358,3087.038
2026-06-05 01:00:00,3087.048,3090.703,3078.207,3088.298
2026-06-05 02:00:00,3088.307,3092.3,3084.383,3092.3
2026-06-05 03:00:00,3092.304,3092.889,3074.868,3080.909
2026-06-05 04:00:00,3080.916,3081.687,3064.068,3068.468
2026-06-05 05:00:00,3068.476,3080.557,3068.293,3076.064
2026-06-05 06:00:00,3076.064,3090.235,3076.064,3076.424
2026-06-05 07:00:00,3076.426,3078.332,3065.429,3073.746
2026-06-05 08:00:00,3073.757,3076.472,3059.487,3062.598
2026-06-05 09:00:00,3062.612,3067.638,3060.418,3065.058
2026-06-05 10:00:00,3065.064,3068.959,3050.262,3058.88
2026-06-05 11:00:00,3058.893,3067.814,3054.112,3054.99
2026-06-05 12:00:00,3054.993,3067.102,3054.993,3066.056
2026-06-05 13:00:00,3066.058,3076.367,3061.809,3070.562
2026-06-05 14:00:00,3070.569,3070.755,3059.453,3064.614
2026-06-05 15:00:00,3064.615,3068.179,3060.584,3065.837
2026-06-05 16:00:00,3065.838,3069.118,3054.115,3061.824
2026-06-05 17:00:00,3061.83,3065.469,3052.249,3054.245
2026-06-05 18:00:00,3054.249,3065.028,3054.249,3057.648
2026-06-05 19:00:00,3057.649,3067.943,3056.717,3061.277
2026-06-05 20:00:00,3061.28,3063.153,3046.718,3048.529
2026-06-05 21:00:00,3048.541,3049.094,3034.999,3044.069
2026-06-05 22:00:00,3044.074,3049.121,3036.316,3037.873
2026-06-05 23:00:00,3037.876,3044.826,3031.651,3033.803
2026-06-06 00:00:00,3033.814,3038.765,3027.045,3032.823
2026-06-06 01:00:00,3032.834,3050.549,3032.834,3050.549
2026-06-06 02:00:00,3050.554,3053.384,3041.343,3046.323
2026-06-06 03:00:00,3046.324,3049.853,3035.559,3040.725
2026-06-06 04:00:00,3040.728,3042.437,3022.747,3022.82
2026-06-06 05:00:00,3022.827,3027.684,3016.685,3018.411
2026-06-06 06:00:00,3018.412,3026.843,3008.532,3010.945
2026-06-06 07:00:00,3010.947,3018.905,3005.58,3018.905
2026-06-06 08:00:00,3018.914,3026.097,3015.23,3022.729
2026-06-06 09:00:00,3022.731,3024.108,3009.031,3012.713
2026-06-06 10:00:00,3012.735,3014.478,3004.588,3004.621
2026-06-06 11:00:00,3004.624,3014.646,3004.624,3014.646
2026-06-06 12:00:00,3014.664,3026.476,3014.356,3022.221
2026-06-06 13:00:00,3022.23,3022.894,3009.689,3019.343
2026-06-06 14:00:00,3019.347,3027.091,3008.596,3009.651
2026-06-06 15:00:00,3009.664,3017.614,3007.746,3015.171
2026-06-06 16:00:00,3015.178,3016.519,2998.253,3010.12
2026-06-06 17:00:00,3010.135,3014.879,2994.998,2995.085
2026-06-06 18:00:00,2995.091,3002.182,2982.717,2985.34
2026-06-06 19:00:00,2985.345,2993.058,2976.416,2993.058
2026-06-06 20:00:00,2993.066,3004.18,2993.066,3002.325
2026-06-06 21:00:00,3002.33,3004.922,2991.843,3004.922
2026-06-06 22:00:00,3004.927,3019.489,3004.927,3019.489
2026-06-06 23:00:00,3019.498,3031.491,3017.23,3020.664
2026-06-07 00:00:00,3020.669,3022.376,3012.908,3013.033
2026-06-07 01:00:00,3013.04,3015.855,2996.529,3003.096
2026-06-07 02:00:00,3003.098,3014.422,3002.986,3014.362
2026-06-07 03:00:00,3014.371,3024.933,3014.371,3017.242
2026-06-07 04:00:00,3017.261,3029.678,3017.261,3025.542
2026-06-07 05:00:00,3025.55,3025.581,3013.959,3021.551
2026-06-07 06:00:00,3021.556,3021.597,3011.211,3014.887
2026-06-07 07:00:00,3014.894,3029.588,3012.513,3027.45
2026-06-07 08:00:00,3027.462,3029.019,2998.971,3006.536
2026-06-07 09:00:00,3006.539,3013.165,3003.393,3013.165
2026-06-07 10:00:00,3013.171,3019.073,3010.622,3019.006
2026-06-07 11:00:00,3019.013,3026.109,3014.043,3014.338
2026-06-07 12:00:00,3014.341,3024.212,3013.103,3022.989
2026-06-07 13:00:00,3022.991,3035.489,3019.702,3035.489
2026-06-07 14:00:00,3035.496,3037.234,3022.316,3022.342
2026-06-07 15:00:00,3022.342,3025.739,3011.081,3015.429
2026-06-07 16:00:00,3015.432,3018.369,2987.631,2992.183
2026-06-07 17:00:00,2992.191,2995.292,2964.83,2965.097
2026-06-07 18:00:00,2965.099,2970.215,2958.037,2960.393
2026-06-07 19:00:00,2960.399,2962.673,2953.252,2960.338
2026-06-07 20:00:00,2960.344,2973.337,2955.55,2957.891
2026-06-07 21:00:00,2957.892,2959.993,2949.805,2951.459
2026-06-07 22:00:00,2951.471,2959.966,2945.1,2951.398
2026-06-07 23:00:00,2951.402,2954.851,2945.47,2953.859
2026-06-08 00:00:00,2953.867,2958.009,2948.731,2951.763
2026-06-08 01:00:00,2951.766,2966.525,2951.766,2965.569
2026-06-08 02:00:00,2965.575,2970.157,2964.05,2968.93
2026-06-08 03:00:00,2968.935,2977.227,2964.383,2965.18
2026-06-08 04:00:00,2965.182,2968.685,2959.861,2965.833
2026-06-08 05:00:00,2965.842,2972.201,2955.445,2956.395
2026-06-08 06:00:00,2956.397,2963.103,2954.8,2956.882
2026-06-08 07:00:00,2956.896,2964.719,2952.256,2963.374
2026-06-08 08:00:00,2963.375,2967.393,2955.113,2961.468
2026-06-08 09:00:00,2961.48,2967.716,2957.698,2964.547
2026-06-08 10:00:00,2964.555,2965.25,2954.62,2963.015
2026-06-08 11:00:00,2963.031,2972.438,2962.341,2971.595
2026-06-08 12:00:00,2971.601,2982.566,2971.382,2980.31
2026-06-08 13:00:00,2980.316,2998.79,2980.316,2998.79
2026-06-08 14:00:00,2998.799,3005.645,2990.773,3002.934
2026-06-08 15:00:00,3002.94,3013.14,3002.94,3013.14
2026-06-08 16:00:00,3013.141,3030.478,3013.141,3024.082
2026-06-08 17:00:00,3024.083,3028.587,2992.874,2996.09
2026-06-08 18:00:00,2996.09,3005.209,2992.508,3005.209
2026-06-08 19:00:00,3005.213,3011.683,3005.104,3011.683
2026-06-08 20:00:00,3011.688,3012.545,3003.803,3008.734
2026-06-08 21:00:00,3008.735,3015.763,3005.398,3008.843
2026-06-08 22:00:00,3008.86,3012.0,3004.459,3012.0
2026-06-08 23:00:00,3012.018,3015.212,3003.247,3004.517
2026-06-09 00:00:00,3004.524,3014.119,3003.646,3010.797
2026-06-09 01:00:00,3010.803,3012.92,3003.004,3011.928
2026-06-09 02:00:00,3011.931,3020.145,3010.816,3018.76
2026-06-09 03:00:00,3018.766,3025.366,3008.081,3012.179
2026-06-09 04:00:00,3012.182,3027.613,3011.507,3017.398
2026-06-09 05:00:00,3017.404,3031.236,3014.13,3031.236
2026-06-09 06:00:00,3031.242,3039.166,3016.282,3021.484
2026-06-09 07:00:00,3021.485,3026.598,3015.783,3021.999
2026-06-09 08:00:00,3022.003,3026.0,3018.482,3025.533
2026-06-09 09:00:00,3021.082,3027.998,3021.082,3027.851
2026-06-09 10:00:00,3027.866,3036.314,3026.306,3030.212
2026-06-09 11:00:00,3030.214,3035.394,3025.845,3030.432
2026-06-09 12:00:00,3030.443,3032.731,3025.434,3028.342
2026-06-09 13:00:00,3028.342,3031.349,3011.568,3014.18
2026-06-09 14:00:00,3014.201,3021.942,3013.716,3019.114
2026-06-09 15:00:00,3019.124,3021.993,2996.29,2999.579
2026-06-09 16:00:00,2999.581,3000.6,2989.884,3000.6
2026-06-09 17:00:00,3000.606,3005.207,2991.414,3005.207
2026-06-09 18:00:00,3005.214,3012.814,3004.571,3012.438
2026-06-09 19:00:00,3012.455,3024.661,3010.8,3021.53
2026-06-09 20:00:00,3021.532,3027.053,3015.623,3019.315
2026-06-09 21:00:00,3019.322,3029.778,3014.653,3024.019
2026-06-09 22:00:00,3024.021,3026.29,3009.382,3019.701
2026-06-09 23:00:00,3019.706,3026.117,3017.341,3025.748
2026-06-10 00:00:00,3025.754,3027.461,3014.117,3024.797
2026-06-10 01:00:00,3024.809,3034.952,3022.123,3027.899
2026-06-10 02:00:00,3027.9,3029.263,3016.403,3019.401
2026-06-10 03:00:00,3019.402,3021.458,3001.097,3004.128
2026-06-10 04:00:00,3004.138,3016.781,3003.894,3011.425
2026-06-10 05:00:00,3011.433,3029.837,3011.433,3029.837
2026-06-10 06:00:00,3029.839,3038.924,3028.241,3038.699
2026-06-10 07:00:00,3038.705,3051.395,3037.995,3046.855
2026-06-10 08:00:00,3046.858,3060.089,3046.858,3059.088
2026-06-10 09:00:00,3059.091,3066.579,3053.574,3066.579
2026-06-10 10:00:00,3066.58,3074.543,3064.125,3074.444
2026-06-10 11:00:00,3074.447,3077.221,3055.641,3061.809
2026-06-10 12:00:00,3061.814,3069.919,3060.622,3064.111
2026-06-10 13:00:00,3064.122,3064.593,3055.062,3057.187
2026-06-10 14:00:00,3057.196,3057.28,3045.668,3050.357
2026-06-10 15:00:00,3050.357,3053.701,3036.125,3038.268
2026-06-10 16:00:00,3038.269,3046.13,3038.269,3043.858
2026-06-10 17:00:00,3043.868,3056.289,3043.868,3055.866
2026-06-10 18:00:00,3055.874,3058.758,3041.867,3054.026
2026-06-10 19:00:00,3054.028,3068.733,3054.028,3061.948
2026-06-10 20:00:00,3061.948,3074.182,3061.948,3070.995
2026-06-10 21:00:00,3070.996,3090.947,3070.996,3086.333
2026-06-10 22:00:00,3086.335,3096.25,3086.335,3091.511
2026-06-10 23:00:00,3091.514,3098.783,3083.421,3090.354
2026-06-11 00:00:00,3090.361,3094.404,3064.324,3071.374
2026-06-11 01:00:00,3071.383,3072.186,3058.027,3058.129
2026-06-11 02:00:00,3058.142,3062.374,3055.075,3062.195
2026-06-11 03:00:00,3062.197,3064.759,3041.972,3044.668
2026-06-11 04:00:00,3044.678,3062.067,3044.678,3062.067
2026-06-11 05:00:00,3062.081,3071.534,3062.081,3068.038
2026-06-11 06:00:00,3068.05,3080.192,3068.05,3072.451
2026-06-11 07:00:00,3072.454,3074.056,3043.314,3046.753
2026-06-11 08:00:00,3046.769,3056.138,3040.077,3040.199
2026-06-11 09:00:00,3040.199,3055.332,3040.199,3048.686
2026-06-11 10:00:00,3048.697,3049.19,3031.635,3040.486
2026-06-11 11:00:00,3040.487,3045.991,3037.246,3041.788
2026-06-11 12:00:00,3041.795,3053.95,3041.795,3043.68
2026-06-11 13:00:00,3043.681,3045.566,3028.308,3031.709
2026-06-11 14:00:00,3031.713,3032.699,3012.921,3021.248
2026-06-11 15:00:00,3021.251,3027.697,3019.033,3021.163
2026-06-11 16:00:00,3021.169,3021.217,3001.266,3007.755
2026-06-11 17:00:00,3007.761,3023.957,3007.761,3020.087
2026-06-11 18:00:00,3020.097,3026.166,3009.692,3026.166
2026-06-11 19:00:00,3026.175,3029.437,3015.517,3016.977
2026-06-11 20:00:00,3016.99,3022.522,2993.659,2994.903
2026-06-11 21:00:00,2994.915,3002.441,2990.416,2990.517
2026-06-11 22:00:00,2990.522,2998.973,2987.786,2990.126
2026-06-11 23:00:00,2990.137,3003.385,2988.167,3003.385
2026-06-12 00:00:00,3003.386,3004.305,2984.807,2990.965
2026-06-12 01:00:00,2990.968,2996.179,2982.302,2987.714
2026-06-12 02:00:00,2987.718,2989.107,2979.922,2982.712
2026-06-12 03:00:00,2982.726,2995.108,2982.726,2990.932
2026-06-12 04:00:00,2990.936,3004.463,2990.936,3001.916
2026-06-12 05:00:00,3001.926,3015.966,3001.926,3009.385
2026-06-12 06:00:00,3009.386,3015.143,3004.253,3011.788
2026-06-12 07:00:00,3011.79,3016.522,2999.927,3000.39
2026-06-12 08:00:00,3000.391,3013.089,3000.391,3004.816
2026-06-12 09:00:00,3004.822,3017.137,3004.822,3017.137
2026-06-12 10:00:00,3017.146,3022.255,3014.749,3020.909
2026-06-12 11:00:00,3020.915,3036.872,3020.915,3036.872
2026-06-12 12:00:00,3036.873,3043.995,3034.511,3043.643
2026-06-12 13:00:00,3043.644,3052.597,3038.725,3050.602
2026-06-12 14:00:00,3050.613,3059.747,3049.928,3057.735
2026-06-12 15:00:00,3057.745,3071.566,3057.745,3071.566
2026-06-12 16:00:00,3071.573,3081.613,3069.562,3081.613
2026-06-12 17:00:00,3081.626,3087.758,3072.204,3078.218
2026-06-12 18:00:00,3078.228,3082.523,3073.255,3079.872
2026-06-12 19:00:00,3079.878,3080.418,3067.257,3080.418
2026-06-12 20:00:00,3080.426,3086.376,3076.309,3083.697
2026-06-12 21:00:00,3083.707,3085.721,3065.05,3067.236
2026-06-12 22:00:00,3067.241,3069.066,3059.871,3065.465
2026-06-12 23:00:00,3065.477,3073.852,3062.324,3069.544
2026-06-13 00:00:00,3069.547,3086.449,3069.547,3085.934
2026-06-13 01:00:00,3085.935,3088.159,3072.704,3079.176
2026-06-13 02:00:00,3079.181,3089.353,3075.201,3085.866
2026-06-13 03:00:00,3085.869,3086.333,3070.261,3076.303
2026-06-13 04:00:00,3076.312,3086.911,3073.79,3086.911
2026-06-13 05:00:00,3086.913,3089.077,3071.191,3077.927
2026-06-13 06:00:00,3077.927,3093.552,3077.927,3084.934
2026-06-13 07:00:00,3084.938,3086.1,3067.529,3077.755
2026-06-13 08:00:00,3077.76,3090.203,3076.619,3088.655
2026-06-13 09:00:00,3083.597,3088.618,3077.326,3082.774
2026-06-13 10:00:00,3082.777,3090.169,3078.498,3085.02
2026-06-13 11:00:00,3085.029,3095.288,3085.029,3089.088
2026-06-13 12:00:00,3089.091,3089.451,3066.42,3080.353
2026-06-13 13:00:00,3080.357,3092.156,3077.861,3087.472
2026-06-13 14:00:00,3087.475,3095.042,3080.34,3082.842
2026-06-13 15:00:00,3082.843,3090.499,3078.954,3085.15
2026-06-13 16:00:00,3085.158,3091.856,3080.666,3083.149
2026-06-13 17:00:00,3083.15,3085.788,3070.286,3074.509
2026-06-13 18:00:00,3074.511,3090.573,3074.511,3090.573
2026-06-13 19:00:00,3090.578,3092.957,3075.043,3075.419
2026-06-13 20:00:00,3075.434,3088.582,3075.434,3085.735
2026-06-13 21:00:00,3085.744,3088.904,3079.043,3080.893
2026-06-13 22:00:00,3080.9,3087.17,3079.139,3082.905
2026-06-13 23:00:00,3082.911,3094.104,3080.794,3081.789
2026-06-14 00:00:00,3081.791,3083.984,3059.988,3064.369
2026-06-14 01:00:00,3064.371,3067.311,3056.27,3059.654
2026-06-14 02:00:00,3059.657,3066.442,3055.048,3066.442
2026-06-14 03:00:00,3066.448,3073.572,3064.255,3068.638
2026-06-14 04:00:00,3068.642,3072.348,3057.908,3060.08
2026-06-14 05:00:00,3060.087,3066.705,3055.862,3062.522
2026-06-14 06:00:00,3062.529,3067.693,3053.304,3064.469
2026-06-14 07:00:00,3064.474,3070.759,3053.023,3056.728
2026-06-14 08:00:00,3056.739,3075.215,3056.739,3071.327
2026-06-14 09:00:00,3071.332,3073.192,3059.522,3059.982
2026-06-14 10:00:00,3059.992,3072.773,3059.266,3072.773
2026-06-14 11:00:00,3072.782,3074.54,3061.375,3068.179
2026-06-14 12:00:00,3068.185,3068.827,3055.159,3059.684
2026-06-14 13:00:00,3059.685,3062.406,3048.86,3049.864
2026-06-14 14:00:00,3049.869,3059.635,3044.394,3049.287
2026-06-14 15:00:00,3049.304,3052.099,3035.355,3041.981
2026-06-14 16:00:00,3041.99,3047.937,3031.8,3033.898
2026-06-14 17:00:00,3033.9,3035.912,3010.975,3014.203
2026-06-14 18:00:00,3014.215,3029.365,3014.215,3024.335
2026-06-14 19:00:00,3024.34,3032.369,3022.999,3023.796
2026-06-14 20:00:00,3023.798,3031.729,3011.487,3014.143
2026-06-14 21:00:00,3014.149,3014.264,2993.293,3000.19
2026-06-14 22:00:00,3000.194,3007.591,2994.352,2996.261
2026-06-14 23:00:00,2996.265,3008.942,2996.265,3008.942
2026-06-15 00:00:00,3008.949,3014.092,3001.96,3004.314
2026-06-15 01:00:00,3004.323,3018.148,3004.323,3018.148
2026-06-15 02:00:00,3018.15,3019.412,3003.9,3018.179
2026-06-15 03:00:00,3018.181,3021.727,2995.337,3000.403
2026-06-15 04:00:00,3000.404,3004.749,2977.246,2978.318
2026-06-15 05:00:00,2978.325,2984.332,2961.201,2963.685
2026-06-15 06:00:00,2963.694,2971.832,2950.364,2952.534
2026-06-15 07:00:00,2952.534,2953.35,2936.461,2941.784
2026-06-15 08:00:00,2941.791,2946.841,2933.317,2943.186
2026-06-15 09:00:00,2943.188,2957.04,2943.188,2957.04
2026-06-15 10:00:00,2957.051,2959.087,2948.358,2951.874
2026-06-15 11:00:00,2951.877,2956.55,2949.33,2955.463
2026-06-15 12:00:00,2955.477,2958.035,2944.342,2947.236
2026-06-15 13:00:00,2947.24,2964.145,2946.646,2964.13
2026-06-15 14:00:00,2964.136,2977.257,2964.136,2977.257
2026-06-15 15:00:00,2977.258,2982.602,2967.381,2973.507
2026-06-15 16:00:00,2973.512,2978.961,2965.063,2969.285
2026-06-15 17:00:00,2969.29,2974.978,2963.282,2970.799
2026-06-15 18:00:00,2970.802,2971.485,2947.661,2950.694
2026-06-15 19:00:00,2950.699,2951.335,2939.482,2948.033
2026-06-15 20:00:00,2948.036,2960.186,2945.492,2960.186
2026-06-15 21:00:00,2960.19,2961.373,2942.028,2954.426
2026-06-15 22:00:00,2954.438,2955.842,2949.453,2954.504
2026-06-15 23:00:00,2954.507,2961.397,2948.283,2961.397
2026-06-16 00:00:00,2961.398,2973.359,2961.398,2967.745
2026-06-16 01:00:00,2967.747,2976.05,2967.037,2970.851
2026-06-16 02:00:00,2970.852,2977.261,2966.961,2969.663
2026-06-16 03:00:00,2969.664,2975.981,2967.042,2971.415
2026-06-16 04:00:00,2971.423,2980.438,2967.159,2980.438
2026-06-16 05:00:00,2980.438,2982.547,2970.844,2976.154
2026-06-16 06:00:00,2976.165,2977.804,2970.413,2975.236
2026-06-16 07:00:00,2975.237,2987.01,2975.237,2987.01
2026-06-16 08:00:00,2987.021,2992.83,2984.598,2986.495
2026-06-16 09:00:00,2986.502,2991.404,2980.897,2988.046
2026-06-16 10:00:00,2988.058,2999.771,2988.058,2995.413
2026-06-16 11:00:00,2995.419,2999.649,2976.685,2978.161
2026-06-16 12:00:00,2978.167,2989.17,2978.167,2985.749
2026-06-16 13:00:00,2984.071,2984.207,2969.153,2982.146
2026-06-16 14:00:00,2982.149,2988.939,2970.668,2971.648
2026-06-16 15:00:00,2971.657,2988.206,2971.657,2988.206
2026-06-16 16:00:00,2988.21,2991.505,2979.358,2987.054
2026-06-16 17:00:00,2987.062,2996.267,2986.616,2990.086
2026-06-16 18:00:00,2990.088,2999.742,2987.467,2999.742
2026-06-16 19:00:00,2999.743,3004.906,2987.022,2997.949
2026-06-16 20:00:00,2997.953,3010.851,2997.953,3010.025
2026-06-16 21:00:00,3010.029,3014.228,2994.076,3001.647
2026-06-16 22:00:00,3001.653,3012.012,2999.811,3007.26
2026-06-16 23:00:00,3007.261,3024.002,3007.261,3024.002
2026-06-17 00:00:00,3024.002,3025.734,3013.436,3015.647
2026-06-17 01:00:00,3015.649,3026.162,3015.649,3025.275
2026-06-17 02:00:00,3025.277,3025.661,3003.964,3015.538
2026-06-17 03:00:00,3015.539,3019.827,3013.561,3018.48
2026-06-17 04:00:00,3018.48,3023.715,3013.613,3023.715
2026-06-17 05:00:00,3023.732,3036.47,3018.345,3035.811
2026-06-17 06:00:00,3035.821,3039.565,3031.358,3032.873
2026-06-17 07:00:00,3032.879,3051.106,3032.879,3038.765
2026-06-17 08:00:00,3038.776,3053.33,3038.776,3051.555
2026-06-17 09:00:00,3051.56,3057.297,3049.227,3054.89
2026-06-17 10:00:00,3054.893,3058.5,3047.135,3054.368
2026-06-17 11:00:00,3054.381,3065.22,3054.381,3061.753
2026-06-17 12:00:00,3061.76,3070.414,3056.992,3067.867
2026-06-17 13:00:00,3067.87,3069.618,3057.746,3067.459
2026-06-17 14:00:00,3067.464,3076.866,3067.125,3075.465
2026-06-17 15:00:00,3075.47,3075.685,3061.81,3067.914
2026-06-17 16:00:00,3067.915,3074.408,3064.196,3066.194
2026-06-17 17:00:00,3066.198,3071.489,3058.246,3061.666
2026-06-17 18:00:00,3061.676,3064.265,3053.46,3064.121
2026-06-17 19:00:00,3064.131,3068.269,3056.915,3060.715
2026-06-17 20:00:00,3060.716,3076.9,3060.716,3076.515
2026-06-17 21:00:00,3076.521,3086.62,3075.081,3081.315
2026-06-17 22:00:00,3081.326,3094.103,3081.326,3093.17
2026-06-17 23:00:00,3093.171,3106.866,3093.171,3101.071
2026-06-18 00:00:00,3101.079,3103.732,3090.926,3100.996
2026-06-18 01:00:00,3100.999,3102.24,3084.952,3090.434
2026-06-18 02:00:00,3090.44,3099.522,3087.454,3099.522
2026-06-18 03:00:00,3099.532,3113.495,3098.23,3108.596
2026-06-18 04:00:00,3108.604,3118.578,3080.107,3080.158
2026-06-18 05:00:00,3080.161,3086.405,3074.717,3075.705
2026-06-18 06:00:00,3075.707,3082.264,3072.427,3082.264
2026-06-18 07:00:00,3082.272,3083.106,3060.522,3066.59
2026-06-18 08:00:00,3066.601,3074.607,3060.312,3063.782
2026-06-18 09:00:00,3063.785,3071.502,3062.781,3068.966
2026-06-18 10:00:00,3068.971,3076.458,3061.805,3061.931
2026-06-18 11:00:00,3061.935,3067.82,3050.546,3053.669
2026-06-18 12:00:00,3053.679,3065.972,3053.679,3063.617
2026-06-18 13:00:00,3063.624,3066.488,3024.716,3025.447
2026-06-18 14:00:00,3025.451,3032.175,3021.378,3027.539
2026-06-18 15:00:00,3027.543,3033.804,3025.164,3026.417
2026-06-18 16:00:00,3026.429,3030.134,3009.982,3011.937
2026-06-18 17:00:00,3011.937,3012.677,2994.26,2999.02
2026-06-18 18:00:00,2999.022,3017.636,2999.022,3017.636
2026-06-18 19:00:00,3017.637,3027.409,3015.957,3021.136
2026-06-18 20:00:00,3021.146,3025.877,3015.597,3025.05
2026-06-18 21:00:00,3025.051,3028.981,3010.342,3016.005
2026-06-18 22:00:00,3016.013,3020.358,3002.167,3005.783
2026-06-18 23:00:00,3005.785,3009.528,2991.791,2996.358
2026-06-19 00:00:00,2996.365,3000.295,2989.05,2991.615
2026-06-19 01:00:00,2991.627,2998.35,2989.398,2998.35
2026-06-19 02:00:00,2998.355,2998.925,2984.959,2989.517
2026-06-19 03:00:00,2989.518,2994.591,2985.688,2994.419
2026-06-19 04:00:00,2994.428,2999.668,2986.362,2999.668
2026-06-19 05:00:00,2999.669,3008.3,2997.582,3008.3
2026-06-19 06:00:00,3008.304,3012.077,2996.22,3002.884
2026-06-19 07:00:00,3002.884,3006.411,2988.048,2989.642
2026-06-19 08:00:00,2989.656,2993.312,2971.127,2973.497
2026-06-19 09:00:00,2973.501,2989.242,2973.501,2982.164
2026-06-19 10:00:00,2982.17,2984.89,2973.228,2978.648
2026-06-19 11:00:00,2978.648,2991.176,2978.015,2991.01
2026-06-19 12:00:00,2991.017,2999.195,2988.699,2991.943
2026-06-19 13:00:00,2991.95,3003.344,2989.635,3003.02
2026-06-19 14:00:00,3003.022,3014.252,3003.022,3005.451
2026-06-19 15:00:00,3005.459,3016.821,3002.971,3004.929
2026-06-19 16:00:00,3004.936,3009.345,2989.979,2992.144
2026-06-19 17:00:00,2992.148,2999.363,2989.088,2995.396
2026-06-19 18:00:00,2995.397,3000.792,2989.047,2994.514
2026-06-19 19:00:00,2994.519,3005.841,2994.519,3002.793
2026-06-19 20:00:00,3002.796,3006.345,2984.099,2985.466
2026-06-19 21:00:00,2985.47,2988.332,2978.744,2983.748
2026-06-19 22:00:00,2983.751,2987.035,2969.018,2972.855
2026-06-19 23:00:00,2972.858,2974.108,2953.85,2961.445
2026-06-20 00:00:00,2961.447,2971.701,2961.447,2969.775
2026-06-20 01:00:00,2969.779,2971.09,2956.452,2965.177
2026-06-20 02:00:00,2965.178,2975.459,2960.952,2966.616
2026-06-20 03:00:00,2966.627,2975.398,2961.911,2975.245
2026-06-20 04:00:00,2975.249,2977.592,2965.48,2971.819
2026-06-20 05:00:00,2971.822,2974.717,2968.163,2974.717
2026-06-20 06:00:00,2974.717,2983.714,2974.717,2983.714
2026-06-20 07:00:00,2983.722,2987.066,2971.5,2972.577
2026-06-20 08:00:00,2972.581,2980.529,2971.555,2972.035
2026-06-20 09:00:00,2972.044,2973.218,2959.415,2963.126
2026-06-20 10:00:00,2963.139,2964.21,2955.522,2959.861
2026-06-20 11:00:00,2959.872,2967.083,2942.418,2944.38
2026-06-20 12:00:00,2944.381,2950.599,2942.505,2948.7
2026-06-20 13:00:00,2948.706,2962.525,2948.706,2962.525
2026-06-20 14:00:00,2962.53,2970.59,2958.115,2959.975
2026-06-20 15:00:00,2959.977,2960.766,2943.879,2944.45
2026-06-20 16:00:00,2944.453,2946.617,2928.046,2932.614
2026-06-20 17:00:00,2932.615,2946.421,2932.615,2945.672
2026-06-20 18:00:00,2945.679,2947.327,2924.021,2925.48
2026-06-20 19:00:00,2925.485,2932.159,2922.813,2927.288
2026-06-20 20:00:00,2927.292,2939.661,2927.292,2939.035
2026-06-20 21:00:00,2939.042,2939.137,2921.802,2927.447
2026-06-20 22:00:00,2927.453,2941.959,2927.453,2941.959
2026-06-20 23:00:00,2941.962,2946.259,2914.487,2916.81
2026-06-21 00:00:00,2916.818,2920.433,2901.044,2902.022
2026-06-21 01:00:00,2902.029,2914.801,2902.029,2908.845
2026-06-21 02:00:00,2908.85,2916.063,2907.734,2911.045
2026-06-21 03:00:00,2911.049,2915.937,2903.427,2906.937
2026-06-21 04:00:00,2906.938,2911.025,2893.678,2895.433
2026-06-21 05:00:00,2895.441,2898.581,2887.468,2890.275
2026-06-21 06:00:00,2890.281,2898.997,2884.841,2892.844
2026-06-21 07:00:00,2892.849,2894.58,2883.356,2891.349
2026-06-21 08:00:00,2891.359,2891.489,2859.893,2866.216
2026-06-21 09:00:00,2866.221,2876.857,2866.221,2874.412
2026-06-21 10:00:00,2874.418,2886.295,2874.165,2884.011
2026-06-21 11:00:00,2884.013,2889.558,2862.98,2871.776
2026-06-21 12:00:00,2871.789,2874.229,2844.465,2847.595
2026-06-21 13:00:00,2847.6,2854.104,2845.746,2848.88
2026-06-21 14:00:00,2848.885,2854.197,2838.649,2842.515
2026-06-21 15:00:00,2842.523,2846.564,2836.866,2846.505
2026-06-21 16:00:00,2846.506,2848.901,2828.319,2830.771
2026-06-21 17:00:00,2830.778,2839.58,2829.803,2829.993
2026-06-21 18:00:00,2830.006,2830.738,2816.532,2825.472
2026-06-21 19:00:00,2825.474,2827.031,2813.716,2824.59
2026-06-21 20:00:00,2824.591,2827.326,2811.287,2814.24
2026-06-21 21:00:00,2814.25,2828.321,2814.25,2821.152
2026-06-21 22:00:00,2821.155,2825.871,2815.609,2822.555
2026-06-21 23:00:00,2822.567,2826.239,2817.138,2823.195
2026-06-22 00:00:00,2823.199,2824.908,2807.45,2812.299
2026-06-22 01:00:00,2812.305,2812.381,2800.693,2806.046
2026-06-22 02:00:00,2806.048,2807.032,2785.767,2788.544
2026-06-22 03:00:00,2788.551,2799.127,2788.551,2798.138
2026-06-22 04:00:00,2798.143,2808.044,2797.365,2808.044
2026-06-22 05:00:00,2808.05,2822.619,2808.05,2817.422
2026-06-22 06:00:00,2817.428,2817.444,2802.353,2805.843
2026-06-22 07:00:00,2805.851,2815.084,2804.538,2808.94
2026-06-22 08:00:00,2808.951,2816.471,2805.332,2808.387
2026-06-22 09:00:00,2808.389,2809.654,2801.422,2807.051
2026-06-22 10:00:00,2807.054,2808.72,2799.38,2801.089
2026-06-22 11:00:00,2801.091,2808.932,2801.091,2806.01
2026-06-22 12:00:00,2806.016,2812.822,2794.089,2803.159
2026-06-22 13:00:00,2803.159,2811.1,2803.159,2808.856
2026-06-22 14:00:00,2808.857,2813.903,2807.632,2813.517
2026-06-22 15:00:00,2813.528,2821.238,2803.967,2805.891
2026-06-22 16:00:00,2805.892,2811.407,2798.722,2799.716
2026-06-22 17:00:00,2799.724,2809.617,2797.287,2808.893
2026-06-22 18:00:00,2808.901,2810.526,2794.812,2795.43
2026-06-22 19:00:00,2795.438,2797.439,2783.266,2786.158
2026-06-22 20:00:00,2786.165,2797.362,2786.165,2787.797
2026-06-22 21:00:00,2787.799,2797.523,2787.353,2797.523
2026-06-22 22:00:00,2797.529,2801.495,2791.311,2793.485
2026-06-22 23:00:00,2793.486,2803.584,2793.486,2803.584
2026-06-23 00:00:00,2803.591,2806.704,2793.36,2804.445
2026-06-23 01:00:00,2804.446,2805.171,2792.446,2793.507
2026-06-23 02:00:00,2793.514,2800.275,2788.803,2790.462
2026-06-23 03:00:00,2790.471,2795.364,2784.671,2786.287
2026-06-23 04:00:00,2786.291,2788.484,2779.956,2785.73
2026-06-23 05:00:00,2785.74,2794.263,2784.864,2793.26
2026-06-23 06:00:00,2793.267,2794.128,2786.513,2792.383
2026-06-23 07:00:00,2792.383,2794.855,2776.54,2781.276
2026-06-23 08:00:00,2781.284,2782.16,2769.357,2773.199
2026-06-23 09:00:00,2773.2,2780.42,2771.674,2777.712
2026-06-23 10:00:00,2777.713,2781.711,2774.081,2777.827
2026-06-23 11:00:00,2777.83,2780.936,2772.318,2778.089
2026-06-23 12:00:00,2778.095,2780.394,2768.731,2770.964
2026-06-23 13:00:00,2770.969,2776.685,2767.561,2772.136
2026-06-23 14:00:00,2772.137,2775.687,2764.602,2767.117
2026-06-23 15:00:00,2767.12,2775.509,2763.049,2768.702
2026-06-23 16:00:00,2768.71,2771.979,2759.362,2761.428
2026-06-23 17:00:00,2761.436,2767.412,2755.559,2756.641
2026-06-23 18:00:00,2756.644,2759.697,2747.685,2757.788
2026-06-23 19:00:00,2757.799,2769.011,2757.799,2758.459
2026-06-23 20:00:00,2758.463,2759.541,2747.526,2759.291
2026-06-23 21:00:00,2759.294,2768.238,2759.294,2765.424
2026-06-23 22:00:00,2765.424,2767.928,2749.43,2759.797
2026-06-23 23:00:00,2759.805,2768.967,2759.805,2764.892
2026-06-24 00:00:00,2764.896,2772.725,2760.563,2772.725
2026-06-24 01:00:00,2772.731,2774.447,2760.825,2769.6
2026-06-24 02:00:00,2769.602,2777.51,2768.697,2773.649
2026-06-24 03:00:00,2773.657,2779.84,2768.91,2779.84
2026-06-24 04:00:00,2779.849,2786.742,2776.784,2786.742
2026-06-24 05:00:00,2786.753,2791.725,2775.738,2791.662
2026-06-24 06:00:00,2791.665,2796.048,2776.963,2782.057
2026-06-24 07:00:00,2782.063,2791.843,2778.645,2784.838
2026-06-24 08:00:00,2784.839,2789.031,2772.229,2775.289
2026-06-24 09:00:00,2775.296,2781.12,2769.311,2772.385
2026-06-24 10:00:00,2772.389,2777.193,2767.796,2767.893
2026-06-24 11:00:00,2767.894,2773.957,2766.589,2771.078
2026-06-24 12:00:00,2771.084,2777.073,2765.3,2770.292
2026-06-24 13:00:00,2770.298,2788.677,2770.298,2786.691
2026-06-24 14:00:00,2786.693,2797.129,2785.769,2786.926
2026-06-24 15:00:00,2786.933,2789.361,2781.119,2787.942
2026-06-24 16:00:00,2787.952,2788.421,2762.877,2765.836
2026-06-24 17:00:00,2765.838,2776.639,2765.838,2776.639
2026-06-24 18:00:00,2776.646,2790.803,2776.646,2785.736
2026-06-24 19:00:00,2785.747,2794.552,2785.126,2792.128
2026-06-24 20:00:00,2792.132,2796.848,2788.279,2790.985
2026-06-24 21:00:00,2790.987,2799.405,2785.015,2799.405
2026-06-24 22:00:00,2799.406,2817.06,2799.406,2817.06
2026-06-24 23:00:00,2817.064,2817.1,2788.575,2793.89
2026-06-25 00:00:00,2793.891,2795.028,2784.451,2794.242
2026-06-25 01:00:00,2794.244,2794.814,2785.454,2792.931
2026-06-25 02:00:00,2792.932,2795.01,2781.058,2782.994
2026-06-25 03:00:00,2783.008,2795.473,2783.008,2789.592
2026-06-25 04:00:00,2789.6,2797.835,2789.6,2796.612
2026-06-25 05:00:00,2796.621,2805.205,2792.297,2805.205
2026-06-25 06:00:00,2805.208,2810.774,2784.91,2785.861
2026-06-25 07:00:00,2785.882,2802.054,2785.882,2802.054
2026-06-25 08:00:00,2802.06,2814.595,2799.791,2801.177
2026-06-25 09:00:00,2801.182,2810.473,2799.976,2810.473
2026-06-25 10:00:00,2810.476,2817.846,2810.095,2812.734
2026-06-25 11:00:00,2812.738,2817.689,2810.415,2815.344
2026-06-25 12:00:00,2815.357,2818.794,2801.637,2804.513
2026-06-25 13:00:00,2804.515,2811.483,2804.512,2811.048
2026-06-25 14:00:00,2811.054,2819.116,2807.082,2816.566
2026-06-25 15:00:00,2816.574,2820.459,2812.331,2818.658
2026-06-25 16:00:00,2818.659,2828.552,2817.165,2828.552
2026-06-25 17:00:00,2828.556,2828.996,2818.533,2823.032
2026-06-25 18:00:00,2823.041,2838.02,2819.392,2838.02
2026-06-25 19:00:00,2838.021,2838.472,2825.306,2836.622
2026-06-25 20:00:00,2836.63,2839.275,2828.206,2834.816
2026-06-25 21:00:00,2834.819,2839.706,2825.181,2831.247
2026-06-25 22:00:00,2831.255,2846.001,2830.149,2846.001
2026-06-25 23:00:00,2846.005,2859.919,2846.005,2855.033
2026-06-26 00:00:00,2855.042,2869.066,2854.369,2865.79
2026-06-26 01:00:00,2865.805,2870.678,2852.891,2854.844
2026-06-26 02:00:00,2854.844,2866.7,2853.768,2862.882
2026-06-26 03:00:00,2862.895,2873.434,2857.997,2860.98
2026-06-26 04:00:00,2860.982,2862.192,2846.581,2849.157
2026-06-26 05:00:00,2849.169,2858.0,2849.169,2851.813
2026-06-26 06:00:00,2851.816,2858.839,2849.837,2855.94
2026-06-26 07:00:00,2855.942,2863.847,2853.842,2863.379
2026-06-26 08:00:00,2863.392,2866.428,2849.729,2850.731
2026-06-26 09:00:00,2850.731,2854.165,2844.703,2846.693
2026-06-26 10:00:00,2846.702,2847.639,2829.322,2829.458
2026-06-26 11:00:00,2829.46,2845.433,2829.46,2845.433
2026-06-26 12:00:00,2845.442,2850.512,2843.204,2846.824
2026-06-26 13:00:00,2846.829,2854.166,2843.341,2846.804
2026-06-26 14:00:00,2846.806,2848.031,2832.89,2834.051
2026-06-26 15:00:00,2834.057,2844.553,2834.057,2839.253
2026-06-26 16:00:00,2839.265,2840.49,2817.756,2822.651
2026-06-26 17:00:00,2822.663,2824.815,2814.085,2824.815
2026-06-26 18:00:00,2824.823,2830.625,2821.121,2830.625
2026-06-26 19:00:00,2830.629,2834.863,2826.74,2832.887
2026-06-26 20:00:00,2832.894,2845.99,2832.894,2842.228
2026-06-26 21:00:00,2842.235,2846.645,2839.324,2843.344
2026-06-26 22:00:00,2843.35,2853.494,2843.35,2850.174
2026-06-26 23:00:00,2850.174,2863.383,2850.174,2863.383
2026-06-27 00:00:00,2863.385,2873.298,2861.644,2863.483
2026-06-27 01:00:00,2863.484,2873.803,2861.968,2864.729
2026-06-27 02:00:00,2864.732,2875.428,2864.732,2875.428
2026-06-27 03:00:00,2875.434,2880.259,2867.456,2871.349
2026-06-27 04:00:00,2871.361,2877.017,2866.546,2870.955
2026-06-27 05:00:00,2870.957,2885.422,2870.607,2881.342
2026-06-27 06:00:00,2881.345,2891.506,2879.839,2884.256
2026-06-27 07:00:00,2884.263,2890.197,2880.846,2884.807
2026-06-27 08:00:00,2884.809,2886.918,2876.006,2884.702
2026-06-27 09:00:00,2884.706,2887.84,2867.336,2869.623
2026-06-27 10:00:00,2869.628,2876.598,2867.315,2869.298
2026-06-27 11:00:00,2869.302,2873.764,2862.946,2865.409
2026-06-27 12:00:00,2865.41,2873.244,2862.422,2864.944
2026-06-27 13:00:00,2864.956,2866.639,2852.941,2858.361
2026-06-27 14:00:00,2858.375,2864.622,2856.878,2864.163
2026-06-27 15:00:00,2864.167,2864.728,2841.385,2845.925
2026-06-27 16:00:00,2845.927,2849.437,2836.687,2847.783
2026-06-27 17:00:00,2847.79,2848.302,2829.564,2834.324
2026-06-27 18:00:00,2834.335,2849.711,2829.414,2849.711
2026-06-27 19:00:00,2849.715,2861.581,2849.715,2861.581
2026-06-27 20:00:00,2861.587,2877.715,2861.587,2872.48
2026-06-27 21:00:00,2872.48,2873.356,2854.635,2864.86
2026-06-27 22:00:00,2864.87,2877.746,2864.87,2877.746
2026-06-27 23:00:00,2877.753,2882.067,2864.368,2876.922
2026-06-28 00:00:00,2876.926,2879.625,2858.038,2865.956
2026-06-28 01:00:00,2865.96,2869.13,2857.769,2858.796
2026-06-28 02:00:00,2858.808,2871.995,2858.808,2862.856
2026-06-28 03:00:00,2862.864,2863.206,2853.564,2854.436
2026-06-28 04:00:00,2854.44,2856.57,2831.802,2842.46
2026-06-28 05:00:00,2842.461,2849.72,2842.461,2844.644
2026-06-28 06:00:00,2844.647,2850.483,2839.266,2846.208
2026-06-28 07:00:00,2846.213,2861.332,2846.213,2861.332
2026-06-28 08:00:00,2861.345,2871.085,2861.345,2867.973
2026-06-28 09:00:00,2867.979,2873.611,2866.839,2867.399
2026-06-28 10:00:00,2867.403,2868.081,2850.066,2850.311
2026-06-28 11:00:00,2850.318,2860.862,2850.318,2857.109
2026-06-28 12:00:00,2857.115,2861.116,2845.763,2851.601
2026-06-28 13:00:00,2851.602,2862.155,2844.972,2862.155
2026-06-28 14:00:00,2862.167,2870.216,2855.624,2859.931
2026-06-28 15:00:00,2859.934,2873.277,2859.934,2867.996
2026-06-28 16:00:00,2867.996,2873.759,2867.43,2871.917
2026-06-28 17:00:00,2871.919,2877.738,2864.875,2873.234
2026-06-28 18:00:00,2873.237,2876.15,2856.333,2861.486
2026-06-28 19:00:00,2861.49,2863.841,2835.094,2841.419
2026-06-28 20:00:00,2841.426,2849.139,2840.549,2845.541
2026-06-28 21:00:00,2845.546,2847.949,2822.991,2825.062
2026-06-28 22:00:00,2825.064,2835.359,2821.582,2833.15
2026-06-28 23:00:00,2833.151,2836.592,2820.091,2820.567
2026-06-29 00:00:00,2820.578,2826.149,2815.856,2826.149
2026-06-29 01:00:00,2826.153,2837.382,2826.153,2831.827
2026-06-29 02:00:00,2831.835,2834.185,2822.976,2824.571
2026-06-29 03:00:00,2824.579,2829.477,2809.09,2810.349
2026-06-29 04:00:00,2810.357,2812.768,2788.008,2788.518
2026-06-29 05:00:00,2788.525,2797.074,2783.375,2797.074
2026-06-29 06:00:00,2797.08,2800.009,2789.888,2796.354
2026-06-29 07:00:00,2796.357,2802.232,2790.604,2800.074
2026-06-29 08:00:00,2800.077,2800.229,2780.463,2788.929
2026-06-29 09:00:00,2788.932,2799.417,2784.988,2798.63
2026-06-29 10:00:00,2798.639,2805.577,2792.849,2805.577
2026-06-29 11:00:00,2805.577,2820.363,2805.577,2812.807
2026-06-29 12:00:00,2812.82,2816.971,2806.54,2810.583
2026-06-29 13:00:00,2810.584,2813.93,2798.601,2810.194
2026-06-29 14:00:00,2810.2,2818.16,2809.088,2811.261
2026-06-29 15:00:00,2811.265,2819.499,2800.318,2804.404
2026-06-29 16:00:00,2804.414,2818.585,2804.414,2818.585
2026-06-29 17:00:00,2818.589,2820.76,2806.092,2808.492
2026-06-29 18:00:00,2808.505,2815.868,2804.924,2806.795
2026-06-29 19:00:00,2806.797,2811.44,2803.315,2809.006
2026-06-29 20:00:00,2809.01,2819.307,2808.207,2819.115
2026-06-29 21:00:00,2819.116,2828.263,2819.116,2821.765
2026-06-29 22:00:00,2821.766,2823.087,2816.464,2819.12
2026-06-29 23:00:00,2819.124,2829.303,2818.925,2819.04
2026-06-30 00:00:00,2819.053,2830.365,2816.446,2826.057
2026-06-30 01:00:00,2826.059,2829.519,2821.717,2825.983
2026-06-30 02:00:00,2825.983,2826.666,2812.527,2813.258
2026-06-30 03:00:00,2813.259,2826.344,2813.259,2826.344
2026-06-30 04:00:00,2826.354,2826.649,2815.251,2822.727
2026-06-30 05:00:00,2822.734,2830.727,2822.392,2823.408
2026-06-30 06:00:00,2823.409,2830.602,2821.172,2830.602
2026-06-30 07:00:00,2830.602,2840.762,2829.554,2832.294
2026-06-30 08:00:00,2832.307,2842.465,2831.345,2841.461
2026-06-30 09:00:00,2841.472,2849.135,2830.475,2830.633
2026-06-30 10:00:00,2830.642,2842.5,2830.642,2833.431
2026-06-30 11:00:00,2833.445,2834.391,2827.189,2830.921
2026-06-30 12:00:00,2830.925,2831.361,2820.488,2829.064
2026-06-30 13:00:00,2829.069,2839.575,2829.069,2839.575
2026-06-30 14:00:00,2839.577,2842.626,2835.373,2842.626
2026-06-30 15:00:00,2842.637,2853.81,2842.203,2853.81
2026-06-30 16:00:00,2853.819,2859.28,2850.946,2859.28
2026-06-30 17:00:00,2859.282,2860.723,2848.081,2852.084
2026-06-30 18:00:00,2852.09,2857.578,2850.186,2853.82
2026-06-30 19:00:00,2853.826,2854.008,2842.044,2849.242
2026-06-30 20:00:00,2849.257,2851.166,2838.971,2842.392
2026-06-30 21:00:00,2842.41,2858.226,2842.41,2858.226
2026-06-30 22:00:00,2858.228,2866.162,2852.302,2853.393
2026-06-30 23:00:00,2853.393,2864.007,2853.393,2856.788
2026-07-01 00:00:00,2856.794,2859.872,2847.667,2850.513
2026-07-01 01:00:00,2850.523,2863.042,2850.015,2863.042
2026-07-01 02:00:00,2863.051,2874.831,2863.051,2873.419
2026-07-01 03:00:00,2873.422,2880.399,2869.305,2880.399
2026-07-01 04:00:00,2880.403,2882.728,2867.669,2882.508
2026-07-01 05:00:00,2882.515,2884.697,2876.497,2882.519
2026-07-01 06:00:00,2882.519,2891.948,2882.519,2887.309
2026-07-01 07:00:00,2887.323,2889.733,2873.851,2876.269
2026-07-01 08:00:00,2876.274,2876.818,2858.807,2867.676
2026-07-01 09:00:00,2867.69,2879.43,2865.777,2878.932
2026-07-01 10:00:00,2878.937,2891.574,2874.155,2875.787
2026-07-01 11:00:00,2875.788,2894.681,2875.788,2894.681
2026-07-01 12:00:00,2894.689,2895.481,2880.322,2886.712
2026-07-01 13:00:00,2886.723,2892.739,2880.79,2881.544
2026-07-01 14:00:00,2881.55,2885.976,2872.396,2872.868
2026-07-01 15:00:00,2872.879,2880.208,2867.143,2880.208
2026-07-01 16:00:00,2880.208,2886.302,2875.17,2875.943
2026-07-01 17:00:00,2875.947,2883.829,2869.991,2870.36
2026-07-01 18:00:00,2870.365,2880.349,2870.365,2879.591
2026-07-01 19:00:00,2879.599,2881.393,2869.722,2872.465
2026-07-01 20:00:00,2872.467,2875.515,2862.053,2865.188
2026-07-01 21:00:00,2865.193,2870.359,2860.045,2870.359
2026-07-01 22:00:00,2870.363,2876.28,2857.77,2860.146
2026-07-01 23:00:00,2860.157,2860.408,2850.754,2855.776
2026-07-02 00:00:00,2855.788,2857.541,2844.148,2848.739
2026-07-02 01:00:00,2848.741,2855.47,2845.963,2852.5
2026-07-02 02:00:00,2852.507,2861.233,2850.449,2861.233
2026-07-02 03:00:00,2861.25,2867.923,2858.782,2861.986
2026-07-02 04:00:00,2862.001,2869.815,2860.964,2866.367
2026-07-02 05:00:00,2866.377,2867.808,2833.375,2834.076
2026-07-02 06:00:00,2834.086,2837.199,2831.66,2833.535
2026-07-02 07:00:00,2833.544,2843.716,2831.688,2838.894
2026-07-02 08:00:00,2838.904,2846.677,2838.904,2846.652
2026-07-02 09:00:00,2846.66,2859.188,2843.632,2854.605
2026-07-02 10:00:00,2854.607,2859.101,2850.932,2853.456
2026-07-02 11:00:00,2853.459,2871.801,2853.459,2867.677
2026-07-02 12:00:00,2867.68,2870.086,2862.182,2865.247
2026-07-02 13:00:00,2865.256,2869.175,2854.64,2855.028
2026-07-02 14:00:00,2855.028,2863.963,2849.276,2850.322
2026-07-02 15:00:00,2850.329,2856.276,2839.882,2845.599
2026-07-02 16:00:00,2845.613,2849.725,2840.644,2841.136
2026-07-02 17:00:00,2841.138,2845.241,2836.001,2843.237
2026-07-02 18:00:00,2843.238,2843.655,2830.355,2839.45
2026-07-02 19:00:00,2839.454,2850.545,2837.082,2850.545
2026-07-02 20:00:00,2850.546,2851.541,2838.369,2839.251
2026-07-02 21:00:00,2839.264,2847.337,2837.09,2843.691
2026-07-02 22:00:00,2843.7,2843.969,2818.967,2819.367
2026-07-02 23:00:00,2819.371,2825.875,2811.086,2818.368
2026-07-03 00:00:00,2818.371,2821.32,2807.858,2815.097
2026-07-03 01:00:00,2815.102,2822.249,2813.543,2815.788
2026-07-03 02:00:00,2815.793,2819.127,2808.818,2812.673
2026-07-03 03:00:00,2812.676,2829.406,2812.676,2827.39
2026-07-03 04:00:00,2827.392,2835.488,2826.969,2834.683
2026-07-03 05:00:00,2834.693,2844.942,2827.227,2827.432
2026-07-03 06:00:00,2827.432,2835.42,2824.105,2826.558
2026-07-03 07:00:00,2826.563,2834.678,2824.405,2834.678
2026-07-03 08:00:00,2834.684,2837.175,2829.578,2834.029
2026-07-03 09:00:00,2834.035,2849.823,2834.035,2848.821
2026-07-03 10:00:00,2848.822,2851.139,2842.979,2851.139
2026-07-03 11:00:00,2851.142,2858.31,2850.559,2851.698
2026-07-03 12:00:00,2851.71,2868.632,2851.71,2866.197
2026-07-03 13:00:00,2866.206,2874.93,2855.997,2856.239
2026-07-03 14:00:00,2856.242,2857.146,2836.054,2840.892
2026-07-03 15:00:00,2840.893,2847.853,2837.753,2845.215
2026-07-03 16:00:00,2845.216,2848.788,2842.042,2843.895
2026-07-03 17:00:00,2843.898,2857.545,2843.898,2849.909
2026-07-03 18:00:00,2849.91,2854.664,2842.256,2854.664
2026-07-03 19:00:00,2854.669,2867.602,2854.669,2862.971
2026-07-03 20:00:00,2862.978,2871.207,2855.366,2864.464
2026-07-03 21:00:00,2864.472,2865.909,2854.828,2860.694
2026-07-03 22:00:00,2860.701,2860.854,2844.707,2856.959
2026-07-03 23:00:00,2856.965,2865.15,2847.076,2848.614
2026-07-04 00:00:00,2848.615,2858.711,2846.277,2854.584
2026-07-04 01:00:00,2854.594,2857.08,2836.988,2837.162
2026-07-04 02:00:00,2837.166,2840.225,2821.49,2823.257
2026-07-04 03:00:00,2823.259,2834.66,2817.937,2834.66
2026-07-04 04:00:00,2834.666,2836.837,2828.266,2836.488
2026-07-04 05:00:00,2836.495,2839.626,2828.689,2833.198
2026-07-04 06:00:00,2833.205,2833.917,2807.537,2810.653
2026-07-04 07:00:00,2810.658,2814.751,2807.288,2813.702
2026-07-04 08:00:00,2813.704,2815.654,2800.553,2803.365
2026-07-04 09:00:00,2803.367,2808.84,2794.559,2804.178
2026-07-04 10:00:00,2804.187,2807.28,2790.462,2791.285
2026-07-04 11:00:00,2791.296,2799.963,2791.296,2799.963
2026-07-04 12:00:00,2799.965,2802.23,2783.419,2785.923
2026-07-04 13:00:00,2785.933,2791.96,2774.689,2791.96
2026-07-04 14:00:00,2791.964,2794.781,2788.769,2792.536
2026-07-04 15:00:00,2792.545,2800.359,2792.545,2797.546
2026-07-04 16:00:00,2797.548,2799.916,2786.384,2787.2
2026-07-04 17:00:00,2787.203,2799.819,2786.042,2799.819
2026-07-04 18:00:00,2799.822,2799.929,2790.141,2794.261
2026-07-04 19:00:00,2794.268,2797.63,2788.883,2797.63
2026-07-04 20:00:00,2797.636,2799.168,2785.676,2788.104
2026-07-04 21:00:00,2788.108,2800.945,2788.108,2798.321
2026-07-04 22:00:00,2798.325,2803.025,2792.907,2795.708
2026-07-04 23:00:00,2795.709,2800.679,2787.053,2789.885
2026-07-05 00:00:00,2789.899,2791.354,2782.07,2784.716
2026-07-05 01:00:00,2784.732,2789.381,2780.028,2787.362
2026-07-05 02:00:00,2787.37,2798.55,2787.37,2798.55
2026-07-05 03:00:00,2798.561,2805.884,2794.362,2805.884
2026-07-05 04:00:00,2805.884,2811.841,2799.91,2801.373
2026-07-05 05:00:00,2801.382,2811.993,2801.382,2806.991
2026-07-05 06:00:00,2806.996,2818.172,2806.996,2814.598
2026-07-05 07:00:00,2814.599,2819.156,2807.904,2811.111
2026-07-05 08:00:00,2811.118,2812.286,2793.4,2793.496
2026-07-05 09:00:00,2793.502,2795.231,2788.22,2791.272
2026-07-05 10:00:00,2791.277,2793.383,2782.745,2790.607
2026-07-05 11:00:00,2790.614,2798.564,2790.614,2794.133
2026-07-05 12:00:00,2794.14,2794.828,2781.539,2786.742
2026-07-05 13:00:00,2786.75,2802.69,2786.75,2802.69
2026-07-05 14:00:00,2802.695,2815.993,2802.695,2815.993
2026-07-05 15:00:00,2815.993,2816.576,2803.314,2805.397
2026-07-05 16:00:00,2805.404,2809.773,2801.261,2803.043
2026-07-05 17:00:00,2803.049,2805.559,2793.494,2801.63
2026-07-05 18:00:00,2801.645,2808.403,2801.645,2805.055
2026-07-05 19:00:00,2805.064,2809.09,2799.007,2800.002
2026-07-05 20:00:00,2800.003,2810.384,2800.003,2804.397
2026-07-05 21:00:00,2804.403,2817.824,2804.403,2817.824
2026-07-05 22:00:00,2817.831,2820.659,2803.55,2804.37
2026-07-05 23:00:00,2804.379,2806.79,2789.362,2790.544
2026-07-06 00:00:00,2790.544,2795.791,2788.234,2793.29
2026-07-06 01:00:00,2793.297,2798.287,2788.862,2793.582
2026-07-06 02:00:00,2793.582,2794.413,2774.361,2780.933
2026-07-06 03:00:00,2780.947,2783.708,2775.767,2783.708
2026-07-06 04:00:00,2783.709,2790.173,2783.709,2784.835
2026-07-06 05:00:00,2784.842,2796.711,2784.774,2787.558
2026-07-06 06:00:00,2787.566,2800.35,2787.566,2795.492
2026-07-06 07:00:00,2795.494,2797.1,2786.256,2791.624
2026-07-06 08:00:00,2791.625,2802.78,2791.625,2802.78
2026-07-06 09:00:00,2802.783,2805.148,2798.447,2800.846
2026-07-06 10:00:00,2800.849,2809.562,2800.825,2809.562
2026-07-06 11:00:00,2809.565,2811.313,2786.738,2787.305
2026-07-06 12:00:00,2787.315,2788.552,2775.89,2781.97
2026-07-06 13:00:00,2781.97,2788.225,2776.219,2784.42
2026-07-06 14:00:00,2784.422,2794.374,2780.184,2786.806
2026-07-06 15:00:00,2786.813,2790.188,2782.198,2783.913
2026-07-06 16:00:00,2783.916,2791.836,2778.585,2782.858
2026-07-06 17:00:00,2782.872,2791.455,2773.012,2774.474
2026-07-06 18:00:00,2774.477,2786.244,2774.477,2780.874
2026-07-06 19:00:00,2780.881,2785.263,2776.021,2779.781
2026-07-06 20:00:00,2779.781,2785.166,2766.316,2766.528
2026-07-06 21:00:00,2766.531,2774.385,2750.32,2751.249
2026-07-06 22:00:00,2751.254,2762.885,2748.853,2762.885
2026-07-06 23:00:00,2762.887,2763.421,2745.821,2753.963
2026-07-07 00:00:00,2753.969,2767.544,2750.25,2767.544
2026-07-07 01:00:00,2767.545,2774.295,2764.915,2767.903
2026-07-07 02:00:00,2767.909,2779.689,2767.909,2779.498
2026-07-07 03:00:00,2779.502,2795.383,2779.502,2795.383
2026-07-07 04:00:00,2795.392,2795.5,2783.698,2791.238
2026-07-07 05:00:00,2791.243,2799.764,2783.659,2787.343
2026-07-07 06:00:00,2787.351,2797.721,2782.04,2797.721
2026-07-07 07:00:00,2797.723,2808.181,2797.723,2804.05
2026-07-07 08:00:00,2804.05,2809.852,2801.867,2803.34
2026-07-07 09:00:00,2803.343,2807.023,2797.753,2807.023
2026-07-07 10:00:00,2807.028,2809.117,2799.798,2804.5
2026-07-07 11:00:00,2804.508,2808.245,2797.411,2805.623
2026-07-07 12:00:00,2805.628,2808.048,2800.055,2803.641
2026-07-07 13:00:00,2803.651,2807.392,2796.153,2806.567
2026-07-07 14:00:00,2806.568,2812.316,2803.442,2811.736
2026-07-07 15:00:00,2811.736,2816.93,2801.45,2804.221
2026-07-07 16:00:00,2804.228,2812.35,2803.088,2808.805
2026-07-07 17:00:00,2808.815,2810.031,2799.271,2804.784
2026-07-07 18:00:00,2804.788,2810.859,2803.484,2807.889
2026-07-07 19:00:00,2807.892,2812.378,2793.126,2796.073
2026-07-07 20:00:00,2796.078,2799.735,2783.292,2784.559
2026-07-07 21:00:00,2784.568,2796.598,2784.568,2796.598
2026-07-07 22:00:00,2796.599,2813.061,2796.599,2812.017
2026-07-07 23:00:00,2812.029,2820.794,2809.282,2820.794
2026-07-08 00:00:00,2820.802,2832.457,2820.802,2832.457
2026-07-08 01:00:00,2832.458,2837.335,2827.362,2831.192
2026-07-08 02:00:00,2831.196,2832.641,2812.392,2815.486
2026-07-08 03:00:00,2815.495,2826.118,2813.477,2825.028
2026-07-08 04:00:00,2825.03,2827.127,2814.307,2814.68
2026-07-08 05:00:00,2814.687,2825.642,2812.72,2822.598
2026-07-08 06:00:00,2822.601,2826.217,2812.264,2813.785
2026-07-08 07:00:00,2813.792,2814.468,2805.224,2813.852
2026-07-08 08:00:00,2813.863,2825.325,2812.868,2825.325
2026-07-08 09:00:00,2825.327,2837.778,2814.419,2814.841
2026-07-08 10:00:00,2814.843,2819.272,2806.658,2817.757
2026-07-08 11:00:00,2817.76,2820.544,2811.459,2814.535
2026-07-08 12:00:00,2814.541,2821.942,2811.483,2821.942
2026-07-08 13:00:00,2821.95,2829.899,2816.983,2828.309
2026-07-08 14:00:00,2828.312,2834.631,2826.17,2834.631
2026-07-08 15:00:00,2834.631,2848.741,2834.631,2843.005
2026-07-08 16:00:00,2843.007,2852.781,2842.769,2846.937
2026-07-08 17:00:00,2846.945,2859.513,2846.945,2858.292
2026-07-08 18:00:00,2858.294,2869.56,2856.402,2868.75
2026-07-08 19:00:00,2868.755,2874.789,2865.107,2866.646
2026-07-08 20:00:00,2866.647,2866.771,2847.066,2860.34
2026-07-08 21:00:00,2860.356,2872.494,2860.356,2869.162
2026-07-08 22:00:00,2869.174,2876.699,2849.14,2853.221
2026-07-08 23:00:00,2853.231,2859.605,2841.085,2847.68
2026-07-09 00:00:00,2847.69,2855.333,2829.16,2829.301
2026-07-09 01:00:00,2829.307,2845.283,2829.307,2839.333
2026-07-09 02:00:00,2839.34,2845.615,2835.162,2845.615
2026-07-09 03:00:00,2845.626,2850.012,2841.86,2845.889
2026-07-09 04:00:00,2845.889,2854.557,2845.889,2849.949
2026-07-09 05:00:00,2849.956,2850.658,2833.867,2839.816
2026-07-09 06:00:00,2839.817,2843.826,2836.073,2841.013
2026-07-09 07:00:00,2841.025,2843.616,2822.048,2824.179
2026-07-09 08:00:00,2824.183,2829.507,2811.594,2812.496
2026-07-09 09:00:00,2812.51,2820.708,2808.731,2810.276
2026-07-09 10:00:00,2810.286,2820.385,2809.732,2815.04
2026-07-09 11:00:00,2815.045,2822.535,2809.097,2817.581
2026-07-09 12:00:00,2817.595,2825.389,2816.637,2825.389
2026-07-09 13:00:00,2825.395,2830.953,2820.505,2830.953
2026-07-09 14:00:00,2830.955,2832.666,2819.669,2824.336
2026-07-09 15:00:00,2824.349,2830.998,2819.054,2823.537
2026-07-09 16:00:00,2823.541,2832.551,2820.682,2832.551
2026-07-09 17:00:00,2832.557,2850.439,2832.557,2850.439
2026-07-09 18:00:00,2850.446,2858.659,2844.591,2848.888
2026-07-09 19:00:00,2848.895,2857.805,2848.895,2856.019
2026-07-09 20:00:00,2856.03,2858.512,2849.665,2856.832
2026-07-09 21:00:00,2856.835,2857.455,2842.41,2845.361
2026-07-09 22:00:00,2845.371,2851.715,2839.233,2842.833
2026-07-09 23:00:00,2842.834,2845.706,2836.776,2844.186
2026-07-10 00:00:00,2844.189,2849.497,2840.926,2845.19
2026-07-10 01:00:00,2845.204,2853.849,2836.551,2838.706
2026-07-10 02:00:00,2838.711,2847.635,2836.266,2842.552
2026-07-10 03:00:00,2842.555,2853.196,2842.555,2852.281
2026-07-10 04:00:00,2852.292,2862.767,2852.292,2862.391
2026-07-10 05:00:00,2862.391,2868.669,2859.989,2863.064
2026-07-10 06:00:00,2863.069,2876.732,2858.9,2872.85
2026-07-10 07:00:00,2872.866,2879.887,2862.973,2865.773
2026-07-10 08:00:00,2865.779,2866.081,2852.506,2859.157
2026-07-10 09:00:00,2859.17,2862.787,2854.911,2858.979
2026-07-10 10:00:00,2858.985,2874.881,2857.693,2874.881
2026-07-10 11:00:00,2874.889,2884.853,2869.253,2884.716
2026-07-10 12:00:00,2884.728,2893.726,2883.517,2890.499
2026-07-10 13:00:00,2890.507,2895.37,2883.271,2888.321
2026-07-10 14:00:00,2888.327,2888.387,2869.648,2879.807
2026-07-10 15:00:00,2879.82,2884.336,2873.172,2880.284
2026-07-10 16:00:00,2880.29,2886.536,2871.305,2872.074
2026-07-10 17:00:00,2872.081,2882.424,2860.259,2863.421
2026-07-10 18:00:00,2863.427,2868.674,2861.04,2866.796
2026-07-10 19:00:00,2866.799,2876.164,2866.799,2874.551
2026-07-10 20:00:00,2874.558,2886.469,2874.159,2886.469
2026-07-10 21:00:00,2886.473,2902.043,2886.473,2902.043
2026-07-10 22:00:00,2902.054,2903.083,2883.27,2885.6
2026-07-10 23:00:00,2885.606,2890.176,2877.031,2889.567
2026-07-11 00:00:00,2889.571,2893.327,2867.547,2871.538
2026-07-11 01:00:00,2871.541,2874.671,2863.286,2866.295
2026-07-11 02:00:00,2866.295,2874.847,2864.352,2868.961
2026-07-11 03:00:00,2868.966,2885.989,2868.966,2882.324
2026-07-11 04:00:00,2882.325,2891.583,2881.911,2891.248
2026-07-11 05:00:00,2891.263,2900.879,2883.902,2895.653
2026-07-11 06:00:00,2895.658,2897.656,2880.735,2883.939
2026-07-11 07:00:00,2883.951,2897.421,2883.62,2888.533
2026-07-11 08:00:00,2888.534,2899.73,2888.534,2896.151
2026-07-11 09:00:00,2896.152,2897.824,2883.703,2887.561
2026-07-11 10:00:00,2887.564,2895.322,2883.699,2887.493
2026-07-11 11:00:00,2887.5,2896.612,2887.5,2891.902
2026-07-11 12:00:00,2891.904,2895.282,2888.003,2892.426
2026-07-11 13:00:00,2892.428,2893.191,2874.943,2878.513
2026-07-11 14:00:00,2878.528,2889.549,2876.377,2885.187
2026-07-11 15:00:00,2885.193,2888.311,2868.592,2870.899
2026-07-11 16:00:00,2870.91,2879.586,2869.994,2876.214
2026-07-11 17:00:00,2876.215,2885.379,2876.215,2880.824
2026-07-11 18:00:00,2880.824,2883.694,2870.933,2872.009
2026-07-11 19:00:00,2872.012,2882.973,2872.012,2879.667
2026-07-11 20:00:00,2879.668,2882.465,2871.411,2878.196
2026-07-11 21:00:00,2878.198,2886.785,2863.108,2863.379
2026-07-11 22:00:00,2863.386,2867.259,2859.437,2862.048
2026-07-11 23:00:00,2862.055,2869.667,2857.639,2859.232
2026-07-12 00:00:00,2859.238,2876.183,2859.238,2876.183
2026-07-12 01:00:00,2876.186,2876.366,2857.525,2859.862
2026-07-12 02:00:00,2859.867,2865.822,2849.996,2862.056
2026-07-12 03:00:00,2862.059,2869.523,2855.843,2864.623
2026-07-12 04:00:00,2864.634,2877.142,2864.634,2870.553
2026-07-12 05:00:00,2870.561,2870.76,2852.946,2855.589
2026-07-12 06:00:00,2855.595,2863.444,2854.143,2863.444
2026-07-12 07:00:00,2863.446,2878.469,2863.446,2871.191
2026-07-12 08:00:00,2871.202,2876.889,2860.631,2863.1
2026-07-12 09:00:00,2863.104,2865.985,2854.08,2865.925
2026-07-12 10:00:00,2865.937,2868.945,2851.836,2858.736
2026-07-12 11:00:00,2858.739,2861.722,2853.303,2861.722
2026-07-12 12:00:00,2861.734,2863.81,2854.649,2856.526
2026-07-12 13:00:00,2856.532,2867.99,2852.85,2863.536
2026-07-12 14:00:00,2863.537,2874.052,2860.748,2861.396
2026-07-12 15:00:00,2861.396,2872.861,2861.396,2872.861
2026-07-12 16:00:00,2872.867,2878.086,2870.44,2878.086
2026-07-12 17:00:00,2878.09,2880.827,2871.357,2880.827
2026-07-12 18:00:00,2880.829,2890.369,2880.829,2881.702
2026-07-12 19:00:00,2881.718,2895.847,2875.889,2895.847
2026-07-12 20:00:00,2895.864,2906.834,2895.864,2895.91
2026-07-12 21:00:00,2895.921,2914.163,2895.702,2909.489
2026-07-12 22:00:00,2909.495,2923.448,2909.495,2923.448
2026-07-12 23:00:00,2923.451,2934.552,2922.318,2931.839
2026-07-13 00:00:00,2931.85,2942.181,2931.85,2942.181
2026-07-13 01:00:00,2942.19,2943.051,2925.106,2935.67
2026-07-13 02:00:00,2935.677,2942.585,2932.657,2942.585
2026-07-13 03:00:00,2942.588,2948.392,2937.812,2938.929
2026-07-13 04:00:00,2938.93,2939.777,2919.767,2920.969
2026-07-13 05:00:00,2920.974,2933.08,2920.827,2928.04
2026-07-13 06:00:00,2928.049,2931.357,2911.782,2912.784
2026-07-13 07:00:00,2912.795,2923.055,2881.202,2881.355
2026-07-13 08:00:00,2881.362,2886.087,2878.286,2884.544
2026-07-13 09:00:00,2884.546,2892.344,2883.989,2892.344
2026-07-13 10:00:00,2892.354,2904.385,2892.354,2904.385
2026-07-13 11:00:00,2904.392,2913.004,2904.392,2911.863
2026-07-13 12:00:00,2911.864,2912.889,2892.13,2898.433
2026-07-13 13:00:00,2898.445,2904.243,2898.113,2903.238
2026-07-13 14:00:00,2903.241,2913.719,2893.884,2903.064
2026-07-13 15:00:00,2903.064,2905.813,2895.734,2899.0
2026-07-13 16:00:00,2899.003,2911.051,2899.003,2909.606
2026-07-13 17:00:00,2909.607,2915.346,2903.042,2906.472
2026-07-13 18:00:00,2906.482,2911.742,2903.71,2904.727
2026-07-13 19:00:00,2904.729,2906.92,2896.383,2897.637
2026-07-13 20:00:00,2897.642,2903.92,2893.105,2894.718
2026-07-13 21:00:00,2894.73,2910.321,2894.73,2909.522
2026-07-13 22:00:00,2909.529,2922.113,2909.529,2912.632
2026-07-13 23:00:00,2912.639,2927.373,2912.639,2926.412
2026-07-14 00:00:00,2926.413,2931.518,2922.216,2924.606
2026-07-14 01:00:00,2924.615,2940.61,2924.615,2930.008
2026-07-14 02:00:00,2930.023,2931.202,2903.309,2909.261
2026-07-14 03:00:00,2909.268,2909.391,2891.283,2902.623
2026-07-14 04:00:00,2902.627,2906.249,2884.591,2888.173
2026-07-14 05:00:00,2888.177,2901.161,2888.177,2901.161
2026-07-14 06:00:00,2901.167,2906.829,2898.142,2899.141
2026-07-14 07:00:00,2899.157,2901.759,2890.675,2891.915
2026-07-14 08:00:00,2891.925,2903.597,2891.304,2903.597
2026-07-14 09:00:00,2903.606,2906.238,2889.426,2896.351
2026-07-14 10:00:00,2896.356,2902.074,2890.597,2896.02
2026-07-14 11:00:00,2896.031,2899.817,2887.949,2891.434
2026-07-14 12:00:00,2891.437,2893.837,2882.66,2893.837
2026-07-14 13:00:00,2893.842,2900.757,2890.602,2900.094
2026-07-14 14:00:00,2900.105,2902.616,2866.225,2866.325
2026-07-14 15:00:00,2866.334,2872.92,2865.573,2870.454
2026-07-14 16:00:00,2870.467,2875.472,2863.694,2865.19
2026-07-14 17:00:00,2865.193,2869.87,2861.567,2868.407
2026-07-14 18:00:00,2868.409,2869.331,2858.397,2859.837
2026-07-14 19:00:00,2859.846,2861.723,2851.097,2852.052
2026-07-14 20:00:00,2852.058,2859.881,2851.594,2859.881
2026-07-14 21:00:00,2859.892,2862.417,2842.006,2851.734
2026-07-14 22:00:00,2851.736,2859.416,2850.495,2853.79
2026-07-14 23:00:00,2853.791,2862.784,2847.926,2856.162
2026-07-15 00:00:00,2856.168,2867.012,2854.418,2867.012
2026-07-15 01:00:00,2867.018,2885.212,2866.999,2885.212
2026-07-15 02:00:00,2885.215,2887.897,2876.738,2877.113
2026-07-15 03:00:00,2877.122,2881.545,2867.717,2873.802
2026-07-15 04:00:00,2873.803,2875.038,2854.043,2854.168
2026-07-15 05:00:00,2854.17,2856.26,2849.547,2849.603
2026-07-15 06:00:00,2849.615,2863.009,2849.548,2861.893
2026-07-15 07:00:00,2861.9,2866.331,2850.757,2851.656
2026-07-15 08:00:00,2851.664,2855.055,2844.285,2853.205
2026-07-15 09:00:00,2853.21,2858.334,2842.653,2843.863
2026-07-15 10:00:00,2843.865,2854.342,2842.275,2852.687
2026-07-15 11:00:00,2852.697,2857.213,2842.528,2844.277
2026-07-15 12:00:00,2844.288,2857.005,2843.988,2857.005
2026-07-15 13:00:00,2857.007,2857.757,2848.946,2857.25
2026-07-15 14:00:00,2857.254,2869.718,2856.09,2869.718
2026-07-15 15:00:00,2869.718,2883.2,2869.718,2880.744
2026-07-15 16:00:00,2880.745,2896.809,2880.745,2896.347
2026-07-15 17:00:00,2896.349,2906.813,2895.928,2905.86
2026-07-15 18:00:00,2905.862,2916.359,2904.131,2910.929
2026-07-15 19:00:00,2910.935,2912.367,2897.795,2905.535
2026-07-15 20:00:00,2905.537,2916.336,2905.327,2906.424
2026-07-15 21:00:00,2906.43,2909.808,2887.258,2894.333
2026-07-15 22:00:00,2894.337,2905.272,2892.77,2905.272
2026-07-15 23:00:00,2905.272,2912.803,2904.549,2906.711
2026-07-16 00:00:00,2906.712,2906.879,2893.808,2895.757
2026-07-16 01:00:00,2895.767,2905.016,2894.091,2905.016
2026-07-16 02:00:00,2905.027,2910.149,2895.783,2898.305
2026-07-16 03:00:00,2898.309,2905.329,2898.309,2902.644
2026-07-16 04:00:00,2902.65,2904.297,2897.577,2902.289
2026-07-16 05:00:00,2902.289,2915.244,2902.289,2912.525
2026-07-16 06:00:00,2912.536,2914.417,2905.518,2906.874
2026-07-16 07:00:00,2906.882,2914.685,2904.898,2910.859
2026-07-16 08:00:00,2910.86,2927.115,2910.86,2911.681
2026-07-16 09:00:00,2911.685,2924.372,2911.685,2924.372
2026-07-16 10:00:00,2924.383,2936.17,2924.383,2934.884
2026-07-16 11:00:00,2934.892,2942.937,2934.058,2942.433
2026-07-16 12:00:00,2942.444,2950.451,2936.045,2944.657
2026-07-16 13:00:00,2944.659,2960.313,2944.659,2957.749
2026-07-16 14:00:00,2957.749,2960.943,2947.006,2947.441
2026-07-16 15:00:00,2947.453,2948.044,2936.732,2939.419
2026-07-16 16:00:00,2939.427,2948.177,2935.344,2947.454
2026-07-16 17:00:00,2947.463,2957.709,2947.463,2951.447
2026-07-16 18:00:00,2951.46,2954.395,2942.085,2945.69
2026-07-16 19:00:00,2945.694,2952.644,2941.815,2948.913
2026-07-16 20:00:00,2948.917,2958.554,2939.975,2940.515
2026-07-16 21:00:00,2940.526,2945.035,2931.852,2945.035
2026-07-16 22:00:00,2945.044,2958.486,2945.044,2955.738
2026-07-16 23:00:00,2955.74,2969.898,2955.74,2967.574
2026-07-17 00:00:00,2967.575,2980.434,2966.144,2980.434
2026-07-17 01:00:00,2980.436,2992.439,2980.436,2992.439
2026-07-17 02:00:00,2992.441,3003.761,2992.441,2998.747
2026-07-17 03:00:00,2998.747,3004.334,2991.283,2991.371
2026-07-17 04:00:00,2991.373,3003.738,2989.805,2990.908
2026-07-17 05:00:00,2990.919,2991.917,2981.399,2983.614
2026-07-17 06:00:00,2983.615,2985.768,2969.364,2975.729
2026-07-17 07:00:00,2975.735,2976.163,2960.533,2972.965
2026-07-17 08:00:00,2972.967,2978.982,2970.04,2977.57
2026-07-17 09:00:00,2977.576,2980.82,2969.245,2973.601
2026-07-17 10:00:00,2973.607,2981.62,2973.607,2976.969
2026-07-17 11:00:00,2976.972,2984.817,2975.365,2979.28
2026-07-17 12:00:00,2979.283,2984.246,2965.792,2969.451
2026-07-17 13:00:00,2969.451,2971.397,2958.551,2962.931
2026-07-17 14:00:00,2962.932,2971.388,2957.259,2959.091
2026-07-17 15:00:00,2959.099,2969.041,2958.993,2963.727
2026-07-17 16:00:00,2963.732,2968.522,2956.688,2968.522
2026-07-17 17:00:00,2968.538,2971.392,2958.547,2968.968
2026-07-17 18:00:00,2968.97,2982.168,2967.203,2982.168
2026-07-17 19:00:00,2982.169,2988.004,2979.103,2986.456
2026-07-17 20:00:00,2986.459,2994.927,2985.099,2992.778
2026-07-17 21:00:00,2992.779,3001.047,2990.323,2993.81
2026-07-17 22:00:00,2993.813,2995.01,2983.957,2987.762
2026-07-17 23:00:00,2987.774,3001.191,2987.319,2995.384
2026-07-18 00:00:00,2995.396,3002.812,2989.856,2997.279
2026-07-18 01:00:00,2997.279,3003.944,2993.336,3002.378
2026-07-18 02:00:00,3002.383,3013.728,3002.383,3012.806
2026-07-18 03:00:00,3012.813,3016.618,3006.149,3013.443
2026-07-18 04:00:00,3013.445,3031.027,3013.445,3029.749
2026-07-18 05:00:00,3029.77,3041.714,3029.77,3039.099
2026-07-18 06:00:00,3039.1,3057.114,3038.311,3057.114
2026-07-18 07:00:00,3057.12,3063.733,3050.098,3050.75
2026-07-18 08:00:00,3050.755,3058.082,3050.755,3056.97
2026-07-18 09:00:00,3056.972,3061.5,3052.631,3059.619
2026-07-18 10:00:00,3059.625,3060.841,3034.895,3039.422
2026-07-18 11:00:00,3039.433,3044.405,3016.192,3019.665
2026-07-18 12:00:00,3019.672,3025.739,3012.087,3013.771
2026-07-18 13:00:00,3013.782,3030.038,3013.782,3026.21
2026-07-18 14:00:00,3026.216,3037.971,3026.216,3029.155
2026-07-18 15:00:00,3029.161,3031.736,3021.024,3026.279
2026-07-18 16:00:00,3026.29,3047.614,3026.29,3041.012
2026-07-18 17:00:00,3041.016,3041.417,3021.915,3022.012
2026-07-18 18:00:00,3022.021,3023.661,3009.169,3022.954
2026-07-18 19:00:00,3022.97,3031.798,3016.478,3031.798
2026-07-18 20:00:00,3031.799,3040.88,3029.885,3037.112
2026-07-18 21:00:00,3037.115,3041.471,3020.848,3027.156
2026-07-18 22:00:00,3027.168,3033.119,3018.745,3023.418
2026-07-18 23:00:00,3023.421,3031.572,3023.421,3024.902
2026-07-19 00:00:00,3024.914,3025.68,3016.75,3016.999
2026-07-19 01:00:00,3017.008,3027.475,3015.087,3027.475
2026-07-19 02:00:00,3027.479,3027.757,3019.453,3020.27
2026-07-19 03:00:00,3020.276,3030.174,3012.351,3012.357
2026-07-19 04:00:00,3012.366,3019.198,3012.236,3014.089
2026-07-19 05:00:00,3014.101,3023.607,3014.101,3020.355
2026-07-19 06:00:00,3020.357,3027.42,3016.137,3023.044
2026-07-19 07:00:00,3023.05,3039.35,3023.05,3034.68
2026-07-19 08:00:00,3034.69,3041.504,3033.171,3041.504
2026-07-19 09:00:00,3041.508,3045.456,3035.15,3040.76
2026-07-19 10:00:00,3040.767,3048.735,3029.45,3033.939
2026-07-19 11:00:00,3033.945,3051.561,3031.855,3051.561
2026-07-19 12:00:00,3051.573,3057.61,3039.672,3039.774
2026-07-19 13:00:00,3039.775,3042.731,3032.349,3040.685
2026-07-19 14:00:00,3040.693,3045.18,3034.045,3042.599
2026-07-19 15:00:00,3042.609,3047.678,3037.468,3044.774
2026-07-19 16:00:00,3044.781,3048.069,3029.784,3033.666
2026-07-19 17:00:00,3033.668,3045.959,3033.668,3045.959
2026-07-19 18:00:00,3045.961,3057.172,3045.961,3057.172
2026-07-19 19:00:00,3057.176,3059.75,3043.927,3054.51
2026-07-19 20:00:00,3054.519,3055.803,3042.81,3047.071
2026-07-19 21:00:00,3047.08,3058.38,3047.08,3049.187
2026-07-19 22:00:00,3049.196,3051.105,3039.263,3046.359
2026-07-19 23:00:00,3046.359,3049.634,3035.227,3037.815
2026-07-20 00:00:00,3037.822,3039.598,3030.817,3039.598
2026-07-20 01:00:00,3039.605,3059.0,3039.587,3059.0
2026-07-20 02:00:00,3059.016,3060.016,3030.156,3031.514
2026-07-20 03:00:00,3031.53,3035.043,3025.909,3028.643
2026-07-20 04:00:00,3028.643,3031.327,3021.049,3026.147
2026-07-20 05:00:00,3026.148,3026.634,3018.68,3022.308
2026-07-20 06:00:00,3022.31,3023.287,2994.791,2996.098
2026-07-20 07:00:00,2996.107,3004.043,2993.323,3002.724
2026-07-20 08:00:00,3002.734,3010.836,2999.18,3005.176
2026-07-20 09:00:00,3005.19,3017.097,3004.499,3016.362
2026-07-20 10:00:00,3016.367,3021.051,3013.163,3015.27
2026-07-20 11:00:00,3015.278,3021.147,3010.766,3017.58
2026-07-20 12:00:00,3017.588,3027.151,3012.318,3027.151
2026-07-20 13:00:00,3027.151,3027.293,3005.621,3006.379
2026-07-20 14:00:00,3006.383,3012.455,3002.556,3009.592
2026-07-20 15:00:00,3009.599,3012.354,2996.0,2999.341
2026-07-20 16:00:00,2999.352,2999.916,2979.285,2988.308
2026-07-20 17:00:00,2988.308,2994.672,2961.754,2963.464
2026-07-20 18:00:00,2963.472,2973.179,2959.132,2973.179
2026-07-20 19:00:00,2973.182,2983.916,2973.182,2978.838
2026-07-20 20:00:00,2978.842,2985.275,2972.556,2975.945
2026-07-20 21:00:00,2975.951,2983.059,2966.091,2971.768
2026-07-20 22:00:00,2971.77,2971.918,2954.906,2959.246
2026-07-20 23:00:00,2959.265,2961.779,2952.981,2961.779
2026-07-21 00:00:00,2961.797,2972.173,2957.557,2972.173
2026-07-21 01:00:00,2972.177,2984.443,2972.177,2981.293
2026-07-21 02:00:00,2981.293,2985.443,2975.042,2981.643
2026-07-21 03:00:00,2981.646,2994.222,2980.258,2992.778
2026-07-21 04:00:00,2992.779,2998.34,2984.713,2988.827
2026-07-21 05:00:00,2988.829,2991.788,2982.781,2985.872
2026-07-21 06:00:00,2985.872,2998.965,2982.418,2996.21
2026-07-21 07:00:00,2996.218,2998.848,2979.153,2980.489
2026-07-21 08:00:00,2980.49,2982.432,2965.716,2965.922
2026-07-21 09:00:00,2965.928,2976.306,2962.689,2965.629
2026-07-21 10:00:00,2965.637,2969.391,2960.362,2964.569
2026-07-21 11:00:00,2964.58,2970.489,2958.486,2966.847
2026-07-21 12:00:00,2966.848,2974.774,2965.245,2967.959
2026-07-21 13:00:00,2967.966,2986.636,2967.966,2986.636
2026-07-21 14:00:00,2986.642,2988.672,2974.665,2978.74
2026-07-21 15:00:00,2978.75,2991.188,2978.75,2991.188
2026-07-21 16:00:00,2991.197,2994.897,2985.048,2988.079
2026-07-21 17:00:00,2988.086,2990.579,2961.695,2963.311
2026-07-21 18:00:00,2963.311,2964.166,2944.507,2952.362
2026-07-21 19:00:00,2952.375,2963.041,2951.999,2963.041
2026-07-21 20:00:00,2963.042,2964.076,2955.824,2963.619
2026-07-21 21:00:00,2963.622,2969.436,2959.436,2969.436
2026-07-21 22:00:00,2969.438,2974.748,2959.119,2965.348
2026-07-21 23:00:00,2965.35,2968.098,2956.837,2961.117
2026-07-22 00:00:00,2961.122,2966.153,2953.396,2964.464
2026-07-22 01:00:00,2964.47,2975.228,2960.729,2975.228
2026-07-22 02:00:00,2975.233,2980.061,2952.148,2956.13
2026-07-22 03:00:00,2956.132,2959.888,2950.059,2952.339
2026-07-22 04:00:00,2952.352,2958.507,2944.762,2951.951
2026-07-22 05:00:00,2951.953,2958.598,2951.953,2958.598
2026-07-22 06:00:00,2958.606,2970.569,2958.465,2966.358
2026-07-22 07:00:00,2966.364,2981.518,2966.364,2979.782
2026-07-22 08:00:00,2979.788,2993.34,2978.779,2989.586
2026-07-22 09:00:00,2989.594,2998.64,2987.654,2996.516
2026-07-22 10:00:00,2996.519,2997.626,2984.296,2996.081
2026-07-22 11:00:00,2996.085,2996.848,2978.665,2983.032
2026-07-22 12:00:00,2983.038,2996.874,2982.93,2996.874
2026-07-22 13:00:00,2996.883,3005.785,2987.694,2993.311
2026-07-22 14:00:00,2993.32,2998.871,2990.03,2994.999
2026-07-22 15:00:00,2995.001,2997.772,2984.216,2986.37
2026-07-22 16:00:00,2986.37,2994.221,2983.348,2989.319
2026-07-22 17:00:00,2989.321,3001.274,2985.952,3001.274
2026-07-22 18:00:00,3001.279,3006.753,2991.891,2997.046
2026-07-22 19:00:00,2997.053,3002.363,2985.668,2987.073
2026-07-22 20:00:00,2987.076,2989.405,2977.899,2986.606
2026-07-22 21:00:00,2986.611,2997.78,2986.611,2997.78
2026-07-22 22:00:00,2997.791,3011.786,2997.791,3005.12
2026-07-22 23:00:00,3005.123,3014.768,3001.218,3014.768
2026-07-23 00:00:00,3014.769,3029.281,3014.769,3029.104
2026-07-23 01:00:00,3029.112,3032.984,3017.828,3018.156
2026-07-23 02:00:00,3018.158,3030.554,3017.558,3028.958
2026-07-23 03:00:00,3028.962,3043.553,3027.746,3038.272
2026-07-23 04:00:00,3038.289,3046.192,3034.896,3046.192
2026-07-23 05:00:00,3046.193,3058.644,3044.164,3053.987
2026-07-23 06:00:00,3053.99,3057.902,3043.031,3044.001
2026-07-23 07:00:00,3044.005,3053.109,3043.316,3051.104
2026-07-23 08:00:00,3051.112,3052.682,3037.383,3046.559
2026-07-23 09:00:00,3046.569,3058.097,3046.569,3057.602
2026-07-23 10:00:00,3057.603,3060.015,3044.745,3049.594
2026-07-23 11:00:00,3049.601,3053.383,3045.189,3048.91
2026-07-23 12:00:00,3048.916,3053.067,3044.453,3048.751
2026-07-23 13:00:00,3048.765,3053.295,3045.163,3050.153
2026-07-23 14:00:00,3050.163,3056.646,3047.485,3049.459
2026-07-23 15:00:00,3049.47,3049.865,3034.106,3036.249
2026-07-23 16:00:00,3036.26,3041.07,3033.82,3036.517
2026-07-23 17:00:00,3036.517,3047.318,3036.517,3045.179
2026-07-23 18:00:00,3045.179,3047.412,3036.181,3047.412
2026-07-23 19:00:00,3047.419,3053.348,3038.672,3053.348
2026-07-23 20:00:00,3053.354,3055.393,3039.566,3043.987
2026-07-23 21:00:00,3044.009,3053.899,3040.829,3053.899
2026-07-23 22:00:00,3053.901,3064.684,3050.349,3054.059
2026-07-23 23:00:00,3054.077,3067.46,3054.077,3062.378
2026-07-24 00:00:00,3062.381,3065.919,3045.36,3045.876
2026-07-24 01:00:00,3045.881,3059.443,3045.881,3059.443
2026-07-24 02:00:00,3059.449,3069.606,3059.449,3064.686
2026-07-24 03:00:00,3064.692,3074.717,3059.042,3060.226
2026-07-24 04:00:00,3060.237,3070.294,3056.632,3070.294
2026-07-24 05:00:00,3070.301,3081.228,3070.301,3079.79
2026-07-24 06:00:00,3079.79,3085.934,3076.465,3083.904
2026-07-24 07:00:00,3083.905,3089.094,3074.878,3075.481
2026-07-24 08:00:00,3075.49,3086.625,3072.051,3086.625
2026-07-24 09:00:00,3086.626,3101.397,3086.626,3101.397
2026-07-24 10:00:00,3101.398,3107.523,3088.474,3094.446
2026-07-24 11:00:00,3094.453,3104.592,3092.035,3097.655
2026-07-24 12:00:00,3097.663,3114.153,3097.087,3114.153
2026-07-24 13:00:00,3114.161,3116.452,3097.878,3102.705
2026-07-24 14:00:00,3102.713,3106.17,3098.38,3100.23
2026-07-24 15:00:00,3100.234,3107.828,3099.485,3101.412
2026-07-24 16:00:00,3101.417,3105.747,3078.624,3080.145
2026-07-24 17:00:00,3080.152,3093.191,3080.152,3084.798
2026-07-24 18:00:00,3084.802,3086.514,3072.675,3078.787
2026-07-24 19:00:00,3078.79,3091.653,3078.023,3087.354
2026-07-24 20:00:00,3087.357,3091.916,3084.98,3088.652
2026-07-24 21:00:00,3088.664,3094.615,3085.304,3094.615
2026-07-24 22:00:00,3094.626,3100.626,3084.352,3086.547
2026-07-24 23:00:00,3086.553,3089.105,3059.985,3068.432
2026-07-25 00:00:00,3068.439,3070.957,3057.669,3067.375
2026-07-25 01:00:00,3067.376,3084.514,3067.376,3082.447
2026-07-25 02:00:00,3082.454,3083.617,3061.0,3065.795
2026-07-25 03:00:00,3065.797,3075.162,3060.265,3072.961
2026-07-25 04:00:00,3072.962,3089.137,3072.962,3089.137
2026-07-25 05:00:00,3089.143,3093.889,3081.295,3086.701
2026-07-25 06:00:00,3086.714,3102.492,3086.714,3095.599
2026-07-25 07:00:00,3095.599,3102.361,3094.853,3102.361
2026-07-25 08:00:00,3102.367,3112.926,3100.174,3105.154
2026-07-25 09:00:00,3105.159,3114.555,3098.334,3111.885
2026-07-25 10:00:00,3111.887,3121.023,3108.597,3114.368
2026-07-25 11:00:00,3114.371,3120.377,3109.091,3110.808
2026-07-25 12:00:00,3110.809,3111.12,3098.433,3105.098
2026-07-25 13:00:00,3105.106,3112.953,3103.296,3112.953
2026-07-25 14:00:00,3112.96,3115.759,3105.235,3115.759
2026-07-25 15:00:00,3115.761,3120.214,3114.066,3120.214
2026-07-25 16:00:00,3120.222,3124.549,3117.771,3123.865
2026-07-25 17:00:00,3123.873,3130.582,3112.099,3114.191
2026-07-25 18:00:00,3114.195,3118.895,3108.198,3114.312
2026-07-25 19:00:00,3114.318,3114.346,3096.232,3102.028
2026-07-25 20:00:00,3102.03,3103.611,3084.31,3099.956
2026-07-25 21:00:00,3099.958,3116.207,3099.958,3116.207
2026-07-25 22:00:00,3116.208,3121.208,3092.751,3093.69
2026-07-25 23:00:00,3093.694,3097.528,3083.638,3090.397
2026-07-26 00:00:00,3090.398,3095.452,3085.829,3091.162
2026-07-26 01:00:00,3091.17,3096.785,3088.482,3095.213
2026-07-26 02:00:00,3095.216,3108.348,3092.852,3104.243
2026-07-26 03:00:00,3104.248,3123.094,3104.248,3119.671
2026-07-26 04:00:00,3119.682,3131.491,3117.884,3119.892
2026-07-26 05:00:00,3119.9,3132.315,3117.575,3132.315
2026-07-26 06:00:00,3132.318,3133.856,3119.503,3122.606
2026-07-26 07:00:00,3122.61,3137.158,3120.2,3135.286
2026-07-26 08:00:00,3135.287,3149.571,3135.108,3147.983
2026-07-26 09:00:00,3147.984,3154.739,3117.399,3118.805
2026-07-26 10:00:00,3118.808,3131.549,3118.808,3122.558
2026-07-26 11:00:00,3122.562,3136.857,3122.562,3136.857
2026-07-26 12:00:00,3136.867,3146.558,3136.867,3143.165
2026-07-26 13:00:00,3143.166,3149.275,3137.73,3140.928
2026-07-26 14:00:00,3140.93,3147.244,3132.013,3144.054
2026-07-26 15:00:00,3144.06,3144.863,3118.581,3126.56
2026-07-26 16:00:00,3126.563,3131.951,3121.029,3121.573
2026-07-26 17:00:00,3121.577,3123.676,3097.756,3104.38
2026-07-26 18:00:00,3104.384,3111.972,3104.091,3107.753
2026-07-26 19:00:00,3107.756,3114.267,3105.848,3111.976
2026-07-26 20:00:00,3111.982,3115.374,3099.667,3101.812
2026-07-26 21:00:00,3101.813,3113.232,3101.813,3106.095
2026-07-26 22:00:00,3106.096,3109.65,3101.09,3103.85
2026-07-26 23:00:00,3103.852,3110.598,3102.686,3104.318
2026-07-27 00:00:00,3104.324,3109.372,3099.882,3107.925
2026-07-27 01:00:00,3107.935,3112.532,3100.764,3101.422
2026-07-27 02:00:00,3101.431,3109.273,3099.921,3107.121
2026-07-27 03:00:00,3107.125,3120.461,3106.238,3120.461
2026-07-27 04:00:00,3120.467,3128.871,3120.467,3122.209
2026-07-27 05:00:00,3122.214,3135.452,3122.214,3135.452
2026-07-27 06:00:00,3135.457,3142.403,3121.788,3123.404
2026-07-27 07:00:00,3123.415,3135.921,3118.682,3129.521
2026-07-27 08:00:00,3129.523,3138.26,3116.161,3117.513
2026-07-27 09:00:00,3117.519,3120.355,3110.133,3112.357
2026-07-27 10:00:00,3112.361,3119.611,3106.995,3112.177
2026-07-27 11:00:00,3112.18,3117.107,3099.472,3101.436
2026-07-27 12:00:00,3101.444,3102.389,3089.96,3092.387
2026-07-27 13:00:00,3092.392,3102.673,3088.864,3093.096
2026-07-27 14:00:00,3093.104,3097.836,3086.217,3097.836
2026-07-27 15:00:00,3097.846,3105.172,3096.448,3103.257
2026-07-27 16:00:00,3103.258,3121.373,3103.258,3119.143
2026-07-27 17:00:00,3119.146,3131.241,3118.321,3120.547
2026-07-27 18:00:00,3120.555,3125.255,3108.469,3114.077
2026-07-27 19:00:00,3114.081,3126.994,3112.43,3125.822
2026-07-27 20:00:00,3125.829,3128.722,3112.732,3114.521
2026-07-27 21:00:00,3114.524,3129.546,3114.524,3129.546
2026-07-27 22:00:00,3129.547,3134.877,3126.47,3134.482
2026-07-27 23:00:00,3134.495,3140.723,3114.666,3115.062
2026-07-28 00:00:00,3115.073,3121.53,3109.094,3113.081
2026-07-28 01:00:00,3113.085,3121.259,3112.052,3114.547
2026-07-28 02:00:00,3114.551,3117.823,3093.087,3095.156
2026-07-28 03:00:00,3095.157,3099.469,3089.21,3093.456
2026-07-28 04:00:00,3093.461,3097.915,3073.417,3074.191
2026-07-28 05:00:00,3074.192,3092.465,3074.192,3092.465
2026-07-28 06:00:00,3092.485,3095.164,3087.893,3094.785
2026-07-28 07:00:00,3094.797,3098.789,3074.896,3077.948
2026-07-28 08:00:00,3077.961,3082.751,3074.283,3082.751
2026-07-28 09:00:00,3082.762,3084.469,3070.339,3084.469
2026-07-28 10:00:00,3084.473,3097.606,3084.473,3094.281
2026-07-28 11:00:00,3094.282,3097.995,3085.558,3094.846
2026-07-28 12:00:00,3094.859,3097.802,3089.351,3097.274
2026-07-28 13:00:00,3097.278,3100.612,3084.059,3089.165
2026-07-28 14:00:00,3089.167,3090.08,3069.133,3076.369
2026-07-28 15:00:00,3076.374,3089.201,3071.546,3071.584
2026-07-28 16:00:00,3071.588,3076.305,3064.864,3067.023
2026-07-28 17:00:00,3067.027,3077.318,3065.833,3077.318
2026-07-28 18:00:00,3077.331,3090.265,3077.331,3089.486
2026-07-28 19:00:00,3089.494,3092.212,3079.025,3083.659
2026-07-28 20:00:00,3083.664,3086.168,3055.884,3060.982
2026-07-28 21:00:00,3060.982,3068.837,3059.68,3068.837
2026-07-28 22:00:00,3068.839,3090.644,3068.839,3090.644
2026-07-28 23:00:00,3090.651,3096.985,3087.088,3096.985
2026-07-29 00:00:00,3096.985,3103.879,3080.132,3081.543
2026-07-29 01:00:00,3081.547,3085.588,3074.539,3085.588
2026-07-29 02:00:00,3085.592,3095.582,3085.392,3095.582
2026-07-29 03:00:00,3095.584,3098.111,3080.543,3081.043
2026-07-29 04:00:00,3081.048,3090.526,3079.191,3090.526
2026-07-29 05:00:00,3090.539,3092.58,3072.9,3076.217
2026-07-29 06:00:00,3076.219,3082.665,3076.219,3081.472
2026-07-29 07:00:00,3081.477,3091.383,3076.529,3087.299
2026-07-29 08:00:00,3087.3,3103.557,3087.3,3097.006
2026-07-29 09:00:00,3097.007,3101.126,3083.216,3086.444
2026-07-29 10:00:00,3086.451,3097.478,3086.451,3095.098
2026-07-29 11:00:00,3095.106,3098.85,3087.937,3090.729
2026-07-29 12:00:00,3090.732,3093.71,3079.624,3085.704
2026-07-29 13:00:00,3085.71,3091.035,3078.645,3081.949
2026-07-29 14:00:00,3081.96,3086.557,3072.034,3076.167
2026-07-29 15:00:00,3076.171,3079.446,3072.538,3078.956
2026-07-29 16:00:00,3078.958,3087.338,3076.87,3082.508
2026-07-29 17:00:00,3082.517,3087.685,3073.281,3073.541
2026-07-29 18:00:00,3073.55,3079.915,3071.429,3078.987
2026-07-29 19:00:00,3078.99,3081.203,3074.487,3075.218
2026-07-29 20:00:00,3075.227,3085.406,3071.885,3085.406
2026-07-29 21:00:00,3085.408,3100.478,3085.408,3098.722
2026-07-29 22:00:00,3098.728,3101.807,3091.526,3099.704
2026-07-29 23:00:00,3099.709,3102.157,3072.952,3073.071
2026-07-30 00:00:00,3073.076,3073.268,3054.759,3058.219
2026-07-30 01:00:00,3058.22,3062.617,3045.228,3048.597
2026-07-30 02:00:00,3048.605,3050.84,3039.453,3043.56
2026-07-30 03:00:00,3043.564,3049.744,3042.414,3046.771
2026-07-30 04:00:00,3046.782,3059.544,3046.677,3052.301
2026-07-30 05:00:00,3052.303,3057.219,3043.977,3052.288
2026-07-30 06:00:00,3052.295,3063.437,3052.295,3063.437
2026-07-30 07:00:00,3063.438,3077.365,3063.185,3077.365
2026-07-30 08:00:00,3077.377,3084.338,3073.467,3076.989
2026-07-30 09:00:00,3076.997,3084.676,3070.557,3082.144
2026-07-30 10:00:00,3082.155,3082.204,3069.163,3073.253
2026-07-30 11:00:00,3073.255,3080.456,3069.984,3078.73
2026-07-30 12:00:00,3078.738,3079.552,3054.728,3055.287
2026-07-30 13:00:00,3055.305,3067.174,3055.015,3063.618
2026-07-30 14:00:00,3063.63,3068.954,3052.59,3060.16
2026-07-30 15:00:00,3060.162,3078.931,3060.162,3078.931
2026-07-30 16:00:00,3078.935,3084.447,3067.337,3072.43
2026-07-30 17:00:00,3072.437,3075.242,3063.366,3064.917
2026-07-30 18:00:00,3064.918,3068.922,3057.846,3061.591
2026-07-30 19:00:00,3061.6,3066.75,3057.58,3057.806
2026-07-30 20:00:00,3057.807,3059.997,3045.8,3050.669
2026-07-30 21:00:00,3050.671,3067.68,3050.671,3067.68
2026-07-30 22:00:00,3067.695,3070.742,3059.606,3065.128
2026-07-30 23:00:00,3065.135,3068.593,3055.411,3057.329
2026-07-31 00:00:00,3057.335,3065.851,3053.168,3064.072
2026-07-31 01:00:00,3064.078,3069.476,3061.115,3068.409
2026-07-31 02:00:00,3068.414,3068.586,3059.834,3066.463
2026-07-31 03:00:00,3066.469,3072.368,3061.306,3069.059
2026-07-31 04:00:00,3069.07,3084.375,3069.07,3080.733
2026-07-31 05:00:00,3080.741,3081.035,3069.745,3073.343
2026-07-31 06:00:00,3073.345,3081.208,3067.593,3070.193
2026-07-31 07:00:00,3070.194,3075.534,3059.075,3064.07
2026-07-31 08:00:00,3064.077,3074.614,3063.409,3074.614
2026-07-31 09:00:00,3074.618,3087.916,3072.5,3076.957
2026-07-31 10:00:00,3076.968,3077.353,3053.285,3056.126
2026-07-31 11:00:00,3056.134,3075.348,3056.134,3069.486
2026-07-31 12:00:00,3069.493,3069.498,3052.782,3059.621
2026-07-31 13:00:00,3059.622,3063.364,3042.373,3044.196
2026-07-31 14:00:00,3044.202,3054.219,3042.5,3049.499
2026-07-31 15:00:00,3049.509,3057.213,3046.417,3047.887
2026-07-31 16:00:00,3047.888,3052.486,3035.362,3042.268
2026-07-31 17:00:00,3042.276,3048.89,3041.328,3048.504
2026-07-31 18:00:00,3048.508,3049.494,3028.827,3036.047
2026-07-31 19:00:00,3036.054,3042.268,3033.889,3037.032
2026-07-31 20:00:00,3037.037,3048.881,3029.902,3048.881
2026-07-31 21:00:00,3048.887,3049.352,3039.111,3045.076
2026-07-31 22:00:00,3045.08,3057.646,3045.08,3046.701
2026-07-31 23:00:00,3046.71,3056.275,3046.384,3051.205
2026-08-01 00:00:00,3051.21,3055.716,3041.207,3055.703
2026-08-01 01:00:00,3055.717,3064.213,3051.518,3063.161
2026-08-01 02:00:00,3063.171,3065.512,3051.708,3056.364
2026-08-01 03:00:00,3056.374,3060.116,3044.291,3050.157
2026-08-01 04:00:00,3050.158,3054.599,3037.708,3039.374
2026-08-01 05:00:00,3039.386,3050.386,3037.867,3050.386
2026-08-01 06:00:00,3050.389,3061.368,3047.707,3055.407
2026-08-01 07:00:00,3055.411,3057.806,3049.054,3056.708
2026-08-01 08:00:00,3056.717,3068.445,3052.136,3068.124
2026-08-01 09:00:00,3068.129,3074.264,3064.353,3066.348
2026-08-01 10:00:00,3066.351,3072.884,3062.424,3068.773
2026-08-01 11:00:00,3068.779,3071.529,3061.165,3069.753
2026-08-01 12:00:00,3069.755,3078.418,3063.644,3067.542
2026-08-01 13:00:00,3067.556,3071.188,3061.588,3061.588
2026-08-01 14:00:00,3061.59,3062.911,3034.553,3041.297
2026-08-01 15:00:00,3041.305,3050.464,3041.305,3050.227
2026-08-01 16:00:00,3050.238,3058.393,3044.352,3054.073
2026-08-01 17:00:00,3054.08,3063.361,3052.541,3057.944
2026-08-01 18:00:00,3057.957,3061.659,3049.789,3054.723
2026-08-01 19:00:00,3054.726,3056.421,3047.823,3051.423
2026-08-01 20:00:00,3051.424,3059.518,3050.493,3055.967
2026-08-01 21:00:00,3055.967,3062.521,3046.063,3047.984
2026-08-01 22:00:00,3047.987,3053.446,3043.754,3048.766
2026-08-01 23:00:00,3048.776,3055.035,3045.316,3054.585
2026-08-02 00:00:00,3054.589,3055.223,3033.134,3034.013
2026-08-02 01:00:00,3034.016,3040.518,3033.342,3038.509
2026-08-02 02:00:00,3038.512,3042.28,3033.336,3034.902
2026-08-02 03:00:00,3034.909,3039.661,3028.227,3031.653
2026-08-02 04:00:00,3031.67,3051.171,3031.67,3047.858
2026-08-02 05:00:00,3047.866,3054.911,3034.316,3036.037
2026-08-02 06:00:00,3036.045,3049.912,3036.045,3046.035
2026-08-02 07:00:00,3046.038,3050.83,3038.383,3042.933
2026-08-02 08:00:00,3042.935,3047.69,3035.065,3043.517
2026-08-02 09:00:00,3043.518,3048.276,3037.231,3048.276
2026-08-02 10:00:00,3048.281,3061.955,3045.341,3061.955
2026-08-02 11:00:00,3061.957,3067.318,3049.871,3050.074
2026-08-02 12:00:00,3050.074,3064.147,3050.074,3054.233
2026-08-02 13:00:00,3054.242,3071.656,3054.242,3071.656
2026-08-02 14:00:00,3071.658,3077.357,3065.3,3073.507
2026-08-02 15:00:00,3073.509,3074.681,3056.601,3062.931
2026-08-02 16:00:00,3062.938,3068.234,3041.996,3048.343
2026-08-02 17:00:00,3048.353,3050.262,3037.43,3039.767
2026-08-02 18:00:00,3039.768,3040.527,3025.724,3029.585
2026-08-02 19:00:00,3029.587,3029.675,3016.631,3018.513
2026-08-02 20:00:00,3018.519,3019.626,2998.98,3001.668
2026-08-02 21:00:00,3001.67,3007.742,2994.39,3007.742
2026-08-02 22:00:00,3007.753,3016.986,3004.983,3014.145
2026-08-02 23:00:00,3014.147,3029.814,3014.147,3029.397
2026-08-03 00:00:00,3029.398,3039.41,3029.398,3036.461
2026-08-03 01:00:00,3036.465,3051.74,3034.405,3051.74
2026-08-03 02:00:00,3051.75,3053.885,3043.193,3046.182
2026-08-03 03:00:00,3046.189,3054.927,3043.344,3049.102
2026-08-03 04:00:00,3049.103,3051.364,3028.57,3032.472
2026-08-03 05:00:00,3032.483,3040.676,3031.973,3040.623
2026-08-03 06:00:00,3040.059,3058.417,3040.059,3050.591
2026-08-03 07:00:00,3050.598,3056.766,3049.705,3054.915
2026-08-03 08:00:00,3054.927,3064.6,3054.927,3064.6
2026-08-03 09:00:00,3064.603,3078.82,3063.795,3078.82
2026-08-03 10:00:00,3078.824,3083.227,3072.519,3082.841
2026-08-03 11:00:00,3082.845,3096.049,3082.845,3096.049
2026-08-03 12:00:00,3096.049,3101.227,3091.811,3097.424
2026-08-03 13:00:00,3097.428,3103.298,3092.932,3103.298
2026-08-03 14:00:00,3103.309,3103.956,3080.757,3088.021
2026-08-03 15:00:00,3088.028,3095.394,3088.028,3095.394
2026-08-03 16:00:00,3095.394,3098.484,3071.786,3078.13
2026-08-03 17:00:00,3078.136,3090.532,3066.854,3069.358
2026-08-03 18:00:00,3069.361,3073.324,3065.871,3073.324
2026-08-03 19:00:00,3073.329,3076.977,3061.042,3066.123
2026-08-03 20:00:00,3066.132,3069.861,3055.693,3061.849
2026-08-03 21:00:00,3061.856,3071.773,3056.112,3057.755
2026-08-03 22:00:00,3057.757,3064.757,3054.841,3064.757
2026-08-03 23:00:00,3064.76,3079.363,3064.76,3078.808
2026-08-04 00:00:00,3078.82,3080.561,3062.916,3068.64
2026-08-04 01:00:00,3068.652,3082.024,3066.363,3082.004
2026-08-04 02:00:00,3082.014,3088.253,3071.731,3072.204
2026-08-04 03:00:00,3072.21,3073.437,3046.541,3047.119
2026-08-04 04:00:00,3047.131,3048.367,3020.293,3020.893
2026-08-04 05:00:00,3020.897,3026.251,3011.466,3020.335
2026-08-04 06:00:00,3020.341,3035.444,3019.007,3035.444
2026-08-04 07:00:00,3035.454,3045.14,3035.36,3044.404
2026-08-04 08:00:00,3044.413,3056.385,3044.413,3054.164
2026-08-04 09:00:00,3054.169,3055.373,3042.562,3048.038
2026-08-04 10:00:00,3048.04,3049.271,3035.479,3045.365
2026-08-04 11:00:00,3045.372,3048.821,3025.831,3026.73
2026-08-04 12:00:00,3026.73,3033.71,3026.237,3031.771
2026-08-04 13:00:00,3031.776,3034.021,3021.151,3028.935
2026-08-04 14:00:00,3028.937,3035.789,3028.598,3034.755
2026-08-04 15:00:00,3034.776,3044.353,3025.71,3032.932
2026-08-04 16:00:00,3032.942,3033.267,3006.168,3009.238
2026-08-04 17:00:00,3009.248,3016.512,3006.36,3015.951
2026-08-04 18:00:00,3015.966,3024.303,3012.309,3017.523
2026-08-04 19:00:00,3017.538,3024.979,3015.106,3018.026
2026-08-04 20:00:00,3018.033,3020.668,3004.108,3012.697
2026-08-04 21:00:00,3012.698,3021.99,3008.897,3021.99
2026-08-04 22:00:00,3021.995,3040.316,3021.995,3040.316
2026-08-04 23:00:00,3040.32,3040.912,3031.971,3037.582
2026-08-05 00:00:00,3037.59,3037.623,3018.381,3026.783
2026-08-05 01:00:00,3026.791,3039.468,3026.791,3037.795
2026-08-05 02:00:00,3037.801,3046.674,3033.411,3040.03
2026-08-05 03:00:00,3040.031,3048.348,3035.902,3048.308
2026-08-05 04:00:00,3048.32,3054.652,3036.486,3040.176
2026-08-05 05:00:00,3040.185,3053.612,3040.185,3048.598
2026-08-05 06:00:00,3048.605,3052.556,3040.269,3047.356
2026-08-05 07:00:00,3047.364,3048.279,3022.032,3027.846
2026-08-05 08:00:00,3027.846,3042.618,3026.828,3042.618
2026-08-05 09:00:00,3042.619,3043.095,3014.464,3021.29
2026-08-05 10:00:00,3021.297,3038.626,3021.297,3037.708
2026-08-05 11:00:00,3037.709,3057.276,3037.709,3054.673
2026-08-05 12:00:00,3054.681,3062.406,3036.854,3038.916
2026-08-05 13:00:00,3038.92,3040.17,3027.058,3032.681
2026-08-05 14:00:00,3032.683,3033.554,3023.604,3029.264
2026-08-05 15:00:00,3029.266,3034.297,3024.702,3029.505
2026-08-05 16:00:00,3029.518,3030.124,3011.985,3014.115
2026-08-05 17:00:00,3014.12,3027.657,3014.12,3026.784
2026-08-05 18:00:00,3026.796,3043.686,3026.796,3043.686
2026-08-05 19:00:00,3043.688,3055.431,3042.916,3048.785
2026-08-05 20:00:00,3048.789,3050.526,3028.768,3030.838
2026-08-05 21:00:00,3030.851,3041.233,3030.851,3041.233
2026-08-05 22:00:00,3041.234,3044.029,3033.032,3039.198
2026-08-05 23:00:00,3039.211,3043.901,3033.541,3040.372
2026-08-06 00:00:00,3040.378,3049.651,3039.977,3049.639
2026-08-06 01:00:00,3049.646,3052.11,3037.816,3045.461
2026-08-06 02:00:00,3045.467,3046.981,3026.718,3027.215
2026-08-06 03:00:00,3027.222,3028.889,3010.092,3010.508
2026-08-06 04:00:00,3010.513,3018.776,3009.762,3015.25
2026-08-06 05:00:00,3015.257,3023.503,3013.881,3019.402
2026-08-06 06:00:00,3019.403,3023.445,3015.41,3017.609
2026-08-06 07:00:00,3017.616,3025.63,3017.013,3021.156
2026-08-06 08:00:00,3021.165,3033.798,3020.464,3033.798
2026-08-06 09:00:00,3033.811,3044.742,3031.945,3034.008
2026-08-06 10:00:00,3034.014,3048.311,3032.89,3048.311
2026-08-06 11:00:00,3048.312,3066.229,3048.312,3066.229
2026-08-06 12:00:00,3066.232,3077.048,3064.811,3077.048
2026-08-06 13:00:00,3077.049,3086.741,3075.247,3084.728
2026-08-06 14:00:00,3084.731,3092.735,3083.71,3084.396
2026-08-06 15:00:00,3084.409,3091.528,3081.572,3084.687
2026-08-06 16:00:00,3084.696,3088.778,3079.72,3083.289
2026-08-06 17:00:00,3083.297,3083.66,3053.238,3053.767
2026-08-06 18:00:00,3053.777,3058.61,3050.586,3058.61
2026-08-06 19:00:00,3058.62,3067.209,3058.62,3066.573
2026-08-06 20:00:00,3066.579,3077.983,3066.579,3077.983
2026-08-06 21:00:00,3077.99,3083.418,3074.087,3074.369
2026-08-06 22:00:00,3074.372,3080.01,3069.587,3074.474
2026-08-06 23:00:00,3074.48,3074.859,3066.763,3074.057
2026-08-07 00:00:00,3074.06,3086.129,3073.917,3077.147
2026-08-07 01:00:00,3077.151,3086.983,3077.151,3079.136
2026-08-07 02:00:00,3079.14,3084.917,3074.736,3076.362
2026-08-07 03:00:00,3076.369,3089.71,3076.369,3089.71
2026-08-07 04:00:00,3089.718,3104.345,3089.718,3097.65
2026-08-07 05:00:00,3097.664,3098.671,3074.585,3085.115
2026-08-07 06:00:00,3085.119,3098.511,3079.08,3094.621
2026-08-07 07:00:00,3094.63,3114.067,3094.63,3114.067
2026-08-07 08:00:00,3114.079,3117.682,3108.427,3116.75
2026-08-07 09:00:00,3116.75,3127.786,3116.75,3118.585
2026-08-07 10:00:00,3118.589,3121.018,3110.907,3112.872
2026-08-07 11:00:00,3112.873,3121.289,3109.997,3112.264
2026-08-07 12:00:00,3112.274,3122.482,3110.44,3117.229
2026-08-07 13:00:00,3117.24,3130.429,3116.663,3129.642
2026-08-07 14:00:00,3129.646,3130.161,3118.483,3127.008
2026-08-07 15:00:00,3127.027,3140.384,3127.027,3140.384
2026-08-07 16:00:00,3140.391,3149.609,3140.391,3141.638
2026-08-07 17:00:00,3141.655,3154.974,3141.386,3151.997
2026-08-07 18:00:00,3151.998,3154.385,3134.153,3135.855
2026-08-07 19:00:00,3135.855,3140.336,3127.102,3132.181
2026-08-07 20:00:00,3132.185,3138.179,3124.352,3138.179
2026-08-07 21:00:00,3138.18,3139.0,3125.773,3126.71
2026-08-07 22:00:00,3126.711,3140.303,3125.381,3140.303
2026-08-07 23:00:00,3140.309,3153.481,3138.093,3146.927
2026-08-08 00:00:00,3146.932,3152.268,3132.815,3135.451
2026-08-08 01:00:00,3135.459,3150.811,3135.459,3145.035
2026-08-08 02:00:00,3145.042,3147.986,3138.63,3144.176
2026-08-08 03:00:00,3144.176,3158.878,3144.176,3158.098
2026-08-08 04:00:00,3158.105,3174.51,3158.105,3174.51
2026-08-08 05:00:00,3174.519,3194.196,3172.087,3194.196
2026-08-08 06:00:00,3194.204,3197.395,3185.151,3193.982
2026-08-08 07:00:00,3193.984,3209.15,3193.984,3209.15
2026-08-08 08:00:00,3209.16,3215.285,3194.839,3197.285
2026-08-08 09:00:00,3197.289,3205.084,3192.334,3205.084
2026-08-08 10:00:00,3205.093,3206.323,3171.203,3173.861
2026-08-08 11:00:00,3173.873,3185.647,3173.873,3185.349
2026-08-08 12:00:00,3185.351,3196.483,3184.723,3196.483
2026-08-08 13:00:00,3196.488,3204.366,3195.663,3198.279
2026-08-08 14:00:00,3198.291,3214.874,3198.291,3214.874
2026-08-08 15:00:00,3214.875,3215.456,3189.867,3202.274
2026-08-08 16:00:00,3202.284,3208.719,3197.292,3197.723
2026-08-08 17:00:00,3197.731,3209.41,3195.903,3196.192
2026-08-08 18:00:00,3196.196,3197.078,3173.402,3183.098
2026-08-08 19:00:00,3183.103,3192.627,3182.911,3191.079
2026-08-08 20:00:00,3191.082,3193.822,3185.713,3190.736
2026-08-08 21:00:00,3190.742,3192.504,3183.712,3186.978
2026-08-08 22:00:00,3186.981,3195.253,3182.676,3184.592
2026-08-08 23:00:00,3184.594,3195.38,3184.594,3188.82
2026-08-09 00:00:00,3188.823,3193.882,3181.315,3193.882
2026-08-09 01:00:00,3193.882,3199.836,3177.924,3178.972
2026-08-09 02:00:00,3178.979,3184.94,3170.036,3171.381
2026-08-09 03:00:00,3171.383,3171.936,3140.753,3142.875
2026-08-09 04:00:00,3142.885,3147.48,3137.337,3146.761
2026-08-09 05:00:00,3146.762,3151.383,3135.425,3139.714
2026-08-09 06:00:00,3139.716,3152.131,3139.716,3147.228
2026-08-09 07:00:00,3147.231,3152.998,3145.185,3152.857
2026-08-09 08:00:00,3152.873,3155.912,3132.792,3137.636
2026-08-09 09:00:00,3137.645,3150.151,3137.645,3150.151
2026-08-09 10:00:00,3150.159,3150.636,3112.583,3113.972
2026-08-09 11:00:00,3113.983,3119.304,3110.069,3119.304
2026-08-09 12:00:00,3119.315,3119.388,3111.845,3117.133
2026-08-09 13:00:00,3117.134,3129.638,3114.676,3114.962
2026-08-09 14:00:00,3114.97,3124.927,3112.279,3124.927
2026-08-09 15:00:00,3124.94,3133.097,3118.793,3133.097
2026-08-09 16:00:00,3133.1,3142.235,3133.1,3140.621
2026-08-09 17:00:00,3140.632,3154.287,3140.632,3142.076
2026-08-09 18:00:00,3142.082,3149.111,3138.253,3144.544
2026-08-09 19:00:00,3144.546,3147.838,3136.006,3139.422
2026-08-09 20:00:00,3139.426,3146.09,3137.774,3146.09
2026-08-09 21:00:00,3146.098,3149.861,3142.121,3149.146
2026-08-09 22:00:00,3149.149,3157.186,3146.518,3147.202
2026-08-09 23:00:00,3147.204,3159.122,3147.204,3157.266
2026-08-10 00:00:00,3157.267,3173.84,3156.705,3173.84
2026-08-10 01:00:00,3173.84,3179.562,3170.711,3178.774
2026-08-10 02:00:00,3178.782,3180.79,3165.712,3174.277
2026-08-10 03:00:00,3174.284,3178.074,3169.33,3174.82
2026-08-10 04:00:00,3174.824,3187.306,3174.527,3187.306
2026-08-10 05:00:00,3187.31,3188.34,3175.423,3182.59
2026-08-10 06:00:00,3182.595,3194.548,3180.852,3189.032
2026-08-10 07:00:00,3189.032,3199.783,3183.332,3185.667
2026-08-10 08:00:00,3185.675,3188.698,3172.968,3173.369
2026-08-10 09:00:00,3173.375,3175.811,3159.207,3169.036
2026-08-10 10:00:00,3169.042,3173.365,3161.628,3173.365
2026-08-10 11:00:00,3173.367,3189.444,3171.502,3184.419
2026-08-10 12:00:00,3184.426,3192.186,3184.426,3185.135
2026-08-10 13:00:00,3185.147,3189.037,3177.508,3182.967
2026-08-10 14:00:00,3182.977,3183.571,3171.885,3177.678
2026-08-10 15:00:00,3177.683,3188.766,3177.683,3183.039
2026-08-10 16:00:00,3183.044,3189.705,3175.546,3178.882
2026-08-10 17:00:00,3178.885,3180.456,3171.325,3178.143
2026-08-10 18:00:00,3178.153,3190.116,3178.153,3188.633
2026-08-10 19:00:00,3188.638,3198.267,3185.687,3185.794
2026-08-10 20:00:00,3185.804,3189.738,3160.074,3164.636
2026-08-10 21:00:00,3164.642,3166.743,3140.766,3144.061
2026-08-10 22:00:00,3144.063,3159.1,3143.62,3152.957
2026-08-10 23:00:00,3152.964,3156.917,3143.64,3145.171
2026-08-11 00:00:00,3145.185,3148.346,3139.381,3143.317
2026-08-11 01:00:00,3143.32,3144.407,3113.287,3113.931
2026-08-11 02:00:00,3113.942,3120.107,3108.299,3109.153
2026-08-11 03:00:00,3109.154,3116.72,3106.974,3116.72
2026-08-11 04:00:00,3116.721,3120.836,3100.2,3108.937
2026-08-11 05:00:00,3108.955,3124.016,3108.955,3117.883
2026-08-11 06:00:00,3117.896,3132.39,3117.896,3132.22
2026-08-11 07:00:00,3132.229,3140.506,3124.901,3128.595
2026-08-11 08:00:00,3128.609,3138.044,3116.558,3118.682
2026-08-11 09:00:00,3118.686,3121.283,3107.645,3111.755
2026-08-11 10:00:00,3111.764,3120.046,3105.233,3119.459
2026-08-11 11:00:00,3119.459,3120.537,3096.974,3097.075
2026-08-11 12:00:00,3097.087,3101.205,3081.62,3083.451
2026-08-11 13:00:00,3083.452,3084.871,3073.902,3079.21
2026-08-11 14:00:00,3079.211,3100.577,3078.877,3100.577
2026-08-11 15:00:00,3100.584,3102.146,3090.44,3096.032
2026-08-11 16:00:00,3096.038,3100.665,3084.448,3100.665
2026-08-11 17:00:00,3100.674,3103.649,3093.697,3094.623
2026-08-11 18:00:00,3094.63,3100.105,3083.106,3086.76
2026-08-11 19:00:00,3086.762,3099.945,3086.762,3099.945
2026-08-11 20:00:00,3099.953,3106.494,3087.899,3090.175
2026-08-11 21:00:00,3090.18,3096.526,3089.987,3096.338
2026-08-11 22:00:00,3096.342,3096.587,3064.219,3075.43
2026-08-11 23:00:00,3075.439,3080.338,3062.811,3063.407
2026-08-12 00:00:00,3063.416,3082.0,3063.129,3077.875
2026-08-12 01:00:00,3077.882,3081.261,3058.835,3060.447
2026-08-12 02:00:00,3060.456,3062.932,3054.424,3059.971
2026-08-12 03:00:00,3059.973,3073.851,3059.973,3073.851
2026-08-12 04:00:00,3073.854,3073.886,3056.701,3059.943
2026-08-12 05:00:00,3059.946,3064.84,3054.08,3056.83
2026-08-12 06:00:00,3056.832,3062.925,3029.694,3030.797
2026-08-12 07:00:00,3030.804,3042.95,3030.804,3042.95
2026-08-12 08:00:00,3042.961,3051.749,3036.248,3038.784
2026-08-12 09:00:00,3038.791,3044.874,3036.798,3044.874
2026-08-12 10:00:00,3044.888,3046.273,3024.255,3025.244
2026-08-12 11:00:00,3025.256,3031.396,3020.566,3027.784
2026-08-12 12:00:00,3027.791,3035.942,3025.763,3035.942
2026-08-12 13:00:00,3035.949,3045.729,3035.314,3044.041
2026-08-12 14:00:00,3044.043,3045.442,3033.987,3042.887
2026-08-12 15:00:00,3042.9,3052.853,3024.427,3026.113
2026-08-12 16:00:00,3026.124,3028.744,3018.261,3023.057
2026-08-12 17:00:00,3023.061,3038.809,3023.061,3033.863
2026-08-12 18:00:00,3033.867,3037.972,3031.26,3033.047
2026-08-12 19:00:00,3033.056,3044.394,3031.423,3032.899
2026-08-12 20:00:00,3032.906,3035.874,3021.098,3021.7
2026-08-12 21:00:00,3021.706,3025.169,3012.123,3022.847
2026-08-12 22:00:00,3022.849,3039.717,3022.849,3039.717
2026-08-12 23:00:00,3039.721,3053.336,3039.721,3050.88
2026-08-13 00:00:00,3050.885,3054.707,3039.896,3043.074
2026-08-13 01:00:00,3043.088,3043.861,3027.373,3030.386
2026-08-13 02:00:00,3030.392,3036.656,3027.532,3033.406
2026-08-13 03:00:00,3033.413,3044.545,3033.04,3036.89
2026-08-13 04:00:00,3036.898,3043.989,3034.465,3043.989
2026-08-13 05:00:00,3044.0,3046.459,3036.905,3045.017
2026-08-13 06:00:00,3045.027,3047.831,3035.174,3042.628
2026-08-13 07:00:00,3042.638,3043.865,3037.062,3043.051
2026-08-13 08:00:00,3043.052,3058.484,3041.655,3058.484
2026-08-13 09:00:00,3058.49,3067.155,3058.49,3067.155
2026-08-13 10:00:00,3067.157,3078.764,3067.157,3070.583
2026-08-13 11:00:00,3070.606,3078.249,3062.559,3078.249
2026-08-13 12:00:00,3078.251,3083.433,3069.624,3075.151
2026-08-13 13:00:00,3075.158,3086.748,3053.603,3056.177
2026-08-13 14:00:00,3056.184,3059.668,3033.853,3041.075
2026-08-13 15:00:00,3041.084,3042.291,3014.07,3016.474
2026-08-13 16:00:00,3016.482,3017.3,3003.615,3006.836
2026-08-13 17:00:00,3006.837,3009.329,2989.628,2993.55
2026-08-13 18:00:00,2993.556,3005.736,2993.556,3005.736
2026-08-13 19:00:00,3005.737,3017.431,3004.643,3017.431
2026-08-13 20:00:00,3017.431,3020.763,3012.789,3020.45
2026-08-13 21:00:00,3020.461,3028.348,3020.461,3028.348
2026-08-13 22:00:00,3028.354,3043.896,3028.354,3042.563
2026-08-13 23:00:00,3042.567,3047.094,3026.375,3029.186
2026-08-14 00:00:00,3029.203,3047.935,3029.203,3044.172
2026-08-14 01:00:00,3044.18,3054.064,3040.729,3047.751
2026-08-14 02:00:00,3047.758,3065.505,3047.758,3065.505
2026-08-14 03:00:00,3065.505,3073.039,3058.951,3070.772
2026-08-14 04:00:00,3070.782,3078.038,3067.758,3074.017
2026-08-14 05:00:00,3074.022,3078.241,3069.587,3076.027
2026-08-14 06:00:00,3076.033,3088.96,3076.033,3087.739
2026-08-14 07:00:00,3087.74,3099.356,3084.519,3084.625
2026-08-14 08:00:00,3084.627,3093.193,3082.657,3090.073
2026-08-14 09:00:00,3090.074,3101.535,3087.623,3088.592
2026-08-14 10:00:00,3088.604,3103.61,3087.033,3103.61
2026-08-14 11:00:00,3103.616,3106.705,3099.695,3102.208
2026-08-14 12:00:00,3102.218,3102.513,3094.134,3096.07
2026-08-14 13:00:00,3096.077,3098.72,3083.067,3084.857
2026-08-14 14:00:00,3084.858,3087.167,3070.283,3082.798
2026-08-14 15:00:00,3082.799,3084.319,3066.355,3071.454
2026-08-14 16:00:00,3071.458,3078.813,3067.846,3074.452
2026-08-14 17:00:00,3074.453,3082.368,3072.72,3078.571
2026-08-14 18:00:00,3078.576,3083.995,3075.802,3083.144
2026-08-14 19:00:00,3083.161,3098.592,3080.512,3083.297
2026-08-14 20:00:00,3083.298,3092.179,3080.318,3092.179
2026-08-14 21:00:00,3092.183,3099.313,3077.386,3078.315
2026-08-14 22:00:00,3078.323,3086.714,3076.24,3080.165
2026-08-14 23:00:00,3080.179,3093.143,3080.179,3093.143
2026-08-15 00:00:00,3093.144,3096.16,3082.465,3085.186
2026-08-15 01:00:00,3085.195,3102.121,3085.195,3101.656
2026-08-15 02:00:00,3101.666,3113.269,3096.619,3113.269
2026-08-15 03:00:00,3113.276,3130.15,3113.276,3130.15
2026-08-15 04:00:00,3130.152,3134.194,3124.515,3128.452
2026-08-15 05:00:00,3128.452,3130.034,3101.039,3101.687
2026-08-15 06:00:00,3101.693,3104.875,3088.931,3099.661
2026-08-15 07:00:00,3099.664,3101.514,3079.411,3083.428
2026-08-15 08:00:00,3083.434,3086.15,3072.157,3077.447
2026-08-15 09:00:00,3077.455,3087.967,3077.455,3085.142
2026-08-15 10:00:00,3085.148,3090.498,3080.703,3083.695
2026-08-15 11:00:00,3083.7,3095.563,3083.153,3095.563
2026-08-15 12:00:00,3095.568,3111.26,3095.568,3109.216
2026-08-15 13:00:00,3109.218,3123.561,3109.1,3123.561
2026-08-15 14:00:00,3123.57,3123.629,3110.459,3112.585
2026-08-15 15:00:00,3112.585,3114.262,3105.976,3113.336
2026-08-15 16:00:00,3113.338,3119.421,3105.07,3112.208
2026-08-15 17:00:00,3112.212,3117.703,3109.631,3116.137
2026-08-15 18:00:00,3116.137,3124.778,3113.937,3119.155
2026-08-15 19:00:00,3119.162,3123.838,3095.565,3096.639
2026-08-15 20:00:00,3096.644,3096.769,3068.91,3070.311
2026-08-15 21:00:00,3070.32,3082.659,3068.55,3082.659
2026-08-15 22:00:00,3082.666,3093.005,3082.666,3086.04
2026-08-15 23:00:00,3086.041,3100.471,3086.041,3100.471
2026-08-16 00:00:00,3100.479,3102.416,3091.125,3102.416
2026-08-16 01:00:00,3102.419,3114.023,3098.495,3099.916
2026-08-16 02:00:00,3099.918,3113.823,3099.918,3106.731
2026-08-16 03:00:00,3106.733,3118.177,3106.733,3116.494
2026-08-16 04:00:00,3116.499,3126.802,3116.308,3118.713
2026-08-16 05:00:00,3118.714,3124.555,3112.141,3112.367
2026-08-16 06:00:00,3112.38,3113.502,3099.136,3102.889
2026-08-16 07:00:00,3102.893,3114.625,3102.893,3106.848
2026-08-16 08:00:00,3106.859,3114.75,3102.276,3110.16
2026-08-16 09:00:00,3110.17,3112.264,3090.094,3101.894
2026-08-16 10:00:00,3101.901,3111.764,3099.83,3108.085
2026-08-16 11:00:00,3108.086,3113.227,3100.144,3106.7
2026-08-16 12:00:00,3106.704,3107.086,3074.7,3076.182
2026-08-16 13:00:00,3076.183,3090.907,3076.183,3084.356
2026-08-16 14:00:00,3084.36,3095.443,3073.202,3074.707
2026-08-16 15:00:00,3074.722,3079.284,3067.63,3069.948
2026-08-16 16:00:00,3069.952,3082.93,3066.668,3082.93
2026-08-16 17:00:00,3082.931,3087.983,3073.231,3079.516
2026-08-16 18:00:00,3079.527,3081.141,3071.709,3074.045
2026-08-16 19:00:00,3074.053,3077.429,3066.845,3071.531
2026-08-16 20:00:00,3071.537,3080.341,3060.769,3061.78
2026-08-16 21:00:00,3061.784,3067.224,3056.001,3065.611
2026-08-16 22:00:00,3065.614,3069.471,3059.542,3069.332
2026-08-16 23:00:00,3069.337,3071.841,3062.126,3066.015
2026-08-17 00:00:00,3066.019,3081.703,3066.019,3072.596
2026-08-17 01:00:00,3072.601,3081.515,3071.459,3079.75
2026-08-17 02:00:00,3079.752,3093.363,3078.519,3093.363
2026-08-17 03:00:00,3093.368,3095.065,3076.796,3078.245
2026-08-17 04:00:00,3078.255,3083.083,3073.224,3073.98
2026-08-17 05:00:00,3073.996,3083.002,3073.996,3082.038
2026-08-17 06:00:00,3082.04,3103.168,3082.04,3103.168
2026-08-17 07:00:00,3103.183,3116.665,3103.183,3116.159
2026-08-17 08:00:00,3116.163,3127.373,3113.385,3125.335
2026-08-17 09:00:00,3125.343,3126.31,3109.612,3117.041
2026-08-17 10:00:00,3117.041,3122.137,3115.136,3117.824
2026-08-17 11:00:00,3117.83,3131.741,3117.83,3128.684
2026-08-17 12:00:00,3128.686,3133.715,3102.331,3103.59
2026-08-17 13:00:00,3103.599,3109.586,3088.429,3088.536
2026-08-17 14:00:00,3088.542,3098.543,3085.021,3093.344
2026-08-17 15:00:00,3093.356,3094.542,3062.216,3062.445
2026-08-17 16:00:00,3062.446,3065.051,3053.689,3062.021
2026-08-17 17:00:00,3062.03,3071.263,3061.62,3065.492
2026-08-17 18:00:00,3065.496,3069.922,3058.478,3063.974
2026-08-17 19:00:00,3063.981,3066.665,3053.501,3055.858
2026-08-17 20:00:00,3055.869,3056.358,3039.417,3043.425
2026-08-17 21:00:00,3043.427,3060.344,3043.427,3060.344
2026-08-17 22:00:00,3060.344,3063.84,3055.007,3061.944
2026-08-17 23:00:00,3061.945,3065.957,3054.036,3054.277
2026-08-18 00:00:00,3054.282,3065.102,3054.282,3062.861
2026-08-18 01:00:00,3062.874,3077.85,3062.874,3077.85
2026-08-18 02:00:00,3077.856,3080.487,3055.301,3058.16
2026-08-18 03:00:00,3058.163,3067.845,3056.409,3067.845
2026-08-18 04:00:00,3067.85,3068.263,3051.319,3058.593
2026-08-18 05:00:00,3058.601,3066.836,3055.0,3063.78
2026-08-18 06:00:00,3063.792,3066.785,3042.533,3047.071
2026-08-18 07:00:00,3047.088,3052.883,3044.468,3051.323
2026-08-18 08:00:00,3051.329,3051.379,3043.447,3049.997
2026-08-18 09:00:00,3049.998,3053.846,3045.279,3049.247
2026-08-18 10:00:00,3049.252,3050.393,3033.076,3036.744
2026-08-18 11:00:00,3036.753,3039.807,3024.378,3033.073
2026-08-18 12:00:00,3033.084,3036.262,3028.297,3030.958
2026-08-18 13:00:00,3030.97,3031.111,3021.218,3023.606
2026-08-18 14:00:00,3023.607,3029.089,3018.828,3024.351
2026-08-18 15:00:00,3024.355,3032.339,3017.264,3020.828
2026-08-18 16:00:00,3020.832,3029.144,3014.671,3029.144
2026-08-18 17:00:00,3029.157,3037.099,3028.959,3037.099
2026-08-18 18:00:00,3037.102,3039.626,3026.172,3030.266
2026-08-18 19:00:00,3030.27,3030.758,3008.494,3009.086
2026-08-18 20:00:00,3009.094,3019.746,3007.365,3011.91
2026-08-18 21:00:00,3011.917,3030.697,3011.917,3019.874
2026-08-18 22:00:00,3019.886,3024.312,3015.667,3022.227
2026-08-18 23:00:00,3022.235,3032.142,3021.366,3023.346
2026-08-19 00:00:00,3023.356,3033.853,3017.77,3021.153
2026-08-19 01:00:00,3021.155,3030.747,3017.914,3029.908
2026-08-19 02:00:00,3029.908,3030.413,3018.826,3019.856
2026-08-19 03:00:00,3019.856,3021.114,3012.154,3015.297
2026-08-19 04:00:00,3015.301,3024.814,3011.042,3015.15
2026-08-19 05:00:00,3015.156,3024.566,3010.007,3019.193
2026-08-19 06:00:00,3019.203,3031.586,3019.203,3031.586
2026-08-19 07:00:00,3031.593,3049.328,3031.593,3048.843
2026-08-19 08:00:00,3048.849,3053.763,3021.233,3024.026
2026-08-19 09:00:00,3024.03,3033.014,3008.288,3012.328
2026-08-19 10:00:00,3012.333,3021.404,3011.226,3019.763
2026-08-19 11:00:00,3019.769,3023.956,3012.348,3014.859
2026-08-19 12:00:00,3014.864,3017.447,2999.225,3003.788
2026-08-19 13:00:00,3003.79,3013.68,3003.79,3013.68
2026-08-19 14:00:00,3013.689,3017.367,3003.5,3007.965
2026-08-19 15:00:00,3007.968,3009.732,2976.921,2981.975
2026-08-19 16:00:00,2981.979,2985.295,2975.773,2984.146
2026-08-19 17:00:00,2984.152,2985.541,2953.008,2953.879
2026-08-19 18:00:00,2953.88,2963.464,2951.601,2963.464
2026-08-19 19:00:00,2963.468,2967.549,2957.944,2964.413
2026-08-19 20:00:00,2964.421,2966.622,2955.747,2958.574
2026-08-19 21:00:00,2958.582,2963.491,2949.848,2954.112
2026-08-19 22:00:00,2954.126,2959.179,2948.713,2952.505
2026-08-19 23:00:00,2952.511,2959.906,2947.76,2956.515
2026-08-20 00:00:00,2956.519,2962.73,2954.172,2959.843
2026-08-20 01:00:00,2959.854,2963.049,2949.835,2959.18
2026-08-20 02:00:00,2959.181,2963.788,2947.383,2952.862
2026-08-20 03:00:00,2952.864,2960.076,2951.631,2957.301
2026-08-20 04:00:00,2957.307,2958.54,2943.417,2945.302
2026-08-20 05:00:00,2941.973,2952.304,2940.982,2946.458
2026-08-20 06:00:00,2946.46,2951.995,2944.674,2951.995
2026-08-20 07:00:00,2951.997,2954.681,2937.882,2945.412
2026-08-20 08:00:00,2945.412,2949.909,2940.379,2942.364
2026-08-20 09:00:00,2942.366,2950.976,2941.322,2950.74
2026-08-20 10:00:00,2950.745,2951.713,2937.701,2946.485
2026-08-20 11:00:00,2946.491,2959.553,2946.448,2959.553
2026-08-20 12:00:00,2959.567,2969.034,2958.216,2968.598
2026-08-20 13:00:00,2968.602,2973.653,2961.362,2971.437
2026-08-20 14:00:00,2971.446,2980.674,2969.388,2974.609
2026-08-20 15:00:00,2974.621,2983.616,2974.184,2982.391
2026-08-20 16:00:00,2982.391,2986.365,2976.77,2981.475
2026-08-20 17:00:00,2981.48,2994.011,2981.436,2994.011
2026-08-20 18:00:00,2994.012,3006.931,2992.173,3006.931
2026-08-20 19:00:00,3006.939,3014.776,3006.939,3007.977
2026-08-20 20:00:00,3007.977,3018.684,3007.72,3010.612
2026-08-20 21:00:00,3010.614,3014.081,2999.768,3000.514
2026-08-20 22:00:00,3000.521,3004.563,2980.519,2983.007
2026-08-20 23:00:00,2983.016,2989.391,2977.045,2982.801
2026-08-21 00:00:00,2982.81,2991.062,2982.81,2990.35
2026-08-21 01:00:00,2990.364,3000.507,2989.191,2992.918
2026-08-21 02:00:00,2992.922,3004.938,2990.708,3004.938
2026-08-21 03:00:00,3004.944,3007.597,2986.451,2991.88
2026-08-21 04:00:00,2991.889,3000.057,2988.624,2990.554
2026-08-21 05:00:00,2990.566,3000.865,2990.566,2997.991
2026-08-21 06:00:00,2997.991,3006.54,2992.454,2992.675
2026-08-21 07:00:00,2992.675,3001.218,2992.448,2997.941
2026-08-21 08:00:00,2997.948,3007.372,2997.812,3001.07
2026-08-21 09:00:00,3001.073,3006.768,2999.787,3006.768
2026-08-21 10:00:00,3006.775,3006.781,2993.438,2997.999
2026-08-21 11:00:00,2998.01,3000.615,2987.063,2997.507
2026-08-21 12:00:00,2997.514,2998.131,2975.009,2980.309
2026-08-21 13:00:00,2980.313,2982.266,2963.952,2970.626
2026-08-21 14:00:00,2970.632,2978.669,2956.682,2961.409
2026-08-21 15:00:00,2961.423,2966.819,2957.537,2961.635
2026-08-21 16:00:00,2961.646,2966.434,2956.213,2959.332
2026-08-21 17:00:00,2959.34,2965.149,2956.752,2959.934
2026-08-21 18:00:00,2959.944,2961.168,2954.252,2956.199
2026-08-21 19:00:00,2956.21,2966.443,2943.369,2946.205
2026-08-21 20:00:00,2946.211,2956.345,2943.541,2946.824
2026-08-21 21:00:00,2946.832,2957.137,2946.832,2953.406
2026-08-21 22:00:00,2953.413,2960.873,2953.413,2957.351
2026-08-21 23:00:00,2957.356,2958.044,2947.609,2950.848
2026-08-22 00:00:00,2950.848,2960.917,2950.848,2960.917
2026-08-22 01:00:00,2960.922,2963.423,2947.367,2954.006
2026-08-22 02:00:00,2954.011,2966.522,2954.011,2959.588
2026-08-22 03:00:00,2959.597,2962.933,2952.295,2960.065
2026-08-22 04:00:00,2960.074,2968.34,2958.345,2964.301
2026-08-22 05:00:00,2964.305,2972.855,2955.853,2969.951
2026-08-22 06:00:00,2969.958,2974.883,2960.355,2964.047
2026-08-22 07:00:00,2964.056,2970.091,2961.906,2970.091
2026-08-22 08:00:00,2970.102,2970.543,2960.204,2964.25
2026-08-22 09:00:00,2964.257,2975.144,2964.142,2967.215
2026-08-22 10:00:00,2967.223,2973.197,2955.466,2961.063
2026-08-22 11:00:00,2961.079,2963.999,2948.758,2955.446
2026-08-22 12:00:00,2955.46,2960.091,2948.088,2949.717
2026-08-22 13:00:00,2949.718,2958.11,2934.97,2935.087
2026-08-22 14:00:00,2935.089,2937.084,2928.629,2932.473
2026-08-22 15:00:00,2932.481,2944.004,2932.481,2944.004
2026-08-22 16:00:00,2944.009,2944.76,2931.758,2937.674
2026-08-22 17:00:00,2937.674,2946.308,2932.352,2945.799
2026-08-22 18:00:00,2945.803,2951.605,2934.868,2937.253
2026-08-22 19:00:00,2937.261,2953.301,2936.149,2953.301
2026-08-22 20:00:00,2953.312,2956.354,2941.927,2948.667
2026-08-22 21:00:00,2948.678,2949.375,2933.736,2935.053
2026-08-22 22:00:00,2935.064,2935.668,2922.721,2928.866
2026-08-22 23:00:00,2928.872,2938.027,2925.264,2938.027
2026-08-23 00:00:00,2938.029,2951.967,2938.029,2951.967
2026-08-23 01:00:00,2951.971,2961.622,2944.553,2945.182
2026-08-23 02:00:00,2945.188,2947.194,2938.642,2940.255
2026-08-23 03:00:00,2940.257,2946.62,2938.619,2944.799
2026-08-23 04:00:00,2944.804,2951.676,2943.58,2946.975
2026-08-23 05:00:00,2946.982,2953.004,2936.141,2953.004
2026-08-23 06:00:00,2953.014,2955.269,2945.356,2955.269
2026-08-23 07:00:00,2955.272,2957.688,2939.441,2947.253
2026-08-23 08:00:00,2947.255,2949.235,2935.188,2938.356
2026-08-23 09:00:00,2938.36,2939.255,2921.233,2927.93
2026-08-23 10:00:00,2927.933,2938.725,2924.6,2924.708
2026-08-23 11:00:00,2924.712,2936.002,2924.712,2934.681
2026-08-23 12:00:00,2934.689,2936.58,2926.503,2932.912
2026-08-23 13:00:00,2932.924,2934.188,2926.274,2934.188
2026-08-23 14:00:00,2934.19,2938.13,2925.759,2928.064
2026-08-23 15:00:00,2928.069,2937.263,2927.675,2937.014
2026-08-23 16:00:00,2937.019,2939.79,2928.898,2939.79
2026-08-23 17:00:00,2939.795,2951.109,2936.751,2948.179
2026-08-23 18:00:00,2948.184,2952.181,2938.487,2945.822
2026-08-23 19:00:00,2945.822,2965.278,2945.822,2965.278
2026-08-23 20:00:00,2965.287,2966.637,2951.408,2958.86
2026-08-23 21:00:00,2958.86,2968.054,2958.635,2964.358
2026-08-23 22:00:00,2964.364,2971.129,2964.271,2965.396
2026-08-23 23:00:00,2965.401,2971.588,2963.603,2970.899
2026-08-24 00:00:00,2970.903,2979.002,2959.228,2959.295
2026-08-24 01:00:00,2959.31,2975.43,2958.927,2970.912
2026-08-24 02:00:00,2970.916,2976.808,2964.406,2964.957
2026-08-24 03:00:00,2964.96,2976.96,2961.671,2976.96
2026-08-24 04:00:00,2976.969,2989.306,2976.969,2989.306
2026-08-24 05:00:00,2989.311,2989.4,2975.745,2985.64
2026-08-24 06:00:00,2985.648,2985.684,2963.829,2970.948
2026-08-24 07:00:00,2970.957,2976.257,2958.258,2958.608
2026-08-24 08:00:00,2958.609,2960.883,2953.82,2958.503
2026-08-24 09:00:00,2958.507,2965.779,2955.003,2962.264
2026-08-24 10:00:00,2962.276,2977.7,2962.276,2973.36
2026-08-24 11:00:00,2973.367,2974.334,2957.809,2967.725
2026-08-24 12:00:00,2967.736,2977.571,2967.736,2975.17
2026-08-24 13:00:00,2975.176,2986.134,2973.304,2981.892
2026-08-24 14:00:00,2981.901,2984.149,2968.78,2971.055
2026-08-24 15:00:00,2971.061,2978.764,2964.562,2968.958
2026-08-24 16:00:00,2968.963,2973.304,2965.651,2970.241
2026-08-24 17:00:00,2970.246,2974.116,2963.851,2968.362
2026-08-24 18:00:00,2968.37,2972.71,2964.795,2966.348
2026-08-24 19:00:00,2966.351,2968.818,2956.92,2965.615
2026-08-24 20:00:00,2965.62,2978.268,2965.62,2978.268
2026-08-24 21:00:00,2978.269,2979.5,2964.342,2964.765
2026-08-24 22:00:00,2964.768,2967.484,2958.188,2963.308
2026-08-24 23:00:00,2963.317,2969.249,2962.186,2967.325
2026-08-25 00:00:00,2967.333,2975.519,2963.425,2970.161
2026-08-25 01:00:00,2970.174,2970.927,2958.571,2965.563
2026-08-25 02:00:00,2965.565,2968.292,2945.363,2950.208
2026-08-25 03:00:00,2950.215,2959.366,2942.821,2958.924
2026-08-25 04:00:00,2958.93,2963.203,2951.37,2953.241
2026-08-25 05:00:00,2953.245,2962.973,2946.864,2951.52
2026-08-25 06:00:00,2951.52,2964.549,2948.206,2964.549
2026-08-25 07:00:00,2964.552,2974.867,2962.371,2971.59
2026-08-25 08:00:00,2971.593,2975.224,2948.479,2954.993
2026-08-25 09:00:00,2955.005,2958.401,2948.568,2957.904
2026-08-25 10:00:00,2957.909,2967.564,2957.663,2959.422
2026-08-25 11:00:00,2959.422,2968.767,2953.094,2963.387
2026-08-25 12:00:00,2963.4,2976.89,2962.916,2976.89
2026-08-25 13:00:00,2976.895,2987.901,2975.82,2985.32
2026-08-25 14:00:00,2985.325,2991.433,2972.048,2975.29
2026-08-25 15:00:00,2975.292,2982.833,2968.337,2970.591
2026-08-25 16:00:00,2970.607,2984.345,2970.607,2983.286
2026-08-25 17:00:00,2983.29,2995.963,2983.29,2984.563
2026-08-25 18:00:00,2984.572,2987.673,2980.234,2984.113
2026-08-25 19:00:00,2984.125,2998.108,2982.82,2991.253
2026-08-25 20:00:00,2991.263,3004.412,2991.263,3000.217
2026-08-25 21:00:00,3000.22,3011.047,2997.869,2998.409
2026-08-25 22:00:00,2998.414,3005.191,2995.263,3005.191
2026-08-25 23:00:00,3005.206,3006.216,2991.444,2993.449
2026-08-26 00:00:00,2993.457,3004.323,2993.457,3004.323
2026-08-26 01:00:00,3004.33,3004.855,2981.663,2986.277
2026-08-26 02:00:00,2986.28,3000.33,2986.28,3000.111
2026-08-26 03:00:00,3000.115,3007.838,2988.097,2989.538
2026-08-26 04:00:00,2989.546,2994.706,2983.705,2994.706
2026-08-26 05:00:00,2994.716,3000.073,2992.996,2996.073
2026-08-26 06:00:00,2996.084,3006.89,2995.445,3003.583
2026-08-26 07:00:00,3003.591,3012.632,3000.408,3012.632
2026-08-26 08:00:00,3010.0,3012.996,2994.459,2997.304
2026-08-26 09:00:00,2997.305,3003.642,2992.69,3003.642
2026-08-26 10:00:00,3003.659,3013.018,2998.772,3000.89
2026-08-26 11:00:00,3000.89,3017.499,3000.89,3011.576
2026-08-26 12:00:00,3011.58,3018.051,3006.211,3008.814
2026-08-26 13:00:00,3008.825,3015.205,3003.278,3003.442
2026-08-26 14:00:00,3003.444,3005.924,2991.825,2994.489
2026-08-26 15:00:00,2994.494,3009.035,2994.494,3009.035
2026-08-26 16:00:00,3009.036,3022.699,3008.276,3019.888
2026-08-26 17:00:00,3019.89,3029.503,3010.78,3011.526
2026-08-26 18:00:00,3011.532,3020.637,3011.532,3016.069
2026-08-26 19:00:00,3016.078,3024.325,3016.078,3024.325
2026-08-26 20:00:00,3024.332,3044.077,3024.332,3044.077
2026-08-26 21:00:00,3044.085,3047.671,3025.695,3032.947
2026-08-26 22:00:00,3032.948,3042.921,3029.914,3036.451
2026-08-26 23:00:00,3036.453,3048.574,3036.181,3046.184
2026-08-27 00:00:00,3046.184,3063.552,3046.184,3063.552
2026-08-27 01:00:00,3063.564,3066.454,3058.341,3058.956
2026-08-27 02:00:00,3058.967,3059.681,3032.849,3033.16
2026-08-27 03:00:00,3033.167,3034.72,3021.595,3023.037
2026-08-27 04:00:00,3023.041,3036.328,3023.041,3036.328
2026-08-27 05:00:00,3036.34,3047.524,3036.34,3044.812
2026-08-27 06:00:00,3044.814,3051.211,3043.01,3050.359
2026-08-27 07:00:00,3050.36,3058.836,3047.808,3058.836
2026-08-27 08:00:00,3058.846,3061.235,3033.436,3035.092
2026-08-27 09:00:00,3035.099,3041.794,3032.222,3034.793
2026-08-27 10:00:00,3034.795,3045.016,3034.795,3044.298
2026-08-27 11:00:00,3044.308,3048.698,3036.681,3043.389
2026-08-27 12:00:00,3043.391,3043.922,3024.617,3031.606
2026-08-27 13:00:00,3031.617,3033.535,3005.401,3006.487
2026-08-27 14:00:00,3006.494,3011.229,2998.638,3005.839
2026-08-27 15:00:00,3005.851,3007.929,2998.322,2999.434
2026-08-27 16:00:00,2999.438,3005.453,2993.436,2999.616
2026-08-27 17:00:00,2999.62,3008.932,2998.622,2999.163
2026-08-27 18:00:00,2999.176,3002.506,2996.706,2999.318
2026-08-27 19:00:00,2999.32,3001.94,2983.683,2983.817
2026-08-27 20:00:00,2983.817,2992.028,2970.19,2971.151
2026-08-27 21:00:00,2971.167,2983.378,2971.167,2981.102
2026-08-27 22:00:00,2981.105,2983.694,2973.252,2974.282
2026-08-27 23:00:00,2974.282,2980.473,2973.372,2978.515
2026-08-28 00:00:00,2978.516,2982.05,2966.501,2971.827
2026-08-28 01:00:00,2971.832,2976.538,2963.584,2964.045
2026-08-28 02:00:00,2964.049,2970.556,2961.591,2962.878
2026-08-28 03:00:00,2962.88,2966.394,2955.038,2964.747
2026-08-28 04:00:00,2964.76,2967.161,2959.752,2967.117
2026-08-28 05:00:00,2967.123,2973.408,2955.557,2960.247
2026-08-28 06:00:00,2960.249,2975.82,2960.249,2969.768
2026-08-28 07:00:00,2969.77,2976.984,2964.776,2966.465
2026-08-28 08:00:00,2966.479,2977.443,2964.959,2977.443
2026-08-28 09:00:00,2977.453,2988.732,2975.871,2980.484
2026-08-28 10:00:00,2980.49,2983.044,2973.103,2980.127
2026-08-28 11:00:00,2980.128,2980.185,2970.469,2970.881
2026-08-28 12:00:00,2970.888,2980.452,2965.742,2979.277
2026-08-28 13:00:00,2979.291,2986.401,2971.921,2976.532
2026-08-28 14:00:00,2976.535,2977.648,2953.393,2954.256
2026-08-28 15:00:00,2954.264,2958.262,2948.718,2948.861
2026-08-28 16:00:00,2948.873,2959.985,2940.882,2945.175
2026-08-28 17:00:00,2945.183,2945.442,2936.357,2945.179
2026-08-28 18:00:00,2945.182,2958.329,2944.224,2946.974
2026-08-28 19:00:00,2946.983,2948.698,2935.43,2936.585
2026-08-28 20:00:00,2936.591,2946.568,2934.213,2935.893
2026-08-28 21:00:00,2935.908,2941.189,2930.089,2932.58
2026-08-28 22:00:00,2932.584,2941.888,2932.584,2937.109
2026-08-28 23:00:00,2937.118,2940.846,2932.881,2938.128
2026-08-29 00:00:00,2938.141,2954.055,2937.512,2954.055
2026-08-29 01:00:00,2954.065,2960.51,2950.414,2953.55
2026-08-29 02:00:00,2953.553,2959.469,2937.206,2942.267
2026-08-29 03:00:00,2942.272,2950.261,2940.206,2947.472
2026-08-29 04:00:00,2947.476,2947.726,2931.21,2933.448
2026-08-29 05:00:00,2933.455,2938.762,2927.784,2932.258
2026-08-29 06:00:00,2932.265,2946.794,2932.265,2943.197
2026-08-29 07:00:00,2943.207,2962.558,2943.207,2956.903
2026-08-29 08:00:00,2956.906,2961.621,2954.082,2956.303
2026-08-29 09:00:00,2956.318,2969.057,2954.421,2955.656
2026-08-29 10:00:00,2955.658,2961.913,2952.944,2959.67
2026-08-29 11:00:00,2959.67,2964.352,2941.146,2945.927
2026-08-29 12:00:00,2945.932,2948.339,2929.676,2933.342
2026-08-29 13:00:00,2933.347,2938.349,2927.593,2931.458
2026-08-29 14:00:00,2931.469,2937.955,2926.69,2928.043
2026-08-29 15:00:00,2928.044,2946.125,2928.044,2946.125
2026-08-29 16:00:00,2946.136,2951.378,2941.463,2950.326
2026-08-29 17:00:00,2950.338,2953.813,2939.096,2944.935
2026-08-29 18:00:00,2944.937,2952.429,2943.87,2945.639
2026-08-29 19:00:00,2945.65,2954.302,2934.463,2936.269
2026-08-29 20:00:00,2936.274,2948.622,2935.767,2943.56
2026-08-29 21:00:00,2943.572,2947.503,2939.679,2942.935
2026-08-29 22:00:00,2942.945,2946.222,2936.569,2946.222
2026-08-29 23:00:00,2946.225,2954.585,2943.564,2954.585
2026-08-30 00:00:00,2954.585,2958.277,2948.601,2951.098
2026-08-30 01:00:00,2951.098,2951.384,2930.427,2935.486
2026-08-30 02:00:00,2935.486,2939.895,2926.21,2936.972
2026-08-30 03:00:00,2936.974,2938.093,2914.079,2917.181
2026-08-30 04:00:00,2917.19,2920.292,2906.668,2907.689
2026-08-30 05:00:00,2907.696,2919.405,2905.913,2906.697
2026-08-30 06:00:00,2906.702,2917.421,2906.702,2917.018
2026-08-30 07:00:00,2917.027,2920.102,2901.245,2903.331
2026-08-30 08:00:00,2903.337,2911.441,2895.988,2898.998
2026-08-30 09:00:00,2899.0,2900.221,2892.247,2897.473
2026-08-30 10:00:00,2897.48,2904.433,2895.806,2899.869
2026-08-30 11:00:00,2899.873,2907.94,2899.139,2907.94
2026-08-30 12:00:00,2907.943,2917.811,2907.943,2914.043
2026-08-30 13:00:00,2914.043,2914.859,2905.653,2912.068
2026-08-30 14:00:00,2912.073,2912.097,2900.754,2910.474
2026-08-30 15:00:00,2910.477,2915.854,2898.429,2899.801
2026-08-30 16:00:00,2899.813,2904.444,2896.374,2903.221
2026-08-30 17:00:00,2903.232,2908.386,2899.984,2906.665
2026-08-30 18:00:00,2906.668,2920.512,2906.668,2920.512
2026-08-30 19:00:00,2920.521,2921.006,2911.793,2919.65
2026-08-30 20:00:00,2919.651,2933.502,2919.651,2925.557
2026-08-30 21:00:00,2925.563,2928.533,2909.747,2910.24
2026-08-30 22:00:00,2910.242,2924.148,2910.242,2920.49
2026-08-30 23:00:00,2920.496,2940.289,2920.496,2940.289
2026-08-31 00:00:00,2940.3,2952.286,2940.3,2949.773
2026-08-31 01:00:00,2949.773,2954.818,2930.403,2931.009
2026-08-31 02:00:00,2931.01,2934.57,2919.259,2924.714
2026-08-31 03:00:00,2924.729,2927.497,2918.781,2923.69
2026-08-31 04:00:00,2923.693,2940.294,2923.693,2934.601
2026-08-31 05:00:00,2934.608,2935.487,2919.916,2925.434
2026-08-31 06:00:00,2925.446,2927.983,2918.802,2925.932
2026-08-31 07:00:00,2925.944,2944.831,2925.944,2944.514
2026-08-31 08:00:00,2944.514,2953.068,2943.416,2946.17
2026-08-31 09:00:00,2946.171,2950.235,2939.49,2946.866
2026-08-31 10:00:00,2946.88,2948.967,2929.12,2931.729
2026-08-31 11:00:00,2931.743,2933.357,2925.618,2933.357
2026-08-31 12:00:00,2933.377,2946.236,2933.377,2945.43
2026-08-31 13:00:00,2945.431,2945.528,2919.351,2931.936
2026-08-31 14:00:00,2931.936,2946.389,2931.936,2941.09
2026-08-31 15:00:00,2941.096,2941.835,2928.397,2932.912
2026-08-31 16:00:00,2932.913,2935.258,2926.97,2928.541
2026-08-31 17:00:00,2928.548,2938.0,2926.071,2928.253
2026-08-31 18:00:00,2928.261,2928.887,2914.025,2919.001
2026-08-31 19:00:00,2919.001,2919.797,2900.081,2903.439
2026-08-31 20:00:00,2903.447,2914.162,2903.447,2906.353
2026-08-31 21:00:00,2906.358,2917.556,2906.358,2917.556
2026-08-31 22:00:00,2917.565,2918.941,2900.294,2902.343
2026-08-31 23:00:00,2902.356,2906.388,2873.095,2877.688
2026-09-01 00:00:00,2877.689,2892.28,2877.689,2892.28
2026-09-01 01:00:00,2892.288,2901.958,2890.804,2901.711
2026-09-01 02:00:00,2901.713,2902.472,2891.601,2901.285
2026-09-01 03:00:00,2901.294,2905.492,2895.141,2901.131
2026-09-01 04:00:00,2901.138,2906.909,2896.812,2906.068
2026-09-01 05:00:00,2906.082,2907.983,2897.039,2906.29
2026-09-01 06:00:00,2906.29,2912.511,2904.692,2912.511
2026-09-01 07:00:00,2912.511,2927.86,2912.511,2925.722
2026-09-01 08:00:00,2925.726,2939.57,2924.677,2934.665
2026-09-01 09:00:00,2934.677,2952.695,2934.677,2952.695
2026-09-01 10:00:00,2952.706,2963.868,2950.817,2954.327
2026-09-01 11:00:00,2954.343,2963.608,2953.126,2963.608
2026-09-01 12:00:00,2963.61,2965.679,2952.16,2955.16
2026-09-01 13:00:00,2955.162,2963.538,2950.304,2951.157
2026-09-01 14:00:00,2951.171,2954.476,2944.506,2954.476
2026-09-01 15:00:00,2954.486,2962.156,2953.348,2957.318
2026-09-01 16:00:00,2957.321,2965.819,2952.199,2952.757
2026-09-01 17:00:00,2952.762,2964.951,2952.762,2962.054
2026-09-01 18:00:00,2962.062,2962.457,2942.986,2951.587
2026-09-01 19:00:00,2951.595,2968.127,2951.595,2968.127
2026-09-01 20:00:00,2968.138,2974.134,2966.769,2967.473
2026-09-01 21:00:00,2967.482,2974.529,2959.514,2965.37
2026-09-01 22:00:00,2965.384,2966.339,2953.045,2959.701
2026-09-01 23:00:00,2959.705,2960.368,2950.809,2952.812
2026-09-02 00:00:00,2952.816,2967.362,2952.371,2967.362
2026-09-02 01:00:00,2967.363,2971.916,2961.835,2971.916
2026-09-02 02:00:00,2971.924,2980.096,2970.197,2975.342
2026-09-02 03:00:00,2975.343,2982.763,2975.001,2977.837
2026-09-02 04:00:00,2977.839,2981.416,2973.945,2980.248
2026-09-02 05:00:00,2980.258,2982.944,2966.309,2969.804
2026-09-02 06:00:00,2969.814,2972.18,2961.534,2966.947
2026-09-02 07:00:00,2966.947,2978.91,2966.947,2975.388
2026-09-02 08:00:00,2975.394,2980.72,2967.837,2972.426
2026-09-02 09:00:00,2972.43,2977.225,2966.727,2970.361
2026-09-02 10:00:00,2970.37,2975.101,2966.554,2972.323
2026-09-02 11:00:00,2972.325,2976.474,2969.096,2971.316
2026-09-02 12:00:00,2971.317,2974.481,2955.141,2956.209
2026-09-02 13:00:00,2956.219,2963.295,2949.83,2957.647
2026-09-02 14:00:00,2957.657,2969.36,2957.657,2966.209
2026-09-02 15:00:00,2966.212,2981.404,2966.212,2981.404
2026-09-02 16:00:00,2981.409,2988.137,2974.556,2985.599
2026-09-02 17:00:00,2985.604,3001.614,2985.604,3001.614
2026-09-02 18:00:00,3001.625,3008.63,2994.164,2996.678
2026-09-02 19:00:00,2996.691,3004.389,2995.803,3004.389
2026-09-02 20:00:00,3004.394,3007.094,2984.221,2988.604
2026-09-02 21:00:00,2988.609,2991.724,2984.422,2986.876
2026-09-02 22:00:00,2986.887,2990.161,2974.971,2982.813
2026-09-02 23:00:00,2982.815,2987.89,2976.99,2981.586
2026-09-03 00:00:00,2981.586,2984.102,2972.592,2981.382
2026-09-03 01:00:00,2981.39,2989.999,2977.81,2989.999
2026-09-03 02:00:00,2990.002,2994.84,2977.23,2979.231
2026-09-03 03:00:00,2979.245,2987.691,2977.949,2986.802
2026-09-03 04:00:00,2986.813,2992.838,2981.073,2990.889
2026-09-03 05:00:00,2990.89,2996.547,2982.753,2986.0
2026-09-03 06:00:00,2986.005,2986.82,2971.29,2972.099
2026-09-03 07:00:00,2972.107,2977.673,2959.178,2968.135
2026-09-03 08:00:00,2968.142,2983.628,2968.142,2970.727
2026-09-03 09:00:00,2970.729,2971.079,2961.19,2967.666
2026-09-03 10:00:00,2967.67,2977.823,2965.579,2977.823
2026-09-03 11:00:00,2977.827,2983.646,2969.716,2970.653
2026-09-03 12:00:00,2970.658,2983.282,2970.355,2976.751
2026-09-03 13:00:00,2976.759,2990.481,2976.759,2990.481
2026-09-03 14:00:00,2990.497,2994.005,2980.077,2980.488
2026-09-03 15:00:00,2980.495,2984.961,2976.845,2984.961
2026-09-03 16:00:00,2984.977,2995.487,2984.789,2995.487
2026-09-03 17:00:00,2995.488,2996.667,2987.74,2989.69
2026-09-03 18:00:00,2989.696,2998.349,2989.402,2995.993
2026-09-03 19:00:00,2995.994,2997.035,2987.969,2988.335
2026-09-03 20:00:00,2988.34,2994.311,2982.352,2994.311
2026-09-03 21:00:00,2994.319,3006.057,2994.319,3006.057
2026-09-03 22:00:00,3006.061,3006.354,2985.838,2987.703
2026-09-03 23:00:00,2987.71,2989.856,2970.575,2970.812
2026-09-04 00:00:00,2970.817,2974.571,2963.405,2970.71
2026-09-04 01:00:00,2970.717,2976.418,2968.67,2973.065
2026-09-04 02:00:00,2973.066,2981.078,2964.898,2969.142
2026-09-04 03:00:00,2969.143,2978.366,2963.722,2978.366
2026-09-04 04:00:00,2978.382,2979.306,2972.417,2978.664
2026-09-04 05:00:00,2978.669,2983.857,2961.571,2963.315
2026-09-04 06:00:00,2963.33,2969.57,2948.069,2949.594
2026-09-04 07:00:00,2949.594,2955.114,2934.24,2934.257
2026-09-04 08:00:00,2934.262,2938.255,2914.507,2919.088
2026-09-04 09:00:00,2919.09,2923.377,2913.22,2920.807
2026-09-04 10:00:00,2920.814,2931.576,2916.655,2925.242
2026-09-04 11:00:00,2925.258,2939.375,2925.258,2928.203
2026-09-04 12:00:00,2928.21,2929.299,2914.051,2919.677
2026-09-04 13:00:00,2919.678,2933.848,2919.678,2931.794
2026-09-04 14:00:00,2931.8,2943.993,2931.8,2941.292
2026-09-04 15:00:00,2941.302,2943.248,2922.547,2924.197
2026-09-04 16:00:00,2924.2,2928.386,2907.761,2916.006
2026-09-04 17:00:00,2916.008,2920.461,2911.181,2912.162
2026-09-04 18:00:00,2912.169,2926.911,2912.169,2926.911
2026-09-04 19:00:00,2926.919,2927.628,2902.416,2907.66
2026-09-04 20:00:00,2907.665,2909.175,2897.972,2901.588
2026-09-04 21:00:00,2901.595,2902.721,2879.643,2879.967
2026-09-04 22:00:00,2879.979,2881.466,2867.574,2869.355
2026-09-04 23:00:00,2869.365,2879.588,2869.365,2876.336
2026-09-05 00:00:00,2876.344,2887.187,2873.531,2876.571
2026-09-05 01:00:00,2876.571,2888.63,2876.571,2887.797
2026-09-05 02:00:00,2887.799,2902.799,2886.4,2902.799
2026-09-05 03:00:00,2902.806,2905.454,2872.936,2874.824
2026-09-05 04:00:00,2874.825,2881.297,2870.871,2872.355
2026-09-05 05:00:00,2872.358,2880.178,2870.248,2877.895
2026-09-05 06:00:00,2877.9,2878.694,2862.46,2865.212
2026-09-05 07:00:00,2865.214,2869.787,2858.523,2860.219
2026-09-05 08:00:00,2860.224,2872.356,2860.224,2872.356
2026-09-05 09:00:00,2872.358,2872.541,2860.608,2866.751
2026-09-05 10:00:00,2866.757,2870.546,2852.933,2853.208
2026-09-05 11:00:00,2853.209,2858.176,2838.528,2840.988
2026-09-05 12:00:00,2840.988,2847.21,2836.25,2839.693
2026-09-05 13:00:00,2839.696,2843.882,2819.393,2825.613
2026-09-05 14:00:00,2825.614,2839.982,2825.614,2839.982
2026-09-05 15:00:00,2839.992,2842.663,2831.994,2839.076
2026-09-05 16:00:00,2839.088,2846.648,2834.925,2836.355
2026-09-05 17:00:00,2836.357,2841.45,2832.507,2841.45
2026-09-05 18:00:00,2841.454,2854.155,2839.415,2854.155
2026-09-05 19:00:00,2854.157,2865.016,2854.157,2865.016
2026-09-05 20:00:00,2865.023,2865.19,2845.652,2848.513
2026-09-05 21:00:00,2848.525,2850.176,2842.386,2845.875
2026-09-05 22:00:00,2845.879,2848.341,2828.578,2836.832
2026-09-05 23:00:00,2836.839,2840.48,2831.456,2836.247
2026-09-06 00:00:00,2836.261,2845.282,2827.567,2830.877
2026-09-06 01:00:00,2830.88,2832.919,2818.962,2821.944
2026-09-06 02:00:00,2821.959,2828.807,2819.205,2823.498
2026-09-06 03:00:00,2823.503,2828.348,2820.641,2826.227
2026-09-06 04:00:00,2826.228,2836.535,2821.189,2824.336
2026-09-06 05:00:00,2824.344,2826.945,2816.134,2819.128
2026-09-06 06:00:00,2819.138,2820.666,2805.453,2805.693
2026-09-06 07:00:00,2805.698,2809.194,2793.124,2798.786
2026-09-06 08:00:00,2798.788,2803.55,2792.281,2803.55
2026-09-06 09:00:00,2803.555,2805.44,2784.981,2788.15
2026-09-06 10:00:00,2788.154,2790.448,2778.24,2784.211
2026-09-06 11:00:00,2784.221,2797.844,2784.221,2792.746
2026-09-06 12:00:00,2792.748,2794.797,2786.546,2788.573
2026-09-06 13:00:00,2788.581,2802.982,2785.905,2802.982
2026-09-06 14:00:00,2802.986,2811.201,2799.641,2803.896
2026-09-06 15:00:00,2803.898,2808.155,2797.81,2803.873
2026-09-06 16:00:00,2803.883,2811.748,2796.016,2797.537
2026-09-06 17:00:00,2797.544,2806.184,2794.219,2799.057
2026-09-06 18:00:00,2799.066,2799.756,2782.319,2782.856
2026-09-06 19:00:00,2782.865,2782.89,2762.282,2767.556
2026-09-06 20:00:00,2767.559,2770.687,2764.168,2766.634
2026-09-06 21:00:00,2766.637,2781.5,2766.505,2781.5
2026-09-06 22:00:00,2781.508,2798.093,2781.508,2798.093
2026-09-06 23:00:00,2798.098,2810.369,2798.098,2810.369
2026-09-07 00:00:00,2810.372,2827.316,2810.372,2824.897
2026-09-07 01:00:00,2824.897,2836.071,2824.897,2836.071
2026-09-07 02:00:00,2836.071,2838.6,2828.851,2833.03
2026-09-07 03:00:00,2833.033,2836.929,2827.542,2827.908
2026-09-07 04:00:00,2827.911,2838.211,2826.295,2837.589
2026-09-07 05:00:00,2837.591,2851.346,2836.078,2851.346
2026-09-07 06:00:00,2851.348,2862.193,2851.12,2859.896
2026-09-07 07:00:00,2859.904,2874.417,2859.904,2874.417
2026-09-07 08:00:00,2874.418,2878.081,2855.63,2855.907
2026-09-07 09:00:00,2855.911,2867.905,2855.911,2867.905
2026-09-07 10:00:00,2867.906,2876.968,2861.785,2862.502
2026-09-07 11:00:00,2862.505,2864.642,2856.349,2857.401
2026-09-07 12:00:00,2857.404,2873.183,2856.853,2870.183
2026-09-07 13:00:00,2870.187,2880.688,2866.91,2870.401
2026-09-07 14:00:00,2870.412,2872.906,2852.736,2859.179
2026-09-07 15:00:00,2859.187,2871.777,2857.353,2866.751
2026-09-07 16:00:00,2866.757,2873.425,2861.404,2868.774
2026-09-07 17:00:00,2868.776,2874.182,2865.878,2872.931
2026-09-07 18:00:00,2872.942,2875.181,2869.313,2872.329
2026-09-07 19:00:00,2872.33,2878.878,2870.842,2872.07
2026-09-07 20:00:00,2872.074,2889.26,2872.074,2889.26
2026-09-07 21:00:00,2889.263,2891.337,2880.187,2880.583
2026-09-07 22:00:00,2880.589,2890.651,2877.569,2879.627
2026-09-07 23:00:00,2879.63,2880.848,2866.882,2873.145
2026-09-08 00:00:00,2873.15,2884.434,2871.625,2884.434
2026-09-08 01:00:00,2884.443,2893.137,2884.443,2888.572
2026-09-08 02:00:00,2888.574,2904.529,2888.574,2904.43
2026-09-08 03:00:00,2904.435,2905.303,2895.083,2898.355
2026-09-08 04:00:00,2898.357,2908.806,2898.183,2899.608
2026-09-08 05:00:00,2899.614,2912.481,2899.614,2911.447
2026-09-08 06:00:00,2911.448,2918.388,2905.192,2914.384
2026-09-08 07:00:00,2914.389,2920.316,2912.358,2920.316
2026-09-08 08:00:00,2920.317,2933.558,2920.317,2932.938
2026-09-08 09:00:00,2932.939,2935.74,2921.596,2931.462
2026-09-08 10:00:00,2931.475,2934.809,2928.217,2930.643
2026-09-08 11:00:00,2930.65,2945.18,2930.65,2936.943
2026-09-08 12:00:00,2936.954,2943.066,2933.257,2940.046
2026-09-08 13:00:00,2940.051,2953.037,2936.957,2953.037
2026-09-08 14:00:00,2953.049,2959.931,2949.646,2959.931
2026-09-08 15:00:00,2959.931,2966.643,2956.636,2966.491
2026-09-08 16:00:00,2966.492,2973.334,2959.106,2972.581
2026-09-08 17:00:00,2972.591,2981.303,2970.619,2976.122
2026-09-08 18:00:00,2976.124,2992.676,2976.124,2992.676
2026-09-08 19:00:00,2992.684,2996.024,2973.306,2973.911
2026-09-08 20:00:00,2973.917,2981.546,2973.109,2981.369
2026-09-08 21:00:00,2981.374,2983.545,2959.824,2973.087
2026-09-08 22:00:00,2973.098,2976.301,2968.988,2970.82
2026-09-08 23:00:00,2970.832,2972.904,2962.251,2967.907
2026-09-09 00:00:00,2967.914,2972.462,2965.483,2968.703
2026-09-09 01:00:00,2968.705,2976.144,2965.149,2970.215
2026-09-09 02:00:00,2970.227,2977.404,2958.304,2964.929
2026-09-09 03:00:00,2964.93,2969.835,2962.984,2966.187
2026-09-09 04:00:00,2966.189,2969.749,2954.525,2957.541
2026-09-09 05:00:00,2957.545,2969.956,2957.545,2969.956
2026-09-09 06:00:00,2969.965,2973.674,2963.312,2971.705
2026-09-09 07:00:00,2971.712,2977.149,2966.875,2976.47
2026-09-09 08:00:00,2976.48,2987.299,2976.48,2987.299
2026-09-09 09:00:00,2987.312,2992.231,2984.112,2991.626
2026-09-09 10:00:00,2991.628,3000.514,2991.628,2997.716
2026-09-09 11:00:00,2997.722,3001.489,2991.387,2999.056
2026-09-09 12:00:00,2999.059,3000.868,2974.338,2978.694
2026-09-09 13:00:00,2978.702,2986.765,2978.702,2986.132
2026-09-09 14:00:00,2986.14,2988.753,2977.101,2987.673
2026-09-09 15:00:00,2987.679,3002.512,2987.679,3000.184
2026-09-09 16:00:00,3000.184,3006.94,2994.494,3005.154
2026-09-09 17:00:00,3005.16,3011.419,3000.754,3006.642
2026-09-09 18:00:00,3006.644,3010.286,3000.702,3003.672
2026-09-09 19:00:00,3003.677,3009.251,2982.995,2989.461
2026-09-09 20:00:00,2989.466,2989.785,2973.609,2983.829
2026-09-09 21:00:00,2983.837,2998.673,2983.837,2994.552
2026-09-09 22:00:00,2994.557,2994.646,2981.402,2991.032
2026-09-09 23:00:00,2991.037,3006.571,2991.037,3004.818
2026-09-10 00:00:00,3004.82,3022.062,3004.82,3017.707
2026-09-10 01:00:00,3017.717,3025.7,3017.51,3018.562
2026-09-10 02:00:00,3018.564,3021.028,3012.072,3014.362
2026-09-10 03:00:00,3014.379,3024.36,3006.365,3011.947
2026-09-10 04:00:00,3011.955,3027.198,3008.913,3025.028
2026-09-10 05:00:00,3025.03,3031.288,3020.981,3031.188
2026-09-10 06:00:00,3031.194,3039.851,3028.968,3035.538
2026-09-10 07:00:00,3035.545,3042.887,3023.038,3031.318
2026-09-10 08:00:00,3031.324,3040.366,3025.493,3040.366
2026-09-10 09:00:00,3040.375,3047.344,3039.739,3045.816
2026-09-10 10:00:00,3045.818,3053.023,3041.645,3051.648
2026-09-10 11:00:00,3051.65,3056.02,3044.09,3054.046
2026-09-10 12:00:00,3054.048,3055.918,3048.109,3053.337
2026-09-10 13:00:00,3053.343,3071.359,3053.343,3069.938
2026-09-10 14:00:00,3069.948,3081.182,3069.948,3074.454
2026-09-10 15:00:00,3074.46,3076.489,3045.407,3045.566
2026-09-10 16:00:00,3045.574,3047.963,3035.947,3041.974
2026-09-10 17:00:00,3041.978,3054.273,3037.119,3054.273
2026-09-10 18:00:00,3054.273,3059.682,3038.013,3038.52
2026-09-10 19:00:00,3038.532,3052.29,3038.532,3051.632
2026-09-10 20:00:00,3051.639,3052.012,3034.235,3039.9
2026-09-10 21:00:00,3039.902,3045.073,3027.34,3028.485
2026-09-10 22:00:00,3028.488,3046.216,3028.488,3046.216
2026-09-10 23:00:00,3046.222,3046.329,3035.353,3044.94
2026-09-11 00:00:00,3044.951,3047.676,3035.767,3045.358
2026-09-11 01:00:00,3045.361,3052.689,3044.648,3052.689
2026-09-11 02:00:00,3052.691,3057.886,3046.966,3052.695
2026-09-11 03:00:00,3052.705,3065.337,3052.705,3061.039
2026-09-11 04:00:00,3061.051,3075.539,3061.051,3075.539
2026-09-11 05:00:00,3075.54,3077.843,3071.104,3073.779
2026-09-11 06:00:00,3073.786,3078.449,3064.878,3071.152
2026-09-11 07:00:00,3071.157,3074.217,3066.932,3074.023
2026-09-11 08:00:00,3074.033,3093.549,3073.093,3089.128
2026-09-11 09:00:00,3089.129,3096.752,3086.012,3087.157
2026-09-11 10:00:00,3087.159,3089.583,3078.573,3082.86
2026-09-11 11:00:00,3082.863,3098.306,3082.863,3090.424
2026-09-11 12:00:00,3090.433,3104.327,3089.073,3091.194
2026-09-11 13:00:00,3091.203,3094.976,3087.799,3089.425
2026-09-11 14:00:00,3089.43,3102.691,3089.43,3090.804
2026-09-11 15:00:00,3090.805,3091.251,3071.61,3074.976
2026-09-11 16:00:00,3074.985,3076.622,3068.326,3069.458
2026-09-11 17:00:00,3069.467,3076.43,3068.084,3076.43
2026-09-11 18:00:00,3076.444,3086.051,3070.481,3086.051
2026-09-11 19:00:00,3086.052,3086.81,3073.85,3080.429
2026-09-11 20:00:00,3080.432,3094.388,3080.432,3090.579
2026-09-11 21:00:00,3090.592,3092.061,3083.366,3089.027
2026-09-11 22:00:00,3089.033,3089.755,3072.679,3081.314
2026-09-11 23:00:00,3081.315,3086.875,3065.477,3070.289
2026-09-12 00:00:00,3070.292,3076.05,3065.924,3069.358
2026-09-12 01:00:00,3069.359,3069.554,3054.939,3062.657
2026-09-12 02:00:00,3062.663,3066.654,3053.893,3061.762
2026-09-12 03:00:00,3061.776,3067.706,3052.15,3062.408
2026-09-12 04:00:00,3062.409,3075.029,3062.154,3069.585
2026-09-12 05:00:00,3069.59,3079.037,3069.59,3079.037
2026-09-12 06:00:00,3079.05,3089.86,3078.335,3086.787
2026-09-12 07:00:00,3086.789,3090.12,3082.017,3086.262
2026-09-12 08:00:00,3086.265,3092.733,3079.59,3087.797
2026-09-12 09:00:00,3087.808,3088.562,3079.066,3088.562
2026-09-12 10:00:00,3088.57,3102.679,3088.57,3096.309
2026-09-12 11:00:00,3096.318,3109.79,3096.318,3101.167
2026-09-12 12:00:00,3101.168,3108.797,3098.972,3108.797
2026-09-12 13:00:00,3108.803,3120.975,3108.803,3111.0
2026-09-12 14:00:00,3111.004,3114.296,3105.61,3110.105
2026-09-12 15:00:00,3110.106,3125.464,3109.533,3125.464
2026-09-12 16:00:00,3125.465,3130.497,3121.333,3130.497
2026-09-12 17:00:00,3130.498,3142.084,3130.498,3132.026
2026-09-12 18:00:00,3132.037,3134.427,3122.776,3132.44
2026-09-12 19:00:00,3132.448,3151.73,3132.448,3144.734
2026-09-12 20:00:00,3144.742,3156.575,3144.742,3155.465
2026-09-12 21:00:00,3155.476,3166.362,3155.476,3166.362
2026-09-12 22:00:00,3166.362,3172.073,3157.743,3158.568
2026-09-12 23:00:00,3158.573,3162.42,3143.806,3148.454
2026-09-13 00:00:00,3148.457,3152.816,3135.651,3141.139
2026-09-13 01:00:00,3141.14,3153.207,3136.475,3153.207
2026-09-13 02:00:00,3153.217,3154.588,3139.211,3141.229
2026-09-13 03:00:00,3141.239,3148.452,3131.348,3148.452
2026-09-13 04:00:00,3148.463,3158.706,3143.497,3158.706
2026-09-13 05:00:00,3158.712,3165.75,3153.308,3153.446
2026-09-13 06:00:00,3153.456,3162.518,3137.067,3137.611
2026-09-13 07:00:00,3137.618,3148.507,3137.618,3144.685
2026-09-13 08:00:00,3144.689,3154.797,3144.689,3153.23
2026-09-13 09:00:00,3153.233,3156.065,3146.323,3153.154
2026-09-13 10:00:00,3153.158,3158.413,3144.436,3152.713
2026-09-13 11:00:00,3152.729,3161.232,3146.84,3149.725
2026-09-13 12:00:00,3149.732,3155.738,3146.274,3155.738
2026-09-13 13:00:00,3155.74,3168.096,3155.74,3168.096
2026-09-13 14:00:00,3168.107,3179.658,3155.34,3156.251
2026-09-13 15:00:00,3156.254,3156.463,3125.892,3130.862
2026-09-13 16:00:00,3130.869,3133.156,3123.029,3126.315
2026-09-13 17:00:00,3126.319,3136.97,3116.243,3117.131
2026-09-13 18:00:00,3117.135,3119.397,3105.47,3110.754
2026-09-13 19:00:00,3110.758,3114.189,3104.867,3111.996
2026-09-13 20:00:00,3111.999,3130.746,3111.999,3130.746
2026-09-13 21:00:00,3130.751,3131.538,3113.675,3115.592
2026-09-13 22:00:00,3115.605,3117.806,3095.646,3097.764
2026-09-13 23:00:00,3097.767,3102.971,3084.717,3093.488
2026-09-14 00:00:00,3093.503,3099.061,3084.105,3095.697
2026-09-14 01:00:00,3095.702,3101.143,3092.303,3098.857
2026-09-14 02:00:00,3098.862,3103.646,3095.147,3098.728
2026-09-14 03:00:00,3098.735,3111.883,3098.735,3111.741
2026-09-14 04:00:00,3111.75,3117.299,3108.619,3113.761
2026-09-14 05:00:00,3113.765,3119.381,3108.043,3116.271
2026-09-14 06:00:00,3116.276,3120.956,3109.47,3113.086
2026-09-14 07:00:00,3113.097,3119.609,3106.809,3113.924
2026-09-14 08:00:00,3113.936,3118.504,3108.405,3114.315
2026-09-14 09:00:00,3114.33,3130.387,3114.33,3130.387
2026-09-14 10:00:00,3130.393,3134.163,3114.711,3115.692
2026-09-14 11:00:00,3115.702,3122.225,3115.349,3118.014
2026-09-14 12:00:00,3118.023,3137.526,3118.023,3137.526
2026-09-14 13:00:00,3137.536,3149.589,3136.945,3137.836
2026-09-14 14:00:00,3137.851,3152.681,3137.851,3147.414
2026-09-14 15:00:00,3147.427,3154.13,3141.687,3148.017
2026-09-14 16:00:00,3148.027,3154.241,3146.712,3154.241
2026-09-14 17:00:00,3154.242,3159.616,3147.982,3152.127
2026-09-14 18:00:00,3152.135,3166.883,3152.135,3164.1
2026-09-14 19:00:00,3164.101,3176.347,3161.028,3171.419
2026-09-14 20:00:00,3171.426,3177.235,3169.344,3173.277
2026-09-14 21:00:00,3173.278,3187.778,3173.278,3185.84
2026-09-14 22:00:00,3185.846,3189.628,3179.479,3189.628
2026-09-14 23:00:00,3189.638,3192.642,3172.792,3174.042
2026-09-15 00:00:00,3174.055,3183.522,3169.182,3171.077
2026-09-15 01:00:00,3171.088,3179.537,3165.65,3168.096
2026-09-15 02:00:00,3168.116,3170.175,3157.447,3169.881
2026-09-15 03:00:00,3169.894,3176.838,3159.608,3160.793
2026-09-15 04:00:00,3160.801,3165.206,3149.667,3149.991
2026-09-15 05:00:00,3150.005,3164.881,3150.005,3164.881
2026-09-15 06:00:00,3164.887,3170.661,3155.965,3158.251
2026-09-15 07:00:00,3158.258,3163.41,3148.479,3163.41
2026-09-15 08:00:00,3163.42,3164.329,3147.87,3150.881
2026-09-15 09:00:00,3150.883,3165.213,3150.883,3164.245
2026-09-15 10:00:00,3164.257,3170.404,3161.53,3163.88
2026-09-15 11:00:00,3163.889,3167.692,3153.643,3160.054
2026-09-15 12:00:00,3160.055,3165.059,3149.243,3160.083
2026-09-15 13:00:00,3160.086,3169.521,3156.836,3167.373
2026-09-15 14:00:00,3167.375,3172.55,3125.563,3129.91
2026-09-15 15:00:00,3129.917,3143.851,3129.917,3136.573
2026-09-15 16:00:00,3136.584,3142.968,3135.799,3140.379
2026-09-15 17:00:00,3140.382,3144.407,3138.477,3144.407
2026-09-15 18:00:00,3144.411,3148.921,3136.575,3140.621
2026-09-15 19:00:00,3140.625,3155.954,3140.625,3155.954
2026-09-15 20:00:00,3155.955,3163.174,3146.994,3148.049
2026-09-15 21:00:00,3148.058,3153.877,3144.438,3151.133
2026-09-15 22:00:00,3151.137,3158.097,3139.467,3142.547
2026-09-15 23:00:00,3142.55,3156.133,3139.531,3146.469
2026-09-16 00:00:00,3146.471,3148.692,3139.28,3141.531
2026-09-16 01:00:00,3141.542,3142.266,3129.319,3136.57
2026-09-16 02:00:00,3136.571,3152.66,3136.571,3151.503
2026-09-16 03:00:00,3151.511,3154.09,3143.926,3145.88
2026-09-16 04:00:00,3145.893,3158.026,3141.85,3158.026
2026-09-16 05:00:00,3158.028,3167.232,3150.925,3163.441
2026-09-16 06:00:00,3163.443,3164.984,3155.863,3163.362
2026-09-16 07:00:00,3163.368,3167.432,3149.98,3150.474
2026-09-16 08:00:00,3150.488,3158.977,3132.574,3134.615
2026-09-16 09:00:00,3134.625,3135.12,3117.865,3119.943
2026-09-16 10:00:00,3119.947,3121.706,3111.899,3117.188
2026-09-16 11:00:00,3117.196,3134.655,3117.196,3134.655
2026-09-16 12:00:00,3134.657,3134.672,3123.117,3125.782
2026-09-16 13:00:00,3125.788,3126.99,3105.334,3107.441
2026-09-16 14:00:00,3107.444,3107.749,3096.72,3103.43
2026-09-16 15:00:00,3103.433,3118.843,3102.044,3113.84
2026-09-16 16:00:00,3113.847,3126.948,3110.602,3126.948
2026-09-16 17:00:00,3126.951,3127.465,3118.39,3123.358
2026-09-16 18:00:00,3123.367,3135.666,3123.367,3135.666
2026-09-16 19:00:00,3135.675,3143.62,3135.675,3141.53
