timestamp,open,high,low,close
2025-10-18 12:00:00,4819.527,4822.539,4809.602,4822.539
2025-10-18 13:00:00,4822.543,4832.877,4822.543,4827.413
2025-10-18 14:00:00,4827.422,4836.264,4816.816,4819.982
2025-10-18 15:00:00,4819.985,4836.062,4819.985,4831.694
2025-10-18 16:00:00,4831.697,4836.488,4821.452,4825.654
2025-10-18 17:00:00,4825.658,4835.126,4822.181,4835.126
2025-10-18 18:00:00,4835.128,4848.332,4835.128,4839.682
2025-10-18 19:00:00,4839.685,4846.657,4833.327,4835.185
2025-10-18 20:00:00,4835.185,4849.799,4835.185,4849.754
2025-10-18 21:00:00,4849.754,4850.351,4822.053,4823.495
2025-10-18 22:00:00,4823.504,4830.205,4821.304,4830.205
2025-10-18 23:00:00,4830.212,4835.827,4828.524,4834.58
2025-10-19 00:00:00,4834.582,4837.734,4824.188,4826.394
2025-10-19 01:00:00,4826.404,4828.492,4816.479,4825.11
2025-10-19 02:00:00,4825.122,4838.694,4825.122,4836.05
2025-10-19 03:00:00,4836.056,4840.623,4829.13,4840.623
2025-10-19 04:00:00,4840.63,4842.328,4835.107,4841.196
2025-10-19 05:00:00,4841.202,4853.59,4841.202,4853.59
2025-10-19 06:00:00,4853.591,4863.004,4849.002,4855.335
2025-10-19 07:00:00,4855.337,4869.082,4854.933,4869.082
2025-10-19 08:00:00,4869.09,4871.996,4851.124,4860.669
2025-10-19 09:00:00,4860.671,4864.201,4850.848,4855.21
2025-10-19 10:00:00,4855.215,4868.959,4854.501,4868.959
2025-10-19 11:00:00,4868.962,4871.923,4862.381,4862.454
2025-10-19 12:00:00,4862.464,4868.263,4858.249,4858.423
2025-10-19 13:00:00,4858.425,4867.477,4858.425,4866.938
2025-10-19 14:00:00,4866.95,4884.127,4866.95,4877.204
2025-10-19 15:00:00,4877.206,4893.257,4877.206,4893.257
2025-10-19 16:00:00,4893.261,4900.847,4887.709,4900.847
2025-10-19 17:00:00,4900.849,4901.27,4890.565,4898.316
2025-10-19 18:00:00,4898.317,4900.285,4888.65,4900.285
2025-10-19 19:00:00,4900.293,4911.11,4900.293,4911.11
2025-10-19 20:00:00,4911.116,4914.944,4903.699,4914.944
2025-10-19 21:00:00,4914.949,4930.365,4914.949,4930.365
2025-10-19 22:00:00,4930.374,4943.902,4930.374,4939.076
2025-10-19 23:00:00,4939.086,4942.416,4903.637,4905.489
2025-10-20 00:00:00,4905.494,4920.622,4905.494,4920.622
2025-10-20 01:00:00,4920.628,4921.067,4896.504,4903.845
2025-10-20 02:00:00,4903.846,4916.461,4903.513,4907.167
2025-10-20 03:00:00,4907.182,4924.96,4907.182,4924.96
2025-10-20 04:00:00,4924.963,4942.609,4924.963,4942.609
2025-10-20 05:00:00,4942.621,4946.034,4932.407,4941.766
2025-10-20 06:00:00,4941.778,4954.497,4941.778,4946.252
2025-10-20 07:00:00,4946.257,4946.734,4901.073,4905.403
2025-10-20 08:00:00,4905.406,4922.674,4905.406,4922.674
2025-10-20 09:00:00,4922.676,4935.873,4922.201,4924.148
2025-10-20 10:00:00,4924.156,4934.875,4924.156,4933.807
2025-10-20 11:00:00,4933.807,4947.038,4925.182,4929.457
2025-10-20 12:00:00,4929.461,4941.392,4919.854,4925.309
2025-10-20 13:00:00,4925.319,4942.323,4925.319,4934.318
2025-10-20 14:00:00,4934.318,4944.978,4911.613,4912.379
2025-10-20 15:00:00,4912.383,4914.465,4905.206,4912.096
2025-10-20 16:00:00,4912.108,4917.945,4902.089,4905.401
2025-10-20 17:00:00,4905.403,4908.334,4885.721,4891.296
2025-10-20 18:00:00,4891.298,4894.682,4874.708,4876.878
2025-10-20 19:00:00,4876.883,4892.029,4876.883,4892.029
2025-10-20 20:00:00,4892.035,4902.541,4888.985,4902.541
2025-10-20 21:00:00,4902.546,4912.998,4902.546,4911.68
2025-10-20 22:00:00,4911.682,4919.181,4886.583,4887.351
2025-10-20 23:00:00,4887.352,4894.035,4877.553,4884.063
2025-10-21 00:00:00,4884.065,4885.022,4859.202,4860.098
2025-10-21 01:00:00,4860.101,4862.844,4835.512,4837.844
2025-10-21 02:00:00,4837.846,4855.367,4837.846,4855.367
2025-10-21 03:00:00,4855.367,4865.79,4855.095,4865.79
2025-10-21 04:00:00,4865.793,4875.892,4865.793,4875.892
2025-10-21 05:00:00,4875.898,4876.105,4864.938,4872.804
2025-10-21 06:00:00,4872.806,4875.338,4864.798,4873.033
2025-10-21 07:00:00,4873.041,4886.503,4873.041,4884.49
2025-10-21 08:00:00,4884.491,4901.555,4884.491,4901.555
2025-10-21 09:00:00,4901.556,4912.981,4901.556,4912.981
2025-10-21 10:00:00,4912.984,4913.083,4901.451,4905.04
2025-10-21 11:00:00,4905.04,4908.056,4887.633,4894.067
2025-10-21 12:00:00,4894.071,4900.691,4891.941,4896.481
2025-10-21 13:00:00,4896.487,4898.21,4883.754,4883.891
2025-10-21 14:00:00,4883.894,4891.513,4874.729,4881.532
2025-10-21 15:00:00,4881.533,4893.535,4878.711,4881.673
2025-10-21 16:00:00,4881.674,4893.735,4881.674,4893.735
2025-10-21 17:00:00,4893.736,4900.291,4886.997,4894.196
2025-10-21 18:00:00,4894.199,4897.147,4869.253,4873.02
2025-10-21 19:00:00,4873.03,4877.847,4868.274,4876.399
2025-10-21 20:00:00,4876.402,4894.093,4876.402,4894.093
2025-10-21 21:00:00,4894.095,4907.951,4894.095,4903.897
2025-10-21 22:00:00,4903.903,4904.2,4892.54,4902.127
2025-10-21 23:00:00,4902.137,4907.303,4896.599,4897.736
2025-10-22 00:00:00,4897.743,4908.697,4897.743,4901.436
2025-10-22 01:00:00,4901.441,4903.379,4885.612,4889.497
2025-10-22 02:00:00,4889.5,4896.183,4879.054,4882.163
2025-10-22 03:00:00,4882.166,4882.936,4870.763,4882.703
2025-10-22 04:00:00,4882.705,4891.603,4878.015,4891.603
2025-10-22 05:00:00,4891.606,4894.965,4885.145,4889.017
2025-10-22 06:00:00,4889.02,4898.68,4889.02,4898.68
2025-10-22 07:00:00,4898.68,4901.989,4889.642,4889.744
2025-10-22 08:00:00,4889.749,4900.478,4889.542,4900.478
2025-10-22 09:00:00,4900.481,4906.384,4893.38,4893.873
2025-10-22 10:00:00,4893.874,4894.528,4848.889,4849.322
2025-10-22 11:00:00,4849.33,4851.424,4829.719,4832.942
2025-10-22 12:00:00,4832.948,4838.592,4828.552,4829.712
2025-10-22 13:00:00,4829.713,4830.158,4819.435,4827.816
2025-10-22 14:00:00,4827.821,4828.976,4815.473,4828.697
2025-10-22 15:00:00,4828.703,4832.022,4821.171,4821.518
2025-10-22 16:00:00,4821.525,4833.987,4821.525,4833.987
2025-10-22 17:00:00,4833.992,4843.242,4828.7,4843.242
2025-10-22 18:00:00,4843.248,4852.939,4843.248,4851.446
2025-10-22 19:00:00,4851.453,4857.049,4845.314,4857.049
2025-10-22 20:00:00,4857.058,4864.443,4857.058,4863.254
2025-10-22 21:00:00,4863.256,4867.82,4855.767,4857.382
2025-10-22 22:00:00,4857.384,4862.507,4853.476,4861.129
2025-10-22 23:00:00,4861.132,4865.067,4853.258,4862.571
2025-10-23 00:00:00,4862.581,4878.711,4862.581,4874.887
2025-10-23 01:00:00,4874.897,4882.86,4871.612,4882.86
2025-10-23 02:00:00,4882.863,4890.79,4882.863,4887.535
2025-10-23 03:00:00,4887.537,4888.164,4873.428,4881.219
2025-10-23 04:00:00,4881.232,4892.073,4879.921,4891.16
2025-10-23 05:00:00,4891.169,4906.29,4891.169,4905.616
2025-10-23 06:00:00,4905.621,4907.303,4875.432,4875.575
2025-10-23 07:00:00,4875.579,4875.92,4848.672,4849.279
2025-10-23 08:00:00,4849.281,4854.311,4847.499,4854.311
2025-10-23 09:00:00,4854.321,4857.007,4846.713,4854.868
2025-10-23 10:00:00,4854.868,4864.836,4854.868,4864.836
2025-10-23 11:00:00,4864.836,4876.72,4864.836,4865.963
2025-10-23 12:00:00,4865.971,4869.165,4856.976,4865.087
2025-10-23 13:00:00,4865.087,4865.358,4833.838,4838.915
2025-10-23 14:00:00,4838.924,4844.417,4830.967,4831.678
2025-10-23 15:00:00,4831.687,4832.366,4801.902,4804.566
2025-10-23 16:00:00,4804.569,4815.887,4804.569,4815.887
2025-10-23 17:00:00,4815.894,4830.919,4815.894,4830.919
2025-10-23 18:00:00,4830.92,4836.861,4824.819,4831.108
2025-10-23 19:00:00,4831.112,4832.253,4821.426,4825.817
2025-10-23 20:00:00,4825.829,4836.325,4824.585,4826.809
2025-10-23 21:00:00,4826.81,4827.159,4810.458,4817.967
2025-10-23 22:00:00,4817.971,4828.779,4817.971,4823.275
2025-10-23 23:00:00,4823.277,4832.19,4823.277,4826.103
2025-10-24 00:00:00,4826.106,4841.806,4826.106,4841.806
2025-10-24 01:00:00,4841.814,4853.621,4841.814,4853.322
2025-10-24 02:00:00,4853.324,4861.316,4843.987,4845.69
2025-10-24 03:00:00,4845.702,4856.266,4843.834,4856.266
2025-10-24 04:00:00,4856.275,4865.226,4855.196,4859.977
2025-10-24 05:00:00,4859.978,4861.373,4850.187,4850.859
2025-10-24 06:00:00,4850.86,4854.662,4842.87,4849.914
2025-10-24 07:00:00,4849.917,4852.661,4844.264,4852.661
2025-10-24 08:00:00,4852.668,4857.331,4841.862,4842.54
2025-10-24 09:00:00,4842.552,4844.716,4815.329,4816.195
2025-10-24 10:00:00,4816.208,4825.059,4812.907,4812.994
2025-10-24 11:00:00,4812.999,4822.079,4807.75,4807.984
2025-10-24 12:00:00,4807.987,4818.831,4807.987,4818.831
2025-10-24 13:00:00,4818.834,4825.841,4797.0,4799.076
2025-10-24 14:00:00,4799.092,4803.85,4792.624,4796.141
2025-10-24 15:00:00,4796.146,4804.368,4796.146,4803.549
2025-10-24 16:00:00,4803.558,4806.515,4786.624,4787.16
2025-10-24 17:00:00,4787.171,4797.032,4786.808,4787.941
2025-10-24 18:00:00,4787.944,4805.102,4787.944,4805.102
2025-10-24 19:00:00,4805.103,4812.427,4800.56,4802.569
2025-10-24 20:00:00,4802.574,4812.033,4802.574,4812.033
2025-10-24 21:00:00,4812.046,4818.02,4798.327,4798.327
2025-10-24 22:00:00,4798.336,4815.036,4798.336,4815.036
2025-10-24 23:00:00,4815.048,4821.541,4814.219,4818.736
2025-10-25 00:00:00,4818.736,4821.505,4800.151,4800.875
2025-10-25 01:00:00,4800.879,4810.143,4800.879,4810.143
2025-10-25 02:00:00,4810.145,4820.874,4810.145,4815.906
2025-10-25 03:00:00,4815.907,4819.952,4808.858,4817.907
2025-10-25 04:00:00,4817.916,4825.994,4814.86,4819.182
2025-10-25 05:00:00,4819.184,4828.919,4818.535,4822.028
2025-10-25 06:00:00,4822.04,4832.813,4819.52,4832.813
2025-10-25 07:00:00,4832.813,4832.832,4820.996,4830.404
2025-10-25 08:00:00,4830.406,4832.371,4823.939,4828.513
2025-10-25 09:00:00,4828.522,4839.54,4827.049,4838.73
2025-10-25 10:00:00,4838.737,4841.143,4830.593,4835.791
2025-10-25 11:00:00,4835.798,4846.224,4835.798,4840.461
2025-10-25 12:00:00,4840.467,4846.897,4837.461,4846.897
2025-10-25 13:00:00,4846.902,4847.388,4822.103,4824.785
2025-10-25 14:00:00,4824.79,4826.505,4816.279,4826.039
2025-10-25 15:00:00,4826.042,4826.083,4803.005,4803.882
2025-10-25 16:00:00,4803.889,4810.108,4801.537,4810.108
2025-10-25 17:00:00,4810.113,4825.042,4810.113,4820.483
2025-10-25 18:00:00,4820.484,4824.189,4813.771,4824.189
2025-10-25 19:00:00,4824.191,4826.003,4811.616,4820.48
2025-10-25 20:00:00,4820.497,4830.452,4819.388,4819.935
2025-10-25 21:00:00,4819.936,4829.443,4819.936,4829.443
2025-10-25 22:00:00,4829.448,4838.506,4829.448,4834.35
2025-10-25 23:00:00,4834.352,4850.936,4834.352,4839.954
2025-10-26 00:00:00,4839.963,4840.433,4829.328,4836.289
2025-10-26 01:00:00,4836.293,4839.784,4828.004,4828.218
2025-10-26 02:00:00,4828.222,4836.409,4816.221,4820.596
2025-10-26 03:00:00,4820.601,4829.27,4816.428,4826.128
2025-10-26 04:00:00,4826.137,4830.595,4815.906,4824.534
2025-10-26 05:00:00,4824.538,4828.978,4816.415,4821.56
2025-10-26 06:00:00,4821.567,4828.536,4821.567,4828.536
2025-10-26 07:00:00,4828.544,4832.628,4819.289,4825.752
2025-10-26 08:00:00,4825.753,4828.856,4817.307,4819.324
2025-10-26 09:00:00,4819.333,4829.44,4817.443,4824.379
2025-10-26 10:00:00,4824.384,4827.329,4819.266,4822.844
2025-10-26 11:00:00,4822.848,4824.526,4801.895,4801.977
2025-10-26 12:00:00,4801.978,4808.682,4796.871,4800.759
2025-10-26 13:00:00,4800.762,4804.189,4794.569,4803.974
2025-10-26 14:00:00,4803.976,4809.229,4789.74,4790.163
2025-10-26 15:00:00,4790.168,4792.71,4777.681,4785.871
2025-10-26 16:00:00,4785.877,4794.29,4782.3,4794.29
2025-10-26 17:00:00,4794.301,4798.817,4788.111,4798.817
2025-10-26 18:00:00,4798.82,4810.322,4798.82,4810.322
2025-10-26 19:00:00,4810.323,4826.662,4810.323,4825.838
2025-10-26 20:00:00,4825.84,4839.158,4825.84,4839.158
2025-10-26 21:00:00,4839.165,4856.397,4839.165,4856.397
2025-10-26 22:00:00,4856.404,4868.312,4856.404,4861.03
2025-10-26 23:00:00,4861.034,4866.157,4851.044,4857.894
2025-10-27 00:00:00,4857.903,4864.096,4849.352,4862.362
2025-10-27 01:00:00,4862.363,4874.522,4862.363,4869.471
2025-10-27 02:00:00,4869.475,4873.593,4861.891,4873.593
2025-10-27 03:00:00,4873.594,4882.218,4867.109,4870.454
2025-10-27 04:00:00,4870.456,4887.505,4870.456,4887.505
2025-10-27 05:00:00,4887.51,4901.909,4887.51,4900.757
2025-10-27 06:00:00,4900.758,4908.737,4896.571,4905.007
2025-10-27 07:00:00,4905.009,4907.987,4892.349,4893.19
2025-10-27 08:00:00,4893.191,4897.519,4889.107,4897.519
2025-10-27 09:00:00,4897.534,4912.252,4897.534,4912.252
2025-10-27 10:00:00,4912.261,4917.93,4907.517,4912.861
2025-10-27 11:00:00,4912.866,4921.976,4908.82,4912.857
2025-10-27 12:00:00,4912.862,4913.086,4896.447,4906.303
2025-10-27 13:00:00,4906.309,4917.764,4904.695,4915.779
2025-10-27 14:00:00,4915.781,4920.444,4911.572,4918.798
2025-10-27 15:00:00,4918.801,4923.63,4914.856,4914.931
2025-10-27 16:00:00,4914.932,4925.165,4913.601,4919.451
2025-10-27 17:00:00,4919.461,4926.785,4915.952,4917.573
2025-10-27 18:00:00,4917.577,4920.884,4912.722,4920.884
2025-10-27 19:00:00,4920.891,4928.298,4907.265,4911.072
2025-10-27 20:00:00,4911.075,4916.03,4894.088,4898.025
2025-10-27 21:00:00,4898.028,4904.807,4893.689,4899.742
2025-10-27 22:00:00,4899.746,4909.655,4899.746,4909.655
2025-10-27 23:00:00,4909.655,4923.732,4906.786,4923.732
2025-10-28 00:00:00,4923.734,4932.954,4920.371,4932.954
2025-10-28 01:00:00,4932.97,4936.582,4909.355,4911.379
2025-10-28 02:00:00,4911.386,4915.16,4905.136,4911.283
2025-10-28 03:00:00,4911.291,4916.235,4902.316,4904.802
2025-10-28 04:00:00,4904.802,4914.009,4904.802,4914.009
2025-10-28 05:00:00,4914.015,4917.58,4886.861,4887.355
2025-10-28 06:00:00,4887.357,4900.882,4887.357,4900.542
2025-10-28 07:00:00,4900.544,4911.58,4900.544,4911.541
2025-10-28 08:00:00,4911.545,4916.847,4907.111,4912.222
2025-10-28 09:00:00,4912.228,4920.258,4904.861,4911.492
2025-10-28 10:00:00,4911.504,4914.689,4905.517,4909.376
2025-10-28 11:00:00,4909.384,4911.218,4895.876,4903.564
2025-10-28 12:00:00,4903.565,4912.491,4901.919,4909.838
2025-10-28 13:00:00,4909.843,4915.758,4905.763,4912.515
2025-10-28 14:00:00,4912.519,4917.832,4905.036,4915.066
2025-10-28 15:00:00,4915.072,4924.757,4915.072,4917.44
2025-10-28 16:00:00,4917.446,4921.712,4905.137,4913.695
2025-10-28 17:00:00,4913.697,4919.59,4904.108,4906.612
2025-10-28 18:00:00,4906.617,4924.607,4906.617,4924.607
2025-10-28 19:00:00,4924.612,4925.408,4902.976,4903.504
2025-10-28 20:00:00,4903.511,4906.048,4895.199,4905.193
2025-10-28 21:00:00,4905.199,4916.985,4905.199,4913.954
2025-10-28 22:00:00,4913.963,4931.628,4913.963,4931.628
2025-10-28 23:00:00,4931.638,4939.205,4905.623,4909.086
2025-10-29 00:00:00,4909.095,4926.462,4909.095,4926.462
2025-10-29 01:00:00,4926.472,4937.131,4924.699,4928.008
2025-10-29 02:00:00,4928.015,4928.233,4891.176,4894.098
2025-10-29 03:00:00,4894.1,4907.276,4890.987,4892.71
2025-10-29 04:00:00,4892.714,4892.909,4882.995,4888.651
2025-10-29 05:00:00,4888.657,4900.086,4883.143,4900.086
2025-10-29 06:00:00,4900.089,4900.936,4889.56,4897.454
2025-10-29 07:00:00,4897.455,4903.396,4890.896,4893.682
2025-10-29 08:00:00,4893.686,4897.364,4883.841,4889.532
2025-10-29 09:00:00,4889.533,4894.184,4882.852,4894.184
2025-10-29 10:00:00,4894.191,4902.899,4891.182,4899.085
2025-10-29 11:00:00,4899.087,4901.245,4889.695,4896.22
2025-10-29 12:00:00,4896.223,4900.467,4886.497,4893.386
2025-10-29 13:00:00,4893.389,4895.276,4869.135,4874.735
2025-10-29 14:00:00,4874.74,4875.313,4838.129,4838.504
2025-10-29 15:00:00,4838.518,4844.471,4837.022,4844.471
2025-10-29 16:00:00,4844.479,4854.906,4844.479,4851.531
2025-10-29 17:00:00,4851.533,4858.498,4823.299,4823.978
2025-10-29 18:00:00,4823.983,4833.521,4819.327,4833.521
2025-10-29 19:00:00,4833.525,4836.058,4822.476,4828.68
2025-10-29 20:00:00,4828.688,4830.213,4821.402,4826.232
2025-10-29 21:00:00,4826.237,4843.364,4826.237,4843.364
2025-10-29 22:00:00,4843.372,4844.59,4823.396,4827.091
2025-10-29 23:00:00,4827.102,4842.043,4827.102,4836.464
2025-10-30 00:00:00,4836.468,4846.336,4833.033,4839.254
2025-10-30 01:00:00,4839.262,4856.584,4839.262,4856.584
2025-10-30 02:00:00,4856.589,4857.403,4848.281,4857.403
2025-10-30 03:00:00,4857.404,4865.459,4857.404,4865.459
2025-10-30 04:00:00,4865.464,4868.369,4845.563,4845.715
2025-10-30 05:00:00,4845.717,4857.414,4844.978,4857.414
2025-10-30 06:00:00,4857.421,4859.273,4837.964,4840.008
2025-10-30 07:00:00,4840.015,4846.652,4836.902,4842.151
2025-10-30 08:00:00,4842.154,4843.993,4834.33,4838.11
2025-10-30 09:00:00,4838.115,4846.027,4834.011,4846.027
2025-10-30 10:00:00,4846.031,4856.162,4843.493,4856.162
2025-10-30 11:00:00,4856.17,4863.263,4854.377,4859.333
2025-10-30 12:00:00,4859.341,4867.572,4857.957,4862.513
2025-10-30 13:00:00,4862.52,4866.946,4837.181,4844.467
2025-10-30 14:00:00,4844.467,4856.773,4842.897,4846.557
2025-10-30 15:00:00,4846.558,4846.604,4812.724,4817.751
2025-10-30 16:00:00,4817.752,4819.965,4790.716,4791.879
2025-10-30 17:00:00,4791.883,4802.325,4791.61,4796.307
2025-10-30 18:00:00,4796.31,4799.394,4780.711,4783.072
2025-10-30 19:00:00,4783.075,4794.281,4783.075,4790.549
2025-10-30 20:00:00,4790.551,4794.532,4785.989,4794.208
2025-10-30 21:00:00,4794.21,4808.296,4794.21,4808.296
2025-10-30 22:00:00,4808.302,4818.805,4804.384,4818.805
2025-10-30 23:00:00,4818.808,4830.482,4807.934,4811.508
2025-10-31 00:00:00,4811.516,4820.202,4807.695,4820.202
2025-10-31 01:00:00,4820.209,4821.908,4811.784,4821.432
2025-10-31 02:00:00,4821.437,4827.857,4818.824,4820.943
2025-10-31 03:00:00,4820.947,4833.337,4817.679,4833.337
2025-10-31 04:00:00,4833.337,4842.402,4833.337,4840.636
2025-10-31 05:00:00,4840.637,4843.491,4822.665,4824.003
2025-10-31 06:00:00,4824.009,4825.197,4809.212,4811.317
2025-10-31 07:00:00,4811.32,4826.034,4808.403,4808.668
2025-10-31 08:00:00,4808.672,4821.161,4808.672,4820.961
2025-10-31 09:00:00,4820.975,4824.69,4814.826,4824.69
2025-10-31 10:00:00,4824.698,4828.507,4818.821,4828.507
2025-10-31 11:00:00,4828.513,4837.894,4827.362,4837.419
2025-10-31 12:00:00,4837.428,4840.6,4821.047,4822.064
2025-10-31 13:00:00,4822.067,4830.051,4820.674,4830.051
2025-10-31 14:00:00,4830.053,4833.5,4824.651,4829.918
2025-10-31 15:00:00,4829.918,4840.029,4823.731,4840.029
2025-10-31 16:00:00,4840.037,4852.88,4838.618,4848.415
2025-10-31 17:00:00,4848.417,4854.406,4846.123,4850.687
2025-10-31 18:00:00,4850.69,4863.939,4850.69,4859.661
2025-10-31 19:00:00,4859.662,4862.774,4851.707,4862.2
2025-10-31 20:00:00,4862.201,4871.962,4855.635,4859.547
2025-10-31 21:00:00,4859.551,4861.695,4851.888,4859.668
2025-10-31 22:00:00,4859.669,4875.577,4859.669,4875.577
2025-10-31 23:00:00,4875.58,4889.461,4875.58,4889.461
2025-11-01 00:00:00,4889.478,4906.609,4889.478,4906.609
2025-11-01 01:00:00,4906.614,4914.201,4897.883,4899.618
2025-11-01 02:00:00,4899.629,4905.228,4886.459,4888.276
2025-11-01 03:00:00,4888.288,4896.716,4885.162,4893.165
2025-11-01 04:00:00,4893.171,4910.249,4893.171,4906.814
2025-11-01 05:00:00,4906.82,4909.586,4899.939,4909.586
2025-11-01 06:00:00,4909.587,4917.83,4904.538,4905.165
2025-11-01 07:00:00,4905.17,4916.869,4905.17,4916.869
2025-11-01 08:00:00,4916.875,4920.992,4912.301,4920.45
2025-11-01 09:00:00,4920.458,4929.407,4916.077,4917.641
2025-11-01 10:00:00,4917.645,4926.271,4913.432,4923.46
2025-11-01 11:00:00,4923.468,4934.979,4923.468,4930.054
2025-11-01 12:00:00,4930.057,4937.689,4926.19,4937.689
2025-11-01 13:00:00,4937.696,4941.154,4923.974,4926.318
2025-11-01 14:00:00,4926.318,4934.1,4911.723,4916.912
2025-11-01 15:00:00,4916.912,4919.495,4892.058,4892.807
2025-11-01 16:00:00,4892.809,4904.821,4892.809,4900.977
2025-11-01 17:00:00,4900.979,4905.38,4895.494,4900.231
2025-11-01 18:00:00,4900.233,4910.22,4898.528,4910.22
2025-11-01 19:00:00,4910.231,4916.537,4902.213,4912.647
2025-11-01 20:00:00,4912.65,4913.246,4896.732,4907.504
2025-11-01 21:00:00,4907.506,4922.203,4907.506,4918.367
2025-11-01 22:00:00,4918.374,4931.04,4917.871,4920.181
2025-11-01 23:00:00,4920.19,4923.167,4907.724,4908.352
2025-11-02 00:00:00,4908.357,4917.778,4904.11,4916.144
2025-11-02 01:00:00,4916.147,4931.79,4916.147,4931.79
2025-11-02 02:00:00,4931.795,4939.711,4926.991,4927.846
2025-11-02 03:00:00,4927.85,4929.633,4905.388,4908.151
2025-11-02 04:00:00,4908.157,4914.553,4900.375,4905.057
2025-11-02 05:00:00,4905.059,4905.222,4875.845,4881.584
2025-11-02 06:00:00,4881.585,4885.197,4852.497,4853.186
2025-11-02 07:00:00,4853.186,4858.431,4849.482,4858.431
2025-11-02 08:00:00,4858.434,4858.81,4845.07,4857.127
2025-11-02 09:00:00,4857.132,4867.932,4855.996,4867.932
2025-11-02 10:00:00,4867.932,4873.467,4849.984,4857.131
2025-11-02 11:00:00,4857.134,4858.793,4849.355,4858.793
2025-11-02 12:00:00,4858.802,4866.249,4855.334,4862.565
2025-11-02 13:00:00,4862.569,4865.783,4856.541,4865.072
2025-11-02 14:00:00,4865.081,4866.484,4858.648,4865.595
2025-11-02 15:00:00,4865.599,4867.987,4840.184,4841.431
2025-11-02 16:00:00,4841.435,4855.513,4841.435,4855.32
2025-11-02 17:00:00,4855.321,4857.975,4842.78,4857.975
2025-11-02 18:00:00,4857.982,4870.641,4857.982,4870.641
2025-11-02 19:00:00,4870.649,4875.605,4863.777,4875.605
2025-11-02 20:00:00,4875.607,4883.255,4871.066,4879.802
2025-11-02 21:00:00,4879.814,4891.58,4879.814,4889.975
2025-11-02 22:00:00,4889.976,4890.687,4860.402,4862.005
2025-11-02 23:00:00,4862.011,4865.623,4850.644,4858.316
2025-11-03 00:00:00,4858.318,4870.577,4856.275,4870.577
2025-11-03 01:00:00,4870.584,4871.366,4855.949,4856.207
2025-11-03 02:00:00,4856.211,4859.863,4848.056,4859.863
2025-11-03 03:00:00,4859.871,4860.058,4827.183,4827.796
2025-11-03 04:00:00,4827.805,4833.076,4811.393,4814.293
2025-11-03 05:00:00,4814.296,4814.676,4786.724,4788.349
2025-11-03 06:00:00,4788.357,4795.72,4786.12,4795.72
2025-11-03 07:00:00,4795.722,4809.49,4795.722,4805.395
2025-11-03 08:00:00,4805.403,4822.413,4805.403,4822.413
2025-11-03 09:00:00,4822.417,4825.351,4808.228,4810.653
2025-11-03 10:00:00,4810.655,4826.19,4810.655,4826.19
2025-11-03 11:00:00,4826.191,4838.333,4825.649,4837.905
2025-11-03 12:00:00,4837.909,4843.614,4833.86,4841.429
2025-11-03 13:00:00,4841.429,4852.865,4841.429,4852.865
2025-11-03 14:00:00,4852.869,4857.723,4847.277,4856.162
2025-11-03 15:00:00,4856.172,4863.37,4851.401,4854.835
2025-11-03 16:00:00,4854.837,4855.215,4837.924,4845.4
2025-11-03 17:00:00,4845.407,4853.632,4844.469,4848.057
2025-11-03 18:00:00,4848.067,4865.368,4848.067,4865.368
2025-11-03 19:00:00,4865.37,4871.549,4862.06,4866.045
2025-11-03 20:00:00,4866.049,4883.64,4866.049,4883.64
2025-11-03 21:00:00,4883.647,4884.158,4848.09,4851.468
2025-11-03 22:00:00,4851.474,4852.958,4832.189,4835.902
2025-11-03 23:00:00,4835.914,4849.628,4835.914,4848.724
2025-11-04 00:00:00,4848.737,4856.748,4836.638,4837.051
2025-11-04 01:00:00,4837.053,4842.38,4828.957,4832.066
2025-11-04 02:00:00,4832.068,4849.316,4832.068,4839.12
2025-11-04 03:00:00,4839.13,4849.39,4839.13,4849.39
2025-11-04 04:00:00,4849.394,4859.432,4849.394,4859.122
2025-11-04 05:00:00,4859.125,4864.362,4850.495,4858.83
2025-11-04 06:00:00,4858.832,4861.681,4843.349,4843.661
2025-11-04 07:00:00,4843.667,4846.917,4826.999,4829.11
2025-11-04 08:00:00,4829.111,4835.763,4826.156,4831.607
2025-11-04 09:00:00,4831.616,4843.497,4831.616,4832.431
2025-11-04 10:00:00,4832.432,4846.842,4832.432,4836.06
2025-11-04 11:00:00,4836.068,4837.693,4820.084,4824.18
2025-11-04 12:00:00,4824.187,4832.959,4823.131,4828.898
2025-11-04 13:00:00,4828.899,4844.717,4828.899,4843.984
2025-11-04 14:00:00,4843.985,4848.176,4838.821,4841.703
2025-11-04 15:00:00,4841.71,4843.662,4828.618,4833.995
2025-11-04 16:00:00,4834.006,4851.215,4834.006,4851.215
2025-11-04 17:00:00,4851.215,4864.526,4850.494,4851.859
2025-11-04 18:00:00,4851.869,4858.291,4848.768,4853.722
2025-11-04 19:00:00,4853.724,4869.831,4853.724,4866.132
2025-11-04 20:00:00,4866.138,4881.114,4866.138,4881.114
2025-11-04 21:00:00,4881.118,4889.442,4878.005,4889.442
2025-11-04 22:00:00,4889.445,4892.436,4865.891,4866.178
2025-11-04 23:00:00,4866.184,4867.989,4854.759,4860.598
2025-11-05 00:00:00,4860.602,4861.565,4840.18,4842.273
2025-11-05 01:00:00,4842.274,4856.345,4842.274,4856.345
2025-11-05 02:00:00,4856.351,4856.358,4838.101,4842.334
2025-11-05 03:00:00,4842.344,4844.321,4814.013,4816.6
2025-11-05 04:00:00,4816.613,4819.109,4810.715,4818.401
2025-11-05 05:00:00,4818.403,4834.701,4818.403,4834.701
2025-11-05 06:00:00,4834.707,4841.146,4832.204,4841.146
2025-11-05 07:00:00,4841.152,4851.568,4841.152,4851.568
2025-11-05 08:00:00,4851.573,4863.22,4851.573,4860.032
2025-11-05 09:00:00,4860.034,4865.815,4853.054,4855.723
2025-11-05 10:00:00,4855.73,4865.441,4855.73,4865.441
2025-11-05 11:00:00,4865.451,4869.583,4850.276,4850.95
2025-11-05 12:00:00,4850.952,4858.494,4843.394,4858.494
2025-11-05 13:00:00,4858.503,4870.017,4858.503,4866.569
2025-11-05 14:00:00,4866.57,4879.924,4866.57,4879.924
2025-11-05 15:00:00,4879.927,4894.524,4879.927,4894.524
2025-11-05 16:00:00,4894.527,4900.988,4890.607,4895.634
2025-11-05 17:00:00,4895.642,4908.505,4895.642,4904.058
2025-11-05 18:00:00,4904.059,4917.112,4904.059,4917.112
2025-11-05 19:00:00,4917.113,4923.921,4905.355,4906.825
2025-11-05 20:00:00,4906.828,4923.558,4906.828,4918.774
2025-11-05 21:00:00,4918.779,4928.482,4915.275,4928.482
2025-11-05 22:00:00,4928.485,4929.454,4901.31,4910.792
2025-11-05 23:00:00,4910.8,4919.183,4902.774,4906.699
2025-11-06 00:00:00,4906.702,4912.508,4901.419,4904.357
2025-11-06 01:00:00,4904.357,4904.403,4887.43,4899.186
2025-11-06 02:00:00,4899.192,4907.431,4881.363,4882.121
2025-11-06 03:00:00,4882.125,4886.812,4864.465,4869.042
2025-11-06 04:00:00,4869.05,4869.995,4860.76,4867.651
2025-11-06 05:00:00,4867.653,4869.072,4856.5,4863.624
2025-11-06 06:00:00,4863.632,4870.286,4860.316,4870.286
2025-11-06 07:00:00,4870.291,4882.28,4868.789,4882.28
2025-11-06 08:00:00,4882.281,4886.182,4859.596,4861.864
2025-11-06 09:00:00,4861.868,4879.408,4861.868,4879.408
2025-11-06 10:00:00,4879.411,4890.409,4879.411,4885.42
2025-11-06 11:00:00,4885.424,4901.393,4885.424,4901.393
2025-11-06 12:00:00,4901.4,4915.002,4896.256,4899.245
2025-11-06 13:00:00,4899.252,4915.618,4899.252,4906.404
2025-11-06 14:00:00,4906.405,4917.5,4906.405,4915.389
2025-11-06 15:00:00,4915.393,4920.625,4907.508,4912.207
2025-11-06 16:00:00,4912.208,4918.082,4905.585,4916.603
2025-11-06 17:00:00,4916.606,4932.671,4916.606,4932.671
2025-11-06 18:00:00,4932.674,4950.582,4932.674,4950.582
2025-11-06 19:00:00,4950.594,4952.307,4925.467,4935.818
2025-11-06 20:00:00,4935.825,4940.804,4928.529,4935.621
2025-11-06 21:00:00,4935.623,4935.726,4912.279,4921.939
2025-11-06 22:00:00,4921.94,4937.991,4921.94,4937.991
2025-11-06 23:00:00,4937.991,4947.214,4935.883,4942.423
2025-11-07 00:00:00,4942.423,4944.086,4927.441,4936.548
2025-11-07 01:00:00,4936.553,4941.001,4930.786,4937.236
2025-11-07 02:00:00,4937.241,4949.397,4934.68,4949.397
2025-11-07 03:00:00,4949.402,4958.24,4945.296,4956.725
2025-11-07 04:00:00,4956.734,4972.608,4956.734,4966.722
2025-11-07 05:00:00,4966.727,4977.812,4966.727,4976.14
2025-11-07 06:00:00,4976.151,4981.166,4962.332,4967.046
2025-11-07 07:00:00,4967.047,4976.127,4966.948,4976.127
2025-11-07 08:00:00,4976.133,4985.26,4975.27,4984.908
2025-11-07 09:00:00,4984.908,4992.568,4973.8,4977.929
2025-11-07 10:00:00,4977.931,4980.359,4970.035,4976.777
2025-11-07 11:00:00,4976.78,4988.305,4976.78,4988.305
2025-11-07 12:00:00,4988.309,4989.168,4968.196,4970.366
2025-11-07 13:00:00,4970.372,4988.032,4970.372,4988.032
2025-11-07 14:00:00,4988.039,4990.872,4974.782,4985.404
2025-11-07 15:00:00,4985.404,4985.813,4970.353,4975.684
2025-11-07 16:00:00,4975.686,4986.613,4975.686,4982.705
2025-11-07 17:00:00,4982.708,4984.28,4961.793,4967.498
2025-11-07 18:00:00,4967.503,4972.278,4960.298,4963.655
2025-11-07 19:00:00,4963.659,4978.349,4961.615,4978.349
2025-11-07 20:00:00,4978.35,4979.095,4957.434,4965.876
2025-11-07 21:00:00,4965.88,4966.481,4951.005,4964.825
2025-11-07 22:00:00,4964.836,4977.878,4964.836,4977.878
2025-11-07 23:00:00,4977.881,4991.773,4977.881,4985.717
2025-11-08 00:00:00,4985.727,4989.064,4979.069,4983.562
2025-11-08 01:00:00,4983.572,4998.744,4983.572,4998.744
2025-11-08 02:00:00,4998.749,5011.786,4998.432,5004.377
2025-11-08 03:00:00,5004.388,5016.376,5004.388,5014.353
2025-11-08 04:00:00,5014.359,5019.114,5007.959,5014.068
2025-11-08 05:00:00,5014.072,5023.33,4998.931,5001.352
2025-11-08 06:00:00,5001.359,5012.271,5001.359,5007.128
2025-11-08 07:00:00,5007.134,5016.206,5002.018,5003.152
2025-11-08 08:00:00,5003.152,5017.513,5003.152,5012.323
2025-11-08 09:00:00,5012.325,5013.64,5001.092,5008.056
2025-11-08 10:00:00,5008.061,5018.597,5002.023,5002.064
2025-11-08 11:00:00,5002.07,5009.771,5000.082,5007.938
2025-11-08 12:00:00,5007.938,5012.013,4994.648,5000.332
2025-11-08 13:00:00,5000.335,5001.026,4980.286,4980.314
2025-11-08 14:00:00,4980.316,4985.78,4975.032,4976.423
2025-11-08 15:00:00,4976.427,4988.363,4974.412,4977.002
2025-11-08 16:00:00,4977.008,4981.36,4970.402,4977.819
2025-11-08 17:00:00,4977.825,4979.021,4962.017,4967.935
2025-11-08 18:00:00,4967.942,4968.114,4954.677,4958.567
2025-11-08 19:00:00,4958.569,4966.975,4958.536,4965.411
2025-11-08 20:00:00,4965.42,4975.711,4965.42,4973.777
2025-11-08 21:00:00,4973.78,4974.597,4960.234,4960.896
2025-11-08 22:00:00,4960.904,4967.126,4950.735,4967.126
2025-11-08 23:00:00,4967.134,4977.762,4967.134,4972.07
2025-11-09 00:00:00,4972.07,4973.18,4962.817,4963.03
2025-11-09 01:00:00,4963.043,4981.19,4963.043,4981.19
2025-11-09 02:00:00,4981.198,4984.606,4971.861,4981.093
2025-11-09 03:00:00,4981.101,4992.195,4981.101,4989.489
2025-11-09 04:00:00,4989.497,4999.59,4976.194,4978.415
2025-11-09 05:00:00,4978.418,4991.916,4977.381,4991.916
2025-11-09 06:00:00,4991.927,5010.083,4991.927,5010.083
2025-11-09 07:00:00,5010.089,5018.012,5004.708,5010.22
2025-11-09 08:00:00,5010.223,5014.782,5007.476,5013.832
2025-11-09 09:00:00,5013.838,5018.119,5007.038,5008.678
2025-11-09 10:00:00,5008.684,5012.163,5000.721,5004.653
2025-11-09 11:00:00,5004.657,5021.573,5004.657,5021.573
2025-11-09 12:00:00,5021.579,5023.669,5007.751,5009.203
2025-11-09 13:00:00,5009.211,5011.765,5002.743,5010.048
2025-11-09 14:00:00,5010.049,5012.983,4975.936,4976.55
2025-11-09 15:00:00,4976.556,4985.97,4976.556,4983.848
2025-11-09 16:00:00,4983.853,4990.893,4981.843,4987.638
2025-11-09 17:00:00,4987.638,4993.235,4982.41,4986.364
2025-11-09 18:00:00,4986.37,5002.253,4986.37,4994.066
2025-11-09 19:00:00,4994.07,5000.032,4989.844,5000.032
2025-11-09 20:00:00,5000.034,5003.933,4996.055,5000.136
2025-11-09 21:00:00,5000.138,5004.41,4993.436,4995.401
2025-11-09 22:00:00,4995.405,4996.666,4984.956,4987.47
2025-11-09 23:00:00,4987.478,4989.837,4970.558,4973.157
2025-11-10 00:00:00,4973.16,4974.692,4960.499,4964.961
2025-11-10 01:00:00,4964.971,4973.087,4964.971,4971.911
2025-11-10 02:00:00,4971.913,4975.455,4959.876,4970.762
2025-11-10 03:00:00,4970.769,4979.845,4967.879,4970.54
2025-11-10 04:00:00,4970.54,4984.239,4970.54,4977.103
2025-11-10 05:00:00,4977.106,4988.121,4977.106,4986.68
2025-11-10 06:00:00,4986.69,4988.061,4944.027,4945.764
2025-11-10 07:00:00,4945.766,4947.914,4916.043,4922.496
2025-11-10 08:00:00,4922.498,4923.556,4897.265,4909.321
2025-11-10 09:00:00,4909.323,4910.83,4897.152,4905.678
2025-11-10 10:00:00,4905.682,4916.496,4904.384,4913.201
2025-11-10 11:00:00,4913.207,4920.026,4908.6,4917.885
2025-11-10 12:00:00,4917.895,4920.998,4908.239,4920.512
2025-11-10 13:00:00,4920.524,4934.884,4920.524,4934.631
2025-11-10 14:00:00,4934.634,4939.773,4924.52,4925.716
2025-11-10 15:00:00,4925.72,4932.176,4923.069,4928.602
2025-11-10 16:00:00,4928.602,4937.88,4924.286,4937.88
2025-11-10 17:00:00,4937.889,4945.815,4935.984,4942.969
2025-11-10 18:00:00,4942.974,4949.806,4939.211,4945.687
2025-11-10 19:00:00,4945.687,4948.799,4927.92,4934.233
2025-11-10 20:00:00,4934.234,4935.255,4921.202,4933.636
2025-11-10 21:00:00,4933.641,4934.352,4922.934,4934.352
2025-11-10 22:00:00,4934.36,4939.775,4928.452,4930.991
2025-11-10 23:00:00,4930.994,4944.184,4930.994,4944.184
2025-11-11 00:00:00,4944.184,4950.161,4931.84,4938.564
2025-11-11 01:00:00,4938.567,4943.609,4934.883,4942.74
2025-11-11 02:00:00,4942.745,4950.917,4937.179,4949.084
2025-11-11 03:00:00,4949.085,4954.033,4941.979,4947.465
2025-11-11 04:00:00,4947.478,4953.294,4942.47,4953.294
2025-11-11 05:00:00,4953.301,4966.961,4952.737,4960.817
2025-11-11 06:00:00,4960.821,4965.646,4956.088,4960.742
2025-11-11 07:00:00,4960.744,4961.775,4950.974,4957.162
2025-11-11 08:00:00,4957.168,4962.117,4950.516,4951.868
2025-11-11 09:00:00,4951.873,4959.641,4948.061,4959.579
2025-11-11 10:00:00,4959.583,4965.375,4948.095,4951.573
2025-11-11 11:00:00,4951.574,4960.373,4934.263,4935.194
2025-11-11 12:00:00,4935.194,4945.75,4935.194,4942.686
2025-11-11 13:00:00,4942.686,4954.554,4942.686,4949.714
2025-11-11 14:00:00,4949.714,4961.221,4944.203,4948.528
2025-11-11 15:00:00,4948.532,4966.105,4948.532,4966.105
2025-11-11 16:00:00,4966.108,4979.973,4966.108,4974.69
2025-11-11 17:00:00,4974.695,4978.323,4953.187,4962.014
2025-11-11 18:00:00,4962.015,4968.704,4951.357,4951.392
2025-11-11 19:00:00,4951.399,4964.041,4948.31,4964.041
2025-11-11 20:00:00,4964.042,4967.965,4955.821,4958.853
2025-11-11 21:00:00,4958.855,4967.142,4958.855,4961.435
2025-11-11 22:00:00,4961.436,4966.957,4958.644,4966.701
2025-11-11 23:00:00,4966.712,4979.368,4966.712,4976.972
2025-11-12 00:00:00,4976.975,4980.619,4968.459,4972.255
2025-11-12 01:00:00,4972.261,4984.046,4972.261,4978.915
2025-11-12 02:00:00,4978.924,4992.991,4975.587,4976.834
2025-11-12 03:00:00,4976.834,4980.731,4964.496,4964.85
2025-11-12 04:00:00,4964.858,4966.525,4944.721,4944.788
2025-11-12 05:00:00,4944.796,4958.64,4944.796,4954.688
2025-11-12 06:00:00,4954.688,4957.313,4923.26,4927.747
2025-11-12 07:00:00,4927.749,4928.876,4915.937,4924.348
2025-11-12 08:00:00,4924.348,4941.025,4923.857,4941.025
2025-11-12 09:00:00,4941.026,4949.514,4936.801,4941.11
2025-11-12 10:00:00,4941.118,4945.011,4933.166,4935.219
2025-11-12 11:00:00,4935.222,4942.712,4927.476,4936.206
2025-11-12 12:00:00,4936.206,4950.87,4936.206,4950.87
2025-11-12 13:00:00,4950.881,4966.181,4950.881,4954.527
2025-11-12 14:00:00,4954.529,4964.496,4954.529,4957.903
2025-11-12 15:00:00,4957.903,4963.561,4937.376,4940.532
2025-11-12 16:00:00,4940.538,4942.07,4923.954,4932.66
2025-11-12 17:00:00,4932.668,4945.189,4932.634,4944.76
2025-11-12 18:00:00,4944.764,4951.284,4944.382,4949.552
2025-11-12 19:00:00,4949.553,4955.694,4947.72,4951.155
2025-11-12 20:00:00,4951.166,4962.814,4948.072,4949.346
2025-11-12 21:00:00,4949.351,4960.057,4949.351,4959.278
2025-11-12 22:00:00,4959.284,4964.369,4955.013,4961.721
2025-11-12 23:00:00,4961.721,4963.965,4943.474,4949.338
2025-11-13 00:00:00,4949.345,4962.969,4945.758,4962.969
2025-11-13 01:00:00,4962.97,4970.0,4961.556,4970.0
2025-11-13 02:00:00,4970.002,4971.774,4942.503,4952.9
2025-11-13 03:00:00,4952.906,4958.542,4945.269,4958.542
2025-11-13 04:00:00,4958.543,4962.421,4930.004,4933.699
2025-11-13 05:00:00,4933.704,4939.929,4927.263,4929.915
2025-11-13 06:00:00,4929.926,4937.301,4922.874,4928.75
2025-11-13 07:00:00,4928.758,4935.315,4919.726,4919.764
2025-11-13 08:00:00,4919.771,4925.134,4914.468,4920.876
2025-11-13 09:00:00,4920.877,4924.507,4915.677,4923.764
2025-11-13 10:00:00,4923.764,4940.549,4923.764,4940.549
2025-11-13 11:00:00,4940.552,4945.104,4916.464,4920.07
2025-11-13 12:00:00,4920.072,4927.61,4918.936,4926.482
2025-11-13 13:00:00,4926.486,4935.534,4926.147,4929.873
2025-11-13 14:00:00,4929.884,4933.391,4921.09,4921.564
2025-11-13 15:00:00,4921.569,4925.522,4912.59,4918.96
2025-11-13 16:00:00,4918.965,4931.413,4917.48,4931.413
2025-11-13 17:00:00,4931.418,4938.021,4923.979,4926.615
2025-11-13 18:00:00,4926.615,4931.93,4919.014,4931.93
2025-11-13 19:00:00,4931.931,4933.08,4913.724,4916.203
2025-11-13 20:00:00,4916.206,4917.862,4898.673,4904.801
2025-11-13 21:00:00,4904.803,4905.58,4895.79,4904.49
2025-11-13 22:00:00,4904.492,4907.716,4896.293,4904.305
2025-11-13 23:00:00,4904.306,4921.053,4904.306,4921.053
2025-11-14 00:00:00,4921.06,4926.859,4920.189,4926.241
2025-11-14 01:00:00,4926.243,4935.834,4926.243,4934.469
2025-11-14 02:00:00,4934.471,4942.005,4926.665,4930.231
2025-11-14 03:00:00,4930.232,4935.308,4921.895,4924.045
2025-11-14 04:00:00,4924.049,4932.511,4923.889,4930.794
2025-11-14 05:00:00,4930.798,4936.565,4919.418,4936.565
2025-11-14 06:00:00,4936.567,4949.472,4936.106,4949.472
2025-11-14 07:00:00,4949.475,4950.628,4928.714,4931.671
2025-11-14 08:00:00,4931.68,4938.218,4917.206,4919.922
2025-11-14 09:00:00,4919.927,4921.898,4908.092,4921.898
2025-11-14 10:00:00,4921.902,4930.653,4921.902,4930.433
2025-11-14 11:00:00,4930.44,4933.602,4921.647,4926.958
2025-11-14 12:00:00,4926.965,4940.992,4926.17,4940.992
2025-11-14 13:00:00,4940.994,4954.177,4937.864,4938.182
2025-11-14 14:00:00,4938.185,4951.417,4938.185,4946.911
2025-11-14 15:00:00,4946.923,4953.14,4942.178,4953.14
2025-11-14 16:00:00,4953.144,4953.501,4934.847,4942.316
2025-11-14 17:00:00,4942.316,4950.074,4933.778,4933.969
2025-11-14 18:00:00,4933.971,4941.222,4932.532,4940.156
2025-11-14 19:00:00,4940.16,4947.895,4936.131,4947.895
2025-11-14 20:00:00,4947.902,4955.023,4941.133,4942.991
2025-11-14 21:00:00,4942.993,4949.623,4937.78,4949.623
2025-11-14 22:00:00,4949.631,4960.674,4949.339,4951.998
2025-11-14 23:00:00,4952.004,4957.653,4937.561,4938.476
2025-11-15 00:00:00,4938.479,4939.965,4921.713,4923.008
2025-11-15 01:00:00,4923.011,4930.849,4923.011,4930.849
2025-11-15 02:00:00,4930.851,4940.183,4926.111,4927.581
2025-11-15 03:00:00,4927.582,4932.891,4921.899,4931.682
2025-11-15 04:00:00,4931.682,4938.392,4925.166,4927.12
2025-11-15 05:00:00,4927.129,4931.4,4920.282,4929.132
2025-11-15 06:00:00,4929.148,4935.221,4926.221,4928.722
2025-11-15 07:00:00,4928.722,4936.257,4914.334,4922.749
2025-11-15 08:00:00,4922.755,4924.161,4912.402,4922.255
2025-11-15 09:00:00,4922.255,4928.21,4904.075,4905.895
2025-11-15 10:00:00,4905.899,4915.032,4905.42,4907.102
2025-11-15 11:00:00,4907.109,4912.504,4902.863,4904.505
2025-11-15 12:00:00,4904.51,4911.103,4897.243,4911.103
2025-11-15 13:00:00,4911.106,4918.275,4890.655,4897.342
2025-11-15 14:00:00,4897.346,4903.429,4894.301,4900.708
2025-11-15 15:00:00,4900.712,4918.196,4900.712,4918.196
2025-11-15 16:00:00,4918.198,4931.5,4918.077,4931.5
2025-11-15 17:00:00,4931.501,4936.372,4926.825,4931.619
2025-11-15 18:00:00,4931.627,4932.509,4902.236,4905.664
2025-11-15 19:00:00,4905.671,4907.11,4895.115,4907.11
2025-11-15 20:00:00,4907.116,4909.254,4890.485,4892.057
2025-11-15 21:00:00,4892.066,4907.484,4892.066,4905.153
2025-11-15 22:00:00,4905.158,4908.452,4894.433,4899.439
2025-11-15 23:00:00,4899.446,4907.502,4895.867,4901.878
2025-11-16 00:00:00,4901.887,4919.69,4901.887,4919.69
2025-11-16 01:00:00,4919.696,4924.444,4909.64,4911.802
2025-11-16 02:00:00,4911.807,4917.801,4904.872,4907.505
2025-11-16 03:00:00,4907.508,4911.728,4900.93,4907.79
2025-11-16 04:00:00,4907.799,4917.217,4904.663,4908.889
2025-11-16 05:00:00,4908.89,4909.743,4886.518,4889.13
2025-11-16 06:00:00,4889.137,4904.527,4889.137,4904.527
2025-11-16 07:00:00,4904.536,4914.308,4904.359,4904.89
2025-11-16 08:00:00,4904.894,4906.684,4895.278,4901.431
2025-11-16 09:00:00,4901.432,4914.308,4901.432,4906.785
2025-11-16 10:00:00,4906.799,4915.086,4898.241,4915.086
2025-11-16 11:00:00,4915.094,4928.283,4914.482,4919.903
2025-11-16 12:00:00,4919.906,4928.244,4917.941,4922.498
2025-11-16 13:00:00,4922.501,4922.911,4908.167,4922.911
2025-11-16 14:00:00,4922.912,4926.0,4909.438,4918.862
2025-11-16 15:00:00,4918.866,4935.435,4918.866,4933.942
2025-11-16 16:00:00,4933.949,4946.828,4933.949,4946.828
2025-11-16 17:00:00,4946.83,4953.607,4942.217,4953.607
2025-11-16 18:00:00,4953.607,4954.357,4936.857,4946.915
2025-11-16 19:00:00,4946.923,4953.904,4944.479,4950.002
2025-11-16 20:00:00,4950.015,4955.949,4946.915,4953.836
2025-11-16 21:00:00,4953.842,4964.552,4953.267,4964.058
2025-11-16 22:00:00,4964.064,4977.678,4964.064,4972.663
2025-11-16 23:00:00,4972.669,4978.157,4970.716,4974.639
2025-11-17 00:00:00,4974.644,4978.462,4968.226,4976.457
2025-11-17 01:00:00,4976.462,4981.333,4968.415,4977.33
2025-11-17 02:00:00,4977.335,4987.137,4977.335,4984.029
2025-11-17 03:00:00,4984.029,4992.044,4983.336,4988.742
2025-11-17 04:00:00,4988.746,4992.142,4977.08,4977.251
2025-11-17 05:00:00,4977.256,4982.142,4969.1,4982.142
2025-11-17 06:00:00,4982.144,4985.752,4958.074,4960.108
2025-11-17 07:00:00,4960.12,4970.006,4945.733,4945.88
2025-11-17 08:00:00,4945.886,4946.53,4910.916,4911.138
2025-11-17 09:00:00,4911.145,4925.286,4908.694,4912.05
2025-11-17 10:00:00,4912.054,4915.794,4895.642,4897.322
2025-11-17 11:00:00,4897.331,4900.722,4881.199,4881.697
2025-11-17 12:00:00,4881.704,4892.68,4881.704,4890.696
2025-11-17 13:00:00,4890.7,4894.504,4879.359,4894.504
2025-11-17 14:00:00,4894.514,4902.731,4894.155,4897.526
2025-11-17 15:00:00,4897.529,4910.043,4897.529,4910.043
2025-11-17 16:00:00,4910.044,4917.57,4908.632,4910.286
2025-11-17 17:00:00,4910.291,4918.472,4907.672,4912.239
2025-11-17 18:00:00,4912.24,4926.859,4912.24,4921.138
2025-11-17 19:00:00,4921.14,4921.449,4895.38,4896.891
2025-11-17 20:00:00,4896.892,4906.997,4882.517,4883.955
2025-11-17 21:00:00,4883.957,4886.295,4873.135,4873.759
2025-11-17 22:00:00,4873.76,4880.364,4854.359,4858.857
2025-11-17 23:00:00,4858.863,4865.891,4854.99,4861.616
2025-11-18 00:00:00,4861.619,4873.642,4861.619,4867.161
2025-11-18 01:00:00,4867.169,4868.702,4853.794,4856.936
2025-11-18 02:00:00,4856.94,4871.015,4856.94,4869.725
2025-11-18 03:00:00,4869.727,4870.605,4847.66,4849.724
2025-11-18 04:00:00,4849.731,4859.784,4849.731,4858.294
2025-11-18 05:00:00,4858.302,4874.585,4858.302,4874.585
2025-11-18 06:00:00,4874.588,4890.692,4874.588,4882.178
2025-11-18 07:00:00,4882.178,4882.693,4865.892,4879.785
2025-11-18 08:00:00,4879.792,4883.83,4874.319,4878.128
2025-11-18 09:00:00,4878.132,4883.221,4867.439,4874.565
2025-11-18 10:00:00,4874.574,4889.195,4874.574,4879.643
2025-11-18 11:00:00,4879.647,4884.568,4873.952,4878.248
2025-11-18 12:00:00,4878.252,4895.679,4878.252,4895.679
2025-11-18 13:00:00,4895.683,4909.76,4895.129,4897.117
2025-11-18 14:00:00,4897.121,4902.379,4883.092,4892.007
2025-11-18 15:00:00,4892.017,4903.668,4887.911,4903.668
2025-11-18 16:00:00,4903.676,4904.988,4882.08,4887.085
2025-11-18 17:00:00,4887.088,4892.962,4882.32,4884.399
2025-11-18 18:00:00,4884.401,4885.927,4872.712,4880.018
2025-11-18 19:00:00,4880.023,4880.995,4852.8,4858.873
2025-11-18 20:00:00,4858.875,4859.941,4848.841,4854.993
2025-11-18 21:00:00,4854.999,4857.148,4844.403,4851.295
2025-11-18 22:00:00,4851.299,4859.31,4850.687,4853.621
2025-11-18 23:00:00,4853.628,4859.681,4849.465,4859.249
2025-11-19 00:00:00,4859.252,4860.776,4851.238,4853.898
2025-11-19 01:00:00,4853.9,4869.116,4853.9,4868.611
2025-11-19 02:00:00,4868.618,4870.171,4854.363,4856.803
2025-11-19 03:00:00,4856.809,4868.016,4856.047,4857.965
2025-11-19 04:00:00,4857.972,4863.638,4842.806,4846.067
2025-11-19 05:00:00,4846.073,4854.828,4841.817,4854.828
2025-11-19 06:00:00,4854.835,4856.303,4847.482,4849.749
2025-11-19 07:00:00,4849.753,4856.076,4842.585,4846.719
2025-11-19 08:00:00,4846.726,4861.331,4846.726,4861.331
2025-11-19 09:00:00,4861.335,4863.558,4849.23,4853.698
2025-11-19 10:00:00,4853.702,4854.208,4834.872,4836.532
2025-11-19 11:00:00,4836.544,4842.709,4833.456,4840.34
2025-11-19 12:00:00,4840.348,4854.187,4840.348,4849.259
2025-11-19 13:00:00,4849.265,4858.358,4837.859,4838.088
2025-11-19 14:00:00,4838.092,4838.668,4813.077,4820.342
2025-11-19 15:00:00,4820.351,4820.663,4806.57,4814.333
2025-11-19 16:00:00,4814.339,4825.609,4810.335,4823.84
2025-11-19 17:00:00,4823.845,4839.438,4823.845,4832.259
2025-11-19 18:00:00,4832.269,4841.915,4832.269,4840.894
2025-11-19 19:00:00,4840.897,4845.374,4835.491,4841.789
2025-11-19 20:00:00,4841.792,4857.076,4841.792,4845.41
2025-11-19 21:00:00,4845.414,4855.872,4842.573,4854.831
2025-11-19 22:00:00,4854.835,4862.633,4854.661,4859.565
2025-11-19 23:00:00,4859.567,4873.111,4859.567,4873.111
2025-11-20 00:00:00,4873.119,4884.718,4873.119,4880.048
2025-11-20 01:00:00,4880.05,4896.432,4879.14,4894.154
2025-11-20 02:00:00,4894.156,4897.382,4885.078,4891.049
2025-11-20 03:00:00,4891.057,4894.786,4876.648,4880.219
2025-11-20 04:00:00,4880.221,4896.051,4880.221,4887.622
2025-11-20 05:00:00,4887.629,4892.723,4868.769,4870.264
2025-11-20 06:00:00,4870.264,4879.31,4867.705,4879.31
2025-11-20 07:00:00,4879.317,4889.855,4877.415,4889.855
2025-11-20 08:00:00,4889.868,4894.381,4870.132,4872.084
2025-11-20 09:00:00,4872.091,4876.491,4859.833,4864.55
2025-11-20 10:00:00,4864.551,4870.828,4858.052,4863.7
2025-11-20 11:00:00,4863.71,4875.027,4861.219,4867.558
2025-11-20 12:00:00,4867.562,4869.603,4854.9,4864.99
2025-11-20 13:00:00,4864.992,4869.465,4860.866,4868.523
2025-11-20 14:00:00,4868.524,4876.171,4867.678,4872.032
2025-11-20 15:00:00,4872.042,4887.218,4872.042,4885.619
2025-11-20 16:00:00,4885.626,4888.874,4860.599,4862.876
2025-11-20 17:00:00,4862.88,4868.645,4861.816,4868.645
2025-11-20 18:00:00,4868.649,4869.499,4852.168,4852.196
2025-11-20 19:00:00,4852.201,4858.223,4828.594,4833.864
2025-11-20 20:00:00,4833.871,4834.794,4820.437,4824.008
2025-11-20 21:00:00,4824.018,4833.584,4822.787,4823.8
2025-11-20 22:00:00,4823.803,4829.359,4814.194,4814.27
2025-11-20 23:00:00,4814.281,4824.102,4813.834,4820.406
2025-11-21 00:00:00,4820.412,4830.845,4818.688,4820.416
2025-11-21 01:00:00,4820.42,4831.62,4820.42,4831.329
2025-11-21 02:00:00,4831.329,4836.451,4822.557,4824.854
2025-11-21 03:00:00,4824.86,4833.956,4821.023,4821.34
2025-11-21 04:00:00,4821.35,4823.559,4798.255,4806.126
2025-11-21 05:00:00,4806.128,4816.147,4806.128,4814.636
2025-11-21 06:00:00,4814.637,4821.751,4807.165,4808.355
2025-11-21 07:00:00,4808.355,4823.716,4806.982,4814.819
2025-11-21 08:00:00,4814.827,4821.861,4807.491,4821.861
2025-11-21 09:00:00,4821.863,4831.809,4817.124,4831.809
2025-11-21 10:00:00,4831.813,4845.205,4831.813,4841.099
2025-11-21 11:00:00,4841.109,4842.446,4831.958,4838.614
2025-11-21 12:00:00,4838.625,4844.217,4827.769,4828.15
2025-11-21 13:00:00,4828.151,4829.637,4805.384,4810.414
2025-11-21 14:00:00,4810.415,4821.219,4809.259,4812.274
2025-11-21 15:00:00,4812.275,4823.132,4812.275,4822.412
2025-11-21 16:00:00,4822.415,4839.97,4822.415,4839.97
2025-11-21 17:00:00,4839.97,4842.697,4816.58,4820.825
2025-11-21 18:00:00,4820.826,4826.584,4814.012,4815.533
2025-11-21 19:00:00,4815.545,4824.028,4805.679,4807.35
2025-11-21 20:00:00,4807.36,4816.438,4806.378,4816.438
2025-11-21 21:00:00,4816.44,4830.943,4816.44,4821.641
2025-11-21 22:00:00,4821.645,4830.482,4821.427,4828.017
2025-11-21 23:00:00,4828.022,4832.825,4819.64,4828.22
2025-11-22 00:00:00,4828.225,4829.397,4811.457,4812.314
2025-11-22 01:00:00,4812.316,4818.256,4800.924,4803.725
2025-11-22 02:00:00,4803.727,4818.521,4803.727,4809.202
2025-11-22 03:00:00,4809.205,4812.708,4800.309,4803.324
2025-11-22 04:00:00,4803.328,4803.468,4763.783,4765.846
2025-11-22 05:00:00,4765.849,4766.037,4740.497,4744.781
2025-11-22 06:00:00,4744.789,4754.615,4744.789,4751.717
2025-11-22 07:00:00,4751.724,4754.721,4747.195,4750.616
2025-11-22 08:00:00,4750.623,4751.615,4737.26,4740.944
2025-11-22 09:00:00,4740.947,4746.396,4733.839,4738.282
2025-11-22 10:00:00,4738.29,4753.174,4738.29,4742.869
2025-11-22 11:00:00,4742.873,4747.048,4735.391,4740.681
2025-11-22 12:00:00,4740.684,4748.67,4740.684,4745.608
2025-11-22 13:00:00,4745.608,4752.996,4739.355,4752.883
2025-11-22 14:00:00,4752.893,4760.732,4752.893,4753.646
2025-11-22 15:00:00,4753.656,4754.138,4744.007,4754.078
2025-11-22 16:00:00,4754.079,4754.405,4739.297,4743.326
2025-11-22 17:00:00,4743.336,4746.406,4736.88,4745.73
2025-11-22 18:00:00,4745.74,4751.41,4725.658,4731.74
2025-11-22 19:00:00,4731.742,4735.056,4724.326,4735.056
2025-11-22 20:00:00,4735.066,4739.966,4728.636,4732.27
2025-11-22 21:00:00,4732.272,4736.499,4722.151,4725.511
2025-11-22 22:00:00,4725.517,4729.872,4709.143,4716.192
2025-11-22 23:00:00,4716.193,4729.638,4713.692,4714.147
2025-11-23 00:00:00,4714.15,4715.617,4696.059,4701.773
2025-11-23 01:00:00,4701.778,4703.552,4694.671,4703.552
2025-11-23 02:00:00,4703.561,4707.118,4696.286,4707.118
2025-11-23 03:00:00,4707.119,4718.186,4704.547,4718.186
2025-11-23 04:00:00,4718.189,4728.943,4718.189,4725.789
2025-11-23 05:00:00,4725.791,4730.694,4716.3,4725.876
2025-11-23 06:00:00,4725.876,4725.93,4714.045,4716.456
2025-11-23 07:00:00,4716.457,4721.349,4704.494,4712.854
2025-11-23 08:00:00,4712.859,4724.316,4712.859,4717.596
2025-11-23 09:00:00,4717.601,4724.436,4702.772,4710.228
2025-11-23 10:00:00,4710.228,4721.957,4710.186,4720.559
2025-11-23 11:00:00,4720.561,4725.545,4707.318,4708.083
2025-11-23 12:00:00,4708.089,4711.373,4700.182,4703.484
2025-11-23 13:00:00,4703.488,4709.901,4700.652,4705.841
2025-11-23 14:00:00,4705.844,4709.564,4697.79,4699.597
2025-11-23 15:00:00,4699.6,4705.678,4686.439,4693.512
2025-11-23 16:00:00,4693.512,4708.375,4692.557,4708.375
2025-11-23 17:00:00,4708.375,4716.61,4707.339,4709.456
2025-11-23 18:00:00,4709.463,4709.835,4678.465,4678.481
2025-11-23 19:00:00,4678.481,4685.864,4663.824,4665.26
2025-11-23 20:00:00,4665.265,4670.368,4649.29,4651.754
2025-11-23 21:00:00,4651.757,4653.763,4632.914,4642.272
2025-11-23 22:00:00,4642.272,4650.512,4640.25,4640.719
2025-11-23 23:00:00,4640.719,4641.113,4619.595,4622.298
2025-11-24 00:00:00,4622.298,4624.752,4609.959,4613.654
2025-11-24 01:00:00,4613.655,4618.738,4599.399,4605.307
2025-11-24 02:00:00,4605.31,4615.024,4602.555,4615.024
2025-11-24 03:00:00,4615.028,4622.343,4611.494,4611.958
2025-11-24 04:00:00,4611.962,4624.719,4611.0,4611.971
2025-11-24 05:00:00,4611.971,4621.557,4611.971,4615.617
2025-11-24 06:00:00,4615.622,4617.212,4605.051,4605.458
2025-11-24 07:00:00,4605.464,4619.143,4605.464,4619.143
2025-11-24 08:00:00,4619.152,4621.891,4595.32,4604.671
2025-11-24 09:00:00,4604.675,4614.757,4601.098,4614.662
2025-11-24 10:00:00,4614.67,4625.815,4612.73,4617.379
2025-11-24 11:00:00,4617.384,4630.638,4617.384,4630.638
2025-11-24 12:00:00,4630.639,4631.157,4616.823,4624.629
2025-11-24 13:00:00,4624.633,4626.559,4615.387,4618.226
2025-11-24 14:00:00,4618.233,4619.06,4594.474,4601.862
2025-11-24 15:00:00,4601.863,4602.828,4572.138,4572.335
2025-11-24 16:00:00,4572.34,4574.656,4558.275,4564.943
2025-11-24 17:00:00,4564.944,4575.745,4561.473,4566.883
2025-11-24 18:00:00,4566.886,4573.825,4565.32,4568.544
2025-11-24 19:00:00,4568.545,4568.73,4553.999,4558.996
2025-11-24 20:00:00,4559.003,4569.163,4558.248,4569.163
2025-11-24 21:00:00,4569.17,4582.465,4569.17,4579.524
2025-11-24 22:00:00,4579.534,4585.243,4572.163,4583.206
2025-11-24 23:00:00,4583.208,4589.125,4579.034,4581.063
2025-11-25 00:00:00,4581.069,4583.526,4557.264,4559.764
2025-11-25 01:00:00,4559.766,4575.416,4555.766,4555.869
2025-11-25 02:00:00,4555.874,4561.159,4552.031,4560.11
2025-11-25 03:00:00,4560.114,4569.769,4560.114,4569.769
2025-11-25 04:00:00,4569.773,4573.784,4562.873,4567.185
2025-11-25 05:00:00,4567.189,4573.57,4556.24,4558.489
2025-11-25 06:00:00,4558.491,4562.534,4554.341,4555.997
2025-11-25 07:00:00,4556.003,4566.377,4551.411,4564.935
2025-11-25 08:00:00,4564.936,4573.529,4564.334,4565.768
2025-11-25 09:00:00,4565.774,4566.105,4549.854,4560.904
2025-11-25 10:00:00,4560.909,4573.639,4560.909,4573.639
2025-11-25 11:00:00,4573.645,4576.165,4549.074,4550.054
2025-11-25 12:00:00,4550.055,4556.209,4532.724,4534.468
2025-11-25 13:00:00,4534.47,4540.476,4520.864,4523.158
2025-11-25 14:00:00,4523.171,4523.208,4507.975,4514.545
2025-11-25 15:00:00,4514.546,4521.444,4511.607,4519.399
2025-11-25 16:00:00,4519.411,4529.389,4519.411,4529.103
2025-11-25 17:00:00,4529.103,4532.454,4525.879,4527.523
2025-11-25 18:00:00,4527.525,4535.405,4523.56,4535.405
2025-11-25 19:00:00,4535.408,4545.402,4533.447,4533.953
2025-11-25 20:00:00,4533.958,4548.546,4533.958,4548.546
2025-11-25 21:00:00,4548.549,4564.808,4548.549,4564.808
2025-11-25 22:00:00,4564.811,4571.311,4560.228,4562.329
2025-11-25 23:00:00,4562.336,4568.842,4554.009,4558.46
2025-11-26 00:00:00,4558.464,4566.509,4558.464,4564.204
2025-11-26 01:00:00,4564.214,4570.735,4563.768,4566.343
2025-11-26 02:00:00,4566.344,4578.807,4566.344,4578.807
2025-11-26 03:00:00,4578.816,4589.726,4578.041,4586.035
2025-11-26 04:00:00,4586.044,4602.487,4586.044,4602.487
2025-11-26 05:00:00,4602.496,4607.129,4596.403,4596.955
2025-11-26 06:00:00,4596.96,4598.998,4576.264,4576.685
2025-11-26 07:00:00,4576.69,4584.446,4575.496,4578.438
2025-11-26 08:00:00,4578.441,4589.572,4575.221,4589.572
2025-11-26 09:00:00,4589.578,4595.843,4585.17,4595.495
2025-11-26 10:00:00,4595.5,4599.798,4586.751,4588.195
2025-11-26 11:00:00,4588.195,4604.147,4588.195,4604.147
2025-11-26 12:00:00,4604.15,4615.055,4604.15,4615.055
2025-11-26 13:00:00,4615.056,4622.044,4598.386,4604.653
2025-11-26 14:00:00,4604.661,4614.199,4604.661,4607.823
2025-11-26 15:00:00,4607.824,4614.182,4606.17,4611.612
2025-11-26 16:00:00,4611.613,4620.706,4608.17,4612.653
2025-11-26 17:00:00,4612.659,4613.256,4596.545,4601.004
2025-11-26 18:00:00,4601.005,4603.99,4595.103,4603.99
2025-11-26 19:00:00,4603.996,4608.483,4587.486,4589.205
2025-11-26 20:00:00,4589.209,4598.165,4588.385,4598.165
2025-11-26 21:00:00,4598.168,4603.448,4581.899,4582.785
2025-11-26 22:00:00,4582.788,4595.249,4582.788,4592.583
2025-11-26 23:00:00,4592.589,4599.373,4582.479,4584.84
2025-11-27 00:00:00,4584.842,4592.083,4579.594,4579.642
2025-11-27 01:00:00,4579.655,4584.118,4574.153,4582.456
2025-11-27 02:00:00,4582.456,4595.223,4582.456,4589.895
2025-11-27 03:00:00,4589.895,4595.26,4582.965,4583.597
2025-11-27 04:00:00,4583.597,4590.871,4569.681,4573.513
2025-11-27 05:00:00,4573.514,4584.631,4573.514,4584.631
2025-11-27 06:00:00,4584.636,4600.127,4584.636,4600.127
2025-11-27 07:00:00,4600.13,4615.832,4600.13,4615.832
2025-11-27 08:00:00,4615.837,4620.807,4611.339,4618.519
2025-11-27 09:00:00,4618.528,4624.703,4617.236,4624.703
2025-11-27 10:00:00,4624.706,4641.595,4624.706,4641.595
2025-11-27 11:00:00,4641.603,4646.232,4632.319,4646.232
2025-11-27 12:00:00,4646.238,4653.874,4646.238,4653.5
2025-11-27 13:00:00,4653.503,4668.65,4653.503,4668.65
2025-11-27 14:00:00,4668.653,4673.312,4660.875,4665.463
2025-11-27 15:00:00,4665.465,4671.225,4662.667,4664.379
2025-11-27 16:00:00,4664.391,4672.819,4664.391,4672.819
2025-11-27 17:00:00,4672.824,4679.068,4670.803,4679.068
2025-11-27 18:00:00,4679.07,4685.274,4678.553,4685.084
2025-11-27 19:00:00,4685.09,4688.045,4674.738,4681.922
2025-11-27 20:00:00,4681.929,4686.272,4676.91,4686.272
2025-11-27 21:00:00,4686.285,4694.503,4684.452,4690.729
2025-11-27 22:00:00,4690.731,4704.879,4689.494,4704.879
2025-11-27 23:00:00,4704.884,4713.171,4704.884,4712.27
2025-11-28 00:00:00,4712.273,4719.124,4698.159,4699.027
2025-11-28 01:00:00,4699.028,4706.607,4697.322,4701.031
2025-11-28 02:00:00,4701.041,4708.903,4698.58,4703.841
2025-11-28 03:00:00,4703.842,4707.716,4696.811,4700.951
2025-11-28 04:00:00,4700.952,4706.792,4695.801,4706.792
2025-11-28 05:00:00,4706.793,4718.317,4706.793,4714.481
2025-11-28 06:00:00,4714.485,4726.484,4714.485,4724.684
2025-11-28 07:00:00,4724.689,4735.777,4715.59,4717.333
2025-11-28 08:00:00,4717.339,4726.142,4716.15,4719.069
2025-11-28 09:00:00,4719.074,4728.172,4716.08,4726.013
2025-11-28 10:00:00,4726.02,4731.515,4706.632,4708.421
2025-11-28 11:00:00,4708.427,4716.456,4707.814,4714.05
2025-11-28 12:00:00,4714.054,4715.789,4682.034,4684.804
2025-11-28 13:00:00,4684.806,4686.632,4675.989,4683.628
2025-11-28 14:00:00,4683.634,4690.283,4676.193,4690.283
2025-11-28 15:00:00,4690.287,4698.795,4689.956,4693.136
2025-11-28 16:00:00,4693.138,4709.514,4693.138,4709.514
2025-11-28 17:00:00,4709.521,4716.938,4701.86,4702.053
2025-11-28 18:00:00,4702.061,4703.453,4678.064,4678.796
2025-11-28 19:00:00,4678.805,4687.314,4677.104,4687.314
2025-11-28 20:00:00,4687.318,4696.859,4682.872,4696.859
2025-11-28 21:00:00,4696.867,4711.755,4696.867,4711.755
2025-11-28 22:00:00,4711.761,4719.858,4702.248,4710.09
2025-11-28 23:00:00,4710.097,4711.202,4691.949,4699.907
2025-11-29 00:00:00,4699.914,4708.875,4699.914,4705.867
2025-11-29 01:00:00,4705.874,4708.079,4698.31,4705.933
2025-11-29 02:00:00,4705.938,4722.413,4705.938,4717.281
2025-11-29 03:00:00,4717.283,4730.478,4717.283,4730.478
2025-11-29 04:00:00,4730.482,4740.767,4726.553,4728.345
2025-11-29 05:00:00,4728.346,4732.773,4721.18,4731.608
2025-11-29 06:00:00,4731.609,4733.527,4718.579,4728.197
2025-11-29 07:00:00,4728.202,4728.528,4710.992,4712.21
2025-11-29 08:00:00,4712.215,4729.06,4712.215,4729.06
2025-11-29 09:00:00,4729.06,4731.903,4717.883,4730.177
2025-11-29 10:00:00,4730.178,4740.081,4726.888,4738.087
2025-11-29 11:00:00,4738.099,4740.85,4730.832,4740.85
2025-11-29 12:00:00,4740.853,4741.211,4719.36,4725.815
2025-11-29 13:00:00,4725.822,4729.733,4717.444,4717.805
2025-11-29 14:00:00,4717.812,4720.863,4702.031,4710.924
2025-11-29 15:00:00,4710.93,4727.655,4710.93,4726.403
2025-11-29 16:00:00,4726.406,4731.791,4719.318,4721.983
2025-11-29 17:00:00,4721.989,4732.91,4718.081,4732.91
2025-11-29 18:00:00,4732.913,4734.69,4720.306,4731.454
2025-11-29 19:00:00,4731.455,4741.337,4726.976,4731.058
2025-11-29 20:00:00,4731.066,4735.383,4722.61,4726.753
2025-11-29 21:00:00,4726.76,4731.987,4710.628,4712.935
2025-11-29 22:00:00,4712.936,4716.822,4707.282,4716.822
2025-11-29 23:00:00,4716.831,4728.09,4716.632,4718.369
2025-11-30 00:00:00,4718.372,4719.781,4701.883,4708.587
2025-11-30 01:00:00,4708.588,4710.641,4697.547,4709.951
2025-11-30 02:00:00,4709.953,4718.986,4704.642,4705.621
2025-11-30 03:00:00,4705.621,4708.275,4700.626,4706.175
2025-11-30 04:00:00,4706.175,4711.827,4686.257,4689.933
2025-11-30 05:00:00,4689.938,4703.537,4689.938,4701.82
2025-11-30 06:00:00,4701.834,4706.514,4689.46,4692.247
2025-11-30 07:00:00,4692.247,4700.536,4692.247,4700.536
2025-11-30 08:00:00,4700.546,4704.369,4695.359,4695.98
2025-11-30 09:00:00,4695.981,4696.868,4674.008,4683.053
2025-11-30 10:00:00,4683.054,4700.318,4683.054,4700.318
2025-11-30 11:00:00,4700.329,4711.531,4700.329,4710.934
2025-11-30 12:00:00,4710.936,4724.409,4710.936,4720.9
2025-11-30 13:00:00,4720.901,4732.73,4720.689,4732.53
2025-11-30 14:00:00,4732.535,4739.438,4731.045,4739.438
2025-11-30 15:00:00,4739.447,4749.273,4736.473,4738.726
2025-11-30 16:00:00,4738.733,4738.973,4722.76,4725.984
2025-11-30 17:00:00,4725.994,4728.515,4700.553,4707.247
2025-11-30 18:00:00,4707.252,4715.149,4707.252,4714.546
2025-11-30 19:00:00,4714.552,4714.852,4684.23,4693.46
2025-11-30 20:00:00,4693.461,4700.252,4689.088,4700.252
2025-11-30 21:00:00,4700.252,4705.598,4696.21,4702.267
2025-11-30 22:00:00,4702.274,4702.589,4690.463,4697.561
2025-11-30 23:00:00,4697.562,4698.371,4670.738,4674.738
2025-12-01 00:00:00,4674.74,4680.372,4670.997,4678.989
2025-12-01 01:00:00,4678.993,4690.596,4678.993,4689.841
2025-12-01 02:00:00,4689.846,4700.606,4688.013,4700.606
2025-12-01 03:00:00,4700.61,4710.316,4680.892,4683.462
2025-12-01 04:00:00,4683.463,4684.786,4649.542,4649.844
2025-12-01 05:00:00,4649.853,4659.305,4649.853,4652.774
2025-12-01 06:00:00,4652.781,4655.147,4641.434,4646.615
2025-12-01 07:00:00,4646.619,4658.927,4646.619,4658.927
2025-12-01 08:00:00,4658.928,4666.772,4657.046,4660.284
2025-12-01 09:00:00,4660.287,4671.087,4660.287,4665.021
2025-12-01 10:00:00,4665.027,4669.966,4655.575,4669.966
2025-12-01 11:00:00,4669.969,4672.711,4655.002,4662.239
2025-12-01 12:00:00,4662.243,4675.891,4662.243,4667.973
2025-12-01 13:00:00,4667.974,4672.678,4661.159,4667.487
2025-12-01 14:00:00,4667.487,4677.344,4666.097,4667.245
2025-12-01 15:00:00,4667.253,4669.712,4639.159,4641.535
2025-12-01 16:00:00,4641.536,4649.23,4632.159,4633.372
2025-12-01 17:00:00,4633.378,4633.448,4604.951,4608.541
2025-12-01 18:00:00,4608.548,4616.106,4602.279,4605.393
2025-12-01 19:00:00,4605.4,4613.104,4603.699,4605.951
2025-12-01 20:00:00,4605.961,4613.209,4604.419,4613.209
2025-12-01 21:00:00,4613.212,4625.597,4613.212,4624.22
2025-12-01 22:00:00,4624.221,4629.639,4620.0,4629.639
2025-12-01 23:00:00,4629.642,4630.873,4618.911,4630.202
2025-12-02 00:00:00,4630.214,4638.782,4623.986,4632.164
2025-12-02 01:00:00,4632.173,4646.484,4632.173,4646.484
2025-12-02 02:00:00,4646.484,4658.845,4646.484,4658.845
2025-12-02 03:00:00,4658.85,4665.16,4650.679,4665.16
2025-12-02 04:00:00,4665.165,4678.015,4665.165,4673.941
2025-12-02 05:00:00,4673.944,4679.293,4665.06,4670.433
2025-12-02 06:00:00,4670.434,4674.61,4664.468,4672.351
2025-12-02 07:00:00,4672.352,4676.886,4664.945,4671.86
2025-12-02 08:00:00,4671.869,4675.096,4669.432,4672.88
2025-12-02 09:00:00,4672.887,4680.522,4671.412,4680.522
2025-12-02 10:00:00,4680.522,4695.141,4680.522,4692.145
2025-12-02 11:00:00,4692.156,4696.356,4677.021,4684.944
2025-12-02 12:00:00,4684.949,4692.372,4684.52,4690.186
2025-12-02 13:00:00,4690.199,4699.766,4689.487,4699.766
2025-12-02 14:00:00,4699.777,4702.273,4690.928,4702.273
2025-12-02 15:00:00,4702.275,4709.134,4692.495,4694.08
2025-12-02 16:00:00,4694.087,4699.912,4690.791,4694.005
2025-12-02 17:00:00,4694.01,4702.332,4690.861,4691.395
2025-12-02 18:00:00,4691.401,4708.231,4691.401,4708.231
2025-12-02 19:00:00,4708.242,4708.719,4697.954,4703.178
2025-12-02 20:00:00,4703.188,4713.58,4699.123,4700.135
2025-12-02 21:00:00,4700.137,4705.392,4695.715,4705.392
2025-12-02 22:00:00,4705.396,4706.297,4690.019,4695.174
2025-12-02 23:00:00,4695.178,4695.465,4671.255,4680.32
2025-12-03 00:00:00,4680.325,4681.779,4657.825,4659.616
2025-12-03 01:00:00,4659.616,4668.349,4639.515,4639.537
2025-12-03 02:00:00,4639.54,4643.45,4627.931,4634.437
2025-12-03 03:00:00,4634.443,4636.696,4627.83,4632.066
2025-12-03 04:00:00,4632.071,4634.74,4609.224,4618.714
2025-12-03 05:00:00,4618.719,4619.749,4603.94,4606.912
2025-12-03 06:00:00,4606.917,4611.334,4603.087,4611.334
2025-12-03 07:00:00,4611.338,4619.406,4610.169,4617.494
2025-12-03 08:00:00,4617.498,4619.866,4608.387,4617.497
2025-12-03 09:00:00,4617.498,4622.457,4602.746,4607.797
2025-12-03 10:00:00,4607.8,4623.485,4607.8,4620.83
2025-12-03 11:00:00,4620.838,4625.417,4611.134,4611.169
2025-12-03 12:00:00,4611.176,4626.863,4611.176,4623.968
2025-12-03 13:00:00,4623.973,4626.212,4606.065,4612.622
2025-12-03 14:00:00,4612.622,4615.26,4600.577,4602.669
2025-12-03 15:00:00,4602.676,4613.677,4597.418,4613.677
2025-12-03 16:00:00,4613.684,4620.595,4605.02,4611.263
2025-12-03 17:00:00,4611.264,4613.327,4577.325,4578.655
2025-12-03 18:00:00,4578.656,4590.704,4578.656,4590.704
2025-12-03 19:00:00,4590.709,4596.357,4587.186,4596.357
2025-12-03 20:00:00,4596.367,4601.963,4589.34,4593.382
2025-12-03 21:00:00,4593.391,4609.649,4593.391,4609.649
2025-12-03 22:00:00,4609.655,4622.421,4609.655,4622.421
2025-12-03 23:00:00,4622.429,4622.952,4607.254,4608.226
2025-12-04 00:00:00,4608.231,4620.201,4608.231,4619.888
2025-12-04 01:00:00,4619.891,4624.953,4616.131,4622.877
2025-12-04 02:00:00,4622.885,4627.264,4614.834,4614.974
2025-12-04 03:00:00,4614.978,4621.779,4606.199,4606.262
2025-12-04 04:00:00,4606.262,4606.73,4581.768,4583.014
2025-12-04 05:00:00,4583.023,4589.569,4568.508,4568.821
2025-12-04 06:00:00,4568.824,4572.558,4563.421,4571.203
2025-12-04 07:00:00,4571.205,4571.52,4548.383,4551.333
2025-12-04 08:00:00,4551.338,4562.358,4547.286,4562.358
2025-12-04 09:00:00,4562.358,4574.468,4562.358,4570.79
2025-12-04 10:00:00,4570.791,4582.598,4570.491,4574.886
2025-12-04 11:00:00,4574.889,4582.932,4574.578,4582.932
2025-12-04 12:00:00,4582.938,4593.613,4582.938,4587.954
2025-12-04 13:00:00,4587.961,4601.554,4587.961,4593.152
2025-12-04 14:00:00,4593.154,4596.318,4567.016,4567.968
2025-12-04 15:00:00,4567.98,4573.744,4561.797,4569.852
2025-12-04 16:00:00,4569.854,4573.369,4545.398,4551.77
2025-12-04 17:00:00,4551.773,4555.925,4538.543,4539.921
2025-12-04 18:00:00,4539.928,4545.656,4528.808,4531.808
2025-12-04 19:00:00,4531.816,4532.931,4513.054,4520.225
2025-12-04 20:00:00,4520.225,4522.422,4490.244,4493.977
2025-12-04 21:00:00,4493.981,4510.167,4493.981,4510.167
2025-12-04 22:00:00,4510.168,4519.898,4507.364,4519.898
2025-12-04 23:00:00,4519.9,4520.326,4509.069,4510.76
2025-12-05 00:00:00,4510.768,4516.214,4507.508,4510.0
2025-12-05 01:00:00,4510.005,4523.532,4510.005,4518.468
2025-12-05 02:00:00,4518.483,4531.555,4518.483,4529.867
2025-12-05 03:00:00,4529.869,4545.23,4529.869,4543.826
2025-12-05 04:00:00,4543.828,4544.59,4527.55,4528.496
2025-12-05 05:00:00,4528.5,4542.318,4528.5,4542.318
2025-12-05 06:00:00,4542.325,4551.134,4528.438,4529.304
2025-12-05 07:00:00,4529.311,4531.132,4519.874,4531.132
2025-12-05 08:00:00,4531.136,4537.911,4526.843,4529.016
2025-12-05 09:00:00,4529.018,4536.845,4526.279,4536.845
2025-12-05 10:00:00,4536.858,4539.403,4527.863,4537.023
2025-12-05 11:00:00,4537.027,4549.216,4537.027,4547.444
2025-12-05 12:00:00,4547.451,4553.946,4541.944,4545.758
2025-12-05 13:00:00,4545.76,4551.019,4537.118,4547.759
2025-12-05 14:00:00,4547.76,4562.946,4547.76,4559.466
2025-12-05 15:00:00,4559.476,4573.905,4559.476,4570.268
2025-12-05 16:00:00,4570.269,4584.857,4568.697,4584.857
2025-12-05 17:00:00,4584.865,4594.472,4584.24,4586.421
2025-12-05 18:00:00,4586.424,4597.852,4586.424,4594.511
2025-12-05 19:00:00,4594.517,4597.368,4577.452,4579.54
2025-12-05 20:00:00,4579.542,4581.482,4567.837,4570.206
2025-12-05 21:00:00,4570.208,4575.389,4556.739,4564.247
2025-12-05 22:00:00,4564.257,4564.436,4547.875,4550.376
2025-12-05 23:00:00,4550.38,4553.345,4539.882,4553.345
2025-12-06 00:00:00,4553.346,4554.369,4538.954,4548.869
2025-12-06 01:00:00,4548.877,4550.205,4536.372,4538.375
2025-12-06 02:00:00,4538.378,4543.285,4532.887,4535.93
2025-12-06 03:00:00,4535.933,4539.76,4528.883,4535.252
2025-12-06 04:00:00,4535.256,4538.519,4526.909,4538.519
2025-12-06 05:00:00,4538.52,4547.157,4535.495,4535.683
2025-12-06 06:00:00,4535.686,4541.207,4530.722,4532.21
2025-12-06 07:00:00,4532.212,4539.68,4529.748,4539.68
2025-12-06 08:00:00,4539.692,4541.73,4535.501,4539.118
2025-12-06 09:00:00,4539.122,4549.032,4536.956,4548.601
2025-12-06 10:00:00,4548.603,4552.122,4541.733,4552.122
2025-12-06 11:00:00,4552.13,4561.119,4552.13,4561.119
2025-12-06 12:00:00,4561.122,4567.444,4553.921,4554.347
2025-12-06 13:00:00,4554.35,4555.305,4543.342,4551.439
2025-12-06 14:00:00,4551.443,4561.228,4551.069,4561.228
2025-12-06 15:00:00,4561.23,4577.009,4561.23,4577.009
2025-12-06 16:00:00,4577.015,4588.011,4577.015,4588.011
2025-12-06 17:00:00,4588.014,4588.13,4570.527,4573.749
2025-12-06 18:00:00,4573.755,4579.485,4568.777,4579.485
2025-12-06 19:00:00,4579.489,4586.827,4576.6,4579.333
2025-12-06 20:00:00,4579.338,4584.283,4574.981,4578.235
2025-12-06 21:00:00,4578.246,4587.075,4575.361,4587.075
2025-12-06 22:00:00,4587.078,4595.576,4580.934,4595.576
2025-12-06 23:00:00,4595.576,4610.605,4595.576,4604.664
2025-12-07 00:00:00,4604.669,4609.89,4591.912,4602.07
2025-12-07 01:00:00,4602.071,4605.66,4592.847,4604.509
2025-12-07 02:00:00,4604.513,4617.371,4604.513,4614.298
2025-12-07 03:00:00,4614.301,4621.559,4609.832,4621.559
2025-12-07 04:00:00,4621.566,4627.46,4616.912,4627.46
2025-12-07 05:00:00,4627.464,4632.011,4623.975,4630.514
2025-12-07 06:00:00,4630.514,4641.744,4629.684,4641.64
2025-12-07 07:00:00,4641.645,4656.468,4641.645,4656.468
2025-12-07 08:00:00,4656.476,4660.228,4631.051,4634.0
2025-12-07 09:00:00,4634.002,4634.505,4614.576,4627.828
2025-12-07 10:00:00,4627.831,4636.506,4627.831,4635.981
2025-12-07 11:00:00,4635.989,4645.404,4635.644,4640.528
2025-12-07 12:00:00,4640.529,4656.232,4640.529,4656.232
2025-12-07 13:00:00,4656.239,4666.688,4655.828,4666.688
2025-12-07 14:00:00,4666.699,4667.566,4644.705,4651.43
2025-12-07 15:00:00,4651.431,4660.712,4651.431,4659.799
2025-12-07 16:00:00,4659.806,4660.773,4645.573,4655.464
2025-12-07 17:00:00,4655.469,4660.053,4642.443,4643.388
2025-12-07 18:00:00,4643.389,4650.682,4640.614,4643.377
2025-12-07 19:00:00,4643.385,4643.895,4635.864,4641.676
2025-12-07 20:00:00,4641.68,4647.743,4634.575,4641.506
2025-12-07 21:00:00,4641.511,4644.144,4633.175,4640.986
2025-12-07 22:00:00,4640.99,4650.454,4640.99,4649.681
2025-12-07 23:00:00,4649.682,4651.443,4624.365,4624.631
2025-12-08 00:00:00,4624.635,4626.661,4600.396,4604.147
2025-12-08 01:00:00,4604.151,4614.607,4604.151,4614.607
2025-12-08 02:00:00,4614.618,4618.441,4612.15,4618.229
2025-12-08 03:00:00,4618.231,4620.278,4595.307,4599.582
2025-12-08 04:00:00,4599.583,4610.335,4599.583,4606.232
2025-12-08 05:00:00,4606.233,4608.683,4598.278,4602.719
2025-12-08 06:00:00,4602.725,4609.734,4596.709,4598.398
2025-12-08 07:00:00,4598.406,4609.873,4598.406,4599.912
2025-12-08 08:00:00,4599.913,4613.635,4598.282,4610.871
2025-12-08 09:00:00,4610.872,4616.288,4610.49,4616.288
2025-12-08 10:00:00,4616.294,4624.871,4612.203,4624.871
2025-12-08 11:00:00,4624.871,4636.335,4621.002,4636.335
2025-12-08 12:00:00,4636.337,4637.438,4628.099,4631.755
2025-12-08 13:00:00,4631.756,4640.979,4630.045,4640.979
2025-12-08 14:00:00,4640.98,4647.334,4626.031,4627.106
2025-12-08 15:00:00,4627.112,4633.012,4626.113,4633.012
2025-12-08 16:00:00,4633.019,4633.547,4626.377,4633.547
2025-12-08 17:00:00,4633.548,4637.065,4624.606,4625.54
2025-12-08 18:00:00,4625.541,4629.943,4617.469,4629.943
2025-12-08 19:00:00,4629.947,4633.895,4628.338,4630.933
2025-12-08 20:00:00,4630.934,4633.399,4610.053,4611.022
2025-12-08 21:00:00,4611.026,4611.966,4584.833,4588.871
2025-12-08 22:00:00,4588.872,4593.017,4586.011,4592.702
2025-12-08 23:00:00,4592.712,4605.231,4592.712,4598.041
2025-12-09 00:00:00,4598.049,4605.789,4595.206,4598.609
2025-12-09 01:00:00,4598.616,4607.65,4596.677,4601.231
2025-12-09 02:00:00,4601.232,4608.837,4588.823,4594.106
2025-12-09 03:00:00,4594.108,4599.489,4577.634,4578.867
2025-12-09 04:00:00,4578.868,4580.812,4571.297,4572.463
2025-12-09 05:00:00,4572.464,4587.221,4572.464,4577.718
2025-12-09 06:00:00,4577.729,4590.052,4577.719,4590.052
2025-12-09 07:00:00,4590.057,4593.958,4583.272,4593.0
2025-12-09 08:00:00,4593.001,4599.094,4583.057,4586.9
2025-12-09 09:00:00,4586.901,4594.002,4585.11,4594.002
2025-12-09 10:00:00,4594.008,4595.225,4577.904,4584.361
2025-12-09 11:00:00,4584.369,4597.801,4582.707,4597.801
2025-12-09 12:00:00,4597.81,4605.176,4591.857,4605.176
2025-12-09 13:00:00,4605.181,4606.116,4589.726,4593.466
2025-12-09 14:00:00,4593.468,4597.483,4580.677,4582.784
2025-12-09 15:00:00,4582.786,4583.539,4570.711,4575.809
2025-12-09 16:00:00,4575.816,4586.01,4575.816,4582.499
2025-12-09 17:00:00,4582.499,4584.109,4554.484,4557.402
2025-12-09 18:00:00,4557.407,4567.464,4557.407,4567.464
2025-12-09 19:00:00,4567.466,4575.003,4550.187,4551.208
2025-12-09 20:00:00,4551.216,4564.668,4551.216,4558.663
2025-12-09 21:00:00,4558.672,4564.931,4545.756,4546.479
2025-12-09 22:00:00,4546.48,4559.031,4545.781,4553.91
2025-12-09 23:00:00,4553.913,4566.966,4553.913,4566.966
2025-12-10 00:00:00,4566.976,4568.311,4555.752,4562.474
2025-12-10 01:00:00,4562.482,4567.169,4533.071,4534.868
2025-12-10 02:00:00,4534.872,4548.185,4534.872,4544.841
2025-12-10 03:00:00,4544.845,4544.912,4528.884,4536.857
2025-12-10 04:00:00,4536.863,4548.904,4536.863,4544.695
2025-12-10 05:00:00,4544.707,4559.773,4544.707,4559.773
2025-12-10 06:00:00,4559.781,4572.728,4558.816,4572.601
2025-12-10 07:00:00,4572.61,4579.458,4567.958,4571.983
2025-12-10 08:00:00,4571.99,4574.246,4566.833,4569.249
2025-12-10 09:00:00,4569.252,4584.685,4569.252,4584.685
2025-12-10 10:00:00,4584.687,4594.864,4584.687,4592.793
2025-12-10 11:00:00,4592.798,4597.088,4587.446,4597.088
2025-12-10 12:00:00,4597.09,4604.647,4592.729,4604.647
2025-12-10 13:00:00,4604.659,4608.369,4590.981,4593.639
2025-12-10 14:00:00,4593.645,4602.648,4590.61,4602.648
2025-12-10 15:00:00,4602.652,4619.375,4602.652,4619.375
2025-12-10 16:00:00,4619.381,4620.58,4600.052,4605.754
2025-12-10 17:00:00,4605.758,4609.833,4602.24,4606.066
2025-12-10 18:00:00,4606.066,4610.971,4592.028,4593.012
2025-12-10 19:00:00,4593.015,4605.121,4589.7,4605.121
2025-12-10 20:00:00,4605.122,4607.615,4591.349,4592.054
2025-12-10 21:00:00,4592.055,4597.859,4589.228,4593.048
2025-12-10 22:00:00,4593.057,4609.715,4593.057,4609.715
2025-12-10 23:00:00,4609.717,4623.663,4609.717,4614.799
2025-12-11 00:00:00,4614.802,4623.724,4614.364,4623.724
2025-12-11 01:00:00,4623.733,4639.728,4623.348,4639.728
2025-12-11 02:00:00,4639.735,4645.923,4618.01,4619.058
2025-12-11 03:00:00,4619.059,4620.465,4609.037,4612.418
2025-12-11 04:00:00,4612.422,4617.74,4594.246,4596.403
2025-12-11 05:00:00,4596.403,4607.22,4591.66,4607.22
2025-12-11 06:00:00,4607.233,4621.094,4607.233,4620.307
2025-12-11 07:00:00,4620.309,4634.068,4620.309,4634.068
2025-12-11 08:00:00,4634.073,4637.25,4617.317,4617.84
2025-12-11 09:00:00,4617.844,4627.825,4612.995,4616.752
2025-12-11 10:00:00,4616.757,4624.798,4614.896,4624.798
2025-12-11 11:00:00,4624.802,4637.912,4624.588,4637.912
2025-12-11 12:00:00,4637.917,4653.863,4637.917,4653.863
2025-12-11 13:00:00,4653.876,4658.204,4641.149,4642.885
2025-12-11 14:00:00,4642.89,4655.685,4641.276,4642.705
2025-12-11 15:00:00,4642.716,4649.431,4638.98,4649.431
2025-12-11 16:00:00,4649.432,4659.663,4647.826,4652.249
2025-12-11 17:00:00,4652.255,4663.202,4638.547,4643.494
2025-12-11 18:00:00,4643.506,4649.116,4639.42,4649.116
2025-12-11 19:00:00,4649.121,4664.95,4649.121,4664.95
2025-12-11 20:00:00,4664.951,4676.487,4664.291,4665.061
2025-12-11 21:00:00,4665.065,4667.601,4656.188,4665.314
2025-12-11 22:00:00,4665.315,4666.162,4652.578,4653.459
2025-12-11 23:00:00,4653.466,4653.913,4647.904,4653.609
2025-12-12 00:00:00,4653.617,4661.658,4648.148,4654.654
2025-12-12 01:00:00,4654.663,4664.226,4653.796,4656.678
2025-12-12 02:00:00,4656.681,4664.985,4653.505,4655.66
2025-12-12 03:00:00,4655.663,4657.75,4647.902,4650.52
2025-12-12 04:00:00,4650.526,4658.435,4643.639,4658.435
2025-12-12 05:00:00,4658.44,4665.0,4637.63,4640.122
2025-12-12 06:00:00,4640.132,4652.161,4640.132,4651.773
2025-12-12 07:00:00,4651.778,4660.557,4649.497,4657.319
2025-12-12 08:00:00,4657.328,4671.785,4657.328,4671.785
2025-12-12 09:00:00,4671.788,4676.51,4667.163,4672.093
2025-12-12 10:00:00,4672.095,4684.179,4672.095,4680.527
2025-12-12 11:00:00,4680.528,4689.472,4673.459,4676.016
2025-12-12 12:00:00,4676.019,4678.451,4668.547,4675.903
2025-12-12 13:00:00,4675.904,4684.708,4673.821,4682.845
2025-12-12 14:00:00,4682.855,4688.203,4680.295,4682.182
2025-12-12 15:00:00,4682.198,4694.557,4682.176,4689.366
2025-12-12 16:00:00,4689.367,4703.416,4688.398,4703.416
2025-12-12 17:00:00,4703.424,4713.792,4703.424,4713.792
2025-12-12 18:00:00,4713.804,4714.534,4696.064,4709.419
2025-12-12 19:00:00,4709.425,4718.541,4707.218,4717.633
2025-12-12 20:00:00,4717.634,4720.16,4706.82,4719.451
2025-12-12 21:00:00,4719.458,4721.8,4704.598,4711.91
2025-12-12 22:00:00,4711.917,4729.129,4711.917,4729.129
2025-12-12 23:00:00,4729.133,4732.876,4717.808,4726.812
2025-12-13 00:00:00,4726.815,4729.079,4714.507,4714.941
2025-12-13 01:00:00,4714.941,4730.716,4714.941,4730.716
2025-12-13 02:00:00,4730.724,4731.445,4724.396,4727.288
2025-12-13 03:00:00,4727.293,4733.088,4720.069,4727.471
2025-12-13 04:00:00,4727.478,4736.719,4726.917,4736.719
2025-12-13 05:00:00,4736.725,4743.375,4731.781,4736.874
2025-12-13 06:00:00,4736.879,4737.379,4726.96,4732.535
2025-12-13 07:00:00,4732.54,4746.095,4732.54,4745.388
2025-12-13 08:00:00,4745.391,4761.828,4745.391,4760.225
2025-12-13 09:00:00,4760.232,4773.785,4760.232,4769.539
2025-12-13 10:00:00,4769.546,4773.497,4745.203,4748.598
2025-12-13 11:00:00,4748.609,4758.146,4745.629,4751.992
2025-12-13 12:00:00,4751.993,4761.297,4746.8,4761.297
2025-12-13 13:00:00,4761.307,4768.301,4756.035,4768.301
2025-12-13 14:00:00,4768.313,4785.245,4768.313,4785.245
2025-12-13 15:00:00,4785.252,4796.398,4785.252,4793.636
2025-12-13 16:00:00,4793.642,4797.701,4790.05,4795.533
2025-12-13 17:00:00,4795.541,4797.526,4786.858,4797.526
2025-12-13 18:00:00,4797.531,4802.13,4779.54,4781.757
2025-12-13 19:00:00,4781.769,4785.421,4773.566,4780.024
2025-12-13 20:00:00,4780.035,4795.741,4780.035,4793.182
2025-12-13 21:00:00,4793.183,4795.323,4783.961,4789.995
2025-12-13 22:00:00,4790.0,4805.798,4790.0,4805.059
2025-12-13 23:00:00,4805.064,4811.281,4804.998,4808.235
2025-12-14 00:00:00,4808.237,4811.377,4794.825,4796.912
2025-12-14 01:00:00,4796.921,4797.855,4786.207,4796.356
2025-12-14 02:00:00,4796.36,4798.599,4788.997,4795.563
2025-12-14 03:00:00,4795.569,4802.323,4795.158,4801.648
2025-12-14 04:00:00,4801.652,4812.486,4798.775,4800.175
2025-12-14 05:00:00,4800.18,4808.736,4796.147,4804.33
2025-12-14 06:00:00,4804.335,4820.098,4804.335,4820.098
2025-12-14 07:00:00,4820.098,4828.183,4816.786,4818.95
2025-12-14 08:00:00,4818.954,4825.559,4818.508,4820.368
2025-12-14 09:00:00,4820.372,4834.236,4818.133,4834.236
2025-12-14 10:00:00,4834.246,4847.204,4834.246,4841.569
2025-12-14 11:00:00,4841.574,4851.3,4840.097,4845.062
2025-12-14 12:00:00,4845.067,4846.87,4826.62,4836.715
2025-12-14 13:00:00,4836.716,4844.109,4814.849,4817.283
2025-12-14 14:00:00,4817.287,4821.59,4806.626,4812.749
2025-12-14 15:00:00,4812.751,4815.89,4806.121,4815.045
2025-12-14 16:00:00,4815.048,4822.312,4811.922,4820.514
2025-12-14 17:00:00,4820.518,4821.533,4799.786,4802.607
2025-12-14 18:00:00,4802.614,4808.208,4797.005,4808.208
2025-12-14 19:00:00,4808.21,4822.501,4808.21,4822.501
2025-12-14 20:00:00,4822.502,4834.808,4822.502,4833.19
2025-12-14 21:00:00,4833.202,4848.095,4833.202,4848.095
2025-12-14 22:00:00,4848.103,4865.347,4848.103,4865.347
2025-12-14 23:00:00,4865.349,4875.927,4865.349,4873.65
2025-12-15 00:00:00,4873.662,4886.642,4873.662,4886.642
2025-12-15 01:00:00,4886.644,4888.882,4877.31,4878.589
2025-12-15 02:00:00,4878.59,4879.045,4852.485,4853.303
2025-12-15 03:00:00,4853.31,4859.048,4849.479,4859.044
2025-12-15 04:00:00,4859.049,4867.06,4857.335,4859.737
2025-12-15 05:00:00,4859.737,4867.886,4852.893,4867.886
2025-12-15 06:00:00,4867.889,4880.152,4867.777,4878.345
2025-12-15 07:00:00,4878.354,4893.49,4878.354,4889.991
2025-12-15 08:00:00,4889.996,4899.649,4889.527,4899.649
2025-12-15 09:00:00,4899.651,4910.638,4899.651,4904.216
2025-12-15 10:00:00,4904.224,4905.959,4877.906,4877.939
2025-12-15 11:00:00,4877.943,4882.802,4866.462,4882.802
2025-12-15 12:00:00,4882.804,4887.55,4867.005,4867.527
2025-12-15 13:00:00,4867.529,4872.881,4847.12,4849.49
2025-12-15 14:00:00,4849.493,4858.482,4839.474,4843.693
2025-12-15 15:00:00,4843.698,4849.147,4841.894,4843.295
2025-12-15 16:00:00,4843.299,4851.097,4810.487,4811.76
2025-12-15 17:00:00,4811.767,4811.849,4795.785,4800.121
2025-12-15 18:00:00,4800.126,4806.541,4794.118,4796.299
2025-12-15 19:00:00,4796.307,4807.498,4794.615,4805.557
2025-12-15 20:00:00,4805.559,4822.228,4805.559,4815.599
2025-12-15 21:00:00,4815.601,4831.888,4815.601,4831.888
2025-12-15 22:00:00,4831.894,4832.563,4822.808,4826.173
2025-12-15 23:00:00,4826.181,4836.724,4826.181,4836.724
2025-12-16 00:00:00,4836.724,4845.643,4836.29,4844.717
2025-12-16 01:00:00,4844.721,4855.558,4840.049,4855.558
2025-12-16 02:00:00,4855.56,4861.115,4842.637,4845.369
2025-12-16 03:00:00,4845.373,4857.451,4845.373,4854.547
2025-12-16 04:00:00,4854.554,4868.065,4854.554,4861.411
2025-12-16 05:00:00,4861.417,4870.626,4858.995,4870.626
2025-12-16 06:00:00,4870.635,4871.094,4862.638,4863.915
2025-12-16 07:00:00,4863.917,4867.635,4854.774,4858.116
2025-12-16 08:00:00,4858.121,4858.136,4842.719,4855.732
2025-12-16 09:00:00,4855.733,4867.164,4855.733,4865.491
2025-12-16 10:00:00,4865.494,4866.257,4844.076,4853.546
2025-12-16 11:00:00,4853.548,4867.749,4852.067,4864.663
2025-12-16 12:00:00,4864.664,4870.672,4858.161,4865.271
2025-12-16 13:00:00,4865.271,4875.258,4853.415,4854.225
2025-12-16 14:00:00,4854.231,4860.107,4848.439,4859.408
2025-12-16 15:00:00,4859.411,4862.606,4807.559,4809.241
2025-12-16 16:00:00,4809.252,4819.954,4809.252,4819.954
2025-12-16 17:00:00,4819.957,4823.743,4812.34,4817.188
2025-12-16 18:00:00,4817.197,4829.405,4817.197,4824.099
2025-12-16 19:00:00,4824.108,4833.915,4822.209,4825.475
2025-12-16 20:00:00,4825.487,4834.82,4818.141,4822.796
2025-12-16 21:00:00,4822.802,4828.922,4817.436,4823.92
2025-12-16 22:00:00,4823.928,4826.699,4815.924,4822.126
2025-12-16 23:00:00,4822.131,4834.227,4822.131,4834.227
2025-12-17 00:00:00,4834.231,4848.072,4834.231,4848.072
2025-12-17 01:00:00,4848.077,4861.524,4848.077,4860.099
2025-12-17 02:00:00,4860.101,4876.556,4860.101,4872.555
2025-12-17 03:00:00,4872.555,4888.699,4872.555,4888.699
2025-12-17 04:00:00,4888.702,4898.917,4888.702,4894.0
2025-12-17 05:00:00,4894.002,4896.528,4860.618,4867.6
2025-12-17 06:00:00,4867.606,4869.57,4834.856,4835.903
2025-12-17 07:00:00,4835.905,4838.585,4829.648,4832.254
2025-12-17 08:00:00,4832.257,4840.308,4821.587,4825.906
2025-12-17 09:00:00,4825.911,4836.885,4825.911,4832.947
2025-12-17 10:00:00,4832.954,4841.602,4828.345,4834.682
2025-12-17 11:00:00,4834.684,4835.482,4817.228,4827.975
2025-12-17 12:00:00,4827.98,4835.272,4814.961,4815.029
2025-12-17 13:00:00,4815.037,4826.319,4812.543,4822.961
2025-12-17 14:00:00,4822.966,4824.618,4807.91,4815.281
2025-12-17 15:00:00,4815.288,4824.744,4813.072,4816.295
2025-12-17 16:00:00,4816.298,4829.654,4816.298,4828.159
2025-12-17 17:00:00,4828.164,4829.651,4810.516,4812.296
2025-12-17 18:00:00,4812.299,4813.508,4807.997,4812.307
2025-12-17 19:00:00,4812.309,4816.515,4793.459,4794.8
2025-12-17 20:00:00,4794.802,4805.09,4790.039,4793.134
2025-12-17 21:00:00,4793.137,4797.171,4768.259,4771.503
2025-12-17 22:00:00,4771.507,4772.809,4755.607,4759.316
2025-12-17 23:00:00,4759.319,4768.206,4757.022,4768.206
2025-12-18 00:00:00,4768.219,4770.159,4758.675,4769.464
2025-12-18 01:00:00,4769.469,4769.956,4750.454,4752.002
2025-12-18 02:00:00,4752.007,4756.749,4743.433,4745.959
2025-12-18 03:00:00,4745.963,4754.739,4745.963,4747.767
2025-12-18 04:00:00,4747.777,4754.429,4729.52,4734.082
2025-12-18 05:00:00,4734.09,4751.23,4734.09,4751.23
2025-12-18 06:00:00,4751.232,4754.595,4742.532,4748.093
2025-12-18 07:00:00,4748.099,4748.437,4731.855,4745.17
2025-12-18 08:00:00,4745.171,4762.612,4745.171,4762.612
2025-12-18 09:00:00,4762.621,4770.942,4758.861,4759.65
2025-12-18 10:00:00,4759.651,4772.189,4758.324,4772.189
2025-12-18 11:00:00,4772.19,4776.328,4750.802,4753.759
2025-12-18 12:00:00,4753.766,4757.599,4746.699,4750.399
2025-12-18 13:00:00,4750.406,4761.695,4750.406,4760.462
2025-12-18 14:00:00,4760.463,4761.075,4749.861,4761.075
2025-12-18 15:00:00,4761.082,4768.87,4759.947,4768.87
2025-12-18 16:00:00,4768.873,4768.879,4751.508,4755.038
2025-12-18 17:00:00,4755.044,4760.264,4751.194,4758.965
2025-12-18 18:00:00,4758.97,4770.422,4758.136,4760.445
2025-12-18 19:00:00,4760.452,4766.877,4749.356,4757.184
2025-12-18 20:00:00,4757.188,4768.957,4757.188,4768.94
2025-12-18 21:00:00,4768.941,4776.071,4759.758,4760.524
2025-12-18 22:00:00,4760.525,4763.657,4737.337,4738.357
2025-12-18 23:00:00,4738.368,4750.173,4738.368,4747.212
2025-12-19 00:00:00,4747.213,4749.173,4730.494,4736.957
2025-12-19 01:00:00,4736.959,4740.279,4725.796,4728.378
2025-12-19 02:00:00,4728.383,4729.216,4693.062,4699.966
2025-12-19 03:00:00,4699.975,4704.306,4695.496,4704.306
2025-12-19 04:00:00,4704.31,4708.345,4697.686,4703.694
2025-12-19 05:00:00,4703.704,4715.175,4703.704,4713.405
2025-12-19 06:00:00,4713.414,4729.177,4713.414,4726.056
2025-12-19 07:00:00,4726.061,4729.589,4709.446,4710.619
2025-12-19 08:00:00,4710.626,4711.314,4694.135,4703.423
2025-12-19 09:00:00,4703.423,4709.418,4698.572,4709.418
2025-12-19 10:00:00,4709.422,4726.228,4709.422,4726.228
2025-12-19 11:00:00,4726.233,4737.128,4726.233,4731.853
2025-12-19 12:00:00,4731.858,4739.06,4707.748,4708.282
2025-12-19 13:00:00,4708.286,4719.548,4705.609,4711.514
2025-12-19 14:00:00,4711.523,4720.662,4709.294,4711.986
2025-12-19 15:00:00,4711.987,4721.277,4711.987,4715.73
2025-12-19 16:00:00,4715.735,4717.376,4699.788,4701.402
2025-12-19 17:00:00,4701.406,4709.992,4685.749,4686.159
2025-12-19 18:00:00,4686.16,4693.653,4682.902,4687.575
2025-12-19 19:00:00,4687.576,4692.528,4673.913,4675.186
2025-12-19 20:00:00,4675.193,4676.183,4658.649,4662.59
2025-12-19 21:00:00,4662.595,4667.888,4656.367,4660.294
2025-12-19 22:00:00,4660.298,4677.315,4660.298,4677.315
2025-12-19 23:00:00,4677.316,4678.983,4659.774,4666.446
2025-12-20 00:00:00,4666.451,4671.154,4660.582,4670.281
2025-12-20 01:00:00,4670.287,4677.773,4662.843,4677.773
2025-12-20 02:00:00,4677.777,4689.655,4674.905,4689.655
2025-12-20 03:00:00,4689.658,4702.677,4687.381,4702.677
2025-12-20 04:00:00,4702.684,4712.022,4702.684,4709.852
2025-12-20 05:00:00,4709.858,4715.892,4706.518,4707.324
2025-12-20 06:00:00,4707.33,4714.467,4707.33,4714.254
2025-12-20 07:00:00,4714.258,4729.298,4710.461,4711.232
2025-12-20 08:00:00,4711.232,4727.934,4711.232,4727.934
2025-12-20 09:00:00,4727.934,4735.189,4724.813,4724.957
2025-12-20 10:00:00,4724.959,4732.243,4722.754,4730.597
2025-12-20 11:00:00,4730.6,4736.299,4725.462,4733.549
2025-12-20 12:00:00,4733.557,4748.134,4733.557,4742.154
2025-12-20 13:00:00,4742.157,4746.728,4729.153,4735.957
2025-12-20 14:00:00,4735.958,4753.377,4735.958,4753.377
2025-12-20 15:00:00,4753.381,4769.618,4753.381,4767.115
2025-12-20 16:00:00,4767.121,4778.918,4766.568,4771.722
2025-12-20 17:00:00,4771.73,4782.031,4771.082,4771.146
2025-12-20 18:00:00,4771.152,4774.39,4763.893,4763.993
2025-12-20 19:00:00,4763.998,4772.14,4763.998,4765.687
2025-12-20 20:00:00,4765.691,4776.523,4764.118,4773.49
2025-12-20 21:00:00,4773.496,4775.87,4766.238,4771.8
2025-12-20 22:00:00,4771.803,4781.396,4771.803,4781.396
2025-12-20 23:00:00,4781.405,4782.922,4755.511,4762.862
2025-12-21 00:00:00,4762.874,4778.597,4762.874,4776.818
2025-12-21 01:00:00,4776.82,4778.153,4766.898,4777.966
2025-12-21 02:00:00,4777.967,4779.658,4755.064,4757.97
2025-12-21 03:00:00,4757.979,4770.254,4757.979,4768.992
2025-12-21 04:00:00,4769.0,4777.97,4769.0,4777.97
2025-12-21 05:00:00,4777.971,4781.892,4772.451,4779.94
2025-12-21 06:00:00,4779.946,4793.583,4779.946,4793.583
2025-12-21 07:00:00,4793.583,4794.003,4777.566,4779.603
2025-12-21 08:00:00,4779.607,4790.701,4779.036,4785.249
2025-12-21 09:00:00,4785.252,4791.703,4780.518,4786.902
2025-12-21 10:00:00,4786.907,4787.933,4766.168,4767.557
2025-12-21 11:00:00,4767.564,4767.781,4735.673,4739.892
2025-12-21 12:00:00,4739.893,4757.069,4739.893,4757.069
2025-12-21 13:00:00,4757.079,4758.188,4746.722,4753.463
2025-12-21 14:00:00,4753.469,4757.529,4741.967,4748.483
2025-12-21 15:00:00,4748.486,4748.75,4726.277,4732.754
2025-12-21 16:00:00,4732.761,4733.241,4714.378,4718.407
2025-12-21 17:00:00,4718.409,4721.761,4711.516,4716.501
2025-12-21 18:00:00,4716.502,4717.612,4701.828,4703.473
2025-12-21 19:00:00,4703.479,4707.111,4681.15,4686.522
2025-12-21 20:00:00,4686.525,4694.7,4681.382,4681.874
2025-12-21 21:00:00,4681.886,4685.911,4660.238,4660.624
2025-12-21 22:00:00,4660.628,4665.632,4659.451,4662.879
2025-12-21 23:00:00,4662.888,4672.98,4658.47,4672.98
2025-12-22 00:00:00,4672.983,4673.638,4649.236,4654.208
2025-12-22 01:00:00,4654.212,4656.086,4628.13,4636.287
2025-12-22 02:00:00,4636.287,4642.425,4633.912,4638.419
2025-12-22 03:00:00,4638.426,4647.692,4637.598,4647.692
2025-12-22 04:00:00,4647.695,4656.357,4642.505,4648.491
2025-12-22 05:00:00,4648.501,4653.344,4640.255,4651.045
2025-12-22 06:00:00,4651.046,4655.054,4646.706,4650.934
2025-12-22 07:00:00,4650.945,4657.931,4650.118,4657.931
2025-12-22 08:00:00,4657.931,4659.591,4649.552,4656.239
2025-12-22 09:00:00,4656.24,4656.248,4633.099,4639.213
2025-12-22 10:00:00,4639.222,4645.414,4635.143,4642.621
2025-12-22 11:00:00,4642.626,4648.99,4634.122,4641.774
2025-12-22 12:00:00,4641.777,4649.794,4641.777,4647.228
2025-12-22 13:00:00,4647.23,4653.415,4646.251,4650.962
2025-12-22 14:00:00,4650.969,4653.538,4630.959,4632.978
2025-12-22 15:00:00,4632.987,4649.515,4632.987,4649.515
2025-12-22 16:00:00,4649.52,4654.873,4647.491,4654.082
2025-12-22 17:00:00,4654.087,4654.25,4634.808,4640.944
2025-12-22 18:00:00,4640.948,4646.765,4640.337,4644.676
2025-12-22 19:00:00,4644.683,4647.975,4625.984,4634.171
2025-12-22 20:00:00,4634.181,4644.786,4634.181,4644.786
2025-12-22 21:00:00,4644.8,4657.945,4644.8,4657.945
2025-12-22 22:00:00,4657.95,4669.766,4657.95,4669.766
2025-12-22 23:00:00,4669.771,4682.612,4669.49,4682.612
2025-12-23 00:00:00,4682.615,4687.108,4676.245,4686.316
2025-12-23 01:00:00,4686.327,4701.408,4686.327,4701.408
2025-12-23 02:00:00,4701.417,4718.097,4701.417,4718.097
2025-12-23 03:00:00,4718.097,4721.274,4713.701,4720.957
2025-12-23 04:00:00,4720.968,4727.746,4712.018,4717.251
2025-12-23 05:00:00,4717.251,4720.121,4701.572,4706.15
2025-12-23 06:00:00,4706.158,4711.451,4684.415,4688.681
2025-12-23 07:00:00,4688.682,4701.835,4688.682,4701.835
2025-12-23 08:00:00,4701.836,4710.638,4700.087,4706.362
2025-12-23 09:00:00,4706.376,4714.226,4704.295,4708.335
2025-12-23 10:00:00,4708.338,4714.449,4704.768,4712.83
2025-12-23 11:00:00,4712.831,4724.132,4709.303,4724.132
2025-12-23 12:00:00,4724.144,4737.357,4723.39,4733.946
2025-12-23 13:00:00,4733.947,4739.617,4723.473,4739.617
2025-12-23 14:00:00,4739.621,4741.367,4731.865,4733.042
2025-12-23 15:00:00,4733.052,4733.914,4723.352,4729.733
2025-12-23 16:00:00,4729.737,4732.572,4720.313,4729.134
2025-12-23 17:00:00,4729.141,4735.681,4722.206,4726.069
2025-12-23 18:00:00,4726.075,4727.425,4715.732,4724.055
2025-12-23 19:00:00,4724.062,4728.881,4718.226,4721.502
2025-12-23 20:00:00,4721.502,4731.967,4717.723,4731.967
2025-12-23 21:00:00,4731.97,4739.914,4720.674,4725.126
2025-12-23 22:00:00,4725.13,4729.217,4716.517,4716.849
2025-12-23 23:00:00,4716.851,4727.673,4714.041,4715.632
2025-12-24 00:00:00,4715.637,4727.274,4715.637,4727.274
2025-12-24 01:00:00,4727.28,4733.259,4726.972,4730.202
2025-12-24 02:00:00,4730.208,4731.609,4716.287,4720.405
2025-12-24 03:00:00,4720.412,4728.754,4720.208,4728.754
2025-12-24 04:00:00,4728.756,4730.007,4716.62,4719.478
2025-12-24 05:00:00,4719.478,4736.368,4719.478,4736.368
2025-12-24 06:00:00,4736.374,4745.408,4736.374,4743.298
2025-12-24 07:00:00,4743.303,4746.996,4735.062,4744.034
2025-12-24 08:00:00,4744.037,4752.887,4739.888,4752.887
2025-12-24 09:00:00,4752.896,4755.825,4737.662,4743.267
2025-12-24 10:00:00,4743.27,4759.977,4743.27,4757.11
2025-12-24 11:00:00,4757.113,4771.144,4757.113,4766.882
2025-12-24 12:00:00,4766.888,4770.963,4758.909,4759.851
2025-12-24 13:00:00,4759.856,4765.032,4751.875,4752.014
2025-12-24 14:00:00,4752.016,4758.859,4748.288,4755.597
2025-12-24 15:00:00,4755.599,4762.453,4750.792,4762.453
2025-12-24 16:00:00,4762.464,4767.054,4756.003,4760.935
2025-12-24 17:00:00,4760.946,4763.62,4741.398,4743.445
2025-12-24 18:00:00,4743.447,4743.541,4706.75,4713.818
2025-12-24 19:00:00,4713.82,4725.528,4713.82,4725.528
2025-12-24 20:00:00,4725.529,4742.437,4725.529,4742.437
2025-12-24 21:00:00,4742.441,4747.864,4716.361,4718.693
2025-12-24 22:00:00,4718.696,4720.757,4712.739,4720.757
2025-12-24 23:00:00,4720.762,4721.754,4696.433,4701.368
2025-12-25 00:00:00,4701.373,4705.441,4689.492,4695.112
2025-12-25 01:00:00,4695.119,4703.591,4694.996,4695.934
2025-12-25 02:00:00,4695.94,4708.98,4695.94,4705.558
2025-12-25 03:00:00,4705.562,4719.035,4705.562,4719.035
2025-12-25 04:00:00,4719.038,4720.536,4693.266,4696.307
2025-12-25 05:00:00,4696.307,4705.036,4696.013,4704.248
2025-12-25 06:00:00,4704.248,4705.186,4675.336,4677.645
2025-12-25 07:00:00,4677.646,4679.705,4660.504,4667.941
2025-12-25 08:00:00,4667.947,4672.086,4660.81,4662.632
2025-12-25 09:00:00,4662.637,4677.432,4662.637,4664.658
2025-12-25 10:00:00,4664.661,4671.849,4661.24,4671.849
2025-12-25 11:00:00,4671.85,4676.312,4667.695,4675.456
2025-12-25 12:00:00,4675.458,4686.585,4675.458,4685.012
2025-12-25 13:00:00,4685.02,4697.502,4685.02,4697.502
2025-12-25 14:00:00,4697.505,4705.788,4697.505,4704.488
2025-12-25 15:00:00,4704.497,4720.55,4704.497,4717.043
2025-12-25 16:00:00,4717.049,4725.308,4700.726,4701.108
2025-12-25 17:00:00,4701.114,4701.28,4676.361,4691.3
2025-12-25 18:00:00,4691.312,4693.969,4682.883,4692.956
2025-12-25 19:00:00,4692.956,4699.607,4690.393,4690.92
2025-12-25 20:00:00,4690.93,4691.041,4684.812,4689.639
2025-12-25 21:00:00,4689.651,4699.018,4686.736,4687.183
2025-12-25 22:00:00,4687.189,4692.396,4676.877,4678.693
2025-12-25 23:00:00,4678.699,4683.694,4674.208,4683.354
2025-12-26 00:00:00,4683.36,4686.924,4678.787,4683.817
2025-12-26 01:00:00,4683.818,4694.615,4682.052,4683.746
2025-12-26 02:00:00,4683.754,4692.375,4667.758,4671.235
2025-12-26 03:00:00,4671.238,4683.479,4671.238,4674.436
2025-12-26 04:00:00,4674.439,4683.489,4672.424,4683.489
2025-12-26 05:00:00,4683.49,4689.491,4671.618,4672.039
2025-12-26 06:00:00,4672.047,4677.492,4665.832,4671.576
2025-12-26 07:00:00,4671.577,4681.288,4671.202,4676.565
2025-12-26 08:00:00,4676.568,4679.492,4664.6,4666.787
2025-12-26 09:00:00,4666.794,4675.116,4664.851,4675.116
2025-12-26 10:00:00,4675.132,4678.912,4666.462,4678.912
2025-12-26 11:00:00,4678.919,4688.042,4677.116,4678.976
2025-12-26 12:00:00,4678.981,4682.838,4675.274,4682.809
2025-12-26 13:00:00,4682.813,4683.817,4668.349,4671.845
2025-12-26 14:00:00,4671.845,4674.111,4665.399,4674.111
2025-12-26 15:00:00,4674.118,4679.92,4669.056,4679.598
2025-12-26 16:00:00,4679.602,4686.947,4675.507,4676.664
2025-12-26 17:00:00,4676.668,4676.945,4660.878,4664.149
2025-12-26 18:00:00,4664.149,4667.277,4654.707,4663.961
2025-12-26 19:00:00,4663.962,4674.406,4662.667,4667.927
2025-12-26 20:00:00,4667.932,4671.033,4656.694,4667.888
2025-12-26 21:00:00,4667.894,4676.758,4660.954,4676.758
2025-12-26 22:00:00,4676.764,4678.623,4655.387,4662.843
2025-12-26 23:00:00,4662.845,4669.245,4657.734,4666.271
2025-12-27 00:00:00,4666.28,4672.35,4647.49,4648.203
2025-12-27 01:00:00,4648.209,4653.771,4642.656,4649.46
2025-12-27 02:00:00,4649.46,4652.916,4642.548,4649.956
2025-12-27 03:00:00,4649.956,4658.921,4641.808,4642.48
2025-12-27 04:00:00,4642.481,4653.255,4634.785,4637.152
2025-12-27 05:00:00,4637.157,4644.444,4615.273,4616.724
2025-12-27 06:00:00,4616.731,4625.719,4616.548,4622.207
2025-12-27 07:00:00,4622.211,4632.704,4621.645,4624.369
2025-12-27 08:00:00,4624.372,4630.12,4620.593,4627.788
2025-12-27 09:00:00,4627.804,4631.694,4621.996,4623.681
2025-12-27 10:00:00,4623.683,4640.08,4623.683,4640.08
2025-12-27 11:00:00,4640.083,4644.502,4629.508,4630.207
2025-12-27 12:00:00,4630.21,4642.925,4630.21,4642.925
2025-12-27 13:00:00,4642.935,4652.17,4640.618,4644.454
2025-12-27 14:00:00,4644.466,4646.4,4631.115,4641.318
2025-12-27 15:00:00,4641.321,4641.382,4616.427,4618.217
2025-12-27 16:00:00,4618.226,4631.177,4618.226,4627.693
2025-12-27 17:00:00,4627.695,4629.454,4617.542,4629.454
2025-12-27 18:00:00,4629.458,4630.556,4621.806,4625.803
2025-12-27 19:00:00,4625.81,4640.124,4625.81,4631.561
2025-12-27 20:00:00,4631.563,4640.523,4631.001,4638.72
2025-12-27 21:00:00,4638.725,4644.676,4635.356,4644.676
2025-12-27 22:00:00,4644.682,4652.571,4641.774,4652.571
2025-12-27 23:00:00,4652.576,4656.016,4642.281,4646.952
2025-12-28 00:00:00,4646.968,4658.006,4645.811,4658.006
2025-12-28 01:00:00,4658.01,4658.644,4631.312,4642.208
2025-12-28 02:00:00,4642.209,4648.252,4636.507,4636.732
2025-12-28 03:00:00,4636.74,4643.723,4636.169,4640.462
2025-12-28 04:00:00,4640.462,4645.639,4624.994,4625.317
2025-12-28 05:00:00,4625.32,4629.659,4612.823,4613.117
2025-12-28 06:00:00,4613.119,4622.383,4612.547,4622.383
2025-12-28 07:00:00,4622.385,4624.828,4613.788,4624.828
2025-12-28 08:00:00,4624.832,4625.497,4612.467,4620.794
2025-12-28 09:00:00,4620.799,4633.776,4620.799,4633.776
2025-12-28 10:00:00,4633.779,4635.664,4627.441,4632.821
2025-12-28 11:00:00,4632.825,4640.276,4632.825,4637.643
2025-12-28 12:00:00,4637.645,4642.628,4624.328,4629.949
2025-12-28 13:00:00,4629.951,4642.899,4629.951,4642.899
2025-12-28 14:00:00,4642.901,4651.094,4641.334,4645.682
2025-12-28 15:00:00,4645.683,4659.886,4645.683,4656.501
2025-12-28 16:00:00,4656.508,4670.849,4656.508,4670.849
2025-12-28 17:00:00,4670.858,4686.079,4670.858,4682.936
2025-12-28 18:00:00,4682.942,4687.711,4679.565,4687.711
2025-12-28 19:00:00,4687.714,4698.672,4687.714,4692.383
2025-12-28 20:00:00,4692.388,4698.208,4678.097,4680.196
2025-12-28 21:00:00,4680.204,4682.119,4660.328,4661.011
2025-12-28 22:00:00,4661.012,4667.015,4653.471,4660.721
2025-12-28 23:00:00,4660.729,4662.15,4636.253,4639.769
2025-12-29 00:00:00,4639.778,4650.082,4636.544,4650.082
2025-12-29 01:00:00,4650.088,4656.407,4639.863,4644.715
2025-12-29 02:00:00,4644.719,4652.198,4644.719,4645.844
2025-12-29 03:00:00,4645.848,4649.601,4622.845,4623.186
2025-12-29 04:00:00,4623.192,4628.376,4619.277,4624.998
2025-12-29 05:00:00,4624.998,4636.483,4624.648,4632.96
2025-12-29 06:00:00,4632.961,4635.275,4620.956,4623.938
2025-12-29 07:00:00,4623.943,4631.15,4621.613,4623.684
2025-12-29 08:00:00,4623.69,4629.132,4616.923,4629.132
2025-12-29 09:00:00,4629.141,4630.304,4617.651,4625.184
2025-12-29 10:00:00,4625.19,4632.066,4606.553,4608.574
2025-12-29 11:00:00,4608.583,4616.692,4599.679,4605.459
2025-12-29 12:00:00,4605.462,4609.786,4598.585,4609.786
2025-12-29 13:00:00,4609.792,4620.808,4593.431,4595.187
2025-12-29 14:00:00,4595.187,4605.821,4593.48,4605.821
2025-12-29 15:00:00,4605.831,4613.423,4600.451,4613.423
2025-12-29 16:00:00,4613.435,4616.457,4601.446,4602.458
2025-12-29 17:00:00,4602.462,4619.044,4602.462,4619.044
2025-12-29 18:00:00,4619.047,4624.176,4613.958,4619.498
2025-12-29 19:00:00,4619.499,4635.602,4619.499,4635.602
2025-12-29 20:00:00,4635.611,4640.416,4622.24,4626.142
2025-12-29 21:00:00,4626.143,4628.079,4612.643,4617.542
2025-12-29 22:00:00,4617.546,4621.684,4600.184,4602.236
2025-12-29 23:00:00,4602.24,4616.657,4602.24,4616.657
2025-12-30 00:00:00,4616.659,4622.818,4612.039,4614.933
2025-12-30 01:00:00,4614.934,4625.127,4613.551,4619.047
2025-12-30 02:00:00,4619.05,4625.188,4610.1,4610.673
2025-12-30 03:00:00,4610.677,4622.735,4609.651,4622.735
2025-12-30 04:00:00,4622.742,4624.291,4613.497,4621.327
2025-12-30 05:00:00,4621.329,4622.684,4604.333,4611.603
2025-12-30 06:00:00,4611.608,4613.155,4602.072,4606.492
2025-12-30 07:00:00,4606.493,4611.408,4597.942,4601.854
2025-12-30 08:00:00,4601.857,4611.852,4600.119,4611.852
2025-12-30 09:00:00,4611.856,4611.967,4597.948,4608.172
2025-12-30 10:00:00,4608.175,4624.776,4608.175,4624.776
2025-12-30 11:00:00,4624.783,4628.826,4615.317,4616.451
2025-12-30 12:00:00,4616.454,4627.107,4615.697,4627.107
2025-12-30 13:00:00,4627.111,4642.588,4627.111,4642.588
2025-12-30 14:00:00,4642.596,4644.365,4633.349,4638.515
2025-12-30 15:00:00,4638.523,4642.755,4625.315,4626.283
2025-12-30 16:00:00,4626.286,4629.282,4616.192,4620.397
2025-12-30 17:00:00,4620.404,4626.38,4618.739,4624.194
2025-12-30 18:00:00,4624.208,4638.194,4624.208,4638.194
2025-12-30 19:00:00,4638.199,4638.656,4623.767,4631.061
2025-12-30 20:00:00,4631.068,4633.467,4617.764,4620.052
2025-12-30 21:00:00,4620.059,4636.89,4620.059,4636.89
2025-12-30 22:00:00,4636.895,4637.685,4615.03,4626.859
2025-12-30 23:00:00,4626.871,4632.959,4624.135,4629.325
2025-12-31 00:00:00,4629.328,4637.813,4629.328,4631.24
2025-12-31 01:00:00,4631.24,4646.464,4631.24,4646.464
2025-12-31 02:00:00,4646.468,4651.537,4631.576,4638.565
2025-12-31 03:00:00,4638.571,4638.596,4622.204,4623.466
2025-12-31 04:00:00,4623.474,4629.49,4617.772,4629.49
2025-12-31 05:00:00,4629.498,4639.101,4619.856,4624.778
2025-12-31 06:00:00,4624.794,4628.762,4597.395,4598.097
2025-12-31 07:00:00,4598.097,4614.973,4598.097,4614.973
2025-12-31 08:00:00,4614.977,4628.573,4614.977,4626.975
2025-12-31 09:00:00,4626.982,4636.477,4626.982,4635.929
2025-12-31 10:00:00,4635.934,4637.606,4618.656,4620.302
2025-12-31 11:00:00,4620.312,4633.762,4615.473,4616.287
2025-12-31 12:00:00,4616.296,4629.76,4616.296,4626.401
2025-12-31 13:00:00,4626.404,4639.56,4626.404,4637.878
2025-12-31 14:00:00,4637.883,4640.23,4631.88,4639.5
2025-12-31 15:00:00,4639.501,4647.595,4633.529,4637.52
2025-12-31 16:00:00,4637.523,4647.868,4637.523,4647.868
2025-12-31 17:00:00,4647.882,4653.335,4641.67,4644.838
2025-12-31 18:00:00,4644.841,4652.731,4641.402,4652.731
2025-12-31 19:00:00,4652.731,4656.705,4649.677,4651.942
2025-12-31 20:00:00,4651.945,4658.245,4647.981,4658.245
2025-12-31 21:00:00,4658.248,4661.283,4652.659,4658.989
2025-12-31 22:00:00,4658.992,4670.74,4658.064,4663.189
2025-12-31 23:00:00,4663.192,4668.701,4650.783,4651.744
2026-01-01 00:00:00,4651.747,4656.905,4645.543,4654.282
2026-01-01 01:00:00,4654.287,4660.057,4637.227,4641.684
2026-01-01 02:00:00,4641.692,4652.939,4636.997,4642.317
2026-01-01 03:00:00,4642.322,4650.025,4642.322,4649.242
2026-01-01 04:00:00,4649.246,4659.178,4648.013,4659.178
2026-01-01 05:00:00,4659.183,4666.298,4653.295,4664.753
2026-01-01 06:00:00,4664.754,4672.14,4656.426,4658.829
2026-01-01 07:00:00,4658.832,4659.212,4652.06,4656.244
2026-01-01 08:00:00,4656.247,4667.417,4654.88,4667.417
2026-01-01 09:00:00,4667.423,4678.152,4662.764,4668.236
2026-01-01 10:00:00,4668.238,4674.887,4667.064,4671.602
2026-01-01 11:00:00,4671.61,4681.427,4671.61,4681.427
2026-01-01 12:00:00,4681.432,4684.421,4673.798,4681.22
2026-01-01 13:00:00,4681.233,4683.18,4668.132,4672.467
2026-01-01 14:00:00,4672.47,4685.765,4672.47,4681.179
2026-01-01 15:00:00,4681.185,4682.587,4667.524,4674.665
2026-01-01 16:00:00,4674.67,4686.367,4673.455,4676.147
2026-01-01 17:00:00,4676.149,4682.17,4669.213,4670.744
2026-01-01 18:00:00,4670.749,4682.312,4666.8,4682.312
2026-01-01 19:00:00,4682.314,4692.445,4673.177,4678.426
2026-01-01 20:00:00,4678.429,4681.88,4670.863,4680.63
2026-01-01 21:00:00,4680.635,4681.494,4667.916,4676.334
2026-01-01 22:00:00,4676.341,4692.626,4676.341,4683.798
2026-01-01 23:00:00,4683.801,4688.448,4677.277,4682.102
2026-01-02 00:00:00,4682.107,4685.165,4674.687,4675.422
2026-01-02 01:00:00,4675.426,4679.573,4662.101,4663.44
2026-01-02 02:00:00,4663.445,4668.654,4645.052,4647.962
2026-01-02 03:00:00,4647.969,4664.742,4647.969,4664.742
2026-01-02 04:00:00,4664.744,4670.174,4658.894,4670.174
2026-01-02 05:00:00,4670.175,4675.326,4662.538,4669.148
2026-01-02 06:00:00,4669.156,4677.881,4666.691,4677.881
2026-01-02 07:00:00,4677.881,4689.061,4677.302,4678.341
2026-01-02 08:00:00,4678.343,4687.214,4673.969,4682.631
2026-01-02 09:00:00,4682.636,4692.472,4669.978,4671.312
2026-01-02 10:00:00,4671.316,4680.455,4666.008,4666.419
2026-01-02 11:00:00,4666.423,4668.138,4660.85,4666.782
2026-01-02 12:00:00,4666.793,4678.083,4661.29,4678.083
2026-01-02 13:00:00,4678.085,4690.443,4677.502,4678.523
2026-01-02 14:00:00,4678.528,4680.444,4655.347,4659.853
2026-01-02 15:00:00,4659.853,4665.299,4656.189,4664.918
2026-01-02 16:00:00,4664.927,4668.087,4658.623,4660.896
2026-01-02 17:00:00,4660.903,4669.274,4648.175,4654.653
2026-01-02 18:00:00,4654.656,4658.046,4647.803,4652.578
2026-01-02 19:00:00,4652.581,4664.433,4652.581,4660.268
2026-01-02 20:00:00,4660.281,4667.305,4653.307,4667.305
2026-01-02 21:00:00,4667.306,4674.799,4666.185,4670.012
2026-01-02 22:00:00,4670.014,4680.823,4670.014,4674.97
2026-01-02 23:00:00,4674.982,4676.009,4669.229,4672.402
2026-01-03 00:00:00,4672.412,4674.28,4653.934,4657.584
2026-01-03 01:00:00,4657.588,4671.384,4657.588,4671.384
2026-01-03 02:00:00,4671.386,4672.676,4663.263,4669.238
2026-01-03 03:00:00,4669.241,4673.436,4661.707,4673.436
2026-01-03 04:00:00,4673.438,4686.427,4673.438,4685.281
2026-01-03 05:00:00,4685.286,4685.761,4660.616,4664.36
2026-01-03 06:00:00,4664.365,4669.432,4657.909,4669.432
2026-01-03 07:00:00,4669.434,4677.895,4655.235,4656.569
2026-01-03 08:00:00,4656.571,4667.425,4656.571,4667.425
2026-01-03 09:00:00,4667.432,4677.628,4667.432,4677.628
2026-01-03 10:00:00,4677.635,4689.27,4677.371,4689.27
2026-01-03 11:00:00,4689.272,4691.183,4676.289,4677.78
2026-01-03 12:00:00,4677.785,4682.992,4668.05,4682.992
2026-01-03 13:00:00,4683.002,4694.515,4681.243,4694.515
2026-01-03 14:00:00,4694.52,4700.865,4691.233,4700.431
2026-01-03 15:00:00,4700.444,4711.336,4697.265,4708.162
2026-01-03 16:00:00,4708.167,4708.532,4694.478,4699.811
2026-01-03 17:00:00,4699.818,4700.27,4683.362,4687.716
2026-01-03 18:00:00,4687.718,4692.366,4677.725,4681.009
2026-01-03 19:00:00,4681.017,4687.983,4681.017,4685.549
2026-01-03 20:00:00,4685.553,4692.07,4677.976,4685.025
2026-01-03 21:00:00,4685.032,4690.046,4679.166,4684.885
2026-01-03 22:00:00,4684.885,4691.835,4684.785,4685.704
2026-01-03 23:00:00,4685.709,4697.922,4683.943,4693.83
2026-01-04 00:00:00,4693.84,4696.869,4685.294,4691.435
2026-01-04 01:00:00,4691.442,4700.651,4691.442,4700.651
2026-01-04 02:00:00,4700.656,4707.295,4695.15,4700.305
2026-01-04 03:00:00,4700.309,4708.351,4699.35,4704.374
2026-01-04 04:00:00,4704.377,4712.631,4704.377,4711.599
2026-01-04 05:00:00,4711.605,4724.6,4711.605,4724.6
2026-01-04 06:00:00,4724.6,4726.09,4708.774,4710.029
2026-01-04 07:00:00,4710.037,4712.366,4690.935,4692.608
2026-01-04 08:00:00,4692.611,4692.819,4681.731,4682.475
2026-01-04 09:00:00,4682.481,4686.231,4679.166,4686.231
2026-01-04 10:00:00,4686.232,4688.51,4672.592,4675.516
2026-01-04 11:00:00,4675.522,4677.588,4640.737,4645.074
2026-01-04 12:00:00,4645.076,4649.644,4635.741,4638.41
2026-01-04 13:00:00,4638.418,4643.727,4631.951,4643.727
2026-01-04 14:00:00,4643.729,4649.269,4631.647,4635.68
2026-01-04 15:00:00,4635.688,4641.235,4628.403,4629.998
2026-01-04 16:00:00,4630.001,4639.174,4630.001,4638.748
2026-01-04 17:00:00,4638.753,4641.412,4631.281,4634.079
2026-01-04 18:00:00,4634.08,4636.845,4628.0,4629.393
2026-01-04 19:00:00,4629.393,4640.502,4629.393,4640.502
2026-01-04 20:00:00,4640.504,4650.217,4640.222,4650.217
2026-01-04 21:00:00,4650.223,4650.505,4643.709,4647.127
2026-01-04 22:00:00,4647.14,4657.961,4630.408,4631.967
2026-01-04 23:00:00,4631.976,4637.559,4628.717,4633.855
2026-01-05 00:00:00,4633.863,4636.119,4625.632,4630.833
2026-01-05 01:00:00,4630.845,4642.513,4630.309,4642.513
2026-01-05 02:00:00,4642.518,4645.95,4634.851,4638.864
2026-01-05 03:00:00,4638.871,4643.918,4627.143,4631.461
2026-01-05 04:00:00,4631.467,4647.476,4631.467,4647.476
2026-01-05 05:00:00,4647.479,4653.8,4646.688,4653.8
2026-01-05 06:00:00,4653.805,4656.944,4639.758,4640.473
2026-01-05 07:00:00,4640.478,4643.182,4622.107,4627.665
2026-01-05 08:00:00,4627.666,4638.37,4627.666,4630.666
2026-01-05 09:00:00,4630.676,4631.563,4614.908,4625.757
2026-01-05 10:00:00,4625.759,4626.344,4614.926,4625.903
2026-01-05 11:00:00,4625.909,4636.329,4625.909,4636.329
2026-01-05 12:00:00,4636.333,4648.064,4636.333,4636.701
2026-01-05 13:00:00,4636.707,4652.979,4636.707,4652.979
2026-01-05 14:00:00,4652.98,4659.618,4649.787,4652.724
2026-01-05 15:00:00,4652.724,4656.531,4647.949,4654.087
2026-01-05 16:00:00,4654.088,4665.605,4653.186,4665.605
2026-01-05 17:00:00,4665.608,4675.948,4665.608,4675.948
2026-01-05 18:00:00,4675.958,4678.466,4649.333,4656.022
2026-01-05 19:00:00,4656.025,4664.016,4646.275,4649.912
2026-01-05 20:00:00,4649.917,4655.938,4644.624,4653.856
2026-01-05 21:00:00,4653.858,4656.477,4647.14,4655.316
2026-01-05 22:00:00,4655.327,4657.816,4649.568,4655.606
2026-01-05 23:00:00,4655.615,4659.822,4643.643,4650.622
2026-01-06 00:00:00,4650.629,4653.236,4637.974,4643.687
2026-01-06 01:00:00,4643.691,4656.666,4643.691,4656.666
2026-01-06 02:00:00,4656.673,4660.169,4624.354,4628.617
2026-01-06 03:00:00,4628.627,4639.715,4628.627,4638.292
2026-01-06 04:00:00,4638.294,4646.778,4631.656,4639.497
2026-01-06 05:00:00,4639.505,4646.752,4618.376,4620.0
2026-01-06 06:00:00,4620.0,4636.534,4620.0,4636.534
2026-01-06 07:00:00,4636.538,4649.265,4636.538,4649.265
2026-01-06 08:00:00,4649.27,4652.325,4641.146,4650.406
2026-01-06 09:00:00,4650.412,4662.255,4650.412,4656.017
2026-01-06 10:00:00,4656.021,4666.619,4656.021,4660.298
2026-01-06 11:00:00,4660.3,4677.088,4660.3,4677.088
2026-01-06 12:00:00,4677.09,4684.214,4675.503,4683.327
2026-01-06 13:00:00,4683.332,4685.436,4668.87,4672.794
2026-01-06 14:00:00,4672.795,4676.829,4650.539,4652.897
2026-01-06 15:00:00,4652.902,4656.76,4639.232,4649.805
2026-01-06 16:00:00,4649.805,4659.478,4646.397,4652.706
2026-01-06 17:00:00,4652.714,4652.938,4633.043,4633.094
2026-01-06 18:00:00,4633.104,4635.133,4619.156,4619.33
2026-01-06 19:00:00,4619.337,4624.831,4610.746,4613.083
2026-01-06 20:00:00,4613.085,4617.86,4608.281,4611.585
2026-01-06 21:00:00,4611.589,4620.443,4609.327,4620.443
2026-01-06 22:00:00,4620.454,4624.447,4613.547,4616.515
2026-01-06 23:00:00,4616.515,4628.562,4614.69,4627.782
2026-01-07 00:00:00,4627.788,4629.188,4616.478,4619.275
2026-01-07 01:00:00,4619.277,4626.48,4617.258,4626.48
2026-01-07 02:00:00,4626.488,4636.752,4626.488,4631.213
2026-01-07 03:00:00,4631.215,4634.268,4625.481,4634.268
2026-01-07 04:00:00,4634.272,4641.854,4630.363,4632.964
2026-01-07 05:00:00,4632.966,4639.301,4624.981,4630.254
2026-01-07 06:00:00,4630.263,4643.115,4630.263,4643.115
2026-01-07 07:00:00,4643.118,4645.356,4635.59,4638.49
2026-01-07 08:00:00,4638.497,4643.274,4635.901,4637.801
2026-01-07 09:00:00,4637.812,4641.833,4632.069,4640.322
2026-01-07 10:00:00,4640.329,4646.431,4628.402,4634.156
2026-01-07 11:00:00,4634.161,4638.302,4630.396,4634.504
2026-01-07 12:00:00,4634.504,4634.605,4621.774,4629.631
2026-01-07 13:00:00,4629.634,4633.83,4620.912,4625.127
2026-01-07 14:00:00,4625.128,4637.892,4625.128,4634.934
2026-01-07 15:00:00,4634.939,4637.957,4627.528,4637.957
2026-01-07 16:00:00,4637.959,4652.539,4637.959,4652.539
2026-01-07 17:00:00,4652.545,4663.271,4652.545,4663.271
2026-01-07 18:00:00,4663.275,4674.427,4663.275,4671.466
2026-01-07 19:00:00,4671.466,4686.715,4671.466,4684.483
2026-01-07 20:00:00,4684.489,4693.058,4678.461,4679.682
2026-01-07 21:00:00,4679.684,4683.073,4669.32,4682.821
2026-01-07 22:00:00,4682.829,4683.372,4670.03,4676.21
2026-01-07 23:00:00,4676.212,4681.167,4675.555,4677.82
2026-01-08 00:00:00,4677.823,4683.721,4668.792,4673.258
2026-01-08 01:00:00,4673.268,4680.786,4672.545,4680.786
2026-01-08 02:00:00,4680.792,4691.247,4677.161,4678.074
2026-01-08 03:00:00,4678.079,4680.069,4672.144,4678.763
2026-01-08 04:00:00,4678.768,4682.574,4673.078,4682.574
2026-01-08 05:00:00,4682.578,4697.816,4682.548,4696.742
2026-01-08 06:00:00,4696.749,4698.872,4684.442,4690.34
2026-01-08 07:00:00,4690.348,4695.62,4679.831,4695.62
2026-01-08 08:00:00,4695.626,4712.472,4695.626,4712.472
2026-01-08 09:00:00,4712.472,4715.258,4705.217,4714.667
2026-01-08 10:00:00,4714.674,4714.827,4693.494,4696.232
2026-01-08 11:00:00,4696.236,4700.193,4690.379,4697.136
2026-01-08 12:00:00,4697.141,4707.604,4695.959,4707.604
2026-01-08 13:00:00,4707.608,4714.811,4706.356,4707.527
2026-01-08 14:00:00,4707.532,4712.307,4695.797,4705.574
2026-01-08 15:00:00,4705.579,4720.965,4705.579,4706.696
2026-01-08 16:00:00,4706.698,4717.338,4706.698,4711.152
2026-01-08 17:00:00,4711.164,4711.942,4697.587,4701.192
2026-01-08 18:00:00,4701.204,4701.368,4687.716,4695.311
2026-01-08 19:00:00,4695.314,4699.969,4671.504,4674.893
2026-01-08 20:00:00,4674.901,4675.456,4663.888,4669.501
2026-01-08 21:00:00,4669.506,4670.455,4652.839,4664.922
2026-01-08 22:00:00,4664.927,4677.717,4662.688,4665.126
2026-01-08 23:00:00,4665.126,4666.919,4650.486,4656.982
2026-01-09 00:00:00,4656.994,4667.222,4656.994,4666.674
2026-01-09 01:00:00,4666.677,4683.657,4666.677,4683.657
2026-01-09 02:00:00,4683.659,4692.075,4677.08,4692.075
2026-01-09 03:00:00,4692.083,4696.956,4688.047,4696.956
2026-01-09 04:00:00,4696.957,4704.673,4695.18,4695.405
2026-01-09 05:00:00,4695.41,4704.68,4693.594,4704.68
2026-01-09 06:00:00,4704.688,4709.744,4695.519,4697.118
2026-01-09 07:00:00,4697.127,4704.043,4692.297,4700.859
2026-01-09 08:00:00,4700.864,4706.209,4693.703,4694.754
2026-01-09 09:00:00,4694.76,4711.552,4694.76,4711.552
2026-01-09 10:00:00,4711.558,4722.141,4711.558,4715.475
2026-01-09 11:00:00,4715.487,4718.159,4703.558,4705.826
2026-01-09 12:00:00,4705.828,4715.588,4705.828,4711.658
2026-01-09 13:00:00,4711.658,4722.393,4711.658,4718.344
2026-01-09 14:00:00,4718.352,4729.371,4718.352,4720.824
2026-01-09 15:00:00,4720.827,4726.813,4712.491,4726.813
2026-01-09 16:00:00,4726.814,4737.105,4724.351,4737.105
2026-01-09 17:00:00,4737.107,4751.823,4737.107,4746.757
2026-01-09 18:00:00,4746.757,4747.742,4731.953,4738.412
2026-01-09 19:00:00,4738.416,4749.638,4738.416,4747.416
2026-01-09 20:00:00,4747.417,4753.416,4744.826,4751.358
2026-01-09 21:00:00,4751.359,4753.976,4732.681,4733.2
2026-01-09 22:00:00,4733.202,4743.418,4733.202,4737.244
2026-01-09 23:00:00,4737.248,4738.826,4728.271,4731.29
2026-01-10 00:00:00,4731.293,4745.603,4731.293,4744.41
2026-01-10 01:00:00,4744.415,4761.624,4744.415,4761.624
2026-01-10 02:00:00,4761.624,4779.12,4761.624,4779.12
2026-01-10 03:00:00,4779.122,4779.257,4762.529,4767.681
2026-01-10 04:00:00,4767.686,4783.09,4767.686,4783.09
2026-01-10 05:00:00,4783.092,4795.223,4783.092,4788.185
2026-01-10 06:00:00,4788.189,4796.443,4784.8,4795.657
2026-01-10 07:00:00,4795.661,4810.231,4795.661,4810.231
2026-01-10 08:00:00,4810.232,4823.723,4808.804,4823.723
2026-01-10 09:00:00,4823.734,4833.422,4823.734,4833.422
2026-01-10 10:00:00,4833.433,4833.586,4806.569,4806.63
2026-01-10 11:00:00,4806.632,4819.511,4806.632,4814.129
2026-01-10 12:00:00,4814.135,4816.114,4800.214,4809.417
2026-01-10 13:00:00,4809.423,4811.101,4798.561,4805.597
2026-01-10 14:00:00,4805.604,4806.235,4776.504,4780.43
2026-01-10 15:00:00,4780.438,4791.436,4779.768,4788.446
2026-01-10 16:00:00,4788.446,4799.467,4786.319,4799.467
2026-01-10 17:00:00,4799.474,4806.425,4796.745,4803.699
2026-01-10 18:00:00,4803.7,4807.207,4775.95,4780.838
2026-01-10 19:00:00,4780.841,4788.249,4775.213,4780.442
2026-01-10 20:00:00,4780.447,4789.05,4773.6,4773.692
2026-01-10 21:00:00,4773.701,4774.632,4764.503,4766.519
2026-01-10 22:00:00,4766.524,4776.898,4766.524,4775.569
2026-01-10 23:00:00,4775.575,4789.785,4775.575,4785.546
2026-01-11 00:00:00,4785.554,4787.096,4771.781,4785.995
2026-01-11 01:00:00,4786.001,4789.524,4777.713,4779.036
2026-01-11 02:00:00,4779.037,4787.697,4776.184,4777.567
2026-01-11 03:00:00,4777.567,4789.847,4776.003,4789.847
2026-01-11 04:00:00,4789.852,4801.194,4788.351,4801.194
2026-01-11 05:00:00,4801.201,4807.874,4793.372,4796.007
2026-01-11 06:00:00,4796.016,4803.337,4794.349,4798.699
2026-01-11 07:00:00,4798.709,4801.525,4791.481,4801.525
2026-01-11 08:00:00,4801.527,4803.348,4774.471,4778.077
2026-01-11 09:00:00,4778.078,4789.308,4778.078,4783.471
2026-01-11 10:00:00,4783.471,4785.371,4773.759,4782.543
2026-01-11 11:00:00,4782.544,4785.347,4769.232,4772.107
2026-01-11 12:00:00,4772.109,4782.505,4769.221,4781.226
2026-01-11 13:00:00,4781.234,4798.252,4781.234,4798.252
2026-01-11 14:00:00,4798.256,4802.974,4793.064,4802.974
2026-01-11 15:00:00,4802.982,4805.854,4791.576,4794.949
2026-01-11 16:00:00,4794.949,4799.604,4791.368,4793.499
2026-01-11 17:00:00,4793.504,4799.464,4786.541,4788.646
2026-01-11 18:00:00,4788.653,4800.569,4788.653,4794.839
2026-01-11 19:00:00,4794.849,4807.678,4794.849,4801.903
2026-01-11 20:00:00,4801.91,4804.36,4789.93,4800.73
2026-01-11 21:00:00,4800.731,4818.223,4800.731,4818.223
2026-01-11 22:00:00,4818.223,4824.255,4813.724,4821.168
2026-01-11 23:00:00,4821.178,4825.527,4801.242,4803.188
2026-01-12 00:00:00,4803.193,4808.61,4798.106,4807.683
2026-01-12 01:00:00,4807.689,4816.51,4802.796,4816.51
2026-01-12 02:00:00,4816.518,4831.94,4816.518,4824.803
2026-01-12 03:00:00,4824.805,4830.877,4819.776,4830.877
2026-01-12 04:00:00,4830.877,4841.555,4830.401,4837.531
2026-01-12 05:00:00,4837.537,4845.285,4834.173,4838.84
2026-01-12 06:00:00,4838.844,4851.975,4838.844,4845.711
2026-01-12 07:00:00,4845.722,4853.059,4842.502,4853.059
2026-01-12 08:00:00,4853.064,4859.132,4844.907,4853.325
2026-01-12 09:00:00,4853.33,4862.38,4849.325,4852.143
2026-01-12 10:00:00,4852.145,4855.752,4837.297,4844.39
2026-01-12 11:00:00,4844.398,4847.709,4837.602,4841.141
2026-01-12 12:00:00,4841.149,4843.317,4819.434,4819.878
2026-01-12 13:00:00,4819.878,4826.452,4818.023,4820.726
2026-01-12 14:00:00,4820.734,4829.933,4820.734,4829.933
2026-01-12 15:00:00,4829.942,4832.976,4822.195,4827.609
2026-01-12 16:00:00,4827.609,4834.319,4825.334,4828.301
2026-01-12 17:00:00,4828.306,4839.304,4823.9,4830.402
2026-01-12 18:00:00,4830.408,4833.373,4815.361,4817.935
2026-01-12 19:00:00,4817.935,4827.933,4816.356,4821.013
2026-01-12 20:00:00,4821.014,4833.181,4818.388,4833.181
2026-01-12 21:00:00,4833.183,4847.58,4833.183,4836.6
2026-01-12 22:00:00,4836.606,4837.507,4807.376,4812.469
2026-01-12 23:00:00,4812.471,4814.624,4801.953,4810.972
2026-01-13 00:00:00,4810.973,4815.378,4810.942,4813.764
2026-01-13 01:00:00,4813.768,4820.317,4796.566,4802.121
2026-01-13 02:00:00,4802.121,4815.617,4802.121,4806.801
2026-01-13 03:00:00,4806.802,4809.965,4801.379,4808.189
2026-01-13 04:00:00,4808.191,4815.324,4808.191,4814.657
2026-01-13 05:00:00,4814.665,4825.26,4813.312,4825.26
2026-01-13 06:00:00,4825.271,4832.942,4815.311,4815.371
2026-01-13 07:00:00,4815.379,4815.805,4801.686,4804.55
2026-01-13 08:00:00,4804.557,4814.644,4802.486,4805.337
2026-01-13 09:00:00,4805.338,4819.211,4803.462,4819.211
2026-01-13 10:00:00,4819.215,4820.09,4805.308,4815.492
2026-01-13 11:00:00,4815.498,4815.589,4801.765,4812.375
2026-01-13 12:00:00,4812.378,4812.511,4776.073,4776.679
2026-01-13 13:00:00,4776.684,4791.236,4775.157,4775.809
2026-01-13 14:00:00,4775.814,4783.927,4775.814,4778.356
2026-01-13 15:00:00,4778.368,4786.597,4778.3,4786.597
2026-01-13 16:00:00,4786.605,4794.031,4784.602,4789.146
2026-01-13 17:00:00,4789.147,4801.712,4789.147,4801.712
2026-01-13 18:00:00,4801.715,4806.426,4797.015,4803.194
2026-01-13 19:00:00,4803.201,4805.883,4780.777,4785.556
2026-01-13 20:00:00,4785.558,4802.629,4785.558,4801.255
2026-01-13 21:00:00,4801.257,4802.107,4785.814,4794.268
2026-01-13 22:00:00,4794.274,4800.707,4790.863,4800.707
2026-01-13 23:00:00,4800.714,4807.518,4796.224,4802.327
2026-01-14 00:00:00,4802.334,4814.067,4802.334,4808.316
2026-01-14 01:00:00,4808.319,4809.875,4794.939,4799.212
2026-01-14 02:00:00,4799.219,4816.388,4799.219,4816.388
2026-01-14 03:00:00,4816.394,4833.937,4816.394,4833.937
2026-01-14 04:00:00,4833.943,4842.842,4820.915,4822.243
2026-01-14 05:00:00,4822.243,4824.319,4798.456,4798.483
2026-01-14 06:00:00,4798.488,4810.774,4798.488,4804.607
2026-01-14 07:00:00,4804.615,4808.227,4789.33,4792.568
2026-01-14 08:00:00,4792.574,4800.749,4791.086,4800.749
2026-01-14 09:00:00,4800.75,4806.042,4793.624,4800.452
2026-01-14 10:00:00,4800.454,4802.637,4780.574,4785.971
2026-01-14 11:00:00,4785.975,4790.683,4766.991,4774.699
2026-01-14 12:00:00,4774.705,4778.272,4759.546,4765.29
2026-01-14 13:00:00,4765.299,4766.423,4726.774,4729.776
2026-01-14 14:00:00,4729.785,4732.935,4708.984,4712.75
2026-01-14 15:00:00,4712.761,4715.788,4704.515,4709.45
2026-01-14 16:00:00,4709.45,4711.778,4700.948,4707.567
2026-01-14 17:00:00,4707.572,4713.846,4704.098,4709.922
2026-01-14 18:00:00,4709.925,4716.572,4709.166,4713.41
2026-01-14 19:00:00,4713.411,4714.582,4702.147,4713.748
2026-01-14 20:00:00,4713.748,4715.181,4702.366,4710.087
2026-01-14 21:00:00,4710.095,4717.015,4710.095,4716.022
2026-01-14 22:00:00,4716.023,4723.21,4712.513,4713.434
2026-01-14 23:00:00,4713.436,4721.496,4713.436,4721.496
2026-01-15 00:00:00,4721.503,4728.094,4714.876,4715.36
2026-01-15 01:00:00,4715.366,4717.218,4700.599,4711.867
2026-01-15 02:00:00,4711.877,4718.463,4702.887,4707.138
2026-01-15 03:00:00,4707.139,4707.185,4695.734,4705.105
2026-01-15 04:00:00,4705.108,4706.331,4693.526,4696.748
2026-01-15 05:00:00,4696.749,4702.975,4684.373,4684.46
2026-01-15 06:00:00,4684.463,4699.119,4684.463,4699.119
2026-01-15 07:00:00,4699.124,4703.781,4681.132,4690.547
2026-01-15 08:00:00,4690.555,4697.584,4688.986,4696.024
2026-01-15 09:00:00,4696.025,4699.866,4680.653,4683.89
2026-01-15 10:00:00,4683.895,4687.079,4673.429,4678.84
2026-01-15 11:00:00,4678.849,4691.831,4678.849,4691.831
2026-01-15 12:00:00,4691.836,4692.799,4681.295,4686.449
2026-01-15 13:00:00,4686.452,4703.4,4686.452,4703.4
2026-01-15 14:00:00,4703.405,4711.991,4702.391,4702.541
2026-01-15 15:00:00,4702.544,4707.498,4697.919,4704.48
2026-01-15 16:00:00,4704.481,4715.418,4702.709,4715.418
2026-01-15 17:00:00,4715.423,4720.35,4701.959,4704.649
2026-01-15 18:00:00,4704.654,4721.563,4704.654,4718.405
2026-01-15 19:00:00,4718.407,4730.026,4718.407,4725.034
2026-01-15 20:00:00,4725.044,4733.188,4719.846,4720.578
2026-01-15 21:00:00,4720.584,4722.106,4699.46,4699.691
2026-01-15 22:00:00,4699.692,4701.65,4682.837,4692.52
2026-01-15 23:00:00,4692.531,4695.959,4686.915,4692.139
2026-01-16 00:00:00,4692.146,4706.848,4692.146,4702.237
2026-01-16 01:00:00,4702.237,4702.933,4689.783,4690.193
2026-01-16 02:00:00,4690.199,4698.791,4677.133,4677.997
2026-01-16 03:00:00,4678.0,4687.903,4678.0,4679.396
2026-01-16 04:00:00,4679.405,4694.626,4679.405,4694.626
2026-01-16 05:00:00,4694.636,4697.329,4683.276,4694.042
2026-01-16 06:00:00,4694.043,4706.038,4694.043,4706.038
2026-01-16 07:00:00,4706.041,4706.435,4692.021,4702.357
2026-01-16 08:00:00,4702.361,4705.121,4694.939,4701.367
2026-01-16 09:00:00,4701.368,4703.402,4688.329,4697.242
2026-01-16 10:00:00,4697.244,4706.389,4696.246,4698.16
2026-01-16 11:00:00,4698.163,4707.88,4698.163,4707.88
2026-01-16 12:00:00,4707.891,4720.173,4707.891,4720.173
2026-01-16 13:00:00,4720.176,4725.116,4704.935,4706.725
2026-01-16 14:00:00,4706.738,4709.757,4695.49,4696.209
2026-01-16 15:00:00,4696.212,4699.674,4685.241,4699.674
2026-01-16 16:00:00,4699.674,4713.942,4699.674,4713.942
2026-01-16 17:00:00,4713.945,4722.553,4711.028,4717.961
2026-01-16 18:00:00,4717.961,4723.772,4706.498,4707.005
2026-01-16 19:00:00,4707.007,4722.718,4707.007,4722.718
2026-01-16 20:00:00,4722.719,4734.265,4719.904,4721.406
2026-01-16 21:00:00,4721.411,4721.853,4708.953,4715.718
2026-01-16 22:00:00,4715.719,4716.438,4678.623,4679.564
2026-01-16 23:00:00,4679.571,4685.954,4675.591,4685.954
2026-01-17 00:00:00,4685.955,4694.416,4685.855,4689.486
2026-01-17 01:00:00,4689.487,4702.966,4689.487,4702.966
2026-01-17 02:00:00,4702.969,4713.551,4694.191,4696.82
2026-01-17 03:00:00,4696.826,4708.297,4691.561,4694.584
2026-01-17 04:00:00,4694.587,4698.062,4690.118,4696.131
2026-01-17 05:00:00,4696.133,4708.461,4696.133,4708.461
2026-01-17 06:00:00,4708.467,4721.059,4708.467,4718.339
2026-01-17 07:00:00,4718.343,4734.913,4718.343,4734.913
2026-01-17 08:00:00,4734.919,4736.892,4718.949,4721.323
2026-01-17 09:00:00,4721.326,4724.477,4706.674,4709.204
2026-01-17 10:00:00,4709.21,4720.48,4705.085,4705.149
2026-01-17 11:00:00,4705.151,4713.667,4699.541,4706.744
2026-01-17 12:00:00,4706.749,4709.596,4696.92,4697.614
2026-01-17 13:00:00,4697.617,4706.358,4697.617,4700.384
2026-01-17 14:00:00,4700.386,4710.449,4699.728,4710.449
2026-01-17 15:00:00,4710.452,4710.556,4691.379,4698.135
2026-01-17 16:00:00,4698.141,4711.379,4698.141,4706.582
2026-01-17 17:00:00,4706.591,4715.848,4703.847,4714.777
2026-01-17 18:00:00,4714.786,4714.953,4688.303,4692.858
2026-01-17 19:00:00,4692.859,4693.226,4685.683,4691.639
2026-01-17 20:00:00,4691.649,4705.819,4691.649,4705.819
2026-01-17 21:00:00,4705.825,4721.485,4705.825,4721.485
2026-01-17 22:00:00,4721.488,4725.805,4712.831,4719.683
2026-01-17 23:00:00,4719.689,4729.049,4719.689,4729.049
2026-01-18 00:00:00,4729.05,4738.051,4726.364,4726.369
2026-01-18 01:00:00,4726.373,4741.034,4726.373,4741.034
2026-01-18 02:00:00,4741.034,4754.597,4741.034,4754.275
2026-01-18 03:00:00,4754.279,4766.934,4754.279,4761.928
2026-01-18 04:00:00,4761.93,4762.812,4749.375,4760.242
2026-01-18 05:00:00,4760.242,4765.972,4755.608,4763.423
2026-01-18 06:00:00,4763.431,4774.033,4760.254,4768.378
2026-01-18 07:00:00,4768.381,4776.139,4768.381,4772.814
2026-01-18 08:00:00,4772.817,4785.899,4772.817,4774.086
2026-01-18 09:00:00,4774.087,4780.845,4766.807,4767.386
2026-01-18 10:00:00,4767.394,4782.512,4767.394,4776.261
2026-01-18 11:00:00,4776.266,4786.521,4772.125,4773.614
2026-01-18 12:00:00,4773.616,4786.878,4773.616,4782.252
2026-01-18 13:00:00,4782.26,4794.19,4782.26,4787.451
2026-01-18 14:00:00,4787.459,4804.545,4787.459,4804.545
2026-01-18 15:00:00,4804.546,4808.287,4770.888,4771.912
2026-01-18 16:00:00,4771.912,4780.444,4763.347,4765.132
2026-01-18 17:00:00,4765.136,4765.779,4740.786,4748.402
2026-01-18 18:00:00,4748.403,4755.846,4730.446,4732.511
2026-01-18 19:00:00,4732.515,4735.472,4727.667,4731.765
2026-01-18 20:00:00,4731.77,4735.992,4720.942,4725.967
2026-01-18 21:00:00,4725.973,4739.501,4725.973,4737.993
2026-01-18 22:00:00,4738.006,4742.401,4728.405,4733.068
2026-01-18 23:00:00,4733.069,4737.388,4728.526,4737.388
2026-01-19 00:00:00,4737.392,4748.712,4737.392,4743.573
2026-01-19 01:00:00,4743.573,4753.836,4741.486,4746.451
2026-01-19 02:00:00,4746.454,4747.672,4727.873,4731.734
2026-01-19 03:00:00,4731.734,4744.851,4729.504,4744.851
2026-01-19 04:00:00,4744.86,4745.663,4723.067,4724.051
2026-01-19 05:00:00,4724.056,4734.32,4719.92,4720.161
2026-01-19 06:00:00,4720.167,4720.584,4710.018,4715.404
2026-01-19 07:00:00,4715.41,4721.825,4711.572,4712.619
2026-01-19 08:00:00,4712.627,4723.359,4711.63,4722.768
2026-01-19 09:00:00,4722.78,4728.826,4718.51,4722.428
2026-01-19 10:00:00,4722.432,4732.382,4720.885,4732.072
2026-01-19 11:00:00,4732.079,4735.63,4715.582,4717.88
2026-01-19 12:00:00,4717.882,4719.537,4697.645,4709.715
2026-01-19 13:00:00,4709.721,4714.481,4698.846,4703.038
2026-01-19 14:00:00,4703.041,4703.932,4676.01,4681.374
2026-01-19 15:00:00,4681.377,4689.032,4676.818,4677.119
2026-01-19 16:00:00,4677.122,4686.336,4674.026,4686.336
2026-01-19 17:00:00,4686.338,4693.928,4662.403,4665.013
2026-01-19 18:00:00,4665.016,4676.907,4664.228,4664.367
2026-01-19 19:00:00,4664.377,4674.965,4664.377,4666.986
2026-01-19 20:00:00,4666.99,4668.024,4652.738,4662.422
2026-01-19 21:00:00,4662.427,4677.133,4662.427,4677.133
2026-01-19 22:00:00,4677.141,4677.413,4663.009,4671.718
2026-01-19 23:00:00,4671.719,4678.266,4669.015,4675.593
2026-01-20 00:00:00,4675.601,4676.121,4664.33,4674.489
2026-01-20 01:00:00,4674.489,4681.878,4673.868,4680.124
2026-01-20 02:00:00,4680.135,4685.531,4670.194,4671.271
2026-01-20 03:00:00,4671.277,4680.637,4671.277,4679.733
2026-01-20 04:00:00,4679.736,4689.56,4679.192,4685.769
2026-01-20 05:00:00,4685.776,4686.444,4665.233,4665.59
2026-01-20 06:00:00,4665.6,4673.287,4663.017,4670.743
2026-01-20 07:00:00,4670.744,4679.404,4662.685,4663.844
2026-01-20 08:00:00,4663.854,4664.878,4645.977,4649.833
2026-01-20 09:00:00,4649.837,4661.234,4649.837,4656.636
2026-01-20 10:00:00,4656.638,4663.302,4652.912,4658.111
2026-01-20 11:00:00,4658.118,4664.476,4651.268,4659.709
2026-01-20 12:00:00,4659.71,4665.649,4653.19,4660.884
2026-01-20 13:00:00,4660.887,4669.615,4660.578,4668.801
2026-01-20 14:00:00,4668.802,4677.635,4659.763,4659.974
2026-01-20 15:00:00,4659.978,4668.792,4659.722,4668.792
2026-01-20 16:00:00,4668.798,4670.897,4655.891,4664.225
2026-01-20 17:00:00,4664.229,4669.443,4651.318,4652.598
2026-01-20 18:00:00,4652.606,4661.103,4651.76,4654.18
2026-01-20 19:00:00,4654.184,4660.75,4648.341,4651.887
2026-01-20 20:00:00,4651.892,4661.45,4648.283,4659.634
2026-01-20 21:00:00,4659.636,4676.457,4659.636,4676.457
2026-01-20 22:00:00,4676.464,4686.293,4676.419,4684.212
2026-01-20 23:00:00,4684.215,4690.222,4678.564,4690.222
2026-01-21 00:00:00,4690.224,4694.645,4681.051,4687.539
2026-01-21 01:00:00,4687.541,4700.71,4687.541,4700.71
2026-01-21 02:00:00,4700.718,4703.56,4681.207,4684.131
2026-01-21 03:00:00,4684.134,4686.921,4674.814,4686.799
2026-01-21 04:00:00,4686.811,4688.494,4673.456,4679.961
2026-01-21 05:00:00,4679.962,4693.936,4679.962,4693.936
2026-01-21 06:00:00,4693.94,4700.325,4688.681,4694.355
2026-01-21 07:00:00,4694.356,4698.229,4686.908,4693.852
2026-01-21 08:00:00,4693.855,4702.086,4692.223,4702.086
2026-01-21 09:00:00,4702.088,4713.998,4702.088,4713.998
2026-01-21 10:00:00,4714.002,4727.614,4714.002,4717.105
2026-01-21 11:00:00,4717.115,4729.611,4717.115,4729.611
2026-01-21 12:00:00,4729.623,4734.948,4713.534,4716.786
2026-01-21 13:00:00,4716.793,4719.759,4710.1,4716.615
2026-01-21 14:00:00,4716.616,4719.131,4697.26,4698.835
2026-01-21 15:00:00,4698.841,4709.627,4695.4,4708.068
2026-01-21 16:00:00,4708.072,4714.807,4705.205,4706.363
2026-01-21 17:00:00,4706.369,4720.837,4704.793,4720.837
2026-01-21 18:00:00,4720.848,4735.008,4720.848,4728.951
2026-01-21 19:00:00,4728.951,4736.572,4724.885,4736.572
2026-01-21 20:00:00,4736.579,4745.935,4734.173,4745.935
2026-01-21 21:00:00,4745.943,4751.343,4741.492,4741.496
2026-01-21 22:00:00,4741.502,4746.158,4737.699,4746.158
2026-01-21 23:00:00,4746.162,4751.444,4741.187,4745.576
2026-01-22 00:00:00,4745.58,4746.449,4730.881,4746.449
2026-01-22 01:00:00,4746.453,4746.473,4734.253,4738.781
2026-01-22 02:00:00,4738.784,4745.267,4731.742,4740.527
2026-01-22 03:00:00,4740.531,4748.438,4730.832,4731.7
2026-01-22 04:00:00,4731.708,4746.927,4731.708,4746.927
2026-01-22 05:00:00,4746.932,4753.061,4741.199,4750.969
2026-01-22 06:00:00,4750.974,4751.512,4740.085,4747.957
2026-01-22 07:00:00,4747.962,4752.094,4743.679,4752.094
2026-01-22 08:00:00,4752.098,4763.167,4749.45,4759.93
2026-01-22 09:00:00,4759.932,4768.241,4754.93,4768.241
2026-01-22 10:00:00,4768.242,4772.783,4751.383,4756.034
2026-01-22 11:00:00,4756.035,4756.884,4724.725,4727.588
2026-01-22 12:00:00,4727.591,4731.486,4724.487,4726.963
2026-01-22 13:00:00,4726.97,4732.017,4706.766,4717.547
2026-01-22 14:00:00,4717.555,4734.529,4717.555,4734.529
2026-01-22 15:00:00,4734.529,4744.694,4732.545,4735.452
2026-01-22 16:00:00,4735.453,4740.874,4728.398,4729.302
2026-01-22 17:00:00,4729.309,4736.206,4721.708,4731.327
2026-01-22 18:00:00,4731.328,4736.959,4724.57,4734.893
2026-01-22 19:00:00,4734.897,4743.604,4734.144,4740.269
2026-01-22 20:00:00,4740.275,4746.055,4735.073,4737.121
2026-01-22 21:00:00,4737.122,4747.9,4737.122,4744.061
2026-01-22 22:00:00,4744.063,4747.504,4732.716,4747.504
2026-01-22 23:00:00,4747.507,4764.894,4747.507,4764.894
2026-01-23 00:00:00,4764.9,4779.157,4764.9,4776.286
2026-01-23 01:00:00,4776.289,4776.862,4766.28,4774.673
2026-01-23 02:00:00,4774.676,4779.139,4765.325,4771.287
2026-01-23 03:00:00,4771.291,4777.898,4747.411,4751.418
2026-01-23 04:00:00,4751.422,4755.688,4713.674,4715.073
2026-01-23 05:00:00,4715.081,4727.425,4715.081,4727.425
2026-01-23 06:00:00,4727.427,4735.418,4718.51,4719.399
2026-01-23 07:00:00,4719.412,4723.547,4708.488,4711.347
2026-01-23 08:00:00,4711.347,4712.457,4700.909,4710.513
2026-01-23 09:00:00,4710.517,4718.775,4701.118,4701.156
2026-01-23 10:00:00,4701.156,4711.008,4697.46,4698.493
2026-01-23 11:00:00,4698.494,4708.511,4692.635,4696.875
2026-01-23 12:00:00,4696.878,4710.08,4693.67,4694.104
2026-01-23 13:00:00,4694.109,4697.865,4681.112,4683.035
2026-01-23 14:00:00,4683.041,4699.977,4683.041,4699.977
2026-01-23 15:00:00,4699.981,4706.952,4693.958,4697.839
2026-01-23 16:00:00,4697.842,4710.924,4697.842,4705.515
2026-01-23 17:00:00,4705.523,4720.438,4705.523,4719.297
2026-01-23 18:00:00,4719.301,4727.151,4719.301,4724.226
2026-01-23 19:00:00,4724.235,4726.473,4714.2,4724.804
2026-01-23 20:00:00,4724.805,4736.682,4724.805,4736.682
2026-01-23 21:00:00,4736.693,4747.895,4736.693,4742.023
2026-01-23 22:00:00,4742.023,4758.859,4742.023,4758.859
2026-01-23 23:00:00,4758.86,4773.707,4757.075,4773.707
2026-01-24 00:00:00,4773.712,4783.431,4773.457,4780.969
2026-01-24 01:00:00,4780.975,4787.395,4779.152,4782.106
2026-01-24 02:00:00,4782.112,4783.058,4754.935,4759.874
2026-01-24 03:00:00,4759.88,4764.346,4749.598,4749.851
2026-01-24 04:00:00,4749.857,4760.38,4746.931,4760.38
2026-01-24 05:00:00,4760.387,4765.808,4750.455,4765.808
2026-01-24 06:00:00,4765.813,4769.166,4753.918,4765.062
2026-01-24 07:00:00,4765.078,4768.113,4756.015,4759.471
2026-01-24 08:00:00,4759.476,4761.281,4749.308,4754.927
2026-01-24 09:00:00,4754.935,4772.437,4754.935,4772.437
2026-01-24 10:00:00,4772.443,4783.82,4769.315,4783.82
2026-01-24 11:00:00,4783.825,4789.946,4774.346,4789.946
2026-01-24 12:00:00,4789.948,4805.174,4789.948,4805.174
2026-01-24 13:00:00,4805.182,4819.058,4805.182,4819.058
2026-01-24 14:00:00,4819.059,4828.404,4811.335,4814.81
2026-01-24 15:00:00,4814.822,4822.843,4810.201,4819.889
2026-01-24 16:00:00,4819.893,4822.543,4811.859,4817.614
2026-01-24 17:00:00,4817.62,4824.594,4813.522,4815.287
2026-01-24 18:00:00,4815.296,4826.886,4815.147,4826.886
2026-01-24 19:00:00,4826.888,4829.51,4802.005,4802.05
2026-01-24 20:00:00,4802.053,4809.181,4794.812,4803.408
2026-01-24 21:00:00,4803.413,4810.488,4802.248,4804.111
2026-01-24 22:00:00,4804.113,4809.139,4798.834,4800.842
2026-01-24 23:00:00,4800.85,4811.487,4787.595,4788.18
2026-01-25 00:00:00,4788.189,4803.754,4788.189,4803.754
2026-01-25 01:00:00,4803.758,4810.648,4793.145,4796.008
2026-01-25 02:00:00,4796.018,4799.055,4750.38,4753.475
2026-01-25 03:00:00,4753.476,4757.333,4748.307,4749.346
2026-01-25 04:00:00,4749.357,4753.688,4744.195,4753.047
2026-01-25 05:00:00,4753.052,4753.079,4737.139,4742.478
2026-01-25 06:00:00,4742.48,4747.394,4736.973,4742.613
2026-01-25 07:00:00,4742.617,4751.097,4741.691,4750.116
2026-01-25 08:00:00,4750.126,4757.224,4745.243,4752.566
2026-01-25 09:00:00,4752.572,4754.693,4746.76,4750.864
2026-01-25 10:00:00,4750.871,4761.178,4745.015,4745.934
2026-01-25 11:00:00,4745.938,4752.926,4742.665,4749.2
2026-01-25 12:00:00,4749.203,4752.987,4743.396,4746.234
2026-01-25 13:00:00,4746.237,4755.484,4742.039,4755.484
2026-01-25 14:00:00,4755.488,4757.432,4732.502,4739.299
2026-01-25 15:00:00,4739.305,4748.416,4736.023,4747.012
2026-01-25 16:00:00,4747.017,4752.491,4741.944,4752.491
2026-01-25 17:00:00,4752.498,4754.97,4746.249,4754.97
2026-01-25 18:00:00,4754.974,4757.283,4745.174,4746.394
2026-01-25 19:00:00,4746.399,4753.918,4743.874,4749.93
2026-01-25 20:00:00,4749.936,4754.071,4746.138,4753.597
2026-01-25 21:00:00,4753.598,4762.882,4753.598,4758.034
2026-01-25 22:00:00,4758.035,4764.705,4754.665,4761.155
2026-01-25 23:00:00,4761.156,4772.037,4761.156,4764.023
2026-01-26 00:00:00,4764.029,4772.538,4760.027,4766.955
2026-01-26 01:00:00,4766.963,4784.058,4766.963,4784.058
2026-01-26 02:00:00,4784.064,4799.626,4784.064,4799.626
2026-01-26 03:00:00,4799.634,4813.365,4799.634,4813.365
2026-01-26 04:00:00,4813.371,4822.816,4807.521,4822.816
2026-01-26 05:00:00,4822.818,4832.554,4808.848,4811.969
2026-01-26 06:00:00,4811.971,4829.153,4811.971,4829.153
2026-01-26 07:00:00,4829.153,4837.03,4827.582,4837.03
2026-01-26 08:00:00,4837.041,4841.59,4829.664,4841.226
2026-01-26 09:00:00,4841.227,4849.884,4840.758,4849.884
2026-01-26 10:00:00,4849.892,4856.973,4836.585,4837.435
2026-01-26 11:00:00,4837.439,4841.88,4822.629,4830.173
2026-01-26 12:00:00,4830.174,4834.025,4815.607,4817.364
2026-01-26 13:00:00,4817.368,4825.7,4814.09,4818.088
2026-01-26 14:00:00,4818.089,4820.183,4795.954,4801.643
2026-01-26 15:00:00,4801.653,4801.958,4784.409,4787.519
2026-01-26 16:00:00,4787.521,4795.488,4778.61,4783.915
2026-01-26 17:00:00,4783.92,4791.884,4775.342,4778.488
2026-01-26 18:00:00,4778.495,4791.292,4778.495,4789.841
2026-01-26 19:00:00,4789.845,4802.397,4789.845,4796.415
2026-01-26 20:00:00,4796.425,4810.203,4796.425,4810.203
2026-01-26 21:00:00,4810.207,4810.569,4794.195,4806.69
2026-01-26 22:00:00,4806.694,4813.949,4803.266,4813.949
2026-01-26 23:00:00,4813.951,4823.023,4807.15,4823.023
2026-01-27 00:00:00,4823.027,4827.963,4814.654,4814.678
2026-01-27 01:00:00,4814.681,4816.365,4781.198,4791.019
2026-01-27 02:00:00,4791.022,4796.375,4782.32,4782.607
2026-01-27 03:00:00,4782.608,4798.497,4782.608,4798.497
2026-01-27 04:00:00,4798.508,4803.708,4796.496,4803.245
2026-01-27 05:00:00,4803.25,4811.906,4799.88,4811.906
2026-01-27 06:00:00,4811.91,4813.566,4798.371,4801.498
2026-01-27 07:00:00,4801.503,4802.516,4789.165,4794.43
2026-01-27 08:00:00,4794.433,4803.625,4794.433,4798.207
2026-01-27 09:00:00,4798.214,4807.126,4795.22,4804.067
2026-01-27 10:00:00,4804.072,4810.92,4804.072,4810.92
2026-01-27 11:00:00,4810.927,4813.61,4790.701,4794.432
2026-01-27 12:00:00,4794.44,4804.534,4794.44,4804.534
2026-01-27 13:00:00,4804.543,4807.305,4788.129,4788.695
2026-01-27 14:00:00,4788.7,4795.701,4785.575,4791.771
2026-01-27 15:00:00,4791.775,4799.943,4787.097,4788.801
2026-01-27 16:00:00,4788.801,4798.218,4783.276,4795.197
2026-01-27 17:00:00,4795.198,4799.797,4790.831,4795.039
2026-01-27 18:00:00,4795.048,4803.416,4795.048,4803.416
2026-01-27 19:00:00,4803.416,4810.992,4800.953,4803.273
2026-01-27 20:00:00,4803.276,4814.865,4803.276,4814.865
2026-01-27 21:00:00,4814.876,4823.587,4813.146,4819.659
2026-01-27 22:00:00,4819.666,4820.611,4806.208,4808.995
2026-01-27 23:00:00,4809.005,4815.689,4802.442,4810.556
2026-01-28 00:00:00,4810.565,4819.182,4807.162,4808.813
2026-01-28 01:00:00,4808.815,4826.104,4808.815,4826.104
2026-01-28 02:00:00,4826.105,4843.499,4826.105,4843.499
2026-01-28 03:00:00,4843.509,4848.791,4839.162,4848.791
2026-01-28 04:00:00,4848.798,4854.154,4840.899,4848.734
2026-01-28 05:00:00,4848.743,4865.897,4848.743,4865.105
2026-01-28 06:00:00,4865.112,4878.791,4864.561,4878.791
2026-01-28 07:00:00,4878.797,4887.603,4877.01,4887.603
2026-01-28 08:00:00,4887.603,4891.285,4875.803,4881.965
2026-01-28 09:00:00,4881.973,4882.264,4872.908,4881.255
2026-01-28 10:00:00,4881.263,4890.367,4871.733,4873.497
2026-01-28 11:00:00,4873.503,4880.77,4867.671,4872.704
2026-01-28 12:00:00,4872.719,4882.871,4872.719,4878.553
2026-01-28 13:00:00,4878.556,4885.174,4876.388,4884.931
2026-01-28 14:00:00,4884.936,4899.828,4883.381,4899.828
2026-01-28 15:00:00,4899.828,4911.327,4894.645,4896.083
2026-01-28 16:00:00,4896.084,4897.833,4885.427,4897.833
2026-01-28 17:00:00,4897.835,4900.862,4883.668,4887.388
2026-01-28 18:00:00,4887.391,4905.077,4887.391,4905.077
2026-01-28 19:00:00,4905.078,4915.462,4901.784,4915.462
2026-01-28 20:00:00,4915.47,4925.971,4914.019,4925.971
2026-01-28 21:00:00,4925.984,4931.997,4913.05,4913.78
2026-01-28 22:00:00,4913.789,4924.459,4911.192,4915.296
2026-01-28 23:00:00,4915.303,4924.412,4915.303,4923.748
2026-01-29 00:00:00,4923.748,4929.914,4918.449,4921.294
2026-01-29 01:00:00,4921.303,4932.528,4921.303,4928.667
2026-01-29 02:00:00,4928.675,4929.197,4917.455,4928.893
2026-01-29 03:00:00,4928.894,4938.27,4918.558,4920.283
2026-01-29 04:00:00,4920.287,4924.4,4904.811,4913.227
2026-01-29 05:00:00,4913.228,4924.656,4899.553,4899.559
2026-01-29 06:00:00,4899.567,4906.346,4889.865,4891.325
2026-01-29 07:00:00,4891.327,4894.818,4883.795,4886.108
2026-01-29 08:00:00,4886.121,4897.646,4886.121,4897.646
2026-01-29 09:00:00,4897.648,4900.05,4875.969,4876.334
2026-01-29 10:00:00,4876.34,4887.32,4872.26,4887.32
2026-01-29 11:00:00,4887.324,4890.885,4867.859,4871.685
2026-01-29 12:00:00,4871.691,4885.867,4871.691,4885.867
2026-01-29 13:00:00,4885.873,4889.338,4859.081,4860.829
2026-01-29 14:00:00,4860.837,4868.95,4851.895,4852.76
2026-01-29 15:00:00,4852.768,4854.072,4837.854,4846.302
2026-01-29 16:00:00,4846.305,4862.395,4846.305,4849.753
2026-01-29 17:00:00,4849.762,4853.612,4822.669,4823.253
2026-01-29 18:00:00,4823.256,4824.043,4811.805,4821.945
2026-01-29 19:00:00,4821.949,4824.781,4812.484,4821.073
2026-01-29 20:00:00,4821.077,4834.872,4821.077,4832.071
2026-01-29 21:00:00,4832.079,4832.912,4822.592,4826.881
2026-01-29 22:00:00,4826.894,4829.914,4818.749,4829.914
2026-01-29 23:00:00,4829.916,4837.815,4829.916,4835.906
2026-01-30 00:00:00,4835.907,4836.568,4796.902,4797.363
2026-01-30 01:00:00,4797.364,4801.965,4791.596,4795.726
2026-01-30 02:00:00,4795.731,4804.102,4793.92,4795.437
2026-01-30 03:00:00,4795.44,4810.784,4795.44,4805.899
2026-01-30 04:00:00,4805.9,4817.682,4804.926,4817.682
2026-01-30 05:00:00,4817.69,4826.29,4816.046,4822.931
2026-01-30 06:00:00,4822.937,4824.568,4801.573,4802.4
2026-01-30 07:00:00,4802.403,4817.336,4802.403,4814.728
2026-01-30 08:00:00,4814.736,4827.074,4814.736,4823.494
2026-01-30 09:00:00,4823.501,4833.183,4819.911,4832.987
2026-01-30 10:00:00,4832.991,4841.196,4810.24,4811.222
2026-01-30 11:00:00,4811.226,4812.2,4792.652,4794.215
2026-01-30 12:00:00,4794.222,4811.276,4794.222,4811.276
2026-01-30 13:00:00,4811.278,4813.135,4800.643,4812.337
2026-01-30 14:00:00,4812.342,4817.459,4806.258,4811.613
2026-01-30 15:00:00,4811.616,4811.858,4790.448,4792.826
2026-01-30 16:00:00,4792.831,4807.678,4782.679,4782.71
2026-01-30 17:00:00,4782.71,4790.756,4779.839,4787.027
2026-01-30 18:00:00,4787.029,4793.286,4778.887,4779.533
2026-01-30 19:00:00,4779.534,4782.109,4769.44,4778.63
2026-01-30 20:00:00,4778.636,4783.808,4769.984,4774.351
2026-01-30 21:00:00,4774.353,4781.029,4774.244,4780.383
2026-01-30 22:00:00,4780.391,4790.677,4780.391,4789.694
2026-01-30 23:00:00,4789.696,4806.935,4789.696,4806.935
2026-01-31 00:00:00,4806.937,4824.501,4806.937,4824.501
2026-01-31 01:00:00,4824.508,4832.036,4820.453,4821.975
2026-01-31 02:00:00,4821.986,4826.853,4802.532,4807.348
2026-01-31 03:00:00,4807.351,4821.899,4807.351,4821.899
2026-01-31 04:00:00,4821.908,4830.742,4817.017,4820.856
2026-01-31 05:00:00,4820.865,4833.181,4820.865,4833.181
2026-01-31 06:00:00,4833.183,4848.674,4833.183,4840.04
2026-01-31 07:00:00,4840.047,4842.169,4820.009,4824.145
2026-01-31 08:00:00,4824.149,4835.871,4824.149,4825.162
2026-01-31 09:00:00,4825.167,4837.031,4825.167,4837.031
2026-01-31 10:00:00,4837.039,4846.467,4835.458,4846.467
2026-01-31 11:00:00,4846.468,4853.567,4838.798,4853.567
2026-01-31 12:00:00,4853.57,4859.01,4851.839,4858.415
2026-01-31 13:00:00,4858.421,4858.635,4841.433,4844.147
2026-01-31 14:00:00,4844.153,4853.958,4844.153,4853.208
2026-01-31 15:00:00,4853.219,4857.2,4848.436,4855.836
2026-01-31 16:00:00,4855.839,4864.944,4851.437,4851.492
2026-01-31 17:00:00,4851.5,4853.414,4844.884,4852.987
2026-01-31 18:00:00,4852.998,4854.557,4845.07,4852.073
2026-01-31 19:00:00,4852.079,4856.355,4845.524,4847.62
2026-01-31 20:00:00,4847.622,4849.12,4818.96,4821.161
2026-01-31 21:00:00,4821.163,4834.28,4821.163,4827.478
2026-01-31 22:00:00,4827.484,4844.801,4827.484,4840.661
2026-01-31 23:00:00,4840.671,4844.639,4824.41,4828.282
2026-02-01 00:00:00,4828.292,4841.585,4828.292,4840.035
2026-02-01 01:00:00,4840.039,4848.435,4838.368,4841.895
2026-02-01 02:00:00,4841.899,4842.874,4825.324,4836.781
2026-02-01 03:00:00,4836.785,4847.563,4835.69,4847.563
2026-02-01 04:00:00,4847.564,4851.992,4842.402,4850.664
2026-02-01 05:00:00,4850.672,4865.355,4850.672,4865.355
2026-02-01 06:00:00,4865.356,4882.939,4865.356,4882.939
2026-02-01 07:00:00,4882.942,4888.104,4873.647,4879.329
2026-02-01 08:00:00,4879.336,4890.45,4879.336,4886.334
2026-02-01 09:00:00,4886.343,4886.971,4866.459,4877.465
2026-02-01 10:00:00,4877.467,4894.855,4877.467,4894.855
2026-02-01 11:00:00,4894.863,4897.211,4884.562,4891.224
2026-02-01 12:00:00,4891.231,4891.284,4858.154,4863.021
2026-02-01 13:00:00,4863.029,4865.514,4848.296,4852.982
2026-02-01 14:00:00,4852.983,4861.688,4852.983,4860.598
2026-02-01 15:00:00,4860.6,4873.393,4860.6,4873.393
2026-02-01 16:00:00,4873.395,4884.719,4873.395,4884.719
2026-02-01 17:00:00,4884.725,4895.566,4884.725,4895.566
2026-02-01 18:00:00,4895.571,4906.917,4890.163,4893.626
2026-02-01 19:00:00,4893.632,4895.19,4880.344,4887.052
2026-02-01 20:00:00,4887.054,4893.488,4886.339,4893.488
2026-02-01 21:00:00,4893.499,4897.945,4885.958,4894.195
2026-02-01 22:00:00,4894.201,4898.286,4881.86,4884.566
2026-02-01 23:00:00,4884.572,4896.034,4884.572,4896.034
2026-02-02 00:00:00,4896.043,4910.075,4895.914,4908.778
2026-02-02 01:00:00,4908.781,4911.672,4897.615,4911.672
2026-02-02 02:00:00,4911.672,4922.066,4911.672,4916.373
2026-02-02 03:00:00,4916.374,4921.294,4910.936,4921.294
2026-02-02 04:00:00,4921.299,4926.733,4913.974,4926.733
2026-02-02 05:00:00,4926.743,4940.034,4926.743,4940.034
2026-02-02 06:00:00,4940.043,4940.336,4929.979,4930.999
2026-02-02 07:00:00,4931.012,4945.546,4931.012,4945.546
2026-02-02 08:00:00,4945.555,4949.618,4934.382,4935.761
2026-02-02 09:00:00,4935.765,4942.06,4935.657,4942.06
2026-02-02 10:00:00,4942.061,4957.1,4942.061,4953.051
2026-02-02 11:00:00,4953.057,4958.016,4945.52,4955.961
2026-02-02 12:00:00,4955.967,4964.157,4918.275,4919.849
2026-02-02 13:00:00,4919.852,4930.908,4911.213,4912.828
2026-02-02 14:00:00,4912.829,4923.719,4912.659,4912.748
2026-02-02 15:00:00,4912.749,4916.639,4904.982,4911.163
2026-02-02 16:00:00,4911.164,4924.604,4909.116,4924.604
2026-02-02 17:00:00,4924.61,4940.004,4924.61,4937.397
2026-02-02 18:00:00,4937.4,4938.194,4924.559,4929.546
2026-02-02 19:00:00,4929.551,4941.008,4929.285,4941.008
2026-02-02 20:00:00,4941.009,4942.878,4921.564,4922.054
2026-02-02 21:00:00,4922.065,4923.428,4912.686,4919.831
2026-02-02 22:00:00,4919.834,4930.236,4914.758,4930.236
2026-02-02 23:00:00,4930.241,4943.498,4927.695,4928.324
2026-02-03 00:00:00,4928.329,4941.142,4927.244,4931.866
2026-02-03 01:00:00,4931.871,4934.845,4919.994,4932.472
2026-02-03 02:00:00,4932.476,4940.699,4931.574,4940.699
2026-02-03 03:00:00,4940.705,4956.55,4940.705,4955.793
2026-02-03 04:00:00,4955.804,4963.395,4952.673,4961.042
2026-02-03 05:00:00,4961.056,4967.05,4956.064,4961.696
2026-02-03 06:00:00,4961.71,4973.788,4961.71,4973.788
2026-02-03 07:00:00,4973.8,4988.308,4973.8,4980.261
2026-02-03 08:00:00,4980.265,4982.673,4964.666,4973.358
2026-02-03 09:00:00,4973.364,4979.791,4969.303,4975.816
2026-02-03 10:00:00,4975.824,4991.093,4975.824,4991.093
2026-02-03 11:00:00,4991.099,5006.449,4991.001,4991.644
2026-02-03 12:00:00,4991.65,4999.514,4989.233,4995.988
2026-02-03 13:00:00,4995.989,5011.522,4995.989,5009.065
2026-02-03 14:00:00,5009.065,5020.282,5008.868,5020.282
2026-02-03 15:00:00,5020.287,5029.726,5019.934,5029.726
2026-02-03 16:00:00,5029.731,5040.59,5029.731,5035.634
2026-02-03 17:00:00,5035.638,5039.943,5026.901,5032.766
2026-02-03 18:00:00,5032.767,5047.412,5032.767,5044.69
2026-02-03 19:00:00,5044.696,5051.028,5026.925,5028.16
2026-02-03 20:00:00,5028.167,5028.911,5018.858,5025.411
2026-02-03 21:00:00,5025.419,5040.355,5025.419,5030.035
2026-02-03 22:00:00,5030.038,5037.041,5025.755,5032.564
2026-02-03 23:00:00,5032.567,5046.997,5032.567,5045.56
2026-02-04 00:00:00,5045.563,5051.407,5038.854,5045.361
2026-02-04 01:00:00,5045.363,5051.002,5030.083,5031.647
2026-02-04 02:00:00,5031.648,5036.153,5025.802,5036.153
2026-02-04 03:00:00,5036.158,5036.233,5014.475,5015.365
2026-02-04 04:00:00,5015.368,5019.414,5005.829,5008.05
2026-02-04 05:00:00,5008.053,5010.896,4994.208,5005.747
2026-02-04 06:00:00,5005.753,5016.467,5004.413,5011.534
2026-02-04 07:00:00,5011.535,5022.916,4981.248,4984.029
2026-02-04 08:00:00,4984.037,5002.034,4984.037,5002.034
2026-02-04 09:00:00,5002.045,5009.314,4999.9,5004.448
2026-02-04 10:00:00,5004.455,5021.24,5004.455,5020.394
2026-02-04 11:00:00,5020.399,5021.924,4998.948,5002.978
2026-02-04 12:00:00,5002.987,5016.703,5002.987,5016.703
2026-02-04 13:00:00,5016.709,5018.146,4998.758,5009.089
2026-02-04 14:00:00,5009.1,5012.738,4998.756,5001.141
2026-02-04 15:00:00,5001.145,5006.912,4996.956,5006.912
2026-02-04 16:00:00,5006.916,5023.884,5006.916,5023.884
2026-02-04 17:00:00,5023.887,5032.342,5022.443,5026.122
2026-02-04 18:00:00,5026.124,5035.305,5023.156,5026.866
2026-02-04 19:00:00,5026.873,5043.278,5026.873,5043.278
2026-02-04 20:00:00,5043.281,5046.824,5030.478,5034.985
2026-02-04 21:00:00,5034.991,5036.318,5023.233,5035.44
2026-02-04 22:00:00,5035.44,5048.205,5035.44,5048.205
2026-02-04 23:00:00,5048.206,5054.713,5044.756,5052.53
2026-02-05 00:00:00,5052.538,5062.316,5052.538,5055.861
2026-02-05 01:00:00,5055.868,5074.356,5055.868,5074.356
2026-02-05 02:00:00,5074.359,5078.285,5066.059,5077.111
2026-02-05 03:00:00,5077.116,5082.903,5067.992,5070.05
2026-02-05 04:00:00,5070.065,5079.806,5070.065,5079.806
2026-02-05 05:00:00,5079.806,5089.061,5077.886,5089.061
2026-02-05 06:00:00,5089.064,5092.68,5077.352,5092.68
2026-02-05 07:00:00,5092.688,5102.246,5082.61,5084.107
2026-02-05 08:00:00,5084.112,5084.133,5070.076,5077.396
2026-02-05 09:00:00,5077.399,5089.926,5077.162,5088.218
2026-02-05 10:00:00,5088.225,5096.393,5085.909,5096.393
2026-02-05 11:00:00,5096.399,5111.357,5096.399,5103.186
2026-02-05 12:00:00,5103.187,5113.444,5101.689,5111.047
2026-02-05 13:00:00,5111.051,5116.776,5091.897,5094.883
2026-02-05 14:00:00,5094.889,5107.171,5094.889,5097.274
2026-02-05 15:00:00,5097.275,5101.601,5094.313,5099.306
2026-02-05 16:00:00,5099.31,5109.398,5092.642,5094.378
2026-02-05 17:00:00,5094.379,5102.969,5085.238,5086.064
2026-02-05 18:00:00,5086.073,5101.423,5083.987,5097.958
2026-02-05 19:00:00,5097.961,5102.448,5076.822,5077.714
2026-02-05 20:00:00,5077.716,5088.695,5077.716,5087.156
2026-02-05 21:00:00,5087.166,5093.602,5059.248,5061.304
2026-02-05 22:00:00,5061.308,5071.859,5055.185,5057.082
2026-02-05 23:00:00,5057.094,5074.834,5057.094,5072.038
2026-02-06 00:00:00,5072.043,5077.869,5065.447,5077.869
2026-02-06 01:00:00,5077.871,5091.896,5077.871,5088.567
2026-02-06 02:00:00,5088.569,5093.133,5081.355,5091.692
2026-02-06 03:00:00,5091.692,5099.332,5084.636,5095.281
2026-02-06 04:00:00,5095.285,5097.545,5085.682,5094.08
2026-02-06 05:00:00,5094.081,5112.568,5094.081,5112.568
2026-02-06 06:00:00,5112.568,5118.993,5104.704,5109.198
2026-02-06 07:00:00,5109.205,5125.469,5109.205,5125.469
2026-02-06 08:00:00,5125.471,5134.522,5122.91,5134.522
2026-02-06 09:00:00,5134.531,5135.309,5115.592,5126.635
2026-02-06 10:00:00,5126.645,5129.293,5100.653,5101.783
2026-02-06 11:00:00,5101.788,5120.137,5101.788,5120.137
2026-02-06 12:00:00,5120.14,5137.867,5120.14,5137.867
2026-02-06 13:00:00,5137.87,5154.32,5137.87,5154.32
2026-02-06 14:00:00,5154.322,5162.843,5153.725,5159.637
2026-02-06 15:00:00,5159.641,5160.526,5139.771,5147.856
2026-02-06 16:00:00,5147.864,5151.92,5136.341,5138.207
2026-02-06 17:00:00,5138.213,5147.2,5136.598,5145.613
2026-02-06 18:00:00,5145.614,5152.157,5140.255,5149.155
2026-02-06 19:00:00,5149.16,5152.708,5142.047,5147.568
2026-02-06 20:00:00,5147.569,5149.776,5137.391,5148.15
2026-02-06 21:00:00,5148.155,5158.023,5144.887,5158.023
2026-02-06 22:00:00,5158.029,5176.866,5158.029,5176.866
2026-02-06 23:00:00,5176.876,5186.771,5176.876,5180.188
2026-02-07 00:00:00,5180.193,5185.718,5168.597,5185.718
2026-02-07 01:00:00,5185.723,5185.734,5164.738,5180.315
2026-02-07 02:00:00,5180.317,5186.287,5177.499,5186.073
2026-02-07 03:00:00,5186.077,5191.631,5179.207,5184.393
2026-02-07 04:00:00,5184.4,5187.38,5172.648,5185.341
2026-02-07 05:00:00,5185.347,5191.386,5163.597,5168.99
2026-02-07 06:00:00,5168.99,5171.597,5143.368,5145.272
2026-02-07 07:00:00,5145.282,5159.706,5142.508,5159.706
2026-02-07 08:00:00,5159.707,5173.754,5155.908,5173.754
2026-02-07 09:00:00,5173.764,5190.408,5173.764,5190.408
2026-02-07 10:00:00,5190.415,5198.967,5183.323,5198.967
2026-02-07 11:00:00,5198.967,5212.05,5198.967,5212.05
2026-02-07 12:00:00,5212.059,5214.269,5205.079,5209.805
2026-02-07 13:00:00,5209.809,5228.236,5209.809,5228.236
2026-02-07 14:00:00,5228.237,5246.015,5228.237,5246.015
2026-02-07 15:00:00,5246.02,5262.043,5246.02,5258.807
2026-02-07 16:00:00,5258.824,5263.6,5253.695,5255.173
2026-02-07 17:00:00,5255.173,5259.901,5250.762,5251.716
2026-02-07 18:00:00,5251.716,5264.122,5248.089,5264.122
2026-02-07 19:00:00,5264.124,5271.223,5253.868,5262.354
2026-02-07 20:00:00,5262.363,5266.394,5251.043,5252.112
2026-02-07 21:00:00,5252.117,5256.651,5243.953,5252.374
2026-02-07 22:00:00,5252.38,5269.624,5252.38,5269.624
2026-02-07 23:00:00,5269.629,5275.422,5262.845,5274.236
2026-02-08 00:00:00,5274.237,5280.063,5266.379,5280.063
2026-02-08 01:00:00,5280.068,5283.799,5274.92,5280.589
2026-02-08 02:00:00,5280.589,5287.95,5277.986,5278.677
2026-02-08 03:00:00,5278.681,5282.643,5266.815,5276.643
2026-02-08 04:00:00,5276.648,5286.124,5273.649,5279.1
2026-02-08 05:00:00,5279.105,5292.789,5279.105,5288.846
2026-02-08 06:00:00,5288.849,5290.383,5280.695,5288.833
2026-02-08 07:00:00,5288.848,5296.518,5287.648,5296.518
2026-02-08 08:00:00,5296.52,5303.024,5291.498,5300.212
2026-02-08 09:00:00,5300.214,5309.643,5298.402,5304.181
2026-02-08 10:00:00,5304.194,5314.492,5298.437,5302.708
2026-02-08 11:00:00,5302.713,5315.952,5302.65,5315.952
2026-02-08 12:00:00,5315.956,5335.016,5315.956,5335.016
2026-02-08 13:00:00,5335.02,5351.42,5333.2,5351.42
2026-02-08 14:00:00,5351.429,5352.879,5340.884,5352.879
2026-02-08 15:00:00,5352.888,5357.194,5338.983,5341.11
2026-02-08 16:00:00,5341.118,5352.731,5341.118,5346.513
2026-02-08 17:00:00,5346.513,5352.454,5335.964,5342.011
2026-02-08 18:00:00,5342.017,5356.636,5340.433,5356.636
2026-02-08 19:00:00,5356.642,5360.999,5322.258,5324.957
2026-02-08 20:00:00,5324.966,5327.871,5309.618,5313.8
2026-02-08 21:00:00,5313.803,5317.493,5302.168,5309.988
2026-02-08 22:00:00,5309.991,5325.522,5309.991,5325.522
2026-02-08 23:00:00,5325.528,5336.866,5325.528,5333.651
2026-02-09 00:00:00,5333.654,5348.482,5332.721,5348.482
2026-02-09 01:00:00,5348.489,5352.097,5337.961,5347.491
2026-02-09 02:00:00,5347.5,5361.496,5344.894,5344.937
2026-02-09 03:00:00,5344.944,5357.066,5344.359,5351.612
2026-02-09 04:00:00,5351.612,5362.85,5348.366,5361.461
2026-02-09 05:00:00,5361.463,5368.142,5358.235,5363.819
2026-02-09 06:00:00,5363.822,5368.828,5354.288,5362.182
2026-02-09 07:00:00,5362.187,5366.848,5357.135,5366.848
2026-02-09 08:00:00,5366.851,5375.875,5365.04,5372.509
2026-02-09 09:00:00,5372.513,5376.295,5364.108,5376.295
2026-02-09 10:00:00,5376.3,5378.793,5363.735,5371.976
2026-02-09 11:00:00,5371.983,5380.195,5369.788,5380.195
2026-02-09 12:00:00,5380.2,5395.986,5380.2,5395.986
2026-02-09 13:00:00,5396.005,5407.967,5389.691,5407.967
2026-02-09 14:00:00,5407.973,5424.017,5407.973,5420.23
2026-02-09 15:00:00,5420.235,5439.197,5420.104,5439.197
2026-02-09 16:00:00,5439.215,5444.268,5433.762,5440.964
2026-02-09 17:00:00,5440.974,5456.401,5440.974,5456.401
2026-02-09 18:00:00,5456.409,5456.942,5407.973,5408.809
2026-02-09 19:00:00,5408.813,5428.43,5408.813,5428.43
2026-02-09 20:00:00,5428.435,5438.057,5399.48,5402.133
2026-02-09 21:00:00,5402.142,5412.016,5397.25,5404.966
2026-02-09 22:00:00,5404.967,5405.219,5390.356,5404.04
2026-02-09 23:00:00,5404.043,5412.221,5396.232,5407.109
2026-02-10 00:00:00,5407.116,5408.173,5380.164,5391.289
2026-02-10 01:00:00,5391.289,5403.085,5391.289,5402.442
2026-02-10 02:00:00,5402.45,5405.109,5388.951,5395.336
2026-02-10 03:00:00,5395.338,5410.163,5395.338,5410.163
2026-02-10 04:00:00,5410.164,5429.566,5410.164,5429.566
2026-02-10 05:00:00,5429.575,5430.195,5400.796,5403.87
2026-02-10 06:00:00,5403.875,5416.078,5401.878,5407.053
2026-02-10 07:00:00,5407.059,5419.094,5402.62,5408.223
2026-02-10 08:00:00,5408.235,5409.688,5397.649,5401.016
2026-02-10 09:00:00,5401.021,5401.44,5385.481,5385.69
2026-02-10 10:00:00,5385.696,5398.156,5385.696,5389.333
2026-02-10 11:00:00,5389.333,5404.795,5389.333,5404.795
2026-02-10 12:00:00,5404.799,5414.195,5404.799,5412.11
2026-02-10 13:00:00,5412.12,5431.867,5412.12,5431.867
2026-02-10 14:00:00,5431.868,5433.421,5414.102,5430.937
2026-02-10 15:00:00,5430.943,5435.13,5419.095,5428.139
2026-02-10 16:00:00,5428.14,5428.414,5408.855,5417.551
2026-02-10 17:00:00,5417.551,5437.311,5417.551,5437.311
2026-02-10 18:00:00,5437.314,5444.312,5426.805,5435.912
2026-02-10 19:00:00,5435.918,5455.396,5435.918,5455.396
2026-02-10 20:00:00,5455.4,5465.245,5449.414,5465.245
2026-02-10 21:00:00,5465.253,5470.751,5454.592,5455.474
2026-02-10 22:00:00,5455.475,5463.549,5450.285,5463.549
2026-02-10 23:00:00,5463.556,5471.745,5461.053,5461.509
2026-02-11 00:00:00,5461.517,5471.585,5461.517,5466.985
2026-02-11 01:00:00,5466.987,5474.712,5453.528,5461.892
2026-02-11 02:00:00,5461.899,5476.876,5461.899,5476.876
2026-02-11 03:00:00,5476.877,5486.813,5476.877,5484.807
2026-02-11 04:00:00,5484.813,5489.486,5472.745,5477.439
2026-02-11 05:00:00,5477.448,5483.397,5470.75,5483.397
2026-02-11 06:00:00,5483.405,5498.394,5483.405,5498.277
2026-02-11 07:00:00,5498.283,5503.374,5495.309,5503.178
2026-02-11 08:00:00,5503.181,5518.557,5499.239,5501.192
2026-02-11 09:00:00,5501.194,5514.795,5501.194,5514.795
2026-02-11 10:00:00,5514.796,5521.576,5509.173,5516.834
2026-02-11 11:00:00,5516.834,5518.841,5492.595,5497.415
2026-02-11 12:00:00,5497.424,5510.367,5497.424,5509.526
2026-02-11 13:00:00,5509.527,5512.405,5484.529,5486.364
2026-02-11 14:00:00,5486.372,5502.965,5486.372,5502.965
2026-02-11 15:00:00,5502.969,5523.178,5502.969,5523.178
2026-02-11 16:00:00,5523.179,5528.173,5518.676,5526.748
2026-02-11 17:00:00,5526.758,5535.888,5522.09,5533.592
2026-02-11 18:00:00,5533.598,5545.179,5530.513,5531.307
2026-02-11 19:00:00,5531.307,5541.703,5531.307,5536.702
2026-02-11 20:00:00,5536.709,5543.428,5532.47,5541.532
2026-02-11 21:00:00,5541.541,5545.427,5529.785,5539.587
2026-02-11 22:00:00,5539.594,5540.986,5526.049,5540.986
2026-02-11 23:00:00,5540.997,5546.505,5529.973,5533.072
2026-02-12 00:00:00,5533.074,5539.038,5522.129,5528.103
2026-02-12 01:00:00,5528.112,5540.285,5520.859,5523.614
2026-02-12 02:00:00,5523.623,5533.342,5523.351,5531.223
2026-02-12 03:00:00,5531.232,5537.03,5528.252,5531.042
2026-02-12 04:00:00,5531.044,5544.871,5530.21,5532.738
2026-02-12 05:00:00,5532.747,5540.769,5524.925,5533.765
2026-02-12 06:00:00,5533.765,5545.917,5526.238,5527.558
2026-02-12 07:00:00,5527.565,5535.209,5524.695,5535.209
2026-02-12 08:00:00,5535.213,5541.932,5528.802,5541.932
2026-02-12 09:00:00,5541.941,5556.979,5541.941,5553.521
2026-02-12 10:00:00,5553.527,5562.191,5544.247,5546.6
2026-02-12 11:00:00,5546.607,5548.588,5533.924,5545.381
2026-02-12 12:00:00,5545.386,5547.984,5537.82,5539.768
2026-02-12 13:00:00,5539.775,5548.958,5539.775,5548.226
2026-02-12 14:00:00,5548.237,5559.131,5540.399,5559.131
2026-02-12 15:00:00,5559.14,5570.666,5559.14,5564.312
2026-02-12 16:00:00,5564.321,5565.775,5528.649,5535.721
2026-02-12 17:00:00,5535.736,5535.911,5505.254,5514.086
2026-02-12 18:00:00,5514.095,5527.416,5514.095,5521.211
2026-02-12 19:00:00,5521.213,5532.145,5521.213,5532.145
2026-02-12 20:00:00,5532.153,5536.484,5521.146,5536.484
2026-02-12 21:00:00,5536.487,5537.714,5518.236,5525.778
2026-02-12 22:00:00,5525.786,5545.823,5525.786,5545.823
2026-02-12 23:00:00,5545.83,5546.645,5520.705,5524.528
2026-02-13 00:00:00,5524.536,5526.57,5501.147,5505.587
2026-02-13 01:00:00,5505.588,5518.322,5505.588,5518.322
2026-02-13 02:00:00,5518.325,5521.043,5509.05,5517.987
2026-02-13 03:00:00,5517.991,5532.745,5517.991,5527.687
2026-02-13 04:00:00,5527.689,5546.206,5527.689,5536.901
2026-02-13 05:00:00,5536.909,5552.359,5535.106,5551.732
2026-02-13 06:00:00,5551.736,5555.781,5536.823,5546.719
2026-02-13 07:00:00,5546.719,5551.528,5536.818,5543.692
2026-02-13 08:00:00,5543.696,5543.929,5529.445,5542.93
2026-02-13 09:00:00,5542.93,5548.853,5539.618,5543.085
2026-02-13 10:00:00,5543.091,5555.036,5541.021,5542.878
2026-02-13 11:00:00,5542.878,5547.719,5534.45,5547.719
2026-02-13 12:00:00,5547.722,5565.501,5547.722,5561.892
2026-02-13 13:00:00,5561.898,5568.459,5559.387,5568.459
2026-02-13 14:00:00,5568.463,5576.662,5566.973,5572.201
2026-02-13 15:00:00,5572.213,5588.118,5572.213,5582.976
2026-02-13 16:00:00,5582.986,5590.986,5570.925,5571.359
2026-02-13 17:00:00,5571.379,5576.356,5548.666,5553.124
2026-02-13 18:00:00,5553.124,5564.634,5552.714,5564.634
2026-02-13 19:00:00,5564.643,5581.765,5564.643,5580.887
2026-02-13 20:00:00,5580.897,5588.511,5569.918,5571.153
2026-02-13 21:00:00,5571.16,5582.065,5564.788,5565.506
2026-02-13 22:00:00,5565.506,5575.92,5565.506,5575.447
2026-02-13 23:00:00,5575.45,5578.301,5564.13,5567.383
2026-02-14 00:00:00,5567.389,5574.353,5553.881,5558.951
2026-02-14 01:00:00,5558.953,5563.643,5544.281,5554.311
2026-02-14 02:00:00,5554.316,5554.947,5525.493,5541.651
2026-02-14 03:00:00,5541.661,5547.405,5537.023,5537.341
2026-02-14 04:00:00,5537.344,5546.649,5535.168,5539.379
2026-02-14 05:00:00,5539.384,5544.007,5530.568,5532.188
2026-02-14 06:00:00,5532.192,5537.712,5516.564,5519.599
2026-02-14 07:00:00,5519.603,5527.413,5517.252,5523.474
2026-02-14 08:00:00,5523.476,5535.088,5517.865,5525.84
2026-02-14 09:00:00,5525.844,5541.152,5525.844,5541.152
2026-02-14 10:00:00,5541.16,5546.554,5538.297,5546.554
2026-02-14 11:00:00,5546.558,5558.905,5545.677,5549.299
2026-02-14 12:00:00,5549.304,5554.273,5541.359,5547.476
2026-02-14 13:00:00,5547.478,5566.619,5547.478,5565.7
2026-02-14 14:00:00,5565.711,5577.527,5565.711,5577.527
2026-02-14 15:00:00,5577.527,5580.874,5559.865,5566.947
2026-02-14 16:00:00,5566.955,5580.231,5562.802,5568.045
2026-02-14 17:00:00,5568.051,5571.793,5558.011,5564.05
2026-02-14 18:00:00,5564.051,5569.915,5554.753,5564.114
2026-02-14 19:00:00,5564.118,5578.374,5552.572,5554.822
2026-02-14 20:00:00,5554.827,5559.672,5550.909,5559.672
2026-02-14 21:00:00,5559.68,5573.673,5554.241,5573.673
2026-02-14 22:00:00,5573.675,5578.703,5565.143,5565.564
2026-02-14 23:00:00,5565.572,5571.425,5560.528,5569.662
2026-02-15 00:00:00,5569.673,5575.56,5566.528,5574.149
2026-02-15 01:00:00,5574.155,5574.362,5557.386,5569.197
2026-02-15 02:00:00,5569.207,5571.367,5557.017,5568.693
2026-02-15 03:00:00,5568.699,5582.751,5568.699,5578.497
2026-02-15 04:00:00,5578.502,5580.993,5567.587,5577.771
2026-02-15 05:00:00,5577.772,5578.447,5556.669,5559.554
2026-02-15 06:00:00,5559.557,5568.341,5542.488,5549.487
2026-02-15 07:00:00,5549.488,5558.922,5536.389,5539.511
2026-02-15 08:00:00,5539.514,5547.559,5525.644,5527.305
2026-02-15 09:00:00,5527.308,5547.513,5527.308,5547.513
2026-02-15 10:00:00,5547.516,5552.45,5506.219,5507.98
2026-02-15 11:00:00,5507.986,5508.032,5479.52,5486.825
2026-02-15 12:00:00,5484.084,5488.295,5463.007,5470.541
2026-02-15 13:00:00,5470.554,5473.574,5455.955,5461.767
2026-02-15 14:00:00,5461.771,5477.167,5461.771,5471.927
2026-02-15 15:00:00,5471.927,5482.237,5471.493,5479.36
2026-02-15 16:00:00,5479.364,5497.474,5479.364,5497.474
2026-02-15 17:00:00,5497.483,5507.613,5490.823,5495.411
2026-02-15 18:00:00,5495.415,5498.114,5476.712,5489.112
2026-02-15 19:00:00,5489.112,5499.742,5484.563,5499.742
2026-02-15 20:00:00,5499.745,5503.436,5491.684,5494.513
2026-02-15 21:00:00,5494.523,5501.723,5480.862,5486.993
2026-02-15 22:00:00,5486.999,5487.741,5472.8,5473.821
2026-02-15 23:00:00,5473.83,5475.878,5456.915,5465.87
2026-02-16 00:00:00,5465.872,5471.588,5457.663,5469.16
2026-02-16 01:00:00,5469.168,5480.206,5469.168,5476.131
2026-02-16 02:00:00,5476.137,5495.983,5476.137,5495.983
2026-02-16 03:00:00,5495.993,5511.309,5495.993,5511.309
2026-02-16 04:00:00,5511.315,5531.133,5511.315,5531.133
2026-02-16 05:00:00,5531.138,5537.035,5518.103,5524.757
2026-02-16 06:00:00,5524.769,5528.615,5512.479,5528.615
2026-02-16 07:00:00,5528.621,5537.749,5528.621,5534.249
2026-02-16 08:00:00,5534.253,5534.592,5521.133,5522.209
2026-02-16 09:00:00,5522.209,5529.722,5515.496,5519.436
2026-02-16 10:00:00,5519.444,5530.371,5515.579,5530.371
2026-02-16 11:00:00,5530.382,5532.112,5515.188,5524.34
2026-02-16 12:00:00,5524.349,5526.361,5501.772,5507.217
2026-02-16 13:00:00,5507.226,5518.168,5507.226,5511.152
2026-02-16 14:00:00,5511.156,5516.579,5494.064,5501.925
2026-02-16 15:00:00,5501.925,5518.191,5501.925,5518.191
2026-02-16 16:00:00,5518.196,5530.892,5512.45,5530.892
2026-02-16 17:00:00,5530.896,5536.237,5514.657,5514.909
2026-02-16 18:00:00,5514.916,5525.46,5504.306,5505.492
2026-02-16 19:00:00,5505.501,5506.094,5491.499,5498.178
2026-02-16 20:00:00,5498.181,5513.423,5498.181,5513.423
2026-02-16 21:00:00,5513.425,5518.675,5508.421,5517.17
2026-02-16 22:00:00,5517.173,5534.135,5515.573,5534.135
2026-02-16 23:00:00,5534.142,5546.459,5530.683,5541.998
2026-02-17 00:00:00,5541.998,5546.38,5533.343,5538.726
2026-02-17 01:00:00,5538.739,5546.304,5520.78,5527.115
2026-02-17 02:00:00,5527.117,5543.008,5527.117,5543.008
2026-02-17 03:00:00,5543.013,5549.164,5535.032,5545.149
2026-02-17 04:00:00,5545.151,5545.971,5531.47,5534.032
2026-02-17 05:00:00,5534.041,5548.806,5534.041,5543.816
2026-02-17 06:00:00,5543.825,5547.472,5521.569,5533.117
2026-02-17 07:00:00,5533.126,5534.841,5515.855,5520.412
2026-02-17 08:00:00,5520.419,5527.216,5515.858,5522.88
2026-02-17 09:00:00,5522.887,5532.664,5521.774,5532.664
2026-02-17 10:00:00,5532.671,5532.679,5517.247,5527.016
2026-02-17 11:00:00,5527.018,5528.88,5514.24,5528.88
2026-02-17 12:00:00,5528.881,5548.898,5528.881,5548.898
2026-02-17 13:00:00,5548.905,5556.602,5541.181,5544.414
2026-02-17 14:00:00,5544.417,5563.318,5544.417,5562.596
2026-02-17 15:00:00,5562.598,5562.783,5534.759,5539.008
2026-02-17 16:00:00,5539.01,5540.357,5518.885,5521.636
2026-02-17 17:00:00,5521.637,5531.031,5511.919,5512.466
2026-02-17 18:00:00,5512.473,5532.272,5512.473,5532.272
2026-02-17 19:00:00,5532.278,5539.693,5522.568,5539.693
2026-02-17 20:00:00,5539.693,5547.467,5526.002,5528.417
2026-02-17 21:00:00,5528.418,5533.669,5520.138,5523.615
2026-02-17 22:00:00,5523.62,5528.927,5508.673,5512.422
2026-02-17 23:00:00,5512.429,5524.726,5509.706,5515.901
2026-02-18 00:00:00,5515.908,5518.923,5494.898,5507.234
2026-02-18 01:00:00,5507.239,5524.039,5506.692,5524.039
2026-02-18 02:00:00,5524.04,5536.427,5524.04,5531.722
2026-02-18 03:00:00,5531.725,5540.454,5524.815,5535.493
2026-02-18 04:00:00,5535.499,5544.037,5524.92,5526.593
2026-02-18 05:00:00,5526.597,5536.646,5525.391,5533.134
2026-02-18 06:00:00,5533.139,5551.958,5533.139,5551.958
2026-02-18 07:00:00,5551.97,5556.279,5540.066,5550.125
2026-02-18 08:00:00,5550.13,5558.615,5544.162,5558.615
2026-02-18 09:00:00,5558.624,5558.726,5536.725,5537.813
2026-02-18 10:00:00,5537.82,5543.274,5532.582,5543.274
2026-02-18 11:00:00,5543.282,5556.601,5543.282,5550.512
2026-02-18 12:00:00,5550.516,5562.944,5550.516,5562.944
2026-02-18 13:00:00,5562.946,5571.254,5557.156,5562.586
2026-02-18 14:00:00,5562.592,5568.734,5556.212,5561.461
2026-02-18 15:00:00,5561.465,5581.802,5561.465,5581.802
2026-02-18 16:00:00,5581.803,5601.766,5581.803,5601.766
2026-02-18 17:00:00,5601.767,5609.657,5594.625,5603.643
2026-02-18 18:00:00,5603.649,5614.066,5603.649,5614.066
2026-02-18 19:00:00,5614.072,5620.423,5597.82,5599.725
2026-02-18 20:00:00,5599.727,5610.062,5597.865,5606.426
2026-02-18 21:00:00,5606.434,5608.975,5565.317,5569.306
2026-02-18 22:00:00,5569.31,5576.389,5565.166,5576.389
2026-02-18 23:00:00,5576.391,5577.501,5560.461,5568.344
2026-02-19 00:00:00,5568.345,5581.384,5568.345,5576.175
2026-02-19 01:00:00,5576.179,5585.894,5570.596,5585.894
2026-02-19 02:00:00,5585.9,5603.064,5585.9,5592.643
2026-02-19 03:00:00,5592.654,5603.54,5590.982,5603.54
2026-02-19 04:00:00,5603.548,5623.543,5603.548,5623.543
2026-02-19 05:00:00,5623.55,5629.999,5605.961,5609.791
2026-02-19 06:00:00,5609.795,5615.553,5605.887,5608.016
2026-02-19 07:00:00,5608.023,5618.621,5607.024,5616.702
2026-02-19 08:00:00,5616.706,5635.435,5616.706,5635.435
2026-02-19 09:00:00,5635.439,5635.537,5610.642,5613.617
2026-02-19 10:00:00,5613.628,5626.003,5606.526,5606.542
2026-02-19 11:00:00,5606.55,5610.337,5588.846,5602.589
2026-02-19 12:00:00,5602.595,5604.148,5591.191,5600.465
2026-02-19 13:00:00,5600.467,5615.274,5598.86,5615.274
2026-02-19 14:00:00,5615.281,5617.073,5579.313,5580.866
2026-02-19 15:00:00,5580.875,5588.87,5574.492,5588.87
2026-02-19 16:00:00,5588.871,5604.427,5588.871,5604.427
2026-02-19 17:00:00,5604.435,5624.506,5604.435,5624.506
2026-02-19 18:00:00,5624.518,5637.4,5624.518,5637.4
2026-02-19 19:00:00,5637.408,5647.019,5615.66,5616.901
2026-02-19 20:00:00,5616.905,5626.045,5609.424,5617.199
2026-02-19 21:00:00,5617.209,5627.322,5612.336,5622.422
2026-02-19 22:00:00,5622.423,5637.259,5617.805,5637.259
2026-02-19 23:00:00,5637.261,5643.547,5633.664,5640.588
2026-02-20 00:00:00,5640.591,5644.877,5635.218,5644.877
2026-02-20 01:00:00,5644.889,5665.38,5644.889,5665.38
2026-02-20 02:00:00,5665.384,5685.442,5665.384,5685.442
2026-02-20 03:00:00,5685.442,5688.111,5676.181,5687.377
2026-02-20 04:00:00,5687.385,5692.418,5668.404,5669.52
2026-02-20 05:00:00,5669.521,5671.667,5644.174,5646.446
2026-02-20 06:00:00,5646.459,5647.015,5632.388,5641.149
2026-02-20 07:00:00,5641.157,5651.956,5628.231,5628.275
2026-02-20 08:00:00,5628.284,5641.71,5626.318,5641.71
2026-02-20 09:00:00,5641.711,5647.776,5634.677,5647.142
2026-02-20 10:00:00,5647.148,5649.721,5631.711,5636.115
2026-02-20 11:00:00,5636.117,5636.137,5611.172,5614.934
2026-02-20 12:00:00,5614.939,5628.069,5614.939,5618.558
2026-02-20 13:00:00,5618.565,5619.335,5597.766,5601.056
2026-02-20 14:00:00,5601.06,5604.614,5584.205,5595.051
2026-02-20 15:00:00,5595.053,5606.368,5595.053,5597.399
2026-02-20 16:00:00,5597.407,5598.569,5554.706,5554.887
2026-02-20 17:00:00,5554.892,5566.089,5554.892,5566.089
2026-02-20 18:00:00,5566.09,5584.228,5566.09,5584.228
2026-02-20 19:00:00,5584.236,5594.827,5574.897,5577.937
2026-02-20 20:00:00,5577.938,5582.146,5569.22,5581.576
2026-02-20 21:00:00,5581.583,5585.574,5544.506,5546.399
2026-02-20 22:00:00,5546.406,5562.603,5546.406,5562.603
2026-02-20 23:00:00,5562.606,5566.063,5540.995,5542.313
2026-02-21 00:00:00,5542.314,5545.557,5533.774,5538.546
2026-02-21 01:00:00,5538.548,5538.957,5506.767,5511.431
2026-02-21 02:00:00,5511.44,5522.748,5511.44,5517.138
2026-02-21 03:00:00,5517.147,5525.916,5514.066,5525.916
2026-02-21 04:00:00,5525.922,5545.842,5525.922,5545.842
2026-02-21 05:00:00,5545.843,5562.877,5545.843,5562.877
2026-02-21 06:00:00,5562.878,5570.778,5558.109,5569.098
2026-02-21 07:00:00,5569.105,5586.808,5569.105,5586.808
2026-02-21 08:00:00,5586.814,5590.82,5570.854,5579.577
2026-02-21 09:00:00,5579.58,5592.584,5578.949,5581.677
2026-02-21 10:00:00,5581.677,5581.858,5556.626,5565.855
2026-02-21 11:00:00,5565.858,5575.267,5556.597,5558.032
2026-02-21 12:00:00,5558.036,5560.087,5546.178,5560.087
2026-02-21 13:00:00,5560.096,5579.648,5560.096,5579.648
2026-02-21 14:00:00,5579.657,5584.674,5558.769,5563.945
2026-02-21 15:00:00,5563.947,5567.035,5555.026,5558.67
2026-02-21 16:00:00,5558.672,5577.733,5558.672,5577.733
2026-02-21 17:00:00,5577.737,5597.794,5577.737,5597.794
2026-02-21 18:00:00,5597.798,5600.08,5578.03,5583.09
2026-02-21 19:00:00,5583.09,5588.072,5577.714,5582.853
2026-02-21 20:00:00,5582.866,5600.291,5582.866,5587.227
2026-02-21 21:00:00,5587.228,5605.374,5587.228,5602.591
2026-02-21 22:00:00,5602.599,5608.11,5583.184,5587.978
2026-02-21 23:00:00,5587.981,5606.14,5587.981,5604.606
2026-02-22 00:00:00,5604.606,5609.962,5599.68,5603.2
2026-02-22 01:00:00,5603.205,5608.613,5583.037,5584.719
2026-02-22 02:00:00,5584.725,5591.605,5576.194,5578.028
2026-02-22 03:00:00,5578.045,5588.933,5573.224,5575.814
2026-02-22 04:00:00,5575.814,5583.069,5567.287,5580.074
2026-02-22 05:00:00,5580.081,5582.433,5573.773,5582.433
2026-02-22 06:00:00,5582.442,5585.458,5567.298,5570.673
2026-02-22 07:00:00,5570.674,5580.954,5568.377,5580.954
2026-02-22 08:00:00,5580.967,5585.395,5576.05,5582.791
2026-02-22 09:00:00,5582.796,5585.346,5568.861,5581.839
2026-02-22 10:00:00,5581.84,5596.81,5581.84,5596.81
2026-02-22 11:00:00,5596.81,5602.849,5584.408,5585.438
2026-02-22 12:00:00,5585.445,5585.503,5554.565,5556.552
2026-02-22 13:00:00,5556.558,5572.389,5543.401,5543.634
2026-02-22 14:00:00,5543.637,5559.794,5543.637,5559.794
2026-02-22 15:00:00,5559.799,5564.842,5542.6,5548.247
2026-02-22 16:00:00,5548.252,5560.821,5548.252,5560.821
2026-02-22 17:00:00,5560.823,5564.026,5542.971,5548.638
2026-02-22 18:00:00,5548.645,5551.932,5541.461,5541.64
2026-02-22 19:00:00,5541.647,5558.853,5541.647,5558.853
2026-02-22 20:00:00,5558.865,5561.275,5549.854,5559.966
2026-02-22 21:00:00,5559.974,5571.868,5559.974,5571.868
2026-02-22 22:00:00,5571.868,5578.006,5566.387,5572.347
2026-02-22 23:00:00,5572.356,5574.59,5563.329,5574.59
2026-02-23 00:00:00,5574.592,5591.077,5574.592,5587.895
2026-02-23 01:00:00,5587.897,5608.01,5587.897,5608.01
2026-02-23 02:00:00,5608.013,5619.104,5605.284,5612.659
2026-02-23 03:00:00,5612.666,5628.918,5612.666,5628.375
2026-02-23 04:00:00,5628.378,5633.434,5623.326,5627.051
2026-02-23 05:00:00,5627.054,5634.449,5627.054,5634.449
2026-02-23 06:00:00,5634.455,5648.892,5625.051,5627.702
2026-02-23 07:00:00,5627.706,5647.927,5627.706,5647.927
2026-02-23 08:00:00,5647.938,5652.039,5624.488,5624.94
2026-02-23 09:00:00,5624.94,5627.723,5604.848,5608.297
2026-02-23 10:00:00,5608.302,5617.201,5596.34,5601.814
2026-02-23 11:00:00,5601.815,5609.28,5599.569,5609.28
2026-02-23 12:00:00,5609.285,5613.133,5600.213,5613.133
2026-02-23 13:00:00,5613.134,5616.834,5584.703,5596.391
2026-02-23 14:00:00,5596.392,5596.538,5544.721,5545.468
2026-02-23 15:00:00,5545.475,5561.029,5543.215,5561.029
2026-02-23 16:00:00,5561.035,5574.927,5561.035,5574.927
2026-02-23 17:00:00,5574.928,5575.072,5561.42,5570.48
2026-02-23 18:00:00,5570.481,5583.062,5570.481,5576.76
2026-02-23 19:00:00,5576.768,5590.66,5576.768,5585.378
2026-02-23 20:00:00,5585.392,5601.876,5585.392,5601.876
2026-02-23 21:00:00,5601.886,5620.882,5601.886,5620.882
2026-02-23 22:00:00,5620.888,5625.905,5616.366,5619.957
2026-02-23 23:00:00,5619.964,5630.559,5619.964,5630.559
2026-02-24 00:00:00,5630.564,5646.743,5630.564,5639.287
2026-02-24 01:00:00,5639.289,5641.661,5627.428,5636.909
2026-02-24 02:00:00,5636.921,5657.177,5636.921,5657.177
2026-02-24 03:00:00,5657.18,5671.887,5641.983,5642.298
2026-02-24 04:00:00,5642.3,5662.087,5642.3,5662.087
2026-02-24 05:00:00,5662.098,5662.239,5641.713,5642.863
2026-02-24 06:00:00,5642.869,5653.214,5641.348,5649.9
2026-02-24 07:00:00,5649.9,5655.838,5633.101,5633.358
2026-02-24 08:00:00,5633.364,5652.587,5633.364,5652.587
2026-02-24 09:00:00,5652.591,5658.924,5648.49,5656.762
2026-02-24 10:00:00,5656.77,5670.353,5656.77,5660.271
2026-02-24 11:00:00,5660.272,5671.848,5656.031,5664.46
2026-02-24 12:00:00,5664.464,5668.861,5658.852,5666.201
2026-02-24 13:00:00,5666.203,5677.082,5664.555,5677.082
2026-02-24 14:00:00,5677.084,5696.412,5677.084,5696.412
2026-02-24 15:00:00,5696.413,5703.875,5693.766,5700.48
2026-02-24 16:00:00,5700.484,5715.729,5700.484,5715.729
2026-02-24 17:00:00,5715.737,5718.947,5706.606,5708.202
2026-02-24 18:00:00,5708.208,5716.708,5704.022,5711.813
2026-02-24 19:00:00,5711.825,5720.533,5706.873,5707.732
2026-02-24 20:00:00,5707.748,5720.268,5706.71,5720.268
2026-02-24 21:00:00,5720.271,5731.245,5719.478,5729.77
2026-02-24 22:00:00,5729.772,5735.699,5716.522,5735.699
2026-02-24 23:00:00,5735.71,5744.172,5726.037,5728.278
2026-02-25 00:00:00,5728.284,5733.412,5714.791,5719.89
2026-02-25 01:00:00,5719.891,5734.596,5714.679,5716.121
2026-02-25 02:00:00,5716.128,5735.28,5716.128,5733.311
2026-02-25 03:00:00,5733.319,5736.412,5716.239,5718.51
2026-02-25 04:00:00,5718.513,5726.004,5711.865,5718.232
2026-02-25 05:00:00,5718.232,5724.554,5706.923,5712.344
2026-02-25 06:00:00,5712.346,5724.448,5691.166,5696.685
2026-02-25 07:00:00,5696.685,5703.14,5693.643,5699.61
2026-02-25 08:00:00,5699.612,5705.58,5691.352,5699.009
2026-02-25 09:00:00,5699.018,5714.616,5699.018,5714.024
2026-02-25 10:00:00,5714.032,5719.57,5699.673,5706.946
2026-02-25 11:00:00,5706.955,5717.892,5698.604,5717.892
2026-02-25 12:00:00,5717.9,5725.504,5715.144,5724.244
2026-02-25 13:00:00,5724.247,5731.25,5720.037,5723.145
2026-02-25 14:00:00,5723.151,5734.269,5723.151,5734.269
2026-02-25 15:00:00,5734.271,5743.46,5730.948,5734.562
2026-02-25 16:00:00,5734.572,5738.751,5728.579,5733.156
2026-02-25 17:00:00,5733.162,5748.446,5733.162,5748.446
2026-02-25 18:00:00,5748.448,5762.453,5747.488,5762.453
2026-02-25 19:00:00,5762.454,5772.034,5754.285,5772.034
2026-02-25 20:00:00,5772.038,5781.236,5758.154,5759.277
2026-02-25 21:00:00,5759.278,5772.255,5752.543,5772.255
2026-02-25 22:00:00,5772.261,5793.09,5772.261,5793.09
2026-02-25 23:00:00,5793.091,5793.119,5775.14,5781.474
2026-02-26 00:00:00,5781.478,5794.27,5779.207,5784.966
2026-02-26 01:00:00,5784.977,5801.256,5784.977,5787.06
2026-02-26 02:00:00,5787.064,5788.748,5762.043,5772.498
2026-02-26 03:00:00,5772.499,5790.272,5772.499,5790.272
2026-02-26 04:00:00,5790.284,5801.737,5789.889,5792.667
2026-02-26 05:00:00,5792.68,5810.813,5792.68,5810.813
2026-02-26 06:00:00,5810.828,5815.264,5800.802,5809.674
2026-02-26 07:00:00,5809.683,5816.733,5800.687,5815.83
2026-02-26 08:00:00,5815.839,5835.823,5815.839,5835.683
2026-02-26 09:00:00,5835.687,5838.515,5823.004,5824.662
2026-02-26 10:00:00,5824.674,5834.418,5822.938,5834.418
2026-02-26 11:00:00,5834.429,5852.068,5832.193,5852.068
2026-02-26 12:00:00,5852.075,5864.192,5843.89,5864.192
2026-02-26 13:00:00,5864.196,5874.707,5864.196,5873.764
2026-02-26 14:00:00,5873.771,5892.63,5873.771,5892.63
2026-02-26 15:00:00,5892.643,5904.9,5892.643,5900.873
2026-02-26 16:00:00,5900.88,5920.801,5900.88,5913.22
2026-02-26 17:00:00,5913.224,5920.789,5898.11,5903.268
2026-02-26 18:00:00,5903.282,5909.162,5884.254,5889.22
2026-02-26 19:00:00,5889.224,5904.616,5887.591,5904.616
2026-02-26 20:00:00,5904.622,5926.051,5904.622,5926.051
2026-02-26 21:00:00,5926.063,5940.571,5912.301,5913.802
2026-02-26 22:00:00,5913.805,5919.731,5897.164,5902.428
2026-02-26 23:00:00,5902.433,5915.371,5901.388,5915.371
2026-02-27 00:00:00,5915.379,5934.148,5915.379,5925.5
2026-02-27 01:00:00,5925.502,5934.644,5921.069,5932.843
2026-02-27 02:00:00,5932.852,5936.797,5899.103,5904.19
2026-02-27 03:00:00,5904.195,5909.755,5898.174,5907.111
2026-02-27 04:00:00,5907.111,5914.834,5901.494,5902.663
2026-02-27 05:00:00,5902.664,5903.874,5873.739,5884.356
2026-02-27 06:00:00,5884.363,5893.304,5877.587,5893.304
2026-02-27 07:00:00,5893.315,5898.71,5884.14,5886.655
2026-02-27 08:00:00,5886.663,5895.732,5883.252,5895.732
2026-02-27 09:00:00,5895.74,5896.985,5876.119,5881.212
2026-02-27 10:00:00,5881.213,5883.063,5859.805,5863.332
2026-02-27 11:00:00,5863.345,5866.366,5852.021,5853.163
2026-02-27 12:00:00,5853.175,5864.665,5853.175,5860.987
2026-02-27 13:00:00,5860.993,5873.553,5860.2,5873.553
2026-02-27 14:00:00,5873.558,5886.281,5873.558,5877.681
2026-02-27 15:00:00,5877.689,5877.765,5845.789,5849.592
2026-02-27 16:00:00,5849.597,5851.332,5835.539,5841.296
2026-02-27 17:00:00,5841.297,5848.474,5813.918,5818.834
2026-02-27 18:00:00,5818.836,5836.88,5818.836,5836.679
2026-02-27 19:00:00,5836.679,5845.997,5826.739,5827.146
2026-02-27 20:00:00,5827.15,5829.523,5815.51,5829.405
2026-02-27 21:00:00,5829.411,5836.286,5820.942,5834.684
2026-02-27 22:00:00,5834.686,5836.382,5810.185,5820.108
2026-02-27 23:00:00,5820.109,5825.489,5816.772,5825.489
2026-02-28 00:00:00,5825.491,5835.631,5825.491,5835.577
2026-02-28 01:00:00,5835.58,5853.453,5834.257,5853.453
2026-02-28 02:00:00,5853.456,5873.652,5853.456,5873.652
2026-02-28 03:00:00,5873.653,5884.593,5867.79,5884.593
2026-02-28 04:00:00,5884.595,5890.479,5861.217,5865.864
2026-02-28 05:00:00,5865.872,5871.745,5858.406,5860.512
2026-02-28 06:00:00,5860.522,5869.604,5851.499,5853.183
2026-02-28 07:00:00,5853.195,5864.329,5853.195,5859.935
2026-02-28 08:00:00,5859.941,5873.596,5849.334,5852.34
2026-02-28 09:00:00,5852.353,5871.906,5852.353,5871.906
2026-02-28 10:00:00,5871.912,5873.244,5855.708,5865.999
2026-02-28 11:00:00,5866.004,5876.188,5862.782,5876.188
2026-02-28 12:00:00,5876.194,5887.812,5875.566,5880.667
2026-02-28 13:00:00,5880.673,5897.907,5878.38,5897.907
2026-02-28 14:00:00,5897.909,5914.907,5897.909,5914.907
2026-02-28 15:00:00,5914.911,5919.52,5898.089,5905.934
2026-02-28 16:00:00,5905.934,5906.385,5890.018,5901.144
2026-02-28 17:00:00,5901.147,5906.623,5888.671,5906.623
2026-02-28 18:00:00,5906.626,5910.69,5893.666,5896.583
2026-02-28 19:00:00,5896.59,5900.108,5878.908,5885.723
2026-02-28 20:00:00,5885.724,5900.02,5885.724,5887.476
2026-02-28 21:00:00,5887.477,5905.662,5887.477,5905.662
2026-02-28 22:00:00,5905.667,5922.992,5905.667,5916.617
2026-02-28 23:00:00,5916.619,5917.639,5903.247,5913.479
2026-03-01 00:00:00,5913.484,5917.766,5903.419,5917.766
2026-03-01 01:00:00,5917.769,5938.182,5917.769,5936.434
2026-03-01 02:00:00,5936.442,5942.189,5929.937,5942.189
2026-03-01 03:00:00,5942.191,5958.386,5942.191,5958.386
2026-03-01 04:00:00,5958.389,5978.637,5958.275,5978.637
2026-03-01 05:00:00,5978.655,5984.093,5957.417,5961.98
2026-03-01 06:00:00,5961.989,5979.617,5961.989,5970.568
2026-03-01 07:00:00,5970.577,5981.633,5970.577,5977.142
2026-03-01 08:00:00,5977.147,5982.819,5952.037,5958.594
2026-03-01 09:00:00,5958.597,5979.881,5958.597,5979.881
2026-03-01 10:00:00,5979.883,6001.242,5979.883,6001.242
2026-03-01 11:00:00,6001.243,6010.382,5999.323,6009.633
2026-03-01 12:00:00,6009.645,6013.403,5989.915,5995.565
2026-03-01 13:00:00,5995.568,6010.845,5993.681,6001.358
2026-03-01 14:00:00,6001.365,6010.125,5995.379,6003.512
2026-03-01 15:00:00,6003.517,6019.663,6003.517,6019.663
2026-03-01 16:00:00,6019.669,6024.747,6012.817,6018.996
2026-03-01 17:00:00,6019.005,6032.477,6017.557,6032.477
2026-03-01 18:00:00,6032.48,6039.972,6013.822,6015.375
2026-03-01 19:00:00,6015.379,6021.597,6000.025,6000.794
2026-03-01 20:00:00,6000.806,6002.516,5971.207,5974.307
2026-03-01 21:00:00,5974.313,5981.662,5966.674,5966.92
2026-03-01 22:00:00,5966.923,5969.41,5954.977,5962.774
2026-03-01 23:00:00,5962.785,5968.429,5952.358,5954.947
2026-03-02 00:00:00,5954.965,5969.47,5954.965,5958.093
2026-03-02 01:00:00,5958.096,5964.827,5952.059,5959.803
2026-03-02 02:00:00,5959.81,5977.686,5959.81,5977.686
2026-03-02 03:00:00,5977.695,5989.795,5977.583,5986.331
2026-03-02 04:00:00,5986.332,6007.269,5985.293,6007.269
2026-03-02 05:00:00,6007.275,6017.241,6003.554,6005.939
2026-03-02 06:00:00,6005.949,6027.037,6005.949,6016.725
2026-03-02 07:00:00,6016.726,6018.594,6003.346,6017.98
2026-03-02 08:00:00,6017.986,6023.996,6003.353,6010.336
2026-03-02 09:00:00,6010.342,6014.06,5987.777,5992.912
2026-03-02 10:00:00,5992.916,6001.756,5978.297,5978.664
2026-03-02 11:00:00,5978.679,5988.279,5977.071,5981.644
2026-03-02 12:00:00,5981.653,5993.055,5980.733,5981.775
2026-03-02 13:00:00,5981.786,5985.279,5972.023,5980.836
2026-03-02 14:00:00,5980.838,5988.105,5962.66,5973.852
2026-03-02 15:00:00,5973.853,5977.864,5957.763,5965.482
2026-03-02 16:00:00,5965.485,5977.404,5965.169,5977.404
2026-03-02 17:00:00,5977.405,5981.408,5955.096,5968.311
2026-03-02 18:00:00,5968.319,5975.913,5951.997,5955.331
2026-03-02 19:00:00,5955.338,5964.478,5953.181,5960.504
2026-03-02 20:00:00,5960.516,5961.911,5941.737,5947.946
2026-03-02 21:00:00,5947.953,5954.872,5938.944,5939.288
2026-03-02 22:00:00,5939.289,5951.609,5938.577,5939.367
2026-03-02 23:00:00,5939.371,5950.779,5937.375,5941.168
2026-03-03 00:00:00,5941.169,5960.652,5941.169,5960.652
2026-03-03 01:00:00,5960.663,5965.428,5941.631,5948.025
2026-03-03 02:00:00,5948.029,5969.2,5948.029,5969.2
2026-03-03 03:00:00,5969.201,5971.572,5960.536,5968.377
2026-03-03 04:00:00,5968.378,5988.478,5968.378,5988.478
2026-03-03 05:00:00,5988.481,6004.509,5988.481,5994.016
2026-03-03 06:00:00,5994.017,6006.537,5991.063,5993.362
2026-03-03 07:00:00,5993.365,6005.4,5993.365,6002.262
2026-03-03 08:00:00,6002.272,6013.325,6001.503,6004.35
2026-03-03 09:00:00,6004.353,6025.789,6004.353,6025.789
2026-03-03 10:00:00,6025.808,6043.165,6025.808,6043.165
2026-03-03 11:00:00,6043.177,6057.684,6041.83,6057.684
2026-03-03 12:00:00,6057.688,6060.626,6039.677,6051.139
2026-03-03 13:00:00,6051.148,6051.179,6022.282,6036.44
2026-03-03 14:00:00,6036.442,6052.37,6036.442,6052.37
2026-03-03 15:00:00,6052.386,6055.839,6021.284,6022.002
2026-03-03 16:00:00,6022.007,6040.631,6022.007,6040.631
2026-03-03 17:00:00,6040.633,6052.509,6035.951,6036.56
2026-03-03 18:00:00,6036.569,6042.294,6028.474,6038.56
2026-03-03 19:00:00,6038.563,6056.039,6036.703,6055.27
2026-03-03 20:00:00,6055.279,6070.087,6049.339,6070.087
2026-03-03 21:00:00,6070.094,6076.194,6039.362,6052.271
2026-03-03 22:00:00,6052.274,6060.823,6050.18,6054.154
2026-03-03 23:00:00,6054.159,6071.923,6054.159,6056.949
2026-03-04 00:00:00,6056.953,6057.743,6035.541,6050.926
2026-03-04 01:00:00,6050.931,6051.467,6009.209,6010.265
2026-03-04 02:00:00,6010.277,6013.029,6001.216,6002.051
2026-03-04 03:00:00,6002.056,6002.263,5983.078,5989.547
2026-03-04 04:00:00,5989.561,6006.909,5989.561,6005.261
2026-03-04 05:00:00,6005.275,6015.195,5997.967,6001.329
2026-03-04 06:00:00,6001.33,6011.115,5993.561,6011.115
2026-03-04 07:00:00,6011.118,6015.319,5997.44,6007.175
2026-03-04 08:00:00,6007.184,6010.435,5971.651,5974.038
2026-03-04 09:00:00,5974.039,5979.231,5962.191,5966.633
2026-03-04 10:00:00,5966.634,5976.051,5955.455,5976.051
2026-03-04 11:00:00,5976.057,5978.556,5951.036,5951.785
2026-03-04 12:00:00,5951.788,5951.97,5929.888,5947.927
2026-03-04 13:00:00,5947.932,5963.66,5947.932,5961.097
2026-03-04 14:00:00,5961.098,5980.547,5961.098,5978.637
2026-03-04 15:00:00,5978.641,5981.505,5954.856,5964.632
2026-03-04 16:00:00,5964.638,5983.223,5963.969,5983.223
2026-03-04 17:00:00,5983.235,6001.56,5983.235,5995.883
2026-03-04 18:00:00,5995.894,6003.061,5990.83,5995.225
2026-03-04 19:00:00,5995.233,5995.478,5960.974,5973.355
2026-03-04 20:00:00,5973.366,5994.801,5973.366,5990.683
2026-03-04 21:00:00,5990.685,6000.943,5980.862,6000.943
2026-03-04 22:00:00,6000.945,6001.306,5929.405,5931.985
2026-03-04 23:00:00,5931.988,5938.102,5911.014,5919.784
2026-03-05 00:00:00,5919.788,5926.932,5913.884,5921.375
2026-03-05 01:00:00,5921.38,5929.759,5917.975,5923.34
2026-03-05 02:00:00,5923.346,5927.857,5885.347,5893.866
2026-03-05 03:00:00,5893.88,5902.184,5878.107,5885.838
2026-03-05 04:00:00,5885.845,5886.03,5860.556,5869.818
2026-03-05 05:00:00,5869.818,5881.442,5869.818,5881.442
2026-03-05 06:00:00,5881.444,5887.449,5875.139,5884.781
2026-03-05 07:00:00,5884.793,5888.81,5872.84,5882.372
2026-03-05 08:00:00,5882.375,5887.07,5872.865,5875.211
2026-03-05 09:00:00,5875.223,5880.934,5860.092,5861.206
2026-03-05 10:00:00,5861.206,5875.951,5861.206,5875.951
2026-03-05 11:00:00,5875.959,5879.607,5859.577,5859.838
2026-03-05 12:00:00,5859.849,5864.506,5849.67,5858.051
2026-03-05 13:00:00,5858.056,5869.762,5857.704,5859.257
2026-03-05 14:00:00,5859.264,5870.203,5854.404,5864.365
2026-03-05 15:00:00,5864.379,5873.621,5863.149,5871.228
2026-03-05 16:00:00,5871.233,5881.157,5871.233,5877.183
2026-03-05 17:00:00,5877.19,5895.063,5877.19,5886.886
2026-03-05 18:00:00,5886.887,5899.216,5880.251,5890.544
2026-03-05 19:00:00,5890.548,5904.234,5890.548,5896.602
2026-03-05 20:00:00,5896.61,5900.75,5865.073,5865.447
2026-03-05 21:00:00,5865.451,5874.935,5848.531,5851.689
2026-03-05 22:00:00,5851.691,5854.75,5840.065,5842.024
2026-03-05 23:00:00,5842.027,5847.899,5827.923,5830.83
2026-03-06 00:00:00,5830.833,5835.385,5811.826,5811.95
2026-03-06 01:00:00,5811.952,5815.714,5801.631,5815.714
2026-03-06 02:00:00,5815.714,5831.048,5814.975,5831.048
2026-03-06 03:00:00,5831.053,5833.024,5820.549,5828.327
2026-03-06 04:00:00,5828.328,5832.631,5799.62,5804.228
2026-03-06 05:00:00,5804.235,5819.016,5804.235,5816.67
2026-03-06 06:00:00,5816.682,5818.489,5791.673,5795.385
2026-03-06 07:00:00,5795.395,5797.151,5782.231,5792.867
2026-03-06 08:00:00,5792.874,5798.419,5786.273,5786.699
2026-03-06 09:00:00,5786.702,5789.481,5761.087,5765.354
2026-03-06 10:00:00,5765.362,5769.656,5756.876,5761.65
2026-03-06 11:00:00,5761.652,5765.949,5730.504,5734.662
2026-03-06 12:00:00,5734.668,5750.227,5734.668,5750.227
2026-03-06 13:00:00,5750.227,5752.918,5729.48,5732.186
2026-03-06 14:00:00,5732.196,5741.731,5728.33,5732.82
2026-03-06 15:00:00,5732.83,5737.579,5719.606,5719.842
2026-03-06 16:00:00,5719.843,5728.728,5715.265,5728.728
2026-03-06 17:00:00,5728.742,5730.048,5712.38,5717.192
2026-03-06 18:00:00,5717.195,5723.796,5700.198,5701.234
2026-03-06 19:00:00,5701.241,5702.76,5688.544,5690.979
2026-03-06 20:00:00,5690.985,5697.775,5688.057,5689.034
2026-03-06 21:00:00,5689.036,5691.15,5667.373,5671.552
2026-03-06 22:00:00,5671.563,5683.229,5667.388,5669.735
2026-03-06 23:00:00,5669.742,5678.266,5668.484,5678.266
2026-03-07 00:00:00,5678.267,5679.15,5653.569,5657.58
2026-03-07 01:00:00,5657.584,5662.333,5655.899,5659.922
2026-03-07 02:00:00,5659.925,5676.112,5659.925,5676.112
2026-03-07 03:00:00,5676.118,5677.614,5639.839,5647.223
2026-03-07 04:00:00,5647.225,5662.607,5647.225,5659.088
2026-03-07 05:00:00,5659.11,5679.158,5659.11,5679.158
2026-03-07 06:00:00,5679.162,5691.552,5679.162,5684.827
2026-03-07 07:00:00,5684.836,5694.351,5681.023,5689.497
2026-03-07 08:00:00,5682.522,5687.684,5678.156,5687.684
2026-03-07 09:00:00,5687.694,5697.601,5683.049,5687.497
2026-03-07 10:00:00,5687.51,5691.412,5675.548,5681.567
2026-03-07 11:00:00,5681.568,5696.451,5679.176,5696.451
2026-03-07 12:00:00,5696.454,5703.621,5687.167,5692.069
2026-03-07 13:00:00,5692.071,5710.189,5692.071,5705.236
2026-03-07 14:00:00,5705.237,5715.67,5703.664,5715.67
2026-03-07 15:00:00,5715.671,5717.638,5694.422,5699.591
2026-03-07 16:00:00,5699.601,5708.174,5691.684,5707.043
2026-03-07 17:00:00,5707.053,5721.913,5707.053,5717.494
2026-03-07 18:00:00,5717.506,5730.641,5717.506,5730.641
2026-03-07 19:00:00,5730.646,5748.196,5730.646,5734.007
2026-03-07 20:00:00,5734.02,5739.405,5725.892,5739.405
2026-03-07 21:00:00,5739.41,5741.544,5725.832,5725.934
2026-03-07 22:00:00,5725.94,5733.216,5721.07,5724.461
2026-03-07 23:00:00,5724.469,5727.002,5709.251,5727.002
2026-03-08 00:00:00,5727.005,5739.234,5727.005,5739.234
2026-03-08 01:00:00,5739.241,5746.135,5738.429,5746.135
2026-03-08 02:00:00,5746.138,5749.9,5729.409,5740.393
2026-03-08 03:00:00,5740.395,5753.248,5733.677,5735.968
2026-03-08 04:00:00,5735.973,5738.798,5725.896,5736.523
2026-03-08 05:00:00,5736.524,5752.827,5736.524,5747.908
2026-03-08 06:00:00,5747.921,5768.274,5747.921,5768.274
2026-03-08 07:00:00,5768.277,5775.326,5764.82,5774.334
2026-03-08 08:00:00,5774.337,5784.74,5754.714,5758.025
2026-03-08 09:00:00,5758.028,5767.011,5752.246,5767.011
2026-03-08 10:00:00,5767.033,5770.38,5744.25,5753.225
2026-03-08 11:00:00,5753.227,5769.451,5753.227,5769.451
2026-03-08 12:00:00,5769.456,5772.269,5746.213,5756.265
2026-03-08 13:00:00,5756.271,5758.943,5733.308,5746.519
2026-03-08 14:00:00,5746.525,5748.605,5726.915,5735.082
2026-03-08 15:00:00,5735.086,5746.915,5735.086,5746.915
2026-03-08 16:00:00,5746.917,5766.085,5746.917,5766.085
2026-03-08 17:00:00,5766.092,5774.351,5763.49,5774.351
2026-03-08 18:00:00,5774.359,5775.937,5764.905,5773.039
2026-03-08 19:00:00,5773.042,5779.976,5763.225,5764.001
2026-03-08 20:00:00,5764.004,5766.526,5748.153,5762.947
2026-03-08 21:00:00,5762.957,5764.052,5740.508,5751.433
2026-03-08 22:00:00,5751.436,5765.337,5747.029,5765.337
2026-03-08 23:00:00,5765.341,5768.602,5745.433,5749.252
2026-03-09 00:00:00,5749.261,5756.492,5747.216,5751.463
2026-03-09 01:00:00,5751.465,5761.938,5744.886,5750.422
2026-03-09 02:00:00,5750.424,5760.294,5729.459,5731.684
2026-03-09 03:00:00,5731.69,5746.939,5728.554,5730.762
2026-03-09 04:00:00,5730.763,5744.506,5730.763,5744.506
2026-03-09 05:00:00,5744.517,5764.875,5744.517,5756.871
2026-03-09 06:00:00,5756.877,5774.663,5756.877,5762.847
2026-03-09 07:00:00,5762.855,5768.712,5733.119,5735.525
2026-03-09 08:00:00,5735.527,5736.075,5714.288,5722.943
2026-03-09 09:00:00,5722.945,5731.776,5712.75,5722.263
2026-03-09 10:00:00,5722.271,5737.061,5722.271,5737.061
2026-03-09 11:00:00,5737.065,5754.351,5737.065,5745.64
2026-03-09 12:00:00,5745.642,5746.582,5729.256,5736.449
2026-03-09 13:00:00,5736.458,5740.666,5724.245,5735.391
2026-03-09 14:00:00,5735.393,5741.345,5726.549,5726.743
2026-03-09 15:00:00,5726.753,5734.864,5721.97,5723.998
2026-03-09 16:00:00,5724.007,5733.963,5720.544,5725.934
2026-03-09 17:00:00,5725.945,5726.062,5661.975,5671.842
2026-03-09 18:00:00,5671.842,5676.181,5661.71,5666.708
2026-03-09 19:00:00,5666.719,5672.088,5661.108,5669.278
2026-03-09 20:00:00,5669.291,5672.066,5660.574,5672.066
2026-03-09 21:00:00,5672.07,5679.419,5663.947,5679.419
2026-03-09 22:00:00,5679.422,5683.003,5667.809,5673.021
2026-03-09 23:00:00,5673.027,5683.684,5673.027,5676.422
2026-03-10 00:00:00,5676.425,5677.196,5660.87,5675.163
2026-03-10 01:00:00,5675.17,5684.729,5632.087,5633.265
2026-03-10 02:00:00,5633.265,5634.846,5618.086,5628.714
2026-03-10 03:00:00,5628.722,5632.647,5604.483,5605.796
2026-03-10 04:00:00,5605.804,5611.042,5595.859,5609.385
2026-03-10 05:00:00,5609.387,5627.276,5609.387,5627.276
2026-03-10 06:00:00,5627.288,5642.004,5627.288,5642.004
2026-03-10 07:00:00,5642.014,5643.796,5630.557,5632.453
2026-03-10 08:00:00,5632.455,5633.901,5615.924,5623.532
2026-03-10 09:00:00,5623.538,5639.027,5621.211,5639.027
2026-03-10 10:00:00,5639.034,5642.447,5612.192,5618.522
2026-03-10 11:00:00,5618.53,5626.584,5608.928,5614.416
2026-03-10 12:00:00,5614.416,5631.537,5614.416,5620.237
2026-03-10 13:00:00,5620.241,5635.767,5620.241,5635.767
2026-03-10 14:00:00,5635.77,5636.039,5587.586,5588.61
2026-03-10 15:00:00,5588.622,5599.465,5576.485,5582.62
2026-03-10 16:00:00,5582.622,5602.139,5582.622,5602.139
2026-03-10 17:00:00,5602.148,5612.438,5599.722,5606.235
2026-03-10 18:00:00,5606.25,5608.188,5594.486,5600.77
2026-03-10 19:00:00,5600.773,5604.145,5586.642,5586.655
2026-03-10 20:00:00,5586.662,5593.51,5584.14,5593.51
2026-03-10 21:00:00,5593.511,5603.285,5592.325,5600.652
2026-03-10 22:00:00,5600.661,5619.196,5600.661,5619.196
2026-03-10 23:00:00,5619.202,5630.583,5613.701,5630.583
2026-03-11 00:00:00,5630.583,5641.662,5619.02,5626.669
2026-03-11 01:00:00,5626.68,5646.646,5626.68,5646.646
2026-03-11 02:00:00,5646.652,5647.356,5619.767,5626.388
2026-03-11 03:00:00,5626.391,5634.001,5618.438,5620.167
2026-03-11 04:00:00,5620.168,5633.649,5619.646,5633.649
2026-03-11 05:00:00,5633.659,5646.844,5633.659,5641.654
2026-03-11 06:00:00,5641.662,5646.284,5617.463,5624.887
2026-03-11 07:00:00,5624.891,5625.84,5603.411,5609.583
2026-03-11 08:00:00,5609.589,5628.042,5604.983,5605.998
2026-03-11 09:00:00,5606.003,5612.007,5588.111,5589.385
2026-03-11 10:00:00,5589.389,5591.365,5571.679,5584.963
2026-03-11 11:00:00,5584.97,5585.148,5571.609,5583.951
2026-03-11 12:00:00,5583.958,5596.121,5581.571,5596.121
2026-03-11 13:00:00,5596.13,5601.336,5592.174,5597.599
2026-03-11 14:00:00,5597.607,5607.517,5591.718,5607.517
2026-03-11 15:00:00,5607.523,5616.152,5603.607,5616.152
2026-03-11 16:00:00,5616.162,5625.977,5607.423,5611.0
2026-03-11 17:00:00,5611.005,5630.429,5611.005,5630.429
2026-03-11 18:00:00,5630.433,5643.682,5630.433,5633.272
2026-03-11 19:00:00,5633.273,5637.408,5619.7,5630.313
2026-03-11 20:00:00,5630.314,5630.537,5604.602,5621.77
2026-03-11 21:00:00,5621.771,5626.758,5617.183,5625.548
2026-03-11 22:00:00,5625.565,5633.667,5617.785,5625.997
2026-03-11 23:00:00,5626.001,5640.266,5626.001,5640.266
2026-03-12 00:00:00,5640.269,5659.718,5640.269,5659.718
2026-03-12 01:00:00,5659.732,5663.857,5617.869,5621.729
2026-03-12 02:00:00,5621.734,5635.978,5620.341,5635.978
2026-03-12 03:00:00,5635.979,5640.175,5622.355,5626.73
2026-03-12 04:00:00,5626.732,5644.539,5626.732,5634.654
2026-03-12 05:00:00,5634.662,5646.318,5632.581,5642.813
2026-03-12 06:00:00,5642.822,5651.323,5632.453,5632.741
2026-03-12 07:00:00,5632.749,5652.78,5632.749,5646.063
2026-03-12 08:00:00,5646.075,5648.96,5642.732,5648.96
2026-03-12 09:00:00,5648.964,5650.15,5635.965,5646.028
2026-03-12 10:00:00,5646.031,5666.054,5646.031,5666.054
2026-03-12 11:00:00,5666.058,5672.979,5663.989,5672.578
2026-03-12 12:00:00,5672.579,5673.223,5648.149,5654.964
2026-03-12 13:00:00,5654.965,5673.862,5654.965,5669.708
2026-03-12 14:00:00,5669.714,5670.95,5643.418,5649.576
2026-03-12 15:00:00,5649.58,5669.445,5649.58,5669.445
2026-03-12 16:00:00,5669.457,5673.097,5654.105,5670.525
2026-03-12 17:00:00,5670.532,5676.413,5662.699,5666.037
2026-03-12 18:00:00,5666.04,5668.619,5645.359,5652.529
2026-03-12 19:00:00,5652.531,5671.197,5652.531,5671.197
2026-03-12 20:00:00,5671.201,5676.946,5662.873,5663.977
2026-03-12 21:00:00,5663.985,5675.212,5663.985,5675.212
2026-03-12 22:00:00,5675.214,5680.433,5655.461,5656.994
2026-03-12 23:00:00,5656.997,5662.002,5637.103,5648.398
2026-03-13 00:00:00,5648.407,5657.049,5645.005,5646.157
2026-03-13 01:00:00,5646.172,5647.472,5632.651,5635.662
2026-03-13 02:00:00,5635.663,5652.61,5635.663,5652.61
2026-03-13 03:00:00,5652.614,5656.214,5643.953,5647.594
2026-03-13 04:00:00,5647.602,5653.951,5622.912,5623.19
2026-03-13 05:00:00,5623.196,5638.401,5621.636,5633.037
2026-03-13 06:00:00,5633.042,5640.243,5626.515,5628.62
2026-03-13 07:00:00,5628.626,5640.132,5626.863,5637.719
2026-03-13 08:00:00,5637.729,5652.648,5637.729,5644.179
2026-03-13 09:00:00,5644.189,5655.781,5637.791,5638.233
2026-03-13 10:00:00,5638.237,5639.615,5611.382,5615.374
2026-03-13 11:00:00,5615.385,5630.273,5615.385,5630.273
2026-03-13 12:00:00,5630.284,5635.81,5616.568,5635.81
2026-03-13 13:00:00,5635.825,5645.087,5628.006,5628.779
2026-03-13 14:00:00,5628.789,5634.818,5607.904,5613.827
2026-03-13 15:00:00,5613.831,5620.686,5609.118,5618.962
2026-03-13 16:00:00,5618.968,5632.198,5616.895,5632.198
2026-03-13 17:00:00,5632.201,5633.68,5606.039,5610.458
2026-03-13 18:00:00,5610.469,5618.897,5608.211,5608.319
2026-03-13 19:00:00,5608.328,5620.67,5608.328,5620.67
2026-03-13 20:00:00,5620.672,5621.253,5591.668,5601.696
2026-03-13 21:00:00,5601.698,5608.216,5595.316,5608.216
2026-03-13 22:00:00,5608.226,5618.374,5593.983,5595.075
2026-03-13 23:00:00,5595.075,5600.374,5589.054,5591.856
2026-03-14 00:00:00,5591.862,5600.485,5586.171,5588.422
2026-03-14 01:00:00,5588.423,5593.258,5583.184,5586.987
2026-03-14 02:00:00,5586.988,5594.363,5583.961,5586.504
2026-03-14 03:00:00,5586.511,5587.38,5550.982,5552.298
2026-03-14 04:00:00,5552.303,5553.773,5539.482,5545.979
2026-03-14 05:00:00,5545.98,5549.784,5534.748,5539.332
2026-03-14 06:00:00,5539.337,5552.794,5539.337,5552.794
2026-03-14 07:00:00,5552.797,5560.064,5549.173,5559.616
2026-03-14 08:00:00,5559.616,5563.453,5550.628,5555.374
2026-03-14 09:00:00,5555.374,5564.366,5550.735,5561.097
2026-03-14 10:00:00,5561.1,5561.6,5545.752,5557.899
2026-03-14 11:00:00,5557.903,5573.014,5557.903,5566.273
2026-03-14 12:00:00,5566.274,5579.572,5563.618,5579.572
2026-03-14 13:00:00,5579.574,5587.285,5575.599,5587.285
2026-03-14 14:00:00,5587.295,5591.884,5556.2,5561.538
2026-03-14 15:00:00,5561.548,5578.309,5561.548,5578.309
2026-03-14 16:00:00,5578.314,5590.451,5578.314,5588.654
2026-03-14 17:00:00,5588.659,5601.942,5583.056,5600.288
2026-03-14 18:00:00,5600.301,5610.746,5591.915,5610.746
2026-03-14 19:00:00,5610.756,5620.062,5602.909,5606.19
2026-03-14 20:00:00,5606.195,5622.025,5605.179,5622.025
2026-03-14 21:00:00,5622.026,5626.843,5605.422,5612.275
2026-03-14 22:00:00,5612.277,5612.422,5594.195,5604.27
2026-03-14 23:00:00,5604.273,5610.708,5596.323,5601.551
2026-03-15 00:00:00,5601.552,5612.597,5598.445,5599.404
2026-03-15 01:00:00,5599.406,5602.605,5564.833,5566.238
2026-03-15 02:00:00,5566.248,5573.456,5561.748,5570.494
2026-03-15 03:00:00,5570.498,5589.207,5570.498,5589.207
2026-03-15 04:00:00,5589.21,5596.077,5587.196,5594.865
2026-03-15 05:00:00,5594.869,5603.442,5593.497,5603.442
2026-03-15 06:00:00,5603.447,5610.264,5592.237,5593.799
2026-03-15 07:00:00,5593.804,5600.794,5574.121,5576.061
2026-03-15 08:00:00,5576.061,5586.341,5574.889,5583.873
2026-03-15 09:00:00,5583.876,5586.081,5559.183,5568.144
2026-03-15 10:00:00,5568.145,5572.929,5551.243,5558.578
2026-03-15 11:00:00,5558.587,5566.846,5558.587,5561.841
2026-03-15 12:00:00,5561.841,5576.034,5561.841,5576.034
2026-03-15 13:00:00,5576.038,5578.101,5558.534,5569.655
2026-03-15 14:00:00,5569.661,5587.184,5569.661,5587.184
2026-03-15 15:00:00,5587.187,5587.383,5568.975,5573.691
2026-03-15 16:00:00,5573.697,5592.178,5573.697,5592.178
2026-03-15 17:00:00,5592.187,5592.453,5579.222,5591.736
2026-03-15 18:00:00,5591.74,5597.81,5572.803,5579.713
2026-03-15 19:00:00,5579.718,5599.775,5579.718,5599.775
2026-03-15 20:00:00,5599.785,5608.562,5594.817,5603.382
2026-03-15 21:00:00,5603.387,5605.963,5587.906,5595.024
2026-03-15 22:00:00,5595.03,5601.984,5590.603,5593.641
2026-03-15 23:00:00,5593.648,5599.473,5573.84,5578.465
2026-03-16 00:00:00,5578.465,5592.532,5576.033,5580.677
2026-03-16 01:00:00,5580.686,5582.877,5571.617,5576.812
2026-03-16 02:00:00,5576.821,5582.619,5572.01,5579.631
2026-03-16 03:00:00,5579.634,5587.145,5570.31,5577.904
2026-03-16 04:00:00,5577.916,5577.983,5555.332,5567.784
2026-03-16 05:00:00,5567.788,5577.952,5567.788,5575.924
2026-03-16 06:00:00,5575.937,5582.601,5562.121,5569.862
2026-03-16 07:00:00,5569.865,5587.283,5569.865,5587.283
2026-03-16 08:00:00,5587.289,5594.789,5566.189,5572.3
2026-03-16 09:00:00,5572.301,5592.398,5572.301,5592.398
2026-03-16 10:00:00,5592.405,5596.523,5584.628,5592.635
2026-03-16 11:00:00,5592.641,5609.446,5592.641,5603.999
2026-03-16 12:00:00,5604.002,5609.458,5598.127,5599.602
2026-03-16 13:00:00,5599.619,5608.884,5597.731,5604.015
2026-03-16 14:00:00,5604.019,5608.793,5593.338,5603.001
2026-03-16 15:00:00,5603.002,5620.635,5603.002,5620.635
2026-03-16 16:00:00,5620.642,5632.168,5603.214,5610.715
2026-03-16 17:00:00,5610.725,5619.388,5609.609,5619.388
2026-03-16 18:00:00,5619.395,5631.246,5612.419,5613.742
2026-03-16 19:00:00,5613.745,5630.189,5613.745,5630.189
2026-03-16 20:00:00,5630.197,5637.019,5625.296,5634.919
2026-03-16 21:00:00,5634.92,5648.431,5629.577,5642.459
2026-03-16 22:00:00,5642.46,5645.738,5631.689,5637.856
2026-03-16 23:00:00,5637.864,5642.218,5607.866,5614.695
2026-03-17 00:00:00,5614.703,5626.892,5604.217,5608.947
2026-03-17 01:00:00,5608.95,5610.135,5598.856,5603.366
2026-03-17 02:00:00,5603.367,5613.278,5600.774,5609.694
2026-03-17 03:00:00,5609.697,5610.012,5597.318,5608.27
2026-03-17 04:00:00,5608.277,5611.562,5598.976,5600.56
2026-03-17 05:00:00,5600.569,5601.829,5574.512,5574.969
2026-03-17 06:00:00,5574.973,5580.429,5564.299,5570.608
2026-03-17 07:00:00,5570.618,5585.61,5570.618,5585.61
2026-03-17 08:00:00,5585.615,5588.298,5570.574,5579.269
2026-03-17 09:00:00,5579.274,5585.438,5573.273,5584.293
2026-03-17 10:00:00,5584.297,5589.487,5576.455,5579.457
2026-03-17 11:00:00,5579.457,5591.558,5578.868,5591.558
2026-03-17 12:00:00,5591.563,5603.515,5582.273,5582.871
2026-03-17 13:00:00,5582.879,5596.852,5582.879,5596.852
2026-03-17 14:00:00,5596.858,5614.392,5596.858,5614.392
2026-03-17 15:00:00,5614.394,5622.704,5612.69,5613.688
2026-03-17 16:00:00,5613.711,5614.172,5604.371,5614.127
2026-03-17 17:00:00,5614.147,5615.706,5592.319,5600.183
2026-03-17 18:00:00,5600.185,5600.917,5576.29,5582.215
2026-03-17 19:00:00,5582.223,5586.834,5561.309,5566.858
2026-03-17 20:00:00,5566.862,5579.102,5548.723,5552.144
2026-03-17 21:00:00,5552.147,5563.943,5550.08,5563.943
2026-03-17 22:00:00,5563.947,5567.7,5530.773,5539.843
2026-03-17 23:00:00,5539.844,5548.885,5536.484,5541.77
2026-03-18 00:00:00,5541.773,5545.45,5529.943,5534.4
2026-03-18 01:00:00,5534.409,5534.842,5521.201,5530.301
2026-03-18 02:00:00,5530.306,5538.212,5527.218,5538.212
2026-03-18 03:00:00,5538.219,5552.131,5538.203,5540.324
2026-03-18 04:00:00,5540.335,5551.272,5540.186,5550.609
2026-03-18 05:00:00,5550.617,5558.187,5548.515,5556.693
2026-03-18 06:00:00,5556.7,5572.041,5556.7,5572.041
2026-03-18 07:00:00,5572.056,5577.834,5562.963,5577.834
2026-03-18 08:00:00,5577.837,5582.173,5565.286,5577.293
2026-03-18 09:00:00,5577.307,5579.28,5547.609,5553.938
2026-03-18 10:00:00,5553.938,5560.432,5537.412,5549.061
2026-03-18 11:00:00,5549.062,5562.648,5549.062,5560.96
2026-03-18 12:00:00,5560.963,5561.777,5540.843,5542.132
2026-03-18 13:00:00,5542.134,5543.818,5515.319,5529.54
2026-03-18 14:00:00,5529.543,5534.844,5522.428,5526.831
2026-03-18 15:00:00,5526.837,5528.448,5517.234,5528.156
2026-03-18 16:00:00,5528.156,5539.111,5528.156,5539.111
2026-03-18 17:00:00,5539.118,5542.712,5533.167,5538.544
2026-03-18 18:00:00,5538.547,5553.333,5538.547,5553.333
2026-03-18 19:00:00,5553.337,5570.153,5553.337,5570.153
2026-03-18 20:00:00,5570.164,5588.405,5570.164,5588.405
2026-03-18 21:00:00,5588.412,5604.994,5588.412,5595.269
2026-03-18 22:00:00,5595.272,5609.398,5595.272,5608.87
2026-03-18 23:00:00,5608.881,5629.332,5608.881,5629.332
2026-03-19 00:00:00,5629.334,5636.64,5623.512,5624.203
2026-03-19 01:00:00,5624.206,5625.777,5606.349,5625.777
2026-03-19 02:00:00,5625.781,5632.509,5617.059,5627.69
2026-03-19 03:00:00,5627.699,5640.199,5627.699,5640.199
2026-03-19 04:00:00,5640.201,5652.135,5640.201,5652.135
2026-03-19 05:00:00,5652.14,5656.466,5643.496,5655.351
2026-03-19 06:00:00,5655.354,5656.701,5643.969,5656.701
2026-03-19 07:00:00,5656.702,5662.206,5635.462,5636.47
2026-03-19 08:00:00,5636.472,5643.491,5628.689,5643.491
2026-03-19 09:00:00,5643.505,5654.239,5643.505,5648.099
2026-03-19 10:00:00,5648.101,5658.619,5634.342,5638.191
2026-03-19 11:00:00,5638.193,5652.838,5638.193,5652.838
2026-03-19 12:00:00,5652.846,5667.285,5652.21,5655.715
2026-03-19 13:00:00,5655.72,5665.993,5655.72,5665.657
2026-03-19 14:00:00,5665.66,5679.094,5665.66,5677.29
2026-03-19 15:00:00,5677.304,5680.846,5663.252,5677.301
2026-03-19 16:00:00,5677.307,5680.671,5644.671,5645.438
2026-03-19 17:00:00,5645.447,5663.531,5645.447,5658.246
2026-03-19 18:00:00,5658.257,5674.308,5658.257,5670.694
2026-03-19 19:00:00,5670.707,5683.161,5670.707,5683.161
2026-03-19 20:00:00,5683.162,5696.119,5676.378,5679.961
2026-03-19 21:00:00,5679.969,5688.699,5664.24,5669.739
2026-03-19 22:00:00,5669.747,5680.443,5655.593,5657.165
2026-03-19 23:00:00,5657.172,5663.515,5644.16,5649.815
2026-03-20 00:00:00,5649.815,5670.222,5649.815,5670.222
2026-03-20 01:00:00,5670.225,5676.392,5663.328,5676.392
2026-03-20 02:00:00,5676.401,5686.104,5652.157,5652.758
2026-03-20 03:00:00,5652.761,5654.972,5635.993,5640.649
2026-03-20 04:00:00,5640.65,5643.084,5616.689,5617.891
2026-03-20 05:00:00,5617.893,5630.24,5613.14,5627.529
2026-03-20 06:00:00,5627.53,5642.026,5627.53,5630.022
2026-03-20 07:00:00,5630.03,5630.151,5611.593,5623.032
2026-03-20 08:00:00,5623.038,5628.765,5614.054,5628.765
2026-03-20 09:00:00,5628.772,5632.15,5590.379,5590.559
2026-03-20 10:00:00,5590.563,5607.596,5590.563,5599.355
2026-03-20 11:00:00,5599.356,5606.921,5594.513,5606.921
2026-03-20 12:00:00,5606.925,5607.201,5571.838,5578.281
2026-03-20 13:00:00,5578.282,5590.397,5549.917,5550.63
2026-03-20 14:00:00,5550.63,5563.139,5542.626,5544.734
2026-03-20 15:00:00,5544.735,5547.955,5539.667,5547.892
2026-03-20 16:00:00,5547.897,5553.514,5532.978,5534.728
2026-03-20 17:00:00,5534.731,5554.43,5534.731,5554.43
2026-03-20 18:00:00,5554.433,5555.242,5534.869,5536.744
2026-03-20 19:00:00,5536.75,5538.046,5495.5,5497.742
2026-03-20 20:00:00,5497.756,5507.966,5485.035,5488.936
2026-03-20 21:00:00,5488.94,5503.305,5475.024,5476.191
2026-03-20 22:00:00,5476.196,5482.864,5457.492,5460.239
2026-03-20 23:00:00,5460.251,5467.085,5452.804,5462.536
2026-03-21 00:00:00,5462.542,5471.08,5461.493,5461.934
2026-03-21 01:00:00,5461.942,5468.712,5461.496,5468.712
2026-03-21 02:00:00,5468.719,5474.203,5449.876,5453.991
2026-03-21 03:00:00,5453.996,5459.746,5414.24,5415.933
2026-03-21 04:00:00,5415.938,5418.993,5393.752,5399.264
2026-03-21 05:00:00,5399.276,5402.744,5391.654,5392.15
2026-03-21 06:00:00,5392.152,5392.583,5380.876,5381.61
2026-03-21 07:00:00,5381.616,5394.538,5378.54,5387.577
2026-03-21 08:00:00,5387.578,5391.059,5374.308,5387.093
2026-03-21 09:00:00,5387.099,5394.918,5380.557,5387.979
2026-03-21 10:00:00,5387.985,5400.238,5384.294,5400.238
2026-03-21 11:00:00,5400.247,5401.503,5387.99,5397.048
2026-03-21 12:00:00,5397.062,5397.52,5377.912,5381.224
2026-03-21 13:00:00,5381.226,5395.064,5380.455,5385.998
2026-03-21 14:00:00,5386.006,5396.845,5386.006,5396.845
2026-03-21 15:00:00,5396.849,5407.516,5376.871,5378.628
2026-03-21 16:00:00,5378.632,5380.211,5362.324,5371.035
2026-03-21 17:00:00,5371.038,5388.643,5371.038,5379.074
2026-03-21 18:00:00,5379.076,5390.976,5373.607,5390.976
2026-03-21 19:00:00,5390.977,5400.221,5390.945,5396.501
2026-03-21 20:00:00,5396.505,5399.769,5380.144,5380.694
2026-03-21 21:00:00,5380.698,5400.036,5380.698,5400.036
2026-03-21 22:00:00,5400.046,5413.94,5400.046,5413.217
2026-03-21 23:00:00,5413.231,5419.919,5413.231,5418.767
2026-03-22 00:00:00,5418.771,5426.507,5412.53,5414.603
2026-03-22 01:00:00,5414.614,5428.142,5408.743,5424.34
2026-03-22 02:00:00,5424.351,5425.468,5404.893,5421.59
2026-03-22 03:00:00,5421.599,5429.855,5417.177,5429.855
2026-03-22 04:00:00,5429.856,5443.4,5429.856,5443.4
2026-03-22 05:00:00,5443.404,5450.682,5435.211,5450.682
2026-03-22 06:00:00,5450.687,5461.582,5450.687,5456.978
2026-03-22 07:00:00,5456.981,5469.708,5454.122,5460.905
2026-03-22 08:00:00,5460.917,5466.403,5437.156,5442.396
2026-03-22 09:00:00,5442.398,5446.645,5431.245,5434.661
2026-03-22 10:00:00,5434.669,5443.554,5424.538,5443.554
2026-03-22 11:00:00,5443.556,5444.39,5434.639,5442.003
2026-03-22 12:00:00,5442.01,5448.689,5431.369,5435.425
2026-03-22 13:00:00,5435.427,5445.864,5426.037,5428.659
2026-03-22 14:00:00,5428.663,5432.283,5412.067,5426.013
2026-03-22 15:00:00,5426.018,5441.455,5426.018,5435.087
2026-03-22 16:00:00,5435.088,5443.975,5428.923,5432.057
2026-03-22 17:00:00,5432.063,5440.612,5413.672,5421.339
2026-03-22 18:00:00,5421.345,5440.787,5421.345,5440.787
2026-03-22 19:00:00,5440.789,5441.759,5420.699,5422.908
2026-03-22 20:00:00,5422.909,5426.471,5396.62,5397.277
2026-03-22 21:00:00,5397.278,5407.372,5395.448,5407.372
2026-03-22 22:00:00,5407.379,5415.184,5402.039,5409.119
2026-03-22 23:00:00,5409.12,5409.759,5390.108,5401.945
2026-03-23 00:00:00,5401.946,5415.62,5401.946,5415.62
2026-03-23 01:00:00,5415.626,5426.034,5413.386,5422.367
2026-03-23 02:00:00,5422.368,5432.674,5421.088,5425.172
2026-03-23 03:00:00,5425.184,5431.011,5414.21,5424.071
2026-03-23 04:00:00,5424.08,5437.753,5423.125,5423.948
2026-03-23 05:00:00,5423.95,5424.054,5406.624,5423.527
2026-03-23 06:00:00,5423.534,5439.829,5423.534,5439.829
2026-03-23 07:00:00,5439.83,5449.099,5439.83,5447.117
2026-03-23 08:00:00,5447.118,5453.41,5440.929,5451.876
2026-03-23 09:00:00,5451.88,5461.167,5448.106,5461.167
2026-03-23 10:00:00,5461.178,5464.179,5442.819,5446.073
2026-03-23 11:00:00,5446.079,5456.023,5446.079,5456.023
2026-03-23 12:00:00,5456.027,5460.125,5449.161,5454.754
2026-03-23 13:00:00,5454.762,5468.546,5454.762,5468.546
2026-03-23 14:00:00,5468.551,5471.604,5453.996,5457.681
2026-03-23 15:00:00,5457.687,5463.585,5453.807,5462.786
2026-03-23 16:00:00,5462.788,5472.752,5459.781,5465.599
2026-03-23 17:00:00,5465.609,5482.51,5465.609,5482.51
2026-03-23 18:00:00,5482.521,5492.136,5478.996,5485.729
2026-03-23 19:00:00,5485.738,5490.847,5478.577,5483.368
2026-03-23 20:00:00,5483.375,5501.734,5483.375,5501.734
2026-03-23 21:00:00,5501.738,5504.111,5485.183,5494.322
2026-03-23 22:00:00,5494.323,5502.686,5488.547,5490.66
2026-03-23 23:00:00,5490.665,5501.753,5482.229,5501.753
2026-03-24 00:00:00,5501.758,5507.388,5493.909,5497.014
2026-03-24 01:00:00,5497.02,5503.344,5480.768,5486.741
2026-03-24 02:00:00,5486.741,5502.94,5486.741,5502.94
2026-03-24 03:00:00,5502.948,5509.486,5485.014,5494.081
2026-03-24 04:00:00,5494.086,5498.948,5484.689,5498.948
2026-03-24 05:00:00,5498.953,5511.932,5498.953,5501.958
2026-03-24 06:00:00,5501.969,5504.196,5488.84,5496.517
2026-03-24 07:00:00,5496.52,5509.518,5491.024,5509.518
2026-03-24 08:00:00,5509.52,5516.754,5504.065,5512.195
2026-03-24 09:00:00,5512.201,5518.845,5503.029,5513.129
2026-03-24 10:00:00,5513.137,5525.081,5513.137,5519.732
2026-03-24 11:00:00,5519.732,5526.176,5514.807,5519.664
2026-03-24 12:00:00,5519.666,5536.558,5519.666,5534.689
2026-03-24 13:00:00,5534.706,5538.691,5512.58,5512.97
2026-03-24 14:00:00,5512.97,5531.957,5512.97,5531.957
2026-03-24 15:00:00,5531.961,5535.881,5512.948,5521.331
2026-03-24 16:00:00,5521.341,5522.871,5505.941,5516.039
2026-03-24 17:00:00,5516.045,5530.3,5516.045,5526.447
2026-03-24 18:00:00,5526.454,5534.464,5519.093,5525.806
2026-03-24 19:00:00,5525.81,5532.309,5515.572,5526.339
2026-03-24 20:00:00,5526.347,5540.815,5526.347,5540.815
2026-03-24 21:00:00,5540.82,5560.967,5540.82,5560.967
2026-03-24 22:00:00,5560.973,5572.444,5558.81,5561.281
2026-03-24 23:00:00,5561.286,5572.609,5558.084,5560.756
2026-03-25 00:00:00,5560.759,5562.42,5542.652,5543.968
2026-03-25 01:00:00,5543.974,5552.013,5540.476,5546.176
2026-03-25 02:00:00,5546.181,5562.945,5546.181,5558.326
2026-03-25 03:00:00,5558.33,5560.635,5533.209,5541.66
2026-03-25 04:00:00,5541.666,5561.475,5541.666,5561.475
2026-03-25 05:00:00,5561.479,5572.076,5556.521,5561.255
2026-03-25 06:00:00,5561.263,5565.993,5553.789,5562.129
2026-03-25 07:00:00,5562.134,5566.418,5553.802,5556.032
2026-03-25 08:00:00,5556.035,5572.796,5556.035,5572.796
2026-03-25 09:00:00,5572.804,5580.054,5565.827,5569.219
2026-03-25 10:00:00,5569.222,5579.267,5569.222,5578.701
2026-03-25 11:00:00,5578.706,5588.186,5572.286,5588.186
2026-03-25 12:00:00,5588.203,5602.353,5586.103,5601.872
2026-03-25 13:00:00,5601.872,5603.166,5589.986,5596.949
2026-03-25 14:00:00,5596.958,5598.711,5577.079,5581.19
2026-03-25 15:00:00,5581.203,5587.913,5573.661,5576.636
2026-03-25 16:00:00,5576.644,5577.39,5564.458,5570.552
2026-03-25 17:00:00,5570.554,5583.756,5569.201,5569.454
2026-03-25 18:00:00,5569.457,5577.908,5557.742,5558.194
2026-03-25 19:00:00,5558.196,5561.19,5548.875,5555.525
2026-03-25 20:00:00,5555.528,5556.437,5539.136,5550.365
2026-03-25 21:00:00,5550.377,5559.18,5546.68,5559.18
2026-03-25 22:00:00,5559.189,5570.349,5559.189,5567.828
2026-03-25 23:00:00,5567.835,5573.551,5557.625,5573.551
2026-03-26 00:00:00,5573.562,5577.135,5568.552,5569.59
2026-03-26 01:00:00,5569.594,5582.378,5569.402,5582.378
2026-03-26 02:00:00,5582.382,5593.257,5580.312,5583.198
2026-03-26 03:00:00,5583.21,5590.995,5578.742,5580.415
2026-03-26 04:00:00,5580.426,5582.009,5541.203,5541.677
2026-03-26 05:00:00,5541.681,5556.425,5541.681,5548.214
2026-03-26 06:00:00,5548.218,5549.991,5528.079,5533.295
2026-03-26 07:00:00,5533.304,5534.075,5511.489,5518.911
2026-03-26 08:00:00,5518.92,5533.004,5518.92,5533.004
2026-03-26 09:00:00,5533.016,5541.254,5530.884,5536.546
2026-03-26 10:00:00,5536.552,5539.612,5523.81,5528.78
2026-03-26 11:00:00,5528.788,5540.186,5527.951,5531.327
2026-03-26 12:00:00,5531.348,5534.321,5512.442,5516.873
2026-03-26 13:00:00,5516.881,5533.805,5516.881,5523.59
2026-03-26 14:00:00,5523.592,5529.307,5503.923,5509.162
2026-03-26 15:00:00,5509.165,5512.751,5492.656,5496.799
2026-03-26 16:00:00,5496.805,5500.902,5471.94,5478.837
2026-03-26 17:00:00,5478.843,5479.26,5463.796,5469.3
2026-03-26 18:00:00,5469.308,5474.533,5465.53,5474.533
2026-03-26 19:00:00,5474.541,5481.119,5470.112,5470.193
2026-03-26 20:00:00,5470.195,5477.259,5464.757,5477.259
2026-03-26 21:00:00,5477.263,5485.978,5472.258,5485.978
2026-03-26 22:00:00,5485.98,5490.368,5479.25,5490.368
2026-03-26 23:00:00,5490.37,5494.369,5476.571,5480.147
2026-03-27 00:00:00,5480.15,5490.719,5476.658,5485.465
2026-03-27 01:00:00,5485.472,5498.0,5485.472,5498.0
2026-03-27 02:00:00,5498.003,5507.814,5494.166,5494.862
2026-03-27 03:00:00,5494.872,5510.305,5494.872,5510.305
2026-03-27 04:00:00,5510.306,5525.749,5510.306,5525.749
2026-03-27 05:00:00,5525.757,5529.392,5510.93,5519.381
2026-03-27 06:00:00,5519.382,5528.133,5514.196,5528.133
2026-03-27 07:00:00,5528.136,5534.655,5524.919,5534.33
2026-03-27 08:00:00,5534.341,5536.439,5509.468,5513.755
2026-03-27 09:00:00,5513.764,5532.689,5512.904,5532.689
2026-03-27 10:00:00,5532.698,5539.349,5518.29,5522.962
2026-03-27 11:00:00,5522.966,5531.57,5519.261,5521.264
2026-03-27 12:00:00,5521.275,5525.075,5513.1,5525.075
2026-03-27 13:00:00,5525.076,5535.994,5513.298,5514.935
2026-03-27 14:00:00,5514.942,5527.458,5514.942,5523.495
2026-03-27 15:00:00,5523.496,5524.303,5512.432,5521.058
2026-03-27 16:00:00,5521.066,5524.573,5509.037,5515.176
2026-03-27 17:00:00,5515.178,5524.943,5508.342,5524.943
2026-03-27 18:00:00,5524.949,5525.622,5505.601,5516.861
2026-03-27 19:00:00,5516.866,5529.868,5516.866,5526.141
2026-03-27 20:00:00,5526.143,5531.136,5519.535,5521.851
2026-03-27 21:00:00,5521.86,5530.962,5519.155,5526.07
2026-03-27 22:00:00,5526.083,5537.277,5526.083,5532.533
2026-03-27 23:00:00,5532.536,5539.596,5523.745,5525.637
2026-03-28 00:00:00,5525.642,5532.823,5521.002,5525.813
2026-03-28 01:00:00,5525.822,5530.233,5504.598,5507.619
2026-03-28 02:00:00,5507.62,5509.093,5492.858,5506.17
2026-03-28 03:00:00,5506.174,5516.379,5505.405,5514.675
2026-03-28 04:00:00,5514.678,5514.8,5491.034,5499.769
2026-03-28 05:00:00,5499.77,5512.177,5499.77,5505.103
2026-03-28 06:00:00,5505.106,5507.495,5500.829,5505.765
2026-03-28 07:00:00,5505.77,5510.175,5499.868,5510.175
2026-03-28 08:00:00,5510.176,5523.802,5510.176,5523.802
2026-03-28 09:00:00,5523.806,5540.162,5523.806,5540.162
2026-03-28 10:00:00,5540.167,5548.719,5533.604,5533.773
2026-03-28 11:00:00,5533.781,5538.697,5519.794,5526.743
2026-03-28 12:00:00,5526.747,5537.02,5525.933,5534.793
2026-03-28 13:00:00,5534.803,5536.562,5520.481,5525.835
2026-03-28 14:00:00,5525.841,5539.9,5522.299,5539.9
2026-03-28 15:00:00,5539.911,5556.776,5539.911,5550.685
2026-03-28 16:00:00,5550.687,5561.11,5536.643,5536.928
2026-03-28 17:00:00,5536.931,5553.048,5536.931,5551.591
2026-03-28 18:00:00,5551.597,5552.979,5528.621,5541.117
2026-03-28 19:00:00,5541.126,5551.706,5541.126,5545.913
2026-03-28 20:00:00,5545.922,5547.24,5522.685,5534.857
2026-03-28 21:00:00,5534.862,5545.906,5531.05,5545.906
2026-03-28 22:00:00,5545.913,5550.53,5531.619,5546.016
2026-03-28 23:00:00,5546.019,5554.684,5516.026,5523.182
2026-03-29 00:00:00,5523.185,5528.507,5515.549,5526.173
2026-03-29 01:00:00,5526.182,5526.442,5510.149,5512.091
2026-03-29 02:00:00,5512.094,5524.976,5512.094,5521.266
2026-03-29 03:00:00,5521.273,5525.959,5512.359,5519.376
2026-03-29 04:00:00,5519.377,5523.212,5505.645,5506.209
2026-03-29 05:00:00,5506.216,5520.107,5506.216,5508.461
2026-03-29 06:00:00,5508.462,5520.695,5505.894,5520.695
2026-03-29 07:00:00,5520.707,5537.416,5520.707,5532.212
2026-03-29 08:00:00,5532.215,5543.026,5530.261,5533.522
2026-03-29 09:00:00,5533.526,5534.395,5522.428,5527.839
2026-03-29 10:00:00,5527.844,5533.454,5516.057,5516.91
2026-03-29 11:00:00,5516.914,5519.858,5500.046,5512.3
2026-03-29 12:00:00,5512.301,5518.979,5502.588,5518.979
2026-03-29 13:00:00,5518.988,5521.423,5501.162,5516.003
2026-03-29 14:00:00,5516.013,5520.754,5510.496,5517.119
2026-03-29 15:00:00,5517.138,5526.615,5514.883,5515.618
2026-03-29 16:00:00,5515.62,5518.898,5495.005,5498.067
2026-03-29 17:00:00,5498.074,5500.832,5485.188,5500.832
2026-03-29 18:00:00,5500.834,5504.136,5464.57,5469.507
2026-03-29 19:00:00,5469.519,5488.965,5469.519,5488.965
2026-03-29 20:00:00,5488.971,5501.624,5488.971,5494.698
2026-03-29 21:00:00,5494.707,5501.012,5487.754,5498.038
2026-03-29 22:00:00,5498.055,5516.698,5498.055,5515.399
2026-03-29 23:00:00,5515.409,5525.998,5513.148,5515.791
2026-03-30 00:00:00,5515.791,5519.278,5493.808,5496.79
2026-03-30 01:00:00,5496.795,5498.795,5472.163,5477.054
2026-03-30 02:00:00,5477.059,5483.51,5461.153,5465.237
2026-03-30 03:00:00,5465.241,5479.746,5465.241,5479.746
2026-03-30 04:00:00,5479.75,5484.53,5463.54,5466.019
2026-03-30 05:00:00,5466.029,5467.298,5451.042,5467.298
2026-03-30 06:00:00,5467.3,5470.52,5454.999,5455.437
2026-03-30 07:00:00,5455.437,5459.819,5442.512,5449.445
2026-03-30 08:00:00,5449.447,5452.326,5434.594,5442.89
2026-03-30 09:00:00,5442.898,5451.052,5441.621,5451.052
2026-03-30 10:00:00,5451.055,5453.348,5422.461,5425.722
2026-03-30 11:00:00,5425.734,5440.019,5425.734,5439.42
2026-03-30 12:00:00,5439.429,5442.282,5428.214,5430.164
2026-03-30 13:00:00,5430.167,5431.624,5422.507,5428.795
2026-03-30 14:00:00,5428.796,5445.164,5428.796,5445.164
2026-03-30 15:00:00,5445.166,5446.014,5421.422,5429.833
2026-03-30 16:00:00,5429.842,5436.204,5422.864,5423.741
2026-03-30 17:00:00,5423.745,5430.949,5420.073,5420.587
2026-03-30 18:00:00,5420.591,5426.671,5401.354,5408.515
2026-03-30 19:00:00,5408.519,5416.813,5408.519,5416.556
2026-03-30 20:00:00,5416.563,5418.876,5403.486,5414.676
2026-03-30 21:00:00,5414.685,5415.743,5403.726,5415.505
2026-03-30 22:00:00,5415.506,5417.794,5400.766,5417.686
2026-03-30 23:00:00,5417.689,5422.628,5395.049,5398.572
2026-03-31 00:00:00,5398.578,5405.497,5391.285,5392.608
2026-03-31 01:00:00,5392.61,5399.6,5382.231,5393.396
2026-03-31 02:00:00,5393.402,5398.829,5389.428,5395.838
2026-03-31 03:00:00,5395.839,5407.321,5394.649,5407.321
2026-03-31 04:00:00,5407.324,5416.372,5399.343,5416.372
2026-03-31 05:00:00,5416.373,5417.92,5407.303,5410.247
2026-03-31 06:00:00,5410.25,5419.014,5405.942,5419.014
2026-03-31 07:00:00,5419.02,5431.124,5418.699,5431.124
2026-03-31 08:00:00,5431.126,5436.694,5419.741,5421.394
2026-03-31 09:00:00,5421.406,5439.164,5421.406,5428.964
2026-03-31 10:00:00,5428.965,5443.989,5428.965,5442.07
2026-03-31 11:00:00,5442.073,5447.509,5439.692,5444.362
2026-03-31 12:00:00,5444.37,5460.808,5444.37,5454.28
2026-03-31 13:00:00,5454.281,5455.664,5445.83,5452.792
2026-03-31 14:00:00,5452.798,5456.204,5435.642,5440.602
2026-03-31 15:00:00,5440.609,5448.357,5440.609,5447.475
2026-03-31 16:00:00,5447.478,5450.676,5411.509,5413.592
2026-03-31 17:00:00,5413.603,5415.936,5382.915,5383.485
2026-03-31 18:00:00,5383.497,5384.822,5360.504,5366.183
2026-03-31 19:00:00,5366.185,5383.219,5366.185,5383.219
2026-03-31 20:00:00,5383.221,5386.45,5375.136,5385.343
2026-03-31 21:00:00,5385.348,5391.484,5378.907,5385.61
2026-03-31 22:00:00,5385.61,5388.43,5363.296,5370.639
2026-03-31 23:00:00,5370.643,5373.712,5359.073,5364.753
2026-04-01 00:00:00,5364.753,5366.958,5357.302,5366.958
2026-04-01 01:00:00,5366.966,5370.892,5359.299,5360.546
2026-04-01 02:00:00,5360.548,5372.34,5360.548,5372.34
2026-04-01 03:00:00,5372.346,5392.074,5372.346,5392.074
2026-04-01 04:00:00,5392.084,5392.235,5378.462,5381.684
2026-04-01 05:00:00,5381.686,5388.696,5372.71,5372.759
2026-04-01 06:00:00,5372.763,5385.121,5371.401,5385.121
2026-04-01 07:00:00,5385.13,5393.591,5373.986,5379.814
2026-04-01 08:00:00,5379.816,5393.973,5379.816,5392.723
2026-04-01 09:00:00,5392.728,5395.298,5373.102,5388.64
2026-04-01 10:00:00,5388.654,5390.784,5378.591,5388.364
2026-04-01 11:00:00,5388.371,5398.607,5388.035,5395.778
2026-04-01 12:00:00,5395.778,5411.724,5395.778,5411.724
2026-04-01 13:00:00,5411.725,5424.588,5411.725,5424.588
2026-04-01 14:00:00,5424.595,5430.851,5410.317,5418.276
2026-04-01 15:00:00,5418.279,5418.43,5407.363,5415.965
2026-04-01 16:00:00,5415.97,5417.119,5399.101,5399.273
2026-04-01 17:00:00,5399.284,5408.888,5396.495,5402.014
2026-04-01 18:00:00,5402.021,5410.25,5396.998,5404.239
2026-04-01 19:00:00,5404.241,5417.729,5404.241,5415.335
2026-04-01 20:00:00,5415.336,5423.108,5397.769,5398.723
2026-04-01 21:00:00,5398.728,5404.081,5394.413,5403.644
2026-04-01 22:00:00,5403.646,5409.568,5390.86,5396.375
2026-04-01 23:00:00,5396.383,5408.426,5396.383,5408.426
2026-04-02 00:00:00,5408.428,5415.51,5398.867,5399.536
2026-04-02 01:00:00,5399.551,5419.191,5399.551,5419.191
2026-04-02 02:00:00,5419.193,5436.427,5419.193,5436.427
2026-04-02 03:00:00,5436.435,5445.7,5435.173,5439.479
2026-04-02 04:00:00,5439.489,5447.248,5437.855,5445.857
2026-04-02 05:00:00,5445.868,5461.212,5445.868,5457.319
2026-04-02 06:00:00,5457.325,5462.548,5449.408,5462.002
2026-04-02 07:00:00,5462.004,5469.165,5454.61,5464.692
2026-04-02 08:00:00,5464.699,5466.031,5446.128,5457.208
2026-04-02 09:00:00,5457.217,5458.731,5436.79,5450.573
2026-04-02 10:00:00,5450.579,5467.035,5448.104,5467.035
2026-04-02 11:00:00,5467.035,5481.269,5464.417,5481.269
2026-04-02 12:00:00,5481.276,5487.102,5470.135,5487.102
2026-04-02 13:00:00,5487.107,5491.203,5480.734,5488.583
2026-04-02 14:00:00,5488.584,5495.923,5475.814,5475.889
2026-04-02 15:00:00,5475.89,5479.286,5462.205,5474.543
2026-04-02 16:00:00,5474.549,5485.428,5469.177,5485.428
2026-04-02 17:00:00,5485.431,5495.334,5472.98,5473.343
2026-04-02 18:00:00,5473.353,5477.646,5443.783,5446.776
2026-04-02 19:00:00,5446.78,5457.09,5445.022,5454.238
2026-04-02 20:00:00,5454.238,5468.459,5452.332,5468.459
2026-04-02 21:00:00,5468.459,5483.974,5468.459,5480.484
2026-04-02 22:00:00,5480.487,5492.43,5476.871,5484.06
2026-04-02 23:00:00,5484.067,5500.507,5484.067,5500.507
2026-04-03 00:00:00,5500.517,5515.731,5500.517,5502.648
2026-04-03 01:00:00,5502.655,5509.35,5486.747,5488.079
2026-04-03 02:00:00,5488.083,5494.771,5481.125,5494.771
2026-04-03 03:00:00,5494.773,5499.787,5466.922,5472.436
2026-04-03 04:00:00,5472.446,5484.804,5472.446,5484.804
2026-04-03 05:00:00,5484.811,5485.131,5454.004,5454.332
2026-04-03 06:00:00,5454.339,5467.951,5454.339,5467.951
2026-04-03 07:00:00,5467.955,5485.754,5467.955,5485.754
2026-04-03 08:00:00,5485.755,5490.291,5478.159,5490.291
2026-04-03 09:00:00,5490.294,5492.068,5469.808,5483.494
2026-04-03 10:00:00,5483.505,5486.577,5467.598,5474.594
2026-04-03 11:00:00,5474.605,5482.386,5471.328,5482.386
2026-04-03 12:00:00,5482.392,5493.182,5482.392,5493.024
2026-04-03 13:00:00,5493.028,5498.587,5490.073,5496.637
2026-04-03 14:00:00,5496.639,5513.117,5496.639,5501.263
2026-04-03 15:00:00,5501.27,5513.779,5501.27,5503.932
2026-04-03 16:00:00,5503.936,5523.498,5503.936,5523.498
2026-04-03 17:00:00,5523.502,5530.735,5510.967,5511.746
2026-04-03 18:00:00,5511.755,5513.164,5481.499,5483.581
2026-04-03 19:00:00,5483.582,5494.505,5483.582,5486.654
2026-04-03 20:00:00,5486.655,5491.177,5476.924,5486.559
2026-04-03 21:00:00,5486.561,5495.97,5465.693,5469.433
2026-04-03 22:00:00,5469.44,5477.363,5468.026,5472.712
2026-04-03 23:00:00,5472.715,5483.305,5470.955,5477.131
2026-04-04 00:00:00,5477.135,5477.833,5468.199,5474.664
2026-04-04 01:00:00,5474.665,5479.819,5466.316,5478.714
2026-04-04 02:00:00,5478.72,5481.059,5466.336,5471.387
2026-04-04 03:00:00,5471.397,5481.11,5468.27,5478.132
2026-04-04 04:00:00,5478.144,5494.661,5478.144,5494.661
2026-04-04 05:00:00,5494.666,5501.258,5473.459,5475.947
2026-04-04 06:00:00,5475.95,5489.126,5475.95,5479.749
2026-04-04 07:00:00,5479.752,5484.744,5473.839,5484.744
2026-04-04 08:00:00,5484.759,5497.46,5484.183,5497.46
2026-04-04 09:00:00,5497.468,5506.772,5484.178,5484.178
2026-04-04 10:00:00,5484.182,5496.689,5484.182,5496.689
2026-04-04 11:00:00,5496.69,5515.422,5496.69,5515.422
2026-04-04 12:00:00,5515.431,5532.385,5515.431,5532.385
2026-04-04 13:00:00,5532.387,5538.234,5527.306,5533.654
2026-04-04 14:00:00,5533.664,5543.742,5529.751,5543.742
2026-04-04 15:00:00,5543.743,5559.784,5543.743,5547.893
2026-04-04 16:00:00,5547.895,5554.872,5544.692,5544.706
2026-04-04 17:00:00,5544.708,5546.796,5529.871,5537.719
2026-04-04 18:00:00,5537.727,5547.31,5534.28,5547.31
2026-04-04 19:00:00,5547.321,5555.168,5544.354,5547.513
2026-04-04 20:00:00,5547.515,5566.402,5547.515,5566.402
2026-04-04 21:00:00,5566.408,5581.363,5563.208,5581.363
2026-04-04 22:00:00,5581.363,5594.006,5579.653,5591.387
2026-04-04 23:00:00,5591.39,5594.203,5579.802,5586.598
2026-04-05 00:00:00,5586.606,5600.293,5586.606,5600.293
2026-04-05 01:00:00,5600.293,5618.219,5600.293,5618.219
2026-04-05 02:00:00,5618.234,5635.338,5618.234,5635.338
2026-04-05 03:00:00,5635.339,5643.527,5632.869,5641.537
2026-04-05 04:00:00,5641.549,5649.523,5641.549,5649.523
2026-04-05 05:00:00,5649.528,5668.477,5649.528,5668.477
2026-04-05 06:00:00,5668.478,5678.086,5664.694,5667.687
2026-04-05 07:00:00,5667.698,5671.346,5653.534,5666.68
2026-04-05 08:00:00,5666.685,5683.412,5666.685,5683.412
2026-04-05 09:00:00,5683.418,5696.32,5683.418,5688.235
2026-04-05 10:00:00,5688.236,5695.981,5679.777,5695.981
2026-04-05 11:00:00,5695.993,5713.483,5695.993,5710.023
2026-04-05 12:00:00,5710.033,5711.863,5698.523,5711.863
2026-04-05 13:00:00,5711.87,5715.593,5691.006,5701.813
2026-04-05 14:00:00,5701.813,5703.68,5690.804,5692.555
2026-04-05 15:00:00,5692.557,5696.887,5683.378,5686.453
2026-04-05 16:00:00,5686.461,5696.72,5679.522,5684.12
2026-04-05 17:00:00,5684.123,5700.071,5683.804,5696.635
2026-04-05 18:00:00,5696.645,5711.827,5696.645,5709.603
2026-04-05 19:00:00,5709.604,5714.085,5692.552,5695.766
2026-04-05 20:00:00,5695.769,5706.841,5692.903,5697.39
2026-04-05 21:00:00,5697.393,5703.159,5682.134,5689.593
2026-04-05 22:00:00,5689.599,5696.141,5683.76,5696.141
2026-04-05 23:00:00,5696.154,5704.594,5694.309,5697.921
2026-04-06 00:00:00,5697.929,5707.941,5695.512,5705.194
2026-04-06 01:00:00,5705.196,5725.785,5705.196,5725.785
2026-04-06 02:00:00,5725.798,5731.422,5714.374,5719.143
2026-04-06 03:00:00,5719.146,5721.858,5710.142,5721.262
2026-04-06 04:00:00,5721.265,5741.959,5721.265,5741.959
2026-04-06 05:00:00,5741.967,5750.172,5733.798,5734.492
2026-04-06 06:00:00,5734.493,5736.133,5712.037,5718.416
2026-04-06 07:00:00,5718.423,5729.518,5709.586,5729.518
2026-04-06 08:00:00,5729.528,5736.932,5705.792,5708.523
2026-04-06 09:00:00,5708.523,5719.065,5698.701,5699.187
2026-04-06 10:00:00,5699.196,5704.364,5678.799,5682.9
2026-04-06 11:00:00,5682.9,5689.699,5681.977,5688.53
2026-04-06 12:00:00,5688.535,5702.051,5688.535,5702.051
2026-04-06 13:00:00,5702.054,5709.434,5698.398,5701.492
2026-04-06 14:00:00,5701.494,5707.594,5695.351,5698.506
2026-04-06 15:00:00,5698.508,5710.257,5696.48,5704.757
2026-04-06 16:00:00,5704.763,5720.907,5704.763,5711.91
2026-04-06 17:00:00,5711.91,5723.285,5698.983,5704.786
2026-04-06 18:00:00,5704.79,5718.789,5704.79,5713.784
2026-04-06 19:00:00,5713.796,5718.796,5707.5,5718.796
2026-04-06 20:00:00,5718.808,5730.475,5715.217,5719.642
2026-04-06 21:00:00,5719.646,5721.116,5699.935,5701.626
2026-04-06 22:00:00,5701.628,5722.297,5701.628,5722.297
2026-04-06 23:00:00,5722.305,5729.032,5710.839,5723.724
2026-04-07 00:00:00,5723.724,5732.546,5719.378,5725.155
2026-04-07 01:00:00,5725.16,5741.903,5725.16,5731.207
2026-04-07 02:00:00,5731.21,5736.117,5723.301,5726.156
2026-04-07 03:00:00,5726.156,5735.061,5720.319,5722.828
2026-04-07 04:00:00,5722.832,5740.099,5722.832,5740.099
2026-04-07 05:00:00,5740.106,5748.4,5735.852,5738.455
2026-04-07 06:00:00,5738.464,5743.901,5702.698,5704.784
2026-04-07 07:00:00,5704.792,5719.58,5704.792,5719.58
2026-04-07 08:00:00,5719.58,5727.654,5716.769,5721.167
2026-04-07 09:00:00,5721.171,5725.765,5712.454,5725.765
2026-04-07 10:00:00,5725.766,5732.32,5711.157,5713.808
2026-04-07 11:00:00,5713.811,5723.654,5713.811,5718.79
2026-04-07 12:00:00,5718.8,5721.383,5686.076,5687.297
2026-04-07 13:00:00,5687.311,5699.401,5686.995,5699.401
2026-04-07 14:00:00,5699.41,5711.659,5699.41,5711.659
2026-04-07 15:00:00,5711.664,5723.809,5711.664,5723.806
2026-04-07 16:00:00,5723.813,5736.621,5723.813,5733.016
2026-04-07 17:00:00,5733.026,5740.402,5722.955,5729.361
2026-04-07 18:00:00,5729.37,5736.263,5719.725,5726.94
2026-04-07 19:00:00,5726.942,5732.734,5697.984,5699.277
2026-04-07 20:00:00,5699.286,5710.061,5699.286,5705.862
2026-04-07 21:00:00,5705.865,5720.534,5704.592,5720.534
2026-04-07 22:00:00,5720.544,5727.063,5710.434,5712.342
2026-04-07 23:00:00,5712.344,5716.972,5697.148,5699.932
2026-04-08 00:00:00,5699.936,5703.94,5655.661,5663.825
2026-04-08 01:00:00,5663.827,5679.275,5663.827,5679.275
2026-04-08 02:00:00,5679.284,5685.399,5670.265,5674.23
2026-04-08 03:00:00,5674.233,5686.581,5671.677,5686.581
2026-04-08 04:00:00,5686.589,5700.814,5686.589,5700.814
2026-04-08 05:00:00,5700.822,5720.494,5700.822,5720.494
2026-04-08 06:00:00,5720.503,5740.193,5720.503,5740.193
2026-04-08 07:00:00,5740.197,5749.799,5729.016,5732.69
2026-04-08 08:00:00,5732.694,5747.151,5730.892,5747.151
2026-04-08 09:00:00,5747.152,5761.309,5746.972,5749.324
2026-04-08 10:00:00,5749.329,5756.247,5743.034,5754.604
2026-04-08 11:00:00,5754.619,5765.097,5748.071,5749.132
2026-04-08 12:00:00,5749.139,5757.194,5748.305,5754.195
2026-04-08 13:00:00,5754.202,5767.089,5752.387,5767.089
2026-04-08 14:00:00,5767.104,5769.228,5758.516,5761.701
2026-04-08 15:00:00,5761.705,5778.521,5759.174,5778.521
2026-04-08 16:00:00,5778.523,5781.831,5770.706,5774.421
2026-04-08 17:00:00,5774.426,5785.834,5771.298,5775.175
2026-04-08 18:00:00,5775.175,5775.432,5746.734,5749.175
2026-04-08 19:00:00,5749.176,5757.139,5731.148,5732.651
2026-04-08 20:00:00,5732.654,5743.605,5726.077,5726.445
2026-04-08 21:00:00,5726.457,5735.13,5720.713,5732.073
2026-04-08 22:00:00,5732.081,5733.32,5715.841,5723.435
2026-04-08 23:00:00,5723.44,5739.303,5723.44,5739.303
2026-04-09 00:00:00,5739.306,5749.899,5728.059,5729.594
2026-04-09 01:00:00,5729.6,5736.637,5714.65,5715.129
2026-04-09 02:00:00,5715.136,5717.068,5682.532,5683.136
2026-04-09 03:00:00,5683.142,5690.248,5673.403,5676.268
2026-04-09 04:00:00,5676.28,5696.476,5676.28,5696.476
2026-04-09 05:00:00,5696.48,5699.755,5689.491,5697.969
2026-04-09 06:00:00,5697.972,5707.569,5690.749,5695.724
2026-04-09 07:00:00,5695.73,5702.822,5695.076,5699.955
2026-04-09 08:00:00,5699.96,5705.835,5692.014,5701.719
2026-04-09 09:00:00,5701.726,5703.134,5687.569,5702.086
2026-04-09 10:00:00,5702.087,5717.679,5702.087,5717.679
2026-04-09 11:00:00,5717.679,5728.173,5717.679,5724.789
2026-04-09 12:00:00,5724.796,5744.968,5724.796,5739.678
2026-04-09 13:00:00,5739.691,5741.665,5711.964,5722.509
2026-04-09 14:00:00,5722.518,5730.675,5715.234,5730.675
2026-04-09 15:00:00,5730.685,5749.663,5729.663,5749.663
2026-04-09 16:00:00,5749.67,5767.304,5749.67,5757.212
2026-04-09 17:00:00,5757.213,5757.302,5738.589,5744.072
2026-04-09 18:00:00,5744.073,5745.604,5724.787,5736.5
2026-04-09 19:00:00,5736.509,5748.247,5720.775,5723.813
2026-04-09 20:00:00,5723.815,5731.931,5711.049,5712.916
2026-04-09 21:00:00,5712.922,5725.581,5712.922,5725.581
2026-04-09 22:00:00,5725.588,5740.189,5725.588,5730.726
2026-04-09 23:00:00,5730.729,5747.91,5730.729,5747.91
2026-04-10 00:00:00,5747.916,5755.776,5745.489,5751.45
2026-04-10 01:00:00,5751.454,5759.912,5740.052,5740.829
2026-04-10 02:00:00,5740.843,5741.131,5722.667,5737.621
2026-04-10 03:00:00,5737.626,5751.209,5737.626,5748.545
2026-04-10 04:00:00,5748.55,5748.666,5716.635,5720.919
2026-04-10 05:00:00,5720.923,5741.762,5720.923,5741.762
2026-04-10 06:00:00,5741.766,5746.876,5723.225,5734.821
2026-04-10 07:00:00,5734.827,5735.082,5711.361,5719.562
2026-04-10 08:00:00,5719.568,5729.453,5706.241,5708.147
2026-04-10 09:00:00,5708.15,5721.569,5707.183,5721.569
2026-04-10 10:00:00,5721.577,5724.611,5695.289,5697.496
2026-04-10 11:00:00,5697.504,5699.046,5691.155,5697.895
2026-04-10 12:00:00,5697.905,5706.234,5666.189,5675.185
2026-04-10 13:00:00,5675.191,5683.225,5671.948,5676.131
2026-04-10 14:00:00,5676.134,5688.026,5671.333,5688.026
2026-04-10 15:00:00,5688.032,5693.416,5671.88,5678.173
2026-04-10 16:00:00,5678.185,5678.21,5663.646,5665.373
2026-04-10 17:00:00,5665.374,5669.32,5656.663,5667.415
2026-04-10 18:00:00,5667.424,5667.597,5652.193,5660.45
2026-04-10 19:00:00,5660.457,5670.469,5656.891,5665.668
2026-04-10 20:00:00,5665.669,5676.207,5639.125,5640.389
2026-04-10 21:00:00,5640.396,5651.023,5640.396,5651.023
2026-04-10 22:00:00,5651.024,5660.314,5646.858,5660.314
2026-04-10 23:00:00,5660.319,5667.963,5655.016,5663.38
2026-04-11 00:00:00,5663.386,5673.62,5663.386,5666.556
2026-04-11 01:00:00,5666.558,5676.623,5663.469,5676.623
2026-04-11 02:00:00,5676.625,5680.382,5658.679,5659.655
2026-04-11 03:00:00,5659.656,5660.298,5640.566,5651.064
2026-04-11 04:00:00,5651.064,5657.122,5646.973,5647.995
2026-04-11 05:00:00,5647.996,5658.059,5647.996,5657.661
2026-04-11 06:00:00,5657.666,5675.798,5657.666,5675.798
2026-04-11 07:00:00,5675.802,5693.181,5675.802,5693.181
2026-04-11 08:00:00,5693.181,5696.118,5674.112,5688.846
2026-04-11 09:00:00,5688.85,5705.357,5688.85,5704.315
2026-04-11 10:00:00,5704.318,5717.673,5704.318,5706.183
2026-04-11 11:00:00,5706.199,5707.959,5669.441,5670.646
2026-04-11 12:00:00,5670.655,5680.718,5670.655,5676.776
2026-04-11 13:00:00,5676.783,5680.428,5651.242,5660.909
2026-04-11 14:00:00,5660.912,5678.679,5660.912,5667.27
2026-04-11 15:00:00,5667.276,5679.922,5666.665,5679.922
2026-04-11 16:00:00,5679.931,5687.294,5676.871,5687.294
2026-04-11 17:00:00,5687.301,5693.74,5664.56,5669.446
2026-04-11 18:00:00,5669.451,5682.389,5668.801,5680.898
2026-04-11 19:00:00,5680.903,5685.694,5655.901,5661.41
2026-04-11 20:00:00,5661.417,5664.6,5651.955,5664.6
2026-04-11 21:00:00,5664.604,5671.948,5658.765,5665.694
2026-04-11 22:00:00,5665.707,5670.657,5659.101,5670.403
2026-04-11 23:00:00,5670.404,5689.863,5670.404,5685.168
2026-04-12 00:00:00,5685.173,5687.371,5661.458,5678.324
2026-04-12 01:00:00,5678.327,5683.579,5668.359,5678.241
2026-04-12 02:00:00,5678.253,5682.964,5659.083,5664.144
2026-04-12 03:00:00,5664.153,5677.543,5664.153,5674.05
2026-04-12 04:00:00,5674.057,5689.52,5672.693,5683.999
2026-04-12 05:00:00,5684.004,5690.421,5653.865,5658.232
2026-04-12 06:00:00,5658.242,5668.681,5653.48,5668.582
2026-04-12 07:00:00,5668.583,5674.022,5664.332,5666.62
2026-04-12 08:00:00,5666.621,5682.931,5666.621,5675.469
2026-04-12 09:00:00,5675.476,5685.954,5671.094,5677.821
2026-04-12 10:00:00,5677.828,5684.348,5670.327,5683.174
2026-04-12 11:00:00,5683.182,5689.271,5667.873,5672.878
2026-04-12 12:00:00,5672.883,5673.667,5652.003,5662.784
2026-04-12 13:00:00,5662.787,5679.175,5662.787,5672.051
2026-04-12 14:00:00,5672.057,5678.556,5658.705,5659.832
2026-04-12 15:00:00,5659.843,5677.311,5659.843,5671.684
2026-04-12 16:00:00,5671.684,5674.933,5662.567,5667.77
2026-04-12 17:00:00,5667.775,5672.987,5661.543,5665.966
2026-04-12 18:00:00,5665.983,5677.377,5665.983,5672.741
2026-04-12 19:00:00,5672.754,5687.836,5672.754,5686.099
2026-04-12 20:00:00,5686.099,5691.207,5662.603,5665.014
2026-04-12 21:00:00,5665.016,5675.69,5661.334,5674.777
2026-04-12 22:00:00,5674.778,5687.687,5674.778,5687.687
2026-04-12 23:00:00,5687.69,5688.297,5669.23,5676.318
2026-04-13 00:00:00,5676.324,5689.92,5674.499,5689.92
2026-04-13 01:00:00,5689.927,5698.866,5679.553,5686.264
2026-04-13 02:00:00,5686.273,5694.035,5678.028,5681.131
2026-04-13 03:00:00,5681.14,5689.724,5680.728,5686.055
2026-04-13 04:00:00,5686.061,5686.667,5672.719,5672.823
2026-04-13 05:00:00,5672.825,5675.412,5664.273,5669.515
2026-04-13 06:00:00,5669.524,5690.147,5669.524,5690.147
2026-04-13 07:00:00,5690.156,5693.961,5676.853,5685.119
2026-04-13 08:00:00,5685.127,5689.214,5673.226,5687.127
2026-04-13 09:00:00,5687.14,5705.785,5687.14,5705.785
2026-04-13 10:00:00,5705.79,5715.507,5691.3,5692.725
2026-04-13 11:00:00,5692.735,5697.924,5674.4,5677.82
2026-04-13 12:00:00,5677.821,5689.224,5677.416,5689.224
2026-04-13 13:00:00,5689.234,5698.511,5683.742,5696.07
2026-04-13 14:00:00,5696.072,5711.298,5696.072,5707.293
2026-04-13 15:00:00,5707.3,5720.736,5707.3,5720.736
2026-04-13 16:00:00,5720.74,5735.309,5720.74,5728.632
2026-04-13 17:00:00,5728.635,5745.038,5728.635,5736.907
2026-04-13 18:00:00,5736.912,5746.137,5734.368,5746.137
2026-04-13 19:00:00,5746.137,5764.518,5746.137,5764.518
2026-04-13 20:00:00,5764.528,5784.606,5764.528,5784.606
2026-04-13 21:00:00,5784.609,5787.496,5768.187,5777.356
2026-04-13 22:00:00,5777.36,5779.892,5764.36,5767.679
2026-04-13 23:00:00,5767.689,5776.141,5756.833,5758.285
2026-04-14 00:00:00,5758.295,5769.844,5746.749,5746.938
2026-04-14 01:00:00,5746.94,5756.071,5744.886,5752.086
2026-04-14 02:00:00,5752.088,5754.901,5741.58,5745.419
2026-04-14 03:00:00,5745.42,5752.087,5736.944,5749.603
2026-04-14 04:00:00,5749.609,5751.611,5723.031,5730.335
2026-04-14 05:00:00,5730.341,5749.199,5730.341,5749.199
2026-04-14 06:00:00,5749.207,5750.379,5735.691,5739.886
2026-04-14 07:00:00,5739.887,5757.636,5739.887,5749.763
2026-04-14 08:00:00,5749.765,5761.441,5726.784,5727.403
2026-04-14 09:00:00,5727.404,5742.057,5727.404,5740.708
2026-04-14 10:00:00,5740.716,5748.778,5717.165,5718.788
2026-04-14 11:00:00,5718.796,5721.461,5701.108,5708.378
2026-04-14 12:00:00,5708.382,5717.334,5701.771,5706.381
2026-04-14 13:00:00,5706.388,5712.661,5681.582,5682.252
2026-04-14 14:00:00,5682.263,5692.193,5663.453,5665.499
2026-04-14 15:00:00,5665.512,5665.834,5650.382,5651.312
2026-04-14 16:00:00,5651.318,5667.225,5650.153,5667.225
2026-04-14 17:00:00,5667.226,5682.236,5667.226,5682.236
2026-04-14 18:00:00,5682.245,5700.187,5679.897,5700.187
2026-04-14 19:00:00,5700.189,5721.03,5700.189,5721.03
2026-04-14 20:00:00,5721.037,5732.55,5719.225,5732.55
2026-04-14 21:00:00,5732.552,5750.671,5732.552,5746.724
2026-04-14 22:00:00,5746.734,5757.302,5746.734,5756.423
2026-04-14 23:00:00,5756.433,5762.184,5748.922,5751.504
2026-04-15 00:00:00,5751.512,5760.625,5739.492,5748.822
2026-04-15 01:00:00,5748.825,5755.427,5732.48,5736.598
2026-04-15 02:00:00,5736.6,5739.68,5708.881,5713.806
2026-04-15 03:00:00,5713.825,5719.495,5707.375,5715.596
2026-04-15 04:00:00,5715.606,5726.065,5713.821,5726.065
2026-04-15 05:00:00,5726.073,5733.627,5715.992,5716.859
2026-04-15 06:00:00,5716.863,5725.364,5716.863,5725.364
2026-04-15 07:00:00,5725.365,5728.815,5706.841,5717.238
2026-04-15 08:00:00,5717.238,5721.753,5707.692,5720.283
2026-04-15 09:00:00,5720.285,5736.779,5717.267,5736.779
2026-04-15 10:00:00,5736.782,5755.394,5736.344,5755.394
2026-04-15 11:00:00,5755.406,5768.851,5755.406,5768.192
2026-04-15 12:00:00,5768.201,5781.979,5751.569,5755.603
2026-04-15 13:00:00,5755.608,5758.996,5736.474,5739.153
2026-04-15 14:00:00,5739.155,5740.717,5720.762,5723.5
2026-04-15 15:00:00,5723.504,5725.979,5697.893,5705.045
2026-04-15 16:00:00,5705.053,5706.095,5673.506,5678.098
2026-04-15 17:00:00,5678.099,5698.109,5678.099,5696.953
2026-04-15 18:00:00,5696.956,5709.39,5696.956,5707.642
2026-04-15 19:00:00,5707.646,5711.372,5692.82,5697.616
2026-04-15 20:00:00,5697.618,5700.471,5663.694,5665.709
2026-04-15 21:00:00,5665.713,5675.825,5657.028,5658.433
2026-04-15 22:00:00,5658.436,5668.731,5658.436,5668.162
2026-04-15 23:00:00,5668.173,5675.766,5654.115,5659.232
2026-04-16 00:00:00,5659.233,5667.584,5651.339,5653.238
2026-04-16 01:00:00,5653.245,5659.139,5627.174,5631.85
2026-04-16 02:00:00,5631.855,5643.754,5616.116,5616.613
2026-04-16 03:00:00,5616.62,5622.593,5608.471,5610.506
2026-04-16 04:00:00,5610.508,5624.185,5603.739,5604.205
2026-04-16 05:00:00,5604.207,5606.51,5578.506,5592.715
2026-04-16 06:00:00,5592.727,5594.669,5584.65,5589.224
2026-04-16 07:00:00,5589.225,5593.528,5581.222,5586.149
2026-04-16 08:00:00,5586.155,5594.442,5578.554,5594.442
2026-04-16 09:00:00,5594.443,5598.385,5577.509,5582.305
2026-04-16 10:00:00,5582.306,5596.136,5582.306,5593.606
2026-04-16 11:00:00,5593.614,5603.827,5589.898,5592.18
2026-04-16 12:00:00,5592.185,5599.597,5586.779,5589.96
2026-04-16 13:00:00,5589.97,5604.161,5588.375,5590.138
2026-04-16 14:00:00,5590.139,5597.183,5584.231,5590.185
2026-04-16 15:00:00,5590.195,5606.312,5590.182,5604.044
2026-04-16 16:00:00,5604.051,5611.638,5587.943,5594.821
2026-04-16 17:00:00,5594.834,5601.8,5585.681,5585.934
2026-04-16 18:00:00,5585.942,5589.395,5576.481,5583.819
2026-04-16 19:00:00,5583.824,5587.718,5570.763,5582.46
2026-04-16 20:00:00,5582.463,5593.376,5580.235,5593.376
2026-04-16 21:00:00,5593.386,5607.024,5593.386,5603.48
2026-04-16 22:00:00,5603.495,5611.932,5590.027,5591.227
2026-04-16 23:00:00,5591.233,5600.67,5587.007,5593.842
2026-04-17 00:00:00,5593.854,5605.898,5593.854,5605.898
2026-04-17 01:00:00,5605.901,5616.303,5583.831,5586.695
2026-04-17 02:00:00,5586.705,5600.374,5585.339,5586.714
2026-04-17 03:00:00,5586.721,5594.056,5580.394,5594.056
2026-04-17 04:00:00,5594.064,5612.498,5594.064,5612.498
2026-04-17 05:00:00,5612.503,5627.02,5612.503,5625.795
2026-04-17 06:00:00,5625.798,5629.078,5620.145,5628.751
2026-04-17 07:00:00,5628.752,5636.626,5624.984,5631.22
2026-04-17 08:00:00,5631.223,5635.256,5603.251,5605.026
2026-04-17 09:00:00,5605.034,5622.113,5605.034,5610.128
2026-04-17 10:00:00,5610.134,5610.777,5577.24,5586.196
2026-04-17 11:00:00,5586.212,5600.623,5585.923,5600.623
2026-04-17 12:00:00,5600.635,5608.397,5589.351,5594.204
2026-04-17 13:00:00,5594.205,5599.404,5586.714,5590.826
2026-04-17 14:00:00,5590.826,5596.913,5582.932,5587.393
2026-04-17 15:00:00,5587.399,5597.52,5585.649,5587.974
2026-04-17 16:00:00,5587.978,5602.42,5560.67,5561.044
2026-04-17 17:00:00,5561.049,5575.111,5561.049,5573.883
2026-04-17 18:00:00,5573.888,5577.698,5564.296,5577.41
2026-04-17 19:00:00,5577.414,5584.133,5570.485,5581.31
2026-04-17 20:00:00,5581.312,5596.14,5581.312,5592.366
2026-04-17 21:00:00,5592.367,5597.066,5580.809,5586.241
2026-04-17 22:00:00,5586.242,5587.483,5574.075,5577.163
2026-04-17 23:00:00,5577.167,5585.062,5568.464,5569.317
2026-04-18 00:00:00,5569.331,5574.129,5557.685,5563.198
2026-04-18 01:00:00,5563.208,5570.163,5553.692,5570.163
2026-04-18 02:00:00,5570.164,5574.937,5558.633,5563.27
2026-04-18 03:00:00,5563.275,5583.102,5563.275,5583.102
2026-04-18 04:00:00,5583.102,5588.093,5575.21,5588.093
2026-04-18 05:00:00,5588.096,5601.516,5588.096,5601.516
2026-04-18 06:00:00,5601.521,5613.79,5601.521,5612.903
2026-04-18 07:00:00,5612.909,5631.106,5608.203,5608.385
2026-04-18 08:00:00,5608.39,5615.744,5596.223,5601.805
2026-04-18 09:00:00,5601.805,5611.023,5596.179,5611.023
2026-04-18 10:00:00,5611.03,5629.614,5611.03,5629.614
2026-04-18 11:00:00,5629.614,5637.991,5617.955,5629.361
2026-04-18 12:00:00,5629.368,5649.538,5629.368,5649.538
2026-04-18 13:00:00,5649.539,5654.749,5643.158,5654.749
2026-04-18 14:00:00,5654.755,5665.795,5649.148,5656.415
2026-04-18 15:00:00,5656.424,5667.22,5654.271,5657.828
2026-04-18 16:00:00,5657.837,5665.322,5652.209,5665.322
2026-04-18 17:00:00,5665.329,5681.867,5665.329,5681.867
2026-04-18 18:00:00,5681.879,5688.115,5674.828,5682.487
2026-04-18 19:00:00,5682.499,5689.179,5662.583,5665.213
2026-04-18 20:00:00,5665.222,5678.464,5662.043,5678.464
2026-04-18 21:00:00,5678.473,5679.014,5650.701,5655.951
2026-04-18 22:00:00,5655.966,5664.994,5655.135,5660.356
2026-04-18 23:00:00,5660.358,5679.085,5660.358,5679.085
2026-04-19 00:00:00,5679.099,5686.272,5677.221,5686.272
2026-04-19 01:00:00,5686.274,5693.943,5678.979,5693.943
2026-04-19 02:00:00,5693.95,5708.022,5693.95,5706.562
2026-04-19 03:00:00,5706.563,5716.555,5696.776,5699.935
2026-04-19 04:00:00,5699.936,5704.764,5681.344,5686.203
2026-04-19 05:00:00,5686.218,5693.192,5678.133,5693.192
2026-04-19 06:00:00,5693.198,5696.87,5684.186,5693.802
2026-04-19 07:00:00,5693.814,5708.541,5693.814,5708.541
2026-04-19 08:00:00,5708.546,5714.795,5696.806,5698.792
2026-04-19 09:00:00,5698.795,5699.262,5685.998,5696.403
2026-04-19 10:00:00,5696.406,5709.124,5690.854,5703.922
2026-04-19 11:00:00,5703.925,5706.24,5688.149,5702.598
2026-04-19 12:00:00,5702.599,5708.237,5684.829,5694.555
2026-04-19 13:00:00,5694.558,5711.048,5694.558,5699.161
2026-04-19 14:00:00,5699.164,5710.602,5699.164,5709.489
2026-04-19 15:00:00,5709.495,5711.646,5673.025,5675.998
2026-04-19 16:00:00,5676.002,5679.725,5658.916,5664.245
2026-04-19 17:00:00,5664.25,5682.164,5664.25,5682.164
2026-04-19 18:00:00,5682.167,5694.284,5682.167,5688.691
2026-04-19 19:00:00,5688.695,5689.026,5665.602,5667.134
2026-04-19 20:00:00,5667.141,5682.9,5667.141,5682.9
2026-04-19 21:00:00,5682.905,5685.626,5655.957,5659.621
2026-04-19 22:00:00,5659.624,5677.793,5659.624,5673.614
2026-04-19 23:00:00,5673.616,5674.25,5642.623,5646.948
2026-04-20 00:00:00,5646.956,5667.186,5646.956,5667.186
2026-04-20 01:00:00,5667.203,5668.464,5650.883,5662.673
2026-04-20 02:00:00,5662.68,5669.771,5645.615,5651.542
2026-04-20 03:00:00,5651.55,5654.723,5642.192,5649.232
2026-04-20 04:00:00,5649.236,5654.008,5640.338,5646.98
2026-04-20 05:00:00,5646.99,5658.676,5641.818,5658.676
2026-04-20 06:00:00,5658.69,5664.051,5647.658,5661.935
2026-04-20 07:00:00,5661.939,5669.494,5654.299,5669.494
2026-04-20 08:00:00,5669.497,5687.34,5669.497,5687.34
2026-04-20 09:00:00,5687.346,5695.928,5681.227,5685.355
2026-04-20 10:00:00,5685.363,5703.005,5685.363,5700.897
2026-04-20 11:00:00,5700.905,5704.21,5674.79,5675.934
2026-04-20 12:00:00,5675.944,5687.293,5671.123,5686.579
2026-04-20 13:00:00,5686.583,5698.342,5673.659,5677.426
2026-04-20 14:00:00,5677.428,5683.447,5672.301,5676.716
2026-04-20 15:00:00,5676.723,5677.206,5666.963,5670.664
2026-04-20 16:00:00,5670.679,5676.357,5658.548,5668.96
2026-04-20 17:00:00,5668.965,5670.739,5656.078,5669.608
2026-04-20 18:00:00,5669.608,5684.314,5668.361,5684.314
2026-04-20 19:00:00,5684.327,5694.834,5667.467,5668.449
2026-04-20 20:00:00,5668.45,5671.271,5637.853,5639.532
2026-04-20 21:00:00,5639.546,5639.648,5588.048,5591.115
2026-04-20 22:00:00,5591.118,5592.727,5574.619,5588.423
2026-04-20 23:00:00,5588.433,5606.573,5588.433,5605.05
2026-04-21 00:00:00,5605.054,5615.283,5596.551,5615.283
2026-04-21 01:00:00,5615.294,5616.12,5591.994,5597.933
2026-04-21 02:00:00,5597.934,5609.075,5597.934,5609.075
2026-04-21 03:00:00,5609.085,5611.23,5600.987,5604.52
2026-04-21 04:00:00,5604.522,5604.999,5586.242,5603.256
2026-04-21 05:00:00,5603.257,5617.948,5603.257,5616.155
2026-04-21 06:00:00,5616.166,5624.484,5616.143,5620.586
2026-04-21 07:00:00,5620.598,5630.551,5617.012,5627.379
2026-04-21 08:00:00,5627.382,5643.329,5627.382,5638.105
2026-04-21 09:00:00,5638.113,5641.037,5628.077,5639.77
2026-04-21 10:00:00,5639.771,5654.419,5639.771,5647.877
2026-04-21 11:00:00,5647.884,5652.905,5626.963,5631.245
2026-04-21 12:00:00,5631.251,5631.346,5614.636,5625.158
2026-04-21 13:00:00,5625.174,5634.523,5618.061,5619.456
2026-04-21 14:00:00,5619.46,5623.264,5603.151,5612.928
2026-04-21 15:00:00,5612.928,5622.645,5605.617,5616.732
2026-04-21 16:00:00,5616.738,5617.144,5596.491,5598.038
2026-04-21 17:00:00,5598.042,5609.366,5596.634,5607.614
2026-04-21 18:00:00,5607.615,5623.685,5607.615,5623.685
2026-04-21 19:00:00,5623.692,5625.64,5595.912,5600.153
2026-04-21 20:00:00,5600.166,5608.646,5581.41,5582.444
2026-04-21 21:00:00,5582.45,5588.717,5575.029,5577.015
2026-04-21 22:00:00,5577.018,5588.236,5576.953,5578.692
2026-04-21 23:00:00,5578.701,5578.924,5565.936,5574.027
2026-04-22 00:00:00,5574.04,5582.33,5571.609,5582.33
2026-04-22 01:00:00,5582.339,5595.465,5580.694,5580.862
2026-04-22 02:00:00,5580.869,5584.678,5555.526,5562.13
2026-04-22 03:00:00,5562.134,5567.496,5555.041,5567.156
2026-04-22 04:00:00,5567.162,5571.798,5562.461,5571.798
2026-04-22 05:00:00,5571.798,5583.418,5567.44,5569.239
2026-04-22 06:00:00,5569.249,5585.64,5569.249,5581.118
2026-04-22 07:00:00,5581.13,5595.409,5580.325,5586.734
2026-04-22 08:00:00,5586.738,5590.009,5583.486,5589.25
2026-04-22 09:00:00,5589.259,5594.2,5578.454,5585.592
2026-04-22 10:00:00,5585.598,5595.654,5585.133,5588.602
2026-04-22 11:00:00,5588.603,5597.078,5583.683,5592.861
2026-04-22 12:00:00,5592.865,5601.561,5592.865,5600.663
2026-04-22 13:00:00,5600.665,5612.086,5600.623,5612.086
2026-04-22 14:00:00,5612.092,5624.478,5612.092,5619.594
2026-04-22 15:00:00,5619.596,5624.635,5603.689,5607.704
2026-04-22 16:00:00,5607.71,5621.916,5607.71,5613.004
2026-04-22 17:00:00,5613.006,5628.037,5613.006,5628.037
2026-04-22 18:00:00,5628.048,5646.619,5628.048,5646.619
2026-04-22 19:00:00,5646.625,5664.181,5646.625,5662.493
2026-04-22 20:00:00,5662.496,5674.618,5657.773,5657.903
2026-04-22 21:00:00,5657.914,5674.844,5657.914,5674.844
2026-04-22 22:00:00,5674.849,5686.451,5674.849,5686.451
2026-04-22 23:00:00,5686.454,5690.177,5671.438,5673.559
2026-04-23 00:00:00,5673.561,5677.919,5645.838,5649.017
2026-04-23 01:00:00,5649.018,5653.68,5634.423,5635.574
2026-04-23 02:00:00,5635.577,5642.463,5628.473,5628.567
2026-04-23 03:00:00,5628.568,5641.493,5624.295,5641.493
2026-04-23 04:00:00,5641.497,5647.59,5634.157,5647.59
2026-04-23 05:00:00,5647.602,5653.168,5632.28,5644.992
2026-04-23 06:00:00,5644.996,5657.032,5642.256,5657.032
2026-04-23 07:00:00,5657.039,5658.889,5639.521,5647.254
2026-04-23 08:00:00,5647.262,5656.152,5628.794,5630.1
2026-04-23 09:00:00,5630.106,5643.957,5629.907,5630.315
2026-04-23 10:00:00,5630.325,5630.485,5596.462,5609.147
2026-04-23 11:00:00,5609.158,5623.486,5604.883,5605.126
2026-04-23 12:00:00,5605.129,5607.07,5592.83,5600.757
2026-04-23 13:00:00,5600.762,5614.42,5600.065,5614.42
2026-04-23 14:00:00,5614.421,5627.482,5614.421,5627.482
2026-04-23 15:00:00,5627.496,5639.342,5627.496,5637.186
2026-04-23 16:00:00,5637.187,5654.836,5637.187,5654.836
2026-04-23 17:00:00,5654.84,5658.596,5641.256,5644.157
2026-04-23 18:00:00,5644.157,5657.469,5644.157,5657.469
2026-04-23 19:00:00,5657.47,5658.329,5639.915,5640.437
2026-04-23 20:00:00,5640.443,5647.063,5628.902,5646.583
2026-04-23 21:00:00,5646.585,5651.92,5643.004,5648.052
2026-04-23 22:00:00,5648.057,5654.137,5644.519,5654.137
2026-04-23 23:00:00,5654.141,5661.595,5650.515,5661.595
2026-04-24 00:00:00,5661.604,5673.859,5659.83,5673.859
2026-04-24 01:00:00,5673.861,5678.356,5656.364,5658.732
2026-04-24 02:00:00,5658.732,5667.681,5655.199,5656.969
2026-04-24 03:00:00,5656.97,5671.307,5656.97,5671.307
2026-04-24 04:00:00,5671.31,5680.392,5671.31,5680.392
2026-04-24 05:00:00,5680.395,5688.179,5666.846,5673.654
2026-04-24 06:00:00,5673.659,5681.649,5673.659,5676.669
2026-04-24 07:00:00,5676.672,5688.048,5676.672,5686.372
2026-04-24 08:00:00,5686.388,5701.79,5686.388,5698.183
2026-04-24 09:00:00,5698.189,5701.524,5672.714,5678.053
2026-04-24 10:00:00,5678.053,5682.312,5669.155,5674.284
2026-04-24 11:00:00,5674.3,5678.87,5663.052,5665.791
2026-04-24 12:00:00,5665.797,5673.326,5660.732,5665.486
2026-04-24 13:00:00,5665.49,5682.452,5665.49,5682.452
2026-04-24 14:00:00,5682.459,5682.823,5637.265,5640.013
2026-04-24 15:00:00,5640.015,5640.26,5612.611,5622.17
2026-04-24 16:00:00,5622.173,5627.81,5619.9,5622.468
2026-04-24 17:00:00,5622.471,5628.76,5615.746,5628.76
2026-04-24 18:00:00,5628.761,5631.81,5622.598,5626.243
2026-04-24 19:00:00,5626.244,5637.548,5617.958,5637.548
2026-04-24 20:00:00,5637.55,5643.808,5625.349,5631.596
2026-04-24 21:00:00,5631.604,5652.156,5631.604,5652.156
2026-04-24 22:00:00,5652.161,5654.364,5633.652,5647.324
2026-04-24 23:00:00,5647.332,5658.455,5647.332,5658.208
2026-04-25 00:00:00,5658.214,5659.575,5635.559,5640.82
2026-04-25 01:00:00,5640.825,5648.949,5629.004,5633.221
2026-04-25 02:00:00,5633.231,5635.617,5617.628,5620.804
2026-04-25 03:00:00,5620.821,5623.513,5608.11,5612.387
2026-04-25 04:00:00,5612.389,5613.813,5587.776,5600.354
2026-04-25 05:00:00,5600.356,5621.024,5600.356,5621.024
2026-04-25 06:00:00,5621.026,5622.981,5613.726,5620.199
2026-04-25 07:00:00,5620.204,5639.211,5619.702,5639.211
2026-04-25 08:00:00,5639.211,5645.957,5631.613,5645.957
2026-04-25 09:00:00,5645.972,5646.264,5615.468,5621.092
2026-04-25 10:00:00,5621.102,5637.699,5621.102,5635.958
2026-04-25 11:00:00,5635.959,5644.057,5632.527,5633.528
2026-04-25 12:00:00,5633.531,5635.29,5605.151,5607.473
2026-04-25 13:00:00,5607.485,5619.528,5606.763,5615.617
2026-04-25 14:00:00,5615.618,5616.007,5588.204,5600.295
2026-04-25 15:00:00,5600.306,5605.888,5582.201,5586.617
2026-04-25 16:00:00,5586.622,5594.562,5556.716,5564.506
2026-04-25 17:00:00,5564.51,5573.547,5557.707,5565.292
2026-04-25 18:00:00,5565.301,5569.379,5547.64,5547.743
2026-04-25 19:00:00,5547.751,5549.882,5519.235,5520.731
2026-04-25 20:00:00,5520.731,5524.558,5501.426,5509.734
2026-04-25 21:00:00,5509.736,5514.222,5501.52,5514.222
2026-04-25 22:00:00,5514.226,5523.855,5507.825,5523.855
2026-04-25 23:00:00,5523.858,5525.234,5502.723,5511.175
2026-04-26 00:00:00,5511.183,5524.698,5499.918,5504.986
2026-04-26 01:00:00,5504.995,5516.867,5504.995,5509.015
2026-04-26 02:00:00,5509.023,5527.836,5509.023,5526.938
2026-04-26 03:00:00,5526.944,5543.143,5526.944,5543.143
2026-04-26 04:00:00,5543.145,5553.374,5543.145,5548.505
2026-04-26 05:00:00,5548.512,5553.776,5541.26,5547.548
2026-04-26 06:00:00,5547.556,5549.943,5535.901,5546.586
2026-04-26 07:00:00,5546.587,5547.144,5538.705,5546.467
2026-04-26 08:00:00,5546.469,5561.627,5546.469,5561.627
2026-04-26 09:00:00,5561.63,5564.322,5551.778,5558.738
2026-04-26 10:00:00,5558.741,5559.476,5546.35,5552.484
2026-04-26 11:00:00,5552.489,5560.94,5551.777,5560.94
2026-04-26 12:00:00,5560.942,5567.759,5554.25,5557.379
2026-04-26 13:00:00,5557.386,5570.983,5557.386,5561.289
2026-04-26 14:00:00,5561.298,5569.308,5561.298,5568.484
2026-04-26 15:00:00,5568.486,5570.086,5549.693,5552.385
2026-04-26 16:00:00,5552.389,5565.874,5549.255,5565.874
2026-04-26 17:00:00,5565.878,5567.831,5535.163,5543.04
2026-04-26 18:00:00,5543.05,5556.705,5543.05,5550.686
2026-04-26 19:00:00,5550.692,5555.753,5545.755,5555.753
2026-04-26 20:00:00,5555.76,5568.461,5547.874,5568.461
2026-04-26 21:00:00,5568.466,5574.301,5558.229,5560.847
2026-04-26 22:00:00,5560.852,5569.512,5560.041,5567.927
2026-04-26 23:00:00,5567.934,5571.864,5555.922,5557.424
2026-04-27 00:00:00,5557.433,5558.518,5542.13,5552.776
2026-04-27 01:00:00,5552.778,5558.949,5532.986,5533.786
2026-04-27 02:00:00,5533.793,5534.467,5512.8,5516.712
2026-04-27 03:00:00,5516.729,5521.525,5507.646,5518.075
2026-04-27 04:00:00,5518.082,5528.525,5517.358,5522.648
2026-04-27 05:00:00,5522.658,5532.766,5515.99,5532.766
2026-04-27 06:00:00,5532.776,5535.898,5520.324,5526.882
2026-04-27 07:00:00,5526.892,5527.061,5488.936,5506.352
2026-04-27 08:00:00,5506.355,5518.933,5502.477,5504.495
2026-04-27 09:00:00,5504.508,5507.542,5481.23,5484.563
2026-04-27 10:00:00,5484.571,5498.215,5481.212,5498.215
2026-04-27 11:00:00,5498.221,5498.728,5484.251,5489.835
2026-04-27 12:00:00,5489.843,5492.658,5458.986,5463.419
2026-04-27 13:00:00,5463.424,5477.335,5463.424,5477.335
2026-04-27 14:00:00,5477.336,5482.899,5459.138,5464.548
2026-04-27 15:00:00,5464.552,5483.607,5464.552,5481.432
2026-04-27 16:00:00,5481.437,5481.896,5462.356,5464.855
2026-04-27 17:00:00,5464.863,5478.13,5461.673,5464.651
2026-04-27 18:00:00,5464.659,5469.568,5450.415,5452.737
2026-04-27 19:00:00,5452.739,5453.528,5415.425,5419.086
2026-04-27 20:00:00,5419.094,5436.497,5419.094,5431.602
2026-04-27 21:00:00,5431.61,5436.235,5419.828,5436.235
2026-04-27 22:00:00,5436.242,5440.543,5425.541,5440.543
2026-04-27 23:00:00,5440.544,5456.306,5438.522,5456.306
2026-04-28 00:00:00,5456.315,5464.434,5449.298,5450.562
2026-04-28 01:00:00,5450.565,5470.416,5450.565,5470.416
2026-04-28 02:00:00,5470.425,5484.254,5466.279,5484.254
2026-04-28 03:00:00,5484.263,5489.453,5478.157,5489.453
2026-04-28 04:00:00,5489.463,5504.195,5489.377,5504.195
2026-04-28 05:00:00,5504.197,5516.343,5499.941,5515.755
2026-04-28 06:00:00,5515.758,5532.011,5515.758,5527.464
2026-04-28 07:00:00,5527.47,5529.191,5508.851,5515.809
2026-04-28 08:00:00,5515.814,5527.106,5512.167,5513.807
2026-04-28 09:00:00,5513.812,5514.889,5473.564,5477.965
2026-04-28 10:00:00,5477.967,5478.335,5454.281,5461.335
2026-04-28 11:00:00,5461.345,5469.764,5440.927,5441.174
2026-04-28 12:00:00,5441.182,5458.753,5441.182,5458.753
2026-04-28 13:00:00,5458.753,5465.953,5456.274,5464.462
2026-04-28 14:00:00,5464.463,5484.131,5464.463,5484.131
2026-04-28 15:00:00,5484.132,5489.868,5456.714,5465.824
2026-04-28 16:00:00,5465.829,5472.974,5465.829,5466.678
2026-04-28 17:00:00,5466.686,5476.314,5460.191,5462.714
2026-04-28 18:00:00,5462.714,5466.453,5417.414,5420.571
2026-04-28 19:00:00,5420.572,5432.536,5407.415,5408.283
2026-04-28 20:00:00,5408.297,5418.353,5404.699,5407.062
2026-04-28 21:00:00,5407.067,5418.239,5407.067,5413.349
2026-04-28 22:00:00,5413.354,5413.958,5396.903,5413.958
2026-04-28 23:00:00,5413.962,5424.294,5401.724,5404.671
2026-04-29 00:00:00,5404.678,5405.069,5390.698,5404.773
2026-04-29 01:00:00,5404.782,5406.499,5394.494,5395.678
2026-04-29 02:00:00,5395.68,5404.183,5381.155,5382.059
2026-04-29 03:00:00,5382.065,5396.049,5382.065,5393.413
2026-04-29 04:00:00,5393.426,5404.593,5393.426,5404.593
2026-04-29 05:00:00,5404.595,5411.803,5383.395,5385.263
2026-04-29 06:00:00,5385.27,5393.168,5371.491,5376.649
2026-04-29 07:00:00,5376.651,5377.76,5348.273,5352.382
2026-04-29 08:00:00,5352.383,5353.822,5328.185,5334.811
2026-04-29 09:00:00,5334.813,5352.153,5334.813,5347.201
2026-04-29 10:00:00,5347.209,5350.414,5338.781,5338.841
2026-04-29 11:00:00,5338.844,5343.888,5317.946,5324.142
2026-04-29 12:00:00,5324.143,5340.46,5324.143,5340.46
2026-04-29 13:00:00,5340.463,5359.658,5340.463,5359.658
2026-04-29 14:00:00,5359.658,5365.203,5356.003,5361.106
2026-04-29 15:00:00,5361.108,5370.52,5358.39,5370.52
2026-04-29 16:00:00,5370.52,5378.635,5369.407,5378.635
2026-04-29 17:00:00,5378.636,5379.707,5360.172,5371.641
2026-04-29 18:00:00,5371.648,5387.301,5370.991,5387.301
2026-04-29 19:00:00,5387.302,5397.445,5386.74,5391.493
2026-04-29 20:00:00,5391.498,5396.679,5385.414,5396.679
2026-04-29 21:00:00,5396.687,5405.495,5388.88,5405.495
2026-04-29 22:00:00,5405.504,5418.433,5398.157,5400.156
2026-04-29 23:00:00,5400.165,5414.597,5400.165,5410.59
2026-04-30 00:00:00,5410.599,5416.311,5401.752,5405.289
2026-04-30 01:00:00,5405.297,5411.881,5402.754,5410.577
2026-04-30 02:00:00,5410.587,5423.907,5406.147,5423.907
2026-04-30 03:00:00,5423.914,5443.62,5423.914,5443.62
2026-04-30 04:00:00,5443.631,5454.682,5443.631,5446.112
2026-04-30 05:00:00,5446.125,5465.914,5446.125,5461.512
2026-04-30 06:00:00,5461.514,5472.105,5455.082,5472.105
2026-04-30 07:00:00,5472.111,5486.775,5472.111,5477.427
2026-04-30 08:00:00,5477.438,5490.8,5477.438,5487.351
2026-04-30 09:00:00,5487.358,5494.776,5484.426,5490.379
2026-04-30 10:00:00,5490.381,5498.934,5479.92,5484.024
2026-04-30 11:00:00,5484.035,5487.888,5468.776,5479.514
2026-04-30 12:00:00,5479.522,5484.516,5471.175,5480.328
2026-04-30 13:00:00,5480.332,5482.006,5472.243,5478.248
2026-04-30 14:00:00,5478.253,5482.958,5457.342,5462.088
2026-04-30 15:00:00,5462.092,5481.591,5462.092,5481.591
2026-04-30 16:00:00,5481.592,5484.196,5475.27,5484.196
2026-04-30 17:00:00,5484.196,5498.384,5480.792,5498.384
2026-04-30 18:00:00,5498.386,5512.944,5498.386,5512.944
2026-04-30 19:00:00,5512.945,5518.079,5486.021,5489.413
2026-04-30 20:00:00,5489.419,5503.347,5489.419,5503.159
2026-04-30 21:00:00,5503.169,5505.43,5492.26,5504.63
2026-04-30 22:00:00,5504.636,5510.049,5493.98,5496.796
2026-04-30 23:00:00,5496.802,5516.401,5496.802,5516.401
2026-05-01 00:00:00,5516.412,5516.802,5494.882,5501.422
2026-05-01 01:00:00,5501.426,5509.032,5498.86,5509.032
2026-05-01 02:00:00,5509.036,5519.857,5501.734,5511.424
2026-05-01 03:00:00,5511.43,5528.092,5511.43,5526.12
2026-05-01 04:00:00,5526.129,5528.146,5512.31,5527.346
2026-05-01 05:00:00,5527.349,5539.528,5525.775,5539.528
2026-05-01 06:00:00,5539.537,5555.201,5539.537,5552.145
2026-05-01 07:00:00,5552.146,5559.567,5546.424,5559.567
2026-05-01 08:00:00,5559.574,5563.102,5551.937,5558.349
2026-05-01 09:00:00,5558.35,5569.595,5558.126,5569.595
2026-05-01 10:00:00,5569.609,5571.385,5557.943,5562.32
2026-05-01 11:00:00,5562.326,5572.576,5561.375,5563.827
2026-05-01 12:00:00,5563.835,5577.26,5561.117,5577.26
2026-05-01 13:00:00,5577.263,5586.422,5575.4,5581.846
2026-05-01 14:00:00,5581.855,5581.93,5566.902,5577.03
2026-05-01 15:00:00,5577.037,5593.132,5577.037,5589.767
2026-05-01 16:00:00,5589.776,5596.818,5575.726,5576.556
2026-05-01 17:00:00,5576.557,5581.615,5570.996,5581.615
2026-05-01 18:00:00,5575.232,5586.924,5575.232,5580.736
2026-05-01 19:00:00,5580.741,5586.165,5575.212,5581.395
2026-05-01 20:00:00,5581.396,5591.837,5577.233,5591.837
2026-05-01 21:00:00,5591.842,5592.035,5572.299,5579.963
2026-05-01 22:00:00,5579.968,5594.462,5576.396,5579.439
2026-05-01 23:00:00,5579.447,5587.026,5574.85,5575.488
2026-05-02 00:00:00,5575.491,5583.175,5575.045,5581.154
2026-05-02 01:00:00,5581.166,5583.498,5560.469,5576.076
2026-05-02 02:00:00,5576.076,5577.323,5560.028,5564.233
2026-05-02 03:00:00,5564.245,5577.168,5564.245,5573.841
2026-05-02 04:00:00,5573.846,5583.265,5569.905,5577.484
2026-05-02 05:00:00,5577.488,5589.13,5576.943,5583.836
2026-05-02 06:00:00,5583.839,5595.265,5575.023,5576.056
2026-05-02 07:00:00,5576.061,5589.62,5573.195,5589.62
2026-05-02 08:00:00,5589.63,5593.41,5580.19,5584.993
2026-05-02 09:00:00,5584.997,5594.391,5575.457,5578.56
2026-05-02 10:00:00,5578.562,5586.323,5573.416,5574.254
2026-05-02 11:00:00,5574.257,5581.851,5557.28,5562.328
2026-05-02 12:00:00,5562.33,5568.961,5554.214,5555.031
2026-05-02 13:00:00,5555.033,5565.496,5553.744,5564.424
2026-05-02 14:00:00,5564.428,5576.459,5562.329,5568.354
2026-05-02 15:00:00,5568.354,5579.679,5551.197,5556.484
2026-05-02 16:00:00,5556.485,5568.109,5555.923,5568.109
2026-05-02 17:00:00,5568.109,5583.349,5565.31,5583.349
2026-05-02 18:00:00,5583.354,5587.097,5549.805,5556.767
2026-05-02 19:00:00,5556.777,5561.793,5544.538,5553.164
2026-05-02 20:00:00,5553.167,5557.605,5548.208,5556.474
2026-05-02 21:00:00,5556.477,5562.759,5549.936,5561.063
2026-05-02 22:00:00,5561.069,5564.61,5544.204,5551.827
2026-05-02 23:00:00,5551.828,5551.891,5507.952,5509.878
2026-05-03 00:00:00,5509.878,5516.578,5502.291,5516.578
2026-05-03 01:00:00,5516.58,5520.019,5494.375,5498.079
2026-05-03 02:00:00,5498.084,5501.431,5481.465,5489.96
2026-05-03 03:00:00,5489.966,5501.652,5489.966,5501.652
2026-05-03 04:00:00,5501.662,5502.467,5421.665,5428.491
2026-05-03 05:00:00,5428.495,5430.673,5419.747,5427.787
2026-05-03 06:00:00,5427.791,5446.304,5427.791,5446.304
2026-05-03 07:00:00,5446.306,5458.624,5443.467,5448.36
2026-05-03 08:00:00,5448.366,5462.954,5448.366,5462.954
2026-05-03 09:00:00,5462.959,5482.888,5462.959,5482.888
2026-05-03 10:00:00,5482.895,5491.176,5461.803,5469.007
2026-05-03 11:00:00,5469.01,5483.655,5469.01,5483.655
2026-05-03 12:00:00,5483.661,5485.386,5449.78,5452.154
2026-05-03 13:00:00,5452.155,5463.862,5452.155,5463.148
2026-05-03 14:00:00,5463.149,5470.96,5460.796,5465.538
2026-05-03 15:00:00,5465.549,5485.717,5465.549,5485.717
2026-05-03 16:00:00,5485.725,5487.557,5477.937,5482.966
2026-05-03 17:00:00,5482.977,5499.016,5482.636,5499.016
2026-05-03 18:00:00,5499.022,5508.65,5499.022,5505.449
2026-05-03 19:00:00,5505.458,5521.088,5505.458,5515.206
2026-05-03 20:00:00,5515.214,5531.921,5515.214,5531.921
2026-05-03 21:00:00,5531.926,5535.596,5510.597,5515.064
2026-05-03 22:00:00,5515.07,5517.854,5505.516,5517.814
2026-05-03 23:00:00,5517.82,5522.577,5494.406,5499.892
2026-05-04 00:00:00,5499.9,5519.419,5499.9,5519.419
2026-05-04 01:00:00,5519.434,5535.212,5519.434,5529.886
2026-05-04 02:00:00,5529.894,5535.497,5524.334,5533.06
2026-05-04 03:00:00,5533.067,5537.32,5521.796,5523.989
2026-05-04 04:00:00,5524.004,5526.212,5495.154,5500.027
2026-05-04 05:00:00,5500.029,5516.071,5499.627,5516.071
2026-05-04 06:00:00,5516.073,5519.264,5495.622,5497.107
2026-05-04 07:00:00,5497.115,5516.853,5497.115,5516.853
2026-05-04 08:00:00,5516.855,5526.892,5516.855,5526.892
2026-05-04 09:00:00,5526.897,5544.237,5526.897,5544.237
2026-05-04 10:00:00,5544.246,5551.573,5542.46,5551.573
2026-05-04 11:00:00,5551.578,5554.393,5541.258,5554.393
2026-05-04 12:00:00,5554.398,5574.24,5554.398,5574.24
2026-05-04 13:00:00,5574.242,5584.363,5573.26,5576.005
2026-05-04 14:00:00,5576.006,5593.72,5576.006,5580.761
2026-05-04 15:00:00,5580.763,5582.147,5571.394,5574.79
2026-05-04 16:00:00,5574.796,5594.095,5574.796,5582.477
2026-05-04 17:00:00,5582.489,5586.385,5565.425,5568.207
2026-05-04 18:00:00,5568.21,5571.27,5558.122,5566.479
2026-05-04 19:00:00,5566.481,5573.117,5554.451,5562.294
2026-05-04 20:00:00,5562.299,5571.51,5554.494,5571.51
2026-05-04 21:00:00,5571.519,5577.244,5548.4,5552.819
2026-05-04 22:00:00,5552.824,5565.636,5552.824,5565.151
2026-05-04 23:00:00,5565.157,5582.495,5565.157,5582.495
2026-05-05 00:00:00,5582.5,5589.912,5571.564,5577.457
2026-05-05 01:00:00,5577.464,5578.376,5567.376,5569.076
2026-05-05 02:00:00,5569.09,5575.094,5560.976,5566.791
2026-05-05 03:00:00,5566.795,5571.675,5548.764,5551.422
2026-05-05 04:00:00,5551.424,5566.408,5551.424,5557.344
2026-05-05 05:00:00,5557.347,5564.271,5550.144,5564.271
2026-05-05 06:00:00,5564.277,5568.41,5558.492,5563.339
2026-05-05 07:00:00,5563.344,5565.77,5546.167,5559.452
2026-05-05 08:00:00,5559.468,5562.234,5540.518,5540.599
2026-05-05 09:00:00,5540.599,5549.346,5538.114,5549.346
2026-05-05 10:00:00,5549.356,5553.085,5525.728,5528.18
2026-05-05 11:00:00,5528.192,5547.016,5528.192,5547.016
2026-05-05 12:00:00,5547.027,5547.737,5527.699,5534.347
2026-05-05 13:00:00,5534.356,5545.57,5534.356,5545.256
2026-05-05 14:00:00,5545.259,5545.387,5521.644,5527.334
2026-05-05 15:00:00,5527.347,5531.878,5510.672,5518.22
2026-05-05 16:00:00,5518.229,5519.166,5495.878,5501.004
2026-05-05 17:00:00,5501.01,5502.755,5476.296,5480.733
2026-05-05 18:00:00,5480.739,5496.998,5480.739,5494.633
2026-05-05 19:00:00,5494.634,5512.993,5494.634,5512.993
2026-05-05 20:00:00,5512.999,5519.011,5505.649,5517.373
2026-05-05 21:00:00,5517.378,5527.904,5517.378,5527.904
2026-05-05 22:00:00,5527.908,5529.567,5510.323,5517.374
2026-05-05 23:00:00,5517.386,5532.411,5515.694,5532.411
2026-05-06 00:00:00,5532.414,5550.035,5530.275,5530.962
2026-05-06 01:00:00,5530.965,5532.279,5515.263,5519.797
2026-05-06 02:00:00,5519.806,5536.816,5519.806,5526.234
2026-05-06 03:00:00,5526.239,5526.616,5486.13,5486.81
2026-05-06 04:00:00,5486.822,5497.909,5484.114,5487.379
2026-05-06 05:00:00,5487.383,5507.588,5487.383,5507.588
2026-05-06 06:00:00,5507.593,5508.773,5496.511,5505.814
2026-05-06 07:00:00,5505.824,5517.56,5488.68,5491.845
2026-05-06 08:00:00,5491.849,5508.626,5491.849,5508.626
2026-05-06 09:00:00,5508.636,5525.425,5508.636,5525.425
2026-05-06 10:00:00,5525.432,5527.99,5516.56,5527.99
2026-05-06 11:00:00,5528.001,5531.311,5505.137,5505.804
2026-05-06 12:00:00,5505.806,5507.657,5494.12,5499.848
2026-05-06 13:00:00,5499.854,5518.609,5499.854,5515.743
2026-05-06 14:00:00,5515.746,5517.062,5505.607,5514.669
2026-05-06 15:00:00,5514.672,5528.096,5514.672,5523.351
2026-05-06 16:00:00,5523.363,5531.408,5518.494,5526.164
2026-05-06 17:00:00,5526.167,5538.06,5521.518,5521.562
2026-05-06 18:00:00,5521.565,5538.436,5521.565,5538.436
2026-05-06 19:00:00,5538.438,5551.834,5538.438,5551.834
2026-05-06 20:00:00,5551.838,5558.411,5546.426,5556.505
2026-05-06 21:00:00,5556.511,5562.108,5552.07,5562.108
2026-05-06 22:00:00,5562.114,5566.256,5554.747,5562.58
2026-05-06 23:00:00,5562.58,5576.975,5562.58,5571.561
2026-05-07 00:00:00,5571.566,5581.3,5571.566,5573.968
2026-05-07 01:00:00,5573.978,5589.404,5571.464,5583.674
2026-05-07 02:00:00,5583.674,5592.646,5580.586,5587.873
2026-05-07 03:00:00,5587.874,5589.623,5571.674,5583.578
2026-05-07 04:00:00,5583.584,5590.631,5566.251,5569.253
2026-05-07 05:00:00,5569.257,5580.763,5564.235,5564.586
2026-05-07 06:00:00,5564.587,5575.566,5562.247,5575.566
2026-05-07 07:00:00,5575.571,5588.342,5573.399,5588.342
2026-05-07 08:00:00,5588.352,5594.283,5584.957,5590.612
2026-05-07 09:00:00,5590.616,5602.404,5589.149,5595.864
2026-05-07 10:00:00,5595.878,5606.31,5591.558,5606.31
2026-05-07 11:00:00,5606.316,5607.001,5585.349,5589.122
2026-05-07 12:00:00,5589.125,5594.771,5571.456,5581.608
2026-05-07 13:00:00,5581.612,5584.121,5570.586,5581.108
2026-05-07 14:00:00,5581.123,5593.422,5578.038,5582.374
2026-05-07 15:00:00,5582.381,5588.209,5579.86,5588.048
2026-05-07 16:00:00,5588.048,5599.022,5581.571,5599.022
2026-05-07 17:00:00,5599.024,5614.26,5599.024,5612.34
2026-05-07 18:00:00,5612.34,5626.636,5612.34,5622.257
2026-05-07 19:00:00,5622.257,5641.982,5622.257,5641.982
2026-05-07 20:00:00,5641.984,5654.133,5641.984,5646.035
2026-05-07 21:00:00,5646.037,5653.012,5641.324,5647.065
2026-05-07 22:00:00,5647.075,5653.614,5638.669,5653.614
2026-05-07 23:00:00,5653.62,5661.672,5650.474,5659.9
2026-05-08 00:00:00,5659.906,5661.964,5637.246,5645.483
2026-05-08 01:00:00,5645.489,5649.717,5634.962,5647.328
2026-05-08 02:00:00,5647.333,5658.314,5642.594,5656.421
2026-05-08 03:00:00,5656.427,5666.424,5651.0,5658.867
2026-05-08 04:00:00,5658.872,5661.869,5649.688,5653.08
2026-05-08 05:00:00,5653.09,5653.509,5634.057,5642.198
2026-05-08 06:00:00,5642.206,5649.893,5637.058,5641.508
2026-05-08 07:00:00,5641.509,5652.701,5633.401,5652.701
2026-05-08 08:00:00,5652.712,5654.039,5642.311,5652.531
2026-05-08 09:00:00,5652.532,5665.904,5632.829,5632.857
2026-05-08 10:00:00,5632.859,5653.57,5632.859,5653.57
2026-05-08 11:00:00,5653.575,5674.034,5653.575,5674.034
2026-05-08 12:00:00,5674.043,5691.113,5674.043,5691.113
2026-05-08 13:00:00,5691.118,5702.55,5689.389,5693.051
2026-05-08 14:00:00,5693.054,5695.652,5677.095,5683.709
2026-05-08 15:00:00,5683.712,5686.352,5658.47,5663.947
2026-05-08 16:00:00,5663.958,5670.034,5657.16,5668.047
2026-05-08 17:00:00,5668.049,5673.68,5651.412,5657.028
2026-05-08 18:00:00,5657.037,5675.5,5657.037,5675.5
2026-05-08 19:00:00,5675.5,5675.761,5659.016,5671.336
2026-05-08 20:00:00,5671.352,5675.562,5657.469,5657.706
2026-05-08 21:00:00,5657.714,5666.838,5657.714,5662.543
2026-05-08 22:00:00,5662.544,5682.894,5662.544,5682.894
2026-05-08 23:00:00,5682.902,5696.263,5682.159,5692.434
2026-05-09 00:00:00,5692.443,5709.185,5692.443,5695.026
2026-05-09 01:00:00,5695.034,5696.947,5677.602,5679.971
2026-05-09 02:00:00,5679.974,5681.615,5660.821,5666.33
2026-05-09 03:00:00,5666.334,5676.556,5662.248,5676.556
2026-05-09 04:00:00,5676.564,5679.873,5661.258,5667.253
2026-05-09 05:00:00,5667.265,5676.077,5664.029,5676.077
2026-05-09 06:00:00,5676.086,5691.16,5676.086,5681.459
2026-05-09 07:00:00,5681.461,5695.133,5669.614,5670.658
2026-05-09 08:00:00,5670.662,5673.355,5633.091,5635.31
2026-05-09 09:00:00,5635.318,5638.321,5616.415,5620.318
2026-05-09 10:00:00,5620.325,5630.877,5618.25,5621.942
2026-05-09 11:00:00,5621.946,5636.614,5621.946,5636.614
2026-05-09 12:00:00,5636.624,5655.067,5636.624,5651.796
2026-05-09 13:00:00,5651.798,5658.58,5641.231,5649.414
2026-05-09 14:00:00,5649.417,5652.21,5623.677,5630.544
2026-05-09 15:00:00,5630.546,5644.888,5630.546,5638.204
2026-05-09 16:00:00,5638.213,5648.76,5635.133,5648.76
2026-05-09 17:00:00,5648.762,5666.321,5648.762,5657.936
2026-05-09 18:00:00,5657.939,5671.905,5657.939,5660.607
2026-05-09 19:00:00,5660.616,5672.001,5658.228,5667.823
2026-05-09 20:00:00,5667.824,5672.5,5655.129,5659.624
2026-05-09 21:00:00,5659.632,5660.906,5635.562,5644.9
2026-05-09 22:00:00,5644.902,5662.327,5644.902,5662.327
2026-05-09 23:00:00,5662.334,5667.494,5649.939,5651.855
2026-05-10 00:00:00,5651.861,5652.137,5619.694,5625.807
2026-05-10 01:00:00,5625.81,5630.751,5612.064,5614.655
2026-05-10 02:00:00,5614.662,5628.428,5613.511,5628.428
2026-05-10 03:00:00,5628.442,5630.526,5616.095,5622.135
2026-05-10 04:00:00,5622.146,5631.369,5618.816,5631.369
2026-05-10 05:00:00,5631.372,5647.193,5630.534,5633.304
2026-05-10 06:00:00,5633.318,5651.193,5633.318,5651.193
2026-05-10 07:00:00,5651.199,5666.817,5651.199,5658.481
2026-05-10 08:00:00,5658.486,5669.063,5658.294,5664.23
2026-05-10 09:00:00,5664.23,5676.72,5660.368,5676.72
2026-05-10 10:00:00,5676.727,5678.992,5665.759,5676.477
2026-05-10 11:00:00,5676.481,5681.592,5670.831,5677.086
2026-05-10 12:00:00,5677.093,5679.955,5667.067,5674.546
2026-05-10 13:00:00,5674.548,5692.134,5674.548,5688.402
2026-05-10 14:00:00,5688.404,5689.411,5660.531,5664.424
2026-05-10 15:00:00,5664.425,5679.604,5664.425,5676.627
2026-05-10 16:00:00,5676.629,5685.823,5675.809,5681.746
2026-05-10 17:00:00,5681.752,5690.594,5681.297,5689.365
2026-05-10 18:00:00,5689.373,5689.693,5667.495,5677.864
2026-05-10 19:00:00,5677.866,5695.329,5677.866,5695.329
2026-05-10 20:00:00,5695.331,5698.051,5687.94,5696.987
2026-05-10 21:00:00,5696.987,5713.044,5696.987,5713.044
2026-05-10 22:00:00,5713.048,5719.582,5706.33,5719.582
2026-05-10 23:00:00,5719.583,5732.749,5719.329,5732.749
2026-05-11 00:00:00,5732.754,5747.494,5732.754,5744.186
2026-05-11 01:00:00,5744.19,5748.62,5725.225,5725.275
2026-05-11 02:00:00,5725.29,5738.894,5724.666,5738.543
2026-05-11 03:00:00,5738.559,5757.452,5738.559,5757.452
2026-05-11 04:00:00,5757.456,5757.544,5741.003,5752.298
2026-05-11 05:00:00,5752.314,5756.997,5737.592,5740.785
2026-05-11 06:00:00,5740.793,5755.428,5736.135,5755.428
2026-05-11 07:00:00,5755.429,5769.981,5753.581,5769.475
2026-05-11 08:00:00,5769.477,5771.077,5743.574,5759.08
2026-05-11 09:00:00,5759.082,5761.626,5750.065,5754.166
2026-05-11 10:00:00,5754.173,5774.789,5754.173,5774.789
2026-05-11 11:00:00,5774.794,5786.864,5764.117,5769.739
2026-05-11 12:00:00,5769.746,5770.14,5755.493,5765.47
2026-05-11 13:00:00,5765.477,5768.712,5741.247,5743.652
2026-05-11 14:00:00,5743.653,5751.852,5740.692,5742.951
2026-05-11 15:00:00,5742.955,5763.845,5742.955,5763.845
2026-05-11 16:00:00,5763.853,5776.019,5763.853,5776.019
2026-05-11 17:00:00,5776.028,5782.07,5766.177,5767.009
2026-05-11 18:00:00,5767.011,5784.038,5767.011,5784.038
2026-05-11 19:00:00,5784.054,5794.849,5774.662,5777.363
2026-05-11 20:00:00,5777.366,5787.237,5774.948,5778.821
2026-05-11 21:00:00,5778.823,5796.634,5778.419,5796.634
2026-05-11 22:00:00,5796.64,5812.187,5796.057,5812.187
2026-05-11 23:00:00,5812.197,5819.016,5808.029,5817.092
2026-05-12 00:00:00,5817.1,5828.782,5815.509,5821.768
2026-05-12 01:00:00,5821.772,5828.242,5803.012,5803.523
2026-05-12 02:00:00,5803.528,5809.447,5795.402,5809.447
2026-05-12 03:00:00,5809.458,5813.542,5799.683,5802.407
2026-05-12 04:00:00,5802.415,5822.803,5802.415,5822.803
2026-05-12 05:00:00,5822.804,5830.14,5819.686,5830.14
2026-05-12 06:00:00,5830.141,5837.301,5826.639,5837.301
2026-05-12 07:00:00,5837.304,5846.273,5836.531,5844.471
2026-05-12 08:00:00,5844.473,5855.013,5837.513,5855.013
2026-05-12 09:00:00,5855.018,5858.718,5841.488,5842.926
2026-05-12 10:00:00,5842.928,5845.387,5825.598,5828.362
2026-05-12 11:00:00,5828.369,5837.179,5822.284,5827.017
2026-05-12 12:00:00,5827.03,5842.89,5827.03,5842.89
2026-05-12 13:00:00,5842.899,5864.012,5842.899,5864.012
2026-05-12 14:00:00,5864.023,5883.511,5864.023,5882.349
2026-05-12 15:00:00,5882.357,5887.186,5866.872,5877.94
2026-05-12 16:00:00,5877.941,5882.677,5844.386,5844.516
2026-05-12 17:00:00,5844.523,5851.811,5840.048,5849.99
2026-05-12 18:00:00,5849.998,5858.611,5847.29,5854.24
2026-05-12 19:00:00,5854.247,5855.277,5835.317,5840.079
2026-05-12 20:00:00,5840.083,5861.115,5840.083,5861.115
2026-05-12 21:00:00,5861.133,5869.875,5857.322,5867.247
2026-05-12 22:00:00,5867.249,5872.078,5862.351,5868.594
2026-05-12 23:00:00,5868.603,5873.352,5859.087,5867.171
2026-05-13 00:00:00,5867.175,5872.996,5856.592,5860.536
2026-05-13 01:00:00,5860.541,5861.985,5836.789,5852.136
2026-05-13 02:00:00,5852.145,5853.415,5815.855,5816.694
2026-05-13 03:00:00,5816.701,5819.713,5805.225,5812.529
2026-05-13 04:00:00,5812.537,5824.3,5810.308,5810.547
2026-05-13 05:00:00,5810.556,5818.979,5807.315,5809.345
2026-05-13 06:00:00,5809.357,5811.638,5798.31,5802.432
2026-05-13 07:00:00,5802.446,5812.673,5790.334,5791.992
2026-05-13 08:00:00,5791.993,5812.649,5791.993,5812.649
2026-05-13 09:00:00,5812.654,5818.051,5801.966,5813.244
2026-05-13 10:00:00,5813.25,5814.32,5796.657,5800.02
2026-05-13 11:00:00,5800.024,5812.839,5794.407,5812.839
2026-05-13 12:00:00,5812.854,5827.963,5810.511,5827.963
2026-05-13 13:00:00,5827.966,5837.162,5809.387,5812.156
2026-05-13 14:00:00,5812.165,5820.713,5803.755,5820.593
2026-05-13 15:00:00,5820.594,5824.718,5801.615,5804.044
2026-05-13 16:00:00,5804.045,5816.596,5797.203,5816.596
2026-05-13 17:00:00,5816.597,5827.506,5815.614,5822.109
2026-05-13 18:00:00,5822.117,5829.676,5818.988,5829.676
2026-05-13 19:00:00,5829.683,5835.411,5825.804,5834.546
2026-05-13 20:00:00,5834.55,5855.614,5834.55,5855.614
2026-05-13 21:00:00,5855.62,5857.145,5843.747,5850.505
2026-05-13 22:00:00,5850.513,5854.195,5834.343,5838.791
2026-05-13 23:00:00,5838.8,5845.525,5832.361,5839.204
2026-05-14 00:00:00,5839.212,5854.062,5839.212,5854.017
2026-05-14 01:00:00,5854.018,5867.289,5851.12,5867.289
2026-05-14 02:00:00,5867.299,5869.153,5838.101,5838.543
2026-05-14 03:00:00,5838.545,5859.046,5838.545,5859.046
2026-05-14 04:00:00,5859.049,5868.362,5852.374,5862.7
2026-05-14 05:00:00,5862.712,5877.061,5856.275,5877.061
2026-05-14 06:00:00,5877.064,5889.925,5874.13,5889.925
2026-05-14 07:00:00,5889.931,5891.817,5871.69,5878.21
2026-05-14 08:00:00,5878.221,5879.868,5859.01,5865.081
2026-05-14 09:00:00,5865.084,5867.022,5857.538,5865.1
2026-05-14 10:00:00,5865.101,5866.467,5844.727,5849.341
2026-05-14 11:00:00,5849.348,5851.825,5821.005,5828.583
2026-05-14 12:00:00,5828.584,5838.82,5824.644,5827.538
2026-05-14 13:00:00,5827.54,5831.446,5821.163,5831.446
2026-05-14 14:00:00,5831.451,5834.699,5810.482,5817.453
2026-05-14 15:00:00,5817.46,5833.637,5817.46,5833.637
2026-05-14 16:00:00,5833.644,5840.38,5810.051,5813.186
2026-05-14 17:00:00,5813.187,5813.459,5796.969,5804.51
2026-05-14 18:00:00,5804.51,5817.7,5803.635,5807.932
2026-05-14 19:00:00,5807.939,5815.81,5799.888,5799.888
2026-05-14 20:00:00,5799.896,5814.192,5793.383,5814.192
2026-05-14 21:00:00,5814.192,5828.255,5814.192,5823.942
2026-05-14 22:00:00,5823.943,5833.912,5807.213,5810.595
2026-05-14 23:00:00,5810.595,5821.701,5808.477,5821.701
2026-05-15 00:00:00,5821.71,5832.54,5821.71,5832.54
2026-05-15 01:00:00,5832.552,5838.09,5819.446,5822.304
2026-05-15 02:00:00,5822.31,5834.968,5821.351,5834.968
2026-05-15 03:00:00,5834.976,5856.156,5834.976,5856.156
2026-05-15 04:00:00,5856.165,5877.451,5856.165,5877.451
2026-05-15 05:00:00,5877.452,5893.41,5877.452,5884.653
2026-05-15 06:00:00,5884.66,5885.143,5859.755,5867.895
2026-05-15 07:00:00,5867.896,5871.693,5847.522,5853.362
2026-05-15 08:00:00,5853.375,5872.48,5853.375,5872.48
2026-05-15 09:00:00,5872.481,5883.332,5865.252,5883.332
2026-05-15 10:00:00,5883.34,5886.769,5851.047,5854.633
2026-05-15 11:00:00,5854.645,5858.215,5832.276,5834.381
2026-05-15 12:00:00,5834.382,5837.657,5824.007,5832.864
2026-05-15 13:00:00,5832.876,5837.287,5830.038,5836.054
2026-05-15 14:00:00,5836.061,5847.896,5834.257,5834.585
2026-05-15 15:00:00,5834.592,5837.215,5818.216,5823.877
2026-05-15 16:00:00,5823.888,5827.222,5804.639,5813.884
2026-05-15 17:00:00,5813.893,5821.48,5808.04,5821.303
2026-05-15 18:00:00,5821.318,5827.754,5816.102,5826.718
2026-05-15 19:00:00,5826.727,5844.578,5826.727,5834.309
2026-05-15 20:00:00,5834.31,5842.745,5829.326,5830.843
2026-05-15 21:00:00,5830.846,5841.634,5830.846,5841.277
2026-05-15 22:00:00,5841.285,5846.041,5830.1,5846.041
2026-05-15 23:00:00,5846.049,5848.203,5830.218,5840.177
2026-05-16 00:00:00,5840.18,5840.712,5806.612,5808.564
2026-05-16 01:00:00,5808.567,5822.061,5791.094,5791.625
2026-05-16 02:00:00,5791.631,5793.69,5754.273,5762.84
2026-05-16 03:00:00,5762.844,5780.294,5762.844,5776.854
2026-05-16 04:00:00,5776.856,5784.942,5773.11,5784.942
2026-05-16 05:00:00,5784.947,5795.056,5784.947,5790.998
2026-05-16 06:00:00,5791.002,5792.036,5754.055,5758.002
2026-05-16 07:00:00,5758.003,5774.054,5756.678,5771.442
2026-05-16 08:00:00,5771.453,5781.488,5766.75,5771.232
2026-05-16 09:00:00,5771.236,5786.5,5771.236,5781.185
2026-05-16 10:00:00,5781.189,5797.069,5780.428,5790.693
2026-05-16 11:00:00,5790.705,5802.589,5788.617,5802.589
2026-05-16 12:00:00,5802.598,5809.49,5799.083,5800.109
2026-05-16 13:00:00,5800.114,5813.672,5796.192,5798.522
2026-05-16 14:00:00,5798.527,5809.839,5772.152,5775.66
2026-05-16 15:00:00,5775.667,5783.181,5763.475,5780.799
2026-05-16 16:00:00,5780.815,5784.479,5758.409,5765.673
2026-05-16 17:00:00,5765.68,5786.256,5765.68,5786.256
2026-05-16 18:00:00,5786.257,5789.406,5769.822,5772.425
2026-05-16 19:00:00,5772.426,5774.469,5754.174,5759.875
2026-05-16 20:00:00,5759.877,5764.022,5738.677,5744.952
2026-05-16 21:00:00,5744.958,5752.702,5744.163,5749.043
2026-05-16 22:00:00,5749.044,5750.039,5723.315,5723.818
2026-05-16 23:00:00,5723.828,5730.238,5720.647,5727.976
2026-05-17 00:00:00,5727.98,5735.142,5721.709,5730.915
2026-05-17 01:00:00,5730.917,5735.858,5723.357,5731.02
2026-05-17 02:00:00,5731.034,5732.763,5693.431,5704.739
2026-05-17 03:00:00,5704.746,5710.32,5694.237,5710.32
2026-05-17 04:00:00,5710.321,5713.004,5699.384,5711.439
2026-05-17 05:00:00,5711.444,5713.715,5697.488,5701.431
2026-05-17 06:00:00,5701.431,5703.482,5687.909,5689.362
2026-05-17 07:00:00,5689.362,5692.268,5665.608,5669.547
2026-05-17 08:00:00,5669.55,5676.825,5662.81,5676.825
2026-05-17 09:00:00,5676.828,5684.079,5672.656,5684.079
2026-05-17 10:00:00,5684.089,5684.321,5655.149,5660.509
2026-05-17 11:00:00,5660.512,5668.004,5653.191,5654.542
2026-05-17 12:00:00,5654.542,5667.565,5653.994,5667.565
2026-05-17 13:00:00,5667.571,5677.022,5661.71,5662.675
2026-05-17 14:00:00,5662.684,5672.811,5662.172,5664.309
2026-05-17 15:00:00,5664.311,5665.487,5644.26,5659.536
2026-05-17 16:00:00,5659.544,5678.304,5659.544,5678.304
2026-05-17 17:00:00,5678.315,5681.301,5669.509,5679.855
2026-05-17 18:00:00,5679.857,5686.544,5672.216,5673.206
2026-05-17 19:00:00,5673.214,5673.754,5644.776,5654.227
2026-05-17 20:00:00,5654.238,5656.351,5638.554,5646.971
2026-05-17 21:00:00,5646.974,5662.843,5646.607,5662.843
2026-05-17 22:00:00,5662.846,5679.953,5658.827,5660.867
2026-05-17 23:00:00,5660.873,5672.07,5660.873,5672.07
2026-05-18 00:00:00,5672.075,5672.114,5638.082,5639.256
2026-05-18 01:00:00,5639.268,5648.396,5633.376,5648.396
2026-05-18 02:00:00,5648.403,5655.905,5647.716,5655.905
2026-05-18 03:00:00,5655.906,5656.259,5631.637,5639.119
2026-05-18 04:00:00,5639.124,5642.714,5633.448,5641.015
2026-05-18 05:00:00,5641.019,5651.693,5638.976,5644.215
2026-05-18 06:00:00,5644.221,5657.7,5644.221,5657.7
2026-05-18 07:00:00,5657.701,5673.1,5657.701,5667.121
2026-05-18 08:00:00,5667.126,5667.882,5653.994,5667.114
2026-05-18 09:00:00,5667.121,5671.667,5638.373,5640.312
2026-05-18 10:00:00,5640.316,5643.166,5621.055,5628.724
2026-05-18 11:00:00,5628.734,5633.167,5614.505,5616.594
2026-05-18 12:00:00,5616.598,5629.803,5613.041,5629.803
2026-05-18 13:00:00,5629.809,5637.006,5620.215,5629.896
2026-05-18 14:00:00,5629.91,5636.719,5611.283,5612.359
2026-05-18 15:00:00,5612.361,5621.897,5608.495,5621.897
2026-05-18 16:00:00,5621.9,5631.117,5611.643,5615.689
2026-05-18 17:00:00,5615.689,5632.425,5613.878,5632.425
2026-05-18 18:00:00,5632.435,5649.822,5630.855,5649.822
2026-05-18 19:00:00,5649.823,5668.548,5649.823,5668.548
2026-05-18 20:00:00,5668.554,5672.055,5655.7,5669.734
2026-05-18 21:00:00,5669.744,5671.496,5661.822,5671.496
2026-05-18 22:00:00,5671.497,5687.723,5671.497,5683.818
2026-05-18 23:00:00,5683.822,5688.739,5642.359,5642.385
2026-05-19 00:00:00,5642.396,5644.872,5612.479,5619.305
2026-05-19 01:00:00,5619.312,5631.003,5618.875,5631.003
2026-05-19 02:00:00,5631.007,5638.977,5625.431,5638.977
2026-05-19 03:00:00,5638.983,5654.375,5638.983,5653.44
2026-05-19 04:00:00,5653.444,5663.11,5645.115,5663.11
2026-05-19 05:00:00,5663.121,5674.33,5660.638,5666.067
2026-05-19 06:00:00,5666.071,5669.542,5655.439,5667.069
2026-05-19 07:00:00,5667.076,5675.716,5664.194,5669.823
2026-05-19 08:00:00,5669.834,5689.199,5669.834,5689.199
2026-05-19 09:00:00,5689.199,5689.782,5669.329,5682.906
2026-05-19 10:00:00,5682.916,5694.268,5653.07,5655.33
2026-05-19 11:00:00,5655.336,5664.153,5645.931,5654.04
2026-05-19 12:00:00,5654.042,5655.075,5643.654,5654.554
2026-05-19 13:00:00,5654.559,5660.701,5645.969,5650.058
2026-05-19 14:00:00,5650.059,5668.208,5650.059,5668.208
2026-05-19 15:00:00,5668.218,5671.176,5657.005,5667.342
2026-05-19 16:00:00,5667.348,5675.249,5649.081,5658.385
2026-05-19 17:00:00,5658.391,5668.073,5652.812,5654.71
2026-05-19 18:00:00,5654.717,5669.283,5653.782,5656.064
2026-05-19 19:00:00,5656.07,5674.974,5656.07,5674.974
2026-05-19 20:00:00,5674.977,5684.725,5668.313,5673.38
2026-05-19 21:00:00,5673.389,5691.525,5673.389,5691.525
2026-05-19 22:00:00,5691.525,5707.233,5691.525,5707.233
2026-05-19 23:00:00,5707.235,5718.3,5707.235,5715.98
2026-05-20 00:00:00,5715.987,5727.505,5715.987,5726.616
2026-05-20 01:00:00,5726.622,5738.154,5726.622,5738.154
2026-05-20 02:00:00,5738.156,5742.845,5727.204,5732.401
2026-05-20 03:00:00,5732.406,5743.06,5725.461,5742.986
2026-05-20 04:00:00,5742.989,5758.95,5742.989,5758.431
2026-05-20 05:00:00,5758.434,5770.695,5755.272,5770.695
2026-05-20 06:00:00,5770.697,5773.446,5758.517,5768.839
2026-05-20 07:00:00,5768.84,5780.255,5768.84,5778.258
2026-05-20 08:00:00,5778.26,5788.718,5775.954,5788.718
2026-05-20 09:00:00,5788.724,5788.894,5746.351,5748.237
2026-05-20 10:00:00,5748.245,5749.364,5725.12,5728.527
2026-05-20 11:00:00,5728.535,5741.788,5724.642,5741.788
2026-05-20 12:00:00,5741.796,5743.171,5719.719,5723.085
2026-05-20 13:00:00,5723.09,5736.542,5703.627,5704.431
2026-05-20 14:00:00,5704.431,5707.943,5679.025,5685.293
2026-05-20 15:00:00,5685.295,5701.227,5685.295,5701.227
2026-05-20 16:00:00,5701.229,5708.801,5690.764,5694.234
2026-05-20 17:00:00,5694.241,5698.759,5672.401,5679.886
2026-05-20 18:00:00,5679.897,5680.407,5654.72,5656.531
2026-05-20 19:00:00,5656.536,5669.735,5654.962,5666.751
2026-05-20 20:00:00,5666.752,5670.727,5654.177,5660.622
2026-05-20 21:00:00,5660.627,5671.833,5659.571,5663.35
2026-05-20 22:00:00,5663.361,5671.106,5658.291,5670.826
2026-05-20 23:00:00,5670.835,5690.724,5670.835,5689.452
2026-05-21 00:00:00,5689.461,5702.411,5689.461,5702.411
2026-05-21 01:00:00,5702.416,5723.117,5702.416,5723.117
2026-05-21 02:00:00,5723.121,5724.971,5711.672,5717.128
2026-05-21 03:00:00,5717.13,5718.554,5708.213,5714.668
2026-05-21 04:00:00,5714.677,5719.896,5704.94,5719.896
2026-05-21 05:00:00,5719.897,5725.19,5714.103,5723.329
2026-05-21 06:00:00,5723.334,5723.797,5696.054,5705.914
2026-05-21 07:00:00,5705.919,5707.385,5690.269,5691.66
2026-05-21 08:00:00,5691.664,5700.382,5684.862,5699.09
2026-05-21 09:00:00,5699.094,5714.03,5698.36,5714.03
2026-05-21 10:00:00,5714.039,5720.151,5705.371,5720.151
2026-05-21 11:00:00,5720.156,5720.787,5696.619,5704.379
2026-05-21 12:00:00,5704.387,5714.045,5700.679,5714.045
2026-05-21 13:00:00,5714.053,5730.97,5711.871,5730.97
2026-05-21 14:00:00,5730.971,5745.776,5727.757,5730.905
2026-05-21 15:00:00,5730.91,5740.656,5723.751,5730.383
2026-05-21 16:00:00,5730.385,5732.049,5719.868,5725.537
2026-05-21 17:00:00,5725.54,5734.685,5722.168,5728.619
2026-05-21 18:00:00,5728.627,5739.104,5674.278,5678.004
2026-05-21 19:00:00,5678.008,5691.152,5667.204,5671.409
2026-05-21 20:00:00,5671.415,5683.214,5671.415,5683.214
2026-05-21 21:00:00,5683.217,5688.028,5678.512,5681.439
2026-05-21 22:00:00,5681.441,5690.353,5678.226,5684.2
2026-05-21 23:00:00,5684.212,5693.869,5684.212,5691.025
2026-05-22 00:00:00,5691.026,5700.477,5691.026,5700.477
2026-05-22 01:00:00,5700.487,5703.552,5689.127,5702.464
2026-05-22 02:00:00,5702.469,5704.933,5693.884,5701.861
2026-05-22 03:00:00,5701.866,5714.649,5701.866,5712.189
2026-05-22 04:00:00,5712.192,5719.032,5700.818,5701.182
2026-05-22 05:00:00,5701.19,5707.82,5699.587,5707.82
2026-05-22 06:00:00,5707.831,5712.806,5685.63,5694.024
2026-05-22 07:00:00,5694.027,5705.343,5691.137,5700.913
2026-05-22 08:00:00,5700.919,5707.618,5694.454,5705.683
2026-05-22 09:00:00,5705.687,5708.719,5697.673,5702.442
2026-05-22 10:00:00,5702.443,5707.773,5689.964,5702.898
2026-05-22 11:00:00,5702.908,5713.783,5702.908,5713.783
2026-05-22 12:00:00,5713.792,5724.432,5713.792,5724.183
2026-05-22 13:00:00,5724.191,5728.771,5710.354,5718.085
2026-05-22 14:00:00,5718.087,5727.597,5709.938,5722.11
2026-05-22 15:00:00,5722.118,5740.843,5722.118,5731.99
2026-05-22 16:00:00,5731.999,5743.98,5730.303,5740.424
2026-05-22 17:00:00,5740.428,5751.651,5740.349,5745.702
2026-05-22 18:00:00,5745.708,5754.134,5745.592,5751.667
2026-05-22 19:00:00,5751.67,5770.729,5751.67,5770.729
2026-05-22 20:00:00,5770.729,5778.605,5765.674,5776.322
2026-05-22 21:00:00,5776.326,5782.312,5752.427,5755.905
2026-05-22 22:00:00,5755.907,5765.831,5742.721,5747.121
2026-05-22 23:00:00,5747.127,5760.977,5747.127,5753.263
2026-05-23 00:00:00,5753.263,5758.26,5747.944,5750.392
2026-05-23 01:00:00,5750.399,5751.242,5716.378,5720.231
2026-05-23 02:00:00,5720.24,5737.714,5720.24,5737.714
2026-05-23 03:00:00,5737.726,5758.336,5737.726,5758.336
2026-05-23 04:00:00,5758.337,5769.124,5758.337,5769.124
2026-05-23 05:00:00,5769.126,5784.854,5769.126,5782.643
2026-05-23 06:00:00,5782.654,5789.771,5778.88,5787.405
2026-05-23 07:00:00,5787.416,5792.493,5773.697,5776.065
2026-05-23 08:00:00,5776.066,5780.361,5762.624,5771.683
2026-05-23 09:00:00,5771.691,5780.463,5770.077,5780.463
2026-05-23 10:00:00,5780.464,5786.038,5770.883,5773.62
2026-05-23 11:00:00,5773.623,5781.737,5768.935,5778.638
2026-05-23 12:00:00,5778.652,5786.525,5773.542,5779.996
2026-05-23 13:00:00,5779.997,5780.51,5750.476,5753.854
2026-05-23 14:00:00,5753.862,5763.788,5750.375,5751.919
2026-05-23 15:00:00,5751.919,5760.189,5745.587,5760.189
2026-05-23 16:00:00,5760.199,5774.971,5760.199,5769.271
2026-05-23 17:00:00,5769.278,5782.859,5750.739,5752.221
2026-05-23 18:00:00,5752.232,5767.98,5752.232,5767.98
2026-05-23 19:00:00,5767.988,5788.923,5767.988,5788.923
2026-05-23 20:00:00,5788.928,5805.091,5788.928,5804.719
2026-05-23 21:00:00,5804.724,5807.352,5792.177,5799.667
2026-05-23 22:00:00,5799.674,5817.277,5799.674,5816.639
2026-05-23 23:00:00,5816.649,5830.922,5814.151,5830.922
2026-05-24 00:00:00,5830.924,5837.354,5822.405,5827.522
2026-05-24 01:00:00,5827.529,5834.437,5819.575,5824.181
2026-05-24 02:00:00,5824.188,5832.401,5816.592,5832.401
2026-05-24 03:00:00,5832.41,5832.733,5791.067,5795.59
2026-05-24 04:00:00,5795.592,5797.761,5770.669,5782.337
2026-05-24 05:00:00,5782.347,5784.705,5771.139,5784.705
2026-05-24 06:00:00,5784.711,5791.097,5776.763,5781.834
2026-05-24 07:00:00,5781.837,5785.751,5767.538,5771.837
2026-05-24 08:00:00,5771.845,5774.445,5763.79,5772.749
2026-05-24 09:00:00,5772.754,5787.729,5771.193,5773.915
2026-05-24 10:00:00,5773.918,5791.201,5773.918,5788.888
2026-05-24 11:00:00,5788.899,5789.408,5773.16,5773.334
2026-05-24 12:00:00,5773.337,5773.932,5755.539,5756.289
2026-05-24 13:00:00,5756.296,5769.232,5750.005,5764.365
2026-05-24 14:00:00,5764.376,5782.15,5764.376,5772.099
2026-05-24 15:00:00,5772.11,5777.474,5766.793,5770.601
2026-05-24 16:00:00,5770.603,5774.729,5756.905,5774.729
2026-05-24 17:00:00,5774.738,5775.93,5761.352,5763.062
2026-05-24 18:00:00,5763.062,5776.842,5740.463,5742.001
2026-05-24 19:00:00,5742.004,5742.628,5719.421,5721.297
2026-05-24 20:00:00,5721.299,5724.954,5716.4,5717.494
2026-05-24 21:00:00,5717.497,5718.195,5692.94,5695.141
2026-05-24 22:00:00,5695.141,5699.392,5686.806,5695.996
2026-05-24 23:00:00,5696.004,5700.334,5687.407,5700.334
2026-05-25 00:00:00,5700.34,5710.244,5684.893,5686.914
2026-05-25 01:00:00,5686.928,5700.17,5660.364,5664.073
2026-05-25 02:00:00,5664.079,5676.08,5651.377,5653.834
2026-05-25 03:00:00,5653.835,5655.026,5641.916,5655.026
2026-05-25 04:00:00,5655.029,5672.862,5655.029,5666.078
2026-05-25 05:00:00,5666.087,5671.234,5656.436,5661.466
2026-05-25 06:00:00,5661.477,5681.719,5661.477,5681.719
2026-05-25 07:00:00,5681.721,5690.755,5668.275,5672.302
2026-05-25 08:00:00,5672.307,5690.265,5672.307,5690.265
2026-05-25 09:00:00,5690.272,5706.58,5690.272,5706.58
2026-05-25 10:00:00,5706.583,5711.408,5699.07,5704.391
2026-05-25 11:00:00,5704.41,5708.149,5681.027,5681.64
2026-05-25 12:00:00,5681.641,5692.4,5675.584,5692.041
2026-05-25 13:00:00,5692.043,5701.593,5690.151,5694.249
2026-05-25 14:00:00,5694.262,5700.98,5686.458,5693.302
2026-05-25 15:00:00,5693.305,5708.373,5693.305,5708.373
2026-05-25 16:00:00,5708.382,5726.07,5708.382,5726.07
2026-05-25 17:00:00,5726.071,5730.311,5712.33,5716.161
2026-05-25 18:00:00,5716.167,5716.873,5701.533,5710.281
2026-05-25 19:00:00,5710.282,5724.747,5710.282,5717.061
2026-05-25 20:00:00,5717.068,5719.597,5661.57,5662.244
2026-05-25 21:00:00,5662.245,5664.259,5649.748,5653.088
2026-05-25 22:00:00,5653.088,5657.851,5646.454,5657.851
2026-05-25 23:00:00,5657.862,5669.739,5657.862,5661.641
2026-05-26 00:00:00,5661.652,5664.807,5645.418,5653.249
2026-05-26 01:00:00,5653.256,5658.108,5633.392,5633.715
2026-05-26 02:00:00,5633.722,5644.523,5632.748,5635.932
2026-05-26 03:00:00,5635.934,5638.668,5616.458,5620.263
2026-05-26 04:00:00,5620.267,5628.556,5609.326,5615.535
2026-05-26 05:00:00,5615.536,5629.092,5615.536,5625.228
2026-05-26 06:00:00,5625.236,5629.169,5613.463,5622.18
2026-05-26 07:00:00,5622.186,5627.334,5618.154,5620.454
2026-05-26 08:00:00,5620.458,5628.724,5610.055,5612.89
2026-05-26 09:00:00,5612.894,5623.897,5610.288,5620.08
2026-05-26 10:00:00,5620.088,5629.403,5616.389,5622.489
2026-05-26 11:00:00,5622.493,5629.974,5620.231,5625.701
2026-05-26 12:00:00,5625.702,5642.226,5625.702,5633.793
2026-05-26 13:00:00,5633.798,5637.874,5626.923,5637.874
2026-05-26 14:00:00,5637.89,5644.159,5635.315,5640.741
2026-05-26 15:00:00,5640.748,5654.307,5640.748,5652.488
2026-05-26 16:00:00,5652.508,5663.688,5649.118,5660.481
2026-05-26 17:00:00,5660.488,5666.894,5654.419,5666.894
2026-05-26 18:00:00,5666.905,5686.956,5666.905,5686.956
2026-05-26 19:00:00,5686.957,5700.911,5686.957,5694.986
2026-05-26 20:00:00,5694.992,5715.215,5694.992,5715.215
2026-05-26 21:00:00,5715.219,5724.434,5715.219,5722.583
2026-05-26 22:00:00,5722.587,5740.446,5722.587,5738.352
2026-05-26 23:00:00,5738.353,5738.862,5723.479,5726.342
2026-05-27 00:00:00,5726.352,5743.784,5726.352,5743.784
2026-05-27 01:00:00,5743.794,5756.425,5743.794,5756.425
2026-05-27 02:00:00,5756.438,5758.629,5740.508,5741.501
2026-05-27 03:00:00,5741.508,5750.321,5741.048,5743.981
2026-05-27 04:00:00,5743.985,5746.933,5730.309,5742.982
2026-05-27 05:00:00,5742.985,5755.236,5741.371,5743.353
2026-05-27 06:00:00,5743.356,5748.859,5739.042,5748.253
2026-05-27 07:00:00,5748.256,5759.355,5748.066,5759.355
2026-05-27 08:00:00,5759.36,5766.842,5756.304,5765.405
2026-05-27 09:00:00,5765.416,5765.881,5735.959,5736.285
2026-05-27 10:00:00,5736.286,5736.338,5703.405,5718.297
2026-05-27 11:00:00,5718.304,5722.252,5712.548,5722.252
2026-05-27 12:00:00,5722.259,5731.613,5720.345,5731.613
2026-05-27 13:00:00,5731.624,5742.699,5731.624,5736.111
2026-05-27 14:00:00,5736.117,5739.661,5728.034,5729.76
2026-05-27 15:00:00,5729.763,5750.777,5729.763,5750.777
2026-05-27 16:00:00,5750.782,5754.38,5741.328,5745.783
2026-05-27 17:00:00,5745.794,5765.09,5745.794,5764.801
2026-05-27 18:00:00,5764.802,5769.596,5757.949,5764.877
2026-05-27 19:00:00,5764.878,5767.49,5731.759,5734.509
2026-05-27 20:00:00,5734.515,5743.654,5734.515,5739.768
2026-05-27 21:00:00,5739.779,5747.222,5727.638,5731.732
2026-05-27 22:00:00,5731.736,5746.121,5731.412,5745.997
2026-05-27 23:00:00,5746.002,5761.433,5746.002,5754.711
2026-05-28 00:00:00,5754.717,5773.301,5754.717,5773.301
2026-05-28 01:00:00,5773.306,5779.604,5768.753,5769.422
2026-05-28 02:00:00,5769.426,5772.04,5732.956,5736.668
2026-05-28 03:00:00,5736.68,5740.224,5720.984,5727.88
2026-05-28 04:00:00,5727.882,5741.902,5727.882,5741.902
2026-05-28 05:00:00,5741.903,5744.322,5729.41,5739.019
2026-05-28 06:00:00,5739.02,5741.307,5705.244,5708.646
2026-05-28 07:00:00,5708.659,5711.29,5694.334,5699.671
2026-05-28 08:00:00,5699.675,5718.894,5699.675,5718.894
2026-05-28 09:00:00,5718.898,5729.948,5718.898,5728.971
2026-05-28 10:00:00,5728.974,5734.545,5724.806,5734.3
2026-05-28 11:00:00,5734.303,5743.762,5727.934,5743.762
2026-05-28 12:00:00,5743.766,5744.406,5728.327,5736.438
2026-05-28 13:00:00,5736.443,5747.851,5736.362,5747.851
2026-05-28 14:00:00,5747.863,5755.36,5742.31,5743.947
2026-05-28 15:00:00,5743.956,5750.51,5739.739,5750.51
2026-05-28 16:00:00,5750.51,5758.53,5739.043,5744.831
2026-05-28 17:00:00,5744.834,5760.999,5744.834,5758.652
2026-05-28 18:00:00,5758.663,5773.578,5758.085,5773.578
2026-05-28 19:00:00,5773.585,5779.786,5765.54,5770.355
2026-05-28 20:00:00,5770.365,5771.393,5716.079,5726.417
2026-05-28 21:00:00,5726.424,5736.698,5726.424,5736.698
2026-05-28 22:00:00,5736.699,5747.605,5736.699,5741.355
2026-05-28 23:00:00,5741.356,5741.496,5721.416,5721.974
2026-05-29 00:00:00,5721.976,5726.667,5706.035,5709.356
2026-05-29 01:00:00,5709.359,5709.908,5692.817,5694.424
2026-05-29 02:00:00,5694.427,5700.613,5685.127,5698.494
2026-05-29 03:00:00,5698.501,5705.57,5695.486,5698.057
2026-05-29 04:00:00,5698.061,5699.94,5686.557,5699.94
2026-05-29 05:00:00,5699.947,5702.799,5679.08,5684.667
2026-05-29 06:00:00,5684.671,5685.426,5649.373,5651.292
2026-05-29 07:00:00,5651.298,5660.945,5651.298,5660.945
2026-05-29 08:00:00,5660.948,5672.669,5656.167,5657.015
2026-05-29 09:00:00,5657.022,5671.046,5648.438,5653.421
2026-05-29 10:00:00,5653.429,5662.389,5646.14,5651.933
2026-05-29 11:00:00,5651.942,5661.09,5647.983,5661.09
2026-05-29 12:00:00,5661.104,5672.706,5658.646,5663.589
2026-05-29 13:00:00,5663.597,5667.967,5623.792,5627.155
2026-05-29 14:00:00,5627.163,5636.928,5619.33,5624.814
2026-05-29 15:00:00,5624.814,5628.257,5617.483,5623.313
2026-05-29 16:00:00,5623.317,5625.946,5604.987,5606.137
2026-05-29 17:00:00,5606.145,5607.5,5596.15,5606.064
2026-05-29 18:00:00,5606.067,5617.939,5575.793,5577.462
2026-05-29 19:00:00,5577.472,5592.176,5572.184,5574.802
2026-05-29 20:00:00,5574.809,5592.522,5574.809,5592.473
2026-05-29 21:00:00,5592.478,5609.295,5592.478,5609.295
2026-05-29 22:00:00,5609.301,5615.488,5595.643,5597.518
2026-05-29 23:00:00,5597.52,5613.671,5597.52,5600.507
2026-05-30 00:00:00,5600.512,5604.863,5590.537,5597.777
2026-05-30 01:00:00,5597.784,5600.488,5568.758,5576.41
2026-05-30 02:00:00,5576.414,5578.381,5568.224,5577.49
2026-05-30 03:00:00,5577.501,5593.008,5577.501,5591.827
2026-05-30 04:00:00,5591.835,5596.948,5576.268,5581.844
2026-05-30 05:00:00,5581.85,5596.55,5581.85,5594.412
2026-05-30 06:00:00,5594.417,5602.856,5586.132,5588.833
2026-05-30 07:00:00,5588.839,5602.738,5588.839,5602.738
2026-05-30 08:00:00,5602.739,5609.972,5593.939,5609.972
2026-05-30 09:00:00,5609.974,5620.587,5599.576,5600.348
2026-05-30 10:00:00,5600.356,5612.275,5595.801,5612.275
2026-05-30 11:00:00,5612.278,5615.303,5604.084,5612.238
2026-05-30 12:00:00,5612.245,5631.503,5612.245,5631.503
2026-05-30 13:00:00,5631.513,5643.119,5628.367,5638.45
2026-05-30 14:00:00,5638.451,5643.981,5616.474,5616.963
2026-05-30 15:00:00,5616.966,5621.889,5596.616,5596.973
2026-05-30 16:00:00,5596.975,5601.587,5588.972,5593.005
2026-05-30 17:00:00,5593.01,5601.316,5589.639,5593.785
2026-05-30 18:00:00,5593.79,5597.224,5584.705,5591.709
2026-05-30 19:00:00,5591.715,5611.765,5591.715,5611.765
2026-05-30 20:00:00,5611.772,5626.792,5611.772,5615.82
2026-05-30 21:00:00,5615.825,5636.335,5615.825,5636.335
2026-05-30 22:00:00,5636.344,5642.721,5625.527,5637.817
2026-05-30 23:00:00,5637.826,5640.76,5602.675,5609.111
2026-05-31 00:00:00,5609.117,5626.58,5609.117,5621.238
2026-05-31 01:00:00,5621.249,5622.51,5614.213,5617.431
2026-05-31 02:00:00,5617.436,5621.579,5611.445,5621.579
2026-05-31 03:00:00,5621.583,5637.441,5621.583,5634.95
2026-05-31 04:00:00,5634.95,5644.626,5609.797,5611.776
2026-05-31 05:00:00,5611.779,5622.854,5607.339,5608.377
2026-05-31 06:00:00,5608.38,5612.831,5584.418,5584.654
2026-05-31 07:00:00,5584.656,5584.868,5560.175,5567.473
2026-05-31 08:00:00,5567.475,5587.498,5567.475,5587.498
2026-05-31 09:00:00,5587.498,5603.178,5587.498,5603.178
2026-05-31 10:00:00,5603.179,5611.018,5599.147,5611.018
2026-05-31 11:00:00,5611.024,5622.696,5611.024,5622.696
2026-05-31 12:00:00,5622.703,5627.587,5615.221,5616.985
2026-05-31 13:00:00,5616.987,5619.501,5603.525,5619.31
2026-05-31 14:00:00,5619.314,5625.504,5612.496,5625.504
2026-05-31 15:00:00,5625.513,5631.89,5620.194,5624.562
2026-05-31 16:00:00,5624.572,5627.003,5613.061,5627.003
2026-05-31 17:00:00,5627.005,5628.569,5615.467,5619.901
2026-05-31 18:00:00,5619.905,5623.193,5607.435,5613.241
2026-05-31 19:00:00,5613.246,5622.906,5613.052,5622.906
2026-05-31 20:00:00,5622.913,5637.171,5619.187,5637.171
2026-05-31 21:00:00,5637.176,5647.146,5636.71,5644.257
2026-05-31 22:00:00,5644.262,5645.19,5629.734,5645.19
2026-05-31 23:00:00,5645.194,5658.192,5645.194,5658.192
2026-06-01 00:00:00,5658.193,5672.515,5657.62,5672.515
2026-06-01 01:00:00,5672.518,5685.878,5672.518,5677.743
2026-06-01 02:00:00,5677.745,5681.306,5666.456,5671.869
2026-06-01 03:00:00,5671.872,5689.185,5671.455,5689.185
2026-06-01 04:00:00,5689.193,5701.564,5677.676,5681.84
2026-06-01 05:00:00,5681.845,5689.569,5676.772,5689.569
2026-06-01 06:00:00,5689.575,5708.584,5689.575,5708.584
2026-06-01 07:00:00,5708.592,5726.136,5708.592,5723.918
2026-06-01 08:00:00,5723.928,5743.457,5723.928,5738.429
2026-06-01 09:00:00,5738.431,5754.915,5734.298,5754.915
2026-06-01 10:00:00,5754.926,5755.89,5725.656,5742.531
2026-06-01 11:00:00,5742.542,5756.653,5735.205,5737.339
2026-06-01 12:00:00,5737.342,5743.129,5714.003,5715.718
2026-06-01 13:00:00,5715.719,5718.037,5690.693,5690.702
2026-06-01 14:00:00,5690.704,5698.07,5677.053,5681.759
2026-06-01 15:00:00,5681.766,5698.633,5681.766,5697.607
2026-06-01 16:00:00,5697.619,5703.326,5692.05,5697.559
2026-06-01 17:00:00,5697.568,5702.436,5688.391,5693.532
2026-06-01 18:00:00,5693.537,5694.024,5673.146,5676.432
2026-06-01 19:00:00,5676.444,5681.414,5639.923,5644.909
2026-06-01 20:00:00,5644.909,5657.226,5644.849,5657.226
2026-06-01 21:00:00,5657.227,5665.341,5648.841,5665.341
2026-06-01 22:00:00,5665.348,5677.96,5659.466,5661.95
2026-06-01 23:00:00,5661.954,5664.152,5653.447,5660.748
2026-06-02 00:00:00,5660.76,5665.487,5649.591,5652.28
2026-06-02 01:00:00,5652.283,5663.491,5652.283,5655.429
2026-06-02 02:00:00,5655.434,5668.404,5655.434,5661.527
2026-06-02 03:00:00,5661.532,5665.661,5644.479,5654.057
2026-06-02 04:00:00,5654.063,5667.898,5654.063,5667.898
2026-06-02 05:00:00,5667.907,5668.703,5649.906,5661.789
2026-06-02 06:00:00,5661.799,5673.998,5660.763,5663.37
2026-06-02 07:00:00,5663.375,5682.609,5663.375,5682.609
2026-06-02 08:00:00,5682.613,5688.321,5679.426,5688.321
2026-06-02 09:00:00,5688.33,5692.177,5672.855,5674.431
2026-06-02 10:00:00,5674.434,5684.168,5674.434,5682.813
2026-06-02 11:00:00,5682.817,5693.284,5676.92,5693.284
2026-06-02 12:00:00,5693.293,5695.116,5671.478,5672.941
2026-06-02 13:00:00,5672.946,5682.995,5666.003,5682.995
2026-06-02 14:00:00,5683.002,5697.074,5683.002,5697.074
2026-06-02 15:00:00,5697.085,5698.647,5687.035,5696.748
2026-06-02 16:00:00,5696.75,5709.993,5690.192,5709.993
2026-06-02 17:00:00,5710.002,5717.374,5705.589,5711.499
2026-06-02 18:00:00,5711.501,5726.37,5710.15,5726.37
2026-06-02 19:00:00,5726.381,5728.729,5719.345,5728.729
2026-06-02 20:00:00,5728.73,5733.666,5719.738,5726.507
2026-06-02 21:00:00,5726.508,5741.638,5726.508,5727.329
2026-06-02 22:00:00,5727.335,5731.971,5721.74,5731.003
2026-06-02 23:00:00,5731.005,5736.546,5718.519,5724.518
2026-06-03 00:00:00,5724.524,5724.632,5686.013,5688.742
2026-06-03 01:00:00,5688.754,5700.257,5688.754,5699.391
2026-06-03 02:00:00,5699.403,5704.027,5677.042,5684.929
2026-06-03 03:00:00,5684.936,5693.32,5683.996,5691.804
2026-06-03 04:00:00,5691.813,5699.322,5678.914,5679.112
2026-06-03 05:00:00,5679.116,5693.898,5679.116,5693.898
2026-06-03 06:00:00,5693.907,5702.706,5689.545,5692.833
2026-06-03 07:00:00,5692.842,5704.742,5688.813,5704.742
2026-06-03 08:00:00,5704.747,5713.299,5699.432,5713.299
2026-06-03 09:00:00,5713.3,5725.812,5711.038,5725.812
2026-06-03 10:00:00,5725.825,5733.854,5721.668,5725.369
2026-06-03 11:00:00,5725.369,5738.793,5725.369,5738.793
2026-06-03 12:00:00,5738.798,5754.779,5738.798,5754.779
2026-06-03 13:00:00,5754.78,5772.661,5754.78,5769.104
2026-06-03 14:00:00,5769.111,5780.323,5768.195,5780.323
2026-06-03 15:00:00,5780.33,5781.816,5766.44,5770.863
2026-06-03 16:00:00,5770.876,5774.413,5766.574,5773.774
2026-06-03 17:00:00,5773.78,5773.898,5751.455,5753.653
2026-06-03 18:00:00,5753.667,5768.056,5753.667,5768.056
2026-06-03 19:00:00,5768.066,5788.135,5768.066,5788.135
2026-06-03 20:00:00,5788.14,5793.815,5780.591,5793.815
2026-06-03 21:00:00,5793.824,5798.473,5783.091,5793.376
2026-06-03 22:00:00,5793.377,5802.079,5791.006,5802.079
2026-06-03 23:00:00,5802.084,5810.216,5792.396,5801.685
2026-06-04 00:00:00,5801.69,5808.22,5791.964,5801.523
2026-06-04 01:00:00,5801.526,5815.271,5801.526,5809.942
2026-06-04 02:00:00,5809.952,5825.617,5809.952,5825.027
2026-06-04 03:00:00,5825.035,5826.297,5797.733,5799.515
2026-06-04 04:00:00,5799.518,5814.274,5799.518,5814.274
2026-06-04 05:00:00,5814.282,5830.137,5813.068,5830.137
2026-06-04 06:00:00,5830.144,5831.152,5795.726,5799.354
2026-06-04 07:00:00,5799.358,5820.133,5799.358,5820.133
2026-06-04 08:00:00,5820.145,5839.862,5820.145,5839.862
2026-06-04 09:00:00,5839.87,5853.979,5839.87,5853.979
2026-06-04 10:00:00,5853.982,5860.599,5847.1,5857.623
2026-06-04 11:00:00,5857.631,5865.357,5849.751,5856.953
2026-06-04 12:00:00,5856.955,5862.125,5848.285,5849.277
2026-06-04 13:00:00,5849.286,5850.126,5834.916,5845.96
2026-06-04 14:00:00,5845.967,5846.122,5832.055,5835.531
2026-06-04 15:00:00,5835.533,5840.6,5829.95,5834.644
2026-06-04 16:00:00,5834.648,5834.785,5810.969,5819.524
2026-06-04 17:00:00,5819.536,5832.724,5819.536,5827.556
2026-06-04 18:00:00,5827.56,5828.637,5810.529,5821.756
2026-06-04 19:00:00,5821.757,5823.704,5808.604,5815.21
2026-06-04 20:00:00,5815.221,5821.606,5809.011,5820.689
2026-06-04 21:00:00,5820.703,5837.2,5820.703,5832.397
2026-06-04 22:00:00,5832.407,5834.79,5823.465,5830.713
2026-06-04 23:00:00,5830.716,5847.513,5830.716,5840.29
2026-06-05 00:00:00,5840.294,5852.857,5840.294,5852.857
2026-06-05 01:00:00,5852.866,5860.3,5830.025,5834.437
2026-06-05 02:00:00,5834.442,5855.348,5834.442,5855.348
2026-06-05 03:00:00,5855.35,5859.104,5846.883,5858.818
2026-06-05 04:00:00,5858.826,5874.568,5858.826,5870.96
2026-06-05 05:00:00,5870.963,5872.097,5858.633,5867.62
2026-06-05 06:00:00,5867.632,5877.95,5858.793,5859.795
2026-06-05 07:00:00,5859.808,5873.169,5859.273,5870.226
2026-06-05 08:00:00,5870.237,5876.559,5844.255,5844.722
2026-06-05 09:00:00,5844.722,5863.754,5844.722,5863.754
2026-06-05 10:00:00,5863.761,5864.249,5840.14,5858.076
2026-06-05 11:00:00,5858.089,5867.064,5853.283,5867.064
2026-06-05 12:00:00,5867.064,5885.671,5865.768,5885.671
2026-06-05 13:00:00,5885.676,5904.796,5885.676,5889.38
2026-06-05 14:00:00,5889.385,5892.052,5874.347,5880.427
2026-06-05 15:00:00,5880.43,5894.412,5879.946,5894.412
2026-06-05 16:00:00,5894.415,5901.306,5868.617,5869.797
2026-06-05 17:00:00,5869.802,5877.315,5868.81,5877.315
2026-06-05 18:00:00,5877.323,5888.818,5863.482,5869.126
2026-06-05 19:00:00,5869.134,5881.808,5865.632,5881.726
2026-06-05 20:00:00,5881.73,5895.002,5880.202,5880.67
2026-06-05 21:00:00,5880.672,5900.352,5880.672,5890.726
2026-06-05 22:00:00,5890.729,5900.436,5890.729,5897.384
2026-06-05 23:00:00,5897.385,5913.23,5897.385,5913.23
2026-06-06 00:00:00,5913.237,5921.642,5906.709,5910.459
2026-06-06 01:00:00,5910.472,5910.499,5892.232,5906.422
2026-06-06 02:00:00,5906.424,5927.718,5906.424,5927.718
2026-06-06 03:00:00,5927.733,5941.054,5927.733,5940.134
2026-06-06 04:00:00,5940.143,5958.492,5940.143,5958.492
2026-06-06 05:00:00,5958.493,5962.876,5945.138,5951.473
2026-06-06 06:00:00,5951.482,5952.419,5943.769,5948.727
2026-06-06 07:00:00,5948.739,5967.874,5948.739,5963.631
2026-06-06 08:00:00,5963.633,5964.802,5950.944,5959.47
2026-06-06 09:00:00,5959.471,5965.264,5949.583,5961.004
2026-06-06 10:00:00,5961.014,5977.576,5961.014,5977.576
2026-06-06 11:00:00,5977.584,5998.738,5977.584,5998.738
2026-06-06 12:00:00,5998.749,6002.942,5989.696,5995.689
2026-06-06 13:00:00,5995.695,6004.56,5983.613,6004.56
2026-06-06 14:00:00,6004.564,6011.406,5993.823,6007.635
2026-06-06 15:00:00,6007.642,6014.863,5999.349,6014.863
2026-06-06 16:00:00,6014.868,6034.196,6013.444,6034.196
2026-06-06 17:00:00,6034.201,6047.063,6032.368,6039.895
2026-06-06 18:00:00,6039.903,6052.96,6039.805,6052.96
2026-06-06 19:00:00,6052.964,6067.501,6052.964,6059.391
2026-06-06 20:00:00,6059.406,6074.443,6055.107,6055.388
2026-06-06 21:00:00,6055.39,6070.026,6054.603,6070.026
2026-06-06 22:00:00,6070.027,6092.382,6070.027,6092.382
2026-06-06 23:00:00,6092.385,6107.677,6085.392,6107.677
2026-06-07 00:00:00,6107.678,6116.731,6093.756,6097.264
2026-06-07 01:00:00,6097.274,6111.289,6096.182,6111.289
2026-06-07 02:00:00,6111.292,6129.119,6111.292,6122.706
2026-06-07 03:00:00,6122.709,6129.854,6119.29,6123.735
2026-06-07 04:00:00,6123.743,6134.101,6120.585,6123.087
2026-06-07 05:00:00,6123.092,6135.183,6121.166,6135.183
2026-06-07 06:00:00,6135.186,6143.58,6127.901,6130.205
2026-06-07 07:00:00,6130.21,6140.292,6128.092,6131.904
2026-06-07 08:00:00,6131.908,6132.771,6111.393,6131.392
2026-06-07 09:00:00,6131.398,6137.195,6122.593,6137.195
2026-06-07 10:00:00,6137.204,6140.344,6127.965,6130.052
2026-06-07 11:00:00,6130.053,6151.917,6130.053,6151.917
2026-06-07 12:00:00,6151.92,6157.213,6148.055,6151.647
2026-06-07 13:00:00,6151.66,6151.919,6129.331,6136.743
2026-06-07 14:00:00,6136.752,6146.407,6133.859,6142.63
2026-06-07 15:00:00,6142.639,6148.088,6134.663,6142.306
2026-06-07 16:00:00,6142.312,6143.704,6113.026,6116.314
2026-06-07 17:00:00,6116.315,6121.62,6101.365,6111.282
2026-06-07 18:00:00,6111.293,6116.236,6101.086,6103.9
2026-06-07 19:00:00,6103.912,6111.567,6100.002,6102.392
2026-06-07 20:00:00,6102.392,6113.973,6098.395,6106.265
2026-06-07 21:00:00,6106.274,6114.786,6099.621,6107.131
2026-06-07 22:00:00,6107.135,6112.783,6100.538,6106.746
2026-06-07 23:00:00,6106.752,6111.148,6080.135,6093.035
2026-06-08 00:00:00,6093.035,6112.107,6093.035,6108.501
2026-06-08 01:00:00,6108.509,6115.305,6096.493,6104.838
2026-06-08 02:00:00,6104.848,6104.876,6091.513,6099.553
2026-06-08 03:00:00,6099.562,6110.855,6098.31,6100.59
2026-06-08 04:00:00,6100.594,6104.947,6093.374,6099.671
2026-06-08 05:00:00,6099.674,6105.364,6087.387,6094.676
2026-06-08 06:00:00,6094.688,6096.421,6082.359,6088.299
2026-06-08 07:00:00,6088.303,6103.238,6088.303,6089.002
2026-06-08 08:00:00,6089.012,6090.284,6072.949,6084.85
2026-06-08 09:00:00,6084.852,6098.758,6084.852,6098.758
2026-06-08 10:00:00,6098.764,6120.447,6098.764,6120.447
2026-06-08 11:00:00,6120.455,6142.541,6120.455,6142.541
2026-06-08 12:00:00,6142.552,6144.957,6114.2,6121.495
2026-06-08 13:00:00,6121.502,6126.432,6111.066,6122.992
2026-06-08 14:00:00,6122.998,6140.998,6118.352,6119.664
2026-06-08 15:00:00,6119.68,6121.172,6097.661,6106.418
2026-06-08 16:00:00,6106.423,6109.261,6096.472,6101.202
2026-06-08 17:00:00,6101.206,6106.06,6096.749,6105.142
2026-06-08 18:00:00,6105.15,6125.808,6105.15,6120.752
2026-06-08 19:00:00,6120.757,6121.891,6101.29,6101.781
2026-06-08 20:00:00,6101.785,6102.197,6067.074,6075.409
2026-06-08 21:00:00,6075.414,6087.568,6071.587,6072.678
2026-06-08 22:00:00,6072.684,6076.419,6049.721,6055.625
2026-06-08 23:00:00,6055.632,6077.316,6055.632,6077.316
2026-06-09 00:00:00,6077.323,6084.17,6062.152,6066.94
2026-06-09 01:00:00,6066.944,6070.21,6044.375,6048.891
2026-06-09 02:00:00,6048.893,6051.518,6030.864,6042.745
2026-06-09 03:00:00,6042.755,6050.87,6031.195,6050.87
2026-06-09 04:00:00,6050.871,6055.73,6043.808,6054.976
2026-06-09 05:00:00,6054.981,6064.295,6043.74,6064.295
2026-06-09 06:00:00,6064.304,6083.04,6064.304,6083.04
2026-06-09 07:00:00,6083.045,6088.811,6068.56,6069.299
2026-06-09 08:00:00,6069.313,6077.51,6047.827,6048.188
2026-06-09 09:00:00,6048.194,6057.442,6032.872,6035.342
2026-06-09 10:00:00,6035.343,6041.542,6027.899,6037.024
2026-06-09 11:00:00,6037.029,6042.755,6028.058,6031.564
2026-06-09 12:00:00,6031.567,6031.903,6011.131,6014.65
2026-06-09 13:00:00,6014.66,6018.761,6010.776,6016.305
2026-06-09 14:00:00,6016.31,6032.489,6016.31,6032.489
2026-06-09 15:00:00,6032.495,6040.721,6026.148,6030.592
2026-06-09 16:00:00,6030.605,6043.421,6030.605,6038.162
2026-06-09 17:00:00,6038.169,6041.225,6011.813,6013.009
2026-06-09 18:00:00,6013.011,6025.744,6009.002,6025.744
2026-06-09 19:00:00,6025.745,6037.509,6014.338,6014.899
2026-06-09 20:00:00,6014.902,6018.171,6002.983,6018.171
2026-06-09 21:00:00,6018.172,6019.194,5984.341,5998.53
2026-06-09 22:00:00,5998.537,6001.434,5979.96,5983.138
2026-06-09 23:00:00,5983.143,5999.032,5983.143,5990.167
2026-06-10 00:00:00,5990.173,6003.688,5990.173,6003.688
2026-06-10 01:00:00,6003.703,6016.115,6000.447,6009.786
2026-06-10 02:00:00,6009.801,6031.854,6009.801,6031.854
2026-06-10 03:00:00,6031.857,6047.305,6030.578,6047.305
2026-06-10 04:00:00,6047.309,6054.304,6024.07,6025.315
2026-06-10 05:00:00,6025.317,6028.08,6017.489,6023.713
2026-06-10 06:00:00,6023.718,6040.008,6023.718,6032.39
2026-06-10 07:00:00,6032.409,6037.856,6023.259,6035.508
2026-06-10 08:00:00,6035.514,6038.105,6024.875,6032.642
2026-06-10 09:00:00,6032.647,6046.508,6032.647,6046.508
2026-06-10 10:00:00,6046.519,6060.966,6044.94,6048.278
2026-06-10 11:00:00,6048.283,6057.931,6044.454,6051.521
2026-06-10 12:00:00,6051.522,6068.984,6051.522,6062.111
2026-06-10 13:00:00,6062.112,6074.946,6060.635,6066.867
2026-06-10 14:00:00,6066.868,6082.257,6061.683,6081.764
2026-06-10 15:00:00,6081.77,6083.098,6052.686,6067.974
2026-06-10 16:00:00,6067.98,6071.554,6049.524,6053.145
2026-06-10 17:00:00,6053.148,6060.806,6044.844,6048.416
2026-06-10 18:00:00,6048.418,6053.597,6038.912,6049.713
2026-06-10 19:00:00,6049.719,6050.122,6024.94,6030.216
2026-06-10 20:00:00,6030.219,6041.922,6030.219,6038.569
2026-06-10 21:00:00,6038.579,6050.461,6038.579,6050.461
2026-06-10 22:00:00,6050.469,6052.009,6034.743,6035.384
2026-06-10 23:00:00,6035.384,6040.52,6020.434,6023.497
2026-06-11 00:00:00,6023.501,6024.862,5997.827,6002.64
2026-06-11 01:00:00,6002.643,6005.101,5976.475,5980.369
2026-06-11 02:00:00,5980.375,6000.903,5980.375,5993.907
2026-06-11 03:00:00,5993.908,5996.645,5973.816,5974.046
2026-06-11 04:00:00,5974.052,5985.234,5967.833,5985.234
2026-06-11 05:00:00,5985.237,6000.53,5985.237,5997.253
2026-06-11 06:00:00,5997.257,6005.957,5968.405,5970.133
2026-06-11 07:00:00,5970.139,5973.426,5952.927,5956.261
2026-06-11 08:00:00,5956.262,5973.258,5956.262,5973.258
2026-06-11 09:00:00,5973.268,5992.771,5973.268,5992.771
2026-06-11 10:00:00,5992.788,5997.259,5984.513,5997.259
2026-06-11 11:00:00,5997.267,6018.651,5997.267,6018.651
2026-06-11 12:00:00,6018.659,6023.625,6011.163,6018.677
2026-06-11 13:00:00,6018.686,6022.279,6000.568,6010.515
2026-06-11 14:00:00,6010.527,6012.359,5992.261,6002.572
2026-06-11 15:00:00,6002.576,6004.95,5989.665,6001.325
2026-06-11 16:00:00,6001.33,6021.701,6001.33,6016.17
2026-06-11 17:00:00,6016.178,6021.207,6008.23,6012.403
2026-06-11 18:00:00,6012.41,6023.137,6011.659,6023.137
2026-06-11 19:00:00,6023.137,6026.906,6010.015,6015.337
2026-06-11 20:00:00,6015.349,6024.874,6002.324,6011.264
2026-06-11 21:00:00,6011.269,6018.345,5996.964,6003.471
2026-06-11 22:00:00,6003.477,6010.118,5977.083,5982.647
2026-06-11 23:00:00,5982.657,5990.634,5976.974,5987.522
2026-06-12 00:00:00,5987.53,5991.399,5968.238,5971.452
2026-06-12 01:00:00,5971.453,5977.659,5959.095,5961.923
2026-06-12 02:00:00,5961.936,5978.191,5961.936,5976.487
2026-06-12 03:00:00,5976.494,5981.968,5968.968,5972.777
2026-06-12 04:00:00,5972.786,5974.715,5949.685,5959.716
2026-06-12 05:00:00,5959.717,5974.424,5958.189,5967.499
2026-06-12 06:00:00,5967.51,5976.778,5965.044,5972.762
2026-06-12 07:00:00,5972.763,5986.557,5972.763,5986.557
2026-06-12 08:00:00,5986.565,6006.949,5986.565,5998.188
2026-06-12 09:00:00,5998.195,6015.082,5998.195,6005.511
2026-06-12 10:00:00,6005.52,6022.178,6005.52,6022.178
2026-06-12 11:00:00,6022.181,6026.035,5969.351,5975.11
2026-06-12 12:00:00,5975.114,5979.083,5969.496,5976.483
2026-06-12 13:00:00,5976.495,5991.672,5970.643,5991.672
2026-06-12 14:00:00,5991.674,6012.678,5991.674,6012.678
2026-06-12 15:00:00,6012.682,6016.805,5991.577,5998.863
2026-06-12 16:00:00,5998.867,6020.483,5998.867,6020.483
2026-06-12 17:00:00,6020.486,6028.19,6016.408,6028.19
2026-06-12 18:00:00,6028.192,6038.074,6022.19,6025.15
2026-06-12 19:00:00,6025.155,6034.497,6021.59,6034.497
2026-06-12 20:00:00,6034.503,6041.313,6019.854,6026.269
2026-06-12 21:00:00,6026.277,6028.475,5983.079,5983.243
2026-06-12 22:00:00,5983.247,6004.699,5983.247,6003.093
2026-06-12 23:00:00,6003.096,6011.994,5993.03,6011.994
2026-06-13 00:00:00,6011.996,6030.248,6011.996,6030.248
2026-06-13 01:00:00,6030.258,6038.041,6023.559,6038.041
2026-06-13 02:00:00,6038.042,6039.767,6009.576,6018.901
2026-06-13 03:00:00,6018.909,6021.618,5999.296,6000.497
2026-06-13 04:00:00,6000.506,6006.592,5973.543,5982.203
2026-06-13 05:00:00,5982.212,5998.475,5982.212,5986.281
2026-06-13 06:00:00,5986.284,5997.351,5982.917,5990.702
2026-06-13 07:00:00,5990.704,6001.527,5990.704,6001.527
2026-06-13 08:00:00,6001.532,6012.302,6001.532,6012.302
2026-06-13 09:00:00,6012.309,6019.333,6005.352,6013.306
2026-06-13 10:00:00,6013.311,6019.252,6000.9,6003.12
2026-06-13 11:00:00,6003.134,6013.084,6000.473,6013.084
2026-06-13 12:00:00,6013.104,6017.702,5974.324,5977.388
2026-06-13 13:00:00,5977.392,5979.238,5953.993,5963.206
2026-06-13 14:00:00,5963.219,5969.959,5942.645,5947.449
2026-06-13 15:00:00,5947.451,5951.036,5938.327,5945.227
2026-06-13 16:00:00,5945.231,5957.023,5930.324,5932.378
2026-06-13 17:00:00,5932.378,5933.398,5892.755,5904.778
2026-06-13 18:00:00,5904.791,5921.952,5904.791,5916.811
2026-06-13 19:00:00,5916.821,5933.226,5916.821,5924.636
2026-06-13 20:00:00,5924.649,5945.091,5924.649,5945.091
2026-06-13 21:00:00,5945.092,5954.559,5942.78,5948.965
2026-06-13 22:00:00,5948.977,5968.526,5948.977,5968.526
2026-06-13 23:00:00,5968.533,5973.784,5960.003,5966.401
2026-06-14 00:00:00,5966.409,5977.451,5955.874,5956.314
2026-06-14 01:00:00,5956.327,5970.829,5956.327,5967.287
2026-06-14 02:00:00,5967.288,5985.653,5967.288,5985.653
2026-06-14 03:00:00,5985.657,5989.113,5972.431,5989.113
2026-06-14 04:00:00,5989.12,6002.663,5986.235,5998.129
2026-06-14 05:00:00,5998.134,6007.03,5993.847,6001.405
2026-06-14 06:00:00,6001.422,6005.449,5987.326,5990.019
2026-06-14 07:00:00,5990.027,5993.399,5982.172,5989.105
2026-06-14 08:00:00,5989.11,6003.089,5987.933,6003.089
2026-06-14 09:00:00,6003.092,6006.619,5971.217,5971.384
2026-06-14 10:00:00,5971.387,5980.14,5966.023,5967.411
2026-06-14 11:00:00,5967.418,5974.407,5962.064,5966.196
2026-06-14 12:00:00,5966.198,5977.657,5965.71,5972.977
2026-06-14 13:00:00,5972.985,5990.754,5972.985,5978.632
2026-06-14 14:00:00,5978.645,5978.87,5938.782,5944.068
2026-06-14 15:00:00,5944.071,5946.373,5934.694,5942.136
2026-06-14 16:00:00,5942.143,5962.012,5942.143,5962.012
2026-06-14 17:00:00,5962.013,5977.877,5962.013,5971.6
2026-06-14 18:00:00,5971.607,5981.618,5967.182,5968.226
2026-06-14 19:00:00,5968.23,5985.75,5968.23,5971.489
2026-06-14 20:00:00,5971.496,5989.895,5968.717,5981.158
2026-06-14 21:00:00,5981.172,5990.952,5971.949,5972.41
2026-06-14 22:00:00,5972.413,5972.797,5937.707,5939.854
2026-06-14 23:00:00,5939.864,5959.582,5938.855,5959.582
2026-06-15 00:00:00,5959.591,5975.174,5959.591,5975.174
2026-06-15 01:00:00,5975.18,5977.547,5943.498,5948.583
2026-06-15 02:00:00,5948.597,5952.282,5928.948,5936.272
2026-06-15 03:00:00,5936.279,5939.712,5909.081,5910.205
2026-06-15 04:00:00,5910.206,5915.239,5887.762,5891.686
2026-06-15 05:00:00,5891.69,5908.743,5891.69,5901.833
2026-06-15 06:00:00,5901.844,5902.642,5882.468,5894.369
2026-06-15 07:00:00,5894.377,5901.74,5879.317,5886.106
2026-06-15 08:00:00,5886.114,5907.623,5886.114,5907.623
2026-06-15 09:00:00,5907.625,5911.669,5891.379,5892.667
2026-06-15 10:00:00,5892.671,5899.876,5881.18,5886.875
2026-06-15 11:00:00,5886.881,5902.08,5881.636,5902.08
2026-06-15 12:00:00,5902.085,5903.221,5879.607,5881.743
2026-06-15 13:00:00,5881.749,5889.787,5870.296,5889.787
2026-06-15 14:00:00,5889.788,5895.864,5882.923,5892.553
2026-06-15 15:00:00,5892.558,5903.674,5883.844,5903.674
2026-06-15 16:00:00,5903.685,5924.521,5903.685,5920.732
2026-06-15 17:00:00,5920.735,5926.031,5903.759,5906.627
2026-06-15 18:00:00,5906.63,5921.736,5906.63,5913.399
2026-06-15 19:00:00,5913.4,5918.366,5906.834,5911.632
2026-06-15 20:00:00,5911.639,5924.483,5911.26,5917.526
2026-06-15 21:00:00,5917.527,5930.09,5917.527,5930.09
2026-06-15 22:00:00,5930.101,5933.909,5924.833,5931.567
2026-06-15 23:00:00,5931.571,5943.179,5927.916,5943.179
2026-06-16 00:00:00,5943.186,5960.176,5943.186,5960.176
2026-06-16 01:00:00,5960.177,5964.874,5953.336,5964.874
2026-06-16 02:00:00,5964.883,5975.238,5962.53,5967.405
2026-06-16 03:00:00,5967.417,5980.071,5956.427,5960.786
2026-06-16 04:00:00,5960.795,5970.215,5957.044,5960.131
2026-06-16 05:00:00,5960.135,5968.197,5946.815,5951.4
2026-06-16 06:00:00,5951.405,5955.458,5935.064,5948.222
2026-06-16 07:00:00,5948.232,5949.897,5924.188,5934.325
2026-06-16 08:00:00,5934.329,5937.839,5922.449,5923.454
2026-06-16 09:00:00,5923.456,5936.993,5923.278,5936.993
2026-06-16 10:00:00,5936.993,5957.946,5936.993,5957.946
2026-06-16 11:00:00,5957.957,5964.301,5950.793,5958.825
2026-06-16 12:00:00,5958.832,5963.016,5948.108,5954.111
2026-06-16 13:00:00,5954.119,5961.796,5951.166,5961.796
2026-06-16 14:00:00,5961.805,5977.512,5961.805,5973.211
2026-06-16 15:00:00,5973.213,5973.822,5948.516,5955.891
2026-06-16 16:00:00,5955.901,5962.611,5950.532,5956.297
2026-06-16 17:00:00,5956.302,5968.18,5956.302,5968.18
2026-06-16 18:00:00,5968.182,5980.722,5968.182,5977.143
2026-06-16 19:00:00,5977.152,5978.823,5950.482,5960.15
2026-06-16 20:00:00,5960.153,5965.603,5932.222,5933.989
2026-06-16 21:00:00,5933.99,5946.685,5924.548,5926.378
2026-06-16 22:00:00,5926.381,5944.69,5926.381,5939.6
2026-06-16 23:00:00,5939.601,5946.977,5936.594,5943.605
2026-06-17 00:00:00,5943.608,5951.155,5939.805,5947.547
2026-06-17 01:00:00,5947.561,5961.792,5943.939,5961.792
2026-06-17 02:00:00,5961.793,5983.767,5961.793,5983.767
2026-06-17 03:00:00,5983.772,5995.846,5982.442,5995.846
2026-06-17 04:00:00,5995.852,6010.628,5990.89,6006.248
2026-06-17 05:00:00,6006.262,6014.617,6001.758,6013.865
2026-06-17 06:00:00,6013.869,6019.228,6008.938,6018.85
2026-06-17 07:00:00,6018.86,6021.734,6011.48,6017.27
2026-06-17 08:00:00,6017.277,6021.657,6012.884,6020.874
2026-06-17 09:00:00,6020.875,6024.895,6011.109,6024.895
2026-06-17 10:00:00,6024.908,6036.791,6020.853,6036.791
2026-06-17 11:00:00,6036.805,6049.965,6035.027,6049.965
2026-06-17 12:00:00,6049.97,6063.437,6046.183,6063.437
2026-06-17 13:00:00,6063.438,6068.9,6054.521,6057.138
2026-06-17 14:00:00,6057.143,6066.981,6052.077,6066.981
2026-06-17 15:00:00,6066.996,6077.942,6066.996,6073.107
2026-06-17 16:00:00,6073.114,6079.189,6068.804,6076.375
2026-06-17 17:00:00,6076.38,6085.651,6050.027,6054.135
2026-06-17 18:00:00,6054.142,6072.123,6054.142,6065.42
2026-06-17 19:00:00,6065.427,6066.917,6050.151,6063.831
2026-06-17 20:00:00,6063.832,6080.417,6063.832,6078.772
2026-06-17 21:00:00,6078.778,6085.741,6065.082,6078.918
2026-06-17 22:00:00,6078.919,6088.048,6074.64,6086.939
2026-06-17 23:00:00,6086.949,6106.635,6086.949,6106.635
2026-06-18 00:00:00,6106.64,6114.762,6098.885,6114.762
2026-06-18 01:00:00,6114.764,6127.295,6113.779,6118.178
2026-06-18 02:00:00,6118.183,6127.728,6114.456,6126.261
2026-06-18 03:00:00,6126.266,6130.383,6105.105,6118.529
2026-06-18 04:00:00,6118.53,6130.86,6118.53,6130.402
2026-06-18 05:00:00,6130.421,6152.691,6130.421,6152.691
2026-06-18 06:00:00,6152.691,6161.457,6149.706,6151.829
2026-06-18 07:00:00,6151.83,6173.693,6151.83,6173.693
2026-06-18 08:00:00,6173.698,6176.678,6150.981,6152.667
2026-06-18 09:00:00,6152.675,6165.934,6151.939,6156.018
2026-06-18 10:00:00,6156.019,6167.788,6154.829,6164.299
2026-06-18 11:00:00,6164.307,6166.699,6140.458,6145.894
2026-06-18 12:00:00,6145.9,6148.574,6137.553,6138.376
2026-06-18 13:00:00,6138.389,6150.204,6138.389,6147.299
2026-06-18 14:00:00,6147.301,6161.004,6147.301,6158.711
2026-06-18 15:00:00,6158.714,6174.174,6153.462,6154.635
2026-06-18 16:00:00,6154.642,6162.427,6151.235,6162.427
2026-06-18 17:00:00,6162.428,6164.647,6141.643,6148.935
2026-06-18 18:00:00,6148.948,6155.5,6140.619,6143.373
2026-06-18 19:00:00,6143.376,6151.525,6126.567,6131.824
2026-06-18 20:00:00,6131.829,6153.755,6131.829,6144.519
2026-06-18 21:00:00,6144.523,6152.884,6136.351,6137.932
2026-06-18 22:00:00,6137.939,6148.483,6137.939,6143.736
2026-06-18 23:00:00,6143.738,6160.656,6139.483,6160.656
2026-06-19 00:00:00,6160.668,6178.489,6160.668,6177.851
2026-06-19 01:00:00,6177.852,6198.452,6177.852,6195.635
2026-06-19 02:00:00,6195.64,6200.035,6171.352,6180.702
2026-06-19 03:00:00,6180.703,6202.867,6180.703,6202.867
2026-06-19 04:00:00,6202.871,6210.038,6195.94,6205.422
2026-06-19 05:00:00,6205.427,6212.827,6203.958,6208.439
2026-06-19 06:00:00,6208.444,6221.369,6202.042,6205.109
2026-06-19 07:00:00,6205.114,6214.963,6203.694,6210.582
2026-06-19 08:00:00,6210.604,6218.465,6189.445,6190.379
2026-06-19 09:00:00,6190.379,6203.875,6185.246,6194.155
2026-06-19 10:00:00,6194.158,6195.221,6182.468,6189.528
2026-06-19 11:00:00,6189.535,6197.708,6189.535,6197.708
2026-06-19 12:00:00,6197.728,6199.267,6172.53,6172.705
2026-06-19 13:00:00,6172.705,6187.887,6172.705,6183.279
2026-06-19 14:00:00,6183.282,6205.112,6183.282,6195.818
2026-06-19 15:00:00,6195.833,6197.96,6179.218,6189.653
2026-06-19 16:00:00,6189.657,6189.764,6169.681,6184.984
2026-06-19 17:00:00,6184.991,6196.302,6174.486,6177.41
2026-06-19 18:00:00,6177.426,6180.949,6132.803,6141.206
2026-06-19 19:00:00,6141.207,6143.827,6128.088,6132.143
2026-06-19 20:00:00,6132.15,6132.739,6113.137,6122.942
2026-06-19 21:00:00,6122.948,6135.919,6109.969,6112.072
2026-06-19 22:00:00,6112.076,6116.596,6104.326,6114.434
2026-06-19 23:00:00,6114.438,6126.042,6112.688,6126.042
2026-06-20 00:00:00,6126.053,6129.937,6113.826,6118.495
2026-06-20 01:00:00,6118.505,6134.483,6118.505,6131.419
2026-06-20 02:00:00,6131.429,6140.639,6108.673,6111.044
2026-06-20 03:00:00,6111.047,6117.531,6106.694,6109.663
2026-06-20 04:00:00,6109.676,6112.41,6103.325,6108.247
2026-06-20 05:00:00,6108.249,6111.128,6090.479,6090.842
2026-06-20 06:00:00,6090.849,6112.831,6090.849,6112.831
2026-06-20 07:00:00,6112.838,6126.898,6096.451,6097.406
2026-06-20 08:00:00,6097.407,6104.744,6073.045,6077.327
2026-06-20 09:00:00,6077.336,6078.559,6062.259,6066.295
2026-06-20 10:00:00,6066.304,6076.905,6064.182,6076.905
2026-06-20 11:00:00,6076.907,6087.772,6076.458,6084.344
2026-06-20 12:00:00,6084.356,6087.456,6053.074,6061.939
2026-06-20 13:00:00,6061.942,6065.041,6052.319,6056.943
2026-06-20 14:00:00,6056.947,6068.048,6056.652,6068.048
2026-06-20 15:00:00,6068.05,6081.896,6068.05,6081.145
2026-06-20 16:00:00,6081.157,6085.739,6070.647,6085.739
2026-06-20 17:00:00,6085.746,6092.803,6071.714,6075.834
2026-06-20 18:00:00,6075.841,6083.264,6070.807,6072.373
2026-06-20 19:00:00,6072.386,6081.982,6066.797,6081.982
2026-06-20 20:00:00,6081.986,6091.447,6079.592,6086.193
2026-06-20 21:00:00,6086.198,6090.361,6073.76,6082.796
2026-06-20 22:00:00,6082.808,6104.608,6082.808,6098.885
2026-06-20 23:00:00,6098.886,6121.149,6098.886,6121.149
2026-06-21 00:00:00,6121.154,6129.891,6118.085,6126.462
2026-06-21 01:00:00,6126.471,6138.953,6126.471,6137.462
2026-06-21 02:00:00,6137.477,6155.893,6137.477,6139.696
2026-06-21 03:00:00,6139.709,6148.671,6135.691,6139.33
2026-06-21 04:00:00,6139.334,6142.557,6128.391,6134.395
2026-06-21 05:00:00,6134.405,6136.294,6103.218,6105.99
2026-06-21 06:00:00,6105.991,6114.767,6105.198,6106.601
2026-06-21 07:00:00,6106.612,6128.566,6106.612,6127.87
2026-06-21 08:00:00,6127.872,6140.666,6127.011,6134.613
2026-06-21 09:00:00,6134.613,6140.692,6122.213,6124.301
2026-06-21 10:00:00,6124.305,6129.117,6095.696,6097.121
2026-06-21 11:00:00,6097.128,6115.057,6097.128,6111.224
2026-06-21 12:00:00,6111.228,6125.924,6111.228,6118.423
2026-06-21 13:00:00,6118.425,6137.322,6118.425,6137.322
2026-06-21 14:00:00,6137.323,6149.616,6137.323,6149.438
2026-06-21 15:00:00,6149.444,6151.598,6097.818,6099.348
2026-06-21 16:00:00,6099.36,6109.873,6097.54,6106.439
2026-06-21 17:00:00,6106.445,6109.362,6091.8,6097.951
2026-06-21 18:00:00,6097.969,6112.163,6097.969,6112.163
2026-06-21 19:00:00,6112.164,6118.992,6104.449,6118.992
2026-06-21 20:00:00,6118.994,6134.22,6118.994,6125.447
2026-06-21 21:00:00,6125.453,6137.832,6125.453,6137.832
2026-06-21 22:00:00,6137.837,6149.916,6134.302,6149.916
2026-06-21 23:00:00,6149.916,6156.833,6144.315,6156.833
2026-06-22 00:00:00,6156.835,6164.067,6153.08,6164.067
2026-06-22 01:00:00,6164.068,6165.499,6140.816,6149.284
2026-06-22 02:00:00,6149.297,6171.523,6149.297,6171.523
2026-06-22 03:00:00,6171.524,6189.544,6171.524,6189.544
2026-06-22 04:00:00,6189.559,6194.365,6176.367,6188.823
2026-06-22 05:00:00,6188.83,6196.216,6182.211,6193.409
2026-06-22 06:00:00,6193.417,6193.703,6155.765,6161.758
2026-06-22 07:00:00,6161.763,6172.406,6155.025,6169.602
2026-06-22 08:00:00,6169.61,6181.989,6166.516,6180.589
2026-06-22 09:00:00,6180.593,6185.799,6157.184,6159.863
2026-06-22 10:00:00,6159.868,6166.927,6141.539,6144.713
2026-06-22 11:00:00,6144.719,6153.629,6137.926,6153.629
2026-06-22 12:00:00,6153.638,6156.261,6139.98,6143.011
2026-06-22 13:00:00,6143.021,6165.27,6143.021,6165.27
2026-06-22 14:00:00,6165.286,6175.023,6157.22,6159.633
2026-06-22 15:00:00,6159.642,6163.5,6144.698,6151.247
2026-06-22 16:00:00,6151.258,6152.826,6122.076,6137.628
2026-06-22 17:00:00,6137.637,6139.73,6120.748,6137.163
2026-06-22 18:00:00,6137.168,6147.867,6137.168,6144.208
2026-06-22 19:00:00,6144.209,6166.039,6144.209,6166.039
2026-06-22 20:00:00,6166.04,6169.563,6142.796,6148.022
2026-06-22 21:00:00,6148.035,6157.184,6137.731,6157.184
2026-06-22 22:00:00,6157.186,6163.127,6134.197,6145.179
2026-06-22 23:00:00,6145.18,6151.862,6118.114,6121.122
2026-06-23 00:00:00,6121.126,6129.173,6113.787,6124.487
2026-06-23 01:00:00,6124.498,6139.928,6124.498,6135.69
2026-06-23 02:00:00,6135.694,6143.661,6090.298,6094.523
2026-06-23 03:00:00,6094.526,6105.122,6094.526,6101.16
2026-06-23 04:00:00,6101.162,6107.76,6079.078,6079.143
2026-06-23 05:00:00,6079.155,6089.966,6048.646,6050.005
2026-06-23 06:00:00,6050.011,6059.548,6041.846,6046.808
2026-06-23 07:00:00,6046.81,6067.906,6046.81,6067.516
2026-06-23 08:00:00,6067.522,6068.655,6034.807,6042.959
2026-06-23 09:00:00,6042.967,6051.145,6036.346,6042.5
2026-06-23 10:00:00,6042.5,6049.224,6039.181,6049.224
2026-06-23 11:00:00,6049.233,6069.001,6049.233,6069.001
2026-06-23 12:00:00,6069.013,6083.83,6066.746,6074.114
2026-06-23 13:00:00,6074.117,6083.764,6065.665,6082.162
2026-06-23 14:00:00,6082.163,6091.333,6070.131,6071.486
2026-06-23 15:00:00,6071.488,6077.829,6063.707,6077.829
2026-06-23 16:00:00,6077.836,6087.159,6075.207,6077.027
2026-06-23 17:00:00,6077.03,6077.408,6045.329,6051.44
2026-06-23 18:00:00,6051.453,6054.236,6037.412,6044.247
2026-06-23 19:00:00,6044.249,6052.527,6040.116,6044.193
2026-06-23 20:00:00,6044.202,6044.438,6000.785,6002.903
2026-06-23 21:00:00,6002.904,6016.13,6002.904,6014.126
2026-06-23 22:00:00,6014.141,6023.09,5994.687,5999.964
2026-06-23 23:00:00,5999.966,6019.757,5999.966,6014.053
2026-06-24 00:00:00,6014.06,6016.805,6006.756,6011.088
2026-06-24 01:00:00,6011.092,6022.56,6011.092,6016.098
2026-06-24 02:00:00,6016.108,6028.021,6005.124,6011.763
2026-06-24 03:00:00,6011.766,6017.256,6003.47,6017.194
2026-06-24 04:00:00,6017.198,6029.651,6017.198,6029.651
2026-06-24 05:00:00,6029.652,6034.505,6016.266,6020.552
2026-06-24 06:00:00,6020.556,6029.071,6010.84,6011.188
2026-06-24 07:00:00,6011.193,6017.508,6006.674,6008.969
2026-06-24 08:00:00,6008.972,6010.711,5995.663,6007.156
2026-06-24 09:00:00,6007.157,6028.636,6007.157,6028.636
2026-06-24 10:00:00,6028.64,6030.178,6007.075,6011.468
2026-06-24 11:00:00,6011.471,6033.367,6011.471,6033.367
2026-06-24 12:00:00,6033.369,6044.947,6025.236,6029.077
2026-06-24 13:00:00,6029.086,6050.671,6029.086,6050.671
2026-06-24 14:00:00,6050.679,6060.381,6014.584,6017.466
2026-06-24 15:00:00,6017.47,6023.445,6009.88,6015.836
2026-06-24 16:00:00,6015.842,6033.744,6015.842,6032.092
2026-06-24 17:00:00,6032.1,6035.165,6018.141,6019.265
2026-06-24 18:00:00,6019.278,6040.343,6019.278,6030.689
2026-06-24 19:00:00,6030.694,6044.835,6030.694,6044.835
2026-06-24 20:00:00,6044.846,6059.836,6041.98,6059.836
2026-06-24 21:00:00,6059.847,6070.489,6059.847,6070.489
2026-06-24 22:00:00,6070.49,6092.602,6070.49,6092.602
2026-06-24 23:00:00,6092.609,6095.658,6073.951,6081.851
2026-06-25 00:00:00,6081.851,6086.984,6072.539,6083.269
2026-06-25 01:00:00,6083.274,6103.788,6083.274,6103.788
2026-06-25 02:00:00,6103.793,6117.546,6103.793,6111.275
2026-06-25 03:00:00,6111.283,6127.884,6111.283,6114.716
2026-06-25 04:00:00,6114.717,6116.987,6079.973,6088.932
2026-06-25 05:00:00,6088.944,6099.168,6086.431,6096.015
2026-06-25 06:00:00,6096.029,6098.878,6063.747,6064.218
2026-06-25 07:00:00,6064.221,6081.432,6063.185,6081.432
2026-06-25 08:00:00,6081.433,6092.508,6065.968,6066.823
2026-06-25 09:00:00,6066.831,6072.25,6039.642,6040.85
2026-06-25 10:00:00,6040.855,6044.724,6030.164,6033.915
2026-06-25 11:00:00,6033.919,6045.419,6027.881,6034.676
2026-06-25 12:00:00,6034.682,6040.599,6020.968,6027.8
2026-06-25 13:00:00,6027.804,6031.764,6003.247,6004.98
2026-06-25 14:00:00,6004.989,6021.059,6004.989,6011.177
2026-06-25 15:00:00,6011.178,6014.253,5998.113,6003.148
2026-06-25 16:00:00,6003.158,6018.118,6003.158,6009.368
2026-06-25 17:00:00,6009.378,6027.574,6009.378,6027.574
2026-06-25 18:00:00,6027.575,6047.023,6027.575,6030.713
2026-06-25 19:00:00,6030.731,6039.025,5999.395,6006.873
2026-06-25 20:00:00,6006.876,6018.622,5998.024,6000.8
2026-06-25 21:00:00,6000.814,6015.335,6000.814,6013.032
2026-06-25 22:00:00,6013.037,6013.148,5975.12,5983.011
2026-06-25 23:00:00,5983.011,5992.232,5966.48,5970.347
2026-06-26 00:00:00,5970.36,5979.714,5969.491,5975.466
2026-06-26 01:00:00,5975.471,5986.713,5975.471,5986.69
2026-06-26 02:00:00,5986.7,5991.722,5974.018,5978.829
2026-06-26 03:00:00,5978.835,5992.275,5978.835,5992.275
2026-06-26 04:00:00,5992.278,6005.261,5989.701,6005.261
2026-06-26 05:00:00,6005.269,6014.633,5992.038,5998.114
2026-06-26 06:00:00,5998.12,6000.673,5987.861,5995.957
2026-06-26 07:00:00,5995.961,5998.031,5973.188,5975.396
2026-06-26 08:00:00,5975.397,5988.946,5971.344,5988.946
2026-06-26 09:00:00,5988.947,6005.651,5988.947,6005.651
2026-06-26 10:00:00,6005.661,6008.219,5986.011,5996.945
2026-06-26 11:00:00,5996.959,6003.454,5969.234,5972.513
2026-06-26 12:00:00,5972.514,5975.792,5962.654,5970.953
2026-06-26 13:00:00,5970.963,5984.365,5970.963,5975.346
2026-06-26 14:00:00,5975.35,5992.262,5975.35,5992.262
2026-06-26 15:00:00,5992.265,6008.143,5992.265,6008.143
2026-06-26 16:00:00,6008.149,6017.161,6000.895,6017.161
2026-06-26 17:00:00,6017.169,6026.459,6000.884,6001.82
2026-06-26 18:00:00,6001.82,6014.184,6000.852,6014.184
2026-06-26 19:00:00,6014.2,6024.445,6001.886,6006.431
2026-06-26 20:00:00,6006.435,6011.535,5995.237,5999.121
2026-06-26 21:00:00,5999.131,6002.076,5971.138,5975.853
2026-06-26 22:00:00,5975.853,5987.208,5971.29,5976.417
2026-06-26 23:00:00,5976.417,5986.922,5974.958,5986.922
2026-06-27 00:00:00,5986.926,5990.98,5978.384,5984.846
2026-06-27 01:00:00,5984.863,6001.006,5984.863,5995.928
2026-06-27 02:00:00,5995.939,6000.515,5974.079,5975.498
2026-06-27 03:00:00,5975.506,5981.108,5951.915,5956.798
2026-06-27 04:00:00,5956.799,5965.617,5954.564,5964.599
2026-06-27 05:00:00,5964.599,5971.261,5958.834,5967.944
2026-06-27 06:00:00,5967.944,5968.889,5952.051,5961.64
2026-06-27 07:00:00,5961.645,5962.324,5948.912,5954.611
2026-06-27 08:00:00,5954.618,5967.057,5948.682,5967.057
2026-06-27 09:00:00,5967.062,5977.182,5965.375,5977.182
2026-06-27 10:00:00,5977.192,5997.729,5977.192,5997.729
2026-06-27 11:00:00,5997.742,6013.792,5997.742,6012.419
2026-06-27 12:00:00,6012.424,6023.207,6000.689,6008.107
2026-06-27 13:00:00,6008.119,6012.798,5995.878,6000.025
2026-06-27 14:00:00,6000.027,6010.326,5988.25,5989.848
2026-06-27 15:00:00,5989.856,6009.654,5989.856,6009.654
2026-06-27 16:00:00,6009.665,6020.798,6009.665,6014.715
2026-06-27 17:00:00,6014.726,6027.007,6014.726,6023.505
2026-06-27 18:00:00,6023.506,6029.738,6003.883,6004.433
2026-06-27 19:00:00,6004.437,6008.897,5987.854,5990.571
2026-06-27 20:00:00,5990.584,6003.028,5981.651,5985.533
2026-06-27 21:00:00,5985.539,5995.998,5976.417,5978.787
2026-06-27 22:00:00,5978.796,5992.192,5966.998,5967.032
2026-06-27 23:00:00,5967.04,5971.126,5950.983,5962.309
2026-06-28 00:00:00,5962.312,5965.118,5927.414,5934.492
2026-06-28 01:00:00,5934.498,5939.562,5928.808,5934.361
2026-06-28 02:00:00,5934.365,5954.936,5934.365,5954.936
2026-06-28 03:00:00,5954.946,5958.014,5940.622,5943.173
2026-06-28 04:00:00,5943.184,5944.14,5920.816,5925.763
2026-06-28 05:00:00,5925.767,5942.956,5924.984,5933.898
2026-06-28 06:00:00,5933.901,5936.326,5914.091,5923.23
2026-06-28 07:00:00,5923.231,5935.264,5913.916,5919.842
2026-06-28 08:00:00,5919.844,5936.317,5918.159,5919.927
2026-06-28 09:00:00,5919.941,5939.104,5919.941,5926.963
2026-06-28 10:00:00,5926.973,5933.688,5916.66,5919.266
2026-06-28 11:00:00,5919.268,5919.892,5883.314,5893.28
2026-06-28 12:00:00,5893.287,5900.709,5890.175,5891.591
2026-06-28 13:00:00,5891.593,5893.312,5877.064,5886.306
2026-06-28 14:00:00,5886.31,5900.627,5886.31,5895.46
2026-06-28 15:00:00,5895.473,5896.444,5858.576,5860.974
2026-06-28 16:00:00,5860.982,5863.412,5846.855,5853.624
2026-06-28 17:00:00,5853.633,5873.16,5853.633,5873.16
2026-06-28 18:00:00,5873.167,5879.085,5845.517,5854.662
2026-06-28 19:00:00,5854.668,5872.172,5854.668,5872.172
2026-06-28 20:00:00,5872.173,5877.845,5864.773,5877.845
2026-06-28 21:00:00,5877.852,5884.75,5867.587,5868.002
2026-06-28 22:00:00,5868.01,5871.133,5858.779,5866.71
2026-06-28 23:00:00,5866.723,5885.403,5866.723,5876.767
2026-06-29 00:00:00,5876.77,5898.135,5876.77,5898.135
2026-06-29 01:00:00,5898.141,5911.809,5898.141,5907.07
2026-06-29 02:00:00,5907.074,5913.267,5894.68,5898.569
2026-06-29 03:00:00,5898.572,5901.786,5886.492,5896.11
2026-06-29 04:00:00,5896.111,5907.193,5887.612,5889.311
2026-06-29 05:00:00,5889.316,5906.521,5889.316,5906.521
2026-06-29 06:00:00,5906.524,5919.665,5906.524,5918.838
2026-06-29 07:00:00,5918.84,5921.851,5912.421,5920.945
2026-06-29 08:00:00,5920.956,5924.176,5904.382,5917.058
2026-06-29 09:00:00,5917.067,5931.952,5912.677,5929.775
2026-06-29 10:00:00,5929.777,5950.978,5929.777,5943.974
2026-06-29 11:00:00,5943.974,5948.077,5917.039,5925.397
2026-06-29 12:00:00,5925.403,5946.686,5925.403,5946.686
2026-06-29 13:00:00,5946.687,5957.315,5945.243,5950.5
2026-06-29 14:00:00,5950.504,5957.005,5912.792,5919.548
2026-06-29 15:00:00,5919.551,5929.287,5916.076,5922.72
2026-06-29 16:00:00,5922.722,5931.847,5915.303,5931.847
2026-06-29 17:00:00,5931.853,5939.601,5905.657,5911.092
2026-06-29 18:00:00,5911.093,5913.622,5898.497,5912.436
2026-06-29 19:00:00,5912.45,5927.113,5912.45,5925.316
2026-06-29 20:00:00,5925.324,5929.676,5912.579,5927.031
2026-06-29 21:00:00,5927.041,5941.347,5927.041,5938.234
2026-06-29 22:00:00,5938.239,5951.833,5938.239,5951.833
2026-06-29 23:00:00,5951.839,5960.521,5947.385,5954.175
2026-06-30 00:00:00,5954.183,5958.501,5942.187,5948.907
2026-06-30 01:00:00,5948.909,5962.573,5948.276,5952.876
2026-06-30 02:00:00,5952.881,5973.298,5952.881,5969.972
2026-06-30 03:00:00,5969.976,5970.551,5946.883,5949.812
2026-06-30 04:00:00,5949.813,5965.177,5949.813,5957.543
2026-06-30 05:00:00,5957.557,5967.921,5951.484,5966.87
2026-06-30 06:00:00,5966.876,5986.267,5966.876,5986.267
2026-06-30 07:00:00,5986.272,5987.17,5961.043,5979.934
2026-06-30 08:00:00,5979.949,5991.747,5977.192,5991.747
2026-06-30 09:00:00,5991.755,5995.109,5943.052,5951.868
2026-06-30 10:00:00,5951.876,5958.298,5945.629,5958.298
2026-06-30 11:00:00,5958.301,5961.882,5949.809,5956.844
2026-06-30 12:00:00,5956.845,5971.707,5956.845,5971.707
2026-06-30 13:00:00,5971.719,5990.14,5971.719,5990.14
2026-06-30 14:00:00,5990.145,6005.186,5986.947,6000.18
2026-06-30 15:00:00,6000.186,6003.253,5947.786,5951.556
2026-06-30 16:00:00,5951.562,5963.746,5942.285,5950.558
2026-06-30 17:00:00,5950.566,5956.337,5943.081,5948.326
2026-06-30 18:00:00,5948.327,5951.412,5937.682,5947.734
2026-06-30 19:00:00,5947.739,5948.273,5932.113,5932.809
2026-06-30 20:00:00,5932.82,5951.888,5932.82,5951.888
2026-06-30 21:00:00,5951.89,5966.239,5951.89,5966.239
2026-06-30 22:00:00,5966.246,5985.329,5966.246,5985.329
2026-06-30 23:00:00,5985.331,5995.468,5985.331,5990.952
2026-07-01 00:00:00,5990.954,6001.826,5983.938,5984.937
2026-07-01 01:00:00,5984.951,5996.934,5984.451,5996.07
2026-07-01 02:00:00,5996.077,6004.874,5992.141,6004.479
2026-07-01 03:00:00,6004.483,6012.687,5999.582,6012.687
2026-07-01 04:00:00,6012.689,6027.932,6012.689,6027.932
2026-07-01 05:00:00,6027.94,6029.422,5998.493,6005.343
2026-07-01 06:00:00,6005.352,6024.699,6005.352,6024.699
2026-07-01 07:00:00,6024.702,6029.49,6011.496,6020.626
2026-07-01 08:00:00,6020.626,6028.608,6013.703,6028.608
2026-07-01 09:00:00,6028.624,6049.578,6027.809,6049.578
2026-07-01 10:00:00,6049.582,6062.403,6048.971,6052.143
2026-07-01 11:00:00,6052.149,6053.018,6030.335,6036.3
2026-07-01 12:00:00,6036.314,6040.815,6029.23,6036.397
2026-07-01 13:00:00,6036.405,6051.627,6036.405,6045.602
2026-07-01 14:00:00,6045.605,6049.24,6040.199,6042.231
2026-07-01 15:00:00,6042.238,6051.263,6040.447,6043.659
2026-07-01 16:00:00,6043.666,6046.92,6033.652,6046.537
2026-07-01 17:00:00,6046.541,6059.068,6018.984,6020.2
2026-07-01 18:00:00,6020.203,6035.408,6020.203,6035.408
2026-07-01 19:00:00,6035.417,6044.489,6030.493,6033.216
2026-07-01 20:00:00,6033.221,6038.218,6020.902,6031.403
2026-07-01 21:00:00,6031.407,6047.824,6031.407,6033.252
2026-07-01 22:00:00,6033.253,6034.612,6016.572,6016.883
2026-07-01 23:00:00,6016.886,6021.872,6001.836,6005.529
2026-07-02 00:00:00,6005.537,6019.432,6005.537,6019.432
2026-07-02 01:00:00,6019.433,6032.689,6019.433,6028.625
2026-07-02 02:00:00,6028.637,6033.894,6026.248,6030.469
2026-07-02 03:00:00,6030.474,6040.675,6026.248,6031.538
2026-07-02 04:00:00,6031.54,6039.543,6026.682,6028.951
2026-07-02 05:00:00,6028.957,6043.438,6028.229,6042.37
2026-07-02 06:00:00,6042.382,6050.126,6037.225,6042.845
2026-07-02 07:00:00,6042.86,6064.297,6042.86,6064.297
2026-07-02 08:00:00,6064.307,6077.855,6064.307,6073.501
2026-07-02 09:00:00,6073.505,6078.17,6066.807,6073.811
2026-07-02 10:00:00,6073.811,6085.508,6072.691,6076.13
2026-07-02 11:00:00,6076.131,6077.227,6052.191,6052.319
2026-07-02 12:00:00,6052.319,6071.611,6052.319,6065.801
2026-07-02 13:00:00,6065.806,6072.951,6054.933,6064.326
2026-07-02 14:00:00,6064.327,6065.06,6017.17,6018.474
2026-07-02 15:00:00,6018.476,6027.203,6018.476,6027.203
2026-07-02 16:00:00,6027.206,6036.349,6023.747,6031.757
2026-07-02 17:00:00,6031.767,6037.607,6025.023,6036.757
2026-07-02 18:00:00,6036.764,6040.527,6027.062,6040.527
2026-07-02 19:00:00,6040.536,6041.706,6014.63,6021.633
2026-07-02 20:00:00,6021.634,6034.205,6021.369,6024.534
2026-07-02 21:00:00,6024.545,6035.513,6020.716,6027.088
2026-07-02 22:00:00,6027.094,6035.614,6019.283,6026.387
2026-07-02 23:00:00,6026.388,6034.301,6017.827,6020.831
2026-07-03 00:00:00,6020.843,6025.337,6007.004,6010.718
2026-07-03 01:00:00,6010.727,6018.984,5999.173,6000.885
2026-07-03 02:00:00,6000.885,6011.513,5991.734,5995.143
2026-07-03 03:00:00,5995.147,5999.539,5984.459,5998.46
2026-07-03 04:00:00,5998.461,6001.54,5989.344,6000.301
2026-07-03 05:00:00,6000.302,6010.875,6000.302,6010.875
2026-07-03 06:00:00,6010.884,6012.171,5987.622,6001.065
2026-07-03 07:00:00,6001.066,6017.213,6001.066,6006.858
2026-07-03 08:00:00,6006.864,6015.002,5994.784,5996.591
2026-07-03 09:00:00,5996.594,6001.649,5983.2,6000.767
2026-07-03 10:00:00,6000.779,6012.399,5994.545,5998.304
2026-07-03 11:00:00,5998.307,6008.29,5998.307,6008.29
2026-07-03 12:00:00,6008.293,6017.159,5992.572,5993.157
2026-07-03 13:00:00,5993.161,6005.616,5993.161,6005.616
2026-07-03 14:00:00,6005.629,6012.415,5963.455,5964.183
2026-07-03 15:00:00,5964.186,5985.602,5964.186,5978.482
2026-07-03 16:00:00,5978.494,5984.032,5963.138,5963.31
2026-07-03 17:00:00,5963.317,5979.705,5959.883,5979.705
2026-07-03 18:00:00,5979.713,5985.977,5935.388,5937.495
2026-07-03 19:00:00,5937.5,5938.716,5924.367,5930.274
2026-07-03 20:00:00,5930.275,5938.07,5918.215,5919.793
2026-07-03 21:00:00,5919.8,5925.95,5918.967,5922.715
2026-07-03 22:00:00,5922.719,5930.935,5915.664,5928.584
2026-07-03 23:00:00,5928.59,5929.905,5914.918,5915.956
2026-07-04 00:00:00,5915.969,5925.984,5915.969,5923.935
2026-07-04 01:00:00,5923.942,5928.995,5880.57,5883.812
2026-07-04 02:00:00,5883.825,5895.512,5883.825,5893.116
2026-07-04 03:00:00,5893.127,5893.891,5876.753,5891.885
2026-07-04 04:00:00,5891.885,5895.611,5876.502,5884.213
2026-07-04 05:00:00,5884.219,5887.926,5873.989,5881.758
2026-07-04 06:00:00,5881.766,5898.111,5881.766,5897.008
2026-07-04 07:00:00,5897.021,5901.634,5888.927,5893.107
2026-07-04 08:00:00,5893.112,5911.53,5893.112,5911.53
2026-07-04 09:00:00,5911.537,5920.889,5893.313,5904.021
2026-07-04 10:00:00,5904.023,5911.422,5894.708,5911.422
2026-07-04 11:00:00,5911.424,5929.273,5911.424,5918.597
2026-07-04 12:00:00,5918.599,5936.361,5918.599,5936.361
2026-07-04 13:00:00,5936.364,5957.816,5936.364,5957.816
2026-07-04 14:00:00,5957.818,5958.604,5944.152,5955.943
2026-07-04 15:00:00,5955.947,5966.515,5949.15,5950.154
2026-07-04 16:00:00,5950.161,5957.369,5947.661,5956.551
2026-07-04 17:00:00,5956.559,5972.228,5956.559,5970.779
2026-07-04 18:00:00,5970.782,5975.041,5923.259,5924.777
2026-07-04 19:00:00,5924.787,5932.358,5918.405,5932.358
2026-07-04 20:00:00,5932.37,5953.518,5932.37,5953.518
2026-07-04 21:00:00,5953.522,5958.1,5927.002,5933.232
2026-07-04 22:00:00,5933.236,5954.555,5933.236,5950.809
2026-07-04 23:00:00,5950.813,5967.311,5950.813,5967.311
2026-07-05 00:00:00,5967.317,5980.324,5967.317,5972.854
2026-07-05 01:00:00,5972.874,5979.287,5966.647,5970.996
2026-07-05 02:00:00,5970.997,5983.499,5965.429,5983.499
2026-07-05 03:00:00,5983.515,5983.819,5956.638,5960.344
2026-07-05 04:00:00,5960.348,5970.014,5956.769,5962.212
2026-07-05 05:00:00,5962.22,5977.051,5962.118,5963.189
2026-07-05 06:00:00,5963.191,5969.429,5951.904,5952.713
2026-07-05 07:00:00,5952.714,5963.457,5949.118,5963.457
2026-07-05 08:00:00,5963.458,5978.627,5963.458,5978.627
2026-07-05 09:00:00,5978.63,5987.797,5970.723,5971.243
2026-07-05 10:00:00,5971.251,5981.656,5966.885,5968.999
2026-07-05 11:00:00,5969.009,5971.109,5943.361,5944.803
2026-07-05 12:00:00,5944.808,5961.738,5944.808,5961.738
2026-07-05 13:00:00,5961.741,5977.609,5957.315,5961.468
2026-07-05 14:00:00,5961.47,5967.561,5954.003,5957.27
2026-07-05 15:00:00,5957.276,5972.261,5954.821,5957.13
2026-07-05 16:00:00,5957.139,5966.813,5942.988,5943.499
2026-07-05 17:00:00,5943.502,5964.935,5943.502,5964.935
2026-07-05 18:00:00,5964.939,5986.355,5964.939,5986.355
2026-07-05 19:00:00,5986.362,5988.405,5960.067,5967.168
2026-07-05 20:00:00,5967.184,5982.797,5965.101,5976.959
2026-07-05 21:00:00,5976.966,5980.615,5957.978,5962.507
2026-07-05 22:00:00,5962.509,5966.259,5944.805,5945.919
2026-07-05 23:00:00,5945.927,5957.996,5943.604,5957.996
2026-07-06 00:00:00,5958.005,5969.791,5952.728,5967.855
2026-07-06 01:00:00,5967.868,5975.088,5960.639,5965.844
2026-07-06 02:00:00,5965.848,5968.258,5946.517,5950.954
2026-07-06 03:00:00,5950.961,5965.347,5945.182,5965.347
2026-07-06 04:00:00,5965.35,5974.061,5958.95,5964.721
2026-07-06 05:00:00,5964.727,5965.091,5939.373,5946.555
2026-07-06 06:00:00,5946.561,5947.562,5923.688,5930.997
2026-07-06 07:00:00,5930.999,5935.818,5924.526,5934.282
2026-07-06 08:00:00,5934.291,5955.452,5934.291,5955.452
2026-07-06 09:00:00,5955.457,5974.157,5955.457,5974.157
2026-07-06 10:00:00,5974.167,5990.147,5974.167,5978.327
2026-07-06 11:00:00,5978.329,5999.779,5978.329,5999.779
2026-07-06 12:00:00,5999.785,6014.905,5990.01,5992.934
2026-07-06 13:00:00,5992.939,6006.14,5991.739,6006.14
2026-07-06 14:00:00,6006.149,6019.495,6006.149,6015.915
2026-07-06 15:00:00,6015.916,6023.346,6013.255,6022.342
2026-07-06 16:00:00,6022.345,6031.505,6018.018,6025.251
2026-07-06 17:00:00,6025.253,6039.555,6019.589,6039.555
2026-07-06 18:00:00,6039.56,6041.402,6020.688,6030.204
2026-07-06 19:00:00,6030.213,6037.573,6012.55,6019.034
2026-07-06 20:00:00,6019.041,6029.999,6010.636,6011.671
2026-07-06 21:00:00,6011.679,6024.096,6007.275,6024.096
2026-07-06 22:00:00,6024.098,6027.647,6005.019,6006.967
2026-07-06 23:00:00,6006.973,6018.653,6001.404,6018.653
2026-07-07 00:00:00,6018.665,6025.697,6009.321,6010.259
2026-07-07 01:00:00,6010.261,6019.06,6009.957,6013.769
2026-07-07 02:00:00,6013.776,6015.26,6004.762,6015.038
2026-07-07 03:00:00,6015.043,6022.721,6009.804,6022.721
2026-07-07 04:00:00,6022.725,6027.497,6008.323,6016.952
2026-07-07 05:00:00,6016.962,6021.069,6006.088,6010.167
2026-07-07 06:00:00,6010.167,6017.634,5998.364,6001.217
2026-07-07 07:00:00,6001.228,6001.982,5969.289,5971.88
2026-07-07 08:00:00,5971.889,5981.151,5958.771,5964.284
2026-07-07 09:00:00,5964.288,5975.63,5952.487,5956.847
2026-07-07 10:00:00,5956.854,5963.456,5925.312,5928.607
2026-07-07 11:00:00,5928.609,5942.401,5928.609,5935.95
2026-07-07 12:00:00,5935.954,5946.767,5933.416,5937.515
2026-07-07 13:00:00,5937.518,5953.007,5934.534,5936.129
2026-07-07 14:00:00,5936.133,5946.618,5930.298,5939.662
2026-07-07 15:00:00,5939.672,5941.108,5920.861,5932.459
2026-07-07 16:00:00,5932.461,5945.76,5932.461,5945.76
2026-07-07 17:00:00,5945.762,5953.268,5937.331,5940.553
2026-07-07 18:00:00,5940.555,5943.036,5932.632,5939.843
2026-07-07 19:00:00,5939.846,5952.51,5938.603,5952.51
2026-07-07 20:00:00,5952.527,5964.149,5952.527,5960.548
2026-07-07 21:00:00,5960.553,5978.143,5960.553,5966.213
2026-07-07 22:00:00,5966.227,5972.941,5958.842,5967.997
2026-07-07 23:00:00,5967.997,5970.797,5960.169,5963.991
2026-07-08 00:00:00,5963.991,5970.842,5952.432,5966.711
2026-07-08 01:00:00,5966.716,5966.975,5945.952,5947.212
2026-07-08 02:00:00,5947.216,5968.527,5947.216,5968.527
2026-07-08 03:00:00,5968.533,5985.683,5968.533,5981.009
2026-07-08 04:00:00,5981.013,6000.943,5980.813,6000.943
2026-07-08 05:00:00,6000.949,6011.532,6000.949,6003.964
2026-07-08 06:00:00,6003.973,6010.931,5998.209,6007.315
2026-07-08 07:00:00,6007.317,6011.103,5996.736,6008.49
2026-07-08 08:00:00,6008.506,6025.382,6008.506,6022.628
2026-07-08 09:00:00,6022.645,6036.947,6009.044,6011.413
2026-07-08 10:00:00,6011.421,6013.296,5998.964,6003.531
2026-07-08 11:00:00,6003.532,6006.746,5996.195,6006.746
2026-07-08 12:00:00,6006.752,6010.631,6001.167,6009.739
2026-07-08 13:00:00,6009.743,6011.68,5979.25,5984.336
2026-07-08 14:00:00,5984.336,5987.064,5944.84,5948.51
2026-07-08 15:00:00,5948.51,5955.496,5944.526,5955.496
2026-07-08 16:00:00,5955.497,5976.589,5955.497,5976.589
2026-07-08 17:00:00,5976.599,5979.449,5968.243,5978.09
2026-07-08 18:00:00,5978.096,5980.911,5951.478,5955.398
2026-07-08 19:00:00,5955.408,5963.21,5944.037,5946.769
2026-07-08 20:00:00,5946.77,5959.826,5946.77,5956.148
2026-07-08 21:00:00,5956.157,5960.571,5921.917,5924.389
2026-07-08 22:00:00,5924.394,5928.581,5914.731,5925.015
2026-07-08 23:00:00,5925.02,5928.141,5913.23,5926.968
2026-07-09 00:00:00,5926.976,5940.894,5926.976,5940.894
2026-07-09 01:00:00,5940.894,5945.355,5931.177,5935.948
2026-07-09 02:00:00,5935.96,5944.024,5878.918,5881.319
2026-07-09 03:00:00,5881.321,5884.53,5873.686,5883.211
2026-07-09 04:00:00,5883.223,5893.546,5883.223,5886.864
2026-07-09 05:00:00,5886.874,5891.913,5881.122,5891.913
2026-07-09 06:00:00,5891.921,5902.204,5889.911,5894.422
2026-07-09 07:00:00,5894.429,5903.342,5879.215,5885.588
2026-07-09 08:00:00,5885.597,5892.137,5873.741,5891.966
2026-07-09 09:00:00,5891.972,5905.734,5891.972,5905.734
2026-07-09 10:00:00,5905.735,5909.883,5879.354,5880.507
2026-07-09 11:00:00,5880.511,5883.897,5870.802,5873.358
2026-07-09 12:00:00,5873.364,5886.543,5873.364,5881.89
2026-07-09 13:00:00,5881.892,5902.981,5881.892,5902.981
2026-07-09 14:00:00,5902.981,5904.271,5875.161,5882.389
2026-07-09 15:00:00,5882.399,5895.207,5882.399,5891.892
2026-07-09 16:00:00,5891.896,5900.207,5891.896,5897.126
2026-07-09 17:00:00,5897.134,5914.016,5897.134,5914.016
2026-07-09 18:00:00,5914.023,5920.0,5901.205,5904.201
2026-07-09 19:00:00,5904.203,5907.452,5894.42,5902.694
2026-07-09 20:00:00,5902.697,5915.415,5902.697,5915.415
2026-07-09 21:00:00,5915.417,5922.259,5893.848,5900.255
2026-07-09 22:00:00,5900.264,5907.668,5878.727,5880.129
2026-07-09 23:00:00,5880.131,5882.754,5862.011,5866.3
2026-07-10 00:00:00,5866.303,5868.395,5851.642,5852.126
2026-07-10 01:00:00,5852.132,5852.715,5832.826,5846.488
2026-07-10 02:00:00,5846.493,5859.202,5843.517,5859.202
2026-07-10 03:00:00,5859.212,5880.373,5859.212,5880.373
2026-07-10 04:00:00,5880.374,5882.693,5862.787,5869.932
2026-07-10 05:00:00,5869.938,5881.733,5869.938,5881.733
2026-07-10 06:00:00,5881.739,5884.72,5855.847,5857.768
2026-07-10 07:00:00,5857.778,5869.981,5857.778,5865.785
2026-07-10 08:00:00,5865.79,5875.334,5865.79,5875.334
2026-07-10 09:00:00,5875.338,5887.385,5875.338,5886.824
2026-07-10 10:00:00,5886.834,5891.584,5859.774,5861.546
2026-07-10 11:00:00,5861.555,5882.293,5861.555,5882.293
2026-07-10 12:00:00,5882.3,5888.28,5847.713,5852.441
2026-07-10 13:00:00,5852.445,5853.764,5834.077,5835.517
2026-07-10 14:00:00,5835.519,5847.295,5835.519,5838.653
2026-07-10 15:00:00,5838.663,5850.798,5836.298,5845.611
2026-07-10 16:00:00,5845.619,5845.984,5831.318,5844.15
2026-07-10 17:00:00,5844.154,5860.681,5844.154,5860.681
2026-07-10 18:00:00,5860.687,5866.492,5842.599,5847.774
2026-07-10 19:00:00,5847.778,5851.395,5836.474,5848.397
2026-07-10 20:00:00,5848.406,5869.813,5848.406,5869.813
2026-07-10 21:00:00,5869.815,5879.371,5864.878,5873.2
2026-07-10 22:00:00,5873.204,5878.933,5869.697,5878.187
2026-07-10 23:00:00,5878.192,5890.383,5878.192,5880.073
2026-07-11 00:00:00,5880.084,5886.719,5867.941,5870.569
2026-07-11 01:00:00,5870.582,5880.684,5870.582,5873.834
2026-07-11 02:00:00,5873.84,5883.755,5867.927,5870.737
2026-07-11 03:00:00,5870.752,5877.142,5850.249,5863.067
2026-07-11 04:00:00,5863.072,5868.377,5855.816,5862.718
2026-07-11 05:00:00,5862.728,5865.124,5842.995,5846.261
2026-07-11 06:00:00,5846.267,5852.534,5837.22,5852.534
2026-07-11 07:00:00,5852.535,5864.474,5837.155,5838.747
2026-07-11 08:00:00,5838.754,5847.857,5835.37,5835.961
2026-07-11 09:00:00,5835.969,5850.049,5832.52,5837.55
2026-07-11 10:00:00,5837.551,5840.372,5825.445,5832.523
2026-07-11 11:00:00,5832.526,5852.896,5832.526,5845.602
2026-07-11 12:00:00,5845.603,5848.326,5835.865,5846.901
2026-07-11 13:00:00,5846.913,5853.688,5825.229,5826.538
2026-07-11 14:00:00,5826.538,5827.983,5814.403,5816.671
2026-07-11 15:00:00,5816.679,5825.028,5812.569,5824.853
2026-07-11 16:00:00,5824.861,5841.643,5824.861,5838.785
2026-07-11 17:00:00,5838.787,5839.498,5816.442,5820.855
2026-07-11 18:00:00,5820.865,5841.697,5820.865,5841.697
2026-07-11 19:00:00,5841.709,5858.033,5841.709,5858.033
2026-07-11 20:00:00,5858.041,5873.575,5858.041,5872.859
2026-07-11 21:00:00,5872.868,5877.951,5856.523,5858.323
2026-07-11 22:00:00,5858.333,5861.004,5845.338,5854.934
2026-07-11 23:00:00,5854.939,5861.251,5851.826,5855.118
2026-07-12 00:00:00,5855.121,5859.32,5849.622,5857.086
2026-07-12 01:00:00,5857.092,5875.316,5857.092,5866.565
2026-07-12 02:00:00,5866.578,5876.376,5861.049,5876.376
2026-07-12 03:00:00,5876.376,5892.704,5876.376,5890.491
2026-07-12 04:00:00,5890.508,5905.126,5883.25,5888.369
2026-07-12 05:00:00,5888.378,5900.723,5887.392,5894.061
2026-07-12 06:00:00,5894.073,5899.576,5870.654,5871.155
2026-07-12 07:00:00,5871.158,5876.802,5862.579,5870.476
2026-07-12 08:00:00,5870.481,5878.206,5859.245,5860.662
2026-07-12 09:00:00,5860.667,5869.976,5859.81,5869.195
2026-07-12 10:00:00,5869.204,5885.344,5865.169,5866.331
2026-07-12 11:00:00,5866.335,5866.477,5838.626,5843.606
2026-07-12 12:00:00,5843.613,5853.071,5835.138,5837.22
2026-07-12 13:00:00,5837.222,5843.186,5831.787,5835.689
2026-07-12 14:00:00,5835.7,5836.436,5822.474,5832.114
2026-07-12 15:00:00,5832.13,5841.015,5828.027,5835.51
2026-07-12 16:00:00,5835.516,5848.324,5835.516,5845.365
2026-07-12 17:00:00,5845.367,5851.577,5843.797,5848.059
2026-07-12 18:00:00,5848.063,5850.927,5829.931,5844.971
2026-07-12 19:00:00,5844.971,5852.771,5836.782,5844.247
2026-07-12 20:00:00,5844.251,5853.552,5844.251,5848.919
2026-07-12 21:00:00,5848.93,5853.016,5830.471,5839.37
2026-07-12 22:00:00,5839.381,5860.062,5839.381,5860.062
2026-07-12 23:00:00,5860.064,5869.575,5857.349,5869.052
2026-07-13 00:00:00,5869.063,5890.588,5869.063,5886.134
2026-07-13 01:00:00,5886.152,5886.698,5867.863,5880.231
2026-07-13 02:00:00,5880.236,5889.273,5880.236,5888.186
2026-07-13 03:00:00,5888.187,5890.424,5854.962,5858.787
2026-07-13 04:00:00,5858.789,5860.12,5840.267,5852.302
2026-07-13 05:00:00,5852.305,5854.811,5824.927,5834.652
2026-07-13 06:00:00,5834.659,5843.213,5824.944,5827.244
2026-07-13 07:00:00,5827.255,5844.551,5827.255,5844.522
2026-07-13 08:00:00,5844.533,5865.418,5844.533,5865.418
2026-07-13 09:00:00,5865.421,5875.841,5865.421,5873.1
2026-07-13 10:00:00,5873.106,5877.332,5862.276,5874.324
2026-07-13 11:00:00,5874.327,5883.791,5873.222,5883.791
2026-07-13 12:00:00,5883.799,5896.136,5876.358,5880.139
2026-07-13 13:00:00,5880.149,5898.588,5880.149,5891.808
2026-07-13 14:00:00,5891.812,5904.882,5890.3,5904.882
2026-07-13 15:00:00,5904.886,5926.294,5904.886,5926.294
2026-07-13 16:00:00,5926.299,5935.27,5880.154,5881.824
2026-07-13 17:00:00,5881.827,5889.752,5876.904,5884.535
2026-07-13 18:00:00,5884.546,5891.48,5869.555,5879.9
2026-07-13 19:00:00,5879.908,5895.253,5878.943,5884.62
2026-07-13 20:00:00,5884.622,5887.812,5861.34,5868.479
2026-07-13 21:00:00,5868.496,5875.039,5864.987,5872.681
2026-07-13 22:00:00,5872.692,5882.379,5868.227,5880.811
2026-07-13 23:00:00,5880.827,5894.974,5880.827,5893.023
2026-07-14 00:00:00,5893.032,5908.453,5893.032,5898.04
2026-07-14 01:00:00,5898.048,5908.521,5897.996,5908.036
2026-07-14 02:00:00,5908.04,5909.296,5893.308,5896.938
2026-07-14 03:00:00,5896.943,5900.505,5874.183,5878.996
2026-07-14 04:00:00,5879.0,5886.295,5878.066,5886.295
2026-07-14 05:00:00,5886.295,5886.683,5869.074,5874.179
2026-07-14 06:00:00,5874.184,5877.059,5854.232,5859.768
2026-07-14 07:00:00,5859.781,5874.071,5840.945,5842.564
2026-07-14 08:00:00,5842.57,5853.593,5838.762,5841.702
2026-07-14 09:00:00,5841.703,5846.885,5821.429,5824.093
2026-07-14 10:00:00,5824.094,5826.279,5817.122,5825.459
2026-07-14 11:00:00,5825.461,5831.378,5816.137,5824.413
2026-07-14 12:00:00,5824.417,5829.873,5811.182,5824.775
2026-07-14 13:00:00,5824.78,5835.631,5824.544,5835.631
2026-07-14 14:00:00,5835.637,5849.781,5834.341,5849.781
2026-07-14 15:00:00,5849.784,5861.568,5844.539,5861.568
2026-07-14 16:00:00,5861.582,5865.286,5832.64,5833.421
2026-07-14 17:00:00,5833.422,5842.026,5828.727,5842.026
2026-07-14 18:00:00,5842.04,5848.393,5833.767,5834.561
2026-07-14 19:00:00,5834.572,5855.467,5834.572,5855.467
2026-07-14 20:00:00,5855.468,5865.097,5841.711,5846.543
2026-07-14 21:00:00,5846.548,5847.996,5819.855,5825.338
2026-07-14 22:00:00,5825.347,5833.709,5816.264,5833.709
2026-07-14 23:00:00,5833.714,5835.245,5814.55,5819.012
2026-07-15 00:00:00,5819.017,5825.351,5815.225,5820.072
2026-07-15 01:00:00,5820.075,5830.06,5807.07,5812.29
2026-07-15 02:00:00,5812.291,5813.459,5787.454,5796.983
2026-07-15 03:00:00,5796.987,5802.1,5791.23,5792.696
2026-07-15 04:00:00,5792.699,5797.413,5783.792,5785.951
2026-07-15 05:00:00,5785.953,5802.733,5784.137,5802.733
2026-07-15 06:00:00,5802.742,5806.321,5785.29,5789.472
2026-07-15 07:00:00,5789.474,5801.898,5787.527,5793.042
2026-07-15 08:00:00,5793.045,5807.481,5793.045,5802.251
2026-07-15 09:00:00,5802.254,5807.235,5792.568,5793.588
2026-07-15 10:00:00,5793.589,5810.541,5793.589,5810.541
2026-07-15 11:00:00,5810.542,5818.844,5807.847,5812.448
2026-07-15 12:00:00,5812.455,5818.001,5809.932,5815.923
2026-07-15 13:00:00,5815.927,5834.451,5815.881,5834.451
2026-07-15 14:00:00,5834.462,5839.177,5824.171,5824.372
2026-07-15 15:00:00,5824.377,5829.279,5816.56,5822.851
2026-07-15 16:00:00,5822.854,5836.197,5818.539,5836.197
2026-07-15 17:00:00,5836.209,5844.902,5826.696,5836.836
2026-07-15 18:00:00,5836.837,5852.567,5836.837,5852.567
2026-07-15 19:00:00,5852.573,5852.962,5831.491,5845.897
2026-07-15 20:00:00,5845.905,5866.058,5845.905,5866.058
2026-07-15 21:00:00,5866.059,5882.664,5866.059,5882.664
2026-07-15 22:00:00,5882.667,5890.489,5875.513,5890.489
2026-07-15 23:00:00,5890.5,5892.289,5864.72,5878.708
2026-07-16 00:00:00,5878.711,5887.819,5877.573,5882.997
2026-07-16 01:00:00,5883.002,5904.438,5883.002,5904.438
2026-07-16 02:00:00,5904.443,5908.265,5894.395,5896.306
2026-07-16 03:00:00,5896.315,5916.19,5895.561,5916.19
2026-07-16 04:00:00,5916.196,5916.524,5883.432,5894.734
2026-07-16 05:00:00,5894.75,5907.598,5891.859,5907.598
2026-07-16 06:00:00,5907.6,5912.895,5897.493,5912.895
2026-07-16 07:00:00,5912.901,5916.785,5898.465,5913.612
2026-07-16 08:00:00,5913.613,5921.786,5907.732,5918.232
2026-07-16 09:00:00,5918.236,5931.359,5918.236,5930.002
2026-07-16 10:00:00,5930.006,5932.517,5913.213,5920.986
2026-07-16 11:00:00,5920.991,5933.772,5920.991,5933.772
2026-07-16 12:00:00,5933.78,5934.724,5901.632,5905.243
2026-07-16 13:00:00,5905.243,5911.511,5897.207,5900.482
2026-07-16 14:00:00,5900.492,5911.905,5900.492,5909.718
2026-07-16 15:00:00,5909.726,5920.119,5906.108,5920.119
2026-07-16 16:00:00,5920.131,5922.41,5904.712,5917.962
2026-07-16 17:00:00,5917.967,5932.087,5917.967,5921.169
2026-07-16 18:00:00,5921.173,5941.44,5921.173,5941.44
2026-07-16 19:00:00,5941.451,5950.404,5938.517,5939.719
2026-07-16 20:00:00,5939.725,5953.05,5939.725,5953.05
2026-07-16 21:00:00,5953.062,5966.406,5949.334,5955.853
2026-07-16 22:00:00,5955.855,5959.62,5942.284,5949.577
2026-07-16 23:00:00,5949.578,5950.343,5932.256,5950.343
2026-07-17 00:00:00,5950.351,5954.065,5920.821,5925.997
2026-07-17 01:00:00,5925.997,5945.333,5925.997,5945.333
2026-07-17 02:00:00,5945.336,5962.573,5942.815,5962.573
2026-07-17 03:00:00,5962.579,5980.651,5962.579,5980.651
2026-07-17 04:00:00,5980.651,5989.808,5969.103,5970.778
2026-07-17 05:00:00,5970.789,5977.81,5958.47,5965.433
2026-07-17 06:00:00,5965.438,5987.157,5965.438,5987.157
2026-07-17 07:00:00,5987.165,6006.312,5987.165,5997.944
2026-07-17 08:00:00,5997.951,5998.686,5978.195,5980.945
2026-07-17 09:00:00,5980.95,5982.89,5963.001,5971.408
2026-07-17 10:00:00,5971.413,5977.954,5963.713,5965.202
2026-07-17 11:00:00,5965.205,5976.792,5950.764,5951.184
2026-07-17 12:00:00,5951.193,5956.018,5941.469,5948.651
2026-07-17 13:00:00,5948.663,5965.271,5941.762,5942.01
2026-07-17 14:00:00,5942.016,5947.333,5933.927,5947.333
2026-07-17 15:00:00,5947.344,5957.889,5931.419,5931.755
2026-07-17 16:00:00,5931.758,5942.044,5931.758,5942.044
2026-07-17 17:00:00,5942.05,5947.452,5932.791,5933.422
2026-07-17 18:00:00,5933.44,5945.721,5933.44,5945.721
2026-07-17 19:00:00,5945.731,5950.696,5935.354,5948.157
2026-07-17 20:00:00,5948.166,5965.177,5948.166,5961.775
2026-07-17 21:00:00,5961.78,5961.992,5945.108,5955.526
2026-07-17 22:00:00,5955.528,5958.182,5912.169,5914.322
2026-07-17 23:00:00,5914.327,5917.145,5902.443,5909.069
2026-07-18 00:00:00,5909.074,5912.011,5897.332,5903.62
2026-07-18 01:00:00,5903.626,5917.368,5897.883,5899.176
2026-07-18 02:00:00,5899.177,5904.863,5876.796,5887.441
2026-07-18 03:00:00,5887.441,5893.289,5867.725,5873.53
2026-07-18 04:00:00,5873.532,5890.062,5873.532,5890.062
2026-07-18 05:00:00,5890.076,5900.672,5886.173,5891.024
2026-07-18 06:00:00,5891.025,5903.998,5889.439,5903.998
2026-07-18 07:00:00,5904.004,5922.547,5904.004,5922.547
2026-07-18 08:00:00,5922.547,5931.606,5914.669,5931.606
2026-07-18 09:00:00,5931.609,5951.77,5931.609,5943.246
2026-07-18 10:00:00,5943.247,5958.183,5943.247,5958.183
2026-07-18 11:00:00,5958.186,5964.869,5951.707,5961.667
2026-07-18 12:00:00,5961.676,5970.368,5959.488,5964.513
2026-07-18 13:00:00,5964.521,5975.252,5964.2,5975.252
2026-07-18 14:00:00,5975.262,5980.624,5966.688,5970.333
2026-07-18 15:00:00,5970.337,5987.578,5969.216,5987.578
2026-07-18 16:00:00,5987.585,6006.706,5987.585,6006.706
2026-07-18 17:00:00,6006.708,6012.954,5990.641,6000.88
2026-07-18 18:00:00,6000.89,6003.122,5985.072,5998.875
2026-07-18 19:00:00,5998.883,6016.961,5998.148,6016.961
2026-07-18 20:00:00,6016.968,6034.539,6016.968,6034.539
2026-07-18 21:00:00,6034.546,6039.463,6014.509,6016.106
2026-07-18 22:00:00,6016.109,6037.749,6016.109,6037.749
2026-07-18 23:00:00,6037.757,6049.806,6037.757,6041.452
2026-07-19 00:00:00,6041.457,6058.914,6041.457,6057.906
2026-07-19 01:00:00,6057.908,6075.777,6057.908,6067.588
2026-07-19 02:00:00,6067.6,6072.431,6043.482,6047.382
2026-07-19 03:00:00,6047.385,6056.085,6038.942,6044.733
2026-07-19 04:00:00,6044.749,6054.136,6034.566,6045.848
2026-07-19 05:00:00,6045.854,6054.634,6043.237,6050.685
2026-07-19 06:00:00,6050.686,6066.621,6050.686,6066.621
2026-07-19 07:00:00,6066.625,6067.342,6044.468,6049.382
2026-07-19 08:00:00,6049.39,6053.646,6029.557,6032.322
2026-07-19 09:00:00,6032.335,6034.734,6024.699,6026.424
2026-07-19 10:00:00,6026.427,6048.243,6026.427,6048.243
2026-07-19 11:00:00,6048.249,6060.945,6048.249,6060.945
2026-07-19 12:00:00,6060.947,6063.233,6046.546,6050.282
2026-07-19 13:00:00,6050.285,6066.495,6050.285,6064.808
2026-07-19 14:00:00,6064.812,6069.998,6049.158,6051.214
2026-07-19 15:00:00,6051.222,6068.132,6051.222,6062.435
2026-07-19 16:00:00,6062.437,6064.631,6036.501,6037.42
2026-07-19 17:00:00,6037.434,6044.53,6035.335,6044.53
2026-07-19 18:00:00,6044.538,6059.485,6044.538,6058.17
2026-07-19 19:00:00,6058.176,6074.147,6058.176,6068.236
2026-07-19 20:00:00,6068.245,6069.761,6058.935,6069.343
2026-07-19 21:00:00,6069.354,6069.784,6047.685,6063.846
2026-07-19 22:00:00,6063.848,6085.63,6063.848,6085.63
2026-07-19 23:00:00,6085.632,6095.475,6085.632,6092.275
2026-07-20 00:00:00,6092.284,6103.509,6092.284,6100.585
2026-07-20 01:00:00,6100.595,6108.841,6096.42,6107.73
2026-07-20 02:00:00,6107.738,6115.34,6058.512,6064.083
2026-07-20 03:00:00,6064.091,6066.162,6043.524,6049.316
2026-07-20 04:00:00,6049.322,6057.301,6042.513,6049.703
2026-07-20 05:00:00,6049.706,6063.929,6049.706,6059.231
2026-07-20 06:00:00,6059.241,6064.989,6051.943,6052.99
2026-07-20 07:00:00,6053.001,6064.422,6047.448,6048.055
2026-07-20 08:00:00,6048.057,6054.407,6041.018,6048.84
2026-07-20 09:00:00,6048.844,6068.235,6048.844,6068.235
2026-07-20 10:00:00,6068.242,6077.194,6046.432,6048.713
2026-07-20 11:00:00,6048.724,6050.154,6034.26,6036.141
2026-07-20 12:00:00,6036.147,6045.329,6024.621,6028.496
2026-07-20 13:00:00,6028.501,6032.811,6014.834,6017.058
2026-07-20 14:00:00,6017.065,6017.412,6007.53,6013.176
2026-07-20 15:00:00,6013.184,6028.159,6010.564,6013.366
2026-07-20 16:00:00,6013.369,6024.854,6013.369,6020.505
2026-07-20 17:00:00,6020.509,6029.956,6013.094,6029.956
2026-07-20 18:00:00,6029.966,6031.642,6011.043,6019.216
2026-07-20 19:00:00,6019.225,6022.3,5984.142,5990.507
2026-07-20 20:00:00,5990.512,5994.747,5985.134,5994.36
2026-07-20 21:00:00,5994.366,6011.266,5994.366,6009.51
2026-07-20 22:00:00,6009.519,6019.776,6009.519,6019.776
2026-07-20 23:00:00,6019.789,6020.619,5974.868,5975.267
2026-07-21 00:00:00,5975.27,5996.971,5975.27,5996.971
2026-07-21 01:00:00,5996.979,6011.841,5996.524,6011.841
2026-07-21 02:00:00,6011.848,6015.682,5998.347,6008.011
2026-07-21 03:00:00,6008.016,6012.754,5999.603,6008.678
2026-07-21 04:00:00,6008.686,6021.014,6005.204,6021.014
2026-07-21 05:00:00,6021.014,6040.57,6021.014,6040.57
2026-07-21 06:00:00,6040.582,6043.492,6007.941,6018.341
2026-07-21 07:00:00,6018.346,6018.648,5952.033,5956.609
2026-07-21 08:00:00,5956.612,5960.579,5946.885,5948.905
2026-07-21 09:00:00,5948.91,5956.753,5938.954,5945.974
2026-07-21 10:00:00,5945.979,5946.663,5916.005,5927.252
2026-07-21 11:00:00,5927.261,5938.533,5920.001,5925.007
2026-07-21 12:00:00,5925.01,5936.588,5925.01,5934.321
2026-07-21 13:00:00,5934.324,5951.698,5934.324,5949.245
2026-07-21 14:00:00,5949.253,5954.164,5942.651,5952.418
2026-07-21 15:00:00,5952.425,5954.927,5945.825,5954.838
2026-07-21 16:00:00,5954.849,5955.497,5931.918,5941.568
2026-07-21 17:00:00,5941.572,5942.013,5909.153,5921.758
2026-07-21 18:00:00,5921.768,5923.707,5909.922,5923.707
2026-07-21 19:00:00,5923.716,5936.594,5920.491,5936.594
2026-07-21 20:00:00,5936.597,5938.389,5898.136,5899.231
2026-07-21 21:00:00,5899.243,5900.381,5869.525,5870.211
2026-07-21 22:00:00,5870.216,5881.65,5870.216,5881.65
2026-07-21 23:00:00,5881.657,5889.392,5858.403,5859.41
2026-07-22 00:00:00,5859.418,5861.161,5832.449,5844.311
2026-07-22 01:00:00,5844.312,5857.264,5841.562,5846.771
2026-07-22 02:00:00,5846.771,5848.72,5815.962,5818.884
2026-07-22 03:00:00,5818.887,5822.748,5795.33,5798.643
2026-07-22 04:00:00,5798.651,5805.203,5787.942,5801.093
2026-07-22 05:00:00,5801.098,5813.895,5798.52,5813.895
2026-07-22 06:00:00,5813.905,5826.234,5813.905,5822.017
2026-07-22 07:00:00,5822.03,5823.434,5794.047,5796.173
2026-07-22 08:00:00,5796.174,5807.085,5792.912,5807.085
2026-07-22 09:00:00,5807.091,5813.443,5799.634,5813.443
2026-07-22 10:00:00,5813.45,5828.546,5813.45,5828.546
2026-07-22 11:00:00,5828.546,5836.552,5821.751,5836.166
2026-07-22 12:00:00,5836.176,5838.535,5798.907,5809.591
2026-07-22 13:00:00,5809.598,5824.941,5807.045,5824.941
2026-07-22 14:00:00,5824.944,5828.083,5803.878,5806.677
2026-07-22 15:00:00,5806.686,5817.836,5794.089,5796.541
2026-07-22 16:00:00,5796.551,5817.945,5796.551,5817.945
2026-07-22 17:00:00,5817.946,5834.119,5814.232,5834.119
2026-07-22 18:00:00,5834.126,5840.058,5806.075,5810.576
2026-07-22 19:00:00,5810.588,5817.744,5802.583,5811.022
2026-07-22 20:00:00,5811.024,5830.707,5811.024,5817.876
2026-07-22 21:00:00,5817.885,5831.955,5817.885,5826.525
2026-07-22 22:00:00,5826.533,5826.731,5802.794,5804.599
2026-07-22 23:00:00,5804.604,5812.651,5794.406,5795.785
2026-07-23 00:00:00,5795.787,5800.685,5771.209,5778.423
2026-07-23 01:00:00,5778.428,5785.724,5750.265,5756.309
2026-07-23 02:00:00,5756.322,5772.056,5756.322,5772.056
2026-07-23 03:00:00,5772.064,5777.709,5760.902,5765.686
2026-07-23 04:00:00,5765.686,5768.563,5747.991,5754.709
2026-07-23 05:00:00,5754.713,5760.672,5740.191,5742.253
2026-07-23 06:00:00,5742.261,5749.791,5736.009,5742.225
2026-07-23 07:00:00,5742.226,5743.07,5722.225,5736.462
2026-07-23 08:00:00,5736.466,5736.98,5720.896,5725.502
2026-07-23 09:00:00,5725.506,5732.649,5714.608,5718.289
2026-07-23 10:00:00,5718.301,5732.12,5715.961,5732.12
2026-07-23 11:00:00,5732.121,5749.784,5732.121,5745.619
2026-07-23 12:00:00,5745.625,5761.137,5745.625,5758.227
2026-07-23 13:00:00,5758.233,5764.176,5752.876,5760.718
2026-07-23 14:00:00,5760.72,5765.954,5750.82,5755.475
2026-07-23 15:00:00,5755.48,5755.576,5725.117,5726.334
2026-07-23 16:00:00,5726.343,5736.204,5723.845,5734.528
2026-07-23 17:00:00,5734.537,5755.041,5734.537,5755.041
2026-07-23 18:00:00,5755.042,5761.38,5743.624,5743.748
2026-07-23 19:00:00,5743.757,5756.159,5742.442,5756.159
2026-07-23 20:00:00,5756.164,5764.008,5739.138,5745.676
2026-07-23 21:00:00,5745.679,5763.122,5745.679,5763.122
2026-07-23 22:00:00,5763.135,5764.352,5748.32,5762.88
2026-07-23 23:00:00,5762.88,5766.597,5752.294,5760.116
2026-07-24 00:00:00,5760.126,5762.204,5742.018,5746.915
2026-07-24 01:00:00,5746.917,5760.211,5727.476,5728.773
2026-07-24 02:00:00,5728.774,5736.019,5724.392,5727.642
2026-07-24 03:00:00,5727.646,5738.006,5726.948,5736.508
2026-07-24 04:00:00,5736.517,5737.918,5714.327,5716.32
2026-07-24 05:00:00,5716.326,5725.159,5706.419,5708.766
2026-07-24 06:00:00,5708.767,5710.349,5696.664,5704.532
2026-07-24 07:00:00,5704.533,5713.257,5699.952,5700.444
2026-07-24 08:00:00,5700.449,5706.407,5694.92,5702.176
2026-07-24 09:00:00,5702.18,5712.71,5700.974,5711.537
2026-07-24 10:00:00,5711.551,5713.588,5704.166,5711.077
2026-07-24 11:00:00,5711.092,5727.105,5711.092,5713.636
2026-07-24 12:00:00,5713.638,5720.007,5707.977,5716.664
2026-07-24 13:00:00,5716.677,5736.934,5716.677,5736.934
2026-07-24 14:00:00,5736.94,5750.644,5731.252,5750.644
2026-07-24 15:00:00,5750.648,5756.852,5741.347,5746.604
2026-07-24 16:00:00,5746.608,5762.707,5746.608,5762.707
2026-07-24 17:00:00,5762.712,5763.637,5719.983,5724.761
2026-07-24 18:00:00,5724.768,5730.501,5717.908,5730.39
2026-07-24 19:00:00,5730.4,5732.719,5713.669,5732.719
2026-07-24 20:00:00,5732.721,5734.087,5715.614,5731.36
2026-07-24 21:00:00,5731.363,5747.327,5731.363,5747.327
2026-07-24 22:00:00,5747.344,5752.84,5735.492,5752.84
2026-07-24 23:00:00,5752.848,5754.089,5735.994,5746.157
2026-07-25 00:00:00,5746.16,5765.096,5746.16,5752.161
2026-07-25 01:00:00,5752.167,5753.127,5723.536,5724.312
2026-07-25 02:00:00,5724.323,5731.772,5715.799,5724.505
2026-07-25 03:00:00,5724.509,5742.199,5724.3,5740.381
2026-07-25 04:00:00,5740.385,5744.802,5732.464,5740.033
2026-07-25 05:00:00,5740.034,5747.312,5725.56,5736.03
2026-07-25 06:00:00,5736.038,5739.306,5724.717,5732.856
2026-07-25 07:00:00,5732.857,5740.27,5725.533,5735.16
2026-07-25 08:00:00,5735.164,5740.75,5729.49,5738.135
2026-07-25 09:00:00,5738.135,5750.282,5738.135,5750.282
2026-07-25 10:00:00,5750.282,5759.515,5733.331,5741.473
2026-07-25 11:00:00,5741.476,5744.933,5717.982,5719.626
2026-07-25 12:00:00,5719.627,5728.57,5710.815,5710.924
2026-07-25 13:00:00,5710.928,5714.358,5693.684,5695.885
2026-07-25 14:00:00,5695.893,5698.785,5684.493,5697.695
2026-07-25 15:00:00,5697.703,5708.572,5696.001,5696.847
2026-07-25 16:00:00,5696.852,5712.018,5696.852,5702.429
2026-07-25 17:00:00,5702.437,5716.412,5701.958,5715.779
2026-07-25 18:00:00,5715.782,5727.271,5713.833,5727.271
2026-07-25 19:00:00,5727.28,5740.708,5725.11,5740.708
2026-07-25 20:00:00,5740.714,5747.339,5733.286,5747.339
2026-07-25 21:00:00,5747.343,5763.879,5747.343,5763.879
2026-07-25 22:00:00,5763.881,5767.495,5751.744,5765.448
2026-07-25 23:00:00,5765.45,5769.51,5741.03,5742.69
2026-07-26 00:00:00,5742.692,5748.623,5734.916,5747.664
2026-07-26 01:00:00,5747.671,5749.174,5736.426,5745.918
2026-07-26 02:00:00,5745.921,5752.045,5724.483,5729.709
2026-07-26 03:00:00,5729.714,5747.536,5727.008,5747.536
2026-07-26 04:00:00,5747.542,5760.328,5747.513,5760.328
2026-07-26 05:00:00,5760.33,5778.819,5760.33,5767.954
2026-07-26 06:00:00,5767.954,5779.653,5767.954,5772.72
2026-07-26 07:00:00,5772.724,5780.487,5764.439,5770.283
2026-07-26 08:00:00,5770.287,5772.938,5757.992,5759.684
2026-07-26 09:00:00,5759.69,5765.359,5755.505,5762.454
2026-07-26 10:00:00,5762.458,5772.935,5754.053,5761.018
2026-07-26 11:00:00,5761.023,5763.395,5696.791,5698.922
2026-07-26 12:00:00,5698.927,5713.355,5698.927,5713.355
2026-07-26 13:00:00,5713.361,5714.735,5703.823,5713.527
2026-07-26 14:00:00,5713.536,5730.354,5713.536,5730.354
2026-07-26 15:00:00,5730.363,5743.188,5729.346,5740.088
2026-07-26 16:00:00,5740.095,5743.975,5730.276,5743.975
2026-07-26 17:00:00,5743.978,5753.196,5738.583,5748.78
2026-07-26 18:00:00,5748.788,5749.105,5731.078,5737.936
2026-07-26 19:00:00,5737.938,5744.068,5733.624,5742.158
2026-07-26 20:00:00,5742.163,5754.289,5742.163,5750.296
2026-07-26 21:00:00,5750.299,5759.818,5732.172,5735.784
2026-07-26 22:00:00,5735.788,5748.215,5735.788,5743.781
2026-07-26 23:00:00,5743.785,5750.633,5743.785,5750.633
2026-07-27 00:00:00,5750.642,5766.637,5750.642,5761.283
2026-07-27 01:00:00,5761.283,5766.982,5752.01,5752.516
2026-07-27 02:00:00,5752.526,5754.988,5730.896,5738.586
2026-07-27 03:00:00,5738.588,5751.3,5733.374,5751.3
2026-07-27 04:00:00,5751.304,5763.345,5751.304,5756.786
2026-07-27 05:00:00,5756.793,5764.888,5753.186,5764.888
2026-07-27 06:00:00,5764.892,5765.752,5738.751,5740.464
2026-07-27 07:00:00,5740.479,5753.51,5740.479,5750.711
2026-07-27 08:00:00,5750.717,5765.397,5750.717,5765.397
2026-07-27 09:00:00,5765.399,5766.683,5732.909,5734.793
2026-07-27 10:00:00,5734.799,5740.774,5724.645,5732.655
2026-07-27 11:00:00,5732.662,5733.812,5717.936,5729.792
2026-07-27 12:00:00,5729.806,5743.268,5729.806,5736.94
2026-07-27 13:00:00,5736.954,5741.601,5725.375,5725.961
2026-07-27 14:00:00,5725.961,5741.861,5725.961,5741.861
2026-07-27 15:00:00,5741.863,5742.764,5724.684,5733.154
2026-07-27 16:00:00,5733.164,5733.946,5720.621,5731.453
2026-07-27 17:00:00,5731.456,5732.025,5713.045,5719.645
2026-07-27 18:00:00,5719.655,5734.129,5719.655,5734.129
2026-07-27 19:00:00,5734.132,5750.659,5734.132,5750.659
2026-07-27 20:00:00,5750.666,5753.954,5739.106,5750.888
2026-07-27 21:00:00,5750.892,5762.235,5750.892,5760.387
2026-07-27 22:00:00,5760.398,5766.711,5751.087,5766.711
2026-07-27 23:00:00,5766.714,5768.427,5759.208,5764.5
2026-07-28 00:00:00,5764.504,5775.343,5759.654,5762.534
2026-07-28 01:00:00,5762.541,5764.837,5754.853,5760.44
2026-07-28 02:00:00,5760.447,5762.098,5740.098,5751.787
2026-07-28 03:00:00,5751.801,5753.919,5734.536,5737.287
2026-07-28 04:00:00,5737.289,5741.901,5732.314,5740.254
2026-07-28 05:00:00,5740.259,5748.534,5738.173,5743.343
2026-07-28 06:00:00,5743.348,5746.211,5730.705,5741.862
2026-07-28 07:00:00,5741.869,5759.608,5741.869,5759.608
2026-07-28 08:00:00,5759.615,5771.334,5759.615,5771.334
2026-07-28 09:00:00,5771.343,5790.57,5771.343,5790.57
2026-07-28 10:00:00,5790.584,5798.626,5787.301,5798.566
2026-07-28 11:00:00,5798.574,5804.431,5792.112,5793.78
2026-07-28 12:00:00,5793.795,5795.141,5773.17,5790.106
2026-07-28 13:00:00,5790.112,5806.899,5790.112,5805.545
2026-07-28 14:00:00,5805.55,5825.755,5805.55,5825.755
2026-07-28 15:00:00,5825.765,5842.566,5825.765,5835.298
2026-07-28 16:00:00,5835.301,5839.484,5822.311,5827.674
2026-07-28 17:00:00,5827.684,5831.294,5802.834,5804.008
2026-07-28 18:00:00,5804.008,5804.797,5782.599,5800.285
2026-07-28 19:00:00,5800.289,5805.347,5770.874,5777.208
2026-07-28 20:00:00,5777.212,5782.278,5753.672,5763.507
2026-07-28 21:00:00,5763.508,5764.101,5748.275,5761.922
2026-07-28 22:00:00,5761.931,5772.847,5761.56,5772.847
2026-07-28 23:00:00,5772.849,5789.355,5772.849,5773.746
2026-07-29 00:00:00,5773.747,5776.731,5752.98,5754.648
2026-07-29 01:00:00,5754.656,5760.908,5751.047,5760.908
2026-07-29 02:00:00,5760.911,5762.379,5744.763,5749.397
2026-07-29 03:00:00,5749.403,5770.209,5749.403,5770.209
2026-07-29 04:00:00,5770.218,5773.498,5759.493,5767.96
2026-07-29 05:00:00,5767.965,5777.834,5763.831,5777.834
2026-07-29 06:00:00,5777.838,5788.954,5777.838,5788.954
2026-07-29 07:00:00,5788.957,5799.008,5787.213,5799.008
2026-07-29 08:00:00,5799.015,5806.787,5796.923,5806.787
2026-07-29 09:00:00,5806.791,5808.112,5790.232,5797.354
2026-07-29 10:00:00,5797.367,5798.095,5777.653,5779.148
2026-07-29 11:00:00,5779.155,5785.212,5764.426,5778.107
2026-07-29 12:00:00,5778.111,5781.859,5770.456,5781.859
2026-07-29 13:00:00,5781.868,5782.029,5767.287,5780.569
2026-07-29 14:00:00,5780.579,5785.343,5769.787,5776.387
2026-07-29 15:00:00,5776.392,5781.56,5762.287,5781.56
2026-07-29 16:00:00,5781.569,5789.765,5781.569,5789.517
2026-07-29 17:00:00,5789.522,5791.986,5761.239,5768.597
2026-07-29 18:00:00,5768.598,5784.485,5768.598,5773.95
2026-07-29 19:00:00,5773.964,5777.798,5759.233,5760.196
2026-07-29 20:00:00,5760.202,5775.33,5758.732,5775.33
2026-07-29 21:00:00,5775.336,5793.235,5775.336,5793.235
2026-07-29 22:00:00,5793.236,5806.988,5793.236,5801.12
2026-07-29 23:00:00,5801.125,5809.796,5782.316,5785.828
2026-07-30 00:00:00,5785.842,5791.766,5781.036,5786.616
2026-07-30 01:00:00,5786.625,5793.004,5776.437,5782.878
2026-07-30 02:00:00,5782.894,5784.413,5762.449,5768.77
2026-07-30 03:00:00,5768.78,5770.783,5748.663,5754.579
2026-07-30 04:00:00,5754.587,5758.612,5739.841,5747.029
2026-07-30 05:00:00,5747.036,5752.896,5739.984,5740.293
2026-07-30 06:00:00,5740.298,5743.259,5687.232,5690.402
2026-07-30 07:00:00,5690.414,5693.215,5677.275,5693.215
2026-07-30 08:00:00,5693.227,5695.091,5677.674,5680.449
2026-07-30 09:00:00,5680.455,5695.535,5680.319,5690.289
2026-07-30 10:00:00,5690.293,5705.858,5688.42,5705.858
2026-07-30 11:00:00,5705.861,5706.434,5690.818,5701.314
2026-07-30 12:00:00,5701.317,5706.887,5687.356,5687.82
2026-07-30 13:00:00,5687.826,5701.817,5687.826,5692.136
2026-07-30 14:00:00,5692.139,5699.501,5670.948,5673.707
2026-07-30 15:00:00,5673.709,5680.149,5663.301,5680.149
2026-07-30 16:00:00,5680.151,5687.164,5680.151,5682.928
2026-07-30 17:00:00,5682.93,5686.292,5674.391,5682.478
2026-07-30 18:00:00,5682.484,5683.909,5667.3,5680.463
2026-07-30 19:00:00,5680.463,5680.499,5649.784,5650.689
2026-07-30 20:00:00,5650.694,5655.742,5638.524,5639.118
2026-07-30 21:00:00,5639.122,5641.758,5607.611,5614.247
2026-07-30 22:00:00,5614.255,5622.728,5609.988,5622.728
2026-07-30 23:00:00,5622.732,5630.969,5615.154,5616.354
2026-07-31 00:00:00,5616.355,5622.296,5606.405,5608.432
2026-07-31 01:00:00,5608.438,5624.462,5608.438,5618.659
2026-07-31 02:00:00,5618.661,5626.875,5617.876,5625.281
2026-07-31 03:00:00,5625.289,5628.187,5586.328,5587.515
2026-07-31 04:00:00,5587.525,5589.204,5566.805,5570.115
2026-07-31 05:00:00,5570.12,5576.851,5565.72,5572.039
2026-07-31 06:00:00,5572.041,5584.892,5570.761,5584.892
2026-07-31 07:00:00,5584.895,5599.942,5584.895,5598.278
2026-07-31 08:00:00,5598.282,5611.786,5597.25,5600.695
2026-07-31 09:00:00,5600.699,5610.502,5600.699,5607.968
2026-07-31 10:00:00,5607.971,5611.667,5598.427,5607.53
2026-07-31 11:00:00,5607.54,5610.283,5588.855,5600.41
2026-07-31 12:00:00,5600.418,5607.91,5595.616,5597.586
2026-07-31 13:00:00,5597.59,5610.355,5597.59,5606.186
2026-07-31 14:00:00,5606.186,5623.24,5606.186,5623.24
2026-07-31 15:00:00,5623.244,5632.6,5623.244,5632.6
2026-07-31 16:00:00,5632.608,5640.663,5617.085,5619.735
2026-07-31 17:00:00,5619.739,5623.172,5605.196,5614.934
2026-07-31 18:00:00,5614.937,5627.875,5614.937,5620.848
2026-07-31 19:00:00,5620.851,5637.1,5620.851,5633.901
2026-07-31 20:00:00,5633.904,5635.617,5623.951,5627.878
2026-07-31 21:00:00,5627.88,5642.251,5627.88,5642.251
2026-07-31 22:00:00,5642.257,5644.844,5633.227,5644.663
2026-07-31 23:00:00,5644.674,5650.173,5632.149,5642.648
2026-08-01 00:00:00,5642.654,5652.481,5633.308,5636.277
2026-08-01 01:00:00,5636.283,5649.349,5636.283,5649.349
2026-08-01 02:00:00,5649.359,5665.417,5649.359,5665.417
2026-08-01 03:00:00,5665.418,5669.002,5656.946,5661.04
2026-08-01 04:00:00,5661.056,5671.129,5655.14,5671.129
2026-08-01 05:00:00,5671.141,5691.761,5671.141,5691.761
2026-08-01 06:00:00,5691.765,5712.157,5691.765,5707.165
2026-08-01 07:00:00,5707.172,5712.144,5697.019,5708.949
2026-08-01 08:00:00,5708.954,5710.177,5697.576,5707.003
2026-08-01 09:00:00,5707.006,5721.208,5701.208,5709.435
2026-08-01 10:00:00,5709.438,5724.607,5707.548,5724.607
2026-08-01 11:00:00,5724.609,5743.603,5723.597,5743.603
2026-08-01 12:00:00,5743.604,5758.036,5743.604,5758.036
2026-08-01 13:00:00,5758.046,5770.214,5758.046,5765.351
2026-08-01 14:00:00,5765.352,5767.433,5746.089,5752.339
2026-08-01 15:00:00,5752.341,5755.816,5728.207,5729.355
2026-08-01 16:00:00,5729.355,5737.908,5729.042,5736.419
2026-08-01 17:00:00,5736.432,5736.876,5715.868,5720.684
2026-08-01 18:00:00,5720.69,5741.622,5720.69,5741.622
2026-08-01 19:00:00,5741.626,5757.178,5741.626,5746.208
2026-08-01 20:00:00,5746.211,5757.682,5745.21,5757.682
2026-08-01 21:00:00,5757.696,5760.388,5749.56,5756.067
2026-08-01 22:00:00,5756.072,5774.254,5756.072,5774.254
2026-08-01 23:00:00,5774.255,5775.94,5757.692,5763.831
2026-08-02 00:00:00,5763.843,5771.786,5759.036,5764.235
2026-08-02 01:00:00,5764.24,5768.632,5748.888,5752.669
2026-08-02 02:00:00,5752.67,5764.606,5741.791,5742.02
2026-08-02 03:00:00,5742.03,5755.23,5742.03,5748.585
2026-08-02 04:00:00,5748.59,5750.523,5727.777,5729.915
2026-08-02 05:00:00,5729.924,5735.428,5722.345,5725.403
2026-08-02 06:00:00,5725.411,5733.919,5723.567,5729.943
2026-08-02 07:00:00,5729.943,5750.491,5729.943,5750.491
2026-08-02 08:00:00,5750.493,5756.13,5746.006,5754.446
2026-08-02 09:00:00,5754.454,5757.222,5723.958,5736.354
2026-08-02 10:00:00,5736.361,5740.956,5712.595,5713.656
2026-08-02 11:00:00,5713.661,5721.009,5702.686,5708.593
2026-08-02 12:00:00,5708.595,5717.805,5702.983,5709.346
2026-08-02 13:00:00,5709.355,5728.876,5709.355,5728.876
2026-08-02 14:00:00,5728.88,5749.16,5728.88,5749.16
2026-08-02 15:00:00,5749.161,5763.36,5749.161,5757.857
2026-08-02 16:00:00,5757.861,5774.621,5757.861,5770.876
2026-08-02 17:00:00,5770.881,5779.985,5760.942,5762.085
2026-08-02 18:00:00,5762.091,5772.885,5754.066,5755.458
2026-08-02 19:00:00,5755.46,5760.749,5728.19,5729.165
2026-08-02 20:00:00,5729.175,5736.105,5726.122,5735.765
2026-08-02 21:00:00,5735.767,5745.918,5717.481,5723.839
2026-08-02 22:00:00,5723.839,5734.642,5723.839,5733.885
2026-08-02 23:00:00,5733.89,5740.923,5724.42,5734.631
2026-08-03 00:00:00,5734.637,5740.619,5725.066,5730.409
2026-08-03 01:00:00,5730.412,5737.139,5719.52,5720.165
2026-08-03 02:00:00,5720.168,5723.155,5674.61,5674.625
2026-08-03 03:00:00,5674.629,5692.31,5674.629,5688.053
2026-08-03 04:00:00,5688.059,5702.761,5687.538,5698.646
2026-08-03 05:00:00,5698.653,5717.33,5698.653,5717.33
2026-08-03 06:00:00,5717.33,5732.221,5717.33,5732.221
2026-08-03 07:00:00,5732.226,5733.135,5715.615,5719.947
2026-08-03 08:00:00,5719.951,5723.062,5701.395,5707.261
2026-08-03 09:00:00,5707.266,5725.947,5707.266,5716.842
2026-08-03 10:00:00,5716.849,5723.569,5707.386,5712.236
2026-08-03 11:00:00,5712.241,5727.842,5712.241,5727.842
2026-08-03 12:00:00,5727.845,5734.971,5716.276,5719.716
2026-08-03 13:00:00,5719.719,5728.241,5719.719,5728.241
2026-08-03 14:00:00,5728.254,5731.103,5721.902,5725.217
2026-08-03 15:00:00,5725.223,5730.728,5712.759,5722.23
2026-08-03 16:00:00,5722.231,5730.8,5714.197,5730.8
2026-08-03 17:00:00,5730.802,5733.831,5722.49,5733.307
2026-08-03 18:00:00,5733.308,5744.232,5730.556,5744.232
2026-08-03 19:00:00,5744.238,5763.672,5744.238,5763.672
2026-08-03 20:00:00,5763.673,5778.048,5762.029,5778.048
2026-08-03 21:00:00,5778.054,5795.931,5778.054,5778.542
2026-08-03 22:00:00,5778.55,5798.357,5778.55,5797.287
2026-08-03 23:00:00,5797.294,5800.06,5784.078,5786.792
2026-08-04 00:00:00,5786.794,5795.456,5778.915,5789.818
2026-08-04 01:00:00,5789.82,5802.033,5786.407,5802.033
2026-08-04 02:00:00,5802.037,5816.066,5802.037,5816.066
2026-08-04 03:00:00,5816.07,5827.207,5816.07,5827.207
2026-08-04 04:00:00,5827.208,5839.863,5827.208,5839.741
2026-08-04 05:00:00,5839.749,5844.593,5824.34,5824.509
2026-08-04 06:00:00,5824.513,5828.374,5788.606,5791.443
2026-08-04 07:00:00,5791.444,5791.74,5774.078,5786.99
2026-08-04 08:00:00,5787.002,5805.309,5787.002,5793.264
2026-08-04 09:00:00,5793.269,5803.646,5790.602,5798.623
2026-08-04 10:00:00,5798.626,5800.164,5763.412,5771.941
2026-08-04 11:00:00,5771.944,5777.994,5744.582,5746.352
2026-08-04 12:00:00,5746.362,5759.703,5746.362,5759.703
2026-08-04 13:00:00,5759.714,5760.118,5739.296,5750.269
2026-08-04 14:00:00,5750.277,5759.414,5743.012,5745.396
2026-08-04 15:00:00,5745.404,5750.034,5741.507,5747.892
2026-08-04 16:00:00,5747.894,5753.402,5739.562,5753.402
2026-08-04 17:00:00,5753.41,5765.389,5753.41,5765.389
2026-08-04 18:00:00,5765.39,5779.341,5765.39,5779.341
2026-08-04 19:00:00,5779.349,5784.348,5769.6,5770.912
2026-08-04 20:00:00,5770.913,5778.894,5761.023,5768.749
2026-08-04 21:00:00,5768.749,5780.586,5764.105,5769.221
2026-08-04 22:00:00,5769.225,5785.641,5769.225,5781.238
2026-08-04 23:00:00,5781.241,5784.557,5758.361,5759.786
2026-08-05 00:00:00,5759.798,5763.965,5753.365,5761.547
2026-08-05 01:00:00,5761.55,5780.075,5761.55,5767.198
2026-08-05 02:00:00,5767.207,5774.492,5763.966,5772.432
2026-08-05 03:00:00,5772.44,5778.745,5761.28,5761.368
2026-08-05 04:00:00,5761.369,5765.659,5737.121,5743.038
2026-08-05 05:00:00,5743.04,5744.199,5713.576,5716.574
2026-08-05 06:00:00,5716.575,5728.417,5716.575,5725.726
2026-08-05 07:00:00,5725.733,5728.128,5697.083,5702.53
2026-08-05 08:00:00,5702.537,5714.245,5700.171,5703.59
2026-08-05 09:00:00,5703.598,5705.651,5691.683,5704.002
2026-08-05 10:00:00,5704.005,5710.705,5699.431,5709.859
2026-08-05 11:00:00,5709.862,5726.57,5709.862,5718.942
2026-08-05 12:00:00,5718.952,5732.285,5714.794,5732.285
2026-08-05 13:00:00,5732.294,5738.656,5732.294,5738.656
2026-08-05 14:00:00,5738.663,5751.962,5737.654,5738.164
2026-08-05 15:00:00,5738.178,5742.779,5732.734,5738.614
2026-08-05 16:00:00,5738.615,5753.718,5736.538,5747.627
2026-08-05 17:00:00,5747.627,5750.215,5734.46,5740.415
2026-08-05 18:00:00,5740.422,5742.295,5730.709,5742.295
2026-08-05 19:00:00,5742.298,5742.426,5711.989,5727.511
2026-08-05 20:00:00,5727.518,5734.642,5723.101,5734.642
2026-08-05 21:00:00,5734.649,5752.647,5734.649,5752.647
2026-08-05 22:00:00,5752.664,5768.965,5748.315,5768.965
2026-08-05 23:00:00,5768.972,5782.877,5765.174,5782.877
2026-08-06 00:00:00,5782.885,5791.052,5773.648,5785.107
2026-08-06 01:00:00,5785.121,5797.125,5784.812,5793.233
2026-08-06 02:00:00,5793.244,5804.33,5793.244,5802.489
2026-08-06 03:00:00,5802.497,5814.811,5801.81,5813.652
2026-08-06 04:00:00,5813.657,5816.55,5799.797,5810.164
2026-08-06 05:00:00,5810.172,5811.181,5796.62,5804.841
2026-08-06 06:00:00,5804.851,5812.309,5798.574,5805.412
2026-08-06 07:00:00,5805.416,5819.518,5805.416,5819.518
2026-08-06 08:00:00,5819.526,5821.205,5793.968,5811.411
2026-08-06 09:00:00,5811.419,5828.139,5799.401,5799.909
2026-08-06 10:00:00,5799.914,5802.859,5789.491,5794.249
2026-08-06 11:00:00,5794.25,5796.502,5786.643,5789.35
2026-08-06 12:00:00,5789.36,5801.057,5789.36,5797.216
2026-08-06 13:00:00,5797.227,5807.601,5787.034,5787.803
2026-08-06 14:00:00,5787.806,5799.032,5787.729,5789.674
2026-08-06 15:00:00,5789.684,5789.904,5762.204,5775.644
2026-08-06 16:00:00,5775.645,5789.999,5775.645,5781.74
2026-08-06 17:00:00,5781.749,5781.797,5761.31,5762.337
2026-08-06 18:00:00,5762.341,5764.909,5752.311,5758.91
2026-08-06 19:00:00,5758.918,5773.873,5758.433,5773.873
2026-08-06 20:00:00,5773.879,5775.677,5762.719,5766.695
2026-08-06 21:00:00,5766.696,5767.286,5753.541,5759.528
2026-08-06 22:00:00,5759.535,5760.744,5734.09,5744.47
2026-08-06 23:00:00,5744.482,5758.038,5744.482,5752.831
2026-08-07 00:00:00,5752.839,5758.926,5745.627,5758.926
2026-08-07 01:00:00,5758.931,5762.462,5732.135,5733.764
2026-08-07 02:00:00,5733.765,5753.751,5733.765,5753.751
2026-08-07 03:00:00,5753.753,5765.637,5753.753,5765.637
2026-08-07 04:00:00,5765.637,5769.717,5747.575,5748.034
2026-08-07 05:00:00,5748.041,5761.658,5748.041,5761.658
2026-08-07 06:00:00,5761.668,5770.415,5753.438,5758.329
2026-08-07 07:00:00,5758.335,5772.411,5758.335,5768.823
2026-08-07 08:00:00,5768.835,5784.614,5766.415,5784.614
2026-08-07 09:00:00,5784.625,5790.867,5769.546,5774.586
2026-08-07 10:00:00,5774.591,5785.403,5772.849,5778.596
2026-08-07 11:00:00,5778.604,5789.639,5778.458,5786.33
2026-08-07 12:00:00,5786.332,5794.545,5765.533,5766.992
2026-08-07 13:00:00,5767.003,5778.978,5764.103,5764.24
2026-08-07 14:00:00,5764.24,5780.218,5764.24,5780.218
2026-08-07 15:00:00,5780.226,5790.083,5780.226,5786.596
2026-08-07 16:00:00,5786.601,5790.636,5769.261,5778.868
2026-08-07 17:00:00,5778.873,5784.091,5746.42,5746.564
2026-08-07 18:00:00,5746.568,5753.659,5736.125,5746.419
2026-08-07 19:00:00,5746.421,5749.997,5739.004,5740.502
2026-08-07 20:00:00,5740.513,5755.571,5740.513,5750.492
2026-08-07 21:00:00,5750.503,5757.84,5745.308,5748.064
2026-08-07 22:00:00,5748.071,5765.016,5748.071,5752.67
2026-08-07 23:00:00,5752.673,5761.262,5747.829,5754.828
2026-08-08 00:00:00,5754.832,5759.374,5741.262,5749.93
2026-08-08 01:00:00,5749.93,5763.595,5745.843,5749.235
2026-08-08 02:00:00,5749.246,5752.354,5739.926,5742.581
2026-08-08 03:00:00,5742.585,5746.765,5718.207,5718.777
2026-08-08 04:00:00,5718.781,5725.421,5712.182,5720.048
2026-08-08 05:00:00,5720.055,5732.884,5720.055,5729.17
2026-08-08 06:00:00,5729.176,5749.196,5729.176,5738.859
2026-08-08 07:00:00,5738.865,5744.041,5724.975,5729.893
2026-08-08 08:00:00,5729.899,5746.294,5726.788,5746.294
2026-08-08 09:00:00,5746.298,5750.212,5734.151,5734.312
2026-08-08 10:00:00,5734.319,5746.679,5734.319,5742.696
2026-08-08 11:00:00,5742.705,5762.245,5742.705,5762.245
2026-08-08 12:00:00,5762.252,5766.957,5745.722,5746.159
2026-08-08 13:00:00,5746.161,5746.277,5712.565,5717.373
2026-08-08 14:00:00,5717.374,5728.886,5716.959,5728.886
2026-08-08 15:00:00,5728.888,5740.706,5725.587,5728.192
2026-08-08 16:00:00,5728.194,5737.26,5728.105,5737.26
2026-08-08 17:00:00,5737.261,5744.752,5722.479,5723.157
2026-08-08 18:00:00,5723.163,5731.127,5710.769,5713.794
2026-08-08 19:00:00,5713.803,5721.841,5698.232,5699.646
2026-08-08 20:00:00,5699.647,5701.007,5687.57,5695.678
2026-08-08 21:00:00,5695.685,5696.691,5674.733,5688.79
2026-08-08 22:00:00,5688.792,5699.429,5680.203,5686.567
2026-08-08 23:00:00,5686.575,5692.263,5681.062,5692.263
2026-08-09 00:00:00,5692.272,5707.381,5692.272,5701.752
2026-08-09 01:00:00,5701.754,5706.959,5692.072,5695.259
2026-08-09 02:00:00,5695.263,5707.226,5688.289,5707.226
2026-08-09 03:00:00,5707.232,5713.354,5690.665,5694.322
2026-08-09 04:00:00,5694.331,5705.719,5686.54,5705.719
2026-08-09 05:00:00,5705.725,5716.287,5696.5,5710.41
2026-08-09 06:00:00,5710.419,5723.351,5705.039,5705.414
2026-08-09 07:00:00,5705.416,5711.165,5695.386,5697.088
2026-08-09 08:00:00,5697.091,5709.477,5677.717,5680.904
2026-08-09 09:00:00,5680.908,5689.3,5674.551,5681.864
2026-08-09 10:00:00,5681.869,5692.833,5670.589,5671.28
2026-08-09 11:00:00,5671.281,5679.321,5652.013,5656.074
2026-08-09 12:00:00,5656.085,5658.385,5637.552,5641.25
2026-08-09 13:00:00,5641.251,5660.973,5641.251,5652.101
2026-08-09 14:00:00,5652.102,5658.734,5632.207,5640.941
2026-08-09 15:00:00,5640.945,5647.324,5629.125,5630.347
2026-08-09 16:00:00,5630.347,5647.89,5630.347,5647.89
2026-08-09 17:00:00,5647.892,5658.943,5647.615,5652.357
2026-08-09 18:00:00,5652.367,5667.818,5650.109,5667.818
2026-08-09 19:00:00,5667.826,5688.199,5667.826,5688.199
2026-08-09 20:00:00,5688.201,5698.677,5673.277,5676.261
2026-08-09 21:00:00,5676.266,5690.575,5676.266,5685.839
2026-08-09 22:00:00,5685.845,5690.387,5680.022,5682.013
2026-08-09 23:00:00,5682.014,5701.86,5682.014,5692.268
2026-08-10 00:00:00,5692.275,5703.498,5690.843,5692.591
2026-08-10 01:00:00,5692.6,5699.863,5681.935,5691.394
2026-08-10 02:00:00,5691.399,5692.398,5653.411,5663.82
2026-08-10 03:00:00,5663.834,5671.981,5651.326,5660.803
2026-08-10 04:00:00,5660.818,5668.763,5655.909,5668.763
2026-08-10 05:00:00,5668.763,5688.592,5668.763,5688.592
2026-08-10 06:00:00,5688.596,5691.264,5671.516,5679.822
2026-08-10 07:00:00,5679.825,5680.591,5665.08,5669.641
2026-08-10 08:00:00,5669.648,5670.083,5657.385,5661.61
2026-08-10 09:00:00,5661.619,5671.412,5661.619,5670.021
2026-08-10 10:00:00,5670.023,5670.692,5653.168,5664.62
2026-08-10 11:00:00,5664.624,5668.707,5645.783,5649.364
2026-08-10 12:00:00,5649.365,5659.796,5643.753,5659.796
2026-08-10 13:00:00,5659.802,5676.491,5659.802,5676.491
2026-08-10 14:00:00,5676.498,5681.663,5669.493,5676.069
2026-08-10 15:00:00,5676.08,5676.989,5638.816,5641.746
2026-08-10 16:00:00,5641.752,5651.926,5641.752,5651.926
2026-08-10 17:00:00,5651.935,5672.21,5651.935,5672.21
2026-08-10 18:00:00,5672.223,5684.268,5670.746,5683.822
2026-08-10 19:00:00,5683.826,5695.329,5667.473,5671.497
2026-08-10 20:00:00,5671.505,5673.708,5653.106,5659.103
2026-08-10 21:00:00,5659.108,5659.165,5620.405,5623.619
2026-08-10 22:00:00,5623.62,5636.661,5618.987,5620.485
2026-08-10 23:00:00,5620.486,5624.672,5589.815,5589.931
2026-08-11 00:00:00,5589.946,5608.527,5588.794,5608.527
2026-08-11 01:00:00,5608.529,5619.889,5608.529,5615.753
2026-08-11 02:00:00,5615.753,5626.649,5615.753,5624.843
2026-08-11 03:00:00,5624.863,5644.713,5624.863,5644.713
2026-08-11 04:00:00,5644.72,5653.802,5640.21,5642.54
2026-08-11 05:00:00,5642.541,5651.854,5625.382,5626.756
2026-08-11 06:00:00,5626.769,5641.295,5626.769,5639.033
2026-08-11 07:00:00,5639.041,5655.586,5638.157,5641.024
2026-08-11 08:00:00,5641.024,5643.912,5607.789,5611.749
2026-08-11 09:00:00,5611.754,5614.256,5599.91,5605.234
2026-08-11 10:00:00,5605.244,5605.548,5586.065,5587.218
2026-08-11 11:00:00,5587.219,5595.401,5584.834,5590.238
2026-08-11 12:00:00,5590.247,5595.96,5578.216,5580.452
2026-08-11 13:00:00,5580.459,5584.704,5555.201,5555.987
2026-08-11 14:00:00,5555.989,5560.92,5545.354,5552.856
2026-08-11 15:00:00,5552.858,5557.539,5545.396,5551.09
2026-08-11 16:00:00,5551.093,5555.299,5529.805,5531.538
2026-08-11 17:00:00,5531.549,5538.785,5527.076,5533.811
2026-08-11 18:00:00,5533.816,5552.04,5533.816,5543.547
2026-08-11 19:00:00,5543.549,5559.526,5543.549,5559.526
2026-08-11 20:00:00,5559.533,5562.747,5549.99,5554.117
2026-08-11 21:00:00,5554.12,5564.672,5554.12,5564.672
2026-08-11 22:00:00,5564.676,5580.417,5564.676,5577.546
2026-08-11 23:00:00,5577.56,5598.053,5577.56,5598.053
2026-08-12 00:00:00,5598.06,5615.056,5598.06,5615.056
2026-08-12 01:00:00,5615.061,5625.266,5613.862,5618.119
2026-08-12 02:00:00,5618.12,5623.182,5605.68,5608.848
2026-08-12 03:00:00,5608.85,5614.541,5598.172,5602.539
2026-08-12 04:00:00,5602.548,5611.316,5600.219,5611.316
2026-08-12 05:00:00,5611.317,5617.326,5599.245,5604.343
2026-08-12 06:00:00,5604.35,5615.374,5604.35,5615.374
2026-08-12 07:00:00,5615.376,5630.94,5615.376,5630.735
2026-08-12 08:00:00,5630.745,5650.611,5630.745,5650.611
2026-08-12 09:00:00,5650.616,5662.463,5650.616,5662.463
2026-08-12 10:00:00,5662.468,5667.85,5647.968,5656.707
2026-08-12 11:00:00,5656.716,5669.37,5656.716,5663.731
2026-08-12 12:00:00,5663.742,5673.308,5661.147,5663.728
2026-08-12 13:00:00,5663.736,5674.669,5659.103,5660.722
2026-08-12 14:00:00,5660.723,5669.146,5654.589,5660.618
2026-08-12 15:00:00,5660.62,5677.509,5660.62,5673.123
2026-08-12 16:00:00,5673.142,5685.989,5665.513,5685.989
2026-08-12 17:00:00,5686.0,5691.703,5666.289,5666.772
2026-08-12 18:00:00,5666.782,5681.796,5666.782,5681.796
2026-08-12 19:00:00,5681.797,5683.963,5668.346,5682.338
2026-08-12 20:00:00,5682.338,5696.11,5682.338,5695.32
2026-08-12 21:00:00,5695.322,5699.71,5685.781,5685.977
2026-08-12 22:00:00,5685.979,5686.846,5657.008,5661.339
2026-08-12 23:00:00,5661.343,5671.73,5661.343,5668.144
2026-08-13 00:00:00,5668.145,5679.473,5667.41,5679.473
2026-08-13 01:00:00,5679.478,5684.782,5676.887,5683.035
2026-08-13 02:00:00,5683.036,5685.051,5670.368,5685.051
2026-08-13 03:00:00,5685.053,5687.572,5668.378,5676.038
2026-08-13 04:00:00,5676.044,5690.338,5676.044,5690.338
2026-08-13 05:00:00,5690.347,5692.7,5670.8,5679.163
2026-08-13 06:00:00,5679.167,5687.605,5676.245,5687.605
2026-08-13 07:00:00,5687.608,5689.68,5671.63,5677.179
2026-08-13 08:00:00,5677.185,5682.589,5658.049,5662.12
2026-08-13 09:00:00,5662.134,5675.604,5660.633,5667.607
2026-08-13 10:00:00,5667.607,5675.268,5662.988,5675.268
2026-08-13 11:00:00,5675.275,5688.723,5672.012,5688.723
2026-08-13 12:00:00,5688.736,5693.453,5676.453,5679.203
2026-08-13 13:00:00,5679.211,5681.723,5668.863,5681.723
2026-08-13 14:00:00,5681.735,5686.264,5668.964,5679.131
2026-08-13 15:00:00,5679.134,5685.778,5677.951,5683.682
2026-08-13 16:00:00,5683.687,5690.655,5680.669,5690.655
2026-08-13 17:00:00,5690.662,5696.145,5684.809,5694.413
2026-08-13 18:00:00,5694.417,5703.084,5688.433,5703.084
2026-08-13 19:00:00,5703.085,5707.295,5698.987,5706.751
2026-08-13 20:00:00,5706.754,5712.926,5700.779,5706.415
2026-08-13 21:00:00,5706.429,5717.834,5706.429,5712.157
2026-08-13 22:00:00,5712.167,5717.425,5702.126,5708.425
2026-08-13 23:00:00,5708.429,5721.73,5708.185,5721.73
2026-08-14 00:00:00,5721.735,5728.888,5714.772,5728.888
2026-08-14 01:00:00,5728.889,5729.633,5703.73,5710.223
2026-08-14 02:00:00,5710.236,5716.412,5681.591,5686.619
2026-08-14 03:00:00,5686.619,5703.306,5686.619,5694.933
2026-08-14 04:00:00,5694.934,5697.986,5690.369,5697.986
2026-08-14 05:00:00,5697.991,5698.112,5680.697,5689.006
2026-08-14 06:00:00,5689.012,5699.49,5689.012,5694.368
2026-08-14 07:00:00,5694.37,5706.673,5693.669,5706.673
2026-08-14 08:00:00,5706.677,5708.701,5700.037,5708.416
2026-08-14 09:00:00,5708.425,5715.635,5702.601,5715.635
2026-08-14 10:00:00,5715.637,5725.573,5710.197,5716.917
2026-08-14 11:00:00,5716.918,5719.934,5701.47,5706.54
2026-08-14 12:00:00,5706.543,5707.057,5687.064,5688.929
2026-08-14 13:00:00,5688.935,5695.217,5668.451,5670.021
2026-08-14 14:00:00,5670.03,5673.858,5660.99,5669.262
2026-08-14 15:00:00,5669.265,5689.867,5669.265,5689.867
2026-08-14 16:00:00,5689.875,5700.396,5689.873,5700.396
2026-08-14 17:00:00,5700.4,5713.052,5699.202,5702.773
2026-08-14 18:00:00,5702.785,5703.145,5686.974,5691.719
2026-08-14 19:00:00,5691.72,5691.87,5677.97,5683.872
2026-08-14 20:00:00,5683.874,5689.265,5681.658,5682.759
2026-08-14 21:00:00,5682.77,5693.749,5681.367,5682.883
2026-08-14 22:00:00,5682.897,5689.771,5669.196,5670.693
2026-08-14 23:00:00,5670.694,5676.693,5656.526,5670.856
2026-08-15 00:00:00,5670.864,5679.275,5668.28,5672.982
2026-08-15 01:00:00,5672.986,5676.45,5661.667,5667.606
2026-08-15 02:00:00,5667.616,5683.023,5667.616,5683.023
2026-08-15 03:00:00,5683.034,5684.764,5661.692,5669.843
2026-08-15 04:00:00,5669.844,5687.986,5669.844,5687.986
2026-08-15 05:00:00,5687.998,5688.892,5673.968,5683.839
2026-08-15 06:00:00,5683.845,5698.844,5681.488,5698.844
2026-08-15 07:00:00,5698.845,5708.035,5697.523,5704.974
2026-08-15 08:00:00,5704.978,5719.252,5702.666,5702.666
2026-08-15 09:00:00,5702.672,5709.724,5700.999,5709.724
2026-08-15 10:00:00,5709.732,5726.535,5709.732,5723.238
2026-08-15 11:00:00,5723.244,5739.599,5723.244,5739.599
2026-08-15 12:00:00,5739.607,5740.691,5726.443,5736.176
2026-08-15 13:00:00,5736.18,5741.113,5728.065,5734.947
2026-08-15 14:00:00,5734.956,5739.107,5726.913,5731.553
2026-08-15 15:00:00,5731.556,5736.139,5718.682,5726.606
2026-08-15 16:00:00,5726.618,5736.15,5726.618,5734.202
2026-08-15 17:00:00,5734.203,5734.265,5710.046,5712.699
2026-08-15 18:00:00,5712.702,5719.556,5705.124,5706.508
2026-08-15 19:00:00,5706.516,5709.83,5691.858,5709.192
2026-08-15 20:00:00,5709.196,5710.435,5686.946,5698.165
2026-08-15 21:00:00,5698.171,5717.439,5698.171,5717.439
2026-08-15 22:00:00,5717.447,5723.252,5701.563,5708.799
2026-08-15 23:00:00,5708.8,5714.32,5704.869,5712.84
2026-08-16 00:00:00,5712.841,5721.855,5707.839,5711.617
2026-08-16 01:00:00,5711.618,5723.191,5711.618,5723.191
2026-08-16 02:00:00,5723.196,5732.153,5699.321,5699.929
2026-08-16 03:00:00,5699.934,5711.944,5698.701,5711.944
2026-08-16 04:00:00,5711.951,5730.28,5711.951,5730.28
2026-08-16 05:00:00,5730.282,5733.459,5720.25,5725.929
2026-08-16 06:00:00,5725.94,5732.099,5718.605,5732.099
2026-08-16 07:00:00,5732.099,5752.604,5732.099,5752.604
2026-08-16 08:00:00,5752.609,5771.036,5752.609,5771.036
2026-08-16 09:00:00,5771.041,5786.276,5771.041,5785.005
2026-08-16 10:00:00,5785.007,5794.676,5774.568,5794.676
2026-08-16 11:00:00,5794.681,5795.884,5778.094,5785.233
2026-08-16 12:00:00,5785.234,5786.299,5771.319,5785.088
2026-08-16 13:00:00,5785.095,5805.338,5785.095,5805.338
2026-08-16 14:00:00,5805.34,5821.495,5805.34,5820.735
2026-08-16 15:00:00,5820.74,5825.475,5802.301,5806.69
2026-08-16 16:00:00,5806.698,5815.746,5789.26,5792.651
2026-08-16 17:00:00,5792.653,5796.079,5757.914,5763.388
2026-08-16 18:00:00,5763.395,5767.463,5754.269,5757.457
2026-08-16 19:00:00,5757.463,5762.463,5750.762,5758.816
2026-08-16 20:00:00,5758.817,5775.544,5751.892,5752.894
2026-08-16 21:00:00,5752.895,5768.026,5751.943,5753.3
2026-08-16 22:00:00,5753.311,5762.039,5744.579,5762.039
2026-08-16 23:00:00,5762.044,5771.319,5761.501,5768.1
2026-08-17 00:00:00,5768.104,5774.374,5763.148,5765.705
2026-08-17 01:00:00,5765.709,5769.466,5742.675,5745.426
2026-08-17 02:00:00,5745.428,5746.904,5708.124,5708.124
2026-08-17 03:00:00,5708.125,5715.424,5698.726,5700.352
2026-08-17 04:00:00,5700.357,5709.502,5699.024,5707.055
2026-08-17 05:00:00,5707.064,5718.54,5706.748,5718.54
2026-08-17 06:00:00,5718.541,5721.322,5710.903,5721.322
2026-08-17 07:00:00,5721.328,5732.315,5720.077,5728.489
2026-08-17 08:00:00,5728.498,5733.197,5720.235,5723.321
2026-08-17 09:00:00,5723.33,5737.262,5723.06,5737.262
2026-08-17 10:00:00,5737.274,5748.251,5734.29,5745.563
2026-08-17 11:00:00,5745.565,5766.045,5745.565,5766.045
2026-08-17 12:00:00,5766.051,5777.9,5764.81,5777.897
2026-08-17 13:00:00,5777.899,5778.123,5740.869,5742.556
2026-08-17 14:00:00,5742.564,5760.058,5742.564,5759.984
2026-08-17 15:00:00,5759.985,5764.206,5747.596,5751.747
2026-08-17 16:00:00,5751.749,5753.628,5732.014,5740.23
2026-08-17 17:00:00,5740.236,5744.614,5720.754,5731.581
2026-08-17 18:00:00,5731.592,5738.007,5725.097,5738.007
2026-08-17 19:00:00,5738.008,5742.434,5734.426,5742.031
2026-08-17 20:00:00,5742.031,5753.129,5739.101,5748.649
2026-08-17 21:00:00,5748.658,5764.561,5748.658,5760.467
2026-08-17 22:00:00,5760.474,5768.577,5742.476,5753.286
2026-08-17 23:00:00,5753.296,5768.233,5753.296,5768.233
2026-08-18 00:00:00,5768.241,5774.576,5736.819,5739.063
2026-08-18 01:00:00,5739.064,5749.093,5735.473,5745.236
2026-08-18 02:00:00,5745.238,5764.252,5744.802,5755.763
2026-08-18 03:00:00,5755.777,5757.875,5747.177,5751.455
2026-08-18 04:00:00,5751.459,5768.626,5751.459,5768.626
2026-08-18 05:00:00,5768.633,5773.936,5752.292,5755.731
2026-08-18 06:00:00,5755.746,5770.326,5755.746,5770.326
2026-08-18 07:00:00,5770.326,5786.422,5770.326,5786.422
2026-08-18 08:00:00,5786.423,5789.96,5764.084,5771.272
2026-08-18 09:00:00,5771.274,5776.705,5767.973,5775.485
2026-08-18 10:00:00,5775.492,5781.298,5772.794,5781.298
2026-08-18 11:00:00,5781.308,5787.711,5761.997,5774.568
2026-08-18 12:00:00,5774.582,5791.602,5774.582,5791.602
2026-08-18 13:00:00,5791.615,5805.421,5791.444,5794.528
2026-08-18 14:00:00,5794.539,5799.145,5787.61,5794.601
2026-08-18 15:00:00,5794.604,5801.096,5788.909,5791.976
2026-08-18 16:00:00,5791.976,5804.936,5791.976,5804.936
2026-08-18 17:00:00,5804.947,5822.99,5804.947,5822.437
2026-08-18 18:00:00,5822.446,5839.14,5819.54,5839.14
2026-08-18 19:00:00,5839.15,5847.653,5832.364,5845.173
2026-08-18 20:00:00,5845.173,5857.834,5841.418,5857.834
2026-08-18 21:00:00,5857.836,5869.088,5854.609,5859.476
2026-08-18 22:00:00,5859.478,5867.539,5853.156,5867.539
2026-08-18 23:00:00,5867.541,5872.285,5851.984,5856.001
2026-08-19 00:00:00,5856.002,5860.216,5850.101,5854.615
2026-08-19 01:00:00,5854.619,5871.499,5854.619,5865.898
2026-08-19 02:00:00,5865.899,5871.542,5841.713,5843.47
2026-08-19 03:00:00,5843.479,5848.461,5833.345,5843.875
2026-08-19 04:00:00,5843.889,5861.865,5843.889,5855.964
2026-08-19 05:00:00,5855.966,5864.752,5853.926,5861.689
2026-08-19 06:00:00,5861.69,5871.797,5849.004,5851.351
2026-08-19 07:00:00,5851.356,5859.39,5847.593,5859.24
2026-08-19 08:00:00,5859.257,5879.333,5859.257,5876.654
2026-08-19 09:00:00,5876.662,5888.788,5871.792,5880.103
2026-08-19 10:00:00,5880.108,5890.427,5866.753,5870.312
2026-08-19 11:00:00,5870.318,5882.719,5863.614,5882.719
2026-08-19 12:00:00,5882.727,5901.67,5882.727,5901.67
2026-08-19 13:00:00,5901.677,5905.37,5889.736,5905.37
2026-08-19 14:00:00,5905.372,5916.312,5900.324,5909.466
2026-08-19 15:00:00,5909.47,5913.673,5897.061,5910.886
2026-08-19 16:00:00,5910.886,5913.867,5891.897,5893.9
2026-08-19 17:00:00,5893.904,5908.791,5893.904,5904.578
2026-08-19 18:00:00,5904.59,5910.503,5891.166,5910.503
2026-08-19 19:00:00,5910.51,5915.935,5904.456,5913.541
2026-08-19 20:00:00,5913.554,5917.193,5898.18,5913.789
2026-08-19 21:00:00,5913.799,5927.295,5905.627,5906.134
2026-08-19 22:00:00,5906.138,5906.245,5886.415,5895.166
2026-08-19 23:00:00,5895.179,5898.588,5877.652,5884.501
2026-08-20 00:00:00,5884.507,5892.578,5837.274,5840.114
2026-08-20 01:00:00,5840.121,5845.959,5834.717,5840.58
2026-08-20 02:00:00,5840.592,5856.623,5840.056,5856.623
2026-08-20 03:00:00,5856.627,5872.88,5856.627,5872.859
2026-08-20 04:00:00,5872.859,5878.755,5845.26,5851.104
2026-08-20 05:00:00,5851.105,5852.855,5818.47,5820.102
2026-08-20 06:00:00,5820.106,5824.465,5804.917,5807.238
2026-08-20 07:00:00,5807.242,5817.177,5803.428,5813.678
2026-08-20 08:00:00,5813.683,5823.562,5808.022,5823.562
2026-08-20 09:00:00,5823.566,5827.202,5811.006,5818.307
2026-08-20 10:00:00,5818.31,5820.079,5799.63,5814.376
2026-08-20 11:00:00,5814.384,5824.025,5811.192,5811.818
2026-08-20 12:00:00,5811.832,5818.524,5804.959,5818.524
2026-08-20 13:00:00,5818.538,5819.006,5773.546,5780.553
2026-08-20 14:00:00,5780.559,5780.616,5761.487,5776.353
2026-08-20 15:00:00,5776.359,5780.394,5765.336,5780.394
2026-08-20 16:00:00,5780.403,5782.906,5772.59,5782.906
2026-08-20 17:00:00,5782.907,5795.102,5771.482,5773.253
2026-08-20 18:00:00,5773.255,5792.575,5773.255,5792.343
2026-08-20 19:00:00,5792.352,5805.275,5792.352,5802.625
2026-08-20 20:00:00,5802.628,5803.338,5784.232,5792.702
2026-08-20 21:00:00,5792.704,5798.808,5779.595,5783.317
2026-08-20 22:00:00,5783.328,5783.328,5730.169,5739.152
2026-08-20 23:00:00,5739.152,5751.73,5739.152,5750.862
2026-08-21 00:00:00,5750.874,5751.703,5738.319,5745.965
2026-08-21 01:00:00,5745.97,5763.74,5745.97,5763.74
2026-08-21 02:00:00,5763.748,5784.788,5763.748,5784.788
2026-08-21 03:00:00,5784.79,5791.321,5771.109,5777.837
2026-08-21 04:00:00,5777.838,5789.731,5777.838,5785.782
2026-08-21 05:00:00,5785.785,5792.17,5780.601,5787.999
2026-08-21 06:00:00,5788.005,5807.495,5788.005,5807.495
2026-08-21 07:00:00,5807.5,5817.96,5800.77,5807.599
2026-08-21 08:00:00,5807.605,5810.92,5795.055,5804.846
2026-08-21 09:00:00,5804.851,5822.247,5804.851,5822.247
2026-08-21 10:00:00,5822.248,5838.309,5821.824,5826.406
2026-08-21 11:00:00,5826.413,5837.974,5826.413,5837.974
2026-08-21 12:00:00,5837.989,5844.579,5834.931,5841.909
2026-08-21 13:00:00,5841.91,5842.775,5832.195,5835.414
2026-08-21 14:00:00,5835.416,5843.701,5807.079,5811.056
2026-08-21 15:00:00,5811.057,5821.643,5807.367,5815.441
2026-08-21 16:00:00,5815.453,5832.218,5815.453,5823.677
2026-08-21 17:00:00,5823.681,5839.588,5823.681,5839.588
2026-08-21 18:00:00,5839.594,5860.604,5839.594,5860.604
2026-08-21 19:00:00,5860.611,5862.606,5850.656,5854.293
2026-08-21 20:00:00,5854.301,5868.951,5852.807,5868.951
2026-08-21 21:00:00,5868.964,5877.315,5858.492,5860.47
2026-08-21 22:00:00,5860.483,5874.583,5854.746,5874.583
2026-08-21 23:00:00,5874.591,5885.931,5869.92,5885.931
2026-08-22 00:00:00,5885.942,5888.202,5867.967,5873.844
2026-08-22 01:00:00,5873.848,5884.145,5871.999,5875.445
2026-08-22 02:00:00,5875.455,5887.987,5875.455,5887.987
2026-08-22 03:00:00,5887.99,5901.286,5887.99,5892.405
2026-08-22 04:00:00,5892.408,5898.555,5868.091,5869.377
2026-08-22 05:00:00,5869.386,5885.529,5869.386,5885.529
2026-08-22 06:00:00,5885.531,5892.514,5883.042,5884.758
2026-08-22 07:00:00,5884.763,5896.404,5884.763,5896.404
2026-08-22 08:00:00,5896.409,5901.435,5889.983,5899.958
2026-08-22 09:00:00,5899.96,5910.181,5899.96,5910.181
2026-08-22 10:00:00,5910.184,5919.302,5908.191,5914.691
2026-08-22 11:00:00,5914.696,5927.191,5914.309,5927.049
2026-08-22 12:00:00,5927.056,5936.347,5921.783,5931.128
2026-08-22 13:00:00,5931.129,5938.701,5931.129,5938.701
2026-08-22 14:00:00,5938.704,5955.109,5938.704,5946.234
2026-08-22 15:00:00,5946.237,5950.691,5933.879,5934.481
2026-08-22 16:00:00,5934.483,5942.899,5932.081,5942.465
2026-08-22 17:00:00,5942.473,5963.271,5942.473,5963.271
2026-08-22 18:00:00,5963.274,5973.67,5951.016,5953.259
2026-08-22 19:00:00,5953.264,5957.285,5935.265,5940.402
2026-08-22 20:00:00,5940.402,5943.968,5926.218,5943.968
2026-08-22 21:00:00,5943.982,5948.427,5936.727,5944.36
2026-08-22 22:00:00,5944.361,5945.173,5933.118,5939.97
2026-08-22 23:00:00,5939.971,5947.983,5933.656,5944.943
2026-08-23 00:00:00,5944.956,5948.501,5921.166,5923.328
2026-08-23 01:00:00,5923.332,5926.433,5911.381,5917.415
2026-08-23 02:00:00,5917.422,5926.447,5916.451,5925.323
2026-08-23 03:00:00,5925.333,5926.741,5906.486,5915.901
2026-08-23 04:00:00,5915.902,5918.434,5908.812,5912.51
2026-08-23 05:00:00,5912.512,5923.034,5911.654,5917.738
2026-08-23 06:00:00,5917.74,5928.828,5917.74,5928.619
2026-08-23 07:00:00,5928.62,5949.756,5928.62,5949.756
2026-08-23 08:00:00,5949.757,5963.957,5948.378,5960.947
2026-08-23 09:00:00,5960.954,5968.519,5953.762,5953.897
2026-08-23 10:00:00,5953.903,5957.058,5938.967,5939.152
2026-08-23 11:00:00,5939.161,5946.43,5923.471,5933.377
2026-08-23 12:00:00,5933.385,5945.849,5933.385,5942.648
2026-08-23 13:00:00,5942.651,5943.549,5925.961,5938.835
2026-08-23 14:00:00,5938.837,5944.57,5927.403,5930.795
2026-08-23 15:00:00,5930.8,5942.416,5930.8,5938.467
2026-08-23 16:00:00,5938.474,5953.103,5938.474,5953.103
2026-08-23 17:00:00,5953.105,5969.112,5951.854,5953.797
2026-08-23 18:00:00,5953.814,5965.001,5953.757,5965.001
2026-08-23 19:00:00,5965.002,5970.977,5954.62,5970.977
2026-08-23 20:00:00,5970.982,5976.961,5965.637,5974.186
2026-08-23 21:00:00,5974.191,5991.257,5974.191,5991.257
2026-08-23 22:00:00,5991.267,6000.064,5988.824,5993.692
2026-08-23 23:00:00,5993.711,6006.375,5991.437,6006.375
2026-08-24 00:00:00,6006.385,6017.452,5998.937,6017.452
2026-08-24 01:00:00,6017.453,6023.932,6004.916,6023.932
2026-08-24 02:00:00,6023.94,6045.396,6023.94,6045.396
2026-08-24 03:00:00,6045.4,6054.06,6038.127,6046.377
2026-08-24 04:00:00,6046.381,6058.955,6046.381,6054.788
2026-08-24 05:00:00,6054.799,6061.985,6030.984,6032.535
2026-08-24 06:00:00,6032.54,6047.735,6030.973,6047.735
2026-08-24 07:00:00,6047.741,6061.139,6047.713,6061.139
2026-08-24 08:00:00,6061.145,6069.381,6048.83,6048.997
2026-08-24 09:00:00,6049.005,6063.83,6047.025,6050.826
2026-08-24 10:00:00,6050.837,6059.756,6050.632,6055.97
2026-08-24 11:00:00,6055.981,6066.997,6054.677,6065.809
2026-08-24 12:00:00,6065.816,6082.977,6065.816,6082.977
2026-08-24 13:00:00,6082.984,6100.709,6082.984,6095.917
2026-08-24 14:00:00,6095.923,6117.927,6095.923,6117.927
2026-08-24 15:00:00,6117.941,6134.306,6117.941,6134.306
2026-08-24 16:00:00,6134.313,6146.072,6131.251,6136.523
2026-08-24 17:00:00,6136.529,6138.251,6109.042,6116.871
2026-08-24 18:00:00,6116.884,6130.963,6116.884,6130.963
2026-08-24 19:00:00,6130.967,6135.773,6117.96,6129.33
2026-08-24 20:00:00,6129.334,6150.311,6129.334,6150.311
2026-08-24 21:00:00,6150.314,6158.423,6137.712,6151.162
2026-08-24 22:00:00,6151.171,6162.3,6151.171,6161.032
2026-08-24 23:00:00,6161.033,6178.568,6161.033,6169.489
2026-08-25 00:00:00,6169.504,6171.742,6132.508,6147.21
2026-08-25 01:00:00,6147.219,6155.834,6135.393,6142.909
2026-08-25 02:00:00,6142.91,6149.372,6135.96,6143.654
2026-08-25 03:00:00,6143.665,6157.575,6143.665,6157.575
2026-08-25 04:00:00,6157.576,6168.916,6144.739,6154.423
2026-08-25 05:00:00,6154.424,6162.139,6137.609,6146.782
2026-08-25 06:00:00,6146.785,6165.129,6146.785,6162.568
2026-08-25 07:00:00,6162.583,6164.462,6121.117,6128.75
2026-08-25 08:00:00,6128.751,6134.293,6121.1,6134.293
2026-08-25 09:00:00,6134.304,6142.536,6128.493,6129.482
2026-08-25 10:00:00,6129.482,6148.393,6129.482,6148.393
2026-08-25 11:00:00,6148.398,6150.271,6126.909,6132.566
2026-08-25 12:00:00,6132.569,6154.925,6132.569,6154.925
2026-08-25 13:00:00,6154.936,6155.704,6135.856,6139.888
2026-08-25 14:00:00,6139.902,6140.16,6108.377,6114.337
2026-08-25 15:00:00,6114.345,6130.347,6114.345,6130.347
2026-08-25 16:00:00,6130.358,6133.038,6113.907,6119.643
2026-08-25 17:00:00,6119.643,6120.014,6103.797,6110.421
2026-08-25 18:00:00,6110.426,6121.323,6108.602,6110.238
2026-08-25 19:00:00,6110.241,6122.917,6106.842,6107.973
2026-08-25 20:00:00,6107.978,6111.554,6085.791,6088.345
2026-08-25 21:00:00,6088.351,6099.918,6082.785,6086.166
2026-08-25 22:00:00,6086.176,6096.74,6083.571,6091.333
2026-08-25 23:00:00,6091.341,6108.599,6091.341,6099.572
2026-08-26 00:00:00,6099.581,6108.534,6058.136,6058.613
2026-08-26 01:00:00,6058.617,6073.936,6057.49,6062.086
2026-08-26 02:00:00,6062.093,6066.0,6056.898,6061.415
2026-08-26 03:00:00,6061.415,6067.615,6052.034,6056.606
2026-08-26 04:00:00,6056.611,6057.996,6019.083,6022.829
2026-08-26 05:00:00,6022.836,6036.44,6022.794,6036.44
2026-08-26 06:00:00,6036.447,6057.582,6036.447,6043.529
2026-08-26 07:00:00,6043.54,6056.716,6043.54,6056.443
2026-08-26 08:00:00,6056.449,6057.748,6041.264,6054.619
2026-08-26 09:00:00,6054.626,6063.239,6047.323,6055.869
2026-08-26 10:00:00,6055.878,6071.291,6052.152,6071.291
2026-08-26 11:00:00,6071.3,6079.75,6065.212,6066.542
2026-08-26 12:00:00,6066.547,6077.066,6058.735,6062.636
2026-08-26 13:00:00,6062.64,6071.665,6026.845,6029.045
2026-08-26 14:00:00,6029.045,6039.05,6023.857,6039.05
2026-08-26 15:00:00,6039.054,6047.35,6031.315,6034.733
2026-08-26 16:00:00,6034.738,6050.695,6034.738,6039.573
2026-08-26 17:00:00,6039.578,6046.165,6032.599,6043.356
2026-08-26 18:00:00,6043.367,6051.643,6037.984,6046.64
2026-08-26 19:00:00,6046.644,6046.931,6031.214,6044.852
2026-08-26 20:00:00,6044.853,6058.698,6044.853,6053.767
2026-08-26 21:00:00,6053.772,6066.196,6053.772,6062.612
2026-08-26 22:00:00,6062.612,6077.107,6062.612,6077.107
2026-08-26 23:00:00,6077.115,6085.174,6061.538,6065.219
2026-08-27 00:00:00,6065.222,6073.469,6062.753,6073.469
2026-08-27 01:00:00,6073.471,6087.133,6072.789,6087.133
2026-08-27 02:00:00,6087.14,6091.57,6060.067,6067.012
2026-08-27 03:00:00,6067.013,6088.519,6067.013,6088.519
2026-08-27 04:00:00,6088.526,6095.841,6035.294,6038.673
2026-08-27 05:00:00,6038.681,6039.379,6022.799,6028.689
2026-08-27 06:00:00,6028.698,6028.718,5993.066,5994.435
2026-08-27 07:00:00,5994.437,6004.565,5985.244,6004.565
2026-08-27 08:00:00,6004.568,6011.094,5994.695,6011.094
2026-08-27 09:00:00,6011.099,6019.408,5991.632,5992.977
2026-08-27 10:00:00,5992.986,6009.703,5992.986,5998.625
2026-08-27 11:00:00,5998.636,6012.684,5998.636,6012.684
2026-08-27 12:00:00,6012.684,6017.838,6003.483,6017.838
2026-08-27 13:00:00,6017.85,6023.719,6010.058,6023.719
2026-08-27 14:00:00,6023.727,6043.513,6023.727,6042.603
2026-08-27 15:00:00,6042.611,6063.675,6041.867,6063.675
2026-08-27 16:00:00,6063.685,6066.657,6032.517,6044.785
2026-08-27 17:00:00,6044.792,6049.554,6038.132,6039.632
2026-08-27 18:00:00,6039.635,6047.82,6005.637,6009.507
2026-08-27 19:00:00,6009.514,6018.352,6003.38,6005.283
2026-08-27 20:00:00,6005.289,6009.435,5987.164,5991.399
2026-08-27 21:00:00,5991.4,5997.379,5982.641,5993.329
2026-08-27 22:00:00,5993.33,6006.149,5991.665,5999.406
2026-08-27 23:00:00,5999.406,6010.483,5996.537,6004.099
2026-08-28 00:00:00,6004.102,6011.978,5998.156,6003.863
2026-08-28 01:00:00,6003.871,6005.175,5990.252,6000.601
2026-08-28 02:00:00,6000.603,6004.48,5988.738,5999.92
2026-08-28 03:00:00,5999.927,6008.144,5999.927,6005.961
2026-08-28 04:00:00,6005.965,6009.079,5968.375,5972.008
2026-08-28 05:00:00,5972.019,5976.747,5960.395,5961.79
2026-08-28 06:00:00,5961.803,5963.181,5943.709,5959.417
2026-08-28 07:00:00,5959.425,5969.98,5958.032,5960.624
2026-08-28 08:00:00,5960.631,5969.298,5954.984,5956.776
2026-08-28 09:00:00,5956.787,5966.473,5950.534,5966.473
2026-08-28 10:00:00,5966.473,5972.07,5954.555,5969.512
2026-08-28 11:00:00,5969.52,5983.27,5964.885,5983.27
2026-08-28 12:00:00,5983.277,5985.605,5961.299,5962.902
2026-08-28 13:00:00,5962.914,5978.37,5962.914,5968.27
2026-08-28 14:00:00,5968.275,5983.868,5962.423,5983.868
2026-08-28 15:00:00,5983.875,5994.997,5981.862,5994.997
2026-08-28 16:00:00,5994.997,5997.576,5985.065,5994.591
2026-08-28 17:00:00,5994.591,6004.996,5991.77,5998.544
2026-08-28 18:00:00,5998.545,6002.564,5975.921,5984.425
2026-08-28 19:00:00,5984.43,5998.487,5984.43,5986.674
2026-08-28 20:00:00,5986.684,6001.742,5986.684,5999.271
2026-08-28 21:00:00,5999.278,6001.425,5975.548,5979.805
2026-08-28 22:00:00,5979.815,5992.936,5979.815,5990.049
2026-08-28 23:00:00,5990.06,6003.37,5990.06,5999.572
2026-08-29 00:00:00,5999.575,6005.394,5980.729,5981.721
2026-08-29 01:00:00,5981.725,5993.557,5977.513,5985.212
2026-08-29 02:00:00,5985.212,5987.682,5930.514,5931.868
2026-08-29 03:00:00,5931.868,5932.971,5911.803,5917.308
2026-08-29 04:00:00,5917.311,5929.639,5917.311,5919.877
2026-08-29 05:00:00,5919.878,5927.05,5906.633,5908.994
2026-08-29 06:00:00,5909.007,5924.349,5908.675,5924.349
2026-08-29 07:00:00,5924.362,5927.514,5909.015,5916.226
2026-08-29 08:00:00,5916.226,5920.262,5907.028,5918.393
2026-08-29 09:00:00,5918.399,5930.458,5918.399,5930.458
2026-08-29 10:00:00,5930.464,5937.904,5926.493,5934.055
2026-08-29 11:00:00,5934.058,5947.225,5934.058,5943.959
2026-08-29 12:00:00,5943.961,5944.124,5908.647,5908.953
2026-08-29 13:00:00,5908.953,5914.938,5904.232,5907.885
2026-08-29 14:00:00,5907.895,5915.901,5883.488,5883.88
2026-08-29 15:00:00,5883.889,5897.504,5883.889,5894.0
2026-08-29 16:00:00,5894.008,5902.295,5892.405,5897.514
2026-08-29 17:00:00,5897.525,5910.524,5897.525,5904.597
2026-08-29 18:00:00,5904.603,5915.928,5901.701,5909.293
2026-08-29 19:00:00,5909.305,5926.141,5909.305,5912.207
2026-08-29 20:00:00,5912.214,5914.298,5896.9,5901.109
2026-08-29 21:00:00,5901.109,5920.279,5901.109,5906.457
2026-08-29 22:00:00,5906.463,5914.568,5898.222,5911.584
2026-08-29 23:00:00,5911.586,5933.061,5911.586,5933.061
2026-08-30 00:00:00,5933.074,5936.079,5925.321,5930.248
2026-08-30 01:00:00,5930.256,5939.025,5924.09,5939.025
2026-08-30 02:00:00,5939.038,5940.162,5920.55,5930.561
2026-08-30 03:00:00,5930.564,5945.126,5915.291,5915.482
2026-08-30 04:00:00,5915.484,5927.17,5911.837,5927.17
2026-08-30 05:00:00,5927.178,5932.552,5921.088,5932.552
2026-08-30 06:00:00,5932.559,5933.446,5914.91,5929.305
2026-08-30 07:00:00,5929.314,5931.848,5914.543,5931.848
2026-08-30 08:00:00,5931.855,5942.434,5931.855,5932.326
2026-08-30 09:00:00,5932.33,5939.032,5922.882,5939.032
2026-08-30 10:00:00,5939.041,5944.626,5928.741,5930.476
2026-08-30 11:00:00,5930.478,5948.538,5930.478,5948.538
2026-08-30 12:00:00,5948.551,5970.06,5948.551,5970.06
2026-08-30 13:00:00,5970.062,5982.531,5970.062,5982.531
2026-08-30 14:00:00,5982.537,5985.837,5948.097,5951.034
2026-08-30 15:00:00,5951.037,5960.71,5951.037,5954.53
2026-08-30 16:00:00,5954.535,5972.721,5954.535,5962.166
2026-08-30 17:00:00,5962.167,5963.321,5942.94,5958.716
2026-08-30 18:00:00,5958.724,5971.71,5958.724,5971.71
2026-08-30 19:00:00,5971.715,5977.671,5962.576,5970.065
2026-08-30 20:00:00,5970.072,5979.935,5959.501,5962.281
2026-08-30 21:00:00,5962.294,5981.729,5962.294,5981.729
2026-08-30 22:00:00,5981.735,6003.411,5981.735,6003.411
2026-08-30 23:00:00,6003.416,6010.544,5989.577,6010.544
2026-08-31 00:00:00,6010.556,6017.828,6006.018,6017.828
2026-08-31 01:00:00,6017.834,6033.437,6017.834,6033.437
2026-08-31 02:00:00,6033.443,6040.173,6029.131,6038.791
2026-08-31 03:00:00,6038.794,6050.361,6025.124,6030.497
2026-08-31 04:00:00,6030.501,6040.21,6024.672,6030.751
2026-08-31 05:00:00,6030.755,6045.596,6030.755,6039.734
2026-08-31 06:00:00,6039.741,6049.034,6038.531,6041.094
2026-08-31 07:00:00,6041.102,6043.532,6030.008,6036.513
2026-08-31 08:00:00,6036.515,6043.52,6027.431,6039.343
2026-08-31 09:00:00,6039.35,6044.765,6029.693,6044.765
2026-08-31 10:00:00,6044.773,6055.33,6040.987,6055.33
2026-08-31 11:00:00,6055.339,6055.441,6031.241,6035.586
2026-08-31 12:00:00,6035.599,6049.17,6034.851,6040.309
2026-08-31 13:00:00,6040.317,6053.277,6040.317,6053.277
2026-08-31 14:00:00,6053.287,6068.24,6053.287,6060.345
2026-08-31 15:00:00,6060.346,6070.617,6058.711,6070.617
2026-08-31 16:00:00,6070.617,6071.709,6043.053,6048.414
2026-08-31 17:00:00,6048.419,6055.683,6031.91,6032.62
2026-08-31 18:00:00,6032.621,6034.417,6019.461,6034.417
2026-08-31 19:00:00,6034.417,6034.514,6015.261,6026.993
2026-08-31 20:00:00,6027.004,6035.865,6021.888,6026.476
2026-08-31 21:00:00,6026.478,6031.537,6020.439,6021.281
2026-08-31 22:00:00,6021.282,6023.336,6005.22,6022.812
2026-08-31 23:00:00,6022.816,6022.848,5977.072,5979.547
2026-09-01 00:00:00,5979.549,5995.105,5979.549,5983.44
2026-09-01 01:00:00,5983.451,5984.063,5964.946,5973.463
2026-09-01 02:00:00,5973.471,5986.337,5962.007,5963.059
2026-09-01 03:00:00,5963.066,5974.597,5963.066,5974.597
2026-09-01 04:00:00,5974.608,5993.542,5974.608,5981.476
2026-09-01 05:00:00,5981.478,5991.864,5980.641,5983.757
2026-09-01 06:00:00,5983.758,5999.154,5978.901,5999.154
2026-09-01 07:00:00,5999.154,6008.419,5989.735,5994.802
2026-09-01 08:00:00,5994.805,6013.411,5994.805,6013.411
2026-09-01 09:00:00,6013.413,6024.65,6009.493,6014.887
2026-09-01 10:00:00,6014.89,6028.462,6003.798,6008.52
2026-09-01 11:00:00,6008.524,6010.861,5997.411,6005.715
2026-09-01 12:00:00,6005.722,6009.274,5995.253,5995.996
2026-09-01 13:00:00,5996.004,6013.844,5996.004,6013.844
2026-09-01 14:00:00,6013.844,6015.05,5989.127,6000.166
2026-09-01 15:00:00,6000.171,6014.786,5997.346,5997.967
2026-09-01 16:00:00,5997.968,6019.757,5997.968,6019.757
2026-09-01 17:00:00,6019.76,6027.737,6005.453,6013.636
2026-09-01 18:00:00,6013.644,6022.373,6013.644,6019.362
2026-09-01 19:00:00,6019.365,6035.552,6016.68,6035.552
2026-09-01 20:00:00,6035.553,6051.508,6035.553,6051.508
2026-09-01 21:00:00,6051.52,6061.692,6046.238,6061.692
2026-09-01 22:00:00,6061.701,6083.23,6061.701,6083.23
2026-09-01 23:00:00,6083.233,6093.722,6077.977,6085.069
2026-09-02 00:00:00,6085.072,6086.364,6055.186,6063.572
2026-09-02 01:00:00,6063.574,6075.152,6056.565,6065.81
2026-09-02 02:00:00,6065.811,6084.702,6065.811,6081.495
2026-09-02 03:00:00,6081.499,6093.247,6076.896,6093.247
2026-09-02 04:00:00,6093.251,6104.982,6093.094,6104.982
2026-09-02 05:00:00,6104.988,6124.742,6104.988,6124.742
2026-09-02 06:00:00,6124.743,6129.505,6090.399,6092.985
2026-09-02 07:00:00,6092.99,6102.086,6090.756,6100.982
2026-09-02 08:00:00,6100.987,6117.174,6100.987,6117.174
2026-09-02 09:00:00,6117.182,6124.734,6108.074,6112.607
2026-09-02 10:00:00,6112.621,6129.175,6106.211,6109.345
2026-09-02 11:00:00,6109.357,6114.173,6103.338,6112.397
2026-09-02 12:00:00,6112.414,6127.664,6112.414,6126.241
2026-09-02 13:00:00,6126.246,6128.524,6111.985,6118.613
2026-09-02 14:00:00,6118.616,6127.427,6115.461,6127.427
2026-09-02 15:00:00,6127.435,6129.09,6104.082,6114.564
2026-09-02 16:00:00,6114.577,6136.678,6114.577,6136.678
2026-09-02 17:00:00,6136.687,6152.322,6136.687,6152.322
2026-09-02 18:00:00,6152.326,6174.221,6152.326,6174.221
2026-09-02 19:00:00,6174.226,6188.914,6174.226,6180.891
2026-09-02 20:00:00,6180.904,6186.8,6172.078,6186.8
2026-09-02 21:00:00,6186.806,6191.143,6156.011,6165.483
2026-09-02 22:00:00,6165.493,6182.584,6165.493,6175.759
2026-09-02 23:00:00,6175.765,6188.918,6171.047,6179.264
2026-09-03 00:00:00,6179.282,6189.614,6175.266,6178.777
2026-09-03 01:00:00,6178.777,6193.468,6178.577,6183.744
2026-09-03 02:00:00,6183.755,6197.016,6183.755,6196.281
2026-09-03 03:00:00,6196.287,6208.205,6194.402,6208.205
2026-09-03 04:00:00,6208.206,6208.443,6198.669,6208.443
2026-09-03 05:00:00,6208.454,6215.821,6203.694,6211.115
2026-09-03 06:00:00,6211.118,6214.529,6190.255,6199.924
2026-09-03 07:00:00,6199.947,6202.729,6184.759,6192.227
2026-09-03 08:00:00,6192.235,6198.86,6179.614,6187.544
2026-09-03 09:00:00,6187.545,6198.358,6179.635,6183.103
2026-09-03 10:00:00,6183.107,6197.294,6180.845,6182.921
2026-09-03 11:00:00,6182.926,6189.68,6175.328,6176.31
2026-09-03 12:00:00,6176.321,6176.754,6157.902,6163.442
2026-09-03 13:00:00,6163.451,6165.779,6151.696,6155.943
2026-09-03 14:00:00,6155.955,6157.885,6131.521,6135.42
2026-09-03 15:00:00,6135.422,6144.226,6121.169,6123.258
2026-09-03 16:00:00,6123.265,6137.217,6123.265,6137.217
2026-09-03 17:00:00,6137.227,6138.534,6120.022,6138.534
2026-09-03 18:00:00,6138.538,6142.545,6107.713,6110.949
2026-09-03 19:00:00,6110.954,6116.018,6081.855,6090.371
2026-09-03 20:00:00,6090.375,6104.366,6083.752,6104.366
2026-09-03 21:00:00,6104.371,6105.547,6073.8,6083.626
2026-09-03 22:00:00,6083.631,6097.212,6083.631,6097.212
2026-09-03 23:00:00,6097.214,6108.418,6097.214,6108.418
2026-09-04 00:00:00,6108.421,6127.135,6106.806,6127.135
2026-09-04 01:00:00,6127.146,6146.768,6127.146,6136.519
2026-09-04 02:00:00,6136.522,6147.802,6136.245,6141.827
2026-09-04 03:00:00,6141.829,6159.204,6141.829,6149.235
2026-09-04 04:00:00,6149.237,6149.938,6131.646,6142.467
2026-09-04 05:00:00,6142.48,6149.714,6136.32,6141.23
2026-09-04 06:00:00,6141.238,6146.312,6125.579,6140.712
2026-09-04 07:00:00,6140.717,6158.438,6140.717,6158.438
2026-09-04 08:00:00,6158.449,6158.663,6137.585,6148.852
2026-09-04 09:00:00,6148.864,6170.991,6148.864,6170.991
2026-09-04 10:00:00,6170.996,6175.921,6159.955,6171.1
2026-09-04 11:00:00,6171.114,6180.703,6168.231,6180.703
2026-09-04 12:00:00,6180.711,6184.401,6168.618,6184.401
2026-09-04 13:00:00,6184.411,6193.438,6182.677,6188.984
2026-09-04 14:00:00,6188.99,6201.273,6167.894,6168.455
2026-09-04 15:00:00,6168.464,6172.403,6158.774,6160.849
2026-09-04 16:00:00,6160.863,6170.91,6155.318,6167.4
2026-09-04 17:00:00,6167.401,6174.275,6137.698,6138.15
2026-09-04 18:00:00,6138.153,6139.4,6102.809,6113.722
2026-09-04 19:00:00,6113.734,6124.53,6113.734,6119.022
2026-09-04 20:00:00,6119.029,6120.666,6090.794,6102.857
2026-09-04 21:00:00,6102.858,6113.45,6096.711,6111.038
2026-09-04 22:00:00,6105.632,6108.629,6087.78,6091.931
2026-09-04 23:00:00,6091.933,6095.543,6066.616,6070.208
2026-09-05 00:00:00,6070.22,6082.69,6067.372,6082.69
2026-09-05 01:00:00,6082.695,6082.735,6032.561,6037.202
2026-09-05 02:00:00,6037.205,6052.405,6037.205,6045.877
2026-09-05 03:00:00,6045.885,6054.673,6040.757,6045.194
2026-09-05 04:00:00,6045.201,6063.028,6045.201,6063.028
2026-09-05 05:00:00,6063.041,6073.952,6061.934,6068.153
2026-09-05 06:00:00,6068.17,6069.602,6039.179,6040.227
2026-09-05 07:00:00,6040.231,6062.667,6040.231,6062.667
2026-09-05 08:00:00,6062.673,6071.469,6057.001,6057.012
2026-09-05 09:00:00,6057.02,6060.582,6047.759,6049.597
2026-09-05 10:00:00,6049.598,6066.583,6042.39,6046.321
2026-09-05 11:00:00,6046.323,6059.75,6046.323,6059.75
2026-09-05 12:00:00,6059.754,6067.812,6047.93,6067.812
2026-09-05 13:00:00,6067.814,6080.171,6058.151,6061.853
2026-09-05 14:00:00,6061.861,6065.545,6052.877,6064.068
2026-09-05 15:00:00,6064.07,6071.133,6056.806,6059.885
2026-09-05 16:00:00,6059.888,6064.687,6049.525,6064.687
2026-09-05 17:00:00,6064.693,6076.48,6059.703,6065.134
2026-09-05 18:00:00,6065.14,6082.757,6062.774,6082.757
2026-09-05 19:00:00,6082.762,6092.355,6077.035,6077.364
2026-09-05 20:00:00,6077.366,6088.428,6077.366,6087.045
2026-09-05 21:00:00,6087.049,6099.627,6068.885,6071.983
2026-09-05 22:00:00,6071.985,6075.558,6039.652,6044.231
2026-09-05 23:00:00,6044.235,6055.268,6044.235,6045.747
2026-09-06 00:00:00,6045.765,6048.433,6011.014,6013.94
2026-09-06 01:00:00,6013.953,6020.301,5980.709,5987.331
2026-09-06 02:00:00,5987.338,5997.495,5975.41,5975.705
2026-09-06 03:00:00,5975.713,5983.975,5968.352,5972.337
2026-09-06 04:00:00,5972.344,5978.401,5952.186,5956.201
2026-09-06 05:00:00,5956.205,5971.774,5956.205,5968.724
2026-09-06 06:00:00,5968.737,5972.876,5960.401,5965.979
2026-09-06 07:00:00,5965.981,5972.315,5946.224,5950.739
2026-09-06 08:00:00,5950.746,5957.51,5938.554,5945.739
2026-09-06 09:00:00,5945.743,5967.031,5945.743,5967.031
2026-09-06 10:00:00,5967.036,5977.868,5960.85,5975.505
2026-09-06 11:00:00,5975.507,5984.49,5969.717,5973.25
2026-09-06 12:00:00,5973.258,5982.657,5972.102,5982.657
2026-09-06 13:00:00,5982.658,5998.299,5982.658,5990.009
2026-09-06 14:00:00,5990.009,5996.839,5979.864,5992.25
2026-09-06 15:00:00,5992.254,6005.11,5990.742,5997.895
2026-09-06 16:00:00,5997.899,5999.16,5961.57,5962.474
2026-09-06 17:00:00,5962.48,5975.046,5962.48,5975.046
2026-09-06 18:00:00,5975.053,5987.503,5964.85,5969.916
2026-09-06 19:00:00,5969.918,5970.012,5955.126,5960.574
2026-09-06 20:00:00,5960.575,5981.981,5960.575,5981.981
2026-09-06 21:00:00,5981.995,5993.908,5973.693,5987.97
2026-09-06 22:00:00,5987.972,5990.314,5980.88,5990.314
2026-09-06 23:00:00,5990.329,5999.675,5971.002,5979.82
2026-09-07 00:00:00,5979.831,5984.63,5967.232,5981.04
2026-09-07 01:00:00,5981.043,5981.174,5963.531,5977.856
2026-09-07 02:00:00,5977.857,5981.243,5961.327,5974.008
2026-09-07 03:00:00,5974.012,5995.671,5974.012,5995.671
2026-09-07 04:00:00,5995.671,6012.48,5995.671,6012.48
2026-09-07 05:00:00,6012.495,6016.512,6007.072,6014.114
2026-09-07 06:00:00,6014.114,6026.969,6010.591,6026.969
2026-09-07 07:00:00,6026.974,6036.879,6008.728,6014.29
2026-09-07 08:00:00,6014.299,6018.537,5975.457,5980.268
2026-09-07 09:00:00,5980.274,5990.721,5975.4,5990.224
2026-09-07 10:00:00,5990.228,6007.968,5989.081,5992.729
2026-09-07 11:00:00,5992.737,5993.248,5972.358,5986.273
2026-09-07 12:00:00,5986.276,5994.262,5986.051,5994.262
2026-09-07 13:00:00,5994.274,6002.118,5986.486,5988.641
2026-09-07 14:00:00,5988.649,6009.993,5988.649,6009.993
2026-09-07 15:00:00,6009.994,6014.726,5978.649,5978.963
2026-09-07 16:00:00,5978.97,5997.966,5978.97,5992.354
2026-09-07 17:00:00,5992.357,5999.136,5984.866,5999.136
2026-09-07 18:00:00,5999.137,6000.131,5984.792,5990.224
2026-09-07 19:00:00,5990.231,5993.132,5970.983,5971.028
2026-09-07 20:00:00,5971.028,5975.47,5941.137,5943.964
2026-09-07 21:00:00,5943.97,5943.97,5930.095,5936.099
2026-09-07 22:00:00,5936.108,5939.886,5925.68,5937.333
2026-09-07 23:00:00,5937.338,5946.071,5926.131,5927.749
2026-09-08 00:00:00,5927.757,5940.837,5925.613,5931.805
2026-09-08 01:00:00,5931.809,5945.179,5931.809,5941.557
2026-09-08 02:00:00,5941.568,5944.352,5924.383,5932.076
2026-09-08 03:00:00,5932.08,5937.966,5925.623,5928.573
2026-09-08 04:00:00,5928.581,5937.844,5928.581,5937.213
2026-09-08 05:00:00,5937.221,5944.527,5917.639,5918.307
2026-09-08 06:00:00,5918.32,5934.541,5918.32,5930.038
2026-09-08 07:00:00,5930.049,5946.747,5930.049,5946.747
2026-09-08 08:00:00,5946.75,5953.468,5938.616,5940.302
2026-09-08 09:00:00,5940.312,5946.337,5931.443,5946.337
2026-09-08 10:00:00,5946.343,5953.953,5929.653,5931.768
2026-09-08 11:00:00,5931.769,5939.513,5901.518,5904.723
2026-09-08 12:00:00,5904.725,5907.968,5892.218,5907.968
2026-09-08 13:00:00,5907.969,5913.837,5905.088,5913.837
2026-09-08 14:00:00,5913.845,5917.619,5897.432,5906.211
2026-09-08 15:00:00,5906.212,5913.914,5900.899,5911.877
2026-09-08 16:00:00,5911.882,5912.417,5881.347,5884.33
2026-09-08 17:00:00,5884.334,5891.678,5882.443,5891.184
2026-09-08 18:00:00,5891.194,5901.959,5889.27,5894.155
2026-09-08 19:00:00,5894.16,5906.683,5894.16,5904.986
2026-09-08 20:00:00,5904.996,5908.444,5899.073,5905.847
2026-09-08 21:00:00,5905.854,5910.357,5895.723,5905.364
2026-09-08 22:00:00,5905.371,5914.041,5902.592,5913.062
2026-09-08 23:00:00,5913.07,5923.126,5906.925,5923.126
2026-09-09 00:00:00,5923.126,5929.262,5912.338,5926.249
2026-09-09 01:00:00,5926.257,5936.93,5905.452,5906.997
2026-09-09 02:00:00,5907.002,5919.037,5907.002,5913.77
2026-09-09 03:00:00,5913.77,5923.563,5900.234,5904.515
2026-09-09 04:00:00,5904.517,5915.734,5902.288,5915.734
2026-09-09 05:00:00,5915.741,5921.597,5897.193,5902.413
2026-09-09 06:00:00,5902.423,5911.87,5902.063,5911.87
2026-09-09 07:00:00,5911.876,5926.868,5911.876,5926.868
2026-09-09 08:00:00,5926.878,5931.708,5909.227,5914.738
2026-09-09 09:00:00,5914.744,5919.261,5897.416,5904.164
2026-09-09 10:00:00,5904.165,5905.089,5863.538,5866.342
2026-09-09 11:00:00,5866.347,5877.546,5863.131,5863.803
2026-09-09 12:00:00,5863.806,5865.912,5841.621,5856.203
2026-09-09 13:00:00,5856.213,5858.592,5829.544,5838.821
2026-09-09 14:00:00,5838.826,5847.132,5836.012,5847.132
2026-09-09 15:00:00,5847.137,5862.862,5847.137,5857.271
2026-09-09 16:00:00,5857.272,5861.006,5845.385,5861.006
2026-09-09 17:00:00,5861.01,5869.994,5860.769,5867.496
2026-09-09 18:00:00,5867.503,5875.042,5861.722,5875.042
2026-09-09 19:00:00,5875.043,5894.402,5875.043,5889.284
2026-09-09 20:00:00,5889.291,5895.515,5874.922,5876.846
2026-09-09 21:00:00,5876.847,5886.534,5873.796,5884.215
2026-09-09 22:00:00,5884.222,5894.192,5881.066,5888.329
2026-09-09 23:00:00,5888.333,5893.991,5878.739,5893.991
2026-09-10 00:00:00,5893.991,5894.776,5870.447,5872.585
2026-09-10 01:00:00,5872.59,5880.306,5866.761,5875.323
2026-09-10 02:00:00,5875.327,5887.974,5874.496,5874.747
2026-09-10 03:00:00,5874.752,5880.619,5818.065,5818.731
2026-09-10 04:00:00,5818.734,5839.098,5818.734,5833.06
2026-09-10 05:00:00,5833.061,5852.068,5832.923,5852.068
2026-09-10 06:00:00,5852.07,5866.923,5852.07,5866.923
2026-09-10 07:00:00,5866.929,5876.635,5861.038,5871.364
2026-09-10 08:00:00,5871.365,5882.432,5871.365,5875.778
2026-09-10 09:00:00,5875.781,5889.694,5875.781,5882.999
2026-09-10 10:00:00,5883.01,5888.52,5875.853,5882.071
2026-09-10 11:00:00,5882.079,5893.46,5863.675,5865.014
2026-09-10 12:00:00,5865.026,5884.963,5865.026,5876.743
2026-09-10 13:00:00,5876.753,5888.676,5875.348,5888.676
2026-09-10 14:00:00,5888.691,5904.147,5888.691,5904.147
2026-09-10 15:00:00,5904.147,5913.963,5898.041,5903.191
2026-09-10 16:00:00,5903.201,5905.57,5884.866,5885.729
2026-09-10 17:00:00,5885.74,5895.481,5880.638,5884.422
2026-09-10 18:00:00,5884.426,5886.605,5859.9,5864.857
2026-09-10 19:00:00,5864.861,5878.478,5864.861,5866.329
2026-09-10 20:00:00,5866.338,5871.699,5849.368,5853.394
2026-09-10 21:00:00,5853.412,5861.261,5836.05,5845.828
2026-09-10 22:00:00,5845.829,5864.26,5845.829,5864.26
2026-09-10 23:00:00,5864.261,5866.375,5846.958,5858.686
2026-09-11 00:00:00,5858.692,5872.167,5858.692,5869.672
2026-09-11 01:00:00,5869.677,5874.008,5863.582,5874.008
2026-09-11 02:00:00,5874.018,5876.426,5863.754,5873.268
2026-09-11 03:00:00,5873.282,5880.979,5865.95,5880.979
2026-09-11 04:00:00,5880.99,5892.895,5880.99,5886.319
2026-09-11 05:00:00,5886.327,5891.631,5863.176,5866.687
2026-09-11 06:00:00,5866.698,5873.711,5851.902,5852.931
2026-09-11 07:00:00,5852.932,5872.746,5852.932,5869.838
2026-09-11 08:00:00,5869.847,5882.119,5869.847,5879.924
2026-09-11 09:00:00,5879.926,5883.825,5870.214,5882.804
2026-09-11 10:00:00,5882.806,5894.513,5882.806,5894.49
2026-09-11 11:00:00,5894.498,5900.065,5886.311,5899.019
2026-09-11 12:00:00,5899.024,5917.386,5899.024,5917.386
2026-09-11 13:00:00,5917.393,5921.252,5907.08,5913.771
2026-09-11 14:00:00,5913.774,5917.644,5907.099,5917.644
2026-09-11 15:00:00,5917.648,5919.403,5887.736,5891.005
2026-09-11 16:00:00,5891.012,5898.677,5887.746,5898.677
2026-09-11 17:00:00,5898.684,5904.837,5897.306,5902.336
2026-09-11 18:00:00,5902.336,5916.815,5901.65,5902.644
2026-09-11 19:00:00,5902.645,5913.415,5902.645,5913.415
2026-09-11 20:00:00,5913.422,5930.394,5913.422,5930.394
2026-09-11 21:00:00,5930.4,5942.657,5929.859,5942.657
2026-09-11 22:00:00,5942.66,5943.842,5924.067,5935.65
2026-09-11 23:00:00,5935.661,5949.929,5935.661,5949.929
2026-09-12 00:00:00,5949.933,5952.226,5933.326,5948.409
2026-09-12 01:00:00,5948.413,5955.836,5932.645,5938.854
2026-09-12 02:00:00,5938.86,5943.626,5933.92,5940.881
2026-09-12 03:00:00,5940.884,5946.417,5930.58,5933.651
2026-09-12 04:00:00,5933.658,5955.055,5933.658,5955.055
2026-09-12 05:00:00,5955.069,5961.903,5946.346,5949.112
2026-09-12 06:00:00,5949.115,5958.251,5944.581,5958.251
2026-09-12 07:00:00,5958.252,5967.477,5954.024,5958.068
2026-09-12 08:00:00,5958.068,5966.377,5953.16,5954.384
2026-09-12 09:00:00,5954.394,5962.013,5935.6,5937.82
2026-09-12 10:00:00,5937.825,5954.778,5937.825,5954.778
2026-09-12 11:00:00,5954.784,5957.109,5940.066,5952.433
2026-09-12 12:00:00,5952.435,5967.3,5951.282,5967.3
2026-09-12 13:00:00,5967.306,5981.13,5967.306,5981.13
2026-09-12 14:00:00,5981.13,5987.965,5974.155,5986.505
2026-09-12 15:00:00,5986.509,6002.629,5986.509,5997.305
2026-09-12 16:00:00,5997.305,6007.877,5997.305,6007.877
2026-09-12 17:00:00,6007.886,6029.087,6007.886,6019.756
2026-09-12 18:00:00,6019.764,6026.337,6008.189,6012.006
2026-09-12 19:00:00,6012.007,6027.202,6011.948,6012.0
2026-09-12 20:00:00,6012.009,6017.232,5995.773,5998.958
2026-09-12 21:00:00,5998.965,6000.511,5984.942,5992.336
2026-09-12 22:00:00,5992.341,5993.128,5966.799,5972.408
2026-09-12 23:00:00,5972.427,5974.24,5952.914,5955.636
2026-09-13 00:00:00,5955.651,5957.464,5938.951,5953.44
2026-09-13 01:00:00,5953.442,5963.047,5949.362,5954.147
2026-09-13 02:00:00,5954.155,5954.352,5933.104,5940.679
2026-09-13 03:00:00,5940.688,5950.096,5933.729,5950.096
2026-09-13 04:00:00,5950.097,5966.306,5950.097,5965.742
2026-09-13 05:00:00,5965.743,5968.478,5952.63,5962.284
2026-09-13 06:00:00,5962.286,5964.296,5949.596,5957.846
2026-09-13 07:00:00,5957.85,5969.19,5954.423,5963.868
2026-09-13 08:00:00,5963.87,5967.389,5950.069,5959.221
2026-09-13 09:00:00,5959.229,5971.006,5956.205,5964.739
2026-09-13 10:00:00,5964.743,5977.167,5963.894,5977.167
2026-09-13 11:00:00,5977.175,5991.279,5977.175,5988.98
2026-09-13 12:00:00,5988.989,6003.064,5988.971,5993.192
2026-09-13 13:00:00,5993.197,6003.002,5990.036,6003.002
2026-09-13 14:00:00,6003.002,6003.481,5954.701,5956.63
2026-09-13 15:00:00,5956.633,5957.61,5944.128,5946.096
2026-09-13 16:00:00,5946.099,5948.562,5926.321,5931.669
2026-09-13 17:00:00,5931.674,5937.258,5927.814,5936.451
2026-09-13 18:00:00,5936.451,5957.941,5936.451,5957.941
2026-09-13 19:00:00,5957.95,5964.954,5951.611,5962.105
2026-09-13 20:00:00,5962.114,5983.996,5962.114,5983.996
2026-09-13 21:00:00,5984.003,5987.008,5959.959,5960.345
2026-09-13 22:00:00,5960.351,5976.953,5960.351,5973.366
2026-09-13 23:00:00,5973.381,5986.922,5968.576,5969.007
2026-09-14 00:00:00,5969.008,5980.79,5965.449,5980.79
2026-09-14 01:00:00,5980.794,5993.622,5977.699,5979.122
2026-09-14 02:00:00,5979.125,5984.964,5957.717,5964.816
2026-09-14 03:00:00,5964.824,5971.273,5945.485,5950.242
2026-09-14 04:00:00,5950.246,5955.955,5936.706,5939.629
2026-09-14 05:00:00,5939.646,5951.073,5933.316,5939.104
2026-09-14 06:00:00,5939.112,5956.899,5937.52,5950.044
2026-09-14 07:00:00,5950.05,5955.053,5938.727,5941.528
2026-09-14 08:00:00,5941.533,5948.257,5932.612,5942.824
2026-09-14 09:00:00,5942.825,5949.714,5938.119,5938.553
2026-09-14 10:00:00,5938.555,5952.05,5938.555,5945.5
2026-09-14 11:00:00,5945.516,5958.457,5939.539,5945.76
2026-09-14 12:00:00,5945.764,5962.231,5945.764,5956.168
2026-09-14 13:00:00,5956.178,5974.738,5956.178,5962.819
2026-09-14 14:00:00,5962.825,5963.557,5922.539,5924.139
2026-09-14 15:00:00,5924.143,5925.796,5900.496,5904.483
2026-09-14 16:00:00,5904.492,5911.584,5897.319,5911.584
2026-09-14 17:00:00,5911.597,5919.141,5877.795,5878.444
2026-09-14 18:00:00,5878.452,5885.882,5862.259,5863.181
2026-09-14 19:00:00,5863.196,5883.025,5862.248,5883.025
2026-09-14 20:00:00,5883.041,5890.521,5877.209,5890.521
2026-09-14 21:00:00,5890.533,5897.326,5886.334,5891.588
2026-09-14 22:00:00,5891.593,5904.934,5890.927,5904.934
2026-09-14 23:00:00,5904.946,5914.322,5904.946,5912.571
2026-09-15 00:00:00,5912.583,5917.079,5905.894,5914.308
2026-09-15 01:00:00,5914.309,5916.299,5891.973,5893.264
2026-09-15 02:00:00,5893.266,5896.873,5872.262,5874.239
2026-09-15 03:00:00,5874.245,5883.291,5871.207,5871.888
2026-09-15 04:00:00,5871.894,5881.469,5870.788,5876.355
2026-09-15 05:00:00,5876.355,5877.078,5864.093,5869.713
2026-09-15 06:00:00,5869.728,5871.617,5847.025,5854.886
2026-09-15 07:00:00,5854.888,5859.539,5841.524,5855.059
2026-09-15 08:00:00,5855.064,5858.502,5840.748,5841.067
2026-09-15 09:00:00,5841.07,5858.476,5841.07,5858.476
2026-09-15 10:00:00,5858.489,5875.58,5858.06,5870.775
2026-09-15 11:00:00,5870.779,5874.724,5863.678,5873.323
2026-09-15 12:00:00,5873.326,5877.942,5835.842,5840.944
2026-09-15 13:00:00,5840.945,5861.724,5840.945,5861.724
2026-09-15 14:00:00,5861.732,5861.761,5848.899,5861.041
2026-09-15 15:00:00,5861.051,5873.859,5860.181,5865.046
2026-09-15 16:00:00,5865.055,5876.572,5865.055,5876.014
2026-09-15 17:00:00,5876.024,5884.825,5873.443,5884.825
2026-09-15 18:00:00,5884.831,5888.798,5850.947,5853.513
2026-09-15 19:00:00,5853.519,5873.903,5853.519,5873.903
2026-09-15 20:00:00,5873.904,5878.417,5861.326,5871.271
2026-09-15 21:00:00,5871.275,5887.044,5871.275,5881.671
2026-09-15 22:00:00,5881.684,5883.669,5868.698,5871.587
2026-09-15 23:00:00,5871.59,5889.927,5871.59,5877.201
2026-09-16 00:00:00,5877.207,5880.389,5869.472,5877.431
2026-09-16 01:00:00,5877.433,5890.98,5877.433,5883.179
2026-09-16 02:00:00,5883.182,5887.418,5873.402,5882.895
2026-09-16 03:00:00,5882.903,5894.348,5879.555,5886.245
2026-09-16 04:00:00,5886.251,5893.376,5879.636,5888.106
2026-09-16 05:00:00,5888.119,5894.176,5875.337,5880.273
2026-09-16 06:00:00,5880.276,5894.958,5880.276,5893.77
2026-09-16 07:00:00,5893.776,5907.281,5893.776,5907.281
2026-09-16 08:00:00,5907.286,5907.698,5898.526,5903.797
2026-09-16 09:00:00,5903.803,5914.181,5886.234,5888.566
2026-09-16 10:00:00,5888.569,5893.531,5881.192,5889.45
2026-09-16 11:00:00,5889.458,5889.911,5853.872,5861.782
2026-09-16 12:00:00,5861.789,5875.126,5861.789,5875.126
2026-09-16 13:00:00,5875.128,5877.291,5863.328,5870.795
2026-09-16 14:00:00,5870.803,5880.0,5865.319,5866.764
2026-09-16 15:00:00,5866.771,5872.978,5862.734,5868.337
2026-09-16 16:00:00,5868.337,5872.232,5854.742,5858.492
2026-09-16 17:00:00,5858.502,5865.102,5841.007,5846.883
2026-09-16 18:00:00,5846.892,5861.638,5846.892,5860.326
2026-09-16 19:00:00,5860.334,5860.891,5847.15,5856.839
2026-09-16 20:00:00,5856.855,5863.017,5839.346,5844.282
2026-09-16 21:00:00,5844.288,5855.826,5839.12,5855.826
2026-09-16 22:00:00,5855.831,5867.909,5855.831,5865.595
2026-09-16 23:00:00,5865.598,5868.783,5855.374,5860.854
2026-09-17 00:00:00,5860.856,5876.834,5860.856,5876.834
2026-09-17 01:00:00,5876.837,5877.036,5841.562,5851.23
2026-09-17 02:00:00,5851.239,5856.151,5845.837,5854.242
2026-09-17 03:00:00,5854.246,5865.798,5851.916,5860.435
2026-09-17 04:00:00,5860.445,5861.919,5832.12,5838.396
2026-09-17 05:00:00,5838.397,5843.842,5823.966,5827.965
2026-09-17 06:00:00,5827.971,5829.907,5809.904,5815.74
2026-09-17 07:00:00,5815.744,5819.391,5808.39,5816.563
