timestamp,open,high,low,close
2025-09-16 20:00:47,20958.45,21022.95,20802.09,20848.23
2025-09-17 00:00:00,20848.5,20892.4,20625.07,20728.54
2025-09-17 04:00:00,20728.86,20914.32,20720.73,20911.75
2025-09-17 08:00:00,20911.47,20912.44,20648.2,20720.58
2025-09-17 12:00:00,20720.82,20743.05,20545.66,20629.34
2025-09-17 16:00:00,20629.43,20708.22,20265.26,20282.24
2025-09-17 20:00:00,20282.37,20290.25,19845.86,19912.62
2025-09-18 00:00:00,19912.81,20051.94,19869.92,20035.25
2025-09-18 04:00:00,20034.91,20332.38,20031.74,20331.14
2025-09-18 08:00:00,20331.48,20368.79,20186.39,20261.24
2025-09-18 12:00:00,20260.89,20316.77,20213.67,20262.2
2025-09-18 16:00:00,20261.77,20413.53,20213.98,20410.06
2025-09-18 20:00:00,20409.79,20449.69,20119.76,20157.35
2025-09-19 00:00:00,20156.81,20323.81,20131.21,20243.32
2025-09-19 04:00:00,20243.65,20281.81,20032.23,20173.9
2025-09-19 08:00:00,20174.01,20181.68,19956.52,20171.16
2025-09-19 12:00:00,20171.08,20304.95,20029.44,20129.88
2025-09-19 16:00:00,20129.79,20214.36,20007.68,20075.4
2025-09-19 20:00:00,20075.39,20259.73,20005.73,20251.02
2025-09-20 00:00:00,20251.69,20289.83,20106.8,20164.81
2025-09-20 04:00:00,20164.6,20187.08,19925.15,19972.98
2025-09-20 08:00:00,19972.92,20207.9,19949.24,19965.53
2025-09-20 12:00:00,19965.84,20013.34,19720.35,19819.18
2025-09-20 16:00:00,19819.23,19944.33,19784.53,19935.61
2025-09-20 20:00:00,19935.98,20058.57,19654.53,19684.9
2025-09-21 00:00:00,19684.97,19997.56,19684.97,19990.9
2025-09-21 04:00:00,19990.85,20167.84,19990.57,20166.39
2025-09-21 08:00:00,20165.86,20335.39,20137.33,20323.01
2025-09-21 12:00:00,20322.76,20512.96,20227.03,20318.02
2025-09-21 16:00:00,20318.27,20483.46,20287.4,20305.28
2025-09-21 20:00:00,20305.27,20343.11,20132.31,20178.53
2025-09-22 00:00:00,20178.61,20236.39,20071.91,20180.51
2025-09-22 04:00:00,20180.83,20227.22,19498.59,19576.26
2025-09-22 08:00:00,19577.03,19630.7,19033.87,19088.92
2025-09-22 12:00:00,19088.88,19174.79,18932.75,18959.98
2025-09-22 16:00:00,18960.29,19156.66,18957.73,19145.01
2025-09-22 20:00:00,19145.18,19312.14,19115.29,19309.1
2025-09-23 00:00:00,19309.31,19319.27,18929.48,18936.11
2025-09-23 04:00:00,18936.13,18945.77,18775.0,18929.6
2025-09-23 08:00:00,18929.55,19022.05,18818.74,19021.33
2025-09-23 12:00:00,19021.08,19289.44,19015.39,19287.94
2025-09-23 16:00:00,19287.93,19532.9,19268.41,19487.27
2025-09-23 20:00:00,19487.2,19544.36,19320.7,19368.43
2025-09-24 00:00:00,19368.14,19421.78,19218.73,19397.54
2025-09-24 04:00:00,19397.51,19771.44,19396.85,19770.65
2025-09-24 08:00:00,19770.53,19979.69,19753.84,19979.1
2025-09-24 12:00:00,19979.95,19985.72,19850.21,19935.94
2025-09-24 16:00:00,19935.69,20085.06,19886.76,20078.81
2025-09-24 20:00:00,20078.64,20498.27,20077.61,20497.25
2025-09-25 00:00:00,20497.33,20779.97,20497.33,20647.88
2025-09-25 04:00:00,20648.31,20739.55,20340.43,20363.92
2025-09-25 08:00:00,20364.01,20391.53,20066.86,20087.3
2025-09-25 12:00:00,20087.21,20213.31,19895.59,20212.9
2025-09-25 16:00:00,20213.0,20351.77,20191.76,20289.03
2025-09-25 20:00:00,20288.65,20396.16,20245.75,20357.16
2025-09-26 00:00:00,20356.84,20452.65,20234.98,20314.23
2025-09-26 04:00:00,20314.45,20518.04,20220.17,20472.71
2025-09-26 08:00:00,20472.41,20558.48,20312.79,20328.08
2025-09-26 12:00:00,20327.84,20376.64,20187.24,20246.44
2025-09-26 16:00:00,20246.2,20494.2,20224.14,20239.63
2025-09-26 20:00:00,20239.31,20269.16,19743.07,19758.23
2025-09-27 00:00:00,19757.94,19805.17,19544.87,19586.96
2025-09-27 04:00:00,19586.83,19628.21,19318.63,19361.74
2025-09-27 08:00:00,19361.32,19742.3,19361.21,19739.64
2025-09-27 12:00:00,19740.21,19914.46,19675.64,19913.18
2025-09-27 16:00:00,19912.99,19970.02,19714.62,19723.13
2025-09-27 20:00:00,19723.45,19824.08,19611.34,19683.74
2025-09-28 00:00:00,19683.53,19734.89,19547.43,19649.19
2025-09-28 04:00:00,19649.56,19682.97,19442.31,19577.65
2025-09-28 08:00:00,19577.23,19700.07,19535.54,19572.46
2025-09-28 12:00:00,19573.04,19730.38,19478.01,19730.02
2025-09-28 16:00:00,19729.89,19854.97,19471.36,19485.7
2025-09-28 20:00:00,19485.57,19563.29,19381.43,19422.88
2025-09-29 00:00:00,19422.57,19540.76,19384.65,19444.69
2025-09-29 04:00:00,19444.27,19538.97,19316.46,19531.87
2025-09-29 08:00:00,19531.66,19701.08,19486.33,19573.84
2025-09-29 12:00:00,19573.98,19763.35,19548.74,19581.36
2025-09-29 16:00:00,19581.18,19595.23,19422.91,19510.97
2025-09-29 20:00:00,19511.04,19615.75,19399.11,19522.17
2025-09-30 00:00:00,19522.18,19768.22,19445.69,19765.13
2025-09-30 04:00:00,19765.04,19939.02,19759.93,19797.52
2025-09-30 08:00:00,19796.91,19811.07,19622.35,19640.85
2025-09-30 12:00:00,19640.92,19908.3,19640.92,19907.55
2025-09-30 16:00:00,19907.91,20106.37,19851.82,19927.01
2025-09-30 20:00:00,19927.13,20097.65,19927.13,19993.13
2025-10-01 00:00:00,19993.66,20036.21,19560.18,19658.33
2025-10-01 04:00:00,19658.32,19825.57,19608.19,19817.58
2025-10-01 08:00:00,19818.11,20095.24,19816.2,20088.16
2025-10-01 12:00:00,20088.77,20142.19,19955.91,20092.34
2025-10-01 16:00:00,20092.68,20248.77,20051.63,20243.29
2025-10-01 20:00:00,20243.36,20532.06,20213.91,20523.76
2025-10-02 00:00:00,20523.36,20555.72,20341.49,20367.79
2025-10-02 04:00:00,20367.85,20483.12,20226.78,20480.36
2025-10-02 08:00:00,20480.16,20607.53,20324.1,20404.77
2025-10-02 12:00:00,20404.37,20428.0,20116.36,20424.08
2025-10-02 16:00:00,20424.0,20533.61,20299.14,20418.34
2025-10-02 20:00:00,20418.14,20567.95,20323.56,20473.56
2025-10-03 00:00:00,20473.31,20543.12,20217.02,20221.27
2025-10-03 04:00:00,20221.44,20304.54,20053.11,20257.57
2025-10-03 08:00:00,20257.76,20332.24,20195.8,20328.62
2025-10-03 12:00:00,20328.74,20399.76,20213.38,20295.33
2025-10-03 16:00:00,20295.37,20345.72,20144.19,20317.51
2025-10-03 20:00:00,20317.55,20371.64,20057.26,20089.07
2025-10-04 00:00:00,20089.0,20121.37,19856.06,19910.11
2025-10-04 04:00:00,19909.88,20020.29,19783.89,19839.26
2025-10-04 08:00:00,19838.49,19875.68,19697.46,19832.21
2025-10-04 12:00:00,19832.55,20031.31,19779.14,20018.41
2025-10-04 16:00:00,20019.03,20177.3,20001.84,20090.96
2025-10-04 20:00:00,20090.25,20209.39,19868.56,19995.66
2025-10-05 00:00:00,19995.24,20212.47,19987.27,20173.03
2025-10-05 04:00:00,20172.97,20205.77,19904.35,20007.7
2025-10-05 08:00:00,20007.73,20070.4,19883.13,20006.79
2025-10-05 12:00:00,20007.2,20055.24,19777.4,19992.09
2025-10-05 16:00:00,19991.65,20021.81,19331.89,19472.45
2025-10-05 20:00:00,19472.35,19536.07,19385.84,19413.23
2025-10-06 00:00:00,19412.83,19584.81,19412.83,19535.7
2025-10-06 04:00:00,19536.25,19684.76,19410.82,19479.88
2025-10-06 08:00:00,19479.71,19577.58,19394.61,19394.72
2025-10-06 12:00:00,19395.06,19577.35,19389.75,19518.22
2025-10-06 16:00:00,19517.9,19597.36,19424.6,19520.02
2025-10-06 20:00:00,19519.57,19707.92,19470.16,19696.45
2025-10-07 00:00:00,19696.61,19784.22,19613.33,19615.68
2025-10-07 04:00:00,19615.59,19715.45,19571.4,19667.14
2025-10-07 08:00:00,19667.34,19687.06,19486.84,19492.45
2025-10-07 12:00:00,19492.83,19756.2,19475.13,19648.9
2025-10-07 16:00:00,19649.1,19709.84,19425.32,19439.78
2025-10-07 20:00:00,19439.81,19552.63,19341.61,19514.94
2025-10-08 00:00:00,19515.34,19717.99,19514.53,19716.91
2025-10-08 04:00:00,19717.07,19961.53,19715.16,19952.78
2025-10-08 08:00:00,19953.15,20010.02,19751.62,19881.72
2025-10-08 12:00:00,19882.28,20018.22,19784.35,19881.74
2025-10-08 16:00:00,19881.89,19900.53,19727.61,19747.31
2025-10-08 20:00:00,19747.43,20026.39,19737.58,19971.03
2025-10-09 00:00:00,19970.8,20012.89,19890.5,20012.89
2025-10-09 04:00:00,20013.71,20143.6,19716.53,19764.81
2025-10-09 08:00:00,19764.79,19782.35,19633.04,19651.46
2025-10-09 12:00:00,19651.33,19686.69,19467.13,19661.33
2025-10-09 16:00:00,19660.83,19798.71,19611.76,19797.13
2025-10-09 20:00:00,19797.06,20044.22,19769.7,19899.96
2025-10-10 00:00:00,19900.37,20090.09,19874.36,20019.67
2025-10-10 04:00:00,20019.31,20147.49,19955.14,20101.73
2025-10-10 08:00:00,20101.36,20161.84,20010.4,20123.95
2025-10-10 12:00:00,20124.06,20516.32,20120.84,20508.68
2025-10-10 16:00:00,20508.68,20634.29,20417.21,20437.93
2025-10-10 20:00:00,20437.44,20498.64,20103.6,20126.81
2025-10-11 00:00:00,20126.85,20247.33,20080.99,20247.3
2025-10-11 04:00:00,20247.81,20347.7,20179.07,20193.63
2025-10-11 08:00:00,20193.86,20248.34,20162.01,20241.77
2025-10-11 12:00:00,20242.97,20487.81,20240.56,20445.62
2025-10-11 16:00:00,20445.36,20635.85,20444.39,20602.12
2025-10-11 20:00:00,20601.71,20825.2,20599.91,20767.98
2025-10-12 00:00:00,20768.46,21039.51,20735.94,21038.82
2025-10-12 04:00:00,21038.91,21248.28,21038.77,21151.67
2025-10-12 08:00:00,21151.35,21384.99,20990.64,21176.66
2025-10-12 12:00:00,21177.17,21348.03,20997.41,21150.65
2025-10-12 16:00:00,21150.81,21341.95,21147.8,21196.99
2025-10-12 20:00:00,21196.45,21376.62,21170.73,21375.71
2025-10-13 00:00:00,21375.84,21604.85,21354.4,21551.15
2025-10-13 04:00:00,21551.07,21682.56,21279.51,21335.0
2025-10-13 08:00:00,21335.23,21557.56,21254.57,21555.29
2025-10-13 12:00:00,21554.92,21609.79,21237.97,21242.07
2025-10-13 16:00:00,21242.05,21563.2,21188.69,21558.91
2025-10-13 20:00:00,21559.13,21811.65,21558.59,21651.99
2025-10-14 00:00:00,21651.75,21846.99,21515.97,21617.73
2025-10-14 04:00:00,21617.35,21620.79,21342.56,21416.28
2025-10-14 08:00:00,21416.82,21815.23,21414.86,21812.74
2025-10-14 12:00:00,21813.79,21903.22,21625.69,21846.81
2025-10-14 16:00:00,21847.12,22002.2,21840.18,21965.96
2025-10-14 20:00:00,21966.35,22043.97,21906.51,22042.29
2025-10-15 00:00:00,22043.0,22091.0,21956.71,22057.12
2025-10-15 04:00:00,22057.24,22284.04,22057.19,22256.12
2025-10-15 08:00:00,22255.97,22290.14,22025.17,22151.74
2025-10-15 12:00:00,22151.87,22348.67,22072.17,22254.74
2025-10-15 16:00:00,22253.97,22420.14,22214.19,22388.13
2025-10-15 20:00:00,22388.1,22547.71,22381.54,22455.43
2025-10-16 00:00:00,22455.19,22666.64,22423.16,22487.59
2025-10-16 04:00:00,22487.21,22672.68,22394.87,22494.98
2025-10-16 08:00:00,22494.61,22733.31,22491.78,22719.41
2025-10-16 12:00:00,22719.55,22896.61,22712.63,22895.49
2025-10-16 16:00:00,22895.97,22898.82,22317.9,22398.4
2025-10-16 20:00:00,22397.69,22715.24,22393.69,22694.93
2025-10-17 00:00:00,22694.85,22799.58,22226.22,22243.48
2025-10-17 04:00:00,22243.82,22542.84,22240.14,22541.39
2025-10-17 08:00:00,22541.42,22828.37,22541.42,22824.55
2025-10-17 12:00:00,22824.84,22849.19,22371.28,22377.42
2025-10-17 16:00:00,22377.69,22603.16,22245.25,22270.6
2025-10-17 20:00:00,22270.7,22398.65,22127.05,22337.3
2025-10-18 00:00:00,22337.83,22624.87,22337.83,22585.03
2025-10-18 04:00:00,22584.73,22643.86,22312.15,22385.35
2025-10-18 08:00:00,22385.88,22792.85,22360.34,22791.14
2025-10-18 12:00:00,22790.4,22887.85,22601.92,22741.89
2025-10-18 16:00:00,22742.29,22800.63,22637.62,22798.59
2025-10-18 20:00:00,22798.8,22867.84,22694.74,22826.55
2025-10-19 00:00:00,22826.34,22872.26,22547.96,22595.58
2025-10-19 04:00:00,22595.36,22804.39,22546.13,22783.53
2025-10-19 08:00:00,22783.37,23095.27,22757.16,23047.79
2025-10-19 12:00:00,23047.4,23129.96,22945.6,23083.73
2025-10-19 16:00:00,23083.81,23161.87,22854.01,22879.39
2025-10-19 20:00:00,22879.59,23024.77,22733.29,22754.33
2025-10-20 00:00:00,22755.18,22777.84,22397.69,22516.83
2025-10-20 04:00:00,22516.62,22537.96,22318.23,22509.26
2025-10-20 08:00:00,22509.55,22601.44,22304.49,22595.17
2025-10-20 12:00:00,22594.49,22738.56,22455.2,22736.09
2025-10-20 16:00:00,22736.06,22877.69,22698.41,22771.38
2025-10-20 20:00:00,22770.83,22907.02,22689.38,22898.89
2025-10-21 00:00:00,22898.78,23171.5,22880.43,23013.45
2025-10-21 04:00:00,23013.92,23037.13,22804.74,23001.64
2025-10-21 08:00:00,23001.95,23257.45,22996.93,23143.36
2025-10-21 12:00:00,23144.0,23368.22,23104.35,23358.27
2025-10-21 16:00:00,23357.73,23588.35,23311.36,23582.59
2025-10-21 20:00:00,23582.48,23835.01,23581.98,23622.83
2025-10-22 00:00:00,23622.88,23762.4,23551.08,23643.15
2025-10-22 04:00:00,23643.09,23815.86,23640.07,23812.06
2025-10-22 08:00:00,23811.53,23894.69,23656.08,23682.94
2025-10-22 12:00:00,23682.93,23807.04,23540.75,23734.97
2025-10-22 16:00:00,23734.85,23820.06,23704.2,23819.7
2025-10-22 20:00:00,23819.65,23871.11,23583.23,23717.59
2025-10-23 00:00:00,23718.28,23766.59,23269.0,23276.6
2025-10-23 04:00:00,23276.71,23668.08,23275.41,23663.79
2025-10-23 08:00:00,23663.22,23947.54,23662.86,23945.5
2025-10-23 12:00:00,23946.52,24161.74,23945.11,24157.49
2025-10-23 16:00:00,24157.7,24441.2,24153.52,24321.34
2025-10-23 20:00:00,24321.66,24575.88,24299.05,24515.86
2025-10-24 00:00:00,24515.28,24672.03,24080.51,24225.31
2025-10-24 04:00:00,24224.72,24398.21,24200.23,24318.81
2025-10-24 08:00:00,24320.15,24792.85,24289.47,24786.08
2025-10-24 12:00:00,24786.25,24845.18,24660.73,24800.72
2025-10-24 16:00:00,24800.47,24960.63,24668.21,24855.73
2025-10-24 20:00:00,24856.64,25266.2,24851.73,24994.07
2025-10-25 00:00:00,24994.09,25209.52,24986.8,25161.76
2025-10-25 04:00:00,25161.21,25332.24,25026.2,25042.23
2025-10-25 08:00:00,25042.91,25249.24,25002.09,25063.69
2025-10-25 12:00:00,25063.78,25532.71,25063.35,25531.23
2025-10-25 16:00:00,25531.34,25579.61,25245.52,25498.19
2025-10-25 20:00:00,25498.44,25549.99,25375.39,25452.58
2025-10-26 00:00:00,25453.0,25537.56,25256.81,25455.96
2025-10-26 04:00:00,25455.65,25586.41,25403.29,25466.28
2025-10-26 08:00:00,25466.45,25496.0,25005.51,25160.83
2025-10-26 12:00:00,25160.92,25229.19,24975.4,25073.27
2025-10-26 16:00:00,25073.59,25555.49,25072.69,25462.94
2025-10-26 20:00:00,25463.11,25647.95,25442.72,25586.68
2025-10-27 00:00:00,25587.61,25624.61,25279.75,25282.53
2025-10-27 04:00:00,25282.8,25406.68,25217.37,25406.53
2025-10-27 08:00:00,25406.9,25464.49,25196.17,25357.86
2025-10-27 12:00:00,25358.52,25741.95,25353.98,25626.8
2025-10-27 16:00:00,25627.8,25814.94,25587.69,25813.09
2025-10-27 20:00:00,25812.49,26091.05,25706.99,25947.07
2025-10-28 00:00:00,25947.33,26174.0,25910.94,26119.96
2025-10-28 04:00:00,26120.08,26348.59,26119.93,26260.65
2025-10-28 08:00:00,26260.7,26271.58,25972.11,26021.17
2025-10-28 12:00:00,26021.37,26162.66,25810.69,25842.32
2025-10-28 16:00:00,25842.64,25981.6,25443.81,25556.72
2025-10-28 20:00:00,25556.93,25670.51,25402.09,25420.91
2025-10-29 00:00:00,25421.46,25728.36,25336.49,25721.42
2025-10-29 04:00:00,25721.63,26122.55,25716.92,25974.89
2025-10-29 08:00:00,25974.92,26259.8,25974.34,26203.1
2025-10-29 12:00:00,26202.86,26362.44,26045.24,26356.58
2025-10-29 16:00:00,26356.28,26386.93,26006.76,26249.0
2025-10-29 20:00:00,26249.81,26538.09,26249.06,26533.28
2025-10-30 00:00:00,26533.7,26619.58,26378.69,26418.93
2025-10-30 04:00:00,26418.81,26523.78,26207.97,26520.3
2025-10-30 08:00:00,26520.18,26926.93,26515.37,26923.33
2025-10-30 12:00:00,26923.59,27254.18,26922.59,27238.09
2025-10-30 16:00:00,27238.11,27368.51,27039.84,27283.79
2025-10-30 20:00:00,27284.0,27522.0,27211.8,27318.43
2025-10-31 00:00:00,27319.11,27495.95,27241.55,27366.47
2025-10-31 04:00:00,27366.06,27371.67,27083.12,27083.16
2025-10-31 08:00:00,27083.99,27099.25,26536.18,26562.87
2025-10-31 12:00:00,26563.05,26891.81,26559.13,26867.42
2025-10-31 16:00:00,26867.65,27059.17,26863.63,26941.45
2025-10-31 20:00:00,26941.68,26950.08,26088.3,26092.83
2025-11-01 00:00:00,26093.0,26253.63,26072.38,26093.39
2025-11-01 04:00:00,26093.32,26176.68,25871.8,26057.55
2025-11-01 08:00:00,26058.31,26322.07,26017.94,26208.45
2025-11-01 12:00:00,26208.45,26263.21,25713.85,25917.22
2025-11-01 16:00:00,25917.23,25959.92,25784.05,25875.4
2025-11-01 20:00:00,25875.44,26223.91,25874.49,26223.91
2025-11-02 00:00:00,26222.98,26380.19,26194.7,26294.06
2025-11-02 04:00:00,26293.66,26549.0,26289.77,26541.18
2025-11-02 08:00:00,26541.44,26847.42,26538.66,26835.6
2025-11-02 12:00:00,26836.08,26923.37,26326.12,26645.82
2025-11-02 16:00:00,26645.12,26918.12,26537.44,26911.57
2025-11-02 20:00:00,26910.95,27082.21,26856.25,26895.16
2025-11-03 00:00:00,26895.27,27110.36,26696.48,27105.49
2025-11-03 04:00:00,27105.88,27280.43,26816.31,26824.02
2025-11-03 08:00:00,26823.95,26980.48,26693.17,26882.43
2025-11-03 12:00:00,26882.41,26912.12,26626.91,26797.24
2025-11-03 16:00:00,26797.5,27310.92,26793.51,27247.63
2025-11-03 20:00:00,27247.75,27540.47,27246.95,27304.48
2025-11-04 00:00:00,27305.45,27440.8,27167.85,27439.64
2025-11-04 04:00:00,27439.59,27624.92,27427.73,27591.32
2025-11-04 08:00:00,27591.41,27782.92,27567.17,27732.46
2025-11-04 12:00:00,27733.15,27880.36,27591.98,27711.53
2025-11-04 16:00:00,27710.82,28005.74,27710.05,28004.74
2025-11-04 20:00:00,28005.49,28040.23,27777.9,27787.34
2025-11-05 00:00:00,27787.45,28024.94,27785.83,27946.3
2025-11-05 04:00:00,27945.87,28235.96,27830.42,28235.34
2025-11-05 08:00:00,28234.78,28448.23,28090.45,28441.13
2025-11-05 12:00:00,28440.37,28677.61,28425.6,28429.89
2025-11-05 16:00:00,28430.17,28430.39,27688.73,27751.78
2025-11-05 20:00:00,27751.38,27779.9,27276.48,27362.85
2025-11-06 00:00:00,27361.86,27451.99,26999.72,27046.3
2025-11-06 04:00:00,27046.64,27237.48,27031.98,27184.33
2025-11-06 08:00:00,27184.44,27487.31,27181.93,27460.75
2025-11-06 12:00:00,27460.63,27602.24,27342.9,27601.41
2025-11-06 16:00:00,27600.63,27670.22,27148.36,27453.49
2025-11-06 20:00:00,27453.23,27660.91,27410.47,27614.45
2025-11-07 00:00:00,27614.1,27653.42,27281.96,27317.06
2025-11-07 04:00:00,27316.8,27614.99,27297.8,27608.43
2025-11-07 08:00:00,27606.71,27697.22,27258.73,27323.93
2025-11-07 12:00:00,27324.92,27633.31,27324.92,27561.67
2025-11-07 16:00:00,27562.12,27952.67,27549.15,27951.65
2025-11-07 20:00:00,27951.53,28054.1,27674.85,28011.05
2025-11-08 00:00:00,28011.72,28086.7,27847.59,27929.82
2025-11-08 04:00:00,27929.75,28122.63,27870.58,27954.32
2025-11-08 08:00:00,27955.02,28110.65,27626.18,27688.07
2025-11-08 12:00:00,27687.92,27707.78,26930.63,27041.5
2025-11-08 16:00:00,27041.54,27499.27,27039.27,27481.93
2025-11-08 20:00:00,27482.04,27700.82,27169.08,27224.53
2025-11-09 00:00:00,27225.16,27308.28,26835.1,26876.14
2025-11-09 04:00:00,26876.84,26981.56,26747.4,26979.4
2025-11-09 08:00:00,26978.38,27070.47,26235.62,26292.08
2025-11-09 12:00:00,26291.81,26352.13,26171.43,26207.33
2025-11-09 16:00:00,26207.7,26358.91,26022.7,26095.4
2025-11-09 20:00:00,26095.61,26364.38,26078.2,26317.94
2025-11-10 00:00:00,26317.82,26416.32,26086.95,26153.14
2025-11-10 04:00:00,26153.12,26411.64,25890.24,25942.02
2025-11-10 08:00:00,25941.97,25941.97,25581.88,25870.28
2025-11-10 12:00:00,25870.82,26014.21,25791.44,25933.71
2025-11-10 16:00:00,25933.37,26089.04,25852.18,26040.6
2025-11-10 20:00:00,26040.99,26282.74,25998.19,26280.19
2025-11-11 00:00:00,26280.72,26704.55,26280.54,26335.07
2025-11-11 04:00:00,26336.0,26642.13,26318.84,26501.44
2025-11-11 08:00:00,26502.44,26594.33,26293.99,26594.05
2025-11-11 12:00:00,26594.21,26941.76,26592.18,26940.4
2025-11-11 16:00:00,26940.2,27072.37,26537.89,26764.78
2025-11-11 20:00:00,26764.94,27185.03,26764.08,27171.94
2025-11-12 00:00:00,27172.36,27352.27,27046.59,27251.04
2025-11-12 04:00:00,27250.95,27628.09,27249.84,27562.6
2025-11-12 08:00:00,27562.95,27906.5,27362.22,27839.63
2025-11-12 12:00:00,27838.88,27912.14,27605.06,27660.57
2025-11-12 16:00:00,27660.57,27789.45,27658.88,27692.18
2025-11-12 20:00:00,27692.24,27856.56,27585.53,27674.49
2025-11-13 00:00:00,27674.47,27747.11,27492.43,27561.71
2025-11-13 04:00:00,27561.91,27793.4,27535.69,27708.02
2025-11-13 08:00:00,27708.16,27880.47,27687.44,27712.93
2025-11-13 12:00:00,27712.73,28070.49,27626.28,28060.97
2025-11-13 16:00:00,28061.12,28086.04,27404.55,27539.36
2025-11-13 20:00:00,27539.95,27740.71,27484.66,27709.92
2025-11-14 00:00:00,27709.28,27882.38,27551.12,27777.02
2025-11-14 04:00:00,27777.26,27886.54,27522.15,27649.39
2025-11-14 08:00:00,27648.65,27866.13,27635.71,27859.57
2025-11-14 12:00:00,27860.4,28166.53,27857.05,28145.79
2025-11-14 16:00:00,28146.07,28219.76,27713.9,27734.51
2025-11-14 20:00:00,27734.14,27734.14,26875.52,27007.83
2025-11-15 00:00:00,27007.93,27281.76,26995.95,27172.01
2025-11-15 04:00:00,27171.8,27207.84,26984.46,27003.74
2025-11-15 08:00:00,27003.35,27017.29,26562.37,26665.27
2025-11-15 12:00:00,26618.0,26789.34,26581.28,26685.34
2025-11-15 16:00:00,26684.94,26746.98,26508.69,26554.05
2025-11-15 20:00:00,26554.09,26717.73,26194.5,26198.41
2025-11-16 00:00:00,26198.26,26336.09,25950.7,26141.58
2025-11-16 04:00:00,26141.25,26417.48,26080.43,26351.41
2025-11-16 08:00:00,26351.67,26424.82,26046.42,26065.25
2025-11-16 12:00:00,26065.54,26281.56,26030.19,26187.17
2025-11-16 16:00:00,26186.7,26262.21,26051.63,26156.61
2025-11-16 20:00:00,26156.57,26352.89,26083.09,26231.44
2025-11-17 00:00:00,26230.87,26396.12,26134.7,26355.07
2025-11-17 04:00:00,26354.51,26434.96,26052.83,26118.57
2025-11-17 08:00:00,26118.89,26171.74,25815.83,26093.67
2025-11-17 12:00:00,26092.99,26509.48,26088.39,26409.69
2025-11-17 16:00:00,26409.08,26464.99,26220.41,26324.59
2025-11-17 20:00:00,26324.38,26336.58,25670.11,25672.0
2025-11-18 00:00:00,25672.08,25736.84,25315.57,25402.48
2025-11-18 04:00:00,25402.39,25488.23,25245.4,25452.54
2025-11-18 08:00:00,25451.41,25695.55,25193.45,25292.78
2025-11-18 12:00:00,25293.06,25307.99,24787.75,24812.91
2025-11-18 16:00:00,24813.3,25026.78,24810.83,24959.43
2025-11-18 20:00:00,24959.4,25009.06,24817.28,24876.6
2025-11-19 00:00:00,24876.39,24994.88,24838.79,24980.81
2025-11-19 04:00:00,24980.6,25281.02,24979.5,25165.39
2025-11-19 08:00:00,25166.11,25254.05,25001.26,25249.91
2025-11-19 12:00:00,25249.87,25558.39,25194.3,25264.53
2025-11-19 16:00:00,25265.06,25582.13,25264.35,25573.45
2025-11-19 20:00:00,25573.18,25608.45,25270.91,25490.89
2025-11-20 00:00:00,25491.02,25672.7,25415.5,25572.25
2025-11-20 04:00:00,25572.12,25708.05,25520.72,25654.01
2025-11-20 08:00:00,25654.83,25878.47,25575.58,25870.03
2025-11-20 12:00:00,25870.13,25870.35,25548.63,25655.93
2025-11-20 16:00:00,25656.84,25717.03,25509.67,25568.71
2025-11-20 20:00:00,25568.08,25887.48,25565.42,25758.73
2025-11-21 00:00:00,25759.39,26037.36,25750.35,25957.7
2025-11-21 04:00:00,25957.44,26036.46,25772.22,25873.4
2025-11-21 08:00:00,25873.91,26075.05,25793.63,25800.45
2025-11-21 12:00:00,25800.46,25887.12,25647.52,25792.33
2025-11-21 16:00:00,25791.49,25795.49,25375.94,25446.4
2025-11-21 20:00:00,25447.23,25661.73,25313.72,25611.55
2025-11-22 00:00:00,25611.23,25661.27,25404.34,25531.74
2025-11-22 04:00:00,25531.94,25814.8,25515.29,25720.35
2025-11-22 08:00:00,25719.49,25893.56,25715.96,25854.32
2025-11-22 12:00:00,25854.48,26045.09,25832.67,26012.64
2025-11-22 16:00:00,26012.47,26347.54,25941.38,26345.87
2025-11-22 20:00:00,26345.51,26509.23,26208.62,26323.86
2025-11-23 00:00:00,26323.15,26522.66,26080.2,26106.87
2025-11-23 04:00:00,26106.49,26239.82,25798.36,25842.46
2025-11-23 08:00:00,25842.26,25941.0,25704.35,25847.5
2025-11-23 12:00:00,25848.23,26222.41,25832.23,26220.69
2025-11-23 16:00:00,26220.79,26296.37,25909.59,25910.75
2025-11-23 20:00:00,25910.99,26092.12,25670.62,25705.21
2025-11-24 00:00:00,25705.16,25820.49,25553.6,25612.89
2025-11-24 04:00:00,25612.15,26038.52,25611.22,25810.78
2025-11-24 08:00:00,25811.64,26050.07,25806.16,26006.79
2025-11-24 12:00:00,26007.37,26042.7,25845.64,25902.76
2025-11-24 16:00:00,25903.03,26206.82,25899.63,26027.33
2025-11-24 20:00:00,26027.53,26279.68,25983.2,26106.96
2025-11-25 00:00:00,26106.53,26144.87,25750.28,25781.39
2025-11-25 04:00:00,25781.47,26206.29,25779.55,26202.98
2025-11-25 08:00:00,26202.69,26470.6,26133.56,26242.87
2025-11-25 12:00:00,26242.72,26300.1,26111.8,26265.19
2025-11-25 16:00:00,26265.9,26565.43,26260.67,26424.01
2025-11-25 20:00:00,26423.25,26882.24,26404.7,26872.97
2025-11-26 00:00:00,26872.5,27044.85,26872.5,26933.1
2025-11-26 04:00:00,26932.42,26963.69,26579.03,26831.4
2025-11-26 08:00:00,26831.95,26879.15,26378.81,26553.07
2025-11-26 12:00:00,26552.67,26725.88,26552.67,26650.27
2025-11-26 16:00:00,26649.75,27152.7,26640.38,27030.62
2025-11-26 20:00:00,27031.51,27340.94,27027.87,27340.26
2025-11-27 00:00:00,27339.79,27390.44,27008.05,27107.49
2025-11-27 04:00:00,27106.78,27168.73,26728.59,26731.81
2025-11-27 08:00:00,26732.68,27064.81,26700.99,27027.88
2025-11-27 12:00:00,27028.38,27193.64,26890.1,27125.31
2025-11-27 16:00:00,27125.61,27389.15,27118.6,27389.15
2025-11-27 20:00:00,27389.2,27726.04,27384.59,27720.54
2025-11-28 00:00:00,27720.99,28109.69,27604.74,28109.69
2025-11-28 04:00:00,28110.5,28394.24,28068.78,28176.59
2025-11-28 08:00:00,28176.09,28372.32,28088.09,28343.43
2025-11-28 12:00:00,28343.76,28512.09,28263.02,28422.91
2025-11-28 16:00:00,28423.75,28444.84,28212.55,28260.1
2025-11-28 20:00:00,28260.31,28308.15,27796.66,27861.19
2025-11-29 00:00:00,27860.63,27978.18,27736.55,27943.97
2025-11-29 04:00:00,27944.1,27966.59,27688.79,27920.74
2025-11-29 08:00:00,27921.09,28147.62,27842.39,27866.87
2025-11-29 12:00:00,27866.76,27873.3,27573.29,27744.07
2025-11-29 16:00:00,27743.65,27984.52,27712.62,27941.6
2025-11-29 20:00:00,27940.94,28154.08,27903.5,28100.55
2025-11-30 00:00:00,28100.15,28286.96,28043.73,28243.32
2025-11-30 04:00:00,28243.7,28250.05,27922.77,28018.34
2025-11-30 08:00:00,28019.02,28533.02,28010.44,28532.68
2025-11-30 12:00:00,28532.91,28833.52,28491.92,28823.21
2025-11-30 16:00:00,28822.7,29039.37,28606.01,28766.13
2025-11-30 20:00:00,28765.98,29181.72,28684.78,29179.03
2025-12-01 00:00:00,29178.51,29239.1,28959.2,29140.83
2025-12-01 04:00:00,29141.42,29313.7,28807.43,28860.88
2025-12-01 08:00:00,28860.65,28877.05,28479.12,28690.54
2025-12-01 12:00:00,28690.25,28930.08,28629.26,28891.17
2025-12-01 16:00:00,28891.71,29151.98,28849.6,29150.36
2025-12-01 20:00:00,29151.14,29508.84,29147.03,29498.2
2025-12-02 00:00:00,29498.18,29523.92,28992.53,29076.38
2025-12-02 04:00:00,29075.35,29238.05,28903.92,28974.37
2025-12-02 08:00:00,28974.64,29540.67,28972.5,29522.67
2025-12-02 12:00:00,29523.23,29524.69,29140.31,29361.65
2025-12-02 16:00:00,29362.2,29390.71,28898.5,29388.26
2025-12-02 20:00:00,29388.93,29663.44,29345.25,29425.32
2025-12-03 00:00:00,29425.68,29603.24,29235.86,29392.64
2025-12-03 04:00:00,29392.61,29455.74,29259.62,29332.61
2025-12-03 08:00:00,29331.68,29364.15,28822.64,29187.39
2025-12-03 12:00:00,29187.49,29595.32,29183.38,29403.45
2025-12-03 16:00:00,29403.99,29632.62,29352.27,29601.87
2025-12-03 20:00:00,29601.74,30081.89,29481.15,29849.44
2025-12-04 00:00:00,29848.84,30174.11,29846.31,29900.03
2025-12-04 04:00:00,29900.55,29905.36,29442.75,29554.72
2025-12-04 08:00:00,29554.48,29871.34,29372.37,29380.13
2025-12-04 12:00:00,29381.0,29561.48,29252.56,29394.97
2025-12-04 16:00:00,29395.68,29730.12,29394.41,29727.4
2025-12-04 20:00:00,29727.44,29802.99,29460.1,29521.66
2025-12-05 00:00:00,29521.51,29744.87,29520.47,29744.58
2025-12-05 04:00:00,29744.95,30306.24,29595.33,30131.19
2025-12-05 08:00:00,30131.16,30272.65,29857.38,30019.95
2025-12-05 12:00:00,30021.25,30163.1,29899.76,30120.2
2025-12-05 16:00:00,30120.47,30399.27,29933.26,30334.28
2025-12-05 20:00:00,30335.18,30345.74,30066.7,30207.87
2025-12-06 00:00:00,30207.42,30430.05,30167.98,30395.0
2025-12-06 04:00:00,30394.85,30564.0,30291.03,30449.14
2025-12-06 08:00:00,30448.85,30524.88,30218.02,30523.09
2025-12-06 12:00:00,30524.04,30936.98,30520.56,30934.09
2025-12-06 16:00:00,30934.1,31261.33,30927.01,31190.23
2025-12-06 20:00:00,31189.71,31270.31,30817.23,31243.7
2025-12-07 00:00:00,31243.34,31574.37,31238.55,31574.37
2025-12-07 04:00:00,31574.84,31739.43,31452.73,31528.24
2025-12-07 08:00:00,31528.21,31700.46,31363.05,31430.91
2025-12-07 12:00:00,31430.04,31606.68,31203.35,31238.08
2025-12-07 16:00:00,31238.24,31659.48,31236.51,31655.41
2025-12-07 20:00:00,31655.64,31834.6,31570.09,31669.15
2025-12-08 00:00:00,31669.68,32005.43,31668.27,32004.58
2025-12-08 04:00:00,32004.62,32322.5,31935.5,31943.19
2025-12-08 08:00:00,31943.95,32017.21,31434.95,31447.19
2025-12-08 12:00:00,31446.96,31780.52,31383.2,31778.14
2025-12-08 16:00:00,31778.18,31782.25,31180.61,31296.84
2025-12-08 20:00:00,31297.12,31453.37,31252.04,31436.84
2025-12-09 00:00:00,31436.31,31708.93,31297.73,31655.88
2025-12-09 04:00:00,31655.59,31906.79,31334.32,31359.12
2025-12-09 08:00:00,31359.02,31420.08,31219.58,31364.4
2025-12-09 12:00:00,31363.67,31699.51,31360.36,31672.06
2025-12-09 16:00:00,31672.85,31699.78,31110.38,31254.08
2025-12-09 20:00:00,31253.96,31449.76,31126.31,31349.24
2025-12-10 00:00:00,31348.19,31525.13,31267.42,31387.78
2025-12-10 04:00:00,31388.25,31644.9,31275.16,31313.16
2025-12-10 08:00:00,31313.74,31543.72,31179.88,31533.8
2025-12-10 12:00:00,31534.0,31557.82,31192.33,31268.47
2025-12-10 16:00:00,31268.51,31331.49,31018.11,31049.66
2025-12-10 20:00:00,31049.56,31243.41,30896.8,31084.03
2025-12-11 00:00:00,31083.38,31282.96,30891.69,31215.54
2025-12-11 04:00:00,31216.08,31320.6,30758.07,30875.33
2025-12-11 08:00:00,30875.4,31020.18,30722.61,30762.65
2025-12-11 12:00:00,30762.37,30833.57,30442.89,30606.84
2025-12-11 16:00:00,30607.11,30728.39,30307.09,30451.0
2025-12-11 20:00:00,30451.29,30469.68,29874.03,30041.53
2025-12-12 00:00:00,30041.5,30488.36,30039.47,30455.29
2025-12-12 04:00:00,30454.88,30464.11,30068.58,30283.87
2025-12-12 08:00:00,30285.03,30288.64,29895.14,29971.5
2025-12-12 12:00:00,29971.98,30256.59,29967.85,30239.65
2025-12-12 16:00:00,30239.42,30478.34,30239.42,30392.9
2025-12-12 20:00:00,30392.57,30451.93,29942.8,30024.64
2025-12-13 00:00:00,30024.51,30153.48,29800.93,29835.43
2025-12-13 04:00:00,29835.05,29981.44,29535.04,29915.14
2025-12-13 08:00:00,29915.96,30036.44,29908.23,30025.71
2025-12-13 12:00:00,30025.62,30057.93,29338.41,29466.07
2025-12-13 16:00:00,29466.3,29697.02,29420.9,29594.8
2025-12-13 20:00:00,29594.84,29817.72,29411.83,29520.77
2025-12-14 00:00:00,29520.45,29539.06,29071.65,29218.06
2025-12-14 04:00:00,29217.96,29355.98,28994.05,29138.86
2025-12-14 08:00:00,29139.67,29413.31,29132.87,29232.69
2025-12-14 12:00:00,29233.18,29637.0,29227.98,29604.69
2025-12-14 16:00:00,29605.08,29679.57,29308.69,29530.33
2025-12-14 20:00:00,29530.41,29764.52,29437.88,29444.69
2025-12-15 00:00:00,29444.67,29664.42,29437.06,29550.93
2025-12-15 04:00:00,29550.72,29716.51,29547.59,29647.92
2025-12-15 08:00:00,29648.83,29738.91,29478.79,29608.58
2025-12-15 12:00:00,29608.09,29794.69,29535.6,29792.63
2025-12-15 16:00:00,29793.19,30057.68,29743.43,29880.84
2025-12-15 20:00:00,29881.09,30003.1,29705.63,29872.51
2025-12-16 00:00:00,29873.01,29887.19,29280.03,29488.37
2025-12-16 04:00:00,29487.35,29578.3,29227.0,29298.51
2025-12-16 08:00:00,29298.98,29586.85,29273.89,29568.21
2025-12-16 12:00:00,29567.94,29893.16,29543.96,29712.82
2025-12-16 16:00:00,29712.22,30170.55,29706.85,30107.91
2025-12-16 20:00:00,30108.86,30310.71,30054.4,30290.58
2025-12-17 00:00:00,30291.45,30515.73,30218.07,30264.81
2025-12-17 04:00:00,30264.88,30433.97,30189.7,30390.15
2025-12-17 08:00:00,30390.73,30615.63,30325.85,30584.42
2025-12-17 12:00:00,30584.64,30723.34,30491.92,30589.41
2025-12-17 16:00:00,30589.52,31000.46,30589.52,30997.89
2025-12-17 20:00:00,30997.98,31222.1,30883.25,30989.84
2025-12-18 00:00:00,30990.29,31172.85,30834.06,30840.58
2025-12-18 04:00:00,30840.26,30941.51,30673.19,30825.78
2025-12-18 08:00:00,30826.21,31367.58,30822.88,31106.09
2025-12-18 12:00:00,31105.39,31431.92,31105.39,31413.23
2025-12-18 16:00:00,31413.31,31627.02,31406.87,31623.55
2025-12-18 20:00:00,31624.12,31994.16,31361.61,31389.52
2025-12-19 00:00:00,31389.63,31683.64,31239.91,31675.7
2025-12-19 04:00:00,31675.71,31921.74,31451.21,31494.09
2025-12-19 08:00:00,31494.81,31799.42,31487.39,31600.43
2025-12-19 12:00:00,31600.85,31604.27,31160.27,31485.38
2025-12-19 16:00:00,31485.57,31568.56,31279.51,31364.24
2025-12-19 20:00:00,31364.4,31692.44,31362.14,31689.94
2025-12-20 00:00:00,31690.08,31999.02,31657.04,31922.31
2025-12-20 04:00:00,31923.13,31961.15,31284.99,31354.28
2025-12-20 08:00:00,31353.92,31507.69,31197.39,31445.84
2025-12-20 12:00:00,31446.26,31572.01,31119.79,31413.1
2025-12-20 16:00:00,31413.29,31584.37,31372.8,31508.08
2025-12-20 20:00:00,31508.66,31517.49,30969.35,31058.85
2025-12-21 00:00:00,31058.18,31385.57,31058.18,31381.55
2025-12-21 04:00:00,31381.31,31594.17,31294.47,31361.71
2025-12-21 08:00:00,31360.48,31446.94,31275.25,31400.35
2025-12-21 12:00:00,31400.31,31565.3,31060.08,31103.91
2025-12-21 16:00:00,31105.16,31415.22,31103.57,31399.48
2025-12-21 20:00:00,31399.63,31459.96,31059.69,31434.36
2025-12-22 00:00:00,31434.47,31473.25,30654.86,31062.63
2025-12-22 04:00:00,31061.66,31315.72,31028.88,31204.71
2025-12-22 08:00:00,31204.16,31551.58,31167.53,31234.64
2025-12-22 12:00:00,31235.2,31338.67,30716.51,30893.4
2025-12-22 16:00:00,30893.64,31092.97,30722.31,30728.71
2025-12-22 20:00:00,30728.25,30832.27,30349.67,30771.49
2025-12-23 00:00:00,30770.54,30977.1,30483.87,30538.21
2025-12-23 04:00:00,30538.35,30584.17,30352.2,30516.18
2025-12-23 08:00:00,30515.89,30848.19,30487.13,30768.47
2025-12-23 12:00:00,30768.75,30826.99,30316.26,30340.76
2025-12-23 16:00:00,30341.47,30529.45,30228.09,30362.21
2025-12-23 20:00:00,30361.19,30594.08,30352.55,30418.86
2025-12-24 00:00:00,30418.35,30621.56,30209.91,30338.65
2025-12-24 04:00:00,30338.66,30623.87,30280.48,30617.3
2025-12-24 08:00:00,30617.19,30658.57,30132.23,30160.83
2025-12-24 12:00:00,30160.14,30317.3,30066.48,30190.34
2025-12-24 16:00:00,30190.39,30248.05,29854.29,30237.48
2025-12-24 20:00:00,30238.15,30443.68,30108.59,30352.83
2025-12-25 00:00:00,30353.49,30796.48,30346.96,30510.71
2025-12-25 04:00:00,30510.79,30943.86,30498.34,30935.03
2025-12-25 08:00:00,30934.73,31046.5,30794.51,30934.31
2025-12-25 12:00:00,30934.79,31140.9,30862.0,30935.43
2025-12-25 16:00:00,30934.7,30974.33,30621.85,30893.42
2025-12-25 20:00:00,30893.8,31156.23,30718.24,30827.49
2025-12-26 00:00:00,30827.74,30923.93,30568.42,30611.9
2025-12-26 04:00:00,30612.09,31001.64,30609.72,30990.74
2025-12-26 08:00:00,30990.24,31112.62,30679.27,30978.6
2025-12-26 12:00:00,30979.53,31329.95,30924.96,31326.59
2025-12-26 16:00:00,31326.9,31333.34,30910.63,31249.26
2025-12-26 20:00:00,31249.82,31522.99,31216.39,31365.03
2025-12-27 00:00:00,31364.95,31452.52,31137.1,31385.71
2025-12-27 04:00:00,31385.74,31510.86,31194.72,31508.15
2025-12-27 08:00:00,31507.76,31927.65,31505.85,31634.59
2025-12-27 12:00:00,31635.0,32165.52,31635.0,32116.05
2025-12-27 16:00:00,32115.55,32189.88,31938.48,32106.91
2025-12-27 20:00:00,32107.05,32468.2,32101.57,32424.01
2025-12-28 00:00:00,32424.05,32656.69,32415.12,32502.1
2025-12-28 04:00:00,32501.82,32883.23,32482.88,32713.62
2025-12-28 08:00:00,32713.18,32844.09,32519.32,32726.41
2025-12-28 12:00:00,32725.16,32977.71,32715.54,32872.67
2025-12-28 16:00:00,32872.89,32878.41,32365.24,32596.74
2025-12-28 20:00:00,32597.99,32928.75,32539.91,32861.63
2025-12-29 00:00:00,32861.63,33012.28,32680.72,32860.48
2025-12-29 04:00:00,32860.28,32881.46,32400.63,32619.34
2025-12-29 08:00:00,32620.53,32784.86,32279.24,32346.48
2025-12-29 12:00:00,32346.53,32553.39,32290.87,32539.46
2025-12-29 16:00:00,32539.63,32633.53,32453.95,32603.75
2025-12-29 20:00:00,32601.89,32716.46,32445.4,32654.37
2025-12-30 00:00:00,32653.59,32841.74,32568.41,32840.06
2025-12-30 04:00:00,32838.62,33186.3,32729.06,33052.56
2025-12-30 08:00:00,33052.63,33073.96,32291.97,32719.24
2025-12-30 12:00:00,32718.98,32975.4,32373.85,32541.94
2025-12-30 16:00:00,32541.77,32744.44,32194.4,32232.23
2025-12-30 20:00:00,32232.32,32312.98,31634.57,31656.16
2025-12-31 00:00:00,31657.59,31728.25,31163.64,31534.56
2025-12-31 04:00:00,31534.55,31567.85,31233.39,31554.61
2025-12-31 08:00:00,31554.4,31691.15,31332.89,31690.68
2025-12-31 12:00:00,31690.25,31748.35,31318.1,31363.7
2025-12-31 16:00:00,31363.24,31663.42,31362.48,31528.87
2025-12-31 20:00:00,31528.69,31739.61,31397.7,31646.36
2026-01-01 00:00:00,31645.33,31968.94,31593.59,31856.27
2026-01-01 04:00:00,31857.61,31863.28,31516.88,31694.8
2026-01-01 08:00:00,31694.72,32280.57,31694.15,31867.89
2026-01-01 12:00:00,31866.98,31993.4,31331.31,31470.17
2026-01-01 16:00:00,31469.91,31619.11,31305.68,31379.05
2026-01-01 20:00:00,31378.3,31541.08,31278.74,31538.88
2026-01-02 00:00:00,31539.52,31839.21,31429.89,31692.17
2026-01-02 04:00:00,31693.03,32003.78,31591.42,32000.42
2026-01-02 08:00:00,32000.62,32072.3,31452.9,31621.37
2026-01-02 12:00:00,31620.85,31946.96,31620.85,31803.5
2026-01-02 16:00:00,31803.06,32116.12,31696.11,32011.99
2026-01-02 20:00:00,32011.47,32299.93,31898.34,31937.55
2026-01-03 00:00:00,31937.59,31938.71,31529.57,31643.89
2026-01-03 04:00:00,31643.37,31674.56,30620.18,30621.46
2026-01-03 08:00:00,30620.04,30885.96,30484.8,30849.41
2026-01-03 12:00:00,30849.19,30898.15,30520.07,30641.9
2026-01-03 16:00:00,30641.46,30918.66,30591.27,30886.09
2026-01-03 20:00:00,30885.15,31361.24,30877.24,31295.4
2026-01-04 00:00:00,31294.85,31401.29,31064.83,31397.68
2026-01-04 04:00:00,31398.38,31549.67,31201.53,31208.29
2026-01-04 08:00:00,31208.56,31378.41,30898.04,31255.54
2026-01-04 12:00:00,31255.28,31288.89,30991.17,31126.23
2026-01-04 16:00:00,31126.28,31772.47,31117.88,31770.15
2026-01-04 20:00:00,31770.76,31950.16,31639.88,31836.68
2026-01-05 00:00:00,31836.43,31908.39,31159.09,31264.5
2026-01-05 04:00:00,31264.13,31683.47,31175.19,31548.3
2026-01-05 08:00:00,31547.64,31570.15,30438.02,30484.35
2026-01-05 12:00:00,30484.48,30960.51,30484.42,30715.61
2026-01-05 16:00:00,30715.89,30748.46,30471.22,30536.45
2026-01-05 20:00:00,30536.17,30587.42,30234.12,30456.7
2026-01-06 00:00:00,30456.8,30496.17,30004.6,30235.21
2026-01-06 04:00:00,30234.91,30351.46,29956.49,30327.63
2026-01-06 08:00:00,30327.33,30811.31,30325.36,30779.18
2026-01-06 12:00:00,30779.15,31051.77,30740.58,31049.32
2026-01-06 16:00:00,31049.5,31359.86,31009.56,31263.16
2026-01-06 20:00:00,31263.88,31412.3,31127.07,31370.93
2026-01-07 00:00:00,31371.13,31852.54,31365.91,31771.64
2026-01-07 04:00:00,31771.91,31979.68,31411.5,31620.68
2026-01-07 08:00:00,31621.14,31966.26,31609.91,31805.98
2026-01-07 12:00:00,31806.25,32004.17,31671.31,31840.28
2026-01-07 16:00:00,31840.19,31982.91,31570.57,31652.75
2026-01-07 20:00:00,31653.12,31658.26,31069.54,31288.19
2026-01-08 00:00:00,31287.42,31399.96,31017.6,31204.32
2026-01-08 04:00:00,31203.09,31296.52,31019.77,31025.89
2026-01-08 08:00:00,31026.79,31454.5,31005.98,31219.31
2026-01-08 12:00:00,31219.76,31332.72,31139.36,31299.02
2026-01-08 16:00:00,31299.26,31316.66,30168.51,30185.36
2026-01-08 20:00:00,30186.47,30254.91,29801.07,29913.63
2026-01-09 00:00:00,29912.53,30109.8,29773.59,30063.5
2026-01-09 04:00:00,30063.21,30408.18,30059.24,30137.24
2026-01-09 08:00:00,30138.7,30555.89,30131.97,30371.59
2026-01-09 12:00:00,30371.68,30387.54,29825.06,29961.8
2026-01-09 16:00:00,29962.29,30214.23,29868.19,29873.59
2026-01-09 20:00:00,29873.74,30137.22,29809.09,29869.28
2026-01-10 00:00:00,29869.88,30093.34,29721.32,29723.39
2026-01-10 04:00:00,29724.65,29830.09,29592.06,29788.16
2026-01-10 08:00:00,29787.37,30058.02,29522.56,29908.68
2026-01-10 12:00:00,29909.46,30313.0,29904.34,30147.23
2026-01-10 16:00:00,30147.65,30162.0,29911.16,30010.9
2026-01-10 20:00:00,30011.93,30251.28,29934.96,30199.28
2026-01-11 00:00:00,30199.26,30512.3,30047.12,30066.85
2026-01-11 04:00:00,30066.94,30180.46,29926.01,29943.32
2026-01-11 08:00:00,29943.57,29952.78,29656.89,29666.86
2026-01-11 12:00:00,29666.61,29993.54,29574.22,29991.82
2026-01-11 16:00:00,29992.63,30100.08,29677.33,29789.72
2026-01-11 20:00:00,29789.68,30096.7,29752.47,30095.41
2026-01-12 00:00:00,30096.03,30232.62,30044.93,30181.31
2026-01-12 04:00:00,30180.17,30197.25,29991.3,30129.64
2026-01-12 08:00:00,30129.43,30310.43,29938.3,30182.07
2026-01-12 12:00:00,30182.34,30418.02,30149.95,30409.54
2026-01-12 16:00:00,30410.63,30514.87,29983.65,30092.0
2026-01-12 20:00:00,30091.86,30162.89,29670.49,29752.63
2026-01-13 00:00:00,29751.86,29787.64,28916.99,28972.93
2026-01-13 04:00:00,28972.39,29349.83,28971.35,29198.26
2026-01-13 08:00:00,29198.19,29299.67,28982.71,29298.12
2026-01-13 12:00:00,29297.98,29305.22,28612.6,28646.28
2026-01-13 16:00:00,28645.56,28916.11,28643.26,28875.89
2026-01-13 20:00:00,28876.99,29065.79,28702.09,29065.75
2026-01-14 00:00:00,29065.58,29072.83,28826.2,28931.13
2026-01-14 04:00:00,28931.44,29014.34,28790.42,28998.48
2026-01-14 08:00:00,28998.16,29365.73,28931.11,29363.87
2026-01-14 12:00:00,29363.56,29675.17,29279.99,29614.75
2026-01-14 16:00:00,29615.74,29692.8,29316.78,29343.57
2026-01-14 20:00:00,29344.14,29660.96,29286.82,29659.45
2026-01-15 00:00:00,29659.86,29823.06,29572.22,29823.06
2026-01-15 04:00:00,29824.18,29825.78,29095.37,29108.4
2026-01-15 08:00:00,29108.42,29241.41,28962.28,29131.87
2026-01-15 12:00:00,29131.91,29391.05,29119.95,29347.41
2026-01-15 16:00:00,29347.9,29353.11,29138.16,29221.58
2026-01-15 20:00:00,29221.38,29270.07,28832.5,29080.36
2026-01-16 00:00:00,29080.73,29099.13,28527.87,28588.2
2026-01-16 04:00:00,28588.6,28849.21,28428.92,28524.2
2026-01-16 08:00:00,28524.89,28655.05,28381.12,28421.51
2026-01-16 12:00:00,28421.04,29066.12,28414.49,29066.12
2026-01-16 16:00:00,29066.64,29152.69,28857.23,29066.78
2026-01-16 20:00:00,29066.28,29259.8,28779.66,28854.05
2026-01-17 00:00:00,28853.89,29196.22,28770.71,29195.84
2026-01-17 04:00:00,29194.89,29242.13,28861.26,29066.66
2026-01-17 08:00:00,29066.66,29397.58,29025.99,29396.0
2026-01-17 12:00:00,29396.71,29508.75,29114.31,29252.48
2026-01-17 16:00:00,29253.07,29282.28,28741.21,28811.03
2026-01-17 20:00:00,28810.8,28859.25,28486.22,28644.64
2026-01-18 00:00:00,28644.62,28762.8,28336.69,28380.88
2026-01-18 04:00:00,28379.99,28555.48,28365.21,28386.44
2026-01-18 08:00:00,28385.96,28690.05,28372.35,28617.24
2026-01-18 12:00:00,28617.65,28683.61,27959.5,28056.29
2026-01-18 16:00:00,28056.26,28255.99,27933.5,28239.55
2026-01-18 20:00:00,28238.9,28341.18,28052.76,28284.4
2026-01-19 00:00:00,28284.64,28352.09,28084.15,28183.92
2026-01-19 04:00:00,28184.22,28526.36,28141.65,28518.7
2026-01-19 08:00:00,28518.95,28745.21,28346.43,28739.83
2026-01-19 12:00:00,28739.61,28877.92,28708.45,28842.86
2026-01-19 16:00:00,28843.29,29278.32,28798.12,29194.57
2026-01-19 20:00:00,29194.8,29282.16,29027.58,29251.89
2026-01-20 00:00:00,29251.05,29680.23,29060.59,29665.76
2026-01-20 04:00:00,29665.49,29870.03,29549.03,29792.06
2026-01-20 08:00:00,29792.07,30104.56,29715.2,29738.76
2026-01-20 12:00:00,29738.18,30012.94,29551.11,29556.87
2026-01-20 16:00:00,29557.25,29787.74,29136.02,29196.85
2026-01-20 20:00:00,29196.55,29390.03,29196.26,29288.72
2026-01-21 00:00:00,29287.88,29345.86,29055.31,29105.45
2026-01-21 04:00:00,29105.6,29413.5,29079.44,29108.26
2026-01-21 08:00:00,29108.45,29219.15,28951.01,29059.06
2026-01-21 12:00:00,29059.73,29133.41,28842.69,29019.74
2026-01-21 16:00:00,29019.84,29112.05,28880.44,29088.41
2026-01-21 20:00:00,29088.29,29538.47,29081.28,29470.88
2026-01-22 00:00:00,29470.86,29560.67,29377.23,29495.89
2026-01-22 04:00:00,29496.51,29797.75,29495.68,29777.67
2026-01-22 08:00:00,29777.73,29840.48,29442.56,29556.03
2026-01-22 12:00:00,29555.9,29901.33,29544.93,29766.12
2026-01-22 16:00:00,29766.69,30037.58,29687.72,30035.89
2026-01-22 20:00:00,30035.91,30113.86,29843.91,29949.01
2026-01-23 00:00:00,29949.21,30087.97,29877.85,30023.05
2026-01-23 04:00:00,30023.01,30039.43,29763.05,29810.48
2026-01-23 08:00:00,29810.18,29921.4,29300.09,29327.15
2026-01-23 12:00:00,29327.62,29626.59,29187.53,29190.91
2026-01-23 16:00:00,29191.13,29542.62,29177.06,29531.98
2026-01-23 20:00:00,29531.62,29757.63,29187.21,29203.83
2026-01-24 00:00:00,29203.43,29241.22,29028.08,29232.87
2026-01-24 04:00:00,29232.62,29281.99,28930.16,29095.98
2026-01-24 08:00:00,29095.93,29115.51,28699.23,28922.61
2026-01-24 12:00:00,28922.35,29003.22,28806.22,28937.24
2026-01-24 16:00:00,28937.93,28969.08,28725.99,28730.1
2026-01-24 20:00:00,28731.08,28895.94,28687.26,28715.26
2026-01-25 00:00:00,28714.2,28799.98,28584.25,28714.58
2026-01-25 04:00:00,28715.08,28767.13,28511.13,28763.11
2026-01-25 08:00:00,28763.18,28771.81,28536.58,28640.12
2026-01-25 12:00:00,28640.59,28812.01,28560.71,28811.42
2026-01-25 16:00:00,28811.5,28876.32,28712.28,28856.36
2026-01-25 20:00:00,28856.83,29132.37,28789.42,29131.79
2026-01-26 00:00:00,29131.96,29566.54,29094.41,29563.09
2026-01-26 04:00:00,29562.13,29564.35,28994.79,29041.84
2026-01-26 08:00:00,29042.0,29345.84,29040.23,29310.46
2026-01-26 12:00:00,29310.01,29473.56,29219.99,29426.75
2026-01-26 16:00:00,29426.52,29636.61,29410.24,29428.39
2026-01-26 20:00:00,29428.77,29469.11,29027.59,29108.98
2026-01-27 00:00:00,29108.28,29202.18,29037.91,29153.69
2026-01-27 04:00:00,29152.98,29316.95,29036.0,29202.0
2026-01-27 08:00:00,29202.51,29219.92,28995.26,29141.23
2026-01-27 12:00:00,29140.39,29191.7,28730.89,28740.89
2026-01-27 16:00:00,28741.52,28810.76,28499.68,28684.38
2026-01-27 20:00:00,28683.45,28942.88,28626.6,28833.58
2026-01-28 00:00:00,28833.33,29176.19,28829.64,29097.0
2026-01-28 04:00:00,29097.42,29349.62,29076.62,29223.73
2026-01-28 08:00:00,29223.16,29572.86,29217.23,29460.6
2026-01-28 12:00:00,29461.31,29630.77,29304.0,29535.45
2026-01-28 16:00:00,29534.73,29611.27,29215.66,29412.33
2026-01-28 20:00:00,29411.95,29449.44,29078.31,29346.2
2026-01-29 00:00:00,29346.77,29622.11,29281.2,29542.51
2026-01-29 04:00:00,29543.4,29761.11,29516.88,29732.94
2026-01-29 08:00:00,29732.5,29828.0,29398.97,29470.56
2026-01-29 12:00:00,29470.43,29855.48,29467.42,29790.96
2026-01-29 16:00:00,29790.99,30069.99,29410.88,29438.78
2026-01-29 20:00:00,29439.51,29508.3,29186.0,29262.75
2026-01-30 00:00:00,29263.67,29475.27,28979.55,28981.26
2026-01-30 04:00:00,28981.15,29287.91,28938.4,29284.89
2026-01-30 08:00:00,29284.52,29382.5,28886.16,29018.43
2026-01-30 12:00:00,29018.53,29046.89,28502.37,28594.08
2026-01-30 16:00:00,28593.94,28762.39,28552.99,28724.11
2026-01-30 20:00:00,28723.88,28991.18,28684.83,28875.58
2026-01-31 00:00:00,28876.49,28975.43,28813.36,28931.98
2026-01-31 04:00:00,28931.72,29046.75,28839.37,28917.87
2026-01-31 08:00:00,28918.23,29110.5,28768.84,29106.63
2026-01-31 12:00:00,29107.05,29401.81,29047.39,29395.89
2026-01-31 16:00:00,29395.13,29611.21,29216.4,29337.1
2026-01-31 20:00:00,29338.31,29653.23,29261.3,29652.27
2026-02-01 00:00:00,29652.62,30001.71,29591.47,29604.32
2026-02-01 04:00:00,29604.07,30041.26,29595.66,29988.63
2026-02-01 08:00:00,29987.74,30256.89,29986.21,30140.92
2026-02-01 12:00:00,30141.21,30366.51,30071.15,30225.62
2026-02-01 16:00:00,30226.02,30462.33,30163.14,30204.95
2026-02-01 20:00:00,30204.78,30246.0,29984.16,30219.53
2026-02-02 00:00:00,30219.97,30502.15,29957.89,30042.53
2026-02-02 04:00:00,30042.92,30370.81,30024.25,30173.65
2026-02-02 08:00:00,30174.41,30512.25,30173.05,30477.78
2026-02-02 12:00:00,30477.28,30884.95,30463.97,30880.87
2026-02-02 16:00:00,30880.68,31148.51,30819.42,31101.37
2026-02-02 20:00:00,31101.38,31278.92,30957.23,31032.05
2026-02-03 00:00:00,31032.72,31203.84,30691.68,30800.45
2026-02-03 04:00:00,30800.88,30828.47,30483.58,30824.31
2026-02-03 08:00:00,30825.14,30885.79,30431.66,30483.2
2026-02-03 12:00:00,30483.93,30810.49,30418.93,30809.91
2026-02-03 16:00:00,30810.27,30813.12,30240.54,30395.91
2026-02-03 20:00:00,30396.53,30677.5,30268.47,30672.67
2026-02-04 00:00:00,30673.87,30934.67,30655.31,30932.99
2026-02-04 04:00:00,30932.61,31129.33,30278.63,30291.33
2026-02-04 08:00:00,30291.03,30468.79,30238.22,30444.98
2026-02-04 12:00:00,30443.99,30547.33,30128.81,30206.88
2026-02-04 16:00:00,30206.73,30441.32,29764.95,30040.51
2026-02-04 20:00:00,30040.38,30053.04,29340.17,29739.34
2026-02-05 00:00:00,29739.19,30042.07,29683.4,30038.02
2026-02-05 04:00:00,30038.11,30417.51,30035.72,30351.94
2026-02-05 08:00:00,30352.01,30630.01,30287.53,30326.36
2026-02-05 12:00:00,30325.58,30550.52,30321.22,30540.96
2026-02-05 16:00:00,30540.75,30771.74,30506.5,30764.93
2026-02-05 20:00:00,30764.78,31086.48,30722.7,31058.32
2026-02-06 00:00:00,31058.58,31283.46,31032.65,31184.64
2026-02-06 04:00:00,31184.51,31385.25,31032.76,31164.43
2026-02-06 08:00:00,31163.17,31464.4,31078.78,31177.34
2026-02-06 12:00:00,31177.64,31240.71,30994.21,30994.47
2026-02-06 16:00:00,30993.21,31067.43,30391.73,30479.24
2026-02-06 20:00:00,30479.37,30697.37,30472.76,30593.37
2026-02-07 00:00:00,30593.04,30626.91,30008.65,30023.5
2026-02-07 04:00:00,30023.44,30374.56,30019.2,30371.52
2026-02-07 08:00:00,30372.09,30649.21,29966.74,29990.51
2026-02-07 12:00:00,29990.63,29995.29,29695.2,29784.76
2026-02-07 16:00:00,29784.44,29994.63,29672.52,29986.8
2026-02-07 20:00:00,29986.99,30207.06,29888.93,30205.87
2026-02-08 00:00:00,30206.23,30403.33,30193.16,30316.42
2026-02-08 04:00:00,30317.41,30852.8,30299.26,30845.11
2026-02-08 08:00:00,30844.39,30918.12,30384.29,30398.78
2026-02-08 12:00:00,30399.02,30473.2,30179.49,30237.21
2026-02-08 16:00:00,30236.77,30243.75,29895.37,30148.11
2026-02-08 20:00:00,30147.36,30255.33,29969.11,30147.55
2026-02-09 00:00:00,30147.25,30203.53,29746.48,29852.85
2026-02-09 04:00:00,29852.52,30106.05,29713.26,29878.81
2026-02-09 08:00:00,29878.88,30135.94,29742.37,29818.35
2026-02-09 12:00:00,29817.75,29990.75,29785.12,29847.44
2026-02-09 16:00:00,29847.53,29898.67,29587.3,29606.31
2026-02-09 20:00:00,29607.44,29659.22,28893.46,29095.44
2026-02-10 00:00:00,29095.27,29264.49,28274.47,28340.58
2026-02-10 04:00:00,28341.08,28519.69,28317.38,28490.29
2026-02-10 08:00:00,28490.7,28694.98,28487.0,28605.32
2026-02-10 12:00:00,28604.82,28693.2,28482.16,28523.23
2026-02-10 16:00:00,28523.05,28787.92,28480.58,28758.8
2026-02-10 20:00:00,28759.76,28909.57,28640.49,28825.37
2026-02-11 00:00:00,28825.5,28998.08,28745.61,28776.32
2026-02-11 04:00:00,28775.35,28788.37,28217.89,28351.83
2026-02-11 08:00:00,28351.68,28862.46,28349.73,28793.14
2026-02-11 12:00:00,28793.15,29279.98,28778.95,29279.98
2026-02-11 16:00:00,29279.98,29428.58,29234.09,29291.98
2026-02-11 20:00:00,29291.45,29327.19,29101.64,29112.84
2026-02-12 00:00:00,29113.02,29169.65,28991.48,29162.05
2026-02-12 04:00:00,29162.29,29507.57,29141.97,29425.61
2026-02-12 08:00:00,29425.68,29570.57,29277.08,29564.35
2026-02-12 12:00:00,29563.3,29629.76,29088.09,29152.3
2026-02-12 16:00:00,29152.27,29224.83,28846.5,29223.9
2026-02-12 20:00:00,29224.57,29536.32,29180.63,29527.95
2026-02-13 00:00:00,29527.21,29756.36,29440.0,29751.93
2026-02-13 04:00:00,29752.16,30335.1,29745.08,30253.11
2026-02-13 08:00:00,30252.69,30415.21,30020.35,30408.75
2026-02-13 12:00:00,30409.01,30549.48,30080.22,30436.79
2026-02-13 16:00:00,30436.59,30464.67,30266.81,30461.41
2026-02-13 20:00:00,30461.36,30629.25,30209.91,30393.37
2026-02-14 00:00:00,30394.16,30571.54,30279.81,30534.32
2026-02-14 04:00:00,30533.77,30542.39,30126.23,30249.47
2026-02-14 08:00:00,30250.32,30355.52,30111.07,30242.92
2026-02-14 12:00:00,30242.35,30467.55,30200.23,30410.37
2026-02-14 16:00:00,30409.95,30810.96,30385.63,30676.07
2026-02-14 20:00:00,30676.36,30817.14,30332.86,30394.9
2026-02-15 00:00:00,30394.66,30630.78,30196.68,30522.93
2026-02-15 04:00:00,30522.78,30828.08,30383.36,30826.4
2026-02-15 08:00:00,30827.04,31005.55,30703.58,30804.6
2026-02-15 12:00:00,30805.02,31002.74,30552.08,30594.23
2026-02-15 16:00:00,30593.93,30799.33,30442.74,30605.75
2026-02-15 20:00:00,30605.24,30705.51,30383.92,30469.42
2026-02-16 00:00:00,30470.77,30774.31,30218.85,30228.44
2026-02-16 04:00:00,30228.69,30329.07,29551.0,29596.23
2026-02-16 08:00:00,29596.4,29812.6,29356.87,29392.15
2026-02-16 12:00:00,29391.41,29591.6,29388.63,29541.25
2026-02-16 16:00:00,29541.35,29668.26,29428.64,29666.27
2026-02-16 20:00:00,29667.19,29778.86,29498.73,29773.53
2026-02-17 00:00:00,29773.84,29776.15,29307.99,29399.34
2026-02-17 04:00:00,29400.0,29719.27,29298.44,29711.49
2026-02-17 08:00:00,29711.27,29868.5,29705.62,29799.14
2026-02-17 12:00:00,29799.32,30186.51,29664.92,30115.67
2026-02-17 16:00:00,30115.63,30165.8,29506.93,29936.14
2026-02-17 20:00:00,29936.24,30272.01,29931.64,30206.13
2026-02-18 00:00:00,30206.39,30712.53,30206.39,30567.43
2026-02-18 04:00:00,30567.15,31047.07,30565.16,30735.34
2026-02-18 08:00:00,30735.05,30738.36,30391.09,30687.73
2026-02-18 12:00:00,30686.76,31069.86,30686.44,31069.46
2026-02-18 16:00:00,31069.86,31137.96,30648.13,30750.69
2026-02-18 20:00:00,30750.35,31031.78,30729.5,31019.27
2026-02-19 00:00:00,31019.19,31251.52,30687.26,30694.32
2026-02-19 04:00:00,30695.09,30878.68,30597.71,30876.0
2026-02-19 08:00:00,30876.46,31115.58,30848.36,31018.15
2026-02-19 12:00:00,31018.85,31364.61,30983.37,31361.55
2026-02-19 16:00:00,31360.61,31501.19,30875.05,31158.84
2026-02-19 20:00:00,31160.18,31329.68,31101.82,31329.15
2026-02-20 00:00:00,31328.27,31334.12,31029.73,31190.8
2026-02-20 04:00:00,31190.66,31442.33,31190.11,31292.96
2026-02-20 08:00:00,31293.17,31459.21,30774.87,30848.54
2026-02-20 12:00:00,30849.11,31114.7,30788.69,31109.15
2026-02-20 16:00:00,31109.69,31380.63,31003.08,31312.46
2026-02-20 20:00:00,31313.34,31602.49,31301.25,31600.86
2026-02-21 00:00:00,31601.66,31772.79,31543.94,31765.61
2026-02-21 04:00:00,31766.96,32080.55,31711.79,32078.85
2026-02-21 08:00:00,32078.25,32522.61,32064.5,32252.32
2026-02-21 12:00:00,32251.94,32523.45,32024.45,32425.67
2026-02-21 16:00:00,32426.02,32620.48,31901.8,32059.57
2026-02-21 20:00:00,32059.83,32103.01,31522.59,31604.16
2026-02-22 00:00:00,31604.18,31643.02,31295.74,31471.19
2026-02-22 04:00:00,31470.17,31490.61,31108.88,31219.21
2026-02-22 08:00:00,31219.39,31236.76,30963.11,31018.16
2026-02-22 12:00:00,31018.29,31429.63,30950.04,31281.09
2026-02-22 16:00:00,31282.23,31449.23,30867.67,31006.32
2026-02-22 20:00:00,31006.18,31044.8,30675.97,30782.19
2026-02-23 00:00:00,30782.89,30947.7,30767.4,30912.91
2026-02-23 04:00:00,30912.44,30984.0,30506.29,30655.33
2026-02-23 08:00:00,30654.98,30785.68,30409.3,30431.42
2026-02-23 12:00:00,30431.49,30589.88,30266.21,30340.43
2026-02-23 16:00:00,30340.0,30389.42,30187.51,30241.86
2026-02-23 20:00:00,30242.35,30620.36,30237.82,30530.13
2026-02-24 00:00:00,30529.92,30801.17,30506.49,30733.14
2026-02-24 04:00:00,30733.11,31044.94,30728.52,31037.41
2026-02-24 08:00:00,31037.3,31533.49,31030.7,31451.82
2026-02-24 12:00:00,31452.7,31650.82,31276.73,31502.49
2026-02-24 16:00:00,31502.62,31807.75,31493.29,31778.11
2026-02-24 20:00:00,31778.04,32022.2,31649.76,32020.77
2026-02-25 00:00:00,32021.61,32351.23,31988.65,32350.59
2026-02-25 04:00:00,32350.49,32432.36,31995.57,32119.29
2026-02-25 08:00:00,32119.6,32525.52,32114.58,32457.97
2026-02-25 12:00:00,32457.89,32552.02,31913.94,32017.82
2026-02-25 16:00:00,32018.34,32276.56,31722.96,31897.05
2026-02-25 20:00:00,31897.24,31968.41,31411.72,31518.32
2026-02-26 00:00:00,31518.32,31941.88,31517.4,31718.29
2026-02-26 04:00:00,31718.25,31853.3,31592.3,31830.46
2026-02-26 08:00:00,31830.51,31959.99,31740.9,31959.5
2026-02-26 12:00:00,31959.28,32018.3,31614.05,31832.7
2026-02-26 16:00:00,31832.4,32268.12,31831.97,32194.49
2026-02-26 20:00:00,32194.51,32491.61,32172.94,32491.42
2026-02-27 00:00:00,32490.77,32812.67,32487.9,32809.33
2026-02-27 04:00:00,32810.34,32925.97,32373.63,32666.83
2026-02-27 08:00:00,32667.28,32670.71,32179.74,32364.41
2026-02-27 12:00:00,32364.25,32408.18,31965.51,32132.03
2026-02-27 16:00:00,32133.26,32520.55,32082.75,32239.93
2026-02-27 20:00:00,32239.36,32376.82,32121.52,32222.63
2026-02-28 00:00:00,32223.14,32570.82,32203.06,32473.25
2026-02-28 04:00:00,32473.67,32564.24,31980.68,32216.11
2026-02-28 08:00:00,32215.56,32367.26,31708.8,31714.28
2026-02-28 12:00:00,31714.56,31976.94,31703.01,31905.5
2026-02-28 16:00:00,31904.99,32119.43,31902.58,31995.41
2026-02-28 20:00:00,31995.35,32096.32,31476.72,31633.61
2026-03-01 00:00:00,31633.03,31892.38,31552.56,31891.41
2026-03-01 04:00:00,31891.9,32187.12,31879.37,31965.57
2026-03-01 08:00:00,31965.58,32401.05,31916.34,32397.54
2026-03-01 12:00:00,32397.82,32449.94,31935.93,31981.13
2026-03-01 16:00:00,31981.8,32017.76,31831.65,32009.52
2026-03-01 20:00:00,32008.59,32407.71,31967.77,32393.96
2026-03-02 00:00:00,32394.52,32502.87,32085.32,32144.91
2026-03-02 04:00:00,32144.39,32399.17,31982.48,32235.67
2026-03-02 08:00:00,32234.85,32823.26,32231.5,32822.92
2026-03-02 12:00:00,32821.9,33312.72,32818.93,33312.72
2026-03-02 16:00:00,33313.28,33427.03,33141.66,33281.13
2026-03-02 20:00:00,33281.62,33497.68,33227.89,33357.75
2026-03-03 00:00:00,33357.53,33596.76,33258.92,33498.66
2026-03-03 04:00:00,33497.85,33812.11,33467.02,33618.71
2026-03-03 08:00:00,33619.66,33848.42,33355.82,33367.16
2026-03-03 12:00:00,33368.16,33547.14,33240.87,33436.76
2026-03-03 16:00:00,33437.85,33559.64,33210.1,33419.17
2026-03-03 20:00:00,33418.98,33755.19,33415.84,33543.65
2026-03-04 00:00:00,33544.13,33853.63,33534.15,33795.79
2026-03-04 04:00:00,33794.9,33931.58,33598.22,33664.63
2026-03-04 08:00:00,33664.7,33882.31,33619.55,33637.79
2026-03-04 12:00:00,33637.47,33824.4,33358.48,33463.16
2026-03-04 16:00:00,33463.22,33850.42,33459.1,33498.9
2026-03-04 20:00:00,33498.55,33639.2,33247.02,33626.9
2026-03-05 00:00:00,33627.68,33868.54,33442.82,33447.7
2026-03-05 04:00:00,33448.73,33693.17,33401.69,33414.91
2026-03-05 08:00:00,33415.25,33677.61,33366.69,33563.54
2026-03-05 12:00:00,33564.03,33732.47,33428.8,33633.73
2026-03-05 16:00:00,33633.02,33807.36,33424.57,33611.33
2026-03-05 20:00:00,33611.24,33760.28,33529.41,33684.08
2026-03-06 00:00:00,33684.69,33846.79,33518.33,33845.03
2026-03-06 04:00:00,33846.72,34112.0,33234.57,33272.45
2026-03-06 08:00:00,33272.84,33512.39,32968.75,33057.68
2026-03-06 12:00:00,33056.56,33452.32,32960.98,33053.42
2026-03-06 16:00:00,33054.26,33475.99,33049.29,33453.04
2026-03-06 20:00:00,33453.0,33580.55,33046.33,33212.7
2026-03-07 00:00:00,33213.22,33595.01,33194.08,33487.92
2026-03-07 04:00:00,33487.15,33722.37,33413.6,33658.54
2026-03-07 08:00:00,33658.75,33980.21,33654.88,33860.24
2026-03-07 12:00:00,33859.74,34087.49,33287.7,33402.75
2026-03-07 16:00:00,33403.03,33569.41,33218.15,33567.94
2026-03-07 20:00:00,33568.14,33572.15,33109.27,33233.27
2026-03-08 00:00:00,33234.35,33328.31,32891.59,33126.5
2026-03-08 04:00:00,33125.91,33160.16,32674.66,32836.58
2026-03-08 08:00:00,32835.52,32881.92,32217.83,32483.91
2026-03-08 12:00:00,32483.53,32723.59,32479.12,32723.59
2026-03-08 16:00:00,32724.11,32917.43,32590.5,32759.07
2026-03-08 20:00:00,32759.34,33220.63,32749.81,33136.5
2026-03-09 00:00:00,33136.11,33253.9,32975.7,33104.09
2026-03-09 04:00:00,33103.75,33356.57,32942.51,33090.8
2026-03-09 08:00:00,33091.61,33246.25,32784.16,32946.47
2026-03-09 12:00:00,32947.08,33075.83,32832.49,32980.57
2026-03-09 16:00:00,32981.06,33081.1,32819.7,32911.09
2026-03-09 20:00:00,32911.1,33078.2,32749.66,33044.03
2026-03-10 00:00:00,33042.23,33329.61,32990.78,33112.08
2026-03-10 04:00:00,33111.77,33553.62,33098.88,33330.72
2026-03-10 08:00:00,33330.21,33640.56,33139.79,33639.32
2026-03-10 12:00:00,33639.79,33814.7,33588.52,33666.29
2026-03-10 16:00:00,33665.97,33871.51,33551.29,33748.71
2026-03-10 20:00:00,33749.44,34098.27,33411.99,33567.75
2026-03-11 00:00:00,33566.8,34036.35,33544.21,34031.76
2026-03-11 04:00:00,34032.11,34202.62,33814.79,34095.16
2026-03-11 08:00:00,34095.59,34347.58,33951.49,33986.48
2026-03-11 12:00:00,33986.16,34560.47,33983.74,34528.13
2026-03-11 16:00:00,34528.23,34638.65,33811.72,33830.09
2026-03-11 20:00:00,33830.86,34176.36,33729.94,34059.83
2026-03-12 00:00:00,34060.15,34274.96,33722.26,33906.5
2026-03-12 04:00:00,33906.59,33989.51,33266.21,33333.78
2026-03-12 08:00:00,33334.02,33395.08,32905.55,32920.83
2026-03-12 12:00:00,32921.4,33097.41,32730.75,33082.68
2026-03-12 16:00:00,33083.82,33243.66,32857.82,33140.33
2026-03-12 20:00:00,33139.95,33204.81,32846.96,32914.18
2026-03-13 00:00:00,32912.96,33214.34,32889.09,33212.54
2026-03-13 04:00:00,33212.4,33385.04,33025.54,33230.44
2026-03-13 08:00:00,33231.37,33465.97,33129.73,33464.78
2026-03-13 12:00:00,33464.23,33628.59,33319.59,33475.05
2026-03-13 16:00:00,33475.59,33932.64,33474.2,33856.47
2026-03-13 20:00:00,33857.26,33888.79,33642.49,33642.49
2026-03-14 00:00:00,33643.28,34115.99,33634.17,34079.82
2026-03-14 04:00:00,34080.18,34383.74,34077.67,34294.9
2026-03-14 08:00:00,34294.64,34295.81,33695.92,33761.58
2026-03-14 12:00:00,33761.21,33822.66,33396.23,33604.88
2026-03-14 16:00:00,33605.13,33973.3,33498.79,33969.54
2026-03-14 20:00:00,33970.07,34257.79,33909.04,34173.14
2026-03-15 00:00:00,34173.76,34279.73,33976.79,34190.89
2026-03-15 04:00:00,34192.12,34618.5,34070.61,34504.19
2026-03-15 08:00:00,34504.08,34646.67,33973.68,34053.09
2026-03-15 12:00:00,34054.22,34094.48,33923.31,34007.34
2026-03-15 16:00:00,34007.48,34039.75,33490.04,33658.91
2026-03-15 20:00:00,33658.32,33736.16,33323.03,33613.16
2026-03-16 00:00:00,33614.42,33850.82,33442.57,33843.74
2026-03-16 04:00:00,33844.48,34643.35,33835.55,34640.94
2026-03-16 08:00:00,34642.12,35003.71,34642.01,34997.99
2026-03-16 12:00:00,34998.21,35484.65,34950.75,35482.91
2026-03-16 16:00:00,35481.67,35944.48,35443.88,35774.07
2026-03-16 20:00:00,35774.59,35930.34,35205.29,35327.97
2026-03-17 00:00:00,35328.45,35423.76,34837.26,34911.1
2026-03-17 04:00:00,34911.11,34972.34,34652.71,34835.91
2026-03-17 08:00:00,34835.53,35118.5,34809.78,34937.71
2026-03-17 12:00:00,34938.15,35282.8,34865.34,35211.62
2026-03-17 16:00:00,35211.13,35520.45,35210.65,35510.13
2026-03-17 20:00:00,35509.87,35762.57,35405.05,35762.45
2026-03-18 00:00:00,35763.63,36184.76,35703.43,36172.98
2026-03-18 04:00:00,36173.45,36696.55,36169.56,36280.97
2026-03-18 08:00:00,36282.14,36570.93,36175.09,36405.58
2026-03-18 12:00:00,36405.65,36489.78,35655.25,35679.26
2026-03-18 16:00:00,35679.07,36115.18,35620.73,36113.6
2026-03-18 20:00:00,36113.89,36421.48,36113.89,36409.18
2026-03-19 00:00:00,36409.0,36685.59,36197.93,36236.41
2026-03-19 04:00:00,36237.52,36381.36,35737.04,35813.26
2026-03-19 08:00:00,35813.88,36266.14,35777.11,36200.13
2026-03-19 12:00:00,36200.56,36319.81,36017.99,36318.65
2026-03-19 16:00:00,36317.92,36642.58,36317.92,36489.21
2026-03-19 20:00:00,36489.42,36564.88,36147.32,36513.52
2026-03-20 00:00:00,36513.73,36838.97,36501.28,36837.07
2026-03-20 04:00:00,36836.38,36998.64,36648.07,36998.64
2026-03-20 08:00:00,36999.22,37612.29,36998.07,37589.59
2026-03-20 12:00:00,37588.51,38118.88,37582.99,38118.88
2026-03-20 16:00:00,38119.43,38444.89,37941.39,37968.72
2026-03-20 20:00:00,37967.95,38067.31,37692.63,37955.76
2026-03-21 00:00:00,37955.31,38122.81,37672.16,37738.9
2026-03-21 04:00:00,37738.39,37803.24,37323.36,37539.0
2026-03-21 08:00:00,37540.27,37781.13,37439.57,37441.69
2026-03-21 12:00:00,37442.54,37808.44,37442.54,37802.03
2026-03-21 16:00:00,37802.92,37925.66,37254.55,37547.21
2026-03-21 20:00:00,37547.58,37755.78,37471.09,37581.99
2026-03-22 00:00:00,37582.23,37970.29,37473.18,37681.3
2026-03-22 04:00:00,37680.8,37705.25,37222.74,37425.58
2026-03-22 08:00:00,37426.26,37706.92,37423.3,37663.5
2026-03-22 12:00:00,37664.09,37957.04,37454.14,37458.25
2026-03-22 16:00:00,37458.03,37731.1,37210.04,37362.1
2026-03-22 20:00:00,37362.42,37637.48,37182.84,37422.08
2026-03-23 00:00:00,37421.31,37657.42,37243.22,37588.95
2026-03-23 04:00:00,37588.85,38154.9,37585.94,38096.11
2026-03-23 08:00:00,38095.62,38468.19,37967.64,38277.49
2026-03-23 12:00:00,38277.97,38547.76,38275.9,38319.75
2026-03-23 16:00:00,38319.89,38657.94,38319.41,38473.38
2026-03-23 20:00:00,38473.16,38797.19,38465.94,38723.78
2026-03-24 00:00:00,38722.93,39158.59,38557.26,38969.44
2026-03-24 04:00:00,38968.82,38994.21,38151.66,38353.16
2026-03-24 08:00:00,38353.71,38780.18,38348.85,38662.85
2026-03-24 12:00:00,38663.39,38898.76,38601.89,38819.26
2026-03-24 16:00:00,38818.44,39141.48,38589.3,38708.27
2026-03-24 20:00:00,38708.19,38936.15,38387.22,38447.5
2026-03-25 00:00:00,38447.87,38853.1,38447.06,38851.79
2026-03-25 04:00:00,38852.17,38855.73,38418.46,38494.57
2026-03-25 08:00:00,38494.29,38531.84,37907.29,37934.16
2026-03-25 12:00:00,37934.79,38483.26,37934.79,38426.37
2026-03-25 16:00:00,38426.36,38628.33,38222.1,38628.05
2026-03-25 20:00:00,38626.74,38763.41,38094.92,38166.07
2026-03-26 00:00:00,38165.68,38479.6,38063.51,38262.81
2026-03-26 04:00:00,38263.93,38280.65,37754.73,38054.98
2026-03-26 08:00:00,38054.63,38313.98,37863.71,38012.43
2026-03-26 12:00:00,38011.97,38185.11,37692.6,37839.23
2026-03-26 16:00:00,37838.0,38046.08,37745.79,37920.21
2026-03-26 20:00:00,37920.26,37955.84,37307.46,37570.95
2026-03-27 00:00:00,37570.06,37864.55,37567.43,37734.81
2026-03-27 04:00:00,37735.56,37907.89,37605.72,37836.13
2026-03-27 08:00:00,37835.26,38086.92,37681.04,37872.62
2026-03-27 12:00:00,37873.92,38184.39,37758.24,38159.6
2026-03-27 16:00:00,38161.11,38184.08,37648.34,37700.12
2026-03-27 20:00:00,37700.81,37946.92,37552.11,37929.91
2026-03-28 00:00:00,37930.17,37992.51,37075.31,37334.55
2026-03-28 04:00:00,37334.49,37514.16,36687.87,36728.77
2026-03-28 08:00:00,36728.59,37161.24,36615.59,37105.08
2026-03-28 12:00:00,37105.55,37612.39,36979.98,37517.01
2026-03-28 16:00:00,37515.88,37990.55,37514.72,37786.69
2026-03-28 20:00:00,37787.35,37835.1,37575.86,37784.83
2026-03-29 00:00:00,37785.62,37827.47,37300.24,37554.35
2026-03-29 04:00:00,37554.63,38010.64,37538.82,37993.74
2026-03-29 08:00:00,37993.87,38264.49,37712.4,37840.42
2026-03-29 12:00:00,37841.35,37934.46,36798.91,36844.01
2026-03-29 16:00:00,36844.08,36848.89,35929.61,35936.67
2026-03-29 20:00:00,35937.31,36303.72,35682.72,35711.69
2026-03-30 00:00:00,35712.17,36181.43,35575.45,36174.8
2026-03-30 04:00:00,36174.84,36192.5,35290.64,35480.89
2026-03-30 08:00:00,35479.56,35758.24,34945.08,34981.5
2026-03-30 12:00:00,34981.9,35121.13,34461.36,34656.19
2026-03-30 16:00:00,34655.66,34870.94,34450.68,34856.2
2026-03-30 20:00:00,34855.96,35029.71,34827.73,34932.39
2026-03-31 00:00:00,34933.78,35164.17,34910.24,35072.01
2026-03-31 04:00:00,35072.0,35164.01,34931.83,35025.33
2026-03-31 08:00:00,35025.09,35670.46,35025.01,35596.3
2026-03-31 12:00:00,35597.41,35598.85,34931.32,35031.54
2026-03-31 16:00:00,35032.06,35516.07,35030.8,35449.02
2026-03-31 20:00:00,35448.94,35682.33,35381.96,35426.77
2026-04-01 00:00:00,35427.16,35440.11,34713.02,34931.43
2026-04-01 04:00:00,34931.01,35084.11,34836.19,34980.53
2026-04-01 08:00:00,34979.74,35112.59,34465.69,34503.07
2026-04-01 12:00:00,34503.23,34741.44,34312.41,34641.57
2026-04-01 16:00:00,34640.43,34990.26,34636.05,34986.28
2026-04-01 20:00:00,34986.88,35416.58,34976.86,35329.43
2026-04-02 00:00:00,35329.52,35533.25,35158.92,35294.05
2026-04-02 04:00:00,35294.01,35488.16,35293.51,35427.19
2026-04-02 08:00:00,35427.7,35428.62,34906.76,35145.51
2026-04-02 12:00:00,35145.77,35251.01,34973.43,35138.85
2026-04-02 16:00:00,35138.29,35383.89,34954.9,35259.34
2026-04-02 20:00:00,35259.43,35433.44,34714.57,34802.25
2026-04-03 00:00:00,34802.64,35041.46,34263.15,34317.26
2026-04-03 04:00:00,34316.24,34380.58,34137.68,34333.8
2026-04-03 08:00:00,34333.49,34594.67,34097.86,34130.67
2026-04-03 12:00:00,34130.44,34521.17,33984.84,34411.32
2026-04-03 16:00:00,34411.62,34622.23,34249.19,34441.38
2026-04-03 20:00:00,34442.06,34597.55,33617.98,33781.93
2026-04-04 00:00:00,33782.03,33930.11,33653.45,33928.85
2026-04-04 04:00:00,33928.5,34197.33,33804.07,33807.58
2026-04-04 08:00:00,33807.32,33914.78,33585.77,33595.14
2026-04-04 12:00:00,33595.98,33620.55,33253.67,33306.8
2026-04-04 16:00:00,33306.59,33866.51,33302.59,33863.94
2026-04-04 20:00:00,33863.63,34106.4,33668.53,33688.49
2026-04-05 00:00:00,33688.82,33767.64,33375.38,33424.49
2026-04-05 04:00:00,33424.47,33475.22,33146.52,33272.07
2026-04-05 08:00:00,33272.72,33593.29,33239.87,33291.42
2026-04-05 12:00:00,33290.76,33646.58,33069.3,33385.8
2026-04-05 16:00:00,33385.82,33401.28,32746.53,32811.45
2026-04-05 20:00:00,32811.01,32820.33,32233.21,32305.76
2026-04-06 00:00:00,32305.27,32322.15,31956.73,32276.38
2026-04-06 04:00:00,32276.21,32580.6,32273.67,32456.23
2026-04-06 08:00:00,32456.64,33063.74,32451.79,32958.32
2026-04-06 12:00:00,32958.32,33239.9,32958.32,33114.13
2026-04-06 16:00:00,33114.88,33399.6,32912.95,33352.73
2026-04-06 20:00:00,33353.07,33451.83,33188.02,33442.59
2026-04-07 00:00:00,33443.08,33843.98,33431.92,33680.37
2026-04-07 04:00:00,33680.4,34132.53,33674.25,34120.06
2026-04-07 08:00:00,34120.42,34128.43,33436.16,33475.21
2026-04-07 12:00:00,33474.89,33662.31,33410.34,33559.13
2026-04-07 16:00:00,33559.36,34093.64,33556.28,34038.3
2026-04-07 20:00:00,34038.58,34481.74,34023.06,34402.22
2026-04-08 00:00:00,34402.36,34966.01,34400.74,34800.83
2026-04-08 04:00:00,34801.47,34896.63,33980.26,33985.48
2026-04-08 08:00:00,33985.36,34276.63,33918.07,33982.27
2026-04-08 12:00:00,33981.78,34098.26,33692.18,33741.28
2026-04-08 16:00:00,33742.17,34195.75,33742.17,34095.08
2026-04-08 20:00:00,34095.46,34370.33,34055.11,34326.92
2026-04-09 00:00:00,34326.74,34391.98,33827.22,34004.41
2026-04-09 04:00:00,34005.08,34084.43,33655.77,33655.86
2026-04-09 08:00:00,33656.07,34234.95,33653.1,34233.93
2026-04-09 12:00:00,34233.7,34403.13,34121.04,34396.84
2026-04-09 16:00:00,34396.0,34677.66,34332.27,34369.96
2026-04-09 20:00:00,34370.69,34823.39,34370.55,34818.7
2026-04-10 00:00:00,34818.21,35038.44,34495.69,34617.98
2026-04-10 04:00:00,34616.79,34753.77,33995.1,34173.71
2026-04-10 08:00:00,34174.04,34527.56,34095.36,34121.62
2026-04-10 12:00:00,34121.2,34191.56,33844.95,34128.86
2026-04-10 16:00:00,34128.63,34164.91,33623.54,33780.51
2026-04-10 20:00:00,33781.88,34012.27,33778.36,34007.03
2026-04-11 00:00:00,34005.64,34077.61,33892.82,34055.22
2026-04-11 04:00:00,34055.94,34254.92,33916.43,34253.07
2026-04-11 08:00:00,34253.16,34401.1,33246.32,33255.68
2026-04-11 12:00:00,33256.02,33729.4,33233.66,33599.94
2026-04-11 16:00:00,33599.39,33829.72,33459.49,33667.08
2026-04-11 20:00:00,33668.06,34083.33,33493.48,33530.97
2026-04-12 00:00:00,33531.01,34106.79,33531.01,34103.16
2026-04-12 04:00:00,34103.17,34356.79,33975.66,34343.75
2026-04-12 08:00:00,34343.71,34588.42,33802.6,33813.03
2026-04-12 12:00:00,33812.1,34342.85,33809.2,34327.14
2026-04-12 16:00:00,34327.3,34440.89,34056.17,34212.24
2026-04-12 20:00:00,34212.48,34783.45,34206.2,34781.1
2026-04-13 00:00:00,34781.45,35198.97,34675.28,35198.97
2026-04-13 04:00:00,35199.39,35542.2,35123.5,35506.38
2026-04-13 08:00:00,35506.1,35726.92,35117.93,35183.53
2026-04-13 12:00:00,35183.62,35487.52,34988.35,35282.2
2026-04-13 16:00:00,35282.84,35560.65,35211.67,35468.21
2026-04-13 20:00:00,35468.05,35725.74,35428.62,35646.92
2026-04-14 00:00:00,35647.44,36112.61,35557.92,35686.02
2026-04-14 04:00:00,35685.21,35736.56,35353.38,35531.69
2026-04-14 08:00:00,35531.77,35608.48,34661.64,34765.28
2026-04-14 12:00:00,34764.93,35319.2,34763.57,35057.41
2026-04-14 16:00:00,35057.8,35108.63,34425.28,34506.99
2026-04-14 20:00:00,34507.17,34712.19,34294.95,34322.32
2026-04-15 00:00:00,34322.43,34537.01,34181.32,34242.67
2026-04-15 04:00:00,34241.88,34440.57,34018.45,34137.45
2026-04-15 08:00:00,34137.61,34494.66,34136.13,34391.75
2026-04-15 12:00:00,34391.47,34446.52,34187.14,34388.96
2026-04-15 16:00:00,34387.81,34459.57,33966.61,34243.58
2026-04-15 20:00:00,34242.36,34428.97,34118.24,34341.89
2026-04-16 00:00:00,34341.55,34360.11,33576.81,33652.6
2026-04-16 04:00:00,33653.25,33721.51,33161.87,33313.15
2026-04-16 08:00:00,33312.63,33891.99,33312.11,33883.8
2026-04-16 12:00:00,33884.94,33960.69,33293.6,33298.06
2026-04-16 16:00:00,33297.7,33625.76,33296.85,33615.15
2026-04-16 20:00:00,33615.19,33949.45,33485.11,33949.37
2026-04-17 00:00:00,33950.36,34009.58,33589.77,33720.1
2026-04-17 04:00:00,33721.57,34247.94,33719.11,34236.72
2026-04-17 08:00:00,34236.25,34279.15,33827.33,34016.83
2026-04-17 12:00:00,34017.82,34217.95,33866.78,33983.26
2026-04-17 16:00:00,33983.96,34157.66,33879.95,33963.99
2026-04-17 20:00:00,33964.6,34440.95,33936.19,34431.2
2026-04-18 00:00:00,34431.88,34985.37,34381.51,34983.33
2026-04-18 04:00:00,34982.9,35291.83,34982.43,35290.6
2026-04-18 08:00:00,35291.06,35710.78,35289.86,35549.23
2026-04-18 12:00:00,35550.09,35566.61,34978.19,35362.2
2026-04-18 16:00:00,35361.47,35602.61,35321.97,35336.85
2026-04-18 20:00:00,35336.35,35352.19,34778.35,35006.71
2026-04-19 00:00:00,35005.66,35170.79,34889.32,35165.36
2026-04-19 04:00:00,35165.0,35929.15,35164.57,35825.46
2026-04-19 08:00:00,35826.28,36317.09,35787.95,36310.4
2026-04-19 12:00:00,36309.89,36314.01,35644.59,35748.89
2026-04-19 16:00:00,35749.5,35964.51,35594.25,35731.35
2026-04-19 20:00:00,35731.78,35940.51,35607.34,35922.32
2026-04-20 00:00:00,35921.2,36165.73,35920.57,36124.33
2026-04-20 04:00:00,36124.91,36158.51,35828.93,36027.97
2026-04-20 08:00:00,36027.58,36529.09,36023.91,36505.82
2026-04-20 12:00:00,36505.47,36925.24,36497.86,36629.09
2026-04-20 16:00:00,36628.11,36861.03,36555.68,36860.26
2026-04-20 20:00:00,36861.32,37142.72,36815.42,37055.33
2026-04-21 00:00:00,37055.63,37131.12,36828.74,36990.05
2026-04-21 04:00:00,36990.25,37093.86,36716.11,36916.5
2026-04-21 08:00:00,36916.16,37143.48,36454.71,36598.18
2026-04-21 12:00:00,36598.11,36640.42,36203.21,36352.69
2026-04-21 16:00:00,36353.44,36458.21,36063.74,36230.5
2026-04-21 20:00:00,36230.35,36382.87,36155.24,36262.7
2026-04-22 00:00:00,36263.3,36276.79,35910.22,36202.53
2026-04-22 04:00:00,36202.16,36512.96,36199.98,36352.63
2026-04-22 08:00:00,36351.82,36698.49,36348.26,36698.43
2026-04-22 12:00:00,36699.2,37179.4,36698.67,37075.24
2026-04-22 16:00:00,37074.05,37127.45,36652.82,36789.84
2026-04-22 20:00:00,36789.84,37029.63,36783.72,36863.83
2026-04-23 00:00:00,36863.33,37183.99,36684.34,37179.13
2026-04-23 04:00:00,37178.63,37525.93,37175.45,37525.65
2026-04-23 08:00:00,37525.77,37730.07,37358.14,37399.66
2026-04-23 12:00:00,37399.71,37488.39,36938.51,37067.06
2026-04-23 16:00:00,37066.63,37203.97,36785.37,36969.59
2026-04-23 20:00:00,36969.47,36987.12,36239.25,36400.8
2026-04-24 00:00:00,36401.41,36776.87,36397.34,36493.31
2026-04-24 04:00:00,36494.0,36995.3,36366.67,36993.18
2026-04-24 08:00:00,36992.78,37401.24,36873.91,36938.61
2026-04-24 12:00:00,36938.63,37174.09,36623.93,36627.21
2026-04-24 16:00:00,36627.22,36893.65,36617.23,36836.38
2026-04-24 20:00:00,36837.14,36972.66,36580.02,36724.3
2026-04-25 00:00:00,36724.21,36903.02,36525.95,36903.02
2026-04-25 04:00:00,36903.08,37317.5,36803.77,37089.45
2026-04-25 08:00:00,37090.23,37587.23,37082.63,37576.75
2026-04-25 12:00:00,37577.45,37793.6,36905.27,37056.62
2026-04-25 16:00:00,37056.64,37104.46,36285.2,36510.86
2026-04-25 20:00:00,36511.95,36853.19,36397.28,36848.49
2026-04-26 00:00:00,36847.99,37064.27,36734.16,37007.07
2026-04-26 04:00:00,37006.67,37316.16,36936.34,37027.67
2026-04-26 08:00:00,37027.23,37244.06,36989.25,37229.6
2026-04-26 12:00:00,37229.44,37638.63,37216.06,37635.77
2026-04-26 16:00:00,37636.23,37950.16,37456.26,37549.46
2026-04-26 20:00:00,37549.43,37745.67,37050.18,37207.48
2026-04-27 00:00:00,37207.75,37422.04,37118.77,37211.06
2026-04-27 04:00:00,37210.8,37670.87,37199.3,37657.88
2026-04-27 08:00:00,37657.66,37691.33,36984.14,37020.85
2026-04-27 12:00:00,37020.93,37041.94,36770.66,36870.79
2026-04-27 16:00:00,36870.82,36925.54,36631.26,36903.08
2026-04-27 20:00:00,36903.99,37188.82,36794.05,36827.16
2026-04-28 00:00:00,36827.47,36910.83,36381.98,36501.7
2026-04-28 04:00:00,36501.63,36532.8,36020.64,36128.21
2026-04-28 08:00:00,36127.49,36159.11,35378.66,35422.21
2026-04-28 12:00:00,35421.91,35426.14,34429.66,34464.27
2026-04-28 16:00:00,34464.79,34613.91,34299.98,34609.93
2026-04-28 20:00:00,34609.54,35119.52,34605.87,35114.78
2026-04-29 00:00:00,35114.61,35177.87,34729.39,34917.79
2026-04-29 04:00:00,34917.08,35097.85,34643.96,34725.62
2026-04-29 08:00:00,34725.92,34921.9,34637.45,34657.01
2026-04-29 12:00:00,34656.51,34718.47,34086.15,34087.33
2026-04-29 16:00:00,34086.74,34140.5,33469.11,33519.31
2026-04-29 20:00:00,33518.48,33810.18,33461.98,33502.02
2026-04-30 00:00:00,33502.25,33559.81,33227.6,33532.78
2026-04-30 04:00:00,33532.96,33790.03,33529.62,33785.76
2026-04-30 08:00:00,33785.88,33788.31,33389.81,33697.16
2026-04-30 12:00:00,33697.78,33820.44,33467.71,33691.6
2026-04-30 16:00:00,33691.07,33807.37,33460.82,33492.51
2026-04-30 20:00:00,33492.01,33692.59,33444.78,33691.87
2026-05-01 00:00:00,33690.54,34249.05,33663.86,34248.68
2026-05-01 04:00:00,34249.06,34671.02,34163.0,34645.06
2026-05-01 08:00:00,34643.84,35005.06,34642.04,34760.42
2026-05-01 12:00:00,34760.94,34968.36,34683.42,34786.82
2026-05-01 16:00:00,34786.98,35359.83,34786.34,35327.63
2026-05-01 20:00:00,35327.44,35569.99,35287.4,35552.34
2026-05-02 00:00:00,35553.15,35789.81,35465.79,35724.21
2026-05-02 04:00:00,35724.48,36173.92,35711.31,36095.55
2026-05-02 08:00:00,36096.02,36504.49,35978.04,36462.52
2026-05-02 12:00:00,36461.79,36610.12,36342.5,36527.72
2026-05-02 16:00:00,36527.52,36736.33,36216.18,36235.15
2026-05-02 20:00:00,36234.85,36418.62,36195.3,36379.49
2026-05-03 00:00:00,36380.65,36559.31,35971.68,36101.97
2026-05-03 04:00:00,36101.03,36491.62,35944.41,36406.9
2026-05-03 08:00:00,36407.62,36634.26,36308.12,36452.61
2026-05-03 12:00:00,36452.73,36783.78,36289.32,36782.77
2026-05-03 16:00:00,36782.17,36992.1,36543.72,36580.26
2026-05-03 20:00:00,36579.88,37097.92,36512.4,37090.06
2026-05-04 00:00:00,37091.81,37375.28,37055.92,37293.85
2026-05-04 04:00:00,37294.11,37998.11,37278.34,37682.33
2026-05-04 08:00:00,37682.23,37963.64,37661.68,37708.57
2026-05-04 12:00:00,37707.7,37885.45,37413.25,37856.69
2026-05-04 16:00:00,37857.15,38106.84,37727.1,38005.57
2026-05-04 20:00:00,38005.12,38049.87,37514.08,37668.24
2026-05-05 00:00:00,37668.48,37774.22,36506.05,36578.69
2026-05-05 04:00:00,36579.16,36722.68,36437.91,36714.44
2026-05-05 08:00:00,36715.36,36828.6,36601.45,36655.86
2026-05-05 12:00:00,36655.96,36881.93,36519.41,36875.19
2026-05-05 16:00:00,36874.24,37252.3,36863.12,37060.8
2026-05-05 20:00:00,37061.3,37369.38,37043.86,37367.26
2026-05-06 00:00:00,37367.02,37545.77,36561.01,36607.79
2026-05-06 04:00:00,36607.61,36666.12,36367.71,36529.16
2026-05-06 08:00:00,36529.8,36781.39,36321.96,36478.0
2026-05-06 12:00:00,36478.53,36753.67,36478.53,36723.34
2026-05-06 16:00:00,36723.88,37074.35,36714.75,37030.06
2026-05-06 20:00:00,37030.04,37059.72,35815.11,35876.58
2026-05-07 00:00:00,35876.8,35883.84,35582.99,35829.9
2026-05-07 04:00:00,35830.68,36282.64,35657.02,36254.57
2026-05-07 08:00:00,36255.27,36646.38,36077.95,36491.15
2026-05-07 12:00:00,36491.2,36852.37,36408.75,36718.13
2026-05-07 16:00:00,36718.86,37020.73,36704.78,37015.79
2026-05-07 20:00:00,37015.34,37132.69,36827.94,37125.48
2026-05-08 00:00:00,37124.33,37219.99,36863.31,37114.29
2026-05-08 04:00:00,37115.15,37546.13,36915.47,37536.39
2026-05-08 08:00:00,37536.29,38105.04,37536.29,38097.26
2026-05-08 12:00:00,38097.53,38285.22,37889.94,37953.36
2026-05-08 16:00:00,37954.1,38067.89,37498.53,37516.9
2026-05-08 20:00:00,37516.63,37697.41,36985.08,37164.12
2026-05-09 00:00:00,37164.46,37499.63,36800.92,37496.04
2026-05-09 04:00:00,37496.17,37542.21,37177.26,37504.5
2026-05-09 08:00:00,37505.48,37748.2,37242.1,37289.32
2026-05-09 12:00:00,37289.02,37335.71,36357.53,36486.24
2026-05-09 16:00:00,36486.49,37107.5,36485.57,37098.46
2026-05-09 20:00:00,37099.15,37441.44,37088.78,37380.11
2026-05-10 00:00:00,37380.66,37431.99,36951.48,37103.36
2026-05-10 04:00:00,37103.93,37549.38,37010.44,37215.96
2026-05-10 08:00:00,37215.93,37687.54,37209.02,37599.12
2026-05-10 12:00:00,37599.96,38025.91,37595.2,37990.56
2026-05-10 16:00:00,37991.08,38283.23,37816.82,38011.44
2026-05-10 20:00:00,38011.37,38242.51,37869.38,38228.37
2026-05-11 00:00:00,38229.34,38458.57,37980.96,38289.07
2026-05-11 04:00:00,38289.09,38673.47,38269.51,38632.54
2026-05-11 08:00:00,38632.68,39097.89,38628.7,39015.43
2026-05-11 12:00:00,39015.64,39186.13,39008.18,39091.1
2026-05-11 16:00:00,39091.16,39354.13,39055.27,39221.58
2026-05-11 20:00:00,39221.87,39384.33,38148.57,38191.82
2026-05-12 00:00:00,38191.72,38576.38,38151.56,38563.31
2026-05-12 04:00:00,38562.43,38648.3,38349.35,38504.23
2026-05-12 08:00:00,38504.3,38713.04,38433.03,38712.86
2026-05-12 12:00:00,38712.66,39407.81,38710.58,39407.81
2026-05-12 16:00:00,39407.4,39810.44,39240.82,39310.88
2026-05-12 20:00:00,39310.75,39431.6,39202.75,39426.2
2026-05-13 00:00:00,39425.85,39536.79,39207.48,39249.5
2026-05-13 04:00:00,39249.13,39398.6,39035.83,39043.1
2026-05-13 08:00:00,39043.7,39105.62,38098.6,38267.03
2026-05-13 12:00:00,38267.42,38284.25,37914.95,37915.0
2026-05-13 16:00:00,37914.45,38312.9,37912.09,38270.49
2026-05-13 20:00:00,38270.24,38496.44,38103.82,38394.96
2026-05-14 00:00:00,38395.44,38695.33,38273.07,38342.7
2026-05-14 04:00:00,38342.82,38425.01,37867.83,38323.74
2026-05-14 08:00:00,38323.1,38364.27,38006.52,38222.63
2026-05-14 12:00:00,38222.69,38376.22,38057.69,38334.47
2026-05-14 16:00:00,38335.03,38360.64,37728.56,38031.38
2026-05-14 20:00:00,38031.57,38458.1,38024.09,38402.16
2026-05-15 00:00:00,38401.6,38673.13,37960.66,37998.31
2026-05-15 04:00:00,37998.61,38156.83,37895.86,38112.1
2026-05-15 08:00:00,38113.68,38221.85,37591.77,37803.46
2026-05-15 12:00:00,37803.37,38075.65,37799.33,37851.24
2026-05-15 16:00:00,37852.1,38574.33,37851.08,38557.5
2026-05-15 20:00:00,38557.36,38947.04,38516.55,38941.77
2026-05-16 00:00:00,38940.89,39157.42,38664.13,38924.25
2026-05-16 04:00:00,38922.39,39651.7,38917.77,39396.11
2026-05-16 08:00:00,39394.39,39705.91,39394.11,39485.0
2026-05-16 12:00:00,39484.56,39747.47,39429.15,39566.01
2026-05-16 16:00:00,39566.61,39884.28,39511.87,39565.32
2026-05-16 20:00:00,39566.61,39664.95,39214.25,39226.93
2026-05-17 00:00:00,39226.66,39635.51,39042.26,39186.01
2026-05-17 04:00:00,39185.11,39544.41,39182.2,39538.55
2026-05-17 08:00:00,39539.32,39986.78,39506.03,39975.84
2026-05-17 12:00:00,39975.41,40028.89,39450.32,39538.53
2026-05-17 16:00:00,39537.35,39785.51,39347.42,39785.36
2026-05-17 20:00:00,39784.21,39991.59,39646.93,39804.57
2026-05-18 00:00:00,39804.12,39982.42,39315.2,39610.39
2026-05-18 04:00:00,39610.6,40108.29,39458.59,40094.88
2026-05-18 08:00:00,40094.82,40401.88,39986.03,39990.1
2026-05-18 12:00:00,39990.54,40012.54,38810.96,38811.42
2026-05-18 16:00:00,38811.1,39120.71,38807.63,38923.77
2026-05-18 20:00:00,38923.26,39154.25,38609.92,38767.91
2026-05-19 00:00:00,38768.18,39262.24,38764.18,39245.31
2026-05-19 04:00:00,39245.45,39614.47,39129.91,39170.87
2026-05-19 08:00:00,39171.9,39241.77,39040.65,39109.5
2026-05-19 12:00:00,39109.67,39300.0,38966.41,39143.64
2026-05-19 16:00:00,39143.7,39379.2,38988.43,39175.66
2026-05-19 20:00:00,39175.53,39758.22,39175.34,39711.5
2026-05-20 00:00:00,39710.84,39770.81,39392.18,39446.77
2026-05-20 04:00:00,39446.63,39666.9,39374.83,39660.83
2026-05-20 08:00:00,39659.88,39913.82,39497.94,39910.88
2026-05-20 12:00:00,39910.07,40126.05,39663.9,39981.86
2026-05-20 16:00:00,39982.16,40128.03,39662.83,39676.97
2026-05-20 20:00:00,39677.86,39731.13,39287.37,39692.59
2026-05-21 00:00:00,39691.49,39817.56,38777.56,38822.46
2026-05-21 04:00:00,38823.39,38823.39,38191.91,38379.04
2026-05-21 08:00:00,38377.23,38404.71,37535.53,37588.73
2026-05-21 12:00:00,37588.18,37963.99,37583.88,37630.37
2026-05-21 16:00:00,37630.87,37681.96,37321.35,37470.61
2026-05-21 20:00:00,37471.88,37586.66,37170.49,37310.63
2026-05-22 00:00:00,37311.95,37370.1,37081.81,37132.96
2026-05-22 04:00:00,37132.42,37438.51,37125.31,37409.77
2026-05-22 08:00:00,37409.99,37521.0,37175.36,37520.74
2026-05-22 12:00:00,37521.14,37958.94,37473.78,37955.52
2026-05-22 16:00:00,37955.06,38396.0,37820.62,38392.2
2026-05-22 20:00:00,38392.5,38706.45,38345.29,38704.51
2026-05-23 00:00:00,38704.29,38796.5,38410.73,38425.04
2026-05-23 04:00:00,38424.52,38483.52,37991.57,38138.72
2026-05-23 08:00:00,38138.93,38592.29,38070.37,38430.1
2026-05-23 12:00:00,38429.92,38572.55,38248.13,38304.34
2026-05-23 16:00:00,38304.56,38517.96,38028.13,38039.13
2026-05-23 20:00:00,38039.87,38313.08,37970.87,38267.71
2026-05-24 00:00:00,38267.49,38693.54,38033.74,38682.67
2026-05-24 04:00:00,38683.73,38813.08,38045.34,38225.82
2026-05-24 08:00:00,38226.57,38735.0,38194.33,38397.67
2026-05-24 12:00:00,38398.19,38753.66,38396.59,38543.09
2026-05-24 16:00:00,38544.86,38681.15,38375.54,38460.73
2026-05-24 20:00:00,38459.66,38630.89,38354.74,38489.74
2026-05-25 00:00:00,38489.82,38564.2,38277.14,38459.48
2026-05-25 04:00:00,38459.99,38606.72,37827.72,37849.11
2026-05-25 08:00:00,37849.57,37861.61,37471.23,37820.89
2026-05-25 12:00:00,37820.68,37831.55,37426.09,37547.59
2026-05-25 16:00:00,37547.08,38077.34,37484.55,37650.27
2026-05-25 20:00:00,37650.32,37812.8,37396.74,37463.26
2026-05-26 00:00:00,37463.33,37536.45,36716.13,36828.2
2026-05-26 04:00:00,36828.71,37008.48,36606.24,36978.88
2026-05-26 08:00:00,36978.42,37218.16,36700.12,36718.25
2026-05-26 12:00:00,36718.54,36936.59,36592.36,36614.09
2026-05-26 16:00:00,36613.75,36645.98,35945.7,36206.1
2026-05-26 20:00:00,36206.27,36724.15,36206.01,36708.13
2026-05-27 00:00:00,36707.96,36955.17,36469.99,36813.31
2026-05-27 04:00:00,36812.94,37355.08,36806.85,37346.65
2026-05-27 08:00:00,37345.5,37656.17,37195.04,37258.14
2026-05-27 12:00:00,37257.09,37507.5,37181.26,37424.83
2026-05-27 16:00:00,37424.51,37698.91,37333.02,37695.21
2026-05-27 20:00:00,37696.33,37881.62,37467.47,37533.94
2026-05-28 00:00:00,37532.54,37700.99,37265.67,37405.88
2026-05-28 04:00:00,37406.06,38064.1,37404.12,37784.08
2026-05-28 08:00:00,37784.2,37914.68,37550.04,37610.12
2026-05-28 12:00:00,37609.55,37980.39,37593.18,37933.52
2026-05-28 16:00:00,37934.18,38223.51,37912.31,37967.62
2026-05-28 20:00:00,37967.09,38102.37,37563.4,37675.79
2026-05-29 00:00:00,37675.89,37704.43,37126.23,37157.5
2026-05-29 04:00:00,37157.61,37539.07,37126.4,37262.51
2026-05-29 08:00:00,37262.57,37388.5,37200.1,37311.46
2026-05-29 12:00:00,37311.99,37736.62,37303.2,37475.71
2026-05-29 16:00:00,37475.23,37657.58,37206.31,37207.91
2026-05-29 20:00:00,37208.54,37464.04,36882.31,36904.4
2026-05-30 00:00:00,36904.3,37247.75,36877.47,37086.86
2026-05-30 04:00:00,37086.98,37473.56,37086.51,37354.89
2026-05-30 08:00:00,37354.12,37599.55,37097.83,37245.54
2026-05-30 12:00:00,37245.93,37673.69,37103.7,37605.21
2026-05-30 16:00:00,37604.57,38053.1,37603.16,37811.46
2026-05-30 20:00:00,37811.87,38078.3,37759.36,37923.76
2026-05-31 00:00:00,37923.81,38149.66,37850.59,37871.23
2026-05-31 04:00:00,37870.93,37994.36,36774.16,36855.36
2026-05-31 08:00:00,36854.99,37106.25,36622.74,36630.64
2026-05-31 12:00:00,36631.09,36800.89,36463.08,36766.08
2026-05-31 16:00:00,36766.07,37012.56,36680.33,37012.0
2026-05-31 20:00:00,37012.62,37390.49,36932.71,37079.76
2026-06-01 00:00:00,37079.11,37107.28,36164.45,36349.21
2026-06-01 04:00:00,36349.84,36543.96,36294.63,36542.12
2026-06-01 08:00:00,36542.21,37049.7,36516.44,37034.39
2026-06-01 12:00:00,37034.04,37341.58,37030.9,37266.41
2026-06-01 16:00:00,37265.85,37828.89,37256.77,37698.37
2026-06-01 20:00:00,37697.53,37999.41,37608.6,37965.44
2026-06-02 00:00:00,37965.78,38210.52,37840.68,37970.76
2026-06-02 04:00:00,37971.41,38313.68,37929.45,38195.06
2026-06-02 08:00:00,38194.87,38472.52,38112.35,38467.45
2026-06-02 12:00:00,38467.93,38611.28,38296.08,38516.72
2026-06-02 16:00:00,38516.37,38908.73,38441.9,38907.54
2026-06-02 20:00:00,38906.98,39234.85,38725.26,38786.54
2026-06-03 00:00:00,38786.26,38982.41,38580.06,38873.55
2026-06-03 04:00:00,38873.86,39503.25,38872.59,39496.36
2026-06-03 08:00:00,39495.83,39768.62,39466.92,39612.65
2026-06-03 12:00:00,39612.84,39770.59,39219.22,39403.02
2026-06-03 16:00:00,39403.54,39514.39,39233.77,39251.76
2026-06-03 20:00:00,39252.91,39853.89,39244.14,39625.58
2026-06-04 00:00:00,39625.26,39796.29,39445.34,39698.11
2026-06-04 04:00:00,39697.61,40046.82,39534.78,40046.81
2026-06-04 08:00:00,40047.21,40142.97,38961.16,39203.0
2026-06-04 12:00:00,39203.13,39841.53,39199.75,39747.81
2026-06-04 16:00:00,39746.84,40122.25,39739.54,40121.65
2026-06-04 20:00:00,40121.34,40419.25,40118.71,40292.66
2026-06-05 00:00:00,40293.02,40545.52,40287.68,40403.2
2026-06-05 04:00:00,40402.53,40471.47,39932.25,39985.9
2026-06-05 08:00:00,39986.65,40396.2,39915.7,40341.08
2026-06-05 12:00:00,40341.34,40395.33,39821.47,39872.21
2026-06-05 16:00:00,39872.28,40228.57,39764.34,39850.51
2026-06-05 20:00:00,39850.43,40365.76,39848.23,40040.1
2026-06-06 00:00:00,40039.43,40149.78,39880.53,40009.86
2026-06-06 04:00:00,40009.64,40094.03,39173.68,39295.94
2026-06-06 08:00:00,39295.49,39550.75,39157.38,39324.14
2026-06-06 12:00:00,39325.03,39345.17,38865.17,39046.25
2026-06-06 16:00:00,39045.38,39246.48,38881.95,39005.83
2026-06-06 20:00:00,39005.18,39068.21,38179.13,38340.57
2026-06-07 00:00:00,38341.44,38540.33,38270.03,38388.81
2026-06-07 04:00:00,38389.71,38422.12,37880.64,37991.17
2026-06-07 08:00:00,37989.42,38121.34,37142.53,37245.37
2026-06-07 12:00:00,37245.88,37470.0,37186.01,37239.76
2026-06-07 16:00:00,37239.04,37411.9,37213.1,37276.91
2026-06-07 20:00:00,37276.19,37493.31,37081.83,37489.92
2026-06-08 00:00:00,37489.38,37975.86,37392.1,37975.26
2026-06-08 04:00:00,37974.38,38214.06,37916.42,37926.34
2026-06-08 08:00:00,37927.03,38340.64,37774.01,38332.64
2026-06-08 12:00:00,38332.72,38503.91,37796.32,37804.8
2026-06-08 16:00:00,37804.59,37884.2,37569.62,37737.58
2026-06-08 20:00:00,37736.91,38008.34,37530.46,38006.96
2026-06-09 00:00:00,38007.03,38019.58,37616.3,37855.89
2026-06-09 04:00:00,37854.81,38053.1,37626.15,37826.03
2026-06-09 08:00:00,37825.89,38156.78,37825.02,38129.84
2026-06-09 12:00:00,38130.14,38802.62,38047.9,38799.04
2026-06-09 16:00:00,38796.88,39029.23,38589.59,38682.46
2026-06-09 20:00:00,38682.95,38910.3,38657.06,38772.52
2026-06-10 00:00:00,38772.86,39201.97,38761.55,39199.31
2026-06-10 04:00:00,39200.33,39402.97,38928.67,39115.74
2026-06-10 08:00:00,39115.58,39379.2,39104.44,39143.72
2026-06-10 12:00:00,39144.0,39222.54,38657.7,38957.14
2026-06-10 16:00:00,38957.05,39295.84,38562.5,38623.17
2026-06-10 20:00:00,38623.83,38864.26,38520.03,38559.11
2026-06-11 00:00:00,38560.48,38698.54,38393.11,38417.7
2026-06-11 04:00:00,38418.1,38550.47,38199.67,38444.46
2026-06-11 08:00:00,38444.7,38601.52,38198.17,38600.65
2026-06-11 12:00:00,38601.6,38734.63,38409.89,38647.99
2026-06-11 16:00:00,38648.08,38688.99,37876.11,37921.26
2026-06-11 20:00:00,37921.15,37963.25,37244.07,37525.13
2026-06-12 00:00:00,37524.7,37633.83,37012.87,37051.31
2026-06-12 04:00:00,37051.95,37397.7,37004.36,37081.42
2026-06-12 08:00:00,37080.94,37519.72,37080.94,37514.3
2026-06-12 12:00:00,37512.86,37524.33,36780.56,36812.51
2026-06-12 16:00:00,36812.23,37207.01,36684.42,37182.64
2026-06-12 20:00:00,37182.88,37367.81,36874.29,36923.81
2026-06-13 00:00:00,36923.89,37141.87,36915.33,36940.72
2026-06-13 04:00:00,36942.01,37245.31,36918.83,37203.38
2026-06-13 08:00:00,37203.02,37459.25,37199.36,37300.74
2026-06-13 12:00:00,37301.28,37624.69,37295.09,37567.1
2026-06-13 16:00:00,37567.57,37811.52,37254.31,37446.38
2026-06-13 20:00:00,37446.17,37789.61,37045.09,37183.25
2026-06-14 00:00:00,37183.57,37292.24,36987.14,37249.32
2026-06-14 04:00:00,37249.55,37378.87,36769.9,36918.14
2026-06-14 08:00:00,36918.67,37049.28,36712.84,37044.4
2026-06-14 12:00:00,37044.95,37265.81,36748.31,36780.02
2026-06-14 16:00:00,36780.2,36795.96,35591.23,35714.74
2026-06-14 20:00:00,35715.4,35746.07,35219.94,35543.16
2026-06-15 00:00:00,35541.94,35548.81,34434.11,34452.29
2026-06-15 04:00:00,34452.47,34513.62,33906.02,34011.0
2026-06-15 08:00:00,34010.84,34243.51,33921.76,34075.68
2026-06-15 12:00:00,34075.79,34204.83,33780.73,33920.82
2026-06-15 16:00:00,33920.16,34341.34,33878.81,34322.78
2026-06-15 20:00:00,34323.0,34362.3,33942.79,34039.89
2026-06-16 00:00:00,34038.86,34225.97,33880.07,34135.23
2026-06-16 04:00:00,34135.26,34412.77,33689.12,33704.27
2026-06-16 08:00:00,33703.89,33905.49,33455.88,33597.24
2026-06-16 12:00:00,33597.34,33909.4,33439.23,33585.63
2026-06-16 16:00:00,33585.52,33666.2,33383.74,33559.78
2026-06-16 20:00:00,33559.39,33563.32,33174.16,33273.27
2026-06-17 00:00:00,33273.32,33580.29,33170.7,33579.67
2026-06-17 04:00:00,33580.11,34091.16,33575.37,34086.47
2026-06-17 08:00:00,34087.53,34222.38,33848.86,33895.36
2026-06-17 12:00:00,33896.55,34138.37,32994.73,33003.48
2026-06-17 16:00:00,33003.33,33313.66,33001.25,33044.13
2026-06-17 20:00:00,33044.21,33044.61,32722.36,32867.5
2026-06-18 00:00:00,32867.13,32937.47,32389.61,32569.36
2026-06-18 04:00:00,32568.71,32748.97,32360.82,32647.98
2026-06-18 08:00:00,32647.96,32656.66,32077.11,32158.21
2026-06-18 12:00:00,32157.25,32247.54,31581.61,31994.21
2026-06-18 16:00:00,31993.53,32297.61,31992.44,32197.27
2026-06-18 20:00:00,32198.34,32288.86,31806.06,31923.98
2026-06-19 00:00:00,31923.66,31934.12,31428.05,31582.76
2026-06-19 04:00:00,31583.26,31752.44,31524.27,31740.33
2026-06-19 08:00:00,31740.51,32305.03,31736.04,32304.19
2026-06-19 12:00:00,32303.56,32348.59,32052.19,32141.39
2026-06-19 16:00:00,32140.95,32159.91,31841.16,31977.38
2026-06-19 20:00:00,31977.05,32350.67,31859.93,32349.05
2026-06-20 00:00:00,32348.57,32776.01,32298.98,32583.73
2026-06-20 04:00:00,32584.46,32602.7,31886.97,32166.93
2026-06-20 08:00:00,32166.94,32290.84,31993.56,32141.64
2026-06-20 12:00:00,32139.88,32453.2,32103.94,32446.76
2026-06-20 16:00:00,32446.83,32997.77,32418.53,32971.82
2026-06-20 20:00:00,32971.44,33285.37,32796.79,32959.65
2026-06-21 00:00:00,32959.59,32985.71,32114.1,32144.1
2026-06-21 04:00:00,32143.66,32252.55,32051.68,32125.96
2026-06-21 08:00:00,32126.45,32585.81,32123.93,32571.01
2026-06-21 12:00:00,32571.4,32652.75,32338.79,32465.18
2026-06-21 16:00:00,32465.84,32604.26,31780.16,31888.97
2026-06-21 20:00:00,31888.43,32037.02,31275.21,31383.86
2026-06-22 00:00:00,31383.51,31456.52,30801.92,30807.77
2026-06-22 04:00:00,30809.01,31297.81,30807.17,31284.21
2026-06-22 08:00:00,31284.22,31493.95,31283.45,31421.01
2026-06-22 12:00:00,31420.43,31545.82,31202.29,31515.66
2026-06-22 16:00:00,31514.92,32017.79,31407.01,31985.31
2026-06-22 20:00:00,31985.75,32121.83,31851.87,31961.14
2026-06-23 00:00:00,31960.68,32019.74,31507.1,31839.24
2026-06-23 04:00:00,31839.3,32090.86,31750.24,32086.45
2026-06-23 08:00:00,32086.69,32299.0,32061.44,32298.07
2026-06-23 12:00:00,32298.06,32385.83,31976.3,31997.64
2026-06-23 16:00:00,31998.35,32059.02,31756.03,31759.72
2026-06-23 20:00:00,31759.05,32027.46,31751.13,31962.02
2026-06-24 00:00:00,31962.33,31969.46,31553.87,31950.47
2026-06-24 04:00:00,31949.17,32278.96,31930.84,32221.93
2026-06-24 08:00:00,32222.05,32680.59,32215.91,32247.32
2026-06-24 12:00:00,32247.55,32593.85,32240.21,32571.21
2026-06-24 16:00:00,32570.87,32754.79,32422.46,32747.43
2026-06-24 20:00:00,32746.6,32804.25,32184.76,32319.78
2026-06-25 00:00:00,32319.48,32533.69,32245.81,32320.42
2026-06-25 04:00:00,32319.19,32576.01,32279.57,32328.75
2026-06-25 08:00:00,32329.27,32474.61,32135.24,32402.99
2026-06-25 12:00:00,32402.17,32433.6,31850.17,32123.61
2026-06-25 16:00:00,32123.65,32314.36,31959.86,32046.81
2026-06-25 20:00:00,32046.99,32479.03,32041.74,32476.63
2026-06-26 00:00:00,32475.96,32549.59,32308.05,32396.63
2026-06-26 04:00:00,32395.89,32718.47,32353.62,32555.65
2026-06-26 08:00:00,32555.0,32720.35,32210.85,32279.13
2026-06-26 12:00:00,32278.41,32604.57,32277.3,32569.47
2026-06-26 16:00:00,32569.34,32587.39,32155.37,32197.06
2026-06-26 20:00:00,32197.01,32327.49,31938.02,32006.13
2026-06-27 00:00:00,32006.63,32203.5,31907.37,32176.75
2026-06-27 04:00:00,32176.52,32386.89,32008.58,32183.02
2026-06-27 08:00:00,32183.3,32517.97,32158.96,32513.54
2026-06-27 12:00:00,32513.53,32636.12,32364.62,32438.82
2026-06-27 16:00:00,32438.13,32830.78,32431.52,32828.34
2026-06-27 20:00:00,32828.64,33032.89,32143.14,32182.17
2026-06-28 00:00:00,32181.98,32194.94,31804.82,31928.62
2026-06-28 04:00:00,31928.07,32003.9,31571.57,31703.57
2026-06-28 08:00:00,31704.78,32129.19,31605.24,32079.01
2026-06-28 12:00:00,32078.38,32097.62,31574.17,31705.18
2026-06-28 16:00:00,31706.16,31877.61,31595.72,31867.34
2026-06-28 20:00:00,31868.11,31977.22,31752.02,31975.37
2026-06-29 00:00:00,31975.04,32188.55,31828.09,31828.09
2026-06-29 04:00:00,31827.92,32235.49,31625.94,32170.36
2026-06-29 08:00:00,32171.04,32459.63,32167.8,32389.71
2026-06-29 12:00:00,32389.66,32499.09,32256.79,32291.61
2026-06-29 16:00:00,32293.04,32740.02,32292.48,32541.07
2026-06-29 20:00:00,32541.97,32804.86,32539.95,32700.36
2026-06-30 00:00:00,32699.71,32865.09,32466.05,32724.71
2026-06-30 04:00:00,32724.96,32857.85,32285.03,32481.73
2026-06-30 08:00:00,32482.51,32500.84,31891.48,32133.68
2026-06-30 12:00:00,32133.78,32162.3,31540.93,31568.4
2026-06-30 16:00:00,31568.48,31690.4,31109.94,31114.71
2026-06-30 20:00:00,31115.39,31445.11,31110.96,31279.98
2026-07-01 00:00:00,31279.75,31282.99,29974.26,30074.61
2026-07-01 04:00:00,30075.03,30292.59,30016.46,30088.93
2026-07-01 08:00:00,30089.17,30171.7,29970.06,30161.23
2026-07-01 12:00:00,30161.98,30366.89,30150.64,30297.68
2026-07-01 16:00:00,30297.5,30402.09,30082.72,30360.85
2026-07-01 20:00:00,30360.98,30543.17,30323.55,30463.92
2026-07-02 00:00:00,30463.51,30619.32,30214.49,30451.38
2026-07-02 04:00:00,30451.16,30672.25,30418.33,30668.54
2026-07-02 08:00:00,30669.28,30810.17,30492.77,30553.98
2026-07-02 12:00:00,30555.31,30681.91,29941.18,29954.67
2026-07-02 16:00:00,29955.13,30199.91,29724.65,29755.34
2026-07-02 20:00:00,29755.91,29947.71,29608.23,29869.89
2026-07-03 00:00:00,29869.82,30119.91,29821.11,29897.85
2026-07-03 04:00:00,29898.22,30101.5,29661.31,29836.31
2026-07-03 08:00:00,29837.18,30046.02,29660.38,29709.63
2026-07-03 12:00:00,29709.89,29956.19,29653.64,29868.02
2026-07-03 16:00:00,29868.37,29960.51,29524.39,29885.31
2026-07-03 20:00:00,29885.43,29951.43,29331.12,29407.24
2026-07-04 00:00:00,29407.85,29525.11,29262.67,29431.14
2026-07-04 04:00:00,29431.64,29530.56,29130.99,29170.47
2026-07-04 08:00:00,29170.91,29334.83,29019.42,29301.69
2026-07-04 12:00:00,29301.71,29623.03,29297.67,29537.39
2026-07-04 16:00:00,29537.97,29653.09,29349.54,29395.87
2026-07-04 20:00:00,29395.47,29498.3,28958.94,29044.87
2026-07-05 00:00:00,29044.93,29172.06,28951.75,29171.54
2026-07-05 04:00:00,29170.75,29245.31,28589.21,28610.08
2026-07-05 08:00:00,28610.3,28781.93,28525.04,28781.93
2026-07-05 12:00:00,28782.69,28946.73,28625.99,28658.87
2026-07-05 16:00:00,28657.94,29114.03,28608.59,28896.61
2026-07-05 20:00:00,28897.0,29270.2,28897.0,29142.62
2026-07-06 00:00:00,29142.56,29336.45,29132.0,29305.42
2026-07-06 04:00:00,29305.21,29309.38,28579.22,28639.31
2026-07-06 08:00:00,28639.53,28763.13,28480.07,28600.97
2026-07-06 12:00:00,28601.21,28881.07,28599.75,28797.27
2026-07-06 16:00:00,28796.96,29088.25,28786.12,29085.44
2026-07-06 20:00:00,29084.99,29372.0,29082.54,29356.43
2026-07-07 00:00:00,29356.85,29518.55,29312.6,29475.1
2026-07-07 04:00:00,29474.58,29789.76,29448.67,29700.41
2026-07-07 08:00:00,29700.05,30021.45,29697.2,29777.1
2026-07-07 12:00:00,29776.44,29790.53,29494.73,29505.79
2026-07-07 16:00:00,29505.81,29648.55,29504.35,29629.11
2026-07-07 20:00:00,29628.93,29783.1,29562.7,29753.22
2026-07-08 00:00:00,29752.98,29788.77,29346.99,29523.39
2026-07-08 04:00:00,29522.95,29671.08,29422.2,29647.18
2026-07-08 08:00:00,29647.21,30112.91,29637.54,30110.71
2026-07-08 12:00:00,30111.34,30310.76,30094.34,30285.46
2026-07-08 16:00:00,30285.12,30306.63,29682.81,29989.34
2026-07-08 20:00:00,29989.12,30467.01,29985.05,30461.74
2026-07-09 00:00:00,30461.87,30801.4,30094.0,30117.84
2026-07-09 04:00:00,30118.4,30173.3,29716.54,29792.64
2026-07-09 08:00:00,29792.93,30006.44,29787.25,29916.51
2026-07-09 12:00:00,29916.92,30105.84,29808.13,29931.38
2026-07-09 16:00:00,29931.08,30156.7,29722.26,29898.31
2026-07-09 20:00:00,29898.32,30167.99,29831.26,29988.21
2026-07-10 00:00:00,29987.73,30317.25,29984.16,30311.64
2026-07-10 04:00:00,30311.26,30594.23,30199.97,30594.23
2026-07-10 08:00:00,30595.14,30831.41,30383.37,30494.56
2026-07-10 12:00:00,30493.73,30728.58,30304.62,30725.99
2026-07-10 16:00:00,30726.07,31042.05,30724.79,30814.05
2026-07-10 20:00:00,30813.04,31114.07,30708.16,30768.31
2026-07-11 00:00:00,30768.26,31095.34,30744.87,30768.56
2026-07-11 04:00:00,30768.52,31269.53,30765.59,31221.12
2026-07-11 08:00:00,31221.14,31498.47,31213.91,31225.91
2026-07-11 12:00:00,31225.98,31741.43,31145.8,31738.98
2026-07-11 16:00:00,31740.01,31986.71,31603.29,31984.86
2026-07-11 20:00:00,31984.34,32114.93,31751.88,31833.24
2026-07-12 00:00:00,31833.14,31834.48,31117.12,31133.44
2026-07-12 04:00:00,31132.96,31493.26,31132.67,31417.03
2026-07-12 08:00:00,31416.2,31613.26,31316.87,31608.9
2026-07-12 12:00:00,31608.98,31643.05,31064.85,31099.59
2026-07-12 16:00:00,31099.95,31318.15,30717.7,30867.07
2026-07-12 20:00:00,30868.05,30868.85,30522.08,30770.52
2026-07-13 00:00:00,30769.99,31270.25,30768.83,31243.72
2026-07-13 04:00:00,31244.23,31717.53,31242.82,31692.61
2026-07-13 08:00:00,31691.82,31717.52,31136.08,31453.1
2026-07-13 12:00:00,31452.34,31623.2,31366.1,31500.93
2026-07-13 16:00:00,31501.43,31600.17,30948.66,31293.54
2026-07-13 20:00:00,31293.75,31592.88,31207.1,31297.57
2026-07-14 00:00:00,31296.95,31499.08,30632.29,30780.72
2026-07-14 04:00:00,30780.84,31121.61,30773.21,30985.25
2026-07-14 08:00:00,30984.24,31312.09,30915.28,30916.78
2026-07-14 12:00:00,30916.94,31068.7,30792.9,31047.43
2026-07-14 16:00:00,31047.97,31137.98,30824.88,30952.64
2026-07-14 20:00:00,30952.41,31170.83,30512.77,30532.98
2026-07-15 00:00:00,30533.35,30974.43,30530.66,30974.43
2026-07-15 04:00:00,30974.55,31047.25,30825.4,31019.62
2026-07-15 08:00:00,31018.67,31020.02,30626.43,30693.9
2026-07-15 12:00:00,30693.22,30818.98,30454.78,30808.22
2026-07-15 16:00:00,30808.06,31057.52,30744.59,31055.93
2026-07-15 20:00:00,31055.51,31098.82,30764.29,30922.56
2026-07-16 00:00:00,30921.93,31192.42,30916.71,31189.55
2026-07-16 04:00:00,31190.63,31241.6,30917.44,31032.34
2026-07-16 08:00:00,31031.96,31349.41,30995.76,31346.73
2026-07-16 12:00:00,31346.14,31710.17,31306.94,31674.74
2026-07-16 16:00:00,31674.45,32057.82,31674.45,32052.37
2026-07-16 20:00:00,32052.28,32157.77,31763.15,31901.43
2026-07-17 00:00:00,31901.01,32357.72,31898.34,32164.41
2026-07-17 04:00:00,32164.45,32302.78,31865.32,31985.17
2026-07-17 08:00:00,31985.22,32081.53,31813.79,32080.77
2026-07-17 12:00:00,32080.77,32332.89,31984.28,32310.56
2026-07-17 16:00:00,32310.52,32422.48,32127.03,32310.36
2026-07-17 20:00:00,32310.18,32377.57,32051.52,32182.12
2026-07-18 00:00:00,32181.52,32224.69,31923.56,32173.2
2026-07-18 04:00:00,32173.2,32354.56,32006.05,32212.55
2026-07-18 08:00:00,32211.64,32488.27,32208.77,32487.47
2026-07-18 12:00:00,32487.45,32623.55,31866.99,31875.36
2026-07-18 16:00:00,31874.41,32050.56,31748.13,31937.05
2026-07-18 20:00:00,31936.89,32119.27,31774.5,31848.58
2026-07-19 00:00:00,31848.75,31978.72,31711.97,31749.85
2026-07-19 04:00:00,31749.18,31924.38,31611.22,31756.24
2026-07-19 08:00:00,31756.09,31845.4,31457.44,31596.04
2026-07-19 12:00:00,31596.02,31960.43,31594.54,31903.25
2026-07-19 16:00:00,31903.4,31966.56,31550.08,31861.13
2026-07-19 20:00:00,31860.12,32471.03,31834.41,32469.14
2026-07-20 00:00:00,32469.17,32671.2,32330.07,32333.4
2026-07-20 04:00:00,32333.32,32707.53,32255.15,32660.97
2026-07-20 08:00:00,32660.76,32776.06,32328.25,32450.38
2026-07-20 12:00:00,32449.19,32564.27,32281.85,32383.83
2026-07-20 16:00:00,32383.29,32663.22,32380.06,32617.75
2026-07-20 20:00:00,32618.15,32772.96,32530.98,32643.07
2026-07-21 00:00:00,32643.1,32643.41,32197.81,32358.49
2026-07-21 04:00:00,32358.34,32440.87,31956.03,32027.27
2026-07-21 08:00:00,32027.53,32339.57,32004.79,32207.68
2026-07-21 12:00:00,32206.81,32554.46,32187.56,32289.34
2026-07-21 16:00:00,32289.86,32431.37,32258.15,32427.43
2026-07-21 20:00:00,32427.77,32490.34,32166.62,32341.14
2026-07-22 00:00:00,32340.36,32404.63,32047.06,32119.96
2026-07-22 04:00:00,32118.71,32302.75,32104.13,32183.61
2026-07-22 08:00:00,32184.04,32369.75,31829.47,32367.13
2026-07-22 12:00:00,32367.12,32674.32,32323.48,32547.16
2026-07-22 16:00:00,32547.53,32805.08,32484.34,32560.33
2026-07-22 20:00:00,32560.06,32910.63,32114.55,32244.71
2026-07-23 00:00:00,32244.85,32313.58,32003.05,32202.4
2026-07-23 04:00:00,32202.15,32347.27,31649.82,31711.86
2026-07-23 08:00:00,31710.48,31915.87,31629.84,31908.06
2026-07-23 12:00:00,31907.76,32013.77,31013.95,31102.9
2026-07-23 16:00:00,31103.48,31310.71,30863.57,31276.52
2026-07-23 20:00:00,31276.3,31557.8,31204.81,31540.46
2026-07-24 00:00:00,31539.74,31718.03,31417.21,31445.86
2026-07-24 04:00:00,31445.52,31792.96,31442.08,31792.79
2026-07-24 08:00:00,31793.35,32443.33,31791.98,32441.67
2026-07-24 12:00:00,32441.3,32751.8,32438.61,32677.47
2026-07-24 16:00:00,32676.69,33030.3,32611.81,32888.24
2026-07-24 20:00:00,32888.83,33158.66,32770.06,32872.26
2026-07-25 00:00:00,32873.05,33212.35,32799.96,32912.31
2026-07-25 04:00:00,32912.35,32997.69,32419.65,32476.4
2026-07-25 08:00:00,32476.02,32491.86,32241.89,32303.84
2026-07-25 12:00:00,32303.36,32859.92,32303.36,32843.81
2026-07-25 16:00:00,32843.51,32930.37,32675.9,32930.37
2026-07-25 20:00:00,32930.31,33096.64,32837.27,33092.77
2026-07-26 00:00:00,33092.6,33250.31,32892.68,33171.61
2026-07-26 04:00:00,33171.51,33240.98,32692.62,32759.43
2026-07-26 08:00:00,32759.53,32917.61,32321.95,32914.76
2026-07-26 12:00:00,32914.46,33267.7,32790.68,33084.69
2026-07-26 16:00:00,33083.3,33521.35,33051.48,33520.04
2026-07-26 20:00:00,33519.1,33799.95,33510.76,33776.67
2026-07-27 00:00:00,33777.45,34391.61,33740.77,34382.44
2026-07-27 04:00:00,34382.55,34521.94,33942.31,34067.26
2026-07-27 08:00:00,34067.78,34619.68,33986.26,34611.3
2026-07-27 12:00:00,34610.77,35266.8,34600.11,35262.65
2026-07-27 16:00:00,35263.45,35324.83,35021.96,35268.44
2026-07-27 20:00:00,35267.92,35387.13,34901.75,34914.76
2026-07-28 00:00:00,34915.91,35409.51,34915.78,35349.01
2026-07-28 04:00:00,35347.75,35357.42,34909.24,34944.76
2026-07-28 08:00:00,34944.45,35301.0,34936.99,35164.69
2026-07-28 12:00:00,35164.75,35442.62,35154.9,35438.45
2026-07-28 16:00:00,35438.4,35699.88,35280.9,35693.95
2026-07-28 20:00:00,35692.62,36235.8,35597.63,36064.08
2026-07-29 00:00:00,36064.95,36184.78,35827.87,35868.8
2026-07-29 04:00:00,35868.31,36174.93,35695.63,36172.87
2026-07-29 08:00:00,36173.78,36299.21,35896.2,36132.45
2026-07-29 12:00:00,36133.09,36267.65,35948.36,36260.36
2026-07-29 16:00:00,36260.66,36369.3,35886.46,35949.34
2026-07-29 20:00:00,35949.15,36509.39,35946.71,36508.93
2026-07-30 00:00:00,36507.55,36835.7,36318.32,36827.38
2026-07-30 04:00:00,36826.8,37335.87,36801.38,36993.03
2026-07-30 08:00:00,36992.85,37096.72,36602.18,37091.86
2026-07-30 12:00:00,37091.08,37174.93,36780.99,36990.7
2026-07-30 16:00:00,36990.77,37020.48,36733.27,36948.38
2026-07-30 20:00:00,36947.69,37290.07,36854.03,37175.49
2026-07-31 00:00:00,37175.67,37457.18,36922.07,37268.73
2026-07-31 04:00:00,37269.63,37407.84,37168.42,37290.84
2026-07-31 08:00:00,37291.16,37506.39,37038.77,37449.5
2026-07-31 12:00:00,37449.01,37483.82,36716.58,36753.29
2026-07-31 16:00:00,36754.31,37105.82,36592.6,36967.08
2026-07-31 20:00:00,36966.34,37057.48,36170.67,36223.08
2026-08-01 00:00:00,36223.39,36444.31,35702.67,35951.3
2026-08-01 04:00:00,35950.71,36103.01,35782.47,36094.31
2026-08-01 08:00:00,36095.39,36358.41,36060.92,36325.95
2026-08-01 12:00:00,36326.48,36542.96,36127.66,36178.75
2026-08-01 16:00:00,36179.02,36420.25,36027.53,36401.76
2026-08-01 20:00:00,36401.59,36574.61,36238.29,36490.06
2026-08-02 00:00:00,36489.86,37047.97,36489.52,36948.17
2026-08-02 04:00:00,36948.63,37407.43,36878.75,37405.99
2026-08-02 08:00:00,37406.68,37769.13,37335.74,37766.6
2026-08-02 12:00:00,37766.6,37898.01,37655.78,37865.4
2026-08-02 16:00:00,37865.27,38257.25,37865.27,38253.38
2026-08-02 20:00:00,38252.52,38686.6,38142.69,38675.0
2026-08-03 00:00:00,38676.55,38820.86,38551.98,38653.85
2026-08-03 04:00:00,38654.51,38794.56,38496.57,38695.42
2026-08-03 08:00:00,38696.1,38727.56,37970.37,38121.85
2026-08-03 12:00:00,38121.88,38382.37,37751.67,37894.85
2026-08-03 16:00:00,37894.83,38312.26,37868.4,38306.37
2026-08-03 20:00:00,38307.52,38418.78,37302.89,37309.5
2026-08-04 00:00:00,37309.19,37520.14,36284.29,36319.46
2026-08-04 04:00:00,36319.2,36796.09,36274.14,36794.62
2026-08-04 08:00:00,36794.86,37167.15,36790.54,37111.76
2026-08-04 12:00:00,37111.73,37657.95,37102.08,37505.29
2026-08-04 16:00:00,37504.35,37824.96,37501.49,37605.07
2026-08-04 20:00:00,37605.18,38118.79,37597.46,37838.68
2026-08-05 00:00:00,37838.99,38077.02,37450.73,38040.62
2026-08-05 04:00:00,38041.78,38226.0,37897.73,38127.83
2026-08-05 08:00:00,38128.11,38503.71,38127.66,38237.17
2026-08-05 12:00:00,38238.15,38575.78,38236.79,38540.96
2026-08-05 16:00:00,38540.95,38731.8,38348.9,38708.98
2026-08-05 20:00:00,38708.06,38826.91,38238.0,38294.31
2026-08-06 00:00:00,38294.71,38391.82,37910.23,38001.37
2026-08-06 04:00:00,38001.35,38121.81,37323.85,37484.29
2026-08-06 08:00:00,37485.32,37534.32,37076.39,37297.78
2026-08-06 12:00:00,37298.6,37357.63,37039.8,37249.1
2026-08-06 16:00:00,37248.69,37797.9,37248.69,37749.39
2026-08-06 20:00:00,37749.61,37892.02,37486.73,37643.64
2026-08-07 00:00:00,37643.19,37743.75,37064.07,37416.8
2026-08-07 04:00:00,37416.94,37538.32,37227.71,37354.13
2026-08-07 08:00:00,37354.49,37476.47,36965.66,37471.83
2026-08-07 12:00:00,37471.83,37906.15,37470.71,37815.39
2026-08-07 16:00:00,37816.28,38476.13,37814.94,38476.13
2026-08-07 20:00:00,38476.96,38628.76,38069.96,38411.52
2026-08-08 00:00:00,38411.44,38793.05,38380.84,38634.01
2026-08-08 04:00:00,38633.79,38840.81,38106.72,38167.97
2026-08-08 08:00:00,38168.03,38442.89,38147.8,38357.42
2026-08-08 12:00:00,38356.99,38418.25,37635.39,37662.34
2026-08-08 16:00:00,37662.42,37784.08,37349.7,37400.68
2026-08-08 20:00:00,37400.2,37417.09,37101.26,37102.28
2026-08-09 00:00:00,37103.25,37425.88,37020.9,37335.72
2026-08-09 04:00:00,37335.22,37505.93,37113.23,37355.62
2026-08-09 08:00:00,37356.83,37799.95,37343.84,37793.02
2026-08-09 12:00:00,37792.65,37994.81,37368.9,37757.38
2026-08-09 16:00:00,37757.48,38180.84,37748.47,38145.76
2026-08-09 20:00:00,38145.96,38384.0,38099.52,38239.64
2026-08-10 00:00:00,38239.71,38387.17,38016.07,38034.58
2026-08-10 04:00:00,38035.81,38822.76,38029.15,38822.54
2026-08-10 08:00:00,38822.3,39441.03,38821.3,39279.69
2026-08-10 12:00:00,39278.89,39458.91,38888.53,38984.19
2026-08-10 16:00:00,38983.14,39056.55,38759.08,38871.6
2026-08-10 20:00:00,38870.33,38994.87,38307.24,38462.43
2026-08-11 00:00:00,38462.82,38478.19,37932.23,38284.21
2026-08-11 04:00:00,38284.56,38807.0,38271.81,38658.41
2026-08-11 08:00:00,38658.9,38910.34,38509.4,38910.34
2026-08-11 12:00:00,38910.02,39375.79,38789.0,39333.69
2026-08-11 16:00:00,39333.23,39662.98,39333.23,39640.96
2026-08-11 20:00:00,39640.68,39982.47,39601.96,39865.58
2026-08-12 00:00:00,39866.75,39946.02,38823.06,38905.17
2026-08-12 04:00:00,38904.73,38954.35,38485.43,38531.44
2026-08-12 08:00:00,38532.03,38832.4,38379.66,38432.72
2026-08-12 12:00:00,38433.1,38619.44,38255.72,38308.95
2026-08-12 16:00:00,38309.59,38613.26,38185.44,38324.11
2026-08-12 20:00:00,38325.7,38415.22,37812.83,37833.61
2026-08-13 00:00:00,37831.85,37919.3,37262.9,37521.26
2026-08-13 04:00:00,37521.71,37550.07,36623.48,36676.61
2026-08-13 08:00:00,36676.79,36990.74,36612.13,36802.69
2026-08-13 12:00:00,36802.62,37183.08,36797.54,37182.22
2026-08-13 16:00:00,37182.25,37578.87,37081.49,37190.1
2026-08-13 20:00:00,37190.52,37453.95,36944.76,36989.53
2026-08-14 00:00:00,36988.94,37038.31,36743.62,36876.22
2026-08-14 04:00:00,36876.29,37147.14,36301.65,36318.62
2026-08-14 08:00:00,36319.27,36821.53,36214.1,36717.91
2026-08-14 12:00:00,36719.25,37007.86,36674.25,36941.54
2026-08-14 16:00:00,36940.91,37070.97,36377.02,36512.81
2026-08-14 20:00:00,36512.52,36778.17,36409.78,36527.4
2026-08-15 00:00:00,36527.01,36606.99,36276.84,36518.64
2026-08-15 04:00:00,36518.63,36742.34,36268.8,36467.84
2026-08-15 08:00:00,36468.1,36613.19,36364.12,36408.1
2026-08-15 12:00:00,36408.72,36784.17,36395.52,36497.41
2026-08-15 16:00:00,36497.68,36777.22,36455.05,36764.0
2026-08-15 20:00:00,36763.85,37188.53,36760.54,36978.79
2026-08-16 00:00:00,36978.85,37141.05,36596.3,36954.6
2026-08-16 04:00:00,36953.4,37168.17,36478.66,36555.37
2026-08-16 08:00:00,36555.79,36559.0,36167.38,36362.84
2026-08-16 12:00:00,36362.39,36542.96,36129.22,36515.21
2026-08-16 16:00:00,36514.61,36829.59,36512.74,36710.36
2026-08-16 20:00:00,36710.37,37115.75,36708.96,36984.28
2026-08-17 00:00:00,36984.66,37403.35,36980.59,37402.79
2026-08-17 04:00:00,37404.93,37704.31,37326.55,37546.16
2026-08-17 08:00:00,37546.4,37738.78,37310.42,37324.35
2026-08-17 12:00:00,37323.89,37410.9,36580.73,36634.73
2026-08-17 16:00:00,36634.15,37290.5,36630.7,37274.28
2026-08-17 20:00:00,37273.74,37469.53,36842.43,36856.55
2026-08-18 00:00:00,36856.2,37215.8,36814.65,37215.42
2026-08-18 04:00:00,37215.85,37613.44,37212.76,37251.13
2026-08-18 08:00:00,37251.44,37277.38,36670.45,37051.26
2026-08-18 12:00:00,37050.84,37244.58,36136.1,36142.26
2026-08-18 16:00:00,36141.74,36623.72,35992.45,36623.15
2026-08-18 20:00:00,36622.65,36735.17,35985.75,36007.35
2026-08-19 00:00:00,36007.59,36149.67,35936.91,35974.5
2026-08-19 04:00:00,35973.88,36394.44,35930.22,36355.64
2026-08-19 08:00:00,36356.11,36371.49,36086.34,36162.94
2026-08-19 12:00:00,36163.73,36416.18,36151.41,36180.48
2026-08-19 16:00:00,36178.39,36580.73,36067.97,36173.02
2026-08-19 20:00:00,36173.89,36252.45,35034.12,35050.26
2026-08-20 00:00:00,35050.06,35088.92,34744.61,34946.8
2026-08-20 04:00:00,34946.8,35207.27,34945.6,35205.63
2026-08-20 08:00:00,35204.29,35276.09,34580.1,34653.53
2026-08-20 12:00:00,34652.84,34653.06,34142.45,34202.14
2026-08-20 16:00:00,34203.42,34765.7,34203.42,34704.06
2026-08-20 20:00:00,34704.24,34892.61,33974.77,34059.33
2026-08-21 00:00:00,34059.48,34134.76,33723.17,33788.07
2026-08-21 04:00:00,33787.93,34260.95,33736.72,34260.6
2026-08-21 08:00:00,34261.18,34589.21,34255.49,34546.23
2026-08-21 12:00:00,34546.62,34943.83,34531.93,34810.82
2026-08-21 16:00:00,34809.47,34879.13,34249.59,34496.22
2026-08-21 20:00:00,34495.96,34780.74,34492.02,34620.87
2026-08-22 00:00:00,34621.17,34670.08,33985.41,34062.11
2026-08-22 04:00:00,34061.84,34502.69,34061.24,34502.44
2026-08-22 08:00:00,34501.82,35103.19,34489.9,35101.26
2026-08-22 12:00:00,35100.54,35224.51,34886.03,35159.4
2026-08-22 16:00:00,35160.42,35482.49,35053.21,35369.89
2026-08-22 20:00:00,35370.65,35500.77,35236.7,35414.23
2026-08-23 00:00:00,35414.98,35457.44,34441.94,34603.88
2026-08-23 04:00:00,34604.3,34625.97,34220.39,34608.01
2026-08-23 08:00:00,34608.1,34641.64,34218.51,34333.46
2026-08-23 12:00:00,34333.18,34637.08,34192.84,34334.64
2026-08-23 16:00:00,34335.35,34465.95,33819.21,33884.73
2026-08-23 20:00:00,33885.7,33934.94,33537.24,33924.24
2026-08-24 00:00:00,33923.58,34168.72,33844.44,33852.85
2026-08-24 04:00:00,33853.79,34070.37,33816.27,34011.41
2026-08-24 08:00:00,34011.54,34223.76,33855.95,34217.52
2026-08-24 12:00:00,34216.68,34480.72,34152.41,34248.73
2026-08-24 16:00:00,34247.99,34443.96,33782.11,33785.4
2026-08-24 20:00:00,33784.5,33907.33,33573.89,33777.68
2026-08-25 00:00:00,33778.19,34141.64,33770.94,33969.6
2026-08-25 04:00:00,33969.35,34397.15,33962.43,34215.87
2026-08-25 08:00:00,34216.01,34499.53,34210.45,34480.12
2026-08-25 12:00:00,34479.86,34703.37,34372.4,34702.07
2026-08-25 16:00:00,34702.16,34906.05,34375.2,34889.62
2026-08-25 20:00:00,34889.32,35310.71,34884.99,35309.66
2026-08-26 00:00:00,35309.6,35332.94,34885.0,34885.14
2026-08-26 04:00:00,34885.67,34934.47,34229.16,34573.69
2026-08-26 08:00:00,34573.99,34786.66,34565.04,34656.63
2026-08-26 12:00:00,34656.25,35269.59,34652.39,34882.24
2026-08-26 16:00:00,34883.49,34921.65,34371.78,34395.53
2026-08-26 20:00:00,34396.83,35027.76,34396.32,34889.46
2026-08-27 00:00:00,34889.4,35414.3,34885.24,35389.6
2026-08-27 04:00:00,35389.61,35657.14,35281.09,35655.84
2026-08-27 08:00:00,35657.14,35999.23,35652.62,35930.77
2026-08-27 12:00:00,35930.63,36310.55,35755.15,36307.92
2026-08-27 16:00:00,36308.75,36373.31,35676.64,35774.7
2026-08-27 20:00:00,35775.59,35891.84,35437.8,35510.38
2026-08-28 00:00:00,35511.16,36088.64,35510.91,35944.01
2026-08-28 04:00:00,35943.94,36364.54,35937.67,36364.1
2026-08-28 08:00:00,36363.88,36506.33,35955.73,36155.39
2026-08-28 12:00:00,36154.32,36556.55,36074.92,36554.0
2026-08-28 16:00:00,36553.15,36573.62,35784.86,35800.49
2026-08-28 20:00:00,35799.98,36180.54,35785.74,36055.59
2026-08-29 00:00:00,36056.8,36301.26,36031.28,36162.26
2026-08-29 04:00:00,36162.46,36591.58,36158.25,36571.81
2026-08-29 08:00:00,36572.07,36745.11,36390.45,36676.91
2026-08-29 12:00:00,36676.84,36778.51,36417.29,36766.71
2026-08-29 16:00:00,36766.92,37311.77,36763.31,37308.01
2026-08-29 20:00:00,37308.46,37769.93,37306.24,37757.64
2026-08-30 00:00:00,37756.58,37815.9,37370.7,37542.96
2026-08-30 04:00:00,37542.29,37647.95,36729.09,36925.33
2026-08-30 08:00:00,36924.8,36969.08,36671.79,36931.15
2026-08-30 12:00:00,36930.55,37360.92,36881.46,36886.1
2026-08-30 16:00:00,36886.77,37209.62,36724.43,37156.04
2026-08-30 20:00:00,37155.68,37244.36,36914.11,37191.68
2026-08-31 00:00:00,37191.79,37258.12,36955.32,37097.06
2026-08-31 04:00:00,37096.6,37356.04,36933.85,37343.31
2026-08-31 08:00:00,37342.41,37572.93,37335.63,37466.13
2026-08-31 12:00:00,37465.43,37744.18,37390.05,37730.19
2026-08-31 16:00:00,37730.28,37752.22,37093.09,37399.63
2026-08-31 20:00:00,37399.23,37647.79,37263.26,37479.9
2026-09-01 00:00:00,37480.62,37820.63,37286.32,37819.26
2026-09-01 04:00:00,37818.24,37926.38,37521.48,37594.33
2026-09-01 08:00:00,37594.46,38359.07,37588.38,38354.96
2026-09-01 12:00:00,38355.45,38608.61,38265.54,38603.08
2026-09-01 16:00:00,38603.5,38762.68,38210.31,38287.39
2026-09-01 20:00:00,38287.74,38415.89,38109.76,38381.63
2026-09-02 00:00:00,38381.32,38483.49,37651.73,37682.28
2026-09-02 04:00:00,37682.43,37955.99,37561.99,37928.98
2026-09-02 08:00:00,37929.0,38294.25,37914.64,38284.73
2026-09-02 12:00:00,38284.74,38440.24,37982.16,38435.67
2026-09-02 16:00:00,38435.99,38521.79,37533.95,37533.95
2026-09-02 20:00:00,37533.83,37865.57,37523.97,37601.38
2026-09-03 00:00:00,37602.03,37765.15,37278.21,37762.56
2026-09-03 04:00:00,37762.63,38159.35,37762.63,37989.9
2026-09-03 08:00:00,37989.99,37989.99,37405.75,37672.94
2026-09-03 12:00:00,37673.14,38070.72,37639.39,38069.34
2026-09-03 16:00:00,38069.36,38089.32,37432.71,37683.5
2026-09-03 20:00:00,37683.09,37828.55,37476.4,37756.57
2026-09-04 00:00:00,37757.12,38081.76,37441.87,37443.14
2026-09-04 04:00:00,37441.78,37518.7,37255.53,37465.66
2026-09-04 08:00:00,37465.4,37859.28,37462.85,37770.07
2026-09-04 12:00:00,37769.59,37790.98,37165.87,37203.62
2026-09-04 16:00:00,37204.28,37479.21,36814.61,36869.26
2026-09-04 20:00:00,36869.48,36939.13,36659.16,36805.13
2026-09-05 00:00:00,36804.26,37071.07,36767.83,37068.25
2026-09-05 04:00:00,37068.21,37081.82,36522.93,37043.57
2026-09-05 08:00:00,37043.09,37455.65,37042.34,37223.94
2026-09-05 12:00:00,37224.47,37606.15,37209.42,37343.87
2026-09-05 16:00:00,37344.73,37500.75,37031.49,37486.07
2026-09-05 20:00:00,37485.9,37640.87,37232.91,37607.75
2026-09-06 00:00:00,37609.16,38082.37,37550.0,38080.05
2026-09-06 04:00:00,38079.08,38089.39,37242.19,37264.38
2026-09-06 08:00:00,37264.43,37613.86,36982.39,37010.18
2026-09-06 12:00:00,37010.49,37487.62,37008.58,37466.74
2026-09-06 16:00:00,37466.85,37518.4,37243.78,37367.03
2026-09-06 20:00:00,37366.72,37610.35,37366.63,37541.96
2026-09-07 00:00:00,37542.6,37687.48,37289.88,37376.05
2026-09-07 04:00:00,37376.23,37613.82,37214.0,37605.42
2026-09-07 08:00:00,37605.45,37630.16,37173.93,37408.88
2026-09-07 12:00:00,37409.52,37704.04,37401.63,37608.88
2026-09-07 16:00:00,37608.24,37700.2,37424.18,37592.91
2026-09-07 20:00:00,37592.76,37978.36,37555.71,37808.95
2026-09-08 00:00:00,37808.8,38025.41,37780.23,38002.41
2026-09-08 04:00:00,38002.32,38838.93,37973.55,38836.79
2026-09-08 08:00:00,38836.93,38896.26,38660.53,38729.21
2026-09-08 12:00:00,38728.53,39228.42,38651.45,39202.67
2026-09-08 16:00:00,39202.73,39498.78,39066.92,39329.4
2026-09-08 20:00:00,39330.82,39819.82,39321.31,39805.39
2026-09-09 00:00:00,39804.66,40035.5,39320.69,39357.82
2026-09-09 04:00:00,39358.67,39462.42,38861.65,39093.74
2026-09-09 08:00:00,39094.43,39335.95,38922.27,39179.58
2026-09-09 12:00:00,39178.71,39631.69,39162.58,39367.13
2026-09-09 16:00:00,39367.24,40046.51,39365.49,39914.91
2026-09-09 20:00:00,39914.13,40000.23,39761.23,39997.1
2026-09-10 00:00:00,39996.89,40422.25,39933.95,39993.09
2026-09-10 04:00:00,39993.34,40351.49,39826.16,39922.92
2026-09-10 08:00:00,39921.81,40288.55,39840.1,40278.88
2026-09-10 12:00:00,40279.27,40462.44,40161.71,40256.56
2026-09-10 16:00:00,40256.39,40802.99,40255.76,40794.67
2026-09-10 20:00:00,40795.75,41049.51,40666.26,41021.8
2026-09-11 00:00:00,41020.59,41493.69,40934.37,41487.61
2026-09-11 04:00:00,41488.4,41993.26,41441.19,41991.89
2026-09-11 08:00:00,41991.21,42021.77,41487.37,41547.04
2026-09-11 12:00:00,41547.56,41696.67,41395.11,41433.0
2026-09-11 16:00:00,41433.53,41576.08,41096.03,41124.99
2026-09-11 20:00:00,41124.77,41741.03,41123.55,41738.09
2026-09-12 00:00:00,41737.5,41933.71,41574.47,41612.69
2026-09-12 04:00:00,41613.64,41882.69,41494.73,41853.68
2026-09-12 08:00:00,41855.01,42289.53,41838.22,42263.04
2026-09-12 12:00:00,42262.14,42569.72,42215.84,42566.05
2026-09-12 16:00:00,42564.5,42755.44,42423.26,42606.52
2026-09-12 20:00:00,42606.84,42732.93,42237.35,42406.34
2026-09-13 00:00:00,42406.49,43029.01,42406.49,43021.46
2026-09-13 04:00:00,43020.27,43258.24,42930.49,43195.11
2026-09-13 08:00:00,43194.7,43483.43,43108.24,43146.14
2026-09-13 12:00:00,43147.01,43180.74,41913.44,42039.24
2026-09-13 16:00:00,42039.45,42327.9,42028.26,42184.04
2026-09-13 20:00:00,42184.47,42657.69,42183.34,42461.72
2026-09-14 00:00:00,42461.04,42848.75,42458.39,42713.72
2026-09-14 04:00:00,42713.9,42861.23,42422.65,42847.0
2026-09-14 08:00:00,42846.49,43599.03,42845.78,43594.77
2026-09-14 12:00:00,43595.79,43617.03,43074.33,43436.18
2026-09-14 16:00:00,43437.56,43572.33,42751.55,42755.65
2026-09-14 20:00:00,42755.58,42791.93,42238.76,42542.39
2026-09-15 00:00:00,42542.15,42735.46,42373.57,42702.47
2026-09-15 04:00:00,42703.44,42741.32,42423.46,42466.07
2026-09-15 08:00:00,42465.24,42503.71,41861.93,42046.13
2026-09-15 12:00:00,42047.05,42318.14,41685.53,42039.95
2026-09-15 16:00:00,42038.97,42211.49,41344.13,41566.48
2026-09-15 20:00:00,41567.06,41889.37,41166.36,41200.18
2026-09-16 00:00:00,41199.18,41583.15,41166.95,41470.24
2026-09-16 04:00:00,41469.75,41851.75,41324.74,41847.87
2026-09-16 08:00:00,41848.57,42248.23,41682.19,41890.05
2026-09-16 12:00:00,41889.55,42213.97,41884.14,42199.8
2026-09-16 16:00:00,42201.07,42851.65,42104.31,42696.14
2026-09-16 20:00:00,42696.12,43162.38,42661.76,42667.57
2026-09-17 00:00:00,42668.41,42891.59,42560.6,42575.05
2026-09-17 04:00:00,42575.65,43000.18,42572.05,43000.18
2026-09-17 08:00:00,43000.51,43386.77,42694.12,42694.12
2026-09-17 12:00:00,42694.21,43131.51,42693.08,42906.09
2026-09-17 16:00:00,42904.68,43013.39,42878.72,43000.93
