timestamp,open,high,low,close
2025-09-16 20:03:00,5630.92,5770.36,5628.82,5743.97
2025-09-17 00:00:00,5743.95,5750.27,5679.92,5695.72
2025-09-17 04:00:00,5695.59,5696.9,5640.15,5658.99
2025-09-17 08:00:00,5659.12,5667.62,5597.39,5610.05
2025-09-17 12:00:00,5610.09,5620.43,5566.47,5608.47
2025-09-17 16:00:00,5608.53,5692.61,5604.61,5633.47
2025-09-17 20:00:00,5633.5,5685.43,5620.89,5627.42
2025-09-18 00:00:00,5627.59,5682.96,5602.82,5677.46
2025-09-18 04:00:00,5677.6,5717.61,5654.49,5665.45
2025-09-18 08:00:00,5665.49,5722.94,5659.68,5722.07
2025-09-18 12:00:00,5722.18,5770.64,5685.86,5759.85
2025-09-18 16:00:00,5759.61,5768.99,5718.85,5765.15
2025-09-18 20:00:00,5764.99,5814.43,5763.87,5781.79
2025-09-19 00:00:00,5781.93,5782.21,5728.9,5729.23
2025-09-19 04:00:00,5729.27,5810.89,5704.32,5788.37
2025-09-19 08:00:00,5788.4,5835.5,5771.52,5782.6
2025-09-19 12:00:00,5782.68,5812.78,5755.56,5771.08
2025-09-19 16:00:00,5771.09,5775.63,5719.58,5733.35
2025-09-19 20:00:00,5733.2,5733.67,5669.12,5695.94
2025-09-20 00:00:00,5695.95,5746.43,5683.12,5736.09
2025-09-20 04:00:00,5736.04,5818.51,5706.67,5808.97
2025-09-20 08:00:00,5808.93,5837.15,5796.37,5832.38
2025-09-20 12:00:00,5832.37,5852.6,5804.93,5805.78
2025-09-20 16:00:00,5805.6,5808.88,5770.56,5778.49
2025-09-20 20:00:00,5778.45,5779.7,5697.73,5739.15
2025-09-21 00:00:00,5738.92,5776.81,5708.9,5768.17
2025-09-21 04:00:00,5768.01,5791.33,5736.55,5786.17
2025-09-21 08:00:00,5786.04,5831.13,5766.29,5792.16
2025-09-21 12:00:00,5792.15,5792.51,5706.03,5729.45
2025-09-21 16:00:00,5729.36,5792.85,5715.65,5783.24
2025-09-21 20:00:00,5783.27,5859.13,5757.43,5823.44
2025-09-22 00:00:00,5823.26,5823.51,5735.27,5736.24
2025-09-22 04:00:00,5736.21,5736.96,5678.29,5678.7
2025-09-22 08:00:00,5678.77,5729.12,5642.1,5703.09
2025-09-22 12:00:00,5703.11,5790.02,5693.75,5786.02
2025-09-22 16:00:00,5785.82,5836.99,5757.75,5816.48
2025-09-22 20:00:00,5816.5,5840.56,5781.59,5782.89
2025-09-23 00:00:00,5782.94,5816.01,5711.76,5800.68
2025-09-23 04:00:00,5800.78,5803.76,5728.52,5729.4
2025-09-23 08:00:00,5729.44,5755.63,5696.43,5709.06
2025-09-23 12:00:00,5709.08,5752.67,5668.1,5708.47
2025-09-23 16:00:00,5708.45,5740.91,5666.11,5718.04
2025-09-23 20:00:00,5718.02,5718.26,5680.53,5680.94
2025-09-24 00:00:00,5680.88,5743.45,5668.29,5668.94
2025-09-24 04:00:00,5668.76,5704.05,5656.03,5665.84
2025-09-24 08:00:00,5665.97,5791.9,5633.65,5781.16
2025-09-24 12:00:00,5781.2,5871.19,5769.77,5864.8
2025-09-24 16:00:00,5864.89,5979.57,5850.0,5933.27
2025-09-24 20:00:00,5933.25,6030.11,5927.31,6003.73
2025-09-25 00:00:00,6003.6,6086.62,6002.85,6033.51
2025-09-25 04:00:00,6033.52,6087.08,6015.91,6028.42
2025-09-25 08:00:00,6028.43,6057.1,5964.18,5965.86
2025-09-25 12:00:00,5965.84,6025.37,5954.86,6011.08
2025-09-25 16:00:00,6011.24,6110.27,6000.52,6072.32
2025-09-25 20:00:00,6072.34,6092.53,6057.74,6067.24
2025-09-26 00:00:00,6067.25,6068.16,5986.21,6037.45
2025-09-26 04:00:00,6037.34,6108.08,5999.87,6082.69
2025-09-26 08:00:00,6082.71,6083.14,6017.94,6039.26
2025-09-26 12:00:00,6039.39,6039.52,5937.53,5945.76
2025-09-26 16:00:00,5945.74,5958.1,5910.96,5939.35
2025-09-26 20:00:00,5939.37,5940.16,5860.9,5910.21
2025-09-27 00:00:00,5910.24,5959.07,5863.53,5911.96
2025-09-27 04:00:00,5911.81,5998.84,5899.57,5967.74
2025-09-27 08:00:00,5967.74,5978.72,5926.19,5956.25
2025-09-27 12:00:00,5956.36,5975.09,5914.63,5914.94
2025-09-27 16:00:00,5914.82,5934.53,5884.68,5933.46
2025-09-27 20:00:00,5933.45,5958.07,5869.96,5893.37
2025-09-28 00:00:00,5893.31,5893.73,5821.79,5827.0
2025-09-28 04:00:00,5826.89,5840.89,5785.27,5785.48
2025-09-28 08:00:00,5785.65,5813.56,5753.37,5785.13
2025-09-28 12:00:00,5785.24,5785.38,5707.27,5715.65
2025-09-28 16:00:00,5715.61,5824.58,5713.74,5802.77
2025-09-28 20:00:00,5802.83,5803.26,5758.83,5789.56
2025-09-29 00:00:00,5789.71,5805.96,5732.41,5794.81
2025-09-29 04:00:00,5794.78,5839.24,5779.35,5837.34
2025-09-29 08:00:00,5837.3,5893.3,5790.42,5878.63
2025-09-29 12:00:00,5878.72,5899.7,5846.67,5850.45
2025-09-29 16:00:00,5850.45,5865.57,5818.86,5828.15
2025-09-29 20:00:00,5828.06,5828.38,5756.06,5757.01
2025-09-30 00:00:00,5756.8,5831.37,5745.44,5830.76
2025-09-30 04:00:00,5830.7,5935.9,5775.04,5917.4
2025-09-30 08:00:00,5917.39,5952.2,5862.94,5865.02
2025-09-30 12:00:00,5864.95,5937.64,5861.68,5895.03
2025-09-30 16:00:00,5894.97,5937.58,5857.89,5926.48
2025-09-30 20:00:00,5926.52,5974.92,5915.81,5917.57
2025-10-01 00:00:00,5917.48,5976.31,5869.25,5869.25
2025-10-01 04:00:00,5869.25,5878.25,5808.21,5823.26
2025-10-01 08:00:00,5823.21,5830.75,5799.77,5816.67
2025-10-01 12:00:00,5816.56,5912.35,5808.08,5835.66
2025-10-01 16:00:00,5835.56,5835.58,5769.79,5804.55
2025-10-01 20:00:00,5804.57,5846.86,5764.21,5775.13
2025-10-02 00:00:00,5775.1,5842.97,5757.68,5790.48
2025-10-02 04:00:00,5790.39,5797.67,5754.52,5788.91
2025-10-02 08:00:00,5788.96,5788.96,5722.12,5723.9
2025-10-02 12:00:00,5723.98,5724.23,5670.13,5681.52
2025-10-02 16:00:00,5681.43,5682.03,5618.81,5638.42
2025-10-02 20:00:00,5638.44,5639.22,5544.53,5560.43
2025-10-03 00:00:00,5560.48,5560.8,5503.85,5515.91
2025-10-03 04:00:00,5515.78,5528.81,5449.88,5453.03
2025-10-03 08:00:00,5453.0,5483.05,5442.62,5454.83
2025-10-03 12:00:00,5455.04,5470.84,5426.16,5466.94
2025-10-03 16:00:00,5467.11,5569.1,5457.41,5543.6
2025-10-03 20:00:00,5543.58,5639.58,5517.08,5624.04
2025-10-04 00:00:00,5623.94,5646.91,5584.18,5623.03
2025-10-04 04:00:00,5622.95,5753.26,5620.12,5704.37
2025-10-04 08:00:00,5704.38,5755.67,5686.69,5686.74
2025-10-04 12:00:00,5686.77,5703.15,5653.81,5700.93
2025-10-04 16:00:00,5701.0,5724.1,5679.03,5687.2
2025-10-04 20:00:00,5687.2,5755.21,5671.97,5720.18
2025-10-05 00:00:00,5720.23,5734.8,5664.22,5673.27
2025-10-05 04:00:00,5673.16,5682.55,5612.46,5612.46
2025-10-05 08:00:00,5612.45,5739.01,5601.38,5671.5
2025-10-05 12:00:00,5671.53,5672.85,5631.34,5647.05
2025-10-05 16:00:00,5647.0,5709.75,5634.39,5634.5
2025-10-05 20:00:00,5634.59,5648.93,5588.61,5629.38
2025-10-06 00:00:00,5629.29,5729.82,5600.84,5666.43
2025-10-06 04:00:00,5666.46,5732.74,5648.97,5725.45
2025-10-06 08:00:00,5725.52,5774.34,5695.88,5748.7
2025-10-06 12:00:00,5748.65,5750.89,5652.99,5679.3
2025-10-06 16:00:00,5679.33,5680.78,5620.09,5621.27
2025-10-06 20:00:00,5621.21,5652.46,5568.93,5647.03
2025-10-07 00:00:00,5646.98,5691.97,5589.85,5685.0
2025-10-07 04:00:00,5684.94,5688.04,5601.63,5601.97
2025-10-07 08:00:00,5601.96,5619.57,5575.39,5612.35
2025-10-07 12:00:00,5612.18,5640.2,5568.85,5632.1
2025-10-07 16:00:00,5632.1,5632.82,5569.01,5594.67
2025-10-07 20:00:00,5594.6,5595.53,5547.5,5547.5
2025-10-08 00:00:00,5547.49,5563.08,5507.61,5508.12
2025-10-08 04:00:00,5508.17,5516.45,5480.85,5481.54
2025-10-08 08:00:00,5481.57,5651.25,5473.42,5624.74
2025-10-08 12:00:00,5624.75,5640.4,5592.48,5620.15
2025-10-08 16:00:00,5620.17,5715.07,5609.58,5690.84
2025-10-08 20:00:00,5690.91,5770.58,5665.0,5770.14
2025-10-09 00:00:00,5770.14,5822.18,5755.88,5757.3
2025-10-09 04:00:00,5757.32,5847.11,5756.47,5825.81
2025-10-09 08:00:00,5825.66,5921.09,5812.89,5912.05
2025-10-09 12:00:00,5911.9,5913.44,5849.74,5850.82
2025-10-09 16:00:00,5850.78,5901.84,5844.3,5872.57
2025-10-09 20:00:00,5872.65,5911.68,5846.04,5909.94
2025-10-10 00:00:00,5909.98,5924.89,5826.54,5840.8
2025-10-10 04:00:00,5840.54,5855.9,5781.35,5816.31
2025-10-10 08:00:00,5816.23,5848.58,5800.05,5826.17
2025-10-10 12:00:00,5826.22,5827.99,5773.41,5774.34
2025-10-10 16:00:00,5774.53,5781.67,5718.89,5773.32
2025-10-10 20:00:00,5773.34,5843.59,5772.94,5797.98
2025-10-11 00:00:00,5798.02,5861.02,5789.31,5808.34
2025-10-11 04:00:00,5808.31,5824.92,5785.16,5806.3
2025-10-11 08:00:00,5806.5,5840.21,5785.22,5810.0
2025-10-11 12:00:00,5810.18,5900.09,5786.33,5896.4
2025-10-11 16:00:00,5896.38,5906.57,5836.31,5848.44
2025-10-11 20:00:00,5848.31,5872.25,5791.86,5791.94
2025-10-12 00:00:00,5792.04,5818.11,5752.5,5753.37
2025-10-12 04:00:00,5753.48,5754.46,5684.73,5716.98
2025-10-12 08:00:00,5716.98,5753.88,5702.51,5748.16
2025-10-12 12:00:00,5748.01,5774.74,5660.84,5768.48
2025-10-12 16:00:00,5768.31,5798.69,5754.28,5781.4
2025-10-12 20:00:00,5781.37,5781.37,5708.11,5708.43
2025-10-13 00:00:00,5708.36,5763.63,5700.42,5739.58
2025-10-13 04:00:00,5739.57,5758.19,5684.14,5684.98
2025-10-13 08:00:00,5684.77,5708.69,5617.88,5647.73
2025-10-13 12:00:00,5647.47,5806.86,5616.93,5779.09
2025-10-13 16:00:00,5779.12,5861.01,5748.92,5851.17
2025-10-13 20:00:00,5851.1,5891.06,5818.29,5818.59
2025-10-14 00:00:00,5818.57,5819.76,5758.28,5779.02
2025-10-14 04:00:00,5778.91,5834.51,5766.14,5766.38
2025-10-14 08:00:00,5766.22,5766.27,5706.08,5712.6
2025-10-14 12:00:00,5712.46,5713.07,5644.78,5706.48
2025-10-14 16:00:00,5706.5,5732.54,5670.55,5684.88
2025-10-14 20:00:00,5684.53,5720.24,5621.91,5694.91
2025-10-15 00:00:00,5694.8,5695.54,5655.6,5660.12
2025-10-15 04:00:00,5660.25,5661.85,5603.67,5638.82
2025-10-15 08:00:00,5638.84,5653.29,5602.42,5610.82
2025-10-15 12:00:00,5610.67,5660.67,5593.61,5594.51
2025-10-15 16:00:00,5594.61,5606.41,5570.22,5588.78
2025-10-15 20:00:00,5588.86,5615.47,5549.56,5607.18
2025-10-16 00:00:00,5607.11,5651.26,5588.22,5637.24
2025-10-16 04:00:00,5637.55,5640.83,5571.78,5633.48
2025-10-16 08:00:00,5633.39,5707.18,5627.19,5669.41
2025-10-16 12:00:00,5669.31,5669.38,5567.48,5567.61
2025-10-16 16:00:00,5567.58,5568.16,5491.69,5491.98
2025-10-16 20:00:00,5492.0,5545.94,5464.76,5543.26
2025-10-17 00:00:00,5543.21,5543.97,5509.61,5542.1
2025-10-17 04:00:00,5551.71,5572.82,5521.35,5521.47
2025-10-17 08:00:00,5521.31,5539.93,5491.27,5536.52
2025-10-17 12:00:00,5536.39,5567.59,5523.0,5540.18
2025-10-17 16:00:00,5540.3,5659.75,5528.34,5651.02
2025-10-17 20:00:00,5651.03,5680.86,5635.58,5639.66
2025-10-18 00:00:00,5639.94,5678.23,5604.9,5605.22
2025-10-18 04:00:00,5605.27,5667.43,5587.14,5604.08
2025-10-18 08:00:00,5603.98,5737.76,5588.55,5733.39
2025-10-18 12:00:00,5733.2,5859.85,5727.17,5857.29
2025-10-18 16:00:00,5857.2,5895.85,5836.82,5862.15
2025-10-18 20:00:00,5862.04,5920.21,5832.24,5906.58
2025-10-19 00:00:00,5906.55,5937.56,5873.89,5881.26
2025-10-19 04:00:00,5881.19,5911.58,5853.67,5902.54
2025-10-19 08:00:00,5902.6,5902.77,5828.27,5848.4
2025-10-19 12:00:00,5848.42,5851.24,5744.42,5749.72
2025-10-19 16:00:00,5749.84,5763.59,5698.64,5712.52
2025-10-19 20:00:00,5712.58,5792.6,5698.7,5747.62
2025-10-20 00:00:00,5747.59,5779.16,5695.96,5753.86
2025-10-20 04:00:00,5753.87,5824.72,5731.5,5785.61
2025-10-20 08:00:00,5785.55,5800.47,5731.04,5787.59
2025-10-20 12:00:00,5787.6,5816.97,5761.06,5799.75
2025-10-20 16:00:00,5799.71,5851.1,5749.97,5847.6
2025-10-20 20:00:00,5847.55,5857.46,5769.13,5778.48
2025-10-21 00:00:00,5778.44,5789.44,5717.47,5759.78
2025-10-21 04:00:00,5759.85,5873.44,5734.57,5839.26
2025-10-21 08:00:00,5839.12,5856.04,5811.43,5835.45
2025-10-21 12:00:00,5835.48,5835.68,5779.51,5805.32
2025-10-21 16:00:00,5805.38,5840.25,5792.84,5796.98
2025-10-21 20:00:00,5797.04,5797.97,5749.2,5751.95
2025-10-22 00:00:00,5751.95,5779.87,5709.83,5762.34
2025-10-22 04:00:00,5762.31,5787.64,5732.6,5737.73
2025-10-22 08:00:00,5737.71,5747.18,5695.99,5706.98
2025-10-22 12:00:00,5707.11,5734.52,5667.33,5668.74
2025-10-22 16:00:00,5668.59,5687.22,5591.17,5619.88
2025-10-22 20:00:00,5619.78,5681.72,5604.29,5608.65
2025-10-23 00:00:00,5608.51,5622.11,5565.09,5565.13
2025-10-23 04:00:00,5565.06,5622.15,5560.09,5593.82
2025-10-23 08:00:00,5593.91,5600.82,5549.81,5585.97
2025-10-23 12:00:00,5585.83,5601.72,5539.91,5539.93
2025-10-23 16:00:00,5539.92,5547.19,5486.11,5502.21
2025-10-23 20:00:00,5502.13,5514.51,5484.02,5488.22
2025-10-24 00:00:00,5488.1,5489.33,5440.54,5453.17
2025-10-24 04:00:00,5453.2,5453.54,5371.37,5379.03
2025-10-24 08:00:00,5379.13,5460.0,5359.71,5451.38
2025-10-24 12:00:00,5451.39,5494.62,5416.73,5491.64
2025-10-24 16:00:00,5491.8,5507.93,5467.83,5474.57
2025-10-24 20:00:00,5474.55,5496.21,5442.31,5457.62
2025-10-25 00:00:00,5457.67,5467.93,5389.08,5418.51
2025-10-25 04:00:00,5418.49,5419.03,5350.87,5381.99
2025-10-25 08:00:00,5382.0,5388.94,5326.72,5369.05
2025-10-25 12:00:00,5369.11,5379.36,5337.27,5352.17
2025-10-25 16:00:00,5352.19,5447.41,5348.14,5427.16
2025-10-25 20:00:00,5427.16,5448.25,5390.61,5407.44
2025-10-26 00:00:00,5407.42,5543.56,5400.13,5541.83
2025-10-26 04:00:00,5538.34,5595.83,5512.85,5592.58
2025-10-26 08:00:00,5592.68,5645.77,5567.33,5625.06
2025-10-26 12:00:00,5625.09,5627.92,5567.94,5568.15
2025-10-26 16:00:00,5568.15,5639.5,5567.9,5583.99
2025-10-26 20:00:00,5584.13,5584.42,5509.01,5509.18
2025-10-27 00:00:00,5509.36,5556.13,5492.46,5527.96
2025-10-27 04:00:00,5527.88,5531.43,5495.79,5525.85
2025-10-27 08:00:00,5526.02,5594.59,5504.98,5594.22
2025-10-27 12:00:00,5594.19,5656.84,5536.83,5656.38
2025-10-27 16:00:00,5656.5,5686.76,5614.01,5614.79
2025-10-27 20:00:00,5614.77,5618.24,5545.56,5549.28
2025-10-28 00:00:00,5549.32,5551.7,5468.34,5490.76
2025-10-28 04:00:00,5490.63,5539.56,5478.23,5488.38
2025-10-28 08:00:00,5488.53,5648.31,5444.34,5644.53
2025-10-28 12:00:00,5644.51,5645.43,5565.12,5565.8
2025-10-28 16:00:00,5565.82,5576.49,5537.1,5537.87
2025-10-28 20:00:00,5537.86,5569.48,5518.15,5565.98
2025-10-29 00:00:00,5565.9,5643.37,5554.89,5596.37
2025-10-29 04:00:00,5596.55,5662.91,5576.05,5654.12
2025-10-29 08:00:00,5654.06,5696.32,5629.11,5676.36
2025-10-29 12:00:00,5676.28,5703.78,5645.26,5645.78
2025-10-29 16:00:00,5645.66,5645.84,5569.83,5569.83
2025-10-29 20:00:00,5569.61,5593.0,5544.93,5580.54
2025-10-30 00:00:00,5580.58,5654.41,5575.71,5618.8
2025-10-30 04:00:00,5618.94,5677.89,5609.95,5618.52
2025-10-30 08:00:00,5618.61,5621.1,5581.73,5581.73
2025-10-30 12:00:00,5581.63,5666.83,5514.58,5649.22
2025-10-30 16:00:00,5649.33,5649.47,5576.32,5579.02
2025-10-30 20:00:00,5579.08,5579.22,5490.36,5492.29
2025-10-31 00:00:00,5492.34,5525.69,5471.29,5518.07
2025-10-31 04:00:00,5518.07,5518.53,5487.39,5491.02
2025-10-31 08:00:00,5491.09,5493.18,5447.14,5448.15
2025-10-31 12:00:00,5448.22,5495.77,5431.55,5490.95
2025-10-31 16:00:00,5491.06,5511.16,5413.7,5414.87
2025-10-31 20:00:00,5414.86,5428.86,5358.89,5360.11
2025-11-01 00:00:00,5360.03,5361.77,5301.55,5301.62
2025-11-01 04:00:00,5301.62,5338.23,5287.37,5293.3
2025-11-01 08:00:00,5293.3,5320.98,5259.01,5259.74
2025-11-01 12:00:00,5259.64,5275.77,5172.02,5172.48
2025-11-01 16:00:00,5172.42,5172.42,5101.07,5102.11
2025-11-01 20:00:00,5106.33,5106.89,5025.24,5038.69
2025-11-02 00:00:00,5038.64,5056.68,4979.51,4979.51
2025-11-02 04:00:00,4979.52,4981.01,4929.9,4953.6
2025-11-02 08:00:00,4953.47,5009.49,4938.42,5004.04
2025-11-02 12:00:00,5004.22,5103.54,4996.35,5101.69
2025-11-02 16:00:00,5101.68,5151.67,5082.71,5106.9
2025-11-02 20:00:00,5107.0,5131.97,5089.8,5117.13
2025-11-03 00:00:00,5117.1,5171.83,5113.72,5116.75
2025-11-03 04:00:00,5116.85,5138.72,5082.15,5127.91
2025-11-03 08:00:00,5127.94,5129.75,5077.52,5097.01
2025-11-03 12:00:00,5096.94,5142.11,5088.9,5096.55
2025-11-03 16:00:00,5096.59,5176.98,5088.9,5150.23
2025-11-03 20:00:00,5150.09,5161.15,5121.87,5125.82
2025-11-04 00:00:00,5125.93,5128.15,5071.29,5071.68
2025-11-04 04:00:00,5071.66,5100.14,5061.14,5084.85
2025-11-04 08:00:00,5084.9,5144.81,5081.89,5137.41
2025-11-04 12:00:00,5137.5,5137.58,5066.31,5066.43
2025-11-04 16:00:00,5066.4,5073.63,5035.33,5057.21
2025-11-04 20:00:00,5057.13,5071.24,5025.25,5042.87
2025-11-05 00:00:00,5042.72,5159.48,5017.68,5152.21
2025-11-05 04:00:00,5152.07,5155.11,5094.21,5105.81
2025-11-05 08:00:00,5105.8,5106.04,5034.18,5056.82
2025-11-05 12:00:00,5056.94,5073.38,5031.08,5069.29
2025-11-05 16:00:00,5069.53,5070.74,5011.57,5032.97
2025-11-05 20:00:00,5032.76,5098.36,5029.37,5034.02
2025-11-06 00:00:00,5034.08,5176.52,5031.4,5176.51
2025-11-06 04:00:00,5176.52,5226.88,5137.25,5178.83
2025-11-06 08:00:00,5178.8,5193.78,5125.88,5161.77
2025-11-06 12:00:00,5161.55,5183.67,5133.73,5179.33
2025-11-06 16:00:00,5179.24,5224.12,5176.7,5176.98
2025-11-06 20:00:00,5176.94,5204.43,5149.3,5183.39
2025-11-07 00:00:00,5183.33,5257.02,5172.88,5228.7
2025-11-07 04:00:00,5228.8,5229.22,5159.81,5160.03
2025-11-07 08:00:00,5160.03,5162.92,5110.37,5125.9
2025-11-07 12:00:00,5126.08,5126.14,5064.01,5099.03
2025-11-07 16:00:00,5098.85,5128.02,5076.58,5083.37
2025-11-07 20:00:00,5083.34,5089.73,5051.07,5086.76
2025-11-08 00:00:00,5086.75,5089.19,5049.97,5067.98
2025-11-08 04:00:00,5068.15,5070.97,5017.31,5031.63
2025-11-08 08:00:00,5031.73,5033.4,4957.9,4959.28
2025-11-08 12:00:00,4959.25,4985.34,4943.87,4979.98
2025-11-08 16:00:00,4979.93,4996.35,4952.39,4954.51
2025-11-08 20:00:00,4954.54,4979.23,4916.95,4977.08
2025-11-09 00:00:00,4977.04,4996.99,4944.76,4987.63
2025-11-09 04:00:00,4987.56,4989.17,4949.02,4960.48
2025-11-09 08:00:00,4960.52,5078.68,4925.85,5063.09
2025-11-09 12:00:00,5063.0,5063.15,5003.14,5017.11
2025-11-09 16:00:00,5016.99,5048.12,5003.88,5044.66
2025-11-09 20:00:00,5044.5,5061.38,5021.48,5039.8
2025-11-10 00:00:00,5039.76,5040.06,4985.34,5014.73
2025-11-10 04:00:00,5014.8,5015.21,4954.87,4957.04
2025-11-10 08:00:00,4957.01,4957.21,4889.23,4912.68
2025-11-10 12:00:00,4912.57,4945.53,4903.34,4910.3
2025-11-10 16:00:00,4910.23,4942.19,4895.38,4917.64
2025-11-10 20:00:00,4917.74,4974.8,4907.18,4947.66
2025-11-11 00:00:00,4947.64,4950.03,4897.4,4906.8
2025-11-11 04:00:00,4906.83,4911.29,4870.3,4877.1
2025-11-11 08:00:00,4877.13,4882.9,4824.13,4860.55
2025-11-11 12:00:00,4860.66,4868.37,4811.29,4811.86
2025-11-11 16:00:00,4811.9,4824.47,4778.54,4794.22
2025-11-11 20:00:00,4794.2,4811.33,4759.77,4760.77
2025-11-12 00:00:00,4760.61,4810.5,4736.76,4808.22
2025-11-12 04:00:00,4808.25,4854.56,4799.6,4800.62
2025-11-12 08:00:00,4800.54,4801.33,4727.2,4727.55
2025-11-12 12:00:00,4727.57,4830.73,4725.22,4825.12
2025-11-12 16:00:00,4825.11,4848.1,4788.17,4788.37
2025-11-12 20:00:00,4788.31,4819.36,4781.62,4809.32
2025-11-13 00:00:00,4809.23,4856.59,4808.87,4819.45
2025-11-13 04:00:00,4819.56,4840.95,4802.02,4819.25
2025-11-13 08:00:00,4819.32,4842.01,4772.95,4835.25
2025-11-13 12:00:00,4835.26,4928.38,4826.27,4915.09
2025-11-13 16:00:00,4915.3,4955.14,4876.2,4941.18
2025-11-13 20:00:00,4941.29,4942.24,4876.52,4877.06
2025-11-14 00:00:00,4877.04,4974.99,4862.05,4953.9
2025-11-14 04:00:00,4953.89,4962.05,4863.55,4863.7
2025-11-14 08:00:00,4863.77,4882.36,4848.79,4865.23
2025-11-14 12:00:00,4865.26,4949.11,4863.09,4943.97
2025-11-14 16:00:00,4944.1,5015.43,4935.45,4968.44
2025-11-14 20:00:00,4968.34,4968.71,4878.34,4878.42
2025-11-15 00:00:00,4878.65,4934.37,4829.38,4924.46
2025-11-15 04:00:00,4924.45,4950.43,4899.85,4936.71
2025-11-15 08:00:00,4936.56,4952.84,4896.87,4942.07
2025-11-15 12:00:00,4942.0,4945.88,4882.0,4886.38
2025-11-15 16:00:00,4886.44,4886.54,4824.09,4831.8
2025-11-15 20:00:00,4831.76,4838.23,4809.7,4816.78
2025-11-16 00:00:00,4816.61,4879.94,4815.56,4831.16
2025-11-16 04:00:00,4831.08,4901.13,4827.46,4842.82
2025-11-16 08:00:00,4842.87,4844.18,4805.61,4826.23
2025-11-16 12:00:00,4826.2,4872.97,4800.15,4828.47
2025-11-16 16:00:00,4828.56,4850.45,4776.92,4778.4
2025-11-16 20:00:00,4778.51,4778.57,4737.82,4759.38
2025-11-17 00:00:00,4759.48,4772.36,4724.75,4759.73
2025-11-17 04:00:00,4759.71,4827.32,4758.56,4795.28
2025-11-17 08:00:00,4795.2,4801.47,4742.74,4786.48
2025-11-17 12:00:00,4786.45,4842.86,4775.02,4830.67
2025-11-17 16:00:00,4830.67,4830.96,4760.35,4769.6
2025-11-17 20:00:00,4769.58,4795.91,4741.37,4776.29
2025-11-18 00:00:00,4776.23,4813.98,4771.79,4787.0
2025-11-18 04:00:00,4787.02,4787.56,4739.02,4750.58
2025-11-18 08:00:00,4750.64,4751.92,4663.24,4663.74
2025-11-18 12:00:00,4663.58,4673.5,4626.01,4672.68
2025-11-18 16:00:00,4672.71,4676.29,4651.76,4663.72
2025-11-18 20:00:00,4663.82,4722.57,4657.53,4707.75
2025-11-19 00:00:00,4707.7,4788.55,4699.29,4744.03
2025-11-19 04:00:00,4744.11,4750.33,4690.62,4715.53
2025-11-19 08:00:00,4715.37,4715.54,4652.99,4654.03
2025-11-19 12:00:00,4654.02,4688.37,4646.87,4668.91
2025-11-19 16:00:00,4668.83,4673.37,4631.54,4652.39
2025-11-19 20:00:00,4652.3,4698.47,4639.74,4698.05
2025-11-20 00:00:00,4698.05,4772.03,4679.28,4744.1
2025-11-20 04:00:00,4744.12,4784.0,4720.41,4768.63
2025-11-20 08:00:00,4768.58,4858.83,4762.47,4802.52
2025-11-20 12:00:00,4802.51,4804.56,4764.93,4781.49
2025-11-20 16:00:00,4781.41,4781.5,4727.7,4727.7
2025-11-20 20:00:00,4727.67,4738.13,4701.0,4701.0
2025-11-21 00:00:00,4700.9,4701.44,4657.55,4661.8
2025-11-21 04:00:00,4661.73,4682.86,4613.23,4659.6
2025-11-21 08:00:00,4659.56,4672.54,4612.47,4635.54
2025-11-21 12:00:00,4635.61,4673.37,4627.38,4671.56
2025-11-21 16:00:00,4671.66,4681.8,4649.81,4657.09
2025-11-21 20:00:00,4657.05,4696.47,4639.79,4669.72
2025-11-22 00:00:00,4669.67,4732.11,4668.41,4686.46
2025-11-22 04:00:00,4686.47,4697.09,4650.25,4650.52
2025-11-22 08:00:00,4650.38,4721.15,4611.77,4698.07
2025-11-22 12:00:00,4698.17,4715.64,4670.51,4689.62
2025-11-22 16:00:00,4689.61,4717.03,4682.99,4700.64
2025-11-22 20:00:00,4700.66,4712.62,4630.16,4666.44
2025-11-23 00:00:00,4666.55,4688.55,4625.9,4625.93
2025-11-23 04:00:00,4626.07,4631.61,4594.75,4608.21
2025-11-23 08:00:00,4608.38,4623.49,4564.9,4565.25
2025-11-23 12:00:00,4565.33,4566.34,4493.29,4525.38
2025-11-23 16:00:00,4525.43,4538.2,4506.12,4524.2
2025-11-23 20:00:00,4524.27,4524.56,4458.6,4466.04
2025-11-24 00:00:00,4466.1,4468.69,4427.64,4455.84
2025-11-24 04:00:00,4455.74,4512.46,4441.04,4493.29
2025-11-24 08:00:00,4493.31,4561.0,4488.11,4541.17
2025-11-24 12:00:00,4541.3,4579.87,4523.43,4524.98
2025-11-24 16:00:00,4525.04,4590.71,4514.57,4565.4
2025-11-24 20:00:00,4565.37,4576.14,4522.23,4543.94
2025-11-25 00:00:00,4543.98,4653.45,4531.45,4623.74
2025-11-25 04:00:00,4623.83,4626.53,4582.9,4587.74
2025-11-25 08:00:00,4587.78,4636.71,4576.78,4601.55
2025-11-25 12:00:00,4601.66,4664.62,4592.57,4628.21
2025-11-25 16:00:00,4628.23,4651.87,4593.18,4639.59
2025-11-25 20:00:00,4639.67,4639.84,4564.45,4565.29
2025-11-26 00:00:00,4565.24,4583.19,4529.69,4529.69
2025-11-26 04:00:00,4529.7,4561.83,4502.95,4503.01
2025-11-26 08:00:00,4502.99,4632.82,4491.56,4630.94
2025-11-26 12:00:00,4630.96,4703.97,4629.05,4650.06
2025-11-26 16:00:00,4649.94,4654.97,4628.34,4629.75
2025-11-26 20:00:00,4629.88,4634.83,4582.92,4586.52
2025-11-27 00:00:00,4586.5,4586.57,4526.63,4527.11
2025-11-27 04:00:00,4527.0,4582.01,4508.68,4540.33
2025-11-27 08:00:00,4540.3,4646.42,4538.17,4640.67
2025-11-27 12:00:00,4640.73,4694.96,4639.18,4684.75
2025-11-27 16:00:00,4684.79,4732.32,4681.93,4727.25
2025-11-27 20:00:00,4727.29,4731.73,4685.08,4692.27
2025-11-28 00:00:00,4692.26,4727.0,4671.74,4701.85
2025-11-28 04:00:00,4701.79,4719.11,4672.52,4707.05
2025-11-28 08:00:00,4707.04,4709.36,4672.15,4672.25
2025-11-28 12:00:00,4672.26,4758.09,4670.87,4742.1
2025-11-28 16:00:00,4742.0,4764.54,4723.12,4741.49
2025-11-28 20:00:00,4741.44,4783.56,4722.94,4723.04
2025-11-29 00:00:00,4723.19,4725.04,4684.45,4688.5
2025-11-29 04:00:00,4688.57,4703.57,4648.79,4700.5
2025-11-29 08:00:00,4700.32,4719.36,4675.66,4702.51
2025-11-29 12:00:00,4702.66,4766.41,4695.67,4762.17
2025-11-29 16:00:00,4762.18,4807.44,4739.53,4792.43
2025-11-29 20:00:00,4792.58,4830.99,4762.26,4789.42
2025-11-30 00:00:00,4789.43,4789.43,4750.98,4756.1
2025-11-30 04:00:00,4756.25,4762.2,4716.7,4741.36
2025-11-30 08:00:00,4741.43,4777.81,4734.54,4740.0
2025-11-30 12:00:00,4739.95,4741.39,4689.13,4690.05
2025-11-30 16:00:00,4689.88,4722.37,4672.21,4703.72
2025-11-30 20:00:00,4703.92,4727.6,4669.14,4677.64
2025-12-01 00:00:00,4677.56,4753.86,4669.53,4737.96
2025-12-01 04:00:00,4738.01,4793.97,4706.2,4789.57
2025-12-01 08:00:00,4789.5,4823.32,4769.08,4769.36
2025-12-01 12:00:00,4769.3,4805.93,4766.43,4767.65
2025-12-01 16:00:00,4767.57,4767.57,4710.39,4745.19
2025-12-01 20:00:00,4745.09,4776.13,4738.42,4767.78
2025-12-02 00:00:00,4767.72,4838.68,4750.53,4824.22
2025-12-02 04:00:00,4824.2,4915.79,4813.22,4901.18
2025-12-02 08:00:00,4901.1,4913.67,4858.4,4899.74
2025-12-02 12:00:00,4899.71,5082.94,4879.27,5079.66
2025-12-02 16:00:00,5079.66,5099.44,5057.32,5090.77
2025-12-02 20:00:00,5090.81,5090.81,5028.63,5052.77
2025-12-03 00:00:00,5052.84,5065.54,5037.24,5048.52
2025-12-03 04:00:00,5048.49,5051.15,5020.83,5032.43
2025-12-03 08:00:00,5032.53,5032.73,4954.46,4961.36
2025-12-03 12:00:00,4961.38,4969.0,4897.59,4897.68
2025-12-03 16:00:00,4897.74,4931.12,4895.89,4904.87
2025-12-03 20:00:00,4904.81,4932.69,4870.52,4928.26
2025-12-04 00:00:00,4928.16,5014.93,4912.07,5001.9
2025-12-04 04:00:00,5002.0,5013.32,4947.71,4961.47
2025-12-04 08:00:00,4961.47,4963.32,4909.18,4931.13
2025-12-04 12:00:00,4931.11,4981.29,4905.21,4978.16
2025-12-04 16:00:00,4978.34,4978.39,4923.87,4924.07
2025-12-04 20:00:00,4923.93,4938.45,4890.75,4891.07
2025-12-05 00:00:00,4891.12,4891.46,4853.06,4874.85
2025-12-05 04:00:00,4874.89,5009.59,4861.14,5000.65
2025-12-05 08:00:00,5000.7,5055.38,4979.45,5029.32
2025-12-05 12:00:00,5029.43,5066.06,4995.82,5058.78
2025-12-05 16:00:00,5058.75,5096.24,5020.41,5021.52
2025-12-05 20:00:00,5021.62,5022.89,4970.37,4999.23
2025-12-06 00:00:00,4999.26,5021.55,4979.91,4980.3
2025-12-06 04:00:00,4980.24,4980.93,4917.79,4958.77
2025-12-06 08:00:00,4958.75,5011.53,4937.88,4978.71
2025-12-06 12:00:00,4978.64,4989.33,4951.82,4951.82
2025-12-06 16:00:00,4951.65,4952.03,4894.14,4912.98
2025-12-06 20:00:00,4913.03,4914.01,4851.4,4851.45
2025-12-07 00:00:00,4851.29,4910.92,4828.55,4874.43
2025-12-07 04:00:00,4874.2,4878.75,4825.88,4825.97
2025-12-07 08:00:00,4825.8,4853.38,4816.39,4826.05
2025-12-07 12:00:00,4826.03,4826.06,4782.97,4813.02
2025-12-07 16:00:00,4812.85,4860.52,4802.17,4814.99
2025-12-07 20:00:00,4814.94,4821.42,4788.72,4790.07
2025-12-08 00:00:00,4790.07,4852.94,4772.03,4848.62
2025-12-08 04:00:00,4848.61,4865.47,4831.06,4841.13
2025-12-08 08:00:00,4841.11,4876.02,4828.05,4828.24
2025-12-08 12:00:00,4828.32,4829.53,4776.32,4796.2
2025-12-08 16:00:00,4796.23,4887.44,4796.18,4839.67
2025-12-08 20:00:00,4839.57,4868.58,4803.98,4806.17
2025-12-09 00:00:00,4806.15,4812.91,4756.26,4774.71
2025-12-09 04:00:00,4774.72,4797.69,4751.04,4751.72
2025-12-09 08:00:00,4751.57,4751.72,4690.6,4694.12
2025-12-09 12:00:00,4694.21,4707.41,4658.56,4658.69
2025-12-09 16:00:00,4658.53,4658.53,4614.0,4616.05
2025-12-09 20:00:00,4616.18,4650.1,4611.6,4635.93
2025-12-10 00:00:00,4635.95,4657.75,4599.79,4641.38
2025-12-10 04:00:00,4641.46,4673.11,4625.28,4671.93
2025-12-10 08:00:00,4671.88,4675.37,4621.09,4621.22
2025-12-10 12:00:00,4621.1,4625.49,4560.55,4589.91
2025-12-10 16:00:00,4589.8,4616.36,4559.45,4593.64
2025-12-10 20:00:00,4593.75,4624.78,4575.32,4601.26
2025-12-11 00:00:00,4601.25,4638.52,4586.94,4614.81
2025-12-11 04:00:00,4614.81,4630.94,4575.68,4602.96
2025-12-11 08:00:00,4603.01,4603.42,4550.88,4557.92
2025-12-11 12:00:00,4557.99,4557.99,4485.52,4531.18
2025-12-11 16:00:00,4531.17,4583.76,4491.81,4572.23
2025-12-11 20:00:00,4572.36,4595.45,4551.59,4587.36
2025-12-12 00:00:00,4587.32,4588.22,4544.35,4572.04
2025-12-12 04:00:00,4572.06,4637.62,4572.04,4619.25
2025-12-12 08:00:00,4619.31,4750.34,4615.71,4712.1
2025-12-12 12:00:00,4712.08,4713.38,4649.25,4649.97
2025-12-12 16:00:00,4649.94,4652.14,4607.42,4615.94
2025-12-12 20:00:00,4616.04,4669.63,4592.99,4657.45
2025-12-13 00:00:00,4657.52,4657.52,4626.86,4628.09
2025-12-13 04:00:00,4628.21,4654.42,4613.62,4620.69
2025-12-13 08:00:00,4620.77,4621.25,4569.9,4574.04
2025-12-13 12:00:00,4574.02,4582.25,4559.83,4560.66
2025-12-13 16:00:00,4560.75,4573.12,4511.72,4565.91
2025-12-13 20:00:00,4565.93,4644.24,4563.39,4603.53
2025-12-14 00:00:00,4603.58,4683.07,4595.62,4655.81
2025-12-14 04:00:00,4655.88,4660.93,4620.85,4622.62
2025-12-14 08:00:00,4622.54,4636.15,4593.92,4632.18
2025-12-14 12:00:00,4632.27,4647.39,4583.15,4584.32
2025-12-14 16:00:00,4584.16,4593.11,4550.08,4551.25
2025-12-14 20:00:00,4551.2,4576.21,4530.47,4530.63
2025-12-15 00:00:00,4530.63,4530.63,4480.1,4497.33
2025-12-15 04:00:00,4497.25,4497.76,4424.47,4424.47
2025-12-15 08:00:00,4424.43,4522.01,4412.67,4490.97
2025-12-15 12:00:00,4491.07,4520.61,4454.78,4519.88
2025-12-15 16:00:00,4519.84,4556.73,4513.79,4535.56
2025-12-15 20:00:00,4535.52,4545.93,4503.46,4545.39
2025-12-16 00:00:00,4545.45,4566.25,4528.76,4537.95
2025-12-16 04:00:00,4537.86,4547.49,4482.16,4496.25
2025-12-16 08:00:00,4496.29,4496.43,4436.47,4460.39
2025-12-16 12:00:00,4460.38,4461.16,4388.85,4390.41
2025-12-16 16:00:00,4390.39,4466.16,4366.26,4434.77
2025-12-16 20:00:00,4434.82,4481.42,4425.39,4475.58
2025-12-17 00:00:00,4475.61,4505.52,4436.43,4500.25
2025-12-17 04:00:00,4500.27,4593.15,4479.37,4592.38
2025-12-17 08:00:00,4592.26,4622.55,4579.74,4580.38
2025-12-17 12:00:00,4580.5,4594.99,4537.4,4546.69
2025-12-17 16:00:00,4546.7,4592.05,4525.14,4573.78
2025-12-17 20:00:00,4573.85,4663.28,4568.31,4657.16
2025-12-18 00:00:00,4657.16,4682.15,4618.3,4622.02
2025-12-18 04:00:00,4622.09,4631.33,4594.21,4614.81
2025-12-18 08:00:00,4614.76,4615.11,4559.82,4564.33
2025-12-18 12:00:00,4564.37,4640.44,4547.91,4601.11
2025-12-18 16:00:00,4601.03,4630.63,4578.0,4583.08
2025-12-18 20:00:00,4583.03,4617.26,4560.91,4617.03
2025-12-19 00:00:00,4616.9,4623.94,4583.19,4595.61
2025-12-19 04:00:00,4595.66,4614.2,4573.9,4574.26
2025-12-19 08:00:00,4574.14,4574.14,4531.96,4532.17
2025-12-19 12:00:00,4532.19,4583.06,4525.31,4574.8
2025-12-19 16:00:00,4574.57,4606.64,4537.07,4598.49
2025-12-19 20:00:00,4598.49,4599.7,4494.7,4498.26
2025-12-20 00:00:00,4498.4,4504.52,4435.95,4437.01
2025-12-20 04:00:00,4437.0,4463.76,4436.43,4443.32
2025-12-20 08:00:00,4443.2,4484.27,4428.57,4470.0
2025-12-20 12:00:00,4469.88,4484.0,4430.1,4459.55
2025-12-20 16:00:00,4459.47,4472.08,4432.49,4438.33
2025-12-20 20:00:00,4438.42,4480.42,4421.04,4468.13
2025-12-21 00:00:00,4468.23,4542.98,4458.58,4528.02
2025-12-21 04:00:00,4528.12,4535.19,4492.93,4512.67
2025-12-21 08:00:00,4512.63,4557.31,4473.44,4541.63
2025-12-21 12:00:00,4541.56,4553.69,4506.44,4537.56
2025-12-21 16:00:00,4537.57,4565.41,4522.76,4552.01
2025-12-21 20:00:00,4552.11,4569.99,4521.72,4522.32
2025-12-22 00:00:00,4522.37,4564.84,4520.37,4561.81
2025-12-22 04:00:00,4561.77,4566.81,4486.64,4498.21
2025-12-22 08:00:00,4498.23,4499.98,4441.05,4448.84
2025-12-22 12:00:00,4448.92,4449.35,4389.56,4424.08
2025-12-22 16:00:00,4424.02,4425.01,4388.35,4394.98
2025-12-22 20:00:00,4394.99,4396.84,4324.92,4325.17
2025-12-23 00:00:00,4325.09,4353.13,4322.05,4322.68
2025-12-23 04:00:00,4322.72,4322.79,4262.74,4271.17
2025-12-23 08:00:00,4271.18,4272.17,4224.51,4250.28
2025-12-23 12:00:00,4250.26,4286.73,4231.36,4284.71
2025-12-23 16:00:00,4284.66,4325.62,4281.22,4287.71
2025-12-23 20:00:00,4287.75,4380.78,4271.15,4371.92
2025-12-24 00:00:00,4372.06,4465.94,4353.56,4457.36
2025-12-24 04:00:00,4457.31,4457.64,4393.99,4440.56
2025-12-24 08:00:00,4440.53,4440.56,4373.27,4373.27
2025-12-24 12:00:00,4373.27,4397.48,4351.08,4388.52
2025-12-24 16:00:00,4388.54,4409.14,4361.46,4409.14
2025-12-24 20:00:00,4409.26,4440.77,4404.84,4411.26
2025-12-25 00:00:00,4411.4,4412.55,4372.19,4373.89
2025-12-25 04:00:00,4374.08,4389.67,4327.97,4342.39
2025-12-25 08:00:00,4342.38,4385.24,4332.89,4373.67
2025-12-25 12:00:00,4373.6,4444.76,4348.67,4439.46
2025-12-25 16:00:00,4439.44,4558.26,4432.89,4550.38
2025-12-25 20:00:00,4550.33,4582.55,4536.58,4562.06
2025-12-26 00:00:00,4561.96,4573.23,4525.81,4534.38
2025-12-26 04:00:00,4534.32,4557.81,4511.15,4555.26
2025-12-26 08:00:00,4555.35,4644.06,4553.86,4640.5
2025-12-26 12:00:00,4640.49,4742.87,4627.99,4737.78
2025-12-26 16:00:00,4737.78,4738.6,4671.7,4671.8
2025-12-26 20:00:00,4671.82,4702.83,4635.46,4702.83
2025-12-27 00:00:00,4702.83,4841.91,4696.09,4833.99
2025-12-27 04:00:00,4834.18,4918.16,4833.41,4904.89
2025-12-27 08:00:00,4904.87,4913.01,4844.6,4870.2
2025-12-27 12:00:00,4870.05,4870.54,4836.16,4861.8
2025-12-27 16:00:00,4862.0,4880.57,4822.18,4873.69
2025-12-27 20:00:00,4873.8,4876.54,4810.82,4812.29
2025-12-28 00:00:00,4812.32,4851.79,4801.56,4811.17
2025-12-28 04:00:00,4811.12,4825.69,4784.62,4784.62
2025-12-28 08:00:00,4784.59,4817.54,4773.2,4773.47
2025-12-28 12:00:00,4773.53,4823.29,4769.09,4822.84
2025-12-28 16:00:00,4822.82,4832.35,4790.77,4793.85
2025-12-28 20:00:00,4793.77,4804.93,4770.77,4784.63
2025-12-29 00:00:00,4784.64,4907.15,4777.64,4875.02
2025-12-29 04:00:00,4874.93,4885.7,4840.1,4841.24
2025-12-29 08:00:00,4841.23,4847.32,4806.2,4806.97
2025-12-29 12:00:00,4807.07,4901.73,4796.22,4876.81
2025-12-29 16:00:00,4876.78,4923.11,4874.86,4908.22
2025-12-29 20:00:00,4908.1,5040.69,4898.31,5034.41
2025-12-30 00:00:00,5034.3,5047.89,5011.12,5027.6
2025-12-30 04:00:00,5027.65,5028.84,4968.95,5002.96
2025-12-30 08:00:00,5003.1,5011.21,4948.69,4948.93
2025-12-30 12:00:00,4949.03,4969.59,4935.1,4965.75
2025-12-30 16:00:00,4965.72,4988.09,4949.16,4949.95
2025-12-30 20:00:00,4949.9,4950.42,4889.13,4889.89
2025-12-31 00:00:00,4890.02,4933.78,4868.85,4919.03
2025-12-31 04:00:00,4919.11,5074.64,4911.62,5071.16
2025-12-31 08:00:00,5071.25,5095.79,5057.21,5070.0
2025-12-31 12:00:00,5069.99,5085.03,5046.32,5065.0
2025-12-31 16:00:00,5064.95,5126.09,5058.15,5090.88
2025-12-31 20:00:00,5090.82,5099.68,5026.61,5030.5
2026-01-01 00:00:00,5030.54,5092.28,5029.9,5058.24
2026-01-01 04:00:00,5058.14,5134.46,5033.95,5118.77
2026-01-01 08:00:00,5118.91,5165.51,5082.91,5156.95
2026-01-01 12:00:00,5156.98,5157.5,5090.14,5114.13
2026-01-01 16:00:00,5114.21,5131.0,5081.62,5125.56
2026-01-01 20:00:00,5125.56,5145.09,5101.21,5101.88
2026-01-02 00:00:00,5101.92,5105.08,5041.85,5042.17
2026-01-02 04:00:00,5042.18,5115.36,5036.69,5113.84
2026-01-02 08:00:00,5113.92,5152.58,5078.82,5097.44
2026-01-02 12:00:00,5097.17,5099.44,5013.24,5019.19
2026-01-02 16:00:00,5019.02,5050.67,5006.49,5043.62
2026-01-02 20:00:00,5043.61,5066.97,5015.92,5028.17
2026-01-03 00:00:00,5028.18,5143.19,5027.82,5139.28
2026-01-03 04:00:00,5139.46,5139.67,5051.22,5051.69
2026-01-03 08:00:00,5051.57,5121.73,5044.34,5097.01
2026-01-03 12:00:00,5097.08,5099.01,5030.12,5030.3
2026-01-03 16:00:00,5030.36,5056.91,4989.61,5036.2
2026-01-03 20:00:00,5036.06,5049.01,4999.34,4999.44
2026-01-04 00:00:00,4999.41,5013.46,4956.88,5001.53
2026-01-04 04:00:00,5001.53,5009.64,4961.25,5004.95
2026-01-04 08:00:00,5005.07,5030.66,4981.83,4991.11
2026-01-04 12:00:00,4991.07,5005.74,4941.29,4995.44
2026-01-04 16:00:00,4995.54,5007.36,4936.52,4936.52
2026-01-04 20:00:00,4936.6,4964.51,4926.8,4953.29
2026-01-05 00:00:00,4953.23,4953.59,4916.01,4920.48
2026-01-05 04:00:00,4920.52,5050.72,4918.33,5047.98
2026-01-05 08:00:00,5047.92,5056.67,5002.39,5054.9
2026-01-05 12:00:00,5054.81,5107.13,5049.58,5065.71
2026-01-05 16:00:00,5065.69,5066.9,5001.29,5012.16
2026-01-05 20:00:00,5012.14,5043.22,4992.22,5019.83
2026-01-06 00:00:00,5019.72,5030.35,4992.58,4992.63
2026-01-06 04:00:00,4992.57,5087.06,4973.97,5072.31
2026-01-06 08:00:00,5072.33,5141.82,5053.43,5112.49
2026-01-06 12:00:00,5112.47,5154.7,5112.47,5127.97
2026-01-06 16:00:00,5127.99,5163.33,5094.84,5145.41
2026-01-06 20:00:00,5145.42,5219.1,5113.18,5198.86
2026-01-07 00:00:00,5198.8,5205.68,5164.11,5169.41
2026-01-07 04:00:00,5169.23,5172.92,5132.72,5137.73
2026-01-07 08:00:00,5137.72,5138.34,5093.68,5094.41
2026-01-07 12:00:00,5094.39,5095.92,5033.56,5034.49
2026-01-07 16:00:00,5034.48,5034.56,4985.97,4986.08
2026-01-07 20:00:00,4986.04,4992.98,4956.66,4957.47
2026-01-08 00:00:00,4957.42,4982.39,4938.73,4938.73
2026-01-08 04:00:00,4938.65,4939.48,4870.6,4871.73
2026-01-08 08:00:00,4871.69,4972.84,4864.18,4971.43
2026-01-08 12:00:00,4971.48,4996.41,4947.25,4975.13
2026-01-08 16:00:00,4975.11,4986.04,4903.85,4903.85
2026-01-08 20:00:00,4903.99,5002.23,4889.21,4996.89
2026-01-09 00:00:00,4996.82,5011.32,4932.1,4932.57
2026-01-09 04:00:00,4932.57,4977.04,4930.32,4955.69
2026-01-09 08:00:00,4955.86,4961.05,4925.14,4945.9
2026-01-09 12:00:00,4945.88,4980.8,4934.51,4971.15
2026-01-09 16:00:00,4971.07,5012.61,4952.65,4995.61
2026-01-09 20:00:00,4995.66,5011.62,4974.99,4976.43
2026-01-10 00:00:00,4976.47,5002.76,4950.22,4981.59
2026-01-10 04:00:00,4981.6,5054.06,4974.35,5045.05
2026-01-10 08:00:00,5045.07,5063.52,4970.94,4982.72
2026-01-10 12:00:00,4982.58,5017.08,4972.92,4976.8
2026-01-10 16:00:00,4976.74,5018.97,4939.65,4977.47
2026-01-10 20:00:00,4977.28,4977.38,4882.6,4883.06
2026-01-11 00:00:00,4883.13,4883.44,4810.26,4822.54
2026-01-11 04:00:00,4822.52,4855.37,4798.41,4811.11
2026-01-11 08:00:00,4811.17,4811.4,4783.79,4784.33
2026-01-11 12:00:00,4784.25,4805.11,4761.26,4770.13
2026-01-11 16:00:00,4770.12,4770.41,4718.14,4737.51
2026-01-11 20:00:00,4737.54,4760.95,4722.26,4735.86
2026-01-12 00:00:00,4735.89,4764.15,4717.25,4727.23
2026-01-12 04:00:00,4727.24,4731.54,4669.01,4670.26
2026-01-12 08:00:00,4670.39,4682.28,4611.49,4617.48
2026-01-12 12:00:00,4617.49,4617.89,4555.41,4564.83
2026-01-12 16:00:00,4564.9,4654.87,4548.81,4645.95
2026-01-12 20:00:00,4645.88,4691.86,4645.71,4657.18
2026-01-13 00:00:00,4657.22,4658.24,4572.17,4572.19
2026-01-13 04:00:00,4572.18,4602.91,4537.35,4563.14
2026-01-13 08:00:00,4563.11,4563.33,4527.24,4528.32
2026-01-13 12:00:00,4528.25,4538.05,4501.74,4507.7
2026-01-13 16:00:00,4507.74,4546.76,4499.89,4542.27
2026-01-13 20:00:00,4542.16,4652.77,4532.68,4647.04
2026-01-14 00:00:00,4646.95,4662.91,4617.52,4656.96
2026-01-14 04:00:00,4657.07,4658.54,4613.78,4626.91
2026-01-14 08:00:00,4626.83,4717.61,4619.06,4702.23
2026-01-14 12:00:00,4702.19,4734.9,4685.89,4707.53
2026-01-14 16:00:00,4707.67,4707.67,4651.71,4681.45
2026-01-14 20:00:00,4681.51,4711.58,4663.95,4663.95
2026-01-15 00:00:00,4664.22,4672.67,4636.89,4644.21
2026-01-15 04:00:00,4643.99,4643.99,4584.75,4608.05
2026-01-15 08:00:00,4608.12,4678.15,4607.26,4649.16
2026-01-15 12:00:00,4649.19,4649.19,4565.31,4566.33
2026-01-15 16:00:00,4566.33,4569.71,4530.75,4530.76
2026-01-15 20:00:00,4530.77,4549.67,4495.29,4524.94
2026-01-16 00:00:00,4524.97,4559.77,4516.53,4522.97
2026-01-16 04:00:00,4523.04,4523.08,4473.94,4492.21
2026-01-16 08:00:00,4492.3,4501.02,4473.83,4474.59
2026-01-16 12:00:00,4474.63,4475.47,4426.23,4429.1
2026-01-16 16:00:00,4429.13,4467.21,4425.59,4447.85
2026-01-16 20:00:00,4447.74,4484.71,4441.85,4442.25
2026-01-17 00:00:00,4442.13,4459.82,4434.72,4446.47
2026-01-17 04:00:00,4446.48,4530.09,4437.17,4525.31
2026-01-17 08:00:00,4525.14,4526.61,4448.97,4508.12
2026-01-17 12:00:00,4508.07,4549.35,4471.17,4547.95
2026-01-17 16:00:00,4548.33,4598.95,4545.11,4585.9
2026-01-17 20:00:00,4585.92,4622.02,4583.18,4583.37
2026-01-18 00:00:00,4583.37,4599.35,4525.17,4525.17
2026-01-18 04:00:00,4525.24,4573.97,4513.84,4544.8
2026-01-18 08:00:00,4544.86,4588.91,4529.45,4564.82
2026-01-18 12:00:00,4564.79,4577.31,4517.14,4517.41
2026-01-18 16:00:00,4517.33,4527.05,4483.43,4483.75
2026-01-18 20:00:00,4483.73,4522.2,4483.27,4497.64
2026-01-19 00:00:00,4497.64,4514.95,4469.21,4498.75
2026-01-19 04:00:00,4498.83,4508.93,4457.75,4479.34
2026-01-19 08:00:00,4479.32,4479.63,4446.56,4453.91
2026-01-19 12:00:00,4453.9,4491.82,4442.85,4460.17
2026-01-19 16:00:00,4460.08,4486.93,4448.51,4470.12
2026-01-19 20:00:00,4470.09,4470.31,4434.6,4450.31
2026-01-20 00:00:00,4450.28,4476.17,4428.46,4467.18
2026-01-20 04:00:00,4467.25,4467.48,4420.64,4455.78
2026-01-20 08:00:00,4455.81,4455.89,4414.24,4414.25
2026-01-20 12:00:00,4414.27,4414.63,4361.99,4367.6
2026-01-20 16:00:00,4367.66,4377.56,4342.0,4342.68
2026-01-20 20:00:00,4342.61,4362.6,4307.27,4307.28
2026-01-21 00:00:00,4307.32,4307.83,4248.73,4297.16
2026-01-21 04:00:00,4297.23,4346.57,4292.27,4306.88
2026-01-21 08:00:00,4306.92,4307.18,4239.9,4239.9
2026-01-21 12:00:00,4239.85,4262.38,4210.95,4225.41
2026-01-21 16:00:00,4225.45,4280.2,4211.42,4243.44
2026-01-21 20:00:00,4243.43,4243.77,4164.38,4165.4
2026-01-22 00:00:00,4165.39,4244.34,4159.76,4211.63
2026-01-22 04:00:00,4211.57,4241.34,4186.98,4235.83
2026-01-22 08:00:00,4235.71,4239.42,4191.74,4191.78
2026-01-22 12:00:00,4191.88,4235.18,4185.52,4202.68
2026-01-22 16:00:00,4202.58,4208.02,4170.62,4175.77
2026-01-22 20:00:00,4175.8,4210.14,4163.71,4178.66
2026-01-23 00:00:00,4178.83,4180.18,4129.37,4154.92
2026-01-23 04:00:00,4154.9,4161.02,4122.53,4123.04
2026-01-23 08:00:00,4123.05,4145.18,4084.31,4084.44
2026-01-23 12:00:00,4084.53,4143.67,4082.98,4103.39
2026-01-23 16:00:00,4103.22,4132.72,4083.23,4086.65
2026-01-23 20:00:00,4086.67,4127.89,4080.59,4091.56
2026-01-24 00:00:00,4091.52,4093.49,4063.32,4073.96
2026-01-24 04:00:00,4074.02,4099.54,4058.38,4077.58
2026-01-24 08:00:00,4077.48,4099.49,4027.98,4028.24
2026-01-24 12:00:00,4028.18,4046.71,3998.41,3999.31
2026-01-24 16:00:00,3999.21,4014.75,3987.34,4014.49
2026-01-24 20:00:00,4014.48,4031.37,3995.29,4014.94
2026-01-25 00:00:00,4015.03,4068.72,4009.57,4068.46
2026-01-25 04:00:00,4068.53,4075.81,4053.84,4061.71
2026-01-25 08:00:00,4061.76,4071.01,4036.51,4038.53
2026-01-25 12:00:00,4038.51,4063.29,4011.6,4042.59
2026-01-25 16:00:00,4042.71,4082.86,4033.46,4063.36
2026-01-25 20:00:00,4063.4,4083.01,4037.47,4074.56
2026-01-26 00:00:00,4074.51,4074.64,4036.9,4053.01
2026-01-26 04:00:00,4053.04,4064.37,4027.11,4062.24
2026-01-26 08:00:00,4062.21,4106.23,4061.78,4074.23
2026-01-26 12:00:00,4074.26,4190.44,4073.81,4171.01
2026-01-26 16:00:00,4171.12,4220.2,4165.37,4181.29
2026-01-26 20:00:00,4181.28,4221.53,4176.75,4194.63
2026-01-27 00:00:00,4194.69,4207.79,4153.72,4166.22
2026-01-27 04:00:00,4166.31,4166.47,4101.72,4138.63
2026-01-27 08:00:00,4138.57,4194.89,4121.2,4147.89
2026-01-27 12:00:00,4147.99,4148.98,4102.5,4103.78
2026-01-27 16:00:00,4103.72,4122.28,4082.5,4091.68
2026-01-27 20:00:00,4091.65,4118.59,4074.01,4079.2
2026-01-28 00:00:00,4079.2,4100.93,4058.45,4069.32
2026-01-28 04:00:00,4069.39,4101.28,4056.51,4059.17
2026-01-28 08:00:00,4059.22,4246.59,4056.48,4244.2
2026-01-28 12:00:00,4244.27,4265.07,4233.57,4256.18
2026-01-28 16:00:00,4256.25,4266.26,4223.2,4242.87
2026-01-28 20:00:00,4242.79,4252.73,4205.83,4211.4
2026-01-29 00:00:00,4211.4,4275.51,4195.93,4247.52
2026-01-29 04:00:00,4247.45,4294.2,4223.05,4267.62
2026-01-29 08:00:00,4267.57,4339.42,4266.36,4315.28
2026-01-29 12:00:00,4315.28,4328.36,4269.48,4292.12
2026-01-29 16:00:00,4292.11,4292.79,4232.06,4258.26
2026-01-29 20:00:00,4258.22,4258.33,4209.86,4210.17
2026-01-30 00:00:00,4210.07,4210.07,4156.13,4180.76
2026-01-30 04:00:00,4180.76,4181.0,4134.62,4134.79
2026-01-30 08:00:00,4135.0,4153.95,4117.16,4117.36
2026-01-30 12:00:00,4117.29,4159.03,4111.14,4126.91
2026-01-30 16:00:00,4126.78,4136.25,4103.76,4136.11
2026-01-30 20:00:00,4136.17,4190.25,4123.14,4185.86
2026-01-31 00:00:00,4185.87,4215.68,4169.1,4188.21
2026-01-31 04:00:00,4188.29,4266.16,4186.2,4241.15
2026-01-31 08:00:00,4241.24,4241.31,4187.6,4198.92
2026-01-31 12:00:00,4198.92,4237.99,4175.61,4210.73
2026-01-31 16:00:00,4210.78,4241.57,4207.23,4220.25
2026-01-31 20:00:00,4220.27,4229.44,4150.49,4150.66
2026-02-01 00:00:00,4150.57,4162.76,4109.24,4136.0
2026-02-01 04:00:00,4136.0,4141.25,4095.69,4095.74
2026-02-01 08:00:00,4095.76,4136.35,4088.99,4130.27
2026-02-01 12:00:00,4130.26,4141.68,4109.26,4109.39
2026-02-01 16:00:00,4109.47,4123.13,4077.98,4090.07
2026-02-01 20:00:00,4090.02,4126.12,4072.64,4072.78
2026-02-02 00:00:00,4072.89,4117.61,4069.7,4112.47
2026-02-02 04:00:00,4112.36,4116.01,4063.91,4074.82
2026-02-02 08:00:00,4074.77,4095.74,4067.51,4070.39
2026-02-02 12:00:00,4070.44,4169.75,4069.49,4151.65
2026-02-02 16:00:00,4151.66,4151.9,4087.77,4095.07
2026-02-02 20:00:00,4095.15,4096.16,4043.48,4043.52
2026-02-03 00:00:00,4043.63,4105.3,4039.35,4091.03
2026-02-03 04:00:00,4091.06,4188.8,4077.65,4187.18
2026-02-03 08:00:00,4187.29,4188.65,4109.67,4110.34
2026-02-03 12:00:00,4110.42,4120.95,4055.15,4060.37
2026-02-03 16:00:00,4060.3,4074.12,4031.67,4031.84
2026-02-03 20:00:00,4031.79,4065.67,4029.99,4048.31
2026-02-04 00:00:00,4048.29,4048.53,3989.34,3989.34
2026-02-04 04:00:00,3989.32,4007.19,3961.89,3987.06
2026-02-04 08:00:00,3987.04,3992.66,3959.44,3963.47
2026-02-04 12:00:00,3963.49,3975.42,3924.88,3966.14
2026-02-04 16:00:00,3966.19,4029.85,3930.59,4022.72
2026-02-04 20:00:00,4022.81,4095.19,3997.29,4092.65
2026-02-05 00:00:00,4092.61,4143.53,4064.5,4131.92
2026-02-05 04:00:00,4131.85,4137.68,4084.54,4085.75
2026-02-05 08:00:00,4085.75,4090.65,4047.54,4070.72
2026-02-05 12:00:00,4070.79,4078.56,4033.29,4050.64
2026-02-05 16:00:00,4050.56,4054.55,4021.4,4022.69
2026-02-05 20:00:00,4022.63,4038.73,4007.98,4025.17
2026-02-06 00:00:00,4025.15,4053.02,4008.23,4027.77
2026-02-06 04:00:00,4027.75,4056.54,4011.11,4011.51
2026-02-06 08:00:00,4011.61,4056.32,3988.8,4031.62
2026-02-06 12:00:00,4031.45,4090.37,4004.5,4078.82
2026-02-06 16:00:00,4078.74,4109.58,4032.62,4032.74
2026-02-06 20:00:00,4032.71,4063.55,4029.89,4053.77
2026-02-07 00:00:00,4053.75,4124.8,4048.26,4120.26
2026-02-07 04:00:00,4120.45,4257.19,4117.77,4248.27
2026-02-07 08:00:00,4248.31,4265.29,4212.62,4213.07
2026-02-07 12:00:00,4213.04,4230.72,4199.07,4213.08
2026-02-07 16:00:00,4212.94,4243.22,4179.69,4210.04
2026-02-07 20:00:00,4210.02,4241.46,4187.62,4188.19
2026-02-08 00:00:00,4188.21,4189.84,4120.93,4121.96
2026-02-08 04:00:00,4121.97,4138.06,4086.14,4119.29
2026-02-08 08:00:00,4119.21,4133.18,4081.32,4112.56
2026-02-08 12:00:00,4112.66,4112.97,4060.99,4080.12
2026-02-08 16:00:00,4080.19,4108.45,4068.31,4104.49
2026-02-08 20:00:00,4104.57,4145.61,4095.82,4114.96
2026-02-09 00:00:00,4115.01,4194.28,4111.7,4167.27
2026-02-09 04:00:00,4167.27,4167.86,4117.9,4117.94
2026-02-09 08:00:00,4117.81,4129.79,4101.88,4104.8
2026-02-09 12:00:00,4104.79,4133.23,4098.78,4112.25
2026-02-09 16:00:00,4112.34,4158.06,4089.08,4145.91
2026-02-09 20:00:00,4145.96,4146.42,4078.26,4080.07
2026-02-10 00:00:00,4080.16,4080.71,4015.64,4015.68
2026-02-10 04:00:00,4015.67,4112.12,4015.03,4111.41
2026-02-10 08:00:00,4111.45,4115.76,4078.86,4080.29
2026-02-10 12:00:00,4080.3,4109.25,4077.28,4090.88
2026-02-10 16:00:00,4090.86,4103.46,4053.32,4068.98
2026-02-10 20:00:00,4069.13,4071.42,4046.54,4046.86
2026-02-11 00:00:00,4046.95,4047.9,4015.21,4015.61
2026-02-11 04:00:00,4015.5,4032.67,3992.29,3998.19
2026-02-11 08:00:00,3998.31,4011.59,3985.09,4005.64
2026-02-11 12:00:00,4005.62,4040.9,4002.33,4008.4
2026-02-11 16:00:00,4008.35,4023.86,3969.59,3979.28
2026-02-11 20:00:00,3979.22,4023.8,3977.6,3995.83
2026-02-12 00:00:00,3996.02,3996.09,3954.17,3954.19
2026-02-12 04:00:00,3954.04,3954.07,3917.94,3933.68
2026-02-12 08:00:00,3932.54,3950.93,3893.75,3944.25
2026-02-12 12:00:00,3944.25,4018.79,3935.01,4018.51
2026-02-12 16:00:00,4018.33,4019.22,3976.31,4003.01
2026-02-12 20:00:00,4003.08,4064.99,3974.32,4049.95
2026-02-13 00:00:00,4049.82,4086.83,4035.29,4073.63
2026-02-13 04:00:00,4073.62,4075.46,4023.65,4036.07
2026-02-13 08:00:00,4036.19,4160.22,4030.91,4133.96
2026-02-13 12:00:00,4133.87,4147.92,4122.97,4123.33
2026-02-13 16:00:00,4123.4,4250.43,4106.67,4241.87
2026-02-13 20:00:00,4241.9,4293.26,4210.32,4288.28
2026-02-14 00:00:00,4288.28,4323.64,4274.38,4275.57
2026-02-14 04:00:00,4275.54,4334.03,4266.47,4304.69
2026-02-14 08:00:00,4304.71,4400.58,4293.56,4393.13
2026-02-14 12:00:00,4393.06,4438.52,4388.48,4420.49
2026-02-14 16:00:00,4420.41,4420.42,4381.73,4407.67
2026-02-14 20:00:00,4407.64,4417.84,4356.85,4357.27
2026-02-15 00:00:00,4357.27,4358.96,4288.82,4289.03
2026-02-15 04:00:00,4289.03,4289.05,4250.92,4268.11
2026-02-15 08:00:00,4268.22,4313.02,4243.76,4311.88
2026-02-15 12:00:00,4311.81,4311.82,4278.09,4305.14
2026-02-15 16:00:00,4305.17,4338.57,4292.82,4311.08
2026-02-15 20:00:00,4311.2,4320.57,4279.64,4281.39
2026-02-16 00:00:00,4281.43,4310.25,4249.61,4288.47
2026-02-16 04:00:00,4288.48,4330.35,4285.46,4294.55
2026-02-16 08:00:00,4294.63,4305.71,4257.87,4259.71
2026-02-16 12:00:00,4259.75,4271.41,4223.22,4224.64
2026-02-16 16:00:00,4224.49,4262.4,4214.96,4246.35
2026-02-16 20:00:00,4246.38,4320.81,4217.28,4289.54
2026-02-17 00:00:00,4289.61,4327.23,4268.55,4307.09
2026-02-17 04:00:00,4307.03,4316.87,4270.25,4270.59
2026-02-17 08:00:00,4270.58,4370.34,4268.63,4351.47
2026-02-17 12:00:00,4351.51,4397.25,4341.77,4374.92
2026-02-17 16:00:00,4375.02,4412.87,4358.08,4408.05
2026-02-17 20:00:00,4408.11,4493.65,4403.24,4471.14
2026-02-18 00:00:00,4471.4,4483.47,4452.27,4472.47
2026-02-18 04:00:00,4472.47,4495.56,4440.14,4469.27
2026-02-18 08:00:00,4469.4,4470.11,4406.69,4424.65
2026-02-18 12:00:00,4424.8,4468.15,4414.22,4436.08
2026-02-18 16:00:00,4436.25,4449.36,4402.24,4429.99
2026-02-18 20:00:00,4429.98,4430.18,4346.61,4346.63
2026-02-19 00:00:00,4346.57,4347.12,4285.08,4287.42
2026-02-19 04:00:00,4287.39,4294.96,4258.1,4261.35
2026-02-19 08:00:00,4261.34,4261.44,4197.19,4197.47
2026-02-19 12:00:00,4197.3,4233.73,4196.86,4213.63
2026-02-19 16:00:00,4213.52,4226.73,4194.26,4212.91
2026-02-19 20:00:00,4212.88,4238.42,4195.57,4207.19
2026-02-20 00:00:00,4207.12,4213.16,4163.61,4166.05
2026-02-20 04:00:00,4166.01,4166.28,4081.48,4081.62
2026-02-20 08:00:00,4081.65,4184.8,4077.49,4183.45
2026-02-20 12:00:00,4183.27,4257.49,4182.77,4255.52
2026-02-20 16:00:00,4255.44,4296.6,4222.73,4293.02
2026-02-20 20:00:00,4293.0,4355.47,4285.56,4341.02
2026-02-21 00:00:00,4341.15,4517.73,4338.79,4515.43
2026-02-21 04:00:00,4515.42,4517.87,4480.05,4503.35
2026-02-21 08:00:00,4503.33,4504.35,4454.4,4460.93
2026-02-21 12:00:00,4460.85,4461.7,4426.47,4426.47
2026-02-21 16:00:00,4426.33,4427.26,4363.62,4375.76
2026-02-21 20:00:00,4375.77,4467.46,4368.72,4434.99
2026-02-22 00:00:00,4435.1,4455.94,4400.57,4401.78
2026-02-22 04:00:00,4401.63,4439.72,4373.52,4438.77
2026-02-22 08:00:00,4438.68,4469.65,4434.44,4446.04
2026-02-22 12:00:00,4446.09,4452.5,4402.25,4402.61
2026-02-22 16:00:00,4402.53,4463.47,4396.75,4454.44
2026-02-22 20:00:00,4454.48,4534.98,4447.9,4492.26
2026-02-23 00:00:00,4492.32,4492.34,4447.42,4469.73
2026-02-23 04:00:00,4469.75,4545.56,4452.55,4536.65
2026-02-23 08:00:00,4536.75,4539.23,4513.68,4529.63
2026-02-23 12:00:00,4529.48,4563.44,4523.6,4551.9
2026-02-23 16:00:00,4551.99,4554.39,4481.4,4481.96
2026-02-23 20:00:00,4481.87,4524.58,4472.5,4494.56
2026-02-24 00:00:00,4494.57,4498.57,4461.49,4461.54
2026-02-24 04:00:00,4461.57,4506.35,4458.79,4488.15
2026-02-24 08:00:00,4488.2,4568.51,4481.28,4567.09
2026-02-24 12:00:00,4567.1,4615.8,4555.56,4556.75
2026-02-24 16:00:00,4556.74,4557.3,4498.58,4499.26
2026-02-24 20:00:00,4499.2,4548.61,4490.19,4541.81
2026-02-25 00:00:00,4541.82,4544.21,4495.33,4501.84
2026-02-25 04:00:00,4501.7,4546.53,4480.87,4522.06
2026-02-25 08:00:00,4521.94,4541.08,4484.94,4488.05
2026-02-25 12:00:00,4488.16,4497.81,4436.01,4465.53
2026-02-25 16:00:00,4465.41,4492.77,4424.83,4491.82
2026-02-25 20:00:00,4491.79,4492.13,4410.13,4410.21
2026-02-26 00:00:00,4410.24,4426.54,4397.09,4397.15
2026-02-26 04:00:00,4397.23,4398.12,4332.51,4341.59
2026-02-26 08:00:00,4341.65,4388.5,4337.72,4366.71
2026-02-26 12:00:00,4366.68,4446.8,4364.96,4430.51
2026-02-26 16:00:00,4430.57,4468.08,4411.14,4416.93
2026-02-26 20:00:00,4416.94,4423.64,4386.85,4401.75
2026-02-27 00:00:00,4401.69,4506.78,4400.79,4489.48
2026-02-27 04:00:00,4489.49,4503.78,4444.57,4497.57
2026-02-27 08:00:00,4497.62,4544.0,4473.94,4531.9
2026-02-27 12:00:00,4531.93,4568.34,4504.98,4519.28
2026-02-27 16:00:00,4519.21,4524.24,4485.61,4499.48
2026-02-27 20:00:00,4499.66,4499.66,4449.21,4452.75
2026-02-28 00:00:00,4452.7,4455.01,4402.81,4409.0
2026-02-28 04:00:00,4409.01,4466.29,4388.48,4455.53
2026-02-28 08:00:00,4455.59,4465.06,4422.57,4425.36
2026-02-28 12:00:00,4425.33,4433.67,4387.06,4432.35
2026-02-28 16:00:00,4432.34,4441.28,4404.55,4405.12
2026-02-28 20:00:00,4405.17,4440.09,4396.87,4406.21
2026-03-01 00:00:00,4406.19,4414.99,4326.96,4346.86
2026-03-01 04:00:00,4346.85,4409.9,4337.7,4390.71
2026-03-01 08:00:00,4390.66,4413.33,4328.74,4329.16
2026-03-01 12:00:00,4329.14,4340.89,4264.2,4265.32
2026-03-01 16:00:00,4265.34,4266.16,4231.43,4249.29
2026-03-01 20:00:00,4249.35,4274.1,4243.31,4253.61
2026-03-02 00:00:00,4253.61,4254.23,4219.98,4230.96
2026-03-02 04:00:00,4231.01,4231.84,4188.66,4192.97
2026-03-02 08:00:00,4192.9,4206.02,4167.16,4167.66
2026-03-02 12:00:00,4167.72,4181.85,4136.15,4157.72
2026-03-02 16:00:00,4157.68,4178.29,4118.56,4139.39
2026-03-02 20:00:00,4139.46,4160.12,4116.33,4123.97
2026-03-03 00:00:00,4123.98,4138.66,4098.36,4098.54
2026-03-03 04:00:00,4098.51,4105.72,4050.56,4081.31
2026-03-03 08:00:00,4081.33,4131.68,4071.52,4117.64
2026-03-03 12:00:00,4117.6,4169.56,4099.06,4162.88
2026-03-03 16:00:00,4162.83,4208.79,4161.88,4168.55
2026-03-03 20:00:00,4168.52,4226.24,4148.9,4225.12
2026-03-04 00:00:00,4225.16,4246.36,4204.7,4205.61
2026-03-04 04:00:00,4205.59,4232.56,4188.27,4230.16
2026-03-04 08:00:00,4230.3,4232.74,4194.71,4195.14
2026-03-04 12:00:00,4195.1,4218.5,4157.55,4157.55
2026-03-04 16:00:00,4157.45,4162.92,4114.31,4114.96
2026-03-04 20:00:00,4115.1,4184.22,4110.27,4176.0
2026-03-05 00:00:00,4176.04,4176.47,4122.67,4130.45
2026-03-05 04:00:00,4130.62,4147.4,4096.77,4131.16
2026-03-05 08:00:00,4131.23,4131.42,4058.69,4066.68
2026-03-05 12:00:00,4066.64,4067.16,4043.93,4053.74
2026-03-05 16:00:00,4053.65,4054.81,4018.52,4027.08
2026-03-05 20:00:00,4027.07,4091.98,4007.93,4059.62
2026-03-06 00:00:00,4059.54,4120.52,4057.09,4100.82
2026-03-06 04:00:00,4100.79,4120.6,4071.17,4117.07
2026-03-06 08:00:00,4117.06,4148.91,4113.66,4133.27
2026-03-06 12:00:00,4133.25,4192.23,4130.98,4179.07
2026-03-06 16:00:00,4178.98,4225.44,4173.5,4195.81
2026-03-06 20:00:00,4195.69,4244.03,4183.43,4219.49
2026-03-07 00:00:00,4219.49,4219.58,4150.5,4150.68
2026-03-07 04:00:00,4150.75,4197.47,4149.63,4172.85
2026-03-07 08:00:00,4172.84,4173.23,4098.23,4100.4
2026-03-07 12:00:00,4100.38,4151.84,4076.0,4118.74
2026-03-07 16:00:00,4118.59,4119.51,4049.19,4057.67
2026-03-07 20:00:00,4057.57,4070.25,4036.51,4067.13
2026-03-08 00:00:00,4067.03,4099.1,4055.3,4077.34
2026-03-08 04:00:00,4077.38,4078.92,4027.01,4029.84
2026-03-08 08:00:00,4029.89,4041.15,4001.03,4041.15
2026-03-08 12:00:00,4041.19,4041.19,4013.72,4014.38
2026-03-08 16:00:00,4014.5,4040.34,3992.57,4024.68
2026-03-08 20:00:00,4024.68,4062.09,4013.91,4053.7
2026-03-09 00:00:00,4053.69,4107.88,4032.34,4090.45
2026-03-09 04:00:00,4090.43,4143.82,4088.85,4135.46
2026-03-09 08:00:00,4135.41,4135.89,4084.64,4084.65
2026-03-09 12:00:00,4084.59,4103.18,4053.96,4054.25
2026-03-09 16:00:00,4054.28,4055.7,4009.74,4034.4
2026-03-09 20:00:00,4034.39,4035.32,3970.54,4019.71
2026-03-10 00:00:00,4019.74,4051.19,4004.31,4043.7
2026-03-10 04:00:00,4043.65,4048.87,4004.94,4020.14
2026-03-10 08:00:00,4020.24,4023.3,3965.64,3966.17
2026-03-10 12:00:00,3966.05,3991.65,3949.54,3977.41
2026-03-10 16:00:00,3977.49,3980.51,3933.44,3955.73
2026-03-10 20:00:00,3955.85,4009.11,3955.05,4000.87
2026-03-11 00:00:00,4000.97,4004.35,3962.08,3992.54
2026-03-11 04:00:00,3992.59,4020.48,3974.31,3991.72
2026-03-11 08:00:00,3991.78,3992.3,3949.77,3960.9
2026-03-11 12:00:00,3960.92,3995.07,3956.32,3975.74
2026-03-11 16:00:00,3975.77,4019.65,3975.35,4012.57
2026-03-11 20:00:00,4012.55,4013.33,3960.2,3977.53
2026-03-12 00:00:00,3977.41,4003.22,3961.66,3998.44
2026-03-12 04:00:00,3998.4,4049.51,3998.4,4027.44
2026-03-12 08:00:00,4027.37,4051.55,4019.41,4046.77
2026-03-12 12:00:00,4046.75,4104.35,4039.87,4047.87
2026-03-12 16:00:00,4047.98,4066.09,4024.07,4055.78
2026-03-12 20:00:00,4055.79,4099.86,4042.17,4084.29
2026-03-13 00:00:00,4084.25,4084.25,4017.66,4019.08
2026-03-13 04:00:00,4019.0,4080.34,4017.97,4058.6
2026-03-13 08:00:00,4058.6,4121.27,4057.16,4101.78
2026-03-13 12:00:00,4101.84,4163.48,4094.19,4160.24
2026-03-13 16:00:00,4160.21,4160.26,4097.44,4098.35
2026-03-13 20:00:00,4098.37,4105.26,4055.57,4062.37
2026-03-14 00:00:00,4062.36,4064.33,4006.16,4006.72
2026-03-14 04:00:00,4006.63,4020.73,3978.47,3979.59
2026-03-14 08:00:00,3979.57,3990.54,3966.77,3979.42
2026-03-14 12:00:00,3979.51,3979.81,3955.76,3968.2
2026-03-14 16:00:00,3968.25,3979.71,3935.22,3935.28
2026-03-14 20:00:00,3935.29,3936.0,3879.54,3880.74
2026-03-15 00:00:00,3880.85,3880.85,3825.52,3829.19
2026-03-15 04:00:00,3829.21,3829.5,3785.61,3788.81
2026-03-15 08:00:00,3788.87,3827.34,3785.51,3810.06
2026-03-15 12:00:00,3810.05,3810.43,3770.61,3796.37
2026-03-15 16:00:00,3796.43,3825.31,3762.55,3762.55
2026-03-15 20:00:00,3762.53,3782.67,3732.19,3782.56
2026-03-16 00:00:00,3782.4,3799.01,3767.51,3767.71
2026-03-16 04:00:00,3767.75,3788.19,3737.66,3738.34
2026-03-16 08:00:00,3738.34,3756.61,3725.63,3725.77
2026-03-16 12:00:00,3725.75,3726.92,3692.87,3693.15
2026-03-16 16:00:00,3693.2,3713.18,3672.23,3673.02
2026-03-16 20:00:00,3673.09,3716.74,3662.9,3707.69
2026-03-17 00:00:00,3707.72,3733.02,3703.6,3733.0
2026-03-17 04:00:00,3732.99,3733.48,3682.82,3682.86
2026-03-17 08:00:00,3682.94,3689.04,3620.22,3636.91
2026-03-17 12:00:00,3637.07,3643.86,3596.14,3601.16
2026-03-17 16:00:00,3601.22,3620.27,3572.46,3578.15
2026-03-17 20:00:00,3578.18,3579.31,3541.33,3541.66
2026-03-18 00:00:00,3541.74,3602.36,3524.78,3575.89
2026-03-18 04:00:00,3575.88,3589.47,3547.26,3554.05
2026-03-18 08:00:00,3554.15,3558.69,3527.47,3527.73
2026-03-18 12:00:00,3527.61,3533.76,3476.68,3477.16
2026-03-18 16:00:00,3477.19,3502.94,3473.07,3486.81
2026-03-18 20:00:00,3486.82,3539.7,3467.38,3537.66
2026-03-19 00:00:00,3537.7,3538.22,3494.24,3498.53
2026-03-19 04:00:00,3498.54,3506.37,3465.02,3479.76
2026-03-19 08:00:00,3479.79,3487.13,3457.21,3472.3
2026-03-19 12:00:00,3472.28,3512.65,3460.3,3498.66
2026-03-19 16:00:00,3498.56,3542.95,3489.06,3514.67
2026-03-19 20:00:00,3514.66,3525.52,3494.11,3509.91
2026-03-20 00:00:00,3509.9,3548.69,3496.76,3527.17
2026-03-20 04:00:00,3527.18,3551.96,3521.7,3526.56
2026-03-20 08:00:00,3526.59,3545.33,3514.79,3523.83
2026-03-20 12:00:00,3523.77,3562.27,3518.49,3552.47
2026-03-20 16:00:00,3552.53,3569.5,3531.23,3569.07
2026-03-20 20:00:00,3569.1,3606.38,3566.2,3597.17
2026-03-21 00:00:00,3597.16,3630.01,3586.21,3624.64
2026-03-21 04:00:00,3624.61,3624.66,3577.88,3588.49
2026-03-21 08:00:00,3588.5,3617.34,3584.66,3610.33
2026-03-21 12:00:00,3610.45,3632.87,3608.24,3611.78
2026-03-21 16:00:00,3611.75,3615.8,3571.02,3571.11
2026-03-21 20:00:00,3571.1,3609.59,3565.49,3600.41
2026-03-22 00:00:00,3600.6,3600.92,3569.71,3597.73
2026-03-22 04:00:00,3597.66,3605.58,3585.37,3587.0
2026-03-22 08:00:00,3586.97,3639.32,3586.75,3623.31
2026-03-22 12:00:00,3623.27,3672.18,3612.83,3668.92
2026-03-22 16:00:00,3668.94,3671.95,3610.1,3620.93
2026-03-22 20:00:00,3620.98,3635.53,3602.9,3628.36
2026-03-23 00:00:00,3628.32,3664.36,3606.47,3643.89
2026-03-23 04:00:00,3643.89,3663.24,3625.58,3649.73
2026-03-23 08:00:00,3649.7,3677.37,3645.11,3666.83
2026-03-23 12:00:00,3666.77,3688.76,3658.51,3672.61
2026-03-23 16:00:00,3672.56,3672.61,3650.67,3661.41
2026-03-23 20:00:00,3661.39,3667.18,3630.92,3630.96
2026-03-24 00:00:00,3630.97,3654.97,3610.71,3643.66
2026-03-24 04:00:00,3643.65,3706.62,3629.99,3699.09
2026-03-24 08:00:00,3699.07,3701.04,3667.39,3680.38
2026-03-24 12:00:00,3680.38,3690.86,3646.92,3647.15
2026-03-24 16:00:00,3647.18,3680.46,3631.46,3667.0
2026-03-24 20:00:00,3667.0,3719.25,3663.4,3709.58
2026-03-25 00:00:00,3709.61,3711.66,3637.63,3656.31
2026-03-25 04:00:00,3656.34,3666.21,3629.75,3629.8
2026-03-25 08:00:00,3629.76,3641.08,3595.18,3599.44
2026-03-25 12:00:00,3599.43,3605.01,3584.72,3594.29
2026-03-25 16:00:00,3594.3,3594.77,3526.95,3528.18
2026-03-25 20:00:00,3528.08,3536.78,3507.43,3534.31
2026-03-26 00:00:00,3534.34,3534.56,3499.36,3509.3
2026-03-26 04:00:00,3509.3,3514.84,3479.91,3480.23
2026-03-26 08:00:00,3480.19,3521.43,3477.16,3494.77
2026-03-26 12:00:00,3494.83,3534.92,3463.11,3532.25
2026-03-26 16:00:00,3532.22,3547.3,3527.91,3534.9
2026-03-26 20:00:00,3534.93,3550.26,3523.21,3535.46
2026-03-27 00:00:00,3535.49,3633.97,3534.95,3623.61
2026-03-27 04:00:00,3623.64,3657.19,3620.49,3629.94
2026-03-27 08:00:00,3630.03,3631.38,3582.61,3588.77
2026-03-27 12:00:00,3588.86,3589.54,3523.82,3526.93
2026-03-27 16:00:00,3526.95,3527.66,3483.35,3502.3
2026-03-27 20:00:00,3502.31,3513.59,3487.61,3492.38
2026-03-28 00:00:00,3492.51,3521.68,3482.52,3498.69
2026-03-28 04:00:00,3498.7,3577.18,3495.52,3573.16
2026-03-28 08:00:00,3573.19,3573.21,3520.56,3520.65
2026-03-28 12:00:00,3520.69,3545.5,3517.58,3525.43
2026-03-28 16:00:00,3525.28,3525.69,3489.49,3491.29
2026-03-28 20:00:00,3491.29,3568.92,3485.0,3534.61
2026-03-29 00:00:00,3534.55,3545.04,3511.5,3511.53
2026-03-29 04:00:00,3511.49,3554.74,3484.44,3549.42
2026-03-29 08:00:00,3549.49,3619.62,3546.69,3615.77
2026-03-29 12:00:00,3615.77,3629.86,3594.86,3609.9
2026-03-29 16:00:00,3609.96,3635.46,3584.54,3585.76
2026-03-29 20:00:00,3585.83,3585.9,3531.25,3531.44
2026-03-30 00:00:00,3531.46,3599.97,3518.26,3583.8
2026-03-30 04:00:00,3583.69,3626.76,3573.76,3618.8
2026-03-30 08:00:00,3618.81,3666.07,3613.61,3663.15
2026-03-30 12:00:00,3663.19,3691.52,3654.88,3679.23
2026-03-30 16:00:00,3679.15,3732.64,3652.03,3730.59
2026-03-30 20:00:00,3730.57,3738.64,3693.45,3701.64
2026-03-31 00:00:00,3701.72,3764.93,3693.69,3743.63
2026-03-31 04:00:00,3743.61,3746.68,3710.22,3724.35
2026-03-31 08:00:00,3724.34,3724.65,3680.5,3681.92
2026-03-31 12:00:00,3681.83,3727.48,3680.27,3723.14
2026-03-31 16:00:00,3723.05,3755.16,3718.53,3734.62
2026-03-31 20:00:00,3734.54,3748.51,3726.67,3729.36
2026-04-01 00:00:00,3729.33,3734.57,3693.8,3696.18
2026-04-01 04:00:00,3696.22,3715.74,3693.3,3696.66
2026-04-01 08:00:00,3696.69,3725.16,3688.96,3720.26
2026-04-01 12:00:00,3720.2,3789.25,3713.11,3779.16
2026-04-01 16:00:00,3779.2,3801.35,3757.97,3799.44
2026-04-01 20:00:00,3799.48,3799.62,3748.02,3754.82
2026-04-02 00:00:00,3754.76,3754.86,3708.79,3709.62
2026-04-02 04:00:00,3709.54,3713.27,3686.04,3706.58
2026-04-02 08:00:00,3706.54,3721.7,3687.96,3703.45
2026-04-02 12:00:00,3703.48,3746.34,3691.84,3741.01
2026-04-02 16:00:00,3741.05,3759.21,3732.95,3739.49
2026-04-02 20:00:00,3739.53,3747.94,3686.2,3686.33
2026-04-03 00:00:00,3686.28,3695.93,3649.77,3651.0
2026-04-03 04:00:00,3650.94,3659.37,3627.33,3643.78
2026-04-03 08:00:00,3643.81,3669.39,3643.03,3658.78
2026-04-03 12:00:00,3658.79,3663.22,3609.21,3609.7
2026-04-03 16:00:00,3609.76,3697.7,3603.81,3697.56
2026-04-03 20:00:00,3697.47,3708.41,3675.0,3694.97
2026-04-04 00:00:00,3694.98,3703.36,3656.5,3686.22
2026-04-04 04:00:00,3686.26,3698.12,3660.6,3693.89
2026-04-04 08:00:00,3693.82,3694.39,3656.4,3656.83
2026-04-04 12:00:00,3656.81,3766.68,3648.87,3764.24
2026-04-04 16:00:00,3764.28,3769.04,3719.07,3719.51
2026-04-04 20:00:00,3719.55,3777.73,3719.35,3761.25
2026-04-05 00:00:00,3761.28,3774.32,3729.86,3762.26
2026-04-05 04:00:00,3762.29,3785.19,3737.56,3763.52
2026-04-05 08:00:00,3763.43,3812.91,3748.73,3807.67
2026-04-05 12:00:00,3807.74,3819.04,3786.94,3803.1
2026-04-05 16:00:00,3803.09,3823.39,3785.3,3800.72
2026-04-05 20:00:00,3800.77,3810.08,3763.21,3775.11
2026-04-06 00:00:00,3775.04,3793.14,3758.96,3766.98
2026-04-06 04:00:00,3766.96,3784.2,3752.76,3755.45
2026-04-06 08:00:00,3755.29,3761.37,3739.51,3755.4
2026-04-06 12:00:00,3755.37,3772.79,3722.92,3756.5
2026-04-06 16:00:00,3756.42,3782.33,3742.34,3742.43
2026-04-06 20:00:00,3742.37,3749.45,3696.74,3697.3
2026-04-07 00:00:00,3697.25,3698.12,3651.47,3652.29
2026-04-07 04:00:00,3652.14,3657.01,3626.37,3626.5
2026-04-07 08:00:00,3626.35,3647.09,3601.08,3631.16
2026-04-07 12:00:00,3631.11,3671.41,3626.53,3666.03
2026-04-07 16:00:00,3665.92,3707.52,3664.47,3697.07
2026-04-07 20:00:00,3697.03,3730.69,3689.64,3694.53
2026-04-08 00:00:00,3694.55,3694.55,3662.78,3664.48
2026-04-08 04:00:00,3664.43,3668.6,3618.76,3619.74
2026-04-08 08:00:00,3619.77,3667.53,3575.34,3661.39
2026-04-08 12:00:00,3661.39,3697.85,3646.72,3693.05
2026-04-08 16:00:00,3693.11,3707.51,3662.22,3663.34
2026-04-08 20:00:00,3663.34,3663.55,3620.81,3637.04
2026-04-09 00:00:00,3637.0,3654.59,3620.65,3621.09
2026-04-09 04:00:00,3621.15,3625.57,3588.7,3590.94
2026-04-09 08:00:00,3591.0,3603.86,3570.14,3573.73
2026-04-09 12:00:00,3573.71,3587.54,3559.38,3579.03
2026-04-09 16:00:00,3578.97,3613.42,3554.01,3598.67
2026-04-09 20:00:00,3598.66,3599.16,3554.54,3555.11
2026-04-10 00:00:00,3555.17,3555.87,3525.16,3525.63
2026-04-10 04:00:00,3525.62,3545.55,3501.7,3528.8
2026-04-10 08:00:00,3528.78,3537.91,3474.82,3475.0
2026-04-10 12:00:00,3474.93,3480.12,3437.17,3437.62
2026-04-10 16:00:00,3437.67,3468.04,3431.42,3455.32
2026-04-10 20:00:00,3455.2,3473.46,3438.52,3444.13
2026-04-11 00:00:00,3444.09,3447.0,3396.81,3405.21
2026-04-11 04:00:00,3405.2,3435.7,3396.93,3422.43
2026-04-11 08:00:00,3422.35,3422.91,3384.98,3390.04
2026-04-11 12:00:00,3390.06,3390.84,3346.53,3356.54
2026-04-11 16:00:00,3356.56,3359.96,3332.76,3343.53
2026-04-11 20:00:00,3343.55,3361.22,3327.37,3327.9
2026-04-12 00:00:00,3327.82,3348.92,3321.72,3323.28
2026-04-12 04:00:00,3323.26,3392.19,3323.09,3373.29
2026-04-12 08:00:00,3373.23,3417.45,3366.7,3414.76
2026-04-12 12:00:00,3414.76,3424.28,3391.2,3407.53
2026-04-12 16:00:00,3407.55,3407.62,3369.23,3388.29
2026-04-12 20:00:00,3388.19,3419.97,3384.08,3417.06
2026-04-13 00:00:00,3417.06,3417.47,3380.52,3396.15
2026-04-13 04:00:00,3396.16,3400.38,3357.59,3358.93
2026-04-13 08:00:00,3358.84,3399.0,3357.6,3374.06
2026-04-13 12:00:00,3374.07,3415.54,3371.13,3384.82
2026-04-13 16:00:00,3384.87,3388.94,3358.44,3364.91
2026-04-13 20:00:00,3364.83,3366.06,3344.48,3365.2
2026-04-14 00:00:00,3365.21,3391.03,3356.12,3382.7
2026-04-14 04:00:00,3382.65,3415.46,3370.53,3371.79
2026-04-14 08:00:00,3371.72,3401.5,3357.85,3401.34
2026-04-14 12:00:00,3401.35,3453.88,3388.53,3440.25
2026-04-14 16:00:00,3440.32,3446.05,3403.26,3408.16
2026-04-14 20:00:00,3408.07,3430.05,3405.92,3425.14
2026-04-15 00:00:00,3425.09,3439.56,3411.97,3423.2
2026-04-15 04:00:00,3423.23,3423.64,3364.82,3374.6
2026-04-15 08:00:00,3374.63,3395.7,3369.31,3369.56
2026-04-15 12:00:00,3369.47,3369.47,3330.4,3339.67
2026-04-15 16:00:00,3339.66,3345.87,3324.41,3325.34
2026-04-15 20:00:00,3325.33,3347.17,3299.43,3346.93
2026-04-16 00:00:00,3346.86,3369.07,3336.6,3364.45
2026-04-16 04:00:00,3364.39,3365.21,3326.43,3327.31
2026-04-16 08:00:00,3327.33,3343.03,3305.73,3331.65
2026-04-16 12:00:00,3331.74,3345.59,3300.28,3300.36
2026-04-16 16:00:00,3300.32,3370.75,3299.6,3365.21
2026-04-16 20:00:00,3365.25,3412.89,3352.05,3408.7
2026-04-17 00:00:00,3408.69,3424.36,3356.63,3357.34
2026-04-17 04:00:00,3357.33,3377.48,3347.4,3363.98
2026-04-17 08:00:00,3364.05,3435.33,3362.93,3434.59
2026-04-17 12:00:00,3434.62,3462.03,3416.34,3443.07
2026-04-17 16:00:00,3443.0,3523.36,3442.62,3506.15
2026-04-17 20:00:00,3506.01,3553.54,3497.23,3542.2
2026-04-18 00:00:00,3542.1,3558.92,3523.97,3553.65
2026-04-18 04:00:00,3553.57,3597.54,3552.76,3595.9
2026-04-18 08:00:00,3595.88,3623.17,3587.23,3609.15
2026-04-18 12:00:00,3609.18,3611.48,3571.22,3606.29
2026-04-18 16:00:00,3606.23,3607.49,3577.86,3586.65
2026-04-18 20:00:00,3586.61,3621.03,3559.29,3574.5
2026-04-19 00:00:00,3574.51,3578.83,3540.89,3545.42
2026-04-19 04:00:00,3545.39,3545.68,3503.81,3511.4
2026-04-19 08:00:00,3511.38,3530.25,3498.24,3517.67
2026-04-19 12:00:00,3517.54,3596.05,3514.91,3586.95
2026-04-19 16:00:00,3587.0,3643.46,3578.89,3637.51
2026-04-19 20:00:00,3637.57,3712.13,3634.07,3705.87
2026-04-20 00:00:00,3705.91,3744.4,3699.83,3734.27
2026-04-20 04:00:00,3734.29,3739.56,3667.56,3669.84
2026-04-20 08:00:00,3669.92,3734.39,3669.64,3716.14
2026-04-20 12:00:00,3716.19,3739.7,3703.7,3722.43
2026-04-20 16:00:00,3722.37,3741.57,3706.95,3716.94
2026-04-20 20:00:00,3716.98,3730.35,3648.05,3654.19
2026-04-21 00:00:00,3654.13,3681.22,3643.54,3654.42
2026-04-21 04:00:00,3654.38,3662.0,3612.06,3612.26
2026-04-21 08:00:00,3612.23,3677.17,3611.6,3647.39
2026-04-21 12:00:00,3647.46,3647.61,3624.7,3625.89
2026-04-21 16:00:00,3625.83,3625.96,3580.54,3596.92
2026-04-21 20:00:00,3596.99,3602.82,3539.45,3539.5
2026-04-22 00:00:00,3539.48,3550.04,3528.68,3535.99
2026-04-22 04:00:00,3536.01,3557.63,3513.75,3540.59
2026-04-22 08:00:00,3540.62,3555.87,3521.69,3546.31
2026-04-22 12:00:00,3546.33,3580.61,3542.7,3563.19
2026-04-22 16:00:00,3563.22,3582.71,3550.73,3564.84
2026-04-22 20:00:00,3564.78,3567.11,3504.31,3506.59
2026-04-23 00:00:00,3506.63,3521.81,3475.41,3513.13
2026-04-23 04:00:00,3513.05,3514.4,3478.2,3490.53
2026-04-23 08:00:00,3490.49,3506.81,3466.12,3480.58
2026-04-23 12:00:00,3480.59,3499.74,3464.34,3490.99
2026-04-23 16:00:00,3491.08,3616.41,3489.36,3615.02
2026-04-23 20:00:00,3615.05,3634.18,3603.74,3621.97
2026-04-24 00:00:00,3621.99,3633.08,3568.03,3568.23
2026-04-24 04:00:00,3568.29,3568.29,3533.13,3533.84
2026-04-24 08:00:00,3533.83,3571.55,3527.62,3532.08
2026-04-24 12:00:00,3531.99,3539.94,3505.59,3537.91
2026-04-24 16:00:00,3537.91,3560.77,3525.49,3546.12
2026-04-24 20:00:00,3546.07,3559.85,3520.65,3544.27
2026-04-25 00:00:00,3544.28,3579.02,3540.78,3550.36
2026-04-25 04:00:00,3550.28,3550.44,3492.31,3511.67
2026-04-25 08:00:00,3511.56,3511.74,3462.53,3480.16
2026-04-25 12:00:00,3480.13,3480.28,3452.9,3462.29
2026-04-25 16:00:00,3463.73,3477.84,3449.65,3469.37
2026-04-25 20:00:00,3469.37,3500.6,3446.41,3484.77
2026-04-26 00:00:00,3484.74,3508.47,3472.32,3507.8
2026-04-26 04:00:00,3507.76,3576.55,3503.94,3574.79
2026-04-26 08:00:00,3574.69,3640.28,3572.23,3623.56
2026-04-26 12:00:00,3623.52,3626.79,3609.46,3609.47
2026-04-26 16:00:00,3609.42,3633.86,3586.63,3600.39
2026-04-26 20:00:00,3600.3,3611.04,3587.13,3587.23
2026-04-27 00:00:00,3587.18,3597.62,3573.96,3574.04
2026-04-27 04:00:00,3574.04,3574.04,3536.27,3537.07
2026-04-27 08:00:00,3536.95,3556.39,3519.85,3519.85
2026-04-27 12:00:00,3519.91,3567.58,3519.54,3565.96
2026-04-27 16:00:00,3565.98,3618.62,3561.41,3601.45
2026-04-27 20:00:00,3601.43,3609.42,3555.57,3556.08
2026-04-28 00:00:00,3556.11,3575.34,3546.67,3570.35
2026-04-28 04:00:00,3570.39,3576.99,3540.87,3541.46
2026-04-28 08:00:00,3541.37,3546.8,3528.41,3529.47
2026-04-28 12:00:00,3529.5,3551.0,3515.81,3519.25
2026-04-28 16:00:00,3519.21,3556.04,3514.36,3548.05
2026-04-28 20:00:00,3548.02,3548.14,3521.31,3533.31
2026-04-29 00:00:00,3533.31,3538.91,3502.0,3524.99
2026-04-29 04:00:00,3525.04,3542.67,3520.03,3526.73
2026-04-29 08:00:00,3526.73,3537.68,3510.37,3513.54
2026-04-29 12:00:00,3513.64,3607.35,3508.73,3591.22
2026-04-29 16:00:00,3591.26,3598.78,3558.15,3575.18
2026-04-29 20:00:00,3575.17,3610.03,3558.99,3578.87
2026-04-30 00:00:00,3578.92,3609.86,3573.45,3577.85
2026-04-30 04:00:00,3577.88,3627.71,3567.51,3624.64
2026-04-30 08:00:00,3624.73,3637.65,3594.71,3595.06
2026-04-30 12:00:00,3595.04,3601.16,3577.61,3577.8
2026-04-30 16:00:00,3577.76,3580.5,3558.87,3578.47
2026-04-30 20:00:00,3578.51,3633.18,3577.12,3628.92
2026-05-01 00:00:00,3628.91,3631.78,3597.51,3597.69
2026-05-01 04:00:00,3597.71,3617.58,3576.52,3578.32
2026-05-01 08:00:00,3578.4,3593.83,3543.58,3544.72
2026-05-01 12:00:00,3544.72,3560.74,3539.46,3539.46
2026-05-01 16:00:00,3539.44,3546.11,3509.01,3534.55
2026-05-01 20:00:00,3534.52,3544.56,3498.66,3500.73
2026-05-02 00:00:00,3500.81,3501.28,3463.63,3487.15
2026-05-02 04:00:00,3487.17,3488.77,3448.14,3460.47
2026-05-02 08:00:00,3460.45,3502.58,3446.87,3488.55
2026-05-02 12:00:00,3488.48,3501.45,3443.88,3443.88
2026-05-02 16:00:00,3443.82,3482.57,3430.88,3476.12
2026-05-02 20:00:00,3476.12,3476.22,3421.58,3422.88
2026-05-03 00:00:00,3422.76,3425.74,3383.01,3383.54
2026-05-03 04:00:00,3383.56,3398.18,3380.18,3388.08
2026-05-03 08:00:00,3388.08,3405.36,3358.52,3398.91
2026-05-03 12:00:00,3399.01,3444.34,3395.76,3410.09
2026-05-03 16:00:00,3410.07,3426.5,3400.45,3408.52
2026-05-03 20:00:00,3408.58,3454.43,3382.12,3453.04
2026-05-04 00:00:00,3453.15,3498.71,3445.92,3492.0
2026-05-04 04:00:00,3491.88,3525.08,3478.14,3521.08
2026-05-04 08:00:00,3521.08,3561.87,3512.28,3548.07
2026-05-04 12:00:00,3548.03,3554.0,3522.39,3526.51
2026-05-04 16:00:00,3526.52,3526.67,3492.57,3521.17
2026-05-04 20:00:00,3521.18,3528.12,3503.09,3507.01
2026-05-05 00:00:00,3507.05,3509.83,3472.66,3480.05
2026-05-05 04:00:00,3480.11,3490.73,3456.9,3467.94
2026-05-05 08:00:00,3467.86,3496.3,3461.99,3491.47
2026-05-05 12:00:00,3491.44,3502.35,3463.45,3463.48
2026-05-05 16:00:00,3463.51,3571.47,3441.95,3560.11
2026-05-05 20:00:00,3560.15,3658.94,3548.68,3650.23
2026-05-06 00:00:00,3650.25,3697.39,3649.5,3685.44
2026-05-06 04:00:00,3685.26,3704.95,3673.24,3698.76
2026-05-06 08:00:00,3698.67,3790.03,3688.36,3776.17
2026-05-06 12:00:00,3776.23,3791.34,3752.85,3752.85
2026-05-06 16:00:00,3752.73,3752.79,3710.58,3712.69
2026-05-06 20:00:00,3712.67,3737.46,3694.82,3704.22
2026-05-07 00:00:00,3704.17,3728.83,3677.78,3677.85
2026-05-07 04:00:00,3677.91,3744.66,3662.43,3739.75
2026-05-07 08:00:00,3739.73,3741.01,3708.53,3726.28
2026-05-07 12:00:00,3726.31,3726.59,3704.95,3712.18
2026-05-07 16:00:00,3712.17,3718.77,3674.25,3675.11
2026-05-07 20:00:00,3675.09,3730.33,3662.58,3726.78
2026-05-08 00:00:00,3726.76,3760.49,3701.68,3748.99
2026-05-08 04:00:00,3749.0,3756.07,3701.5,3702.82
2026-05-08 08:00:00,3702.89,3728.62,3685.28,3728.5
2026-05-08 12:00:00,3728.39,3752.1,3703.48,3742.04
2026-05-08 16:00:00,3742.02,3742.3,3697.57,3711.52
2026-05-08 20:00:00,3711.48,3738.33,3708.91,3736.58
2026-05-09 00:00:00,3736.6,3764.45,3730.76,3734.34
2026-05-09 04:00:00,3734.36,3735.2,3692.44,3694.32
2026-05-09 08:00:00,3694.36,3733.86,3685.94,3713.05
2026-05-09 12:00:00,3713.14,3777.0,3706.27,3757.64
2026-05-09 16:00:00,3757.6,3788.38,3731.36,3788.01
2026-05-09 20:00:00,3787.83,3889.55,3786.25,3866.41
2026-05-10 00:00:00,3866.46,3919.2,3860.39,3883.12
2026-05-10 04:00:00,3883.16,3892.29,3840.64,3854.72
2026-05-10 08:00:00,3854.81,3855.03,3825.67,3831.92
2026-05-10 12:00:00,3831.87,3874.89,3825.44,3860.42
2026-05-10 16:00:00,3860.5,3913.81,3842.91,3899.07
2026-05-10 20:00:00,3899.12,3905.72,3867.23,3894.72
2026-05-11 00:00:00,3894.71,3930.08,3891.5,3902.28
2026-05-11 04:00:00,3902.32,3902.73,3843.54,3843.86
2026-05-11 08:00:00,3843.84,3875.47,3819.99,3866.18
2026-05-11 12:00:00,3866.27,3933.75,3858.89,3930.06
2026-05-11 16:00:00,3930.13,3958.1,3910.13,3945.95
2026-05-11 20:00:00,3945.97,3952.06,3913.55,3936.13
2026-05-12 00:00:00,3936.21,4029.99,3935.73,4024.01
2026-05-12 04:00:00,4023.97,4126.03,4001.53,4111.5
2026-05-12 08:00:00,4111.57,4111.69,4070.12,4079.36
2026-05-12 12:00:00,4079.34,4113.98,4061.01,4061.69
2026-05-12 16:00:00,4061.78,4102.58,4052.77,4064.56
2026-05-12 20:00:00,4064.62,4067.5,4017.32,4029.05
2026-05-13 00:00:00,4028.93,4043.16,3999.73,4008.27
2026-05-13 04:00:00,4008.26,4023.78,3974.23,4003.39
2026-05-13 08:00:00,4003.4,4003.54,3939.9,3960.26
2026-05-13 12:00:00,3960.35,3997.19,3957.77,3990.86
2026-05-13 16:00:00,3990.77,3994.44,3968.52,3972.01
2026-05-13 20:00:00,3971.92,4029.39,3968.04,4025.47
2026-05-14 00:00:00,4025.52,4031.77,3958.98,3959.49
2026-05-14 04:00:00,3959.4,4069.04,3953.22,4066.08
2026-05-14 08:00:00,4066.04,4066.64,4031.02,4034.1
2026-05-14 12:00:00,4034.14,4036.79,4004.09,4031.14
2026-05-14 16:00:00,4031.21,4038.55,3998.66,4005.67
2026-05-14 20:00:00,4005.7,4060.89,4005.51,4043.11
2026-05-15 00:00:00,4043.1,4072.67,4029.91,4037.13
2026-05-15 04:00:00,4037.11,4037.51,3952.28,3966.91
2026-05-15 08:00:00,3966.93,3970.75,3911.05,3954.07
2026-05-15 12:00:00,3954.13,3959.23,3909.53,3909.74
2026-05-15 16:00:00,3909.84,3910.31,3885.43,3892.98
2026-05-15 20:00:00,3893.04,3893.1,3860.05,3860.25
2026-05-16 00:00:00,3860.32,3870.68,3814.39,3814.44
2026-05-16 04:00:00,3814.52,3828.72,3792.34,3810.62
2026-05-16 08:00:00,3810.5,3836.62,3800.97,3823.25
2026-05-16 12:00:00,3823.25,3823.66,3763.64,3763.84
2026-05-16 16:00:00,3763.91,3815.97,3760.92,3783.37
2026-05-16 20:00:00,3783.31,3849.22,3770.56,3848.82
2026-05-17 00:00:00,3848.89,3854.51,3829.06,3845.1
2026-05-17 04:00:00,3845.15,3906.81,3839.55,3898.98
2026-05-17 08:00:00,3899.0,3946.14,3888.52,3905.7
2026-05-17 12:00:00,3905.74,3914.53,3867.74,3869.32
2026-05-17 16:00:00,3869.4,3882.3,3841.24,3841.49
2026-05-17 20:00:00,3841.43,3841.86,3807.74,3807.74
2026-05-18 00:00:00,3807.76,3890.63,3800.04,3869.29
2026-05-18 04:00:00,3869.2,3904.03,3867.24,3893.11
2026-05-18 08:00:00,3893.01,3935.12,3884.14,3890.45
2026-05-18 12:00:00,3890.6,3892.43,3850.04,3858.75
2026-05-18 16:00:00,3858.78,3944.81,3846.09,3933.49
2026-05-18 20:00:00,3933.42,3933.7,3894.0,3909.32
2026-05-19 00:00:00,3909.12,3957.93,3882.14,3946.34
2026-05-19 04:00:00,3946.35,3964.3,3902.3,3903.03
2026-05-19 08:00:00,3903.1,3907.49,3874.51,3896.03
2026-05-19 12:00:00,3895.99,3916.76,3866.48,3911.46
2026-05-19 16:00:00,3911.57,3964.11,3910.01,3935.42
2026-05-19 20:00:00,3935.37,3936.09,3889.28,3889.3
2026-05-20 00:00:00,3889.31,3904.75,3857.31,3887.85
2026-05-20 04:00:00,3887.94,3888.3,3844.66,3867.53
2026-05-20 08:00:00,3867.39,3872.5,3823.59,3836.9
2026-05-20 12:00:00,3836.86,3840.29,3793.53,3793.7
2026-05-20 16:00:00,3793.61,3793.75,3761.42,3791.27
2026-05-20 20:00:00,3791.23,3865.16,3790.68,3860.77
2026-05-21 00:00:00,3860.79,3860.79,3810.3,3815.56
2026-05-21 04:00:00,3815.57,3824.13,3767.33,3810.16
2026-05-21 08:00:00,3810.24,3846.66,3792.93,3819.65
2026-05-21 12:00:00,3819.66,3843.21,3793.14,3821.66
2026-05-21 16:00:00,3821.79,3849.66,3812.61,3822.42
2026-05-21 20:00:00,3822.27,3845.93,3804.39,3818.06
2026-05-22 00:00:00,3818.06,3835.2,3768.93,3768.93
2026-05-22 04:00:00,3769.03,3772.52,3725.81,3732.97
2026-05-22 08:00:00,3732.98,3753.89,3700.2,3700.29
2026-05-22 12:00:00,3700.42,3700.44,3647.06,3680.53
2026-05-22 16:00:00,3680.51,3691.2,3653.01,3659.42
2026-05-22 20:00:00,3659.42,3659.79,3630.86,3637.06
2026-05-23 00:00:00,3637.08,3664.81,3614.56,3643.47
2026-05-23 04:00:00,3643.47,3717.02,3641.17,3699.58
2026-05-23 08:00:00,3699.5,3752.57,3695.92,3737.34
2026-05-23 12:00:00,3737.36,3759.17,3705.46,3754.36
2026-05-23 16:00:00,3754.4,3754.64,3715.86,3715.86
2026-05-23 20:00:00,3715.86,3719.22,3674.97,3694.34
2026-05-24 00:00:00,3694.35,3712.19,3684.04,3709.26
2026-05-24 04:00:00,3709.25,3712.94,3670.65,3670.88
2026-05-24 08:00:00,3670.89,3689.39,3654.52,3683.87
2026-05-24 12:00:00,3683.94,3726.06,3662.25,3700.97
2026-05-24 16:00:00,3700.88,3788.22,3688.33,3785.9
2026-05-24 20:00:00,3785.96,3785.96,3741.49,3762.06
2026-05-25 00:00:00,3761.97,3763.15,3719.73,3749.29
2026-05-25 04:00:00,3749.29,3766.1,3731.25,3754.83
2026-05-25 08:00:00,3754.78,3834.89,3750.51,3807.19
2026-05-25 12:00:00,3807.27,3814.82,3785.9,3787.48
2026-05-25 16:00:00,3787.46,3793.02,3740.65,3740.68
2026-05-25 20:00:00,3740.81,3786.7,3735.58,3768.85
2026-05-26 00:00:00,3768.96,3794.27,3759.46,3760.73
2026-05-26 04:00:00,3760.8,3791.15,3750.7,3776.93
2026-05-26 08:00:00,3776.94,3807.63,3758.84,3806.04
2026-05-26 12:00:00,3806.06,3821.86,3794.65,3808.17
2026-05-26 16:00:00,3808.19,3824.8,3798.42,3817.84
2026-05-26 20:00:00,3817.87,3858.9,3803.29,3843.67
2026-05-27 00:00:00,3843.69,3882.08,3843.18,3863.74
2026-05-27 04:00:00,3863.71,3917.32,3844.56,3907.75
2026-05-27 08:00:00,3907.67,3944.45,3904.95,3918.68
2026-05-27 12:00:00,3918.65,3924.08,3891.61,3903.83
2026-05-27 16:00:00,3903.85,3951.12,3889.1,3948.64
2026-05-27 20:00:00,3948.61,3949.11,3908.05,3926.52
2026-05-28 00:00:00,3926.59,3939.4,3908.81,3938.33
2026-05-28 04:00:00,3938.38,3956.24,3913.26,3949.54
2026-05-28 08:00:00,3949.48,3959.8,3928.7,3952.11
2026-05-28 12:00:00,3952.22,3952.22,3892.61,3893.8
2026-05-28 16:00:00,3893.82,3939.8,3889.22,3935.84
2026-05-28 20:00:00,3935.87,3995.86,3914.99,3980.04
2026-05-29 00:00:00,3980.04,3993.29,3968.23,3969.78
2026-05-29 04:00:00,3969.82,3969.82,3932.41,3947.91
2026-05-29 08:00:00,3947.93,3962.48,3911.3,3911.48
2026-05-29 12:00:00,3911.55,3975.61,3892.64,3971.4
2026-05-29 16:00:00,3971.46,3981.28,3937.53,3950.63
2026-05-29 20:00:00,3950.59,3969.54,3928.92,3939.84
2026-05-30 00:00:00,3939.81,3967.3,3926.74,3933.09
2026-05-30 04:00:00,3933.1,3946.12,3912.19,3917.58
2026-05-30 08:00:00,3917.6,3944.09,3882.56,3900.1
2026-05-30 12:00:00,3900.1,3968.13,3882.52,3966.91
2026-05-30 16:00:00,3966.82,3969.75,3920.01,3920.01
2026-05-30 20:00:00,3919.98,3920.04,3880.75,3907.9
2026-05-31 00:00:00,3907.92,3977.5,3905.92,3950.75
2026-05-31 04:00:00,3950.72,3950.95,3897.41,3898.93
2026-05-31 08:00:00,3898.93,3899.67,3856.64,3856.94
2026-05-31 12:00:00,3856.93,3948.07,3855.47,3910.01
2026-05-31 16:00:00,3909.98,3916.86,3862.05,3862.23
2026-05-31 20:00:00,3862.26,3882.32,3857.34,3863.16
2026-06-01 00:00:00,3863.17,3882.49,3850.79,3865.89
2026-06-01 04:00:00,3865.78,3884.11,3843.32,3843.32
2026-06-01 08:00:00,3843.34,3883.31,3817.71,3870.23
2026-06-01 12:00:00,3870.27,3891.24,3840.15,3843.11
2026-06-01 16:00:00,3843.07,3847.0,3810.69,3810.83
2026-06-01 20:00:00,3810.86,3811.82,3790.96,3810.83
2026-06-02 00:00:00,3810.68,3842.96,3789.99,3840.4
2026-06-02 04:00:00,3840.33,3840.55,3790.25,3793.31
2026-06-02 08:00:00,3793.1,3799.69,3760.76,3790.41
2026-06-02 12:00:00,3790.38,3790.74,3744.54,3764.74
2026-06-02 16:00:00,3764.76,3788.49,3734.49,3754.53
2026-06-02 20:00:00,3754.46,3771.25,3739.79,3753.66
2026-06-03 00:00:00,3753.58,3790.11,3746.93,3787.51
2026-06-03 04:00:00,3787.67,3829.16,3756.95,3821.75
2026-06-03 08:00:00,3821.8,3846.8,3794.08,3828.85
2026-06-03 12:00:00,3828.95,3872.92,3818.23,3842.82
2026-06-03 16:00:00,3842.87,3845.01,3824.75,3833.79
2026-06-03 20:00:00,3833.67,3920.05,3828.98,3899.62
2026-06-04 00:00:00,3899.62,3899.96,3860.63,3866.22
2026-06-04 04:00:00,3866.13,3878.15,3846.65,3860.63
2026-06-04 08:00:00,3860.56,3900.04,3853.38,3858.91
2026-06-04 12:00:00,3858.89,3916.31,3847.88,3913.24
2026-06-04 16:00:00,3913.22,3913.22,3868.15,3868.16
2026-06-04 20:00:00,3868.16,3875.71,3829.6,3851.99
2026-06-05 00:00:00,3851.86,3909.88,3843.65,3898.32
2026-06-05 04:00:00,3898.28,3900.19,3857.66,3858.91
2026-06-05 08:00:00,3858.81,3859.23,3798.06,3805.76
2026-06-05 12:00:00,3805.82,3891.91,3799.3,3867.0
2026-06-05 16:00:00,3867.09,3905.24,3854.86,3899.56
2026-06-05 20:00:00,3899.46,3913.2,3871.36,3880.15
2026-06-06 00:00:00,3880.2,3887.62,3844.33,3879.83
2026-06-06 04:00:00,3879.78,3982.08,3874.29,3976.82
2026-06-06 08:00:00,3976.8,4084.68,3970.65,4075.34
2026-06-06 12:00:00,4075.46,4123.54,4061.69,4122.08
2026-06-06 16:00:00,4122.16,4137.29,4106.4,4130.5
2026-06-06 20:00:00,4130.53,4176.43,4104.64,4123.35
2026-06-07 00:00:00,4123.35,4139.88,4086.8,4087.1
2026-06-07 04:00:00,4087.15,4190.0,4077.41,4179.45
2026-06-07 08:00:00,4179.5,4190.68,4155.95,4169.54
2026-06-07 12:00:00,4169.61,4197.88,4157.74,4190.15
2026-06-07 16:00:00,4190.15,4207.87,4175.57,4175.78
2026-06-07 20:00:00,4175.91,4206.25,4164.82,4184.78
2026-06-08 00:00:00,4184.76,4226.4,4174.13,4216.51
2026-06-08 04:00:00,4216.59,4259.49,4210.7,4242.15
2026-06-08 08:00:00,4242.11,4242.14,4200.41,4208.71
2026-06-08 12:00:00,4208.74,4214.59,4187.71,4196.76
2026-06-08 16:00:00,4196.71,4205.06,4172.41,4172.83
2026-06-08 20:00:00,4172.84,4181.2,4143.62,4169.73
2026-06-09 00:00:00,4169.75,4185.88,4150.3,4162.63
2026-06-09 04:00:00,4162.63,4220.69,4156.9,4219.37
2026-06-09 08:00:00,4219.33,4219.48,4169.28,4203.5
2026-06-09 12:00:00,4203.52,4205.47,4177.61,4194.28
2026-06-09 16:00:00,4194.25,4200.35,4138.42,4154.14
2026-06-09 20:00:00,4154.26,4193.96,4152.75,4161.16
2026-06-10 00:00:00,4161.13,4161.52,4115.69,4115.85
2026-06-10 04:00:00,4115.74,4187.65,4106.88,4185.78
2026-06-10 08:00:00,4185.77,4185.88,4145.54,4147.68
2026-06-10 12:00:00,4147.68,4164.36,4074.9,4077.25
2026-06-10 16:00:00,4077.28,4103.05,4050.16,4050.3
2026-06-10 20:00:00,4050.27,4061.35,4025.04,4025.6
2026-06-11 00:00:00,4025.6,4058.01,4007.07,4035.77
2026-06-11 04:00:00,4035.73,4035.79,3975.12,3975.18
2026-06-11 08:00:00,3975.24,4082.79,3961.14,4076.7
2026-06-11 12:00:00,4076.73,4078.43,4033.27,4066.63
2026-06-11 16:00:00,4066.56,4088.38,4047.93,4062.69
2026-06-11 20:00:00,4062.62,4174.38,4060.04,4142.75
2026-06-12 00:00:00,4142.69,4162.11,4110.66,4114.14
2026-06-12 04:00:00,4114.18,4136.12,4086.62,4133.13
2026-06-12 08:00:00,4133.1,4202.57,4106.9,4195.96
2026-06-12 12:00:00,4195.77,4221.87,4181.94,4205.82
2026-06-12 16:00:00,4205.87,4208.4,4154.78,4162.91
2026-06-12 20:00:00,4163.0,4228.68,4156.97,4224.91
2026-06-13 00:00:00,4224.87,4252.55,4206.7,4229.79
2026-06-13 04:00:00,4229.81,4320.89,4213.34,4314.28
2026-06-13 08:00:00,4314.29,4329.35,4251.94,4253.0
2026-06-13 12:00:00,4252.98,4318.69,4243.43,4307.71
2026-06-13 16:00:00,4307.72,4415.13,4306.24,4407.96
2026-06-13 20:00:00,4407.99,4407.99,4364.35,4403.3
2026-06-14 00:00:00,4403.4,4430.96,4390.75,4411.0
2026-06-14 04:00:00,4410.97,4411.09,4359.02,4368.8
2026-06-14 08:00:00,4368.74,4379.55,4337.82,4355.9
2026-06-14 12:00:00,4356.03,4409.35,4342.72,4385.0
2026-06-14 16:00:00,4384.98,4419.37,4345.14,4346.66
2026-06-14 20:00:00,4346.62,4384.94,4336.89,4370.64
2026-06-15 00:00:00,4370.64,4395.07,4349.92,4388.03
2026-06-15 04:00:00,4388.03,4388.06,4354.79,4357.1
2026-06-15 08:00:00,4357.05,4362.25,4326.35,4343.16
2026-06-15 12:00:00,4343.18,4357.06,4318.46,4319.84
2026-06-15 16:00:00,4319.78,4361.39,4314.4,4356.66
2026-06-15 20:00:00,4356.85,4371.95,4322.06,4325.31
2026-06-16 00:00:00,4325.29,4379.2,4323.86,4341.89
2026-06-16 04:00:00,4342.0,4350.3,4299.4,4311.19
2026-06-16 08:00:00,4311.25,4319.22,4262.27,4268.99
2026-06-16 12:00:00,4268.96,4269.18,4225.53,4231.85
2026-06-16 16:00:00,4231.91,4295.47,4203.99,4291.87
2026-06-16 20:00:00,4291.82,4298.03,4242.95,4247.56
2026-06-17 00:00:00,4247.66,4260.88,4193.92,4194.77
2026-06-17 04:00:00,4194.63,4323.95,4179.46,4307.29
2026-06-17 08:00:00,4307.27,4327.04,4279.47,4280.15
2026-06-17 12:00:00,4280.16,4291.64,4258.55,4261.14
2026-06-17 16:00:00,4261.18,4270.51,4241.85,4266.5
2026-06-17 20:00:00,4266.51,4280.34,4239.9,4277.69
2026-06-18 00:00:00,4277.66,4297.48,4242.07,4244.47
2026-06-18 04:00:00,4244.33,4265.28,4214.95,4253.22
2026-06-18 08:00:00,4253.11,4253.54,4190.45,4192.03
2026-06-18 12:00:00,4192.18,4222.31,4176.82,4178.53
2026-06-18 16:00:00,4178.57,4199.47,4158.18,4190.6
2026-06-18 20:00:00,4190.68,4255.95,4181.39,4249.19
2026-06-19 00:00:00,4249.14,4249.72,4215.17,4215.29
2026-06-19 04:00:00,4215.32,4215.85,4178.96,4196.63
2026-06-19 08:00:00,4196.6,4204.24,4174.65,4177.82
2026-06-19 12:00:00,4177.72,4177.83,4142.88,4151.78
2026-06-19 16:00:00,4151.81,4157.66,4078.66,4080.65
2026-06-19 20:00:00,4080.65,4131.94,4077.73,4131.66
2026-06-20 00:00:00,4131.72,4138.34,4096.3,4108.94
2026-06-20 04:00:00,4109.04,4126.4,4091.43,4115.73
2026-06-20 08:00:00,4115.79,4126.68,4081.56,4124.79
2026-06-20 12:00:00,4124.79,4125.62,4102.59,4107.03
2026-06-20 16:00:00,4107.08,4107.12,4068.9,4084.77
2026-06-20 20:00:00,4084.84,4099.34,4039.05,4039.46
2026-06-21 00:00:00,4039.47,4070.17,4019.98,4030.64
2026-06-21 04:00:00,4030.55,4038.92,4010.6,4019.62
2026-06-21 08:00:00,4019.63,4029.07,3964.84,3964.93
2026-06-21 12:00:00,3965.02,4068.61,3964.72,4061.61
2026-06-21 16:00:00,4061.71,4072.94,4036.61,4070.1
2026-06-21 20:00:00,4070.06,4085.56,4032.63,4055.33
2026-06-22 00:00:00,4055.33,4065.87,4036.02,4041.82
2026-06-22 04:00:00,4041.84,4041.86,3995.18,4014.46
2026-06-22 08:00:00,4014.53,4014.56,3942.47,3957.86
2026-06-22 12:00:00,3957.91,3997.51,3941.8,3972.44
2026-06-22 16:00:00,3972.36,3984.51,3949.01,3962.52
2026-06-22 20:00:00,3962.47,3987.89,3951.99,3986.14
2026-06-23 00:00:00,3986.11,4050.79,3967.19,4018.88
2026-06-23 04:00:00,4018.9,4019.94,3988.38,3988.67
2026-06-23 08:00:00,3988.74,3989.23,3929.27,3929.6
2026-06-23 12:00:00,3929.67,3969.84,3890.83,3961.65
2026-06-23 16:00:00,3961.58,3961.84,3922.35,3937.76
2026-06-23 20:00:00,3937.81,3945.78,3921.8,3926.04
2026-06-24 00:00:00,3926.11,3926.44,3893.88,3911.04
2026-06-24 04:00:00,3911.01,3923.53,3896.16,3920.89
2026-06-24 08:00:00,3920.92,3921.58,3864.66,3870.62
2026-06-24 12:00:00,3870.72,3891.05,3841.99,3884.03
2026-06-24 16:00:00,3883.92,3924.36,3874.0,3909.05
2026-06-24 20:00:00,3909.08,3909.1,3866.03,3885.23
2026-06-25 00:00:00,3885.09,3896.9,3854.41,3855.06
2026-06-25 04:00:00,3855.05,3859.21,3823.3,3846.96
2026-06-25 08:00:00,3846.95,3848.2,3797.32,3806.48
2026-06-25 12:00:00,3806.48,3826.6,3762.87,3778.62
2026-06-25 16:00:00,3778.64,3814.39,3771.96,3798.77
2026-06-25 20:00:00,3798.85,3871.13,3787.67,3855.64
2026-06-26 00:00:00,3855.66,3857.22,3819.16,3824.0
2026-06-26 04:00:00,3824.01,3830.16,3786.46,3787.18
2026-06-26 08:00:00,3787.21,3830.13,3764.3,3827.5
2026-06-26 12:00:00,3827.53,3840.57,3781.7,3787.61
2026-06-26 16:00:00,3787.58,3802.5,3754.25,3769.94
2026-06-26 20:00:00,3769.92,3779.71,3741.46,3744.57
2026-06-27 00:00:00,3744.65,3747.33,3695.74,3697.72
2026-06-27 04:00:00,3697.66,3702.15,3668.44,3671.69
2026-06-27 08:00:00,3671.72,3694.62,3649.01,3654.45
2026-06-27 12:00:00,3654.51,3680.58,3649.15,3651.01
2026-06-27 16:00:00,3650.91,3684.12,3639.6,3683.41
2026-06-27 20:00:00,3683.5,3683.88,3634.95,3635.44
2026-06-28 00:00:00,3635.43,3635.51,3609.81,3622.22
2026-06-28 04:00:00,3622.23,3654.52,3595.37,3637.35
2026-06-28 08:00:00,3637.25,3637.31,3600.64,3613.99
2026-06-28 12:00:00,3613.99,3614.0,3570.91,3571.56
2026-06-28 16:00:00,3571.69,3608.13,3564.66,3593.91
2026-06-28 20:00:00,3593.9,3594.14,3563.76,3580.54
2026-06-29 00:00:00,3580.46,3595.44,3537.71,3539.84
2026-06-29 04:00:00,3539.75,3605.48,3535.31,3601.76
2026-06-29 08:00:00,3601.74,3626.06,3587.5,3587.88
2026-06-29 12:00:00,3587.86,3619.99,3564.08,3619.64
2026-06-29 16:00:00,3619.69,3654.93,3606.61,3650.93
2026-06-29 20:00:00,3651.02,3697.58,3641.88,3681.41
2026-06-30 00:00:00,3681.42,3698.39,3673.47,3696.19
2026-06-30 04:00:00,3696.16,3719.16,3669.03,3700.72
2026-06-30 08:00:00,3700.72,3706.16,3657.87,3684.6
2026-06-30 12:00:00,3684.66,3685.33,3657.3,3667.14
2026-06-30 16:00:00,3667.02,3667.26,3600.35,3617.44
2026-06-30 20:00:00,3617.46,3617.73,3555.65,3556.46
2026-07-01 00:00:00,3556.52,3592.69,3550.57,3587.13
2026-07-01 04:00:00,3587.08,3587.19,3547.24,3561.44
2026-07-01 08:00:00,3561.33,3589.55,3539.38,3574.99
2026-07-01 12:00:00,3575.01,3663.6,3558.29,3660.33
2026-07-01 16:00:00,3660.29,3722.58,3659.2,3688.59
2026-07-01 20:00:00,3688.61,3713.91,3681.05,3683.52
2026-07-02 00:00:00,3683.51,3683.72,3639.58,3639.83
2026-07-02 04:00:00,3639.77,3667.72,3627.77,3660.1
2026-07-02 08:00:00,3660.08,3660.38,3616.84,3622.7
2026-07-02 12:00:00,3622.71,3624.81,3594.28,3594.28
2026-07-02 16:00:00,3594.17,3596.32,3529.55,3529.56
2026-07-02 20:00:00,3529.53,3539.56,3508.78,3516.73
2026-07-03 00:00:00,3516.8,3549.14,3505.91,3532.21
2026-07-03 04:00:00,3532.3,3556.39,3527.93,3530.29
2026-07-03 08:00:00,3530.38,3562.02,3519.03,3550.83
2026-07-03 12:00:00,3550.84,3550.95,3512.1,3514.24
2026-07-03 16:00:00,3514.23,3552.09,3505.61,3531.59
2026-07-03 20:00:00,3531.62,3533.65,3512.73,3513.04
2026-07-04 00:00:00,3513.08,3527.14,3491.41,3491.47
2026-07-04 04:00:00,3491.48,3491.87,3436.16,3436.95
2026-07-04 08:00:00,3436.92,3494.47,3434.91,3459.87
2026-07-04 12:00:00,3459.94,3482.53,3452.8,3476.2
2026-07-04 16:00:00,3476.12,3478.11,3444.15,3446.44
2026-07-04 20:00:00,3446.41,3462.82,3427.46,3427.7
2026-07-05 00:00:00,3427.65,3457.52,3424.43,3441.82
2026-07-05 04:00:00,3441.89,3519.37,3439.42,3517.0
2026-07-05 08:00:00,3516.93,3517.82,3493.97,3508.91
2026-07-05 12:00:00,3508.97,3519.56,3482.21,3485.13
2026-07-05 16:00:00,3485.02,3497.78,3466.18,3480.14
2026-07-05 20:00:00,3480.05,3528.0,3469.86,3524.02
2026-07-06 00:00:00,3524.1,3558.04,3513.79,3537.45
2026-07-06 04:00:00,3537.41,3537.41,3511.52,3512.75
2026-07-06 08:00:00,3512.72,3512.81,3475.0,3476.27
2026-07-06 12:00:00,3476.28,3526.93,3470.91,3502.27
2026-07-06 16:00:00,3502.11,3502.25,3465.82,3466.12
2026-07-06 20:00:00,3466.12,3466.36,3408.56,3423.13
2026-07-07 00:00:00,3423.17,3425.84,3370.44,3370.5
2026-07-07 04:00:00,3370.56,3375.9,3351.1,3370.17
2026-07-07 08:00:00,3370.15,3380.14,3323.68,3327.61
2026-07-07 12:00:00,3327.66,3373.83,3322.11,3359.77
2026-07-07 16:00:00,3359.76,3379.74,3353.84,3359.49
2026-07-07 20:00:00,3359.48,3389.56,3356.08,3361.79
2026-07-08 00:00:00,3361.76,3385.33,3340.66,3378.45
2026-07-08 04:00:00,3378.38,3381.11,3346.05,3347.74
2026-07-08 08:00:00,3347.77,3390.81,3342.78,3357.0
2026-07-08 12:00:00,3357.06,3371.11,3331.12,3357.3
2026-07-08 16:00:00,3357.27,3383.52,3344.23,3358.35
2026-07-08 20:00:00,3358.33,3358.56,3311.32,3347.66
2026-07-09 00:00:00,3347.73,3405.77,3347.7,3394.95
2026-07-09 04:00:00,3394.88,3443.38,3385.12,3415.49
2026-07-09 08:00:00,3415.55,3447.79,3406.81,3432.72
2026-07-09 12:00:00,3432.64,3432.88,3382.43,3382.81
2026-07-09 16:00:00,3382.83,3408.13,3368.76,3395.8
2026-07-09 20:00:00,3395.79,3399.71,3323.38,3326.7
2026-07-10 00:00:00,3326.7,3339.57,3316.01,3324.53
2026-07-10 04:00:00,3324.6,3368.93,3323.95,3349.01
2026-07-10 08:00:00,3349.02,3349.75,3313.8,3314.19
2026-07-10 12:00:00,3314.21,3314.3,3270.17,3291.43
2026-07-10 16:00:00,3291.33,3309.0,3275.2,3295.74
2026-07-10 20:00:00,3295.75,3298.0,3273.79,3274.24
2026-07-11 00:00:00,3274.25,3307.85,3269.62,3283.75
2026-07-11 04:00:00,3283.84,3295.63,3272.65,3276.2
2026-07-11 08:00:00,3276.1,3338.0,3263.18,3334.09
2026-07-11 12:00:00,3334.08,3349.1,3300.71,3346.54
2026-07-11 16:00:00,3346.56,3392.47,3313.44,3391.32
2026-07-11 20:00:00,3391.29,3431.75,3389.7,3411.13
2026-07-12 00:00:00,3411.06,3431.74,3388.54,3392.86
2026-07-12 04:00:00,3392.81,3427.68,3379.42,3406.5
2026-07-12 08:00:00,3406.4,3483.24,3406.16,3468.06
2026-07-12 12:00:00,3468.04,3490.74,3461.48,3469.41
2026-07-12 16:00:00,3469.43,3471.7,3423.73,3449.15
2026-07-12 20:00:00,3449.07,3481.44,3437.97,3466.82
2026-07-13 00:00:00,3466.79,3468.9,3431.93,3444.01
2026-07-13 04:00:00,3444.06,3444.23,3415.53,3420.03
2026-07-13 08:00:00,3420.07,3426.51,3359.0,3384.45
2026-07-13 12:00:00,3384.5,3447.94,3383.57,3428.33
2026-07-13 16:00:00,3428.35,3433.73,3406.74,3406.82
2026-07-13 20:00:00,3406.8,3433.45,3395.43,3422.37
2026-07-14 00:00:00,3422.29,3422.4,3356.13,3356.41
2026-07-14 04:00:00,3356.39,3358.21,3330.29,3339.24
2026-07-14 08:00:00,3339.25,3385.07,3338.25,3378.63
2026-07-14 12:00:00,3378.63,3446.1,3368.06,3442.36
2026-07-14 16:00:00,3442.43,3469.8,3431.46,3448.58
2026-07-14 20:00:00,3448.64,3459.65,3428.15,3438.64
2026-07-15 00:00:00,3438.69,3443.64,3388.18,3388.26
2026-07-15 04:00:00,3388.29,3442.6,3379.35,3441.47
2026-07-15 08:00:00,3441.54,3461.52,3417.45,3417.5
2026-07-15 12:00:00,3417.34,3428.12,3392.64,3403.71
2026-07-15 16:00:00,3403.76,3404.84,3365.72,3366.06
2026-07-15 20:00:00,3365.97,3366.64,3327.95,3352.45
2026-07-16 00:00:00,3352.38,3352.68,3319.05,3323.74
2026-07-16 04:00:00,3323.69,3338.02,3311.15,3331.47
2026-07-16 08:00:00,3331.64,3348.39,3312.06,3312.45
2026-07-16 12:00:00,3312.49,3360.85,3309.41,3352.98
2026-07-16 16:00:00,3353.0,3378.53,3343.26,3345.03
2026-07-16 20:00:00,3345.06,3368.69,3343.17,3354.87
2026-07-17 00:00:00,3354.88,3365.55,3335.25,3357.97
2026-07-17 04:00:00,3358.07,3373.67,3336.07,3341.0
2026-07-17 08:00:00,3340.96,3351.27,3327.79,3334.01
2026-07-17 12:00:00,3334.03,3346.19,3315.59,3315.99
2026-07-17 16:00:00,3316.01,3358.75,3282.15,3341.73
2026-07-17 20:00:00,3341.85,3388.88,3339.82,3386.12
2026-07-18 00:00:00,3386.08,3403.37,3366.04,3396.89
2026-07-18 04:00:00,3396.96,3411.12,3380.87,3397.7
2026-07-18 08:00:00,3397.67,3418.53,3386.03,3405.32
2026-07-18 12:00:00,3405.29,3486.67,3397.33,3482.27
2026-07-18 16:00:00,3482.18,3510.57,3462.51,3492.78
2026-07-18 20:00:00,3492.71,3513.83,3484.28,3503.02
2026-07-19 00:00:00,3502.94,3505.21,3450.14,3451.08
2026-07-19 04:00:00,3451.1,3461.25,3436.67,3448.55
2026-07-19 08:00:00,3448.61,3460.98,3422.13,3426.98
2026-07-19 12:00:00,3426.9,3456.9,3414.55,3441.25
2026-07-19 16:00:00,3441.25,3486.41,3430.36,3464.55
2026-07-19 20:00:00,3464.58,3511.51,3461.49,3506.34
2026-07-20 00:00:00,3506.29,3528.51,3469.78,3470.56
2026-07-20 04:00:00,3470.55,3521.5,3468.01,3492.22
2026-07-20 08:00:00,3492.1,3586.27,3487.73,3580.74
2026-07-20 12:00:00,3580.78,3599.48,3567.46,3577.43
2026-07-20 16:00:00,3577.38,3601.46,3559.95,3560.48
2026-07-20 20:00:00,3560.36,3560.4,3506.53,3539.13
2026-07-21 00:00:00,3539.12,3551.81,3507.95,3531.01
2026-07-21 04:00:00,3531.0,3534.2,3487.62,3531.67
2026-07-21 08:00:00,3531.59,3541.28,3504.8,3508.5
2026-07-21 12:00:00,3508.66,3539.89,3497.64,3515.51
2026-07-21 16:00:00,3515.52,3533.34,3495.41,3532.23
2026-07-21 20:00:00,3532.18,3532.47,3489.83,3495.93
2026-07-22 00:00:00,3495.96,3518.59,3488.86,3493.33
2026-07-22 04:00:00,3493.38,3547.86,3490.04,3541.68
2026-07-22 08:00:00,3541.63,3551.71,3524.13,3524.89
2026-07-22 12:00:00,3525.0,3526.59,3475.18,3476.58
2026-07-22 16:00:00,3476.58,3523.32,3467.45,3477.43
2026-07-22 20:00:00,3477.34,3483.47,3447.63,3447.77
2026-07-23 00:00:00,3447.76,3447.85,3405.11,3405.22
2026-07-23 04:00:00,3405.35,3422.35,3384.32,3417.66
2026-07-23 08:00:00,3417.56,3448.7,3402.5,3443.78
2026-07-23 12:00:00,3443.87,3454.28,3428.59,3431.68
2026-07-23 16:00:00,3431.58,3438.4,3421.4,3423.75
2026-07-23 20:00:00,3423.79,3486.82,3417.2,3485.44
2026-07-24 00:00:00,3485.41,3512.66,3479.3,3479.3
2026-07-24 04:00:00,3479.31,3482.55,3440.94,3460.5
2026-07-24 08:00:00,3460.56,3507.44,3456.67,3482.18
2026-07-24 12:00:00,3482.24,3517.6,3477.11,3484.57
2026-07-24 16:00:00,3484.57,3494.74,3453.62,3474.01
2026-07-24 20:00:00,3474.05,3492.58,3451.74,3468.59
2026-07-25 00:00:00,3468.68,3486.28,3439.48,3480.72
2026-07-25 04:00:00,3480.83,3492.12,3461.49,3461.6
2026-07-25 08:00:00,3461.51,3461.51,3394.51,3405.93
2026-07-25 12:00:00,3405.92,3410.54,3357.84,3370.52
2026-07-25 16:00:00,3370.56,3478.05,3370.51,3464.0
2026-07-25 20:00:00,3463.87,3463.96,3410.77,3410.88
2026-07-26 00:00:00,3410.83,3437.92,3399.89,3404.57
2026-07-26 04:00:00,3404.62,3409.07,3386.23,3391.3
2026-07-26 08:00:00,3391.2,3407.25,3371.35,3403.49
2026-07-26 12:00:00,3403.43,3403.6,3366.74,3376.27
2026-07-26 16:00:00,3376.24,3376.32,3334.41,3335.73
2026-07-26 20:00:00,3335.65,3416.75,3329.93,3416.33
2026-07-27 00:00:00,3416.28,3444.83,3399.48,3423.87
2026-07-27 04:00:00,3423.82,3433.66,3400.52,3411.59
2026-07-27 08:00:00,3411.63,3414.43,3380.17,3384.97
2026-07-27 12:00:00,3385.02,3395.65,3350.71,3358.94
2026-07-27 16:00:00,3358.81,3389.18,3345.79,3373.65
2026-07-27 20:00:00,3373.64,3397.34,3364.66,3383.68
2026-07-28 00:00:00,3383.66,3453.23,3382.0,3440.84
2026-07-28 04:00:00,3440.81,3457.52,3414.62,3439.82
2026-07-28 08:00:00,3439.76,3470.46,3439.75,3442.91
2026-07-28 12:00:00,3442.89,3445.8,3417.93,3429.84
2026-07-28 16:00:00,3429.89,3528.47,3424.83,3518.39
2026-07-28 20:00:00,3518.37,3541.31,3503.49,3535.8
2026-07-29 00:00:00,3535.86,3577.37,3529.9,3537.31
2026-07-29 04:00:00,3537.29,3611.18,3530.58,3604.02
2026-07-29 08:00:00,3604.02,3624.38,3584.35,3599.16
2026-07-29 12:00:00,3599.24,3631.67,3589.38,3589.61
2026-07-29 16:00:00,3589.67,3657.04,3587.51,3645.17
2026-07-29 20:00:00,3645.16,3656.16,3632.8,3649.91
2026-07-30 00:00:00,3649.89,3695.82,3646.13,3687.66
2026-07-30 04:00:00,3687.64,3756.96,3667.17,3739.72
2026-07-30 08:00:00,3739.79,3776.54,3738.83,3744.23
2026-07-30 12:00:00,3744.25,3750.72,3695.34,3696.4
2026-07-30 16:00:00,3696.36,3729.4,3683.69,3705.57
2026-07-30 20:00:00,3705.53,3726.44,3693.46,3694.32
2026-07-31 00:00:00,3694.34,3731.63,3671.53,3711.34
2026-07-31 04:00:00,3711.49,3711.51,3654.78,3655.09
2026-07-31 08:00:00,3655.0,3705.52,3640.28,3681.11
2026-07-31 12:00:00,3681.02,3686.3,3647.52,3649.12
2026-07-31 16:00:00,3649.07,3649.4,3616.8,3629.8
2026-07-31 20:00:00,3629.97,3659.75,3617.27,3640.71
2026-08-01 00:00:00,3640.73,3642.18,3595.4,3595.57
2026-08-01 04:00:00,3595.51,3596.5,3570.32,3593.06
2026-08-01 08:00:00,3593.1,3621.06,3575.47,3600.91
2026-08-01 12:00:00,3600.97,3633.72,3597.28,3623.36
2026-08-01 16:00:00,3623.33,3643.37,3612.78,3614.13
2026-08-01 20:00:00,3614.1,3641.7,3609.14,3614.2
2026-08-02 00:00:00,3614.27,3707.06,3581.06,3705.06
2026-08-02 04:00:00,3705.02,3711.78,3669.58,3691.74
2026-08-02 08:00:00,3691.77,3747.18,3669.82,3721.37
2026-08-02 12:00:00,3721.38,3721.75,3665.48,3670.02
2026-08-02 16:00:00,3669.98,3798.1,3665.54,3782.74
2026-08-02 20:00:00,3782.56,3782.81,3723.11,3723.64
2026-08-03 00:00:00,3723.67,3757.06,3706.5,3742.74
2026-08-03 04:00:00,3742.77,3775.57,3736.23,3760.4
2026-08-03 08:00:00,3760.41,3760.98,3732.83,3753.55
2026-08-03 12:00:00,3753.57,3767.14,3714.83,3758.57
2026-08-03 16:00:00,3758.56,3788.14,3741.96,3787.45
2026-08-03 20:00:00,3787.39,3803.16,3763.07,3799.44
2026-08-04 00:00:00,3799.57,3837.96,3787.02,3816.39
2026-08-04 04:00:00,3816.39,3851.24,3804.01,3816.33
2026-08-04 08:00:00,3816.28,3818.56,3773.96,3801.46
2026-08-04 12:00:00,3801.46,3818.84,3775.13,3780.5
2026-08-04 16:00:00,3780.58,3800.61,3765.15,3791.35
2026-08-04 20:00:00,3791.37,3796.35,3763.72,3771.21
2026-08-05 00:00:00,3771.36,3771.39,3716.11,3716.11
2026-08-05 04:00:00,3716.1,3716.25,3664.4,3665.74
2026-08-05 08:00:00,3665.74,3691.19,3656.26,3688.15
2026-08-05 12:00:00,3688.14,3717.62,3660.64,3704.14
2026-08-05 16:00:00,3704.21,3704.33,3657.2,3657.68
2026-08-05 20:00:00,3657.7,3659.0,3608.97,3611.83
2026-08-06 00:00:00,3612.04,3654.03,3611.09,3648.65
2026-08-06 04:00:00,3648.62,3777.28,3644.93,3764.77
2026-08-06 08:00:00,3764.82,3797.44,3759.75,3762.16
2026-08-06 12:00:00,3762.15,3782.75,3736.5,3779.29
2026-08-06 16:00:00,3779.19,3810.17,3767.12,3778.54
2026-08-06 20:00:00,3778.54,3839.5,3774.95,3808.73
2026-08-07 00:00:00,3808.71,3812.64,3780.67,3787.29
2026-08-07 04:00:00,3787.37,3811.56,3756.41,3764.15
2026-08-07 08:00:00,3764.27,3777.41,3734.05,3734.73
2026-08-07 12:00:00,3734.76,3779.78,3728.14,3749.89
2026-08-07 16:00:00,3749.92,3754.55,3714.16,3715.29
2026-08-07 20:00:00,3715.25,3716.02,3682.57,3687.38
2026-08-08 00:00:00,3687.42,3750.66,3677.38,3742.08
2026-08-08 04:00:00,3742.07,3767.92,3718.86,3719.23
2026-08-08 08:00:00,3719.22,3733.1,3694.51,3696.85
2026-08-08 12:00:00,3696.8,3705.6,3676.29,3684.11
2026-08-08 16:00:00,3684.08,3744.36,3675.03,3727.6
2026-08-08 20:00:00,3727.69,3751.21,3693.55,3703.38
2026-08-09 00:00:00,3703.23,3703.91,3661.68,3690.88
2026-08-09 04:00:00,3690.88,3718.26,3674.37,3702.57
2026-08-09 08:00:00,3702.6,3713.36,3651.04,3658.39
2026-08-09 12:00:00,3658.41,3665.63,3627.61,3632.25
2026-08-09 16:00:00,3632.16,3669.44,3630.34,3660.54
2026-08-09 20:00:00,3660.55,3665.42,3619.67,3628.81
2026-08-10 00:00:00,3628.81,3649.73,3621.78,3629.29
2026-08-10 04:00:00,3629.24,3633.28,3613.55,3627.48
2026-08-10 08:00:00,3627.46,3636.83,3614.08,3634.06
2026-08-10 12:00:00,3634.17,3704.26,3608.76,3691.72
2026-08-10 16:00:00,3691.84,3744.2,3687.05,3740.02
2026-08-10 20:00:00,3739.9,3761.43,3710.94,3711.9
2026-08-11 00:00:00,3711.9,3719.49,3667.49,3673.43
2026-08-11 04:00:00,3673.48,3683.65,3659.64,3659.64
2026-08-11 08:00:00,3659.56,3705.6,3653.93,3701.24
2026-08-11 12:00:00,3701.02,3708.45,3671.14,3684.16
2026-08-11 16:00:00,3684.15,3685.4,3627.8,3628.01
2026-08-11 20:00:00,3628.07,3628.24,3584.94,3617.83
2026-08-12 00:00:00,3617.76,3621.04,3598.81,3608.92
2026-08-12 04:00:00,3608.87,3628.93,3581.07,3624.35
2026-08-12 08:00:00,3624.35,3675.41,3613.87,3665.8
2026-08-12 12:00:00,3665.8,3717.34,3663.6,3695.47
2026-08-12 16:00:00,3695.4,3726.83,3670.11,3709.25
2026-08-12 20:00:00,3709.2,3718.28,3675.37,3681.48
2026-08-13 00:00:00,3681.38,3688.64,3629.62,3683.59
2026-08-13 04:00:00,3683.56,3709.34,3651.68,3652.18
2026-08-13 08:00:00,3652.3,3652.36,3618.12,3635.46
2026-08-13 12:00:00,3635.45,3644.05,3605.57,3613.24
2026-08-13 16:00:00,3613.09,3613.09,3581.7,3587.42
2026-08-13 20:00:00,3587.37,3587.42,3559.01,3571.91
2026-08-14 00:00:00,3571.9,3619.73,3568.04,3612.38
2026-08-14 04:00:00,3612.43,3654.82,3605.49,3630.24
2026-08-14 08:00:00,3630.31,3650.96,3598.06,3650.36
2026-08-14 12:00:00,3650.4,3715.15,3640.14,3694.91
2026-08-14 16:00:00,3694.92,3752.82,3692.55,3726.99
2026-08-14 20:00:00,3727.08,3781.65,3720.24,3780.64
2026-08-15 00:00:00,3780.74,3781.46,3746.62,3749.91
2026-08-15 04:00:00,3749.88,3806.36,3746.8,3786.06
2026-08-15 08:00:00,3785.91,3797.6,3760.03,3772.27
2026-08-15 12:00:00,3772.3,3855.0,3767.86,3845.31
2026-08-15 16:00:00,3845.43,3850.79,3827.15,3829.46
2026-08-15 20:00:00,3829.4,3849.41,3817.09,3830.47
2026-08-16 00:00:00,3830.49,3839.4,3769.13,3769.87
2026-08-16 04:00:00,3769.97,3785.43,3732.62,3738.4
2026-08-16 08:00:00,3738.47,3748.99,3701.22,3701.5
2026-08-16 12:00:00,3701.42,3787.27,3679.13,3783.5
2026-08-16 16:00:00,3783.55,3853.48,3773.42,3815.39
2026-08-16 20:00:00,3815.3,3827.04,3791.89,3797.69
2026-08-17 00:00:00,3797.68,3818.12,3779.52,3780.34
2026-08-17 04:00:00,3780.42,3789.89,3740.8,3771.99
2026-08-17 08:00:00,3771.98,3783.33,3748.48,3765.61
2026-08-17 12:00:00,3765.6,3810.76,3751.03,3790.52
2026-08-17 16:00:00,3790.53,3790.53,3742.49,3762.33
2026-08-17 20:00:00,3762.35,3813.21,3756.98,3806.44
2026-08-18 00:00:00,3806.48,3819.72,3774.3,3777.21
2026-08-18 04:00:00,3777.27,3792.82,3756.58,3763.06
2026-08-18 08:00:00,3763.12,3763.14,3724.99,3735.53
2026-08-18 12:00:00,3735.48,3851.8,3731.47,3850.26
2026-08-18 16:00:00,3850.16,3924.72,3848.16,3894.52
2026-08-18 20:00:00,3894.69,3964.22,3894.39,3925.65
2026-08-19 00:00:00,3925.56,3962.55,3913.6,3921.17
2026-08-19 04:00:00,3921.23,3938.37,3886.46,3935.11
2026-08-19 08:00:00,3935.14,3946.87,3894.38,3894.83
2026-08-19 12:00:00,3894.77,3924.01,3873.03,3917.48
2026-08-19 16:00:00,3917.53,3926.68,3892.03,3892.03
2026-08-19 20:00:00,3892.03,3892.85,3836.61,3845.27
2026-08-20 00:00:00,3845.31,3997.79,3843.73,3990.88
2026-08-20 04:00:00,3990.78,3995.82,3965.69,3976.31
2026-08-20 08:00:00,3976.33,3991.0,3952.57,3957.44
2026-08-20 12:00:00,3957.44,4006.63,3938.95,4005.5
2026-08-20 16:00:00,4005.62,4025.07,3987.95,3993.46
2026-08-20 20:00:00,3993.39,4007.4,3972.64,3999.01
2026-08-21 00:00:00,3998.98,4072.27,3981.9,4068.93
2026-08-21 04:00:00,4068.86,4123.4,4066.12,4120.64
2026-08-21 08:00:00,4120.58,4120.6,4074.66,4076.07
2026-08-21 12:00:00,4076.12,4140.62,4066.71,4128.52
2026-08-21 16:00:00,4128.55,4163.22,4122.07,4125.78
2026-08-21 20:00:00,4125.66,4125.81,4069.71,4070.05
2026-08-22 00:00:00,4070.17,4110.78,4061.48,4069.23
2026-08-22 04:00:00,4069.15,4087.95,4057.43,4081.0
2026-08-22 08:00:00,4080.93,4092.09,4062.44,4067.9
2026-08-22 12:00:00,4067.88,4068.1,4030.98,4059.88
2026-08-22 16:00:00,4059.81,4078.45,4045.61,4072.89
2026-08-22 20:00:00,4072.86,4103.33,4037.41,4094.12
2026-08-23 00:00:00,4094.16,4162.5,4093.64,4160.85
2026-08-23 04:00:00,4160.93,4172.17,4123.83,4141.2
2026-08-23 08:00:00,4141.11,4190.15,4137.19,4144.56
2026-08-23 12:00:00,4144.51,4159.49,4119.96,4121.42
2026-08-23 16:00:00,4121.36,4121.41,4072.65,4104.61
2026-08-23 20:00:00,4104.68,4142.93,4096.21,4121.09
2026-08-24 00:00:00,4121.09,4138.29,4082.7,4128.65
2026-08-24 04:00:00,4128.56,4134.23,4092.93,4120.51
2026-08-24 08:00:00,4120.46,4153.43,4106.11,4151.32
2026-08-24 12:00:00,4151.39,4229.74,4147.19,4217.23
2026-08-24 16:00:00,4217.21,4268.26,4204.85,4251.74
2026-08-24 20:00:00,4251.65,4333.93,4249.98,4305.13
2026-08-25 00:00:00,4305.29,4305.33,4246.51,4263.71
2026-08-25 04:00:00,4263.81,4285.13,4243.49,4277.85
2026-08-25 08:00:00,4277.99,4319.68,4266.2,4317.21
2026-08-25 12:00:00,4317.21,4381.7,4295.53,4351.65
2026-08-25 16:00:00,4351.72,4354.69,4327.68,4352.78
2026-08-25 20:00:00,4352.77,4386.07,4338.41,4338.99
2026-08-26 00:00:00,4338.9,4356.69,4317.58,4342.71
2026-08-26 04:00:00,4342.77,4477.5,4342.77,4473.84
2026-08-26 08:00:00,4473.79,4522.87,4473.67,4510.89
2026-08-26 12:00:00,4510.91,4564.22,4493.12,4535.77
2026-08-26 16:00:00,4535.87,4567.81,4535.01,4543.08
2026-08-26 20:00:00,4542.95,4585.01,4537.68,4547.27
2026-08-27 00:00:00,4547.34,4548.27,4486.78,4487.06
2026-08-27 04:00:00,4487.09,4546.53,4462.31,4534.92
2026-08-27 08:00:00,4534.83,4547.6,4511.55,4530.11
2026-08-27 12:00:00,4530.09,4570.8,4516.95,4526.15
2026-08-27 16:00:00,4526.08,4536.18,4496.63,4528.61
2026-08-27 20:00:00,4528.68,4528.75,4487.55,4516.27
2026-08-28 00:00:00,4516.17,4516.84,4485.67,4485.67
2026-08-28 04:00:00,4485.71,4493.49,4458.17,4478.71
2026-08-28 08:00:00,4478.88,4481.28,4441.97,4460.62
2026-08-28 12:00:00,4460.68,4469.82,4424.08,4464.71
2026-08-28 16:00:00,4464.82,4464.91,4416.29,4416.9
2026-08-28 20:00:00,4416.91,4488.48,4413.77,4485.7
2026-08-29 00:00:00,4485.53,4486.4,4447.69,4454.98
2026-08-29 04:00:00,4454.99,4475.92,4428.94,4459.23
2026-08-29 08:00:00,4459.16,4459.98,4359.37,4364.38
2026-08-29 12:00:00,4364.32,4370.33,4339.4,4358.0
2026-08-29 16:00:00,4358.11,4399.86,4350.23,4383.19
2026-08-29 20:00:00,4383.16,4406.48,4357.02,4373.26
2026-08-30 00:00:00,4373.2,4418.48,4365.24,4418.42
2026-08-30 04:00:00,4418.37,4418.42,4347.93,4349.47
2026-08-30 08:00:00,4349.44,4380.18,4326.49,4350.93
2026-08-30 12:00:00,4350.97,4388.6,4314.3,4382.06
2026-08-30 16:00:00,4382.19,4384.28,4342.08,4369.11
2026-08-30 20:00:00,4369.11,4514.16,4362.23,4508.34
2026-08-31 00:00:00,4508.27,4552.49,4502.93,4528.67
2026-08-31 04:00:00,4528.64,4530.88,4493.2,4501.46
2026-08-31 08:00:00,4501.47,4501.56,4463.4,4483.82
2026-08-31 12:00:00,4483.76,4507.99,4432.5,4437.67
2026-08-31 16:00:00,4437.69,4438.76,4395.54,4395.74
2026-08-31 20:00:00,4395.83,4399.52,4346.83,4380.81
2026-09-01 00:00:00,4380.75,4381.91,4325.55,4340.91
2026-09-01 04:00:00,4340.78,4340.87,4273.8,4273.8
2026-09-01 08:00:00,4273.86,4292.24,4250.11,4263.04
2026-09-01 12:00:00,4263.1,4263.69,4204.74,4244.25
2026-09-01 16:00:00,4244.2,4279.25,4228.62,4255.64
2026-09-01 20:00:00,4255.57,4257.28,4227.48,4236.41
2026-09-02 00:00:00,4236.33,4259.85,4218.62,4244.49
2026-09-02 04:00:00,4244.44,4257.34,4197.42,4202.09
2026-09-02 08:00:00,4202.1,4223.75,4181.95,4213.29
2026-09-02 12:00:00,4213.15,4253.54,4194.06,4238.61
2026-09-02 16:00:00,4238.67,4287.27,4228.89,4261.71
2026-09-02 20:00:00,4261.7,4269.5,4220.97,4235.81
2026-09-03 00:00:00,4235.79,4239.35,4193.05,4195.84
2026-09-03 04:00:00,4195.68,4202.61,4176.06,4189.24
2026-09-03 08:00:00,4189.29,4334.39,4179.37,4331.73
2026-09-03 12:00:00,4331.79,4342.18,4298.64,4298.64
2026-09-03 16:00:00,4298.56,4324.64,4283.43,4309.14
2026-09-03 20:00:00,4309.17,4321.03,4265.5,4266.59
2026-09-04 00:00:00,4266.54,4266.83,4221.27,4249.99
2026-09-04 04:00:00,4249.98,4286.25,4236.09,4237.26
2026-09-04 08:00:00,4237.31,4290.43,4235.33,4256.02
2026-09-04 12:00:00,4255.91,4337.4,4254.2,4314.55
2026-09-04 16:00:00,4314.57,4364.63,4312.23,4347.87
2026-09-04 20:00:00,4347.72,4382.84,4326.65,4381.53
2026-09-05 00:00:00,4381.56,4419.43,4380.9,4393.04
2026-09-05 04:00:00,4393.09,4394.51,4349.55,4386.45
2026-09-05 08:00:00,4386.43,4429.43,4371.12,4381.86
2026-09-05 12:00:00,4381.97,4384.96,4324.23,4325.93
2026-09-05 16:00:00,4325.88,4325.98,4286.62,4286.9
2026-09-05 20:00:00,4286.81,4309.02,4276.23,4285.25
2026-09-06 00:00:00,4285.25,4355.32,4282.15,4304.77
2026-09-06 04:00:00,4304.83,4338.4,4273.1,4317.98
2026-09-06 08:00:00,4317.91,4331.02,4291.04,4305.97
2026-09-06 12:00:00,4305.98,4358.61,4274.94,4354.4
2026-09-06 16:00:00,4354.34,4355.48,4298.8,4332.51
2026-09-06 20:00:00,4332.5,4366.33,4318.07,4335.83
2026-09-07 00:00:00,4335.94,4336.02,4286.65,4301.66
2026-09-07 04:00:00,4301.7,4374.6,4291.64,4354.77
2026-09-07 08:00:00,4354.72,4389.1,4334.94,4382.37
2026-09-07 12:00:00,4382.35,4494.18,4375.23,4479.59
2026-09-07 16:00:00,4479.53,4488.68,4447.28,4448.09
2026-09-07 20:00:00,4448.15,4448.31,4377.43,4377.43
2026-09-08 00:00:00,4377.33,4389.81,4366.78,4374.11
2026-09-08 04:00:00,4374.09,4412.85,4342.75,4366.09
2026-09-08 08:00:00,4366.18,4366.5,4317.92,4324.67
2026-09-08 12:00:00,4324.65,4340.13,4289.8,4324.89
2026-09-08 16:00:00,4324.96,4341.64,4307.91,4308.37
2026-09-08 20:00:00,4308.27,4336.74,4301.6,4312.83
2026-09-09 00:00:00,4312.95,4337.62,4295.4,4336.5
2026-09-09 04:00:00,4336.47,4336.75,4300.1,4305.41
2026-09-09 08:00:00,4305.27,4305.27,4273.23,4286.66
2026-09-09 12:00:00,4286.74,4289.31,4203.75,4204.85
2026-09-09 16:00:00,4204.87,4211.45,4170.21,4170.34
2026-09-09 20:00:00,4170.32,4179.45,4151.49,4153.64
2026-09-10 00:00:00,4153.8,4154.85,4098.29,4118.08
2026-09-10 04:00:00,4118.17,4160.74,4097.19,4130.58
2026-09-10 08:00:00,4130.54,4149.42,4112.7,4116.33
2026-09-10 12:00:00,4116.37,4127.59,4085.57,4095.8
2026-09-10 16:00:00,4095.75,4095.77,4031.73,4084.88
2026-09-10 20:00:00,4084.94,4084.94,4031.1,4031.1
2026-09-11 00:00:00,4031.05,4048.12,3991.28,3993.78
2026-09-11 04:00:00,3993.67,4014.33,3983.29,4007.96
2026-09-11 08:00:00,4007.86,4008.13,3954.5,3954.68
2026-09-11 12:00:00,3954.61,3955.5,3907.44,3922.56
2026-09-11 16:00:00,3922.57,3969.88,3911.16,3968.4
2026-09-11 20:00:00,3968.37,3968.37,3940.52,3952.27
2026-09-12 00:00:00,3952.25,4018.4,3930.57,4010.51
2026-09-12 04:00:00,4010.54,4053.75,3999.69,4018.46
2026-09-12 08:00:00,4018.41,4018.41,3976.28,3991.11
2026-09-12 12:00:00,3991.07,4005.74,3952.7,3953.48
2026-09-12 16:00:00,3953.41,3983.93,3927.67,3980.03
2026-09-12 20:00:00,3980.12,4022.15,3965.94,3996.6
2026-09-13 00:00:00,3996.5,4048.3,3973.3,4038.69
2026-09-13 04:00:00,4038.73,4038.8,3988.04,4024.8
2026-09-13 08:00:00,4024.86,4029.59,3973.97,3978.0
2026-09-13 12:00:00,3978.03,3990.39,3962.97,3963.19
2026-09-13 16:00:00,3963.12,3963.23,3900.51,3908.47
2026-09-13 20:00:00,3908.44,3909.91,3879.61,3900.12
2026-09-14 00:00:00,3900.23,3931.16,3891.37,3917.98
2026-09-14 04:00:00,3917.94,3939.52,3904.97,3931.25
2026-09-14 08:00:00,3931.25,3977.06,3923.23,3934.26
2026-09-14 12:00:00,3934.27,3973.0,3900.16,3964.5
2026-09-14 16:00:00,3964.51,4007.2,3933.41,4006.75
2026-09-14 20:00:00,4006.78,4007.34,3975.95,3979.46
2026-09-15 00:00:00,3979.38,3980.52,3932.96,3933.63
2026-09-15 04:00:00,3933.6,3991.13,3929.66,3989.04
2026-09-15 08:00:00,3988.96,4005.06,3976.19,3991.6
2026-09-15 12:00:00,3991.55,4028.11,3976.94,3983.06
2026-09-15 16:00:00,3983.08,3987.02,3957.11,3960.03
2026-09-15 20:00:00,3959.94,3960.21,3921.35,3922.76
2026-09-16 00:00:00,3922.75,3956.25,3885.51,3954.47
2026-09-16 04:00:00,3954.52,3954.92,3924.48,3931.5
2026-09-16 08:00:00,3931.49,3954.2,3905.52,3905.66
2026-09-16 12:00:00,3905.78,3906.58,3849.55,3849.55
2026-09-16 16:00:00,3849.59,3896.69,3843.37,3861.08
2026-09-16 20:00:00,3861.18,3879.96,3855.75,3856.28
2026-09-17 00:00:00,3856.15,3865.25,3800.31,3860.07
2026-09-17 04:00:00,3860.03,3860.23,3816.53,3818.55
2026-09-17 08:00:00,3818.53,3839.02,3790.47,3803.39
2026-09-17 12:00:00,3803.32,3845.23,3786.62,3835.41
2026-09-17 16:00:00,3835.39,3836.09,3815.46,3835.02
