timestamp,open,high,low,close
2025-09-16 19:38:21,107675.03,107717.81,107295.13,107362.11
2025-09-16 20:00:00,107358.53,108536.38,107358.53,108453.58
2025-09-17 00:00:00,108458.81,108693.68,107909.57,108271.02
2025-09-17 04:00:00,108257.32,108807.3,107659.27,108645.48
2025-09-17 08:00:00,108652.73,109200.84,108123.46,108246.52
2025-09-17 12:00:00,108249.17,109297.33,107873.33,109270.64
2025-09-17 16:00:00,109266.18,109448.19,108102.43,108284.96
2025-09-17 20:00:00,108281.28,108979.05,108201.06,108346.67
2025-09-18 00:00:00,108339.54,108981.28,108182.44,108755.61
2025-09-18 04:00:00,108756.92,109385.8,108364.15,108555.09
2025-09-18 08:00:00,108554.55,110139.77,108460.78,110110.32
2025-09-18 12:00:00,110118.11,110387.42,109752.88,110332.75
2025-09-18 16:00:00,110335.66,111394.33,110218.17,110917.95
2025-09-18 20:00:00,110922.71,111497.27,109913.61,110119.64
2025-09-19 00:00:00,110119.51,111143.98,109856.14,111051.5
2025-09-19 04:00:00,111053.55,111645.47,110597.63,110782.63
2025-09-19 08:00:00,110779.88,111474.21,110119.9,111427.07
2025-09-19 12:00:00,111426.22,111426.82,110264.77,111014.78
2025-09-19 16:00:00,111014.19,111646.41,110803.61,111465.92
2025-09-19 20:00:00,111469.02,111690.49,109948.88,110108.68
2025-09-20 00:00:00,110115.77,110708.76,109745.92,110009.34
2025-09-20 04:00:00,110008.49,110493.78,109636.45,110224.11
2025-09-20 08:00:00,110235.46,111285.2,110083.51,110576.66
2025-09-20 12:00:00,110582.28,110667.28,109292.83,109888.77
2025-09-20 16:00:00,109882.04,110719.58,109729.35,109778.62
2025-09-20 20:00:00,109767.43,110179.18,108552.23,108693.71
2025-09-21 00:00:00,108697.92,109074.89,108063.67,108466.66
2025-09-21 04:00:00,108466.3,108710.75,107517.72,107741.69
2025-09-21 08:00:00,107733.45,107756.26,106452.89,106592.02
2025-09-21 12:00:00,106576.87,107091.29,106141.0,106745.32
2025-09-21 16:00:00,106746.29,106801.7,105767.62,106125.45
2025-09-21 20:00:00,106124.11,107249.39,105978.26,107203.39
2025-09-22 00:00:00,107198.09,107393.7,106655.66,106859.84
2025-09-22 04:00:00,106854.55,107313.97,106275.2,106657.9
2025-09-22 08:00:00,106665.83,107111.54,105871.22,106404.85
2025-09-22 12:00:00,106400.83,107427.22,106129.89,106642.86
2025-09-22 16:00:00,106646.11,106893.27,105523.81,106592.68
2025-09-22 20:00:00,106586.17,107374.95,106101.6,107098.47
2025-09-23 00:00:00,107094.21,107301.37,106500.68,106737.96
2025-09-23 04:00:00,106730.41,107744.71,106614.47,107234.11
2025-09-23 08:00:00,107236.87,108396.61,106838.36,107930.82
2025-09-23 12:00:00,107923.93,107982.11,106358.86,106420.69
2025-09-23 16:00:00,106429.75,106466.59,105129.29,105410.26
2025-09-23 20:00:00,105409.75,106280.57,105408.29,106136.61
2025-09-24 00:00:00,106132.89,106267.71,104579.62,104833.39
2025-09-24 04:00:00,104832.5,105836.0,104667.74,105721.98
2025-09-24 08:00:00,105721.16,105744.25,104635.28,105188.6
2025-09-24 12:00:00,105185.88,105287.3,104636.84,104748.54
2025-09-24 16:00:00,104750.7,105136.49,104247.59,104993.98
2025-09-24 20:00:00,105002.18,105926.29,104951.41,105812.32
2025-09-25 00:00:00,105822.01,105889.54,105087.45,105438.45
2025-09-25 04:00:00,105435.84,106049.41,104721.76,105961.3
2025-09-25 08:00:00,105964.69,106175.7,104805.28,104947.83
2025-09-25 12:00:00,104943.16,105548.01,104810.75,105408.42
2025-09-25 16:00:00,105401.04,105669.73,104733.41,105049.05
2025-09-25 20:00:00,105048.25,105452.71,104409.52,104703.76
2025-09-26 00:00:00,104699.68,104797.86,103731.56,104166.52
2025-09-26 04:00:00,104170.47,104178.59,102744.77,102882.64
2025-09-26 08:00:00,102881.42,103331.19,102293.05,103125.47
2025-09-26 12:00:00,103119.0,103906.18,103050.44,103494.03
2025-09-26 16:00:00,103494.89,104672.06,103290.59,104666.63
2025-09-26 20:00:00,104666.06,105755.5,104613.21,105080.75
2025-09-27 00:00:00,105072.57,106033.59,105044.52,105851.68
2025-09-27 04:00:00,105857.03,105928.67,104634.62,104777.93
2025-09-27 08:00:00,104775.25,105226.89,104366.68,104693.12
2025-09-27 12:00:00,104692.81,105650.9,104635.28,105557.1
2025-09-27 16:00:00,105554.48,105586.73,103967.09,104143.68
2025-09-27 20:00:00,104150.18,106615.19,104136.0,106603.72
2025-09-28 00:00:00,106605.64,107001.87,105798.44,105809.9
2025-09-28 04:00:00,105804.32,106111.85,104730.11,105552.65
2025-09-28 08:00:00,105544.23,105715.29,105038.68,105502.46
2025-09-28 12:00:00,105507.34,105604.37,103870.83,104415.43
2025-09-28 16:00:00,104417.2,104496.29,103873.66,104493.24
2025-09-28 20:00:00,104478.68,104787.61,104080.75,104636.09
2025-09-29 00:00:00,104631.73,105514.09,104598.53,105093.76
2025-09-29 04:00:00,105094.25,105207.66,104307.27,104971.76
2025-09-29 08:00:00,104975.73,105211.12,104221.33,104327.56
2025-09-29 12:00:00,104327.14,104926.97,103873.74,104773.86
2025-09-29 16:00:00,104773.63,105725.06,104651.59,105352.39
2025-09-29 20:00:00,105352.16,106807.7,105193.84,106505.76
2025-09-30 00:00:00,106506.64,107104.28,105967.84,106944.11
2025-09-30 04:00:00,106934.99,107910.96,106705.9,107642.13
2025-09-30 08:00:00,107634.35,107720.65,106272.53,106992.12
2025-09-30 12:00:00,106993.25,107108.9,106335.77,106656.67
2025-09-30 16:00:00,106665.03,108396.91,106650.08,107752.15
2025-09-30 20:00:00,107753.64,107936.71,106798.27,106898.84
2025-10-01 00:00:00,106902.68,107656.51,106899.23,107434.77
2025-10-01 04:00:00,107427.43,107849.33,106302.14,106563.91
2025-10-01 08:00:00,106560.09,106622.92,106047.86,106125.2
2025-10-01 12:00:00,106123.3,106738.47,105379.67,106417.49
2025-10-01 16:00:00,106420.49,107395.62,106379.4,106826.33
2025-10-01 20:00:00,106826.84,106850.85,106270.38,106622.88
2025-10-02 00:00:00,106621.08,107038.66,105636.24,105728.19
2025-10-02 04:00:00,105731.5,106209.36,105271.08,105890.28
2025-10-02 08:00:00,105893.72,106694.09,105568.16,106571.29
2025-10-02 12:00:00,106577.6,107088.89,106309.53,106384.13
2025-10-02 16:00:00,106389.73,107608.54,106190.76,106501.47
2025-10-02 20:00:00,106502.17,106929.01,106200.5,106287.01
2025-10-03 00:00:00,106286.43,106587.07,105327.89,105511.15
2025-10-03 04:00:00,105511.75,107061.9,105279.19,106632.14
2025-10-03 08:00:00,106627.61,106841.95,105585.85,106145.3
2025-10-03 12:00:00,106148.12,107192.97,105427.12,106894.59
2025-10-03 16:00:00,106888.1,107602.91,106285.33,106394.33
2025-10-03 20:00:00,106390.72,106892.16,106186.34,106519.9
2025-10-04 00:00:00,106523.33,106637.61,106165.45,106275.85
2025-10-04 04:00:00,106274.46,107879.7,106207.55,107827.74
2025-10-04 08:00:00,107818.17,108972.16,107326.49,108962.74
2025-10-04 12:00:00,108961.0,109919.69,108514.79,109658.22
2025-10-04 16:00:00,109657.64,110715.9,109542.38,109970.16
2025-10-04 20:00:00,109972.01,110632.09,109401.2,110368.4
2025-10-05 00:00:00,110364.43,110744.06,110044.73,110083.08
2025-10-05 04:00:00,110090.36,111084.16,109814.8,110948.13
2025-10-05 08:00:00,110944.27,110998.46,110317.47,110382.83
2025-10-05 12:00:00,110381.57,110762.6,108886.35,109094.43
2025-10-05 16:00:00,109089.95,109911.81,108977.92,109295.48
2025-10-05 20:00:00,109294.51,109798.32,108910.6,109704.64
2025-10-06 00:00:00,109696.34,110441.58,109480.33,110114.76
2025-10-06 04:00:00,110123.88,110993.39,110049.09,110660.45
2025-10-06 08:00:00,110659.96,111534.41,109769.99,111513.93
2025-10-06 12:00:00,111517.8,112221.25,111386.99,111950.57
2025-10-06 16:00:00,111948.45,112190.48,110344.93,110831.62
2025-10-06 20:00:00,110828.23,111463.38,110370.92,110407.88
2025-10-07 00:00:00,110410.84,110530.26,109286.61,109871.9
2025-10-07 04:00:00,109871.62,109973.04,107611.44,107766.67
2025-10-07 08:00:00,107762.87,108038.15,107135.8,107745.17
2025-10-07 12:00:00,107740.95,108425.42,107563.35,107608.7
2025-10-07 16:00:00,107616.74,108123.41,107389.88,107809.47
2025-10-07 20:00:00,107812.22,108972.28,107565.61,108361.54
2025-10-08 00:00:00,108361.6,109296.05,108327.12,108524.24
2025-10-08 04:00:00,108521.25,109487.42,108089.85,109379.26
2025-10-08 08:00:00,109383.44,110767.35,108853.26,110673.46
2025-10-08 12:00:00,110675.56,111335.97,110378.95,111254.42
2025-10-08 16:00:00,111249.97,111436.2,110542.43,111261.69
2025-10-08 20:00:00,111262.94,113140.92,111244.56,112661.73
2025-10-09 00:00:00,112662.09,113563.2,112217.61,112959.05
2025-10-09 04:00:00,112961.15,113474.13,112350.01,113114.96
2025-10-09 08:00:00,113117.74,113975.73,112463.8,113952.46
2025-10-09 12:00:00,113950.86,114157.03,113138.69,113453.41
2025-10-09 16:00:00,113451.86,113992.57,113021.05,113615.69
2025-10-09 20:00:00,113612.41,114232.14,113266.68,113768.32
2025-10-10 00:00:00,113766.86,114135.64,113108.14,113925.9
2025-10-10 04:00:00,113928.45,115126.71,113740.35,114973.75
2025-10-10 08:00:00,114961.86,115108.88,113669.35,113771.22
2025-10-10 12:00:00,113767.73,114327.86,112879.16,113687.35
2025-10-10 16:00:00,113698.46,115515.61,113636.81,115007.51
2025-10-10 20:00:00,115007.83,115092.25,113862.31,114281.53
2025-10-11 00:00:00,114278.26,115161.99,114272.41,114711.87
2025-10-11 04:00:00,114706.42,115426.09,114310.8,115315.74
2025-10-11 08:00:00,115316.84,115366.77,114655.06,115160.12
2025-10-11 12:00:00,115166.57,115843.52,114471.16,114598.16
2025-10-11 16:00:00,114588.09,115221.43,114486.76,114868.21
2025-10-11 20:00:00,114869.43,115236.85,114217.14,114871.06
2025-10-12 00:00:00,114869.48,115707.08,114818.97,115139.43
2025-10-12 04:00:00,115142.31,115558.52,114683.64,115482.0
2025-10-12 08:00:00,115485.75,116229.55,115242.21,115403.64
2025-10-12 12:00:00,115406.67,117433.93,115254.72,117422.57
2025-10-12 16:00:00,117422.85,118346.93,116975.02,118055.56
2025-10-12 20:00:00,118062.19,118269.73,117241.57,117709.69
2025-10-13 00:00:00,117708.76,118187.92,116500.55,116826.8
2025-10-13 04:00:00,116815.94,117202.16,115651.73,115665.46
2025-10-13 08:00:00,115668.86,116214.28,115636.9,116154.83
2025-10-13 12:00:00,116160.58,116544.15,115578.56,116533.01
2025-10-13 16:00:00,116533.62,117096.84,116330.28,116627.08
2025-10-13 20:00:00,116618.84,116922.69,115885.55,116609.01
2025-10-14 00:00:00,116600.67,116891.18,115719.42,115912.36
2025-10-14 04:00:00,115912.2,116940.52,115886.41,116348.21
2025-10-14 08:00:00,116349.23,117386.9,115898.46,116682.38
2025-10-14 12:00:00,116680.09,117729.19,116214.57,117587.15
2025-10-14 16:00:00,117579.67,118259.42,117330.35,117480.43
2025-10-14 20:00:00,117474.68,118191.94,117262.06,117636.75
2025-10-15 00:00:00,117640.47,117640.47,116283.34,117036.33
2025-10-15 04:00:00,117035.5,117872.52,116430.24,117403.15
2025-10-15 08:00:00,117398.57,118394.12,117142.25,117960.27
2025-10-15 12:00:00,117967.53,118280.32,117248.67,118095.83
2025-10-15 16:00:00,118092.96,118754.41,117432.06,118402.02
2025-10-15 20:00:00,118400.33,119510.12,118053.98,119373.48
2025-10-16 00:00:00,119367.77,119743.96,118937.78,119352.08
2025-10-16 04:00:00,119351.04,120331.8,119351.04,119855.24
2025-10-16 08:00:00,119851.73,121333.66,119845.25,120872.33
2025-10-16 12:00:00,120870.22,121123.65,120235.27,120558.38
2025-10-16 16:00:00,120555.15,120979.81,120211.37,120628.96
2025-10-16 20:00:00,120639.02,121356.77,119940.5,120915.09
2025-10-17 00:00:00,120913.4,120925.53,119905.96,120342.16
2025-10-17 04:00:00,120339.44,121457.84,120071.11,121085.41
2025-10-17 08:00:00,121081.96,121981.12,120990.77,121840.6
2025-10-17 12:00:00,121839.27,122856.15,121594.6,122385.99
2025-10-17 16:00:00,122392.15,122833.26,121823.1,122122.25
2025-10-17 20:00:00,122132.18,124553.95,122123.04,123971.7
2025-10-18 00:00:00,123963.48,125631.88,123590.26,125103.16
2025-10-18 04:00:00,125104.0,125281.36,123891.2,124219.43
2025-10-18 08:00:00,124212.93,125739.4,123787.34,124907.21
2025-10-18 12:00:00,124913.65,126532.32,124809.46,126530.14
2025-10-18 16:00:00,126538.7,127007.52,126091.37,126804.3
2025-10-18 20:00:00,126800.96,127199.46,125916.04,126140.39
2025-10-19 00:00:00,126142.74,126208.62,124752.26,125080.93
2025-10-19 04:00:00,125081.8,125618.49,124383.39,124763.81
2025-10-19 08:00:00,124765.02,125476.2,124352.42,124390.82
2025-10-19 12:00:00,124393.4,124787.59,123296.1,123698.91
2025-10-19 16:00:00,123697.24,124604.59,123199.43,123669.37
2025-10-19 20:00:00,123664.07,125339.87,123611.6,124878.59
2025-10-20 00:00:00,124886.16,125690.67,124275.33,124301.52
2025-10-20 04:00:00,124300.63,124654.29,123992.49,124509.84
2025-10-20 08:00:00,124516.1,125121.94,124051.58,124508.21
2025-10-20 12:00:00,124506.31,125918.43,124489.47,125279.69
2025-10-20 16:00:00,125278.91,125504.22,123456.57,124407.2
2025-10-20 20:00:00,124418.47,125387.5,123766.71,123872.45
2025-10-21 00:00:00,123869.71,124876.3,123592.99,124328.41
2025-10-21 04:00:00,124330.48,124526.72,122563.65,122943.99
2025-10-21 08:00:00,122945.81,124397.99,122493.54,124365.98
2025-10-21 12:00:00,124361.98,124823.87,123939.53,124505.08
2025-10-21 16:00:00,124504.0,126670.93,124428.03,126434.3
2025-10-21 20:00:00,126432.36,126593.75,124938.74,125473.33
2025-10-22 00:00:00,125478.21,125819.57,124769.38,124849.89
2025-10-22 04:00:00,124854.81,125717.14,123922.48,124018.38
2025-10-22 08:00:00,124019.5,124957.74,123658.16,124167.01
2025-10-22 12:00:00,124170.51,125661.31,123785.3,125415.81
2025-10-22 16:00:00,125422.67,127043.56,125327.44,126549.0
2025-10-22 20:00:00,126543.91,127837.02,126328.06,127679.31
2025-10-23 00:00:00,127683.2,129374.02,127543.03,129226.59
2025-10-23 04:00:00,129220.81,129272.64,126957.18,127586.15
2025-10-23 08:00:00,127586.61,128101.13,127148.07,127202.12
2025-10-23 12:00:00,127204.93,128409.44,126597.36,127894.88
2025-10-23 16:00:00,127892.74,128049.67,127372.39,127814.28
2025-10-23 20:00:00,127820.2,128972.15,127669.97,128300.05
2025-10-24 00:00:00,128305.1,128567.31,127465.78,127920.15
2025-10-24 04:00:00,127918.46,129754.55,127880.44,129336.85
2025-10-24 08:00:00,129333.91,129728.97,127891.77,128008.04
2025-10-24 12:00:00,128013.48,128073.11,126498.92,127334.25
2025-10-24 16:00:00,127327.84,128100.17,126447.55,126655.4
2025-10-24 20:00:00,126653.98,128571.69,126560.04,128423.19
2025-10-25 00:00:00,128417.9,128600.8,127672.88,128257.6
2025-10-25 04:00:00,128258.03,129483.95,128253.48,128946.35
2025-10-25 08:00:00,128950.28,128984.17,127400.47,128682.95
2025-10-25 12:00:00,128680.59,129857.83,128273.37,129780.28
2025-10-25 16:00:00,129782.55,129814.91,128166.52,128180.77
2025-10-25 20:00:00,128183.01,128747.89,127792.05,128351.97
2025-10-26 00:00:00,128352.05,128647.59,127803.74,128491.38
2025-10-26 04:00:00,128493.67,129146.98,128446.96,128933.98
2025-10-26 08:00:00,128940.27,129986.32,128820.46,129679.85
2025-10-26 12:00:00,129679.57,133221.35,129679.57,133122.89
2025-10-26 16:00:00,133127.55,133980.43,132884.56,133266.83
2025-10-26 20:00:00,133270.44,133353.78,131648.85,132059.14
2025-10-27 00:00:00,132059.01,133477.31,131759.05,133240.27
2025-10-27 04:00:00,133242.27,133340.23,131298.77,131755.7
2025-10-27 08:00:00,131766.4,131924.99,130599.75,130891.66
2025-10-27 12:00:00,130899.67,131146.04,130157.19,130391.12
2025-10-27 16:00:00,130395.66,131810.34,130234.57,131139.97
2025-10-27 20:00:00,131147.87,132277.98,130448.55,131105.82
2025-10-28 00:00:00,131115.02,131972.51,130821.79,131524.61
2025-10-28 04:00:00,131528.82,131607.7,130079.1,130300.57
2025-10-28 08:00:00,130299.49,130430.4,128329.01,129174.39
2025-10-28 12:00:00,129171.47,129729.46,128996.34,129381.19
2025-10-28 16:00:00,129385.46,129567.47,128740.77,129158.4
2025-10-28 20:00:00,129153.78,129792.57,128446.04,129417.94
2025-10-29 00:00:00,129418.87,129697.18,128475.37,129201.51
2025-10-29 04:00:00,129202.07,129737.35,128724.64,128830.92
2025-10-29 08:00:00,128839.32,130061.36,128732.11,129645.65
2025-10-29 12:00:00,129641.37,129790.58,128074.03,128125.69
2025-10-29 16:00:00,128125.39,129062.58,128083.0,128607.08
2025-10-29 20:00:00,128602.71,129299.37,127708.75,128495.67
2025-10-30 00:00:00,128493.83,129236.34,128266.96,128786.78
2025-10-30 04:00:00,128791.57,129354.58,128200.93,129230.89
2025-10-30 08:00:00,129234.72,130242.92,129221.04,129984.57
2025-10-30 12:00:00,129980.8,130319.61,128982.67,129670.87
2025-10-30 16:00:00,129669.16,130001.94,128311.92,128637.2
2025-10-30 20:00:00,128636.73,129528.6,127743.62,129214.3
2025-10-31 00:00:00,129214.95,130124.17,128923.83,130087.77
2025-10-31 04:00:00,130097.2,131030.92,130065.64,130947.53
2025-10-31 08:00:00,130954.96,131689.26,130127.42,131182.39
2025-10-31 12:00:00,131182.48,131319.75,129705.08,130493.95
2025-10-31 16:00:00,130490.54,131102.87,130150.99,130890.05
2025-10-31 20:00:00,130894.92,131393.18,130353.16,130818.49
2025-11-01 00:00:00,130816.56,131109.67,130060.49,130988.27
2025-11-01 04:00:00,130993.12,131132.06,130138.89,130234.46
2025-11-01 08:00:00,130230.79,130234.94,129182.41,129213.46
2025-11-01 12:00:00,129212.96,129472.65,127977.56,128371.56
2025-11-01 16:00:00,128371.13,129740.12,128116.45,129440.46
2025-11-01 20:00:00,129443.17,129929.24,128094.33,129439.67
2025-11-02 00:00:00,129441.67,129732.11,128750.0,129255.65
2025-11-02 04:00:00,129260.3,130075.56,128386.76,128408.34
2025-11-02 08:00:00,128407.17,129823.91,128301.12,128917.24
2025-11-02 12:00:00,128920.36,129269.51,127215.62,127217.09
2025-11-02 16:00:00,127211.41,128481.58,126958.02,127269.94
2025-11-02 20:00:00,127260.92,128422.32,127196.23,127936.87
2025-11-03 00:00:00,127938.41,128761.91,127409.9,127576.23
2025-11-03 04:00:00,127576.44,128387.56,127523.23,128346.6
2025-11-03 08:00:00,128342.95,128697.17,126480.29,126888.08
2025-11-03 12:00:00,126893.29,127769.36,126661.82,127027.97
2025-11-03 16:00:00,127034.93,128527.08,126736.96,128392.79
2025-11-03 20:00:00,128392.4,128534.82,126625.4,126825.78
2025-11-04 00:00:00,126829.59,127639.62,126595.78,127531.53
2025-11-04 04:00:00,127533.13,127844.9,126664.91,126748.84
2025-11-04 08:00:00,126746.79,127065.53,125753.65,126466.45
2025-11-04 12:00:00,126467.55,126617.99,125633.31,126062.03
2025-11-04 16:00:00,126055.85,127133.56,125688.26,125970.33
2025-11-04 20:00:00,125967.79,127273.2,125568.89,126801.52
2025-11-05 00:00:00,126808.12,127310.68,125897.7,126480.56
2025-11-05 04:00:00,126477.23,127442.03,126295.54,126922.09
2025-11-05 08:00:00,126928.36,127321.17,126037.82,126660.52
2025-11-05 12:00:00,126667.21,127140.58,126280.94,126643.41
2025-11-05 16:00:00,126640.84,127173.2,126182.25,126544.94
2025-11-05 20:00:00,126543.72,127781.62,126442.96,127395.75
2025-11-06 00:00:00,127391.23,128202.18,126805.73,127746.64
2025-11-06 04:00:00,127746.57,128022.97,127114.5,127685.1
2025-11-06 08:00:00,127683.16,129086.39,127520.32,129036.3
2025-11-06 12:00:00,129035.44,129908.14,128892.2,129241.41
2025-11-06 16:00:00,129242.87,129516.25,128259.97,128422.78
2025-11-06 20:00:00,128410.66,128499.44,126715.25,126773.17
2025-11-07 00:00:00,126776.53,127151.38,126116.34,126469.95
2025-11-07 04:00:00,126474.91,128545.87,126272.45,128542.85
2025-11-07 08:00:00,128550.97,128842.45,127946.14,128558.35
2025-11-07 12:00:00,128553.0,129022.52,127827.0,128503.23
2025-11-07 16:00:00,128496.26,130234.97,128375.35,129943.29
2025-11-07 20:00:00,129936.89,130168.41,129514.24,129727.65
2025-11-08 00:00:00,129724.7,130394.82,128958.02,129295.7
2025-11-08 04:00:00,129290.3,129417.19,127568.31,127676.74
2025-11-08 08:00:00,127679.48,127871.48,126902.26,127113.13
2025-11-08 12:00:00,127112.52,127570.7,126121.0,126471.12
2025-11-08 16:00:00,126470.73,126586.84,125428.7,126077.54
2025-11-08 20:00:00,126064.92,126576.3,125372.34,126570.31
2025-11-09 00:00:00,126573.63,126770.66,125117.13,125337.92
2025-11-09 04:00:00,125344.56,125451.53,124067.46,124068.65
2025-11-09 08:00:00,124061.84,124568.21,123294.98,123299.65
2025-11-09 12:00:00,123288.11,123503.91,121949.56,123059.8
2025-11-09 16:00:00,123059.45,123927.9,122887.63,123444.36
2025-11-09 20:00:00,123434.05,124510.91,123392.91,124120.39
2025-11-10 00:00:00,124116.05,125546.07,124116.05,124743.82
2025-11-10 04:00:00,124747.59,125085.17,123434.18,123605.67
2025-11-10 08:00:00,123597.0,124406.7,123455.01,123816.18
2025-11-10 12:00:00,123811.2,124449.77,123098.32,123990.45
2025-11-10 16:00:00,123994.82,125461.99,123819.52,125365.64
2025-11-10 20:00:00,125368.78,125449.47,124355.18,125195.15
2025-11-11 00:00:00,125202.4,125913.96,123774.42,124031.64
2025-11-11 04:00:00,124016.47,124034.71,122276.03,122799.59
2025-11-11 08:00:00,122785.15,123248.8,122408.89,122955.45
2025-11-11 12:00:00,122957.97,124250.48,122813.93,124130.0
2025-11-11 16:00:00,124130.17,124389.17,122768.77,123539.89
2025-11-11 20:00:00,123538.14,124750.42,123467.48,123773.8
2025-11-12 00:00:00,123780.96,124095.54,123022.92,123229.75
2025-11-12 04:00:00,123230.58,123487.05,122778.01,123154.81
2025-11-12 08:00:00,123159.08,123733.64,121786.73,122125.74
2025-11-12 12:00:00,122133.18,122200.23,120881.99,121315.24
2025-11-12 16:00:00,121307.7,122012.14,120865.36,121016.76
2025-11-12 20:00:00,121023.21,121136.86,119802.29,120000.08
2025-11-13 00:00:00,119995.18,120403.37,119655.89,120231.08
2025-11-13 04:00:00,120233.24,120575.62,118784.44,118946.25
2025-11-13 08:00:00,118938.35,119176.61,118414.67,118570.87
2025-11-13 12:00:00,118575.7,120207.26,118296.39,119991.38
2025-11-13 16:00:00,119985.38,120362.61,118958.93,119176.07
2025-11-13 20:00:00,119162.74,120895.29,118847.05,120683.2
2025-11-14 00:00:00,120684.13,121325.73,119954.76,120922.28
2025-11-14 04:00:00,120923.41,121263.97,120055.16,121011.97
2025-11-14 08:00:00,121007.09,121094.63,119836.57,120674.58
2025-11-14 12:00:00,120678.01,120678.01,119105.25,119923.8
2025-11-14 16:00:00,119930.09,120914.83,119488.04,119757.43
2025-11-14 20:00:00,119753.36,120285.37,119457.47,119869.9
2025-11-15 00:00:00,119869.73,120685.42,119689.16,120251.24
2025-11-15 04:00:00,120247.34,120744.24,119909.81,120474.2
2025-11-15 08:00:00,120461.04,120752.57,119731.54,120586.02
2025-11-15 12:00:00,120581.71,120827.41,119791.21,119983.74
2025-11-15 16:00:00,119991.39,120602.35,119004.15,119115.37
2025-11-15 20:00:00,119106.86,119745.75,118687.35,119716.44
2025-11-16 00:00:00,119712.42,119886.48,117920.0,117957.84
2025-11-16 04:00:00,117948.64,118041.99,116644.59,116703.83
2025-11-16 08:00:00,116700.53,117932.15,116451.22,117286.52
2025-11-16 12:00:00,117271.96,117888.4,116906.15,117580.47
2025-11-16 16:00:00,117588.65,117985.61,117062.86,117641.89
2025-11-16 20:00:00,117640.59,119099.53,117370.01,118752.01
2025-11-17 00:00:00,118761.37,119476.29,117989.48,118068.67
2025-11-17 04:00:00,118071.14,118421.18,117455.19,117605.18
2025-11-17 08:00:00,117616.67,118579.87,117127.73,118369.44
2025-11-17 12:00:00,118369.85,118411.43,117771.22,118071.13
2025-11-17 16:00:00,118081.69,118138.25,117202.07,117689.74
2025-11-17 20:00:00,117686.9,118754.24,117577.98,118619.42
2025-11-18 00:00:00,118610.71,119412.3,118301.3,119098.21
2025-11-18 04:00:00,119107.54,119543.82,118487.46,118629.13
2025-11-18 08:00:00,118630.74,118658.84,117369.9,118033.79
2025-11-18 12:00:00,118026.63,120439.78,117831.32,119729.55
2025-11-18 16:00:00,119721.42,120164.21,119051.55,119084.43
2025-11-18 20:00:00,119089.94,119172.51,117389.28,117632.04
2025-11-19 00:00:00,117640.75,118121.9,117524.34,117776.7
2025-11-19 04:00:00,117782.17,117999.63,117167.92,117684.73
2025-11-19 08:00:00,117686.72,117943.05,117195.92,117926.16
2025-11-19 12:00:00,117932.19,118689.44,117220.13,118219.46
2025-11-19 16:00:00,118220.67,118556.82,117824.86,118368.52
2025-11-19 20:00:00,118363.72,118963.71,118240.59,118564.71
2025-11-20 00:00:00,118567.92,118651.94,116923.31,117069.23
2025-11-20 04:00:00,117071.54,118272.68,117020.56,117624.43
2025-11-20 08:00:00,117624.83,117650.42,116144.3,116288.51
2025-11-20 12:00:00,116288.16,117989.61,115871.38,117989.61
2025-11-20 16:00:00,117987.04,119087.39,117908.9,118838.14
2025-11-20 20:00:00,118844.45,119685.39,118413.32,119585.08
2025-11-21 00:00:00,119585.26,120187.16,119027.05,119738.05
2025-11-21 04:00:00,119735.15,120180.95,119390.75,120001.14
2025-11-21 08:00:00,119997.97,120047.45,118964.35,119125.73
2025-11-21 12:00:00,119128.29,119541.1,118303.59,118950.88
2025-11-21 16:00:00,118949.64,119823.18,118593.81,119588.77
2025-11-21 20:00:00,119586.28,119915.65,118708.22,118713.31
2025-11-22 00:00:00,118709.13,119015.07,118189.26,118415.06
2025-11-22 04:00:00,118413.29,119148.71,118363.14,118646.84
2025-11-22 08:00:00,118651.31,119000.69,118174.84,118782.07
2025-11-22 12:00:00,118786.47,119673.82,118316.62,119539.99
2025-11-22 16:00:00,119540.19,120287.43,119387.73,119910.73
2025-11-22 20:00:00,119917.71,120319.08,119386.02,119929.39
2025-11-23 00:00:00,119938.96,120130.07,118676.33,118980.56
2025-11-23 04:00:00,118983.91,119834.32,118495.96,118966.04
2025-11-23 08:00:00,118961.07,119098.29,118334.32,118716.71
2025-11-23 12:00:00,118718.95,118785.08,117415.89,117836.27
2025-11-23 16:00:00,117842.2,117866.25,116731.55,117345.24
2025-11-23 20:00:00,117348.91,118737.81,117219.56,118556.67
2025-11-24 00:00:00,118558.54,119411.23,117797.61,117934.27
2025-11-24 04:00:00,117930.64,118138.66,117444.3,117985.32
2025-11-24 08:00:00,117985.8,118516.98,117449.15,117973.19
2025-11-24 12:00:00,117969.45,118077.45,116677.41,117253.57
2025-11-24 16:00:00,117250.3,117357.83,116513.87,117178.2
2025-11-24 20:00:00,117175.39,118087.47,117094.94,117101.58
2025-11-25 00:00:00,117101.67,118656.58,116905.25,118130.36
2025-11-25 04:00:00,118145.21,118256.05,116981.29,117327.43
2025-11-25 08:00:00,117324.55,117402.28,115731.23,115879.63
2025-11-25 12:00:00,115877.35,116265.59,114348.2,114435.77
2025-11-25 16:00:00,114434.76,115268.65,113861.26,114740.91
2025-11-25 20:00:00,114742.73,114849.16,113569.39,114501.84
2025-11-26 00:00:00,114504.04,115045.64,113909.63,114864.02
2025-11-26 04:00:00,114859.75,115625.23,113913.81,114932.34
2025-11-26 08:00:00,114933.84,115794.68,114690.48,115155.53
2025-11-26 12:00:00,115158.81,115421.9,114820.61,115254.22
2025-11-26 16:00:00,115252.64,116085.75,114986.28,115627.16
2025-11-26 20:00:00,115629.59,116531.6,115593.36,116023.72
2025-11-27 00:00:00,116027.46,117744.89,115943.99,117465.33
2025-11-27 04:00:00,117462.09,118846.54,117276.35,118546.13
2025-11-27 08:00:00,118538.3,118655.17,117815.11,118306.48
2025-11-27 12:00:00,118310.19,119782.73,118118.4,119740.99
2025-11-27 16:00:00,119733.11,120621.52,119244.53,120609.65
2025-11-27 20:00:00,120609.35,121422.61,120074.69,121226.51
2025-11-28 00:00:00,121220.63,122286.34,120770.35,122117.17
2025-11-28 04:00:00,122115.59,123511.05,122087.6,122620.31
2025-11-28 08:00:00,122622.6,122856.14,122016.63,122417.24
2025-11-28 12:00:00,122408.52,124313.77,122189.57,124309.7
2025-11-28 16:00:00,124307.72,124666.32,123703.99,124177.56
2025-11-28 20:00:00,124177.82,124646.72,122679.03,122836.22
2025-11-29 00:00:00,122828.67,125151.58,122293.7,125004.04
2025-11-29 04:00:00,125009.11,125242.33,124382.98,124420.48
2025-11-29 08:00:00,124421.12,126080.99,124289.29,126016.8
2025-11-29 12:00:00,126009.86,127096.6,125425.68,126879.09
2025-11-29 16:00:00,126877.1,127891.06,126699.98,126928.28
2025-11-29 20:00:00,126935.64,127314.13,126495.43,127015.52
2025-11-30 00:00:00,127019.13,127832.24,126486.76,127815.66
2025-11-30 04:00:00,127817.58,128648.16,127730.18,128490.3
2025-11-30 08:00:00,128480.03,128921.51,128025.53,128382.73
2025-11-30 12:00:00,128396.5,128687.53,126851.68,127060.63
2025-11-30 16:00:00,127060.59,128504.94,126853.57,128123.87
2025-11-30 20:00:00,128119.72,130600.37,127849.93,130035.89
2025-12-01 00:00:00,130036.68,131488.28,129701.21,131420.89
2025-12-01 04:00:00,131408.37,132040.37,130719.56,132040.37
2025-12-01 08:00:00,132032.49,132172.94,130595.75,130605.27
2025-12-01 12:00:00,130604.68,130817.29,129718.5,130333.07
2025-12-01 16:00:00,130340.08,130483.52,128925.16,130170.59
2025-12-01 20:00:00,130161.3,131102.17,130060.58,130967.88
2025-12-02 00:00:00,130977.82,132517.14,130887.59,131851.18
2025-12-02 04:00:00,131860.25,132290.53,131138.19,131762.37
2025-12-02 08:00:00,131762.08,132793.86,131697.21,132762.67
2025-12-02 12:00:00,132757.07,133780.54,131796.2,132373.31
2025-12-02 16:00:00,132374.91,133134.8,132132.62,132899.24
2025-12-02 20:00:00,132900.08,133333.35,131090.22,131231.49
2025-12-03 00:00:00,131229.47,131330.18,129766.71,129830.97
2025-12-03 04:00:00,129840.61,130543.32,129555.7,129842.18
2025-12-03 08:00:00,129849.34,129876.2,128544.04,128736.72
2025-12-03 12:00:00,128729.12,129534.12,128238.38,129060.7
2025-12-03 16:00:00,129057.68,129315.06,128175.15,129251.13
2025-12-03 20:00:00,129252.5,129715.26,128067.54,128497.45
2025-12-04 00:00:00,128487.84,129436.0,127226.0,127485.63
2025-12-04 04:00:00,127478.45,128220.88,127129.96,127869.47
2025-12-04 08:00:00,127863.18,129376.05,127738.72,129235.4
2025-12-04 12:00:00,129234.48,129711.22,128483.0,128981.83
2025-12-04 16:00:00,128980.48,128991.8,127073.31,127280.8
2025-12-04 20:00:00,127276.18,128779.44,127190.06,128434.65
2025-12-05 00:00:00,128441.08,129621.89,128274.17,129302.46
2025-12-05 04:00:00,129314.78,130469.21,129182.26,129682.01
2025-12-05 08:00:00,129683.58,129895.97,129249.39,129868.77
2025-12-05 12:00:00,129867.81,129934.58,129083.33,129464.27
2025-12-05 16:00:00,129466.92,130223.74,128570.06,129655.42
2025-12-05 20:00:00,129655.91,129663.01,128165.68,128391.03
2025-12-06 00:00:00,128386.25,129789.26,128329.09,129744.48
2025-12-06 04:00:00,129744.77,129810.04,128876.9,129055.1
2025-12-06 08:00:00,129050.57,130799.76,129050.57,130290.4
2025-12-06 12:00:00,130292.09,132727.25,129912.64,132557.05
2025-12-06 16:00:00,132550.59,133204.9,132109.73,132691.66
2025-12-06 20:00:00,132689.63,133057.2,132134.44,132909.4
2025-12-07 00:00:00,132917.09,133515.71,132146.27,132450.02
2025-12-07 04:00:00,132453.93,133760.6,132432.39,133760.6
2025-12-07 08:00:00,133755.67,134017.53,132937.01,133767.75
2025-12-07 12:00:00,133764.54,133861.38,132716.84,132724.54
2025-12-07 16:00:00,132732.5,132990.88,131257.85,131757.32
2025-12-07 20:00:00,131762.3,132978.43,131603.43,132672.14
2025-12-08 00:00:00,132680.6,132720.63,131442.15,131629.55
2025-12-08 04:00:00,131625.0,131675.58,130078.23,130139.59
2025-12-08 08:00:00,130148.44,131331.66,130105.05,131246.54
2025-12-08 12:00:00,131239.99,131623.39,130495.81,131056.67
2025-12-08 16:00:00,131065.1,131389.98,129369.67,129397.57
2025-12-08 20:00:00,129398.85,130434.55,128588.04,128724.05
2025-12-09 00:00:00,128715.47,128947.41,127142.03,127527.5
2025-12-09 04:00:00,127520.65,128054.99,126113.28,126165.33
2025-12-09 08:00:00,126158.74,126506.72,125266.96,125713.66
2025-12-09 12:00:00,125712.22,126505.29,125309.91,125503.59
2025-12-09 16:00:00,125502.98,125569.58,124077.88,125171.2
2025-12-09 20:00:00,125166.51,126056.76,124611.83,125988.81
2025-12-10 00:00:00,125993.09,127217.44,125927.21,126588.55
2025-12-10 04:00:00,126583.4,127245.39,126138.99,126957.52
2025-12-10 08:00:00,126958.74,127706.6,126402.14,127367.85
2025-12-10 12:00:00,127372.71,127461.1,126169.44,126677.36
2025-12-10 16:00:00,126677.56,126926.17,125995.63,126140.01
2025-12-10 20:00:00,126136.63,127766.15,125988.8,127534.07
2025-12-11 00:00:00,127533.47,128025.2,126040.22,126752.49
2025-12-11 04:00:00,126750.33,126804.07,125225.25,125257.83
2025-12-11 08:00:00,125264.9,125652.79,123960.22,124075.02
2025-12-11 12:00:00,124072.7,124521.91,123592.23,124257.17
2025-12-11 16:00:00,124255.11,124888.06,124124.71,124232.27
2025-12-11 20:00:00,124226.03,125023.18,123646.86,124569.59
2025-12-12 00:00:00,124560.78,124616.98,122304.51,122411.92
2025-12-12 04:00:00,122413.82,122570.04,121505.12,122055.55
2025-12-12 08:00:00,122055.4,122565.67,121292.02,122537.57
2025-12-12 12:00:00,122544.68,123078.61,121525.73,122669.94
2025-12-12 16:00:00,122668.21,123936.6,122564.09,123631.47
2025-12-12 20:00:00,123625.4,124930.13,123547.31,124297.39
2025-12-13 00:00:00,124302.26,124518.57,123243.16,123302.3
2025-12-13 04:00:00,123298.3,124250.09,123236.88,124065.44
2025-12-13 08:00:00,124066.34,124156.7,123093.49,123497.1
2025-12-13 12:00:00,123501.86,123744.75,122303.24,122383.36
2025-12-13 16:00:00,122387.88,123450.06,121886.85,122253.3
2025-12-13 20:00:00,122252.05,123021.48,121825.33,122116.49
2025-12-14 00:00:00,122117.22,122998.02,121993.28,122947.97
2025-12-14 04:00:00,122954.65,123106.82,122457.36,122628.92
2025-12-14 08:00:00,122632.28,122710.59,121621.77,121986.22
2025-12-14 12:00:00,121985.31,122001.77,120816.64,120974.05
2025-12-14 16:00:00,120967.8,120984.83,119231.86,119238.46
2025-12-14 20:00:00,119227.08,119894.26,118876.89,119882.72
2025-12-15 00:00:00,119878.04,120832.85,119720.15,120815.65
2025-12-15 04:00:00,120819.22,122164.08,120786.62,121706.95
2025-12-15 08:00:00,121709.95,123121.29,121480.13,122548.26
2025-12-15 12:00:00,122549.81,122758.31,122166.01,122259.62
2025-12-15 16:00:00,122271.29,123054.03,121441.87,121448.12
2025-12-15 20:00:00,121446.89,122435.24,121182.85,122432.86
2025-12-16 00:00:00,122428.95,123073.38,122322.66,122406.82
2025-12-16 04:00:00,122415.19,122668.35,121729.16,122635.03
2025-12-16 08:00:00,122639.84,123074.36,122414.98,122667.53
2025-12-16 12:00:00,122657.75,124767.05,122385.71,124576.4
2025-12-16 16:00:00,124576.57,125227.17,124049.67,124116.58
2025-12-16 20:00:00,124120.72,124771.0,123610.79,124068.5
2025-12-17 00:00:00,124065.0,124733.46,123661.04,123908.82
2025-12-17 04:00:00,123913.7,123967.08,122367.39,122539.75
2025-12-17 08:00:00,122537.22,122798.51,121018.21,121104.96
2025-12-17 12:00:00,121113.39,122094.85,120760.69,121583.35
2025-12-17 16:00:00,121594.04,121738.2,120466.83,120554.54
2025-12-17 20:00:00,120560.38,121930.88,120132.24,121697.93
2025-12-18 00:00:00,121697.65,121796.61,121000.15,121668.11
2025-12-18 04:00:00,121662.12,121662.12,120268.61,120614.37
2025-12-18 08:00:00,120612.44,120967.11,119781.27,120859.64
2025-12-18 12:00:00,120860.13,121405.68,119188.09,120065.08
2025-12-18 16:00:00,120062.56,121368.37,119755.84,121315.43
2025-12-18 20:00:00,121316.6,122854.3,120974.34,122186.24
2025-12-19 00:00:00,122189.41,123172.42,121935.14,122605.09
2025-12-19 04:00:00,122603.88,124272.5,122603.88,124131.11
2025-12-19 08:00:00,124112.32,124816.2,123831.47,124453.37
2025-12-19 12:00:00,124452.68,125741.28,124383.73,125472.65
2025-12-19 16:00:00,125476.87,125797.3,124088.29,124722.57
2025-12-19 20:00:00,124717.02,125547.37,124703.17,124777.28
2025-12-20 00:00:00,124778.89,124919.37,122533.31,122765.04
2025-12-20 04:00:00,122755.11,122850.82,121912.93,122618.57
2025-12-20 08:00:00,122608.3,123930.86,122318.41,123632.01
2025-12-20 12:00:00,123638.6,124961.42,123600.37,124864.26
2025-12-20 16:00:00,124858.1,124951.68,122735.53,122823.59
2025-12-20 20:00:00,122825.32,123073.72,122111.28,122239.95
2025-12-21 00:00:00,122234.34,124706.5,122114.25,124685.18
2025-12-21 04:00:00,124685.16,125477.68,124095.58,124205.69
2025-12-21 08:00:00,124208.56,125301.15,123995.02,124266.82
2025-12-21 12:00:00,124277.05,124492.22,122811.26,123154.99
2025-12-21 16:00:00,123147.19,124183.21,122905.26,123421.68
2025-12-21 20:00:00,123420.5,125034.22,123317.69,124446.37
2025-12-22 00:00:00,124448.69,124953.93,124068.05,124253.37
2025-12-22 04:00:00,124253.68,125779.69,124009.62,125230.45
2025-12-22 08:00:00,125230.87,125600.7,123707.03,123916.44
2025-12-22 12:00:00,123914.42,123920.5,123020.87,123134.88
2025-12-22 16:00:00,123131.61,123317.53,122594.66,122729.33
2025-12-22 20:00:00,122720.67,122823.34,121019.65,121047.38
2025-12-23 00:00:00,121033.98,121392.16,120770.64,121133.06
2025-12-23 04:00:00,121138.4,121993.8,121125.26,121937.46
2025-12-23 08:00:00,121927.54,122421.94,121546.21,122082.16
2025-12-23 12:00:00,122091.6,122450.62,121531.64,122295.25
2025-12-23 16:00:00,122299.3,122537.15,120885.09,120981.15
2025-12-23 20:00:00,120980.25,121357.34,119975.78,120347.85
2025-12-24 00:00:00,120349.71,121024.71,120139.03,120811.62
2025-12-24 04:00:00,120812.05,122258.97,120560.43,121207.42
2025-12-24 08:00:00,121205.05,121799.29,120153.45,120291.78
2025-12-24 12:00:00,120292.24,120534.08,119705.27,119923.21
2025-12-24 16:00:00,119934.88,120482.42,119251.81,120154.97
2025-12-24 20:00:00,120157.42,120291.85,118535.73,118977.24
2025-12-25 00:00:00,118973.36,119580.28,118440.4,119263.56
2025-12-25 04:00:00,119267.34,119981.45,118508.82,118536.79
2025-12-25 08:00:00,118534.29,119002.41,117797.59,118012.61
2025-12-25 12:00:00,118009.59,118707.73,117542.39,118682.44
2025-12-25 16:00:00,118687.57,118712.94,117493.72,117525.25
2025-12-25 20:00:00,117525.37,117782.26,116966.44,117244.2
2025-12-26 00:00:00,117248.57,117586.25,116604.23,116604.23
2025-12-26 04:00:00,116603.67,116873.83,115420.48,115476.02
2025-12-26 08:00:00,115481.06,115935.13,114847.83,115327.19
2025-12-26 12:00:00,115326.59,115333.36,113931.51,115022.62
2025-12-26 16:00:00,115035.32,116162.25,114621.4,116146.24
2025-12-26 20:00:00,116143.07,117305.42,116118.07,116607.33
2025-12-27 00:00:00,116611.38,116655.43,114671.49,115195.57
2025-12-27 04:00:00,115189.9,115215.38,114426.21,114500.86
2025-12-27 08:00:00,114490.97,115189.88,114067.91,114464.95
2025-12-27 12:00:00,114472.67,114893.61,113715.6,113936.32
2025-12-27 16:00:00,113934.35,114720.08,113752.48,114207.57
2025-12-27 20:00:00,114200.4,114245.64,112597.66,113007.98
2025-12-28 00:00:00,113011.9,113883.98,112568.49,113200.38
2025-12-28 04:00:00,113195.08,113467.47,111967.58,112001.29
2025-12-28 08:00:00,112008.05,112256.97,111053.27,112217.0
2025-12-28 12:00:00,112213.93,112393.09,111703.18,112355.75
2025-12-28 16:00:00,112348.8,114328.26,112348.32,114047.81
2025-12-28 20:00:00,114045.62,114915.33,113819.19,114689.58
2025-12-29 00:00:00,114692.75,115715.6,114598.45,115281.45
2025-12-29 04:00:00,115277.32,115605.95,114440.03,115316.62
2025-12-29 08:00:00,115314.37,115642.4,114537.59,114630.26
2025-12-29 12:00:00,114633.54,115196.28,113783.85,113852.53
2025-12-29 16:00:00,113848.64,115136.35,113816.32,115038.56
2025-12-29 20:00:00,115046.37,115488.16,114499.13,114885.1
2025-12-30 00:00:00,114881.54,115861.22,114174.25,115637.05
2025-12-30 04:00:00,115642.7,116470.15,115486.68,116261.24
2025-12-30 08:00:00,116260.16,117788.83,115996.1,117346.72
2025-12-30 12:00:00,117345.97,118467.63,117211.16,118400.68
2025-12-30 16:00:00,118396.18,120032.13,118305.61,119463.95
2025-12-30 20:00:00,119459.29,121270.87,119044.92,121032.2
2025-12-31 00:00:00,121029.62,122538.84,120981.5,122526.01
2025-12-31 04:00:00,122524.0,123447.44,122347.42,123420.72
2025-12-31 08:00:00,123428.52,123715.97,122451.01,122906.67
2025-12-31 12:00:00,122907.43,123822.92,122454.63,123120.07
2025-12-31 16:00:00,123127.3,123140.86,122358.83,122975.73
2025-12-31 20:00:00,122977.05,123211.81,121985.46,122189.03
2026-01-01 00:00:00,122185.23,122398.3,121590.66,121898.79
2026-01-01 04:00:00,121895.49,122298.2,121271.45,121969.32
2026-01-01 08:00:00,121967.22,122472.92,121692.61,122429.63
2026-01-01 12:00:00,122432.79,123017.16,122069.44,122687.14
2026-01-01 16:00:00,122684.55,123000.19,121679.71,122623.88
2026-01-01 20:00:00,122625.73,123047.35,121864.09,121935.56
2026-01-02 00:00:00,121926.16,122267.82,121376.64,121513.58
2026-01-02 04:00:00,121520.87,122649.29,121434.36,121434.36
2026-01-02 08:00:00,121434.76,121814.19,120605.53,121156.99
2026-01-02 12:00:00,121150.68,121714.51,119893.11,120073.03
2026-01-02 16:00:00,120072.24,120940.66,119788.46,120829.78
2026-01-02 20:00:00,120830.58,122231.56,120729.44,121914.97
2026-01-03 00:00:00,121909.12,122343.27,121596.72,122025.54
2026-01-03 04:00:00,122031.32,122167.25,120274.41,120671.68
2026-01-03 08:00:00,120678.68,121698.74,120519.7,120699.53
2026-01-03 12:00:00,120698.53,120935.35,119544.79,120449.74
2026-01-03 16:00:00,120450.0,120694.87,118819.18,118872.9
2026-01-03 20:00:00,118871.56,119526.35,118233.58,118715.5
2026-01-04 00:00:00,118711.62,119123.59,118196.2,118741.53
2026-01-04 04:00:00,118737.54,120171.23,118683.42,119467.37
2026-01-04 08:00:00,119466.47,120378.64,119180.98,119650.38
2026-01-04 12:00:00,119649.85,120470.0,119340.84,120180.38
2026-01-04 16:00:00,120180.92,120431.64,119402.58,120029.29
2026-01-04 20:00:00,120040.23,121613.39,119928.4,121222.98
2026-01-05 00:00:00,121229.38,121349.62,120561.92,120643.83
2026-01-05 04:00:00,120637.01,121118.26,120395.35,120611.08
2026-01-05 08:00:00,120621.95,120708.53,119827.16,120409.94
2026-01-05 12:00:00,120418.13,121403.54,120234.06,121345.92
2026-01-05 16:00:00,121352.63,122517.47,121305.81,122212.85
2026-01-05 20:00:00,122215.89,122465.03,121741.55,122298.69
2026-01-06 00:00:00,122301.96,122681.66,121476.63,121703.0
2026-01-06 04:00:00,121699.53,121719.92,120314.81,120661.96
2026-01-06 08:00:00,120654.5,120896.77,119809.25,120559.39
2026-01-06 12:00:00,120560.54,120898.43,119701.68,119845.79
2026-01-06 16:00:00,119846.65,121544.57,119617.18,121224.81
2026-01-06 20:00:00,121221.15,122872.46,120984.8,122356.47
2026-01-07 00:00:00,122359.87,122703.72,122036.39,122302.76
2026-01-07 04:00:00,122307.02,122640.93,121842.87,122409.78
2026-01-07 08:00:00,122416.59,122661.23,120425.11,120757.47
2026-01-07 12:00:00,120747.69,121074.15,120265.29,120489.68
2026-01-07 16:00:00,120492.45,120579.93,119912.64,120010.44
2026-01-07 20:00:00,120007.17,120153.4,119500.64,119871.93
2026-01-08 00:00:00,119880.76,121032.67,119866.14,120845.3
2026-01-08 04:00:00,120843.38,121002.38,119426.39,119845.44
2026-01-08 08:00:00,119848.21,120604.39,119601.28,119853.56
2026-01-08 12:00:00,119847.16,120183.6,119311.6,119323.56
2026-01-08 16:00:00,119323.89,120099.12,118838.94,120061.96
2026-01-08 20:00:00,120059.75,120069.41,118921.33,119636.84
2026-01-09 00:00:00,119636.96,120766.25,119481.75,120132.24
2026-01-09 04:00:00,120128.99,121372.07,120128.86,121035.88
2026-01-09 08:00:00,121039.67,122185.57,120658.57,120727.12
2026-01-09 12:00:00,120727.27,121573.86,120619.81,121335.88
2026-01-09 16:00:00,121337.92,122611.1,121267.09,121361.65
2026-01-09 20:00:00,121367.65,121428.94,119691.95,119978.44
2026-01-10 00:00:00,119981.82,120076.87,118545.09,119005.37
2026-01-10 04:00:00,119007.52,119096.44,117862.73,118210.29
2026-01-10 08:00:00,118200.01,119781.97,117694.23,119219.87
2026-01-10 12:00:00,119215.16,120798.1,119130.84,119869.34
2026-01-10 16:00:00,119874.91,120288.03,119342.83,119539.58
2026-01-10 20:00:00,119536.59,119654.05,118480.53,119322.36
2026-01-11 00:00:00,119331.94,120586.39,119009.81,119827.13
2026-01-11 04:00:00,119820.15,120781.82,119309.4,119346.38
2026-01-11 08:00:00,119348.59,120407.09,119182.63,119685.83
2026-01-11 12:00:00,119690.13,120254.72,119350.66,119537.6
2026-01-11 16:00:00,119531.86,119661.08,118927.2,119189.2
2026-01-11 20:00:00,119186.61,119539.64,118737.26,119285.47
2026-01-12 00:00:00,119285.41,119623.19,118476.53,118630.4
2026-01-12 04:00:00,118628.29,119097.09,117999.13,118257.51
2026-01-12 08:00:00,118256.93,119045.21,118174.79,118188.96
2026-01-12 12:00:00,118193.21,119192.26,118182.95,118467.71
2026-01-12 16:00:00,118475.87,118980.81,117579.34,117851.43
2026-01-12 20:00:00,117861.5,118460.44,117622.87,117992.31
2026-01-13 00:00:00,117992.11,119354.55,117183.21,119351.11
2026-01-13 04:00:00,119349.81,119388.99,117977.07,118511.03
2026-01-13 08:00:00,118511.65,119716.16,118469.9,119379.45
2026-01-13 12:00:00,119377.14,119591.72,118676.88,119163.41
2026-01-13 16:00:00,119161.66,120640.11,118899.54,120565.05
2026-01-13 20:00:00,120560.29,121076.73,119296.3,119360.69
2026-01-14 00:00:00,119368.29,121110.91,119259.49,120962.21
2026-01-14 04:00:00,120962.69,121531.51,120580.58,120746.29
2026-01-14 08:00:00,120739.77,122563.49,120185.45,121973.71
2026-01-14 12:00:00,121971.47,123115.59,121683.87,122627.05
2026-01-14 16:00:00,122627.79,123222.62,122345.37,123037.3
2026-01-14 20:00:00,123038.77,123981.89,122920.76,123494.44
2026-01-15 00:00:00,123495.24,123621.8,122585.8,123139.72
2026-01-15 04:00:00,123130.82,123206.81,121378.82,122512.53
2026-01-15 08:00:00,122520.29,122817.83,121681.55,122230.9
2026-01-15 12:00:00,122242.43,123408.8,122148.99,122720.61
2026-01-15 16:00:00,122722.4,123681.11,122397.44,122909.67
2026-01-15 20:00:00,122905.9,123547.51,122320.75,122752.47
2026-01-16 00:00:00,122755.71,123105.93,121887.7,122904.7
2026-01-16 04:00:00,122902.16,123213.54,122107.65,122813.89
2026-01-16 08:00:00,122808.77,123826.38,122460.04,123727.27
2026-01-16 12:00:00,123732.54,124139.6,122668.03,123244.1
2026-01-16 16:00:00,123240.54,124441.07,123231.7,123622.97
2026-01-16 20:00:00,123628.83,123712.02,122882.54,123027.61
2026-01-17 00:00:00,123032.4,123618.24,122631.14,123086.72
2026-01-17 04:00:00,123089.03,123427.28,122169.27,122257.81
2026-01-17 08:00:00,122258.9,122304.08,120825.6,121314.78
2026-01-17 12:00:00,121310.92,121976.46,121243.76,121786.25
2026-01-17 16:00:00,121786.52,121986.52,118394.65,118422.76
2026-01-17 20:00:00,118416.71,119167.43,117581.45,118990.86
2026-01-18 00:00:00,118995.64,119641.07,118745.96,119507.32
2026-01-18 04:00:00,119514.82,120597.73,119365.26,119791.41
2026-01-18 08:00:00,119794.05,120484.28,119156.62,119159.98
2026-01-18 12:00:00,119165.8,119845.49,118532.71,118624.7
2026-01-18 16:00:00,118628.85,118940.49,117802.82,117809.89
2026-01-18 20:00:00,117807.12,118140.25,117049.09,117719.88
2026-01-19 00:00:00,117716.58,118420.29,117226.67,118306.94
2026-01-19 04:00:00,118299.24,118491.4,116558.01,116980.34
2026-01-19 08:00:00,116983.41,117201.29,115964.53,115998.23
2026-01-19 12:00:00,115990.4,116851.23,115598.32,116669.12
2026-01-19 16:00:00,116678.37,116708.96,115809.57,116103.53
2026-01-19 20:00:00,116103.51,116164.79,114908.35,115559.6
2026-01-20 00:00:00,115559.34,115997.41,115244.84,115764.62
2026-01-20 04:00:00,115756.35,117015.09,115729.65,116889.08
2026-01-20 08:00:00,116887.82,118185.09,116816.55,118102.68
2026-01-20 12:00:00,118107.71,118538.29,117635.74,118277.05
2026-01-20 16:00:00,118277.05,119053.64,117977.72,118951.6
2026-01-20 20:00:00,118952.47,119109.12,117277.23,117494.86
2026-01-21 00:00:00,117498.14,118310.9,117381.17,118073.6
2026-01-21 04:00:00,118072.74,118626.93,116997.13,117242.84
2026-01-21 08:00:00,117244.16,117659.29,116015.73,116039.54
2026-01-21 12:00:00,116037.06,116334.72,114538.46,114646.61
2026-01-21 16:00:00,114650.87,115737.11,114229.69,115703.63
2026-01-21 20:00:00,115705.58,115825.76,114547.56,114569.53
2026-01-22 00:00:00,114568.46,115019.67,114070.59,114341.83
2026-01-22 04:00:00,114343.35,115219.86,113783.65,114962.01
2026-01-22 08:00:00,114963.33,115123.4,113600.42,113739.02
2026-01-22 12:00:00,113732.89,114062.32,112942.49,113687.14
2026-01-22 16:00:00,113701.11,115364.87,113653.47,114358.37
2026-01-22 20:00:00,114355.34,115675.85,114223.23,115480.34
2026-01-23 00:00:00,115482.66,115653.49,114866.13,115425.89
2026-01-23 04:00:00,115432.43,115534.94,112987.1,113155.69
2026-01-23 08:00:00,113158.13,113944.43,112755.76,112992.7
2026-01-23 12:00:00,112984.46,113438.45,112740.32,113318.53
2026-01-23 16:00:00,113319.0,114245.89,113234.81,113833.78
2026-01-23 20:00:00,113833.45,114837.77,113387.45,113860.79
2026-01-24 00:00:00,113865.91,114323.21,113478.39,113990.25
2026-01-24 04:00:00,113982.97,115500.13,113950.99,114974.67
2026-01-24 08:00:00,114975.48,115032.13,113211.94,113775.37
2026-01-24 12:00:00,113781.83,114082.88,112829.67,113132.31
2026-01-24 16:00:00,113135.35,114092.24,113050.12,113354.25
2026-01-24 20:00:00,113359.44,114112.15,112276.95,112524.08
2026-01-25 00:00:00,112525.29,113558.29,112508.6,113310.45
2026-01-25 04:00:00,113308.79,113665.68,112524.05,112950.4
2026-01-25 08:00:00,112942.75,113461.81,112215.1,112332.9
2026-01-25 12:00:00,112331.02,112410.14,110743.16,111119.25
2026-01-25 16:00:00,111119.29,111332.77,110283.99,110444.0
2026-01-25 20:00:00,110437.06,111700.48,110172.44,111343.91
2026-01-26 00:00:00,111346.37,111508.25,110557.07,111438.6
2026-01-26 04:00:00,111431.96,112698.52,111348.5,112503.46
2026-01-26 08:00:00,112509.17,112670.77,111179.41,111789.92
2026-01-26 12:00:00,111796.07,112388.8,111332.82,111598.82
2026-01-26 16:00:00,111599.31,112545.08,111232.0,112354.71
2026-01-26 20:00:00,112350.8,112368.4,110916.64,111196.62
2026-01-27 00:00:00,111193.64,111346.89,110338.9,110525.46
2026-01-27 04:00:00,110526.8,111392.03,110136.23,111190.03
2026-01-27 08:00:00,111194.13,111755.99,110461.39,110558.6
2026-01-27 12:00:00,110559.04,111262.44,110344.87,111120.84
2026-01-27 16:00:00,111129.07,111429.84,110833.68,110946.87
2026-01-27 20:00:00,110943.98,112292.22,110837.37,112024.15
2026-01-28 00:00:00,112014.06,112074.8,111258.01,111918.88
2026-01-28 04:00:00,111922.41,112726.37,111814.63,111824.58
2026-01-28 08:00:00,111831.44,112403.15,111377.46,112219.11
2026-01-28 12:00:00,112218.42,112984.2,112067.51,112584.83
2026-01-28 16:00:00,112588.09,113228.87,111459.68,111530.81
2026-01-28 20:00:00,111530.9,112047.52,110615.01,110693.34
2026-01-29 00:00:00,110691.27,111316.24,110135.92,110371.04
2026-01-29 04:00:00,110372.19,110929.35,109801.08,110123.67
2026-01-29 08:00:00,110123.95,110812.81,109820.39,110762.58
2026-01-29 12:00:00,110766.79,111156.37,110327.16,111046.95
2026-01-29 16:00:00,111052.89,111459.45,110169.45,110172.54
2026-01-29 20:00:00,110165.02,110929.99,110126.75,110238.99
2026-01-30 00:00:00,110230.21,110230.21,109294.82,109593.27
2026-01-30 04:00:00,109599.75,110883.32,109523.41,110710.88
2026-01-30 08:00:00,110714.58,110908.6,109968.71,110848.52
2026-01-30 12:00:00,110849.65,111507.23,110453.84,110651.96
2026-01-30 16:00:00,110658.86,110780.89,109750.15,109830.24
2026-01-30 20:00:00,109827.97,110836.18,109522.95,110555.78
2026-01-31 00:00:00,110559.38,111820.88,110352.98,111670.1
2026-01-31 04:00:00,111675.95,111675.95,110285.75,110691.56
2026-01-31 08:00:00,110695.2,111673.96,110490.36,111568.89
2026-01-31 12:00:00,111564.18,111801.94,111002.0,111449.67
2026-01-31 16:00:00,111450.37,112383.35,111411.96,111862.3
2026-01-31 20:00:00,111858.79,112525.33,111755.09,112422.05
2026-02-01 00:00:00,112418.3,113015.15,111986.42,112882.69
2026-02-01 04:00:00,112879.17,113644.11,112588.62,113287.66
2026-02-01 08:00:00,113281.97,113756.56,111635.1,111645.68
2026-02-01 12:00:00,111651.1,112584.03,111548.51,112569.5
2026-02-01 16:00:00,112574.0,112866.54,111736.13,112003.96
2026-02-01 20:00:00,112003.22,112839.51,111887.12,112351.33
2026-02-02 00:00:00,112351.24,113041.16,112268.29,112513.11
2026-02-02 04:00:00,112507.29,112574.42,111590.3,111987.07
2026-02-02 08:00:00,111991.74,112176.82,110521.09,110660.97
2026-02-02 12:00:00,110662.09,112295.05,110616.53,111821.51
2026-02-02 16:00:00,111826.17,112288.06,111334.4,112288.06
2026-02-02 20:00:00,112289.29,113564.25,112095.88,113290.66
2026-02-03 00:00:00,113293.1,113897.15,113056.63,113163.08
2026-02-03 04:00:00,113156.89,114431.57,113112.13,113545.12
2026-02-03 08:00:00,113546.51,113850.27,112937.31,112954.85
2026-02-03 12:00:00,112955.68,113775.03,112431.16,113678.82
2026-02-03 16:00:00,113676.51,114075.23,112760.69,112788.54
2026-02-03 20:00:00,112790.43,112926.31,110902.9,110930.42
2026-02-04 00:00:00,110933.64,111199.08,110433.45,110628.85
2026-02-04 04:00:00,110629.69,111027.9,109567.64,109698.74
2026-02-04 08:00:00,109698.55,109896.26,108680.9,109054.34
2026-02-04 12:00:00,109052.78,109094.79,107698.02,107769.31
2026-02-04 16:00:00,107776.18,107894.41,106650.97,106807.94
2026-02-04 20:00:00,106811.47,106898.69,105452.29,105535.69
2026-02-05 00:00:00,105544.24,106287.36,105252.05,105330.9
2026-02-05 04:00:00,105337.37,105770.16,104852.38,105356.74
2026-02-05 08:00:00,105348.1,105925.63,104744.48,105525.93
2026-02-05 12:00:00,105519.17,106043.18,104251.65,104550.9
2026-02-05 16:00:00,104555.65,104804.26,104046.02,104307.24
2026-02-05 20:00:00,104318.51,104393.57,103112.31,103336.11
2026-02-06 00:00:00,103336.7,103977.63,102829.27,102904.96
2026-02-06 04:00:00,102911.54,103187.91,102611.98,102902.85
2026-02-06 08:00:00,102898.28,104895.22,102676.93,104535.33
2026-02-06 12:00:00,104536.5,106207.59,104495.07,106031.11
2026-02-06 16:00:00,106027.74,106867.21,105790.54,106014.04
2026-02-06 20:00:00,106020.04,106020.04,104540.23,104837.94
2026-02-07 00:00:00,104842.54,105574.73,104375.27,104730.42
2026-02-07 04:00:00,104733.22,104901.76,103630.03,103649.38
2026-02-07 08:00:00,103646.53,103966.96,103067.49,103438.32
2026-02-07 12:00:00,103430.91,103571.06,102871.03,103330.5
2026-02-07 16:00:00,103332.3,104182.12,103182.38,104145.17
2026-02-07 20:00:00,104143.47,104327.54,103256.76,103943.95
2026-02-08 00:00:00,103941.25,105115.29,103842.57,105086.04
2026-02-08 04:00:00,105084.95,105699.22,105077.79,105664.95
2026-02-08 08:00:00,105667.34,107209.41,105505.54,106843.35
2026-02-08 12:00:00,106844.9,107529.97,106384.02,107389.37
2026-02-08 16:00:00,107391.72,108302.96,107274.68,107826.0
2026-02-08 20:00:00,107817.39,108144.49,107059.3,107121.39
2026-02-09 00:00:00,107133.73,107522.91,106463.64,106642.35
2026-02-09 04:00:00,106642.98,107026.84,106166.04,106177.98
2026-02-09 08:00:00,106182.07,107088.03,106125.9,106558.14
2026-02-09 12:00:00,106555.69,106749.03,105808.36,106722.05
2026-02-09 16:00:00,106721.47,106776.58,105600.95,105768.04
2026-02-09 20:00:00,105764.05,106101.21,105274.24,106029.2
2026-02-10 00:00:00,106023.97,106763.2,105602.98,106739.03
2026-02-10 04:00:00,106746.0,107611.43,106315.69,107227.73
2026-02-10 08:00:00,107226.25,107514.66,106647.13,106654.55
2026-02-10 12:00:00,106654.1,107677.91,106617.02,107189.48
2026-02-10 16:00:00,107195.06,107835.96,106829.47,107505.94
2026-02-10 20:00:00,107504.12,107965.78,107067.39,107285.45
2026-02-11 00:00:00,107277.77,107424.45,106250.26,106940.67
2026-02-11 04:00:00,106939.06,107388.29,106481.98,106864.36
2026-02-11 08:00:00,106873.17,106918.61,106261.06,106410.71
2026-02-11 12:00:00,106408.75,106452.46,105289.16,106053.05
2026-02-11 16:00:00,106052.42,106997.41,105888.03,106469.32
2026-02-11 20:00:00,106463.79,106672.61,104819.9,104834.83
2026-02-12 00:00:00,104828.02,105396.22,104388.58,104428.01
2026-02-12 04:00:00,104434.14,106668.5,104338.62,106575.73
2026-02-12 08:00:00,106568.41,106660.82,106022.05,106084.32
2026-02-12 12:00:00,106090.21,106941.11,105904.5,106350.85
2026-02-12 16:00:00,106354.69,107461.25,106057.3,106215.53
2026-02-12 20:00:00,106224.07,106691.86,105941.01,106184.26
2026-02-13 00:00:00,106190.97,106836.12,105709.96,106163.93
2026-02-13 04:00:00,106165.81,106393.11,105782.22,106218.29
2026-02-13 08:00:00,106216.03,106843.28,105788.17,106722.84
2026-02-13 12:00:00,106725.21,106833.29,106047.98,106672.5
2026-02-13 16:00:00,106669.95,106680.94,105346.35,105360.96
2026-02-13 20:00:00,105364.06,105866.8,104187.9,104493.78
2026-02-14 00:00:00,104496.4,105369.46,104438.46,105253.54
2026-02-14 04:00:00,105255.9,105858.49,104215.51,105509.32
2026-02-14 08:00:00,105511.91,105850.8,104820.64,105755.03
2026-02-14 12:00:00,105755.28,106271.25,105135.65,106204.68
2026-02-14 16:00:00,106213.82,106548.54,105816.0,106258.54
2026-02-14 20:00:00,106261.58,106524.95,104795.3,104801.1
2026-02-15 00:00:00,104799.49,105434.43,104257.46,105358.12
2026-02-15 04:00:00,105350.49,105803.12,105292.46,105563.05
2026-02-15 08:00:00,105564.16,106626.71,105082.72,106529.75
2026-02-15 12:00:00,106530.51,107680.04,105955.28,107205.76
2026-02-15 16:00:00,107191.9,107949.36,107084.33,107803.45
2026-02-15 20:00:00,107805.34,108336.36,107352.18,108122.14
2026-02-16 00:00:00,108114.9,108125.34,106108.69,106178.18
2026-02-16 04:00:00,106178.35,106206.94,105466.84,105721.75
2026-02-16 08:00:00,105719.14,105911.75,104550.25,104590.59
2026-02-16 12:00:00,104589.85,105896.52,104428.83,105402.59
2026-02-16 16:00:00,105394.63,105690.45,104763.02,105618.99
2026-02-16 20:00:00,105620.78,106783.76,105525.57,106360.89
2026-02-17 00:00:00,106363.68,106720.51,106049.55,106573.77
2026-02-17 04:00:00,106575.63,107832.75,106575.44,107832.09
2026-02-17 08:00:00,107828.09,109106.39,107425.04,109050.85
2026-02-17 12:00:00,109045.51,110000.24,108763.37,109980.85
2026-02-17 16:00:00,109976.62,110782.79,109563.47,110289.69
2026-02-17 20:00:00,110292.1,110505.19,109359.68,110375.07
2026-02-18 00:00:00,110378.41,111211.7,109925.9,111013.35
2026-02-18 04:00:00,111013.94,111479.33,110378.38,110697.34
2026-02-18 08:00:00,110692.91,111690.89,110681.18,111035.51
2026-02-18 12:00:00,111034.25,111930.9,110786.28,111457.63
2026-02-18 16:00:00,111460.29,112040.63,111162.13,111229.01
2026-02-18 20:00:00,111233.84,112768.89,111014.87,112404.44
2026-02-19 00:00:00,112400.09,112613.41,111159.04,111340.92
2026-02-19 04:00:00,111344.86,112218.89,111080.59,112027.27
2026-02-19 08:00:00,112031.45,112263.97,110841.95,111348.98
2026-02-19 12:00:00,111356.3,111613.15,110346.38,110969.47
2026-02-19 16:00:00,110968.49,111619.73,110721.77,111414.21
2026-02-19 20:00:00,111419.82,112099.32,111039.09,111984.05
2026-02-20 00:00:00,111985.45,112423.13,111481.26,111941.38
2026-02-20 04:00:00,111939.97,112180.72,110410.43,110639.59
2026-02-20 08:00:00,110639.56,111227.51,110182.1,110652.92
2026-02-20 12:00:00,110656.45,111183.12,110291.58,110456.68
2026-02-20 16:00:00,110462.38,110748.98,109186.15,109267.05
2026-02-20 20:00:00,109271.45,109513.09,107873.4,107924.57
2026-02-21 00:00:00,107931.94,107932.41,106565.34,107381.52
2026-02-21 04:00:00,107382.8,107442.05,106347.08,106616.81
2026-02-21 08:00:00,106622.82,107930.78,106579.74,107223.26
2026-02-21 12:00:00,107222.25,107903.32,106711.0,107727.92
2026-02-21 16:00:00,107724.93,108516.71,107330.46,108078.62
2026-02-21 20:00:00,108082.14,108082.52,107070.57,107743.71
2026-02-22 00:00:00,107738.48,108551.26,107412.15,108230.65
2026-02-22 04:00:00,108238.46,108524.21,107965.26,108025.05
2026-02-22 08:00:00,108019.36,108068.05,107080.55,107251.33
2026-02-22 12:00:00,107254.38,108017.45,107244.42,107925.09
2026-02-22 16:00:00,107928.46,107952.46,106523.01,106568.7
2026-02-22 20:00:00,106571.5,107593.54,106259.73,106986.85
2026-02-23 00:00:00,106996.12,107597.09,106739.03,107229.53
2026-02-23 04:00:00,107236.15,108449.07,107230.84,108060.07
2026-02-23 08:00:00,108056.91,109038.28,107756.34,109015.15
2026-02-23 12:00:00,109014.12,110146.24,108748.86,110056.0
2026-02-23 16:00:00,110058.41,110099.98,109101.01,109421.73
2026-02-23 20:00:00,109416.61,109620.37,108651.53,109387.34
2026-02-24 00:00:00,109386.45,109668.45,108827.25,109660.04
2026-02-24 04:00:00,109662.22,110345.68,109496.6,110006.39
2026-02-24 08:00:00,110006.35,110798.99,109660.42,110510.03
2026-02-24 12:00:00,110509.81,110819.51,109694.26,110176.39
2026-02-24 16:00:00,110172.55,111675.26,109911.47,111675.26
2026-02-24 20:00:00,111669.46,112121.14,110550.53,110664.73
2026-02-25 00:00:00,110667.28,110720.12,109566.62,110116.45
2026-02-25 04:00:00,110119.99,110389.36,109584.71,109792.65
2026-02-25 08:00:00,109790.05,110289.77,109473.62,110069.67
2026-02-25 12:00:00,110067.23,110193.88,109103.24,109141.28
2026-02-25 16:00:00,109154.77,109713.42,108931.25,109125.74
2026-02-25 20:00:00,109120.36,110125.22,108366.31,110015.56
2026-02-26 00:00:00,110019.1,110171.23,109466.56,109782.82
2026-02-26 04:00:00,109776.62,111045.07,109743.25,110856.2
2026-02-26 08:00:00,110862.3,111272.34,110123.3,110499.86
2026-02-26 12:00:00,110494.43,111311.34,110354.12,111042.78
2026-02-26 16:00:00,111041.22,111050.64,110174.44,110229.33
2026-02-26 20:00:00,110226.64,110366.64,109783.21,110285.51
2026-02-27 00:00:00,110279.17,110858.1,109983.44,110519.66
2026-02-27 04:00:00,110516.44,111227.98,110147.57,110280.91
2026-02-27 08:00:00,110281.25,110343.09,109432.91,109621.77
2026-02-27 12:00:00,109618.64,110433.94,109285.67,110433.94
2026-02-27 16:00:00,110435.76,111071.89,110297.18,110381.34
2026-02-27 20:00:00,110381.98,110996.81,110338.63,110900.23
2026-02-28 00:00:00,110906.3,111185.12,110170.59,111057.1
2026-02-28 04:00:00,111060.54,112331.14,110900.16,112172.1
2026-02-28 08:00:00,112167.77,112918.86,112024.95,112190.24
2026-02-28 12:00:00,112192.23,112305.43,111095.89,112151.97
2026-02-28 16:00:00,112150.21,112966.06,111743.42,112784.75
2026-02-28 20:00:00,112787.54,113305.21,112400.53,113299.01
2026-03-01 00:00:00,113307.21,113720.44,112818.84,113680.41
2026-03-01 04:00:00,113685.77,113894.63,113074.12,113101.57
2026-03-01 08:00:00,113099.77,114131.92,113093.23,113776.58
2026-03-01 12:00:00,113775.33,114483.57,113637.87,114250.28
2026-03-01 16:00:00,114249.79,114400.67,112402.06,112422.75
2026-03-01 20:00:00,112421.29,112475.7,111105.05,111954.11
2026-03-02 00:00:00,111952.38,112675.33,111952.38,112651.27
2026-03-02 04:00:00,112651.24,114759.55,112609.86,113841.73
2026-03-02 08:00:00,113842.15,115471.33,113807.34,114908.39
2026-03-02 12:00:00,114908.66,115518.48,114578.75,114608.99
2026-03-02 16:00:00,114604.07,115822.63,114487.55,115327.38
2026-03-02 20:00:00,115330.59,115588.28,114674.72,115132.65
2026-03-03 00:00:00,115137.34,116698.15,115085.12,116135.37
2026-03-03 04:00:00,116143.55,116207.4,115166.87,115789.36
2026-03-03 08:00:00,115786.52,116733.41,115080.44,116732.11
2026-03-03 12:00:00,116727.79,116761.98,115341.69,116197.98
2026-03-03 16:00:00,116199.19,116667.04,115645.31,116399.26
2026-03-03 20:00:00,116400.78,116899.85,115483.6,116875.82
2026-03-04 00:00:00,116885.74,117812.07,116709.91,117736.66
2026-03-04 04:00:00,117734.61,118301.1,117478.66,117728.52
2026-03-04 08:00:00,117729.15,118464.98,117669.0,118159.04
2026-03-04 12:00:00,118158.9,120791.59,117868.82,120719.01
2026-03-04 16:00:00,120708.06,122004.7,120331.99,121888.24
2026-03-04 20:00:00,121879.14,123508.17,121555.33,123378.91
2026-03-05 00:00:00,123378.61,123792.34,122571.96,122827.96
2026-03-05 04:00:00,122831.2,123165.26,122408.4,122725.66
2026-03-05 08:00:00,122718.91,124691.79,122407.41,124523.32
2026-03-05 12:00:00,124525.4,125799.95,124429.25,125387.17
2026-03-05 16:00:00,125385.39,127111.97,125378.7,125593.74
2026-03-05 20:00:00,125596.56,125665.96,124621.45,124767.1
2026-03-06 00:00:00,124770.34,125269.37,124209.12,124709.07
2026-03-06 04:00:00,124701.46,125945.58,124676.4,125739.69
2026-03-06 08:00:00,125737.43,126919.91,125705.05,126522.18
2026-03-06 12:00:00,126520.45,126632.69,125300.98,125845.01
2026-03-06 16:00:00,125847.67,126014.21,123891.36,124195.1
2026-03-06 20:00:00,124188.62,125059.58,123688.83,124834.12
2026-03-07 00:00:00,124839.95,125605.45,124647.35,125576.71
2026-03-07 04:00:00,125578.37,126029.17,124831.69,124890.5
2026-03-07 08:00:00,124882.59,125074.46,123992.41,124460.0
2026-03-07 12:00:00,124462.73,124872.12,123895.95,124475.86
2026-03-07 16:00:00,124470.85,125245.54,124216.71,124493.25
2026-03-07 20:00:00,124491.45,124995.32,124099.07,124262.49
2026-03-08 00:00:00,124270.1,125022.33,123782.35,124765.21
2026-03-08 04:00:00,124764.48,125981.84,124571.95,124996.71
2026-03-08 08:00:00,124989.35,125154.66,124199.52,124448.75
2026-03-08 12:00:00,124445.08,124569.87,122472.03,122791.06
2026-03-08 16:00:00,122788.74,123711.26,122097.38,122801.58
2026-03-08 20:00:00,122805.86,123272.48,122349.77,122673.65
2026-03-09 00:00:00,122670.03,122829.1,121919.44,122245.56
2026-03-09 04:00:00,122246.61,122690.08,121710.85,122595.41
2026-03-09 08:00:00,122599.11,122700.95,121751.86,122292.53
2026-03-09 12:00:00,122299.88,123346.41,122055.94,123196.52
2026-03-09 16:00:00,123197.73,124515.71,122994.32,124456.21
2026-03-09 20:00:00,124460.43,125620.1,124235.5,125375.13
2026-03-10 00:00:00,125380.57,126998.16,125375.62,126315.97
2026-03-10 04:00:00,126324.87,126970.77,125483.11,126645.12
2026-03-10 08:00:00,126637.69,127215.69,126446.59,126998.68
2026-03-10 12:00:00,127006.92,127139.31,125914.07,126766.48
2026-03-10 16:00:00,126765.61,127619.12,126033.44,127304.79
2026-03-10 20:00:00,127298.47,127969.42,126765.83,127174.94
2026-03-11 00:00:00,127174.61,128452.23,126550.73,127991.84
2026-03-11 04:00:00,127997.25,128961.93,127896.53,128216.08
2026-03-11 08:00:00,128220.12,128978.16,127794.54,128122.26
2026-03-11 12:00:00,128112.46,128425.92,127627.36,128066.18
2026-03-11 16:00:00,128061.49,129401.81,127709.48,129367.83
2026-03-11 20:00:00,129367.72,129593.64,128177.28,128387.71
2026-03-12 00:00:00,128381.25,129507.9,128030.73,128759.68
2026-03-12 04:00:00,128756.17,128924.95,127271.4,127580.2
2026-03-12 08:00:00,127575.9,127591.59,125441.51,125719.37
2026-03-12 12:00:00,125725.3,125943.39,125094.14,125325.47
2026-03-12 16:00:00,125323.02,127765.23,125146.14,127559.62
2026-03-12 20:00:00,127560.66,128244.93,127231.39,128147.48
2026-03-13 00:00:00,128147.3,128147.3,126290.45,126918.53
2026-03-13 04:00:00,126920.71,127637.83,126538.27,127252.32
2026-03-13 08:00:00,127254.32,127925.69,126305.92,127306.32
2026-03-13 12:00:00,127307.47,128290.26,127237.91,128050.07
2026-03-13 16:00:00,128043.12,129111.15,127614.21,128717.68
2026-03-13 20:00:00,128705.88,128864.54,126786.53,127016.51
2026-03-14 00:00:00,127017.55,127868.33,126887.11,127864.91
2026-03-14 04:00:00,127864.91,128779.91,127856.11,128142.64
2026-03-14 08:00:00,128140.87,129219.59,128131.11,129189.78
2026-03-14 12:00:00,129184.85,130550.24,129168.05,129601.35
2026-03-14 16:00:00,129594.52,129729.34,127778.81,128132.43
2026-03-14 20:00:00,128131.15,129052.49,127637.94,128982.81
2026-03-15 00:00:00,128978.01,129021.82,127437.86,127764.8
2026-03-15 04:00:00,127768.84,127769.61,126648.58,127680.72
2026-03-15 08:00:00,127677.15,128350.09,126723.99,126813.56
2026-03-15 12:00:00,126821.51,127719.87,126393.87,127691.72
2026-03-15 16:00:00,127689.01,128060.63,126782.23,127193.36
2026-03-15 20:00:00,127194.13,127279.73,125624.94,126565.82
2026-03-16 00:00:00,126567.93,127908.08,126411.3,127425.35
2026-03-16 04:00:00,127428.76,129052.94,127427.73,128728.64
2026-03-16 08:00:00,128723.86,130127.74,128563.98,129488.78
2026-03-16 12:00:00,129487.38,129870.42,127804.66,127921.82
2026-03-16 16:00:00,127920.21,128347.05,126793.08,127064.88
2026-03-16 20:00:00,127063.39,127611.12,126744.96,126859.12
2026-03-17 00:00:00,126854.37,127757.47,126425.98,127637.84
2026-03-17 04:00:00,127636.31,128339.08,127151.43,128324.15
2026-03-17 08:00:00,128327.98,128416.72,126354.08,126381.83
2026-03-17 12:00:00,126383.04,126608.17,125556.42,126094.31
2026-03-17 16:00:00,126092.77,126449.86,125173.82,126166.04
2026-03-17 20:00:00,126161.51,127281.53,126012.09,126918.28
2026-03-18 00:00:00,126922.17,129011.76,126574.54,129000.12
2026-03-18 04:00:00,129001.06,130487.48,128861.29,130426.08
2026-03-18 08:00:00,130423.48,130749.96,129759.04,130139.22
2026-03-18 12:00:00,130133.61,131453.83,130119.92,131258.96
2026-03-18 16:00:00,131263.36,132572.86,131170.49,131744.38
2026-03-18 20:00:00,131738.81,133445.18,131577.48,133216.48
2026-03-19 00:00:00,133218.68,134217.57,133167.95,133623.98
2026-03-19 04:00:00,133622.52,134068.2,132947.83,133452.7
2026-03-19 08:00:00,133449.39,133459.59,131248.29,132188.94
2026-03-19 12:00:00,132192.13,132562.49,131354.0,131586.8
2026-03-19 16:00:00,131582.47,132027.34,130872.53,130964.16
2026-03-19 20:00:00,130961.29,131302.23,130255.49,130737.51
2026-03-20 00:00:00,130740.41,131310.53,129934.48,130107.54
2026-03-20 04:00:00,130113.1,130332.18,129408.61,129928.76
2026-03-20 08:00:00,129925.54,130014.63,128592.15,128748.23
2026-03-20 12:00:00,128756.89,130487.12,128538.89,130133.67
2026-03-20 16:00:00,130133.49,130157.9,128425.67,129177.08
2026-03-20 20:00:00,129176.69,129701.62,128993.99,129602.19
2026-03-21 00:00:00,129604.79,130669.17,129560.27,130204.02
2026-03-21 04:00:00,130202.57,130910.63,129886.49,130745.48
2026-03-21 08:00:00,130739.6,131035.51,129947.69,129990.64
2026-03-21 12:00:00,129987.02,130328.78,128640.64,129254.68
2026-03-21 16:00:00,129259.37,129290.79,127390.78,127715.69
2026-03-21 20:00:00,127712.67,128040.77,126217.78,126310.82
2026-03-22 00:00:00,126303.5,127741.51,126256.96,127183.25
2026-03-22 04:00:00,127184.29,128603.69,127134.24,128396.98
2026-03-22 08:00:00,128394.81,128925.59,126787.99,127158.56
2026-03-22 12:00:00,127149.72,128224.91,127070.15,127913.12
2026-03-22 16:00:00,127921.14,128971.12,127638.36,128363.85
2026-03-22 20:00:00,128363.4,129409.17,127999.06,129071.45
2026-03-23 00:00:00,129074.91,129388.91,128333.29,128614.4
2026-03-23 04:00:00,128613.97,129300.17,127093.18,127114.65
2026-03-23 08:00:00,127119.29,127171.58,125687.35,126459.18
2026-03-23 12:00:00,126456.56,126856.16,125719.95,126807.36
2026-03-23 16:00:00,126806.26,128274.8,126611.97,127891.28
2026-03-23 20:00:00,127895.54,128556.06,126321.29,126409.49
2026-03-24 00:00:00,126414.54,127684.28,126413.3,127225.74
2026-03-24 04:00:00,127230.76,128003.14,126684.82,126697.21
2026-03-24 08:00:00,126702.29,127590.84,126286.85,127220.24
2026-03-24 12:00:00,127215.4,127368.09,126427.19,126721.85
2026-03-24 16:00:00,126717.31,127874.91,126492.94,127765.93
2026-03-24 20:00:00,127767.32,128917.78,127017.94,128167.07
2026-03-25 00:00:00,128177.24,129129.51,127652.79,128308.76
2026-03-25 04:00:00,128311.07,128928.53,127583.64,128059.64
2026-03-25 08:00:00,128067.24,128609.55,127316.29,128538.93
2026-03-25 12:00:00,128527.95,129922.41,127998.11,129735.07
2026-03-25 16:00:00,129737.96,129775.3,128469.08,128572.24
2026-03-25 20:00:00,128567.52,130556.25,128247.37,130527.9
2026-03-26 00:00:00,130535.2,132638.58,130189.08,132318.35
2026-03-26 04:00:00,132324.43,133298.42,132179.53,132261.05
2026-03-26 08:00:00,132268.37,132583.87,130520.6,130881.6
2026-03-26 12:00:00,130884.94,130939.02,130141.34,130379.37
2026-03-26 16:00:00,130377.96,131788.29,130336.65,130959.85
2026-03-26 20:00:00,130959.92,131146.9,128889.47,129011.45
2026-03-27 00:00:00,129005.53,129799.37,128787.36,129626.71
2026-03-27 04:00:00,129631.65,129936.39,128781.87,129056.95
2026-03-27 08:00:00,129050.72,129097.01,127357.94,127786.0
2026-03-27 12:00:00,127781.85,128386.67,126217.56,126239.85
2026-03-27 16:00:00,126249.3,126676.69,124971.58,126341.4
2026-03-27 20:00:00,126342.29,126358.38,125179.26,125831.12
2026-03-28 00:00:00,125822.19,126444.61,125503.65,125892.7
2026-03-28 04:00:00,125895.07,126573.88,125275.4,125380.05
2026-03-28 08:00:00,125375.76,126517.43,125143.5,125160.06
2026-03-28 12:00:00,125159.91,125689.33,124456.72,125227.59
2026-03-28 16:00:00,125222.29,125476.35,123675.0,123715.09
2026-03-28 20:00:00,123716.99,124793.2,123657.7,123741.93
2026-03-29 00:00:00,123744.24,124508.82,123388.85,124109.42
2026-03-29 04:00:00,124121.51,124415.91,123341.3,123455.9
2026-03-29 08:00:00,123458.02,123557.0,122670.81,122968.73
2026-03-29 12:00:00,122970.4,123350.67,122363.61,122695.83
2026-03-29 16:00:00,122697.82,124319.64,122680.87,124065.18
2026-03-29 20:00:00,124065.6,124141.94,122561.42,122663.81
2026-03-30 00:00:00,122668.28,123665.23,122537.44,123657.32
2026-03-30 04:00:00,123655.45,124920.34,123442.63,123744.11
2026-03-30 08:00:00,123740.89,125444.87,123704.65,124982.1
2026-03-30 12:00:00,124983.86,125190.66,123950.52,124144.29
2026-03-30 16:00:00,124149.53,124953.58,123877.88,124690.23
2026-03-30 20:00:00,124687.8,125452.97,124544.24,124610.43
2026-03-31 00:00:00,124608.28,125307.44,124409.22,124673.58
2026-03-31 04:00:00,124664.29,124664.85,123343.01,124354.62
2026-03-31 08:00:00,124352.04,124732.45,123967.08,124682.57
2026-03-31 12:00:00,124673.79,125780.55,124646.96,125292.16
2026-03-31 16:00:00,125297.55,125585.18,124361.66,124627.03
2026-03-31 20:00:00,124628.74,124651.26,121938.14,121955.28
2026-04-01 00:00:00,121966.45,122181.67,121117.81,121125.91
2026-04-01 04:00:00,121127.74,121842.94,120848.1,121359.93
2026-04-01 08:00:00,121355.78,121376.44,119566.79,120090.76
2026-04-01 12:00:00,120095.57,121910.93,120033.72,121346.08
2026-04-01 16:00:00,121345.05,121459.32,120204.24,120345.21
2026-04-01 20:00:00,120350.22,120633.92,119819.06,119845.62
2026-04-02 00:00:00,119846.98,121226.08,119757.84,120755.42
2026-04-02 04:00:00,120748.42,121849.54,120637.19,121030.45
2026-04-02 08:00:00,121031.75,121341.63,120327.1,120496.34
2026-04-02 12:00:00,120495.72,120856.05,119208.78,119884.14
2026-04-02 16:00:00,119882.11,121127.16,119878.5,120633.13
2026-04-02 20:00:00,120636.55,120759.79,119872.07,120354.56
2026-04-03 00:00:00,120351.89,122646.3,120260.27,122562.35
2026-04-03 04:00:00,122563.49,122977.69,122160.19,122185.07
2026-04-03 08:00:00,122173.8,123465.38,121862.8,123199.86
2026-04-03 12:00:00,123208.83,123470.11,122180.91,123082.25
2026-04-03 16:00:00,123084.7,124448.84,122907.17,124419.96
2026-04-03 20:00:00,124431.63,124839.41,123102.02,123623.17
2026-04-04 00:00:00,123625.4,124040.74,122510.04,123217.01
2026-04-04 04:00:00,123214.97,126221.38,123160.08,126160.79
2026-04-04 08:00:00,126161.71,127113.35,126108.54,126853.4
2026-04-04 12:00:00,126867.14,128167.17,126735.14,127969.38
2026-04-04 16:00:00,127966.4,128099.98,127300.63,127345.74
2026-04-04 20:00:00,127345.09,127548.51,126152.47,126192.05
2026-04-05 00:00:00,126183.67,127296.19,125386.32,127191.2
2026-04-05 04:00:00,127192.66,127534.48,126335.71,127462.1
2026-04-05 08:00:00,127463.5,127890.25,126330.3,126680.01
2026-04-05 12:00:00,126690.57,126748.6,125467.26,125665.46
2026-04-05 16:00:00,125656.85,125933.74,124942.74,125776.57
2026-04-05 20:00:00,125772.04,126749.73,125554.29,126722.0
2026-04-06 00:00:00,126715.6,127303.17,124958.7,124972.52
2026-04-06 04:00:00,124963.08,125394.05,124553.82,125124.42
2026-04-06 08:00:00,125133.79,125232.87,124398.0,124966.0
2026-04-06 12:00:00,124957.81,125652.92,124544.04,124676.54
2026-04-06 16:00:00,124674.16,125105.54,123926.96,124644.43
2026-04-06 20:00:00,124632.26,125010.68,123695.64,123848.78
2026-04-07 00:00:00,123834.44,124090.23,122543.53,122981.75
2026-04-07 04:00:00,122992.2,124514.25,121985.47,124342.52
2026-04-07 08:00:00,124337.3,124599.55,123544.49,123842.65
2026-04-07 12:00:00,123853.94,124709.72,123220.94,123500.41
2026-04-07 16:00:00,123502.26,124115.66,123081.88,123413.4
2026-04-07 20:00:00,123414.75,124131.49,123174.36,123893.51
2026-04-08 00:00:00,123892.08,124172.35,123021.71,123573.82
2026-04-08 04:00:00,123569.83,124052.96,123220.18,123901.38
2026-04-08 08:00:00,123895.49,124125.43,122940.71,123529.33
2026-04-08 12:00:00,123530.55,124359.1,123327.11,124350.05
2026-04-08 16:00:00,124348.29,124350.01,121954.28,122280.9
2026-04-08 20:00:00,122279.41,122612.39,121617.74,121694.98
2026-04-09 00:00:00,121697.3,122074.51,121187.94,121915.24
2026-04-09 04:00:00,121913.79,122817.96,121857.52,122243.92
2026-04-09 08:00:00,122242.92,123029.07,121625.08,122919.29
2026-04-09 12:00:00,122919.23,123452.98,122265.24,122793.56
2026-04-09 16:00:00,122790.92,122893.76,122331.39,122448.29
2026-04-09 20:00:00,122442.0,123533.51,121716.09,123317.83
2026-04-10 00:00:00,123312.45,123416.17,122333.96,122883.3
2026-04-10 04:00:00,122882.52,124346.03,122837.14,123605.86
2026-04-10 08:00:00,123614.24,124116.74,122846.82,123951.27
2026-04-10 12:00:00,123949.51,125558.51,123732.57,125486.2
2026-04-10 16:00:00,125489.68,125732.06,124236.95,124278.61
2026-04-10 20:00:00,124278.74,125085.46,123344.48,124916.46
2026-04-11 00:00:00,124919.14,126743.7,124367.44,126632.12
2026-04-11 04:00:00,126640.41,127337.13,126340.39,126731.34
2026-04-11 08:00:00,126735.09,126889.65,125140.62,125709.98
2026-04-11 12:00:00,125699.71,125955.31,124229.66,124945.06
2026-04-11 16:00:00,124944.82,127187.74,124696.57,126784.69
2026-04-11 20:00:00,126774.26,127270.32,126087.54,126167.98
2026-04-12 00:00:00,126166.13,127204.64,126032.85,127085.65
2026-04-12 04:00:00,127087.72,128713.87,126841.69,128647.33
2026-04-12 08:00:00,128659.74,128855.88,126883.1,127136.43
2026-04-12 12:00:00,127130.28,127228.53,125749.14,126200.57
2026-04-12 16:00:00,126190.26,127626.28,125378.45,127519.74
2026-04-12 20:00:00,127525.62,129097.16,127232.91,127252.96
2026-04-13 00:00:00,127255.74,128582.85,127184.14,128258.14
2026-04-13 04:00:00,128258.89,128645.64,127769.01,128099.61
2026-04-13 08:00:00,128100.45,128454.25,127289.44,128189.12
2026-04-13 12:00:00,128191.67,128599.2,127585.09,128504.47
2026-04-13 16:00:00,128499.27,129113.3,128344.38,129010.33
2026-04-13 20:00:00,129007.93,130199.82,128656.7,130052.93
2026-04-14 00:00:00,130054.29,130188.16,129103.46,129983.88
2026-04-14 04:00:00,129980.8,130324.93,129218.85,129968.57
2026-04-14 08:00:00,129976.79,130676.86,129202.96,129394.72
2026-04-14 12:00:00,129393.69,129629.88,127393.45,128198.66
2026-04-14 16:00:00,128205.24,128205.24,126014.16,126588.63
2026-04-14 20:00:00,126589.14,127374.72,126269.04,126334.71
2026-04-15 00:00:00,126319.18,126875.72,125354.2,126831.87
2026-04-15 04:00:00,126837.12,127002.65,125473.45,126122.98
2026-04-15 08:00:00,126121.81,126832.52,125535.01,126242.03
2026-04-15 12:00:00,126244.26,127300.7,125454.2,126315.85
2026-04-15 16:00:00,126317.82,127200.49,125989.63,126985.43
2026-04-15 20:00:00,126987.1,127159.34,125170.69,125813.44
2026-04-16 00:00:00,125814.91,126381.38,124367.11,124402.49
2026-04-16 04:00:00,124402.4,124494.18,123209.79,123823.58
2026-04-16 08:00:00,123833.34,124443.68,123003.63,124266.05
2026-04-16 12:00:00,124259.09,124921.79,123606.42,124822.28
2026-04-16 16:00:00,124822.96,125277.69,124641.29,124968.99
2026-04-16 20:00:00,124971.87,125813.09,124572.61,125740.66
2026-04-17 00:00:00,125742.47,126323.18,124352.58,124528.43
2026-04-17 04:00:00,124541.91,125059.35,123839.27,124116.15
2026-04-17 08:00:00,124106.82,124325.7,122307.05,122570.54
2026-04-17 12:00:00,122570.7,123079.2,121761.41,121777.78
2026-04-17 16:00:00,121779.02,122158.32,121533.25,121855.4
2026-04-17 20:00:00,121856.46,122361.52,120946.08,121459.98
2026-04-18 00:00:00,121460.62,122522.64,121118.01,122026.78
2026-04-18 04:00:00,122024.93,122303.03,121282.57,122022.28
2026-04-18 08:00:00,122018.37,122735.05,121666.06,122494.86
2026-04-18 12:00:00,122494.2,122733.46,121696.87,122516.92
2026-04-18 16:00:00,122525.81,124268.85,121970.58,123910.28
2026-04-18 20:00:00,123903.55,124194.03,123128.12,123908.08
2026-04-19 00:00:00,123912.4,124374.71,123349.43,123727.89
2026-04-19 04:00:00,123730.81,124473.63,123657.63,123822.02
2026-04-19 08:00:00,123827.81,123870.04,122076.3,122169.09
2026-04-19 12:00:00,122165.97,122266.1,120417.4,120530.96
2026-04-19 16:00:00,120538.88,121726.76,120383.42,121282.53
2026-04-19 20:00:00,121290.63,121797.0,120431.48,120564.84
2026-04-20 00:00:00,120568.78,120709.73,119567.95,120621.97
2026-04-20 04:00:00,120620.83,121553.84,120496.57,121528.12
2026-04-20 08:00:00,121533.61,121706.89,120247.65,120759.28
2026-04-20 12:00:00,120752.72,120824.4,119920.22,120494.23
2026-04-20 16:00:00,120501.09,122024.45,120421.97,121773.27
2026-04-20 20:00:00,121774.01,122182.38,121314.8,122125.3
2026-04-21 00:00:00,122127.67,122593.49,120907.09,121196.46
2026-04-21 04:00:00,121182.38,121877.46,120522.82,120555.18
2026-04-21 08:00:00,120554.49,120822.64,118626.28,118812.11
2026-04-21 12:00:00,118810.79,119793.93,118494.54,119050.53
2026-04-21 16:00:00,119056.3,119844.35,119039.12,119296.43
2026-04-21 20:00:00,119298.92,121084.35,119249.04,120817.05
2026-04-22 00:00:00,120817.23,121134.47,119608.61,120051.37
2026-04-22 04:00:00,120051.48,121170.6,119943.09,120590.72
2026-04-22 08:00:00,120593.62,121256.35,120289.55,121165.37
2026-04-22 12:00:00,121167.66,121753.37,120614.29,121131.49
2026-04-22 16:00:00,121123.93,122100.9,120478.91,120532.07
2026-04-22 20:00:00,120526.79,121326.19,120091.46,120687.18
2026-04-23 00:00:00,120683.23,122017.23,120503.71,121970.04
2026-04-23 04:00:00,121969.16,122214.23,121324.9,121324.9
2026-04-23 08:00:00,121328.39,121887.96,120510.33,120794.64
2026-04-23 12:00:00,120790.44,120938.04,120105.63,120464.9
2026-04-23 16:00:00,120466.55,120714.29,119836.17,120619.0
2026-04-23 20:00:00,120624.52,120926.68,120063.79,120322.26
2026-04-24 00:00:00,120319.01,120416.52,118943.2,119170.92
2026-04-24 04:00:00,119167.06,120371.2,119105.28,120188.58
2026-04-24 08:00:00,120185.57,120595.03,119590.15,120438.84
2026-04-24 12:00:00,120439.19,121876.62,120033.29,121169.56
2026-04-24 16:00:00,121175.4,121320.69,119578.24,119600.43
2026-04-24 20:00:00,119595.99,120184.99,119340.23,119733.65
2026-04-25 00:00:00,119743.12,119883.57,118525.24,119580.41
2026-04-25 04:00:00,119586.22,120764.73,119459.42,120164.17
2026-04-25 08:00:00,120162.16,120593.18,119675.52,119681.85
2026-04-25 12:00:00,119687.61,119823.61,118705.56,119298.08
2026-04-25 16:00:00,119292.56,119614.98,118401.37,118515.62
2026-04-25 20:00:00,118515.89,119839.12,118312.17,119745.59
2026-04-26 00:00:00,119754.07,120531.87,119727.73,120185.69
2026-04-26 04:00:00,120179.52,121490.72,120139.88,120982.82
2026-04-26 08:00:00,120986.12,121899.35,120895.95,121544.25
2026-04-26 12:00:00,121538.52,122092.08,120522.59,121017.18
2026-04-26 16:00:00,121026.55,122111.12,120253.76,121725.11
2026-04-26 20:00:00,121717.96,123899.39,121709.43,123475.85
2026-04-27 00:00:00,123477.64,124915.1,123425.46,124286.69
2026-04-27 04:00:00,124290.34,124424.43,123041.38,123770.11
2026-04-27 08:00:00,123759.86,124388.06,123535.84,124066.53
2026-04-27 12:00:00,124067.61,124982.99,123562.61,124588.72
2026-04-27 16:00:00,124591.16,125571.36,124516.5,125384.11
2026-04-27 20:00:00,125386.44,125531.28,124556.97,125324.33
2026-04-28 00:00:00,125322.8,126462.61,124921.95,126234.11
2026-04-28 04:00:00,126229.4,127315.01,126136.95,126622.42
2026-04-28 08:00:00,126624.59,127757.8,126394.45,127283.86
2026-04-28 12:00:00,127287.53,128537.47,127094.12,128074.36
2026-04-28 16:00:00,128078.43,128279.12,127141.95,127643.01
2026-04-28 20:00:00,127634.59,127792.69,126118.97,126411.16
2026-04-29 00:00:00,126400.44,127534.33,126200.62,126356.31
2026-04-29 04:00:00,126365.45,126508.42,125152.19,125566.64
2026-04-29 08:00:00,125561.1,125722.48,124031.86,124071.21
2026-04-29 12:00:00,124068.47,125315.63,124021.47,124639.15
2026-04-29 16:00:00,124635.4,124761.72,124203.52,124517.31
2026-04-29 20:00:00,124517.38,124952.47,123874.04,124355.22
2026-04-30 00:00:00,124351.42,124972.43,124069.66,124158.98
2026-04-30 04:00:00,124154.05,124482.29,123633.68,124373.91
2026-04-30 08:00:00,124374.03,125039.55,123754.78,124401.59
2026-04-30 12:00:00,124409.2,125145.92,124132.47,124916.37
2026-04-30 16:00:00,124917.1,124952.11,123498.36,124417.18
2026-04-30 20:00:00,124418.87,125444.9,124218.7,125432.64
2026-05-01 00:00:00,125437.8,125735.84,124417.57,125703.77
2026-05-01 04:00:00,125703.07,125774.64,124470.88,124686.09
2026-05-01 08:00:00,124681.69,125438.77,124273.06,125035.16
2026-05-01 12:00:00,125039.53,125510.74,124364.37,124518.72
2026-05-01 16:00:00,124524.77,125026.26,124193.37,124892.16
2026-05-01 20:00:00,124883.73,127209.7,124845.38,126938.88
2026-05-02 00:00:00,126942.38,127553.18,125554.31,125562.1
2026-05-02 04:00:00,125555.67,125721.85,124090.64,124098.24
2026-05-02 08:00:00,124087.93,125071.35,124077.88,124775.09
2026-05-02 12:00:00,124777.43,125136.42,124184.09,124726.22
2026-05-02 16:00:00,124724.57,125416.03,124144.03,124251.59
2026-05-02 20:00:00,124250.59,125427.94,124132.22,124553.44
2026-05-03 00:00:00,124558.05,125921.27,124508.5,124960.24
2026-05-03 04:00:00,124954.65,125369.07,124439.64,124916.87
2026-05-03 08:00:00,124912.57,125434.05,123990.84,125286.55
2026-05-03 12:00:00,125286.13,126363.3,125280.67,125848.47
2026-05-03 16:00:00,125850.32,126259.22,125063.04,125560.5
2026-05-03 20:00:00,125558.22,125909.34,125183.8,125798.77
2026-05-04 00:00:00,125800.73,126500.08,125738.71,126096.49
2026-05-04 04:00:00,126093.26,126165.77,125156.42,125270.06
2026-05-04 08:00:00,125271.68,126015.31,124993.59,125922.57
2026-05-04 12:00:00,125923.81,125951.89,125086.26,125516.72
2026-05-04 16:00:00,125509.96,126125.23,124481.24,124572.72
2026-05-04 20:00:00,124570.3,125989.37,124312.0,125165.69
2026-05-05 00:00:00,125166.16,125568.5,124350.08,124658.14
2026-05-05 04:00:00,124652.93,125129.83,124206.93,125006.06
2026-05-05 08:00:00,125000.08,125613.36,124370.78,124994.3
2026-05-05 12:00:00,125000.76,126090.31,124833.18,125200.27
2026-05-05 16:00:00,125195.71,125609.62,124321.63,124734.43
2026-05-05 20:00:00,124736.31,125128.52,124034.23,124594.57
2026-05-06 00:00:00,124589.75,125041.7,124288.19,124868.78
2026-05-06 04:00:00,124866.39,126106.34,124774.0,125437.23
2026-05-06 08:00:00,125427.78,125686.4,124518.45,125243.04
2026-05-06 12:00:00,125236.49,126619.17,125130.79,125461.04
2026-05-06 16:00:00,125460.18,126474.64,125436.63,125863.35
2026-05-06 20:00:00,125865.28,126166.88,125358.77,125392.52
2026-05-07 00:00:00,125394.79,125549.98,124318.94,125481.56
2026-05-07 04:00:00,125485.89,126249.97,124898.71,125792.7
2026-05-07 08:00:00,125792.61,126131.16,125534.87,126076.8
2026-05-07 12:00:00,126072.24,126263.63,125411.59,126029.81
2026-05-07 16:00:00,126021.58,126266.64,125276.42,125299.53
2026-05-07 20:00:00,125298.06,125593.45,124617.97,124907.11
2026-05-08 00:00:00,124906.35,125714.98,124273.72,124293.23
2026-05-08 04:00:00,124286.63,124435.06,123148.05,123296.6
2026-05-08 08:00:00,123309.14,124334.5,122695.99,122989.49
2026-05-08 12:00:00,122985.11,124467.92,122666.6,123825.8
2026-05-08 16:00:00,123829.05,124430.3,123255.06,124190.76
2026-05-08 20:00:00,124191.65,124663.37,123829.52,124590.29
2026-05-09 00:00:00,124594.3,126082.7,124286.87,125993.07
2026-05-09 04:00:00,125987.42,126306.94,124571.2,124908.45
2026-05-09 08:00:00,124909.32,125910.02,124895.86,125708.74
2026-05-09 12:00:00,125708.13,126716.04,125548.26,126681.33
2026-05-09 16:00:00,126674.86,126973.72,126262.27,126491.65
2026-05-09 20:00:00,126497.15,127091.61,125993.48,126922.13
2026-05-10 00:00:00,126916.89,127450.35,125814.93,127118.4
2026-05-10 04:00:00,127126.96,127949.22,126588.18,127428.83
2026-05-10 08:00:00,127433.52,127768.32,126099.52,126193.55
2026-05-10 12:00:00,126185.71,126415.94,125665.01,126195.42
2026-05-10 16:00:00,126192.07,126679.29,125652.29,126392.81
2026-05-10 20:00:00,126391.54,126809.96,125574.42,126618.44
2026-05-11 00:00:00,126608.12,127370.7,126535.32,126804.4
2026-05-11 04:00:00,126798.02,127462.23,126620.46,127001.75
2026-05-11 08:00:00,127004.4,127788.31,126813.88,127010.44
2026-05-11 12:00:00,127010.45,127237.17,125987.77,126151.8
2026-05-11 16:00:00,126149.42,128260.68,126107.08,126802.93
2026-05-11 20:00:00,126799.78,127003.72,125785.67,126319.07
2026-05-12 00:00:00,126316.83,127643.22,126033.63,127482.28
2026-05-12 04:00:00,127481.62,128935.59,127162.48,128801.78
2026-05-12 08:00:00,128809.52,131065.39,128701.6,130775.3
2026-05-12 12:00:00,130775.57,131626.86,130671.95,130844.39
2026-05-12 16:00:00,130848.57,130890.98,129104.46,129604.92
2026-05-12 20:00:00,129613.76,130375.63,129400.87,129926.73
2026-05-13 00:00:00,129924.57,130686.68,129602.14,130099.67
2026-05-13 04:00:00,130100.15,131353.08,130003.04,130579.07
2026-05-13 08:00:00,130577.29,130674.98,129575.45,129768.72
2026-05-13 12:00:00,129767.58,129805.94,128410.58,128554.38
2026-05-13 16:00:00,128551.96,129100.66,127956.0,128799.35
2026-05-13 20:00:00,128797.59,129686.79,128511.08,128516.69
2026-05-14 00:00:00,128518.4,128941.17,127413.29,127981.84
2026-05-14 04:00:00,127984.81,128267.89,126788.23,127064.72
2026-05-14 08:00:00,127056.42,127203.63,126225.77,126449.32
2026-05-14 12:00:00,126449.57,127082.68,125141.21,125146.47
2026-05-14 16:00:00,125143.18,125148.05,123829.68,123923.03
2026-05-14 20:00:00,123925.57,123940.41,123294.44,123799.73
2026-05-15 00:00:00,123796.67,124017.33,122667.58,123488.22
2026-05-15 04:00:00,123487.6,124342.37,122724.14,124193.08
2026-05-15 08:00:00,124190.06,124803.73,123919.22,124701.57
2026-05-15 12:00:00,124707.83,125037.82,123727.97,123740.24
2026-05-15 16:00:00,123743.72,125255.27,123611.33,125073.86
2026-05-15 20:00:00,125066.58,125264.46,123764.47,124409.46
2026-05-16 00:00:00,124407.22,125994.29,123982.78,125602.96
2026-05-16 04:00:00,125600.62,126268.34,124843.46,125258.0
2026-05-16 08:00:00,125253.38,125856.87,124786.27,125572.92
2026-05-16 12:00:00,125572.68,126093.84,123339.61,123901.74
2026-05-16 16:00:00,123902.29,124458.79,123404.61,123892.31
2026-05-16 20:00:00,123901.84,124192.56,122718.0,122731.52
2026-05-17 00:00:00,122719.02,123454.39,122024.44,122153.43
2026-05-17 04:00:00,122157.01,122590.71,121771.12,122071.65
2026-05-17 08:00:00,122073.31,122720.66,121252.23,121285.49
2026-05-17 12:00:00,121279.25,121769.96,120714.02,121491.74
2026-05-17 16:00:00,121490.33,122079.25,120680.33,120740.33
2026-05-17 20:00:00,120743.71,121753.78,120440.78,120918.41
2026-05-18 00:00:00,120917.19,121533.51,120342.93,120865.03
2026-05-18 04:00:00,120872.54,121125.0,119982.81,119996.75
2026-05-18 08:00:00,119991.57,121529.88,119592.58,121525.49
2026-05-18 12:00:00,121527.68,121950.93,121108.75,121155.56
2026-05-18 16:00:00,121168.79,122588.91,120998.34,122535.05
2026-05-18 20:00:00,122528.8,123056.52,121553.75,121728.03
2026-05-19 00:00:00,121728.11,123008.38,121609.75,122300.0
2026-05-19 04:00:00,122293.2,122916.6,121410.06,121803.68
2026-05-19 08:00:00,121809.82,121963.75,121358.44,121735.66
2026-05-19 12:00:00,121737.21,123471.69,121597.41,122661.43
2026-05-19 16:00:00,122655.99,123006.09,121857.42,122166.73
2026-05-19 20:00:00,122177.73,123079.74,121461.28,122464.01
2026-05-20 00:00:00,122466.55,123686.64,122110.71,123220.69
2026-05-20 04:00:00,123220.28,123593.14,122473.84,122539.38
2026-05-20 08:00:00,122541.65,123445.46,122541.65,123305.95
2026-05-20 12:00:00,123302.13,124078.62,122641.82,122939.78
2026-05-20 16:00:00,122942.32,123409.88,122591.12,122639.59
2026-05-20 20:00:00,122635.68,123664.87,122473.27,123200.05
2026-05-21 00:00:00,123201.56,124566.83,123112.78,124014.03
2026-05-21 04:00:00,124017.66,126099.68,124015.01,126037.59
2026-05-21 08:00:00,126039.77,127140.04,125869.74,126465.28
2026-05-21 12:00:00,126466.18,127044.16,125108.94,125270.25
2026-05-21 16:00:00,125268.16,126481.43,124822.26,126123.11
2026-05-21 20:00:00,126120.9,126332.6,125404.1,125634.17
2026-05-22 00:00:00,125639.56,126000.41,124126.57,124338.52
2026-05-22 04:00:00,124344.17,125633.81,123796.68,125543.8
2026-05-22 08:00:00,125547.86,126095.32,124985.62,125158.63
2026-05-22 12:00:00,125152.35,126295.22,125019.95,126109.64
2026-05-22 16:00:00,126113.33,126168.11,125356.4,125945.12
2026-05-22 20:00:00,125947.51,126214.83,125436.43,125650.78
2026-05-23 00:00:00,125654.49,125832.88,124098.66,124751.53
2026-05-23 04:00:00,124751.32,124835.33,123587.07,124041.48
2026-05-23 08:00:00,124038.07,124333.36,123496.81,123948.77
2026-05-23 12:00:00,123945.8,124156.46,122963.46,123886.02
2026-05-23 16:00:00,123894.94,124777.59,123464.19,124650.22
2026-05-23 20:00:00,124648.12,125467.97,124207.75,124420.36
2026-05-24 00:00:00,124428.89,124870.54,123482.14,124494.16
2026-05-24 04:00:00,124493.2,125085.08,124190.81,124561.6
2026-05-24 08:00:00,124568.4,125026.58,124113.92,124546.4
2026-05-24 12:00:00,124540.18,125286.23,124165.58,124570.51
2026-05-24 16:00:00,124560.99,125268.71,124226.18,124432.83
2026-05-24 20:00:00,124438.2,124722.69,123892.73,123960.94
2026-05-25 00:00:00,123957.28,124143.36,123134.77,123455.48
2026-05-25 04:00:00,123452.64,123488.67,121942.76,121981.09
2026-05-25 08:00:00,121978.52,122591.76,121432.69,122388.63
2026-05-25 12:00:00,122381.34,122916.64,121937.75,122474.21
2026-05-25 16:00:00,122471.53,122893.52,121875.54,121950.24
2026-05-25 20:00:00,121948.28,123088.38,121837.38,122901.0
2026-05-26 00:00:00,122899.97,123411.01,122359.69,123302.59
2026-05-26 04:00:00,123302.26,125496.03,123124.26,125345.24
2026-05-26 08:00:00,125345.58,126170.51,125312.02,126110.94
2026-05-26 12:00:00,126097.39,127039.4,126012.16,126269.02
2026-05-26 16:00:00,126276.98,126455.15,125658.41,126372.07
2026-05-26 20:00:00,126374.96,126569.17,125841.93,125977.22
2026-05-27 00:00:00,125977.62,126177.47,124410.07,124714.02
2026-05-27 04:00:00,124712.38,124790.46,123105.25,123117.4
2026-05-27 08:00:00,123116.73,123394.56,121976.85,122199.44
2026-05-27 12:00:00,122200.43,123183.53,122120.51,122165.35
2026-05-27 16:00:00,122166.01,122904.92,121904.59,122453.9
2026-05-27 20:00:00,122457.73,122540.02,121081.54,121366.59
2026-05-28 00:00:00,121368.98,121656.71,120712.02,121011.46
2026-05-28 04:00:00,121005.08,122824.76,120695.42,121885.11
2026-05-28 08:00:00,121890.67,121924.92,120665.79,121751.88
2026-05-28 12:00:00,121755.44,121864.07,120831.4,121209.6
2026-05-28 16:00:00,121210.81,124117.46,121205.19,123798.16
2026-05-28 20:00:00,123792.72,124838.7,123525.06,124473.78
2026-05-29 00:00:00,124468.33,125345.03,124412.42,124984.27
2026-05-29 04:00:00,124991.97,126373.24,124870.88,126318.61
2026-05-29 08:00:00,126317.49,127766.53,126231.15,127225.29
2026-05-29 12:00:00,127219.98,128452.4,126874.59,128083.96
2026-05-29 16:00:00,128080.22,128898.1,127762.51,128263.99
2026-05-29 20:00:00,128255.87,129091.96,127973.15,128291.49
2026-05-30 00:00:00,128299.1,129025.95,127380.47,127453.54
2026-05-30 04:00:00,127450.32,128716.87,127032.15,127572.69
2026-05-30 08:00:00,127563.94,128024.6,126172.29,126319.4
2026-05-30 12:00:00,126338.02,126602.55,124740.71,124812.98
2026-05-30 16:00:00,124815.3,125125.95,124401.23,124732.92
2026-05-30 20:00:00,124729.99,125312.39,124404.46,124592.42
2026-05-31 00:00:00,124593.12,125483.5,124502.5,124905.08
2026-05-31 04:00:00,124898.93,125788.17,124713.57,125763.3
2026-05-31 08:00:00,125760.87,126362.43,125160.34,126362.28
2026-05-31 12:00:00,126362.29,126532.76,125017.79,125316.31
2026-05-31 16:00:00,125327.24,126680.25,125309.07,126419.5
2026-05-31 20:00:00,126420.0,127142.07,125362.46,126722.09
2026-06-01 00:00:00,126725.14,127439.02,126220.54,127208.15
2026-06-01 04:00:00,127202.1,128625.25,126691.43,128456.7
2026-06-01 08:00:00,128457.82,129753.62,128257.48,129614.53
2026-06-01 12:00:00,129616.83,131192.45,129459.51,130846.95
2026-06-01 16:00:00,130845.66,130845.66,129378.52,129419.35
2026-06-01 20:00:00,129420.2,129595.67,128534.41,128849.0
2026-06-02 00:00:00,128854.69,128881.8,128074.46,128589.25
2026-06-02 04:00:00,128591.71,128755.46,127585.31,127649.29
2026-06-02 08:00:00,127638.54,128685.77,127184.81,128213.06
2026-06-02 12:00:00,128218.6,128863.21,127655.99,127968.92
2026-06-02 16:00:00,127973.17,128080.85,126460.47,126629.78
2026-06-02 20:00:00,126622.5,127054.24,126097.49,126362.15
2026-06-03 00:00:00,126355.73,127115.5,125142.66,125183.92
2026-06-03 04:00:00,125187.03,126306.81,124655.94,126185.82
2026-06-03 08:00:00,126178.99,126686.82,125613.5,126667.15
2026-06-03 12:00:00,126670.86,127181.88,126499.95,127077.43
2026-06-03 16:00:00,127076.24,128192.58,126892.8,127685.25
2026-06-03 20:00:00,127699.94,128199.16,126352.49,126466.41
2026-06-04 00:00:00,126464.22,127707.79,125647.59,127559.13
2026-06-04 04:00:00,127557.07,128272.4,127509.74,128073.44
2026-06-04 08:00:00,128089.49,128423.0,126466.48,126505.89
2026-06-04 12:00:00,126504.81,127131.27,126341.15,126614.75
2026-06-04 16:00:00,126617.05,126667.04,125253.74,125479.26
2026-06-04 20:00:00,125483.95,126063.64,124604.83,125826.04
2026-06-05 00:00:00,125821.16,126701.74,125373.17,126588.45
2026-06-05 04:00:00,126585.5,127111.98,126052.83,126790.56
2026-06-05 08:00:00,126793.75,126926.5,125804.04,126442.85
2026-06-05 12:00:00,126434.58,126587.55,124199.11,124946.98
2026-06-05 16:00:00,124945.94,125181.11,124152.69,124204.8
2026-06-05 20:00:00,124207.83,124564.28,123187.21,123312.99
2026-06-06 00:00:00,123316.14,123548.12,121956.33,122532.82
2026-06-06 04:00:00,122540.99,123927.91,122480.65,123424.94
2026-06-06 08:00:00,123422.05,123544.84,122180.93,122586.86
2026-06-06 12:00:00,122588.5,122592.26,121012.12,121109.94
2026-06-06 16:00:00,121111.6,123159.09,121031.85,123028.65
2026-06-06 20:00:00,123023.39,123512.54,122794.36,123512.54
2026-06-07 00:00:00,123506.24,124189.8,123279.37,124180.07
2026-06-07 04:00:00,124173.73,124398.76,123593.75,123792.41
2026-06-07 08:00:00,123792.93,124217.09,123478.13,123894.45
2026-06-07 12:00:00,123895.29,124611.7,123423.2,123615.83
2026-06-07 16:00:00,123606.77,124428.34,123581.34,123984.85
2026-06-07 20:00:00,123983.58,124012.16,122608.25,123417.45
2026-06-08 00:00:00,123410.53,123800.1,121866.49,123338.32
2026-06-08 04:00:00,123339.76,124077.24,122234.67,122631.86
2026-06-08 08:00:00,122627.08,123653.36,122525.51,123653.36
2026-06-08 12:00:00,123656.16,124176.48,123044.8,124050.59
2026-06-08 16:00:00,124043.03,124352.3,122853.21,123484.89
2026-06-08 20:00:00,123494.41,124138.3,122674.66,124007.82
2026-06-09 00:00:00,124001.59,125608.74,123509.84,125360.63
2026-06-09 04:00:00,125357.84,126075.29,124936.06,125257.37
2026-06-09 08:00:00,125259.13,125477.08,123317.61,123379.39
2026-06-09 12:00:00,123377.53,124436.13,122684.91,124429.03
2026-06-09 16:00:00,124432.31,124469.38,122569.63,122614.58
2026-06-09 20:00:00,122618.93,122927.74,121126.33,122042.58
2026-06-10 00:00:00,122055.98,122158.48,120534.94,120832.71
2026-06-10 04:00:00,120823.59,120956.87,119623.41,119780.92
2026-06-10 08:00:00,119785.51,120279.84,119302.91,119517.24
2026-06-10 12:00:00,119520.62,120784.97,119299.14,120170.38
2026-06-10 16:00:00,120158.74,120676.38,119631.24,120245.63
2026-06-10 20:00:00,120243.47,120460.37,119730.09,119766.33
2026-06-11 00:00:00,119765.78,120641.05,119712.17,120409.29
2026-06-11 04:00:00,120410.84,120614.99,119153.12,119957.79
2026-06-11 08:00:00,119966.29,120327.69,119558.31,120007.47
2026-06-11 12:00:00,120010.95,120335.59,119641.36,119799.23
2026-06-11 16:00:00,119799.53,120846.73,119745.3,120274.07
2026-06-11 20:00:00,120275.46,120471.3,119775.51,120288.67
2026-06-12 00:00:00,120287.49,120670.1,119752.05,120277.76
2026-06-12 04:00:00,120275.69,120275.69,119540.04,119822.15
2026-06-12 08:00:00,119816.51,120424.15,119510.73,119840.22
2026-06-12 12:00:00,119826.33,120583.61,119322.67,119409.01
2026-06-12 16:00:00,119408.66,119631.81,117463.15,118076.66
2026-06-12 20:00:00,118086.69,118111.06,115569.57,115591.05
2026-06-13 00:00:00,115584.05,116597.63,115340.94,115702.69
2026-06-13 04:00:00,115702.22,116107.35,114662.96,114764.0
2026-06-13 08:00:00,114757.48,115040.01,114423.5,114783.25
2026-06-13 12:00:00,114781.29,114931.1,113446.73,114194.12
2026-06-13 16:00:00,114189.68,114645.0,111931.18,112103.73
2026-06-13 20:00:00,112107.56,112600.58,111713.31,112575.75
2026-06-14 00:00:00,112578.68,113272.18,112350.06,112624.8
2026-06-14 04:00:00,112626.81,112759.29,111478.28,111957.76
2026-06-14 08:00:00,111964.82,112253.15,111322.8,112122.95
2026-06-14 12:00:00,112118.11,113700.77,112118.11,113357.35
2026-06-14 16:00:00,113358.1,113653.66,112729.01,113376.13
2026-06-14 20:00:00,113371.7,115631.09,113327.35,115631.09
2026-06-15 00:00:00,115634.76,116631.55,115340.13,115449.87
2026-06-15 04:00:00,115451.88,115469.61,114319.19,114537.14
2026-06-15 08:00:00,114534.78,115096.21,113369.32,113512.41
2026-06-15 12:00:00,113509.27,114526.71,112898.09,114153.85
2026-06-15 16:00:00,114147.52,114668.88,113837.84,114640.62
2026-06-15 20:00:00,114648.16,115228.83,114439.19,114837.63
2026-06-16 00:00:00,114841.4,115111.32,114412.57,114453.72
2026-06-16 04:00:00,114452.83,115960.03,114440.84,115519.79
2026-06-16 08:00:00,115518.88,116804.67,114780.5,116695.98
2026-06-16 12:00:00,116688.93,117527.18,116324.26,116799.8
2026-06-16 16:00:00,116803.71,116930.93,115701.86,116206.13
2026-06-16 20:00:00,116202.16,117134.72,116110.0,117076.76
2026-06-17 00:00:00,117071.23,117421.0,116624.84,117144.51
2026-06-17 04:00:00,117144.07,117249.68,115942.49,116575.61
2026-06-17 08:00:00,116574.82,116687.9,114134.88,114506.15
2026-06-17 12:00:00,114510.15,114845.25,113276.61,113450.01
2026-06-17 16:00:00,113440.12,113652.84,112410.89,113323.55
2026-06-17 20:00:00,113324.63,114288.64,113284.84,113635.74
2026-06-18 00:00:00,113639.21,114510.18,113301.36,114278.9
2026-06-18 04:00:00,114277.65,114655.61,113293.29,113762.62
2026-06-18 08:00:00,113768.01,114270.74,112764.43,113288.23
2026-06-18 12:00:00,113286.23,113292.12,112180.51,112268.81
2026-06-18 16:00:00,112262.93,112842.37,111609.19,111629.5
2026-06-18 20:00:00,111629.98,112896.57,111520.37,112894.8
2026-06-19 00:00:00,112891.72,112925.4,111998.01,112138.57
2026-06-19 04:00:00,112139.04,112741.26,110501.43,110542.79
2026-06-19 08:00:00,110553.73,110553.73,109194.16,110165.65
2026-06-19 12:00:00,110162.19,110264.06,109189.72,109929.94
2026-06-19 16:00:00,109933.88,110254.4,109390.34,109441.88
2026-06-19 20:00:00,109446.04,109702.84,109002.87,109280.05
2026-06-20 00:00:00,109274.73,109276.79,108265.36,108795.4
2026-06-20 04:00:00,108793.5,109456.22,108395.03,109380.35
2026-06-20 08:00:00,109383.49,110072.52,109227.72,109776.33
2026-06-20 12:00:00,109785.9,109859.11,108534.24,109364.45
2026-06-20 16:00:00,109362.98,109945.95,109124.71,109792.2
2026-06-20 20:00:00,109795.9,110184.12,108989.39,109345.67
2026-06-21 00:00:00,109349.13,109352.12,108134.58,108345.06
2026-06-21 04:00:00,108356.69,110487.22,108278.82,110299.12
2026-06-21 08:00:00,110301.79,111912.56,110170.66,111826.96
2026-06-21 12:00:00,111826.85,112239.69,111204.42,112175.93
2026-06-21 16:00:00,112173.33,112314.06,111165.21,111256.22
2026-06-21 20:00:00,111251.19,111405.5,110464.91,110465.65
2026-06-22 00:00:00,110459.36,110599.65,109565.32,109754.08
2026-06-22 04:00:00,109751.5,109916.96,108411.92,108546.31
2026-06-22 08:00:00,108547.9,109099.46,108279.69,108842.73
2026-06-22 12:00:00,108842.64,109531.57,108543.57,109193.18
2026-06-22 16:00:00,109193.09,109195.42,108295.3,108740.46
2026-06-22 20:00:00,108744.49,109007.22,108221.5,108623.09
2026-06-23 00:00:00,108614.63,108621.94,107578.03,107822.45
2026-06-23 04:00:00,107823.34,108091.66,107072.89,107471.68
2026-06-23 08:00:00,107470.37,107659.97,106301.77,106399.87
2026-06-23 12:00:00,106398.12,107056.81,105870.83,107027.54
2026-06-23 16:00:00,107026.0,108037.83,106748.55,107788.65
2026-06-23 20:00:00,107782.91,108224.43,107217.44,107244.7
2026-06-24 00:00:00,107237.37,108138.52,107182.08,107654.98
2026-06-24 04:00:00,107658.75,108910.71,107597.8,108842.66
2026-06-24 08:00:00,108840.47,109193.76,108197.68,108751.97
2026-06-24 12:00:00,108751.26,109033.81,108119.15,108243.15
2026-06-24 16:00:00,108247.91,108909.83,108039.29,108559.38
2026-06-24 20:00:00,108565.96,109442.9,108417.27,109375.8
2026-06-25 00:00:00,109370.84,110131.06,109016.24,110082.3
2026-06-25 04:00:00,110079.67,110959.71,109969.98,110648.14
2026-06-25 08:00:00,110651.72,110813.18,109395.43,109575.05
2026-06-25 12:00:00,109576.2,110354.83,109276.88,109987.07
2026-06-25 16:00:00,109995.86,110808.09,109721.91,109786.66
2026-06-25 20:00:00,109794.95,110468.1,109184.37,110029.03
2026-06-26 00:00:00,110033.69,110448.59,109385.12,109928.91
2026-06-26 04:00:00,109927.79,112507.31,109752.66,112194.16
2026-06-26 08:00:00,112194.98,112670.87,111352.79,111375.39
2026-06-26 12:00:00,111380.33,112109.84,110803.67,112094.16
2026-06-26 16:00:00,112094.73,112297.24,110991.93,111946.21
2026-06-26 20:00:00,111945.51,112175.23,111203.49,111872.16
2026-06-27 00:00:00,111875.2,111999.91,110995.67,111401.06
2026-06-27 04:00:00,111410.57,111998.4,111339.22,111785.22
2026-06-27 08:00:00,111790.05,112421.49,111364.31,112021.28
2026-06-27 12:00:00,112024.85,112637.82,111718.05,112023.93
2026-06-27 16:00:00,112019.13,112966.7,111366.51,112463.58
2026-06-27 20:00:00,112459.14,112863.43,112059.98,112501.71
2026-06-28 00:00:00,112506.82,114246.1,112494.13,113727.72
2026-06-28 04:00:00,113723.28,114619.88,113672.56,113842.28
2026-06-28 08:00:00,113835.35,113877.07,112639.54,112752.56
2026-06-28 12:00:00,112753.33,112917.6,111766.5,112394.46
2026-06-28 16:00:00,112396.79,113810.76,112209.76,113288.94
2026-06-28 20:00:00,113292.65,114417.31,112995.72,113717.08
2026-06-29 00:00:00,113714.4,114452.03,113040.49,113048.7
2026-06-29 04:00:00,113050.88,114198.25,112899.33,113608.5
2026-06-29 08:00:00,113604.91,114481.06,113394.33,113490.98
2026-06-29 12:00:00,113495.65,113984.06,113212.25,113601.27
2026-06-29 16:00:00,113600.36,113827.47,112678.05,113060.24
2026-06-29 20:00:00,113062.63,113501.49,112714.0,113470.53
2026-06-30 00:00:00,113478.27,113623.45,111613.99,112171.48
2026-06-30 04:00:00,112170.4,112954.63,111937.72,111984.46
2026-06-30 08:00:00,111995.04,112046.14,111355.08,111381.04
2026-06-30 12:00:00,111381.4,111919.03,110966.3,111705.04
2026-06-30 16:00:00,111704.75,112411.78,111433.8,111675.84
2026-06-30 20:00:00,111679.08,112553.89,111646.74,112176.27
2026-07-01 00:00:00,112176.7,113971.57,112164.79,113101.58
2026-07-01 04:00:00,113113.23,113758.61,112780.16,113552.85
2026-07-01 08:00:00,113561.47,115064.3,113051.59,114814.0
2026-07-01 12:00:00,114817.84,115266.53,113936.58,114433.88
2026-07-01 16:00:00,114433.97,114496.87,113465.5,114239.2
2026-07-01 20:00:00,114234.54,114511.33,112996.96,113169.73
2026-07-02 00:00:00,113172.95,113655.22,112469.12,113263.21
2026-07-02 04:00:00,113263.45,113444.29,112352.71,113323.67
2026-07-02 08:00:00,113325.38,113805.26,112916.28,113076.81
2026-07-02 12:00:00,113082.8,113495.29,111517.7,111735.35
2026-07-02 16:00:00,111731.41,113014.29,111701.67,112187.5
2026-07-02 20:00:00,112186.99,113172.62,111849.03,113146.62
2026-07-03 00:00:00,113149.68,114883.95,113055.54,114831.99
2026-07-03 04:00:00,114830.62,115385.6,114734.22,114829.08
2026-07-03 08:00:00,114829.89,115217.68,114563.99,114811.35
2026-07-03 12:00:00,114812.52,115257.99,113521.09,113793.33
2026-07-03 16:00:00,113794.94,114336.48,113428.77,113438.79
2026-07-03 20:00:00,113446.74,114566.71,113296.37,114346.87
2026-07-04 00:00:00,114356.95,114642.79,113531.92,114490.3
2026-07-04 04:00:00,114489.47,114779.67,113950.95,114191.53
2026-07-04 08:00:00,114192.11,114958.77,113659.23,114003.5
2026-07-04 12:00:00,114007.93,114646.66,113806.77,114563.66
2026-07-04 16:00:00,114563.2,115248.87,113618.42,115053.7
2026-07-04 20:00:00,115046.13,115840.54,114303.16,115149.65
2026-07-05 00:00:00,115149.8,115468.41,114339.58,114459.28
2026-07-05 04:00:00,114459.39,115405.08,114293.42,115256.34
2026-07-05 08:00:00,115259.5,115940.63,114360.34,114615.6
2026-07-05 12:00:00,114612.59,114650.91,113591.61,114030.6
2026-07-05 16:00:00,114028.94,114030.38,112220.81,112512.5
2026-07-05 20:00:00,112519.06,113514.11,112264.49,113269.33
2026-07-06 00:00:00,113265.74,113537.7,111555.58,111810.94
2026-07-06 04:00:00,111808.95,111826.47,110809.17,111147.51
2026-07-06 08:00:00,111152.56,111550.07,110683.59,111022.09
2026-07-06 12:00:00,111020.69,112079.2,110590.1,110915.14
2026-07-06 16:00:00,110916.0,111814.93,110900.6,111746.47
2026-07-06 20:00:00,111750.54,112816.3,111062.35,111738.6
2026-07-07 00:00:00,111739.86,113236.48,111496.68,112968.93
2026-07-07 04:00:00,112968.49,113427.96,112742.67,113177.14
2026-07-07 08:00:00,113169.42,113645.74,112833.05,113572.83
2026-07-07 12:00:00,113573.72,113665.33,112424.62,112530.01
2026-07-07 16:00:00,112522.49,113309.8,112279.29,113172.3
2026-07-07 20:00:00,113166.44,113653.39,112852.34,113496.49
2026-07-08 00:00:00,113498.03,114681.78,113192.7,114418.85
2026-07-08 04:00:00,114420.41,115781.19,114233.88,115542.28
2026-07-08 08:00:00,115541.17,116315.61,115344.36,115960.34
2026-07-08 12:00:00,115964.78,116046.65,113955.64,114484.85
2026-07-08 16:00:00,114485.48,115344.43,114317.79,115257.38
2026-07-08 20:00:00,115250.53,116525.69,114738.3,115952.03
2026-07-09 00:00:00,115951.64,116349.6,115324.69,115493.6
2026-07-09 04:00:00,115500.12,115713.95,114477.35,114490.94
2026-07-09 08:00:00,114494.22,114752.87,113728.24,114552.35
2026-07-09 12:00:00,114551.11,114654.83,113902.55,114627.44
2026-07-09 16:00:00,114623.34,115180.09,114172.39,114728.67
2026-07-09 20:00:00,114729.61,115802.42,114572.64,115690.02
2026-07-10 00:00:00,115697.19,115892.08,114872.45,115877.22
2026-07-10 04:00:00,115870.58,117301.16,115836.74,117028.33
2026-07-10 08:00:00,117019.14,117832.73,116811.94,117573.86
2026-07-10 12:00:00,117567.82,118069.57,116803.17,116859.25
2026-07-10 16:00:00,116868.21,117780.66,116751.86,117386.66
2026-07-10 20:00:00,117390.03,117392.26,116239.88,116474.75
2026-07-11 00:00:00,116478.38,116521.88,115024.32,115568.42
2026-07-11 04:00:00,115563.15,116279.8,115379.23,116247.14
2026-07-11 08:00:00,116244.74,116480.04,115026.78,116371.96
2026-07-11 12:00:00,116368.33,116646.76,115925.23,116182.55
2026-07-11 16:00:00,116187.38,117035.1,115629.71,116176.11
2026-07-11 20:00:00,116177.7,116966.72,115636.44,116663.93
2026-07-12 00:00:00,116670.22,117066.34,116075.09,116721.35
2026-07-12 04:00:00,116718.56,117014.35,115522.76,116803.72
2026-07-12 08:00:00,116796.46,116935.4,116334.82,116400.45
2026-07-12 12:00:00,116409.5,116430.61,114880.76,114896.43
2026-07-12 16:00:00,114900.55,116214.69,114804.71,116003.35
2026-07-12 20:00:00,116000.64,117132.58,115966.81,117042.11
2026-07-13 00:00:00,117045.93,117504.79,115989.45,116239.22
2026-07-13 04:00:00,116239.71,116706.1,115824.92,116604.77
2026-07-13 08:00:00,116611.08,116703.5,116039.72,116095.54
2026-07-13 12:00:00,116089.43,116228.8,114637.22,114961.22
2026-07-13 16:00:00,114975.87,116005.86,114077.82,115962.61
2026-07-13 20:00:00,115977.12,116018.13,114094.45,114181.98
2026-07-14 00:00:00,114177.19,114431.03,113475.84,113694.82
2026-07-14 04:00:00,113692.71,114816.99,112999.33,114408.56
2026-07-14 08:00:00,114414.61,114818.01,113639.16,113645.75
2026-07-14 12:00:00,113639.58,114994.22,113214.82,114953.18
2026-07-14 16:00:00,114948.96,115631.32,114501.23,115078.65
2026-07-14 20:00:00,115085.36,115484.82,114643.08,115143.07
2026-07-15 00:00:00,115142.97,115595.52,114680.44,115002.95
2026-07-15 04:00:00,114996.03,115538.27,114291.73,114837.27
2026-07-15 08:00:00,114832.0,115768.0,114689.72,115033.76
2026-07-15 12:00:00,115088.22,115117.61,113999.93,114412.7
2026-07-15 16:00:00,114414.23,114752.06,113490.14,113562.34
2026-07-15 20:00:00,113569.24,115118.23,113532.01,114908.41
2026-07-16 00:00:00,114907.13,114963.2,112970.71,113027.52
2026-07-16 04:00:00,113027.64,113220.1,112276.31,112783.94
2026-07-16 08:00:00,112779.43,113633.35,111607.66,111893.64
2026-07-16 12:00:00,111894.84,112094.14,109461.0,109829.88
2026-07-16 16:00:00,109834.97,110635.03,109584.43,110191.69
2026-07-16 20:00:00,110191.25,110326.49,109393.02,109485.96
2026-07-17 00:00:00,109487.97,109906.73,109332.24,109372.9
2026-07-17 04:00:00,109364.64,109829.82,108936.04,109656.45
2026-07-17 08:00:00,109651.94,110195.64,109095.0,109322.96
2026-07-17 12:00:00,109324.54,110504.39,109265.95,110498.04
2026-07-17 16:00:00,110499.31,110795.57,109608.61,109767.46
2026-07-17 20:00:00,109764.31,110437.83,109719.33,110206.08
2026-07-18 00:00:00,110211.9,111394.96,110041.47,111364.17
2026-07-18 04:00:00,111365.36,111630.7,110528.86,111410.01
2026-07-18 08:00:00,111406.46,111761.85,111054.07,111266.67
2026-07-18 12:00:00,111273.87,112132.99,110884.32,111892.69
2026-07-18 16:00:00,111896.36,112035.04,110681.23,111760.87
2026-07-18 20:00:00,111758.15,112297.47,111384.38,111704.39
2026-07-19 00:00:00,111697.98,113245.91,111691.17,113069.55
2026-07-19 04:00:00,113065.28,113509.54,112549.06,112618.51
2026-07-19 08:00:00,112621.85,113457.12,112425.75,113271.22
2026-07-19 12:00:00,113264.66,113313.04,112385.51,112600.27
2026-07-19 16:00:00,112601.9,113791.3,112325.96,113153.09
2026-07-19 20:00:00,113158.88,114198.92,113070.46,114118.45
2026-07-20 00:00:00,114114.03,115062.33,113987.45,114097.36
2026-07-20 04:00:00,114105.21,114301.38,113319.88,113359.66
2026-07-20 08:00:00,113358.41,114336.75,113266.59,113997.63
2026-07-20 12:00:00,114005.42,114681.25,113464.69,113464.69
2026-07-20 16:00:00,113466.02,114354.34,113378.85,114204.81
2026-07-20 20:00:00,114205.73,114540.05,113159.94,113310.11
2026-07-21 00:00:00,113310.16,113764.68,112271.1,112403.08
2026-07-21 04:00:00,112415.37,112482.1,111357.22,111638.48
2026-07-21 08:00:00,111638.34,113818.88,111575.94,113569.81
2026-07-21 12:00:00,113568.65,113887.84,112755.26,113063.38
2026-07-21 16:00:00,113065.82,113324.14,112648.76,112902.2
2026-07-21 20:00:00,112905.41,113494.63,112812.23,112846.86
2026-07-22 00:00:00,112841.25,113847.65,112758.39,113351.15
2026-07-22 04:00:00,113348.78,113745.63,112597.5,112860.63
2026-07-22 08:00:00,112855.82,113239.83,112548.51,112804.82
2026-07-22 12:00:00,112800.06,113235.46,112375.12,112375.34
2026-07-22 16:00:00,112376.95,112496.52,111112.85,111684.36
2026-07-22 20:00:00,111686.71,111803.6,110697.33,111600.99
2026-07-23 00:00:00,111602.16,112126.79,111079.43,112073.68
2026-07-23 04:00:00,112074.26,112800.73,112010.21,112205.55
2026-07-23 08:00:00,112212.76,113055.25,111853.66,112922.53
2026-07-23 12:00:00,112928.6,113783.3,112609.37,113770.71
2026-07-23 16:00:00,113763.03,114188.06,113511.9,113611.8
2026-07-23 20:00:00,113610.34,113680.38,112669.61,113279.43
2026-07-24 00:00:00,113282.74,113770.21,113018.99,113411.45
2026-07-24 04:00:00,113413.1,113617.04,112256.08,112381.47
2026-07-24 08:00:00,112385.92,112506.92,111930.54,112203.24
2026-07-24 12:00:00,112199.46,113066.66,111664.05,112858.83
2026-07-24 16:00:00,112869.14,113142.92,112389.73,112648.28
2026-07-24 20:00:00,112649.17,114131.17,112452.59,113677.61
2026-07-25 00:00:00,113678.55,115037.57,113265.68,114424.81
2026-07-25 04:00:00,114423.26,114682.9,113645.62,113910.38
2026-07-25 08:00:00,113904.71,114122.35,112132.88,112499.15
2026-07-25 12:00:00,112497.3,112797.78,111876.37,111946.2
2026-07-25 16:00:00,111944.68,112616.46,111836.13,111972.04
2026-07-25 20:00:00,111969.21,113225.32,111958.62,113129.96
2026-07-26 00:00:00,113129.69,113394.28,112378.81,112882.53
2026-07-26 04:00:00,112879.65,113165.32,112530.31,112946.37
2026-07-26 08:00:00,112959.35,113432.61,111687.99,112159.95
2026-07-26 12:00:00,112154.66,112598.85,111318.53,111649.07
2026-07-26 16:00:00,111652.36,112131.65,110963.22,111154.72
2026-07-26 20:00:00,111154.49,112132.53,110965.99,112132.53
2026-07-27 00:00:00,112130.95,112652.53,111480.98,111592.08
2026-07-27 04:00:00,111596.55,112112.07,111321.01,111685.84
2026-07-27 08:00:00,111692.78,112217.26,111424.27,112068.59
2026-07-27 12:00:00,112074.65,113568.03,111909.15,113359.02
2026-07-27 16:00:00,113363.68,115562.04,113254.38,115449.62
2026-07-27 20:00:00,115449.32,116651.16,115226.72,115287.91
2026-07-28 00:00:00,115291.22,115815.95,114675.07,115083.92
2026-07-28 04:00:00,115077.25,116048.93,115054.23,115859.82
2026-07-28 08:00:00,115860.47,116383.67,115280.75,116119.14
2026-07-28 12:00:00,116121.0,116568.16,115279.12,115411.56
2026-07-28 16:00:00,115420.99,115878.27,115030.62,115030.62
2026-07-28 20:00:00,115033.47,115731.34,114877.64,115089.23
2026-07-29 00:00:00,115092.15,115792.79,114864.36,115221.85
2026-07-29 04:00:00,115220.27,115844.37,114687.21,115697.56
2026-07-29 08:00:00,115697.32,115895.81,114077.01,114106.79
2026-07-29 12:00:00,114101.06,115656.0,114093.0,115403.31
2026-07-29 16:00:00,115406.68,115556.8,114709.85,114803.1
2026-07-29 20:00:00,114795.58,116316.49,114795.58,115976.9
2026-07-30 00:00:00,115970.09,116192.54,115665.18,116033.67
2026-07-30 04:00:00,116032.19,117123.39,116009.47,116327.3
2026-07-30 08:00:00,116328.39,117699.57,116066.51,117371.91
2026-07-30 12:00:00,117377.93,117779.95,116694.02,116843.83
2026-07-30 16:00:00,116848.55,117700.23,116281.65,117115.7
2026-07-30 20:00:00,117121.12,118271.4,116948.53,117435.98
2026-07-31 00:00:00,117443.88,118058.94,116981.34,117754.93
2026-07-31 04:00:00,117748.95,118195.56,117082.59,118190.02
2026-07-31 08:00:00,118186.12,119857.11,118152.74,119823.84
2026-07-31 12:00:00,119820.48,120798.29,119341.13,119348.32
2026-07-31 16:00:00,119348.12,119718.89,118134.3,118294.38
2026-07-31 20:00:00,118298.73,118960.02,117653.9,118768.55
2026-08-01 00:00:00,118773.15,119293.5,118018.01,118821.38
2026-08-01 04:00:00,118832.46,119771.88,118832.46,119260.7
2026-08-01 08:00:00,119255.16,119444.55,118440.84,118718.52
2026-08-01 12:00:00,118717.75,119157.27,118149.61,118739.34
2026-08-01 16:00:00,118738.05,119747.26,118585.77,119600.37
2026-08-01 20:00:00,119596.6,120158.96,119205.62,119466.79
2026-08-02 00:00:00,119463.47,121189.99,119411.9,120691.06
2026-08-02 04:00:00,120688.84,120947.79,119921.35,120279.62
2026-08-02 08:00:00,120277.97,120588.66,119263.54,120484.22
2026-08-02 12:00:00,120481.58,122697.33,120388.57,122666.22
2026-08-02 16:00:00,122660.9,122944.47,121514.92,121905.28
2026-08-02 20:00:00,121899.65,123146.04,121737.57,122317.18
2026-08-03 00:00:00,122316.92,122822.5,121400.44,122583.64
2026-08-03 04:00:00,122593.42,122798.66,121356.02,121389.1
2026-08-03 08:00:00,121392.85,121855.42,121044.19,121155.14
2026-08-03 12:00:00,121152.97,121403.97,119972.9,120335.42
2026-08-03 16:00:00,120331.23,121478.62,120290.34,121320.58
2026-08-03 20:00:00,121322.89,122724.16,121022.28,122684.66
2026-08-04 00:00:00,122690.8,122812.53,122121.86,122545.86
2026-08-04 04:00:00,122543.5,123365.15,122278.93,123313.98
2026-08-04 08:00:00,123317.64,123317.64,121747.85,121947.65
2026-08-04 12:00:00,121948.51,124286.99,121516.38,123841.45
2026-08-04 16:00:00,123836.76,124273.55,122506.21,124044.75
2026-08-04 20:00:00,124043.78,124191.54,123421.31,123879.09
2026-08-05 00:00:00,123880.1,124401.59,123300.36,123307.31
2026-08-05 04:00:00,123303.66,123851.31,122314.12,122780.08
2026-08-05 08:00:00,122776.68,123309.09,122446.27,122947.61
2026-08-05 12:00:00,122947.44,123665.66,122789.51,123206.34
2026-08-05 16:00:00,123204.1,123944.84,122305.12,122881.63
2026-08-05 20:00:00,122883.51,124300.37,122839.95,123777.57
2026-08-06 00:00:00,123778.3,124216.62,122066.06,122246.22
2026-08-06 04:00:00,122252.64,123160.87,121594.1,123017.31
2026-08-06 08:00:00,123020.91,123478.07,122788.12,122899.93
2026-08-06 12:00:00,122904.18,123451.46,122560.45,123006.61
2026-08-06 16:00:00,123009.6,124081.3,122882.12,124032.4
2026-08-06 20:00:00,124028.69,125448.87,123510.39,125279.58
2026-08-07 00:00:00,125284.39,126626.27,125271.83,125713.9
2026-08-07 04:00:00,125706.66,125731.75,123473.5,123569.85
2026-08-07 08:00:00,123561.1,124152.91,123302.58,123475.13
2026-08-07 12:00:00,123479.0,125300.47,123470.59,124668.44
2026-08-07 16:00:00,124664.6,125265.19,123300.84,123612.39
2026-08-07 20:00:00,123613.69,124011.18,122143.04,122183.21
2026-08-08 00:00:00,122188.79,123406.75,122074.27,123275.34
2026-08-08 04:00:00,123279.23,124093.1,123175.64,123988.51
2026-08-08 08:00:00,123987.02,124395.63,123260.97,123467.87
2026-08-08 12:00:00,123477.59,125034.24,123467.6,124752.96
2026-08-08 16:00:00,124748.16,127180.79,124553.36,127174.95
2026-08-08 20:00:00,127164.41,127353.66,125497.92,125617.07
2026-08-09 00:00:00,125612.64,126395.75,125322.56,125443.94
2026-08-09 04:00:00,125450.2,125547.63,124635.34,124997.74
2026-08-09 08:00:00,124993.27,125822.3,124830.22,125718.16
2026-08-09 12:00:00,125707.98,126507.99,125289.45,125636.01
2026-08-09 16:00:00,125632.11,126598.32,125358.07,126161.75
2026-08-09 20:00:00,126165.95,126247.66,125329.11,126188.73
2026-08-10 00:00:00,126182.94,126912.14,126032.48,126490.04
2026-08-10 04:00:00,126482.16,128186.6,126204.3,127677.01
2026-08-10 08:00:00,127672.44,128170.82,127061.1,128053.2
2026-08-10 12:00:00,128050.7,128264.79,127063.19,127661.57
2026-08-10 16:00:00,127660.34,128525.61,127450.22,127902.09
2026-08-10 20:00:00,127909.41,127926.56,126388.39,126643.11
2026-08-11 00:00:00,126646.03,128384.25,126571.88,127131.4
2026-08-11 04:00:00,127124.5,128312.8,126865.53,126897.5
2026-08-11 08:00:00,126898.64,127883.96,126455.69,127709.16
2026-08-11 12:00:00,127705.49,127746.06,126142.96,126203.35
2026-08-11 16:00:00,126195.89,126656.13,125995.43,126587.03
2026-08-11 20:00:00,126586.71,126678.98,124892.64,125706.19
2026-08-12 00:00:00,125710.04,125915.44,125065.67,125858.48
2026-08-12 04:00:00,125862.71,125993.64,123987.67,124041.99
2026-08-12 08:00:00,124041.29,124231.84,122736.79,122736.79
2026-08-12 12:00:00,122731.86,123388.71,122403.6,123259.66
2026-08-12 16:00:00,123258.03,123863.94,122797.81,123517.93
2026-08-12 20:00:00,123500.67,123549.83,121679.18,121862.57
2026-08-13 00:00:00,121865.24,121984.13,120178.03,120820.15
2026-08-13 04:00:00,120820.71,121642.86,120095.47,120411.63
2026-08-13 08:00:00,120413.08,120779.57,119797.91,120114.34
2026-08-13 12:00:00,120103.63,120105.62,118958.13,119320.93
2026-08-13 16:00:00,119322.84,119623.63,118502.76,119614.84
2026-08-13 20:00:00,119612.6,119641.75,118670.16,119137.3
2026-08-14 00:00:00,119134.67,119974.88,118621.07,119956.78
2026-08-14 04:00:00,119966.18,120500.26,119206.97,119239.43
2026-08-14 08:00:00,119243.3,119969.48,118775.76,118899.75
2026-08-14 12:00:00,118897.0,119220.53,118625.16,119002.45
2026-08-14 16:00:00,119000.64,119574.44,118314.74,118412.68
2026-08-14 20:00:00,118411.68,118651.24,117699.48,118046.4
2026-08-15 00:00:00,118042.48,118089.06,117107.18,117236.84
2026-08-15 04:00:00,117243.11,117999.84,116671.91,117647.94
2026-08-15 08:00:00,117641.28,118181.53,117451.45,117562.14
2026-08-15 12:00:00,117556.93,118467.78,117053.44,117498.2
2026-08-15 16:00:00,117495.73,118324.67,117354.39,117491.73
2026-08-15 20:00:00,117496.93,118586.26,117439.89,118532.04
2026-08-16 00:00:00,118526.19,119564.29,118343.5,119482.27
2026-08-16 04:00:00,119479.23,119578.18,118793.02,118992.79
2026-08-16 08:00:00,118994.17,119215.68,117823.1,118613.09
2026-08-16 12:00:00,118601.41,119044.49,118005.44,118578.66
2026-08-16 16:00:00,118575.48,118983.42,118071.63,118828.5
2026-08-16 20:00:00,118825.95,120185.09,118725.01,119926.42
2026-08-17 00:00:00,119929.12,120142.73,118864.67,119101.5
2026-08-17 04:00:00,119100.2,119366.94,118351.89,119228.74
2026-08-17 08:00:00,119230.21,119945.33,118705.76,119683.35
2026-08-17 12:00:00,119689.04,120188.95,119193.73,119452.23
2026-08-17 16:00:00,119449.51,119705.49,118162.96,118200.08
2026-08-17 20:00:00,118202.98,118623.47,116928.94,117061.4
2026-08-18 00:00:00,117059.87,117601.39,116744.15,116951.66
2026-08-18 04:00:00,116952.86,117477.31,116734.69,117011.72
2026-08-18 08:00:00,117013.17,118986.5,116986.8,118965.77
2026-08-18 12:00:00,118958.09,119630.27,118685.13,119083.36
2026-08-18 16:00:00,119083.34,120286.31,118916.76,119360.54
2026-08-18 20:00:00,119359.4,120370.25,119218.23,119949.27
2026-08-19 00:00:00,119958.31,121852.14,119595.55,121538.37
2026-08-19 04:00:00,121544.94,121592.41,120313.41,120354.88
2026-08-19 08:00:00,120353.95,120449.81,118788.78,119519.57
2026-08-19 12:00:00,119519.55,119841.41,117665.69,118190.68
2026-08-19 16:00:00,118187.7,118961.6,118128.59,118182.38
2026-08-19 20:00:00,118179.93,119253.86,117971.17,118828.84
2026-08-20 00:00:00,118825.25,119117.37,117688.96,117879.07
2026-08-20 04:00:00,117881.27,118814.33,117864.87,117980.04
2026-08-20 08:00:00,117982.38,118317.48,116317.25,116370.95
2026-08-20 12:00:00,116375.44,116383.41,115412.32,115500.4
2026-08-20 16:00:00,115498.77,117094.46,115409.28,116626.57
2026-08-20 20:00:00,116629.88,117893.95,116590.51,117449.22
2026-08-21 00:00:00,117443.3,117508.42,116438.54,116753.82
2026-08-21 04:00:00,116754.4,117827.19,116512.22,117741.72
2026-08-21 08:00:00,117739.11,118589.04,117328.78,118321.63
2026-08-21 12:00:00,118314.16,118565.72,117694.69,117891.79
2026-08-21 16:00:00,117881.63,118709.29,117429.58,117955.3
2026-08-21 20:00:00,117956.09,118242.12,117411.51,117986.8
2026-08-22 00:00:00,117982.77,119371.77,117933.37,118582.8
2026-08-22 04:00:00,118583.0,119288.64,117969.46,118288.37
2026-08-22 08:00:00,118280.78,118880.85,118031.69,118786.84
2026-08-22 12:00:00,118786.06,119400.15,118207.85,119368.28
2026-08-22 16:00:00,119371.15,119641.73,117285.07,117345.15
2026-08-22 20:00:00,117350.6,117672.61,116823.41,117229.59
2026-08-23 00:00:00,117233.69,118866.59,116649.5,118809.22
2026-08-23 04:00:00,118804.99,118881.08,117498.3,118364.05
2026-08-23 08:00:00,118371.67,119456.84,117430.13,117611.32
2026-08-23 12:00:00,117617.28,117880.74,117025.85,117308.69
2026-08-23 16:00:00,117309.95,118336.96,117279.28,117921.63
2026-08-23 20:00:00,117922.35,119355.92,117915.86,118877.33
2026-08-24 00:00:00,118869.0,120263.18,118749.66,120190.61
2026-08-24 04:00:00,120187.61,120351.21,119205.8,119385.47
2026-08-24 08:00:00,119391.93,119573.13,118548.14,119062.38
2026-08-24 12:00:00,119072.24,119562.78,118800.05,119260.59
2026-08-24 16:00:00,119260.38,120066.5,119043.26,119128.28
2026-08-24 20:00:00,119131.22,119560.67,118344.36,119061.82
2026-08-25 00:00:00,119058.45,119356.72,118491.11,119212.83
2026-08-25 04:00:00,119210.05,119571.23,118859.35,118877.16
2026-08-25 08:00:00,118879.09,118974.49,116712.96,116716.98
2026-08-25 12:00:00,116707.63,117075.1,115272.47,115391.77
2026-08-25 16:00:00,115386.59,115657.36,114897.37,115035.63
2026-08-25 20:00:00,115032.63,115050.8,114187.85,114604.41
2026-08-26 00:00:00,114610.07,115051.71,114149.31,114607.46
2026-08-26 04:00:00,114614.78,115040.96,113391.14,113823.17
2026-08-26 08:00:00,113824.47,114192.74,113431.16,113808.38
2026-08-26 12:00:00,113808.11,114347.17,113383.16,114277.71
2026-08-26 16:00:00,114267.54,114741.74,113969.94,114578.38
2026-08-26 20:00:00,114577.26,116041.51,114332.84,116041.51
2026-08-27 00:00:00,116041.66,116796.82,115720.65,116485.19
2026-08-27 04:00:00,116493.22,117910.11,116431.62,117902.44
2026-08-27 08:00:00,117904.64,119907.25,117846.62,119591.43
2026-08-27 12:00:00,119598.56,120695.96,119420.93,119927.06
2026-08-27 16:00:00,119927.96,120861.06,119887.5,120409.74
2026-08-27 20:00:00,120407.51,121088.12,120006.34,120862.16
2026-08-28 00:00:00,120865.51,121516.25,120616.55,120733.99
2026-08-28 04:00:00,120732.28,120948.05,120313.56,120583.18
2026-08-28 08:00:00,120579.81,120579.81,118908.75,119073.38
2026-08-28 12:00:00,119080.25,119277.34,117533.48,117541.04
2026-08-28 16:00:00,117550.06,117775.29,116297.93,117139.23
2026-08-28 20:00:00,117138.23,118989.75,117107.3,118897.14
2026-08-29 00:00:00,118906.37,119146.22,118522.69,118975.36
2026-08-29 04:00:00,118977.37,120819.72,118962.28,120476.07
2026-08-29 08:00:00,120472.05,120485.95,119389.92,120254.37
2026-08-29 12:00:00,120252.06,120984.23,119594.03,120484.01
2026-08-29 16:00:00,120485.62,120533.05,119074.32,119451.93
2026-08-29 20:00:00,119451.73,120741.66,119413.56,120241.04
2026-08-30 00:00:00,120235.88,120244.35,118923.65,119349.68
2026-08-30 04:00:00,119345.57,119883.95,118485.22,118722.39
2026-08-30 08:00:00,118725.44,118890.63,117548.02,118039.12
2026-08-30 12:00:00,118036.0,119079.45,117959.78,118662.77
2026-08-30 16:00:00,118669.59,120396.05,118642.27,119616.13
2026-08-30 20:00:00,119620.07,120437.19,119225.03,120419.97
2026-08-31 00:00:00,120421.79,120946.38,119794.97,119905.69
2026-08-31 04:00:00,119913.59,120357.02,119329.33,119422.98
2026-08-31 08:00:00,119418.05,119638.73,118620.38,118663.98
2026-08-31 12:00:00,118666.46,120049.85,117898.52,120043.61
2026-08-31 16:00:00,120042.97,120277.18,118570.21,118723.4
2026-08-31 20:00:00,118724.09,120209.29,118623.75,120130.67
2026-09-01 00:00:00,120125.56,120303.02,119354.98,119889.08
2026-09-01 04:00:00,119886.63,120198.35,119304.7,119991.79
2026-09-01 08:00:00,119986.83,120788.02,119301.84,119328.69
2026-09-01 12:00:00,119330.34,119920.31,118583.69,118583.69
2026-09-01 16:00:00,118584.97,119025.23,118250.54,118538.18
2026-09-01 20:00:00,118531.49,118551.94,117024.39,117665.96
2026-09-02 00:00:00,117669.75,118282.6,117376.68,117619.81
2026-09-02 04:00:00,117614.79,118605.7,117495.49,118015.37
2026-09-02 08:00:00,118015.21,118465.57,117756.8,118171.39
2026-09-02 12:00:00,118174.16,118507.25,117720.54,117956.84
2026-09-02 16:00:00,117962.65,118113.73,116904.21,117318.79
2026-09-02 20:00:00,117320.13,117415.42,116020.73,116050.54
2026-09-03 00:00:00,116049.4,116180.25,113505.21,113646.75
2026-09-03 04:00:00,113635.17,115576.06,113533.87,115066.09
2026-09-03 08:00:00,115065.72,116026.18,114998.12,115574.69
2026-09-03 12:00:00,115570.2,116552.27,115148.65,115155.81
2026-09-03 16:00:00,115154.76,117472.65,115137.93,117353.72
2026-09-03 20:00:00,117355.66,117681.36,116426.08,117310.84
2026-09-04 00:00:00,117317.01,118000.88,116786.18,116789.12
2026-09-04 04:00:00,116786.87,117259.62,116198.81,116872.1
2026-09-04 08:00:00,116880.25,117737.0,116391.84,117440.42
2026-09-04 12:00:00,117446.43,118018.22,116719.11,117036.1
2026-09-04 16:00:00,117026.8,117057.16,115658.3,116097.0
2026-09-04 20:00:00,116104.71,116322.81,114235.23,114456.79
2026-09-05 00:00:00,114445.14,114464.18,113133.77,113396.25
2026-09-05 04:00:00,113390.77,114023.91,112903.38,113094.17
2026-09-05 08:00:00,113102.49,113533.86,112264.29,113533.86
2026-09-05 12:00:00,113532.84,114117.12,113277.35,113343.51
2026-09-05 16:00:00,113343.19,113384.9,112368.58,112863.04
2026-09-05 20:00:00,112862.65,114987.99,112757.17,114898.88
2026-09-06 00:00:00,114894.62,115142.36,114516.0,115015.32
2026-09-06 04:00:00,115007.07,115838.45,114957.69,115557.51
2026-09-06 08:00:00,115556.35,116553.73,115457.73,116294.59
2026-09-06 12:00:00,116288.82,116334.42,114892.21,115223.68
2026-09-06 16:00:00,115224.67,115322.97,113867.79,114102.84
2026-09-06 20:00:00,114101.33,114772.1,113489.0,114515.66
2026-09-07 00:00:00,114519.28,115812.28,114308.56,115060.47
2026-09-07 04:00:00,115056.0,116384.0,114856.81,115370.35
2026-09-07 08:00:00,115368.47,116993.67,115329.88,116832.93
2026-09-07 12:00:00,116833.18,118270.17,116548.55,117400.06
2026-09-07 16:00:00,117398.48,118005.89,117130.09,117757.02
2026-09-07 20:00:00,117757.24,117831.84,117062.58,117363.94
2026-09-08 00:00:00,117367.42,118307.33,116893.38,118225.83
2026-09-08 04:00:00,118228.17,118469.97,117295.94,117799.43
2026-09-08 08:00:00,117804.84,118402.58,117506.12,117873.92
2026-09-08 12:00:00,117875.46,118372.38,117483.08,117596.72
2026-09-08 16:00:00,117598.01,118406.49,117246.19,118107.5
2026-09-08 20:00:00,118105.31,119182.78,118081.73,118499.95
2026-09-09 00:00:00,118495.72,119150.53,118003.37,118386.95
2026-09-09 04:00:00,118384.7,118684.92,117568.31,117686.19
2026-09-09 08:00:00,117677.53,118355.01,116941.9,118185.0
2026-09-09 12:00:00,118194.94,119275.19,117994.97,119255.4
2026-09-09 16:00:00,119247.58,120247.23,119003.42,120060.01
2026-09-09 20:00:00,120067.63,120875.04,119423.22,120861.95
2026-09-10 00:00:00,120858.64,120959.62,119832.36,119934.61
2026-09-10 04:00:00,119931.67,120530.16,119692.92,120028.26
2026-09-10 08:00:00,120034.29,121271.15,119930.15,120356.84
2026-09-10 12:00:00,120363.48,120935.42,119511.35,119566.53
2026-09-10 16:00:00,119570.08,119613.2,117587.14,117644.01
2026-09-10 20:00:00,117645.26,117746.51,116686.25,116797.04
2026-09-11 00:00:00,116791.57,117919.81,116791.57,116888.84
2026-09-11 04:00:00,116890.18,118039.15,116759.72,117526.65
2026-09-11 08:00:00,117528.91,118497.46,117271.33,117996.56
2026-09-11 12:00:00,117994.08,118401.7,117473.59,117571.57
2026-09-11 16:00:00,117567.99,118640.93,117469.56,117775.49
2026-09-11 20:00:00,117769.58,119010.83,117746.8,118755.59
2026-09-12 00:00:00,118751.37,118769.81,117109.44,117701.17
2026-09-12 04:00:00,117697.48,118207.11,117268.77,117686.77
2026-09-12 08:00:00,117682.29,117828.82,116714.69,117658.99
2026-09-12 12:00:00,117662.74,117983.04,116664.95,116788.52
2026-09-12 16:00:00,116786.21,117646.47,116662.43,117635.09
2026-09-12 20:00:00,117642.35,118174.11,116878.84,117023.31
2026-09-13 00:00:00,117025.77,117705.66,116515.11,116559.02
2026-09-13 04:00:00,116561.29,116604.28,115135.77,115531.48
2026-09-13 08:00:00,115528.66,115819.11,114555.73,114680.91
2026-09-13 12:00:00,114676.57,115036.0,114090.88,114590.6
2026-09-13 16:00:00,114586.51,115634.7,114350.53,114863.81
2026-09-13 20:00:00,114861.43,115372.46,114031.19,114034.96
2026-09-14 00:00:00,114033.76,114761.11,113734.29,113793.04
2026-09-14 04:00:00,113799.13,114833.5,113395.11,114791.35
2026-09-14 08:00:00,114795.95,115203.04,114272.49,114322.02
2026-09-14 12:00:00,114319.76,114898.48,113853.24,113987.68
2026-09-14 16:00:00,113986.26,114675.19,113661.07,114581.2
2026-09-14 20:00:00,114571.27,114921.2,113934.1,113937.38
2026-09-15 00:00:00,113941.73,114043.18,113044.22,113864.4
2026-09-15 04:00:00,113864.63,113984.7,113105.01,113437.39
2026-09-15 08:00:00,113439.62,114950.21,113319.31,114067.67
2026-09-15 12:00:00,114064.97,114453.6,113356.19,113425.31
2026-09-15 16:00:00,113432.82,114176.16,113301.59,113760.8
2026-09-15 20:00:00,113759.83,114185.27,113309.36,113366.32
2026-09-16 00:00:00,113352.26,114208.97,113340.72,114009.62
2026-09-16 04:00:00,114011.45,114630.22,113861.63,114016.92
2026-09-16 08:00:00,114024.32,114343.59,113322.89,113626.44
2026-09-16 12:00:00,113622.74,114808.68,113004.05,113171.33
2026-09-16 16:00:00,113179.31,114728.62,113108.27,114371.24
2026-09-16 20:00:00,114357.89,114673.11,113965.22,114042.17
2026-09-17 00:00:00,114040.19,114537.17,113471.14,113722.76
2026-09-17 04:00:00,113730.13,113967.79,112742.25,113003.8
2026-09-17 08:00:00,113005.64,114924.27,112998.83,114542.9
2026-09-17 12:00:00,114534.54,114925.53,113522.66,113838.58
2026-09-17 16:00:00,113838.92,113849.35,111914.53,112108.9
2026-09-17 20:00:00,112111.08,113690.39,111898.74,113690.39
2026-09-18 00:00:00,113691.09,114173.91,113442.3,114112.52
