timestamp,open,high,low,close
2025-10-18 12:00:00,21239.47,21418.19,21141.68,21174.79
2025-10-18 13:00:00,21175.82,21371.06,21063.42,21357.23
2025-10-18 14:00:00,21357.24,21389.17,21152.08,21253.79
2025-10-18 15:00:00,21257.18,21330.67,21128.16,21179.22
2025-10-18 16:00:00,21177.34,21223.32,20999.07,21064.51
2025-10-18 17:00:00,21067.19,21339.18,21037.82,21126.21
2025-10-18 18:00:00,21126.92,21446.09,20947.67,21403.1
2025-10-18 19:00:00,21403.35,21868.58,21369.97,21567.45
2025-10-18 20:00:00,21571.18,21641.43,21266.96,21506.18
2025-10-18 21:00:00,21506.53,21519.98,20929.09,20952.98
2025-10-18 22:00:00,20947.52,21068.83,20750.35,20879.44
2025-10-18 23:00:00,20873.98,21032.15,20712.52,20712.52
2025-10-19 00:00:00,20709.31,21000.5,20681.1,20996.37
2025-10-19 01:00:00,20994.34,21251.58,20985.43,21075.38
2025-10-19 02:00:00,21078.45,21149.8,20962.3,21057.25
2025-10-19 03:00:00,21060.66,21571.86,21048.25,21397.0
2025-10-19 04:00:00,21396.31,21422.52,21072.43,21171.89
2025-10-19 05:00:00,21170.98,21764.37,21169.73,21594.75
2025-10-19 06:00:00,21590.5,21594.87,21361.12,21402.08
2025-10-19 07:00:00,21398.77,21592.33,21310.37,21314.75
2025-10-19 08:00:00,21319.04,21755.31,21264.22,21670.9
2025-10-19 09:00:00,21672.8,21714.34,21312.38,21322.31
2025-10-19 10:00:00,21325.45,21591.0,21319.87,21531.89
2025-10-19 11:00:00,21529.82,21857.85,21470.48,21855.64
2025-10-19 12:00:00,21860.1,22317.15,21768.76,22238.67
2025-10-19 13:00:00,22237.41,22565.35,22236.88,22393.56
2025-10-19 14:00:00,22395.3,22456.39,22268.3,22303.89
2025-10-19 15:00:00,22307.01,22319.1,22088.97,22205.45
2025-10-19 16:00:00,22202.85,22389.02,22189.64,22349.61
2025-10-19 17:00:00,22345.85,22575.74,21875.65,21944.68
2025-10-19 18:00:00,21941.04,21969.2,21797.31,21840.35
2025-10-19 19:00:00,21838.79,21908.45,21545.56,21643.0
2025-10-19 20:00:00,21643.02,21889.99,21431.66,21864.43
2025-10-19 21:00:00,21858.88,22170.81,21838.87,22163.84
2025-10-19 22:00:00,22163.99,22664.3,22134.95,22295.57
2025-10-19 23:00:00,22295.45,22569.08,22186.84,22218.3
2025-10-20 00:00:00,22217.51,22602.2,22209.39,22387.51
2025-10-20 01:00:00,22386.61,22830.2,22270.96,22814.7
2025-10-20 02:00:00,22812.12,23050.14,22678.84,22848.65
2025-10-20 03:00:00,22848.5,23017.91,22755.86,22976.61
2025-10-20 04:00:00,22976.42,23344.83,22960.94,23139.19
2025-10-20 05:00:00,23137.96,23294.02,23086.43,23183.03
2025-10-20 06:00:00,23180.36,23291.35,23048.14,23121.9
2025-10-20 07:00:00,23125.75,23648.73,22987.11,23647.13
2025-10-20 08:00:00,23649.25,23774.85,23493.16,23601.94
2025-10-20 09:00:00,23598.02,23743.65,23303.76,23411.58
2025-10-20 10:00:00,23413.44,23880.38,23413.44,23874.0
2025-10-20 11:00:00,23872.49,24188.9,23758.86,24012.42
2025-10-20 12:00:00,24012.24,24108.44,23866.26,24040.9
2025-10-20 13:00:00,24039.22,24455.58,23990.72,24102.98
2025-10-20 14:00:00,24100.83,24109.11,23699.5,23984.59
2025-10-20 15:00:00,23985.45,24202.44,23876.97,24082.19
2025-10-20 16:00:00,24079.67,24082.55,23637.45,23834.2
2025-10-20 17:00:00,23834.08,23919.56,23515.57,23910.05
2025-10-20 18:00:00,23910.37,24224.9,23830.1,24055.11
2025-10-20 19:00:00,24056.76,24096.55,23524.9,23552.12
2025-10-20 20:00:00,23552.61,23574.41,23300.61,23409.07
2025-10-20 21:00:00,23409.78,23580.63,23386.74,23506.58
2025-10-20 22:00:00,23508.69,23674.68,23394.3,23426.37
2025-10-20 23:00:00,23423.73,23574.86,23211.74,23310.44
2025-10-21 00:00:00,23311.52,23600.14,23303.79,23505.3
2025-10-21 01:00:00,23505.83,23570.29,23242.75,23350.91
2025-10-21 02:00:00,23347.46,23572.96,23043.59,23065.2
2025-10-21 03:00:00,23067.48,23260.57,22950.95,23140.47
2025-10-21 04:00:00,23133.95,23435.46,23044.01,23345.94
2025-10-21 05:00:00,23344.97,23684.54,23305.25,23472.23
2025-10-21 06:00:00,23471.12,23668.88,23345.64,23609.26
2025-10-21 07:00:00,23606.17,23790.95,23491.68,23589.97
2025-10-21 08:00:00,23584.5,23626.46,23383.07,23448.91
2025-10-21 09:00:00,23445.89,23630.08,23292.54,23487.14
2025-10-21 10:00:00,23489.95,23802.87,23464.22,23677.86
2025-10-21 11:00:00,23682.71,23774.37,23454.91,23501.72
2025-10-21 12:00:00,23502.05,23724.37,23474.09,23707.26
2025-10-21 13:00:00,23709.22,23971.75,23637.97,23677.04
2025-10-21 14:00:00,23681.63,23829.88,23547.25,23567.9
2025-10-21 15:00:00,23567.39,23571.07,22775.1,22847.74
2025-10-21 16:00:00,22849.69,23023.87,22737.92,22950.22
2025-10-21 17:00:00,22950.06,23139.77,22899.26,23066.06
2025-10-21 18:00:00,23065.58,23126.01,22797.52,22861.88
2025-10-21 19:00:00,22861.06,22984.89,22780.84,22862.96
2025-10-21 20:00:00,22867.91,22959.86,22602.22,22673.47
2025-10-21 21:00:00,22671.55,22772.82,22525.4,22719.83
2025-10-21 22:00:00,22721.7,22848.24,22275.84,22303.21
2025-10-21 23:00:00,22302.69,22318.65,21997.78,22103.41
2025-10-22 00:00:00,22101.54,22303.9,21953.01,22005.24
2025-10-22 01:00:00,22007.86,22110.14,21887.29,21911.88
2025-10-22 02:00:00,21912.35,22065.57,21783.94,21819.74
2025-10-22 03:00:00,21820.54,21840.53,21548.2,21721.84
2025-10-22 04:00:00,21723.54,21741.77,21529.46,21536.9
2025-10-22 05:00:00,21534.2,21711.04,21414.32,21701.65
2025-10-22 06:00:00,21703.58,21796.08,21523.84,21598.03
2025-10-22 07:00:00,21595.23,21746.82,21284.15,21373.21
2025-10-22 08:00:00,21376.48,21491.97,21248.45,21298.11
2025-10-22 09:00:00,21299.91,21431.47,21066.26,21078.94
2025-10-22 10:00:00,21074.16,21164.15,20964.21,21139.13
2025-10-22 11:00:00,21140.4,21368.69,21089.23,21193.02
2025-10-22 12:00:00,21189.14,21586.84,21124.31,21482.86
2025-10-22 13:00:00,21481.89,21647.48,21372.71,21570.63
2025-10-22 14:00:00,21568.69,21814.57,21446.67,21633.44
2025-10-22 15:00:00,21631.73,21670.93,21446.85,21487.08
2025-10-22 16:00:00,21492.27,21548.32,21349.16,21453.68
2025-10-22 17:00:00,21454.23,21613.79,21399.1,21563.99
2025-10-22 18:00:00,21561.83,21751.16,21522.95,21684.73
2025-10-22 19:00:00,21682.15,21683.98,21281.7,21315.78
2025-10-22 20:00:00,21315.57,21416.64,21154.42,21262.04
2025-10-22 21:00:00,21264.72,21659.13,21235.38,21523.45
2025-10-22 22:00:00,21520.61,21592.71,21436.13,21472.55
2025-10-22 23:00:00,21472.24,21646.37,21219.06,21366.73
2025-10-23 00:00:00,21371.88,21376.34,21037.92,21060.02
2025-10-23 01:00:00,21059.03,21138.99,20897.62,21049.73
2025-10-23 02:00:00,21051.45,21108.79,20289.07,20293.33
2025-10-23 03:00:00,20288.87,20477.87,20140.24,20458.12
2025-10-23 04:00:00,20454.94,20603.42,20290.91,20484.53
2025-10-23 05:00:00,20487.13,20904.86,20475.51,20879.23
2025-10-23 06:00:00,20874.18,21095.08,20847.8,21075.14
2025-10-23 07:00:00,21079.21,21274.78,20992.19,21000.77
2025-10-23 08:00:00,20996.86,21278.25,20976.33,21095.9
2025-10-23 09:00:00,21095.24,21166.38,20867.49,20872.13
2025-10-23 10:00:00,20870.63,21246.84,20822.33,21176.06
2025-10-23 11:00:00,21173.85,21764.65,21170.06,21714.54
2025-10-23 12:00:00,21711.38,21914.98,21645.83,21671.08
2025-10-23 13:00:00,21673.37,21889.87,21524.26,21538.84
2025-10-23 14:00:00,21533.71,21779.8,21521.65,21779.8
2025-10-23 15:00:00,21777.28,21887.4,21579.19,21826.64
2025-10-23 16:00:00,21826.11,21827.39,21282.57,21368.23
2025-10-23 17:00:00,21372.45,21818.96,21266.32,21784.94
2025-10-23 18:00:00,21783.18,22212.94,21757.25,22070.2
2025-10-23 19:00:00,22072.85,22241.77,21999.9,22139.91
2025-10-23 20:00:00,22140.0,22174.48,21808.21,22134.51
2025-10-23 21:00:00,22136.62,22181.77,21610.49,21655.66
2025-10-23 22:00:00,21657.15,21829.12,21532.03,21752.47
2025-10-23 23:00:00,21753.02,21988.95,21751.96,21909.07
2025-10-24 00:00:00,21908.39,21957.85,21560.91,21605.18
2025-10-24 01:00:00,21607.64,21926.07,21594.45,21828.55
2025-10-24 02:00:00,21825.16,21957.88,21716.88,21734.57
2025-10-24 03:00:00,21731.67,22165.87,21682.84,22044.44
2025-10-24 04:00:00,22040.81,22426.87,22016.85,22370.42
2025-10-24 05:00:00,22371.08,22702.73,22362.49,22658.03
2025-10-24 06:00:00,22661.45,22789.79,22542.98,22639.74
2025-10-24 07:00:00,22640.41,22781.89,22428.85,22743.36
2025-10-24 08:00:00,22748.47,22847.0,22334.99,22434.34
2025-10-24 09:00:00,22438.26,22601.91,22376.74,22512.28
2025-10-24 10:00:00,22512.77,22771.76,22337.62,22347.95
2025-10-24 11:00:00,22347.14,22527.5,22338.47,22497.81
2025-10-24 12:00:00,22500.03,22572.91,22364.89,22477.33
2025-10-24 13:00:00,22478.06,22506.1,22273.14,22280.81
2025-10-24 14:00:00,22282.04,22327.13,21937.55,21971.94
2025-10-24 15:00:00,21971.78,22082.49,21942.7,22035.47
2025-10-24 16:00:00,22033.24,22114.69,21872.7,22036.23
2025-10-24 17:00:00,22033.88,22080.96,21767.57,22079.43
2025-10-24 18:00:00,22081.06,22133.66,21778.49,21806.21
2025-10-24 19:00:00,21806.82,22089.64,21730.46,21915.57
2025-10-24 20:00:00,21916.11,22014.81,21791.13,21862.7
2025-10-24 21:00:00,21862.33,22379.23,21860.35,22354.02
2025-10-24 22:00:00,22351.18,22544.78,22305.18,22452.33
2025-10-24 23:00:00,22459.62,22577.39,22367.68,22541.12
2025-10-25 00:00:00,22542.9,22942.09,22516.28,22558.63
2025-10-25 01:00:00,22554.73,22722.71,22402.78,22679.43
2025-10-25 02:00:00,22683.29,22846.85,22387.67,22460.01
2025-10-25 03:00:00,22457.64,22470.23,22154.77,22392.9
2025-10-25 04:00:00,22391.83,22436.13,21968.03,22024.01
2025-10-25 05:00:00,22026.84,22253.94,21943.35,22226.68
2025-10-25 06:00:00,22226.51,22274.27,21935.63,21999.64
2025-10-25 07:00:00,21997.87,22198.95,21856.55,21884.63
2025-10-25 08:00:00,21885.9,22454.66,21858.08,22334.39
2025-10-25 09:00:00,22334.46,22421.24,22146.95,22315.49
2025-10-25 10:00:00,22323.85,22344.88,22083.77,22200.61
2025-10-25 11:00:00,22196.36,22339.89,21926.89,22011.91
2025-10-25 12:00:00,22013.67,22066.03,21881.02,22046.25
2025-10-25 13:00:00,22044.33,22221.77,21965.71,21995.77
2025-10-25 14:00:00,21999.64,22252.11,21722.3,22250.04
2025-10-25 15:00:00,22251.39,22312.42,21678.25,21791.85
2025-10-25 16:00:00,21794.4,21980.48,21722.43,21801.7
2025-10-25 17:00:00,21799.03,21901.76,21691.6,21786.94
2025-10-25 18:00:00,21789.22,21895.18,21622.31,21758.5
2025-10-25 19:00:00,21758.75,21777.29,21403.96,21482.68
2025-10-25 20:00:00,21487.26,21784.42,21454.36,21746.34
2025-10-25 21:00:00,21746.28,21790.85,21605.16,21781.55
2025-10-25 22:00:00,21778.05,22158.36,21729.76,21997.24
2025-10-25 23:00:00,22001.55,22194.63,21854.37,21933.52
2025-10-26 00:00:00,21936.83,22138.75,21853.74,21996.06
2025-10-26 01:00:00,21994.27,22563.08,21963.67,22558.7
2025-10-26 02:00:00,22560.4,22594.38,22076.73,22475.14
2025-10-26 03:00:00,22474.96,22567.4,22207.65,22339.52
2025-10-26 04:00:00,22338.72,22393.14,22220.31,22336.53
2025-10-26 05:00:00,22334.52,22464.56,22067.01,22185.48
2025-10-26 06:00:00,22185.6,22341.71,22052.42,22183.72
2025-10-26 07:00:00,22180.68,22316.08,21968.87,22061.39
2025-10-26 08:00:00,22056.65,22232.14,21949.26,21982.21
2025-10-26 09:00:00,21982.13,22375.01,21975.99,22345.76
2025-10-26 10:00:00,22343.54,22562.23,22213.36,22369.43
2025-10-26 11:00:00,22370.22,22413.94,22175.03,22212.57
2025-10-26 12:00:00,22214.15,22507.28,22192.4,22449.48
2025-10-26 13:00:00,22456.25,22681.04,22425.01,22522.03
2025-10-26 14:00:00,22523.37,22647.51,22445.08,22604.29
2025-10-26 15:00:00,22601.39,22845.12,22483.44,22645.3
2025-10-26 16:00:00,22649.82,23008.41,22613.83,22679.07
2025-10-26 17:00:00,22674.71,22747.28,22043.18,22047.0
2025-10-26 18:00:00,22044.73,22103.68,21945.22,22095.69
2025-10-26 19:00:00,22095.74,22488.54,22033.8,22382.39
2025-10-26 20:00:00,22381.26,22684.55,22308.53,22658.11
2025-10-26 21:00:00,22654.6,22718.82,22524.57,22700.47
2025-10-26 22:00:00,22698.6,22702.63,22351.44,22466.78
2025-10-26 23:00:00,22463.91,22664.41,22329.67,22485.78
2025-10-27 00:00:00,22484.95,22732.99,22461.98,22662.69
2025-10-27 01:00:00,22658.8,22967.25,22543.51,22962.22
2025-10-27 02:00:00,22967.3,23095.3,22546.95,22553.33
2025-10-27 03:00:00,22554.76,23133.76,22552.43,23115.85
2025-10-27 04:00:00,23114.43,23368.09,22849.06,22890.41
2025-10-27 05:00:00,22886.3,22949.85,22598.11,22605.43
2025-10-27 06:00:00,22603.83,22875.63,22575.01,22852.93
2025-10-27 07:00:00,22849.8,23197.83,22673.43,23027.75
2025-10-27 08:00:00,23021.58,23143.94,22927.51,23143.94
2025-10-27 09:00:00,23138.96,23430.15,22933.92,23361.16
2025-10-27 10:00:00,23358.3,23543.93,23272.39,23456.97
2025-10-27 11:00:00,23455.71,23739.01,23446.18,23610.71
2025-10-27 12:00:00,23614.49,23954.47,23505.03,23661.71
2025-10-27 13:00:00,23665.38,24013.61,23664.5,23777.49
2025-10-27 14:00:00,23779.31,23920.9,23694.93,23819.87
2025-10-27 15:00:00,23815.73,24174.46,23774.99,24120.86
2025-10-27 16:00:00,24118.62,24434.92,24112.44,24251.47
2025-10-27 17:00:00,24253.7,24398.06,24060.92,24081.86
2025-10-27 18:00:00,24085.23,24287.7,23906.96,24144.28
2025-10-27 19:00:00,24144.53,24149.75,23564.53,23582.51
2025-10-27 20:00:00,23584.7,23627.22,23415.94,23553.56
2025-10-27 21:00:00,23557.39,23960.33,23525.85,23857.92
2025-10-27 22:00:00,23864.39,24043.3,23756.69,23952.28
2025-10-27 23:00:00,23951.76,24161.11,23897.26,24082.81
2025-10-28 00:00:00,24078.36,24186.28,23875.11,24079.96
2025-10-28 01:00:00,24079.99,24307.5,23711.49,23807.25
2025-10-28 02:00:00,23811.88,23940.66,23694.92,23759.91
2025-10-28 03:00:00,23755.84,23815.65,23378.8,23462.93
2025-10-28 04:00:00,23456.5,23483.6,23241.65,23256.41
2025-10-28 05:00:00,23251.74,23447.78,23034.09,23411.71
2025-10-28 06:00:00,23411.1,23811.21,23258.42,23792.61
2025-10-28 07:00:00,23788.88,24134.28,23726.35,23889.22
2025-10-28 08:00:00,23894.76,23944.88,23636.47,23649.71
2025-10-28 09:00:00,23652.14,23676.02,23373.86,23602.59
2025-10-28 10:00:00,23601.99,23646.92,23247.08,23357.77
2025-10-28 11:00:00,23354.02,23379.1,23028.6,23070.75
2025-10-28 12:00:00,23072.98,23072.98,22774.48,22877.3
2025-10-28 13:00:00,22875.69,23387.51,22859.75,23126.05
2025-10-28 14:00:00,23126.52,23129.04,22761.82,22816.47
2025-10-28 15:00:00,22816.51,23051.1,22601.09,22625.92
2025-10-28 16:00:00,22627.65,22636.56,22348.05,22542.77
2025-10-28 17:00:00,22542.83,22648.52,22265.56,22610.25
2025-10-28 18:00:00,22607.04,22728.16,22515.63,22563.71
2025-10-28 19:00:00,22568.15,22790.13,22420.95,22751.9
2025-10-28 20:00:00,22751.75,22929.15,22608.71,22848.75
2025-10-28 21:00:00,22849.36,23102.39,22802.01,23028.75
2025-10-28 22:00:00,23028.94,23112.85,22869.5,22999.57
2025-10-28 23:00:00,23002.37,23100.32,22793.68,22810.49
2025-10-29 00:00:00,22810.73,22991.25,22735.36,22924.42
2025-10-29 01:00:00,22928.43,23021.38,22623.73,22710.21
2025-10-29 02:00:00,22706.99,22774.0,22388.68,22388.72
2025-10-29 03:00:00,22390.82,22450.84,22059.48,22125.83
2025-10-29 04:00:00,22126.21,22282.19,21805.42,21830.74
2025-10-29 05:00:00,21832.01,22361.8,21832.01,22201.9
2025-10-29 06:00:00,22198.97,22302.4,22110.33,22281.76
2025-10-29 07:00:00,22283.08,22342.37,22052.96,22053.12
2025-10-29 08:00:00,22051.03,22318.45,21977.62,22164.81
2025-10-29 09:00:00,22162.09,22598.49,22058.52,22552.55
2025-10-29 10:00:00,22556.29,22661.74,22165.32,22266.59
2025-10-29 11:00:00,22259.58,22579.27,22236.29,22547.38
2025-10-29 12:00:00,22550.66,22754.25,22510.06,22736.86
2025-10-29 13:00:00,22728.95,22977.5,22622.35,22709.53
2025-10-29 14:00:00,22711.03,22816.39,22502.49,22568.62
2025-10-29 15:00:00,22567.05,22629.65,22393.07,22611.64
2025-10-29 16:00:00,22608.84,22662.83,22414.23,22529.96
2025-10-29 17:00:00,22533.75,22629.55,22395.62,22466.3
2025-10-29 18:00:00,22463.37,22550.73,22245.06,22422.94
2025-10-29 19:00:00,22421.8,22424.42,22119.7,22346.38
2025-10-29 20:00:00,22347.13,22403.89,22178.85,22360.26
2025-10-29 21:00:00,22358.74,22392.0,22097.67,22119.04
2025-10-29 22:00:00,22111.88,22125.9,21799.41,21994.94
2025-10-29 23:00:00,21991.48,22231.86,21757.1,21763.93
2025-10-30 00:00:00,21769.24,21896.22,21471.68,21545.03
2025-10-30 01:00:00,21541.6,21577.18,21282.18,21509.82
2025-10-30 02:00:00,21513.2,21635.21,21443.91,21631.41
2025-10-30 03:00:00,21634.1,22029.86,21633.1,21932.16
2025-10-30 04:00:00,21927.98,22322.06,21912.25,22269.11
2025-10-30 05:00:00,22270.35,22566.46,22266.06,22301.62
2025-10-30 06:00:00,22304.21,22610.65,22281.46,22583.02
2025-10-30 07:00:00,22580.26,22625.97,22232.34,22444.48
2025-10-30 08:00:00,22445.63,22637.77,22320.9,22554.65
2025-10-30 09:00:00,22553.35,22741.17,22528.31,22654.05
2025-10-30 10:00:00,22650.91,22679.97,22353.16,22359.67
2025-10-30 11:00:00,22359.62,22463.28,22287.36,22387.88
2025-10-30 12:00:00,22383.47,22498.51,22238.97,22389.14
2025-10-30 13:00:00,22386.22,22564.14,22225.54,22510.09
2025-10-30 14:00:00,22512.74,22546.05,22126.55,22351.14
2025-10-30 15:00:00,22344.84,22641.05,22344.84,22626.31
2025-10-30 16:00:00,22636.13,22670.96,22454.92,22576.09
2025-10-30 17:00:00,22580.55,22695.32,22461.11,22525.99
2025-10-30 18:00:00,22530.64,22720.51,22399.44,22539.45
2025-10-30 19:00:00,22533.36,22672.7,22416.76,22501.18
2025-10-30 20:00:00,22498.31,22651.01,22333.67,22611.6
2025-10-30 21:00:00,22607.67,23044.81,22543.83,22935.14
2025-10-30 22:00:00,22933.31,23563.08,22911.0,23530.74
2025-10-30 23:00:00,23528.91,23668.88,23299.77,23644.06
2025-10-31 00:00:00,23641.55,23749.63,23097.71,23101.16
2025-10-31 01:00:00,23103.28,23237.28,22900.75,23132.05
2025-10-31 02:00:00,23134.42,23382.7,23109.06,23294.28
2025-10-31 03:00:00,23297.88,23668.01,23266.44,23486.34
2025-10-31 04:00:00,23485.99,23656.72,23270.65,23372.8
2025-10-31 05:00:00,23372.38,23440.03,23182.6,23287.27
2025-10-31 06:00:00,23282.84,23358.38,23151.82,23270.8
2025-10-31 07:00:00,23272.13,23274.15,22995.72,23139.96
2025-10-31 08:00:00,23141.67,23307.91,22972.56,22977.87
2025-10-31 09:00:00,22975.41,23049.61,22640.24,22675.52
2025-10-31 10:00:00,22678.61,22780.35,22621.22,22682.95
2025-10-31 11:00:00,22678.18,23020.7,22507.15,22533.12
2025-10-31 12:00:00,22528.64,23049.97,22520.11,22678.83
2025-10-31 13:00:00,22686.06,22984.07,22572.16,22890.49
2025-10-31 14:00:00,22888.46,23060.15,22781.86,22807.72
2025-10-31 15:00:00,22810.05,22998.49,22646.9,22670.66
2025-10-31 16:00:00,22672.56,22826.96,22568.76,22661.53
2025-10-31 17:00:00,22659.33,23039.19,22542.31,22968.73
2025-10-31 18:00:00,22969.74,23099.68,22788.06,22805.61
2025-10-31 19:00:00,22802.5,22931.81,22699.14,22702.02
2025-10-31 20:00:00,22704.37,23028.78,22704.37,22911.12
2025-10-31 21:00:00,22903.7,23029.65,22832.08,22880.48
2025-10-31 22:00:00,22886.03,23121.63,22819.17,22870.58
2025-10-31 23:00:00,22872.52,22967.25,22721.19,22936.24
2025-11-01 00:00:00,22934.93,22938.68,22514.62,22809.76
2025-11-01 01:00:00,22806.25,22840.47,22524.5,22597.62
2025-11-01 02:00:00,22596.21,22732.2,22458.16,22576.96
2025-11-01 03:00:00,22571.03,22782.32,22505.96,22705.73
2025-11-01 04:00:00,22705.64,22761.09,22478.52,22646.03
2025-11-01 05:00:00,22655.69,22810.35,22516.89,22532.34
2025-11-01 06:00:00,22529.81,22533.69,22319.35,22409.12
2025-11-01 07:00:00,22411.86,22580.9,22387.66,22516.2
2025-11-01 08:00:00,22514.43,22702.35,22504.28,22701.03
2025-11-01 09:00:00,22699.02,22799.52,22504.04,22607.07
2025-11-01 10:00:00,22607.1,22614.79,22120.07,22342.47
2025-11-01 11:00:00,22343.94,22434.72,22070.24,22082.41
2025-11-01 12:00:00,22085.42,22501.77,22001.47,22360.34
2025-11-01 13:00:00,22358.82,22588.62,22277.63,22512.22
2025-11-01 14:00:00,22514.18,22550.11,22183.8,22248.63
2025-11-01 15:00:00,22246.85,22369.48,22184.67,22227.31
2025-11-01 16:00:00,22225.71,22540.71,22225.21,22329.79
2025-11-01 17:00:00,22335.46,22424.4,22205.12,22341.99
2025-11-01 18:00:00,22343.99,22445.43,22213.76,22296.78
2025-11-01 19:00:00,22289.89,22458.24,22172.58,22445.54
2025-11-01 20:00:00,22446.4,22526.01,22242.73,22311.6
2025-11-01 21:00:00,22309.95,22439.47,22219.76,22366.9
2025-11-01 22:00:00,22364.17,22640.18,22357.28,22566.59
2025-11-01 23:00:00,22567.78,22637.15,22070.88,22104.28
2025-11-02 00:00:00,22107.04,22311.11,22036.86,22130.95
2025-11-02 01:00:00,22129.99,22241.43,21793.82,21871.42
2025-11-02 02:00:00,21873.66,21996.68,21756.65,21897.09
2025-11-02 03:00:00,21896.34,21913.62,21406.43,21476.66
2025-11-02 04:00:00,21479.21,21733.39,21266.72,21394.97
2025-11-02 05:00:00,21395.73,21424.66,21201.08,21407.34
2025-11-02 06:00:00,21405.79,21567.43,21354.65,21418.52
2025-11-02 07:00:00,21422.92,21454.57,21122.61,21308.08
2025-11-02 08:00:00,21305.35,21321.82,21076.21,21246.48
2025-11-02 09:00:00,21246.01,21609.61,21084.3,21572.21
2025-11-02 10:00:00,21573.06,21735.89,21325.41,21335.23
2025-11-02 11:00:00,21337.27,21449.35,21188.02,21199.33
2025-11-02 12:00:00,21201.73,21328.82,21084.55,21328.82
2025-11-02 13:00:00,21328.09,21749.47,21322.46,21567.19
2025-11-02 14:00:00,21565.46,21634.29,21316.54,21383.81
2025-11-02 15:00:00,21388.03,21669.3,21274.66,21473.85
2025-11-02 16:00:00,21472.61,21616.05,21345.69,21368.41
2025-11-02 17:00:00,21372.59,21554.74,21278.82,21326.2
2025-11-02 18:00:00,21324.79,21737.38,21270.33,21506.31
2025-11-02 19:00:00,21504.93,21555.61,21395.55,21518.57
2025-11-02 20:00:00,21519.64,21978.49,21484.04,21796.75
2025-11-02 21:00:00,21791.47,21857.52,21499.7,21752.43
2025-11-02 22:00:00,21759.0,21904.11,21581.19,21677.31
2025-11-02 23:00:00,21677.94,21901.79,21280.24,21319.23
2025-11-03 00:00:00,21320.57,21346.87,21065.25,21218.56
2025-11-03 01:00:00,21215.7,21820.83,21191.53,21797.77
2025-11-03 02:00:00,21799.81,21881.94,21495.99,21566.88
2025-11-03 03:00:00,21566.25,21566.97,21203.63,21218.34
2025-11-03 04:00:00,21218.55,21235.84,21065.54,21197.28
2025-11-03 05:00:00,21200.31,21468.85,21192.14,21295.8
2025-11-03 06:00:00,21295.12,21446.69,21190.87,21442.92
2025-11-03 07:00:00,21444.37,21610.98,21273.94,21488.49
2025-11-03 08:00:00,21485.91,21577.68,21407.66,21499.34
2025-11-03 09:00:00,21500.8,21710.52,21470.57,21510.37
2025-11-03 10:00:00,21512.13,21521.92,21041.48,21110.9
2025-11-03 11:00:00,21113.97,21516.34,21087.46,21443.2
2025-11-03 12:00:00,21447.27,21559.92,21081.7,21151.87
2025-11-03 13:00:00,21152.82,21243.13,20690.9,20716.66
2025-11-03 14:00:00,20717.18,21034.24,20523.83,21034.24
2025-11-03 15:00:00,21039.01,21213.09,20964.08,21124.61
2025-11-03 16:00:00,21125.75,21354.56,20974.41,21035.64
2025-11-03 17:00:00,21033.79,21065.49,20737.59,20749.52
2025-11-03 18:00:00,20748.92,20914.76,20621.0,20829.77
2025-11-03 19:00:00,20824.06,20824.32,20563.09,20580.42
2025-11-03 20:00:00,20577.3,20796.71,20466.08,20467.89
2025-11-03 21:00:00,20470.02,20539.1,20246.96,20259.86
2025-11-03 22:00:00,20259.46,20284.28,19953.29,20230.29
2025-11-03 23:00:00,20230.13,20416.47,20111.71,20391.04
2025-11-04 00:00:00,20388.35,20645.33,20341.78,20573.91
2025-11-04 01:00:00,20577.14,20686.36,20443.59,20600.96
2025-11-04 02:00:00,20601.25,20683.96,20459.31,20626.0
2025-11-04 03:00:00,20625.67,20639.2,20461.35,20579.6
2025-11-04 04:00:00,20579.61,20755.92,20559.02,20616.19
2025-11-04 05:00:00,20620.33,20855.76,20468.1,20471.97
2025-11-04 06:00:00,20470.32,20693.36,20310.64,20339.63
2025-11-04 07:00:00,20342.04,20627.03,20307.81,20520.53
2025-11-04 08:00:00,20521.73,20617.3,20378.43,20446.67
2025-11-04 09:00:00,20449.11,20614.87,20306.01,20316.56
2025-11-04 10:00:00,20318.95,20735.7,20299.33,20453.27
2025-11-04 11:00:00,20452.87,20653.94,20232.79,20286.63
2025-11-04 12:00:00,20285.84,20343.25,19926.81,20017.7
2025-11-04 13:00:00,20022.22,20460.29,20012.82,20402.82
2025-11-04 14:00:00,20406.42,20477.09,20293.52,20403.48
2025-11-04 15:00:00,20409.87,20683.37,20401.14,20569.97
2025-11-04 16:00:00,20573.12,20589.78,20177.48,20332.44
2025-11-04 17:00:00,20335.05,20397.02,20063.3,20276.93
2025-11-04 18:00:00,20276.89,20514.22,20187.27,20503.32
2025-11-04 19:00:00,20501.71,20510.43,20100.5,20118.9
2025-11-04 20:00:00,20114.12,20310.48,20107.98,20130.73
2025-11-04 21:00:00,20130.09,20205.61,19950.86,20149.53
2025-11-04 22:00:00,20153.99,20191.63,19930.97,20040.66
2025-11-04 23:00:00,20040.78,20235.31,19802.46,20121.19
2025-11-05 00:00:00,20124.56,20169.52,19969.12,20106.2
2025-11-05 01:00:00,20102.95,20375.88,20063.6,20212.96
2025-11-05 02:00:00,20210.9,20231.94,19766.85,19777.77
2025-11-05 03:00:00,19776.41,19881.53,19591.78,19660.24
2025-11-05 04:00:00,19657.99,20097.84,19637.14,19904.75
2025-11-05 05:00:00,19904.63,20373.09,19904.03,20342.18
2025-11-05 06:00:00,20342.56,20503.03,20195.89,20236.85
2025-11-05 07:00:00,20238.51,20384.21,20176.02,20186.58
2025-11-05 08:00:00,20183.07,20402.81,20129.87,20238.26
2025-11-05 09:00:00,20234.74,20394.02,20143.4,20268.45
2025-11-05 10:00:00,20267.77,20408.45,20020.29,20020.29
2025-11-05 11:00:00,20017.33,20468.9,19987.28,20397.9
2025-11-05 12:00:00,20399.56,20418.27,20092.88,20105.11
2025-11-05 13:00:00,20100.73,20253.46,19989.58,20230.29
2025-11-05 14:00:00,20236.34,20326.47,19925.43,19947.84
2025-11-05 15:00:00,19945.16,20089.2,19845.33,19862.2
2025-11-05 16:00:00,19860.74,19941.82,19695.54,19899.56
2025-11-05 17:00:00,19901.16,20299.81,19858.37,20163.32
2025-11-05 18:00:00,20162.79,20296.89,19840.8,19848.77
2025-11-05 19:00:00,19848.81,19919.52,19623.88,19661.04
2025-11-05 20:00:00,19662.19,19906.98,19429.17,19868.31
2025-11-05 21:00:00,19868.88,20021.67,19601.06,19634.53
2025-11-05 22:00:00,19634.57,19806.77,19622.21,19785.99
2025-11-05 23:00:00,19789.77,19893.65,19485.59,19704.76
2025-11-06 00:00:00,19701.24,19753.71,19564.61,19594.65
2025-11-06 01:00:00,19595.24,19826.63,19377.03,19792.86
2025-11-06 02:00:00,19790.83,19934.23,19712.59,19726.51
2025-11-06 03:00:00,19726.97,19831.74,19617.23,19804.21
2025-11-06 04:00:00,19806.68,19831.41,19471.5,19642.8
2025-11-06 05:00:00,19645.86,19737.62,19147.62,19224.13
2025-11-06 06:00:00,19222.57,19422.01,19195.97,19357.69
2025-11-06 07:00:00,19358.27,19360.26,18904.99,18967.44
2025-11-06 08:00:00,18969.04,19230.51,18943.72,19148.81
2025-11-06 09:00:00,19157.22,19205.68,18987.08,19043.5
2025-11-06 10:00:00,19046.67,19110.93,18906.05,18956.78
2025-11-06 11:00:00,18957.97,19059.34,18847.35,18997.6
2025-11-06 12:00:00,18997.35,19007.28,18736.56,18776.4
2025-11-06 13:00:00,18774.44,18880.45,18656.4,18790.23
2025-11-06 14:00:00,18793.27,18893.31,18495.15,18556.31
2025-11-06 15:00:00,18554.35,18584.9,18275.27,18302.73
2025-11-06 16:00:00,18302.18,18367.46,18171.37,18171.37
2025-11-06 17:00:00,18171.65,18446.13,18171.65,18363.38
2025-11-06 18:00:00,18364.11,18526.58,18290.19,18452.79
2025-11-06 19:00:00,18454.49,18522.04,18249.62,18394.99
2025-11-06 20:00:00,18396.89,18742.53,18321.67,18737.26
2025-11-06 21:00:00,18738.48,18763.93,18516.63,18708.8
2025-11-06 22:00:00,18712.17,19098.16,18683.92,19080.58
2025-11-06 23:00:00,19083.48,19176.86,18985.81,19040.77
2025-11-07 00:00:00,19037.97,19154.9,18838.02,18839.72
2025-11-07 01:00:00,18839.95,18958.22,18750.56,18881.0
2025-11-07 02:00:00,18881.78,18899.47,18726.86,18842.67
2025-11-07 03:00:00,18839.97,18883.48,18644.61,18651.47
2025-11-07 04:00:00,18651.92,18775.13,18542.46,18735.82
2025-11-07 05:00:00,18731.35,19021.5,18701.15,18896.41
2025-11-07 06:00:00,18895.18,19080.09,18891.06,18998.6
2025-11-07 07:00:00,18995.65,19139.55,18884.74,18972.82
2025-11-07 08:00:00,18970.35,19048.38,18530.08,18628.35
2025-11-07 09:00:00,18632.0,18733.28,18493.64,18508.0
2025-11-07 10:00:00,18506.96,18703.81,18438.19,18638.36
2025-11-07 11:00:00,18638.07,18873.35,18549.54,18852.09
2025-11-07 12:00:00,18851.9,19124.44,18843.83,18985.11
2025-11-07 13:00:00,18987.92,19187.62,18952.92,19105.81
2025-11-07 14:00:00,19106.63,19216.72,18936.24,19121.27
2025-11-07 15:00:00,19122.35,19166.46,18770.15,19002.45
2025-11-07 16:00:00,19004.72,19010.53,18794.86,18882.85
2025-11-07 17:00:00,18887.22,19073.4,18833.29,18967.54
2025-11-07 18:00:00,18967.33,18971.77,18582.04,18794.11
2025-11-07 19:00:00,18796.91,18838.26,18455.52,18482.98
2025-11-07 20:00:00,18483.59,18617.21,18450.29,18471.5
2025-11-07 21:00:00,18471.33,18743.19,18387.45,18679.03
2025-11-07 22:00:00,18677.09,18743.15,18410.37,18472.41
2025-11-07 23:00:00,18470.35,18539.37,18353.62,18412.68
2025-11-08 00:00:00,18412.34,18443.6,18209.95,18338.87
2025-11-08 01:00:00,18340.45,18360.03,18149.57,18284.39
2025-11-08 02:00:00,18286.76,18415.6,18044.49,18137.74
2025-11-08 03:00:00,18136.59,18355.63,18122.96,18335.18
2025-11-08 04:00:00,18334.96,18609.76,18334.96,18405.91
2025-11-08 05:00:00,18408.91,18436.29,18078.12,18307.17
2025-11-08 06:00:00,18303.71,18320.92,18020.44,18093.95
2025-11-08 07:00:00,18095.35,18299.79,18013.93,18280.28
2025-11-08 08:00:00,18279.97,18345.52,18120.83,18252.08
2025-11-08 09:00:00,18248.61,18491.59,18208.46,18435.91
2025-11-08 10:00:00,18438.74,18451.96,18178.97,18217.21
2025-11-08 11:00:00,18218.67,18598.74,18171.22,18462.52
2025-11-08 12:00:00,18464.4,18603.64,18284.24,18318.19
2025-11-08 13:00:00,18318.8,18318.8,18043.11,18116.34
2025-11-08 14:00:00,18116.74,18167.56,17992.6,17998.41
2025-11-08 15:00:00,17997.75,18005.66,17647.7,17759.74
2025-11-08 16:00:00,17756.15,17964.84,17705.13,17936.17
2025-11-08 17:00:00,17934.99,18060.87,17803.26,17825.51
2025-11-08 18:00:00,17824.45,18003.33,17788.69,17927.75
2025-11-08 19:00:00,17930.14,18212.43,17925.13,18212.43
2025-11-08 20:00:00,18213.37,18218.04,17911.11,17963.28
2025-11-08 21:00:00,17966.4,18116.94,17875.54,18084.37
2025-11-08 22:00:00,18081.49,18221.39,17943.33,18140.36
2025-11-08 23:00:00,18138.27,18247.58,17909.77,18006.61
2025-11-09 00:00:00,18005.75,18030.61,17736.98,17840.01
2025-11-09 01:00:00,17842.18,17932.21,17700.83,17741.83
2025-11-09 02:00:00,17741.82,17763.71,17375.67,17489.12
2025-11-09 03:00:00,17490.56,17520.39,17093.63,17098.41
2025-11-09 04:00:00,17097.72,17108.88,16806.17,16832.83
2025-11-09 05:00:00,16834.89,16992.86,16743.76,16903.06
2025-11-09 06:00:00,16906.23,17023.17,16847.33,16966.6
2025-11-09 07:00:00,16966.05,17174.81,16901.38,17139.92
2025-11-09 08:00:00,17136.24,17430.95,17102.62,17398.57
2025-11-09 09:00:00,17402.4,17522.67,17251.67,17490.69
2025-11-09 10:00:00,17492.64,17653.43,17303.64,17651.39
2025-11-09 11:00:00,17651.21,17771.04,17334.09,17491.8
2025-11-09 12:00:00,17489.62,17534.83,17360.29,17437.62
2025-11-09 13:00:00,17441.05,17528.82,17296.6,17450.49
2025-11-09 14:00:00,17453.91,17588.82,17396.12,17557.74
2025-11-09 15:00:00,17557.82,17705.5,17517.68,17611.72
2025-11-09 16:00:00,17612.73,17857.96,17457.6,17538.15
2025-11-09 17:00:00,17535.13,17555.28,17090.56,17368.22
2025-11-09 18:00:00,17367.58,17660.79,17362.45,17588.62
2025-11-09 19:00:00,17590.15,17623.01,17359.05,17407.01
2025-11-09 20:00:00,17408.66,17677.32,17366.3,17466.07
2025-11-09 21:00:00,17463.73,17555.19,17333.55,17397.27
2025-11-09 22:00:00,17395.61,17404.46,16681.69,16686.41
2025-11-09 23:00:00,16686.34,16783.55,16555.13,16698.59
2025-11-10 00:00:00,16697.64,16937.79,16666.01,16777.7
2025-11-10 01:00:00,16775.01,17048.54,16766.69,17036.09
2025-11-10 02:00:00,17034.69,17266.15,16906.83,16923.18
2025-11-10 03:00:00,16921.71,17284.97,16911.96,17155.52
2025-11-10 04:00:00,17153.93,17180.68,16967.74,16972.77
2025-11-10 05:00:00,16966.73,17017.33,16821.45,16842.28
2025-11-10 06:00:00,16845.15,17169.35,16844.05,16849.89
2025-11-10 07:00:00,16848.45,16888.57,16750.83,16870.49
2025-11-10 08:00:00,16866.83,16929.62,16669.64,16864.77
2025-11-10 09:00:00,16862.63,17016.81,16616.44,16630.25
2025-11-10 10:00:00,16632.2,16812.52,16564.14,16595.24
2025-11-10 11:00:00,16595.26,16666.7,16422.67,16626.01
2025-11-10 12:00:00,16626.35,16685.23,16368.56,16595.13
2025-11-10 13:00:00,16592.16,16596.65,16356.91,16407.22
2025-11-10 14:00:00,16407.36,16469.71,16320.87,16328.66
2025-11-10 15:00:00,16333.2,16436.48,16141.04,16180.13
2025-11-10 16:00:00,16179.58,16455.91,16157.24,16409.95
2025-11-10 17:00:00,16407.82,16802.65,16406.2,16700.69
2025-11-10 18:00:00,16700.11,16864.47,16605.3,16616.04
2025-11-10 19:00:00,16615.87,16664.87,16450.87,16539.62
2025-11-10 20:00:00,16539.63,16685.18,16356.95,16357.6
2025-11-10 21:00:00,16362.09,16445.36,16223.65,16272.7
2025-11-10 22:00:00,16274.87,16420.0,16197.69,16418.21
2025-11-10 23:00:00,16418.32,16436.09,16306.77,16414.42
2025-11-11 00:00:00,16418.43,16468.94,16094.27,16097.79
2025-11-11 01:00:00,16095.02,16203.31,16014.55,16151.88
2025-11-11 02:00:00,16153.41,16225.37,16031.38,16059.3
2025-11-11 03:00:00,16059.26,16200.52,16020.74,16199.48
2025-11-11 04:00:00,16200.57,16235.79,16031.75,16184.09
2025-11-11 05:00:00,16189.69,16246.04,16038.66,16041.71
2025-11-11 06:00:00,16042.04,16076.78,15822.84,15885.89
2025-11-11 07:00:00,15883.23,15935.29,15747.76,15877.56
2025-11-11 08:00:00,15877.24,15921.46,15735.11,15768.35
2025-11-11 09:00:00,15768.34,15792.1,15517.93,15562.37
2025-11-11 10:00:00,15561.68,15765.62,15558.21,15761.85
2025-11-11 11:00:00,15765.69,15871.88,15708.12,15807.68
2025-11-11 12:00:00,15805.35,15902.42,15749.33,15856.46
2025-11-11 13:00:00,15857.4,15956.21,15723.74,15782.72
2025-11-11 14:00:00,15784.65,15928.76,15766.97,15889.86
2025-11-11 15:00:00,15889.33,16344.55,15876.24,16338.65
2025-11-11 16:00:00,16340.94,16388.54,16056.52,16067.43
2025-11-11 17:00:00,16067.91,16252.19,16007.35,16231.29
2025-11-11 18:00:00,16233.66,16280.33,16119.81,16261.49
2025-11-11 19:00:00,16259.17,16262.68,16041.29,16107.05
2025-11-11 20:00:00,16114.47,16170.28,15961.64,15988.37
2025-11-11 21:00:00,15988.29,16210.78,15986.85,16106.9
2025-11-11 22:00:00,16101.41,16338.6,16090.48,16293.02
2025-11-11 23:00:00,16288.05,16298.27,15969.31,15970.04
2025-11-12 00:00:00,15969.93,15969.93,15565.55,15655.68
2025-11-12 01:00:00,15654.21,15749.43,15574.31,15648.07
2025-11-12 02:00:00,15645.58,15675.04,15506.31,15539.49
2025-11-12 03:00:00,15537.31,15605.52,15378.09,15399.65
2025-11-12 04:00:00,15399.19,15464.03,15211.53,15278.23
2025-11-12 05:00:00,15281.06,15452.71,15218.72,15324.64
2025-11-12 06:00:00,15322.61,15436.23,15302.26,15312.04
2025-11-12 07:00:00,15313.55,15319.72,15075.47,15086.66
2025-11-12 08:00:00,15089.21,15436.8,15084.89,15301.75
2025-11-12 09:00:00,15300.3,15375.68,15137.91,15141.28
2025-11-12 10:00:00,15140.51,15213.27,15042.86,15132.57
2025-11-12 11:00:00,15134.17,15250.37,15024.39,15243.99
2025-11-12 12:00:00,15246.75,15268.52,15061.77,15158.43
2025-11-12 13:00:00,15158.24,15439.14,15158.24,15208.28
2025-11-12 14:00:00,15203.21,15230.45,14752.32,14840.35
2025-11-12 15:00:00,14837.1,14870.7,14677.47,14691.09
2025-11-12 16:00:00,14690.49,14994.2,14664.91,14981.47
2025-11-12 17:00:00,14984.98,14993.32,14814.61,14912.17
2025-11-12 18:00:00,14914.27,15039.41,14868.01,15025.12
2025-11-12 19:00:00,15026.0,15102.32,14906.17,14916.83
2025-11-12 20:00:00,14920.34,14994.83,14701.61,14769.3
2025-11-12 21:00:00,14766.03,14844.09,14605.84,14621.13
2025-11-12 22:00:00,14625.13,14724.93,14545.49,14614.58
2025-11-12 23:00:00,14613.7,14648.58,14480.88,14628.53
2025-11-13 00:00:00,14630.03,14710.97,14564.65,14650.0
2025-11-13 01:00:00,14651.38,14674.08,14269.81,14273.87
2025-11-13 02:00:00,14272.91,14661.16,14201.55,14647.28
2025-11-13 03:00:00,14648.4,14887.68,14519.83,14759.88
2025-11-13 04:00:00,14759.56,14795.67,14620.84,14705.27
2025-11-13 05:00:00,14704.07,14943.61,14690.93,14861.19
2025-11-13 06:00:00,14862.89,15278.4,14859.53,15261.4
2025-11-13 07:00:00,15261.6,15282.31,14985.64,15045.45
2025-11-13 08:00:00,15049.27,15076.03,14865.48,14875.6
2025-11-13 09:00:00,14874.96,14895.47,14628.48,14828.55
2025-11-13 10:00:00,14828.82,15179.37,14733.19,15121.75
2025-11-13 11:00:00,15121.07,15158.75,14928.45,14971.87
2025-11-13 12:00:00,14972.16,15018.31,14775.98,14868.27
2025-11-13 13:00:00,14867.33,15061.74,14833.54,15057.87
2025-11-13 14:00:00,15055.92,15212.17,14917.87,15170.48
2025-11-13 15:00:00,15172.35,15263.8,15018.54,15077.97
2025-11-13 16:00:00,15078.2,15404.86,15026.08,15360.26
2025-11-13 17:00:00,15359.37,15368.71,15200.34,15272.67
2025-11-13 18:00:00,15269.2,15520.76,15126.34,15427.78
2025-11-13 19:00:00,15428.88,15545.52,15323.71,15505.53
2025-11-13 20:00:00,15505.92,15563.52,15336.95,15350.53
2025-11-13 21:00:00,15349.24,15392.77,15120.02,15194.19
2025-11-13 22:00:00,15191.57,15342.06,15156.35,15215.97
2025-11-13 23:00:00,15216.0,15510.07,15192.22,15342.54
2025-11-14 00:00:00,15341.59,15447.6,15306.08,15323.91
2025-11-14 01:00:00,15322.93,15435.28,15186.0,15312.09
2025-11-14 02:00:00,15312.74,15341.54,15163.33,15210.34
2025-11-14 03:00:00,15207.54,15305.74,15132.94,15291.67
2025-11-14 04:00:00,15296.22,15349.36,15121.6,15170.2
2025-11-14 05:00:00,15168.11,15235.72,15040.89,15117.17
2025-11-14 06:00:00,15118.14,15308.89,15104.23,15278.33
2025-11-14 07:00:00,15278.23,15457.61,15274.88,15408.7
2025-11-14 08:00:00,15410.49,15410.99,15076.53,15098.36
2025-11-14 09:00:00,15095.63,15220.14,15063.9,15162.44
2025-11-14 10:00:00,15163.99,15221.52,15006.65,15041.92
2025-11-14 11:00:00,15040.99,15122.49,14938.64,15109.89
2025-11-14 12:00:00,15110.87,15132.37,15011.42,15053.2
2025-11-14 13:00:00,15056.68,15213.7,15028.92,15094.4
2025-11-14 14:00:00,15097.88,15288.79,15063.22,15214.01
2025-11-14 15:00:00,15213.23,15246.55,15020.67,15207.49
2025-11-14 16:00:00,15207.85,15555.24,15148.89,15555.24
2025-11-14 17:00:00,15556.66,15557.48,15414.79,15483.83
2025-11-14 18:00:00,15484.38,15746.75,15477.47,15744.01
2025-11-14 19:00:00,15744.53,16039.12,15742.07,15977.73
2025-11-14 20:00:00,15974.93,16231.72,15949.87,16184.4
2025-11-14 21:00:00,16185.67,16597.6,16167.46,16594.53
2025-11-14 22:00:00,16596.67,16743.18,16508.33,16685.57
2025-11-14 23:00:00,16683.26,17088.62,16657.92,17019.45
2025-11-15 00:00:00,17017.95,17184.82,16901.0,17101.88
2025-11-15 01:00:00,17103.25,17109.18,16862.97,16980.77
2025-11-15 02:00:00,16983.57,17123.28,16893.98,17117.84
2025-11-15 03:00:00,17113.81,17224.48,17053.89,17220.84
2025-11-15 04:00:00,17221.24,17295.78,17008.32,17073.31
2025-11-15 05:00:00,17073.47,17405.36,17052.05,17384.59
2025-11-15 06:00:00,17383.07,17495.51,17278.78,17288.04
2025-11-15 07:00:00,17286.39,17406.8,17145.53,17379.25
2025-11-15 08:00:00,17381.45,17657.31,17374.58,17564.29
2025-11-15 09:00:00,17565.44,17727.39,17554.32,17675.52
2025-11-15 10:00:00,17678.49,17823.41,17638.01,17724.24
2025-11-15 11:00:00,17722.03,17728.7,17469.83,17499.62
2025-11-15 12:00:00,17499.85,17678.06,17491.87,17501.82
2025-11-15 13:00:00,17502.53,17759.34,17491.23,17647.02
2025-11-15 14:00:00,17648.85,17662.27,17457.4,17608.53
2025-11-15 15:00:00,17613.25,17866.92,17530.46,17839.78
2025-11-15 16:00:00,17840.13,17919.74,17633.16,17635.16
2025-11-15 17:00:00,17636.98,17768.39,17620.43,17719.84
2025-11-15 18:00:00,17719.09,17778.33,17545.18,17619.83
2025-11-15 19:00:00,17617.14,17641.93,17327.1,17436.14
2025-11-15 20:00:00,17435.91,17450.17,17250.65,17430.96
2025-11-15 21:00:00,17432.73,17671.88,17394.5,17615.79
2025-11-15 22:00:00,17613.59,17623.2,17298.29,17441.37
2025-11-15 23:00:00,17440.44,17595.87,17404.79,17545.61
2025-11-16 00:00:00,17542.87,17596.96,17357.1,17452.65
2025-11-16 01:00:00,17455.68,17476.97,17197.18,17197.18
2025-11-16 02:00:00,17195.87,17500.34,17066.9,17469.12
2025-11-16 03:00:00,17467.16,17532.6,17331.7,17527.84
2025-11-16 04:00:00,17528.83,17604.06,17280.76,17326.54
2025-11-16 05:00:00,17326.93,17543.25,17260.95,17507.67
2025-11-16 06:00:00,17505.5,17511.79,17217.05,17320.14
2025-11-16 07:00:00,17320.26,17444.98,17269.01,17309.33
2025-11-16 08:00:00,17304.4,17315.91,17087.13,17258.36
2025-11-16 09:00:00,17257.63,17365.79,17168.32,17257.09
2025-11-16 10:00:00,17261.11,17497.34,17254.75,17477.39
2025-11-16 11:00:00,17481.78,17518.23,17260.57,17264.29
2025-11-16 12:00:00,17263.82,17469.39,17173.19,17431.48
2025-11-16 13:00:00,17434.51,17463.43,17232.7,17314.44
2025-11-16 14:00:00,17313.79,17325.8,17136.49,17322.78
2025-11-16 15:00:00,17321.93,17545.51,17249.63,17429.29
2025-11-16 16:00:00,17433.49,17571.51,17191.82,17205.84
2025-11-16 17:00:00,17207.81,17234.83,17031.83,17069.17
2025-11-16 18:00:00,17071.89,17154.97,16967.09,17042.44
2025-11-16 19:00:00,17042.32,17291.45,17009.47,17223.87
2025-11-16 20:00:00,17219.6,17409.93,17111.01,17296.86
2025-11-16 21:00:00,17295.92,17496.16,17200.64,17432.88
2025-11-16 22:00:00,17429.03,17596.41,17408.01,17479.97
2025-11-16 23:00:00,17479.89,17562.49,17312.04,17331.53
2025-11-17 00:00:00,17331.11,17430.24,17110.03,17154.76
2025-11-17 01:00:00,17153.94,17254.41,16858.7,16898.39
2025-11-17 02:00:00,16899.32,17157.2,16891.11,17051.89
2025-11-17 03:00:00,17054.43,17143.31,16868.19,16908.81
2025-11-17 04:00:00,16910.44,16930.5,16780.1,16869.64
2025-11-17 05:00:00,16863.56,16923.1,16784.01,16805.27
2025-11-17 06:00:00,16803.79,16803.86,16694.26,16768.64
2025-11-17 07:00:00,16766.79,16867.3,16690.63,16697.75
2025-11-17 08:00:00,16701.6,16718.62,16559.0,16643.65
2025-11-17 09:00:00,16642.45,16800.75,16626.85,16791.07
2025-11-17 10:00:00,16793.28,17107.1,16790.09,17034.39
2025-11-17 11:00:00,17033.64,17256.21,17028.06,17194.22
2025-11-17 12:00:00,17195.2,17291.31,17091.44,17189.97
2025-11-17 13:00:00,17191.72,17314.79,17138.76,17314.79
2025-11-17 14:00:00,17314.23,17401.33,17218.16,17369.82
2025-11-17 15:00:00,17368.14,17460.86,17300.33,17359.73
2025-11-17 16:00:00,17358.85,17530.46,17242.26,17350.21
2025-11-17 17:00:00,17350.78,17421.57,17223.73,17392.78
2025-11-17 18:00:00,17392.24,17473.55,17239.01,17269.52
2025-11-17 19:00:00,17269.45,17287.25,16973.99,17170.54
2025-11-17 20:00:00,17171.95,17200.55,16940.81,16999.58
2025-11-17 21:00:00,17001.08,17061.66,16834.8,17027.63
2025-11-17 22:00:00,17029.83,17193.36,17018.9,17102.0
2025-11-17 23:00:00,17102.35,17107.06,16770.95,16804.16
2025-11-18 00:00:00,16803.54,16804.32,16501.18,16559.01
2025-11-18 01:00:00,16559.29,16613.55,16275.0,16359.66
2025-11-18 02:00:00,16360.86,16645.99,16331.94,16531.87
2025-11-18 03:00:00,16532.99,16666.79,16393.34,16408.02
2025-11-18 04:00:00,16406.22,16552.51,16334.02,16397.32
2025-11-18 05:00:00,16396.19,16568.57,16284.97,16485.22
2025-11-18 06:00:00,16483.36,16592.6,16401.29,16447.21
2025-11-18 07:00:00,16448.53,16452.16,16124.98,16428.11
2025-11-18 08:00:00,16426.64,16503.09,16354.35,16458.78
2025-11-18 09:00:00,16459.09,16459.09,16224.65,16291.9
2025-11-18 10:00:00,16287.29,16300.31,16099.95,16191.03
2025-11-18 11:00:00,16195.05,16213.81,16003.09,16157.79
2025-11-18 12:00:00,16157.27,16305.57,16140.82,16191.32
2025-11-18 13:00:00,16193.16,16208.47,15990.9,16042.47
2025-11-18 14:00:00,16040.38,16154.59,15977.08,16048.05
2025-11-18 15:00:00,16051.98,16169.07,15966.61,16131.92
2025-11-18 16:00:00,16132.22,16462.71,16120.68,16450.59
2025-11-18 17:00:00,16451.95,16865.64,16443.8,16808.06
2025-11-18 18:00:00,16809.6,16927.82,16741.94,16808.67
2025-11-18 19:00:00,16808.61,16980.14,16783.14,16869.03
2025-11-18 20:00:00,16866.33,17138.27,16859.57,17133.46
2025-11-18 21:00:00,17132.0,17263.23,17002.46,17049.4
2025-11-18 22:00:00,17045.21,17200.17,16914.25,17163.09
2025-11-18 23:00:00,17164.56,17198.22,16913.73,16985.43
2025-11-19 00:00:00,16983.35,17171.07,16961.5,17109.66
2025-11-19 01:00:00,17107.92,17250.19,17079.19,17158.46
2025-11-19 02:00:00,17158.43,17319.37,17131.6,17276.5
2025-11-19 03:00:00,17271.13,17317.23,17119.58,17131.57
2025-11-19 04:00:00,17135.2,17195.44,16897.41,17088.2
2025-11-19 05:00:00,17090.88,17281.22,16888.76,16906.28
2025-11-19 06:00:00,16906.92,16922.77,16549.8,16650.92
2025-11-19 07:00:00,16651.11,16695.8,16388.07,16571.81
2025-11-19 08:00:00,16570.81,16677.88,16509.61,16629.66
2025-11-19 09:00:00,16630.69,16855.63,16546.05,16832.8
2025-11-19 10:00:00,16834.67,17034.74,16750.99,16907.73
2025-11-19 11:00:00,16910.16,17495.38,16873.58,17479.36
2025-11-19 12:00:00,17481.88,17563.08,17373.77,17524.0
2025-11-19 13:00:00,17523.91,17617.44,17350.08,17462.3
2025-11-19 14:00:00,17458.59,17530.78,17382.86,17391.21
2025-11-19 15:00:00,17393.81,17438.6,17234.83,17321.01
2025-11-19 16:00:00,17319.55,17374.32,17196.73,17253.81
2025-11-19 17:00:00,17256.26,17652.52,17219.95,17648.91
2025-11-19 18:00:00,17647.95,17710.4,17458.63,17484.38
2025-11-19 19:00:00,17480.44,17609.23,17367.24,17452.25
2025-11-19 20:00:00,17452.91,17477.04,17282.21,17385.94
2025-11-19 21:00:00,17384.88,17692.86,17336.31,17656.16
2025-11-19 22:00:00,17658.13,17713.75,17351.56,17623.91
2025-11-19 23:00:00,17663.29,17792.17,17609.62,17748.7
2025-11-20 00:00:00,17745.37,17933.67,17704.09,17892.93
2025-11-20 01:00:00,17894.1,18053.75,17880.53,18015.56
2025-11-20 02:00:00,18016.13,18093.7,17902.58,17993.48
2025-11-20 03:00:00,17991.69,18271.61,17960.34,18213.18
2025-11-20 04:00:00,18212.76,18324.56,18155.38,18310.84
2025-11-20 05:00:00,18307.16,18323.0,17976.01,17985.36
2025-11-20 06:00:00,17981.71,18173.82,17894.59,17989.81
2025-11-20 07:00:00,17989.4,18025.82,17747.45,17808.13
2025-11-20 08:00:00,17810.19,17895.27,17536.2,17563.02
2025-11-20 09:00:00,17559.27,17960.28,17543.53,17782.34
2025-11-20 10:00:00,17783.29,17965.73,17733.62,17934.26
2025-11-20 11:00:00,17934.26,17996.85,17818.9,17967.67
2025-11-20 12:00:00,17967.54,18105.84,17903.58,18045.27
2025-11-20 13:00:00,18046.5,18161.45,17928.57,18020.97
2025-11-20 14:00:00,18024.65,18054.3,17815.1,17979.79
2025-11-20 15:00:00,17976.0,18240.08,17961.29,18073.07
2025-11-20 16:00:00,18072.86,18119.45,17820.04,17936.27
2025-11-20 17:00:00,17929.9,18227.85,17904.9,18096.22
2025-11-20 18:00:00,18101.63,18157.34,17912.47,17942.61
2025-11-20 19:00:00,17942.14,18077.73,17808.32,18063.79
2025-11-20 20:00:00,18065.22,18106.37,17860.21,17997.88
2025-11-20 21:00:00,18000.11,18394.82,17858.56,18376.24
2025-11-20 22:00:00,18377.88,18666.96,18290.45,18666.96
2025-11-20 23:00:00,18671.03,18672.25,18333.68,18397.22
2025-11-21 00:00:00,18397.71,18469.85,18367.7,18424.32
2025-11-21 01:00:00,18427.47,18515.41,18043.42,18084.17
2025-11-21 02:00:00,18083.59,18156.46,17762.86,17840.43
2025-11-21 03:00:00,17837.63,17939.52,17768.08,17875.82
2025-11-21 04:00:00,17874.88,18463.39,17840.96,18394.0
2025-11-21 05:00:00,18397.37,18569.26,18253.09,18558.78
2025-11-21 06:00:00,18563.58,18615.35,18433.32,18556.33
2025-11-21 07:00:00,18555.37,18626.25,18298.52,18326.24
2025-11-21 08:00:00,18331.7,18391.67,18190.56,18311.94
2025-11-21 09:00:00,18314.87,18742.52,18286.95,18626.85
2025-11-21 10:00:00,18623.73,18733.3,18432.94,18504.5
2025-11-21 11:00:00,18504.6,18506.47,18178.1,18225.84
2025-11-21 12:00:00,18223.88,18530.09,18205.65,18242.4
2025-11-21 13:00:00,18243.81,18250.9,18097.85,18144.57
2025-11-21 14:00:00,18144.76,18329.2,18061.76,18327.26
2025-11-21 15:00:00,18327.63,18433.55,18274.7,18351.34
2025-11-21 16:00:00,18349.17,18455.67,18195.91,18262.9
2025-11-21 17:00:00,18261.4,18395.67,18193.02,18289.9
2025-11-21 18:00:00,18288.41,18427.03,17937.42,17957.62
2025-11-21 19:00:00,17957.45,17984.68,17813.93,17903.27
2025-11-21 20:00:00,17902.13,17977.31,17777.13,17779.58
2025-11-21 21:00:00,17778.75,17783.31,17600.6,17677.99
2025-11-21 22:00:00,17675.45,17714.06,17507.64,17637.55
2025-11-21 23:00:00,17639.65,17928.99,17628.11,17782.2
2025-11-22 00:00:00,17784.64,17938.65,17739.38,17847.79
2025-11-22 01:00:00,17848.25,18034.44,17809.97,18006.46
2025-11-22 02:00:00,18007.19,18399.67,17894.67,18382.54
2025-11-22 03:00:00,18387.82,18465.52,18196.03,18224.27
2025-11-22 04:00:00,18227.51,18263.79,17992.33,17995.52
2025-11-22 05:00:00,17992.08,18060.22,17857.39,17919.28
2025-11-22 06:00:00,17920.48,18209.36,17918.96,18072.12
2025-11-22 07:00:00,18072.21,18224.06,17791.01,17819.24
2025-11-22 08:00:00,17819.69,17835.47,17539.71,17632.96
2025-11-22 09:00:00,17634.63,17686.63,17507.37,17591.34
2025-11-22 10:00:00,17589.45,17685.69,17146.26,17154.98
2025-11-22 11:00:00,17155.26,17325.4,17121.42,17306.2
2025-11-22 12:00:00,17305.99,17361.96,16998.64,17051.05
2025-11-22 13:00:00,17047.5,17049.47,16782.32,16915.7
2025-11-22 14:00:00,16915.97,16944.49,16707.43,16855.27
2025-11-22 15:00:00,16855.95,16939.46,16748.09,16758.73
2025-11-22 16:00:00,16761.4,16866.66,16619.66,16682.18
2025-11-22 17:00:00,16680.68,16973.69,16676.98,16898.17
2025-11-22 18:00:00,16896.22,17062.91,16826.4,17021.72
2025-11-22 19:00:00,17019.96,17019.96,16727.64,16925.48
2025-11-22 20:00:00,16924.99,17042.88,16756.25,17019.18
2025-11-22 21:00:00,17019.18,17403.12,16986.68,17397.18
2025-11-22 22:00:00,17399.39,17472.33,17224.5,17464.78
2025-11-22 23:00:00,17466.44,17576.25,17346.4,17367.26
2025-11-23 00:00:00,17367.06,17404.79,17141.75,17384.04
2025-11-23 01:00:00,17382.29,17479.15,17329.63,17388.89
2025-11-23 02:00:00,17389.09,17578.62,17297.44,17355.46
2025-11-23 03:00:00,17356.84,17369.42,17144.14,17156.1
2025-11-23 04:00:00,17157.03,17272.33,17081.6,17114.23
2025-11-23 05:00:00,17115.42,17160.08,16841.7,16844.58
2025-11-23 06:00:00,16846.92,17193.01,16803.27,17151.01
2025-11-23 07:00:00,17155.39,17345.37,16979.03,17321.7
2025-11-23 08:00:00,17322.72,17337.19,17061.36,17176.62
2025-11-23 09:00:00,17173.43,17201.5,17028.4,17107.33
2025-11-23 10:00:00,17109.61,17342.16,17040.93,17220.61
2025-11-23 11:00:00,17221.73,17241.28,16900.5,16900.5
2025-11-23 12:00:00,16898.04,16914.98,16693.07,16696.6
2025-11-23 13:00:00,16696.88,17186.9,16670.35,17045.67
2025-11-23 14:00:00,17043.26,17081.07,16921.17,17004.64
2025-11-23 15:00:00,17006.55,17006.55,16726.97,16864.34
2025-11-23 16:00:00,16864.0,17076.61,16783.27,17016.7
2025-11-23 17:00:00,17018.56,17027.92,16867.4,16922.4
2025-11-23 18:00:00,16920.49,16948.74,16750.04,16783.61
2025-11-23 19:00:00,16785.85,17073.44,16711.31,17063.54
2025-11-23 20:00:00,17064.59,17078.59,16841.14,16845.62
2025-11-23 21:00:00,16846.03,17380.51,16840.25,17295.87
2025-11-23 22:00:00,17296.2,17553.66,17261.22,17302.79
2025-11-23 23:00:00,17300.79,17370.44,16923.4,16945.87
2025-11-24 00:00:00,16944.28,17052.47,16836.11,16849.36
2025-11-24 01:00:00,16850.72,17235.64,16793.09,17182.2
2025-11-24 02:00:00,17181.2,17309.02,16950.7,16978.03
2025-11-24 03:00:00,16973.75,17216.37,16902.0,17197.54
2025-11-24 04:00:00,17197.27,17240.46,17048.32,17088.06
2025-11-24 05:00:00,17089.0,17247.96,17039.0,17196.33
2025-11-24 06:00:00,17197.52,17204.27,16849.03,16878.03
2025-11-24 07:00:00,16874.65,16978.85,16744.11,16847.09
2025-11-24 08:00:00,16843.79,16903.98,16722.94,16764.47
2025-11-24 09:00:00,16762.79,16814.52,16665.37,16753.27
2025-11-24 10:00:00,16752.38,16858.38,16674.48,16755.75
2025-11-24 11:00:00,16755.3,17115.74,16713.67,16970.15
2025-11-24 12:00:00,16970.22,17039.29,16867.33,17036.25
2025-11-24 13:00:00,17037.82,17147.69,16981.57,17021.21
2025-11-24 14:00:00,17019.7,17025.81,16736.2,16745.31
2025-11-24 15:00:00,16749.12,17164.68,16702.66,16962.99
2025-11-24 16:00:00,16961.04,17359.22,16935.44,17355.08
2025-11-24 17:00:00,17354.93,17364.04,17199.67,17290.89
2025-11-24 18:00:00,17409.26,17626.26,17383.76,17613.26
2025-11-24 19:00:00,17613.63,17658.24,17520.44,17538.18
2025-11-24 20:00:00,17537.36,17576.53,17361.21,17428.99
2025-11-24 21:00:00,17429.12,17469.03,17217.16,17252.94
2025-11-24 22:00:00,17253.59,17816.83,17253.59,17793.17
2025-11-24 23:00:00,17790.86,17901.6,17749.75,17774.55
2025-11-25 00:00:00,17773.3,17872.58,17659.35,17732.75
2025-11-25 01:00:00,17738.14,17852.31,17622.26,17825.7
2025-11-25 02:00:00,17827.6,17999.15,17659.37,17742.24
2025-11-25 03:00:00,17744.24,18019.55,17674.18,17934.81
2025-11-25 04:00:00,17931.1,18057.11,17751.77,18041.49
2025-11-25 05:00:00,18041.94,18070.41,17785.87,17953.07
2025-11-25 06:00:00,17954.51,18291.17,17930.29,18242.06
2025-11-25 07:00:00,18245.73,18267.17,18119.9,18215.84
2025-11-25 08:00:00,18215.5,18295.29,17770.58,17791.54
2025-11-25 09:00:00,17792.25,17921.37,17663.4,17895.77
2025-11-25 10:00:00,17896.13,17967.06,17617.83,17694.65
2025-11-25 11:00:00,17697.3,17961.13,17614.23,17826.68
2025-11-25 12:00:00,17824.78,18069.18,17731.1,17966.59
2025-11-25 13:00:00,17966.14,18038.04,17833.41,17965.67
2025-11-25 14:00:00,17967.7,17977.89,17593.37,17619.1
2025-11-25 15:00:00,17618.13,17668.56,17537.43,17653.05
2025-11-25 16:00:00,17656.36,17705.66,17509.41,17565.28
2025-11-25 17:00:00,17565.72,17682.73,17406.65,17434.41
2025-11-25 18:00:00,17436.67,17811.49,17436.67,17806.85
2025-11-25 19:00:00,17800.92,18096.39,17665.76,18055.9
2025-11-25 20:00:00,18058.09,18195.64,18031.79,18125.82
2025-11-25 21:00:00,18126.62,18143.29,17920.04,18022.59
2025-11-25 22:00:00,18019.46,18187.81,18001.47,18103.6
2025-11-25 23:00:00,18106.41,18139.52,17869.7,17940.89
2025-11-26 00:00:00,17941.66,18115.46,17905.63,17932.07
2025-11-26 01:00:00,17935.86,18116.54,17851.19,17929.69
2025-11-26 02:00:00,17929.98,17950.47,17708.75,17724.12
2025-11-26 03:00:00,17726.19,17752.91,17475.27,17505.78
2025-11-26 04:00:00,17506.56,17652.58,17416.98,17633.31
2025-11-26 05:00:00,17636.23,17797.71,17474.66,17503.14
2025-11-26 06:00:00,17504.95,17710.83,17396.44,17635.19
2025-11-26 07:00:00,17639.57,17774.44,17575.7,17677.77
2025-11-26 08:00:00,17676.43,17744.82,17510.73,17531.15
2025-11-26 09:00:00,17529.79,17607.14,17351.01,17433.97
2025-11-26 10:00:00,17431.56,17897.37,17360.67,17885.33
2025-11-26 11:00:00,17885.43,18159.36,17829.76,18129.22
2025-11-26 12:00:00,18130.15,18410.12,18044.14,18390.17
2025-11-26 13:00:00,18391.15,18777.7,18319.31,18746.81
2025-11-26 14:00:00,18746.25,18790.56,18550.02,18602.32
2025-11-26 15:00:00,18604.03,18668.1,18503.14,18582.11
2025-11-26 16:00:00,18580.51,18751.34,18419.02,18424.48
2025-11-26 17:00:00,18424.62,18552.61,18391.2,18533.25
2025-11-26 18:00:00,18533.98,18860.27,18528.69,18852.98
2025-11-26 19:00:00,18852.69,18955.75,18749.46,18890.78
2025-11-26 20:00:00,18892.59,19041.78,18859.99,18905.73
2025-11-26 21:00:00,18902.86,19107.15,18882.4,19088.78
2025-11-26 22:00:00,19093.21,19438.09,19054.53,19418.89
2025-11-26 23:00:00,19417.94,19560.29,19267.76,19550.49
2025-11-27 00:00:00,19549.67,19687.17,19427.78,19507.51
2025-11-27 01:00:00,19509.0,19768.23,19445.86,19755.49
2025-11-27 02:00:00,19759.14,19877.21,19557.2,19793.13
2025-11-27 03:00:00,19794.57,19860.77,19712.5,19796.3
2025-11-27 04:00:00,19796.16,19941.69,19682.41,19866.19
2025-11-27 05:00:00,19863.52,20082.29,19723.18,19748.42
2025-11-27 06:00:00,19747.41,19790.94,19604.68,19759.41
2025-11-27 07:00:00,19760.46,19906.36,19709.79,19737.99
2025-11-27 08:00:00,19736.3,19741.65,19437.84,19547.02
2025-11-27 09:00:00,19545.83,19550.42,19060.69,19182.91
2025-11-27 10:00:00,19187.07,19404.84,19088.05,19250.29
2025-11-27 11:00:00,19248.62,19474.2,19138.24,19428.62
2025-11-27 12:00:00,19423.93,19701.29,19397.61,19485.27
2025-11-27 13:00:00,19487.59,19533.61,19257.79,19317.12
2025-11-27 14:00:00,19315.72,19892.77,19283.03,19790.32
2025-11-27 15:00:00,19786.61,20131.5,19742.21,20122.41
2025-11-27 16:00:00,20124.29,20478.4,20030.39,20358.26
2025-11-27 17:00:00,20359.9,20623.29,20145.83,20554.46
2025-11-27 18:00:00,20553.63,20727.18,20461.07,20659.57
2025-11-27 19:00:00,20662.67,20838.19,20556.04,20753.65
2025-11-27 20:00:00,20753.82,20871.44,20651.96,20868.71
2025-11-27 21:00:00,20865.6,20966.14,20686.18,20892.59
2025-11-27 22:00:00,20886.75,21220.52,20797.0,21209.35
2025-11-27 23:00:00,21210.03,21297.06,21069.3,21247.6
2025-11-28 00:00:00,21248.2,21505.34,21239.68,21443.32
2025-11-28 01:00:00,21442.11,21775.41,21409.5,21749.16
2025-11-28 02:00:00,21745.17,21976.79,21615.18,21696.13
2025-11-28 03:00:00,21698.88,21949.91,21608.9,21777.75
2025-11-28 04:00:00,21776.82,21846.06,21619.29,21731.31
2025-11-28 05:00:00,21731.11,21761.13,21497.87,21545.28
2025-11-28 06:00:00,21544.78,21602.87,21441.44,21528.77
2025-11-28 07:00:00,21529.87,21606.76,21101.29,21105.84
2025-11-28 08:00:00,21108.61,21178.16,20825.61,20912.21
2025-11-28 09:00:00,20911.13,21097.31,20781.53,20792.79
2025-11-28 10:00:00,20790.93,20816.42,20524.6,20537.4
2025-11-28 11:00:00,20542.8,20650.67,20417.01,20451.56
2025-11-28 12:00:00,20451.32,20453.86,20112.91,20359.43
2025-11-28 13:00:00,20355.45,20401.26,20031.33,20126.54
2025-11-28 14:00:00,20127.24,20324.08,19956.53,19968.81
2025-11-28 15:00:00,19968.33,19984.57,19396.48,19401.0
2025-11-28 16:00:00,19403.33,19603.39,19353.76,19537.27
2025-11-28 17:00:00,19541.16,19767.16,19518.29,19565.09
2025-11-28 18:00:00,19564.19,19734.58,19498.39,19719.84
2025-11-28 19:00:00,19719.46,19726.51,19516.01,19532.95
2025-11-28 20:00:00,19530.52,19555.57,19216.64,19257.87
2025-11-28 21:00:00,19255.64,19384.43,19145.13,19208.44
2025-11-28 22:00:00,19207.76,19394.95,18984.88,19333.36
2025-11-28 23:00:00,19334.64,19415.81,19179.16,19388.49
2025-11-29 00:00:00,19387.22,19631.99,19346.15,19586.93
2025-11-29 01:00:00,19586.46,19835.06,19514.42,19727.88
2025-11-29 02:00:00,19727.96,19930.0,19653.29,19763.91
2025-11-29 03:00:00,19765.22,19891.79,19604.88,19642.07
2025-11-29 04:00:00,19643.11,19883.51,19537.63,19545.05
2025-11-29 05:00:00,19543.14,19721.88,19534.61,19713.7
2025-11-29 06:00:00,19713.76,19723.77,19350.6,19496.45
2025-11-29 07:00:00,19496.14,19672.39,19458.81,19657.97
2025-11-29 08:00:00,19659.6,19675.1,19351.54,19491.92
2025-11-29 09:00:00,19496.61,19516.55,19302.95,19378.74
2025-11-29 10:00:00,19377.86,19504.52,19338.5,19437.1
2025-11-29 11:00:00,19429.44,19502.06,19316.22,19479.1
2025-11-29 12:00:00,19475.03,19998.61,19475.03,19819.08
2025-11-29 13:00:00,19817.51,19875.66,19611.57,19700.81
2025-11-29 14:00:00,19701.4,19890.53,19600.67,19888.46
2025-11-29 15:00:00,19885.2,19972.66,19794.74,19948.12
2025-11-29 16:00:00,19947.4,20111.4,19852.23,20042.48
2025-11-29 17:00:00,20042.48,20072.93,19772.35,19984.37
2025-11-29 18:00:00,19986.87,20213.5,19963.03,20087.93
2025-11-29 19:00:00,20088.73,20181.65,19954.05,20154.8
2025-11-29 20:00:00,20153.8,20363.53,20020.5,20346.18
2025-11-29 21:00:00,20342.62,20462.3,20186.83,20257.72
2025-11-29 22:00:00,20256.73,20587.39,20218.0,20413.42
2025-11-29 23:00:00,20413.0,20512.06,20291.54,20394.83
2025-11-30 00:00:00,20394.6,20683.69,20231.76,20264.53
2025-11-30 01:00:00,20265.78,20294.73,19944.64,20014.94
2025-11-30 02:00:00,20014.93,20022.84,19613.64,19650.23
2025-11-30 03:00:00,19651.85,20155.41,19572.4,20146.35
2025-11-30 04:00:00,20139.33,20233.19,20044.09,20176.72
2025-11-30 05:00:00,20179.92,20333.78,20001.24,20248.6
2025-11-30 06:00:00,20244.03,20327.77,20141.86,20212.77
2025-11-30 07:00:00,20210.26,20267.93,20052.09,20087.79
2025-11-30 08:00:00,20091.04,20180.35,19531.73,19654.19
2025-11-30 09:00:00,19651.4,19674.02,19316.55,19417.92
2025-11-30 10:00:00,19420.21,19626.59,19411.89,19618.76
2025-11-30 11:00:00,19618.75,19788.71,19449.7,19755.71
2025-11-30 12:00:00,19757.29,19878.95,19687.72,19824.52
2025-11-30 13:00:00,19824.39,20266.24,19816.59,20147.09
2025-11-30 14:00:00,20147.47,20332.7,19925.8,20269.83
2025-11-30 15:00:00,20270.66,20511.81,20243.7,20362.42
2025-11-30 16:00:00,20362.5,20527.41,20332.15,20412.78
2025-11-30 17:00:00,20413.51,20431.59,19947.05,20124.24
2025-11-30 18:00:00,20123.87,20450.67,20111.32,20369.51
2025-11-30 19:00:00,20368.34,20371.73,19906.46,19933.13
2025-11-30 20:00:00,19929.43,20325.19,19885.53,20290.51
2025-11-30 21:00:00,20288.94,20535.15,20222.69,20496.07
2025-11-30 22:00:00,20492.39,20684.4,20435.25,20510.08
2025-11-30 23:00:00,20511.43,20701.01,20464.96,20630.34
2025-12-01 00:00:00,20629.85,20905.21,20527.04,20804.78
2025-12-01 01:00:00,20807.01,20877.42,20686.42,20757.16
2025-12-01 02:00:00,20755.47,21014.31,20755.47,21000.8
2025-12-01 03:00:00,21002.1,21003.58,20675.28,20711.81
2025-12-01 04:00:00,20706.59,21038.86,20583.22,20963.86
2025-12-01 05:00:00,20967.1,20992.64,20845.36,20860.38
2025-12-01 06:00:00,20859.04,21021.92,20698.07,20701.96
2025-12-01 07:00:00,20707.52,20962.49,20671.28,20786.64
2025-12-01 08:00:00,20779.57,20868.96,20696.73,20854.4
2025-12-01 09:00:00,20853.19,20959.52,20708.7,20814.14
2025-12-01 10:00:00,20817.35,20851.73,20605.15,20637.33
2025-12-01 11:00:00,20637.93,20708.08,20471.66,20661.32
2025-12-01 12:00:00,20663.44,20807.37,20468.3,20675.26
2025-12-01 13:00:00,20672.25,21009.01,20627.42,20945.12
2025-12-01 14:00:00,20940.92,21028.25,20629.44,20938.87
2025-12-01 15:00:00,20938.21,21265.74,20875.76,21231.71
2025-12-01 16:00:00,21233.26,21343.38,21106.62,21313.62
2025-12-01 17:00:00,21309.94,21427.18,21028.84,21157.31
2025-12-01 18:00:00,21158.43,21213.51,20586.49,20654.51
2025-12-01 19:00:00,20652.34,21021.38,20652.34,20926.49
2025-12-01 20:00:00,20929.95,21093.36,20837.58,20967.11
2025-12-01 21:00:00,20968.31,21234.22,20956.32,21174.3
2025-12-01 22:00:00,21178.05,21286.53,20701.28,20933.34
2025-12-01 23:00:00,20939.05,20958.3,20724.42,20905.59
2025-12-02 00:00:00,20900.69,21539.88,20863.43,21504.07
2025-12-02 01:00:00,21506.21,21895.93,21458.28,21544.22
2025-12-02 02:00:00,21542.0,21635.74,21409.88,21602.58
2025-12-02 03:00:00,21601.22,21755.2,21511.68,21520.11
2025-12-02 04:00:00,21517.12,21716.31,21483.73,21646.4
2025-12-02 05:00:00,21645.19,21689.83,21305.16,21444.09
2025-12-02 06:00:00,21446.84,21627.89,21366.1,21541.63
2025-12-02 07:00:00,21539.66,22014.58,21533.85,21946.86
2025-12-02 08:00:00,21947.29,22057.36,21400.37,21414.1
2025-12-02 09:00:00,21417.52,21830.71,21343.42,21789.01
2025-12-02 10:00:00,21788.45,22156.03,21771.26,22156.03
2025-12-02 11:00:00,22152.6,22556.9,22109.01,22466.38
2025-12-02 12:00:00,22465.76,22617.12,21935.47,21961.0
2025-12-02 13:00:00,21961.68,21986.96,21566.32,21621.34
2025-12-02 14:00:00,21620.68,21762.73,21553.99,21561.26
2025-12-02 15:00:00,21563.64,21586.38,21236.05,21255.0
2025-12-02 16:00:00,21260.12,21300.47,21042.42,21146.34
2025-12-02 17:00:00,21147.02,21193.32,20939.45,20992.5
2025-12-02 18:00:00,20993.07,21192.61,20785.47,21167.02
2025-12-02 19:00:00,21168.44,21487.29,21154.68,21377.21
2025-12-02 20:00:00,21379.49,21464.43,20991.9,21049.68
2025-12-02 21:00:00,21051.57,21095.47,20728.33,20811.53
2025-12-02 22:00:00,20808.06,20876.45,20388.43,20405.34
2025-12-02 23:00:00,20407.91,20541.69,20311.71,20348.5
2025-12-03 00:00:00,20349.08,20378.05,20015.04,20072.0
2025-12-03 01:00:00,20073.39,20087.17,19740.81,19781.31
2025-12-03 02:00:00,19777.75,20049.44,19768.72,19828.55
2025-12-03 03:00:00,19822.1,20180.06,19768.16,20002.8
2025-12-03 04:00:00,19997.94,20140.09,19798.4,19975.44
2025-12-03 05:00:00,19971.59,20157.18,19774.59,20071.26
2025-12-03 06:00:00,20069.31,20393.79,20060.07,20337.19
2025-12-03 07:00:00,20337.61,20390.37,20201.14,20288.24
2025-12-03 08:00:00,20290.9,20333.92,19989.1,20073.01
2025-12-03 09:00:00,20075.74,20274.74,20072.57,20165.73
2025-12-03 10:00:00,20161.03,20165.03,19914.01,20081.15
2025-12-03 11:00:00,20081.73,20081.73,19566.14,19717.74
2025-12-03 12:00:00,19721.35,20096.2,19665.49,19876.6
2025-12-03 13:00:00,19878.87,20046.62,19623.99,19985.44
2025-12-03 14:00:00,19984.77,20081.44,19771.64,20044.81
2025-12-03 15:00:00,20048.43,20198.54,19942.15,20021.52
2025-12-03 16:00:00,20022.1,20111.58,19900.38,19962.71
2025-12-03 17:00:00,19961.01,20184.22,19900.15,19908.93
2025-12-03 18:00:00,19909.56,19942.68,19691.4,19715.25
2025-12-03 19:00:00,19710.61,19864.66,19658.88,19831.75
2025-12-03 20:00:00,19838.88,20396.02,19782.48,20385.07
2025-12-03 21:00:00,20385.79,20564.15,20220.74,20467.2
2025-12-03 22:00:00,20469.88,20654.14,19929.72,19957.64
2025-12-03 23:00:00,19962.37,20081.55,19823.23,20047.83
2025-12-04 00:00:00,20044.31,20145.36,19881.97,19917.36
2025-12-04 01:00:00,19916.7,19985.92,19827.11,19906.48
2025-12-04 02:00:00,19903.22,20182.31,19820.75,20137.21
2025-12-04 03:00:00,20135.89,20348.04,20052.86,20279.36
2025-12-04 04:00:00,20280.22,20722.74,20247.13,20640.66
2025-12-04 05:00:00,20630.97,20692.14,20538.78,20688.13
2025-12-04 06:00:00,20686.35,20827.39,20526.54,20741.1
2025-12-04 07:00:00,20742.79,20787.69,20456.61,20647.58
2025-12-04 08:00:00,20652.51,20695.95,20506.59,20601.92
2025-12-04 09:00:00,20595.21,20770.26,20506.15,20765.43
2025-12-04 10:00:00,20765.39,20827.45,20515.18,20608.38
2025-12-04 11:00:00,20608.28,20893.32,20562.91,20882.85
2025-12-04 12:00:00,20878.56,20988.15,20677.2,20829.51
2025-12-04 13:00:00,20829.64,21066.07,20653.85,21012.04
2025-12-04 14:00:00,21012.6,21186.67,20917.54,20948.97
2025-12-04 15:00:00,20950.97,21084.63,20708.72,20773.22
2025-12-04 16:00:00,20772.37,20772.37,20412.53,20537.08
2025-12-04 17:00:00,20541.85,20605.79,20205.4,20234.02
2025-12-04 18:00:00,20232.0,20452.51,20188.06,20275.7
2025-12-04 19:00:00,20274.69,20550.86,20110.68,20255.89
2025-12-04 20:00:00,20258.3,20338.42,20045.6,20049.95
2025-12-04 21:00:00,20049.55,20352.8,19954.28,20309.52
2025-12-04 22:00:00,20308.42,20436.97,19909.3,20207.94
2025-12-04 23:00:00,20208.91,20370.96,20109.85,20137.5
2025-12-05 00:00:00,20136.73,20161.16,19798.88,20153.47
2025-12-05 01:00:00,20149.62,20281.98,20041.61,20255.82
2025-12-05 02:00:00,20252.18,20269.69,19987.41,20015.42
2025-12-05 03:00:00,20015.94,20498.05,19976.01,20463.12
2025-12-05 04:00:00,20465.66,20589.95,20248.92,20261.84
2025-12-05 05:00:00,20257.37,20364.58,20081.47,20103.2
2025-12-05 06:00:00,20104.19,20394.12,20019.7,20394.12
2025-12-05 07:00:00,20395.82,20577.4,20368.68,20465.87
2025-12-05 08:00:00,20467.19,20473.64,20180.0,20402.79
2025-12-05 09:00:00,20400.74,20567.66,20394.35,20511.86
2025-12-05 10:00:00,20511.54,20613.77,20400.56,20556.15
2025-12-05 11:00:00,20557.61,20992.22,20547.54,20961.16
2025-12-05 12:00:00,20962.75,21094.6,20867.56,20964.53
2025-12-05 13:00:00,20959.82,21014.11,20810.2,20840.04
2025-12-05 14:00:00,20840.83,21066.97,20640.34,20808.16
2025-12-05 15:00:00,20808.35,20835.52,20624.86,20712.28
2025-12-05 16:00:00,20716.44,20892.65,20679.92,20785.02
2025-12-05 17:00:00,20783.8,20803.49,20341.95,20644.56
2025-12-05 18:00:00,20645.21,20656.79,20192.49,20276.43
2025-12-05 19:00:00,20278.27,20345.48,20079.42,20196.24
2025-12-05 20:00:00,20199.45,20326.22,20043.34,20296.6
2025-12-05 21:00:00,20295.21,20415.64,20109.88,20360.96
2025-12-05 22:00:00,20358.19,20741.36,20345.06,20562.25
2025-12-05 23:00:00,20564.14,20639.33,19919.29,20037.74
2025-12-06 00:00:00,20040.74,20288.95,19900.13,20217.23
2025-12-06 01:00:00,20211.14,20504.06,20176.26,20501.7
2025-12-06 02:00:00,20499.75,20612.2,20286.64,20326.25
2025-12-06 03:00:00,20325.28,20436.43,19847.77,19967.89
2025-12-06 04:00:00,19970.75,20421.41,19926.98,20209.8
2025-12-06 05:00:00,20212.11,20445.06,20149.81,20194.34
2025-12-06 06:00:00,20192.72,20276.08,20115.44,20195.62
2025-12-06 07:00:00,20196.77,20244.59,19885.58,20209.64
2025-12-06 08:00:00,20207.5,20344.37,19945.98,19952.94
2025-12-06 09:00:00,19953.08,20152.92,19920.33,20043.38
2025-12-06 10:00:00,20041.17,20112.28,19772.34,19986.02
2025-12-06 11:00:00,19988.98,20005.23,19628.7,19656.78
2025-12-06 12:00:00,19654.58,19686.72,19372.02,19443.1
2025-12-06 13:00:00,19443.3,19485.87,19321.66,19398.59
2025-12-06 14:00:00,19400.9,19432.31,19284.44,19346.15
2025-12-06 15:00:00,19341.09,19359.95,19129.25,19262.77
2025-12-06 16:00:00,19262.22,19411.58,19128.26,19390.11
2025-12-06 17:00:00,19393.9,19429.58,18985.94,19018.01
2025-12-06 18:00:00,19020.16,19079.55,18869.42,18998.09
2025-12-06 19:00:00,19004.62,19211.3,18905.38,19187.61
2025-12-06 20:00:00,19187.52,19423.21,19095.96,19366.32
2025-12-06 21:00:00,19365.76,19507.36,19226.14,19453.47
2025-12-06 22:00:00,19451.7,19458.88,19253.08,19341.61
2025-12-06 23:00:00,19339.51,19644.14,19319.74,19569.97
2025-12-07 00:00:00,19567.9,19668.92,19479.96,19577.55
2025-12-07 01:00:00,19576.26,19603.24,19252.59,19361.34
2025-12-07 02:00:00,19359.32,19364.93,19089.87,19326.85
2025-12-07 03:00:00,19324.28,19591.75,19306.64,19551.97
2025-12-07 04:00:00,19555.17,19752.33,19508.77,19665.78
2025-12-07 05:00:00,19662.4,19708.37,19444.96,19481.31
2025-12-07 06:00:00,19481.3,19555.56,19306.14,19339.58
2025-12-07 07:00:00,19341.97,19487.17,19236.33,19293.01
2025-12-07 08:00:00,19297.99,19776.23,19250.52,19695.72
2025-12-07 09:00:00,19698.93,19867.17,19639.39,19814.63
2025-12-07 10:00:00,19814.94,20035.41,19755.79,20009.92
2025-12-07 11:00:00,20010.88,20139.31,19811.77,20000.05
2025-12-07 12:00:00,19998.26,20245.02,19954.5,20046.54
2025-12-07 13:00:00,20044.44,20475.64,20009.07,20462.26
2025-12-07 14:00:00,20460.63,20854.8,20293.63,20690.65
2025-12-07 15:00:00,20691.83,20720.51,20458.33,20624.03
2025-12-07 16:00:00,20620.53,20883.99,20608.66,20713.22
2025-12-07 17:00:00,20715.52,20788.31,20120.99,20140.53
2025-12-07 18:00:00,20141.58,20143.64,19862.99,19875.68
2025-12-07 19:00:00,19879.14,19883.91,19578.03,19602.64
2025-12-07 20:00:00,19604.13,19761.38,19427.29,19477.06
2025-12-07 21:00:00,19479.59,19515.51,19309.41,19445.31
2025-12-07 22:00:00,19445.55,19510.6,19187.36,19311.98
2025-12-07 23:00:00,19314.2,19559.5,19313.57,19445.71
2025-12-08 00:00:00,19447.04,19471.33,19224.57,19450.0
2025-12-08 01:00:00,19446.03,19577.13,19365.87,19442.4
2025-12-08 02:00:00,19442.91,19793.79,19321.43,19657.04
2025-12-08 03:00:00,19658.55,19747.43,19495.78,19565.95
2025-12-08 04:00:00,19564.39,19642.45,19242.96,19327.12
2025-12-08 05:00:00,19328.85,19421.72,19240.33,19260.69
2025-12-08 06:00:00,19262.42,19484.28,19086.81,19125.65
2025-12-08 07:00:00,19130.24,19271.05,19086.2,19118.26
2025-12-08 08:00:00,19120.84,19208.41,19039.87,19174.14
2025-12-08 09:00:00,19174.6,19455.54,19140.51,19367.73
2025-12-08 10:00:00,19370.81,19706.54,19326.2,19674.48
2025-12-08 11:00:00,19677.2,19709.04,19551.59,19606.68
2025-12-08 12:00:00,19611.09,19611.09,19261.12,19269.34
2025-12-08 13:00:00,19269.59,19347.96,19085.34,19108.27
2025-12-08 14:00:00,19112.92,19237.22,19071.02,19141.91
2025-12-08 15:00:00,19142.98,19342.24,19088.06,19267.59
2025-12-08 16:00:00,19271.83,19432.35,19190.5,19235.35
2025-12-08 17:00:00,19237.0,19294.06,19008.4,19154.01
2025-12-08 18:00:00,19154.28,19192.1,18906.9,19026.37
2025-12-08 19:00:00,19022.49,19075.39,18884.93,18911.18
2025-12-08 20:00:00,18909.97,19089.31,18786.6,18901.03
2025-12-08 21:00:00,18897.55,19112.13,18867.92,18871.96
2025-12-08 22:00:00,18872.95,19028.64,18754.03,18765.94
2025-12-08 23:00:00,18766.56,19063.45,18735.44,18879.04
2025-12-09 00:00:00,18877.8,19036.85,18808.21,18963.08
2025-12-09 01:00:00,18963.28,19026.71,18807.53,18813.33
2025-12-09 02:00:00,18817.07,18992.45,18776.25,18910.53
2025-12-09 03:00:00,18915.88,18932.62,18633.42,18636.51
2025-12-09 04:00:00,18636.3,18937.72,18614.83,18852.9
2025-12-09 05:00:00,18854.86,18976.56,18756.44,18844.6
2025-12-09 06:00:00,18843.49,18903.94,18606.7,18665.28
2025-12-09 07:00:00,18662.78,19126.1,18638.33,18824.0
2025-12-09 08:00:00,18825.55,18881.7,18363.94,18391.08
2025-12-09 09:00:00,18393.23,18522.92,18193.56,18377.4
2025-12-09 10:00:00,18376.29,18519.46,18173.39,18311.91
2025-12-09 11:00:00,18309.31,18797.02,18254.87,18788.0
2025-12-09 12:00:00,18792.44,19114.25,18669.39,19086.06
2025-12-09 13:00:00,19080.84,19163.49,18831.74,18922.91
2025-12-09 14:00:00,18922.4,19101.85,18888.95,19057.2
2025-12-09 15:00:00,19054.68,19346.85,19038.48,19184.14
2025-12-09 16:00:00,19186.74,19502.6,19107.25,19502.6
2025-12-09 17:00:00,19506.46,19708.35,19448.66,19514.71
2025-12-09 18:00:00,19510.74,19837.23,19440.11,19825.65
2025-12-09 19:00:00,19826.91,19981.97,19699.27,19876.9
2025-12-09 20:00:00,19875.76,20282.81,19859.34,20233.72
2025-12-09 21:00:00,20233.69,20292.21,20118.95,20136.11
2025-12-09 22:00:00,20135.42,20364.28,20101.75,20152.49
2025-12-09 23:00:00,20149.52,20741.44,20124.96,20719.03
2025-12-10 00:00:00,20717.39,21002.1,20641.94,20977.36
2025-12-10 01:00:00,20978.27,21190.11,20870.62,21187.07
2025-12-10 02:00:00,21188.03,21200.13,20807.74,20992.17
2025-12-10 03:00:00,20998.79,21125.81,20932.71,20994.98
2025-12-10 04:00:00,20996.68,21004.68,20727.61,20731.29
2025-12-10 05:00:00,20729.29,20844.44,20520.79,20547.77
2025-12-10 06:00:00,20546.11,20599.07,20314.49,20391.0
2025-12-10 07:00:00,20389.01,20394.85,20224.12,20276.14
2025-12-10 08:00:00,20278.06,20542.1,20142.72,20528.55
2025-12-10 09:00:00,20526.48,20575.8,20329.08,20366.27
2025-12-10 10:00:00,20369.89,20567.11,20347.39,20563.62
2025-12-10 11:00:00,20561.62,20772.05,20519.13,20638.42
2025-12-10 12:00:00,20638.72,20716.45,20402.46,20444.47
2025-12-10 13:00:00,20442.81,20651.96,20351.07,20468.62
2025-12-10 14:00:00,20470.0,20493.56,20285.24,20418.37
2025-12-10 15:00:00,20419.17,20523.84,20195.58,20377.09
2025-12-10 16:00:00,20377.51,20556.13,20238.76,20502.68
2025-12-10 17:00:00,20505.42,20538.05,20284.08,20349.9
2025-12-10 18:00:00,20351.34,20465.75,20169.67,20210.6
2025-12-10 19:00:00,20209.66,20507.53,20206.5,20343.55
2025-12-10 20:00:00,20348.19,20537.9,20266.27,20392.13
2025-12-10 21:00:00,20390.21,20477.4,20144.64,20178.65
2025-12-10 22:00:00,20176.55,20402.34,20105.73,20174.5
2025-12-10 23:00:00,20172.49,20380.55,20162.85,20304.35
2025-12-11 00:00:00,20307.28,20325.28,20026.86,20292.85
2025-12-11 01:00:00,20292.54,20461.79,20231.12,20441.18
2025-12-11 02:00:00,20442.19,20519.76,20240.03,20281.09
2025-12-11 03:00:00,20280.82,20313.73,19798.33,19798.33
2025-12-11 04:00:00,19792.89,19815.28,19669.08,19807.68
2025-12-11 05:00:00,19811.84,20079.1,19762.09,19985.78
2025-12-11 06:00:00,19985.16,20014.65,19170.64,19189.69
2025-12-11 07:00:00,19195.35,19351.4,18838.31,18865.22
2025-12-11 08:00:00,18865.42,18943.4,18700.99,18791.07
2025-12-11 09:00:00,18792.57,18797.82,18511.81,18677.81
2025-12-11 10:00:00,18679.25,18694.51,18498.51,18618.61
2025-12-11 11:00:00,18614.01,19104.93,18568.92,19034.28
2025-12-11 12:00:00,19037.64,19341.87,19020.06,19168.98
2025-12-11 13:00:00,19167.69,19414.36,19126.44,19331.6
2025-12-11 14:00:00,19332.26,19596.51,19223.47,19491.58
2025-12-11 15:00:00,19496.08,19889.08,19490.37,19807.28
2025-12-11 16:00:00,19807.7,20003.65,19769.04,19859.44
2025-12-11 17:00:00,19854.96,19911.45,19393.19,19453.18
2025-12-11 18:00:00,19454.08,19543.76,19338.97,19363.12
2025-12-11 19:00:00,19363.14,19589.95,19221.81,19371.97
2025-12-11 20:00:00,19368.16,19389.33,19062.92,19379.1
2025-12-11 21:00:00,19376.92,19489.27,19280.25,19372.3
2025-12-11 22:00:00,19373.64,19584.03,19196.15,19564.81
2025-12-11 23:00:00,19566.26,19602.45,19148.75,19230.8
2025-12-12 00:00:00,19231.08,19415.5,19064.97,19399.95
2025-12-12 01:00:00,19398.58,19583.24,19310.43,19523.76
2025-12-12 02:00:00,19524.41,19531.63,19122.04,19420.54
2025-12-12 03:00:00,19425.16,19476.02,19236.21,19306.47
2025-12-12 04:00:00,19304.09,19575.1,19245.52,19512.36
2025-12-12 05:00:00,19506.1,19903.93,19453.69,19902.2
2025-12-12 06:00:00,19903.67,19926.73,19417.7,19767.9
2025-12-12 07:00:00,19768.09,19930.22,19631.17,19808.69
2025-12-12 08:00:00,19810.35,19924.22,19705.89,19792.89
2025-12-12 09:00:00,19789.69,20086.6,19737.51,20027.95
2025-12-12 10:00:00,20027.5,20350.5,20017.85,20233.94
2025-12-12 11:00:00,20236.39,20292.63,19960.01,20006.37
2025-12-12 12:00:00,20003.99,20236.45,19968.66,20135.26
2025-12-12 13:00:00,20138.74,20314.35,20098.14,20101.26
2025-12-12 14:00:00,20096.42,20142.86,19822.36,19846.73
2025-12-12 15:00:00,19847.18,19856.97,19586.61,19596.14
2025-12-12 16:00:00,19599.78,19612.52,19325.32,19346.12
2025-12-12 17:00:00,19349.85,19482.49,19199.15,19340.76
2025-12-12 18:00:00,19339.85,19424.07,18778.29,18830.31
2025-12-12 19:00:00,18830.95,18911.69,18713.27,18789.5
2025-12-12 20:00:00,18786.8,18787.97,18316.95,18325.91
2025-12-12 21:00:00,18327.91,18432.28,18202.88,18327.12
2025-12-12 22:00:00,18325.4,18348.07,18171.23,18192.17
2025-12-12 23:00:00,18192.05,18321.41,18137.87,18160.33
2025-12-13 00:00:00,18158.39,18416.58,18027.04,18396.23
2025-12-13 01:00:00,18395.29,18504.34,18280.79,18305.05
2025-12-13 02:00:00,18308.25,18358.18,17930.76,17993.62
2025-12-13 03:00:00,17995.47,18067.42,17876.98,17939.25
2025-12-13 04:00:00,17940.66,18115.61,17897.58,17972.48
2025-12-13 05:00:00,17974.81,18254.7,17962.22,18119.75
2025-12-13 06:00:00,18123.39,18197.51,18045.44,18114.0
2025-12-13 07:00:00,18117.21,18142.66,17878.25,18129.39
2025-12-13 08:00:00,18129.15,18379.62,17976.86,18371.29
2025-12-13 09:00:00,18370.21,18431.01,18189.61,18238.61
2025-12-13 10:00:00,18237.05,18265.46,17980.14,18003.37
2025-12-13 11:00:00,18000.28,18095.64,17941.65,18033.92
2025-12-13 12:00:00,18029.57,18157.51,17979.57,18154.15
2025-12-13 13:00:00,18152.97,18216.13,18013.44,18052.68
2025-12-13 14:00:00,18048.51,18086.82,17686.69,17698.03
2025-12-13 15:00:00,17700.21,17708.14,17379.16,17392.74
2025-12-13 16:00:00,17390.61,17409.89,17149.47,17154.61
2025-12-13 17:00:00,17156.75,17277.46,16989.47,17277.46
2025-12-13 18:00:00,17276.92,17345.25,16824.02,16914.32
2025-12-13 19:00:00,16910.68,16929.76,16779.19,16825.25
2025-12-13 20:00:00,16825.11,17158.27,16816.63,17024.79
2025-12-13 21:00:00,17027.04,17034.19,16871.02,16894.72
2025-12-13 22:00:00,16894.11,17293.32,16824.05,17263.48
2025-12-13 23:00:00,17265.85,17279.84,17134.5,17201.29
2025-12-14 00:00:00,17203.88,17482.07,17156.37,17379.8
2025-12-14 01:00:00,17378.98,17403.26,17157.46,17259.94
2025-12-14 02:00:00,17261.64,17458.53,17252.9,17381.62
2025-12-14 03:00:00,17381.91,17392.49,17247.66,17308.94
2025-12-14 04:00:00,17310.81,17828.05,17281.25,17756.17
2025-12-14 05:00:00,17757.88,17967.84,17725.52,17906.8
2025-12-14 06:00:00,17906.39,18067.37,17840.51,17965.09
2025-12-14 07:00:00,17964.45,17970.49,17765.55,17866.38
2025-12-14 08:00:00,17870.37,18165.04,17839.67,18163.34
2025-12-14 09:00:00,18161.84,18310.83,17981.65,18006.78
2025-12-14 10:00:00,18008.22,18043.69,17724.9,17864.57
2025-12-14 11:00:00,17865.91,17898.11,17559.66,17648.98
2025-12-14 12:00:00,17644.19,17726.11,17458.8,17684.26
2025-12-14 13:00:00,17681.56,17925.86,17521.75,17807.69
2025-12-14 14:00:00,17808.76,17913.83,17720.13,17853.1
2025-12-14 15:00:00,17850.93,18001.62,17760.57,17810.68
2025-12-14 16:00:00,17812.62,17889.38,17704.18,17836.49
2025-12-14 17:00:00,17837.34,17863.54,17620.61,17764.86
2025-12-14 18:00:00,17764.16,18041.91,17736.05,17994.34
2025-12-14 19:00:00,17993.08,18186.43,17965.3,18186.43
2025-12-14 20:00:00,18188.71,18250.71,17939.62,17971.44
2025-12-14 21:00:00,17976.32,18031.94,17893.86,17959.11
2025-12-14 22:00:00,17958.35,18015.03,17847.44,17898.95
2025-12-14 23:00:00,17902.99,18111.72,17843.39,18107.21
2025-12-15 00:00:00,18104.69,18133.82,17709.43,17901.31
2025-12-15 01:00:00,17900.13,18067.08,17858.88,17930.94
2025-12-15 02:00:00,17933.21,17970.62,17715.82,17736.97
2025-12-15 03:00:00,17733.95,17913.41,17569.82,17621.06
2025-12-15 04:00:00,17627.02,17768.01,17559.43,17712.42
2025-12-15 05:00:00,17714.66,17919.22,17676.92,17730.91
2025-12-15 06:00:00,17728.46,18070.95,17666.55,17858.72
2025-12-15 07:00:00,17858.51,17871.5,17515.7,17674.51
2025-12-15 08:00:00,17676.92,17736.72,17517.95,17659.07
2025-12-15 09:00:00,17660.06,17664.85,17265.26,17323.87
2025-12-15 10:00:00,17322.02,17578.0,17256.57,17573.46
2025-12-15 11:00:00,17571.03,17703.87,17442.52,17526.7
2025-12-15 12:00:00,17525.07,17551.72,17142.26,17451.04
2025-12-15 13:00:00,17450.43,17647.84,17330.91,17528.74
2025-12-15 14:00:00,17528.02,17628.65,17437.53,17494.56
2025-12-15 15:00:00,17496.07,17520.5,17378.16,17473.97
2025-12-15 16:00:00,17475.79,17598.13,17392.46,17408.85
2025-12-15 17:00:00,17406.19,17585.6,17378.68,17571.33
2025-12-15 18:00:00,17572.75,17927.93,17543.84,17749.38
2025-12-15 19:00:00,17747.05,18082.03,17658.76,17858.84
2025-12-15 20:00:00,17859.81,18060.0,17760.25,18048.31
2025-12-15 21:00:00,18044.82,18175.55,17825.73,17872.02
2025-12-15 22:00:00,17870.03,18187.72,17870.03,18160.76
2025-12-15 23:00:00,18162.78,18223.66,18045.08,18053.66
2025-12-16 00:00:00,18054.78,18248.98,17950.05,18191.66
2025-12-16 01:00:00,18185.72,18410.97,18168.09,18408.42
2025-12-16 02:00:00,18410.26,18455.26,18104.88,18144.37
2025-12-16 03:00:00,18144.48,18437.98,18119.27,18419.7
2025-12-16 04:00:00,18418.55,18455.08,18215.02,18220.54
2025-12-16 05:00:00,18220.54,18257.19,18104.44,18162.64
2025-12-16 06:00:00,18160.84,18160.84,17686.24,17731.05
2025-12-16 07:00:00,17731.96,17780.16,17421.08,17461.76
2025-12-16 08:00:00,17458.58,17504.11,17367.22,17412.13
2025-12-16 09:00:00,17416.78,17556.59,17280.46,17325.64
2025-12-16 10:00:00,17323.33,17661.16,17269.89,17649.82
2025-12-16 11:00:00,17651.74,17705.68,17576.81,17634.46
2025-12-16 12:00:00,17632.53,17802.75,17568.82,17719.19
2025-12-16 13:00:00,17719.67,17853.5,17667.62,17778.41
2025-12-16 14:00:00,17774.47,17845.09,17670.68,17695.85
2025-12-16 15:00:00,17694.76,17713.58,17462.35,17489.84
2025-12-16 16:00:00,17487.32,17551.35,17414.83,17419.88
2025-12-16 17:00:00,17416.82,17434.9,16967.43,17092.52
2025-12-16 18:00:00,17090.33,17141.87,16967.44,16981.97
2025-12-16 19:00:00,16983.47,17034.33,16619.86,16676.1
2025-12-16 20:00:00,16675.7,16747.08,16411.83,16429.41
2025-12-16 21:00:00,16425.85,16439.06,16212.46,16325.51
2025-12-16 22:00:00,16326.12,16443.18,16227.3,16335.43
2025-12-16 23:00:00,16335.6,16455.05,16251.66,16355.59
2025-12-17 00:00:00,16352.7,16528.49,16294.74,16358.83
2025-12-17 01:00:00,16357.57,16413.62,16146.68,16192.88
2025-12-17 02:00:00,16193.68,16197.7,15932.9,15949.74
2025-12-17 03:00:00,15947.87,16034.72,15839.67,15853.65
2025-12-17 04:00:00,15854.54,15879.24,15452.87,15471.12
2025-12-17 05:00:00,15469.34,15660.4,15437.33,15564.75
2025-12-17 06:00:00,15563.8,15808.94,15516.56,15716.61
2025-12-17 07:00:00,15718.26,15914.7,15716.85,15810.29
2025-12-17 08:00:00,15809.05,15823.26,15595.85,15696.61
2025-12-17 09:00:00,15698.06,15754.37,15456.27,15555.67
2025-12-17 10:00:00,15553.61,15558.11,15391.18,15445.76
2025-12-17 11:00:00,15447.36,15625.75,15319.0,15587.92
2025-12-17 12:00:00,15587.45,15685.73,15532.38,15615.67
2025-12-17 13:00:00,15617.57,15694.96,15557.67,15569.6
2025-12-17 14:00:00,15568.62,15617.24,15460.97,15460.97
2025-12-17 15:00:00,15459.34,15591.77,15423.29,15525.89
2025-12-17 16:00:00,15527.12,15658.78,15517.38,15561.29
2025-12-17 17:00:00,15562.9,15724.46,15553.62,15613.28
2025-12-17 18:00:00,15614.13,15727.11,15515.99,15535.35
2025-12-17 19:00:00,15534.19,15711.59,15487.02,15614.45
2025-12-17 20:00:00,15617.95,15857.77,15593.87,15838.24
2025-12-17 21:00:00,15837.42,15839.57,15479.3,15522.74
2025-12-17 22:00:00,15522.15,15549.99,15331.02,15358.27
2025-12-17 23:00:00,15356.98,15477.58,15221.54,15261.05
2025-12-18 00:00:00,15260.6,15538.19,15157.29,15450.11
2025-12-18 01:00:00,15449.85,15585.17,15308.16,15308.16
2025-12-18 02:00:00,15307.29,15354.21,15253.13,15267.61
2025-12-18 03:00:00,15266.48,15438.11,15243.97,15328.64
2025-12-18 04:00:00,15327.31,15494.33,15275.64,15380.06
2025-12-18 05:00:00,15380.36,15487.1,15313.61,15351.17
2025-12-18 06:00:00,15355.46,15605.16,15345.26,15413.75
2025-12-18 07:00:00,15416.43,15467.04,15333.92,15336.57
2025-12-18 08:00:00,15336.26,15424.09,15235.15,15419.2
2025-12-18 09:00:00,15421.09,15788.98,15402.74,15786.67
2025-12-18 10:00:00,15787.7,15929.59,15774.73,15895.74
2025-12-18 11:00:00,15901.21,16351.57,15833.09,16312.89
2025-12-18 12:00:00,16310.97,16403.88,16164.71,16231.68
2025-12-18 13:00:00,16235.58,16345.62,16103.75,16169.79
2025-12-18 14:00:00,16169.0,16240.53,16047.48,16067.44
2025-12-18 15:00:00,16064.81,16129.12,15875.82,15980.33
2025-12-18 16:00:00,15979.31,16050.59,15824.88,15916.37
2025-12-18 17:00:00,15913.62,15963.45,15780.6,15931.85
2025-12-18 18:00:00,15933.88,15961.46,15640.89,15682.16
2025-12-18 19:00:00,15681.11,15761.29,15538.27,15677.75
2025-12-18 20:00:00,15680.95,15904.62,15668.84,15794.81
2025-12-18 21:00:00,15796.93,15812.04,15625.0,15755.29
2025-12-18 22:00:00,15756.56,15935.08,15722.41,15825.9
2025-12-18 23:00:00,15826.84,15937.66,15748.6,15764.42
2025-12-19 00:00:00,15763.03,15781.08,15638.11,15740.11
2025-12-19 01:00:00,15738.3,15848.41,15611.22,15846.2
2025-12-19 02:00:00,15843.96,15898.74,15724.5,15795.27
2025-12-19 03:00:00,15794.79,15894.54,15678.29,15854.59
2025-12-19 04:00:00,15853.87,15991.45,15757.42,15852.46
2025-12-19 05:00:00,15850.98,15935.37,15721.26,15731.72
2025-12-19 06:00:00,15731.76,16162.34,15713.88,16115.48
2025-12-19 07:00:00,16119.04,16198.0,15967.62,16177.55
2025-12-19 08:00:00,16178.13,16352.55,16164.9,16286.99
2025-12-19 09:00:00,16289.7,16400.16,16164.34,16237.67
2025-12-19 10:00:00,16235.41,16361.06,16085.96,16247.89
2025-12-19 11:00:00,16251.95,16262.23,15818.52,15867.88
2025-12-19 12:00:00,15868.68,16095.2,15856.36,16061.42
2025-12-19 13:00:00,16059.76,16175.0,15914.8,15954.23
2025-12-19 14:00:00,15956.0,16174.81,15928.12,16153.62
2025-12-19 15:00:00,16153.96,16240.58,16020.92,16148.68
2025-12-19 16:00:00,16141.65,16258.65,16024.23,16220.08
2025-12-19 17:00:00,16219.21,16255.29,15982.75,15986.24
2025-12-19 18:00:00,15984.8,15986.91,15877.78,15946.36
2025-12-19 19:00:00,15943.23,16035.88,15740.69,15750.62
2025-12-19 20:00:00,15747.42,15956.41,15657.38,15948.37
2025-12-19 21:00:00,15949.13,16108.01,15907.5,16041.76
2025-12-19 22:00:00,16041.59,16053.56,15840.6,15878.2
2025-12-19 23:00:00,15878.07,15898.3,15642.9,15671.08
2025-12-20 00:00:00,15672.42,15697.98,15498.28,15685.1
2025-12-20 01:00:00,15684.7,15803.84,15636.6,15682.94
2025-12-20 02:00:00,15682.52,15738.8,15499.67,15733.01
2025-12-20 03:00:00,15732.62,15751.87,15509.47,15511.21
2025-12-20 04:00:00,15508.86,15689.2,15453.62,15618.38
2025-12-20 05:00:00,15618.51,15988.86,15579.46,15814.21
2025-12-20 06:00:00,15814.31,15976.89,15774.04,15971.73
2025-12-20 07:00:00,15970.22,16438.43,15897.5,16355.51
2025-12-20 08:00:00,16357.66,16516.03,16099.22,16107.96
2025-12-20 09:00:00,16103.86,16165.79,15964.92,16001.0
2025-12-20 10:00:00,16001.74,16163.74,15953.03,16069.1
2025-12-20 11:00:00,16069.63,16205.71,15987.47,16186.91
2025-12-20 12:00:00,16183.41,16199.52,15867.69,15890.92
2025-12-20 13:00:00,15894.71,16009.28,15794.11,15896.76
2025-12-20 14:00:00,15894.47,16139.49,15833.92,16104.26
2025-12-20 15:00:00,16101.36,16189.71,15924.63,15934.56
2025-12-20 16:00:00,15937.99,16031.96,15848.63,15865.13
2025-12-20 17:00:00,15867.49,15888.88,15640.34,15670.08
2025-12-20 18:00:00,15669.52,16090.67,15649.31,16021.36
2025-12-20 19:00:00,16021.56,16100.42,15906.46,16030.46
2025-12-20 20:00:00,16032.28,16167.69,16012.84,16109.14
2025-12-20 21:00:00,16109.35,16306.23,16055.28,16254.23
2025-12-20 22:00:00,16252.99,16325.69,15892.54,15894.84
2025-12-20 23:00:00,15893.17,16066.39,15797.73,16036.43
2025-12-21 00:00:00,16034.7,16044.45,15797.8,15924.88
2025-12-21 01:00:00,15922.04,15984.28,15816.81,15920.86
2025-12-21 02:00:00,15920.58,16079.78,15903.19,16057.19
2025-12-21 03:00:00,16056.32,16097.13,15927.89,15936.27
2025-12-21 04:00:00,15936.63,15956.43,15777.96,15833.22
2025-12-21 05:00:00,15833.73,15851.06,15529.01,15556.44
2025-12-21 06:00:00,15559.45,15569.13,15358.43,15406.55
2025-12-21 07:00:00,15407.89,15445.44,15233.23,15285.49
2025-12-21 08:00:00,15283.69,15351.43,15057.22,15092.19
2025-12-21 09:00:00,15091.97,15217.68,15025.21,15069.26
2025-12-21 10:00:00,15067.63,15116.77,15004.27,15021.16
2025-12-21 11:00:00,15018.67,15104.07,14920.25,15058.32
2025-12-21 12:00:00,15059.77,15331.22,15032.73,15316.59
2025-12-21 13:00:00,15315.38,15370.76,14996.4,15048.26
2025-12-21 14:00:00,15046.48,15078.93,14823.56,14852.17
2025-12-21 15:00:00,14850.41,15225.39,14846.94,15173.89
2025-12-21 16:00:00,15175.65,15198.33,15043.31,15044.15
2025-12-21 17:00:00,15045.45,15158.83,14990.45,15035.52
2025-12-21 18:00:00,15037.71,15068.89,14881.44,14914.94
2025-12-21 19:00:00,14915.29,15062.72,14863.38,15013.6
2025-12-21 20:00:00,15015.43,15434.83,14987.63,15421.21
2025-12-21 21:00:00,15420.83,15432.15,15022.51,15104.98
2025-12-21 22:00:00,15103.59,15210.4,15064.13,15139.21
2025-12-21 23:00:00,15140.43,15289.78,15097.74,15185.88
2025-12-22 00:00:00,15188.24,15240.9,15077.9,15133.27
2025-12-22 01:00:00,15132.83,15333.04,15064.06,15074.24
2025-12-22 02:00:00,15071.64,15114.13,14965.69,15047.77
2025-12-22 03:00:00,15044.44,15336.95,14997.61,15296.71
2025-12-22 04:00:00,15297.47,15333.9,15125.26,15164.01
2025-12-22 05:00:00,15164.12,15285.54,15107.19,15246.94
2025-12-22 06:00:00,15246.58,15400.73,15183.31,15192.09
2025-12-22 07:00:00,15191.42,15368.18,15140.91,15316.44
2025-12-22 08:00:00,15318.25,15412.97,15204.0,15228.19
2025-12-22 09:00:00,15229.46,15387.89,15181.48,15263.37
2025-12-22 10:00:00,15261.79,15321.85,15150.12,15172.16
2025-12-22 11:00:00,15171.82,15173.96,14874.71,14941.56
2025-12-22 12:00:00,14937.93,14966.62,14694.69,14759.83
2025-12-22 13:00:00,14760.02,14996.13,14698.39,14728.34
2025-12-22 14:00:00,14727.87,14828.4,14655.4,14774.59
2025-12-22 15:00:00,14771.71,15135.31,14766.35,15135.31
2025-12-22 16:00:00,15135.67,15344.31,15063.01,15231.36
2025-12-22 17:00:00,15232.61,15239.78,15009.65,15176.94
2025-12-22 18:00:00,15174.03,15189.11,14898.44,14930.47
2025-12-22 19:00:00,14928.27,15100.58,14905.48,15081.98
2025-12-22 20:00:00,15083.63,15326.41,15048.41,15287.75
2025-12-22 21:00:00,15287.31,15508.61,15269.62,15347.6
2025-12-22 22:00:00,15349.88,15370.55,15100.04,15157.82
2025-12-22 23:00:00,15159.16,15275.11,15126.53,15230.94
2025-12-23 00:00:00,15228.73,15238.7,14728.93,14765.66
2025-12-23 01:00:00,14764.66,15059.08,14705.96,15015.15
2025-12-23 02:00:00,15015.53,15272.29,14969.25,15113.71
2025-12-23 03:00:00,15113.31,15571.08,15113.31,15543.07
2025-12-23 04:00:00,15542.65,15720.11,15524.77,15625.62
2025-12-23 05:00:00,15624.47,15882.82,15562.59,15790.66
2025-12-23 06:00:00,15793.83,16048.49,15755.5,15792.58
2025-12-23 07:00:00,15792.97,15846.8,15536.15,15571.09
2025-12-23 08:00:00,15568.69,15725.69,15532.48,15637.61
2025-12-23 09:00:00,15636.2,15780.7,15600.75,15669.07
2025-12-23 10:00:00,15669.68,15672.32,15202.72,15278.74
2025-12-23 11:00:00,15276.52,15498.34,15264.5,15382.52
2025-12-23 12:00:00,15382.5,15454.07,15234.65,15307.88
2025-12-23 13:00:00,15308.35,15507.09,15214.78,15470.07
2025-12-23 14:00:00,15471.58,15530.31,15321.31,15482.69
2025-12-23 15:00:00,15483.02,15720.38,15375.17,15719.96
2025-12-23 16:00:00,15721.42,15896.28,15652.7,15892.74
2025-12-23 17:00:00,15892.7,16023.63,15754.62,16021.36
2025-12-23 18:00:00,16021.6,16177.79,15750.79,15751.49
2025-12-23 19:00:00,15749.46,16022.99,15749.46,15881.71
2025-12-23 20:00:00,15882.44,15994.19,15831.73,15885.26
2025-12-23 21:00:00,15882.27,15884.74,15529.67,15638.86
2025-12-23 22:00:00,15637.68,16008.38,15615.5,15976.02
2025-12-23 23:00:00,15974.06,16068.02,15856.33,15868.68
2025-12-24 00:00:00,15871.01,15887.8,15572.57,15667.5
2025-12-24 01:00:00,15666.08,15885.4,15512.94,15863.31
2025-12-24 02:00:00,15861.72,15866.17,15682.18,15712.98
2025-12-24 03:00:00,15713.2,15746.34,15466.44,15470.15
2025-12-24 04:00:00,15471.29,15669.93,15355.68,15373.6
2025-12-24 05:00:00,15375.94,15401.76,15198.31,15326.41
2025-12-24 06:00:00,15326.86,15327.72,14915.09,14931.56
2025-12-24 07:00:00,14932.7,15035.38,14871.42,14944.6
2025-12-24 08:00:00,14944.28,14994.18,14690.06,14757.71
2025-12-24 09:00:00,14759.73,14760.6,14454.15,14577.67
2025-12-24 10:00:00,14578.14,14624.88,14365.3,14436.44
2025-12-24 11:00:00,14436.16,14494.92,14214.03,14218.41
2025-12-24 12:00:00,14220.2,14452.53,14212.83,14436.58
2025-12-24 13:00:00,14437.06,14696.12,14407.81,14591.71
2025-12-24 14:00:00,14594.51,14676.92,14394.89,14486.71
2025-12-24 15:00:00,14486.69,14682.75,14424.67,14664.01
2025-12-24 16:00:00,14663.02,14677.33,14409.4,14424.1
2025-12-24 17:00:00,14423.15,14473.6,14201.52,14257.4
2025-12-24 18:00:00,14255.87,14279.45,14099.13,14117.73
2025-12-24 19:00:00,14118.15,14157.01,13903.68,13904.8
2025-12-24 20:00:00,13903.17,13967.53,13819.68,13833.85
2025-12-24 21:00:00,13834.52,13882.63,13687.5,13878.72
2025-12-24 22:00:00,13879.27,13929.15,13761.49,13783.58
2025-12-24 23:00:00,13782.31,13826.25,13683.67,13812.18
2025-12-25 00:00:00,13811.98,13906.36,13731.99,13863.12
2025-12-25 01:00:00,13863.35,13932.8,13722.76,13745.36
2025-12-25 02:00:00,13748.62,13872.21,13630.58,13834.0
2025-12-25 03:00:00,13835.28,14042.87,13807.63,13899.78
2025-12-25 04:00:00,13896.63,13975.25,13789.15,13836.69
2025-12-25 05:00:00,13836.08,13884.61,13626.86,13643.2
2025-12-25 06:00:00,13642.7,13699.99,13564.44,13641.13
2025-12-25 07:00:00,13640.62,13723.52,13601.84,13687.19
2025-12-25 08:00:00,13685.44,13826.66,13630.96,13630.96
2025-12-25 09:00:00,13632.74,13784.25,13564.47,13590.0
2025-12-25 10:00:00,13588.22,13755.2,13584.59,13672.35
2025-12-25 11:00:00,13671.35,13709.32,13468.56,13471.83
2025-12-25 12:00:00,13472.48,13591.38,13225.35,13281.64
2025-12-25 13:00:00,13283.39,13336.69,13220.14,13319.78
2025-12-25 14:00:00,13318.0,13328.38,13115.39,13177.25
2025-12-25 15:00:00,13176.49,13298.98,13139.83,13242.63
2025-12-25 16:00:00,13242.82,13244.63,13000.22,13014.71
2025-12-25 17:00:00,13015.19,13042.85,12766.65,12846.87
2025-12-25 18:00:00,12845.37,12879.45,12695.39,12725.07
2025-12-25 19:00:00,12721.76,12751.54,12553.38,12735.55
2025-12-25 20:00:00,12736.94,12987.29,12714.83,12935.11
2025-12-25 21:00:00,12938.09,13150.49,12906.43,13096.28
2025-12-25 22:00:00,13092.35,13134.36,13029.52,13097.59
2025-12-25 23:00:00,13097.62,13118.73,12970.9,12994.66
2025-12-26 00:00:00,12994.24,13115.58,12913.52,12915.95
2025-12-26 01:00:00,12915.73,12949.17,12836.57,12914.34
2025-12-26 02:00:00,12915.72,12930.15,12748.89,12805.19
2025-12-26 03:00:00,12803.4,12935.31,12726.74,12884.99
2025-12-26 04:00:00,12880.7,12959.77,12819.18,12937.77
2025-12-26 05:00:00,12936.06,12966.33,12693.65,12715.45
2025-12-26 06:00:00,12717.61,12896.61,12705.59,12861.55
2025-12-26 07:00:00,12862.35,12872.21,12690.64,12744.6
2025-12-26 08:00:00,12742.36,12829.45,12692.92,12816.98
2025-12-26 09:00:00,12816.77,12844.3,12697.88,12763.72
2025-12-26 10:00:00,12763.58,12802.61,12569.36,12797.37
2025-12-26 11:00:00,12798.94,12826.31,12661.42,12687.55
2025-12-26 12:00:00,12687.89,12705.78,12536.6,12701.66
2025-12-26 13:00:00,12701.06,12787.99,12633.26,12785.7
2025-12-26 14:00:00,12786.52,12889.08,12740.3,12879.37
2025-12-26 15:00:00,12879.42,12914.3,12590.15,12675.64
2025-12-26 16:00:00,12677.29,12736.39,12516.51,12717.33
2025-12-26 17:00:00,12718.65,12950.62,12708.95,12876.76
2025-12-26 18:00:00,12877.02,13089.2,12844.12,13023.85
2025-12-26 19:00:00,13023.71,13163.96,12991.29,13044.12
2025-12-26 20:00:00,13044.32,13214.5,12989.27,13210.64
2025-12-26 21:00:00,13208.39,13403.41,13206.83,13381.68
2025-12-26 22:00:00,13380.69,13477.13,13293.97,13363.33
2025-12-26 23:00:00,13368.04,13524.3,13310.37,13502.75
2025-12-27 00:00:00,13505.72,13587.46,13372.15,13385.24
2025-12-27 01:00:00,13385.05,13495.69,13366.4,13449.07
2025-12-27 02:00:00,13449.85,13486.48,13289.03,13300.72
2025-12-27 03:00:00,13294.26,13304.43,13040.81,13167.98
2025-12-27 04:00:00,13168.66,13322.67,13078.29,13132.56
2025-12-27 05:00:00,13130.52,13173.79,13000.06,13087.85
2025-12-27 06:00:00,13089.6,13136.5,12973.15,13069.24
2025-12-27 07:00:00,13070.18,13176.64,12994.62,13176.51
2025-12-27 08:00:00,13176.16,13176.43,12972.68,13013.88
2025-12-27 09:00:00,13014.03,13057.72,12893.2,12899.05
2025-12-27 10:00:00,12900.01,12982.53,12809.0,12980.21
2025-12-27 11:00:00,12982.65,13060.74,12863.73,13042.79
2025-12-27 12:00:00,13042.11,13173.74,13027.77,13040.26
2025-12-27 13:00:00,13039.01,13153.47,12953.37,13025.22
2025-12-27 14:00:00,13026.07,13154.0,12969.01,13028.16
2025-12-27 15:00:00,13028.94,13232.63,12970.22,13185.52
2025-12-27 16:00:00,13188.23,13335.43,13168.78,13262.92
2025-12-27 17:00:00,13262.1,13429.03,13236.31,13393.32
2025-12-27 18:00:00,13390.65,13397.63,13201.74,13238.83
2025-12-27 19:00:00,13240.54,13332.52,13202.36,13267.18
2025-12-27 20:00:00,13265.62,13305.99,13155.72,13195.24
2025-12-27 21:00:00,13194.44,13203.43,12892.51,12912.98
2025-12-27 22:00:00,12913.64,12950.85,12809.57,12937.51
2025-12-27 23:00:00,12937.51,12968.66,12803.85,12967.09
2025-12-28 00:00:00,12968.3,13209.83,12929.02,13170.44
2025-12-28 01:00:00,13170.86,13205.86,13028.42,13044.16
2025-12-28 02:00:00,13043.88,13161.88,12979.5,13007.39
2025-12-28 03:00:00,13009.38,13126.53,12979.63,13101.93
2025-12-28 04:00:00,13098.88,13127.8,12869.91,12944.74
2025-12-28 05:00:00,12944.56,13078.33,12827.63,13040.53
2025-12-28 06:00:00,13042.79,13436.53,13035.86,13358.57
2025-12-28 07:00:00,13358.09,13441.08,13336.75,13340.01
2025-12-28 08:00:00,13341.74,13474.73,13341.74,13372.42
2025-12-28 09:00:00,13374.21,13477.92,13291.21,13298.13
2025-12-28 10:00:00,13298.27,13303.12,13085.7,13101.05
2025-12-28 11:00:00,13097.04,13275.07,13063.72,13259.97
2025-12-28 12:00:00,13257.29,13263.06,12897.42,12952.11
2025-12-28 13:00:00,12950.38,12977.41,12841.85,12944.58
2025-12-28 14:00:00,12945.73,13053.47,12859.85,13004.14
2025-12-28 15:00:00,13000.5,13191.45,12966.81,13066.81
2025-12-28 16:00:00,13066.38,13170.78,12969.46,13163.02
2025-12-28 17:00:00,13160.37,13236.0,13106.5,13162.63
2025-12-28 18:00:00,13163.05,13414.91,13134.8,13381.51
2025-12-28 19:00:00,13381.0,13549.63,13251.83,13540.07
2025-12-28 20:00:00,13538.69,13803.43,13527.68,13795.99
2025-12-28 21:00:00,13794.6,14044.42,13786.64,13992.02
2025-12-28 22:00:00,13992.24,14016.63,13785.73,13795.09
2025-12-28 23:00:00,13798.49,13904.33,13768.76,13864.87
2025-12-29 00:00:00,13865.25,14132.86,13844.78,14114.91
2025-12-29 01:00:00,14116.02,14234.28,13979.82,14055.04
2025-12-29 02:00:00,14055.95,14399.28,14024.82,14390.34
2025-12-29 03:00:00,14390.14,14469.29,14327.49,14336.94
2025-12-29 04:00:00,14340.32,14496.97,14301.69,14392.0
2025-12-29 05:00:00,14395.83,14688.38,14377.96,14583.39
2025-12-29 06:00:00,14583.43,14675.84,14540.51,14629.75
2025-12-29 07:00:00,14634.03,14811.34,14619.49,14664.15
2025-12-29 08:00:00,14665.14,14789.43,14657.99,14760.44
2025-12-29 09:00:00,14760.11,14861.59,14600.49,14860.36
2025-12-29 10:00:00,14860.72,15007.16,14709.15,14762.18
2025-12-29 11:00:00,14760.8,14766.0,14551.29,14715.96
2025-12-29 12:00:00,14715.87,14886.53,14662.51,14822.87
2025-12-29 13:00:00,14824.6,14857.91,14680.5,14823.58
2025-12-29 14:00:00,14825.68,14976.87,14741.14,14965.07
2025-12-29 15:00:00,14964.84,14981.74,14850.16,14911.5
2025-12-29 16:00:00,14911.05,15172.89,14867.26,15113.25
2025-12-29 17:00:00,15113.49,15459.81,15067.7,15420.38
2025-12-29 18:00:00,15421.84,15546.8,15213.28,15293.37
2025-12-29 19:00:00,15297.11,15334.82,15132.29,15324.17
2025-12-29 20:00:00,15322.97,15584.49,15307.51,15580.69
2025-12-29 21:00:00,15580.92,15825.37,15499.42,15822.61
2025-12-29 22:00:00,15824.96,16071.64,15808.58,16066.24
2025-12-29 23:00:00,16066.45,16082.25,15848.35,16008.62
2025-12-30 00:00:00,16013.59,16160.12,15918.28,15920.51
2025-12-30 01:00:00,15923.84,16130.44,15904.39,16043.43
2025-12-30 02:00:00,16046.68,16216.41,16008.49,16162.64
2025-12-30 03:00:00,16162.87,16241.4,16063.06,16168.77
2025-12-30 04:00:00,16169.87,16238.64,15942.22,16069.87
2025-12-30 05:00:00,16069.01,16164.57,15922.31,16129.12
2025-12-30 06:00:00,16129.9,16182.88,15978.25,16079.68
2025-12-30 07:00:00,16077.42,16261.39,15990.47,16247.61
2025-12-30 08:00:00,16248.92,16342.16,16132.46,16313.72
2025-12-30 09:00:00,16312.0,16319.29,16051.89,16055.67
2025-12-30 10:00:00,16054.63,16097.44,15928.9,16042.94
2025-12-30 11:00:00,16043.2,16086.8,15904.51,15936.77
2025-12-30 12:00:00,15939.39,16066.02,15831.46,15848.44
2025-12-30 13:00:00,15848.65,15990.99,15831.84,15932.59
2025-12-30 14:00:00,15931.85,16057.55,15815.28,16021.81
2025-12-30 15:00:00,16023.51,16206.62,16002.63,16190.24
2025-12-30 16:00:00,16191.44,16221.72,15968.86,16034.33
2025-12-30 17:00:00,16035.31,16160.16,16032.01,16137.18
2025-12-30 18:00:00,16134.97,16312.13,16089.63,16298.82
2025-12-30 19:00:00,16296.15,16309.93,16021.53,16171.73
2025-12-30 20:00:00,16170.82,16497.34,16159.47,16429.09
2025-12-30 21:00:00,16430.37,16563.24,16364.1,16457.76
2025-12-30 22:00:00,16455.18,16614.17,16386.91,16601.82
2025-12-30 23:00:00,16598.41,16731.43,16545.6,16653.94
2025-12-31 00:00:00,16659.8,16895.83,16620.84,16759.99
2025-12-31 01:00:00,16762.61,16803.11,16688.85,16747.47
2025-12-31 02:00:00,16748.81,17049.08,16718.82,17020.51
2025-12-31 03:00:00,17020.5,17087.36,16707.99,16741.43
2025-12-31 04:00:00,16744.8,17216.73,16585.96,17202.29
2025-12-31 05:00:00,17201.73,17479.53,17144.86,17407.08
2025-12-31 06:00:00,17408.24,17606.18,17335.84,17346.25
2025-12-31 07:00:00,17344.08,17347.45,17104.74,17317.0
2025-12-31 08:00:00,17314.02,17470.19,17214.94,17324.24
2025-12-31 09:00:00,17324.15,17437.18,17278.94,17345.51
2025-12-31 10:00:00,17341.99,17457.44,17224.79,17416.11
2025-12-31 11:00:00,17416.71,17669.37,17416.71,17588.78
2025-12-31 12:00:00,17594.29,17621.29,17390.0,17398.68
2025-12-31 13:00:00,17396.8,17509.06,17328.74,17387.23
2025-12-31 14:00:00,17388.54,17428.69,17208.59,17410.18
2025-12-31 15:00:00,17412.13,17625.05,17269.73,17577.84
2025-12-31 16:00:00,17578.85,17634.15,17308.28,17343.13
2025-12-31 17:00:00,17342.86,17583.1,17316.92,17497.49
2025-12-31 18:00:00,17497.05,17665.97,17433.62,17658.17
2025-12-31 19:00:00,17659.2,17691.48,17371.26,17395.04
2025-12-31 20:00:00,17394.38,17402.57,17201.07,17206.84
2025-12-31 21:00:00,17203.48,17369.97,17121.4,17239.91
2025-12-31 22:00:00,17241.62,17259.93,17056.88,17142.19
2025-12-31 23:00:00,17143.75,17198.36,16973.6,17054.81
2026-01-01 00:00:00,17053.55,17226.22,16843.09,16847.82
2026-01-01 01:00:00,16846.25,16971.43,16643.9,16660.17
2026-01-01 02:00:00,16659.41,16869.53,16626.3,16862.35
2026-01-01 03:00:00,16864.05,17121.29,16822.2,17037.67
2026-01-01 04:00:00,17039.66,17133.96,16944.53,17058.8
2026-01-01 05:00:00,17061.85,17085.14,16707.97,16750.02
2026-01-01 06:00:00,16750.51,16811.24,16626.85,16791.37
2026-01-01 07:00:00,16794.86,16833.85,16625.17,16782.56
2026-01-01 08:00:00,16778.13,16959.34,16693.12,16909.23
2026-01-01 09:00:00,16910.53,16916.06,16690.8,16815.81
2026-01-01 10:00:00,16818.91,16836.72,16313.45,16354.07
2026-01-01 11:00:00,16355.14,16379.2,16072.38,16102.72
2026-01-01 12:00:00,16096.66,16127.01,15933.49,16093.86
2026-01-01 13:00:00,16093.18,16186.47,16004.51,16141.94
2026-01-01 14:00:00,16137.49,16366.24,16127.85,16340.79
2026-01-01 15:00:00,16344.86,16354.44,16187.36,16231.59
2026-01-01 16:00:00,16228.79,16679.56,16228.79,16672.11
2026-01-01 17:00:00,16671.54,16956.36,16663.57,16929.58
2026-01-01 18:00:00,16933.85,17060.81,16808.76,17054.01
2026-01-01 19:00:00,17054.84,17211.5,17021.48,17173.9
2026-01-01 20:00:00,17173.05,17272.3,16975.61,17253.23
2026-01-01 21:00:00,17255.23,17283.13,16943.19,16964.26
2026-01-01 22:00:00,16964.61,17040.09,16821.8,16821.85
2026-01-01 23:00:00,16823.32,16840.43,16597.86,16756.33
2026-01-02 00:00:00,16758.34,16858.6,16661.44,16845.63
2026-01-02 01:00:00,16844.92,16873.6,16651.88,16859.65
2026-01-02 02:00:00,16860.76,17098.36,16737.19,17091.3
2026-01-02 03:00:00,17088.58,17088.66,16721.04,16727.64
2026-01-02 04:00:00,16730.04,16842.16,16655.11,16814.99
2026-01-02 05:00:00,16817.43,16980.09,16788.48,16833.2
2026-01-02 06:00:00,16835.14,17135.64,16828.27,17106.15
2026-01-02 07:00:00,17110.51,17333.8,17027.32,17129.29
2026-01-02 08:00:00,17127.66,17453.58,17107.36,17388.31
2026-01-02 09:00:00,17384.42,17446.88,17186.63,17289.64
2026-01-02 10:00:00,17288.8,17493.79,17260.9,17436.99
2026-01-02 11:00:00,17437.62,17543.24,17347.96,17501.62
2026-01-02 12:00:00,17501.55,17739.04,17497.56,17713.01
2026-01-02 13:00:00,17714.64,18027.99,17647.24,18013.46
2026-01-02 14:00:00,18013.9,18488.56,18010.63,18476.3
2026-01-02 15:00:00,18475.41,18620.88,18262.36,18458.88
2026-01-02 16:00:00,18456.88,18637.85,18265.36,18634.65
2026-01-02 17:00:00,18632.64,18708.91,18441.67,18568.66
2026-01-02 18:00:00,18565.47,18692.53,18505.29,18583.68
2026-01-02 19:00:00,18583.65,18674.06,18437.26,18573.96
2026-01-02 20:00:00,18577.38,18607.33,18374.44,18383.24
2026-01-02 21:00:00,18387.98,18462.23,18253.26,18418.96
2026-01-02 22:00:00,18418.63,18504.24,18343.19,18482.26
2026-01-02 23:00:00,18484.54,18504.92,18028.05,18149.42
2026-01-03 00:00:00,18145.28,18277.99,18041.3,18049.44
2026-01-03 01:00:00,18044.78,18211.6,17947.5,18211.44
2026-01-03 02:00:00,18217.45,18238.49,18072.72,18155.44
2026-01-03 03:00:00,18157.9,18367.19,18064.58,18077.99
2026-01-03 04:00:00,18080.64,18169.11,17955.01,18067.08
2026-01-03 05:00:00,18068.08,18208.92,18035.89,18156.3
2026-01-03 06:00:00,18153.98,18225.26,18088.55,18110.71
2026-01-03 07:00:00,18109.67,18220.98,17955.01,18070.57
2026-01-03 08:00:00,18069.84,18093.36,17932.1,18030.61
2026-01-03 09:00:00,18029.18,18053.5,17749.29,18004.62
2026-01-03 10:00:00,18005.5,18098.06,17787.88,17850.87
2026-01-03 11:00:00,17851.0,17900.03,17598.42,17685.97
2026-01-03 12:00:00,17687.94,17852.05,17673.5,17697.08
2026-01-03 13:00:00,17691.65,18006.75,17638.63,17900.64
2026-01-03 14:00:00,17900.32,17912.92,17736.49,17909.69
2026-01-03 15:00:00,17910.07,18123.83,17832.13,17832.98
2026-01-03 16:00:00,17834.01,17907.66,17676.79,17806.74
2026-01-03 17:00:00,17805.79,17859.07,17599.2,17735.84
2026-01-03 18:00:00,17735.7,18025.46,17695.15,17740.64
2026-01-03 19:00:00,17742.04,18089.4,17705.68,17909.73
2026-01-03 20:00:00,17909.52,18026.21,17831.06,17928.04
2026-01-03 21:00:00,17926.2,17930.2,17582.86,17631.36
2026-01-03 22:00:00,17632.2,17758.9,17583.29,17626.09
2026-01-03 23:00:00,17625.91,17691.13,17398.94,17509.36
2026-01-04 00:00:00,17510.08,17510.57,17268.15,17299.67
2026-01-04 01:00:00,17303.43,17330.37,17158.59,17188.41
2026-01-04 02:00:00,17187.43,17348.77,17178.76,17235.11
2026-01-04 03:00:00,17234.08,17555.65,17138.12,17500.77
2026-01-04 04:00:00,17499.1,17576.32,17400.99,17560.08
2026-01-04 05:00:00,17561.46,17923.99,17505.59,17701.31
2026-01-04 06:00:00,17702.52,18013.06,17675.48,17926.22
2026-01-04 07:00:00,17926.45,18125.43,17855.29,18082.93
2026-01-04 08:00:00,18083.28,18192.26,17898.71,18167.42
2026-01-04 09:00:00,18167.11,18265.32,18079.13,18178.43
2026-01-04 10:00:00,18177.67,18209.13,17927.68,17939.08
2026-01-04 11:00:00,17939.03,17945.93,17803.09,17934.9
2026-01-04 12:00:00,17933.24,18115.36,17774.58,17857.18
2026-01-04 13:00:00,17860.34,18212.32,17857.63,18131.47
2026-01-04 14:00:00,18129.48,18164.88,17787.41,17894.43
2026-01-04 15:00:00,17892.33,18136.2,17872.32,17970.11
2026-01-04 16:00:00,17971.75,18148.99,17776.37,17900.17
2026-01-04 17:00:00,17899.91,18234.26,17862.55,18190.97
2026-01-04 18:00:00,18191.33,18382.16,18176.76,18315.03
2026-01-04 19:00:00,18318.1,18445.52,18114.96,18355.49
2026-01-04 20:00:00,18354.31,18626.47,18273.9,18609.1
2026-01-04 21:00:00,18610.19,18770.84,18559.25,18671.24
2026-01-04 22:00:00,18669.36,18680.26,18156.71,18162.66
2026-01-04 23:00:00,18165.58,18325.37,17983.82,18293.39
2026-01-05 00:00:00,18296.16,18309.65,18066.59,18130.44
2026-01-05 01:00:00,18131.16,18330.19,18043.59,18179.85
2026-01-05 02:00:00,18180.32,18389.18,18170.22,18315.94
2026-01-05 03:00:00,18313.57,18447.02,18221.49,18353.54
2026-01-05 04:00:00,18354.58,18628.97,18354.58,18590.58
2026-01-05 05:00:00,18589.93,18798.32,18508.36,18512.79
2026-01-05 06:00:00,18511.78,18572.55,18337.14,18361.73
2026-01-05 07:00:00,18360.86,18571.49,18267.87,18555.85
2026-01-05 08:00:00,18553.01,18741.11,18480.22,18587.19
2026-01-05 09:00:00,18583.99,18661.05,18328.25,18386.7
2026-01-05 10:00:00,18390.15,18532.69,18380.18,18483.48
2026-01-05 11:00:00,18484.96,18491.07,18246.54,18268.92
2026-01-05 12:00:00,18272.73,18302.31,17978.58,18223.32
2026-01-05 13:00:00,18220.2,18293.0,17982.03,17988.83
2026-01-05 14:00:00,17987.8,18262.32,17984.2,18216.19
2026-01-05 15:00:00,18216.15,18384.2,18159.71,18253.64
2026-01-05 16:00:00,18257.87,18317.17,17968.33,18282.29
2026-01-05 17:00:00,18286.11,18370.86,18110.7,18142.31
2026-01-05 18:00:00,18141.03,18457.14,18138.35,18348.69
2026-01-05 19:00:00,18348.47,18551.06,18335.55,18455.3
2026-01-05 20:00:00,18456.2,18765.24,18403.88,18698.34
2026-01-05 21:00:00,18699.86,18829.02,18661.64,18761.16
2026-01-05 22:00:00,18760.18,18921.08,18723.82,18784.75
2026-01-05 23:00:00,18786.76,18801.59,18656.04,18738.86
2026-01-06 00:00:00,18738.96,19236.92,18702.65,19201.13
2026-01-06 01:00:00,19200.66,19281.85,18861.37,18911.33
2026-01-06 02:00:00,18914.67,18928.57,18724.05,18744.02
2026-01-06 03:00:00,18740.86,18885.46,18576.96,18879.81
2026-01-06 04:00:00,18875.53,18976.71,18305.36,18321.47
2026-01-06 05:00:00,18319.53,18520.12,18288.97,18518.58
2026-01-06 06:00:00,18516.39,18521.04,18337.96,18385.41
2026-01-06 07:00:00,18387.67,18721.62,18387.67,18684.41
2026-01-06 08:00:00,18683.81,18757.22,18399.42,18412.25
2026-01-06 09:00:00,18411.33,18535.46,18341.43,18468.72
2026-01-06 10:00:00,18472.46,18751.12,18449.57,18520.48
2026-01-06 11:00:00,18521.89,18588.16,18429.29,18473.68
2026-01-06 12:00:00,18473.4,18615.55,18419.15,18560.88
2026-01-06 13:00:00,18559.06,18693.93,18475.45,18654.68
2026-01-06 14:00:00,18659.44,18882.18,18524.6,18799.89
2026-01-06 15:00:00,18800.01,19002.9,18761.16,18932.03
2026-01-06 16:00:00,18932.78,19369.19,18909.78,19143.07
2026-01-06 17:00:00,19142.57,19149.26,18781.14,19002.28
2026-01-06 18:00:00,19004.8,19040.67,18859.35,18949.17
2026-01-06 19:00:00,18948.77,19123.05,18793.09,19101.42
2026-01-06 20:00:00,19099.53,19223.28,18880.71,19160.77
2026-01-06 21:00:00,19162.12,19507.49,19095.51,19483.48
2026-01-06 22:00:00,19488.33,19568.05,19364.75,19366.32
2026-01-06 23:00:00,19368.58,19907.25,19293.96,19865.48
2026-01-07 00:00:00,19862.24,19999.52,19751.14,19966.89
2026-01-07 01:00:00,19969.72,20036.28,19801.86,19937.96
2026-01-07 02:00:00,19940.16,20207.89,19852.77,19979.55
2026-01-07 03:00:00,19979.22,20380.27,19977.77,20365.77
2026-01-07 04:00:00,20368.22,20581.85,20167.63,20187.52
2026-01-07 05:00:00,20181.22,20435.88,20179.13,20236.53
2026-01-07 06:00:00,20235.55,20600.83,20208.88,20463.25
2026-01-07 07:00:00,20463.71,20560.58,20144.12,20244.56
2026-01-07 08:00:00,20244.13,20318.55,20146.77,20272.47
2026-01-07 09:00:00,20266.3,20327.18,20172.98,20224.76
2026-01-07 10:00:00,20225.21,20253.63,20002.6,20215.2
2026-01-07 11:00:00,20214.99,20330.84,20099.62,20119.4
2026-01-07 12:00:00,20121.27,20334.58,20003.57,20209.72
2026-01-07 13:00:00,20208.1,20505.67,20110.28,20483.23
2026-01-07 14:00:00,20483.71,20551.66,20295.16,20473.7
2026-01-07 15:00:00,20471.66,20631.0,20432.37,20511.7
2026-01-07 16:00:00,20512.26,20638.86,20451.93,20622.12
2026-01-07 17:00:00,20622.41,20698.55,20393.78,20621.59
2026-01-07 18:00:00,20617.26,20697.54,20465.0,20633.92
2026-01-07 19:00:00,20629.58,21081.28,20618.64,21063.84
2026-01-07 20:00:00,21069.2,21202.67,20950.7,21042.09
2026-01-07 21:00:00,21043.31,21467.85,21037.95,21438.59
2026-01-07 22:00:00,21442.09,21923.07,21400.84,21885.19
2026-01-07 23:00:00,21890.45,21896.7,21216.52,21288.46
2026-01-08 00:00:00,21288.99,21479.6,21040.29,21050.95
2026-01-08 01:00:00,21051.4,21128.92,20840.0,20902.86
2026-01-08 02:00:00,20901.16,20975.34,20552.85,20669.53
2026-01-08 03:00:00,20662.21,20682.86,20289.32,20308.7
2026-01-08 04:00:00,20310.07,20466.07,20207.28,20399.46
2026-01-08 05:00:00,20393.99,20405.6,20167.93,20239.16
2026-01-08 06:00:00,20242.24,20435.07,20115.22,20133.67
2026-01-08 07:00:00,20131.34,20366.32,20104.26,20190.66
2026-01-08 08:00:00,20192.1,20310.07,20163.78,20294.55
2026-01-08 09:00:00,20294.66,20373.63,20145.73,20274.37
2026-01-08 10:00:00,20273.0,20375.34,20196.15,20298.46
2026-01-08 11:00:00,20294.73,20584.78,20282.9,20544.72
2026-01-08 12:00:00,20549.04,21062.1,20438.76,21045.54
2026-01-08 13:00:00,21042.86,21062.85,20741.28,20755.34
2026-01-08 14:00:00,20755.76,20788.96,20466.42,20480.04
2026-01-08 15:00:00,20483.62,20670.24,20345.32,20670.24
2026-01-08 16:00:00,20669.91,21016.61,20610.75,20687.55
2026-01-08 17:00:00,20684.02,20865.87,20602.28,20854.86
2026-01-08 18:00:00,20860.04,20882.17,20299.91,20602.46
2026-01-08 19:00:00,20601.09,20637.42,20209.04,20307.99
2026-01-08 20:00:00,20307.58,20376.49,20152.57,20280.19
2026-01-08 21:00:00,20281.94,20291.58,20100.22,20179.55
2026-01-08 22:00:00,20178.94,20386.92,20052.27,20081.81
2026-01-08 23:00:00,20080.33,20088.71,19869.12,19890.83
2026-01-09 00:00:00,19888.61,19950.17,19822.83,19847.61
2026-01-09 01:00:00,19846.09,19864.88,19667.89,19735.22
2026-01-09 02:00:00,19733.32,20020.57,19721.74,19812.95
2026-01-09 03:00:00,19809.34,19980.71,19667.89,19974.59
2026-01-09 04:00:00,19978.82,20010.88,19797.3,19893.84
2026-01-09 05:00:00,19895.21,20182.48,19872.85,20162.24
2026-01-09 06:00:00,20160.55,20374.84,20034.17,20371.29
2026-01-09 07:00:00,20371.65,20462.32,20066.36,20077.97
2026-01-09 08:00:00,20077.87,20134.65,19700.49,19734.9
2026-01-09 09:00:00,19737.68,20024.42,19680.61,19975.22
2026-01-09 10:00:00,19969.98,20001.14,19640.23,19646.21
2026-01-09 11:00:00,19644.66,19910.05,19603.25,19742.2
2026-01-09 12:00:00,19738.55,20148.12,19674.67,20099.83
2026-01-09 13:00:00,20101.52,20114.2,19697.93,19792.61
2026-01-09 14:00:00,19796.0,19831.25,19532.05,19722.8
2026-01-09 15:00:00,19723.23,19781.65,19501.75,19514.84
2026-01-09 16:00:00,19514.01,19582.71,19284.47,19421.87
2026-01-09 17:00:00,19421.63,19442.19,19043.93,19113.81
2026-01-09 18:00:00,19114.86,19316.11,19076.73,19299.33
2026-01-09 19:00:00,19298.69,19649.98,19175.79,19640.39
2026-01-09 20:00:00,19641.13,19995.81,19532.41,19967.75
2026-01-09 21:00:00,19968.31,20137.38,19866.02,20118.98
2026-01-09 22:00:00,20116.0,20297.35,20053.27,20161.29
2026-01-09 23:00:00,20160.83,20500.49,20145.02,20395.56
2026-01-10 00:00:00,20400.32,20501.13,19909.47,20090.46
2026-01-10 01:00:00,20087.15,20128.81,19908.3,20112.53
2026-01-10 02:00:00,20108.99,20152.95,19777.16,19938.75
2026-01-10 03:00:00,19939.61,20013.39,19765.17,19817.58
2026-01-10 04:00:00,19818.11,20096.77,19811.3,19909.41
2026-01-10 05:00:00,19905.37,20164.49,19896.52,20034.42
2026-01-10 06:00:00,20033.46,20203.03,19954.46,20185.21
2026-01-10 07:00:00,20188.48,20200.69,19976.95,19992.62
2026-01-10 08:00:00,19992.68,20153.94,19974.24,20153.89
2026-01-10 09:00:00,20153.82,20359.28,20100.0,20358.5
2026-01-10 10:00:00,20357.16,20590.44,20235.85,20242.58
2026-01-10 11:00:00,20245.51,20353.41,20127.75,20312.59
2026-01-10 12:00:00,20318.53,20572.41,20318.53,20519.99
2026-01-10 13:00:00,20518.96,20596.66,20379.59,20387.03
2026-01-10 14:00:00,20387.47,20465.33,20251.56,20268.97
2026-01-10 15:00:00,20267.1,20490.94,20175.74,20488.92
2026-01-10 16:00:00,20484.5,20864.71,20480.14,20806.92
2026-01-10 17:00:00,20810.15,21035.52,20803.81,20906.75
2026-01-10 18:00:00,20906.45,20930.52,20616.33,20791.79
2026-01-10 19:00:00,20794.79,20819.16,20459.18,20563.12
2026-01-10 20:00:00,20562.17,21158.45,20496.2,21055.56
2026-01-10 21:00:00,21054.99,21083.86,20866.27,21054.62
2026-01-10 22:00:00,21054.64,21478.41,21010.53,21387.96
2026-01-10 23:00:00,21384.72,21422.63,21243.3,21397.53
2026-01-11 00:00:00,21405.1,21588.83,21335.79,21497.66
2026-01-11 01:00:00,21493.52,21635.87,21371.15,21490.78
2026-01-11 02:00:00,21489.76,21752.69,21423.57,21712.88
2026-01-11 03:00:00,21713.2,21721.67,21307.15,21510.1
2026-01-11 04:00:00,21508.16,21539.47,20825.83,20873.35
2026-01-11 05:00:00,20876.4,21026.09,20745.86,20821.85
2026-01-11 06:00:00,20828.27,21051.01,20821.02,20980.94
2026-01-11 07:00:00,20979.52,21296.8,20949.42,21051.73
2026-01-11 08:00:00,21052.26,21312.4,21040.91,21090.66
2026-01-11 09:00:00,21086.57,21293.76,21027.01,21077.84
2026-01-11 10:00:00,21078.22,21523.45,21012.99,21381.62
2026-01-11 11:00:00,21380.3,21481.12,21334.21,21399.46
2026-01-11 12:00:00,21400.38,21567.42,21265.22,21560.7
2026-01-11 13:00:00,21558.26,21915.7,21521.24,21878.72
2026-01-11 14:00:00,21881.55,22055.71,21731.28,21793.88
2026-01-11 15:00:00,21800.87,21835.65,21508.13,21810.38
2026-01-11 16:00:00,21809.2,22073.47,21740.36,22073.47
2026-01-11 17:00:00,22074.87,22142.12,21862.12,22135.12
2026-01-11 18:00:00,22135.82,22545.74,22061.3,22538.96
2026-01-11 19:00:00,22540.82,23028.38,22540.82,22934.64
2026-01-11 20:00:00,22937.79,23179.95,22895.59,23162.4
2026-01-11 21:00:00,23160.99,23192.45,22919.29,23000.74
2026-01-11 22:00:00,23003.59,23012.55,22710.45,22801.99
2026-01-11 23:00:00,22799.27,22948.6,22750.5,22843.2
2026-01-12 00:00:00,22845.33,22871.68,22454.91,22611.21
2026-01-12 01:00:00,22609.07,22754.08,22111.07,22138.99
2026-01-12 02:00:00,22141.01,22148.76,21875.64,21998.7
2026-01-12 03:00:00,21995.99,22106.42,21842.14,21921.72
2026-01-12 04:00:00,21919.9,21971.43,21472.39,21492.1
2026-01-12 05:00:00,21494.07,21843.99,21482.64,21728.56
2026-01-12 06:00:00,21729.18,21832.68,21655.86,21733.45
2026-01-12 07:00:00,21730.33,21737.31,21387.53,21469.64
2026-01-12 08:00:00,21465.5,21544.79,21312.45,21312.45
2026-01-12 09:00:00,21312.88,21578.07,21217.91,21518.62
2026-01-12 10:00:00,21519.91,21545.13,21160.86,21328.34
2026-01-12 11:00:00,21330.36,21702.83,21266.07,21587.0
2026-01-12 12:00:00,21588.21,21626.78,21139.22,21284.54
2026-01-12 13:00:00,21278.77,21392.44,21181.35,21301.78
2026-01-12 14:00:00,21305.36,21418.53,21070.15,21232.83
2026-01-12 15:00:00,21233.53,21364.05,21181.63,21290.75
2026-01-12 16:00:00,21287.23,21516.06,21269.56,21500.15
2026-01-12 17:00:00,21498.17,21598.57,21132.77,21227.14
2026-01-12 18:00:00,21230.89,21442.42,21157.85,21251.81
2026-01-12 19:00:00,21251.73,21427.03,21217.81,21328.22
2026-01-12 20:00:00,21328.59,21718.27,21259.19,21555.05
2026-01-12 21:00:00,21552.0,21645.59,21286.72,21432.4
2026-01-12 22:00:00,21429.71,21449.7,21212.76,21313.73
2026-01-12 23:00:00,21310.17,21517.35,21274.13,21460.07
2026-01-13 00:00:00,21457.38,21557.72,21103.24,21160.56
2026-01-13 01:00:00,21163.34,21189.79,20842.46,20954.97
2026-01-13 02:00:00,20952.03,20955.48,20811.82,20861.6
2026-01-13 03:00:00,20860.93,20879.9,20657.32,20756.01
2026-01-13 04:00:00,20756.53,20896.69,20703.39,20805.61
2026-01-13 05:00:00,20808.64,20955.92,20596.12,20942.52
2026-01-13 06:00:00,20944.42,21055.17,20765.95,20805.25
2026-01-13 07:00:00,20808.88,21127.89,20798.32,21066.77
2026-01-13 08:00:00,21069.33,21212.16,21002.95,21034.71
2026-01-13 09:00:00,21030.65,21161.33,20816.07,20835.08
2026-01-13 10:00:00,20832.99,21317.68,20745.03,21257.6
2026-01-13 11:00:00,21260.71,21471.67,21240.53,21386.93
2026-01-13 12:00:00,21385.74,21555.44,21290.63,21332.23
2026-01-13 13:00:00,21333.2,21511.44,21275.16,21416.4
2026-01-13 14:00:00,21415.46,21502.3,21017.78,21133.36
2026-01-13 15:00:00,21133.05,21472.85,21015.18,21460.93
2026-01-13 16:00:00,21462.74,21724.8,21133.87,21254.93
2026-01-13 17:00:00,21253.79,21469.96,21191.44,21255.86
2026-01-13 18:00:00,21250.98,21524.24,21207.74,21442.46
2026-01-13 19:00:00,21441.48,21505.59,21212.07,21494.52
2026-01-13 20:00:00,21493.5,21588.01,21163.39,21283.07
2026-01-13 21:00:00,21281.78,21565.89,21228.79,21563.27
2026-01-13 22:00:00,21560.15,21592.96,21108.12,21148.16
2026-01-13 23:00:00,21146.53,21232.5,20763.58,20840.11
2026-01-14 00:00:00,20839.41,20857.63,20612.91,20704.37
2026-01-14 01:00:00,20704.58,20761.27,20336.43,20468.8
2026-01-14 02:00:00,20468.09,20520.62,20008.15,20063.75
2026-01-14 03:00:00,20064.21,20205.06,19666.03,19775.22
2026-01-14 04:00:00,19773.26,19783.55,19564.0,19681.37
2026-01-14 05:00:00,19682.29,19688.93,19412.54,19573.5
2026-01-14 06:00:00,19576.47,19752.0,19533.11,19533.11
2026-01-14 07:00:00,19533.2,19636.73,19251.01,19318.73
2026-01-14 08:00:00,19317.83,19397.71,18916.12,18929.2
2026-01-14 09:00:00,18931.2,19035.52,18827.29,18959.74
2026-01-14 10:00:00,18962.1,18989.27,18775.17,18901.62
2026-01-14 11:00:00,18902.15,18941.97,18770.91,18797.25
2026-01-14 12:00:00,18798.79,18921.1,18487.54,18518.11
2026-01-14 13:00:00,18519.67,18533.92,18279.57,18395.6
2026-01-14 14:00:00,18395.86,18501.66,18127.79,18281.28
2026-01-14 15:00:00,18278.43,18482.32,18153.85,18478.03
2026-01-14 16:00:00,18477.03,18513.08,18044.96,18073.0
2026-01-14 17:00:00,18072.38,18090.69,17882.27,17889.3
2026-01-14 18:00:00,17886.8,18081.67,17823.01,17824.18
2026-01-14 19:00:00,17824.56,18249.08,17762.99,18108.5
2026-01-14 20:00:00,18106.99,18357.64,18050.24,18263.99
2026-01-14 21:00:00,18264.51,18362.3,18217.04,18249.81
2026-01-14 22:00:00,18256.0,18369.64,18139.08,18195.3
2026-01-14 23:00:00,18193.13,18212.04,17885.14,18136.64
2026-01-15 00:00:00,18139.32,18194.12,17895.34,18054.92
2026-01-15 01:00:00,18054.0,18140.87,17861.29,17901.07
2026-01-15 02:00:00,17900.14,18085.69,17821.79,17900.29
2026-01-15 03:00:00,17899.2,17993.55,17717.01,17836.33
2026-01-15 04:00:00,17838.75,18067.36,17779.32,17786.73
2026-01-15 05:00:00,17787.53,17919.37,17689.0,17721.03
2026-01-15 06:00:00,17722.35,17735.44,17256.84,17301.88
2026-01-15 07:00:00,17300.76,17312.24,17052.33,17154.87
2026-01-15 08:00:00,17157.33,17301.63,17116.33,17222.92
2026-01-15 09:00:00,17220.87,17246.95,16811.37,17041.68
2026-01-15 10:00:00,17037.26,17412.26,17024.15,17236.97
2026-01-15 11:00:00,17236.02,17290.57,16789.65,16800.19
2026-01-15 12:00:00,16801.97,17037.79,16650.21,16691.0
2026-01-15 13:00:00,16691.36,16890.5,16623.23,16710.65
2026-01-15 14:00:00,16706.66,16910.3,16692.41,16858.88
2026-01-15 15:00:00,16861.52,16960.57,16726.49,16875.07
2026-01-15 16:00:00,16877.13,17000.27,16659.84,16725.94
2026-01-15 17:00:00,16726.36,16818.2,16549.84,16604.67
2026-01-15 18:00:00,16601.78,16647.05,16370.78,16590.29
2026-01-15 19:00:00,16591.3,16665.87,16289.65,16333.55
2026-01-15 20:00:00,16332.27,16354.16,16170.65,16337.02
2026-01-15 21:00:00,16336.29,16336.74,16104.72,16209.52
2026-01-15 22:00:00,16206.36,16363.01,15775.2,15782.0
2026-01-15 23:00:00,15780.93,16058.53,15756.86,16043.14
2026-01-16 00:00:00,16045.41,16241.25,15998.11,16179.44
2026-01-16 01:00:00,16180.72,16271.23,16120.34,16233.49
2026-01-16 02:00:00,16235.58,16324.31,16105.38,16292.19
2026-01-16 03:00:00,16293.72,16474.75,16143.67,16468.39
2026-01-16 04:00:00,16469.89,16679.03,16411.52,16552.46
2026-01-16 05:00:00,16552.63,16819.69,16528.13,16812.88
2026-01-16 06:00:00,16813.65,16939.1,16622.26,16931.24
2026-01-16 07:00:00,16933.04,17025.08,16789.32,16902.38
2026-01-16 08:00:00,16903.84,17084.7,16849.75,16935.8
2026-01-16 09:00:00,16939.94,17054.74,16814.72,16889.77
2026-01-16 10:00:00,16889.45,16984.06,16805.75,16940.43
2026-01-16 11:00:00,16935.49,17069.99,16816.99,17064.3
2026-01-16 12:00:00,17061.86,17091.67,16840.97,16870.05
2026-01-16 13:00:00,16868.96,16895.76,16731.56,16736.03
2026-01-16 14:00:00,16733.71,17033.09,16732.3,16946.86
2026-01-16 15:00:00,16952.0,17008.37,16779.78,16849.57
2026-01-16 16:00:00,16848.94,16960.16,16734.79,16851.01
2026-01-16 17:00:00,16850.23,16899.68,16664.89,16756.52
2026-01-16 18:00:00,16757.98,16828.02,16665.03,16822.81
2026-01-16 19:00:00,16820.62,16879.0,16684.14,16687.79
2026-01-16 20:00:00,16684.89,16774.7,16514.49,16617.16
2026-01-16 21:00:00,16616.07,16693.5,16522.56,16569.43
2026-01-16 22:00:00,16571.42,16591.53,16331.8,16343.72
2026-01-16 23:00:00,16345.32,16509.79,16232.98,16451.38
2026-01-17 00:00:00,16448.16,16542.63,16354.4,16375.22
2026-01-17 01:00:00,16374.21,16590.07,16374.21,16552.63
2026-01-17 02:00:00,16557.51,16658.94,16408.63,16435.55
2026-01-17 03:00:00,16435.74,16496.65,16311.32,16393.87
2026-01-17 04:00:00,16391.25,16498.33,16212.38,16214.25
2026-01-17 05:00:00,16216.06,16258.67,15701.5,15743.81
2026-01-17 06:00:00,15741.39,15743.11,15479.13,15640.81
2026-01-17 07:00:00,15638.97,15695.51,15410.49,15429.6
2026-01-17 08:00:00,15430.79,15471.44,15146.87,15378.05
2026-01-17 09:00:00,15374.15,15554.45,15240.49,15499.42
2026-01-17 10:00:00,15503.19,15578.03,15462.81,15483.84
2026-01-17 11:00:00,15486.15,15801.38,15444.68,15561.49
2026-01-17 12:00:00,15560.94,15560.94,15306.97,15459.57
2026-01-17 13:00:00,15463.75,15523.85,15231.29,15282.97
2026-01-17 14:00:00,15282.97,15835.28,15229.49,15821.68
2026-01-17 15:00:00,15823.77,15877.45,15606.64,15687.49
2026-01-17 16:00:00,15687.01,15817.61,15686.34,15697.04
2026-01-17 17:00:00,15694.16,15787.67,15648.48,15701.93
2026-01-17 18:00:00,15705.51,15771.47,15603.27,15709.28
2026-01-17 19:00:00,15706.67,15965.25,15659.8,15956.08
2026-01-17 20:00:00,15952.87,16054.64,15839.53,16054.64
2026-01-17 21:00:00,16054.81,16102.47,15905.23,15969.36
2026-01-17 22:00:00,15970.93,16070.73,15900.46,15970.89
2026-01-17 23:00:00,15969.03,16207.93,15948.21,16113.49
2026-01-18 00:00:00,16116.82,16169.93,15913.72,15982.76
2026-01-18 01:00:00,15983.37,16099.93,15950.09,15988.69
2026-01-18 02:00:00,15988.84,16158.15,15897.51,15925.03
2026-01-18 03:00:00,15924.45,15946.48,15745.75,15757.77
2026-01-18 04:00:00,15755.53,15765.25,15563.87,15640.18
2026-01-18 05:00:00,15639.79,15667.7,15441.15,15458.87
2026-01-18 06:00:00,15459.27,15556.34,15382.88,15391.06
2026-01-18 07:00:00,15390.12,15529.91,15364.98,15523.15
2026-01-18 08:00:00,15521.25,15650.15,15505.29,15537.28
2026-01-18 09:00:00,15542.32,15685.4,15531.5,15654.16
2026-01-18 10:00:00,15653.74,15714.94,15518.22,15654.69
2026-01-18 11:00:00,15656.49,15738.74,15610.06,15618.83
2026-01-18 12:00:00,15621.54,15665.24,15510.13,15543.77
2026-01-18 13:00:00,15549.16,15559.88,15301.93,15310.29
2026-01-18 14:00:00,15311.43,15379.16,15157.67,15230.35
2026-01-18 15:00:00,15228.03,15252.76,15153.83,15235.01
2026-01-18 16:00:00,15233.11,15419.54,15171.15,15185.66
2026-01-18 17:00:00,15185.23,15536.4,15067.87,15528.85
2026-01-18 18:00:00,15526.44,15582.67,15444.6,15478.09
2026-01-18 19:00:00,15478.77,15564.23,15384.92,15564.23
2026-01-18 20:00:00,15563.79,15580.1,15403.89,15535.17
2026-01-18 21:00:00,15534.29,15810.48,15510.62,15634.38
2026-01-18 22:00:00,15631.01,15680.37,15443.03,15464.59
2026-01-18 23:00:00,15458.35,15543.6,15413.21,15430.81
2026-01-19 00:00:00,15430.3,15616.34,15401.28,15485.2
2026-01-19 01:00:00,15482.89,15492.45,15226.46,15250.53
2026-01-19 02:00:00,15245.92,15320.42,15152.83,15306.94
2026-01-19 03:00:00,15306.74,15333.51,15220.38,15251.33
2026-01-19 04:00:00,15252.98,15452.39,15247.52,15411.78
2026-01-19 05:00:00,15410.19,15426.13,15228.43,15351.65
2026-01-19 06:00:00,15354.1,15380.4,15209.73,15225.82
2026-01-19 07:00:00,15225.55,15349.17,15211.58,15327.47
2026-01-19 08:00:00,15326.57,15422.26,15212.74,15311.32
2026-01-19 09:00:00,15307.83,15477.9,15183.97,15464.1
2026-01-19 10:00:00,15464.5,15559.3,15295.4,15351.74
2026-01-19 11:00:00,15353.93,15566.48,15353.29,15493.03
2026-01-19 12:00:00,15493.01,15548.82,15263.52,15307.55
2026-01-19 13:00:00,15307.64,15369.8,15147.7,15167.05
2026-01-19 14:00:00,15168.3,15225.62,14984.89,15011.7
2026-01-19 15:00:00,15012.56,15027.98,14740.83,14752.23
2026-01-19 16:00:00,14752.49,14756.54,14542.53,14607.99
2026-01-19 17:00:00,14610.23,14747.93,14556.8,14741.1
2026-01-19 18:00:00,14744.13,14798.91,14653.32,14795.25
2026-01-19 19:00:00,14797.86,14912.61,14683.9,14879.11
2026-01-19 20:00:00,14878.38,14879.13,14548.74,14639.5
2026-01-19 21:00:00,14636.64,14780.64,14543.53,14652.69
2026-01-19 22:00:00,14651.58,14664.95,14398.34,14421.26
2026-01-19 23:00:00,14421.76,14633.34,14413.83,14616.85
2026-01-20 00:00:00,14619.57,14736.66,14542.59,14721.32
2026-01-20 01:00:00,14722.87,14992.74,14720.98,14842.36
2026-01-20 02:00:00,14840.95,15028.87,14786.49,15028.87
2026-01-20 03:00:00,15031.88,15174.63,15003.17,15131.04
2026-01-20 04:00:00,15129.89,15178.93,14859.11,14914.64
2026-01-20 05:00:00,14913.12,15165.9,14882.75,15051.72
2026-01-20 06:00:00,15050.5,15340.2,15048.66,15294.82
2026-01-20 07:00:00,15292.18,15438.65,15243.87,15394.63
2026-01-20 08:00:00,15390.97,15418.83,15187.64,15276.64
2026-01-20 09:00:00,15278.45,15310.3,15191.36,15239.3
2026-01-20 10:00:00,15240.12,15312.7,15109.71,15149.13
2026-01-20 11:00:00,15153.16,15221.28,15033.01,15176.4
2026-01-20 12:00:00,15178.82,15269.49,15079.37,15244.95
2026-01-20 13:00:00,15247.33,15269.58,15110.07,15222.63
2026-01-20 14:00:00,15219.04,15239.6,14869.09,14937.17
2026-01-20 15:00:00,14936.97,14937.07,14616.05,14629.44
2026-01-20 16:00:00,14631.79,14916.17,14607.97,14853.63
2026-01-20 17:00:00,14852.26,14858.7,14580.38,14818.82
2026-01-20 18:00:00,14821.47,15287.99,14782.12,15218.81
2026-01-20 19:00:00,15215.69,15421.34,15209.98,15281.49
2026-01-20 20:00:00,15281.1,15384.3,15215.81,15274.72
2026-01-20 21:00:00,15270.17,15281.55,15054.95,15217.09
2026-01-20 22:00:00,15219.48,15247.13,15107.43,15143.69
2026-01-20 23:00:00,15146.26,15270.08,15095.93,15159.37
2026-01-21 00:00:00,15157.33,15385.15,15117.24,15304.84
2026-01-21 01:00:00,15307.4,15333.5,15032.77,15057.66
2026-01-21 02:00:00,15057.3,15328.58,15050.01,15328.58
2026-01-21 03:00:00,15325.98,15477.65,15254.29,15445.24
2026-01-21 04:00:00,15439.56,15518.51,15385.92,15518.51
2026-01-21 05:00:00,15517.99,15732.44,15517.99,15583.64
2026-01-21 06:00:00,15585.96,15629.02,15413.12,15427.41
2026-01-21 07:00:00,15426.19,15482.93,15218.66,15253.52
2026-01-21 08:00:00,15253.66,15289.22,15093.21,15264.67
2026-01-21 09:00:00,15265.04,15353.79,14958.73,14978.26
2026-01-21 10:00:00,14976.69,15163.42,14961.24,15152.3
2026-01-21 11:00:00,15149.89,15321.23,15092.65,15158.57
2026-01-21 12:00:00,15157.83,15261.64,14849.89,14884.81
2026-01-21 13:00:00,14885.92,14896.37,14691.78,14704.2
2026-01-21 14:00:00,14703.41,14811.66,14671.76,14789.15
2026-01-21 15:00:00,14786.88,14860.22,14675.02,14694.17
2026-01-21 16:00:00,14693.72,14929.22,14656.01,14910.33
2026-01-21 17:00:00,14912.01,14913.9,14606.02,14626.55
2026-01-21 18:00:00,14626.85,14685.5,14471.98,14493.13
2026-01-21 19:00:00,14494.61,14536.71,14239.03,14242.59
2026-01-21 20:00:00,14240.9,14463.56,14238.64,14408.77
2026-01-21 21:00:00,14408.57,14485.2,14282.35,14296.86
2026-01-21 22:00:00,14298.02,14500.02,14289.22,14456.58
2026-01-21 23:00:00,14454.09,14501.71,14284.75,14320.12
2026-01-22 00:00:00,14317.48,14378.94,14255.61,14294.38
2026-01-22 01:00:00,14292.57,14324.17,14173.29,14249.16
2026-01-22 02:00:00,14248.08,14319.91,14008.61,14019.82
2026-01-22 03:00:00,14019.64,14060.65,13913.35,13967.71
2026-01-22 04:00:00,13969.34,13993.5,13746.87,13817.84
2026-01-22 05:00:00,13818.68,13839.82,13534.26,13549.71
2026-01-22 06:00:00,13545.91,13626.43,13539.56,13610.6
2026-01-22 07:00:00,13610.36,13845.86,13607.44,13833.38
2026-01-22 08:00:00,13833.68,13934.61,13764.71,13765.88
2026-01-22 09:00:00,13764.77,13804.82,13616.26,13789.18
2026-01-22 10:00:00,13789.27,13960.9,13746.45,13957.71
2026-01-22 11:00:00,13958.04,13996.33,13857.16,13976.46
2026-01-22 12:00:00,13977.07,14063.45,13906.53,13930.74
2026-01-22 13:00:00,13926.99,14073.5,13905.55,13966.76
2026-01-22 14:00:00,13966.09,13995.52,13703.46,13718.48
2026-01-22 15:00:00,13718.51,13760.2,13390.98,13399.96
2026-01-22 16:00:00,13400.61,13490.24,13054.35,13136.02
2026-01-22 17:00:00,13137.9,13220.29,12976.65,12980.15
2026-01-22 18:00:00,12980.04,13068.21,12904.36,12966.16
2026-01-22 19:00:00,12968.6,13213.85,12914.68,13125.77
2026-01-22 20:00:00,13124.86,13134.15,12789.67,12790.63
2026-01-22 21:00:00,12792.6,12826.91,12418.02,12482.72
2026-01-22 22:00:00,12482.5,12507.6,12325.66,12359.63
2026-01-22 23:00:00,12358.87,12361.5,12156.38,12165.89
2026-01-23 00:00:00,12164.56,12227.29,12008.41,12055.65
2026-01-23 01:00:00,12057.31,12101.23,11931.95,12089.44
2026-01-23 02:00:00,12093.0,12371.74,12093.0,12334.78
2026-01-23 03:00:00,12334.65,12380.71,12234.37,12363.73
2026-01-23 04:00:00,12364.33,12575.8,12364.33,12567.78
2026-01-23 05:00:00,12567.24,12606.19,12325.72,12414.35
2026-01-23 06:00:00,12412.89,12465.31,12363.68,12414.54
2026-01-23 07:00:00,12412.88,12439.49,12281.51,12349.09
2026-01-23 08:00:00,12348.56,12580.24,12348.02,12502.97
2026-01-23 09:00:00,12503.87,12506.03,12188.47,12190.44
2026-01-23 10:00:00,12191.64,12220.65,12106.89,12135.67
2026-01-23 11:00:00,12137.46,12310.38,12130.45,12227.51
2026-01-23 12:00:00,12228.74,12293.02,12117.64,12117.64
2026-01-23 13:00:00,12119.49,12183.96,12054.45,12161.32
2026-01-23 14:00:00,12162.55,12283.05,12144.54,12212.78
2026-01-23 15:00:00,12211.33,12213.92,12098.11,12109.12
2026-01-23 16:00:00,12106.96,12114.65,11995.44,12066.68
2026-01-23 17:00:00,12067.77,12161.09,12033.67,12142.81
2026-01-23 18:00:00,12144.96,12169.18,11947.18,12003.12
2026-01-23 19:00:00,12004.12,12243.79,11952.92,12209.4
2026-01-23 20:00:00,12210.73,12210.73,12100.0,12193.5
2026-01-23 21:00:00,12194.15,12194.2,12046.2,12063.85
2026-01-23 22:00:00,12062.86,12213.38,12022.43,12189.56
2026-01-23 23:00:00,12190.82,12242.8,12139.4,12199.95
2026-01-24 00:00:00,12200.18,12445.01,12106.21,12302.09
2026-01-24 01:00:00,12304.01,12323.28,12094.28,12140.34
2026-01-24 02:00:00,12140.62,12184.0,12068.29,12082.18
2026-01-24 03:00:00,12083.34,12146.2,12015.4,12022.7
2026-01-24 04:00:00,12023.72,12191.98,12017.11,12117.31
2026-01-24 05:00:00,12118.04,12166.56,11920.65,11956.91
2026-01-24 06:00:00,11958.59,12055.38,11816.65,12049.61
2026-01-24 07:00:00,12047.91,12106.32,11910.35,11949.5
2026-01-24 08:00:00,11946.25,11947.05,11719.93,11727.91
2026-01-24 09:00:00,11727.09,11735.2,11567.91,11610.66
2026-01-24 10:00:00,11608.49,11839.43,11560.3,11806.57
2026-01-24 11:00:00,11807.76,11835.58,11709.23,11805.61
2026-01-24 12:00:00,11809.68,12028.52,11757.26,11999.78
2026-01-24 13:00:00,12001.32,12201.61,11987.71,12142.31
2026-01-24 14:00:00,12141.28,12210.3,12065.43,12163.15
2026-01-24 15:00:00,12162.5,12247.17,12080.06,12094.8
2026-01-24 16:00:00,12096.19,12122.49,11953.67,12101.34
2026-01-24 17:00:00,12102.12,12205.97,12071.77,12149.82
2026-01-24 18:00:00,12150.8,12409.67,12120.72,12387.19
2026-01-24 19:00:00,12388.15,12425.27,12088.47,12097.97
2026-01-24 20:00:00,12100.35,12144.28,12017.95,12087.13
2026-01-24 21:00:00,12091.69,12135.09,11952.76,11976.79
2026-01-24 22:00:00,11978.85,12009.37,11886.24,11939.17
2026-01-24 23:00:00,11939.45,12090.1,11906.11,12033.97
2026-01-25 00:00:00,12037.54,12135.36,12004.62,12127.38
2026-01-25 01:00:00,12126.58,12237.64,12114.22,12230.15
2026-01-25 02:00:00,12228.62,12404.05,12213.18,12386.89
2026-01-25 03:00:00,12387.86,12502.93,12249.89,12289.96
2026-01-25 04:00:00,12290.44,12392.27,12277.56,12326.06
2026-01-25 05:00:00,12327.5,12406.3,12275.43,12336.26
2026-01-25 06:00:00,12337.17,12585.99,12301.05,12542.87
2026-01-25 07:00:00,12545.02,12546.27,12293.61,12327.29
2026-01-25 08:00:00,12324.87,12379.72,12238.16,12372.56
2026-01-25 09:00:00,12374.32,12448.73,12303.91,12382.27
2026-01-25 10:00:00,12382.43,12587.27,12373.51,12544.93
2026-01-25 11:00:00,12543.13,12708.0,12498.26,12693.91
2026-01-25 12:00:00,12691.51,12822.23,12556.72,12565.08
2026-01-25 13:00:00,12562.96,12833.97,12553.96,12787.37
2026-01-25 14:00:00,12787.03,12796.62,12625.58,12661.92
2026-01-25 15:00:00,12661.09,12796.54,12562.37,12566.52
2026-01-25 16:00:00,12566.17,12605.37,12497.47,12597.83
2026-01-25 17:00:00,12594.75,12713.04,12552.23,12563.22
2026-01-25 18:00:00,12563.44,12670.65,12518.69,12654.04
2026-01-25 19:00:00,12654.71,12753.68,12583.65,12715.51
2026-01-25 20:00:00,12717.2,12774.31,12582.6,12746.18
2026-01-25 21:00:00,12747.28,12747.28,12472.6,12509.02
2026-01-25 22:00:00,12510.55,12577.59,12459.15,12506.23
2026-01-25 23:00:00,12506.92,12560.64,12378.58,12443.63
2026-01-26 00:00:00,12441.61,12480.06,12181.39,12259.24
2026-01-26 01:00:00,12257.9,12527.09,12200.66,12491.59
2026-01-26 02:00:00,12494.35,12632.63,12372.02,12397.98
2026-01-26 03:00:00,12400.6,12402.14,12230.75,12264.39
2026-01-26 04:00:00,12263.32,12488.42,12263.32,12479.26
2026-01-26 05:00:00,12479.86,12500.78,12324.25,12407.76
2026-01-26 06:00:00,12406.3,12566.36,12402.79,12514.37
2026-01-26 07:00:00,12513.49,12659.59,12445.52,12659.59
2026-01-26 08:00:00,12657.3,12675.88,12473.53,12631.21
2026-01-26 09:00:00,12631.92,12664.6,12535.95,12589.96
2026-01-26 10:00:00,12590.46,12590.46,12396.15,12396.27
2026-01-26 11:00:00,12395.01,12409.27,12079.99,12101.0
2026-01-26 12:00:00,12102.04,12285.69,11998.49,12266.73
2026-01-26 13:00:00,12266.19,12412.27,12226.08,12347.69
2026-01-26 14:00:00,12347.56,12365.28,12071.0,12116.41
2026-01-26 15:00:00,12115.03,12260.92,12031.71,12060.3
2026-01-26 16:00:00,12060.88,12102.22,11920.38,12098.72
2026-01-26 17:00:00,12098.86,12319.02,12008.17,12317.34
2026-01-26 18:00:00,12320.75,12337.88,12146.29,12168.42
2026-01-26 19:00:00,12167.61,12421.48,12156.44,12377.03
2026-01-26 20:00:00,12376.53,12376.53,12215.05,12221.76
2026-01-26 21:00:00,12221.06,12302.19,12174.43,12270.08
2026-01-26 22:00:00,12268.4,12322.65,12224.54,12230.35
2026-01-26 23:00:00,12231.51,12386.55,12148.32,12293.99
2026-01-27 00:00:00,12295.82,12322.01,12030.92,12066.17
2026-01-27 01:00:00,12065.06,12163.53,11979.09,12006.36
2026-01-27 02:00:00,12006.31,12033.02,11926.66,12002.93
2026-01-27 03:00:00,12002.35,12004.19,11774.59,11925.06
2026-01-27 04:00:00,11926.7,12023.26,11871.01,11973.83
2026-01-27 05:00:00,11974.03,12108.81,11929.21,12075.47
2026-01-27 06:00:00,12072.78,12175.37,11940.92,12104.55
2026-01-27 07:00:00,12104.45,12158.04,12020.86,12154.94
2026-01-27 08:00:00,12153.52,12185.99,11950.98,11972.02
2026-01-27 09:00:00,11971.71,12108.53,11926.51,12100.61
2026-01-27 10:00:00,12099.11,12118.38,11972.81,12043.31
2026-01-27 11:00:00,12042.77,12155.0,12009.3,12127.18
2026-01-27 12:00:00,12129.38,12197.63,12061.12,12064.51
2026-01-27 13:00:00,12064.63,12282.69,11965.06,11980.55
2026-01-27 14:00:00,11980.9,12042.6,11882.61,11943.24
2026-01-27 15:00:00,11942.75,12146.87,11857.72,12085.3
2026-01-27 16:00:00,12084.9,12335.87,12045.48,12318.0
2026-01-27 17:00:00,12317.88,12462.35,12228.28,12428.64
2026-01-27 18:00:00,12425.76,12443.84,12335.57,12419.69
2026-01-27 19:00:00,12418.31,12438.12,12304.14,12307.52
2026-01-27 20:00:00,12309.88,12476.08,12301.72,12444.59
2026-01-27 21:00:00,12446.96,12522.15,12333.65,12471.43
2026-01-27 22:00:00,12470.65,12533.66,12438.22,12460.58
2026-01-27 23:00:00,12458.8,12593.35,12447.73,12564.18
2026-01-28 00:00:00,12566.05,12858.89,12556.43,12766.33
2026-01-28 01:00:00,12764.44,12856.52,12717.26,12798.55
2026-01-28 02:00:00,12800.99,12871.96,12656.5,12776.27
2026-01-28 03:00:00,12774.3,12873.53,12677.69,12836.63
2026-01-28 04:00:00,12835.65,12842.23,12665.87,12697.43
2026-01-28 05:00:00,12697.27,12732.6,12489.43,12489.43
2026-01-28 06:00:00,12487.83,12490.7,12209.45,12222.17
2026-01-28 07:00:00,12221.34,12231.82,12058.85,12113.9
2026-01-28 08:00:00,12112.44,12180.38,11863.71,11872.79
2026-01-28 09:00:00,11875.31,12006.26,11848.48,11998.64
2026-01-28 10:00:00,11997.76,12102.9,11909.51,12091.15
2026-01-28 11:00:00,12089.54,12111.36,11776.83,11781.37
2026-01-28 12:00:00,11779.13,11795.02,11670.56,11711.08
2026-01-28 13:00:00,11709.07,11815.62,11704.85,11739.48
2026-01-28 14:00:00,11739.07,11956.49,11731.29,11912.37
2026-01-28 15:00:00,11913.0,11916.28,11610.9,11646.46
2026-01-28 16:00:00,11647.31,11865.94,11613.23,11848.03
2026-01-28 17:00:00,11848.06,11896.19,11769.94,11815.16
2026-01-28 18:00:00,11817.53,11932.72,11708.13,11827.82
2026-01-28 19:00:00,11830.25,11862.57,11653.63,11665.42
2026-01-28 20:00:00,11665.33,11805.97,11646.07,11694.17
2026-01-28 21:00:00,11697.04,11701.67,11560.8,11576.73
2026-01-28 22:00:00,11575.65,11577.26,11455.03,11557.96
2026-01-28 23:00:00,11558.5,11715.34,11557.01,11651.29
2026-01-29 00:00:00,11653.54,11896.15,11628.06,11883.83
2026-01-29 01:00:00,11885.57,11979.41,11755.84,11978.6
2026-01-29 02:00:00,11979.55,11995.2,11739.05,11746.27
2026-01-29 03:00:00,11745.99,11777.98,11663.03,11700.76
2026-01-29 04:00:00,11698.44,11758.05,11630.49,11739.75
2026-01-29 05:00:00,11741.13,11847.94,11696.3,11776.32
2026-01-29 06:00:00,11774.76,11777.36,11596.09,11671.58
2026-01-29 07:00:00,11670.1,11723.87,11554.94,11675.2
2026-01-29 08:00:00,11675.55,11700.81,11555.88,11644.7
2026-01-29 09:00:00,11642.62,11746.18,11555.74,11574.51
2026-01-29 10:00:00,11573.44,11661.01,11529.95,11644.68
2026-01-29 11:00:00,11643.8,11851.64,11633.49,11761.05
2026-01-29 12:00:00,11762.49,11892.15,11719.55,11875.23
2026-01-29 13:00:00,11877.48,11966.26,11777.02,11952.0
2026-01-29 14:00:00,11955.89,11977.29,11805.5,11896.41
2026-01-29 15:00:00,11897.18,11992.55,11766.15,11992.55
2026-01-29 16:00:00,11991.75,12068.04,11941.47,11998.98
2026-01-29 17:00:00,11996.8,12164.22,11974.73,12053.13
2026-01-29 18:00:00,12052.27,12067.0,11709.58,11730.91
2026-01-29 19:00:00,11733.77,11906.11,11726.75,11851.85
2026-01-29 20:00:00,11851.46,11954.43,11765.42,11943.94
2026-01-29 21:00:00,11943.88,11974.86,11857.23,11896.77
2026-01-29 22:00:00,11898.51,12161.78,11865.18,12031.07
2026-01-29 23:00:00,12030.36,12146.28,11985.24,12127.4
2026-01-30 00:00:00,12126.77,12209.26,12061.63,12158.79
2026-01-30 01:00:00,12158.95,12178.55,11979.67,12041.42
2026-01-30 02:00:00,12043.55,12183.11,12026.2,12125.95
2026-01-30 03:00:00,12125.53,12132.75,11871.68,11871.68
2026-01-30 04:00:00,11873.59,11963.61,11772.28,11914.76
2026-01-30 05:00:00,11915.25,11918.22,11683.83,11746.66
2026-01-30 06:00:00,11745.82,11871.86,11736.37,11815.64
2026-01-30 07:00:00,11817.35,11918.16,11758.95,11915.28
2026-01-30 08:00:00,11916.23,11948.01,11720.67,11777.1
2026-01-30 09:00:00,11780.78,11864.18,11696.23,11719.38
2026-01-30 10:00:00,11720.37,11752.65,11631.95,11747.6
2026-01-30 11:00:00,11749.32,11779.31,11578.72,11600.58
2026-01-30 12:00:00,11601.58,11774.29,11544.22,11749.09
2026-01-30 13:00:00,11750.65,11835.32,11681.59,11824.38
2026-01-30 14:00:00,11826.68,11826.68,11753.54,11778.52
2026-01-30 15:00:00,11779.68,11854.06,11727.44,11767.72
2026-01-30 16:00:00,11767.49,11791.57,11700.68,11761.69
2026-01-30 17:00:00,11759.14,11972.23,11759.14,11953.36
2026-01-30 18:00:00,11952.82,12134.81,11944.81,12078.35
2026-01-30 19:00:00,12080.45,12098.39,11887.95,11929.19
2026-01-30 20:00:00,11930.62,12051.14,11904.14,12027.08
2026-01-30 21:00:00,12027.63,12067.39,11872.98,11908.42
2026-01-30 22:00:00,11911.16,12086.97,11834.7,12025.76
2026-01-30 23:00:00,12022.93,12142.82,12004.99,12106.63
2026-01-31 00:00:00,12108.2,12408.79,12101.91,12273.37
2026-01-31 01:00:00,12274.4,12372.48,12264.44,12268.01
2026-01-31 02:00:00,12267.46,12273.55,12126.31,12207.29
2026-01-31 03:00:00,12208.98,12423.59,12202.09,12356.26
2026-01-31 04:00:00,12355.93,12402.67,12222.09,12340.95
2026-01-31 05:00:00,12340.14,12432.29,12309.25,12350.88
2026-01-31 06:00:00,12352.58,12390.12,12196.73,12201.23
2026-01-31 07:00:00,12203.53,12320.05,12110.92,12110.92
2026-01-31 08:00:00,12109.75,12213.67,12012.47,12061.8
2026-01-31 09:00:00,12061.58,12061.58,11923.63,11955.12
2026-01-31 10:00:00,11956.54,11995.59,11853.33,11995.59
2026-01-31 11:00:00,11995.06,12033.73,11904.18,12033.73
2026-01-31 12:00:00,12032.23,12156.11,12032.23,12148.36
2026-01-31 13:00:00,12147.31,12347.71,12082.54,12326.99
2026-01-31 14:00:00,12327.0,12331.91,12176.9,12276.08
2026-01-31 15:00:00,12272.52,12378.54,12078.75,12292.32
2026-01-31 16:00:00,12291.0,12338.0,12048.44,12048.44
2026-01-31 17:00:00,12048.45,12207.21,12021.94,12180.78
2026-01-31 18:00:00,12179.99,12204.2,12033.65,12123.05
2026-01-31 19:00:00,12121.9,12154.09,12010.38,12011.29
2026-01-31 20:00:00,12010.86,12078.58,11888.63,12066.27
2026-01-31 21:00:00,12067.32,12128.45,11907.36,12001.13
2026-01-31 22:00:00,12000.59,12252.04,11981.4,12212.95
2026-01-31 23:00:00,12211.5,12242.38,12053.95,12105.33
2026-02-01 00:00:00,12107.12,12205.37,12049.2,12167.85
2026-02-01 01:00:00,12167.73,12173.05,11934.2,11986.9
2026-02-01 02:00:00,11988.04,12096.39,11962.43,12076.45
2026-02-01 03:00:00,12080.22,12140.82,11996.61,12028.11
2026-02-01 04:00:00,12027.21,12275.58,12015.71,12224.56
2026-02-01 05:00:00,12224.75,12394.75,12163.61,12385.14
2026-02-01 06:00:00,12385.82,12633.63,12384.41,12450.21
2026-02-01 07:00:00,12449.64,12449.64,12343.61,12402.22
2026-02-01 08:00:00,12402.63,12573.14,12390.93,12518.9
2026-02-01 09:00:00,12517.88,12826.03,12508.28,12794.41
2026-02-01 10:00:00,12793.44,13106.25,12785.51,13003.58
2026-02-01 11:00:00,13110.41,13185.83,12964.25,13000.93
2026-02-01 12:00:00,13002.99,13121.28,12951.94,13030.24
2026-02-01 13:00:00,13033.02,13092.71,12936.21,13012.35
2026-02-01 14:00:00,13012.21,13272.83,12983.11,13249.5
2026-02-01 15:00:00,13248.39,13282.95,13114.76,13260.93
2026-02-01 16:00:00,13261.36,13484.93,13160.83,13464.55
2026-02-01 17:00:00,13467.59,13480.23,13298.73,13357.11
2026-02-01 18:00:00,13358.61,13396.27,13259.81,13289.59
2026-02-01 19:00:00,13291.15,13301.66,13002.06,13007.99
2026-02-01 20:00:00,13007.48,13032.89,12737.78,12800.36
2026-02-01 21:00:00,12800.7,12910.98,12775.73,12802.22
2026-02-01 22:00:00,12803.56,12811.91,12690.71,12755.5
2026-02-01 23:00:00,12756.13,12822.18,12696.99,12718.61
2026-02-02 00:00:00,12720.64,12952.83,12715.58,12899.5
2026-02-02 01:00:00,12900.11,13143.74,12896.7,12928.26
2026-02-02 02:00:00,12929.67,13018.32,12836.26,13017.7
2026-02-02 03:00:00,13020.02,13028.68,12784.42,12822.31
2026-02-02 04:00:00,12821.36,12886.35,12763.6,12781.06
2026-02-02 05:00:00,12778.83,12784.48,12438.16,12506.96
2026-02-02 06:00:00,12507.6,12551.42,12431.38,12529.17
2026-02-02 07:00:00,12528.67,12552.63,12304.03,12318.16
2026-02-02 08:00:00,12317.94,12473.1,12298.18,12415.72
2026-02-02 09:00:00,12415.53,12514.88,12409.88,12413.84
2026-02-02 10:00:00,12412.86,12652.37,12339.7,12592.37
2026-02-02 11:00:00,12592.27,12604.15,12456.27,12525.69
2026-02-02 12:00:00,12521.7,12530.21,12292.17,12297.16
2026-02-02 13:00:00,12297.27,12304.29,12191.12,12233.32
2026-02-02 14:00:00,12230.28,12303.41,12188.47,12217.3
2026-02-02 15:00:00,12217.54,12339.59,12124.11,12170.69
2026-02-02 16:00:00,12168.74,12237.36,12056.21,12090.23
2026-02-02 17:00:00,12090.36,12115.58,11990.25,12000.41
2026-02-02 18:00:00,11999.02,12099.35,11993.04,12046.99
2026-02-02 19:00:00,12047.64,12054.73,11830.42,11938.85
2026-02-02 20:00:00,11937.37,12025.22,11891.76,12014.0
2026-02-02 21:00:00,12016.54,12122.78,11933.35,11958.52
2026-02-02 22:00:00,11959.33,12088.7,11869.59,11972.72
2026-02-02 23:00:00,11972.18,12180.8,11874.49,12154.69
2026-02-03 00:00:00,12154.64,12210.62,11975.88,12047.42
2026-02-03 01:00:00,12045.89,12055.6,11912.88,11938.18
2026-02-03 02:00:00,11940.58,12056.0,11921.64,12002.22
2026-02-03 03:00:00,12002.66,12016.1,11801.89,11815.06
2026-02-03 04:00:00,11815.2,12039.4,11809.5,12039.4
2026-02-03 05:00:00,12037.99,12204.06,12027.21,12199.8
2026-02-03 06:00:00,12197.11,12312.51,12163.0,12186.24
2026-02-03 07:00:00,12183.06,12238.02,12115.21,12120.27
2026-02-03 08:00:00,12121.27,12127.94,11929.95,12100.95
2026-02-03 09:00:00,12099.82,12141.3,11965.69,11994.71
2026-02-03 10:00:00,11996.43,12089.85,11933.24,11991.15
2026-02-03 11:00:00,11991.09,12083.42,11924.76,12049.63
2026-02-03 12:00:00,12049.57,12092.44,11911.45,11911.45
2026-02-03 13:00:00,11909.52,11999.29,11899.34,11911.19
2026-02-03 14:00:00,11909.97,11914.21,11777.94,11819.52
2026-02-03 15:00:00,11820.4,11860.73,11657.75,11660.92
2026-02-03 16:00:00,11662.54,11688.45,11564.07,11585.67
2026-02-03 17:00:00,11584.67,11621.98,11370.31,11423.0
2026-02-03 18:00:00,11424.22,11435.62,11271.18,11298.28
2026-02-03 19:00:00,11298.83,11300.43,11120.31,11262.78
2026-02-03 20:00:00,11261.91,11293.64,11155.87,11193.55
2026-02-03 21:00:00,11191.44,11257.93,11127.58,11221.27
2026-02-03 22:00:00,11220.94,11287.8,11196.77,11257.97
2026-02-03 23:00:00,11256.16,11268.76,10942.67,10944.74
2026-02-04 00:00:00,10945.16,10955.3,10821.63,10822.52
2026-02-04 01:00:00,10822.02,10969.55,10785.39,10795.46
2026-02-04 02:00:00,10795.76,10973.79,10759.08,10880.78
2026-02-04 03:00:00,10882.87,11041.98,10828.12,11039.83
2026-02-04 04:00:00,11041.28,11166.98,11003.31,11162.2
2026-02-04 05:00:00,11162.87,11218.89,11129.77,11186.06
2026-02-04 06:00:00,11184.28,11238.21,11135.41,11211.93
2026-02-04 07:00:00,11212.57,11258.04,11093.7,11131.22
2026-02-04 08:00:00,11132.02,11147.17,10986.89,11050.33
2026-02-04 09:00:00,11049.29,11185.63,11038.16,11085.02
2026-02-04 10:00:00,11084.72,11388.06,11071.33,11331.36
2026-02-04 11:00:00,11331.04,11485.45,11262.45,11326.22
2026-02-04 12:00:00,11325.12,11419.53,11301.86,11410.0
2026-02-04 13:00:00,11408.93,11424.96,11273.16,11377.02
2026-02-04 14:00:00,11375.86,11699.52,11363.89,11583.14
2026-02-04 15:00:00,11585.61,11617.98,11451.56,11495.25
2026-02-04 16:00:00,11495.13,11533.35,11354.05,11385.44
2026-02-04 17:00:00,11384.96,11469.98,11327.45,11398.03
2026-02-04 18:00:00,11396.27,11438.44,11306.39,11400.72
2026-02-04 19:00:00,11399.62,11454.07,11276.01,11277.71
2026-02-04 20:00:00,11277.26,11334.95,11187.65,11191.68
2026-02-04 21:00:00,11190.75,11358.1,11146.81,11353.97
2026-02-04 22:00:00,11355.46,11457.23,11333.47,11428.92
2026-02-04 23:00:00,11428.51,11539.66,11397.16,11518.47
2026-02-05 00:00:00,11516.89,11534.5,11300.41,11400.93
2026-02-05 01:00:00,11399.86,11602.36,11396.52,11565.35
2026-02-05 02:00:00,11563.87,11704.58,11531.75,11626.72
2026-02-05 03:00:00,11627.98,11693.16,11548.12,11689.51
2026-02-05 04:00:00,11689.01,11702.48,11621.72,11682.01
2026-02-05 05:00:00,11682.31,11936.76,11611.34,11931.94
2026-02-05 06:00:00,11934.51,12004.21,11830.7,11910.15
2026-02-05 07:00:00,11909.07,12063.72,11834.08,12058.8
2026-02-05 08:00:00,12059.27,12060.89,11927.39,12015.34
2026-02-05 09:00:00,12017.1,12171.49,12011.18,12163.07
2026-02-05 10:00:00,12164.45,12228.04,12125.81,12198.75
2026-02-05 11:00:00,12198.3,12300.12,12101.16,12200.56
2026-02-05 12:00:00,12198.88,12342.99,12110.96,12316.84
2026-02-05 13:00:00,12318.86,12363.87,12181.83,12227.86
2026-02-05 14:00:00,12230.54,12488.03,12198.71,12463.53
2026-02-05 15:00:00,12463.98,12520.75,12410.72,12432.28
2026-02-05 16:00:00,12429.13,12441.61,12286.91,12308.01
2026-02-05 17:00:00,12311.1,12376.96,12257.07,12376.72
2026-02-05 18:00:00,12376.89,12528.86,12352.95,12525.81
2026-02-05 19:00:00,12529.04,12586.55,12455.98,12494.46
2026-02-05 20:00:00,12494.16,12583.85,12329.44,12348.54
2026-02-05 21:00:00,12348.68,12385.91,12199.6,12311.64
2026-02-05 22:00:00,12309.7,12320.93,12065.36,12180.2
2026-02-05 23:00:00,12182.12,12222.78,12110.58,12135.3
2026-02-06 00:00:00,12135.94,12228.58,12063.82,12179.9
2026-02-06 01:00:00,12178.4,12335.46,11998.85,12238.42
2026-02-06 02:00:00,12238.16,12283.58,12095.07,12208.35
2026-02-06 03:00:00,12210.24,12351.12,12201.75,12216.88
2026-02-06 04:00:00,12217.51,12217.98,12007.34,12139.38
2026-02-06 05:00:00,12136.98,12233.24,12108.51,12186.16
2026-02-06 06:00:00,12188.05,12364.59,12188.05,12340.0
2026-02-06 07:00:00,12340.96,12344.44,12193.89,12257.41
2026-02-06 08:00:00,12257.09,12425.47,12250.38,12333.76
2026-02-06 09:00:00,12331.78,12431.76,12284.77,12287.83
2026-02-06 10:00:00,12288.86,12378.23,12228.46,12282.98
2026-02-06 11:00:00,12283.49,12345.01,12200.53,12301.86
2026-02-06 12:00:00,12301.68,12362.35,12227.74,12342.2
2026-02-06 13:00:00,12341.43,12557.09,12306.21,12546.66
2026-02-06 14:00:00,12546.34,12769.34,12459.38,12768.36
2026-02-06 15:00:00,12766.17,12791.84,12502.48,12540.61
2026-02-06 16:00:00,12538.63,12750.41,12508.6,12689.9
2026-02-06 17:00:00,12688.8,12714.24,12528.59,12570.15
2026-02-06 18:00:00,12567.42,12666.77,12463.9,12635.83
2026-02-06 19:00:00,12635.66,12809.52,12513.38,12801.05
2026-02-06 20:00:00,12802.0,12845.59,12631.96,12786.38
2026-02-06 21:00:00,12784.92,12964.3,12771.53,12921.97
2026-02-06 22:00:00,12921.12,13095.47,12898.23,12970.05
2026-02-06 23:00:00,12969.69,13001.07,12836.89,12958.7
2026-02-07 00:00:00,12960.21,13019.97,12867.2,12899.02
2026-02-07 01:00:00,12899.55,12978.06,12795.94,12805.47
2026-02-07 02:00:00,12808.26,12991.87,12757.78,12954.23
2026-02-07 03:00:00,12956.08,13047.78,12866.27,12867.29
2026-02-07 04:00:00,12865.98,12987.28,12716.43,12740.65
2026-02-07 05:00:00,12740.46,12855.25,12637.64,12745.0
2026-02-07 06:00:00,12745.53,13125.33,12719.47,13018.21
2026-02-07 07:00:00,13019.6,13032.59,12891.25,13028.2
2026-02-07 08:00:00,13025.46,13036.68,12818.27,12937.11
2026-02-07 09:00:00,12935.92,12989.08,12831.89,12880.7
2026-02-07 10:00:00,12879.54,13042.61,12868.36,13020.73
2026-02-07 11:00:00,13022.64,13028.52,12794.59,12987.82
2026-02-07 12:00:00,12988.15,13098.97,12930.11,12951.54
2026-02-07 13:00:00,12953.83,13159.11,12947.73,13127.28
2026-02-07 14:00:00,13127.79,13161.57,13047.75,13082.02
2026-02-07 15:00:00,13081.72,13102.66,12993.68,13071.73
2026-02-07 16:00:00,13072.29,13117.5,12938.51,13004.39
2026-02-07 17:00:00,13001.83,13087.31,12977.72,12991.88
2026-02-07 18:00:00,12991.32,13018.4,12882.5,13011.39
2026-02-07 19:00:00,13009.42,13255.7,12997.9,13199.88
2026-02-07 20:00:00,13200.09,13394.67,13192.47,13199.58
2026-02-07 21:00:00,13198.36,13310.79,13105.62,13228.47
2026-02-07 22:00:00,13228.75,13310.07,13175.48,13230.53
2026-02-07 23:00:00,13231.63,13495.67,13182.4,13455.39
2026-02-08 00:00:00,13454.03,13538.56,13419.88,13432.41
2026-02-08 01:00:00,13431.11,13670.62,13426.24,13630.03
2026-02-08 02:00:00,13631.37,13679.5,13560.45,13642.33
2026-02-08 03:00:00,13644.17,13713.2,13452.14,13473.09
2026-02-08 04:00:00,13475.42,13633.91,13421.03,13621.78
2026-02-08 05:00:00,13622.12,13804.01,13581.11,13801.11
2026-02-08 06:00:00,13799.9,13916.92,13712.94,13712.94
2026-02-08 07:00:00,13716.54,13839.41,13534.76,13536.44
2026-02-08 08:00:00,13535.17,13736.01,13488.49,13547.4
2026-02-08 09:00:00,13550.52,13658.23,13435.24,13638.46
2026-02-08 10:00:00,13638.51,13654.55,13416.43,13500.28
2026-02-08 11:00:00,13499.66,13635.03,13475.44,13562.94
2026-02-08 12:00:00,13562.28,13634.39,13496.44,13504.61
2026-02-08 13:00:00,13502.18,13558.6,13061.58,13079.19
2026-02-08 14:00:00,13079.85,13111.55,13002.41,13005.65
2026-02-08 15:00:00,13007.34,13079.41,12857.88,12924.02
2026-02-08 16:00:00,12923.54,13093.8,12876.73,12940.58
2026-02-08 17:00:00,12939.45,13215.41,12936.7,13195.54
2026-02-08 18:00:00,13195.51,13197.66,12994.49,13018.0
2026-02-08 19:00:00,13019.96,13079.5,12905.62,12938.66
2026-02-08 20:00:00,12937.4,13140.25,12921.04,12959.47
2026-02-08 21:00:00,12956.43,12986.89,12788.32,12791.34
2026-02-08 22:00:00,12790.93,13073.15,12768.29,13057.0
2026-02-08 23:00:00,13055.63,13286.74,13044.04,13268.11
2026-02-09 00:00:00,13267.27,13425.52,13195.67,13419.5
2026-02-09 01:00:00,13417.98,13421.04,13286.64,13324.22
2026-02-09 02:00:00,13324.14,13606.33,13321.2,13593.51
2026-02-09 03:00:00,13595.35,13599.84,13473.66,13522.72
2026-02-09 04:00:00,13523.38,13555.79,13320.45,13390.48
2026-02-09 05:00:00,13390.82,13625.19,13366.64,13507.33
2026-02-09 06:00:00,13506.45,13810.66,13469.06,13801.88
2026-02-09 07:00:00,13803.18,13826.04,13558.14,13682.31
2026-02-09 08:00:00,13679.76,13681.42,13509.11,13654.26
2026-02-09 09:00:00,13655.44,13738.43,13609.29,13698.4
2026-02-09 10:00:00,13693.39,13811.18,13650.07,13784.11
2026-02-09 11:00:00,13782.07,13864.85,13687.43,13819.79
2026-02-09 12:00:00,13819.1,14006.86,13807.03,13982.9
2026-02-09 13:00:00,13981.97,14203.06,13976.22,14194.35
2026-02-09 14:00:00,14195.5,14424.25,14189.5,14275.65
2026-02-09 15:00:00,14278.27,14369.25,14134.75,14252.93
2026-02-09 16:00:00,14251.7,14274.12,14127.06,14140.46
2026-02-09 17:00:00,14139.3,14239.56,13732.22,13784.65
2026-02-09 18:00:00,13781.72,13787.81,13591.16,13683.74
2026-02-09 19:00:00,13684.68,13801.99,13661.43,13739.26
2026-02-09 20:00:00,13741.82,13834.75,13696.5,13812.59
2026-02-09 21:00:00,13809.79,13915.36,13754.53,13836.98
2026-02-09 22:00:00,13838.64,13851.51,13666.66,13689.46
2026-02-09 23:00:00,13690.59,13731.44,13632.48,13658.1
2026-02-10 00:00:00,13655.73,13860.78,13641.53,13827.77
2026-02-10 01:00:00,13828.15,13846.85,13614.86,13653.0
2026-02-10 02:00:00,13651.17,13671.46,13490.23,13506.28
2026-02-10 03:00:00,13508.44,13621.38,13480.74,13621.38
2026-02-10 04:00:00,13619.78,13711.24,13596.77,13689.91
2026-02-10 05:00:00,13687.5,13907.03,13619.41,13804.22
2026-02-10 06:00:00,13804.0,14100.74,13790.98,14038.99
2026-02-10 07:00:00,14037.02,14125.28,13937.8,13940.09
2026-02-10 08:00:00,13941.85,13946.44,13776.2,13791.48
2026-02-10 09:00:00,13791.71,13799.31,13654.16,13701.48
2026-02-10 10:00:00,13701.07,13888.6,13670.72,13815.9
2026-02-10 11:00:00,13815.66,13961.09,13801.68,13955.8
2026-02-10 12:00:00,13955.78,13958.17,13679.14,13813.12
2026-02-10 13:00:00,13810.94,14043.59,13810.94,13969.47
2026-02-10 14:00:00,13969.52,14186.56,13909.47,13945.16
2026-02-10 15:00:00,13947.32,14131.03,13855.37,14056.6
2026-02-10 16:00:00,14058.88,14073.88,13911.46,14049.17
2026-02-10 17:00:00,14046.9,14065.67,13847.1,13868.49
2026-02-10 18:00:00,13866.81,13917.34,13753.82,13767.82
2026-02-10 19:00:00,13767.15,13958.89,13713.72,13835.34
2026-02-10 20:00:00,13833.54,13974.77,13681.0,13965.6
2026-02-10 21:00:00,13965.84,13984.55,13813.55,13860.02
2026-02-10 22:00:00,13858.09,14025.35,13844.53,13868.5
2026-02-10 23:00:00,13867.43,13886.48,13658.19,13663.32
2026-02-11 00:00:00,13666.23,13850.25,13629.59,13737.71
2026-02-11 01:00:00,13738.3,13811.6,13645.54,13667.14
2026-02-11 02:00:00,13669.92,13923.49,13620.31,13871.53
2026-02-11 03:00:00,13871.2,14002.8,13855.1,13949.21
2026-02-11 04:00:00,13949.74,14002.14,13831.55,13942.49
2026-02-11 05:00:00,13942.28,14103.3,13775.91,13805.93
2026-02-11 06:00:00,13806.2,13907.17,13805.72,13895.42
2026-02-11 07:00:00,13893.62,14329.07,13889.83,14184.41
2026-02-11 08:00:00,14182.08,14301.92,14113.68,14226.06
2026-02-11 09:00:00,14223.26,14400.27,14170.45,14309.22
2026-02-11 10:00:00,14310.04,14427.25,14240.98,14373.91
2026-02-11 11:00:00,14375.3,14501.64,14295.05,14321.81
2026-02-11 12:00:00,14321.21,14468.56,14305.61,14462.62
2026-02-11 13:00:00,14459.72,14652.08,14432.7,14549.54
2026-02-11 14:00:00,14548.11,14599.16,14456.32,14483.32
2026-02-11 15:00:00,14484.93,14616.1,14386.48,14576.57
2026-02-11 16:00:00,14577.96,14603.69,14443.8,14472.86
2026-02-11 17:00:00,14473.77,14685.59,14469.23,14596.18
2026-02-11 18:00:00,14596.31,14766.47,14536.37,14739.16
2026-02-11 19:00:00,14741.86,14917.49,14638.98,14644.17
2026-02-11 20:00:00,14641.95,14860.82,14556.6,14845.36
2026-02-11 21:00:00,14844.33,15006.19,14831.04,14992.39
2026-02-11 22:00:00,14996.32,15459.34,14985.41,15410.35
2026-02-11 23:00:00,15413.28,15574.29,15311.55,15468.72
2026-02-12 00:00:00,15468.54,15575.25,15420.66,15527.07
2026-02-12 01:00:00,15527.08,15888.8,15519.74,15861.2
2026-02-12 02:00:00,15859.42,15903.07,15735.56,15889.58
2026-02-12 03:00:00,15890.63,16041.05,15695.26,15700.03
2026-02-12 04:00:00,15697.24,15719.25,15430.9,15573.59
2026-02-12 05:00:00,15576.6,15653.53,15410.97,15447.21
2026-02-12 06:00:00,15448.01,15816.65,15444.92,15800.12
2026-02-12 07:00:00,15799.75,16032.67,15682.62,15839.42
2026-02-12 08:00:00,15836.48,15933.56,15763.74,15861.42
2026-02-12 09:00:00,15863.56,15954.8,15718.51,15951.8
2026-02-12 10:00:00,15952.8,15954.0,15641.2,15740.79
2026-02-12 11:00:00,15738.78,15796.21,15661.04,15711.11
2026-02-12 12:00:00,15712.97,15782.4,15534.21,15547.09
2026-02-12 13:00:00,15547.72,15577.6,15318.18,15356.51
2026-02-12 14:00:00,15358.58,15402.99,15198.46,15300.17
2026-02-12 15:00:00,15298.62,15362.83,15246.06,15255.22
2026-02-12 16:00:00,15256.46,15551.37,15251.85,15514.97
2026-02-12 17:00:00,15514.26,15633.18,15328.83,15357.35
2026-02-12 18:00:00,15360.01,15541.53,15308.59,15409.16
2026-02-12 19:00:00,15409.51,15500.55,15118.25,15158.12
2026-02-12 20:00:00,15157.26,15261.1,15099.99,15131.38
2026-02-12 21:00:00,15130.74,15170.6,14909.27,15045.79
2026-02-12 22:00:00,15047.99,15076.41,14839.48,14839.48
2026-02-12 23:00:00,14838.18,14906.14,14782.25,14840.28
2026-02-13 00:00:00,14842.45,15171.61,14805.16,15113.21
2026-02-13 01:00:00,15113.64,15349.09,15105.61,15309.0
2026-02-13 02:00:00,15310.8,15316.16,15148.34,15263.36
2026-02-13 03:00:00,15262.35,15480.21,15190.53,15326.12
2026-02-13 04:00:00,15324.61,15380.01,15136.17,15174.6
2026-02-13 05:00:00,15175.31,15220.68,15043.83,15065.14
2026-02-13 06:00:00,15064.85,15263.34,15024.44,15140.86
2026-02-13 07:00:00,15139.24,15213.91,14932.82,15020.95
2026-02-13 08:00:00,15023.23,15321.21,14967.65,15225.3
2026-02-13 09:00:00,15227.61,15448.12,15128.93,15142.97
2026-02-13 10:00:00,15141.62,15143.36,14887.51,14915.23
2026-02-13 11:00:00,14917.47,14992.16,14829.04,14876.7
2026-02-13 12:00:00,14880.32,15154.7,14877.35,14989.69
2026-02-13 13:00:00,14992.7,15205.09,14968.81,15143.45
2026-02-13 14:00:00,15144.39,15220.17,15132.42,15172.5
2026-02-13 15:00:00,15171.73,15301.76,15113.78,15149.37
2026-02-13 16:00:00,15153.31,15364.22,15091.92,15278.16
2026-02-13 17:00:00,15278.57,15590.55,15270.78,15440.91
2026-02-13 18:00:00,15443.9,15480.79,15186.35,15212.3
2026-02-13 19:00:00,15213.3,15423.2,15177.18,15382.95
2026-02-13 20:00:00,15385.06,15399.04,15231.71,15274.58
2026-02-13 21:00:00,15276.96,15428.91,15246.88,15423.22
2026-02-13 22:00:00,15424.82,15532.84,15383.51,15426.82
2026-02-13 23:00:00,15429.16,15494.7,15402.08,15432.96
2026-02-14 00:00:00,15430.65,15484.54,15278.58,15330.25
2026-02-14 01:00:00,15328.92,15334.33,15160.54,15211.14
2026-02-14 02:00:00,15209.8,15301.55,15111.48,15187.95
2026-02-14 03:00:00,15189.27,15243.95,15096.45,15187.61
2026-02-14 04:00:00,15185.46,15499.3,15181.31,15434.8
2026-02-14 05:00:00,15434.61,15460.69,15119.63,15142.64
2026-02-14 06:00:00,15140.32,15172.88,14826.55,14837.92
2026-02-14 07:00:00,14836.94,14986.87,14703.24,14964.21
2026-02-14 08:00:00,14962.06,15023.57,14903.27,15014.42
2026-02-14 09:00:00,15012.33,15070.75,14804.69,14854.23
2026-02-14 10:00:00,14853.95,15025.3,14770.36,14964.84
2026-02-14 11:00:00,14966.33,15104.03,14832.83,15070.65
2026-02-14 12:00:00,15073.01,15270.01,15062.97,15145.1
2026-02-14 13:00:00,15148.73,15272.15,15132.38,15249.7
2026-02-14 14:00:00,15251.11,15396.82,15212.06,15314.55
2026-02-14 15:00:00,15311.74,15388.16,15267.03,15345.49
2026-02-14 16:00:00,15342.29,15417.55,15265.44,15295.75
2026-02-14 17:00:00,15296.09,15366.46,15133.4,15269.47
2026-02-14 18:00:00,15269.87,15554.29,15256.64,15554.29
2026-02-14 19:00:00,15553.71,15585.42,15318.74,15326.28
2026-02-14 20:00:00,15322.12,15358.92,15079.41,15218.7
2026-02-14 21:00:00,15219.42,15405.71,15201.91,15313.8
2026-02-14 22:00:00,15309.55,15366.52,15199.36,15218.3
2026-02-14 23:00:00,15217.87,15285.59,15100.48,15132.96
2026-02-15 00:00:00,15128.43,15316.9,15081.48,15277.59
2026-02-15 01:00:00,15276.8,15328.49,14972.12,15017.94
2026-02-15 02:00:00,15017.79,15087.17,14883.83,14904.36
2026-02-15 03:00:00,14904.81,15223.72,14835.84,15082.6
2026-02-15 04:00:00,15084.09,15097.14,14900.19,15080.03
2026-02-15 05:00:00,15078.83,15269.7,15046.46,15245.13
2026-02-15 06:00:00,15249.33,15530.13,15245.13,15486.07
2026-02-15 07:00:00,15483.33,15640.06,15443.08,15620.81
2026-02-15 08:00:00,15620.43,15789.04,15555.74,15762.94
2026-02-15 09:00:00,15764.94,15771.14,15337.13,15532.86
2026-02-15 10:00:00,15534.03,15643.35,15483.75,15512.14
2026-02-15 11:00:00,15515.45,15672.12,15322.41,15613.99
2026-02-15 12:00:00,15616.64,15767.08,15614.53,15684.47
2026-02-15 13:00:00,15685.82,15711.1,15478.7,15566.56
2026-02-15 14:00:00,15569.46,15591.14,15384.33,15396.5
2026-02-15 15:00:00,15398.18,15566.98,15339.47,15498.23
2026-02-15 16:00:00,15502.82,15535.74,15434.25,15452.57
2026-02-15 17:00:00,15446.98,15456.52,15193.6,15193.6
2026-02-15 18:00:00,15192.34,15250.65,15036.74,15081.44
2026-02-15 19:00:00,15079.02,15319.84,15057.43,15248.3
2026-02-15 20:00:00,15248.03,15300.04,15096.7,15140.16
2026-02-15 21:00:00,15138.57,15190.02,14879.54,14884.29
2026-02-15 22:00:00,14884.23,15042.06,14880.77,15032.82
2026-02-15 23:00:00,15035.09,15159.48,14961.45,15128.79
2026-02-16 00:00:00,15131.65,15188.79,15048.68,15127.06
2026-02-16 01:00:00,15126.24,15492.98,15116.38,15480.13
2026-02-16 02:00:00,15480.54,15561.6,15395.66,15549.93
2026-02-16 03:00:00,15551.89,15638.11,15340.73,15408.47
2026-02-16 04:00:00,15409.01,15458.16,15316.26,15408.47
2026-02-16 05:00:00,15407.18,15421.49,15167.02,15197.41
2026-02-16 06:00:00,15197.15,15300.95,15040.45,15055.0
2026-02-16 07:00:00,15055.44,15297.13,15055.44,15245.59
2026-02-16 08:00:00,15245.64,15454.15,15116.29,15436.0
2026-02-16 09:00:00,15433.19,15473.51,15275.51,15368.45
2026-02-16 10:00:00,15368.91,15464.46,15301.05,15420.92
2026-02-16 11:00:00,15416.03,15625.05,15273.5,15290.57
2026-02-16 12:00:00,15288.7,15467.74,15190.77,15244.87
2026-02-16 13:00:00,15243.58,15252.5,15069.76,15072.81
2026-02-16 14:00:00,15070.94,15211.5,14956.52,14972.76
2026-02-16 15:00:00,14970.59,15187.73,14950.56,15133.92
2026-02-16 16:00:00,15132.36,15277.5,15043.95,15125.17
2026-02-16 17:00:00,15127.64,15195.05,14915.32,14949.11
2026-02-16 18:00:00,14949.84,15050.69,14927.13,14967.07
2026-02-16 19:00:00,14969.2,15217.63,14954.41,15202.2
2026-02-16 20:00:00,15203.17,15382.31,15089.72,15300.04
2026-02-16 21:00:00,15300.0,15566.06,15255.34,15469.89
2026-02-16 22:00:00,15469.84,15725.6,15420.84,15720.11
2026-02-16 23:00:00,15720.15,15761.17,15556.8,15598.5
2026-02-17 00:00:00,15599.56,15604.61,15349.39,15372.66
2026-02-17 01:00:00,15373.86,15513.26,15309.84,15505.27
2026-02-17 02:00:00,15508.02,15652.06,15475.58,15622.08
2026-02-17 03:00:00,15621.63,15731.89,15397.51,15405.82
2026-02-17 04:00:00,15403.17,15542.9,15368.54,15512.31
2026-02-17 05:00:00,15512.43,15549.1,15390.82,15480.53
2026-02-17 06:00:00,15478.88,15543.68,15353.22,15415.96
2026-02-17 07:00:00,15416.27,15791.92,15415.19,15754.54
2026-02-17 08:00:00,15753.2,15934.86,15731.91,15808.38
2026-02-17 09:00:00,15809.35,16073.85,15775.9,15998.05
2026-02-17 10:00:00,15996.62,16152.19,15946.49,16014.1
2026-02-17 11:00:00,16012.28,16262.14,16007.95,16220.68
2026-02-17 12:00:00,16218.75,16379.62,16131.56,16325.8
2026-02-17 13:00:00,16323.13,16468.63,16234.35,16380.75
2026-02-17 14:00:00,16381.42,16420.55,16263.63,16299.15
2026-02-17 15:00:00,16296.3,16387.99,16164.92,16353.5
2026-02-17 16:00:00,16351.04,16381.61,16092.62,16286.6
2026-02-17 17:00:00,16285.83,16333.38,16120.81,16215.45
2026-02-17 18:00:00,16215.92,16368.0,16137.44,16221.43
2026-02-17 19:00:00,16223.1,16271.5,16072.3,16097.96
2026-02-17 20:00:00,16102.4,16273.82,16048.22,16180.9
2026-02-17 21:00:00,16183.3,16654.36,16177.15,16383.01
2026-02-17 22:00:00,16381.89,16443.62,16216.57,16278.42
2026-02-17 23:00:00,16274.72,16396.02,16216.55,16273.03
2026-02-18 00:00:00,16276.82,16427.72,16248.96,16424.77
2026-02-18 01:00:00,16423.05,16513.32,16373.08,16492.87
2026-02-18 02:00:00,16492.92,16577.52,16480.05,16524.94
2026-02-18 03:00:00,16524.59,16681.85,16418.25,16670.88
2026-02-18 04:00:00,16671.62,16671.62,16503.33,16549.75
2026-02-18 05:00:00,16545.46,16837.03,16536.76,16762.72
2026-02-18 06:00:00,16759.3,16970.29,16568.03,16642.42
2026-02-18 07:00:00,16639.33,16777.0,16447.64,16478.19
2026-02-18 08:00:00,16474.49,16490.86,16337.13,16435.75
2026-02-18 09:00:00,16433.5,16540.56,16344.03,16497.95
2026-02-18 10:00:00,16501.21,16599.91,16143.11,16218.09
2026-02-18 11:00:00,16217.19,16483.76,16211.93,16395.6
2026-02-18 12:00:00,16398.83,16419.22,15919.46,15929.78
2026-02-18 13:00:00,15929.79,15995.74,15439.12,15440.07
2026-02-18 14:00:00,15440.63,15495.26,15191.09,15191.09
2026-02-18 15:00:00,15191.97,15243.52,15108.22,15108.22
2026-02-18 16:00:00,15106.54,15194.69,14933.55,15194.69
2026-02-18 17:00:00,15191.74,15226.26,14929.4,15064.07
2026-02-18 18:00:00,15062.61,15161.8,14990.03,15011.37
2026-02-18 19:00:00,15011.99,15315.22,14994.59,15290.47
2026-02-18 20:00:00,15292.83,15509.06,15273.3,15386.17
2026-02-18 21:00:00,15385.15,15442.64,15252.72,15442.64
2026-02-18 22:00:00,15444.19,15683.75,15418.73,15487.93
2026-02-18 23:00:00,15486.22,15513.73,15377.35,15379.29
2026-02-19 00:00:00,15378.25,15453.06,15277.13,15383.85
2026-02-19 01:00:00,15385.74,15402.81,15041.48,15045.37
2026-02-19 02:00:00,15045.74,15093.0,14933.07,14975.8
2026-02-19 03:00:00,14973.69,15171.63,14927.55,15018.17
2026-02-19 04:00:00,15015.38,15085.81,14816.35,14816.35
2026-02-19 05:00:00,14817.17,15051.87,14777.21,15008.13
2026-02-19 06:00:00,15010.36,15052.82,14835.88,14849.82
2026-02-19 07:00:00,14848.54,14870.71,14416.73,14434.49
2026-02-19 08:00:00,14433.64,14450.02,14345.2,14439.77
2026-02-19 09:00:00,14439.59,14695.62,14367.39,14694.49
2026-02-19 10:00:00,14694.15,14938.62,14630.95,14936.2
2026-02-19 11:00:00,14939.12,15010.7,14854.01,14961.32
2026-02-19 12:00:00,14960.87,15161.91,14913.14,15150.28
2026-02-19 13:00:00,15150.9,15311.0,15095.4,15165.41
2026-02-19 14:00:00,15165.06,15366.14,15165.06,15354.44
2026-02-19 15:00:00,15356.9,15544.94,15300.77,15314.86
2026-02-19 16:00:00,15314.04,15405.15,15030.54,15044.19
2026-02-19 17:00:00,15044.75,15083.08,14756.33,14771.27
2026-02-19 18:00:00,14774.22,14777.11,14515.23,14685.17
2026-02-19 19:00:00,14685.75,14715.84,14394.15,14482.5
2026-02-19 20:00:00,14483.45,14581.84,14356.71,14430.44
2026-02-19 21:00:00,14430.58,14596.17,14425.75,14540.97
2026-02-19 22:00:00,14538.91,14644.32,14407.61,14616.49
2026-02-19 23:00:00,14616.41,14631.52,14396.43,14515.66
2026-02-20 00:00:00,14512.98,14552.97,14258.99,14277.73
2026-02-20 01:00:00,14279.07,14505.94,14191.52,14502.08
2026-02-20 02:00:00,14499.51,14612.6,14442.08,14497.7
2026-02-20 03:00:00,14494.57,14566.11,14342.13,14344.64
2026-02-20 04:00:00,14346.06,14449.89,14343.18,14415.89
2026-02-20 05:00:00,14417.44,14424.01,14298.27,14381.16
2026-02-20 06:00:00,14381.31,14689.62,14320.05,14666.49
2026-02-20 07:00:00,14668.0,14886.73,14615.68,14879.77
2026-02-20 08:00:00,14881.63,14920.89,14745.27,14789.96
2026-02-20 09:00:00,14789.62,14832.27,14560.56,14675.14
2026-02-20 10:00:00,14673.72,14740.69,14594.28,14712.96
2026-02-20 11:00:00,14713.9,14747.15,14544.2,14614.82
2026-02-20 12:00:00,14613.17,14931.95,14613.17,14767.57
2026-02-20 13:00:00,14765.47,14789.7,14462.38,14481.59
2026-02-20 14:00:00,14484.18,14614.57,14391.54,14605.96
2026-02-20 15:00:00,14607.97,14678.39,14485.82,14514.31
2026-02-20 16:00:00,14514.81,14748.54,14491.34,14655.13
2026-02-20 17:00:00,14653.28,14669.54,14421.83,14473.48
2026-02-20 18:00:00,14473.86,14570.91,14445.09,14462.37
2026-02-20 19:00:00,14462.87,14535.87,14356.1,14526.48
2026-02-20 20:00:00,14524.3,14623.86,14492.37,14525.98
2026-02-20 21:00:00,14524.94,14691.92,14518.42,14656.27
2026-02-20 22:00:00,14657.1,14733.75,14544.49,14706.56
2026-02-20 23:00:00,14703.76,14932.24,14700.75,14920.54
2026-02-21 00:00:00,14919.18,14977.33,14803.42,14941.55
2026-02-21 01:00:00,14942.51,15158.72,14876.15,15144.94
2026-02-21 02:00:00,15146.12,15396.59,15123.07,15383.64
2026-02-21 03:00:00,15382.59,15453.29,15324.34,15345.03
2026-02-21 04:00:00,15343.78,15404.07,15014.87,15017.39
2026-02-21 05:00:00,15018.93,15100.57,14879.5,15094.32
2026-02-21 06:00:00,15095.15,15119.04,14901.61,14998.98
2026-02-21 07:00:00,15001.2,15058.98,14716.74,14804.43
2026-02-21 08:00:00,14805.41,15056.45,14777.29,15037.12
2026-02-21 09:00:00,15037.84,15196.21,14969.35,15122.6
2026-02-21 10:00:00,15122.96,15249.18,15066.85,15238.25
2026-02-21 11:00:00,15242.99,15487.12,15237.7,15465.09
2026-02-21 12:00:00,15466.63,15605.99,15466.63,15561.12
2026-02-21 13:00:00,15561.63,15645.65,15462.04,15617.28
2026-02-21 14:00:00,15617.88,15617.88,15287.79,15388.88
2026-02-21 15:00:00,15387.69,15608.76,15323.19,15532.55
2026-02-21 16:00:00,15531.69,15685.07,15480.85,15602.27
2026-02-21 17:00:00,15604.38,15866.0,15604.38,15755.81
2026-02-21 18:00:00,15753.69,16081.72,15683.91,15880.17
2026-02-21 19:00:00,15879.23,16009.1,15760.07,15822.14
2026-02-21 20:00:00,15822.6,15881.34,15685.01,15763.14
2026-02-21 21:00:00,15760.41,15873.34,15649.84,15730.11
2026-02-21 22:00:00,15730.58,15916.35,15569.69,15871.98
2026-02-21 23:00:00,15872.64,16065.7,15838.48,15987.22
2026-02-22 00:00:00,15987.88,16026.07,15839.83,15881.39
2026-02-22 01:00:00,15879.51,16232.86,15793.45,15987.47
2026-02-22 02:00:00,15986.98,16018.19,15674.61,15822.25
2026-02-22 03:00:00,15826.14,15967.57,15677.7,15919.14
2026-02-22 04:00:00,15919.35,16120.58,15878.05,16112.4
2026-02-22 05:00:00,16114.17,16125.77,15803.75,15951.04
2026-02-22 06:00:00,15951.35,16115.4,15944.68,16043.74
2026-02-22 07:00:00,16047.32,16063.31,15767.38,15776.3
2026-02-22 08:00:00,15776.21,15802.45,15430.14,15688.55
2026-02-22 09:00:00,15687.0,15888.39,15582.83,15847.72
2026-02-22 10:00:00,15847.27,16168.86,15815.4,16100.4
2026-02-22 11:00:00,16094.68,16177.95,15949.22,15975.11
2026-02-22 12:00:00,15974.65,16159.39,15915.48,16057.62
2026-02-22 13:00:00,16061.72,16262.09,16027.53,16214.24
2026-02-22 14:00:00,16217.39,16283.72,16125.78,16226.45
2026-02-22 15:00:00,16225.52,16327.26,16113.79,16290.08
2026-02-22 16:00:00,16291.31,16413.45,16055.15,16113.83
2026-02-22 17:00:00,16117.7,16131.44,15861.51,15876.69
2026-02-22 18:00:00,15878.33,15892.1,15711.62,15824.27
2026-02-22 19:00:00,15823.24,15898.75,15731.17,15845.09
2026-02-22 20:00:00,15845.68,15946.38,15718.81,15748.79
2026-02-22 21:00:00,15746.62,15799.06,15595.62,15627.85
2026-02-22 22:00:00,15624.69,15667.73,15274.96,15328.03
2026-02-22 23:00:00,15329.04,15471.98,15284.81,15287.63
2026-02-23 00:00:00,15285.61,15369.04,15202.44,15231.89
2026-02-23 01:00:00,15233.9,15233.9,15024.03,15067.1
2026-02-23 02:00:00,15068.56,15188.99,15035.47,15187.77
2026-02-23 03:00:00,15190.39,15194.52,14952.38,15112.39
2026-02-23 04:00:00,15111.16,15122.06,14999.91,15074.76
2026-02-23 05:00:00,15076.15,15187.98,14856.53,14877.57
2026-02-23 06:00:00,14879.83,14978.31,14839.49,14869.2
2026-02-23 07:00:00,14871.73,15070.88,14784.36,14807.2
2026-02-23 08:00:00,14808.42,14964.25,14796.75,14893.61
2026-02-23 09:00:00,14894.12,14921.4,14638.32,14865.04
2026-02-23 10:00:00,14862.34,14971.65,14748.01,14851.41
2026-02-23 11:00:00,14850.02,15037.63,14844.53,14903.66
2026-02-23 12:00:00,14905.69,14918.59,14601.79,14706.09
2026-02-23 13:00:00,14705.45,14757.94,14419.27,14435.83
2026-02-23 14:00:00,14439.1,14854.05,14439.1,14769.9
2026-02-23 15:00:00,14769.0,14895.02,14733.93,14790.8
2026-02-23 16:00:00,14790.92,15005.28,14731.29,14936.47
2026-02-23 17:00:00,14937.33,15161.51,14885.17,15071.47
2026-02-23 18:00:00,15073.99,15128.74,14958.6,14965.53
2026-02-23 19:00:00,14963.18,15060.05,14905.95,14964.53
2026-02-23 20:00:00,14963.49,15214.54,14871.88,15210.68
2026-02-23 21:00:00,15211.31,15310.22,15098.54,15126.99
2026-02-23 22:00:00,15126.92,15202.53,15051.73,15129.22
2026-02-23 23:00:00,15130.53,15276.48,14834.09,14913.96
2026-02-24 00:00:00,14917.23,15153.25,14886.7,14889.36
2026-02-24 01:00:00,14888.63,14941.38,14752.37,14805.08
2026-02-24 02:00:00,14808.73,14987.42,14808.73,14987.42
2026-02-24 03:00:00,14987.95,15203.14,14980.28,15041.88
2026-02-24 04:00:00,15043.25,15139.86,14905.71,15098.0
2026-02-24 05:00:00,15094.91,15157.9,14933.98,15108.95
2026-02-24 06:00:00,15112.43,15228.56,15099.79,15175.33
2026-02-24 07:00:00,15176.13,15459.01,15110.96,15441.34
2026-02-24 08:00:00,15440.82,15667.23,15404.51,15637.66
2026-02-24 09:00:00,15638.87,15999.72,15625.25,15890.17
2026-02-24 10:00:00,15889.04,16405.2,15871.98,16390.39
2026-02-24 11:00:00,16391.6,16441.81,16209.62,16377.05
2026-02-24 12:00:00,16375.15,16415.51,16005.32,16172.5
2026-02-24 13:00:00,16170.31,16171.05,15976.86,16126.34
2026-02-24 14:00:00,16128.33,16181.42,15835.69,15872.27
2026-02-24 15:00:00,15875.01,15875.19,15615.14,15738.01
2026-02-24 16:00:00,15739.79,15802.88,15537.28,15694.07
2026-02-24 17:00:00,15692.94,15697.69,15364.93,15411.07
2026-02-24 18:00:00,15412.16,15482.42,15332.63,15338.26
2026-02-24 19:00:00,15341.77,15500.69,15297.07,15297.07
2026-02-24 20:00:00,15295.5,15592.27,15291.6,15570.23
2026-02-24 21:00:00,15570.08,15648.47,15442.66,15630.1
2026-02-24 22:00:00,15628.35,15721.4,15573.55,15650.73
2026-02-24 23:00:00,15651.9,15730.4,15502.78,15716.74
2026-02-25 00:00:00,15713.83,16090.72,15685.06,16090.72
2026-02-25 01:00:00,16094.82,16303.81,16085.26,16117.67
2026-02-25 02:00:00,16118.4,16160.69,15797.07,15820.03
2026-02-25 03:00:00,15821.14,15835.13,15694.08,15745.49
2026-02-25 04:00:00,15748.18,15759.71,15607.38,15706.54
2026-02-25 05:00:00,15701.64,15724.58,15405.36,15482.77
2026-02-25 06:00:00,15483.37,15598.22,15309.04,15326.33
2026-02-25 07:00:00,15325.17,15488.71,15244.91,15488.52
2026-02-25 08:00:00,15487.03,15574.21,15454.92,15478.53
2026-02-25 09:00:00,15479.36,15545.69,15365.99,15365.99
2026-02-25 10:00:00,15368.84,15630.81,15325.56,15623.7
2026-02-25 11:00:00,15626.68,15932.64,15606.2,15850.48
2026-02-25 12:00:00,15851.03,15936.87,15726.77,15900.6
2026-02-25 13:00:00,15897.42,16081.78,15823.75,15992.84
2026-02-25 14:00:00,15995.26,16130.91,15928.27,16026.91
2026-02-25 15:00:00,16028.13,16039.77,15841.45,15930.37
2026-02-25 16:00:00,15928.69,15983.47,15601.05,15603.12
2026-02-25 17:00:00,15603.73,15876.6,15590.7,15856.38
2026-02-25 18:00:00,15856.4,15862.26,15604.13,15606.3
2026-02-25 19:00:00,15607.48,15773.44,15462.32,15464.0
2026-02-25 20:00:00,15464.82,15496.8,15135.45,15148.64
2026-02-25 21:00:00,15156.22,15165.32,15047.63,15082.62
2026-02-25 22:00:00,15080.21,15284.28,14952.73,15002.47
2026-02-25 23:00:00,15004.07,15206.3,14925.04,15120.35
2026-02-26 00:00:00,15120.12,15267.25,15076.17,15253.42
2026-02-26 01:00:00,15252.31,15262.52,14805.94,14854.75
2026-02-26 02:00:00,14855.58,15050.11,14827.79,14971.14
2026-02-26 03:00:00,14974.69,14998.24,14823.52,14946.21
2026-02-26 04:00:00,14944.11,14960.97,14713.27,14749.79
2026-02-26 05:00:00,14749.47,14805.03,14470.31,14538.88
2026-02-26 06:00:00,14538.06,14730.04,14522.8,14663.04
2026-02-26 07:00:00,14661.75,14756.97,14439.5,14550.7
2026-02-26 08:00:00,14547.63,14718.52,14500.14,14656.43
2026-02-26 09:00:00,14654.53,14889.2,14579.66,14780.18
2026-02-26 10:00:00,14781.74,14872.06,14708.92,14752.89
2026-02-26 11:00:00,14753.18,14897.15,14713.13,14875.11
2026-02-26 12:00:00,14870.79,14925.72,14814.48,14827.73
2026-02-26 13:00:00,14829.4,14930.21,14783.66,14844.36
2026-02-26 14:00:00,14845.4,14981.14,14819.84,14880.49
2026-02-26 15:00:00,14881.28,14954.9,14727.84,14781.36
2026-02-26 16:00:00,14778.35,14871.22,14668.97,14780.21
2026-02-26 17:00:00,14779.4,14830.1,14625.33,14805.77
2026-02-26 18:00:00,14802.93,14907.82,14588.06,14842.38
2026-02-26 19:00:00,14846.97,14890.8,14734.48,14779.12
2026-02-26 20:00:00,14779.65,14920.44,14733.99,14745.42
2026-02-26 21:00:00,14749.55,14766.75,14560.29,14636.04
2026-02-26 22:00:00,14640.34,14723.95,14583.74,14683.61
2026-02-26 23:00:00,14684.08,15094.15,14684.08,15018.87
2026-02-27 00:00:00,15019.24,15022.56,14728.44,14867.22
2026-02-27 01:00:00,14870.23,14947.73,14677.34,14715.75
2026-02-27 02:00:00,14713.95,14831.66,14632.15,14686.95
2026-02-27 03:00:00,14687.84,14745.02,14481.45,14486.42
2026-02-27 04:00:00,14484.63,14576.81,14405.08,14431.66
2026-02-27 05:00:00,14431.54,14460.58,14225.97,14351.39
2026-02-27 06:00:00,14352.47,14377.64,14149.96,14163.54
2026-02-27 07:00:00,14165.45,14172.21,13893.08,13899.6
2026-02-27 08:00:00,13899.52,14048.08,13678.82,13822.07
2026-02-27 09:00:00,13820.4,13833.23,13482.12,13590.03
2026-02-27 10:00:00,13591.71,13639.88,13497.56,13627.06
2026-02-27 11:00:00,13625.51,13749.82,13586.91,13736.72
2026-02-27 12:00:00,13736.49,13977.38,13736.49,13975.92
2026-02-27 13:00:00,13977.29,14056.22,13785.49,13819.54
2026-02-27 14:00:00,13818.96,13858.79,13714.16,13757.04
2026-02-27 15:00:00,13756.95,14117.4,13745.28,14077.81
2026-02-27 16:00:00,14078.07,14327.28,14027.62,14305.24
2026-02-27 17:00:00,14302.91,14405.39,14237.71,14394.63
2026-02-27 18:00:00,14393.54,14471.72,14280.38,14294.17
2026-02-27 19:00:00,14293.88,14346.04,14204.67,14248.77
2026-02-27 20:00:00,14248.01,14256.8,14050.67,14121.58
2026-02-27 21:00:00,14122.23,14194.84,14022.06,14031.16
2026-02-27 22:00:00,14031.06,14086.54,13953.48,13972.11
2026-02-27 23:00:00,13972.69,13985.65,13531.85,13608.73
2026-02-28 00:00:00,13606.77,13737.87,13584.49,13703.76
2026-02-28 01:00:00,13701.27,13800.99,13648.19,13692.63
2026-02-28 02:00:00,13693.5,13693.5,13466.9,13477.42
2026-02-28 03:00:00,13477.57,13527.06,13254.71,13327.04
2026-02-28 04:00:00,13324.11,13362.35,13115.02,13314.63
2026-02-28 05:00:00,13316.98,13543.49,13231.99,13511.37
2026-02-28 06:00:00,13508.78,13523.23,13213.99,13316.63
2026-02-28 07:00:00,13317.45,13331.23,13165.42,13185.19
2026-02-28 08:00:00,13183.21,13271.17,13112.19,13198.31
2026-02-28 09:00:00,13199.92,13288.65,13094.27,13276.04
2026-02-28 10:00:00,13280.41,13460.98,13209.8,13428.29
2026-02-28 11:00:00,13431.49,13672.8,13422.6,13571.71
2026-02-28 12:00:00,13572.4,13657.75,13449.95,13560.38
2026-02-28 13:00:00,13561.91,13808.12,13510.01,13781.07
2026-02-28 14:00:00,13783.47,13845.1,13680.5,13701.69
2026-02-28 15:00:00,13700.36,13919.74,13698.6,13841.77
2026-02-28 16:00:00,13839.14,13920.69,13809.92,13885.95
2026-02-28 17:00:00,13886.1,13946.18,13689.2,13723.48
2026-02-28 18:00:00,13723.13,13868.65,13691.96,13802.74
2026-02-28 19:00:00,13802.82,13962.56,13749.11,13932.38
2026-02-28 20:00:00,13932.14,14127.26,13927.14,14099.52
2026-02-28 21:00:00,14097.27,14138.73,13962.89,14053.61
2026-02-28 22:00:00,14052.45,14397.46,14042.1,14286.18
2026-02-28 23:00:00,14285.35,14325.82,14141.68,14315.57
2026-03-01 00:00:00,14316.78,14384.36,14170.36,14263.1
2026-03-01 01:00:00,14263.88,14330.03,14122.81,14262.11
2026-03-01 02:00:00,14263.02,14433.15,14247.16,14377.12
2026-03-01 03:00:00,14378.66,14534.91,14364.59,14518.8
2026-03-01 04:00:00,14519.61,14629.73,14491.7,14607.99
2026-03-01 05:00:00,14608.7,14782.81,14558.0,14763.24
2026-03-01 06:00:00,14761.24,14893.83,14707.27,14717.92
2026-03-01 07:00:00,14714.85,14819.36,14560.8,14801.26
2026-03-01 08:00:00,14803.78,14893.75,14673.61,14736.89
2026-03-01 09:00:00,14733.3,14915.66,14667.57,14903.39
2026-03-01 10:00:00,14903.45,14924.6,14801.97,14822.72
2026-03-01 11:00:00,14822.76,14870.29,14609.2,14612.31
2026-03-01 12:00:00,14608.18,14871.51,14573.85,14834.6
2026-03-01 13:00:00,14834.06,14947.83,14704.6,14947.83
2026-03-01 14:00:00,14946.69,15058.34,14866.22,15053.72
2026-03-01 15:00:00,15054.53,15213.81,15037.52,15213.81
2026-03-01 16:00:00,15218.06,15282.8,15146.77,15209.13
2026-03-01 17:00:00,15210.41,15437.17,15148.55,15351.82
2026-03-01 18:00:00,15355.07,15535.4,15280.81,15476.56
2026-03-01 19:00:00,15476.09,15617.39,15447.66,15521.79
2026-03-01 20:00:00,15522.89,15560.67,15245.0,15268.64
2026-03-01 21:00:00,15267.79,15270.64,15057.72,15072.47
2026-03-01 22:00:00,15071.38,15249.14,15000.75,15015.19
2026-03-01 23:00:00,15011.44,15185.91,14969.51,15156.44
2026-03-02 00:00:00,15154.6,15538.88,15154.6,15447.59
2026-03-02 01:00:00,15449.27,15623.65,15434.98,15576.42
2026-03-02 02:00:00,15578.12,15613.44,15438.47,15590.07
2026-03-02 03:00:00,15590.59,15731.79,15517.63,15557.22
2026-03-02 04:00:00,15555.55,15678.19,15454.85,15573.64
2026-03-02 05:00:00,15575.7,15770.16,15573.23,15718.15
2026-03-02 06:00:00,15717.02,15735.7,15501.05,15610.41
2026-03-02 07:00:00,15612.06,15741.71,15582.59,15679.32
2026-03-02 08:00:00,15680.41,15875.02,15666.36,15869.76
2026-03-02 09:00:00,15868.72,16275.25,15815.0,16221.96
2026-03-02 10:00:00,16223.49,16358.9,16180.6,16247.14
2026-03-02 11:00:00,16246.73,16394.4,16205.33,16356.94
2026-03-02 12:00:00,16360.17,16460.76,16169.22,16290.26
2026-03-02 13:00:00,16297.49,16367.41,16243.72,16324.23
2026-03-02 14:00:00,16323.33,16347.11,16001.37,16023.59
2026-03-02 15:00:00,16024.33,16092.18,15844.06,15919.37
2026-03-02 16:00:00,15918.42,16154.66,15880.92,16148.36
2026-03-02 17:00:00,16153.37,16414.1,16088.4,16362.89
2026-03-02 18:00:00,16363.87,16602.76,16335.34,16600.4
2026-03-02 19:00:00,16600.71,16677.17,16375.61,16375.61
2026-03-02 20:00:00,16372.65,16915.61,16330.26,16833.09
2026-03-02 21:00:00,16833.56,17113.8,16788.29,17078.36
2026-03-02 22:00:00,17079.97,17121.32,16713.9,16772.97
2026-03-02 23:00:00,16771.64,17105.2,16744.67,16946.91
2026-03-03 00:00:00,16948.26,17016.72,16792.72,16932.65
2026-03-03 01:00:00,16933.81,16946.43,16591.73,16790.17
2026-03-03 02:00:00,16791.69,16931.36,16719.62,16745.86
2026-03-03 03:00:00,16741.62,16824.27,16529.64,16628.14
2026-03-03 04:00:00,16626.67,16738.37,16491.99,16679.41
2026-03-03 05:00:00,16680.75,16799.41,16621.19,16658.76
2026-03-03 06:00:00,16657.81,16804.7,16601.28,16616.54
2026-03-03 07:00:00,16614.17,16632.19,16248.29,16369.82
2026-03-03 08:00:00,16371.4,16508.24,16314.64,16432.37
2026-03-03 09:00:00,16433.98,16476.66,16276.32,16405.25
2026-03-03 10:00:00,16406.75,16606.4,16394.46,16509.75
2026-03-03 11:00:00,16508.54,16648.06,16426.75,16460.28
2026-03-03 12:00:00,16462.21,16567.99,16227.61,16227.61
2026-03-03 13:00:00,16225.38,16257.12,16056.2,16154.62
2026-03-03 14:00:00,16156.63,16194.51,15958.99,15975.9
2026-03-03 15:00:00,15977.54,16005.52,15711.99,15734.01
2026-03-03 16:00:00,15733.89,15963.34,15725.16,15948.34
2026-03-03 17:00:00,15948.14,16108.87,15932.59,16031.07
2026-03-03 18:00:00,16031.69,16346.45,15948.05,16323.55
2026-03-03 19:00:00,16322.88,16544.2,16297.56,16509.59
2026-03-03 20:00:00,16507.06,16591.07,16420.86,16444.2
2026-03-03 21:00:00,16443.05,16558.92,16361.67,16460.14
2026-03-03 22:00:00,16459.67,16566.88,16395.16,16517.63
2026-03-03 23:00:00,16514.1,16551.24,16300.05,16306.56
2026-03-04 00:00:00,16302.14,16429.81,16249.89,16389.59
2026-03-04 01:00:00,16390.17,16405.45,15809.59,15809.59
2026-03-04 02:00:00,15807.19,16073.02,15753.98,15972.91
2026-03-04 03:00:00,15970.5,16140.94,15958.77,16056.97
2026-03-04 04:00:00,16058.77,16146.38,16018.87,16064.83
2026-03-04 05:00:00,16064.38,16258.94,15979.08,16120.61
2026-03-04 06:00:00,16125.67,16231.48,16047.47,16090.99
2026-03-04 07:00:00,16090.64,16095.9,15719.38,15886.16
2026-03-04 08:00:00,15886.87,15981.3,15825.49,15909.72
2026-03-04 09:00:00,15907.44,15937.76,15751.24,15794.1
2026-03-04 10:00:00,15791.6,15797.15,15608.24,15714.81
2026-03-04 11:00:00,15713.46,16067.64,15708.36,16067.64
2026-03-04 12:00:00,16069.95,16135.03,15976.24,16037.21
2026-03-04 13:00:00,16035.95,16037.23,15771.68,15811.65
2026-03-04 14:00:00,15810.83,15815.02,15646.17,15681.93
2026-03-04 15:00:00,15678.75,15717.54,15559.48,15663.62
2026-03-04 16:00:00,15664.93,15765.07,15514.91,15596.27
2026-03-04 17:00:00,15595.02,15705.12,15210.41,15216.72
2026-03-04 18:00:00,15216.18,15305.83,15115.07,15218.56
2026-03-04 19:00:00,15221.17,15291.11,15078.5,15099.14
2026-03-04 20:00:00,15097.74,15188.31,15057.8,15151.52
2026-03-04 21:00:00,15150.99,15282.03,15117.17,15230.17
2026-03-04 22:00:00,15230.71,15260.53,14978.3,15011.72
2026-03-04 23:00:00,15011.18,15069.31,14842.3,14892.99
2026-03-05 00:00:00,14893.61,14964.2,14698.77,14878.28
2026-03-05 01:00:00,14877.25,15059.87,14858.81,14915.66
2026-03-05 02:00:00,14913.73,15151.73,14842.36,15109.06
2026-03-05 03:00:00,15110.29,15129.26,14924.04,14937.94
2026-03-05 04:00:00,14937.6,14951.47,14754.76,14798.43
2026-03-05 05:00:00,14797.72,15009.12,14671.99,14997.96
2026-03-05 06:00:00,14999.31,15334.68,14978.58,15239.16
2026-03-05 07:00:00,15236.44,15272.33,14997.4,15028.72
2026-03-05 08:00:00,15027.25,15153.69,14944.87,14944.87
2026-03-05 09:00:00,14944.51,15142.24,14895.18,14948.66
2026-03-05 10:00:00,14947.3,14965.27,14702.94,14734.42
2026-03-05 11:00:00,14733.47,14799.42,14626.85,14769.07
2026-03-05 12:00:00,14768.41,14887.2,14594.22,14703.01
2026-03-05 13:00:00,14702.83,14713.2,14478.6,14479.51
2026-03-05 14:00:00,14477.61,14491.82,14321.61,14369.73
2026-03-05 15:00:00,14367.6,14408.15,14164.44,14197.85
2026-03-05 16:00:00,14197.63,14197.84,13736.68,13811.8
2026-03-05 17:00:00,13815.83,13842.57,13581.28,13662.58
2026-03-05 18:00:00,13664.03,13695.5,13513.6,13527.72
2026-03-05 19:00:00,13524.95,13687.61,13383.22,13659.82
2026-03-05 20:00:00,13660.27,13712.42,13600.08,13692.73
2026-03-05 21:00:00,13689.84,13825.04,13557.2,13721.56
2026-03-05 22:00:00,13721.33,13727.48,13285.25,13487.8
2026-03-05 23:00:00,13488.73,13517.61,13407.96,13509.82
2026-03-06 00:00:00,13509.73,13533.11,13327.4,13329.9
2026-03-06 01:00:00,13329.71,13438.26,13263.73,13356.27
2026-03-06 02:00:00,13357.97,13402.26,13233.9,13245.93
2026-03-06 03:00:00,13248.43,13321.52,13011.32,13038.9
2026-03-06 04:00:00,13040.63,13100.64,12866.38,12878.12
2026-03-06 05:00:00,12880.78,12899.02,12790.99,12869.82
2026-03-06 06:00:00,12871.84,12944.66,12770.19,12871.6
2026-03-06 07:00:00,12871.39,13013.85,12779.84,12792.94
2026-03-06 08:00:00,12794.54,12822.1,12618.93,12787.41
2026-03-06 09:00:00,12790.68,12894.32,12748.5,12824.12
2026-03-06 10:00:00,12823.58,12912.64,12766.69,12876.03
2026-03-06 11:00:00,12874.6,12982.29,12799.14,12845.2
2026-03-06 12:00:00,12847.59,13058.27,12840.97,13027.2
2026-03-06 13:00:00,13029.49,13072.75,12715.39,12740.19
2026-03-06 14:00:00,12740.88,12767.36,12462.34,12541.7
2026-03-06 15:00:00,12540.43,12559.58,12320.11,12485.33
2026-03-06 16:00:00,12486.74,12565.96,12444.31,12557.45
2026-03-06 17:00:00,12560.01,12837.0,12557.12,12808.41
2026-03-06 18:00:00,12808.16,12858.11,12619.48,12645.28
2026-03-06 19:00:00,12647.76,12691.79,12590.33,12662.91
2026-03-06 20:00:00,12664.08,12728.23,12501.23,12518.58
2026-03-06 21:00:00,12519.69,12519.96,12339.47,12425.67
2026-03-06 22:00:00,12424.31,12444.56,12255.14,12256.74
2026-03-06 23:00:00,12258.26,12286.84,12110.91,12159.97
2026-03-07 00:00:00,12157.71,12253.48,12091.31,12237.88
2026-03-07 01:00:00,12234.94,12251.76,12036.95,12052.07
2026-03-07 02:00:00,12052.57,12408.29,12023.4,12390.73
2026-03-07 03:00:00,12390.22,12418.03,12220.57,12283.95
2026-03-07 04:00:00,12283.79,12341.13,12150.12,12177.87
2026-03-07 05:00:00,12179.84,12518.36,12169.45,12506.94
2026-03-07 06:00:00,12507.89,12538.47,12404.55,12409.21
2026-03-07 07:00:00,12408.27,12528.62,12370.78,12422.47
2026-03-07 08:00:00,12421.76,12440.54,12160.02,12224.81
2026-03-07 09:00:00,12222.81,12224.24,12003.59,12026.25
2026-03-07 10:00:00,12026.56,12166.07,11903.45,12165.0
2026-03-07 11:00:00,12166.43,12174.38,11994.9,12088.76
2026-03-07 12:00:00,12089.11,12100.54,11945.06,11959.9
2026-03-07 13:00:00,11960.01,11979.71,11774.38,11797.61
2026-03-07 14:00:00,11796.59,11866.09,11724.39,11791.88
2026-03-07 15:00:00,11793.5,11831.02,11609.86,11610.0
2026-03-07 16:00:00,11609.37,11635.64,11465.69,11542.23
2026-03-07 17:00:00,11543.48,11816.62,11485.11,11786.22
2026-03-07 18:00:00,11787.67,11823.94,11701.95,11743.01
2026-03-07 19:00:00,11744.67,11886.78,11726.99,11839.08
2026-03-07 20:00:00,11840.03,12125.38,11770.19,12103.42
2026-03-07 21:00:00,12101.85,12159.7,12052.05,12094.57
2026-03-07 22:00:00,12095.79,12159.68,11997.35,12038.94
2026-03-07 23:00:00,12041.91,12173.1,12029.93,12121.63
2026-03-08 00:00:00,12119.79,12193.02,12024.67,12119.6
2026-03-08 01:00:00,12120.35,12153.75,11959.1,11995.12
2026-03-08 02:00:00,11997.29,12085.87,11935.97,12058.99
2026-03-08 03:00:00,12059.17,12084.41,11882.91,11911.45
2026-03-08 04:00:00,11912.89,11914.53,11768.17,11781.69
2026-03-08 05:00:00,11782.95,11859.23,11665.66,11854.96
2026-03-08 06:00:00,11852.32,11927.07,11807.01,11888.0
2026-03-08 07:00:00,11890.85,11998.35,11835.31,11854.2
2026-03-08 08:00:00,11853.95,12026.59,11853.95,11957.09
2026-03-08 09:00:00,11959.15,12050.69,11928.14,12007.58
2026-03-08 10:00:00,12006.14,12024.04,11846.91,11877.0
2026-03-08 11:00:00,11874.35,11892.74,11821.28,11857.84
2026-03-08 12:00:00,11859.15,11878.51,11713.39,11795.2
2026-03-08 13:00:00,11796.41,11941.12,11728.11,11909.32
2026-03-08 14:00:00,11907.28,12291.16,11884.22,12281.33
2026-03-08 15:00:00,12281.12,12293.56,12035.82,12130.16
2026-03-08 16:00:00,12130.48,12132.67,11991.85,12003.66
2026-03-08 17:00:00,12005.83,12043.11,11866.61,11877.17
2026-03-08 18:00:00,11876.21,12046.0,11864.63,12034.66
2026-03-08 19:00:00,12036.27,12219.91,12004.37,12011.04
2026-03-08 20:00:00,12011.2,12225.1,11991.79,12225.1
2026-03-08 21:00:00,12225.71,12371.13,12176.43,12324.88
2026-03-08 22:00:00,12325.21,12325.21,12046.4,12067.08
2026-03-08 23:00:00,12066.79,12096.54,11934.46,12086.28
2026-03-09 00:00:00,12085.93,12181.2,12027.46,12142.97
2026-03-09 01:00:00,12145.17,12244.35,12140.29,12221.83
2026-03-09 02:00:00,12217.05,12227.02,11931.02,11972.09
2026-03-09 03:00:00,11972.93,11972.93,11836.65,11886.46
2026-03-09 04:00:00,11887.57,11987.26,11809.18,11825.55
2026-03-09 05:00:00,11824.08,11934.23,11661.71,11668.93
2026-03-09 06:00:00,11669.44,11758.66,11642.72,11678.56
2026-03-09 07:00:00,11677.17,11915.06,11642.47,11894.36
2026-03-09 08:00:00,11892.25,12049.69,11875.51,12032.26
2026-03-09 09:00:00,12029.71,12242.59,12020.02,12189.48
2026-03-09 10:00:00,12187.94,12249.92,12089.03,12118.08
2026-03-09 11:00:00,12121.41,12180.78,12055.38,12164.85
2026-03-09 12:00:00,12164.03,12223.85,12089.64,12095.96
2026-03-09 13:00:00,12097.1,12530.33,12065.11,12463.87
2026-03-09 14:00:00,12463.31,12500.35,12246.5,12255.68
2026-03-09 15:00:00,12254.23,12277.05,12092.65,12185.16
2026-03-09 16:00:00,12187.37,12228.72,12079.66,12216.51
2026-03-09 17:00:00,12214.61,12328.39,12200.14,12238.46
2026-03-09 18:00:00,12237.8,12240.12,11946.48,11999.7
2026-03-09 19:00:00,12002.09,12014.01,11630.69,11638.28
2026-03-09 20:00:00,11636.99,11795.86,11590.16,11793.62
2026-03-09 21:00:00,11794.88,11803.77,11620.29,11687.89
2026-03-09 22:00:00,11689.59,11829.98,11675.27,11716.51
2026-03-09 23:00:00,11717.17,11789.81,11667.37,11686.32
2026-03-10 00:00:00,11685.98,11852.21,11672.05,11788.84
2026-03-10 01:00:00,11791.54,11875.13,11727.05,11767.18
2026-03-10 02:00:00,11766.12,11770.4,11501.95,11574.66
2026-03-10 03:00:00,11574.92,11678.79,11552.88,11621.98
2026-03-10 04:00:00,11623.63,11807.51,11604.5,11779.78
2026-03-10 05:00:00,11779.58,11984.68,11747.95,11908.64
2026-03-10 06:00:00,11908.7,12028.89,11894.77,11944.83
2026-03-10 07:00:00,11945.79,12007.65,11858.86,11886.97
2026-03-10 08:00:00,11888.59,11908.8,11791.56,11899.22
2026-03-10 09:00:00,11899.29,11925.82,11816.48,11897.22
2026-03-10 10:00:00,11895.84,11917.07,11797.46,11873.46
2026-03-10 11:00:00,11871.85,11961.88,11635.28,11668.7
2026-03-10 12:00:00,11669.07,11697.55,11521.87,11575.24
2026-03-10 13:00:00,11574.85,11650.78,11541.09,11566.41
2026-03-10 14:00:00,11567.24,11585.66,11367.77,11381.93
2026-03-10 15:00:00,11380.8,11425.11,11212.63,11401.31
2026-03-10 16:00:00,11400.06,11423.71,11173.16,11187.98
2026-03-10 17:00:00,11186.6,11242.49,11134.84,11227.24
2026-03-10 18:00:00,11228.71,11263.45,11161.54,11173.37
2026-03-10 19:00:00,11173.51,11195.52,11073.38,11078.75
2026-03-10 20:00:00,11080.53,11250.81,11033.68,11238.03
2026-03-10 21:00:00,11237.79,11315.12,11190.03,11246.96
2026-03-10 22:00:00,11247.73,11304.83,11124.68,11193.76
2026-03-10 23:00:00,11193.54,11335.91,11153.03,11162.26
2026-03-11 00:00:00,11160.32,11209.58,11065.0,11065.25
2026-03-11 01:00:00,11066.08,11313.25,11013.71,11313.25
2026-03-11 02:00:00,11312.61,11339.03,11204.41,11242.34
2026-03-11 03:00:00,11241.34,11247.41,11122.72,11159.94
2026-03-11 04:00:00,11157.67,11225.95,11007.16,11008.45
2026-03-11 05:00:00,11007.0,11096.21,10946.43,11046.92
2026-03-11 06:00:00,11048.06,11059.18,10871.5,10880.84
2026-03-11 07:00:00,10882.19,10930.29,10777.14,10781.73
2026-03-11 08:00:00,10782.6,10910.08,10755.55,10822.67
2026-03-11 09:00:00,10822.86,11069.36,10773.6,11011.66
2026-03-11 10:00:00,11014.69,11049.23,10874.2,10972.56
2026-03-11 11:00:00,10971.55,11103.48,10962.77,10981.07
2026-03-11 12:00:00,10983.83,11184.43,10973.52,11173.79
2026-03-11 13:00:00,11176.77,11176.77,10984.14,11055.69
2026-03-11 14:00:00,11053.52,11184.07,11017.4,11152.02
2026-03-11 15:00:00,11153.42,11443.42,11140.97,11400.04
2026-03-11 16:00:00,11400.99,11410.79,11250.08,11261.98
2026-03-11 17:00:00,11260.64,11378.34,11247.32,11305.25
2026-03-11 18:00:00,11305.22,11478.77,11305.22,11448.01
2026-03-11 19:00:00,11449.26,11514.37,11394.77,11497.51
2026-03-11 20:00:00,11499.47,11586.24,11380.63,11399.84
2026-03-11 21:00:00,11399.19,11631.32,11370.09,11631.32
2026-03-11 22:00:00,11630.82,11642.65,11453.91,11466.36
2026-03-11 23:00:00,11468.01,11539.76,11453.45,11522.16
2026-03-12 00:00:00,11521.79,11788.22,11456.96,11782.21
2026-03-12 01:00:00,11784.92,11850.83,11715.58,11844.69
2026-03-12 02:00:00,11844.91,12043.29,11796.35,12014.17
2026-03-12 03:00:00,12009.94,12061.93,11891.31,12031.31
2026-03-12 04:00:00,12031.52,12046.53,11867.14,11870.09
2026-03-12 05:00:00,11870.97,11891.09,11730.04,11809.24
2026-03-12 06:00:00,11812.55,12098.45,11773.41,12097.34
2026-03-12 07:00:00,12099.39,12203.82,12034.91,12065.09
2026-03-12 08:00:00,12065.46,12105.6,11786.05,11820.87
2026-03-12 09:00:00,11818.65,11867.67,11774.31,11808.15
2026-03-12 10:00:00,11808.08,11853.27,11738.84,11839.25
2026-03-12 11:00:00,11837.98,11994.2,11800.84,11894.08
2026-03-12 12:00:00,11896.3,11952.79,11787.44,11900.32
2026-03-12 13:00:00,11899.72,12044.01,11820.1,12025.21
2026-03-12 14:00:00,12026.73,12079.65,11871.54,12077.59
2026-03-12 15:00:00,12078.67,12293.02,12054.02,12277.62
2026-03-12 16:00:00,12277.14,12400.62,12253.99,12256.8
2026-03-12 17:00:00,12254.5,12257.68,12019.91,12103.57
2026-03-12 18:00:00,12104.17,12148.55,12025.82,12036.91
2026-03-12 19:00:00,12037.54,12078.0,11793.22,11811.3
2026-03-12 20:00:00,11812.48,11890.71,11786.47,11825.28
2026-03-12 21:00:00,11826.49,11855.6,11747.69,11780.56
2026-03-12 22:00:00,11780.2,11784.49,11527.25,11534.57
2026-03-12 23:00:00,11531.48,11678.79,11513.49,11553.65
2026-03-13 00:00:00,11555.02,11698.52,11544.14,11572.87
2026-03-13 01:00:00,11572.37,11658.02,11539.15,11647.44
2026-03-13 02:00:00,11647.75,11693.58,11584.84,11621.71
2026-03-13 03:00:00,11621.81,11621.81,11445.37,11455.02
2026-03-13 04:00:00,11456.72,11511.58,11363.19,11378.01
2026-03-13 05:00:00,11379.27,11602.55,11373.84,11581.26
2026-03-13 06:00:00,11578.31,11586.72,11453.5,11478.01
2026-03-13 07:00:00,11479.14,11542.44,11404.47,11481.37
2026-03-13 08:00:00,11479.41,11524.08,11334.25,11369.41
2026-03-13 09:00:00,11369.5,11390.57,11201.79,11382.54
2026-03-13 10:00:00,11381.59,11471.78,11277.95,11333.25
2026-03-13 11:00:00,11335.22,11348.67,11210.42,11240.73
2026-03-13 12:00:00,11239.28,11261.65,11071.51,11094.73
2026-03-13 13:00:00,11094.27,11115.49,10972.12,11012.44
2026-03-13 14:00:00,11011.7,11045.05,10951.05,11039.1
2026-03-13 15:00:00,11039.13,11156.5,10960.04,10971.06
2026-03-13 16:00:00,10970.33,11054.69,10898.21,10956.26
2026-03-13 17:00:00,10954.73,11119.47,10937.38,11064.13
2026-03-13 18:00:00,11064.47,11081.34,10956.47,11007.32
2026-03-13 19:00:00,11007.06,11056.02,10943.51,11018.84
2026-03-13 20:00:00,11019.1,11302.9,11003.26,11290.66
2026-03-13 21:00:00,11291.75,11312.12,10991.05,11019.75
2026-03-13 22:00:00,11022.59,11134.29,10962.32,11095.44
2026-03-13 23:00:00,11095.08,11103.94,10905.08,10950.17
2026-03-14 00:00:00,10951.5,11035.25,10850.54,10996.03
2026-03-14 01:00:00,10996.5,11131.07,10948.95,11089.33
2026-03-14 02:00:00,11091.48,11356.98,11088.97,11297.73
2026-03-14 03:00:00,11297.32,11362.87,11297.32,11358.52
2026-03-14 04:00:00,11360.61,11479.26,11338.23,11414.74
2026-03-14 05:00:00,11413.02,11420.32,11318.61,11389.52
2026-03-14 06:00:00,11388.96,11531.52,11361.52,11388.74
2026-03-14 07:00:00,11388.29,11406.67,11215.58,11362.13
2026-03-14 08:00:00,11363.03,11419.4,11345.32,11410.66
2026-03-14 09:00:00,11411.89,11681.05,11389.06,11654.32
2026-03-14 10:00:00,11654.81,11742.58,11610.72,11691.09
2026-03-14 11:00:00,11691.57,11698.58,11400.34,11400.34
2026-03-14 12:00:00,11398.92,11425.99,11155.74,11159.87
2026-03-14 13:00:00,11158.84,11267.13,11113.67,11244.82
2026-03-14 14:00:00,11245.63,11424.26,11237.74,11315.9
2026-03-14 15:00:00,11315.38,11339.32,11074.86,11166.5
2026-03-14 16:00:00,11168.69,11231.1,11076.15,11118.88
2026-03-14 17:00:00,11116.57,11123.59,10987.47,11111.21
2026-03-14 18:00:00,11111.97,11125.1,11037.6,11080.17
2026-03-14 19:00:00,11079.53,11186.52,11061.23,11152.8
2026-03-14 20:00:00,11148.69,11183.76,11096.27,11113.14
2026-03-14 21:00:00,11114.09,11281.73,11081.54,11254.51
2026-03-14 22:00:00,11255.36,11267.77,11159.03,11243.26
2026-03-14 23:00:00,11243.85,11259.68,11046.12,11098.49
2026-03-15 00:00:00,11098.32,11100.39,10943.83,11023.33
2026-03-15 01:00:00,11023.82,11032.54,10743.22,10752.08
2026-03-15 02:00:00,10751.63,10763.64,10650.96,10702.93
2026-03-15 03:00:00,10705.7,10831.32,10699.3,10822.75
2026-03-15 04:00:00,10824.69,10892.35,10806.51,10855.85
2026-03-15 05:00:00,10856.7,10866.99,10704.81,10769.23
2026-03-15 06:00:00,10771.06,10786.15,10623.31,10706.35
2026-03-15 07:00:00,10706.28,10744.95,10623.46,10672.69
2026-03-15 08:00:00,10669.03,10825.76,10645.74,10823.62
2026-03-15 09:00:00,10822.82,10845.91,10654.69,10793.03
2026-03-15 10:00:00,10795.26,10929.21,10785.21,10834.84
2026-03-15 11:00:00,10834.17,10886.07,10822.85,10844.52
2026-03-15 12:00:00,10844.6,10872.16,10796.03,10837.07
2026-03-15 13:00:00,10835.43,10961.01,10778.84,10846.78
2026-03-15 14:00:00,10845.93,10900.46,10661.57,10692.34
2026-03-15 15:00:00,10695.36,10741.21,10617.45,10685.59
2026-03-15 16:00:00,10686.38,10809.25,10655.39,10669.52
2026-03-15 17:00:00,10671.37,10719.56,10606.88,10669.56
2026-03-15 18:00:00,10669.27,10838.97,10613.55,10818.26
2026-03-15 19:00:00,10817.86,10861.83,10760.01,10808.61
2026-03-15 20:00:00,10808.63,10962.12,10788.83,10924.54
2026-03-15 21:00:00,10925.5,10938.62,10779.48,10825.4
2026-03-15 22:00:00,10826.78,10919.73,10767.36,10894.24
2026-03-15 23:00:00,10893.98,11068.7,10866.23,11053.09
2026-03-16 00:00:00,11052.74,11059.19,10915.92,10915.92
2026-03-16 01:00:00,10914.87,10955.91,10777.2,10827.75
2026-03-16 02:00:00,10829.34,10964.7,10759.52,10839.68
2026-03-16 03:00:00,10839.56,10914.94,10790.4,10841.08
2026-03-16 04:00:00,10839.87,11035.31,10802.33,10989.19
2026-03-16 05:00:00,10989.97,11011.23,10834.54,10865.54
2026-03-16 06:00:00,10865.58,11020.71,10863.68,10963.96
2026-03-16 07:00:00,10963.42,11005.35,10898.48,10955.1
2026-03-16 08:00:00,10953.54,10957.03,10878.56,10912.01
2026-03-16 09:00:00,10908.21,11012.9,10901.18,10921.98
2026-03-16 10:00:00,10923.32,10927.48,10714.74,10805.56
2026-03-16 11:00:00,10804.7,10889.71,10770.8,10797.01
2026-03-16 12:00:00,10796.92,10814.39,10673.56,10702.94
2026-03-16 13:00:00,10703.59,10777.82,10565.1,10686.41
2026-03-16 14:00:00,10685.77,10786.0,10631.9,10632.98
2026-03-16 15:00:00,10629.19,10803.41,10621.17,10696.02
2026-03-16 16:00:00,10697.95,10717.98,10629.53,10639.23
2026-03-16 17:00:00,10640.81,10719.54,10628.24,10706.41
2026-03-16 18:00:00,10708.32,10724.83,10556.17,10600.06
2026-03-16 19:00:00,10599.74,10804.82,10591.05,10798.81
2026-03-16 20:00:00,10799.08,10826.76,10532.93,10579.98
2026-03-16 21:00:00,10580.84,10696.42,10577.22,10651.5
2026-03-16 22:00:00,10651.67,10725.29,10629.96,10712.27
2026-03-16 23:00:00,10712.08,10736.3,10589.38,10650.6
2026-03-17 00:00:00,10650.21,10694.66,10538.29,10625.94
2026-03-17 01:00:00,10625.67,10698.91,10580.82,10684.26
2026-03-17 02:00:00,10684.16,10724.08,10495.67,10540.43
2026-03-17 03:00:00,10539.64,10587.42,10439.12,10570.81
2026-03-17 04:00:00,10571.41,10733.63,10529.82,10536.86
2026-03-17 05:00:00,10538.05,10723.61,10503.58,10702.32
2026-03-17 06:00:00,10704.77,10948.73,10659.85,10901.35
2026-03-17 07:00:00,10901.18,10993.11,10869.01,10942.43
2026-03-17 08:00:00,10940.38,10958.85,10842.76,10891.44
2026-03-17 09:00:00,10889.39,11041.36,10808.64,11026.81
2026-03-17 10:00:00,11027.41,11134.31,10961.91,11104.97
2026-03-17 11:00:00,11102.91,11175.54,11055.85,11067.08
2026-03-17 12:00:00,11067.67,11155.45,11026.51,11073.33
2026-03-17 13:00:00,11074.42,11259.92,11034.24,11257.18
2026-03-17 14:00:00,11257.25,11339.37,11156.63,11336.52
2026-03-17 15:00:00,11337.4,11440.1,11295.19,11436.2
2026-03-17 16:00:00,11434.9,11522.06,11363.58,11405.94
2026-03-17 17:00:00,11408.71,11519.38,11333.86,11519.38
2026-03-17 18:00:00,11519.1,11695.99,11505.54,11663.41
2026-03-17 19:00:00,11663.26,11913.71,11648.14,11868.31
2026-03-17 20:00:00,11868.12,11896.98,11760.37,11819.37
2026-03-17 21:00:00,11823.36,11947.63,11799.48,11872.75
2026-03-17 22:00:00,11872.05,11909.49,11669.69,11679.92
2026-03-17 23:00:00,11676.49,11761.18,11628.31,11665.31
2026-03-18 00:00:00,11664.47,12018.52,11654.19,12016.95
2026-03-18 01:00:00,12015.49,12084.03,11877.81,12002.19
2026-03-18 02:00:00,12003.02,12074.98,11840.71,12054.34
2026-03-18 03:00:00,12052.76,12135.41,12006.8,12103.59
2026-03-18 04:00:00,12102.63,12291.7,12101.8,12268.34
2026-03-18 05:00:00,12267.08,12291.39,12063.24,12117.18
2026-03-18 06:00:00,12117.17,12242.48,12117.17,12221.86
2026-03-18 07:00:00,12220.55,12362.53,12202.41,12339.93
2026-03-18 08:00:00,12339.03,12434.76,12276.46,12367.61
2026-03-18 09:00:00,12369.92,12562.14,12338.61,12544.93
2026-03-18 10:00:00,12541.83,12761.74,12527.92,12734.46
2026-03-18 11:00:00,12732.81,12759.28,12552.69,12695.01
2026-03-18 12:00:00,12693.79,12938.48,12651.1,12851.31
2026-03-18 13:00:00,12851.13,12935.72,12827.38,12895.14
2026-03-18 14:00:00,12898.52,13034.38,12797.47,13031.42
2026-03-18 15:00:00,13034.37,13054.67,12789.87,12847.85
2026-03-18 16:00:00,12845.56,12929.9,12784.48,12899.31
2026-03-18 17:00:00,12899.75,13033.05,12807.19,12814.5
2026-03-18 18:00:00,12813.38,12837.82,12681.87,12734.33
2026-03-18 19:00:00,12734.57,12853.33,12734.57,12820.63
2026-03-18 20:00:00,12819.19,12911.32,12765.77,12767.53
2026-03-18 21:00:00,12765.53,12901.63,12751.4,12760.66
2026-03-18 22:00:00,12761.16,12914.95,12730.57,12898.95
2026-03-18 23:00:00,12899.0,12899.0,12695.54,12702.24
2026-03-19 00:00:00,12699.41,12828.3,12671.69,12724.46
2026-03-19 01:00:00,12725.67,12846.99,12707.5,12776.72
2026-03-19 02:00:00,12778.75,12807.22,12724.23,12773.93
2026-03-19 03:00:00,12772.9,12780.72,12538.36,12550.18
2026-03-19 04:00:00,12549.84,12668.13,12367.08,12376.81
2026-03-19 05:00:00,12377.75,12422.11,12272.64,12358.86
2026-03-19 06:00:00,12357.0,12419.23,12127.55,12163.55
2026-03-19 07:00:00,12164.81,12304.36,12162.85,12291.86
2026-03-19 08:00:00,12287.52,12312.14,12033.94,12137.25
2026-03-19 09:00:00,12137.52,12154.1,11995.17,12010.09
2026-03-19 10:00:00,12011.04,12041.57,11859.58,11953.2
2026-03-19 11:00:00,11953.68,12000.32,11740.4,11784.72
2026-03-19 12:00:00,11784.42,11878.43,11729.62,11745.91
2026-03-19 13:00:00,11748.08,11760.01,11629.45,11643.99
2026-03-19 14:00:00,11645.4,11766.68,11535.13,11545.36
2026-03-19 15:00:00,11545.2,11668.65,11504.21,11622.0
2026-03-19 16:00:00,11618.63,11782.61,11595.71,11734.14
2026-03-19 17:00:00,11733.24,11820.73,11684.17,11701.82
2026-03-19 18:00:00,11698.15,11793.01,11677.09,11760.61
2026-03-19 19:00:00,11763.37,11824.75,11632.11,11661.07
2026-03-19 20:00:00,11662.21,11704.03,11551.39,11661.91
2026-03-19 21:00:00,11661.74,11884.61,11641.35,11851.68
2026-03-19 22:00:00,11853.38,11949.52,11794.47,11804.87
2026-03-19 23:00:00,11806.54,11823.92,11712.26,11758.7
2026-03-20 00:00:00,11760.97,11931.29,11747.8,11919.89
2026-03-20 01:00:00,11917.74,12004.02,11881.26,11963.35
2026-03-20 02:00:00,11963.08,12041.12,11869.4,11955.91
2026-03-20 03:00:00,11957.48,12035.29,11907.86,12027.11
2026-03-20 04:00:00,12026.53,12118.38,12015.57,12028.13
2026-03-20 05:00:00,12026.22,12071.04,11902.93,11912.95
2026-03-20 06:00:00,11913.2,11992.72,11875.04,11886.45
2026-03-20 07:00:00,11883.96,12028.35,11880.9,11937.32
2026-03-20 08:00:00,11937.33,11945.71,11835.19,11891.02
2026-03-20 09:00:00,11892.98,12033.86,11868.8,11991.17
2026-03-20 10:00:00,11992.72,12232.66,11981.85,12218.65
2026-03-20 11:00:00,12219.47,12231.85,12120.49,12140.6
2026-03-20 12:00:00,12140.59,12227.81,12137.5,12192.23
2026-03-20 13:00:00,12190.72,12218.2,12042.2,12155.64
2026-03-20 14:00:00,12157.88,12181.19,11956.47,11997.83
2026-03-20 15:00:00,11997.75,12018.98,11786.98,11836.16
2026-03-20 16:00:00,11837.98,11837.98,11646.63,11667.47
2026-03-20 17:00:00,11668.52,11790.15,11628.73,11781.85
2026-03-20 18:00:00,11782.0,11877.34,11702.4,11845.63
2026-03-20 19:00:00,11845.59,11873.69,11751.07,11762.71
2026-03-20 20:00:00,11764.7,11852.03,11702.42,11709.23
2026-03-20 21:00:00,11709.97,11774.6,11601.84,11754.43
2026-03-20 22:00:00,11755.81,11828.06,11687.82,11728.58
2026-03-20 23:00:00,11730.05,11759.88,11605.84,11697.42
2026-03-21 00:00:00,11699.41,11825.8,11642.09,11734.18
2026-03-21 01:00:00,11736.74,11877.0,11709.56,11820.87
2026-03-21 02:00:00,11822.82,11900.91,11782.32,11863.89
2026-03-21 03:00:00,11862.42,11971.48,11852.59,11917.27
2026-03-21 04:00:00,11917.55,11981.72,11839.1,11869.83
2026-03-21 05:00:00,11868.01,12020.57,11848.53,11931.15
2026-03-21 06:00:00,11932.88,12138.1,11895.3,12133.53
2026-03-21 07:00:00,12134.25,12334.23,12120.93,12199.92
2026-03-21 08:00:00,12198.04,12293.93,12146.77,12227.43
2026-03-21 09:00:00,12226.37,12418.98,12192.99,12393.75
2026-03-21 10:00:00,12392.9,12492.42,12232.49,12253.77
2026-03-21 11:00:00,12253.74,12374.82,12245.73,12339.11
2026-03-21 12:00:00,12338.25,12579.7,12308.33,12562.05
2026-03-21 13:00:00,12561.69,12571.44,12455.44,12544.9
2026-03-21 14:00:00,12543.91,12614.4,12489.72,12568.92
2026-03-21 15:00:00,12568.53,12676.18,12555.99,12660.84
2026-03-21 16:00:00,12662.63,12733.65,12619.42,12668.88
2026-03-21 17:00:00,12670.26,12709.9,12547.8,12583.98
2026-03-21 18:00:00,12584.15,12659.54,12439.53,12458.57
2026-03-21 19:00:00,12458.12,12596.26,12348.89,12528.19
2026-03-21 20:00:00,12526.15,12553.69,12447.65,12465.34
2026-03-21 21:00:00,12465.73,12605.26,12366.48,12596.97
2026-03-21 22:00:00,12596.67,12613.78,12477.59,12608.21
2026-03-21 23:00:00,12610.06,12651.39,12424.63,12469.47
2026-03-22 00:00:00,12467.57,12544.02,12384.68,12501.82
2026-03-22 01:00:00,12503.5,12907.93,12499.1,12885.45
2026-03-22 02:00:00,12885.61,12916.54,12763.24,12875.92
2026-03-22 03:00:00,12876.77,12898.71,12681.97,12843.18
2026-03-22 04:00:00,12845.16,12858.09,12741.67,12762.48
2026-03-22 05:00:00,12760.47,12771.88,12519.64,12571.38
2026-03-22 06:00:00,12574.69,12646.47,12450.69,12646.47
2026-03-22 07:00:00,12647.15,12677.61,12512.59,12589.94
2026-03-22 08:00:00,12589.51,12646.97,12357.09,12377.86
2026-03-22 09:00:00,12377.46,12389.62,12042.54,12102.48
2026-03-22 10:00:00,12102.72,12374.41,12101.42,12340.22
2026-03-22 11:00:00,12338.1,12366.47,12225.36,12355.95
2026-03-22 12:00:00,12355.45,12593.63,12281.67,12587.64
2026-03-22 13:00:00,12588.87,12596.28,12496.91,12555.19
2026-03-22 14:00:00,12554.34,12584.35,12432.68,12548.29
2026-03-22 15:00:00,12549.48,12628.15,12519.84,12570.52
2026-03-22 16:00:00,12568.56,12592.86,12471.05,12553.01
2026-03-22 17:00:00,12554.02,12711.44,12463.35,12706.96
2026-03-22 18:00:00,12707.91,12836.53,12642.36,12810.0
2026-03-22 19:00:00,12809.34,12885.61,12700.18,12861.62
2026-03-22 20:00:00,12863.91,13002.32,12862.01,12983.49
2026-03-22 21:00:00,12981.95,13148.05,12932.55,13053.9
2026-03-22 22:00:00,13054.37,13054.37,12939.07,12965.52
2026-03-22 23:00:00,12964.7,12971.17,12747.11,12805.98
2026-03-23 00:00:00,12807.35,12828.08,12696.76,12723.17
2026-03-23 01:00:00,12724.61,12854.97,12682.21,12692.47
2026-03-23 02:00:00,12693.52,12855.13,12587.45,12840.95
2026-03-23 03:00:00,12845.44,12954.06,12770.74,12788.48
2026-03-23 04:00:00,12788.07,12816.97,12700.89,12745.98
2026-03-23 05:00:00,12748.62,12894.25,12638.84,12813.68
2026-03-23 06:00:00,12812.59,12951.91,12678.17,12682.29
2026-03-23 07:00:00,12684.42,12696.5,12413.74,12460.51
2026-03-23 08:00:00,12463.2,12570.08,12454.27,12506.69
2026-03-23 09:00:00,12508.62,12592.7,12505.3,12545.39
2026-03-23 10:00:00,12543.84,12622.94,12478.34,12619.98
2026-03-23 11:00:00,12618.89,12660.46,12528.6,12581.35
2026-03-23 12:00:00,12579.31,12600.83,12243.53,12336.92
2026-03-23 13:00:00,12338.88,12363.42,12192.82,12314.74
2026-03-23 14:00:00,12316.65,12380.96,12261.57,12317.74
2026-03-23 15:00:00,12317.22,12657.56,12263.42,12585.62
2026-03-23 16:00:00,12586.38,12717.28,12564.96,12708.01
2026-03-23 17:00:00,12707.45,12757.3,12391.7,12439.29
2026-03-23 18:00:00,12438.39,12494.91,12370.39,12454.28
2026-03-23 19:00:00,12452.15,12456.58,12225.2,12285.04
2026-03-23 20:00:00,12287.09,12370.02,12113.44,12243.45
2026-03-23 21:00:00,12242.08,12256.37,12139.25,12156.48
2026-03-23 22:00:00,12159.71,12232.15,11941.39,11941.39
2026-03-23 23:00:00,11941.3,11962.68,11812.15,11833.54
2026-03-24 00:00:00,11833.89,11870.05,11641.0,11646.58
2026-03-24 01:00:00,11646.51,11712.11,11566.82,11686.14
2026-03-24 02:00:00,11684.33,11848.13,11660.12,11756.7
2026-03-24 03:00:00,11756.55,11766.54,11584.16,11612.7
2026-03-24 04:00:00,11614.47,11696.93,11567.45,11665.41
2026-03-24 05:00:00,11664.61,11758.3,11654.94,11735.6
2026-03-24 06:00:00,11735.27,11763.96,11627.68,11702.82
2026-03-24 07:00:00,11702.08,11783.41,11614.7,11723.11
2026-03-24 08:00:00,11723.91,11948.51,11705.25,11857.07
2026-03-24 09:00:00,11856.14,11923.21,11746.02,11876.01
2026-03-24 10:00:00,11874.49,12046.09,11845.86,11934.5
2026-03-24 11:00:00,11934.46,11967.64,11821.23,11898.24
2026-03-24 12:00:00,11897.16,11917.22,11790.94,11831.19
2026-03-24 13:00:00,11832.0,11878.85,11735.95,11760.81
2026-03-24 14:00:00,11762.01,11799.76,11659.94,11727.07
2026-03-24 15:00:00,11728.51,11821.33,11691.95,11772.67
2026-03-24 16:00:00,11771.58,11988.68,11766.76,11909.25
2026-03-24 17:00:00,11911.02,11966.69,11784.97,11869.98
2026-03-24 18:00:00,11872.31,11965.22,11808.26,11856.94
2026-03-24 19:00:00,11856.54,12029.72,11848.62,12018.79
2026-03-24 20:00:00,12017.77,12068.19,11909.53,11913.28
2026-03-24 21:00:00,11913.17,12050.02,11810.7,11878.55
2026-03-24 22:00:00,11879.51,12094.21,11860.83,12081.97
2026-03-24 23:00:00,12083.08,12124.37,12019.13,12066.14
2026-03-25 00:00:00,12068.05,12072.22,11948.12,11955.94
2026-03-25 01:00:00,11956.2,12110.41,11955.73,12051.9
2026-03-25 02:00:00,12055.18,12385.43,12043.62,12372.14
2026-03-25 03:00:00,12373.25,12611.38,12330.42,12517.27
2026-03-25 04:00:00,12517.36,12533.68,12295.34,12505.87
2026-03-25 05:00:00,12504.22,12795.95,12492.16,12778.36
2026-03-25 06:00:00,12775.5,13128.7,12762.08,13086.01
2026-03-25 07:00:00,13085.79,13088.97,12910.1,12926.5
2026-03-25 08:00:00,12923.31,12977.76,12797.24,12971.22
2026-03-25 09:00:00,12972.11,13090.53,12894.23,12949.4
2026-03-25 10:00:00,12950.46,12995.57,12827.41,12899.45
2026-03-25 11:00:00,12898.99,12974.97,12550.78,12572.12
2026-03-25 12:00:00,12569.99,12672.26,12520.04,12624.2
2026-03-25 13:00:00,12621.73,12644.31,12369.31,12380.1
2026-03-25 14:00:00,12380.37,12620.42,12365.47,12573.99
2026-03-25 15:00:00,12573.57,12589.09,12415.97,12493.04
2026-03-25 16:00:00,12493.44,12590.3,12395.75,12442.96
2026-03-25 17:00:00,12441.82,12600.01,12398.4,12530.48
2026-03-25 18:00:00,12531.77,12625.97,12455.72,12609.49
2026-03-25 19:00:00,12608.89,12674.81,12565.02,12628.39
2026-03-25 20:00:00,12628.94,12650.06,12519.18,12577.09
2026-03-25 21:00:00,12576.7,12581.5,12406.52,12496.1
2026-03-25 22:00:00,12497.38,12695.3,12478.71,12689.66
2026-03-25 23:00:00,12694.02,12728.36,12576.06,12636.12
2026-03-26 00:00:00,12636.67,12674.21,12565.11,12591.66
2026-03-26 01:00:00,12590.6,12787.78,12581.74,12720.75
2026-03-26 02:00:00,12718.9,12771.33,12683.57,12700.26
2026-03-26 03:00:00,12701.44,12902.04,12674.4,12883.63
2026-03-26 04:00:00,12884.47,12947.29,12819.61,12858.1
2026-03-26 05:00:00,12857.11,13163.22,12852.29,13149.68
2026-03-26 06:00:00,13151.07,13393.03,13137.78,13305.54
2026-03-26 07:00:00,13304.17,13416.19,13232.19,13401.58
2026-03-26 08:00:00,13403.57,13788.09,13342.56,13713.01
2026-03-26 09:00:00,13710.52,13737.74,13360.76,13375.57
2026-03-26 10:00:00,13375.65,13448.41,13304.92,13307.61
2026-03-26 11:00:00,13306.16,13357.27,13244.35,13265.94
2026-03-26 12:00:00,13264.69,13552.65,13259.41,13547.68
2026-03-26 13:00:00,13548.76,13639.02,13382.66,13403.22
2026-03-26 14:00:00,13402.31,13434.73,13326.78,13390.57
2026-03-26 15:00:00,13390.69,13413.12,13127.76,13152.02
2026-03-26 16:00:00,13149.5,13248.31,13017.43,13043.64
2026-03-26 17:00:00,13044.46,13066.3,12947.3,13062.74
2026-03-26 18:00:00,13061.74,13268.31,13051.29,13236.62
2026-03-26 19:00:00,13235.3,13279.24,13082.45,13101.52
2026-03-26 20:00:00,13102.3,13115.71,12985.39,13085.05
2026-03-26 21:00:00,13085.6,13120.59,12886.23,12892.78
2026-03-26 22:00:00,12894.27,12941.13,12585.2,12664.76
2026-03-26 23:00:00,12662.01,12718.49,12586.25,12717.47
2026-03-27 00:00:00,12718.22,12751.64,12548.0,12576.91
2026-03-27 01:00:00,12577.2,12624.9,12474.71,12617.23
2026-03-27 02:00:00,12616.41,12616.41,12453.31,12487.35
2026-03-27 03:00:00,12490.0,12601.44,12323.08,12348.72
2026-03-27 04:00:00,12349.3,12485.27,12347.18,12464.0
2026-03-27 05:00:00,12461.22,12622.09,12352.59,12562.64
2026-03-27 06:00:00,12561.98,12678.85,12534.3,12582.17
2026-03-27 07:00:00,12584.25,12688.95,12500.31,12508.75
2026-03-27 08:00:00,12508.97,12586.18,12413.16,12480.91
2026-03-27 09:00:00,12482.9,12484.86,12259.31,12328.45
2026-03-27 10:00:00,12323.77,12438.8,12262.36,12419.65
2026-03-27 11:00:00,12420.07,12463.11,12362.57,12446.57
2026-03-27 12:00:00,12447.15,12637.32,12420.87,12607.07
2026-03-27 13:00:00,12607.96,12623.68,12479.95,12548.05
2026-03-27 14:00:00,12546.92,12802.09,12545.85,12568.98
2026-03-27 15:00:00,12571.11,12666.69,12544.51,12641.53
2026-03-27 16:00:00,12640.89,12940.91,12572.51,12912.3
2026-03-27 17:00:00,12911.01,13177.63,12910.51,13166.99
2026-03-27 18:00:00,13168.24,13169.79,12845.34,12888.92
2026-03-27 19:00:00,12890.3,12920.86,12794.89,12901.41
2026-03-27 20:00:00,12898.21,12908.36,12648.05,12708.38
2026-03-27 21:00:00,12705.53,12816.94,12667.62,12748.62
2026-03-27 22:00:00,12748.76,12768.39,12568.65,12636.71
2026-03-27 23:00:00,12640.07,12696.57,12602.13,12660.18
2026-03-28 00:00:00,12660.25,12820.14,12585.81,12807.97
2026-03-28 01:00:00,12806.89,12853.53,12647.97,12673.1
2026-03-28 02:00:00,12672.15,12875.66,12650.62,12740.94
2026-03-28 03:00:00,12742.17,12906.2,12738.07,12862.16
2026-03-28 04:00:00,12860.06,13021.49,12800.82,12949.13
2026-03-28 05:00:00,12950.24,12987.03,12870.78,12903.07
2026-03-28 06:00:00,12901.18,12988.04,12741.82,12910.76
2026-03-28 07:00:00,12911.77,13030.97,12747.49,12752.57
2026-03-28 08:00:00,12752.74,12861.43,12667.05,12710.01
2026-03-28 09:00:00,12706.73,12815.34,12619.08,12636.44
2026-03-28 10:00:00,12638.06,13023.68,12622.37,13006.24
2026-03-28 11:00:00,13006.58,13143.81,12904.7,13083.0
2026-03-28 12:00:00,13081.19,13137.99,12987.78,13086.38
2026-03-28 13:00:00,13086.11,13099.52,12844.49,12859.81
2026-03-28 14:00:00,12859.6,13015.44,12706.96,12732.94
2026-03-28 15:00:00,12734.5,12923.69,12712.29,12773.32
2026-03-28 16:00:00,12770.62,12943.33,12665.93,12933.01
2026-03-28 17:00:00,12935.5,13055.83,12888.93,12958.75
2026-03-28 18:00:00,12961.16,13188.21,12937.22,13177.59
2026-03-28 19:00:00,13179.35,13292.93,13102.21,13134.34
2026-03-28 20:00:00,13133.19,13191.37,13033.04,13066.35
2026-03-28 21:00:00,13066.99,13194.7,13051.54,13104.16
2026-03-28 22:00:00,13106.16,13175.17,12998.28,13086.45
2026-03-28 23:00:00,13085.15,13259.61,13078.48,13211.21
2026-03-29 00:00:00,13212.38,13479.0,13167.25,13469.86
2026-03-29 01:00:00,13471.32,13778.14,13450.56,13718.42
2026-03-29 02:00:00,13716.04,13742.61,13527.46,13545.19
2026-03-29 03:00:00,13546.58,13789.68,13540.44,13723.12
2026-03-29 04:00:00,13723.03,13766.27,13655.08,13681.49
2026-03-29 05:00:00,13680.45,13774.86,13609.49,13637.22
2026-03-29 06:00:00,13634.85,13975.53,13623.09,13975.53
2026-03-29 07:00:00,13977.07,14132.85,13933.16,14093.02
2026-03-29 08:00:00,14092.57,14160.05,13936.69,13943.42
2026-03-29 09:00:00,13943.0,14058.33,13868.94,14032.8
2026-03-29 10:00:00,14031.0,14143.33,13954.23,14022.47
2026-03-29 11:00:00,14020.12,14148.07,13940.16,14010.93
2026-03-29 12:00:00,14012.72,14041.88,13665.5,13681.61
2026-03-29 13:00:00,13682.09,13741.77,13552.33,13661.36
2026-03-29 14:00:00,13661.78,13797.57,13599.21,13763.09
2026-03-29 15:00:00,13768.59,13818.96,13513.19,13529.92
2026-03-29 16:00:00,13532.07,13551.61,13188.6,13343.12
2026-03-29 17:00:00,13342.85,13441.51,13144.96,13440.89
2026-03-29 18:00:00,13440.87,13542.15,13319.0,13500.6
2026-03-29 19:00:00,13502.35,13526.47,13291.58,13328.28
2026-03-29 20:00:00,13326.57,13370.54,13115.92,13164.91
2026-03-29 21:00:00,13164.41,13299.22,13162.19,13200.13
2026-03-29 22:00:00,13198.03,13449.57,13171.68,13348.27
2026-03-29 23:00:00,13349.8,13479.54,13340.85,13383.17
2026-03-30 00:00:00,13381.57,13431.75,13344.5,13370.7
2026-03-30 01:00:00,13372.4,13641.45,13345.2,13497.23
2026-03-30 02:00:00,13498.73,13680.4,13492.55,13678.55
2026-03-30 03:00:00,13677.85,13682.35,13488.07,13541.96
2026-03-30 04:00:00,13540.99,13702.37,13530.12,13675.5
2026-03-30 05:00:00,13677.76,13873.57,13650.44,13804.21
2026-03-30 06:00:00,13802.04,14002.05,13764.57,13854.35
2026-03-30 07:00:00,13854.72,13996.15,13829.57,13991.52
2026-03-30 08:00:00,13990.99,14048.8,13896.51,13915.79
2026-03-30 09:00:00,13920.2,14159.62,13845.15,13967.52
2026-03-30 10:00:00,13967.91,14389.01,13967.18,14376.93
2026-03-30 11:00:00,14375.17,14425.01,14238.23,14424.49
2026-03-30 12:00:00,14425.2,14525.87,14342.04,14500.27
2026-03-30 13:00:00,14500.25,14571.67,14408.93,14457.01
2026-03-30 14:00:00,14458.19,14510.03,14310.88,14431.87
2026-03-30 15:00:00,14431.87,14451.79,14293.39,14379.72
2026-03-30 16:00:00,14380.52,14434.56,14286.7,14358.73
2026-03-30 17:00:00,14359.7,14378.63,14127.28,14178.6
2026-03-30 18:00:00,14173.74,14481.4,14121.74,14317.72
2026-03-30 19:00:00,14317.62,14494.93,14317.62,14344.6
2026-03-30 20:00:00,14345.94,14373.98,14257.41,14329.1
2026-03-30 21:00:00,14331.42,14353.35,14108.23,14109.06
2026-03-30 22:00:00,14107.76,14121.39,13868.35,13980.67
2026-03-30 23:00:00,13981.34,14071.76,13917.75,13996.07
2026-03-31 00:00:00,13998.39,14086.39,13956.28,14005.47
2026-03-31 01:00:00,14000.67,14042.91,13681.08,13743.43
2026-03-31 02:00:00,13745.45,13850.6,13638.41,13656.47
2026-03-31 03:00:00,13660.82,13697.4,13531.25,13584.05
2026-03-31 04:00:00,13582.74,13610.01,13458.45,13558.72
2026-03-31 05:00:00,13556.69,13657.82,13506.67,13617.19
2026-03-31 06:00:00,13618.67,13728.16,13591.44,13611.18
2026-03-31 07:00:00,13612.99,13703.56,13435.48,13678.38
2026-03-31 08:00:00,13677.41,13720.66,13395.14,13400.45
2026-03-31 09:00:00,13399.15,13466.57,13310.18,13412.02
2026-03-31 10:00:00,13411.45,13461.35,13349.67,13388.17
2026-03-31 11:00:00,13389.29,13561.79,13305.77,13521.49
2026-03-31 12:00:00,13520.37,13546.67,13214.58,13236.06
2026-03-31 13:00:00,13234.7,13245.19,13100.92,13113.05
2026-03-31 14:00:00,13114.1,13259.95,13071.36,13213.29
2026-03-31 15:00:00,13213.38,13268.21,13134.17,13264.88
2026-03-31 16:00:00,13266.67,13500.58,13193.7,13475.71
2026-03-31 17:00:00,13476.38,13516.01,13272.51,13287.17
2026-03-31 18:00:00,13289.68,13317.19,13123.25,13158.05
2026-03-31 19:00:00,13155.3,13220.17,12987.84,13038.12
2026-03-31 20:00:00,13039.08,13231.31,13030.31,13216.31
2026-03-31 21:00:00,13218.65,13253.75,13108.82,13236.93
2026-03-31 22:00:00,13234.58,13354.06,13177.33,13293.84
2026-03-31 23:00:00,13293.46,13349.18,13217.72,13224.94
2026-04-01 00:00:00,13223.19,13382.86,13193.31,13349.78
2026-04-01 01:00:00,13349.88,13357.69,13243.33,13280.71
2026-04-01 02:00:00,13284.36,13395.85,13203.74,13343.29
2026-04-01 03:00:00,13343.98,13470.35,13133.5,13151.68
2026-04-01 04:00:00,13150.02,13268.64,13112.32,13124.92
2026-04-01 05:00:00,13125.35,13238.06,12976.15,12981.14
2026-04-01 06:00:00,12980.48,13088.89,12928.25,13081.24
2026-04-01 07:00:00,13084.01,13382.69,13044.08,13348.16
2026-04-01 08:00:00,13351.54,13511.41,13338.35,13426.67
2026-04-01 09:00:00,13425.2,13557.24,13382.16,13545.13
2026-04-01 10:00:00,13545.01,13603.82,13379.65,13432.25
2026-04-01 11:00:00,13428.0,13432.56,13254.59,13381.11
2026-04-01 12:00:00,13382.35,13442.6,13140.28,13217.51
2026-04-01 13:00:00,13217.64,13217.64,13021.05,13069.31
2026-04-01 14:00:00,13068.86,13277.94,13048.37,13248.03
2026-04-01 15:00:00,13245.12,13535.06,13242.6,13492.82
2026-04-01 16:00:00,13491.07,13553.55,13316.28,13383.57
2026-04-01 17:00:00,13384.57,13451.28,13312.71,13336.51
2026-04-01 18:00:00,13334.76,13412.94,13310.69,13412.64
2026-04-01 19:00:00,13413.37,13557.55,13328.48,13540.11
2026-04-01 20:00:00,13542.58,13553.44,13359.63,13536.52
2026-04-01 21:00:00,13540.13,13699.44,13534.59,13697.85
2026-04-01 22:00:00,13697.31,13715.1,13402.98,13413.18
2026-04-01 23:00:00,13414.14,13553.64,13361.68,13431.51
2026-04-02 00:00:00,13430.1,13478.84,13343.28,13433.03
2026-04-02 01:00:00,13432.2,13491.23,13287.23,13389.26
2026-04-02 02:00:00,13386.25,13510.16,13338.26,13455.37
2026-04-02 03:00:00,13455.65,13546.39,13423.09,13447.65
2026-04-02 04:00:00,13449.42,13544.54,13388.35,13505.19
2026-04-02 05:00:00,13507.62,13633.21,13493.33,13598.65
2026-04-02 06:00:00,13599.22,13614.04,13471.69,13585.29
2026-04-02 07:00:00,13585.64,13794.31,13537.32,13788.6
2026-04-02 08:00:00,13792.1,13797.07,13689.0,13729.29
2026-04-02 09:00:00,13729.64,13876.07,13622.08,13705.89
2026-04-02 10:00:00,13707.09,13752.53,13600.45,13740.12
2026-04-02 11:00:00,13739.55,13849.47,13670.52,13834.29
2026-04-02 12:00:00,13833.7,13940.79,13767.53,13867.06
2026-04-02 13:00:00,13869.74,14202.47,13859.67,14112.78
2026-04-02 14:00:00,14114.44,14207.26,14070.94,14139.57
2026-04-02 15:00:00,14139.35,14374.04,14115.86,14156.23
2026-04-02 16:00:00,14156.06,14181.78,13755.22,13772.47
2026-04-02 17:00:00,13770.37,13979.34,13747.28,13918.87
2026-04-02 18:00:00,13916.53,13922.15,13653.23,13682.44
2026-04-02 19:00:00,13682.99,13716.96,13491.28,13576.81
2026-04-02 20:00:00,13582.23,13851.08,13580.45,13824.46
2026-04-02 21:00:00,13821.78,13832.29,13622.4,13806.36
2026-04-02 22:00:00,13805.04,13829.9,13510.25,13651.3
2026-04-02 23:00:00,13650.77,13726.53,13589.24,13726.53
2026-04-03 00:00:00,13727.38,13772.75,13572.99,13709.89
2026-04-03 01:00:00,13710.58,13740.93,13617.22,13692.04
2026-04-03 02:00:00,13689.72,13886.47,13614.15,13886.47
2026-04-03 03:00:00,13885.6,14063.87,13876.22,14006.33
2026-04-03 04:00:00,14005.52,14281.18,13915.55,14258.88
2026-04-03 05:00:00,14257.84,14507.53,14241.16,14486.42
2026-04-03 06:00:00,14484.84,14499.23,14184.94,14193.06
2026-04-03 07:00:00,14192.69,14282.25,14106.96,14168.86
2026-04-03 08:00:00,14172.11,14241.66,14044.71,14115.92
2026-04-03 09:00:00,14115.63,14241.54,14031.3,14230.7
2026-04-03 10:00:00,14229.55,14241.85,13952.89,14062.35
2026-04-03 11:00:00,14061.29,14166.98,13971.62,14095.39
2026-04-03 12:00:00,14094.38,14446.47,14082.04,14337.02
2026-04-03 13:00:00,14338.12,14588.95,14273.79,14529.28
2026-04-03 14:00:00,14532.74,14824.06,14515.52,14667.27
2026-04-03 15:00:00,14665.86,14800.29,14587.65,14783.97
2026-04-03 16:00:00,14783.64,14876.24,14677.54,14739.19
2026-04-03 17:00:00,14741.11,14884.13,14590.33,14825.87
2026-04-03 18:00:00,14826.38,14889.64,14796.01,14876.12
2026-04-03 19:00:00,14875.26,15017.97,14847.95,14917.61
2026-04-03 20:00:00,14917.51,14977.22,14807.65,14822.48
2026-04-03 21:00:00,14823.33,14944.81,14769.96,14804.43
2026-04-03 22:00:00,14810.3,14866.59,14729.41,14751.35
2026-04-03 23:00:00,14749.39,14869.71,14673.02,14674.18
2026-04-04 00:00:00,14674.63,14777.12,14560.96,14681.55
2026-04-04 01:00:00,14679.05,14868.46,14664.23,14833.84
2026-04-04 02:00:00,14835.01,14938.51,14679.35,14932.61
2026-04-04 03:00:00,14928.42,14993.95,14836.64,14907.2
2026-04-04 04:00:00,14905.44,15078.03,14888.52,15001.12
2026-04-04 05:00:00,15003.48,15074.95,14927.73,14986.64
2026-04-04 06:00:00,14984.66,15293.68,14939.95,15216.42
2026-04-04 07:00:00,15214.9,15302.28,15118.36,15144.58
2026-04-04 08:00:00,15146.38,15161.57,15014.28,15092.24
2026-04-04 09:00:00,15093.59,15218.16,15066.61,15160.78
2026-04-04 10:00:00,15162.39,15217.18,15060.92,15135.68
2026-04-04 11:00:00,15135.48,15328.67,15095.62,15305.9
2026-04-04 12:00:00,15307.31,15517.32,15251.17,15517.32
2026-04-04 13:00:00,15516.28,15834.4,15508.83,15822.45
2026-04-04 14:00:00,15825.67,16003.7,15714.31,16000.52
2026-04-04 15:00:00,16000.35,16160.44,15995.8,16105.39
2026-04-04 16:00:00,16105.36,16229.27,16078.18,16221.11
2026-04-04 17:00:00,16222.34,16316.16,16033.23,16098.49
2026-04-04 18:00:00,16101.83,16283.32,16059.24,16098.44
2026-04-04 19:00:00,16102.79,16115.58,15836.15,15926.86
2026-04-04 20:00:00,15925.72,16071.07,15728.09,15773.78
2026-04-04 21:00:00,15777.32,15898.94,15686.35,15693.41
2026-04-04 22:00:00,15696.22,15709.35,15177.2,15239.61
2026-04-04 23:00:00,15236.93,15267.41,15111.57,15137.18
2026-04-05 00:00:00,15136.78,15187.21,15045.11,15115.0
2026-04-05 01:00:00,15116.77,15199.44,15021.11,15125.01
2026-04-05 02:00:00,15126.23,15153.19,14962.07,14962.07
2026-04-05 03:00:00,14961.47,15102.31,14944.42,14975.01
2026-04-05 04:00:00,14977.06,15055.37,14841.63,14844.91
2026-04-05 05:00:00,14845.44,15038.0,14822.03,15024.75
2026-04-05 06:00:00,15024.11,15228.08,15000.0,15095.12
2026-04-05 07:00:00,15097.47,15147.55,14815.83,14825.05
2026-04-05 08:00:00,14821.79,14860.54,14607.24,14611.16
2026-04-05 09:00:00,14608.94,14729.84,14597.39,14725.74
2026-04-05 10:00:00,14727.26,14735.16,14561.77,14583.39
2026-04-05 11:00:00,14582.57,14630.26,14521.06,14544.35
2026-04-05 12:00:00,14546.95,14679.87,14479.69,14662.8
2026-04-05 13:00:00,14664.72,14752.23,14516.1,14704.71
2026-04-05 14:00:00,14703.61,14754.42,14619.67,14650.71
2026-04-05 15:00:00,14651.27,14808.71,14590.27,14766.57
2026-04-05 16:00:00,14763.14,14909.2,14734.91,14837.44
2026-04-05 17:00:00,14836.08,14856.27,14689.48,14768.29
2026-04-05 18:00:00,14768.82,14778.75,14633.27,14683.77
2026-04-05 19:00:00,14685.5,14689.85,14397.65,14472.05
2026-04-05 20:00:00,14473.67,14539.87,14395.0,14527.32
2026-04-05 21:00:00,14529.22,14538.19,14362.03,14406.2
2026-04-05 22:00:00,14404.35,14488.07,14312.74,14449.74
2026-04-05 23:00:00,14445.84,14551.49,14328.16,14336.33
2026-04-06 00:00:00,14337.15,14468.37,14242.61,14436.57
2026-04-06 01:00:00,14437.19,14625.39,14421.91,14531.8
2026-04-06 02:00:00,14531.51,14606.13,14440.01,14558.53
2026-04-06 03:00:00,14554.49,14682.99,14324.8,14351.19
2026-04-06 04:00:00,14355.29,14564.76,14343.1,14548.29
2026-04-06 05:00:00,14547.12,14568.81,14324.31,14358.7
2026-04-06 06:00:00,14362.95,14368.04,14197.68,14215.51
2026-04-06 07:00:00,14218.29,14233.32,13974.82,14040.43
2026-04-06 08:00:00,14039.6,14074.01,13936.55,14027.45
2026-04-06 09:00:00,14025.1,14129.83,13875.07,14101.18
2026-04-06 10:00:00,14099.21,14205.49,13897.02,13970.5
2026-04-06 11:00:00,13967.47,14081.44,13906.51,14030.68
2026-04-06 12:00:00,14028.75,14100.71,13875.2,13964.02
2026-04-06 13:00:00,13965.18,14035.05,13898.79,14028.55
2026-04-06 14:00:00,14028.25,14073.74,13881.95,13949.58
2026-04-06 15:00:00,13950.68,13980.64,13814.27,13823.38
2026-04-06 16:00:00,13822.01,13856.99,13573.49,13606.81
2026-04-06 17:00:00,13609.85,13619.18,13457.18,13468.62
2026-04-06 18:00:00,13469.47,13517.16,13306.95,13314.7
2026-04-06 19:00:00,13316.46,13427.0,13275.73,13284.35
2026-04-06 20:00:00,13283.92,13364.07,13123.91,13229.76
2026-04-06 21:00:00,13226.71,13339.69,13148.7,13293.71
2026-04-06 22:00:00,13294.05,13353.68,13226.47,13353.68
2026-04-06 23:00:00,13353.39,13357.09,13183.7,13328.73
2026-04-07 00:00:00,13327.89,13407.28,13208.36,13314.76
2026-04-07 01:00:00,13315.94,13375.82,13281.77,13305.54
2026-04-07 02:00:00,13304.74,13400.58,13131.16,13370.0
2026-04-07 03:00:00,13369.12,13546.36,13299.36,13490.29
2026-04-07 04:00:00,13491.91,13639.53,13450.28,13614.01
2026-04-07 05:00:00,13613.27,13626.21,13471.41,13480.52
2026-04-07 06:00:00,13478.18,13507.74,13020.93,13288.42
2026-04-07 07:00:00,13288.71,13415.42,13236.88,13382.51
2026-04-07 08:00:00,13384.61,13495.49,13310.21,13485.22
2026-04-07 09:00:00,13483.87,13611.01,13423.85,13607.59
2026-04-07 10:00:00,13607.46,13614.26,13417.61,13421.44
2026-04-07 11:00:00,13422.35,13567.78,13388.45,13529.69
2026-04-07 12:00:00,13529.68,13591.41,13401.56,13504.3
2026-04-07 13:00:00,13504.62,13541.0,13394.81,13506.81
2026-04-07 14:00:00,13505.91,13601.73,13284.28,13292.83
2026-04-07 15:00:00,13294.25,13312.25,13064.57,13087.9
2026-04-07 16:00:00,13086.52,13197.12,12872.67,12904.07
2026-04-07 17:00:00,12902.11,13009.33,12817.36,12830.9
2026-04-07 18:00:00,12832.31,13052.03,12832.07,13025.27
2026-04-07 19:00:00,13026.6,13075.38,12897.57,12911.23
2026-04-07 20:00:00,12912.38,12932.3,12787.37,12849.95
2026-04-07 21:00:00,12848.46,12949.74,12821.29,12915.38
2026-04-07 22:00:00,12914.24,13100.04,12872.17,12878.88
2026-04-07 23:00:00,12875.6,12890.38,12680.59,12701.87
2026-04-08 00:00:00,12700.57,12773.59,12634.79,12647.04
2026-04-08 01:00:00,12647.43,12967.7,12640.0,12822.19
2026-04-08 02:00:00,12821.51,12932.44,12695.99,12911.74
2026-04-08 03:00:00,12909.31,13094.32,12894.17,13044.22
2026-04-08 04:00:00,13045.0,13096.4,13006.58,13007.76
2026-04-08 05:00:00,13009.21,13192.57,12967.5,13088.02
2026-04-08 06:00:00,13088.09,13099.56,12852.59,12881.73
2026-04-08 07:00:00,12883.06,13085.91,12850.31,12979.91
2026-04-08 08:00:00,12980.68,13150.6,12960.04,13148.38
2026-04-08 09:00:00,13150.02,13352.93,13133.12,13335.72
2026-04-08 10:00:00,13334.65,13562.61,13334.65,13517.68
2026-04-08 11:00:00,13514.73,13683.27,13401.58,13672.75
2026-04-08 12:00:00,13671.86,13749.83,13547.59,13637.38
2026-04-08 13:00:00,13636.7,13813.72,13583.14,13702.87
2026-04-08 14:00:00,13700.58,13922.91,13685.62,13883.23
2026-04-08 15:00:00,13887.77,13985.92,13828.73,13943.16
2026-04-08 16:00:00,13942.16,13969.21,13808.23,13816.61
2026-04-08 17:00:00,13818.03,13983.62,13778.61,13959.66
2026-04-08 18:00:00,13959.74,13999.03,13788.06,13905.14
2026-04-08 19:00:00,13904.89,14127.66,13895.55,14111.42
2026-04-08 20:00:00,14113.23,14178.68,14051.35,14062.73
2026-04-08 21:00:00,14058.53,14278.66,14051.27,14270.12
2026-04-08 22:00:00,14273.17,14347.52,14067.29,14109.14
2026-04-08 23:00:00,14110.36,14170.82,14054.99,14140.06
2026-04-09 00:00:00,14137.38,14217.23,13898.84,13947.08
2026-04-09 01:00:00,13946.99,14012.34,13873.13,13879.52
2026-04-09 02:00:00,13877.72,13978.87,13772.85,13964.12
2026-04-09 03:00:00,13963.12,13976.68,13664.98,13666.27
2026-04-09 04:00:00,13661.04,13775.29,13563.55,13571.53
2026-04-09 05:00:00,13570.51,13718.2,13544.28,13590.97
2026-04-09 06:00:00,13591.01,13682.78,13564.01,13610.21
2026-04-09 07:00:00,13606.43,13847.8,13584.53,13847.8
2026-04-09 08:00:00,13850.2,13927.27,13735.89,13755.67
2026-04-09 09:00:00,13757.6,13858.24,13727.09,13750.86
2026-04-09 10:00:00,13750.33,13794.94,13671.39,13755.2
2026-04-09 11:00:00,13754.08,13868.75,13754.08,13820.08
2026-04-09 12:00:00,13819.22,14059.49,13801.13,13939.39
2026-04-09 13:00:00,13935.59,14002.48,13856.36,13876.88
2026-04-09 14:00:00,13875.98,13999.03,13828.29,13916.13
2026-04-09 15:00:00,13915.61,13975.47,13827.25,13828.2
2026-04-09 16:00:00,13826.68,13887.7,13684.2,13708.52
2026-04-09 17:00:00,13711.12,13917.71,13701.43,13913.32
2026-04-09 18:00:00,13909.97,14056.84,13886.86,14001.76
2026-04-09 19:00:00,13999.93,14282.15,13960.04,14257.74
2026-04-09 20:00:00,14261.16,14290.83,14029.93,14173.26
2026-04-09 21:00:00,14173.24,14321.48,14149.82,14282.55
2026-04-09 22:00:00,14278.76,14379.05,14175.59,14188.82
2026-04-09 23:00:00,14189.13,14224.75,13932.82,13939.58
2026-04-10 00:00:00,13940.25,14069.66,13937.3,13978.51
2026-04-10 01:00:00,13981.29,14204.64,13964.64,14048.43
2026-04-10 02:00:00,14049.18,14073.81,13747.02,13805.03
2026-04-10 03:00:00,13806.15,13880.5,13724.94,13808.39
2026-04-10 04:00:00,13807.57,14139.4,13761.43,14100.75
2026-04-10 05:00:00,14096.83,14099.85,13874.48,13898.56
2026-04-10 06:00:00,13901.07,13944.49,13807.98,13807.98
2026-04-10 07:00:00,13809.04,13942.47,13752.4,13928.27
2026-04-10 08:00:00,13925.71,14058.41,13866.19,13901.7
2026-04-10 09:00:00,13900.8,13968.41,13808.65,13906.75
2026-04-10 10:00:00,13908.75,13944.91,13651.68,13703.8
2026-04-10 11:00:00,13703.35,13956.39,13667.7,13950.73
2026-04-10 12:00:00,13954.51,14232.57,13943.58,14230.5
2026-04-10 13:00:00,14231.81,14241.7,13771.85,13791.17
2026-04-10 14:00:00,13792.12,13800.34,13585.8,13766.79
2026-04-10 15:00:00,13767.08,13851.01,13684.54,13770.75
2026-04-10 16:00:00,13768.12,13980.47,13762.24,13977.93
2026-04-10 17:00:00,13975.81,14105.86,13945.62,14063.0
2026-04-10 18:00:00,14065.4,14184.9,14009.89,14111.35
2026-04-10 19:00:00,14109.99,14307.58,14063.71,14307.58
2026-04-10 20:00:00,14307.65,14456.42,14269.73,14443.95
2026-04-10 21:00:00,14444.84,14504.83,14076.01,14091.76
2026-04-10 22:00:00,14089.42,14401.97,14085.48,14298.61
2026-04-10 23:00:00,14301.45,14435.2,14235.15,14408.45
2026-04-11 00:00:00,14407.59,14422.9,14260.32,14298.42
2026-04-11 01:00:00,14299.59,14521.6,14281.34,14460.96
2026-04-11 02:00:00,14460.73,14645.73,14435.61,14577.41
2026-04-11 03:00:00,14578.96,14592.54,14147.44,14163.9
2026-04-11 04:00:00,14164.66,14197.83,14074.95,14111.59
2026-04-11 05:00:00,14110.67,14287.9,14056.77,14164.8
2026-04-11 06:00:00,14164.99,14412.38,14148.8,14406.66
2026-04-11 07:00:00,14410.02,14806.15,14405.95,14759.18
2026-04-11 08:00:00,14756.79,14817.59,14688.32,14721.42
2026-04-11 09:00:00,14719.18,14758.19,14626.78,14673.13
2026-04-11 10:00:00,14674.61,14720.28,14497.86,14522.93
2026-04-11 11:00:00,14521.15,14603.02,14384.57,14525.45
2026-04-11 12:00:00,14524.16,14562.0,14349.61,14369.18
2026-04-11 13:00:00,14368.81,14417.36,14230.32,14307.67
2026-04-11 14:00:00,14307.08,14394.41,14208.09,14258.27
2026-04-11 15:00:00,14258.8,14904.88,14253.73,14873.28
2026-04-11 16:00:00,14872.33,14915.8,14759.71,14800.06
2026-04-11 17:00:00,14798.06,14931.96,14669.21,14720.04
2026-04-11 18:00:00,14720.43,14759.94,14626.2,14695.84
2026-04-11 19:00:00,14697.43,14782.4,14495.19,14676.75
2026-04-11 20:00:00,14677.41,14694.83,14508.82,14527.9
2026-04-11 21:00:00,14529.68,14846.2,14429.55,14837.27
2026-04-11 22:00:00,14837.23,15071.09,14794.36,15016.48
2026-04-11 23:00:00,15020.67,15134.88,14945.34,14961.12
2026-04-12 00:00:00,14959.84,15061.56,14900.53,15015.47
2026-04-12 01:00:00,15015.63,15227.23,15015.63,15153.67
2026-04-12 02:00:00,15157.99,15163.66,14815.9,14898.78
2026-04-12 03:00:00,14895.87,15117.91,14841.52,15114.63
2026-04-12 04:00:00,15113.23,15180.57,14988.42,15055.37
2026-04-12 05:00:00,15054.45,15093.82,14866.26,14960.95
2026-04-12 06:00:00,14957.65,15029.16,14770.78,14834.58
2026-04-12 07:00:00,14834.4,14834.4,14583.93,14787.03
2026-04-12 08:00:00,14787.86,14871.53,14780.33,14871.53
2026-04-12 09:00:00,14869.97,15169.8,14770.97,15013.22
2026-04-12 10:00:00,15011.08,15223.97,14971.58,15198.22
2026-04-12 11:00:00,15199.64,15208.92,14944.59,14954.41
2026-04-12 12:00:00,14954.41,15016.19,14722.77,14749.06
2026-04-12 13:00:00,14752.13,14758.21,14581.67,14684.18
2026-04-12 14:00:00,14684.8,14879.73,14627.11,14860.41
2026-04-12 15:00:00,14858.96,15086.33,14823.07,15052.69
2026-04-12 16:00:00,15052.34,15120.92,14995.7,15095.41
2026-04-12 17:00:00,15095.52,15123.88,14985.89,15079.61
2026-04-12 18:00:00,15078.88,15289.07,15066.93,15171.61
2026-04-12 19:00:00,15169.54,15197.09,15032.8,15193.69
2026-04-12 20:00:00,15195.64,15211.24,15104.67,15202.01
2026-04-12 21:00:00,15200.16,15201.87,15003.9,15012.69
2026-04-12 22:00:00,15012.83,15119.17,14969.22,15031.83
2026-04-12 23:00:00,15034.55,15092.35,14854.53,14954.85
2026-04-13 00:00:00,14954.0,14955.47,14652.29,14876.0
2026-04-13 01:00:00,14881.03,14924.63,14506.54,14575.67
2026-04-13 02:00:00,14569.43,14652.71,14387.76,14644.79
2026-04-13 03:00:00,14645.43,14710.53,14608.18,14684.37
2026-04-13 04:00:00,14684.04,14694.27,14347.49,14359.06
2026-04-13 05:00:00,14359.99,14717.75,14347.77,14717.47
2026-04-13 06:00:00,14715.95,14754.67,14551.98,14660.95
2026-04-13 07:00:00,14660.93,14850.15,14640.65,14837.26
2026-04-13 08:00:00,14839.4,14862.78,14703.07,14799.87
2026-04-13 09:00:00,14800.38,15016.51,14796.94,14892.62
2026-04-13 10:00:00,14889.66,15276.98,14852.92,15260.12
2026-04-13 11:00:00,15256.41,15346.59,15149.87,15258.18
2026-04-13 12:00:00,15257.15,15306.75,15052.46,15260.24
2026-04-13 13:00:00,15262.33,15290.98,15116.8,15191.51
2026-04-13 14:00:00,15189.4,15190.23,15001.16,15066.1
2026-04-13 15:00:00,15064.92,15183.68,15000.65,15011.71
2026-04-13 16:00:00,15014.32,15062.64,14767.04,14879.29
2026-04-13 17:00:00,14880.39,15105.11,14817.57,15033.1
2026-04-13 18:00:00,15034.22,15059.97,14838.76,14854.58
2026-04-13 19:00:00,14855.39,15144.73,14846.96,15108.07
2026-04-13 20:00:00,15106.78,15324.55,15103.85,15272.4
2026-04-13 21:00:00,15273.31,15294.5,15133.99,15250.8
2026-04-13 22:00:00,15251.93,15365.24,15215.13,15348.07
2026-04-13 23:00:00,15348.35,15594.03,15343.81,15557.27
2026-04-14 00:00:00,15556.46,15886.36,15503.51,15861.13
2026-04-14 01:00:00,15861.75,15870.38,15686.76,15686.76
2026-04-14 02:00:00,15687.7,15687.7,15465.76,15660.56
2026-04-14 03:00:00,15661.17,15770.19,15558.67,15560.59
2026-04-14 04:00:00,15560.21,15706.01,15392.95,15702.03
2026-04-14 05:00:00,15698.78,15846.92,15630.81,15825.45
2026-04-14 06:00:00,15821.6,16021.85,15730.49,15995.61
2026-04-14 07:00:00,15999.43,16063.66,15845.17,16001.76
2026-04-14 08:00:00,16004.56,16152.96,15971.56,16106.05
2026-04-14 09:00:00,16111.25,16257.01,16111.18,16188.36
2026-04-14 10:00:00,16190.5,16298.29,16094.38,16113.39
2026-04-14 11:00:00,16116.48,16239.12,15981.68,16231.74
2026-04-14 12:00:00,16231.68,16262.99,15791.25,15799.42
2026-04-14 13:00:00,15798.53,15813.42,15549.49,15632.58
2026-04-14 14:00:00,15631.69,15814.54,15631.69,15707.1
2026-04-14 15:00:00,15704.34,16059.36,15697.66,16020.1
2026-04-14 16:00:00,16019.02,16127.36,15904.67,16067.5
2026-04-14 17:00:00,16069.59,16076.05,15797.12,15825.84
2026-04-14 18:00:00,15827.17,15925.29,15726.86,15758.23
2026-04-14 19:00:00,15754.08,15790.84,15607.79,15734.75
2026-04-14 20:00:00,15733.38,15895.47,15708.67,15891.75
2026-04-14 21:00:00,15895.19,16090.03,15813.52,15934.92
2026-04-14 22:00:00,15933.3,15947.26,15763.33,15771.48
2026-04-14 23:00:00,15771.22,15958.6,15702.03,15795.07
2026-04-15 00:00:00,15796.22,15927.07,15683.57,15691.76
2026-04-15 01:00:00,15691.77,15766.38,15624.42,15749.41
2026-04-15 02:00:00,15750.22,15848.28,15648.75,15748.17
2026-04-15 03:00:00,15746.08,15881.12,15716.52,15766.57
2026-04-15 04:00:00,15764.58,15855.33,15564.88,15634.04
2026-04-15 05:00:00,15632.27,15810.17,15583.53,15646.86
2026-04-15 06:00:00,15648.13,15775.94,15626.75,15654.45
2026-04-15 07:00:00,15653.57,15686.63,15410.23,15410.23
2026-04-15 08:00:00,15411.06,15514.82,15319.36,15411.62
2026-04-15 09:00:00,15416.44,15462.09,15293.83,15324.7
2026-04-15 10:00:00,15324.44,15425.08,15217.67,15423.36
2026-04-15 11:00:00,15425.16,15435.26,15185.31,15303.59
2026-04-15 12:00:00,15302.54,15583.29,15262.14,15560.74
2026-04-15 13:00:00,15560.85,15585.12,15374.03,15521.39
2026-04-15 14:00:00,15524.13,15684.22,15511.16,15552.96
2026-04-15 15:00:00,15555.05,15563.69,15347.7,15426.29
2026-04-15 16:00:00,15423.62,15470.8,15289.67,15436.56
2026-04-15 17:00:00,15436.24,15474.6,15239.04,15321.3
2026-04-15 18:00:00,15321.14,15425.58,15202.54,15216.86
2026-04-15 19:00:00,15219.16,15439.47,15169.32,15389.54
2026-04-15 20:00:00,15389.6,15413.91,15181.52,15377.28
2026-04-15 21:00:00,15376.75,15439.39,15275.4,15378.67
2026-04-15 22:00:00,15378.29,15493.14,15335.13,15453.35
2026-04-15 23:00:00,15450.8,15458.54,15098.1,15114.85
2026-04-16 00:00:00,15113.4,15223.3,14930.66,15218.95
2026-04-16 01:00:00,15219.03,15276.93,15050.65,15119.81
2026-04-16 02:00:00,15119.24,15135.75,14842.61,14952.13
2026-04-16 03:00:00,14948.04,14968.7,14777.71,14928.05
2026-04-16 04:00:00,14929.29,15021.18,14857.36,14888.27
2026-04-16 05:00:00,14888.52,15232.54,14871.19,15019.65
2026-04-16 06:00:00,15019.27,15056.31,14854.39,15045.42
2026-04-16 07:00:00,15043.14,15118.36,14894.69,14921.28
2026-04-16 08:00:00,14924.95,15117.69,14903.72,15083.54
2026-04-16 09:00:00,15085.51,15138.54,14974.03,15027.02
2026-04-16 10:00:00,15029.03,15280.9,14986.78,15245.52
2026-04-16 11:00:00,15243.72,15312.85,15146.86,15175.6
2026-04-16 12:00:00,15177.77,15252.28,15066.09,15145.09
2026-04-16 13:00:00,15143.1,15211.1,14954.78,15001.82
2026-04-16 14:00:00,15003.66,15046.31,14733.46,14742.27
2026-04-16 15:00:00,14740.8,15056.69,14659.34,14983.77
2026-04-16 16:00:00,14986.06,14994.58,14794.2,14965.02
2026-04-16 17:00:00,14966.63,15074.24,14950.88,14999.26
2026-04-16 18:00:00,15001.6,15110.62,14896.72,15066.84
2026-04-16 19:00:00,15067.0,15157.93,14863.03,14887.79
2026-04-16 20:00:00,14884.05,15127.8,14825.55,15107.15
2026-04-16 21:00:00,15106.41,15170.03,14983.26,15130.74
2026-04-16 22:00:00,15130.76,15195.87,14921.11,14947.67
2026-04-16 23:00:00,14949.33,15091.21,14903.36,15001.15
2026-04-17 00:00:00,15004.8,15039.73,14786.18,14790.85
2026-04-17 01:00:00,14792.37,14904.27,14786.83,14832.14
2026-04-17 02:00:00,14833.53,15095.45,14833.12,14966.45
2026-04-17 03:00:00,14967.56,15128.68,14884.24,15069.5
2026-04-17 04:00:00,15069.42,15100.89,14843.77,14851.65
2026-04-17 05:00:00,14850.5,14895.92,14795.19,14855.12
2026-04-17 06:00:00,14854.88,14878.79,14641.87,14740.17
2026-04-17 07:00:00,14737.02,14916.31,14707.28,14890.97
2026-04-17 08:00:00,14892.65,14987.56,14861.65,14937.9
2026-04-17 09:00:00,14939.06,15041.92,14800.5,15035.25
2026-04-17 10:00:00,15032.32,15301.0,14988.38,15281.53
2026-04-17 11:00:00,15282.48,15343.78,15157.91,15260.72
2026-04-17 12:00:00,15259.57,15491.42,15242.18,15446.11
2026-04-17 13:00:00,15446.86,15606.02,15243.75,15262.35
2026-04-17 14:00:00,15263.56,15370.29,15195.59,15364.35
2026-04-17 15:00:00,15365.89,15399.55,15209.06,15376.01
2026-04-17 16:00:00,15374.53,15451.74,15250.67,15310.52
2026-04-17 17:00:00,15309.4,15335.88,15066.51,15079.17
2026-04-17 18:00:00,15077.01,15236.03,15013.21,15167.45
2026-04-17 19:00:00,15165.8,15274.49,15108.67,15274.49
2026-04-17 20:00:00,15276.63,15607.86,15261.81,15601.47
2026-04-17 21:00:00,15598.59,15832.39,15564.92,15807.03
2026-04-17 22:00:00,15807.47,15847.01,15583.71,15595.27
2026-04-17 23:00:00,15598.19,15668.5,15523.31,15587.74
2026-04-18 00:00:00,15590.27,15610.61,15254.33,15366.46
2026-04-18 01:00:00,15366.69,15420.98,15076.44,15126.66
2026-04-18 02:00:00,15130.16,15139.23,14848.85,14957.49
2026-04-18 03:00:00,14956.08,14982.78,14802.04,14842.95
2026-04-18 04:00:00,14841.33,15103.37,14759.68,15059.43
2026-04-18 05:00:00,15057.01,15156.87,14907.3,15125.77
2026-04-18 06:00:00,15122.2,15401.55,15115.71,15388.4
2026-04-18 07:00:00,15389.9,15445.93,15188.89,15227.52
2026-04-18 08:00:00,15226.96,15358.5,15124.75,15351.53
2026-04-18 09:00:00,15354.53,15414.26,15216.77,15255.07
2026-04-18 10:00:00,15251.34,15372.6,15227.88,15357.71
2026-04-18 11:00:00,15357.09,15507.62,15300.16,15375.72
2026-04-18 12:00:00,15374.71,15397.38,15169.54,15182.66
2026-04-18 13:00:00,15181.95,15432.6,15119.53,15357.44
2026-04-18 14:00:00,15361.09,15422.8,15236.48,15282.07
2026-04-18 15:00:00,15280.88,15580.69,15280.09,15445.93
2026-04-18 16:00:00,15446.32,15575.08,15359.43,15423.86
2026-04-18 17:00:00,15421.55,15521.68,15319.94,15515.39
2026-04-18 18:00:00,15513.04,15688.48,15479.24,15606.8
2026-04-18 19:00:00,15609.16,15693.87,15465.85,15595.95
2026-04-18 20:00:00,15597.37,15608.66,15241.07,15313.82
2026-04-18 21:00:00,15316.08,15618.14,15316.08,15498.58
2026-04-18 22:00:00,15500.67,15764.61,15467.45,15727.88
2026-04-18 23:00:00,15724.52,15813.57,15580.51,15600.34
2026-04-19 00:00:00,15601.69,15688.5,15339.93,15535.38
2026-04-19 01:00:00,15533.64,15672.45,15518.11,15562.71
2026-04-19 02:00:00,15561.66,15905.4,15530.97,15894.06
2026-04-19 03:00:00,15895.62,15901.46,15417.14,15466.35
2026-04-19 04:00:00,15469.75,15583.9,15379.93,15401.07
2026-04-19 05:00:00,15403.22,15435.37,15191.64,15192.02
2026-04-19 06:00:00,15187.61,15233.01,15027.14,15129.21
2026-04-19 07:00:00,15131.48,15214.33,15104.44,15127.37
2026-04-19 08:00:00,15128.39,15287.06,15021.84,15198.76
2026-04-19 09:00:00,15196.95,15390.93,15156.92,15322.31
2026-04-19 10:00:00,15319.62,15463.3,15166.35,15184.48
2026-04-19 11:00:00,15186.25,15478.81,15134.47,15408.13
2026-04-19 12:00:00,15406.65,15502.94,15204.92,15241.26
2026-04-19 13:00:00,15243.11,15421.71,15192.36,15335.34
2026-04-19 14:00:00,15335.32,15337.82,15015.24,15020.41
2026-04-19 15:00:00,15023.31,15142.74,14904.78,15021.65
2026-04-19 16:00:00,15018.9,15118.34,14987.14,15017.8
2026-04-19 17:00:00,15013.64,15112.02,14946.46,15086.31
2026-04-19 18:00:00,15085.21,15158.25,14934.6,14940.37
2026-04-19 19:00:00,14938.01,15154.75,14878.66,15032.79
2026-04-19 20:00:00,15036.62,15118.61,14932.19,15064.25
2026-04-19 21:00:00,15061.25,15168.17,14954.52,15024.35
2026-04-19 22:00:00,15026.92,15379.97,15020.75,15314.21
2026-04-19 23:00:00,15312.53,15322.67,15228.03,15283.87
2026-04-20 00:00:00,15282.17,15332.89,15127.58,15174.93
2026-04-20 01:00:00,15173.92,15230.69,15005.07,15007.86
2026-04-20 02:00:00,15008.58,15172.33,14869.03,14903.7
2026-04-20 03:00:00,14903.18,15075.41,14848.53,15030.78
2026-04-20 04:00:00,15032.19,15089.63,14925.35,15029.74
2026-04-20 05:00:00,15028.71,15346.1,14951.35,14996.46
2026-04-20 06:00:00,14999.62,15029.25,14709.48,14763.89
2026-04-20 07:00:00,14762.9,14962.19,14745.9,14841.07
2026-04-20 08:00:00,14840.0,14884.12,14677.51,14794.16
2026-04-20 09:00:00,14792.07,14912.71,14752.8,14911.97
2026-04-20 10:00:00,14912.97,15142.71,14904.77,15125.23
2026-04-20 11:00:00,15120.7,15152.08,14970.21,15015.11
2026-04-20 12:00:00,15015.67,15024.16,14842.72,14931.6
2026-04-20 13:00:00,14931.98,14979.17,14678.35,14682.47
2026-04-20 14:00:00,14683.41,14726.22,14592.48,14696.15
2026-04-20 15:00:00,14697.48,14848.43,14601.78,14827.27
2026-04-20 16:00:00,14829.29,15061.29,14827.0,15025.24
2026-04-20 17:00:00,15024.42,15142.07,15006.88,15109.93
2026-04-20 18:00:00,15110.5,15132.69,14686.62,14851.55
2026-04-20 19:00:00,14848.16,14858.42,14537.04,14673.64
2026-04-20 20:00:00,14673.17,14915.39,14662.6,14910.07
2026-04-20 21:00:00,14908.82,15021.32,14807.57,14979.86
2026-04-20 22:00:00,14980.58,15045.46,14887.82,15005.64
2026-04-20 23:00:00,15009.25,15260.08,15000.22,15260.08
2026-04-21 00:00:00,15259.86,15414.57,15252.93,15357.55
2026-04-21 01:00:00,15356.3,15399.3,15168.74,15346.48
2026-04-21 02:00:00,15346.75,15535.29,15201.79,15504.3
2026-04-21 03:00:00,15504.9,15537.69,15306.86,15494.86
2026-04-21 04:00:00,15493.5,15669.62,15447.43,15504.54
2026-04-21 05:00:00,15505.77,15756.24,15493.93,15663.28
2026-04-21 06:00:00,15663.81,15676.43,15311.99,15440.36
2026-04-21 07:00:00,15440.66,15493.72,15371.35,15428.16
2026-04-21 08:00:00,15429.54,15474.87,15306.42,15367.98
2026-04-21 09:00:00,15368.06,15434.99,15123.75,15264.74
2026-04-21 10:00:00,15264.8,15291.67,15139.25,15279.1
2026-04-21 11:00:00,15278.71,15333.88,15177.74,15270.04
2026-04-21 12:00:00,15271.41,15347.38,15209.39,15278.81
2026-04-21 13:00:00,15278.46,15555.9,15262.08,15461.69
2026-04-21 14:00:00,15462.07,15675.1,15343.13,15665.31
2026-04-21 15:00:00,15663.78,15886.03,15594.4,15868.98
2026-04-21 16:00:00,15868.76,16097.26,15823.0,15825.15
2026-04-21 17:00:00,15830.41,15849.09,15653.76,15816.43
2026-04-21 18:00:00,15818.07,16140.44,15785.1,15976.87
2026-04-21 19:00:00,15975.11,16034.07,15819.83,15856.57
2026-04-21 20:00:00,15857.61,15936.68,15812.11,15911.39
2026-04-21 21:00:00,15913.36,16171.9,15887.75,16152.38
2026-04-21 22:00:00,16148.94,16202.82,15814.88,15877.42
2026-04-21 23:00:00,15878.26,15907.5,15742.78,15812.53
2026-04-22 00:00:00,15809.09,16143.64,15752.11,16029.79
2026-04-22 01:00:00,16026.53,16132.9,15743.02,16104.42
2026-04-22 02:00:00,16103.06,16258.52,16087.93,16188.47
2026-04-22 03:00:00,16186.54,16304.24,16099.05,16130.89
2026-04-22 04:00:00,16129.14,16206.51,15859.64,15879.72
2026-04-22 05:00:00,15881.81,16173.33,15799.73,16112.9
2026-04-22 06:00:00,16112.34,16267.55,16068.87,16206.71
2026-04-22 07:00:00,16208.35,16323.84,16120.67,16123.67
2026-04-22 08:00:00,16123.95,16186.93,16053.4,16140.55
2026-04-22 09:00:00,16140.29,16412.08,16134.91,16227.71
2026-04-22 10:00:00,16224.8,16274.09,16101.16,16247.81
2026-04-22 11:00:00,16245.95,16471.74,16206.81,16459.27
2026-04-22 12:00:00,16457.44,16496.6,16354.33,16416.74
2026-04-22 13:00:00,16418.11,16601.6,16385.45,16554.82
2026-04-22 14:00:00,16560.01,16788.66,16545.54,16730.15
2026-04-22 15:00:00,16733.2,16809.14,16664.78,16731.8
2026-04-22 16:00:00,16728.32,16740.91,16383.09,16516.1
2026-04-22 17:00:00,16520.46,16663.83,16492.12,16590.21
2026-04-22 18:00:00,16595.72,16623.42,16316.38,16416.09
2026-04-22 19:00:00,16417.01,16818.03,16412.75,16703.9
2026-04-22 20:00:00,16705.59,16745.67,16542.22,16597.84
2026-04-22 21:00:00,16600.95,16620.75,16197.46,16206.67
2026-04-22 22:00:00,16203.96,16292.3,15989.88,16206.8
2026-04-22 23:00:00,16205.91,16296.6,16147.61,16271.45
2026-04-23 00:00:00,16272.44,16486.19,16211.26,16420.95
2026-04-23 01:00:00,16419.37,16421.3,15973.78,15991.79
2026-04-23 02:00:00,15993.52,16105.69,15868.83,15881.1
2026-04-23 03:00:00,15880.64,15897.37,15616.53,15701.64
2026-04-23 04:00:00,15703.4,15955.47,15684.73,15912.81
2026-04-23 05:00:00,15914.08,16091.08,15835.23,16014.53
2026-04-23 06:00:00,16013.19,16027.93,15816.23,15841.41
2026-04-23 07:00:00,15845.33,15887.04,15677.59,15688.44
2026-04-23 08:00:00,15689.24,15724.23,15465.63,15470.1
2026-04-23 09:00:00,15471.84,15786.78,15461.7,15616.25
2026-04-23 10:00:00,15615.27,15821.54,15542.26,15746.96
2026-04-23 11:00:00,15749.74,15781.32,15505.65,15534.72
2026-04-23 12:00:00,15536.57,15989.34,15528.57,15868.12
2026-04-23 13:00:00,15868.06,15868.06,15549.03,15622.52
2026-04-23 14:00:00,15623.24,15657.68,15375.58,15511.3
2026-04-23 15:00:00,15513.29,15560.24,15301.07,15330.72
2026-04-23 16:00:00,15331.86,15528.98,15326.65,15340.42
2026-04-23 17:00:00,15341.37,15404.18,15255.24,15384.96
2026-04-23 18:00:00,15385.8,15512.56,15171.26,15492.96
2026-04-23 19:00:00,15490.03,15519.24,15243.0,15252.37
2026-04-23 20:00:00,15251.66,15288.15,15121.22,15187.41
2026-04-23 21:00:00,15190.56,15330.39,15168.82,15309.97
2026-04-23 22:00:00,15308.59,15489.33,15296.03,15400.53
2026-04-23 23:00:00,15400.0,15538.19,15316.51,15442.93
2026-04-24 00:00:00,15439.58,15505.26,15411.67,15432.54
2026-04-24 01:00:00,15432.37,15590.37,15354.47,15460.82
2026-04-24 02:00:00,15458.74,15462.65,15131.58,15165.37
2026-04-24 03:00:00,15165.33,15178.99,15001.07,15013.71
2026-04-24 04:00:00,15013.23,15138.79,14935.22,15099.96
2026-04-24 05:00:00,15100.43,15160.16,14958.81,15057.64
2026-04-24 06:00:00,15060.41,15163.57,14992.49,15053.08
2026-04-24 07:00:00,15056.36,15208.55,15021.82,15117.49
2026-04-24 08:00:00,15114.95,15127.33,14711.36,14757.5
2026-04-24 09:00:00,14755.24,14914.3,14696.45,14821.01
2026-04-24 10:00:00,14820.61,14867.8,14664.13,14700.8
2026-04-24 11:00:00,14698.9,14700.87,14472.17,14485.19
2026-04-24 12:00:00,14485.89,14518.59,14391.0,14432.19
2026-04-24 13:00:00,14429.66,14517.8,14254.88,14458.89
2026-04-24 14:00:00,14458.29,14480.58,14327.62,14358.71
2026-04-24 15:00:00,14359.74,14568.06,14344.51,14521.07
2026-04-24 16:00:00,14521.55,14657.33,14494.58,14644.29
2026-04-24 17:00:00,14645.95,14855.7,14604.17,14844.82
2026-04-24 18:00:00,14843.33,15003.31,14818.06,14985.13
2026-04-24 19:00:00,14983.52,15220.73,14956.58,15173.14
2026-04-24 20:00:00,15175.14,15502.44,15053.9,15350.48
2026-04-24 21:00:00,15349.12,15472.61,15188.74,15447.91
2026-04-24 22:00:00,15452.22,15670.63,15444.87,15519.27
2026-04-24 23:00:00,15520.77,15859.23,15496.09,15702.15
2026-04-25 00:00:00,15703.6,15732.84,15524.96,15657.3
2026-04-25 01:00:00,15656.13,15896.98,15537.42,15857.73
2026-04-25 02:00:00,15857.89,16014.45,15782.34,15979.1
2026-04-25 03:00:00,15977.21,16064.89,15937.21,16043.85
2026-04-25 04:00:00,16048.9,16180.51,16013.6,16121.89
2026-04-25 05:00:00,16125.5,16210.65,16004.04,16095.83
2026-04-25 06:00:00,16093.35,16133.56,15929.32,16059.32
2026-04-25 07:00:00,16061.82,16195.87,15995.06,16176.99
2026-04-25 08:00:00,16173.78,16377.61,16069.01,16366.62
2026-04-25 09:00:00,16367.82,16403.46,16154.43,16321.27
2026-04-25 10:00:00,16320.35,16344.16,16172.24,16226.4
2026-04-25 11:00:00,16225.36,16497.12,16195.85,16429.25
2026-04-25 12:00:00,16428.87,16558.53,16375.07,16383.37
2026-04-25 13:00:00,16385.08,16416.28,16204.93,16354.64
2026-04-25 14:00:00,16353.84,16365.56,16007.51,16032.9
2026-04-25 15:00:00,16032.65,16245.23,16004.78,16209.75
2026-04-25 16:00:00,16207.56,16495.1,16119.45,16451.55
2026-04-25 17:00:00,16450.34,16631.5,16389.74,16631.27
2026-04-25 18:00:00,16633.59,16692.65,16436.81,16594.22
2026-04-25 19:00:00,16594.09,16645.11,16444.37,16572.1
2026-04-25 20:00:00,16573.18,16812.83,16560.3,16732.34
2026-04-25 21:00:00,16731.04,16975.13,16650.6,16971.73
2026-04-25 22:00:00,16969.96,17000.06,16736.0,16877.26
2026-04-25 23:00:00,16874.12,17094.35,16874.12,16921.92
2026-04-26 00:00:00,16919.9,16994.84,16687.72,16785.09
2026-04-26 01:00:00,16780.98,17021.1,16780.92,17005.22
2026-04-26 02:00:00,17002.35,17016.06,16818.99,16849.29
2026-04-26 03:00:00,16847.44,16978.43,16762.3,16806.22
2026-04-26 04:00:00,16807.35,16991.67,16698.63,16980.71
2026-04-26 05:00:00,16981.95,17132.79,16950.95,17059.58
2026-04-26 06:00:00,17059.01,17125.96,16782.4,16806.14
2026-04-26 07:00:00,16805.95,16972.92,16781.22,16899.28
2026-04-26 08:00:00,16900.86,16957.04,16753.56,16827.43
2026-04-26 09:00:00,16828.43,16885.84,16554.39,16562.45
2026-04-26 10:00:00,16567.61,16572.47,16301.9,16359.72
2026-04-26 11:00:00,16358.27,16402.55,16194.83,16393.82
2026-04-26 12:00:00,16392.11,16572.38,16346.58,16350.83
2026-04-26 13:00:00,16354.97,16520.08,16284.84,16346.7
2026-04-26 14:00:00,16348.91,16597.66,16337.62,16463.62
2026-04-26 15:00:00,16460.51,16564.72,16207.86,16247.42
2026-04-26 16:00:00,16251.82,16255.33,15854.32,16028.67
2026-04-26 17:00:00,16027.4,16211.47,15961.08,16202.33
2026-04-26 18:00:00,16197.43,16356.66,16174.49,16187.0
2026-04-26 19:00:00,16182.24,16197.14,16017.58,16084.94
2026-04-26 20:00:00,16080.95,16146.56,15861.4,16051.05
2026-04-26 21:00:00,16051.99,16265.43,16015.18,16150.09
2026-04-26 22:00:00,16148.98,16208.82,15971.7,15982.34
2026-04-26 23:00:00,15983.48,16024.36,15695.41,15747.45
2026-04-27 00:00:00,15745.6,15838.49,15658.56,15764.64
2026-04-27 01:00:00,15767.11,15904.42,15674.99,15704.33
2026-04-27 02:00:00,15704.83,15754.38,15530.55,15587.48
2026-04-27 03:00:00,15587.72,15726.01,15553.19,15592.33
2026-04-27 04:00:00,15594.66,15801.87,15526.5,15801.87
2026-04-27 05:00:00,15802.8,15847.49,15622.52,15693.78
2026-04-27 06:00:00,15694.47,15935.4,15694.47,15897.17
2026-04-27 07:00:00,15898.7,15924.7,15616.12,15657.58
2026-04-27 08:00:00,15660.91,15963.04,15573.14,15900.63
2026-04-27 09:00:00,15901.85,15988.59,15814.67,15931.31
2026-04-27 10:00:00,15933.17,16023.73,15657.52,15672.65
2026-04-27 11:00:00,15670.14,15718.61,15538.01,15619.33
2026-04-27 12:00:00,15622.62,15652.7,15264.39,15341.74
2026-04-27 13:00:00,15342.96,15383.97,15197.94,15320.04
2026-04-27 14:00:00,15317.79,15399.97,15226.53,15347.08
2026-04-27 15:00:00,15344.97,15405.93,15209.78,15241.97
2026-04-27 16:00:00,15241.12,15362.3,14985.05,15022.43
2026-04-27 17:00:00,15019.89,15372.42,14975.5,15367.03
2026-04-27 18:00:00,15365.36,15660.67,15299.05,15548.84
2026-04-27 19:00:00,15543.23,15555.17,15075.14,15123.97
2026-04-27 20:00:00,15124.44,15178.02,14994.09,15006.49
2026-04-27 21:00:00,15008.38,15039.78,14839.86,14856.98
2026-04-27 22:00:00,14857.39,15025.33,14713.82,15020.86
2026-04-27 23:00:00,15021.68,15186.37,14921.78,15008.18
2026-04-28 00:00:00,15004.63,15118.02,14915.29,15112.05
2026-04-28 01:00:00,15113.66,15189.55,14972.03,15175.26
2026-04-28 02:00:00,15176.03,15276.8,14972.71,15143.8
2026-04-28 03:00:00,15144.67,15262.77,15051.15,15257.11
2026-04-28 04:00:00,15258.1,15362.13,15206.18,15321.42
2026-04-28 05:00:00,15319.95,15384.31,15238.81,15317.29
2026-04-28 06:00:00,15318.31,15563.12,15271.31,15529.19
2026-04-28 07:00:00,15533.61,15700.97,15492.26,15577.27
2026-04-28 08:00:00,15577.94,15660.12,15557.24,15651.49
2026-04-28 09:00:00,15651.39,15689.83,15468.32,15552.36
2026-04-28 10:00:00,15554.44,15646.91,15516.18,15569.39
2026-04-28 11:00:00,15567.37,15797.74,15513.45,15758.08
2026-04-28 12:00:00,15757.44,15870.04,15655.03,15863.86
2026-04-28 13:00:00,15864.88,15976.65,15765.43,15810.5
2026-04-28 14:00:00,15808.08,15976.0,15637.07,15934.98
2026-04-28 15:00:00,15932.68,15991.48,15542.19,15579.89
2026-04-28 16:00:00,15580.02,15656.68,15520.0,15615.25
2026-04-28 17:00:00,15612.82,15789.23,15565.83,15779.31
2026-04-28 18:00:00,15783.36,15869.65,15731.78,15797.32
2026-04-28 19:00:00,15797.45,15825.92,15673.15,15733.82
2026-04-28 20:00:00,15731.08,15849.17,15679.08,15764.58
2026-04-28 21:00:00,15763.55,15981.55,15736.22,15853.09
2026-04-28 22:00:00,15852.95,16094.95,15841.97,15880.19
2026-04-28 23:00:00,15877.44,15981.84,15788.03,15975.76
2026-04-29 00:00:00,15979.22,16303.57,15963.59,16161.99
2026-04-29 01:00:00,16159.39,16251.01,16081.85,16141.21
2026-04-29 02:00:00,16141.34,16161.57,15970.97,16012.99
2026-04-29 03:00:00,16009.43,16064.28,15730.05,15824.21
2026-04-29 04:00:00,15825.73,16015.88,15735.73,15870.24
2026-04-29 05:00:00,15871.53,16104.83,15818.49,15976.66
2026-04-29 06:00:00,16009.97,16178.31,15880.56,16111.15
2026-04-29 07:00:00,16106.98,16114.42,15932.16,15959.6
2026-04-29 08:00:00,15960.25,15988.03,15737.86,15749.25
2026-04-29 09:00:00,15751.69,15797.3,15613.11,15669.42
2026-04-29 10:00:00,15670.85,15676.44,15449.96,15550.92
2026-04-29 11:00:00,15547.09,15701.96,15512.54,15517.42
2026-04-29 12:00:00,15519.65,15587.89,15397.07,15525.67
2026-04-29 13:00:00,15521.13,15557.89,15430.67,15463.37
2026-04-29 14:00:00,15464.88,15571.07,15340.39,15415.23
2026-04-29 15:00:00,15413.18,15435.46,15330.4,15360.88
2026-04-29 16:00:00,15355.85,15450.95,15222.81,15238.32
2026-04-29 17:00:00,15237.24,15369.87,15228.18,15273.52
2026-04-29 18:00:00,15271.59,15278.33,15017.66,15021.94
2026-04-29 19:00:00,15020.09,15159.51,14989.2,15031.15
2026-04-29 20:00:00,15028.59,15167.89,14981.52,15041.85
2026-04-29 21:00:00,15043.1,15224.5,14890.16,15218.49
2026-04-29 22:00:00,15217.68,15236.41,14946.3,15080.58
2026-04-29 23:00:00,15078.59,15170.14,15023.65,15038.93
2026-04-30 00:00:00,15042.58,15242.95,15003.66,15230.22
2026-04-30 01:00:00,15228.86,15331.67,15184.37,15330.55
2026-04-30 02:00:00,15330.89,15389.68,15152.53,15179.84
2026-04-30 03:00:00,15183.26,15317.92,15067.03,15240.54
2026-04-30 04:00:00,15238.79,15266.66,15107.33,15218.41
2026-04-30 05:00:00,15221.51,15231.5,14862.51,14912.7
2026-04-30 06:00:00,14912.71,14919.46,14691.23,14730.26
2026-04-30 07:00:00,14729.5,14818.15,14618.11,14666.97
2026-04-30 08:00:00,14665.28,14894.35,14658.91,14774.02
2026-04-30 09:00:00,14771.43,14798.26,14588.06,14616.41
2026-04-30 10:00:00,14614.12,14677.08,14559.91,14644.46
2026-04-30 11:00:00,14646.09,14688.6,14491.4,14518.36
2026-04-30 12:00:00,14518.7,14530.29,14295.89,14341.06
2026-04-30 13:00:00,14343.57,14427.9,14198.67,14357.27
2026-04-30 14:00:00,14357.4,14502.09,14186.1,14229.46
2026-04-30 15:00:00,14231.18,14280.12,14095.86,14110.84
2026-04-30 16:00:00,14107.61,14284.59,14100.4,14199.41
2026-04-30 17:00:00,14197.43,14276.24,14115.02,14269.92
2026-04-30 18:00:00,14267.98,14399.86,14188.2,14189.87
2026-04-30 19:00:00,14193.36,14201.16,14029.96,14117.42
2026-04-30 20:00:00,14116.65,14283.31,14051.19,14225.59
2026-04-30 21:00:00,14225.95,14241.5,14113.62,14222.96
2026-04-30 22:00:00,14222.55,14258.4,14112.6,14144.39
2026-04-30 23:00:00,14147.38,14340.93,13985.71,14301.63
2026-05-01 00:00:00,14306.33,14354.57,14147.5,14282.22
2026-05-01 01:00:00,14284.1,14392.93,14219.18,14337.61
2026-05-01 02:00:00,14336.23,14356.33,14132.68,14230.18
2026-05-01 03:00:00,14230.98,14491.34,14223.05,14353.76
2026-05-01 04:00:00,14356.42,14380.29,13976.62,13995.47
2026-05-01 05:00:00,13992.59,14027.4,13843.92,13905.55
2026-05-01 06:00:00,13904.45,13980.7,13837.18,13921.05
2026-05-01 07:00:00,13920.39,13922.61,13680.49,13695.6
2026-05-01 08:00:00,13694.83,13805.24,13659.11,13794.87
2026-05-01 09:00:00,13798.41,13898.22,13704.56,13803.76
2026-05-01 10:00:00,13802.71,13926.87,13787.01,13897.19
2026-05-01 11:00:00,13899.28,14109.7,13866.45,14060.48
2026-05-01 12:00:00,14062.15,14237.64,13918.51,13988.22
2026-05-01 13:00:00,13988.61,14145.98,13981.13,14135.64
2026-05-01 14:00:00,14136.65,14200.88,13947.12,13957.07
2026-05-01 15:00:00,13958.96,14003.11,13689.42,13794.17
2026-05-01 16:00:00,13793.71,14024.57,13754.37,13975.66
2026-05-01 17:00:00,13977.84,14116.69,13863.4,14070.8
2026-05-01 18:00:00,14068.64,14228.62,14051.64,14219.22
2026-05-01 19:00:00,14216.58,14382.15,14186.12,14373.72
2026-05-01 20:00:00,14372.55,14398.21,14136.82,14182.96
2026-05-01 21:00:00,14180.5,14259.77,14081.74,14101.93
2026-05-01 22:00:00,14100.06,14191.91,14035.98,14081.43
2026-05-01 23:00:00,14076.35,14150.2,13951.88,13972.86
2026-05-02 00:00:00,13973.27,13999.45,13859.3,13954.79
2026-05-02 01:00:00,13956.4,14023.57,13809.19,13853.37
2026-05-02 02:00:00,13851.67,14095.88,13778.65,14093.7
2026-05-02 03:00:00,14096.89,14124.0,13937.11,13947.48
2026-05-02 04:00:00,13946.18,14130.65,13934.73,14095.18
2026-05-02 05:00:00,14094.11,14116.18,13915.11,13949.18
2026-05-02 06:00:00,13949.81,14092.4,13848.18,13873.61
2026-05-02 07:00:00,13875.2,13884.45,13590.48,13604.65
2026-05-02 08:00:00,13602.86,13645.43,13503.57,13503.57
2026-05-02 09:00:00,13502.64,13506.8,13320.1,13368.11
2026-05-02 10:00:00,13368.15,13491.96,13237.24,13461.8
2026-05-02 11:00:00,13465.15,13618.99,13451.03,13569.22
2026-05-02 12:00:00,13570.33,13684.92,13508.93,13662.93
2026-05-02 13:00:00,13662.53,13791.84,13635.9,13690.06
2026-05-02 14:00:00,13690.22,13701.98,13491.9,13494.07
2026-05-02 15:00:00,13491.71,13646.18,13468.59,13473.3
2026-05-02 16:00:00,13471.56,13646.73,13436.94,13509.18
2026-05-02 17:00:00,13506.38,13726.95,13505.45,13720.74
2026-05-02 18:00:00,13724.55,13834.46,13654.56,13784.8
2026-05-02 19:00:00,13783.12,13913.26,13753.25,13863.85
2026-05-02 20:00:00,13861.68,13971.38,13819.12,13897.86
2026-05-02 21:00:00,13894.34,14072.92,13808.49,14054.39
2026-05-02 22:00:00,14056.68,14080.77,13814.34,13832.27
2026-05-02 23:00:00,13832.97,13896.54,13527.49,13543.75
2026-05-03 00:00:00,13544.97,13577.65,13163.41,13196.58
2026-05-03 01:00:00,13198.53,13327.98,13137.18,13189.1
2026-05-03 02:00:00,13191.65,13198.97,13038.55,13138.62
2026-05-03 03:00:00,13137.36,13191.46,12982.5,13132.13
2026-05-03 04:00:00,13131.56,13210.92,13039.03,13055.35
2026-05-03 05:00:00,13057.1,13302.17,13032.26,13288.13
2026-05-03 06:00:00,13285.36,13329.86,13026.93,13113.21
2026-05-03 07:00:00,13113.71,13416.48,13110.08,13382.83
2026-05-03 08:00:00,13380.5,13410.62,13267.09,13329.6
2026-05-03 09:00:00,13329.39,13557.29,13314.14,13470.38
2026-05-03 10:00:00,13472.72,13495.81,13338.26,13448.2
2026-05-03 11:00:00,13448.85,13629.21,13235.08,13365.39
2026-05-03 12:00:00,13364.7,13385.97,13073.32,13127.9
2026-05-03 13:00:00,13126.3,13148.42,12902.25,12927.52
2026-05-03 14:00:00,12925.94,12953.02,12741.05,12768.13
2026-05-03 15:00:00,12768.18,12771.12,12563.67,12563.67
2026-05-03 16:00:00,12563.71,12654.7,12501.59,12571.78
2026-05-03 17:00:00,12571.95,12576.89,12436.83,12493.11
2026-05-03 18:00:00,12494.2,12546.2,12462.78,12537.1
2026-05-03 19:00:00,12537.4,12733.12,12535.8,12678.66
2026-05-03 20:00:00,12678.24,12729.5,12557.87,12596.93
2026-05-03 21:00:00,12598.2,12846.07,12571.84,12688.83
2026-05-03 22:00:00,12688.43,12720.72,12425.69,12434.43
2026-05-03 23:00:00,12433.27,12540.12,12352.07,12387.91
2026-05-04 00:00:00,12389.04,12481.33,12230.44,12272.77
2026-05-04 01:00:00,12270.8,12409.46,12177.92,12401.33
2026-05-04 02:00:00,12402.45,12436.31,12336.72,12392.91
2026-05-04 03:00:00,12395.22,12436.51,12204.25,12276.18
2026-05-04 04:00:00,12275.54,12493.4,12249.2,12280.64
2026-05-04 05:00:00,12280.04,12516.88,12260.59,12511.78
2026-05-04 06:00:00,12511.75,12613.11,12427.05,12533.44
2026-05-04 07:00:00,12531.1,12574.41,12394.4,12539.52
2026-05-04 08:00:00,12543.31,12754.46,12535.81,12716.63
2026-05-04 09:00:00,12718.61,12799.18,12604.92,12694.71
2026-05-04 10:00:00,12693.18,12807.45,12631.55,12710.27
2026-05-04 11:00:00,12710.07,12713.83,12463.75,12568.57
2026-05-04 12:00:00,12568.36,12736.2,12558.16,12684.74
2026-05-04 13:00:00,12686.21,12728.09,12276.09,12326.81
2026-05-04 14:00:00,12325.92,12399.92,12275.75,12354.06
2026-05-04 15:00:00,12353.54,12407.74,12280.72,12315.52
2026-05-04 16:00:00,12314.92,12373.38,12252.98,12364.42
2026-05-04 17:00:00,12362.83,12378.47,12172.84,12222.26
2026-05-04 18:00:00,12224.03,12248.55,11867.99,11919.71
2026-05-04 19:00:00,11919.28,11989.84,11807.62,11852.59
2026-05-04 20:00:00,11850.35,11866.24,11628.06,11707.92
2026-05-04 21:00:00,11709.01,11897.83,11708.88,11871.72
2026-05-04 22:00:00,11871.5,12024.59,11867.12,11905.64
2026-05-04 23:00:00,11906.46,12047.45,11905.01,11995.51
2026-05-05 00:00:00,11994.1,12054.13,11948.64,11975.45
2026-05-05 01:00:00,11976.47,11976.47,11820.32,11862.43
2026-05-05 02:00:00,11862.92,11956.8,11833.81,11946.92
2026-05-05 03:00:00,11945.19,11998.82,11818.42,11842.02
2026-05-05 04:00:00,11844.17,11887.64,11723.89,11767.95
2026-05-05 05:00:00,11767.29,12023.32,11713.53,12013.89
2026-05-05 06:00:00,12013.89,12320.84,12003.48,12272.51
2026-05-05 07:00:00,12271.61,12290.35,12138.93,12287.09
2026-05-05 08:00:00,12285.34,12608.09,12267.59,12598.39
2026-05-05 09:00:00,12597.95,12864.91,12561.18,12846.27
2026-05-05 10:00:00,12844.46,12884.32,12752.88,12842.45
2026-05-05 11:00:00,12843.39,12907.74,12698.13,12770.48
2026-05-05 12:00:00,12769.33,12857.79,12740.86,12857.0
2026-05-05 13:00:00,12854.17,12928.72,12756.61,12912.59
2026-05-05 14:00:00,12910.35,12937.3,12799.28,12842.16
2026-05-05 15:00:00,12841.91,13152.55,12828.8,13046.01
2026-05-05 16:00:00,13046.49,13092.11,12716.71,12741.16
2026-05-05 17:00:00,12743.3,12783.82,12581.95,12674.23
2026-05-05 18:00:00,12677.07,12884.35,12617.22,12812.89
2026-05-05 19:00:00,12809.83,12981.7,12782.68,12979.59
2026-05-05 20:00:00,12978.11,12996.21,12822.61,12945.74
2026-05-05 21:00:00,12943.45,12964.69,12788.4,12948.32
2026-05-05 22:00:00,12948.94,13009.97,12834.72,12918.34
2026-05-05 23:00:00,12915.43,12984.65,12862.39,12874.49
2026-05-06 00:00:00,12875.98,12924.28,12756.48,12852.28
2026-05-06 01:00:00,12849.81,12874.73,12736.44,12816.49
2026-05-06 02:00:00,12815.9,12840.63,12694.76,12836.41
2026-05-06 03:00:00,12837.33,13088.9,12831.13,13079.7
2026-05-06 04:00:00,13078.49,13327.2,13068.55,13317.75
2026-05-06 05:00:00,13317.88,13396.67,13183.34,13392.38
2026-05-06 06:00:00,13389.77,13459.74,13245.63,13297.4
2026-05-06 07:00:00,13296.11,13338.09,13197.14,13270.15
2026-05-06 08:00:00,13269.61,13277.38,13128.67,13188.26
2026-05-06 09:00:00,13185.48,13215.22,13130.84,13200.52
2026-05-06 10:00:00,13200.66,13282.41,13169.95,13203.24
2026-05-06 11:00:00,13201.78,13400.89,13145.43,13328.65
2026-05-06 12:00:00,13327.12,13507.27,13282.8,13432.29
2026-05-06 13:00:00,13430.08,13699.41,13420.39,13687.0
2026-05-06 14:00:00,13687.61,13867.01,13667.01,13822.02
2026-05-06 15:00:00,13821.77,13824.86,13536.04,13648.05
2026-05-06 16:00:00,13649.63,13878.58,13597.23,13839.03
2026-05-06 17:00:00,13837.5,13911.82,13656.59,13656.59
2026-05-06 18:00:00,13658.39,13831.38,13651.95,13812.43
2026-05-06 19:00:00,13810.73,14099.24,13780.8,14080.64
2026-05-06 20:00:00,14080.2,14187.45,14040.05,14141.58
2026-05-06 21:00:00,14141.65,14141.65,13983.37,13994.88
2026-05-06 22:00:00,13995.87,14028.45,13846.26,13858.23
2026-05-06 23:00:00,13862.04,14019.53,13843.69,13880.59
2026-05-07 00:00:00,13879.05,13961.39,13857.89,13907.84
2026-05-07 01:00:00,13905.95,13907.71,13517.36,13633.56
2026-05-07 02:00:00,13631.8,13641.29,13317.69,13556.34
2026-05-07 03:00:00,13555.12,13624.97,13222.14,13249.05
2026-05-07 04:00:00,13204.46,13356.73,13202.55,13269.46
2026-05-07 05:00:00,13271.35,13375.28,13112.31,13168.89
2026-05-07 06:00:00,13168.77,13373.94,13162.2,13362.44
2026-05-07 07:00:00,13362.02,13465.83,13291.4,13350.98
2026-05-07 08:00:00,13353.14,13367.37,13224.38,13333.7
2026-05-07 09:00:00,13334.56,13385.78,13226.4,13307.33
2026-05-07 10:00:00,13307.56,13307.56,13139.7,13154.59
2026-05-07 11:00:00,13153.94,13257.45,13005.19,13024.61
2026-05-07 12:00:00,13024.64,13174.27,12928.2,13174.18
2026-05-07 13:00:00,13171.76,13199.75,12839.8,12850.03
2026-05-07 14:00:00,12852.9,12919.08,12698.11,12823.85
2026-05-07 15:00:00,12821.52,12937.55,12781.7,12853.29
2026-05-07 16:00:00,12852.91,13030.81,12794.6,12797.01
2026-05-07 17:00:00,12796.55,12938.13,12712.12,12724.23
2026-05-07 18:00:00,12726.67,12799.25,12699.32,12758.17
2026-05-07 19:00:00,12756.09,12795.28,12584.31,12636.62
2026-05-07 20:00:00,12635.51,12816.82,12576.48,12811.5
2026-05-07 21:00:00,12812.37,13031.09,12807.89,13015.86
2026-05-07 22:00:00,13013.71,13104.5,12943.72,13014.04
2026-05-07 23:00:00,13014.89,13033.26,12822.18,12828.2
2026-05-08 00:00:00,12828.82,12956.89,12795.22,12891.64
2026-05-08 01:00:00,12891.31,13115.85,12889.45,13067.3
2026-05-08 02:00:00,13066.87,13277.55,13007.47,13235.41
2026-05-08 03:00:00,13234.87,13320.64,13160.95,13193.12
2026-05-08 04:00:00,13191.65,13207.41,12976.66,13093.26
2026-05-08 05:00:00,13093.42,13164.46,12885.93,12902.86
2026-05-08 06:00:00,12901.24,12921.65,12563.92,12569.43
2026-05-08 07:00:00,12568.71,12837.82,12562.8,12783.25
2026-05-08 08:00:00,12784.05,12784.05,12543.59,12646.56
2026-05-08 09:00:00,12645.68,12753.5,12444.8,12467.75
2026-05-08 10:00:00,12468.24,12470.29,12320.45,12436.49
2026-05-08 11:00:00,12435.79,12460.21,12255.92,12348.79
2026-05-08 12:00:00,12348.07,12348.07,12115.96,12174.73
2026-05-08 13:00:00,12173.47,12399.09,12138.51,12306.29
2026-05-08 14:00:00,12304.63,12407.66,12201.34,12405.54
2026-05-08 15:00:00,12407.0,12440.24,12319.37,12392.8
2026-05-08 16:00:00,12392.66,12414.7,12324.84,12372.59
2026-05-08 17:00:00,12372.13,12442.99,12275.1,12286.31
2026-05-08 18:00:00,12284.46,12357.73,12210.68,12213.48
2026-05-08 19:00:00,12213.27,12394.24,12187.05,12362.75
2026-05-08 20:00:00,12361.08,12676.92,12341.28,12571.56
2026-05-08 21:00:00,12572.36,12661.61,12514.99,12644.98
2026-05-08 22:00:00,12644.61,12859.63,12612.26,12764.13
2026-05-08 23:00:00,12765.55,12836.88,12697.95,12714.28
2026-05-09 00:00:00,12714.22,12754.74,12610.02,12675.09
2026-05-09 01:00:00,12674.33,12868.18,12638.14,12701.53
2026-05-09 02:00:00,12701.02,12915.57,12651.43,12897.2
2026-05-09 03:00:00,12899.75,12916.88,12646.32,12660.69
2026-05-09 04:00:00,12660.99,12741.22,12553.84,12608.74
2026-05-09 05:00:00,12609.83,12699.93,12523.46,12666.09
2026-05-09 06:00:00,12663.76,12747.47,12548.77,12668.19
2026-05-09 07:00:00,12670.32,12680.96,12403.76,12444.86
2026-05-09 08:00:00,12446.73,12733.04,12431.55,12725.59
2026-05-09 09:00:00,12726.21,12775.92,12674.79,12695.44
2026-05-09 10:00:00,12693.22,12807.6,12517.21,12552.32
2026-05-09 11:00:00,12551.66,12691.3,12504.49,12684.95
2026-05-09 12:00:00,12686.55,12785.3,12677.3,12685.89
2026-05-09 13:00:00,12686.29,12801.0,12671.25,12761.27
2026-05-09 14:00:00,12760.63,12815.73,12691.09,12696.66
2026-05-09 15:00:00,12697.41,12884.63,12663.36,12819.15
2026-05-09 16:00:00,12821.9,12859.85,12727.21,12744.11
2026-05-09 17:00:00,12745.29,12804.18,12638.25,12748.16
2026-05-09 18:00:00,12749.5,12784.61,12559.9,12560.72
2026-05-09 19:00:00,12561.0,12634.05,12483.6,12610.08
2026-05-09 20:00:00,12612.25,12721.4,12557.23,12692.73
2026-05-09 21:00:00,12696.62,12802.39,12616.04,12787.48
2026-05-09 22:00:00,12788.32,12923.57,12772.15,12849.18
2026-05-09 23:00:00,12848.74,12858.38,12623.52,12642.24
2026-05-10 00:00:00,12641.29,12876.23,12618.35,12873.67
2026-05-10 01:00:00,12874.96,12888.09,12798.14,12803.48
2026-05-10 02:00:00,12801.95,12809.08,12631.31,12722.07
2026-05-10 03:00:00,12721.97,12934.61,12707.06,12845.66
2026-05-10 04:00:00,12843.79,13040.77,12842.2,12988.42
2026-05-10 05:00:00,12986.16,13119.67,12969.21,13065.98
2026-05-10 06:00:00,13065.48,13293.59,13059.48,13231.01
2026-05-10 07:00:00,13228.78,13255.4,13072.3,13147.72
2026-05-10 08:00:00,13148.46,13206.23,12996.92,13012.87
2026-05-10 09:00:00,13015.66,13126.38,12969.32,13082.37
2026-05-10 10:00:00,13082.89,13174.37,13028.41,13056.63
2026-05-10 11:00:00,13054.79,13243.54,12988.9,13234.92
2026-05-10 12:00:00,13235.88,13264.2,12986.65,12994.86
2026-05-10 13:00:00,12996.87,13150.45,12954.37,13121.83
2026-05-10 14:00:00,13121.62,13130.1,12827.57,12878.4
2026-05-10 15:00:00,12877.04,13105.52,12833.79,13044.22
2026-05-10 16:00:00,13043.82,13075.24,12792.55,12863.15
2026-05-10 17:00:00,12863.61,12989.65,12776.69,12822.1
2026-05-10 18:00:00,12820.9,13130.72,12819.65,12976.63
2026-05-10 19:00:00,12977.05,13062.51,12850.24,12933.54
2026-05-10 20:00:00,12933.66,13033.11,12616.68,12687.1
2026-05-10 21:00:00,12688.17,12694.04,12525.73,12554.37
2026-05-10 22:00:00,12555.15,12692.57,12454.67,12461.22
2026-05-10 23:00:00,12463.23,12537.29,12448.73,12462.09
2026-05-11 00:00:00,12460.37,12680.18,12437.41,12670.55
2026-05-11 01:00:00,12669.33,12689.24,12559.89,12645.47
2026-05-11 02:00:00,12644.53,12717.81,12535.07,12617.06
2026-05-11 03:00:00,12615.84,12631.0,12465.72,12468.92
2026-05-11 04:00:00,12470.21,12497.22,12267.6,12297.22
2026-05-11 05:00:00,12295.88,12318.57,12070.91,12115.26
2026-05-11 06:00:00,12115.04,12218.97,12062.49,12108.6
2026-05-11 07:00:00,12110.17,12156.79,11889.12,11895.39
2026-05-11 08:00:00,11891.5,12019.16,11838.57,11926.51
2026-05-11 09:00:00,11929.39,11965.53,11726.94,11744.79
2026-05-11 10:00:00,11744.77,11754.51,11622.01,11695.1
2026-05-11 11:00:00,11696.25,11726.17,11486.84,11548.94
2026-05-11 12:00:00,11549.59,11644.65,11502.35,11604.92
2026-05-11 13:00:00,11607.77,11615.18,11334.28,11470.38
2026-05-11 14:00:00,11472.29,11565.69,11436.0,11537.68
2026-05-11 15:00:00,11537.92,11604.98,11367.79,11520.33
2026-05-11 16:00:00,11520.26,11651.12,11471.91,11579.39
2026-05-11 17:00:00,11579.75,11667.15,11523.95,11610.2
2026-05-11 18:00:00,11612.87,11629.76,11468.42,11497.27
2026-05-11 19:00:00,11498.43,11677.41,11480.32,11581.41
2026-05-11 20:00:00,11584.63,11681.52,11543.78,11632.45
2026-05-11 21:00:00,11633.45,11756.69,11601.37,11689.95
2026-05-11 22:00:00,11690.25,11706.07,11564.13,11577.01
2026-05-11 23:00:00,11575.75,11821.32,11511.41,11782.35
2026-05-12 00:00:00,11782.27,11844.5,11713.98,11830.74
2026-05-12 01:00:00,11829.68,11948.82,11730.38,11852.86
2026-05-12 02:00:00,11854.31,11897.36,11725.9,11845.99
2026-05-12 03:00:00,11846.1,11923.55,11751.98,11911.51
2026-05-12 04:00:00,11911.58,12056.1,11867.42,11993.56
2026-05-12 05:00:00,11993.2,12275.75,11992.24,12228.61
2026-05-12 06:00:00,12228.29,12521.42,12170.75,12482.64
2026-05-12 07:00:00,12481.82,12623.6,12466.15,12509.69
2026-05-12 08:00:00,12509.98,12700.87,12437.76,12664.8
2026-05-12 09:00:00,12668.96,12847.0,12561.06,12790.44
2026-05-12 10:00:00,12789.16,12888.24,12704.03,12805.27
2026-05-12 11:00:00,12806.99,12836.71,12603.54,12681.36
2026-05-12 12:00:00,12682.64,12831.56,12625.34,12768.13
2026-05-12 13:00:00,12766.02,12903.43,12741.76,12856.75
2026-05-12 14:00:00,12853.93,13083.98,12748.1,13076.31
2026-05-12 15:00:00,13075.65,13250.49,12961.01,13237.12
2026-05-12 16:00:00,13235.09,13438.65,13151.27,13422.16
2026-05-12 17:00:00,13422.2,13438.43,13233.56,13365.3
2026-05-12 18:00:00,13364.55,13376.51,13085.87,13117.62
2026-05-12 19:00:00,13118.9,13227.3,13001.81,13163.45
2026-05-12 20:00:00,13164.87,13201.46,12939.73,12947.43
2026-05-12 21:00:00,12947.63,13000.45,12882.84,12982.01
2026-05-12 22:00:00,12983.6,12984.57,12790.45,12793.73
2026-05-12 23:00:00,12793.34,12799.28,12651.93,12706.41
2026-05-13 00:00:00,12707.92,12826.22,12637.18,12821.56
2026-05-13 01:00:00,12821.23,12936.16,12776.27,12783.65
2026-05-13 02:00:00,12783.66,12948.58,12720.8,12923.54
2026-05-13 03:00:00,12924.1,12926.96,12680.23,12692.82
2026-05-13 04:00:00,12695.13,12809.84,12652.38,12729.43
2026-05-13 05:00:00,12732.32,12823.52,12643.41,12700.24
2026-05-13 06:00:00,12695.87,12921.69,12683.74,12912.11
2026-05-13 07:00:00,12913.21,13057.12,12873.13,12961.23
2026-05-13 08:00:00,12962.26,13059.57,12761.1,12794.7
2026-05-13 09:00:00,12797.1,12804.86,12559.58,12598.78
2026-05-13 10:00:00,12598.21,12742.14,12469.03,12469.03
2026-05-13 11:00:00,12472.36,12746.16,12456.33,12735.61
2026-05-13 12:00:00,12737.02,12794.77,12680.47,12707.69
2026-05-13 13:00:00,12705.08,12730.34,12491.88,12507.56
2026-05-13 14:00:00,12506.44,12594.66,12229.85,12259.7
2026-05-13 15:00:00,12258.76,12260.59,12144.33,12202.11
2026-05-13 16:00:00,12203.42,12275.6,11965.08,11977.25
2026-05-13 17:00:00,11977.69,12228.64,11921.96,12175.95
2026-05-13 18:00:00,12177.65,12265.78,12138.7,12167.49
2026-05-13 19:00:00,12169.13,12183.47,12032.58,12092.82
2026-05-13 20:00:00,12091.6,12117.57,12021.13,12039.3
2026-05-13 21:00:00,12037.08,12039.0,11824.63,11919.65
2026-05-13 22:00:00,11917.49,12022.23,11855.63,11960.66
2026-05-13 23:00:00,11959.85,12212.53,11878.99,12120.2
2026-05-14 00:00:00,12118.92,12392.05,12085.01,12307.01
2026-05-14 01:00:00,12307.07,12453.82,12272.66,12353.69
2026-05-14 02:00:00,12355.02,12381.52,12168.09,12260.86
2026-05-14 03:00:00,12262.06,12344.1,12133.51,12221.83
2026-05-14 04:00:00,12223.78,12331.99,12201.01,12307.51
2026-05-14 05:00:00,12309.77,12377.32,12254.16,12271.86
2026-05-14 06:00:00,12270.83,12375.13,12237.71,12274.31
2026-05-14 07:00:00,12274.03,12409.47,12215.17,12217.09
2026-05-14 08:00:00,12215.08,12232.3,11809.01,11853.33
2026-05-14 09:00:00,11850.32,11877.68,11733.02,11747.02
2026-05-14 10:00:00,11749.99,11922.38,11698.76,11816.3
2026-05-14 11:00:00,11815.02,11879.51,11532.03,11569.51
2026-05-14 12:00:00,11568.58,11771.78,11555.3,11736.04
2026-05-14 13:00:00,11732.82,11907.61,11657.95,11851.59
2026-05-14 14:00:00,11852.77,12110.79,11804.67,12089.08
2026-05-14 15:00:00,12089.4,12110.05,11992.67,12016.46
2026-05-14 16:00:00,12017.03,12084.23,11934.03,12034.74
2026-05-14 17:00:00,12034.47,12245.71,11987.26,12242.13
2026-05-14 18:00:00,12238.44,12385.77,12179.42,12183.4
2026-05-14 19:00:00,12185.71,12214.86,12056.16,12072.09
2026-05-14 20:00:00,12073.49,12153.48,11980.34,12078.0
2026-05-14 21:00:00,12075.72,12104.13,11961.6,11974.75
2026-05-14 22:00:00,11975.25,12086.11,11949.77,12080.25
2026-05-14 23:00:00,12081.09,12361.21,12063.57,12273.67
2026-05-15 00:00:00,12273.46,12350.02,12151.31,12166.97
2026-05-15 01:00:00,12168.28,12320.01,12081.03,12283.94
2026-05-15 02:00:00,12283.77,12305.25,12089.06,12123.11
2026-05-15 03:00:00,12120.85,12392.35,12086.34,12287.93
2026-05-15 04:00:00,12286.51,12289.71,12030.99,12034.49
2026-05-15 05:00:00,12035.16,12156.07,11923.02,12105.57
2026-05-15 06:00:00,12106.62,12228.38,12032.14,12192.82
2026-05-15 07:00:00,12189.83,12290.14,12017.2,12065.62
2026-05-15 08:00:00,12068.49,12302.4,12029.21,12294.27
2026-05-15 09:00:00,12293.92,12368.79,12218.79,12228.02
2026-05-15 10:00:00,12229.92,12344.76,12219.86,12277.77
2026-05-15 11:00:00,12276.76,12277.16,12026.71,12034.32
2026-05-15 12:00:00,12034.38,12053.01,11930.06,11951.57
2026-05-15 13:00:00,11952.26,12133.28,11912.81,12122.58
2026-05-15 14:00:00,12123.84,12330.81,12117.84,12224.3
2026-05-15 15:00:00,12224.32,12348.59,12150.19,12332.94
2026-05-15 16:00:00,12331.04,12422.29,12275.51,12403.0
2026-05-15 17:00:00,12403.34,12589.07,12336.89,12540.83
2026-05-15 18:00:00,12542.63,12756.25,12525.44,12752.76
2026-05-15 19:00:00,12753.64,13005.76,12752.61,12999.03
2026-05-15 20:00:00,12997.1,13011.88,12865.52,12884.46
2026-05-15 21:00:00,12886.16,12896.55,12516.78,12562.66
2026-05-15 22:00:00,12562.4,12572.37,12446.85,12452.95
2026-05-15 23:00:00,12455.09,12527.24,12403.26,12425.72
2026-05-16 00:00:00,12425.97,12476.28,12176.16,12389.1
2026-05-16 01:00:00,12392.38,12465.84,12294.7,12357.07
2026-05-16 02:00:00,12358.61,12437.19,12273.39,12279.94
2026-05-16 03:00:00,12275.55,12294.52,12195.17,12273.6
2026-05-16 04:00:00,12269.35,12288.43,11982.68,12119.03
2026-05-16 05:00:00,12119.47,12269.23,12096.7,12259.87
2026-05-16 06:00:00,12260.27,12272.11,12094.78,12125.71
2026-05-16 07:00:00,12126.02,12315.6,12082.56,12171.88
2026-05-16 08:00:00,12173.57,12310.4,12156.88,12310.33
2026-05-16 09:00:00,12310.64,12440.55,12279.72,12347.88
2026-05-16 10:00:00,12344.72,12465.98,12237.58,12338.33
2026-05-16 11:00:00,12338.63,12503.81,12213.73,12484.72
2026-05-16 12:00:00,12484.44,12531.15,12338.87,12349.54
2026-05-16 13:00:00,12350.19,12478.25,12234.09,12249.11
2026-05-16 14:00:00,12250.74,12345.99,12223.91,12289.86
2026-05-16 15:00:00,12292.35,12393.09,12261.17,12331.53
2026-05-16 16:00:00,12331.1,12346.47,12172.48,12201.22
2026-05-16 17:00:00,12199.39,12360.69,12163.45,12334.25
2026-05-16 18:00:00,12333.65,12367.91,12150.65,12215.46
2026-05-16 19:00:00,12212.27,12219.42,12003.05,12070.07
2026-05-16 20:00:00,12071.64,12086.39,11882.98,11966.32
2026-05-16 21:00:00,11965.53,11982.44,11663.54,11710.22
2026-05-16 22:00:00,11711.38,11726.58,11624.99,11664.96
2026-05-16 23:00:00,11662.69,11697.45,11419.76,11440.35
2026-05-17 00:00:00,11440.15,11617.35,11422.41,11587.84
2026-05-17 01:00:00,11586.43,11720.88,11469.23,11492.13
2026-05-17 02:00:00,11491.32,11635.82,11450.02,11632.8
2026-05-17 03:00:00,11632.43,11773.91,11584.88,11746.95
2026-05-17 04:00:00,11748.57,11751.34,11652.05,11700.01
2026-05-17 05:00:00,11701.13,11756.98,11635.42,11649.34
2026-05-17 06:00:00,11648.14,11836.82,11629.76,11782.06
2026-05-17 07:00:00,11782.88,11925.63,11741.35,11795.96
2026-05-17 08:00:00,11795.8,11809.34,11542.77,11651.86
2026-05-17 09:00:00,11651.86,11855.83,11630.84,11835.33
2026-05-17 10:00:00,11832.43,11866.54,11736.84,11801.64
2026-05-17 11:00:00,11800.21,11987.83,11787.83,11830.97
2026-05-17 12:00:00,11829.51,11936.49,11778.88,11813.35
2026-05-17 13:00:00,11813.53,11899.85,11660.02,11877.62
2026-05-17 14:00:00,11879.25,11968.72,11873.34,11931.32
2026-05-17 15:00:00,11929.05,12084.99,11894.99,12068.94
2026-05-17 16:00:00,12066.49,12081.17,11900.39,11958.85
2026-05-17 17:00:00,11962.33,11963.99,11798.81,11840.64
2026-05-17 18:00:00,11841.67,11858.63,11645.02,11650.28
2026-05-17 19:00:00,11650.72,11744.54,11583.5,11693.17
2026-05-17 20:00:00,11693.0,11917.36,11673.97,11851.54
2026-05-17 21:00:00,11852.56,11993.02,11823.72,11836.48
2026-05-17 22:00:00,11833.87,11932.03,11809.58,11867.78
2026-05-17 23:00:00,11866.46,11928.17,11814.79,11848.85
2026-05-18 00:00:00,11850.04,11892.17,11652.51,11689.36
2026-05-18 01:00:00,11691.79,11819.52,11642.79,11815.36
2026-05-18 02:00:00,11816.82,11896.73,11809.95,11849.27
2026-05-18 03:00:00,11848.75,11852.82,11744.61,11842.53
2026-05-18 04:00:00,11841.52,11866.32,11595.22,11600.12
2026-05-18 05:00:00,11600.71,11769.16,11471.69,11732.58
2026-05-18 06:00:00,11732.15,11795.93,11688.84,11751.12
2026-05-18 07:00:00,11750.57,11832.48,11655.69,11763.2
2026-05-18 08:00:00,11764.11,11814.3,11682.96,11767.57
2026-05-18 09:00:00,11766.11,11768.01,11644.24,11701.02
2026-05-18 10:00:00,11699.69,11736.61,11621.77,11667.89
2026-05-18 11:00:00,11670.29,11761.65,11622.55,11628.41
2026-05-18 12:00:00,11627.6,11690.1,11544.48,11671.46
2026-05-18 13:00:00,11673.28,11806.31,11671.08,11758.21
2026-05-18 14:00:00,11756.79,11807.2,11701.81,11767.65
2026-05-18 15:00:00,11768.35,11875.61,11743.75,11776.45
2026-05-18 16:00:00,11775.63,12038.46,11718.31,12029.99
2026-05-18 17:00:00,12029.4,12054.6,11898.36,11905.29
2026-05-18 18:00:00,11903.41,11981.29,11865.11,11978.9
2026-05-18 19:00:00,11978.27,12123.61,11861.67,11868.9
2026-05-18 20:00:00,11870.1,11914.05,11777.21,11844.76
2026-05-18 21:00:00,11845.52,11993.93,11823.78,11935.46
2026-05-18 22:00:00,11932.88,11966.56,11727.18,11821.67
2026-05-18 23:00:00,11821.76,11888.45,11712.24,11720.32
2026-05-19 00:00:00,11719.34,11762.96,11631.83,11654.46
2026-05-19 01:00:00,11650.93,11740.59,11547.84,11609.34
2026-05-19 02:00:00,11610.32,11637.36,11400.27,11529.48
2026-05-19 03:00:00,11529.65,11605.24,11449.31,11503.07
2026-05-19 04:00:00,11501.13,11523.23,11376.73,11422.12
2026-05-19 05:00:00,11423.07,11483.89,11295.86,11304.0
2026-05-19 06:00:00,11301.67,11424.82,11297.42,11363.04
2026-05-19 07:00:00,11363.76,11479.04,11350.19,11441.75
2026-05-19 08:00:00,11441.27,11453.38,11385.98,11438.01
2026-05-19 09:00:00,11437.13,11609.22,11404.74,11540.46
2026-05-19 10:00:00,11539.31,11557.12,11448.6,11479.49
2026-05-19 11:00:00,11478.56,11486.92,11292.81,11336.05
2026-05-19 12:00:00,11334.96,11399.58,11289.03,11373.74
2026-05-19 13:00:00,11370.39,11371.64,11250.99,11286.96
2026-05-19 14:00:00,11285.31,11409.67,11263.22,11330.21
2026-05-19 15:00:00,11329.79,11349.69,11199.88,11223.22
2026-05-19 16:00:00,11221.07,11242.91,10949.97,11086.03
2026-05-19 17:00:00,11087.88,11103.62,10899.81,11005.39
2026-05-19 18:00:00,11007.57,11120.88,10979.95,11025.94
2026-05-19 19:00:00,11028.21,11107.28,10966.62,11037.41
2026-05-19 20:00:00,11038.86,11040.21,10896.48,10968.25
2026-05-19 21:00:00,10966.13,11088.27,10905.66,11074.4
2026-05-19 22:00:00,11076.42,11236.92,11071.52,11213.76
2026-05-19 23:00:00,11214.31,11256.24,11041.86,11243.46
2026-05-20 00:00:00,11242.55,11242.55,11115.61,11207.61
2026-05-20 01:00:00,11207.82,11281.57,11091.0,11107.35
2026-05-20 02:00:00,11108.82,11188.17,11041.89,11042.28
2026-05-20 03:00:00,11044.11,11068.91,10961.79,11065.34
2026-05-20 04:00:00,11067.06,11093.3,10968.39,10995.96
2026-05-20 05:00:00,10993.33,11072.3,10956.63,11000.87
2026-05-20 06:00:00,11001.63,11011.29,10734.61,10763.11
2026-05-20 07:00:00,10763.02,10780.49,10599.35,10752.2
2026-05-20 08:00:00,10749.8,10772.64,10656.2,10699.11
2026-05-20 09:00:00,10700.0,10906.88,10672.51,10889.96
2026-05-20 10:00:00,10889.52,11103.54,10889.05,11074.78
2026-05-20 11:00:00,11072.29,11319.32,11069.01,11275.19
2026-05-20 12:00:00,11275.1,11311.0,11163.27,11183.86
2026-05-20 13:00:00,11184.75,11279.88,11134.51,11136.81
2026-05-20 14:00:00,11137.16,11152.8,10876.76,10889.78
2026-05-20 15:00:00,10892.36,10914.7,10780.27,10836.76
2026-05-20 16:00:00,10837.53,10893.03,10688.07,10794.4
2026-05-20 17:00:00,10793.27,10939.84,10788.53,10885.75
2026-05-20 18:00:00,10884.95,11024.16,10867.06,10940.61
2026-05-20 19:00:00,10940.43,10953.81,10624.75,10774.21
2026-05-20 20:00:00,10777.91,10835.78,10634.74,10656.44
2026-05-20 21:00:00,10656.62,10756.82,10596.35,10719.09
2026-05-20 22:00:00,10718.09,10771.11,10608.47,10689.61
2026-05-20 23:00:00,10689.41,10801.04,10592.36,10629.71
2026-05-21 00:00:00,10630.14,10756.01,10585.04,10755.0
2026-05-21 01:00:00,10757.11,10804.73,10632.14,10651.51
2026-05-21 02:00:00,10652.57,10697.2,10593.15,10647.0
2026-05-21 03:00:00,10644.69,10764.16,10601.94,10737.2
2026-05-21 04:00:00,10736.8,10871.38,10688.14,10697.09
2026-05-21 05:00:00,10696.6,10836.41,10619.88,10769.88
2026-05-21 06:00:00,10769.57,10939.81,10748.5,10935.76
2026-05-21 07:00:00,10934.55,10941.83,10741.1,10764.59
2026-05-21 08:00:00,10763.05,10803.79,10681.14,10744.54
2026-05-21 09:00:00,10741.83,10779.63,10641.35,10683.01
2026-05-21 10:00:00,10684.1,10739.62,10529.47,10589.84
2026-05-21 11:00:00,10589.4,10612.29,10443.25,10444.77
2026-05-21 12:00:00,10446.23,10506.65,10388.89,10435.99
2026-05-21 13:00:00,10431.83,10494.51,10386.18,10480.3
2026-05-21 14:00:00,10482.35,10538.97,10380.5,10390.88
2026-05-21 15:00:00,10391.23,10487.03,10347.27,10347.27
2026-05-21 16:00:00,10344.53,10409.21,10281.18,10281.18
2026-05-21 17:00:00,10278.28,10343.47,10248.94,10297.0
2026-05-21 18:00:00,10296.98,10350.63,10215.39,10215.51
2026-05-21 19:00:00,10215.15,10300.15,10156.99,10198.35
2026-05-21 20:00:00,10198.68,10380.95,10185.44,10270.82
2026-05-21 21:00:00,10272.47,10279.71,10128.62,10212.04
2026-05-21 22:00:00,10212.87,10249.67,10066.16,10101.06
2026-05-21 23:00:00,10100.04,10151.33,10014.24,10057.02
2026-05-22 00:00:00,10055.57,10104.5,9991.77,10068.05
2026-05-22 01:00:00,10068.54,10206.78,10049.31,10192.0
2026-05-22 02:00:00,10193.22,10236.09,10130.34,10151.2
2026-05-22 03:00:00,10150.83,10162.47,9995.42,10009.24
2026-05-22 04:00:00,10010.31,10150.36,9989.26,10108.26
2026-05-22 05:00:00,10107.98,10107.98,9986.3,10067.13
2026-05-22 06:00:00,10067.29,10127.02,10053.19,10124.89
2026-05-22 07:00:00,10124.61,10139.86,10000.27,10016.92
2026-05-22 08:00:00,10014.62,10120.58,9974.5,10002.59
2026-05-22 09:00:00,10003.87,10142.8,9988.37,10009.17
2026-05-22 10:00:00,10007.92,10032.53,9864.87,9938.27
2026-05-22 11:00:00,9940.02,10035.86,9864.86,9907.14
2026-05-22 12:00:00,9906.93,9954.1,9830.21,9904.02
2026-05-22 13:00:00,9905.62,9991.35,9878.27,9905.33
2026-05-22 14:00:00,9906.18,10226.9,9859.75,10200.78
2026-05-22 15:00:00,10201.45,10339.06,10164.5,10339.06
2026-05-22 16:00:00,10338.19,10370.63,10150.14,10153.34
2026-05-22 17:00:00,10152.61,10293.46,10139.03,10246.32
2026-05-22 18:00:00,10250.0,10375.24,10232.43,10313.8
2026-05-22 19:00:00,10314.64,10315.1,10112.99,10143.04
2026-05-22 20:00:00,10140.2,10401.52,10098.26,10387.98
2026-05-22 21:00:00,10388.19,10499.67,10334.62,10339.91
2026-05-22 22:00:00,10341.55,10446.76,10302.75,10386.33
2026-05-22 23:00:00,10386.99,10392.6,10252.98,10322.83
2026-05-23 00:00:00,10321.73,10376.47,10163.66,10220.94
2026-05-23 01:00:00,10221.7,10223.54,10020.13,10115.15
2026-05-23 02:00:00,10114.63,10222.04,9992.39,9997.09
2026-05-23 03:00:00,9996.78,10093.99,9956.56,10081.98
2026-05-23 04:00:00,10081.53,10179.15,10044.16,10174.7
2026-05-23 05:00:00,10174.94,10265.58,10128.83,10198.36
2026-05-23 06:00:00,10197.58,10313.74,10158.66,10243.96
2026-05-23 07:00:00,10243.79,10285.49,10074.97,10084.35
2026-05-23 08:00:00,10082.32,10131.67,9943.77,9956.65
2026-05-23 09:00:00,9955.47,9995.9,9795.98,9912.76
2026-05-23 10:00:00,9913.07,10118.89,9887.76,10075.78
2026-05-23 11:00:00,10075.31,10157.52,10041.46,10074.44
2026-05-23 12:00:00,10074.64,10111.62,10011.29,10034.83
2026-05-23 13:00:00,10036.42,10055.42,9944.65,10018.48
2026-05-23 14:00:00,10017.97,10102.42,9997.73,10037.95
2026-05-23 15:00:00,10036.83,10053.87,9857.8,9889.08
2026-05-23 16:00:00,9889.07,9984.87,9879.23,9910.8
2026-05-23 17:00:00,9909.68,10028.52,9881.93,9982.96
2026-05-23 18:00:00,9981.71,10048.17,9964.04,10011.26
2026-05-23 19:00:00,10010.18,10022.84,9861.09,9907.67
2026-05-23 20:00:00,9907.94,9995.45,9870.86,9956.28
2026-05-23 21:00:00,9957.2,10176.75,9950.55,10142.27
2026-05-23 22:00:00,10142.45,10180.39,10053.98,10066.0
2026-05-23 23:00:00,10066.41,10257.51,10051.32,10223.19
2026-05-24 00:00:00,10223.62,10348.22,10205.69,10246.17
2026-05-24 01:00:00,10244.89,10419.08,10108.91,10385.23
2026-05-24 02:00:00,10384.78,10424.02,10196.06,10232.15
2026-05-24 03:00:00,10231.32,10392.92,10184.15,10392.43
2026-05-24 04:00:00,10393.3,10472.52,10375.7,10470.42
2026-05-24 05:00:00,10469.2,10573.8,10460.87,10524.1
2026-05-24 06:00:00,10524.38,10675.84,10436.49,10560.74
2026-05-24 07:00:00,10561.35,10920.96,10478.49,10920.45
2026-05-24 08:00:00,10920.84,10956.02,10679.41,10694.71
2026-05-24 09:00:00,10696.99,10761.25,10646.33,10702.82
2026-05-24 10:00:00,10703.21,10814.37,10663.8,10811.58
2026-05-24 11:00:00,10811.71,10814.95,10443.53,10474.65
2026-05-24 12:00:00,10477.39,10582.46,10467.75,10581.22
2026-05-24 13:00:00,10582.83,10720.95,10557.52,10706.88
2026-05-24 14:00:00,10705.37,10735.56,10605.67,10607.93
2026-05-24 15:00:00,10606.36,10823.21,10589.72,10688.22
2026-05-24 16:00:00,10687.94,10714.06,10539.07,10553.23
2026-05-24 17:00:00,10552.95,10677.04,10523.36,10584.78
2026-05-24 18:00:00,10583.11,10726.25,10535.64,10706.66
2026-05-24 19:00:00,10706.2,10764.27,10681.38,10699.5
2026-05-24 20:00:00,10699.74,10760.35,10654.34,10679.84
2026-05-24 21:00:00,10677.96,10870.98,10658.66,10799.08
2026-05-24 22:00:00,10797.55,10844.18,10620.26,10748.61
2026-05-24 23:00:00,10750.01,10961.18,10691.7,10957.9
2026-05-25 00:00:00,10957.71,11123.62,10954.31,11123.27
2026-05-25 01:00:00,11125.09,11150.98,10901.87,10914.01
2026-05-25 02:00:00,10914.91,11111.23,10864.06,11043.5
2026-05-25 03:00:00,11042.73,11096.31,10866.64,10934.48
2026-05-25 04:00:00,10933.96,11146.57,10929.87,11146.57
2026-05-25 05:00:00,11146.83,11239.92,11069.27,11122.37
2026-05-25 06:00:00,11123.89,11210.01,11049.9,11193.46
2026-05-25 07:00:00,11193.65,11281.69,11118.67,11250.71
2026-05-25 08:00:00,11251.55,11437.99,11216.45,11432.53
2026-05-25 09:00:00,11433.36,11467.31,11240.16,11429.42
2026-05-25 10:00:00,11429.79,11567.59,11429.79,11504.38
2026-05-25 11:00:00,11502.63,11602.1,11491.63,11556.98
2026-05-25 12:00:00,11556.23,11565.61,11388.48,11425.34
2026-05-25 13:00:00,11424.41,11562.74,11318.58,11498.29
2026-05-25 14:00:00,11498.25,11550.61,11402.32,11431.34
2026-05-25 15:00:00,11433.81,11464.17,11321.33,11388.86
2026-05-25 16:00:00,11386.8,11402.83,11288.45,11306.1
2026-05-25 17:00:00,11304.02,11432.4,11293.6,11347.01
2026-05-25 18:00:00,11346.93,11359.84,11213.2,11253.83
2026-05-25 19:00:00,11252.02,11286.94,11133.79,11196.81
2026-05-25 20:00:00,11195.82,11333.28,11186.98,11186.98
2026-05-25 21:00:00,11187.76,11227.02,11117.95,11155.08
2026-05-25 22:00:00,11155.57,11317.09,11126.19,11143.83
2026-05-25 23:00:00,11144.46,11224.28,11050.78,11067.02
2026-05-26 00:00:00,11066.09,11105.59,10999.96,11048.34
2026-05-26 01:00:00,11048.8,11153.13,11036.92,11095.04
2026-05-26 02:00:00,11097.51,11133.63,11030.64,11052.56
2026-05-26 03:00:00,11052.73,11185.95,11039.19,11074.1
2026-05-26 04:00:00,11073.65,11253.19,11070.7,11216.74
2026-05-26 05:00:00,11217.74,11510.44,11216.19,11499.79
2026-05-26 06:00:00,11501.06,11540.63,11393.72,11527.77
2026-05-26 07:00:00,11525.55,11697.97,11485.61,11650.09
2026-05-26 08:00:00,11649.35,11800.02,11633.06,11792.85
2026-05-26 09:00:00,11793.07,11802.37,11587.9,11592.6
2026-05-26 10:00:00,11592.54,11714.04,11574.4,11687.64
2026-05-26 11:00:00,11687.79,11715.69,11573.54,11590.06
2026-05-26 12:00:00,11587.67,11741.17,11579.65,11632.21
2026-05-26 13:00:00,11630.01,11685.26,11574.16,11669.1
2026-05-26 14:00:00,11669.43,11949.92,11649.32,11942.76
2026-05-26 15:00:00,11942.46,11942.46,11780.24,11834.6
2026-05-26 16:00:00,11836.86,11912.44,11750.4,11865.47
2026-05-26 17:00:00,11864.81,11872.91,11713.84,11797.85
2026-05-26 18:00:00,11796.22,11800.83,11654.05,11730.61
2026-05-26 19:00:00,11731.72,11802.13,11636.66,11646.15
2026-05-26 20:00:00,11645.31,11691.95,11495.84,11600.44
2026-05-26 21:00:00,11598.66,11668.43,11495.67,11526.29
2026-05-26 22:00:00,11526.42,11607.49,11460.15,11572.15
2026-05-26 23:00:00,11576.2,11746.51,11516.76,11674.08
2026-05-27 00:00:00,11672.17,11762.87,11615.01,11754.49
2026-05-27 01:00:00,11753.31,11762.05,11500.21,11575.24
2026-05-27 02:00:00,11573.47,11631.37,11337.25,11363.84
2026-05-27 03:00:00,11364.29,11504.92,11299.67,11499.19
2026-05-27 04:00:00,11499.91,11665.76,11494.87,11598.6
2026-05-27 05:00:00,11599.99,11817.05,11597.6,11735.67
2026-05-27 06:00:00,11733.4,11756.46,11595.29,11676.35
2026-05-27 07:00:00,11678.75,11777.31,11666.12,11682.98
2026-05-27 08:00:00,11683.05,11872.59,11677.65,11793.3
2026-05-27 09:00:00,11792.33,11914.23,11756.53,11837.22
2026-05-27 10:00:00,11836.08,12159.55,11786.52,12094.7
2026-05-27 11:00:00,12096.64,12105.48,11916.87,11949.39
2026-05-27 12:00:00,11948.37,12000.24,11872.15,12000.24
2026-05-27 13:00:00,12002.48,12090.95,11931.71,12070.41
2026-05-27 14:00:00,12070.74,12071.59,11910.53,11982.22
2026-05-27 15:00:00,11981.48,12153.26,11961.21,12153.26
2026-05-27 16:00:00,12153.05,12334.95,12132.52,12267.95
2026-05-27 17:00:00,12265.44,12420.86,12249.0,12267.84
2026-05-27 18:00:00,12272.03,12303.4,12159.46,12206.37
2026-05-27 19:00:00,12206.29,12240.99,11995.86,12071.48
2026-05-27 20:00:00,12070.64,12106.18,11993.6,12054.56
2026-05-27 21:00:00,12056.49,12201.81,12016.43,12086.72
2026-05-27 22:00:00,12086.21,12170.03,11988.05,12021.66
2026-05-27 23:00:00,12020.63,12022.5,11679.37,11680.1
2026-05-28 00:00:00,11680.34,11710.63,11568.41,11596.93
2026-05-28 01:00:00,11595.35,11787.04,11595.35,11694.23
2026-05-28 02:00:00,11694.99,11713.07,11546.52,11570.78
2026-05-28 03:00:00,11570.61,11678.41,11563.69,11584.14
2026-05-28 04:00:00,11584.97,11682.41,11548.42,11632.58
2026-05-28 05:00:00,11632.3,11706.13,11525.72,11556.48
2026-05-28 06:00:00,11560.29,11635.18,11522.93,11601.81
2026-05-28 07:00:00,11603.44,11614.61,11465.83,11547.04
2026-05-28 08:00:00,11546.77,11677.35,11537.34,11640.92
2026-05-28 09:00:00,11637.71,11719.52,11582.79,11643.89
2026-05-28 10:00:00,11644.1,11747.72,11558.44,11727.7
2026-05-28 11:00:00,11727.52,11727.52,11565.75,11643.87
2026-05-28 12:00:00,11644.61,11660.63,11361.16,11442.19
2026-05-28 13:00:00,11443.09,11491.01,11364.85,11468.26
2026-05-28 14:00:00,11469.73,11650.42,11421.43,11513.8
2026-05-28 15:00:00,11512.93,11845.92,11504.05,11816.66
2026-05-28 16:00:00,11819.05,11908.12,11718.2,11845.0
2026-05-28 17:00:00,11847.65,11858.06,11682.76,11762.45
2026-05-28 18:00:00,11761.25,11871.75,11721.08,11726.79
2026-05-28 19:00:00,11728.21,11863.15,11673.15,11863.15
2026-05-28 20:00:00,11866.02,11915.56,11754.75,11864.8
2026-05-28 21:00:00,11865.58,11917.24,11769.94,11890.4
2026-05-28 22:00:00,11889.6,11919.3,11767.68,11902.51
2026-05-28 23:00:00,11899.14,11931.16,11724.39,11813.41
2026-05-29 00:00:00,11812.01,11923.02,11761.81,11800.91
2026-05-29 01:00:00,11801.55,11808.17,11648.63,11665.11
2026-05-29 02:00:00,11665.86,11671.59,11494.51,11498.77
2026-05-29 03:00:00,11498.35,11701.85,11498.35,11673.61
2026-05-29 04:00:00,11673.98,11735.39,11580.95,11634.51
2026-05-29 05:00:00,11638.42,11686.21,11551.03,11557.14
2026-05-29 06:00:00,11559.78,11718.41,11534.92,11694.04
2026-05-29 07:00:00,11695.26,11855.0,11685.58,11847.23
2026-05-29 08:00:00,11846.48,12043.77,11835.33,11990.46
2026-05-29 09:00:00,11987.87,12119.23,11903.91,12118.73
2026-05-29 10:00:00,12117.96,12312.38,12084.06,12305.35
2026-05-29 11:00:00,12305.57,12456.93,12296.44,12396.53
2026-05-29 12:00:00,12395.11,12745.26,12395.11,12743.98
2026-05-29 13:00:00,12741.89,12744.58,12535.73,12719.71
2026-05-29 14:00:00,12716.98,12886.18,12710.11,12798.73
2026-05-29 15:00:00,12800.35,12955.01,12743.39,12949.95
2026-05-29 16:00:00,12950.0,13010.85,12801.6,12980.97
2026-05-29 17:00:00,12984.91,13196.55,12949.73,13124.31
2026-05-29 18:00:00,13124.8,13146.9,12896.95,12972.57
2026-05-29 19:00:00,12973.0,12985.51,12851.18,12928.21
2026-05-29 20:00:00,12930.7,12941.56,12757.14,12800.26
2026-05-29 21:00:00,12797.77,12871.75,12739.33,12827.36
2026-05-29 22:00:00,12826.48,12892.63,12734.96,12764.34
2026-05-29 23:00:00,12767.29,12803.42,12601.29,12697.14
2026-05-30 00:00:00,12700.79,12715.19,12591.44,12692.2
2026-05-30 01:00:00,12692.77,12708.18,12525.66,12633.67
2026-05-30 02:00:00,12633.84,12684.47,12362.14,12382.54
2026-05-30 03:00:00,12381.92,12409.19,12283.23,12360.77
2026-05-30 04:00:00,12359.7,12452.96,12332.28,12449.0
2026-05-30 05:00:00,12448.84,12525.43,12421.1,12496.22
2026-05-30 06:00:00,12494.2,12508.86,12262.99,12386.88
2026-05-30 07:00:00,12387.56,12417.87,12255.54,12273.19
2026-05-30 08:00:00,12274.63,12396.63,12215.29,12383.49
2026-05-30 09:00:00,12381.1,12440.91,12267.67,12412.4
2026-05-30 10:00:00,12412.89,12479.35,12249.05,12299.41
2026-05-30 11:00:00,12298.65,12607.59,12292.4,12519.61
2026-05-30 12:00:00,12518.18,12750.44,12518.18,12748.47
2026-05-30 13:00:00,12750.43,12972.78,12720.17,12926.5
2026-05-30 14:00:00,12925.42,12960.45,12849.51,12953.74
2026-05-30 15:00:00,12954.58,12976.47,12808.2,12852.05
2026-05-30 16:00:00,12851.12,12856.75,12610.01,12614.88
2026-05-30 17:00:00,12616.46,12726.03,12528.67,12536.44
2026-05-30 18:00:00,12532.86,12756.3,12503.52,12630.63
2026-05-30 19:00:00,12631.14,12682.67,12491.66,12548.52
2026-05-30 20:00:00,12549.83,12690.54,12514.21,12654.85
2026-05-30 21:00:00,12653.51,12765.3,12572.5,12592.41
2026-05-30 22:00:00,12592.43,12703.97,12565.0,12652.47
2026-05-30 23:00:00,12657.92,12659.02,12446.23,12449.87
2026-05-31 00:00:00,12449.79,12502.69,12332.53,12471.37
2026-05-31 01:00:00,12472.7,12585.25,12459.71,12537.34
2026-05-31 02:00:00,12540.32,12590.2,12434.64,12480.25
2026-05-31 03:00:00,12479.9,12562.35,12400.77,12540.05
2026-05-31 04:00:00,12536.93,12886.0,12536.23,12725.7
2026-05-31 05:00:00,12724.24,12830.54,12681.93,12812.99
2026-05-31 06:00:00,12813.85,12872.59,12635.44,12644.36
2026-05-31 07:00:00,12644.21,12706.93,12576.1,12639.78
2026-05-31 08:00:00,12640.83,12830.56,12590.0,12698.04
2026-05-31 09:00:00,12700.02,12749.16,12650.7,12698.0
2026-05-31 10:00:00,12696.28,12718.24,12540.36,12641.66
2026-05-31 11:00:00,12643.37,12738.01,12523.74,12694.35
2026-05-31 12:00:00,12695.29,12730.86,12505.94,12514.49
2026-05-31 13:00:00,12514.44,12615.51,12415.78,12590.35
2026-05-31 14:00:00,12590.76,12710.9,12472.41,12558.8
2026-05-31 15:00:00,12558.42,12606.06,12450.08,12467.9
2026-05-31 16:00:00,12467.2,12512.26,12331.96,12355.86
2026-05-31 17:00:00,12356.51,12390.06,12198.54,12202.2
2026-05-31 18:00:00,12200.52,12257.47,11970.3,11978.19
2026-05-31 19:00:00,11978.39,12203.03,11947.14,12201.52
2026-05-31 20:00:00,12201.78,12319.97,12191.79,12272.04
2026-05-31 21:00:00,12269.9,12331.33,12151.38,12276.89
2026-05-31 22:00:00,12278.42,12469.18,12278.42,12392.51
2026-05-31 23:00:00,12394.29,12444.52,12166.42,12189.4
2026-06-01 00:00:00,12191.45,12415.38,12176.18,12353.9
2026-06-01 01:00:00,12353.5,12464.67,12257.3,12455.78
2026-06-01 02:00:00,12455.22,12594.85,12445.78,12579.92
2026-06-01 03:00:00,12578.87,12615.04,12452.36,12467.26
2026-06-01 04:00:00,12471.07,12674.54,12423.84,12635.6
2026-06-01 05:00:00,12633.56,12664.04,12498.08,12632.1
2026-06-01 06:00:00,12635.04,12812.69,12617.44,12663.32
2026-06-01 07:00:00,12662.06,12668.77,12436.37,12461.33
2026-06-01 08:00:00,12462.02,12520.74,12320.94,12331.84
2026-06-01 09:00:00,12331.16,12378.13,12184.28,12228.25
2026-06-01 10:00:00,12227.23,12313.92,12099.43,12153.15
2026-06-01 11:00:00,12152.52,12230.52,11918.78,11919.79
2026-06-01 12:00:00,11923.09,12002.22,11824.04,11970.82
2026-06-01 13:00:00,11968.57,11995.71,11683.26,11705.29
2026-06-01 14:00:00,11706.7,11871.18,11638.32,11795.78
2026-06-01 15:00:00,11795.31,11814.44,11651.29,11692.42
2026-06-01 16:00:00,11694.76,11784.45,11633.83,11689.89
2026-06-01 17:00:00,11691.57,11692.59,11488.27,11488.27
2026-06-01 18:00:00,11488.76,11491.64,11399.82,11411.7
2026-06-01 19:00:00,11411.19,11452.9,11310.53,11375.33
2026-06-01 20:00:00,11372.66,11455.86,11122.53,11148.66
2026-06-01 21:00:00,11150.14,11251.35,11018.66,11030.59
2026-06-01 22:00:00,11030.16,11137.12,10987.59,11026.64
2026-06-01 23:00:00,11024.92,11066.88,10829.84,10844.61
2026-06-02 00:00:00,10842.41,10859.59,10664.9,10695.21
2026-06-02 01:00:00,10694.22,10724.72,10407.48,10440.62
2026-06-02 02:00:00,10441.04,10483.47,10292.81,10300.84
2026-06-02 03:00:00,10300.64,10377.46,10159.43,10171.23
2026-06-02 04:00:00,10170.05,10312.71,10168.32,10252.38
2026-06-02 05:00:00,10250.33,10352.18,10190.66,10293.92
2026-06-02 06:00:00,10294.77,10523.64,10257.3,10375.2
2026-06-02 07:00:00,10374.72,10447.19,10221.39,10295.17
2026-06-02 08:00:00,10293.93,10351.55,10254.45,10290.33
2026-06-02 09:00:00,10288.84,10311.78,10252.77,10263.6
2026-06-02 10:00:00,10264.91,10275.6,10118.13,10118.13
2026-06-02 11:00:00,10117.56,10129.45,9947.34,9974.19
2026-06-02 12:00:00,9976.07,10052.89,9963.96,9993.02
2026-06-02 13:00:00,9993.01,9993.01,9769.9,9775.43
2026-06-02 14:00:00,9775.24,9829.42,9698.22,9701.3
2026-06-02 15:00:00,9700.03,9702.46,9499.13,9556.13
2026-06-02 16:00:00,9557.24,9586.11,9487.59,9510.44
2026-06-02 17:00:00,9509.85,9641.45,9506.62,9588.55
2026-06-02 18:00:00,9589.18,9655.09,9527.09,9542.73
2026-06-02 19:00:00,9542.2,9674.67,9539.41,9615.27
2026-06-02 20:00:00,9616.07,9625.42,9421.12,9526.57
2026-06-02 21:00:00,9528.02,9666.57,9441.46,9446.99
2026-06-02 22:00:00,9445.68,9571.93,9445.51,9534.45
2026-06-02 23:00:00,9535.84,9591.78,9499.26,9571.98
2026-06-03 00:00:00,9571.77,9660.48,9515.68,9520.64
2026-06-03 01:00:00,9520.3,9563.66,9492.66,9532.62
2026-06-03 02:00:00,9532.58,9639.66,9506.43,9534.54
2026-06-03 03:00:00,9534.93,9555.86,9420.53,9430.36
2026-06-03 04:00:00,9432.26,9517.28,9380.14,9447.31
2026-06-03 05:00:00,9446.91,9520.21,9421.9,9477.67
2026-06-03 06:00:00,9477.3,9519.04,9352.08,9373.77
2026-06-03 07:00:00,9374.62,9411.01,9356.87,9366.92
2026-06-03 08:00:00,9367.97,9472.74,9365.53,9442.15
2026-06-03 09:00:00,9443.19,9706.1,9431.0,9562.79
2026-06-03 10:00:00,9562.52,9638.59,9513.11,9630.24
2026-06-03 11:00:00,9627.75,9680.96,9604.24,9645.5
2026-06-03 12:00:00,9645.4,9735.63,9514.28,9734.5
2026-06-03 13:00:00,9735.89,9750.83,9449.75,9459.67
2026-06-03 14:00:00,9459.86,9661.53,9452.76,9630.01
2026-06-03 15:00:00,9629.2,9811.25,9607.01,9763.25
2026-06-03 16:00:00,9763.91,9864.73,9750.02,9847.71
2026-06-03 17:00:00,9847.45,9883.33,9758.61,9840.55
2026-06-03 18:00:00,9839.37,10018.82,9824.14,9910.32
2026-06-03 19:00:00,9911.37,9975.41,9851.04,9915.69
2026-06-03 20:00:00,9915.25,9981.44,9843.1,9849.88
2026-06-03 21:00:00,9851.64,9916.53,9810.04,9853.62
2026-06-03 22:00:00,9852.44,9907.52,9751.16,9777.79
2026-06-03 23:00:00,9776.96,9818.79,9711.68,9772.83
2026-06-04 00:00:00,9774.74,9950.74,9769.47,9947.4
2026-06-04 01:00:00,9945.45,10020.6,9864.4,9869.77
2026-06-04 02:00:00,9869.28,9895.31,9652.12,9751.51
2026-06-04 03:00:00,9751.71,9755.81,9583.83,9584.24
2026-06-04 04:00:00,9583.39,9625.03,9511.47,9622.95
2026-06-04 05:00:00,9625.1,9647.59,9470.8,9544.8
2026-06-04 06:00:00,9542.22,9753.87,9483.07,9742.98
2026-06-04 07:00:00,9744.21,9799.15,9664.57,9722.76
2026-06-04 08:00:00,9724.98,9766.98,9690.87,9751.48
2026-06-04 09:00:00,9750.04,9828.66,9729.3,9795.98
2026-06-04 10:00:00,9797.64,9800.18,9672.69,9691.72
2026-06-04 11:00:00,9690.84,9696.57,9504.86,9505.66
2026-06-04 12:00:00,9506.86,9619.5,9456.96,9586.4
2026-06-04 13:00:00,9585.03,9632.7,9548.52,9583.81
2026-06-04 14:00:00,9583.87,9663.65,9387.2,9404.32
2026-06-04 15:00:00,9403.9,9428.3,9232.1,9235.77
2026-06-04 16:00:00,9235.68,9328.48,9201.31,9278.97
2026-06-04 17:00:00,9278.37,9283.38,9144.9,9172.81
2026-06-04 18:00:00,9170.92,9269.05,9169.98,9269.05
2026-06-04 19:00:00,9271.32,9308.88,9106.35,9140.07
2026-06-04 20:00:00,9137.67,9156.03,9035.9,9048.25
2026-06-04 21:00:00,9047.17,9151.83,8939.06,8940.52
2026-06-04 22:00:00,8940.52,9073.53,8838.32,9055.47
2026-06-04 23:00:00,9054.23,9081.77,8989.99,9062.84
2026-06-05 00:00:00,9059.96,9129.17,9005.4,9098.65
2026-06-05 01:00:00,9099.23,9102.28,8994.4,9037.46
2026-06-05 02:00:00,9040.94,9064.22,8912.17,8971.02
2026-06-05 03:00:00,8972.74,8993.71,8869.05,8909.21
2026-06-05 04:00:00,8908.78,9017.29,8898.41,8989.82
2026-06-05 05:00:00,8992.13,9066.09,8880.18,8907.19
2026-06-05 06:00:00,8907.43,8988.52,8871.74,8885.29
2026-06-05 07:00:00,8885.82,8973.66,8831.71,8901.31
2026-06-05 08:00:00,8899.3,8921.75,8793.13,8852.27
2026-06-05 09:00:00,8851.18,8914.51,8796.1,8910.31
2026-06-05 10:00:00,8909.03,8994.9,8854.32,8917.71
2026-06-05 11:00:00,8918.7,9084.27,8834.6,9063.04
2026-06-05 12:00:00,9061.41,9133.46,8938.39,8978.2
2026-06-05 13:00:00,8977.23,9113.29,8975.43,9087.92
2026-06-05 14:00:00,9087.48,9160.63,9022.98,9034.22
2026-06-05 15:00:00,9034.41,9240.2,9016.42,9154.77
2026-06-05 16:00:00,9155.91,9171.0,9048.86,9062.92
2026-06-05 17:00:00,9062.34,9071.58,8944.54,8985.64
2026-06-05 18:00:00,8988.26,9078.91,8935.2,9013.92
2026-06-05 19:00:00,9015.04,9115.9,8995.26,9076.15
2026-06-05 20:00:00,9079.14,9108.55,8907.65,8922.04
2026-06-05 21:00:00,8921.8,8986.7,8835.47,8851.75
2026-06-05 22:00:00,8853.18,8988.06,8840.19,8974.3
2026-06-05 23:00:00,8974.74,9087.53,8962.47,9075.45
2026-06-06 00:00:00,9074.75,9179.96,8977.53,9169.59
2026-06-06 01:00:00,9170.5,9212.54,9123.29,9194.91
2026-06-06 02:00:00,9196.91,9237.16,9134.21,9217.14
2026-06-06 03:00:00,9217.4,9270.06,9130.29,9201.42
2026-06-06 04:00:00,9201.72,9212.3,9046.0,9052.59
2026-06-06 05:00:00,9052.0,9073.16,8942.93,8957.27
2026-06-06 06:00:00,8957.98,8995.88,8802.78,8828.64
2026-06-06 07:00:00,8828.09,8850.7,8794.25,8832.85
2026-06-06 08:00:00,8832.53,8944.1,8827.15,8852.85
2026-06-06 09:00:00,8854.47,8969.37,8832.26,8959.61
2026-06-06 10:00:00,8958.73,8999.04,8909.03,8987.06
2026-06-06 11:00:00,8989.94,9042.13,8906.66,8993.45
2026-06-06 12:00:00,8993.76,9060.69,8940.07,8951.73
2026-06-06 13:00:00,8950.65,8953.58,8790.64,8793.16
2026-06-06 14:00:00,8792.7,8942.66,8757.34,8841.24
2026-06-06 15:00:00,8840.88,8962.01,8836.18,8958.35
2026-06-06 16:00:00,8958.76,8988.44,8843.67,8849.76
2026-06-06 17:00:00,8849.89,8916.89,8814.66,8843.9
2026-06-06 18:00:00,8842.98,8862.91,8794.76,8794.76
2026-06-06 19:00:00,8794.27,9203.56,8767.62,9122.69
2026-06-06 20:00:00,9119.89,9161.5,9068.0,9122.34
2026-06-06 21:00:00,9123.72,9156.12,9048.36,9068.23
2026-06-06 22:00:00,9068.29,9168.07,9005.5,9134.7
2026-06-06 23:00:00,9135.24,9249.25,9127.49,9167.51
2026-06-07 00:00:00,9171.62,9189.53,9051.72,9120.96
2026-06-07 01:00:00,9119.97,9124.11,9038.34,9082.63
2026-06-07 02:00:00,9082.57,9084.08,8880.94,8893.38
2026-06-07 03:00:00,8894.31,9046.12,8874.36,9014.82
2026-06-07 04:00:00,9012.29,9077.68,8912.64,8962.75
2026-06-07 05:00:00,8964.08,9136.41,8964.08,9114.5
2026-06-07 06:00:00,9115.6,9116.31,8947.47,8967.02
2026-06-07 07:00:00,8965.37,8999.73,8916.5,8922.39
2026-06-07 08:00:00,8921.76,8925.55,8752.29,8770.69
2026-06-07 09:00:00,8769.83,8776.26,8658.33,8725.18
2026-06-07 10:00:00,8724.36,8856.22,8716.67,8835.75
2026-06-07 11:00:00,8836.51,8887.19,8753.54,8798.61
2026-06-07 12:00:00,8797.25,8844.0,8723.92,8779.77
2026-06-07 13:00:00,8779.06,8821.14,8611.64,8611.64
2026-06-07 14:00:00,8612.05,8650.78,8539.72,8545.74
2026-06-07 15:00:00,8546.16,8552.99,8410.36,8411.47
2026-06-07 16:00:00,8411.53,8427.83,8288.4,8299.95
2026-06-07 17:00:00,8299.43,8356.31,8263.61,8270.7
2026-06-07 18:00:00,8272.15,8274.08,8130.83,8134.24
2026-06-07 19:00:00,8134.1,8190.25,8107.14,8112.22
2026-06-07 20:00:00,8111.15,8150.52,8080.14,8136.79
2026-06-07 21:00:00,8136.98,8172.59,8082.29,8169.38
2026-06-07 22:00:00,8167.78,8176.37,8083.62,8102.41
2026-06-07 23:00:00,8103.31,8196.5,8044.64,8185.49
2026-06-08 00:00:00,8184.91,8187.72,8090.64,8101.7
2026-06-08 01:00:00,8101.52,8209.56,8046.23,8206.06
2026-06-08 02:00:00,8208.34,8208.42,8100.18,8190.35
2026-06-08 03:00:00,8191.38,8200.8,8068.69,8131.33
2026-06-08 04:00:00,8131.85,8197.51,8105.66,8179.16
2026-06-08 05:00:00,8179.77,8283.25,8171.23,8262.83
2026-06-08 06:00:00,8262.44,8285.17,8075.92,8115.2
2026-06-08 07:00:00,8115.64,8187.55,8106.64,8137.13
2026-06-08 08:00:00,8135.52,8219.85,8081.26,8202.17
2026-06-08 09:00:00,8202.91,8276.66,8168.96,8176.29
2026-06-08 10:00:00,8175.46,8189.95,8046.85,8067.65
2026-06-08 11:00:00,8069.4,8215.75,8066.43,8189.6
2026-06-08 12:00:00,8189.7,8203.62,8099.93,8108.22
2026-06-08 13:00:00,8108.36,8235.97,8042.6,8232.43
2026-06-08 14:00:00,8232.28,8253.41,8100.21,8111.09
2026-06-08 15:00:00,8112.01,8147.34,8038.97,8134.41
2026-06-08 16:00:00,8136.37,8193.12,8103.61,8182.35
2026-06-08 17:00:00,8181.91,8264.88,8145.32,8162.66
2026-06-08 18:00:00,8162.95,8163.83,8046.69,8055.5
2026-06-08 19:00:00,8056.94,8107.55,8038.82,8072.36
2026-06-08 20:00:00,8071.89,8249.97,8069.77,8199.39
2026-06-08 21:00:00,8199.94,8306.99,8195.24,8295.6
2026-06-08 22:00:00,8296.62,8398.17,8282.71,8324.7
2026-06-08 23:00:00,8324.75,8392.55,8292.78,8382.62
2026-06-09 00:00:00,8383.17,8469.13,8282.72,8448.02
2026-06-09 01:00:00,8447.08,8484.03,8332.51,8347.67
2026-06-09 02:00:00,8346.78,8494.51,8344.83,8397.31
2026-06-09 03:00:00,8395.48,8452.06,8324.85,8334.85
2026-06-09 04:00:00,8335.27,8385.39,8175.35,8282.73
2026-06-09 05:00:00,8280.95,8319.52,8141.16,8149.27
2026-06-09 06:00:00,8150.59,8261.9,8150.15,8261.9
2026-06-09 07:00:00,8261.79,8306.43,8132.93,8145.31
2026-06-09 08:00:00,8145.09,8195.12,8109.18,8171.67
2026-06-09 09:00:00,8172.17,8198.18,8040.63,8042.31
2026-06-09 10:00:00,8040.63,8141.79,8032.37,8105.47
2026-06-09 11:00:00,8105.29,8204.75,8085.66,8167.64
2026-06-09 12:00:00,8168.16,8242.89,8158.58,8241.84
2026-06-09 13:00:00,8240.33,8288.43,8097.48,8122.0
2026-06-09 14:00:00,8120.46,8197.67,8067.16,8075.04
2026-06-09 15:00:00,8074.83,8105.96,7982.0,7991.52
2026-06-09 16:00:00,7992.9,8107.62,7968.41,8095.21
2026-06-09 17:00:00,8095.1,8128.04,7990.92,8037.46
2026-06-09 18:00:00,8037.12,8087.41,8008.63,8086.65
2026-06-09 19:00:00,8086.47,8105.82,8012.35,8012.39
2026-06-09 20:00:00,8012.4,8108.37,8004.17,8035.22
2026-06-09 21:00:00,8034.58,8051.91,7984.24,8023.95
2026-06-09 22:00:00,8024.52,8128.18,8016.55,8096.83
2026-06-09 23:00:00,8098.22,8099.7,7979.38,8022.39
2026-06-10 00:00:00,8021.63,8063.39,7973.04,7974.96
2026-06-10 01:00:00,7975.99,8188.3,7942.65,8176.3
2026-06-10 02:00:00,8174.96,8272.19,8159.95,8214.94
2026-06-10 03:00:00,8215.66,8311.04,8201.98,8211.84
2026-06-10 04:00:00,8212.23,8290.22,8151.48,8276.88
2026-06-10 05:00:00,8278.08,8377.93,8257.09,8321.92
2026-06-10 06:00:00,8320.74,8348.39,8136.34,8145.77
2026-06-10 07:00:00,8146.9,8152.11,8037.01,8050.12
2026-06-10 08:00:00,8049.15,8092.98,7984.12,8063.9
2026-06-10 09:00:00,8062.29,8133.76,8031.66,8072.13
2026-06-10 10:00:00,8071.42,8109.0,7990.27,7990.27
2026-06-10 11:00:00,7991.25,8099.6,7982.63,8046.42
2026-06-10 12:00:00,8045.56,8179.63,8027.87,8177.02
2026-06-10 13:00:00,8177.57,8215.8,8106.8,8131.88
2026-06-10 14:00:00,8131.32,8155.92,8055.16,8133.9
2026-06-10 15:00:00,8133.31,8257.87,8129.48,8250.64
2026-06-10 16:00:00,8250.39,8257.95,7997.06,8044.79
2026-06-10 17:00:00,8046.68,8080.63,7983.45,8023.9
2026-06-10 18:00:00,8024.69,8044.16,7923.31,7993.07
2026-06-10 19:00:00,7992.04,7992.04,7886.84,7952.06
2026-06-10 20:00:00,7952.05,8016.66,7917.52,7984.31
2026-06-10 21:00:00,7983.96,8124.62,7960.39,8120.47
2026-06-10 22:00:00,8120.82,8125.52,7941.84,7957.88
2026-06-10 23:00:00,7957.81,7984.36,7872.89,7884.85
2026-06-11 00:00:00,7884.57,7903.74,7796.05,7834.7
2026-06-11 01:00:00,7833.28,8040.96,7760.03,8021.32
2026-06-11 02:00:00,8020.39,8069.57,7980.99,8063.7
2026-06-11 03:00:00,8062.93,8115.39,8022.99,8085.59
2026-06-11 04:00:00,8086.29,8111.54,7860.07,7907.46
2026-06-11 05:00:00,7907.06,7969.02,7847.58,7890.47
2026-06-11 06:00:00,7889.95,7916.84,7844.25,7871.24
2026-06-11 07:00:00,7871.36,7984.09,7866.74,7903.31
2026-06-11 08:00:00,7902.64,8027.97,7901.26,7999.47
2026-06-11 09:00:00,8000.93,8020.02,7928.71,7933.95
2026-06-11 10:00:00,7932.1,7948.33,7859.44,7859.44
2026-06-11 11:00:00,7862.03,7966.91,7861.87,7966.7
2026-06-11 12:00:00,7966.25,8089.9,7958.46,8032.98
2026-06-11 13:00:00,8032.92,8061.36,7968.08,8037.1
2026-06-11 14:00:00,8037.07,8125.64,8017.59,8047.66
2026-06-11 15:00:00,8046.8,8069.72,7947.91,7981.03
2026-06-11 16:00:00,7982.58,8001.89,7936.42,7964.03
2026-06-11 17:00:00,7963.3,7987.24,7871.62,7909.13
2026-06-11 18:00:00,7910.74,7959.62,7843.24,7863.87
2026-06-11 19:00:00,7863.1,7964.85,7830.44,7916.69
2026-06-11 20:00:00,7914.72,7949.56,7828.07,7854.39
2026-06-11 21:00:00,7855.25,7950.54,7825.13,7916.9
2026-06-11 22:00:00,7917.2,7943.88,7858.59,7942.24
2026-06-11 23:00:00,7940.14,7971.12,7859.89,7882.81
2026-06-12 00:00:00,7882.44,7909.38,7795.8,7890.91
2026-06-12 01:00:00,7892.19,7916.99,7782.29,7847.0
2026-06-12 02:00:00,7846.41,7897.47,7744.48,7760.68
2026-06-12 03:00:00,7761.48,7807.13,7729.3,7753.76
2026-06-12 04:00:00,7752.02,7814.51,7674.92,7687.51
2026-06-12 05:00:00,7687.64,7749.24,7670.7,7732.86
2026-06-12 06:00:00,7731.64,7813.49,7687.03,7812.05
2026-06-12 07:00:00,7809.99,7812.98,7730.73,7808.42
2026-06-12 08:00:00,7809.27,7932.04,7770.77,7774.58
2026-06-12 09:00:00,7774.51,7792.11,7680.15,7693.39
2026-06-12 10:00:00,7693.65,7718.83,7588.55,7638.73
2026-06-12 11:00:00,7638.52,7727.33,7613.84,7642.28
2026-06-12 12:00:00,7641.91,7690.08,7568.8,7610.66
2026-06-12 13:00:00,7609.22,7661.52,7565.93,7631.12
2026-06-12 14:00:00,7632.34,7789.32,7624.64,7771.39
2026-06-12 15:00:00,7771.88,7928.19,7742.22,7878.2
2026-06-12 16:00:00,7876.72,7923.08,7846.16,7899.61
2026-06-12 17:00:00,7900.61,7931.57,7835.65,7858.56
2026-06-12 18:00:00,7858.46,7909.71,7837.23,7873.49
2026-06-12 19:00:00,7873.77,7920.76,7843.26,7901.94
2026-06-12 20:00:00,7901.99,7934.63,7726.79,7730.84
2026-06-12 21:00:00,7729.66,7927.25,7717.9,7925.88
2026-06-12 22:00:00,7926.95,8117.86,7920.1,8106.84
2026-06-12 23:00:00,8106.11,8115.63,8044.05,8102.6
2026-06-13 00:00:00,8105.0,8141.77,8065.19,8129.71
2026-06-13 01:00:00,8128.63,8153.97,8003.88,8097.25
2026-06-13 02:00:00,8095.01,8134.82,7974.99,8076.02
2026-06-13 03:00:00,8073.99,8098.61,8025.82,8045.53
2026-06-13 04:00:00,8046.48,8131.3,8013.02,8114.14
2026-06-13 05:00:00,8115.14,8172.35,8036.52,8047.33
2026-06-13 06:00:00,8046.71,8081.37,7976.54,7987.33
2026-06-13 07:00:00,7987.94,8115.77,7974.49,8091.1
2026-06-13 08:00:00,8091.47,8116.9,7947.55,7989.06
2026-06-13 09:00:00,7987.03,8045.21,7978.97,8030.48
2026-06-13 10:00:00,8029.55,8147.31,8002.96,8114.56
2026-06-13 11:00:00,8114.9,8182.56,8087.62,8139.92
2026-06-13 12:00:00,8137.95,8167.79,8027.89,8072.13
2026-06-13 13:00:00,8072.42,8188.72,8067.35,8117.91
2026-06-13 14:00:00,8117.87,8141.64,7994.53,8056.51
2026-06-13 15:00:00,8056.86,8106.16,7988.68,7992.14
2026-06-13 16:00:00,7993.68,8085.06,7975.01,8002.65
2026-06-13 17:00:00,8001.22,8182.75,7990.63,8143.5
2026-06-13 18:00:00,8144.88,8253.49,8130.72,8204.73
2026-06-13 19:00:00,8202.55,8208.66,8106.41,8135.07
2026-06-13 20:00:00,8134.84,8165.34,8094.64,8163.42
2026-06-13 21:00:00,8162.6,8196.15,8106.29,8168.42
2026-06-13 22:00:00,8168.42,8237.99,8156.15,8178.82
2026-06-13 23:00:00,8177.63,8206.29,8108.23,8114.11
2026-06-14 00:00:00,8114.67,8271.55,8108.66,8250.8
2026-06-14 01:00:00,8253.57,8281.45,8178.97,8271.43
2026-06-14 02:00:00,8272.19,8304.94,8130.86,8151.57
2026-06-14 03:00:00,8152.68,8160.92,8091.67,8097.99
2026-06-14 04:00:00,8097.91,8238.96,8092.41,8191.14
2026-06-14 05:00:00,8192.16,8401.97,8174.59,8336.67
2026-06-14 06:00:00,8337.36,8470.75,8299.13,8357.78
2026-06-14 07:00:00,8355.98,8362.14,8239.23,8249.14
2026-06-14 08:00:00,8248.99,8337.39,8222.99,8307.12
2026-06-14 09:00:00,8306.18,8334.83,8215.15,8219.59
2026-06-14 10:00:00,8218.79,8230.37,8010.67,8035.21
2026-06-14 11:00:00,8036.4,8089.32,7968.96,8039.98
2026-06-14 12:00:00,8040.23,8051.83,7962.04,8002.81
2026-06-14 13:00:00,8001.95,8084.75,7960.01,8061.08
2026-06-14 14:00:00,8058.91,8090.03,8017.91,8047.04
2026-06-14 15:00:00,8047.2,8049.3,7921.67,7925.37
2026-06-14 16:00:00,7925.2,7987.49,7903.77,7966.46
2026-06-14 17:00:00,7965.96,7985.95,7840.94,7880.22
2026-06-14 18:00:00,7879.29,7902.67,7835.58,7889.75
2026-06-14 19:00:00,7890.21,7921.88,7823.91,7893.0
2026-06-14 20:00:00,7892.8,7934.87,7833.41,7892.18
2026-06-14 21:00:00,7890.11,7925.23,7844.8,7885.72
2026-06-14 22:00:00,7886.25,8099.09,7867.16,8098.23
2026-06-14 23:00:00,8097.19,8117.44,8014.25,8032.68
2026-06-15 00:00:00,8033.02,8040.69,7819.95,7825.45
2026-06-15 01:00:00,7824.58,7829.31,7749.7,7796.94
2026-06-15 02:00:00,7796.84,7953.77,7781.23,7950.87
2026-06-15 03:00:00,7951.09,7989.48,7877.86,7917.91
2026-06-15 04:00:00,7919.71,7941.9,7890.43,7926.33
2026-06-15 05:00:00,7925.13,7940.68,7876.85,7938.91
2026-06-15 06:00:00,7936.58,7942.6,7791.76,7796.92
2026-06-15 07:00:00,7797.33,7878.13,7765.95,7838.65
2026-06-15 08:00:00,7838.82,7925.73,7760.97,7911.38
2026-06-15 09:00:00,7910.21,7964.19,7820.26,7855.26
2026-06-15 10:00:00,7853.06,7976.77,7840.25,7964.68
2026-06-15 11:00:00,7965.74,8106.71,7917.1,8105.84
2026-06-15 12:00:00,8105.48,8150.25,8088.57,8124.06
2026-06-15 13:00:00,8124.01,8150.69,8042.31,8145.43
2026-06-15 14:00:00,8144.44,8148.0,8006.94,8093.4
2026-06-15 15:00:00,8093.35,8235.76,8083.75,8231.24
2026-06-15 16:00:00,8230.27,8322.77,8215.81,8264.51
2026-06-15 17:00:00,8265.99,8323.77,8252.91,8297.71
2026-06-15 18:00:00,8297.56,8437.8,8274.5,8403.61
2026-06-15 19:00:00,8402.78,8402.78,8298.36,8301.14
2026-06-15 20:00:00,8299.22,8433.47,8156.93,8218.35
2026-06-15 21:00:00,8217.27,8225.42,8075.76,8149.24
2026-06-15 22:00:00,8148.35,8170.53,8073.62,8092.25
2026-06-15 23:00:00,8091.71,8224.52,8085.69,8191.22
2026-06-16 00:00:00,8190.53,8255.44,8154.19,8229.52
2026-06-16 01:00:00,8230.25,8406.58,8228.56,8395.22
2026-06-16 02:00:00,8393.47,8418.55,8335.65,8366.25
2026-06-16 03:00:00,8366.31,8450.62,8258.88,8326.79
2026-06-16 04:00:00,8327.12,8336.35,8252.02,8296.57
2026-06-16 05:00:00,8294.5,8370.0,8285.02,8351.58
2026-06-16 06:00:00,8350.81,8359.87,8212.25,8247.12
2026-06-16 07:00:00,8248.37,8288.37,8213.35,8217.14
2026-06-16 08:00:00,8214.61,8310.02,8193.07,8306.16
2026-06-16 09:00:00,8306.99,8345.23,8251.89,8288.49
2026-06-16 10:00:00,8288.88,8335.6,8214.9,8228.26
2026-06-16 11:00:00,8229.53,8263.33,8147.66,8255.19
2026-06-16 12:00:00,8255.32,8273.74,8203.66,8259.17
2026-06-16 13:00:00,8257.76,8261.74,8164.12,8234.6
2026-06-16 14:00:00,8232.25,8257.36,8145.87,8212.93
2026-06-16 15:00:00,8213.29,8432.44,8207.42,8423.52
2026-06-16 16:00:00,8424.5,8517.09,8405.06,8431.15
2026-06-16 17:00:00,8430.8,8454.03,8366.38,8407.13
2026-06-16 18:00:00,8408.23,8494.57,8398.35,8422.62
2026-06-16 19:00:00,8421.87,8422.63,8255.08,8261.71
2026-06-16 20:00:00,8261.31,8290.38,8182.28,8252.47
2026-06-16 21:00:00,8251.87,8271.4,8136.45,8171.08
2026-06-16 22:00:00,8171.46,8359.52,8149.37,8350.5
2026-06-16 23:00:00,8350.66,8365.77,8277.94,8310.95
2026-06-17 00:00:00,8311.6,8474.07,8289.27,8327.47
2026-06-17 01:00:00,8327.17,8377.12,8282.18,8358.52
2026-06-17 02:00:00,8360.17,8444.24,8305.24,8343.38
2026-06-17 03:00:00,8343.07,8355.68,8110.93,8168.61
2026-06-17 04:00:00,8168.11,8303.12,8161.11,8278.57
2026-06-17 05:00:00,8278.22,8289.4,8180.01,8277.81
2026-06-17 06:00:00,8279.55,8286.79,8158.7,8270.97
2026-06-17 07:00:00,8272.53,8296.94,8194.96,8289.41
2026-06-17 08:00:00,8289.48,8490.62,8283.62,8430.81
2026-06-17 09:00:00,8432.38,8456.1,8207.52,8273.78
2026-06-17 10:00:00,8273.74,8379.81,8264.92,8341.8
2026-06-17 11:00:00,8343.34,8375.94,8292.94,8358.37
2026-06-17 12:00:00,8357.57,8408.87,8319.62,8378.86
2026-06-17 13:00:00,8380.09,8401.79,8304.26,8399.95
2026-06-17 14:00:00,8400.6,8511.22,8399.67,8481.62
2026-06-17 15:00:00,8483.53,8524.99,8461.1,8482.63
2026-06-17 16:00:00,8483.24,8560.91,8455.42,8540.9
2026-06-17 17:00:00,8541.38,8731.0,8488.32,8673.62
2026-06-17 18:00:00,8673.33,8695.98,8484.91,8537.97
2026-06-17 19:00:00,8536.7,8649.39,8527.57,8616.94
2026-06-17 20:00:00,8617.39,8621.92,8513.95,8543.01
2026-06-17 21:00:00,8542.8,8550.15,8471.66,8510.33
2026-06-17 22:00:00,8508.17,8536.43,8447.37,8450.16
2026-06-17 23:00:00,8451.1,8478.49,8267.4,8270.06
2026-06-18 00:00:00,8270.2,8271.06,8137.02,8160.51
2026-06-18 01:00:00,8161.27,8286.36,8119.71,8271.09
2026-06-18 02:00:00,8271.5,8376.61,8211.77,8374.93
2026-06-18 03:00:00,8373.56,8618.08,8365.1,8612.84
2026-06-18 04:00:00,8611.83,8613.58,8510.66,8534.83
2026-06-18 05:00:00,8534.87,8542.67,8450.56,8470.44
2026-06-18 06:00:00,8469.58,8501.57,8399.3,8429.04
2026-06-18 07:00:00,8429.13,8448.66,8394.87,8424.49
2026-06-18 08:00:00,8425.62,8459.92,8361.81,8414.43
2026-06-18 09:00:00,8413.62,8430.92,8230.59,8347.81
2026-06-18 10:00:00,8347.01,8480.53,8335.59,8476.75
2026-06-18 11:00:00,8477.69,8495.25,8358.34,8360.43
2026-06-18 12:00:00,8361.13,8389.1,8285.13,8332.99
2026-06-18 13:00:00,8333.2,8345.06,8215.32,8330.31
2026-06-18 14:00:00,8332.04,8357.09,8243.86,8247.64
2026-06-18 15:00:00,8247.44,8355.7,8147.61,8154.72
2026-06-18 16:00:00,8155.11,8299.97,8142.63,8217.8
2026-06-18 17:00:00,8219.11,8287.19,8206.48,8234.28
2026-06-18 18:00:00,8236.0,8257.63,8130.28,8144.36
2026-06-18 19:00:00,8146.33,8187.1,8097.4,8117.41
2026-06-18 20:00:00,8117.96,8138.35,8063.82,8102.53
2026-06-18 21:00:00,8102.4,8102.4,8012.93,8087.49
2026-06-18 22:00:00,8088.96,8136.83,8047.63,8047.63
2026-06-18 23:00:00,8046.59,8117.9,8019.44,8089.19
2026-06-19 00:00:00,8090.05,8149.77,8002.15,8136.02
2026-06-19 01:00:00,8132.87,8152.81,8061.68,8148.76
2026-06-19 02:00:00,8149.69,8160.13,8070.5,8113.39
2026-06-19 03:00:00,8112.85,8224.71,8089.4,8125.98
2026-06-19 04:00:00,8125.84,8178.68,8114.6,8118.81
2026-06-19 05:00:00,8118.74,8167.9,8055.63,8146.3
2026-06-19 06:00:00,8146.92,8255.17,8146.92,8222.08
2026-06-19 07:00:00,8223.63,8285.42,8196.07,8209.7
2026-06-19 08:00:00,8209.25,8311.03,8160.99,8261.76
2026-06-19 09:00:00,8260.49,8351.8,8232.03,8252.16
2026-06-19 10:00:00,8251.68,8308.97,8198.98,8217.85
2026-06-19 11:00:00,8217.14,8269.5,8151.49,8179.02
2026-06-19 12:00:00,8178.86,8186.88,7959.67,8013.7
2026-06-19 13:00:00,8014.7,8068.9,7917.44,7935.81
2026-06-19 14:00:00,7935.23,7974.55,7843.47,7958.68
2026-06-19 15:00:00,7959.75,8046.88,7949.47,8027.3
2026-06-19 16:00:00,8027.26,8118.48,7994.09,8057.94
2026-06-19 17:00:00,8057.51,8111.59,8029.53,8094.41
2026-06-19 18:00:00,8095.32,8166.59,8047.5,8134.14
2026-06-19 19:00:00,8120.91,8220.26,8116.96,8193.33
2026-06-19 20:00:00,8193.81,8197.33,8005.15,8030.22
2026-06-19 21:00:00,8029.94,8116.6,8023.12,8083.42
2026-06-19 22:00:00,8082.31,8110.55,8034.25,8079.23
2026-06-19 23:00:00,8080.3,8114.33,7976.94,8092.91
2026-06-20 00:00:00,8093.19,8165.03,8073.6,8082.97
2026-06-20 01:00:00,8081.27,8168.33,8047.05,8135.43
2026-06-20 02:00:00,8134.91,8168.5,8027.21,8029.99
2026-06-20 03:00:00,8029.62,8047.12,7975.53,8015.95
2026-06-20 04:00:00,8017.39,8107.29,8012.45,8100.82
2026-06-20 05:00:00,8103.51,8174.08,8053.72,8143.97
2026-06-20 06:00:00,8144.35,8255.06,8112.73,8222.67
2026-06-20 07:00:00,8224.52,8318.78,8196.1,8298.58
2026-06-20 08:00:00,8298.78,8352.77,8287.46,8307.45
2026-06-20 09:00:00,8305.7,8372.59,8217.18,8272.77
2026-06-20 10:00:00,8274.92,8346.88,8232.84,8323.82
2026-06-20 11:00:00,8322.96,8474.77,8311.14,8423.35
2026-06-20 12:00:00,8423.36,8496.28,8422.08,8447.98
2026-06-20 13:00:00,8450.53,8509.25,8255.14,8282.1
2026-06-20 14:00:00,8284.43,8306.35,8225.55,8285.35
2026-06-20 15:00:00,8285.51,8326.95,8240.22,8323.81
2026-06-20 16:00:00,8323.75,8334.16,8186.01,8189.68
2026-06-20 17:00:00,8189.0,8206.14,8037.83,8115.06
2026-06-20 18:00:00,8111.77,8152.58,8005.76,8010.84
2026-06-20 19:00:00,8009.94,8201.18,7999.16,8192.63
2026-06-20 20:00:00,8194.71,8256.65,8144.04,8144.04
2026-06-20 21:00:00,8143.94,8222.14,8114.85,8222.14
2026-06-20 22:00:00,8223.83,8311.03,8181.65,8238.72
2026-06-20 23:00:00,8238.35,8326.04,8217.67,8291.42
2026-06-21 00:00:00,8291.78,8338.57,8246.36,8332.25
2026-06-21 01:00:00,8332.35,8411.6,8274.22,8285.91
2026-06-21 02:00:00,8283.54,8292.57,8136.87,8145.77
2026-06-21 03:00:00,8146.16,8159.56,8015.9,8020.45
2026-06-21 04:00:00,8019.19,8032.24,7884.38,7885.72
2026-06-21 05:00:00,7884.79,7940.5,7782.51,7939.06
2026-06-21 06:00:00,7938.87,7943.78,7786.24,7786.24
2026-06-21 07:00:00,7785.42,7799.85,7659.15,7675.8
2026-06-21 08:00:00,7676.29,7707.67,7642.29,7668.07
2026-06-21 09:00:00,7669.06,7709.58,7643.99,7692.17
2026-06-21 10:00:00,7692.61,7832.8,7679.99,7795.91
2026-06-21 11:00:00,7797.38,7841.53,7754.12,7792.7
2026-06-21 12:00:00,7793.15,7804.81,7646.64,7662.33
2026-06-21 13:00:00,7663.81,7722.06,7583.42,7656.72
2026-06-21 14:00:00,7655.89,7721.22,7610.53,7673.49
2026-06-21 15:00:00,7670.95,7817.81,7637.21,7790.69
2026-06-21 16:00:00,7791.55,7854.77,7737.9,7854.11
2026-06-21 17:00:00,7854.1,7919.88,7830.07,7918.24
2026-06-21 18:00:00,7918.71,8003.57,7911.7,7961.11
2026-06-21 19:00:00,7960.94,7992.35,7919.3,7931.24
2026-06-21 20:00:00,7931.71,8001.05,7904.54,7973.21
2026-06-21 21:00:00,7974.48,8016.31,7943.22,7995.89
2026-06-21 22:00:00,7995.15,8075.23,7926.35,7933.49
2026-06-21 23:00:00,7932.34,7937.62,7831.02,7846.14
2026-06-22 00:00:00,7845.66,7932.46,7779.6,7926.98
2026-06-22 01:00:00,7926.49,8024.45,7915.97,7985.59
2026-06-22 02:00:00,7987.11,8027.27,7943.59,7960.49
2026-06-22 03:00:00,7962.07,8084.67,7961.63,7997.96
2026-06-22 04:00:00,7997.01,8028.41,7917.74,7965.55
2026-06-22 05:00:00,7964.54,8034.64,7934.58,7993.16
2026-06-22 06:00:00,7993.26,8027.11,7923.99,7968.46
2026-06-22 07:00:00,7968.12,8012.26,7932.92,7957.24
2026-06-22 08:00:00,7956.81,8001.91,7847.74,7864.08
2026-06-22 09:00:00,7863.25,7930.49,7810.59,7846.49
2026-06-22 10:00:00,7846.19,7849.29,7754.91,7797.99
2026-06-22 11:00:00,7797.54,7825.24,7752.28,7781.94
2026-06-22 12:00:00,7781.94,7786.74,7628.68,7687.51
2026-06-22 13:00:00,7687.34,7816.58,7677.46,7755.93
2026-06-22 14:00:00,7755.95,7859.88,7751.94,7828.52
2026-06-22 15:00:00,7827.85,7879.0,7711.91,7732.33
2026-06-22 16:00:00,7732.97,7762.02,7657.61,7728.73
2026-06-22 17:00:00,7730.86,7817.48,7682.37,7711.29
2026-06-22 18:00:00,7710.69,7750.46,7658.63,7742.32
2026-06-22 19:00:00,7743.47,7811.12,7648.72,7662.35
2026-06-22 20:00:00,7663.19,7787.26,7595.7,7768.08
2026-06-22 21:00:00,7769.22,7799.37,7691.64,7742.22
2026-06-22 22:00:00,7742.51,7766.17,7710.88,7739.69
2026-06-22 23:00:00,7739.63,7797.23,7667.48,7668.01
2026-06-23 00:00:00,7669.13,7744.33,7658.54,7711.59
2026-06-23 01:00:00,7711.26,7760.46,7683.08,7722.43
2026-06-23 02:00:00,7722.73,7875.85,7698.98,7806.81
2026-06-23 03:00:00,7806.12,7872.7,7799.99,7870.16
2026-06-23 04:00:00,7871.01,7940.93,7813.42,7831.21
2026-06-23 05:00:00,7831.01,7901.97,7797.16,7836.97
2026-06-23 06:00:00,7838.07,8003.45,7827.71,7928.12
2026-06-23 07:00:00,7928.28,7931.25,7789.97,7814.77
2026-06-23 08:00:00,7815.33,7945.6,7807.62,7835.29
2026-06-23 09:00:00,7834.9,7974.37,7780.68,7969.81
2026-06-23 10:00:00,7971.65,8016.35,7914.55,7957.0
2026-06-23 11:00:00,7956.06,8109.33,7951.06,8088.5
2026-06-23 12:00:00,8090.63,8152.12,7968.61,8074.57
2026-06-23 13:00:00,8073.11,8082.83,7919.74,7965.26
2026-06-23 14:00:00,7966.55,8022.82,7934.89,7944.23
2026-06-23 15:00:00,7944.93,8026.17,7903.19,8012.52
2026-06-23 16:00:00,8012.87,8042.67,7985.58,8026.22
2026-06-23 17:00:00,8026.5,8039.05,7922.0,7992.22
2026-06-23 18:00:00,7990.93,8065.93,7929.47,7938.01
2026-06-23 19:00:00,7939.51,7991.69,7912.69,7967.29
2026-06-23 20:00:00,7967.71,8023.98,7889.42,7990.08
2026-06-23 21:00:00,7989.43,8003.21,7902.71,7920.71
2026-06-23 22:00:00,7921.04,8008.14,7915.06,7944.07
2026-06-23 23:00:00,7943.23,8052.18,7936.28,8031.5
2026-06-24 00:00:00,8030.44,8088.35,7979.35,8060.78
2026-06-24 01:00:00,8059.6,8075.31,7950.3,7984.0
2026-06-24 02:00:00,7983.6,8010.18,7867.92,7903.9
2026-06-24 03:00:00,7903.69,7959.48,7882.26,7959.48
2026-06-24 04:00:00,7959.61,7969.45,7864.66,7962.57
2026-06-24 05:00:00,7961.59,8049.82,7926.63,8036.28
2026-06-24 06:00:00,8036.17,8078.91,7965.28,7974.21
2026-06-24 07:00:00,7975.26,8003.85,7931.48,8002.7
2026-06-24 08:00:00,8002.17,8163.62,7998.38,8144.37
2026-06-24 09:00:00,8144.79,8233.51,8119.03,8230.31
2026-06-24 10:00:00,8230.52,8285.13,8132.13,8223.44
2026-06-24 11:00:00,8223.07,8335.47,8190.19,8325.43
2026-06-24 12:00:00,8324.48,8363.54,8229.25,8363.54
2026-06-24 13:00:00,8364.69,8433.12,8344.91,8360.02
2026-06-24 14:00:00,8357.13,8497.23,8357.13,8414.69
2026-06-24 15:00:00,8413.22,8479.14,8374.35,8417.71
2026-06-24 16:00:00,8417.1,8448.29,8318.94,8322.33
2026-06-24 17:00:00,8321.68,8350.8,8201.17,8264.56
2026-06-24 18:00:00,8263.1,8433.85,8254.78,8422.95
2026-06-24 19:00:00,8420.6,8425.2,8304.33,8341.79
2026-06-24 20:00:00,8342.29,8458.3,8279.02,8448.33
2026-06-24 21:00:00,8448.6,8579.48,8414.01,8572.67
2026-06-24 22:00:00,8570.16,8619.69,8516.67,8562.41
2026-06-24 23:00:00,8561.17,8564.6,8499.1,8514.74
2026-06-25 00:00:00,8514.0,8518.62,8382.88,8468.98
2026-06-25 01:00:00,8469.05,8478.82,8334.67,8350.81
2026-06-25 02:00:00,8346.27,8368.23,8216.15,8235.63
2026-06-25 03:00:00,8233.37,8294.04,8214.23,8276.7
2026-06-25 04:00:00,8276.89,8349.49,8259.26,8314.27
2026-06-25 05:00:00,8315.44,8437.23,8237.54,8327.14
2026-06-25 06:00:00,8328.0,8367.39,8191.49,8199.01
2026-06-25 07:00:00,8199.66,8234.78,8145.23,8227.61
2026-06-25 08:00:00,8227.14,8281.65,8212.17,8260.5
2026-06-25 09:00:00,8261.49,8277.13,8132.4,8160.3
2026-06-25 10:00:00,8159.85,8217.17,8086.3,8213.9
2026-06-25 11:00:00,8213.29,8267.89,8184.24,8227.45
2026-06-25 12:00:00,8225.33,8294.73,8218.1,8281.45
2026-06-25 13:00:00,8279.73,8321.56,8230.72,8315.74
2026-06-25 14:00:00,8316.4,8348.47,8181.39,8213.21
2026-06-25 15:00:00,8212.75,8304.39,8184.8,8209.13
2026-06-25 16:00:00,8208.43,8237.92,8113.2,8207.14
2026-06-25 17:00:00,8208.91,8239.81,8167.56,8237.75
2026-06-25 18:00:00,8238.31,8289.75,8205.45,8227.52
2026-06-25 19:00:00,8227.86,8287.33,8202.1,8226.17
2026-06-25 20:00:00,8228.04,8260.34,8147.82,8158.0
2026-06-25 21:00:00,8157.94,8232.92,8127.28,8170.24
2026-06-25 22:00:00,8170.54,8220.09,8026.87,8028.12
2026-06-25 23:00:00,8028.67,8108.14,7988.96,8055.61
2026-06-26 00:00:00,8057.55,8064.03,7900.31,7908.95
2026-06-26 01:00:00,7910.05,7913.53,7721.53,7793.93
2026-06-26 02:00:00,7794.72,7940.35,7794.72,7893.19
2026-06-26 03:00:00,7890.67,7952.1,7773.45,7780.65
2026-06-26 04:00:00,7781.24,7810.2,7648.29,7649.44
2026-06-26 05:00:00,7649.52,7754.72,7637.17,7729.8
2026-06-26 06:00:00,7729.2,7770.41,7680.99,7749.83
2026-06-26 07:00:00,7750.49,7754.79,7688.76,7709.13
2026-06-26 08:00:00,7707.23,7739.55,7646.27,7712.61
2026-06-26 09:00:00,7712.15,7817.19,7637.62,7804.68
2026-06-26 10:00:00,7804.91,7862.44,7766.92,7822.8
2026-06-26 11:00:00,7821.86,7846.69,7730.95,7752.26
2026-06-26 12:00:00,7754.07,7758.52,7669.41,7720.55
2026-06-26 13:00:00,7720.11,7810.99,7717.42,7725.11
2026-06-26 14:00:00,7725.21,7776.11,7696.37,7750.72
2026-06-26 15:00:00,7750.84,7807.23,7720.76,7760.16
2026-06-26 16:00:00,7760.62,7771.2,7609.87,7619.35
2026-06-26 17:00:00,7617.95,7636.98,7532.02,7567.16
2026-06-26 18:00:00,7568.08,7589.39,7531.75,7569.12
2026-06-26 19:00:00,7568.51,7626.14,7465.71,7529.43
2026-06-26 20:00:00,7529.87,7549.97,7480.45,7517.03
2026-06-26 21:00:00,7516.35,7582.65,7501.36,7530.6
2026-06-26 22:00:00,7529.57,7585.48,7493.16,7498.59
2026-06-26 23:00:00,7497.84,7564.55,7471.58,7484.89
2026-06-27 00:00:00,7484.39,7562.1,7469.21,7506.77
2026-06-27 01:00:00,7506.46,7544.97,7452.04,7459.19
2026-06-27 02:00:00,7458.94,7487.7,7341.36,7354.6
2026-06-27 03:00:00,7354.69,7372.83,7247.28,7278.31
2026-06-27 04:00:00,7278.1,7328.9,7204.04,7204.04
2026-06-27 05:00:00,7204.15,7206.42,7094.87,7129.54
2026-06-27 06:00:00,7128.89,7173.18,7083.98,7148.34
2026-06-27 07:00:00,7147.98,7190.32,7119.53,7154.71
2026-06-27 08:00:00,7154.84,7276.71,7151.53,7273.1
2026-06-27 09:00:00,7273.43,7319.52,7243.3,7260.82
2026-06-27 10:00:00,7261.05,7401.92,7259.27,7331.07
2026-06-27 11:00:00,7330.24,7393.95,7316.23,7353.39
2026-06-27 12:00:00,7352.51,7447.95,7350.16,7429.99
2026-06-27 13:00:00,7431.47,7448.06,7338.8,7381.84
2026-06-27 14:00:00,7382.24,7461.47,7357.09,7447.16
2026-06-27 15:00:00,7448.18,7566.43,7423.88,7519.26
2026-06-27 16:00:00,7517.39,7727.31,7496.09,7725.91
2026-06-27 17:00:00,7728.04,7784.21,7675.28,7723.31
2026-06-27 18:00:00,7723.92,7828.66,7677.22,7796.91
2026-06-27 19:00:00,7796.3,7908.31,7745.93,7897.18
2026-06-27 20:00:00,7896.97,7899.05,7713.95,7716.17
2026-06-27 21:00:00,7714.34,7790.14,7697.46,7772.04
2026-06-27 22:00:00,7771.89,7775.58,7723.65,7756.34
2026-06-27 23:00:00,7757.51,7791.72,7738.47,7764.94
2026-06-28 00:00:00,7765.83,7848.54,7691.68,7702.96
2026-06-28 01:00:00,7702.33,7731.88,7640.28,7646.54
2026-06-28 02:00:00,7647.66,7750.79,7643.39,7719.11
2026-06-28 03:00:00,7719.13,7893.4,7700.52,7860.67
2026-06-28 04:00:00,7861.55,7902.66,7830.12,7852.58
2026-06-28 05:00:00,7853.16,7951.8,7851.16,7921.07
2026-06-28 06:00:00,7920.88,7938.21,7835.0,7876.26
2026-06-28 07:00:00,7876.88,7966.79,7833.97,7963.93
2026-06-28 08:00:00,7964.37,8067.71,7964.37,8017.11
2026-06-28 09:00:00,8017.68,8066.99,7961.95,8016.21
2026-06-28 10:00:00,8016.37,8020.19,7863.52,7863.81
2026-06-28 11:00:00,7864.37,7994.54,7855.34,7977.21
2026-06-28 12:00:00,7977.21,8073.86,7954.94,7971.67
2026-06-28 13:00:00,7972.19,8067.1,7959.53,8051.73
2026-06-28 14:00:00,8053.1,8162.72,8049.58,8085.42
2026-06-28 15:00:00,8084.73,8125.59,7985.07,7992.09
2026-06-28 16:00:00,7993.08,8070.57,7945.97,7951.18
2026-06-28 17:00:00,7949.8,8027.57,7921.01,8027.57
2026-06-28 18:00:00,8026.34,8059.26,7826.03,7828.24
2026-06-28 19:00:00,7827.42,7852.07,7721.21,7805.0
2026-06-28 20:00:00,7804.74,7935.11,7788.81,7904.36
2026-06-28 21:00:00,7905.17,8034.29,7895.79,8003.72
2026-06-28 22:00:00,8002.74,8047.59,7942.8,7955.95
2026-06-28 23:00:00,7956.4,7964.98,7865.72,7951.54
2026-06-29 00:00:00,7950.54,7959.7,7872.12,7895.11
2026-06-29 01:00:00,7893.83,7965.67,7834.26,7962.86
2026-06-29 02:00:00,7962.68,7983.08,7903.55,7936.73
2026-06-29 03:00:00,7936.35,7961.25,7845.04,7890.65
2026-06-29 04:00:00,7889.16,7924.84,7747.78,7824.56
2026-06-29 05:00:00,7822.66,7894.19,7793.52,7867.99
2026-06-29 06:00:00,7868.73,7943.79,7828.95,7908.53
2026-06-29 07:00:00,7906.65,7990.57,7868.46,7947.72
2026-06-29 08:00:00,7946.9,8024.66,7908.09,7953.82
2026-06-29 09:00:00,7953.46,7971.23,7850.48,7970.58
2026-06-29 10:00:00,7970.02,7986.05,7886.04,7936.51
2026-06-29 11:00:00,7937.6,8004.63,7869.99,7927.19
2026-06-29 12:00:00,7928.49,7979.79,7884.16,7973.41
2026-06-29 13:00:00,7972.35,8042.88,7950.62,7994.02
2026-06-29 14:00:00,7995.14,7996.18,7848.17,7964.6
2026-06-29 15:00:00,7964.2,8121.92,7962.1,8121.54
2026-06-29 16:00:00,8121.71,8209.26,8100.97,8175.21
2026-06-29 17:00:00,8175.91,8189.88,8105.6,8162.78
2026-06-29 18:00:00,8163.8,8266.54,8126.77,8265.38
2026-06-29 19:00:00,8265.97,8276.12,8148.96,8212.38
2026-06-29 20:00:00,8214.05,8220.38,8120.12,8127.64
2026-06-29 21:00:00,8128.44,8160.09,8027.9,8065.52
2026-06-29 22:00:00,8066.44,8109.33,8037.24,8068.6
2026-06-29 23:00:00,8068.1,8087.18,7909.49,7929.79
2026-06-30 00:00:00,7931.71,7962.32,7862.2,7877.28
2026-06-30 01:00:00,7878.19,7983.11,7863.04,7964.79
2026-06-30 02:00:00,7964.03,8002.73,7867.78,7985.03
2026-06-30 03:00:00,7986.63,8130.15,7977.46,8092.48
2026-06-30 04:00:00,8092.92,8163.71,8008.18,8154.17
2026-06-30 05:00:00,8154.31,8166.18,8060.31,8125.08
2026-06-30 06:00:00,8123.86,8177.36,8100.09,8123.58
2026-06-30 07:00:00,8122.61,8153.48,8092.4,8141.31
2026-06-30 08:00:00,8139.95,8170.06,8039.96,8167.7
2026-06-30 09:00:00,8166.54,8170.29,8057.88,8069.84
2026-06-30 10:00:00,8070.76,8106.77,7968.35,7980.81
2026-06-30 11:00:00,7982.28,8037.24,7938.09,8015.12
2026-06-30 12:00:00,8014.57,8100.91,8007.31,8068.73
2026-06-30 13:00:00,8070.07,8097.81,8008.6,8024.67
2026-06-30 14:00:00,8025.89,8078.68,8007.86,8077.3
2026-06-30 15:00:00,8076.26,8101.67,7989.35,7991.47
2026-06-30 16:00:00,7992.73,7992.73,7858.26,7889.26
2026-06-30 17:00:00,7889.45,7921.63,7799.42,7804.56
2026-06-30 18:00:00,7805.1,7918.49,7767.17,7912.27
2026-06-30 19:00:00,7911.57,8026.45,7899.98,7926.85
2026-06-30 20:00:00,7927.35,8040.01,7907.45,8023.78
2026-06-30 21:00:00,8021.85,8136.42,8011.68,8123.3
2026-06-30 22:00:00,8120.93,8124.82,7968.03,8027.56
2026-06-30 23:00:00,8026.37,8089.93,7992.54,8065.15
2026-07-01 00:00:00,8065.78,8174.0,8065.13,8172.21
2026-07-01 01:00:00,8172.97,8210.28,8069.95,8088.21
2026-07-01 02:00:00,8087.37,8148.0,8029.08,8044.11
2026-07-01 03:00:00,8043.39,8085.39,8012.68,8053.4
2026-07-01 04:00:00,8055.06,8086.87,8010.93,8081.48
2026-07-01 05:00:00,8080.97,8105.96,8012.14,8031.06
2026-07-01 06:00:00,8030.68,8055.54,7961.05,8011.27
2026-07-01 07:00:00,8009.75,8047.68,7982.43,8009.19
2026-07-01 08:00:00,8008.18,8099.74,7998.75,8089.47
2026-07-01 09:00:00,8088.11,8093.49,8009.98,8054.78
2026-07-01 10:00:00,8054.03,8103.71,7813.55,7826.29
2026-07-01 11:00:00,7828.06,7891.99,7796.99,7845.99
2026-07-01 12:00:00,7846.26,7914.22,7811.45,7831.08
2026-07-01 13:00:00,7831.1,7932.42,7814.52,7927.09
2026-07-01 14:00:00,7927.35,8028.54,7822.63,7834.66
2026-07-01 15:00:00,7834.67,7855.72,7622.01,7710.39
2026-07-01 16:00:00,7710.87,7760.21,7673.91,7751.11
2026-07-01 17:00:00,7750.74,7869.36,7716.9,7808.48
2026-07-01 18:00:00,7807.97,7851.5,7648.7,7672.99
2026-07-01 19:00:00,7671.54,7713.34,7621.33,7672.85
2026-07-01 20:00:00,7673.73,7724.68,7615.22,7677.23
2026-07-01 21:00:00,7677.19,7703.69,7596.05,7703.69
2026-07-01 22:00:00,7704.36,7834.29,7696.04,7800.41
2026-07-01 23:00:00,7800.32,7833.26,7688.2,7707.51
2026-07-02 00:00:00,7707.99,7738.6,7623.27,7636.93
2026-07-02 01:00:00,7635.53,7723.8,7625.15,7670.25
2026-07-02 02:00:00,7668.9,7722.04,7613.08,7659.81
2026-07-02 03:00:00,7660.44,7763.35,7626.65,7740.8
2026-07-02 04:00:00,7740.96,7903.52,7727.14,7845.75
2026-07-02 05:00:00,7845.84,7858.14,7692.83,7707.15
2026-07-02 06:00:00,7708.47,7716.19,7528.25,7554.64
2026-07-02 07:00:00,7553.96,7586.76,7484.95,7556.35
2026-07-02 08:00:00,7555.78,7735.17,7530.65,7721.41
2026-07-02 09:00:00,7720.56,7797.74,7686.58,7775.82
2026-07-02 10:00:00,7775.71,7890.23,7775.28,7816.64
2026-07-02 11:00:00,7815.39,7950.07,7779.48,7816.22
2026-07-02 12:00:00,7815.05,8050.67,7801.78,8043.96
2026-07-02 13:00:00,8043.0,8087.46,7997.8,8070.82
2026-07-02 14:00:00,8072.46,8110.1,8045.72,8099.13
2026-07-02 15:00:00,8098.06,8181.98,8081.12,8176.23
2026-07-02 16:00:00,8176.23,8198.92,8128.89,8193.16
2026-07-02 17:00:00,8193.72,8210.38,8088.4,8183.45
2026-07-02 18:00:00,8182.81,8224.45,8145.69,8183.64
2026-07-02 19:00:00,8182.01,8230.16,7986.28,7989.37
2026-07-02 20:00:00,7988.28,8032.1,7902.19,7940.27
2026-07-02 21:00:00,7940.82,7948.95,7769.6,7811.41
2026-07-02 22:00:00,7810.29,7815.39,7588.28,7650.12
2026-07-02 23:00:00,7649.76,7663.01,7574.15,7655.86
2026-07-03 00:00:00,7653.79,7661.0,7580.05,7609.02
2026-07-03 01:00:00,7610.24,7733.03,7590.54,7696.08
2026-07-03 02:00:00,7696.29,7837.18,7692.88,7761.65
2026-07-03 03:00:00,7760.96,7796.65,7708.41,7782.09
2026-07-03 04:00:00,7780.32,7785.12,7690.64,7702.89
2026-07-03 05:00:00,7702.4,7709.28,7533.81,7573.12
2026-07-03 06:00:00,7573.85,7602.18,7531.98,7560.64
2026-07-03 07:00:00,7560.97,7686.12,7544.09,7685.48
2026-07-03 08:00:00,7686.34,7738.38,7665.25,7684.39
2026-07-03 09:00:00,7684.44,7705.25,7625.39,7688.09
2026-07-03 10:00:00,7685.42,7769.93,7659.16,7769.89
2026-07-03 11:00:00,7769.13,7785.37,7616.1,7669.14
2026-07-03 12:00:00,7668.08,7714.5,7632.72,7699.22
2026-07-03 13:00:00,7697.87,7789.23,7655.68,7758.28
2026-07-03 14:00:00,7757.81,7871.69,7746.85,7867.73
2026-07-03 15:00:00,7867.06,7877.69,7709.85,7732.67
2026-07-03 16:00:00,7731.29,7789.62,7698.82,7762.17
2026-07-03 17:00:00,7762.76,7787.49,7714.56,7735.3
2026-07-03 18:00:00,7735.99,7820.61,7691.76,7795.69
2026-07-03 19:00:00,7795.63,7870.15,7773.76,7808.69
2026-07-03 20:00:00,7807.64,7830.26,7776.21,7818.38
2026-07-03 21:00:00,7818.52,7825.32,7749.59,7780.87
2026-07-03 22:00:00,7781.53,7879.54,7730.08,7837.97
2026-07-03 23:00:00,7837.21,7849.23,7708.73,7764.61
2026-07-04 00:00:00,7764.41,7774.2,7652.02,7689.64
2026-07-04 01:00:00,7689.7,7719.8,7586.28,7588.65
2026-07-04 02:00:00,7590.56,7654.3,7547.16,7632.48
2026-07-04 03:00:00,7633.38,7710.54,7632.12,7643.97
2026-07-04 04:00:00,7642.98,7688.08,7604.97,7612.91
2026-07-04 05:00:00,7613.26,7678.63,7570.56,7670.48
2026-07-04 06:00:00,7669.55,7688.77,7602.67,7660.38
2026-07-04 07:00:00,7659.9,7672.78,7570.02,7606.82
2026-07-04 08:00:00,7607.97,7623.85,7546.82,7561.57
2026-07-04 09:00:00,7560.58,7569.36,7448.98,7476.2
2026-07-04 10:00:00,7475.4,7508.76,7417.4,7503.7
2026-07-04 11:00:00,7504.96,7620.77,7493.5,7592.04
2026-07-04 12:00:00,7590.34,7590.45,7497.64,7509.27
2026-07-04 13:00:00,7508.55,7535.95,7412.99,7520.09
2026-07-04 14:00:00,7520.97,7550.99,7433.34,7455.47
2026-07-04 15:00:00,7455.72,7482.94,7411.74,7463.4
2026-07-04 16:00:00,7464.16,7532.6,7416.17,7416.17
2026-07-04 17:00:00,7417.35,7453.49,7350.32,7376.58
2026-07-04 18:00:00,7377.57,7459.76,7320.56,7337.06
2026-07-04 19:00:00,7337.13,7354.01,7273.47,7277.11
2026-07-04 20:00:00,7276.9,7300.33,7206.64,7252.15
2026-07-04 21:00:00,7251.63,7349.81,7249.62,7327.49
2026-07-04 22:00:00,7327.53,7361.95,7302.26,7309.08
2026-07-04 23:00:00,7309.23,7467.06,7303.88,7432.05
2026-07-05 00:00:00,7430.95,7476.73,7409.75,7429.46
2026-07-05 01:00:00,7430.29,7539.59,7387.25,7425.38
2026-07-05 02:00:00,7425.67,7525.67,7415.48,7498.93
2026-07-05 03:00:00,7497.12,7617.44,7494.07,7589.39
2026-07-05 04:00:00,7591.27,7748.56,7567.42,7742.97
2026-07-05 05:00:00,7742.34,7833.44,7726.85,7826.23
2026-07-05 06:00:00,7827.23,7915.66,7800.92,7876.47
2026-07-05 07:00:00,7877.93,7885.68,7770.06,7782.98
2026-07-05 08:00:00,7782.23,7832.03,7712.27,7810.36
2026-07-05 09:00:00,7810.95,7862.79,7768.87,7815.12
2026-07-05 10:00:00,7815.77,7821.6,7723.95,7769.74
2026-07-05 11:00:00,7770.71,7987.82,7751.18,7984.79
2026-07-05 12:00:00,7984.57,8037.54,7906.03,7939.14
2026-07-05 13:00:00,7938.22,7987.22,7891.09,7904.16
2026-07-05 14:00:00,7903.42,7904.02,7786.12,7804.81
2026-07-05 15:00:00,7805.14,7840.11,7742.7,7784.61
2026-07-05 16:00:00,7783.86,7828.64,7727.8,7827.58
2026-07-05 17:00:00,7828.58,7829.34,7659.83,7685.76
2026-07-05 18:00:00,7686.89,7735.66,7621.57,7719.44
2026-07-05 19:00:00,7719.68,7735.12,7617.17,7665.47
2026-07-05 20:00:00,7665.23,7764.46,7623.04,7686.25
2026-07-05 21:00:00,7687.64,7727.11,7659.8,7690.97
2026-07-05 22:00:00,7689.94,7734.22,7604.97,7655.46
2026-07-05 23:00:00,7656.87,7679.0,7551.23,7554.95
2026-07-06 00:00:00,7552.84,7635.48,7539.22,7634.89
2026-07-06 01:00:00,7635.92,7741.36,7623.44,7718.61
2026-07-06 02:00:00,7718.92,7766.43,7697.74,7739.58
2026-07-06 03:00:00,7738.51,7811.6,7694.0,7798.24
2026-07-06 04:00:00,7798.42,7821.33,7622.99,7624.51
2026-07-06 05:00:00,7624.41,7638.23,7546.32,7562.18
2026-07-06 06:00:00,7562.44,7597.85,7499.29,7577.83
2026-07-06 07:00:00,7577.33,7696.07,7566.32,7666.04
2026-07-06 08:00:00,7667.16,7772.58,7636.38,7734.41
2026-07-06 09:00:00,7734.74,7751.52,7681.7,7712.55
2026-07-06 10:00:00,7713.33,7748.32,7598.61,7611.83
2026-07-06 11:00:00,7612.14,7687.31,7597.09,7660.02
2026-07-06 12:00:00,7660.44,7672.37,7560.87,7577.76
2026-07-06 13:00:00,7577.37,7666.99,7570.76,7606.33
2026-07-06 14:00:00,7605.16,7665.16,7566.1,7660.55
2026-07-06 15:00:00,7661.11,7722.65,7637.86,7695.09
2026-07-06 16:00:00,7695.11,7752.55,7641.43,7652.05
2026-07-06 17:00:00,7653.52,7671.83,7576.55,7623.26
2026-07-06 18:00:00,7624.11,7727.94,7615.98,7720.51
2026-07-06 19:00:00,7718.8,7816.62,7561.77,7583.9
2026-07-06 20:00:00,7585.1,7616.54,7499.93,7540.08
2026-07-06 21:00:00,7541.86,7623.92,7505.63,7600.4
2026-07-06 22:00:00,7601.88,7645.07,7560.8,7642.24
2026-07-06 23:00:00,7642.46,7686.87,7602.05,7632.02
2026-07-07 00:00:00,7632.63,7653.71,7509.08,7577.67
2026-07-07 01:00:00,7577.08,7627.11,7542.58,7588.29
2026-07-07 02:00:00,7588.62,7712.01,7551.8,7694.53
2026-07-07 03:00:00,7694.08,7718.2,7517.66,7556.3
2026-07-07 04:00:00,7557.24,7560.12,7345.96,7348.99
2026-07-07 05:00:00,7348.93,7355.81,7212.0,7227.86
2026-07-07 06:00:00,7229.07,7269.36,7121.63,7131.13
2026-07-07 07:00:00,7129.16,7147.89,7039.09,7136.64
2026-07-07 08:00:00,7137.38,7305.48,7137.38,7214.46
2026-07-07 09:00:00,7212.41,7272.51,7164.46,7265.3
2026-07-07 10:00:00,7266.24,7285.8,7138.97,7165.56
2026-07-07 11:00:00,7166.62,7175.37,7099.79,7104.21
2026-07-07 12:00:00,7104.22,7110.59,7004.88,7059.5
2026-07-07 13:00:00,7058.29,7117.19,6944.43,6964.1
2026-07-07 14:00:00,6964.41,6989.0,6794.8,6799.24
2026-07-07 15:00:00,6799.57,6809.56,6719.93,6750.0
2026-07-07 16:00:00,6749.92,6805.0,6700.81,6708.45
2026-07-07 17:00:00,6708.67,6849.49,6708.67,6829.06
2026-07-07 18:00:00,6829.63,6870.26,6720.57,6722.24
2026-07-07 19:00:00,6721.91,6841.77,6706.0,6829.11
2026-07-07 20:00:00,6830.93,6876.66,6816.54,6843.35
2026-07-07 21:00:00,6842.48,6884.9,6806.24,6810.68
2026-07-07 22:00:00,6809.13,6880.14,6766.2,6878.83
2026-07-07 23:00:00,6879.0,6948.04,6866.4,6909.34
2026-07-08 00:00:00,6909.95,6964.25,6885.73,6930.13
2026-07-08 01:00:00,6929.84,6974.57,6916.3,6954.05
2026-07-08 02:00:00,6954.91,6967.6,6825.57,6836.9
2026-07-08 03:00:00,6835.81,6871.11,6771.77,6804.35
2026-07-08 04:00:00,6806.33,6811.26,6738.59,6781.22
2026-07-08 05:00:00,6782.66,6817.41,6729.12,6739.09
2026-07-08 06:00:00,6737.86,6859.57,6665.88,6828.99
2026-07-08 07:00:00,6827.91,6856.13,6770.25,6778.87
2026-07-08 08:00:00,6778.53,6802.55,6610.81,6646.62
2026-07-08 09:00:00,6646.0,6662.97,6526.61,6532.14
2026-07-08 10:00:00,6531.67,6688.08,6529.48,6675.3
2026-07-08 11:00:00,6675.89,6723.4,6556.37,6576.68
2026-07-08 12:00:00,6576.72,6591.44,6495.2,6563.63
2026-07-08 13:00:00,6563.74,6607.56,6527.78,6576.06
2026-07-08 14:00:00,6576.75,6691.27,6523.27,6651.74
2026-07-08 15:00:00,6651.37,6737.32,6639.39,6690.46
2026-07-08 16:00:00,6691.85,6912.3,6690.96,6866.14
2026-07-08 17:00:00,6866.78,6933.46,6820.19,6928.27
2026-07-08 18:00:00,6928.27,6974.53,6900.58,6919.88
2026-07-08 19:00:00,6919.32,7011.06,6902.45,6942.67
2026-07-08 20:00:00,6942.57,6945.3,6889.48,6903.29
2026-07-08 21:00:00,6903.43,6997.3,6876.47,6964.65
2026-07-08 22:00:00,6963.36,6975.54,6838.21,6921.76
2026-07-08 23:00:00,6921.53,6924.87,6835.33,6860.93
2026-07-09 00:00:00,6861.43,6877.06,6806.24,6839.4
2026-07-09 01:00:00,6840.91,6874.69,6766.74,6847.75
2026-07-09 02:00:00,6847.94,6894.56,6839.8,6871.62
2026-07-09 03:00:00,6872.48,6955.14,6872.48,6888.1
2026-07-09 04:00:00,6887.61,6976.24,6836.53,6924.28
2026-07-09 05:00:00,6924.05,6998.36,6907.1,6942.54
2026-07-09 06:00:00,6944.1,7109.61,6914.3,7105.88
2026-07-09 07:00:00,7105.67,7155.12,7070.16,7075.85
2026-07-09 08:00:00,7078.14,7118.1,7016.43,7044.82
2026-07-09 09:00:00,7044.56,7180.73,7028.26,7170.85
2026-07-09 10:00:00,7170.46,7192.39,7114.49,7189.32
2026-07-09 11:00:00,7189.62,7296.67,7185.94,7274.85
2026-07-09 12:00:00,7274.69,7412.56,7270.72,7330.13
2026-07-09 13:00:00,7331.77,7340.81,7223.34,7284.27
2026-07-09 14:00:00,7286.22,7318.45,7139.39,7173.38
2026-07-09 15:00:00,7172.45,7360.69,7157.27,7312.97
2026-07-09 16:00:00,7313.52,7397.06,7298.72,7364.44
2026-07-09 17:00:00,7363.68,7366.42,7262.53,7278.27
2026-07-09 18:00:00,7278.03,7323.68,7240.81,7307.36
2026-07-09 19:00:00,7307.97,7360.28,7284.37,7302.06
2026-07-09 20:00:00,7302.02,7316.64,7206.55,7249.7
2026-07-09 21:00:00,7248.93,7254.5,7105.55,7108.87
2026-07-09 22:00:00,7109.24,7155.08,7092.79,7138.68
2026-07-09 23:00:00,7139.14,7213.15,7135.41,7170.97
2026-07-10 00:00:00,7170.88,7236.89,7149.69,7207.73
2026-07-10 01:00:00,7207.79,7213.81,7166.14,7173.27
2026-07-10 02:00:00,7171.72,7175.3,7070.18,7080.66
2026-07-10 03:00:00,7078.17,7143.64,7021.51,7117.15
2026-07-10 04:00:00,7117.25,7187.25,7069.11,7077.6
2026-07-10 05:00:00,7078.09,7078.34,6967.28,6980.13
2026-07-10 06:00:00,6977.64,6985.37,6906.3,6919.62
2026-07-10 07:00:00,6919.14,6935.56,6865.4,6881.9
2026-07-10 08:00:00,6881.45,7001.05,6871.2,6962.79
2026-07-10 09:00:00,6963.32,6963.32,6893.79,6923.45
2026-07-10 10:00:00,6922.64,7031.0,6889.11,7029.83
2026-07-10 11:00:00,7027.02,7162.34,7004.58,7117.47
2026-07-10 12:00:00,7117.77,7245.26,7114.37,7213.67
2026-07-10 13:00:00,7214.74,7388.39,7177.48,7177.48
2026-07-10 14:00:00,7176.33,7193.25,7130.67,7134.47
2026-07-10 15:00:00,7135.25,7140.98,7073.12,7129.15
2026-07-10 16:00:00,7128.98,7173.1,7056.25,7064.77
2026-07-10 17:00:00,7064.08,7152.1,7052.23,7080.47
2026-07-10 18:00:00,7080.35,7167.8,7058.18,7151.59
2026-07-10 19:00:00,7152.35,7152.35,7035.37,7074.11
2026-07-10 20:00:00,7074.97,7160.76,7042.32,7095.28
2026-07-10 21:00:00,7095.49,7160.29,7091.64,7126.39
2026-07-10 22:00:00,7126.87,7172.87,7073.66,7144.31
2026-07-10 23:00:00,7142.18,7230.29,7136.22,7160.2
2026-07-11 00:00:00,7159.73,7314.88,7140.2,7298.35
2026-07-11 01:00:00,7298.63,7348.22,7257.55,7293.17
2026-07-11 02:00:00,7293.2,7324.54,7229.7,7237.9
2026-07-11 03:00:00,7237.09,7298.11,7220.11,7266.37
2026-07-11 04:00:00,7265.7,7304.05,7248.09,7267.42
2026-07-11 05:00:00,7266.36,7302.37,7226.28,7237.72
2026-07-11 06:00:00,7237.09,7243.69,7143.32,7190.29
2026-07-11 07:00:00,7190.64,7228.26,7158.69,7158.69
2026-07-11 08:00:00,7159.12,7180.55,7103.36,7169.51
2026-07-11 09:00:00,7169.36,7194.75,7066.42,7072.03
2026-07-11 10:00:00,7071.58,7089.17,6916.03,6921.74
2026-07-11 11:00:00,6921.71,7011.53,6906.64,6943.55
2026-07-11 12:00:00,6945.23,7041.21,6915.46,7031.46
2026-07-11 13:00:00,7031.82,7128.66,7019.08,7094.49
2026-07-11 14:00:00,7095.67,7105.03,7049.67,7095.64
2026-07-11 15:00:00,7095.98,7166.29,7041.62,7146.72
2026-07-11 16:00:00,7145.4,7248.56,7136.24,7180.79
2026-07-11 17:00:00,7179.75,7366.7,7173.76,7303.9
2026-07-11 18:00:00,7303.45,7422.61,7278.43,7374.57
2026-07-11 19:00:00,7375.57,7413.63,7316.98,7400.58
2026-07-11 20:00:00,7400.76,7562.41,7375.81,7559.71
2026-07-11 21:00:00,7560.78,7623.68,7497.11,7586.89
2026-07-11 22:00:00,7586.07,7664.87,7583.3,7604.42
2026-07-11 23:00:00,7603.89,7666.72,7597.78,7654.48
2026-07-12 00:00:00,7655.69,7680.6,7601.82,7637.82
2026-07-12 01:00:00,7635.98,7668.62,7477.65,7480.31
2026-07-12 02:00:00,7479.1,7530.87,7435.24,7454.85
2026-07-12 03:00:00,7454.82,7608.74,7419.6,7585.77
2026-07-12 04:00:00,7585.26,7638.32,7543.62,7588.69
2026-07-12 05:00:00,7589.78,7604.75,7507.36,7604.75
2026-07-12 06:00:00,7603.14,7715.91,7552.61,7555.18
2026-07-12 07:00:00,7555.38,7561.71,7469.42,7533.65
2026-07-12 08:00:00,7534.9,7564.41,7452.81,7489.49
2026-07-12 09:00:00,7488.2,7587.94,7479.32,7586.37
2026-07-12 10:00:00,7584.95,7708.75,7524.55,7634.81
2026-07-12 11:00:00,7633.68,7633.98,7537.73,7601.65
2026-07-12 12:00:00,7602.88,7677.55,7597.82,7648.9
2026-07-12 13:00:00,7649.37,7688.08,7624.95,7633.87
2026-07-12 14:00:00,7634.5,7806.27,7619.08,7802.91
2026-07-12 15:00:00,7802.27,7823.7,7713.03,7817.49
2026-07-12 16:00:00,7816.5,7947.49,7794.34,7913.64
2026-07-12 17:00:00,7912.84,7945.6,7811.65,7814.89
2026-07-12 18:00:00,7812.57,7878.72,7738.85,7750.35
2026-07-12 19:00:00,7749.02,7760.37,7525.88,7528.16
2026-07-12 20:00:00,7527.53,7542.21,7352.8,7373.72
2026-07-12 21:00:00,7374.67,7377.51,7282.37,7353.02
2026-07-12 22:00:00,7353.9,7524.28,7328.33,7519.82
2026-07-12 23:00:00,7518.72,7527.76,7401.02,7435.08
2026-07-13 00:00:00,7432.96,7512.56,7401.61,7403.03
2026-07-13 01:00:00,7402.22,7506.72,7377.84,7478.44
2026-07-13 02:00:00,7477.59,7565.21,7466.85,7493.5
2026-07-13 03:00:00,7493.45,7543.21,7453.88,7543.21
2026-07-13 04:00:00,7542.07,7563.88,7422.41,7455.99
2026-07-13 05:00:00,7453.68,7481.0,7373.03,7395.66
2026-07-13 06:00:00,7395.2,7418.09,7310.65,7341.58
2026-07-13 07:00:00,7340.52,7344.67,7209.16,7210.02
2026-07-13 08:00:00,7210.16,7221.12,7100.1,7100.1
2026-07-13 09:00:00,7099.0,7212.78,7085.91,7184.94
2026-07-13 10:00:00,7184.47,7388.11,7180.96,7341.37
2026-07-13 11:00:00,7341.98,7345.54,7288.89,7306.65
2026-07-13 12:00:00,7305.79,7325.17,7201.11,7264.5
2026-07-13 13:00:00,7264.91,7268.3,7196.95,7204.61
2026-07-13 14:00:00,7203.78,7250.57,7140.35,7142.75
2026-07-13 15:00:00,7142.52,7213.99,7098.39,7194.04
2026-07-13 16:00:00,7192.88,7347.07,7183.76,7300.77
2026-07-13 17:00:00,7299.72,7325.76,7223.71,7236.05
2026-07-13 18:00:00,7233.8,7389.18,7211.66,7383.2
2026-07-13 19:00:00,7384.84,7391.49,7293.57,7354.04
2026-07-13 20:00:00,7354.91,7408.99,7313.16,7406.91
2026-07-13 21:00:00,7404.66,7405.46,7314.69,7331.6
2026-07-13 22:00:00,7330.49,7446.07,7302.74,7415.64
2026-07-13 23:00:00,7416.46,7419.9,7293.32,7328.87
2026-07-14 00:00:00,7329.84,7333.16,7187.69,7222.48
2026-07-14 01:00:00,7222.39,7255.12,7077.43,7097.0
2026-07-14 02:00:00,7095.27,7209.44,7038.37,7201.25
2026-07-14 03:00:00,7200.44,7215.19,7101.15,7102.8
2026-07-14 04:00:00,7103.8,7186.44,7084.72,7145.31
2026-07-14 05:00:00,7145.27,7210.61,7113.6,7133.54
2026-07-14 06:00:00,7132.79,7140.67,7041.39,7052.97
2026-07-14 07:00:00,7052.05,7115.04,7005.31,7081.56
2026-07-14 08:00:00,7083.36,7086.76,6961.15,6969.93
2026-07-14 09:00:00,6971.1,7102.54,6900.98,6921.02
2026-07-14 10:00:00,6920.64,6978.48,6910.31,6926.23
2026-07-14 11:00:00,6927.53,7060.71,6912.0,7050.25
2026-07-14 12:00:00,7048.36,7089.59,6949.99,7013.9
2026-07-14 13:00:00,7013.72,7105.9,6987.56,7104.22
2026-07-14 14:00:00,7104.8,7122.86,6955.26,6974.74
2026-07-14 15:00:00,6974.9,7055.56,6927.15,6989.66
2026-07-14 16:00:00,6988.87,7092.16,6976.01,7091.04
2026-07-14 17:00:00,7091.48,7158.49,7079.61,7126.33
2026-07-14 18:00:00,7125.37,7246.09,7124.56,7227.78
2026-07-14 19:00:00,7228.05,7331.39,7215.39,7269.04
2026-07-14 20:00:00,7270.75,7358.1,7264.81,7302.16
2026-07-14 21:00:00,7301.86,7330.47,7183.53,7199.6
2026-07-14 22:00:00,7201.09,7273.35,7179.74,7183.08
2026-07-14 23:00:00,7183.41,7226.89,7129.43,7166.16
2026-07-15 00:00:00,7165.9,7340.06,7165.9,7300.05
2026-07-15 01:00:00,7301.14,7359.6,7221.45,7283.6
2026-07-15 02:00:00,7281.46,7303.38,7209.26,7234.8
2026-07-15 03:00:00,7233.71,7296.19,7207.56,7285.18
2026-07-15 04:00:00,7285.54,7441.19,7273.05,7412.79
2026-07-15 05:00:00,7412.84,7491.72,7391.14,7418.05
2026-07-15 06:00:00,7419.56,7531.88,7419.56,7498.3
2026-07-15 07:00:00,7498.22,7555.35,7473.08,7525.21
2026-07-15 08:00:00,7525.87,7574.01,7471.47,7551.22
2026-07-15 09:00:00,7548.89,7564.64,7473.98,7532.93
2026-07-15 10:00:00,7531.99,7532.59,7434.01,7477.09
2026-07-15 11:00:00,7476.49,7603.97,7475.55,7590.41
2026-07-15 12:00:00,7590.14,7663.77,7580.94,7654.53
2026-07-15 13:00:00,7655.48,7678.48,7624.44,7648.4
2026-07-15 14:00:00,7649.11,7669.93,7516.62,7600.4
2026-07-15 15:00:00,7600.24,7624.97,7491.3,7530.75
2026-07-15 16:00:00,7531.97,7572.08,7462.29,7467.4
2026-07-15 17:00:00,7466.04,7562.48,7437.46,7544.0
2026-07-15 18:00:00,7543.45,7545.54,7470.95,7541.73
2026-07-15 19:00:00,7541.31,7579.09,7490.34,7493.11
2026-07-15 20:00:00,7494.47,7587.82,7488.94,7524.79
2026-07-15 21:00:00,7523.03,7581.11,7508.1,7563.5
2026-07-15 22:00:00,7564.81,7572.64,7472.13,7504.99
2026-07-15 23:00:00,7505.09,7619.46,7486.04,7564.46
2026-07-16 00:00:00,7565.09,7683.15,7543.01,7636.81
2026-07-16 01:00:00,7636.96,7697.96,7608.49,7674.53
2026-07-16 02:00:00,7676.8,7700.16,7649.58,7693.69
2026-07-16 03:00:00,7696.24,7715.45,7614.34,7672.02
2026-07-16 04:00:00,7670.66,7793.19,7660.49,7788.67
2026-07-16 05:00:00,7788.24,7905.88,7774.03,7898.56
2026-07-16 06:00:00,7900.86,8003.22,7891.34,7903.7
2026-07-16 07:00:00,7904.31,8030.72,7873.44,8028.23
2026-07-16 08:00:00,8027.19,8238.93,7971.31,8231.89
2026-07-16 09:00:00,8231.99,8400.53,8231.26,8369.05
2026-07-16 10:00:00,8370.34,8378.99,8195.32,8242.71
2026-07-16 11:00:00,8243.12,8323.26,8184.43,8305.39
2026-07-16 12:00:00,8304.63,8410.01,8294.69,8388.91
2026-07-16 13:00:00,8388.54,8403.28,8235.69,8314.06
2026-07-16 14:00:00,8312.94,8337.59,8172.88,8182.95
2026-07-16 15:00:00,8182.06,8203.09,8148.58,8203.09
2026-07-16 16:00:00,8202.99,8211.53,8060.21,8073.3
2026-07-16 17:00:00,8074.62,8146.27,8006.08,8118.64
2026-07-16 18:00:00,8120.13,8299.09,8112.56,8173.77
2026-07-16 19:00:00,8174.61,8253.94,8171.42,8189.98
2026-07-16 20:00:00,8190.01,8233.22,8166.91,8233.22
2026-07-16 21:00:00,8232.22,8446.17,8219.55,8391.42
2026-07-16 22:00:00,8392.48,8457.45,8365.91,8416.52
2026-07-16 23:00:00,8415.64,8511.52,8395.23,8510.07
2026-07-17 00:00:00,8509.21,8635.3,8478.1,8631.66
2026-07-17 01:00:00,8630.82,8673.81,8585.37,8613.26
2026-07-17 02:00:00,8613.31,8710.25,8592.58,8660.11
2026-07-17 03:00:00,8659.45,8723.21,8582.99,8627.88
2026-07-17 04:00:00,8629.06,8677.99,8520.47,8528.0
2026-07-17 05:00:00,8527.87,8624.95,8488.23,8573.75
2026-07-17 06:00:00,8574.2,8632.77,8554.24,8601.45
2026-07-17 07:00:00,8602.18,8691.96,8479.65,8657.05
2026-07-17 08:00:00,8657.69,8670.61,8519.93,8531.93
2026-07-17 09:00:00,8531.94,8533.05,8469.18,8515.01
2026-07-17 10:00:00,8513.74,8528.47,8438.72,8462.12
2026-07-17 11:00:00,8463.75,8630.61,8438.63,8524.28
2026-07-17 12:00:00,8524.25,8573.47,8471.83,8503.34
2026-07-17 13:00:00,8504.24,8606.45,8486.09,8556.76
2026-07-17 14:00:00,8556.51,8651.84,8555.07,8630.4
2026-07-17 15:00:00,8631.23,8664.92,8613.23,8617.95
2026-07-17 16:00:00,8620.01,8650.17,8529.46,8541.73
2026-07-17 17:00:00,8541.58,8543.98,8441.85,8508.02
2026-07-17 18:00:00,8508.76,8565.56,8473.55,8515.35
2026-07-17 19:00:00,8514.57,8687.98,8491.42,8686.39
2026-07-17 20:00:00,8686.92,8752.1,8671.83,8711.66
2026-07-17 21:00:00,8712.07,8733.28,8440.42,8492.04
2026-07-17 22:00:00,8492.74,8552.11,8457.9,8499.61
2026-07-17 23:00:00,8498.75,8560.45,8476.13,8503.52
2026-07-18 00:00:00,8504.54,8565.73,8438.27,8515.27
2026-07-18 01:00:00,8517.31,8758.26,8513.65,8718.57
2026-07-18 02:00:00,8716.51,9026.61,8716.14,9008.03
2026-07-18 03:00:00,9007.16,9049.07,8879.26,8881.93
2026-07-18 04:00:00,8883.03,8898.44,8788.3,8803.56
2026-07-18 05:00:00,8804.25,8823.98,8640.15,8644.52
2026-07-18 06:00:00,8644.19,8753.83,8618.02,8685.27
2026-07-18 07:00:00,8685.59,8731.68,8642.91,8645.31
2026-07-18 08:00:00,8644.29,8714.61,8554.29,8556.35
2026-07-18 09:00:00,8555.4,8576.07,8409.38,8460.7
2026-07-18 10:00:00,8463.03,8563.99,8451.78,8458.25
2026-07-18 11:00:00,8458.29,8577.4,8447.69,8515.08
2026-07-18 12:00:00,8516.01,8521.09,8407.43,8485.45
2026-07-18 13:00:00,8486.5,8549.75,8449.54,8531.14
2026-07-18 14:00:00,8532.44,8595.68,8480.86,8555.62
2026-07-18 15:00:00,8557.1,8597.99,8455.53,8595.47
2026-07-18 16:00:00,8595.24,8602.6,8512.03,8537.15
2026-07-18 17:00:00,8536.52,8540.61,8423.52,8433.68
2026-07-18 18:00:00,8432.74,8434.08,8328.95,8402.05
2026-07-18 19:00:00,8403.41,8541.95,8377.77,8513.96
2026-07-18 20:00:00,8513.81,8524.96,8411.09,8473.54
2026-07-18 21:00:00,8474.57,8501.72,8377.45,8468.45
2026-07-18 22:00:00,8467.03,8518.81,8412.4,8470.81
2026-07-18 23:00:00,8469.64,8547.19,8433.15,8470.23
2026-07-19 00:00:00,8469.75,8487.37,8340.08,8361.97
2026-07-19 01:00:00,8361.04,8380.39,8303.75,8350.58
2026-07-19 02:00:00,8350.52,8365.67,8167.41,8168.19
2026-07-19 03:00:00,8167.82,8204.75,8122.84,8168.33
2026-07-19 04:00:00,8168.77,8358.62,8146.16,8325.03
2026-07-19 05:00:00,8326.23,8354.63,8204.71,8204.99
2026-07-19 06:00:00,8206.98,8236.21,8107.67,8170.98
2026-07-19 07:00:00,8170.64,8249.93,8114.84,8124.88
2026-07-19 08:00:00,8125.47,8162.66,8040.9,8076.43
2026-07-19 09:00:00,8077.92,8144.87,8031.27,8135.03
2026-07-19 10:00:00,8134.52,8269.34,8083.19,8246.16
2026-07-19 11:00:00,8245.37,8287.63,8192.11,8211.71
2026-07-19 12:00:00,8212.07,8258.97,8141.18,8172.67
2026-07-19 13:00:00,8174.48,8215.31,8094.8,8134.48
2026-07-19 14:00:00,8135.92,8211.84,8104.2,8176.54
2026-07-19 15:00:00,8177.38,8198.73,8090.79,8094.27
2026-07-19 16:00:00,8095.23,8151.15,7931.27,7992.7
2026-07-19 17:00:00,7992.77,8131.18,7954.74,8089.78
2026-07-19 18:00:00,8088.52,8211.52,8086.29,8187.98
2026-07-19 19:00:00,8186.24,8193.48,8064.77,8083.62
2026-07-19 20:00:00,8085.18,8188.18,8078.01,8176.37
2026-07-19 21:00:00,8176.65,8198.63,8093.02,8109.3
2026-07-19 22:00:00,8110.5,8113.74,7994.97,8013.82
2026-07-19 23:00:00,8013.67,8057.0,7921.67,7995.81
2026-07-20 00:00:00,7996.04,8078.86,7979.1,8065.51
2026-07-20 01:00:00,8065.03,8092.06,7946.23,7983.04
2026-07-20 02:00:00,7982.76,8183.8,7972.47,8180.34
2026-07-20 03:00:00,8179.29,8202.43,8089.29,8153.81
2026-07-20 04:00:00,8153.15,8214.1,8091.97,8211.15
2026-07-20 05:00:00,8210.16,8288.52,8142.45,8142.45
2026-07-20 06:00:00,8142.58,8162.98,8069.91,8080.68
2026-07-20 07:00:00,8082.82,8215.99,8077.5,8157.62
2026-07-20 08:00:00,8157.75,8196.92,8123.31,8165.08
2026-07-20 09:00:00,8164.33,8315.99,8164.33,8313.26
2026-07-20 10:00:00,8311.21,8352.74,8223.58,8352.32
2026-07-20 11:00:00,8351.21,8360.46,8159.5,8172.87
2026-07-20 12:00:00,8172.5,8251.24,8126.19,8237.58
2026-07-20 13:00:00,8238.6,8251.19,8030.94,8050.39
2026-07-20 14:00:00,8049.14,8111.48,7994.27,8105.71
2026-07-20 15:00:00,8105.06,8238.28,8085.43,8224.38
2026-07-20 16:00:00,8225.06,8363.54,8225.06,8335.76
2026-07-20 17:00:00,8336.24,8404.78,8333.79,8365.86
2026-07-20 18:00:00,8365.68,8375.85,8229.03,8241.68
2026-07-20 19:00:00,8240.35,8307.05,8208.8,8276.9
2026-07-20 20:00:00,8276.36,8288.44,8132.69,8250.19
2026-07-20 21:00:00,8248.96,8257.58,8151.65,8238.71
2026-07-20 22:00:00,8238.06,8259.97,8207.06,8228.29
2026-07-20 23:00:00,8227.01,8277.62,8151.4,8233.84
2026-07-21 00:00:00,8233.35,8332.73,8228.59,8332.17
2026-07-21 01:00:00,8331.38,8351.9,8217.62,8245.76
2026-07-21 02:00:00,8245.51,8274.36,8092.39,8104.89
2026-07-21 03:00:00,8103.62,8184.07,8048.14,8163.93
2026-07-21 04:00:00,8164.28,8216.38,8081.55,8091.5
2026-07-21 05:00:00,8092.62,8105.82,8042.29,8064.92
2026-07-21 06:00:00,8064.43,8098.51,7921.93,7928.86
2026-07-21 07:00:00,7929.22,8083.83,7912.48,8062.39
2026-07-21 08:00:00,8061.27,8088.18,7894.86,7926.1
2026-07-21 09:00:00,7927.92,8013.33,7914.99,7982.87
2026-07-21 10:00:00,7984.22,8044.4,7943.98,8044.07
2026-07-21 11:00:00,8042.28,8057.98,7954.28,7972.68
2026-07-21 12:00:00,7975.49,7990.58,7906.36,7964.2
2026-07-21 13:00:00,7963.59,8038.05,7934.84,8032.12
2026-07-21 14:00:00,8033.39,8085.07,7934.74,7947.34
2026-07-21 15:00:00,7947.45,7983.06,7895.79,7965.49
2026-07-21 16:00:00,7965.24,8036.43,7961.87,7969.3
2026-07-21 17:00:00,7970.3,8017.95,7861.57,7865.24
2026-07-21 18:00:00,7865.65,7932.68,7807.13,7929.18
2026-07-21 19:00:00,7928.94,7954.15,7842.0,7934.45
2026-07-21 20:00:00,7934.75,7980.81,7849.07,7877.06
2026-07-21 21:00:00,7877.44,7931.64,7840.78,7846.74
2026-07-21 22:00:00,7819.98,7968.65,7819.06,7919.28
2026-07-21 23:00:00,7920.88,7996.67,7907.96,7944.41
2026-07-22 00:00:00,7943.69,7965.84,7809.6,7893.15
2026-07-22 01:00:00,7892.76,7939.39,7831.34,7836.68
2026-07-22 02:00:00,7835.24,7918.39,7822.32,7916.57
2026-07-22 03:00:00,7915.83,8075.79,7908.21,7999.48
2026-07-22 04:00:00,8000.51,8008.27,7829.97,7896.16
2026-07-22 05:00:00,7896.19,7933.23,7808.67,7830.76
2026-07-22 06:00:00,7831.21,7874.79,7762.9,7838.69
2026-07-22 07:00:00,7839.2,7955.01,7819.6,7941.83
2026-07-22 08:00:00,7941.7,8122.33,7936.65,8090.1
2026-07-22 09:00:00,8092.18,8092.18,7882.6,7910.56
2026-07-22 10:00:00,7910.99,7953.98,7847.39,7859.88
2026-07-22 11:00:00,7859.57,7929.97,7845.77,7918.74
2026-07-22 12:00:00,7918.55,7992.31,7901.21,7959.65
2026-07-22 13:00:00,7957.34,7963.51,7858.58,7862.94
2026-07-22 14:00:00,7863.2,7925.12,7820.8,7875.04
2026-07-22 15:00:00,7875.88,8010.58,7862.03,7997.73
2026-07-22 16:00:00,7997.96,8119.34,7982.54,8093.75
2026-07-22 17:00:00,8094.18,8133.54,8061.99,8091.0
2026-07-22 18:00:00,8090.97,8106.96,8003.66,8103.86
2026-07-22 19:00:00,8103.91,8111.23,7897.31,7936.31
2026-07-22 20:00:00,7937.49,7953.78,7851.99,7951.67
2026-07-22 21:00:00,7951.97,8072.61,7940.03,8055.2
2026-07-22 22:00:00,8053.41,8101.32,7994.98,8077.64
2026-07-22 23:00:00,8078.42,8114.63,8053.89,8097.55
2026-07-23 00:00:00,8097.22,8144.02,8055.21,8123.77
2026-07-23 01:00:00,8125.07,8160.29,7985.17,8015.45
2026-07-23 02:00:00,8015.24,8052.4,7902.33,7916.65
2026-07-23 03:00:00,7916.0,7943.55,7840.36,7844.61
2026-07-23 04:00:00,7843.24,7871.63,7796.47,7816.23
2026-07-23 05:00:00,7817.16,7948.97,7813.16,7853.51
2026-07-23 06:00:00,7854.04,7878.97,7757.19,7764.76
2026-07-23 07:00:00,7767.1,7784.42,7671.8,7726.69
2026-07-23 08:00:00,7728.09,7841.44,7709.1,7822.86
2026-07-23 09:00:00,7823.02,7836.48,7693.64,7732.2
2026-07-23 10:00:00,7734.1,7857.5,7699.81,7737.97
2026-07-23 11:00:00,7738.36,7758.55,7628.94,7632.7
2026-07-23 12:00:00,7632.9,7656.89,7555.08,7579.64
2026-07-23 13:00:00,7580.54,7684.73,7576.7,7658.32
2026-07-23 14:00:00,7658.15,7696.03,7595.18,7664.69
2026-07-23 15:00:00,7664.44,7692.35,7594.64,7621.15
2026-07-23 16:00:00,7619.42,7642.97,7573.91,7637.77
2026-07-23 17:00:00,7637.87,7641.04,7551.54,7564.1
2026-07-23 18:00:00,7564.68,7723.1,7534.7,7689.63
2026-07-23 19:00:00,7690.56,7692.96,7601.2,7687.95
2026-07-23 20:00:00,7692.9,7751.96,7645.37,7647.21
2026-07-23 21:00:00,7647.42,7749.45,7630.77,7744.64
2026-07-23 22:00:00,7743.59,7784.19,7656.15,7732.36
2026-07-23 23:00:00,7734.04,7749.56,7668.45,7672.33
2026-07-24 00:00:00,7672.45,7798.76,7668.78,7738.47
2026-07-24 01:00:00,7738.0,7831.48,7708.68,7809.72
2026-07-24 02:00:00,7809.57,7928.31,7796.62,7816.83
2026-07-24 03:00:00,7815.27,7964.27,7813.05,7922.34
2026-07-24 04:00:00,7923.56,7944.03,7839.37,7852.87
2026-07-24 05:00:00,7854.01,7868.12,7799.77,7857.78
2026-07-24 06:00:00,7857.24,7922.25,7845.3,7912.2
2026-07-24 07:00:00,7911.75,7956.81,7885.35,7949.29
2026-07-24 08:00:00,7950.12,8024.71,7929.31,7971.92
2026-07-24 09:00:00,7972.19,8027.79,7926.02,7960.45
2026-07-24 10:00:00,7960.12,8019.55,7895.06,8005.31
2026-07-24 11:00:00,8006.26,8131.32,7964.42,8125.68
2026-07-24 12:00:00,8125.87,8168.23,8066.66,8137.84
2026-07-24 13:00:00,8138.5,8251.17,8132.66,8206.66
2026-07-24 14:00:00,8208.97,8209.09,8097.88,8174.57
2026-07-24 15:00:00,8174.01,8345.36,8167.96,8343.6
2026-07-24 16:00:00,8341.2,8391.91,8160.9,8171.68
2026-07-24 17:00:00,8173.27,8208.4,8143.52,8177.03
2026-07-24 18:00:00,8176.08,8241.06,8124.42,8186.46
2026-07-24 19:00:00,8184.06,8250.66,8095.1,8198.57
2026-07-24 20:00:00,8198.51,8220.04,8113.22,8126.52
2026-07-24 21:00:00,8127.65,8139.11,8018.43,8080.34
2026-07-24 22:00:00,8079.14,8092.66,7940.36,8005.35
2026-07-24 23:00:00,8006.6,8216.31,7997.55,8182.27
2026-07-25 00:00:00,8183.58,8282.67,8176.26,8261.39
2026-07-25 01:00:00,8261.15,8361.32,8253.12,8323.77
2026-07-25 02:00:00,8324.6,8334.64,8118.61,8166.82
2026-07-25 03:00:00,8166.63,8169.67,8048.01,8049.66
2026-07-25 04:00:00,8050.98,8064.94,7930.19,8004.23
2026-07-25 05:00:00,8003.43,8247.97,7994.97,8246.97
2026-07-25 06:00:00,8246.26,8387.22,8240.55,8331.57
2026-07-25 07:00:00,8333.83,8360.7,8258.69,8261.6
2026-07-25 08:00:00,8259.47,8366.87,8216.69,8249.66
2026-07-25 09:00:00,8250.34,8293.35,8157.88,8291.19
2026-07-25 10:00:00,8289.6,8348.39,8197.7,8299.68
2026-07-25 11:00:00,8300.77,8319.81,8218.58,8249.5
2026-07-25 12:00:00,8249.07,8335.7,8231.24,8296.99
2026-07-25 13:00:00,8295.36,8329.36,8240.62,8269.2
2026-07-25 14:00:00,8268.32,8417.38,8244.92,8413.14
2026-07-25 15:00:00,8414.49,8513.11,8383.81,8474.43
2026-07-25 16:00:00,8472.9,8486.18,8399.03,8455.71
2026-07-25 17:00:00,8457.9,8480.55,8398.98,8427.02
2026-07-25 18:00:00,8427.18,8537.87,8407.89,8489.31
2026-07-25 19:00:00,8486.82,8524.68,8419.19,8476.17
2026-07-25 20:00:00,8477.94,8603.4,8472.37,8539.76
2026-07-25 21:00:00,8538.96,8611.59,8494.38,8593.01
2026-07-25 22:00:00,8593.04,8703.17,8529.94,8671.24
2026-07-25 23:00:00,8670.37,8816.83,8658.17,8788.67
2026-07-26 00:00:00,8788.49,8811.57,8738.81,8809.93
2026-07-26 01:00:00,8809.85,8814.12,8734.98,8739.33
2026-07-26 02:00:00,8738.39,8833.6,8719.73,8737.44
2026-07-26 03:00:00,8737.39,8818.81,8696.86,8799.06
2026-07-26 04:00:00,8802.0,8894.39,8762.79,8878.8
2026-07-26 05:00:00,8878.35,8958.85,8825.37,8935.59
2026-07-26 06:00:00,8935.24,9060.96,8899.18,9000.25
2026-07-26 07:00:00,8998.88,9047.34,8952.78,9045.56
2026-07-26 08:00:00,9044.28,9080.47,8961.48,8979.6
2026-07-26 09:00:00,8979.73,9061.19,8935.83,9039.59
2026-07-26 10:00:00,9038.98,9054.89,8870.07,8895.32
2026-07-26 11:00:00,8868.23,8912.42,8754.54,8787.96
2026-07-26 12:00:00,8786.61,8864.56,8783.1,8816.67
2026-07-26 13:00:00,8814.52,8816.79,8692.03,8731.32
2026-07-26 14:00:00,8730.81,8738.77,8658.8,8674.68
2026-07-26 15:00:00,8675.21,8770.6,8670.47,8686.98
2026-07-26 16:00:00,8684.73,8732.56,8644.62,8727.19
2026-07-26 17:00:00,8725.22,8847.9,8692.94,8772.09
2026-07-26 18:00:00,8772.97,8828.35,8730.14,8748.03
2026-07-26 19:00:00,8747.96,8761.86,8608.51,8654.65
2026-07-26 20:00:00,8654.3,8688.92,8618.4,8637.95
2026-07-26 21:00:00,8638.1,8661.6,8523.41,8529.64
2026-07-26 22:00:00,8529.56,8565.26,8485.47,8502.6
2026-07-26 23:00:00,8502.86,8513.68,8302.71,8377.81
2026-07-27 00:00:00,8375.58,8449.92,8360.24,8378.8
2026-07-27 01:00:00,8379.87,8502.32,8369.04,8492.95
2026-07-27 02:00:00,8493.79,8552.07,8438.47,8535.56
2026-07-27 03:00:00,8536.84,8621.49,8519.11,8564.44
2026-07-27 04:00:00,8563.66,8577.85,8460.89,8481.03
2026-07-27 05:00:00,8480.23,8520.68,8456.27,8497.24
2026-07-27 06:00:00,8498.33,8565.29,8434.89,8556.49
2026-07-27 07:00:00,8556.45,8557.11,8393.4,8393.4
2026-07-27 08:00:00,8392.42,8392.75,8234.82,8279.01
2026-07-27 09:00:00,8280.13,8287.24,8180.23,8244.48
2026-07-27 10:00:00,8242.98,8348.79,8238.55,8337.91
2026-07-27 11:00:00,8338.45,8410.43,8314.37,8392.93
2026-07-27 12:00:00,8391.38,8415.42,8294.95,8296.13
2026-07-27 13:00:00,8296.82,8365.54,8262.02,8263.26
2026-07-27 14:00:00,8262.41,8267.91,8182.59,8235.25
2026-07-27 15:00:00,8235.31,8263.85,8169.29,8234.46
2026-07-27 16:00:00,8233.23,8277.66,8191.52,8266.18
2026-07-27 17:00:00,8267.96,8311.24,8186.79,8310.9
2026-07-27 18:00:00,8312.11,8348.23,8240.67,8335.01
2026-07-27 19:00:00,8334.92,8414.98,8256.55,8270.0
2026-07-27 20:00:00,8271.29,8362.64,8265.55,8361.08
2026-07-27 21:00:00,8360.88,8432.42,8360.88,8426.3
2026-07-27 22:00:00,8426.63,8456.27,8386.4,8386.4
2026-07-27 23:00:00,8384.36,8435.01,8296.28,8361.63
2026-07-28 00:00:00,8361.45,8373.03,8205.91,8240.49
2026-07-28 01:00:00,8239.93,8350.14,8216.97,8346.97
2026-07-28 02:00:00,8346.25,8466.47,8326.51,8459.4
2026-07-28 03:00:00,8456.75,8579.46,8437.57,8453.5
2026-07-28 04:00:00,8453.57,8661.28,8446.45,8644.19
2026-07-28 05:00:00,8643.53,8806.74,8608.9,8768.67
2026-07-28 06:00:00,8769.63,8928.46,8735.47,8924.44
2026-07-28 07:00:00,8924.86,9049.13,8903.63,8994.43
2026-07-28 08:00:00,8996.67,9104.97,8934.46,9079.19
2026-07-28 09:00:00,9076.99,9136.96,9028.51,9029.79
2026-07-28 10:00:00,9029.04,9031.01,8926.79,9002.41
2026-07-28 11:00:00,9000.75,9000.75,8909.02,8935.59
2026-07-28 12:00:00,8938.59,8993.9,8897.91,8924.98
2026-07-28 13:00:00,8926.87,9012.58,8831.05,8940.74
2026-07-28 14:00:00,8939.89,8982.39,8891.97,8978.24
2026-07-28 15:00:00,8977.55,9065.44,8877.87,8902.09
2026-07-28 16:00:00,8901.3,8954.28,8859.52,8885.79
2026-07-28 17:00:00,8887.49,8898.39,8718.78,8718.78
2026-07-28 18:00:00,8720.74,8797.18,8692.32,8728.44
2026-07-28 19:00:00,8726.8,8997.32,8723.07,8952.08
2026-07-28 20:00:00,8951.9,8966.89,8870.82,8941.82
2026-07-28 21:00:00,8941.54,9053.01,8937.58,8978.82
2026-07-28 22:00:00,8979.2,9107.96,8921.97,9107.96
2026-07-28 23:00:00,9108.7,9118.0,8977.14,8990.68
2026-07-29 00:00:00,8992.35,9070.38,8959.85,9037.81
2026-07-29 01:00:00,9037.83,9052.8,8874.78,8934.52
2026-07-29 02:00:00,8932.84,8955.36,8769.99,8795.64
2026-07-29 03:00:00,8796.52,8970.79,8778.27,8947.27
2026-07-29 04:00:00,8946.45,8993.71,8901.74,8937.85
2026-07-29 05:00:00,8937.63,9032.09,8929.15,9008.1
2026-07-29 06:00:00,9005.63,9027.57,8901.56,9006.13
2026-07-29 07:00:00,9006.79,9146.91,8977.17,9023.97
2026-07-29 08:00:00,9022.63,9030.41,8794.35,8806.46
2026-07-29 09:00:00,8806.24,8867.2,8756.66,8846.91
2026-07-29 10:00:00,8847.59,8918.3,8782.5,8902.04
2026-07-29 11:00:00,8901.4,9052.12,8900.29,9030.2
2026-07-29 12:00:00,9030.02,9087.97,8990.34,9063.06
2026-07-29 13:00:00,9062.62,9104.65,9006.68,9052.39
2026-07-29 14:00:00,9051.42,9180.35,9048.14,9173.32
2026-07-29 15:00:00,9173.77,9258.51,9092.5,9245.28
2026-07-29 16:00:00,9245.14,9444.52,9157.79,9418.09
2026-07-29 17:00:00,9420.17,9448.25,9372.79,9373.03
2026-07-29 18:00:00,9372.58,9525.84,9332.69,9473.65
2026-07-29 19:00:00,9475.73,9567.0,9363.44,9520.66
2026-07-29 20:00:00,9520.98,9586.5,9439.99,9444.44
2026-07-29 21:00:00,9442.84,9644.21,9373.02,9617.46
2026-07-29 22:00:00,9617.16,9763.14,9578.7,9761.02
2026-07-29 23:00:00,9761.1,9876.95,9752.75,9846.79
2026-07-30 00:00:00,9848.64,9881.74,9814.22,9839.47
2026-07-30 01:00:00,9837.48,9888.42,9691.35,9692.56
2026-07-30 02:00:00,9691.38,9740.56,9608.5,9693.23
2026-07-30 03:00:00,9693.85,9766.66,9662.66,9675.94
2026-07-30 04:00:00,9676.12,9751.72,9626.15,9732.6
2026-07-30 05:00:00,9732.94,9830.79,9635.38,9653.75
2026-07-30 06:00:00,9654.09,9717.19,9626.06,9676.66
2026-07-30 07:00:00,9678.05,9717.54,9570.68,9628.87
2026-07-30 08:00:00,9629.07,9727.82,9588.55,9684.49
2026-07-30 09:00:00,9684.39,9688.6,9592.21,9644.8
2026-07-30 10:00:00,9646.49,9723.92,9589.16,9643.16
2026-07-30 11:00:00,9642.13,9667.87,9587.98,9603.17
2026-07-30 12:00:00,9602.77,9607.81,9497.99,9511.2
2026-07-30 13:00:00,9513.7,9527.61,9320.21,9509.51
2026-07-30 14:00:00,9509.37,9754.51,9486.67,9712.3
2026-07-30 15:00:00,9712.46,9723.69,9549.18,9605.75
2026-07-30 16:00:00,9604.4,9693.15,9555.29,9639.39
2026-07-30 17:00:00,9638.58,9649.4,9530.96,9545.6
2026-07-30 18:00:00,9545.22,9793.03,9535.9,9777.55
2026-07-30 19:00:00,9778.74,9914.51,9767.25,9908.23
2026-07-30 20:00:00,9909.35,9974.17,9848.45,9914.91
2026-07-30 21:00:00,9913.3,9999.1,9876.26,9926.3
2026-07-30 22:00:00,9928.31,9963.26,9811.16,9815.38
2026-07-30 23:00:00,9817.34,9829.32,9716.43,9744.86
2026-07-31 00:00:00,9744.67,9950.93,9692.55,9948.02
2026-07-31 01:00:00,9948.73,9974.77,9853.0,9952.52
2026-07-31 02:00:00,9952.2,9952.23,9669.53,9753.83
2026-07-31 03:00:00,9754.97,9795.3,9478.92,9498.22
2026-07-31 04:00:00,9496.06,9716.6,9489.66,9686.29
2026-07-31 05:00:00,9688.01,9707.19,9607.2,9631.51
2026-07-31 06:00:00,9630.17,9735.63,9623.98,9729.29
2026-07-31 07:00:00,9730.44,9731.91,9558.8,9572.73
2026-07-31 08:00:00,9574.83,9762.09,9568.6,9648.18
2026-07-31 09:00:00,9650.45,9875.76,9650.45,9836.66
2026-07-31 10:00:00,9836.74,9975.37,9783.63,9969.83
2026-07-31 11:00:00,9969.18,10046.55,9926.88,9965.99
2026-07-31 12:00:00,9965.35,10048.04,9924.34,9974.03
2026-07-31 13:00:00,9971.93,9982.92,9857.35,9880.89
2026-07-31 14:00:00,9881.4,9904.08,9750.83,9810.08
2026-07-31 15:00:00,9812.93,9839.07,9703.48,9776.75
2026-07-31 16:00:00,9778.96,9824.26,9730.83,9807.78
2026-07-31 17:00:00,9806.38,9871.97,9697.15,9702.78
2026-07-31 18:00:00,9702.57,9741.05,9660.9,9688.0
2026-07-31 19:00:00,9685.19,9758.32,9579.89,9608.22
2026-07-31 20:00:00,9610.18,9692.97,9572.68,9578.18
2026-07-31 21:00:00,9579.25,9635.37,9555.23,9599.32
2026-07-31 22:00:00,9598.3,9619.15,9515.64,9543.05
2026-07-31 23:00:00,9542.37,9631.83,9500.79,9584.21
2026-08-01 00:00:00,9586.15,9633.49,9504.44,9588.82
2026-08-01 01:00:00,9589.84,9630.07,9535.84,9577.24
2026-08-01 02:00:00,9577.59,9703.66,9576.62,9659.67
2026-08-01 03:00:00,9659.07,9817.83,9636.41,9808.1
2026-08-01 04:00:00,9810.2,9904.22,9781.64,9887.17
2026-08-01 05:00:00,9888.53,9926.93,9836.96,9877.45
2026-08-01 06:00:00,9876.19,9964.98,9848.46,9935.04
2026-08-01 07:00:00,9933.27,9963.49,9675.6,9722.72
2026-08-01 08:00:00,9723.53,9770.77,9567.36,9587.89
2026-08-01 09:00:00,9588.63,9640.98,9492.38,9511.62
2026-08-01 10:00:00,9511.4,9547.38,9348.73,9413.43
2026-08-01 11:00:00,9414.69,9514.03,9377.78,9402.4
2026-08-01 12:00:00,9401.76,9454.64,9102.54,9107.09
2026-08-01 13:00:00,9106.8,9223.02,9076.97,9202.25
2026-08-01 14:00:00,9203.6,9279.1,9179.41,9202.96
2026-08-01 15:00:00,9203.67,9249.11,9134.55,9154.78
2026-08-01 16:00:00,9153.56,9191.4,9108.79,9116.08
2026-08-01 17:00:00,9116.72,9183.26,9074.42,9151.33
2026-08-01 18:00:00,9149.71,9300.23,9135.63,9222.89
2026-08-01 19:00:00,9222.25,9338.69,9204.22,9289.79
2026-08-01 20:00:00,9289.34,9471.33,9249.6,9468.91
2026-08-01 21:00:00,9467.72,9539.94,9445.73,9506.45
2026-08-01 22:00:00,9506.43,9618.32,9498.08,9604.42
2026-08-01 23:00:00,9605.11,9778.25,9598.52,9724.42
2026-08-02 00:00:00,9724.11,9812.41,9671.16,9785.69
2026-08-02 01:00:00,9785.86,9793.42,9593.6,9633.31
2026-08-02 02:00:00,9633.05,9636.01,9405.0,9423.62
2026-08-02 03:00:00,9422.56,9422.56,9240.82,9245.51
2026-08-02 04:00:00,9245.23,9316.04,9181.93,9213.77
2026-08-02 05:00:00,9214.29,9249.58,9113.72,9120.75
2026-08-02 06:00:00,9119.92,9136.4,9030.28,9079.35
2026-08-02 07:00:00,9081.21,9132.14,9031.27,9087.85
2026-08-02 08:00:00,9087.01,9103.95,8954.29,8975.19
2026-08-02 09:00:00,8973.66,8995.54,8906.16,8929.28
2026-08-02 10:00:00,8927.77,8948.79,8859.69,8878.57
2026-08-02 11:00:00,8879.78,8994.58,8858.8,8964.74
2026-08-02 12:00:00,8965.69,9083.19,8964.22,9054.4
2026-08-02 13:00:00,9055.97,9072.56,8964.99,8968.84
2026-08-02 14:00:00,8967.24,9011.19,8894.8,8895.46
2026-08-02 15:00:00,8894.98,8907.76,8734.97,8799.36
2026-08-02 16:00:00,8798.64,8868.7,8679.49,8858.74
2026-08-02 17:00:00,8859.39,8956.91,8851.19,8945.64
2026-08-02 18:00:00,8944.33,8988.6,8865.62,8948.61
2026-08-02 19:00:00,8947.26,8977.78,8861.83,8863.77
2026-08-02 20:00:00,8864.74,8964.17,8857.24,8882.48
2026-08-02 21:00:00,8881.13,8907.59,8813.76,8838.3
2026-08-02 22:00:00,8837.42,9018.43,8836.94,9011.27
2026-08-02 23:00:00,9010.24,9034.12,8930.89,9014.71
2026-08-03 00:00:00,9015.98,9041.69,8901.22,8901.22
2026-08-03 01:00:00,8901.51,8921.23,8804.6,8824.69
2026-08-03 02:00:00,8824.04,9007.66,8795.66,8975.58
2026-08-03 03:00:00,8976.31,9229.97,8974.23,9218.73
2026-08-03 04:00:00,9221.07,9329.76,9202.74,9245.35
2026-08-03 05:00:00,9243.66,9397.86,9231.55,9362.29
2026-08-03 06:00:00,9365.52,9503.23,9302.99,9493.14
2026-08-03 07:00:00,9495.39,9582.01,9471.2,9554.32
2026-08-03 08:00:00,9553.27,9660.67,9504.27,9593.6
2026-08-03 09:00:00,9592.79,9659.47,9578.35,9613.5
2026-08-03 10:00:00,9612.65,9672.46,9597.55,9638.68
2026-08-03 11:00:00,9638.54,9707.4,9507.19,9523.61
2026-08-03 12:00:00,9522.47,9550.96,9286.0,9358.08
2026-08-03 13:00:00,9357.14,9377.51,9282.98,9313.17
2026-08-03 14:00:00,9311.57,9462.92,9290.75,9461.68
2026-08-03 15:00:00,9386.78,9390.16,9237.34,9237.34
2026-08-03 16:00:00,9237.51,9265.37,9074.42,9104.01
2026-08-03 17:00:00,9101.66,9167.13,9067.3,9083.04
2026-08-03 18:00:00,9083.17,9125.35,8934.9,8943.14
2026-08-03 19:00:00,8943.07,8977.57,8881.5,8964.4
2026-08-03 20:00:00,8964.47,9052.28,8851.7,9031.39
2026-08-03 21:00:00,9029.12,9162.83,9011.28,9150.56
2026-08-03 22:00:00,9148.81,9349.96,9118.39,9289.33
2026-08-03 23:00:00,9286.22,9424.09,9268.43,9414.03
2026-08-04 00:00:00,9413.48,9417.3,9303.12,9388.86
2026-08-04 01:00:00,9388.64,9413.87,9326.52,9388.75
2026-08-04 02:00:00,9387.71,9421.01,9307.96,9383.12
2026-08-04 03:00:00,9385.1,9416.35,9280.02,9295.95
2026-08-04 04:00:00,9298.2,9304.77,9165.98,9186.79
2026-08-04 05:00:00,9186.34,9241.28,9147.06,9215.54
2026-08-04 06:00:00,9216.5,9223.06,9143.66,9144.06
2026-08-04 07:00:00,9143.21,9236.27,9132.48,9217.33
2026-08-04 08:00:00,9216.92,9233.19,9050.48,9059.91
2026-08-04 09:00:00,9060.0,9197.18,9058.65,9186.78
2026-08-04 10:00:00,9186.05,9251.08,9183.97,9230.75
2026-08-04 11:00:00,9231.05,9257.25,9093.82,9095.84
2026-08-04 12:00:00,9096.0,9386.81,9089.71,9359.66
2026-08-04 13:00:00,9361.47,9527.03,9361.47,9522.24
2026-08-04 14:00:00,9521.29,9648.94,9483.09,9623.52
2026-08-04 15:00:00,9622.97,9639.72,9489.42,9516.01
2026-08-04 16:00:00,9517.41,9606.92,9481.57,9570.79
2026-08-04 17:00:00,9569.19,9611.62,9482.71,9591.99
2026-08-04 18:00:00,9590.35,9606.49,9475.7,9534.36
2026-08-04 19:00:00,9533.25,9637.42,9477.8,9620.72
2026-08-04 20:00:00,9621.38,9761.08,9605.02,9746.29
2026-08-04 21:00:00,9744.75,9783.95,9707.2,9762.3
2026-08-04 22:00:00,9761.27,9785.79,9632.75,9657.38
2026-08-04 23:00:00,9655.06,9779.64,9538.09,9750.84
2026-08-05 00:00:00,9749.64,9804.12,9733.04,9776.22
2026-08-05 01:00:00,9777.1,9782.98,9707.48,9734.75
2026-08-05 02:00:00,9735.38,9809.84,9715.81,9796.75
2026-08-05 03:00:00,9797.18,9943.15,9788.28,9864.01
2026-08-05 04:00:00,9862.94,9948.62,9729.21,9739.86
2026-08-05 05:00:00,9739.91,9758.47,9640.0,9658.59
2026-08-05 06:00:00,9656.83,9658.5,9528.04,9544.34
2026-08-05 07:00:00,9545.5,9570.63,9478.51,9501.13
2026-08-05 08:00:00,9499.92,9544.56,9388.14,9391.79
2026-08-05 09:00:00,9391.97,9777.53,9387.18,9775.47
2026-08-05 10:00:00,9778.61,9795.42,9626.99,9643.29
2026-08-05 11:00:00,9643.5,9755.0,9588.15,9750.57
2026-08-05 12:00:00,9751.25,9776.73,9675.59,9733.93
2026-08-05 13:00:00,9736.07,9767.17,9700.94,9729.01
2026-08-05 14:00:00,9729.83,9838.24,9622.59,9831.68
2026-08-05 15:00:00,9833.64,10045.85,9814.14,10011.05
2026-08-05 16:00:00,10011.14,10102.65,9968.0,10102.16
2026-08-05 17:00:00,10101.59,10229.78,10090.6,10171.72
2026-08-05 18:00:00,10172.99,10227.07,9943.56,10031.27
2026-08-05 19:00:00,10030.59,10112.24,9972.38,10096.06
2026-08-05 20:00:00,10095.71,10123.91,9927.47,10073.35
2026-08-05 21:00:00,10074.84,10165.99,9984.66,10003.31
2026-08-05 22:00:00,10004.34,10247.37,10004.34,10247.37
2026-08-05 23:00:00,10247.53,10412.12,10246.83,10368.14
2026-08-06 00:00:00,10367.8,10546.04,10348.24,10524.2
2026-08-06 01:00:00,10525.17,10557.62,10345.09,10423.05
2026-08-06 02:00:00,10421.9,10457.93,10277.8,10301.66
2026-08-06 03:00:00,10301.02,10470.98,10300.0,10370.38
2026-08-06 04:00:00,10371.0,10397.86,10306.68,10323.32
2026-08-06 05:00:00,10323.34,10377.49,10233.43,10285.81
2026-08-06 06:00:00,10287.7,10341.75,10254.23,10287.3
2026-08-06 07:00:00,10287.67,10365.48,10199.53,10361.06
2026-08-06 08:00:00,10363.57,10439.52,10294.66,10433.05
2026-08-06 09:00:00,10431.65,10615.91,10407.12,10556.4
2026-08-06 10:00:00,10557.01,10607.83,10517.46,10541.21
2026-08-06 11:00:00,10539.94,10612.31,10483.99,10586.18
2026-08-06 12:00:00,10587.0,10923.87,10577.48,10913.37
2026-08-06 13:00:00,10913.49,11032.04,10903.27,11025.45
2026-08-06 14:00:00,11025.43,11098.6,10936.51,11010.33
2026-08-06 15:00:00,11008.71,11066.84,10923.39,10975.2
2026-08-06 16:00:00,10973.79,11083.09,10959.54,11064.04
2026-08-06 17:00:00,11063.69,11097.27,10947.45,10949.76
2026-08-06 18:00:00,10948.64,11083.74,10857.71,11063.55
2026-08-06 19:00:00,11063.33,11066.34,10881.72,10885.38
2026-08-06 20:00:00,10886.75,10896.95,10795.17,10811.1
2026-08-06 21:00:00,10809.19,10971.26,10789.71,10879.02
2026-08-06 22:00:00,10879.34,11126.15,10871.91,11124.31
2026-08-06 23:00:00,11120.79,11262.95,11064.87,11064.87
2026-08-07 00:00:00,11064.11,11110.23,10916.29,10918.82
2026-08-07 01:00:00,10919.2,10922.52,10822.49,10880.91
2026-08-07 02:00:00,10880.55,10960.22,10755.03,10781.05
2026-08-07 03:00:00,10780.3,10933.02,10750.33,10788.25
2026-08-07 04:00:00,10788.42,10870.26,10748.15,10791.34
2026-08-07 05:00:00,10791.5,10877.35,10763.88,10811.32
2026-08-07 06:00:00,10809.46,10864.19,10751.7,10858.76
2026-08-07 07:00:00,10859.03,10987.53,10848.39,10931.26
2026-08-07 08:00:00,10931.6,11018.44,10883.49,10884.68
2026-08-07 09:00:00,10886.17,10905.34,10788.48,10872.16
2026-08-07 10:00:00,10871.21,11012.82,10790.72,10983.42
2026-08-07 11:00:00,10983.3,11043.23,10935.26,10939.36
2026-08-07 12:00:00,10937.24,11067.16,10914.31,11005.1
2026-08-07 13:00:00,11007.8,11146.7,10898.88,10916.82
2026-08-07 14:00:00,10918.3,11053.5,10869.49,10878.36
2026-08-07 15:00:00,10876.9,10947.97,10801.66,10810.04
2026-08-07 16:00:00,10810.15,10853.15,10638.25,10700.73
2026-08-07 17:00:00,10701.52,10769.77,10661.03,10747.72
2026-08-07 18:00:00,10747.11,10881.65,10745.53,10814.72
2026-08-07 19:00:00,10812.12,11005.4,10728.69,11002.41
2026-08-07 20:00:00,11002.4,11077.19,10923.01,11038.4
2026-08-07 21:00:00,11038.4,11043.45,10911.66,11003.3
2026-08-07 22:00:00,11005.97,11129.19,10934.58,10937.7
2026-08-07 23:00:00,10938.82,11327.73,10908.51,11228.81
2026-08-08 00:00:00,11229.43,11285.42,11083.88,11129.21
2026-08-08 01:00:00,11129.89,11302.39,11129.69,11302.37
2026-08-08 02:00:00,11300.76,11313.3,11031.49,11088.53
2026-08-08 03:00:00,11086.36,11212.63,11051.27,11173.84
2026-08-08 04:00:00,11171.96,11185.14,11119.5,11164.02
2026-08-08 05:00:00,11165.02,11230.02,11067.28,11067.92
2026-08-08 06:00:00,11066.39,11124.37,11028.96,11064.7
2026-08-08 07:00:00,11064.59,11080.75,10904.11,10954.95
2026-08-08 08:00:00,10956.3,11077.24,10956.3,11075.43
2026-08-08 09:00:00,11077.2,11150.02,11022.53,11093.51
2026-08-08 10:00:00,11092.89,11221.17,11037.0,11038.8
2026-08-08 11:00:00,11037.11,11252.97,11004.28,11229.64
2026-08-08 12:00:00,11228.01,11236.44,11071.93,11086.03
2026-08-08 13:00:00,11084.64,11085.89,10818.3,10828.56
2026-08-08 14:00:00,10829.89,10844.39,10663.96,10676.7
2026-08-08 15:00:00,10678.11,10814.11,10636.71,10711.97
2026-08-08 16:00:00,10712.71,10771.29,10707.42,10728.54
2026-08-08 17:00:00,10727.41,10730.13,10548.7,10624.17
2026-08-08 18:00:00,10624.82,10716.62,10601.7,10687.05
2026-08-08 19:00:00,10684.73,10818.18,10666.02,10802.02
2026-08-08 20:00:00,10802.19,10959.14,10790.9,10795.04
2026-08-08 21:00:00,10795.73,10814.75,10685.16,10789.66
2026-08-08 22:00:00,10791.72,11044.56,10772.95,10992.05
2026-08-08 23:00:00,10992.9,11074.73,10906.93,10907.84
2026-08-09 00:00:00,10907.42,10945.88,10839.57,10870.3
2026-08-09 01:00:00,10868.69,10889.93,10675.92,10678.91
2026-08-09 02:00:00,10680.31,10758.97,10647.31,10656.2
2026-08-09 03:00:00,10655.67,10664.62,10537.31,10630.91
2026-08-09 04:00:00,10629.51,10843.76,10601.48,10785.05
2026-08-09 05:00:00,10785.42,10883.35,10740.61,10751.92
2026-08-09 06:00:00,10753.23,10824.61,10683.63,10806.26
2026-08-09 07:00:00,10806.19,10895.25,10761.14,10838.41
2026-08-09 08:00:00,10841.31,11073.6,10839.48,10985.08
2026-08-09 09:00:00,10985.65,11026.9,10861.3,10881.72
2026-08-09 10:00:00,10881.79,11104.36,10867.11,10908.64
2026-08-09 11:00:00,10906.32,11004.27,10842.43,10939.32
2026-08-09 12:00:00,10939.73,11066.45,10926.71,10954.06
2026-08-09 13:00:00,10954.44,11133.84,10916.59,11068.6
2026-08-09 14:00:00,11068.01,11180.4,11032.62,11119.01
2026-08-09 15:00:00,11122.05,11273.5,11096.19,11113.94
2026-08-09 16:00:00,11113.53,11179.3,11064.22,11088.31
2026-08-09 17:00:00,11087.5,11204.26,11073.53,11123.01
2026-08-09 18:00:00,11121.66,11144.8,10960.1,11126.54
2026-08-09 19:00:00,11124.72,11165.85,11049.96,11132.67
2026-08-09 20:00:00,11132.1,11363.63,11124.86,11162.74
2026-08-09 21:00:00,11163.42,11217.08,11107.16,11172.9
2026-08-09 22:00:00,11173.87,11277.12,11148.13,11220.47
2026-08-09 23:00:00,11221.69,11427.57,11208.83,11411.37
2026-08-10 00:00:00,11412.56,11519.92,11391.25,11478.47
2026-08-10 01:00:00,11478.16,11502.47,11364.92,11410.12
2026-08-10 02:00:00,11408.6,11417.83,11261.65,11358.91
2026-08-10 03:00:00,11357.14,11379.76,11247.99,11352.03
2026-08-10 04:00:00,11350.87,11603.76,11311.17,11521.19
2026-08-10 05:00:00,11520.01,11587.03,11472.28,11587.03
2026-08-10 06:00:00,11587.92,11611.39,11422.08,11434.32
2026-08-10 07:00:00,11433.51,11459.01,11344.21,11386.86
2026-08-10 08:00:00,11388.55,11413.29,11251.75,11283.23
2026-08-10 09:00:00,11280.54,11327.4,11168.93,11224.8
2026-08-10 10:00:00,11222.52,11369.54,11185.33,11340.9
2026-08-10 11:00:00,11341.19,11547.48,11339.11,11541.3
2026-08-10 12:00:00,11541.52,11543.3,11301.2,11329.52
2026-08-10 13:00:00,11328.06,11412.23,11312.18,11330.63
2026-08-10 14:00:00,11332.59,11383.66,11273.53,11357.94
2026-08-10 15:00:00,11356.16,11427.41,11305.13,11398.05
2026-08-10 16:00:00,11396.41,11640.37,11340.63,11498.24
2026-08-10 17:00:00,11497.18,11571.8,11410.6,11423.24
2026-08-10 18:00:00,11424.75,11510.06,11346.6,11471.04
2026-08-10 19:00:00,11474.42,11476.11,11282.78,11410.96
2026-08-10 20:00:00,11410.78,11437.22,11261.1,11305.34
2026-08-10 21:00:00,11304.65,11459.98,11286.86,11455.82
2026-08-10 22:00:00,11456.14,11596.66,11456.14,11536.92
2026-08-10 23:00:00,11534.58,11544.98,11403.14,11416.01
2026-08-11 00:00:00,11416.49,11509.56,11350.51,11419.48
2026-08-11 01:00:00,11418.44,11534.74,11375.13,11400.29
2026-08-11 02:00:00,11400.66,11550.1,11386.23,11509.44
2026-08-11 03:00:00,11509.62,11603.62,11454.38,11600.42
2026-08-11 04:00:00,11602.92,11683.29,11549.92,11662.5
2026-08-11 05:00:00,11665.45,11762.36,11638.72,11743.8
2026-08-11 06:00:00,11743.4,11771.43,11629.94,11704.96
2026-08-11 07:00:00,11704.65,11774.82,11672.63,11756.2
2026-08-11 08:00:00,11757.67,11879.59,11729.13,11843.99
2026-08-11 09:00:00,11845.02,11990.38,11818.18,11878.76
2026-08-11 10:00:00,11876.82,11926.99,11816.11,11839.16
2026-08-11 11:00:00,11843.12,11956.77,11840.4,11948.72
2026-08-11 12:00:00,11949.99,11997.69,11833.64,11902.39
2026-08-11 13:00:00,11900.95,12102.51,11886.79,12054.74
2026-08-11 14:00:00,12053.91,12081.45,11892.34,11908.51
2026-08-11 15:00:00,11910.28,11937.84,11628.94,11648.74
2026-08-11 16:00:00,11647.58,11859.56,11612.78,11857.39
2026-08-11 17:00:00,11854.85,12115.71,11850.78,12063.45
2026-08-11 18:00:00,12064.94,12378.6,12029.39,12376.6
2026-08-11 19:00:00,12376.45,12413.53,12228.58,12257.5
2026-08-11 20:00:00,12255.67,12259.32,12035.89,12101.33
2026-08-11 21:00:00,12104.17,12136.33,11811.38,11857.63
2026-08-11 22:00:00,11859.03,12066.11,11824.26,12017.5
2026-08-11 23:00:00,12016.74,12071.24,11926.94,12024.56
2026-08-12 00:00:00,12024.82,12146.14,11980.77,11991.32
2026-08-12 01:00:00,11993.15,12001.23,11782.93,11808.11
2026-08-12 02:00:00,11808.05,11824.31,11691.31,11785.83
2026-08-12 03:00:00,11782.8,11854.35,11558.85,11558.85
2026-08-12 04:00:00,11559.36,11611.56,11440.54,11590.6
2026-08-12 05:00:00,11588.66,11598.63,11347.19,11359.54
2026-08-12 06:00:00,11360.87,11571.02,11325.03,11542.71
2026-08-12 07:00:00,11543.18,11588.04,11426.9,11494.22
2026-08-12 08:00:00,11494.0,11613.16,11460.48,11532.28
2026-08-12 09:00:00,11530.93,11601.33,11474.99,11478.38
2026-08-12 10:00:00,11476.3,11589.95,11448.64,11460.82
2026-08-12 11:00:00,11460.7,11545.33,11370.77,11523.22
2026-08-12 12:00:00,11523.27,11539.41,11451.89,11483.99
2026-08-12 13:00:00,11485.18,11566.54,11446.99,11527.24
2026-08-12 14:00:00,11525.84,11608.57,11484.65,11533.23
2026-08-12 15:00:00,11532.26,11549.94,11401.35,11410.23
2026-08-12 16:00:00,11410.42,11426.79,11196.19,11240.59
2026-08-12 17:00:00,11240.61,11272.59,11132.55,11216.12
2026-08-12 18:00:00,11215.41,11225.95,11066.16,11093.59
2026-08-12 19:00:00,11092.38,11102.36,10927.05,11026.78
2026-08-12 20:00:00,11026.6,11030.58,10860.5,10961.49
2026-08-12 21:00:00,10964.27,11024.29,10818.94,10820.34
2026-08-12 22:00:00,10822.59,10852.86,10714.82,10739.18
2026-08-12 23:00:00,10738.63,10898.84,10730.01,10890.9
2026-08-13 00:00:00,10888.1,10957.68,10809.49,10918.57
2026-08-13 01:00:00,10920.25,11009.36,10834.95,10906.71
2026-08-13 02:00:00,10904.82,10984.97,10868.67,10897.06
2026-08-13 03:00:00,10895.56,10914.64,10749.02,10790.68
2026-08-13 04:00:00,10789.32,10811.58,10707.24,10752.73
2026-08-13 05:00:00,10755.41,10881.88,10716.92,10869.02
2026-08-13 06:00:00,10869.96,10904.52,10701.47,10728.53
2026-08-13 07:00:00,10730.23,10859.3,10656.35,10663.21
2026-08-13 08:00:00,10663.11,10827.87,10637.42,10639.0
2026-08-13 09:00:00,10637.85,10701.77,10558.64,10671.75
2026-08-13 10:00:00,10671.23,10766.74,10627.46,10762.11
2026-08-13 11:00:00,10760.92,10764.76,10648.36,10705.52
2026-08-13 12:00:00,10704.81,10732.93,10594.67,10712.77
2026-08-13 13:00:00,10714.1,10802.5,10652.57,10662.27
2026-08-13 14:00:00,10662.21,10769.93,10599.31,10724.31
2026-08-13 15:00:00,10725.1,10800.08,10661.33,10699.1
2026-08-13 16:00:00,10696.57,10716.38,10561.02,10576.82
2026-08-13 17:00:00,10577.55,10582.17,10343.97,10435.92
2026-08-13 18:00:00,10436.61,10548.8,10401.18,10401.18
2026-08-13 19:00:00,10400.2,10437.02,10272.28,10358.19
2026-08-13 20:00:00,10357.28,10478.36,10342.44,10466.95
2026-08-13 21:00:00,10467.97,10472.99,10371.6,10462.08
2026-08-13 22:00:00,10461.9,10464.44,10284.9,10289.42
2026-08-13 23:00:00,10287.09,10335.22,10254.79,10281.34
2026-08-14 00:00:00,10281.64,10436.28,10245.1,10345.36
2026-08-14 01:00:00,10343.5,10383.1,10281.18,10362.33
2026-08-14 02:00:00,10360.7,10407.75,10282.4,10343.72
2026-08-14 03:00:00,10344.6,10469.2,10326.73,10410.51
2026-08-14 04:00:00,10412.02,10515.44,10400.11,10449.42
2026-08-14 05:00:00,10447.96,10545.94,10405.24,10523.34
2026-08-14 06:00:00,10523.7,10596.12,10451.51,10502.06
2026-08-14 07:00:00,10502.54,10535.8,10462.61,10504.84
2026-08-14 08:00:00,10508.27,10560.29,10361.21,10366.42
2026-08-14 09:00:00,10364.41,10488.34,10323.82,10443.67
2026-08-14 10:00:00,10441.64,10533.84,10356.23,10394.99
2026-08-14 11:00:00,10395.07,10453.29,10343.04,10425.21
2026-08-14 12:00:00,10425.49,10491.34,10340.4,10484.09
2026-08-14 13:00:00,10483.74,10600.35,10431.58,10581.08
2026-08-14 14:00:00,10580.77,10641.03,10511.99,10603.36
2026-08-14 15:00:00,10604.24,10795.66,10523.12,10762.61
2026-08-14 16:00:00,10761.38,10914.05,10749.46,10903.52
2026-08-14 17:00:00,10903.82,10949.41,10816.23,10893.05
2026-08-14 18:00:00,10894.21,10981.24,10793.68,10945.2
2026-08-14 19:00:00,10945.62,11026.21,10885.78,10911.36
2026-08-14 20:00:00,10908.73,10970.42,10785.13,10797.16
2026-08-14 21:00:00,10796.94,10938.96,10779.9,10922.39
2026-08-14 22:00:00,10923.41,10992.12,10852.87,10937.49
2026-08-14 23:00:00,10934.87,11066.97,10876.45,11064.98
2026-08-15 00:00:00,11067.67,11145.41,10939.69,11143.82
2026-08-15 01:00:00,11142.37,11212.7,11026.19,11201.26
2026-08-15 02:00:00,11200.99,11276.12,11157.13,11265.6
2026-08-15 03:00:00,11266.88,11390.59,11253.25,11363.72
2026-08-15 04:00:00,11363.2,11363.2,11204.46,11326.72
2026-08-15 05:00:00,11327.99,11603.12,11253.05,11581.94
2026-08-15 06:00:00,11582.08,11696.35,11542.14,11557.84
2026-08-15 07:00:00,11557.69,11780.16,11503.83,11778.59
2026-08-15 08:00:00,11780.27,11803.88,11546.05,11636.14
2026-08-15 09:00:00,11635.41,11736.71,11564.76,11691.64
2026-08-15 10:00:00,11693.95,11724.7,11591.7,11715.7
2026-08-15 11:00:00,11716.24,11733.57,11636.04,11691.65
2026-08-15 12:00:00,11690.47,11709.55,11551.29,11565.92
2026-08-15 13:00:00,11565.09,11688.14,11531.97,11675.53
2026-08-15 14:00:00,11672.61,11727.53,11430.92,11483.36
2026-08-15 15:00:00,11483.65,11632.61,11430.23,11495.45
2026-08-15 16:00:00,11495.57,11609.22,11488.47,11564.82
2026-08-15 17:00:00,11569.13,11581.88,11371.78,11399.12
2026-08-15 18:00:00,11399.06,11501.59,11335.84,11497.41
2026-08-15 19:00:00,11497.88,11747.2,11496.66,11700.9
2026-08-15 20:00:00,11703.69,11819.27,11679.15,11730.94
2026-08-15 21:00:00,11731.91,11950.02,11675.25,11831.99
2026-08-15 22:00:00,11833.75,11976.35,11828.4,11974.8
2026-08-15 23:00:00,11974.6,11989.64,11855.83,11958.46
2026-08-16 00:00:00,11959.4,12081.24,11911.82,12076.01
2026-08-16 01:00:00,12074.51,12111.05,11905.99,12072.19
2026-08-16 02:00:00,12070.56,12078.68,11913.38,11933.86
2026-08-16 03:00:00,11934.68,12012.62,11829.52,11929.16
2026-08-16 04:00:00,11929.88,12001.09,11846.21,11855.62
2026-08-16 05:00:00,11856.41,12080.1,11825.49,12041.97
2026-08-16 06:00:00,12040.31,12142.24,12004.65,12072.14
2026-08-16 07:00:00,12073.65,12253.15,12070.51,12211.99
2026-08-16 08:00:00,12211.62,12316.38,12162.56,12290.04
2026-08-16 09:00:00,12286.32,12325.81,12190.62,12226.65
2026-08-16 10:00:00,12228.45,12302.6,11994.92,12017.67
2026-08-16 11:00:00,12018.51,12057.66,11708.88,11749.28
2026-08-16 12:00:00,11750.65,11892.4,11731.63,11850.31
2026-08-16 13:00:00,11849.84,11882.37,11741.99,11780.0
2026-08-16 14:00:00,11779.66,11802.19,11581.11,11585.82
2026-08-16 15:00:00,11588.61,11764.28,11546.83,11734.74
2026-08-16 16:00:00,11736.14,11740.48,11537.95,11702.77
2026-08-16 17:00:00,11703.73,11761.0,11604.54,11619.59
2026-08-16 18:00:00,11619.51,11727.04,11515.54,11524.73
2026-08-16 19:00:00,11526.74,11809.17,11490.08,11802.73
2026-08-16 20:00:00,11800.56,11862.24,11772.5,11798.01
2026-08-16 21:00:00,11799.11,11892.06,11742.48,11871.86
2026-08-16 22:00:00,11872.41,11918.44,11769.79,11874.01
2026-08-16 23:00:00,11873.99,12067.65,11859.99,11955.29
2026-08-17 00:00:00,11958.65,12112.19,11931.67,12019.34
2026-08-17 01:00:00,12022.01,12084.97,11900.75,11935.96
2026-08-17 02:00:00,11937.92,11946.45,11768.7,11897.59
2026-08-17 03:00:00,11895.22,11899.35,11624.27,11635.9
2026-08-17 04:00:00,11636.53,11652.23,11450.1,11465.46
2026-08-17 05:00:00,11464.74,11615.78,11410.92,11595.28
2026-08-17 06:00:00,11596.52,11675.91,11565.78,11590.22
2026-08-17 07:00:00,11591.35,11805.51,11588.71,11778.83
2026-08-17 08:00:00,11777.54,11785.44,11677.96,11721.26
2026-08-17 09:00:00,11723.53,11999.15,11709.65,11959.07
2026-08-17 10:00:00,11959.6,12088.92,11934.98,11998.8
2026-08-17 11:00:00,12000.9,12045.21,11843.17,11879.32
2026-08-17 12:00:00,11876.86,11903.75,11688.06,11741.33
2026-08-17 13:00:00,11742.46,11824.17,11712.27,11812.51
2026-08-17 14:00:00,11810.59,11981.47,11774.75,11943.06
2026-08-17 15:00:00,11943.43,11976.77,11876.58,11920.9
2026-08-17 16:00:00,11922.76,12092.25,11869.42,12085.51
2026-08-17 17:00:00,12085.13,12122.78,11989.25,12097.68
2026-08-17 18:00:00,12100.43,12127.1,11862.44,11940.19
2026-08-17 19:00:00,11937.69,12068.45,11923.94,12015.53
2026-08-17 20:00:00,12016.86,12173.36,11955.45,12031.41
2026-08-17 21:00:00,12030.33,12136.66,11979.64,12082.79
2026-08-17 22:00:00,12081.28,12234.88,12005.68,12178.76
2026-08-17 23:00:00,12179.37,12208.55,12082.55,12158.24
2026-08-18 00:00:00,12159.51,12174.87,11864.81,11906.57
2026-08-18 01:00:00,11907.12,12031.67,11897.42,12027.69
2026-08-18 02:00:00,12027.9,12318.33,12024.78,12298.81
2026-08-18 03:00:00,12295.86,12330.37,12109.93,12134.09
2026-08-18 04:00:00,12134.54,12144.09,11896.84,11937.22
2026-08-18 05:00:00,11936.58,11937.15,11580.33,11658.38
2026-08-18 06:00:00,11657.58,11855.94,11656.26,11836.39
2026-08-18 07:00:00,11834.76,11875.04,11750.59,11853.66
2026-08-18 08:00:00,11855.36,11977.21,11817.05,11928.02
2026-08-18 09:00:00,11927.9,12129.62,11887.29,12098.32
2026-08-18 10:00:00,12100.58,12107.01,11969.72,12013.13
2026-08-18 11:00:00,12015.31,12037.98,11800.88,11943.01
2026-08-18 12:00:00,11941.41,12023.41,11923.01,11981.26
2026-08-18 13:00:00,11979.62,12094.35,11972.11,11997.76
2026-08-18 14:00:00,12000.28,12011.88,11810.64,11848.08
2026-08-18 15:00:00,11849.99,11890.58,11651.32,11674.06
2026-08-18 16:00:00,11672.2,11770.45,11622.07,11729.15
2026-08-18 17:00:00,11726.34,11735.91,11624.38,11649.58
2026-08-18 18:00:00,11650.37,11699.97,11537.05,11537.55
2026-08-18 19:00:00,11534.42,11744.82,11515.97,11725.09
2026-08-18 20:00:00,11726.04,11777.22,11677.51,11730.42
2026-08-18 21:00:00,11733.37,11733.37,11517.05,11693.31
2026-08-18 22:00:00,11692.48,11723.29,11436.99,11494.43
2026-08-18 23:00:00,11492.95,11553.26,11425.7,11472.05
2026-08-19 00:00:00,11473.14,11596.08,11465.85,11489.61
2026-08-19 01:00:00,11490.03,11681.18,11449.91,11634.1
2026-08-19 02:00:00,11635.15,11710.55,11599.08,11690.89
2026-08-19 03:00:00,11690.48,11742.82,11438.11,11447.9
2026-08-19 04:00:00,11444.44,11535.71,11338.58,11354.9
2026-08-19 05:00:00,11353.55,11367.57,11246.34,11281.66
2026-08-19 06:00:00,11282.15,11437.69,11260.95,11415.5
2026-08-19 07:00:00,11416.6,11453.56,11291.85,11431.19
2026-08-19 08:00:00,11432.75,11500.23,11352.79,11486.33
2026-08-19 09:00:00,11485.33,11579.34,11477.45,11516.28
2026-08-19 10:00:00,11515.77,11551.04,11417.54,11473.64
2026-08-19 11:00:00,11473.43,11518.3,11406.25,11442.31
2026-08-19 12:00:00,11416.03,11514.73,11377.4,11486.1
2026-08-19 13:00:00,11486.8,11563.99,11401.96,11545.0
2026-08-19 14:00:00,11543.39,11678.65,11312.28,11388.43
2026-08-19 15:00:00,11392.27,11423.93,11119.76,11167.38
2026-08-19 16:00:00,11169.04,11201.64,11111.5,11180.24
2026-08-19 17:00:00,11180.51,11294.22,11160.16,11197.18
2026-08-19 18:00:00,11198.6,11219.64,11117.61,11156.86
2026-08-19 19:00:00,11158.8,11178.18,11052.42,11147.04
2026-08-19 20:00:00,11147.15,11313.95,11145.58,11308.87
2026-08-19 21:00:00,11311.67,11330.06,11152.85,11184.5
2026-08-19 22:00:00,11187.23,11414.91,11138.85,11385.34
2026-08-19 23:00:00,11386.06,11386.06,11128.91,11362.74
2026-08-20 00:00:00,11360.14,11384.6,11224.32,11224.78
2026-08-20 01:00:00,11224.81,11261.36,11138.3,11216.1
2026-08-20 02:00:00,11214.87,11223.24,10952.87,10966.74
2026-08-20 03:00:00,10969.32,10986.47,10724.93,10733.21
2026-08-20 04:00:00,10730.56,10750.0,10519.17,10573.82
2026-08-20 05:00:00,10574.82,10706.83,10525.62,10672.22
2026-08-20 06:00:00,10672.09,10810.92,10618.15,10767.55
2026-08-20 07:00:00,10769.38,11008.94,10729.86,10947.83
2026-08-20 08:00:00,10947.82,11076.8,10941.46,11069.35
2026-08-20 09:00:00,11070.78,11154.24,11008.42,11136.95
2026-08-20 10:00:00,11136.74,11202.75,11030.58,11195.45
2026-08-20 11:00:00,11195.08,11312.89,11075.14,11276.0
2026-08-20 12:00:00,11273.43,11368.74,11268.03,11290.89
2026-08-20 13:00:00,11291.81,11326.85,11191.49,11304.82
2026-08-20 14:00:00,11306.35,11348.33,11230.35,11233.75
2026-08-20 15:00:00,11236.1,11256.95,11112.75,11218.4
2026-08-20 16:00:00,11218.05,11301.71,11079.84,11086.51
2026-08-20 17:00:00,11087.14,11219.01,11087.14,11159.53
2026-08-20 18:00:00,11162.32,11258.54,11106.31,11127.98
2026-08-20 19:00:00,11130.14,11230.65,11074.3,11143.7
2026-08-20 20:00:00,11142.98,11159.53,11051.39,11122.69
2026-08-20 21:00:00,11122.53,11222.44,11054.37,11202.28
2026-08-20 22:00:00,11204.58,11236.51,11042.2,11113.07
2026-08-20 23:00:00,11111.02,11196.16,11055.72,11155.99
2026-08-21 00:00:00,11153.78,11305.34,11148.18,11215.29
2026-08-21 01:00:00,11218.53,11327.62,11197.35,11325.19
2026-08-21 02:00:00,11324.79,11515.59,11324.79,11501.29
2026-08-21 03:00:00,11501.76,11605.15,11471.51,11478.07
2026-08-21 04:00:00,11477.72,11519.42,11340.61,11341.07
2026-08-21 05:00:00,11340.09,11404.15,11241.91,11302.52
2026-08-21 06:00:00,11300.59,11365.77,11245.47,11260.23
2026-08-21 07:00:00,11260.48,11306.24,11118.98,11277.88
2026-08-21 08:00:00,11278.93,11421.9,11238.86,11415.28
2026-08-21 09:00:00,11417.12,11573.94,11407.49,11492.75
2026-08-21 10:00:00,11492.95,11559.31,11454.38,11504.97
2026-08-21 11:00:00,11504.91,11522.73,11290.49,11388.48
2026-08-21 12:00:00,11387.69,11541.45,11326.48,11483.81
2026-08-21 13:00:00,11482.03,11506.14,11404.91,11440.85
2026-08-21 14:00:00,11441.31,11513.32,11322.4,11462.76
2026-08-21 15:00:00,11463.54,11464.06,11378.53,11451.05
2026-08-21 16:00:00,11447.5,11499.55,11220.86,11278.4
2026-08-21 17:00:00,11277.73,11438.62,11262.93,11277.82
2026-08-21 18:00:00,11280.84,11340.46,11230.69,11313.94
2026-08-21 19:00:00,11313.14,11440.49,11284.69,11355.76
2026-08-21 20:00:00,11355.64,11449.72,11089.05,11131.2
2026-08-21 21:00:00,11133.64,11269.27,11127.34,11233.58
2026-08-21 22:00:00,11234.61,11262.14,11139.53,11232.46
2026-08-21 23:00:00,11230.0,11267.43,11085.96,11102.2
2026-08-22 00:00:00,11103.71,11174.63,11068.66,11115.5
2026-08-22 01:00:00,11116.62,11198.23,11066.27,11140.43
2026-08-22 02:00:00,11142.63,11169.73,10975.06,11003.29
2026-08-22 03:00:00,11000.39,11161.82,10997.54,11095.44
2026-08-22 04:00:00,11094.76,11223.39,11052.62,11191.79
2026-08-22 05:00:00,11191.22,11246.19,11158.07,11158.24
2026-08-22 06:00:00,11160.79,11223.82,11082.29,11131.62
2026-08-22 07:00:00,11129.64,11156.92,10936.5,11040.77
2026-08-22 08:00:00,11041.11,11098.33,10981.41,11067.62
2026-08-22 09:00:00,11068.77,11170.75,11016.58,11140.96
2026-08-22 10:00:00,11142.23,11207.34,11090.62,11113.22
2026-08-22 11:00:00,11112.47,11187.17,11040.76,11085.48
2026-08-22 12:00:00,11086.15,11137.22,11046.28,11099.63
2026-08-22 13:00:00,11100.31,11186.39,11009.04,11065.49
2026-08-22 14:00:00,11065.37,11081.0,10982.64,11011.71
2026-08-22 15:00:00,11014.32,11016.28,10821.24,10825.74
2026-08-22 16:00:00,10826.28,10889.2,10783.95,10863.96
2026-08-22 17:00:00,10861.82,10868.97,10661.29,10669.32
2026-08-22 18:00:00,10668.91,10722.39,10548.46,10642.62
2026-08-22 19:00:00,10642.47,10746.97,10581.72,10734.81
2026-08-22 20:00:00,10735.2,10796.83,10522.42,10575.46
2026-08-22 21:00:00,10576.76,10581.65,10365.9,10369.06
2026-08-22 22:00:00,10370.68,10427.76,10302.52,10403.6
2026-08-22 23:00:00,10402.31,10451.69,10329.2,10414.88
2026-08-23 00:00:00,10414.76,10468.58,10306.45,10436.76
2026-08-23 01:00:00,10434.6,10455.63,10306.68,10353.08
2026-08-23 02:00:00,10354.6,10460.97,10265.2,10422.14
2026-08-23 03:00:00,10420.51,10529.6,10392.66,10426.66
2026-08-23 04:00:00,10426.31,10468.56,10190.89,10209.46
2026-08-23 05:00:00,10209.55,10235.96,10086.43,10191.47
2026-08-23 06:00:00,10191.77,10215.37,10046.48,10134.2
2026-08-23 07:00:00,10133.04,10168.51,10073.04,10116.16
2026-08-23 08:00:00,10116.04,10121.48,10021.55,10027.46
2026-08-23 09:00:00,10027.79,10051.25,9899.84,9917.48
2026-08-23 10:00:00,9917.73,9940.42,9821.46,9840.93
2026-08-23 11:00:00,9838.91,9902.51,9728.45,9750.51
2026-08-23 12:00:00,9750.84,9818.43,9728.69,9807.41
2026-08-23 13:00:00,9807.8,9808.71,9622.76,9694.95
2026-08-23 14:00:00,9695.38,9833.06,9542.88,9567.01
2026-08-23 15:00:00,9566.63,9573.95,9398.97,9398.97
2026-08-23 16:00:00,9399.22,9410.96,9314.31,9344.67
2026-08-23 17:00:00,9345.1,9467.77,9328.91,9380.67
2026-08-23 18:00:00,9379.53,9412.4,9269.24,9295.7
2026-08-23 19:00:00,9294.34,9381.83,9235.53,9370.01
2026-08-23 20:00:00,9368.83,9372.27,9238.37,9270.4
2026-08-23 21:00:00,9271.96,9316.08,9085.29,9088.9
2026-08-23 22:00:00,9089.23,9317.32,9083.47,9267.59
2026-08-23 23:00:00,9268.92,9271.44,9116.34,9147.55
2026-08-24 00:00:00,9147.43,9222.85,9117.16,9211.62
2026-08-24 01:00:00,9210.47,9246.12,9144.55,9166.99
2026-08-24 02:00:00,9166.51,9180.92,9029.85,9105.05
2026-08-24 03:00:00,9102.36,9118.71,8958.72,9011.08
2026-08-24 04:00:00,9010.11,9030.56,8793.65,8844.28
2026-08-24 05:00:00,8843.5,8886.87,8834.77,8885.16
2026-08-24 06:00:00,8885.7,8886.82,8781.87,8844.44
2026-08-24 07:00:00,8844.61,8937.59,8801.74,8899.21
2026-08-24 08:00:00,8898.78,8968.69,8850.22,8930.17
2026-08-24 09:00:00,8929.78,8993.91,8868.9,8993.91
2026-08-24 10:00:00,8994.75,9012.81,8830.0,8999.55
2026-08-24 11:00:00,9002.41,9115.73,8845.9,8878.02
2026-08-24 12:00:00,8878.82,9019.78,8848.41,8910.59
2026-08-24 13:00:00,8911.37,8930.8,8848.87,8926.9
2026-08-24 14:00:00,8926.07,8942.49,8741.37,8744.46
2026-08-24 15:00:00,8744.24,8852.84,8662.13,8738.76
2026-08-24 16:00:00,8787.14,8797.89,8630.93,8642.28
2026-08-24 17:00:00,8640.53,8728.42,8625.7,8719.73
2026-08-24 18:00:00,8720.78,8745.46,8538.6,8554.73
2026-08-24 19:00:00,8556.4,8658.68,8498.99,8647.5
2026-08-24 20:00:00,8648.42,8750.41,8614.2,8707.48
2026-08-24 21:00:00,8706.86,8792.39,8656.98,8695.46
2026-08-24 22:00:00,8695.02,8753.58,8671.9,8711.13
2026-08-24 23:00:00,8709.56,8764.69,8541.02,8549.34
2026-08-25 00:00:00,8548.81,8586.77,8419.4,8496.34
2026-08-25 01:00:00,8493.57,8523.94,8418.42,8443.62
2026-08-25 02:00:00,8442.47,8553.45,8440.4,8508.91
2026-08-25 03:00:00,8509.98,8526.63,8424.65,8424.65
2026-08-25 04:00:00,8425.23,8518.93,8355.8,8471.96
2026-08-25 05:00:00,8471.65,8566.23,8440.66,8552.8
2026-08-25 06:00:00,8553.94,8585.59,8503.86,8517.8
2026-08-25 07:00:00,8516.27,8523.77,8384.68,8483.69
2026-08-25 08:00:00,8485.03,8604.96,8441.74,8601.95
2026-08-25 09:00:00,8601.28,8627.91,8485.21,8544.41
2026-08-25 10:00:00,8544.57,8593.64,8475.06,8513.93
2026-08-25 11:00:00,8515.53,8610.46,8502.77,8559.68
2026-08-25 12:00:00,8558.38,8641.93,8513.41,8531.68
2026-08-25 13:00:00,8529.27,8598.86,8505.64,8534.6
2026-08-25 14:00:00,8534.51,8702.01,8508.71,8572.75
2026-08-25 15:00:00,8573.6,8603.11,8528.6,8537.19
2026-08-25 16:00:00,8540.64,8713.43,8536.56,8702.99
2026-08-25 17:00:00,8703.3,8733.37,8614.86,8627.43
2026-08-25 18:00:00,8630.45,8693.97,8587.16,8681.5
2026-08-25 19:00:00,8681.67,8773.84,8666.71,8758.08
2026-08-25 20:00:00,8756.45,8921.98,8748.68,8920.66
2026-08-25 21:00:00,8920.53,8930.47,8810.81,8851.85
2026-08-25 22:00:00,8853.75,9024.18,8836.92,8869.14
2026-08-25 23:00:00,8870.46,8908.18,8738.74,8764.12
2026-08-26 00:00:00,8765.09,8786.78,8643.64,8657.48
2026-08-26 01:00:00,8658.1,8753.39,8655.82,8736.99
2026-08-26 02:00:00,8736.36,8874.79,8727.99,8859.32
2026-08-26 03:00:00,8858.53,8858.53,8736.09,8752.17
2026-08-26 04:00:00,8751.58,8756.91,8578.93,8611.19
2026-08-26 05:00:00,8611.63,8641.58,8507.91,8514.51
2026-08-26 06:00:00,8514.82,8549.82,8466.66,8525.76
2026-08-26 07:00:00,8526.92,8543.36,8450.5,8494.49
2026-08-26 08:00:00,8495.82,8506.28,8418.65,8453.43
2026-08-26 09:00:00,8453.94,8532.25,8379.94,8381.53
2026-08-26 10:00:00,8382.0,8394.6,8281.79,8315.72
2026-08-26 11:00:00,8316.98,8470.7,8310.13,8400.86
2026-08-26 12:00:00,8400.41,8491.66,8373.9,8482.59
2026-08-26 13:00:00,8484.13,8602.18,8440.18,8601.54
2026-08-26 14:00:00,8600.99,8616.93,8424.0,8433.2
2026-08-26 15:00:00,8433.71,8489.62,8396.08,8468.2
2026-08-26 16:00:00,8470.45,8510.68,8444.22,8499.16
2026-08-26 17:00:00,8497.46,8540.88,8310.68,8325.4
2026-08-26 18:00:00,8327.36,8347.32,8189.67,8194.41
2026-08-26 19:00:00,8192.7,8220.95,8132.45,8170.48
2026-08-26 20:00:00,8170.56,8243.69,8135.62,8140.6
2026-08-26 21:00:00,8140.32,8141.66,8056.23,8110.25
2026-08-26 22:00:00,8109.52,8179.4,8090.2,8093.05
2026-08-26 23:00:00,8092.25,8181.29,8046.77,8055.26
2026-08-27 00:00:00,8056.22,8069.94,7912.79,7982.0
2026-08-27 01:00:00,7981.66,8036.09,7953.1,8014.96
2026-08-27 02:00:00,8013.06,8071.65,7995.37,8011.96
2026-08-27 03:00:00,8012.42,8120.49,7953.71,8077.06
2026-08-27 04:00:00,8076.87,8126.61,7967.96,7970.26
2026-08-27 05:00:00,7971.5,8059.83,7908.5,7980.71
2026-08-27 06:00:00,7980.34,8071.9,7956.86,7957.31
2026-08-27 07:00:00,7955.84,8131.15,7937.15,8126.06
2026-08-27 08:00:00,8125.21,8135.11,8005.4,8063.62
2026-08-27 09:00:00,8063.12,8185.52,8063.12,8156.07
2026-08-27 10:00:00,8156.6,8176.59,8074.1,8112.6
2026-08-27 11:00:00,8114.83,8131.66,8021.5,8046.84
2026-08-27 12:00:00,8046.02,8061.15,7952.15,8002.05
2026-08-27 13:00:00,8003.09,8021.6,7917.39,7983.6
2026-08-27 14:00:00,7983.73,8119.66,7983.01,8104.56
2026-08-27 15:00:00,8106.0,8131.48,8039.12,8117.14
2026-08-27 16:00:00,8116.54,8159.85,8082.66,8108.55
2026-08-27 17:00:00,8108.53,8206.13,8092.84,8183.07
2026-08-27 18:00:00,8181.77,8190.81,7975.85,8111.24
2026-08-27 19:00:00,8110.56,8222.75,8100.13,8136.55
2026-08-27 20:00:00,8136.84,8142.45,8096.78,8108.29
2026-08-27 21:00:00,8108.82,8147.47,8052.95,8081.54
2026-08-27 22:00:00,8080.68,8080.68,8003.95,8046.08
2026-08-27 23:00:00,8045.64,8076.94,7855.08,7879.67
2026-08-28 00:00:00,7878.95,7953.75,7874.0,7897.12
2026-08-28 01:00:00,7897.12,7929.2,7821.83,7907.58
2026-08-28 02:00:00,7906.45,7916.94,7859.63,7910.05
2026-08-28 03:00:00,7910.62,8039.34,7880.09,7955.63
2026-08-28 04:00:00,7954.76,7983.26,7886.58,7894.53
2026-08-28 05:00:00,7894.58,7979.9,7846.36,7867.85
2026-08-28 06:00:00,7869.94,7922.63,7773.9,7913.67
2026-08-28 07:00:00,7913.4,7991.13,7885.72,7985.58
2026-08-28 08:00:00,7984.69,8056.3,7954.66,7989.26
2026-08-28 09:00:00,7989.08,8129.97,7955.51,8107.13
2026-08-28 10:00:00,8108.44,8134.81,8059.04,8067.77
2026-08-28 11:00:00,8067.27,8154.21,8014.11,8048.97
2026-08-28 12:00:00,8049.85,8052.95,7959.4,7968.62
2026-08-28 13:00:00,7968.5,7984.36,7907.56,7969.56
2026-08-28 14:00:00,7971.13,7979.73,7813.02,7891.25
2026-08-28 15:00:00,7892.15,7929.5,7826.71,7866.26
2026-08-28 16:00:00,7865.15,8081.55,7792.01,8048.48
2026-08-28 17:00:00,8048.68,8085.76,7951.6,7966.41
2026-08-28 18:00:00,7965.54,8010.34,7926.12,8003.01
2026-08-28 19:00:00,8003.46,8086.49,7991.86,8066.52
2026-08-28 20:00:00,8064.62,8304.85,8042.33,8265.99
2026-08-28 21:00:00,8266.75,8311.69,8199.52,8288.4
2026-08-28 22:00:00,8286.9,8403.47,8283.08,8354.15
2026-08-28 23:00:00,8352.59,8450.99,8339.81,8416.54
2026-08-29 00:00:00,8415.49,8418.7,8279.51,8309.85
2026-08-29 01:00:00,8310.76,8315.76,8247.2,8271.04
2026-08-29 02:00:00,8270.24,8414.61,8224.13,8379.9
2026-08-29 03:00:00,8380.01,8514.23,8377.78,8496.03
2026-08-29 04:00:00,8497.12,8501.91,8337.92,8406.76
2026-08-29 05:00:00,8406.96,8501.22,8350.43,8455.69
2026-08-29 06:00:00,8455.74,8483.22,8280.07,8291.33
2026-08-29 07:00:00,8292.11,8446.44,8278.29,8393.8
2026-08-29 08:00:00,8393.84,8430.28,8370.35,8414.86
2026-08-29 09:00:00,8414.14,8581.55,8394.84,8411.54
2026-08-29 10:00:00,8411.14,8411.48,8294.07,8317.07
2026-08-29 11:00:00,8317.87,8397.62,8281.5,8396.69
2026-08-29 12:00:00,8396.67,8464.53,8378.34,8388.06
2026-08-29 13:00:00,8388.59,8602.19,8381.22,8575.0
2026-08-29 14:00:00,8573.6,8603.41,8455.28,8494.01
2026-08-29 15:00:00,8494.13,8560.16,8457.62,8505.74
2026-08-29 16:00:00,8504.33,8736.48,8488.06,8735.83
2026-08-29 17:00:00,8736.08,8744.26,8614.17,8649.95
2026-08-29 18:00:00,8650.41,8773.92,8604.52,8681.96
2026-08-29 19:00:00,8681.47,8688.87,8581.99,8592.29
2026-08-29 20:00:00,8592.85,8594.09,8508.25,8568.08
2026-08-29 21:00:00,8570.18,8661.29,8570.18,8648.0
2026-08-29 22:00:00,8648.23,8680.77,8542.39,8550.9
2026-08-29 23:00:00,8551.74,8565.26,8320.78,8378.75
2026-08-30 00:00:00,8377.92,8458.47,8355.71,8458.47
2026-08-30 01:00:00,8459.94,8467.72,8374.52,8415.6
2026-08-30 02:00:00,8416.48,8433.1,8367.03,8382.26
2026-08-30 03:00:00,8381.14,8470.33,8360.83,8371.72
2026-08-30 04:00:00,8373.1,8378.77,8265.45,8294.46
2026-08-30 05:00:00,8294.78,8327.05,8218.27,8310.77
2026-08-30 06:00:00,8310.05,8454.86,8283.94,8442.16
2026-08-30 07:00:00,8441.12,8664.48,8432.39,8645.27
2026-08-30 08:00:00,8646.74,8705.21,8566.94,8577.61
2026-08-30 09:00:00,8577.34,8601.34,8497.93,8512.88
2026-08-30 10:00:00,8511.87,8581.73,8464.25,8468.15
2026-08-30 11:00:00,8466.5,8485.62,8384.01,8389.48
2026-08-30 12:00:00,8389.28,8618.75,8378.33,8564.85
2026-08-30 13:00:00,8566.62,8658.5,8534.3,8619.51
2026-08-30 14:00:00,8620.3,8657.93,8465.95,8474.42
2026-08-30 15:00:00,8474.11,8477.69,8380.73,8407.34
2026-08-30 16:00:00,8406.5,8447.57,8301.0,8314.01
2026-08-30 17:00:00,8315.54,8325.9,8219.22,8234.48
2026-08-30 18:00:00,8235.68,8345.66,8220.66,8284.03
2026-08-30 19:00:00,8285.44,8286.79,8171.5,8206.98
2026-08-30 20:00:00,8205.79,8238.59,8089.95,8125.73
2026-08-30 21:00:00,8126.56,8135.85,7978.4,7985.65
2026-08-30 22:00:00,7985.7,8055.72,7923.69,8001.84
2026-08-30 23:00:00,8003.95,8148.65,7981.88,8148.08
2026-08-31 00:00:00,8149.51,8162.78,7941.61,7950.68
2026-08-31 01:00:00,7948.64,8000.68,7900.2,7921.99
2026-08-31 02:00:00,7920.77,7974.19,7882.27,7917.89
2026-08-31 03:00:00,7917.54,8041.76,7900.56,8018.68
2026-08-31 04:00:00,8018.74,8024.98,7907.38,7996.74
2026-08-31 05:00:00,7996.24,8027.29,7921.03,7964.64
2026-08-31 06:00:00,7965.59,8123.6,7933.15,8093.1
2026-08-31 07:00:00,8092.77,8146.73,8000.69,8007.01
2026-08-31 08:00:00,8006.58,8025.26,7933.07,7959.24
2026-08-31 09:00:00,7959.36,8103.08,7942.04,8086.81
2026-08-31 10:00:00,8086.62,8096.78,7946.51,7949.88
2026-08-31 11:00:00,7948.64,7966.02,7860.47,7863.31
2026-08-31 12:00:00,7866.06,7988.92,7865.01,7884.32
2026-08-31 13:00:00,7882.66,8081.77,7863.44,8068.63
2026-08-31 14:00:00,8070.31,8125.18,8004.32,8091.64
2026-08-31 15:00:00,8091.22,8155.88,8058.0,8109.13
2026-08-31 16:00:00,8107.84,8333.96,8096.58,8329.3
2026-08-31 17:00:00,8330.32,8346.18,8258.59,8305.29
2026-08-31 18:00:00,8308.37,8313.6,8233.33,8267.65
2026-08-31 19:00:00,8266.42,8281.35,8116.79,8141.66
2026-08-31 20:00:00,8140.56,8254.07,8137.26,8204.09
2026-08-31 21:00:00,8205.49,8252.67,8154.49,8172.83
2026-08-31 22:00:00,8174.73,8223.6,8096.9,8134.64
2026-08-31 23:00:00,8134.44,8245.61,8102.92,8117.42
2026-09-01 00:00:00,8118.73,8128.74,8032.85,8070.33
2026-09-01 01:00:00,8069.5,8089.18,7882.7,7929.17
2026-09-01 02:00:00,7930.26,7953.28,7864.04,7920.31
2026-09-01 03:00:00,7919.06,7919.06,7829.99,7888.27
2026-09-01 04:00:00,7887.25,7933.13,7817.69,7915.31
2026-09-01 05:00:00,7915.86,7978.09,7876.56,7887.28
2026-09-01 06:00:00,7887.26,7947.0,7813.56,7897.94
2026-09-01 07:00:00,7897.51,7918.31,7846.61,7852.15
2026-09-01 08:00:00,7851.78,7851.78,7741.95,7746.76
2026-09-01 09:00:00,7745.74,7763.84,7675.85,7724.33
2026-09-01 10:00:00,7725.01,7842.15,7698.44,7837.5
2026-09-01 11:00:00,7836.72,7869.76,7682.85,7735.46
2026-09-01 12:00:00,7735.76,7808.87,7668.68,7805.22
2026-09-01 13:00:00,7804.94,7836.1,7741.03,7778.91
2026-09-01 14:00:00,7780.08,7875.64,7753.15,7841.35
2026-09-01 15:00:00,7839.93,7949.94,7820.2,7901.68
2026-09-01 16:00:00,7902.8,7925.2,7836.5,7867.95
2026-09-01 17:00:00,7868.23,8001.01,7866.5,7896.57
2026-09-01 18:00:00,7898.77,7954.19,7844.29,7847.14
2026-09-01 19:00:00,7846.63,7929.58,7783.82,7919.11
2026-09-01 20:00:00,7918.33,7943.27,7767.73,7854.08
2026-09-01 21:00:00,7853.88,7903.81,7784.22,7877.69
2026-09-01 22:00:00,7878.2,7911.93,7824.56,7886.91
2026-09-01 23:00:00,7888.06,7994.2,7876.4,7912.49
2026-09-02 00:00:00,7911.56,8036.54,7881.57,7909.36
2026-09-02 01:00:00,7908.97,7929.74,7749.38,7764.44
2026-09-02 02:00:00,7764.09,7777.46,7672.05,7713.92
2026-09-02 03:00:00,7714.15,7800.95,7699.12,7699.75
2026-09-02 04:00:00,7700.29,7797.35,7681.36,7766.3
2026-09-02 05:00:00,7765.85,7912.82,7763.74,7887.54
2026-09-02 06:00:00,7889.68,7936.78,7821.9,7836.09
2026-09-02 07:00:00,7837.22,7963.67,7822.04,7944.83
2026-09-02 08:00:00,7945.23,7993.04,7904.34,7907.29
2026-09-02 09:00:00,7907.64,8006.73,7886.43,7946.76
2026-09-02 10:00:00,7947.05,8003.88,7872.16,7875.59
2026-09-02 11:00:00,7875.28,7997.32,7864.49,7978.64
2026-09-02 12:00:00,7979.03,7983.55,7876.18,7906.51
2026-09-02 13:00:00,7906.07,7979.65,7885.94,7965.99
2026-09-02 14:00:00,7965.8,7966.07,7776.93,7798.04
2026-09-02 15:00:00,7799.3,7825.03,7749.2,7778.24
2026-09-02 16:00:00,7777.6,7808.19,7689.29,7744.77
2026-09-02 17:00:00,7743.23,7792.91,7714.72,7788.78
2026-09-02 18:00:00,7787.75,7801.56,7738.25,7792.78
2026-09-02 19:00:00,7793.42,7829.43,7696.1,7725.87
2026-09-02 20:00:00,7726.06,7736.61,7666.38,7713.05
2026-09-02 21:00:00,7713.65,7715.85,7546.46,7554.07
2026-09-02 22:00:00,7554.21,7627.46,7522.96,7586.0
2026-09-02 23:00:00,7586.27,7614.65,7457.72,7473.57
2026-09-03 00:00:00,7473.04,7489.56,7396.66,7469.91
2026-09-03 01:00:00,7467.92,7497.63,7367.57,7373.38
2026-09-03 02:00:00,7372.72,7386.46,7271.54,7313.04
2026-09-03 03:00:00,7313.05,7316.71,7201.92,7225.3
2026-09-03 04:00:00,7225.1,7304.61,7196.45,7197.16
2026-09-03 05:00:00,7197.99,7301.61,7194.11,7255.25
2026-09-03 06:00:00,7256.81,7301.34,7238.04,7265.39
2026-09-03 07:00:00,7265.87,7384.91,7250.42,7348.01
2026-09-03 08:00:00,7346.98,7351.2,7145.04,7145.04
2026-09-03 09:00:00,7145.05,7215.66,7107.26,7139.42
2026-09-03 10:00:00,7140.41,7234.73,7137.4,7224.33
2026-09-03 11:00:00,7223.34,7223.61,7135.01,7160.21
2026-09-03 12:00:00,7160.79,7268.69,7145.82,7235.88
2026-09-03 13:00:00,7235.58,7281.31,7216.03,7259.58
2026-09-03 14:00:00,7259.49,7303.87,7187.96,7215.87
2026-09-03 15:00:00,7215.16,7240.31,7154.87,7167.22
2026-09-03 16:00:00,7167.67,7209.78,7130.41,7162.98
2026-09-03 17:00:00,7162.06,7200.21,7133.07,7170.89
2026-09-03 18:00:00,7171.38,7202.57,7117.43,7128.08
2026-09-03 19:00:00,7127.5,7134.0,7036.89,7061.36
2026-09-03 20:00:00,7061.74,7132.19,6970.78,7019.1
2026-09-03 21:00:00,7017.6,7237.55,7017.14,7206.49
2026-09-03 22:00:00,7207.05,7227.68,7103.12,7209.17
2026-09-03 23:00:00,7209.73,7228.11,7151.13,7198.13
2026-09-04 00:00:00,7198.1,7246.79,7175.63,7229.98
2026-09-04 01:00:00,7229.17,7334.56,7219.23,7307.29
2026-09-04 02:00:00,7305.18,7347.45,7247.87,7280.68
2026-09-04 03:00:00,7280.18,7423.97,7267.19,7345.87
2026-09-04 04:00:00,7346.07,7466.7,7345.64,7450.42
2026-09-04 05:00:00,7451.02,7456.67,7314.32,7348.46
2026-09-04 06:00:00,7349.67,7404.12,7338.05,7375.04
2026-09-04 07:00:00,7375.36,7453.91,7321.89,7408.16
2026-09-04 08:00:00,7409.89,7453.59,7379.55,7445.64
2026-09-04 09:00:00,7444.86,7528.35,7418.17,7456.16
2026-09-04 10:00:00,7455.21,7539.73,7455.21,7486.33
2026-09-04 11:00:00,7484.01,7630.32,7462.7,7598.43
2026-09-04 12:00:00,7596.84,7657.91,7564.16,7566.31
2026-09-04 13:00:00,7567.4,7627.41,7494.47,7555.28
2026-09-04 14:00:00,7554.55,7595.86,7514.9,7569.44
2026-09-04 15:00:00,7568.6,7569.75,7495.08,7504.92
2026-09-04 16:00:00,7505.1,7512.33,7362.69,7381.35
2026-09-04 17:00:00,7382.36,7423.03,7347.24,7369.44
2026-09-04 18:00:00,7367.95,7391.67,7281.36,7282.92
2026-09-04 19:00:00,7282.8,7449.23,7271.07,7421.75
2026-09-04 20:00:00,7419.92,7472.71,7399.08,7471.59
2026-09-04 21:00:00,7473.28,7506.38,7384.39,7442.86
2026-09-04 22:00:00,7442.26,7504.43,7398.6,7500.45
2026-09-04 23:00:00,7499.75,7501.17,7423.88,7432.33
2026-09-05 00:00:00,7431.81,7442.03,7306.21,7329.22
2026-09-05 01:00:00,7328.8,7486.44,7314.87,7421.98
2026-09-05 02:00:00,7420.77,7443.53,7373.48,7387.23
2026-09-05 03:00:00,7386.55,7394.47,7322.85,7333.9
2026-09-05 04:00:00,7333.76,7378.18,7311.0,7324.6
2026-09-05 05:00:00,7323.11,7346.93,7258.58,7296.18
2026-09-05 06:00:00,7296.54,7317.02,7165.42,7171.68
2026-09-05 07:00:00,7170.16,7210.23,7132.17,7159.1
2026-09-05 08:00:00,7160.76,7221.8,7147.26,7161.64
2026-09-05 09:00:00,7162.47,7327.15,7161.45,7301.12
2026-09-05 10:00:00,7301.79,7509.8,7248.64,7464.54
2026-09-05 11:00:00,7463.62,7518.38,7449.06,7496.22
2026-09-05 12:00:00,7496.82,7710.12,7477.17,7673.73
2026-09-05 13:00:00,7675.94,7696.64,7585.24,7636.39
2026-09-05 14:00:00,7634.96,7645.38,7420.09,7424.5
2026-09-05 15:00:00,7425.95,7495.22,7378.11,7459.49
2026-09-05 16:00:00,7460.0,7527.16,7394.37,7515.68
2026-09-05 17:00:00,7514.64,7578.09,7440.41,7560.27
2026-09-05 18:00:00,7559.43,7690.99,7520.58,7539.16
2026-09-05 19:00:00,7540.44,7595.3,7432.78,7459.27
2026-09-05 20:00:00,7458.38,7554.48,7429.84,7508.85
2026-09-05 21:00:00,7508.75,7568.87,7451.55,7536.31
2026-09-05 22:00:00,7535.41,7642.16,7500.14,7627.65
2026-09-05 23:00:00,7628.29,7629.75,7493.39,7561.72
2026-09-06 00:00:00,7562.04,7577.16,7476.4,7512.71
2026-09-06 01:00:00,7514.01,7622.34,7493.26,7516.66
2026-09-06 02:00:00,7515.84,7554.89,7488.63,7549.31
2026-09-06 03:00:00,7548.49,7572.29,7526.31,7553.97
2026-09-06 04:00:00,7554.72,7698.64,7551.04,7681.27
2026-09-06 05:00:00,7682.37,7682.37,7449.88,7554.6
2026-09-06 06:00:00,7556.07,7611.39,7512.05,7584.71
2026-09-06 07:00:00,7584.28,7591.18,7394.83,7408.45
2026-09-06 08:00:00,7408.35,7512.87,7377.92,7444.43
2026-09-06 09:00:00,7445.76,7462.89,7399.99,7421.63
2026-09-06 10:00:00,7420.89,7541.57,7415.29,7515.51
2026-09-06 11:00:00,7517.22,7591.38,7480.23,7507.31
2026-09-06 12:00:00,7506.89,7747.62,7483.86,7670.19
2026-09-06 13:00:00,7668.12,7695.21,7620.45,7631.5
2026-09-06 14:00:00,7631.39,7645.67,7559.47,7560.14
2026-09-06 15:00:00,7561.85,7680.99,7545.52,7677.08
2026-09-06 16:00:00,7676.26,7704.34,7585.45,7638.5
2026-09-06 17:00:00,7638.92,7652.71,7495.89,7538.11
2026-09-06 18:00:00,7537.69,7620.79,7508.67,7595.13
2026-09-06 19:00:00,7594.19,7705.6,7578.56,7669.37
2026-09-06 20:00:00,7668.94,7723.66,7623.42,7639.01
2026-09-06 21:00:00,7637.85,7656.63,7557.11,7585.66
2026-09-06 22:00:00,7586.07,7631.94,7519.67,7606.82
2026-09-06 23:00:00,7606.98,7613.7,7479.58,7508.71
2026-09-07 00:00:00,7508.65,7536.07,7421.12,7516.89
2026-09-07 01:00:00,7515.71,7584.31,7507.48,7521.7
2026-09-07 02:00:00,7521.39,7565.24,7441.61,7509.4
2026-09-07 03:00:00,7509.35,7512.99,7407.09,7503.49
2026-09-07 04:00:00,7504.04,7516.61,7385.31,7400.25
2026-09-07 05:00:00,7400.36,7410.35,7275.46,7275.79
2026-09-07 06:00:00,7276.31,7372.3,7232.82,7256.54
2026-09-07 07:00:00,7255.81,7272.51,7152.93,7209.72
2026-09-07 08:00:00,7209.11,7224.72,7078.99,7129.89
2026-09-07 09:00:00,7127.79,7159.56,7002.63,7025.0
2026-09-07 10:00:00,7026.08,7092.74,7016.52,7032.77
2026-09-07 11:00:00,7031.72,7065.98,6999.29,7021.63
2026-09-07 12:00:00,7021.88,7092.15,6957.54,6982.11
2026-09-07 13:00:00,6982.31,7023.02,6944.22,6989.53
2026-09-07 14:00:00,6990.38,7071.26,6962.44,7069.05
2026-09-07 15:00:00,7067.19,7105.05,6984.7,7040.2
2026-09-07 16:00:00,7040.12,7075.58,6996.03,7039.54
2026-09-07 17:00:00,7038.94,7063.59,6970.97,7026.68
2026-09-07 18:00:00,7027.74,7107.83,7019.05,7025.09
2026-09-07 19:00:00,7025.53,7195.0,7025.53,7178.15
2026-09-07 20:00:00,7177.56,7222.9,7155.22,7205.39
2026-09-07 21:00:00,7205.44,7264.07,7176.38,7256.55
2026-09-07 22:00:00,7257.63,7334.45,7235.06,7327.09
2026-09-07 23:00:00,7326.6,7391.71,7284.88,7316.58
2026-09-08 00:00:00,7316.18,7330.4,7125.96,7130.15
2026-09-08 01:00:00,7131.66,7237.08,7128.21,7237.08
2026-09-08 02:00:00,7237.44,7254.45,7171.47,7193.58
2026-09-08 03:00:00,7192.79,7273.44,7119.1,7252.64
2026-09-08 04:00:00,7251.78,7264.7,7113.05,7174.4
2026-09-08 05:00:00,7175.22,7208.03,7114.98,7127.99
2026-09-08 06:00:00,7129.02,7247.94,7098.79,7192.05
2026-09-08 07:00:00,7192.36,7335.6,7146.63,7335.6
2026-09-08 08:00:00,7334.74,7424.42,7320.96,7401.61
2026-09-08 09:00:00,7400.63,7425.51,7350.05,7424.64
2026-09-08 10:00:00,7424.36,7497.45,7420.77,7438.68
2026-09-08 11:00:00,7437.04,7460.92,7379.04,7428.03
2026-09-08 12:00:00,7427.22,7510.21,7415.24,7488.83
2026-09-08 13:00:00,7489.87,7541.02,7466.53,7485.63
2026-09-08 14:00:00,7486.96,7565.18,7443.09,7528.15
2026-09-08 15:00:00,7528.88,7611.79,7485.0,7500.99
2026-09-08 16:00:00,7501.31,7502.92,7343.02,7347.12
2026-09-08 17:00:00,7345.78,7412.57,7297.59,7382.6
2026-09-08 18:00:00,7381.67,7451.32,7381.67,7420.02
2026-09-08 19:00:00,7419.1,7478.99,7392.4,7437.3
2026-09-08 20:00:00,7436.78,7437.46,7310.61,7317.08
2026-09-08 21:00:00,7317.24,7323.58,7129.59,7160.25
2026-09-08 22:00:00,7158.68,7204.21,7120.06,7197.97
2026-09-08 23:00:00,7198.22,7286.28,7150.12,7205.55
2026-09-09 00:00:00,7205.43,7229.72,7156.99,7203.25
2026-09-09 01:00:00,7202.81,7268.89,7192.85,7260.27
2026-09-09 02:00:00,7260.65,7314.97,7223.5,7248.54
2026-09-09 03:00:00,7248.17,7304.85,7235.65,7252.82
2026-09-09 04:00:00,7252.89,7260.27,7170.05,7184.61
2026-09-09 05:00:00,7183.56,7235.28,7128.04,7224.15
2026-09-09 06:00:00,7224.63,7357.3,7183.55,7356.44
2026-09-09 07:00:00,7355.65,7380.65,7317.7,7321.88
2026-09-09 08:00:00,7322.06,7507.36,7320.32,7496.25
2026-09-09 09:00:00,7495.09,7515.36,7428.51,7458.04
2026-09-09 10:00:00,7457.28,7471.13,7249.67,7249.67
2026-09-09 11:00:00,7250.93,7404.87,7221.35,7404.65
2026-09-09 12:00:00,7403.02,7405.4,7260.46,7268.18
2026-09-09 13:00:00,7267.44,7328.95,7236.73,7258.4
2026-09-09 14:00:00,7258.64,7279.51,7211.83,7266.81
2026-09-09 15:00:00,7266.36,7323.81,7252.74,7265.9
2026-09-09 16:00:00,7267.85,7369.21,7244.1,7353.79
2026-09-09 17:00:00,7352.81,7396.1,7324.47,7392.87
2026-09-09 18:00:00,7391.92,7419.43,7347.27,7368.6
2026-09-09 19:00:00,7367.63,7403.92,7247.97,7272.01
2026-09-09 20:00:00,7271.24,7424.43,7253.51,7377.26
2026-09-09 21:00:00,7376.44,7395.06,7308.01,7374.15
2026-09-09 22:00:00,7374.03,7493.56,7329.43,7466.64
2026-09-09 23:00:00,7466.5,7495.77,7349.88,7351.55
2026-09-10 00:00:00,7350.54,7375.45,7279.41,7336.92
2026-09-10 01:00:00,7336.65,7355.71,7176.29,7184.89
2026-09-10 02:00:00,7185.16,7225.89,7158.6,7209.35
2026-09-10 03:00:00,7210.77,7222.63,7169.24,7196.92
2026-09-10 04:00:00,7197.87,7203.57,7084.9,7087.76
2026-09-10 05:00:00,7088.51,7175.38,7056.92,7128.6
2026-09-10 06:00:00,7129.45,7134.69,7044.64,7076.96
2026-09-10 07:00:00,7076.44,7161.58,7062.27,7131.77
2026-09-10 08:00:00,7132.29,7233.12,7117.42,7200.93
2026-09-10 09:00:00,7201.47,7206.47,7163.19,7174.65
2026-09-10 10:00:00,7174.75,7183.4,7043.19,7055.42
2026-09-10 11:00:00,7054.22,7099.74,6980.62,7004.49
2026-09-10 12:00:00,7004.74,7033.77,6946.77,6972.14
2026-09-10 13:00:00,6972.09,6997.45,6861.07,6867.65
2026-09-10 14:00:00,6868.33,6905.1,6810.79,6875.75
2026-09-10 15:00:00,6874.73,6966.98,6861.17,6912.15
2026-09-10 16:00:00,6913.06,7062.92,6901.86,7051.34
2026-09-10 17:00:00,7052.17,7086.07,7000.28,7059.92
2026-09-10 18:00:00,7061.08,7061.08,7008.89,7017.3
2026-09-10 19:00:00,7017.7,7047.81,6988.93,7041.29
2026-09-10 20:00:00,7042.12,7080.89,6978.33,7003.89
2026-09-10 21:00:00,7002.47,7013.92,6883.03,6885.57
2026-09-10 22:00:00,6886.15,6947.21,6851.25,6928.69
2026-09-10 23:00:00,6953.52,6980.0,6906.49,6955.06
2026-09-11 00:00:00,6956.45,7074.01,6941.76,7042.5
2026-09-11 01:00:00,7042.16,7042.16,6965.88,6985.91
2026-09-11 02:00:00,6985.77,7033.82,6966.12,6993.9
2026-09-11 03:00:00,6992.37,7006.78,6921.62,6923.3
2026-09-11 04:00:00,6923.44,6940.68,6822.59,6841.9
2026-09-11 05:00:00,6843.37,6861.61,6737.09,6761.03
2026-09-11 06:00:00,6760.42,6849.34,6721.84,6847.18
2026-09-11 07:00:00,6847.71,6865.33,6717.64,6728.02
2026-09-11 08:00:00,6727.19,6853.05,6713.22,6769.91
2026-09-11 09:00:00,6771.34,6875.19,6753.44,6863.32
2026-09-11 10:00:00,6864.23,6916.85,6811.73,6815.15
2026-09-11 11:00:00,6814.35,6958.0,6779.77,6950.71
2026-09-11 12:00:00,6951.97,6960.94,6863.1,6936.69
2026-09-11 13:00:00,6936.22,6954.52,6798.93,6815.04
2026-09-11 14:00:00,6815.79,6879.18,6776.61,6862.73
2026-09-11 15:00:00,6861.67,6884.05,6739.66,6743.83
2026-09-11 16:00:00,6743.54,6757.93,6578.23,6592.22
2026-09-11 17:00:00,6591.67,6600.38,6435.93,6445.12
2026-09-11 18:00:00,6445.83,6493.02,6418.86,6419.5
2026-09-11 19:00:00,6418.98,6491.9,6404.15,6491.9
2026-09-11 20:00:00,6491.04,6603.99,6485.48,6602.23
2026-09-11 21:00:00,6600.19,6668.4,6572.38,6653.7
2026-09-11 22:00:00,6652.22,6712.77,6610.01,6703.53
2026-09-11 23:00:00,6704.17,6754.99,6680.74,6743.61
2026-09-12 00:00:00,6743.01,6780.76,6713.36,6736.13
2026-09-12 01:00:00,6735.9,6743.93,6646.93,6705.97
2026-09-12 02:00:00,6704.71,6825.57,6673.27,6718.2
2026-09-12 03:00:00,6717.36,6733.11,6645.73,6710.1
2026-09-12 04:00:00,6711.23,6767.46,6677.52,6699.44
2026-09-12 05:00:00,6698.35,6740.95,6653.12,6705.71
2026-09-12 06:00:00,6705.95,6732.99,6652.28,6673.19
2026-09-12 07:00:00,6673.83,6724.81,6636.45,6718.3
2026-09-12 08:00:00,6718.63,6749.44,6643.98,6747.15
2026-09-12 09:00:00,6746.22,6849.38,6742.57,6847.28
2026-09-12 10:00:00,6846.98,6872.19,6742.71,6868.51
2026-09-12 11:00:00,6867.82,6936.39,6832.61,6893.29
2026-09-12 12:00:00,6894.9,6912.42,6861.57,6894.02
2026-09-12 13:00:00,6892.93,6964.84,6858.79,6938.95
2026-09-12 14:00:00,6939.43,7011.27,6890.41,7007.49
2026-09-12 15:00:00,7006.62,7124.64,6998.1,7116.57
2026-09-12 16:00:00,7116.96,7118.07,7044.21,7071.3
2026-09-12 17:00:00,7072.09,7115.05,7038.43,7080.41
2026-09-12 18:00:00,7080.61,7091.86,6989.04,7024.84
2026-09-12 19:00:00,7024.93,7065.47,6956.03,6959.01
2026-09-12 20:00:00,6959.53,6963.18,6878.99,6939.05
2026-09-12 21:00:00,6939.43,6941.32,6839.07,6850.46
2026-09-12 22:00:00,6851.8,6914.29,6797.52,6857.21
2026-09-12 23:00:00,6857.1,6972.63,6841.3,6916.08
2026-09-13 00:00:00,6915.01,6993.77,6909.58,6934.5
2026-09-13 01:00:00,6935.11,7014.96,6926.73,6966.78
2026-09-13 02:00:00,6967.58,7009.88,6925.67,6946.06
2026-09-13 03:00:00,6945.97,7018.58,6937.44,6994.73
2026-09-13 04:00:00,6994.84,7050.71,6979.7,7009.27
2026-09-13 05:00:00,7009.89,7072.79,6982.41,7072.79
2026-09-13 06:00:00,7071.98,7082.53,6949.18,6958.94
2026-09-13 07:00:00,6959.87,7024.02,6939.09,7012.04
2026-09-13 08:00:00,7012.83,7049.2,6968.32,7030.23
2026-09-13 09:00:00,7031.31,7076.99,6975.84,7018.28
2026-09-13 10:00:00,7017.87,7093.03,7013.5,7048.03
2026-09-13 11:00:00,7047.72,7078.78,6999.62,7018.75
2026-09-13 12:00:00,7018.81,7037.59,6965.44,6998.57
2026-09-13 13:00:00,6997.68,7055.87,6968.93,6968.93
2026-09-13 14:00:00,6969.55,6975.62,6899.2,6944.23
2026-09-13 15:00:00,6945.29,6967.87,6736.44,6744.4
2026-09-13 16:00:00,6743.38,6817.19,6731.34,6801.55
2026-09-13 17:00:00,6801.17,6909.64,6769.82,6853.26
2026-09-13 18:00:00,6853.83,6922.96,6787.22,6828.0
2026-09-13 19:00:00,6826.61,6884.33,6804.84,6870.67
2026-09-13 20:00:00,6870.78,6953.33,6870.78,6890.32
2026-09-13 21:00:00,6888.03,6942.81,6798.82,6922.51
2026-09-13 22:00:00,6923.09,6938.09,6861.13,6891.82
2026-09-13 23:00:00,6894.24,6917.75,6826.98,6842.87
2026-09-14 00:00:00,6841.43,6843.11,6732.52,6750.26
2026-09-14 01:00:00,6751.49,6841.17,6750.75,6763.99
2026-09-14 02:00:00,6765.01,6811.48,6746.44,6784.45
2026-09-14 03:00:00,6781.65,6854.19,6757.14,6801.59
2026-09-14 04:00:00,6800.37,6934.93,6795.54,6927.09
2026-09-14 05:00:00,6926.14,6998.18,6900.13,6983.47
2026-09-14 06:00:00,6983.46,7053.09,6963.99,6993.91
2026-09-14 07:00:00,6993.15,7058.46,6969.4,6975.57
2026-09-14 08:00:00,6975.32,7017.24,6961.01,7005.2
2026-09-14 09:00:00,7005.93,7035.72,6963.74,7006.72
2026-09-14 10:00:00,7006.46,7015.44,6898.61,6908.15
2026-09-14 11:00:00,6907.05,6918.68,6864.73,6886.55
2026-09-14 12:00:00,6886.15,6938.55,6853.42,6855.17
2026-09-14 13:00:00,6856.28,6883.57,6785.65,6801.42
2026-09-14 14:00:00,6799.94,6945.01,6785.98,6931.87
2026-09-14 15:00:00,6931.51,7073.18,6921.24,6975.88
2026-09-14 16:00:00,6977.15,7158.16,6965.31,7122.37
2026-09-14 17:00:00,7123.58,7143.6,7077.29,7078.84
2026-09-14 18:00:00,7078.81,7082.93,6969.98,6983.47
2026-09-14 19:00:00,6984.9,6993.47,6880.45,6905.26
2026-09-14 20:00:00,6904.68,6922.02,6842.18,6872.62
2026-09-14 21:00:00,6873.52,6946.08,6846.13,6910.21
2026-09-14 22:00:00,6909.82,6927.17,6867.75,6894.56
2026-09-14 23:00:00,6894.9,6947.38,6799.02,6921.9
2026-09-15 00:00:00,6922.26,7083.76,6908.63,7068.82
2026-09-15 01:00:00,7069.89,7144.77,7038.38,7135.93
2026-09-15 02:00:00,7136.55,7234.6,7123.39,7229.66
2026-09-15 03:00:00,7228.57,7305.41,7177.74,7274.96
2026-09-15 04:00:00,7276.29,7365.67,7265.39,7281.47
2026-09-15 05:00:00,7282.2,7293.76,7157.4,7217.55
2026-09-15 06:00:00,7215.56,7265.01,7161.6,7226.51
2026-09-15 07:00:00,7226.88,7243.33,7118.99,7129.7
2026-09-15 08:00:00,7128.87,7170.2,7068.41,7148.36
2026-09-15 09:00:00,7148.08,7186.4,7089.85,7139.06
2026-09-15 10:00:00,7139.69,7253.32,7137.21,7248.31
2026-09-15 11:00:00,7249.18,7316.84,7190.74,7297.05
2026-09-15 12:00:00,7297.25,7397.18,7290.66,7364.91
2026-09-15 13:00:00,7365.34,7513.95,7359.16,7475.15
2026-09-15 14:00:00,7475.39,7517.63,7439.14,7465.53
2026-09-15 15:00:00,7466.79,7473.24,7363.42,7404.19
2026-09-15 16:00:00,7403.16,7410.16,7248.62,7299.09
2026-09-15 17:00:00,7299.5,7303.09,7234.83,7248.8
2026-09-15 18:00:00,7249.09,7456.12,7241.13,7455.33
2026-09-15 19:00:00,7455.92,7517.38,7422.22,7471.77
2026-09-15 20:00:00,7472.89,7511.41,7368.15,7371.04
2026-09-15 21:00:00,7371.52,7383.21,7229.86,7281.42
2026-09-15 22:00:00,7280.23,7351.81,7234.84,7263.22
2026-09-15 23:00:00,7263.66,7345.27,7229.5,7294.12
2026-09-16 00:00:00,7294.36,7299.52,7130.02,7174.07
2026-09-16 01:00:00,7173.71,7221.92,7124.38,7125.88
2026-09-16 02:00:00,7125.2,7128.94,6984.37,6995.41
2026-09-16 03:00:00,6993.76,7073.2,6985.67,7053.55
2026-09-16 04:00:00,7052.28,7127.85,7036.85,7120.19
2026-09-16 05:00:00,7120.86,7165.72,7102.69,7145.91
2026-09-16 06:00:00,7146.42,7213.82,7096.21,7212.07
2026-09-16 07:00:00,7211.25,7226.57,7125.04,7129.87
2026-09-16 08:00:00,7131.0,7137.82,7048.27,7102.34
2026-09-16 09:00:00,7101.48,7139.84,7071.79,7085.35
2026-09-16 10:00:00,7085.06,7213.22,7070.82,7210.95
2026-09-16 11:00:00,7211.08,7319.75,7209.4,7291.19
2026-09-16 12:00:00,7291.17,7295.22,7179.27,7253.94
2026-09-16 13:00:00,7255.14,7277.57,7213.65,7247.86
2026-09-16 14:00:00,7247.53,7338.93,7231.65,7311.83
2026-09-16 15:00:00,7311.11,7429.36,7303.23,7424.31
2026-09-16 16:00:00,7424.78,7483.71,7400.35,7429.6
2026-09-16 17:00:00,7429.87,7491.66,7394.19,7450.21
2026-09-16 18:00:00,7449.97,7483.41,7388.32,7407.43
2026-09-16 19:00:00,7409.03,7445.35,7343.34,7441.42
2026-09-16 20:00:00,7440.98,7556.06,7430.53,7467.46
2026-09-16 21:00:00,7466.8,7518.1,7386.76,7515.67
2026-09-16 22:00:00,7515.21,7541.41,7427.71,7476.42
2026-09-16 23:00:00,7475.92,7549.6,7450.39,7499.17
2026-09-17 00:00:00,7498.25,7552.2,7460.43,7484.38
2026-09-17 01:00:00,7484.08,7510.36,7432.22,7508.99
2026-09-17 02:00:00,7508.99,7512.83,7447.76,7468.5
