timestamp,open,high,low,close
2025-10-18 11:00:00,5666.082,5668.279,5656.408,5660.453
2025-10-18 12:00:00,5660.217,5668.201,5659.559,5667.83
2025-10-18 13:00:00,5667.689,5678.13,5667.689,5677.832
2025-10-18 14:00:00,5677.725,5684.432,5673.579,5683.443
2025-10-18 15:00:00,5683.551,5688.947,5677.981,5680.831
2025-10-18 16:00:00,5680.998,5683.117,5673.591,5676.041
2025-10-18 17:00:00,5676.046,5678.353,5664.242,5666.145
2025-10-18 18:00:00,5666.061,5669.096,5660.314,5661.244
2025-10-18 19:00:00,5661.408,5671.332,5660.48,5669.98
2025-10-18 20:00:00,5669.79,5671.609,5664.242,5665.883
2025-10-18 21:00:00,5666.135,5668.469,5660.855,5662.839
2025-10-18 22:00:00,5662.679,5665.461,5653.857,5653.932
2025-10-18 23:00:00,5653.781,5660.363,5652.691,5654.801
2025-10-19 00:00:00,5655.075,5665.265,5654.694,5663.552
2025-10-19 01:00:00,5663.371,5669.025,5658.502,5668.14
2025-10-19 02:00:00,5668.355,5673.668,5666.831,5671.99
2025-10-19 03:00:00,5672.205,5677.667,5670.584,5676.758
2025-10-19 04:00:00,5676.706,5677.371,5664.833,5670.344
2025-10-19 05:00:00,5670.432,5671.117,5657.199,5657.673
2025-10-19 06:00:00,5657.466,5661.27,5649.361,5652.441
2025-10-19 07:00:00,5652.37,5659.423,5651.159,5653.85
2025-10-19 08:00:00,5654.067,5659.364,5648.373,5652.228
2025-10-19 09:00:00,5652.559,5655.171,5649.684,5652.049
2025-10-19 10:00:00,5652.254,5654.496,5647.259,5650.7
2025-10-19 11:00:00,5650.663,5653.052,5645.767,5652.028
2025-10-19 12:00:00,5652.339,5653.318,5639.141,5641.108
2025-10-19 13:00:00,5640.99,5643.893,5634.959,5636.117
2025-10-19 14:00:00,5636.337,5636.417,5629.4,5629.589
2025-10-19 15:00:00,5629.45,5629.45,5620.375,5620.375
2025-10-19 16:00:00,5620.367,5620.795,5611.997,5615.059
2025-10-19 17:00:00,5615.227,5623.173,5612.981,5620.247
2025-10-19 18:00:00,5620.047,5622.348,5615.735,5615.981
2025-10-19 19:00:00,5615.995,5622.697,5611.053,5611.974
2025-10-19 20:00:00,5611.965,5612.31,5601.161,5604.295
2025-10-19 21:00:00,5604.195,5613.712,5603.918,5610.47
2025-10-19 22:00:00,5610.563,5611.186,5604.193,5610.827
2025-10-19 23:00:00,5610.587,5624.539,5607.161,5622.077
2025-10-20 00:00:00,5622.221,5633.18,5621.615,5632.17
2025-10-20 01:00:00,5632.149,5634.007,5627.857,5628.463
2025-10-20 02:00:00,5628.508,5633.182,5626.617,5629.236
2025-10-20 03:00:00,5629.176,5629.594,5623.275,5625.249
2025-10-20 04:00:00,5624.937,5627.05,5619.929,5621.562
2025-10-20 05:00:00,5621.922,5632.393,5621.227,5631.465
2025-10-20 06:00:00,5631.42,5648.16,5631.151,5642.176
2025-10-20 07:00:00,5642.027,5651.5,5641.002,5648.366
2025-10-20 08:00:00,5648.289,5658.378,5646.485,5653.851
2025-10-20 09:00:00,5654.136,5654.393,5644.992,5647.649
2025-10-20 10:00:00,5647.577,5652.974,5644.608,5651.383
2025-10-20 11:00:00,5651.284,5655.129,5647.809,5652.857
2025-10-20 12:00:00,5652.983,5653.148,5641.288,5647.525
2025-10-20 13:00:00,5647.559,5652.329,5643.519,5651.833
2025-10-20 14:00:00,5652.034,5658.467,5651.425,5657.221
2025-10-20 15:00:00,5657.479,5667.772,5657.217,5665.796
2025-10-20 16:00:00,5665.822,5672.18,5665.822,5670.753
2025-10-20 17:00:00,5670.763,5672.725,5666.88,5669.944
2025-10-20 18:00:00,5670.131,5675.435,5665.241,5670.809
2025-10-20 19:00:00,5670.937,5675.298,5669.624,5673.179
2025-10-20 20:00:00,5673.117,5673.391,5662.504,5665.397
2025-10-20 21:00:00,5664.968,5670.252,5660.959,5661.686
2025-10-20 22:00:00,5661.873,5665.434,5654.144,5662.826
2025-10-20 23:00:00,5663.045,5665.078,5656.929,5657.532
2025-10-21 00:00:00,5657.551,5663.138,5655.76,5656.324
2025-10-21 01:00:00,5656.365,5663.665,5653.164,5657.009
2025-10-21 02:00:00,5656.9,5669.439,5655.103,5667.65
2025-10-21 03:00:00,5667.494,5670.307,5663.601,5664.733
2025-10-21 04:00:00,5664.733,5666.441,5661.309,5661.824
2025-10-21 05:00:00,5661.932,5666.755,5660.433,5665.149
2025-10-21 06:00:00,5665.074,5667.585,5657.927,5657.927
2025-10-21 07:00:00,5657.791,5663.423,5657.206,5663.177
2025-10-21 08:00:00,5663.037,5667.849,5661.248,5661.883
2025-10-21 09:00:00,5661.945,5664.269,5655.439,5658.879
2025-10-21 10:00:00,5658.953,5664.352,5655.654,5664.352
2025-10-21 11:00:00,5664.255,5675.257,5663.404,5674.592
2025-10-21 12:00:00,5674.588,5676.999,5667.887,5675.345
2025-10-21 13:00:00,5675.354,5681.181,5674.549,5675.504
2025-10-21 14:00:00,5675.42,5687.667,5674.86,5684.469
2025-10-21 15:00:00,5684.322,5687.119,5675.018,5675.79
2025-10-21 16:00:00,5675.848,5675.984,5665.102,5666.933
2025-10-21 17:00:00,5666.848,5669.548,5660.119,5663.157
2025-10-21 18:00:00,5662.994,5667.916,5660.936,5663.336
2025-10-21 19:00:00,5663.497,5669.469,5662.21,5667.696
2025-10-21 20:00:00,5667.655,5675.458,5666.758,5672.098
2025-10-21 21:00:00,5672.051,5684.182,5669.964,5682.678
2025-10-21 22:00:00,5682.642,5693.25,5681.561,5687.579
2025-10-21 23:00:00,5687.401,5699.294,5685.892,5697.366
2025-10-22 00:00:00,5697.228,5705.768,5696.502,5704.948
2025-10-22 01:00:00,5704.898,5704.954,5696.704,5698.454
2025-10-22 02:00:00,5698.492,5701.723,5694.613,5694.897
2025-10-22 03:00:00,5694.98,5698.57,5686.24,5686.457
2025-10-22 04:00:00,5686.349,5691.316,5684.514,5691.061
2025-10-22 05:00:00,5691.217,5714.451,5691.217,5714.451
2025-10-22 06:00:00,5714.333,5721.479,5712.292,5719.908
2025-10-22 07:00:00,5719.932,5725.434,5718.688,5722.054
2025-10-22 08:00:00,5722.195,5727.472,5717.847,5723.686
2025-10-22 09:00:00,5723.711,5723.711,5715.971,5717.777
2025-10-22 10:00:00,5717.63,5722.898,5714.541,5721.826
2025-10-22 11:00:00,5721.938,5731.43,5720.915,5726.817
2025-10-22 12:00:00,5726.696,5733.162,5723.925,5725.059
2025-10-22 13:00:00,5725.209,5727.607,5721.216,5726.693
2025-10-22 14:00:00,5726.566,5734.965,5723.883,5725.571
2025-10-22 15:00:00,5725.631,5728.814,5719.672,5724.484
2025-10-22 16:00:00,5724.504,5733.707,5722.416,5730.386
2025-10-22 17:00:00,5730.521,5736.882,5727.936,5734.532
2025-10-22 18:00:00,5734.439,5734.623,5717.033,5718.292
2025-10-22 19:00:00,5718.198,5726.275,5716.406,5724.655
2025-10-22 20:00:00,5724.658,5734.532,5722.004,5730.843
2025-10-22 21:00:00,5730.751,5738.863,5729.701,5735.581
2025-10-22 22:00:00,5735.694,5739.509,5732.949,5735.265
2025-10-22 23:00:00,5735.035,5743.878,5734.77,5742.167
2025-10-23 00:00:00,5742.331,5750.289,5742.331,5743.841
2025-10-23 01:00:00,5743.82,5748.082,5738.945,5739.387
2025-10-23 02:00:00,5739.475,5744.228,5737.328,5742.448
2025-10-23 03:00:00,5742.538,5750.243,5741.356,5748.495
2025-10-23 04:00:00,5748.307,5748.837,5736.104,5740.276
2025-10-23 05:00:00,5739.98,5745.92,5737.759,5744.107
2025-10-23 06:00:00,5744.207,5746.549,5740.303,5741.781
2025-10-23 07:00:00,5741.986,5747.19,5731.803,5734.041
2025-10-23 08:00:00,5733.905,5748.94,5731.263,5748.94
2025-10-23 09:00:00,5748.928,5754.169,5748.171,5753.88
2025-10-23 10:00:00,5753.885,5757.234,5742.703,5743.048
2025-10-23 11:00:00,5742.893,5745.056,5739.374,5741.86
2025-10-23 12:00:00,5742.004,5746.848,5741.185,5743.151
2025-10-23 13:00:00,5743.331,5744.921,5729.324,5732.189
2025-10-23 14:00:00,5732.079,5738.241,5729.705,5737.44
2025-10-23 15:00:00,5737.361,5744.715,5736.433,5744.342
2025-10-23 16:00:00,5744.53,5746.04,5738.775,5744.613
2025-10-23 17:00:00,5744.622,5745.419,5729.948,5731.373
2025-10-23 18:00:00,5731.238,5734.599,5727.993,5730.443
2025-10-23 19:00:00,5730.619,5740.128,5728.338,5740.128
2025-10-23 20:00:00,5740.147,5746.356,5738.408,5740.115
2025-10-23 21:00:00,5740.177,5741.302,5731.772,5733.987
2025-10-23 22:00:00,5734.046,5736.554,5728.422,5732.621
2025-10-23 23:00:00,5732.589,5739.549,5730.605,5731.1
2025-10-24 00:00:00,5730.963,5731.607,5720.75,5721.352
2025-10-24 01:00:00,5721.524,5725.034,5712.861,5713.28
2025-10-24 02:00:00,5713.217,5713.964,5701.719,5702.916
2025-10-24 03:00:00,5703.117,5705.973,5699.61,5699.815
2025-10-24 04:00:00,5699.896,5703.892,5696.005,5699.664
2025-10-24 05:00:00,5699.64,5705.773,5697.873,5704.984
2025-10-24 06:00:00,5705.181,5709.336,5700.798,5702.204
2025-10-24 07:00:00,5702.368,5707.054,5700.106,5705.81
2025-10-24 08:00:00,5705.722,5708.403,5697.011,5700.956
2025-10-24 09:00:00,5700.955,5703.741,5697.735,5700.387
2025-10-24 10:00:00,5700.278,5700.278,5689.778,5693.371
2025-10-24 11:00:00,5693.553,5697.295,5690.615,5693.443
2025-10-24 12:00:00,5693.156,5704.461,5692.069,5699.521
2025-10-24 13:00:00,5699.433,5706.382,5695.863,5705.098
2025-10-24 14:00:00,5705.255,5709.936,5697.527,5697.622
2025-10-24 15:00:00,5697.641,5704.322,5692.101,5703.313
2025-10-24 16:00:00,5703.206,5709.736,5698.509,5698.893
2025-10-24 17:00:00,5698.814,5704.815,5697.288,5703.845
2025-10-24 18:00:00,5703.89,5712.676,5702.603,5711.773
2025-10-24 19:00:00,5711.805,5717.203,5707.99,5709.643
2025-10-24 20:00:00,5709.489,5709.489,5697.775,5703.641
2025-10-24 21:00:00,5703.768,5705.276,5693.68,5695.584
2025-10-24 22:00:00,5695.555,5700.482,5695.174,5698.706
2025-10-24 23:00:00,5698.613,5699.928,5692.137,5696.391
2025-10-25 00:00:00,5696.457,5700.969,5693.249,5699.538
2025-10-25 01:00:00,5699.557,5711.141,5696.529,5710.281
2025-10-25 02:00:00,5710.296,5712.176,5701.506,5702.548
2025-10-25 03:00:00,5702.381,5713.941,5699.367,5713.304
2025-10-25 04:00:00,5713.251,5714.851,5698.131,5704.097
2025-10-25 05:00:00,5704.225,5710.69,5703.382,5707.085
2025-10-25 06:00:00,5707.265,5716.466,5705.326,5715.545
2025-10-25 07:00:00,5715.648,5717.387,5708.26,5712.817
2025-10-25 08:00:00,5712.825,5715.152,5706.954,5713.07
2025-10-25 09:00:00,5713.077,5713.922,5704.115,5706.369
2025-10-25 10:00:00,5706.317,5708.259,5701.296,5702.791
2025-10-25 11:00:00,5702.845,5704.672,5697.519,5702.495
2025-10-25 12:00:00,5702.499,5707.644,5700.407,5701.439
2025-10-25 13:00:00,5701.657,5712.758,5698.459,5698.998
2025-10-25 14:00:00,5699.115,5711.2,5697.531,5710.55
2025-10-25 15:00:00,5710.295,5710.918,5703.468,5704.511
2025-10-25 16:00:00,5704.448,5709.725,5701.818,5703.508
2025-10-25 17:00:00,5703.47,5711.206,5702.614,5709.055
2025-10-25 18:00:00,5709.05,5715.883,5707.252,5712.265
2025-10-25 19:00:00,5712.203,5716.071,5709.694,5712.411
2025-10-25 20:00:00,5712.619,5714.185,5704.562,5709.72
2025-10-25 21:00:00,5709.663,5714.32,5707.853,5711.469
2025-10-25 22:00:00,5711.674,5714.195,5706.149,5712.088
2025-10-25 23:00:00,5712.192,5713.156,5706.415,5710.496
2025-10-26 00:00:00,5710.441,5714.998,5705.841,5712.66
2025-10-26 01:00:00,5712.525,5713.641,5708.031,5712.596
2025-10-26 02:00:00,5712.71,5719.144,5710.633,5715.115
2025-10-26 03:00:00,5714.754,5716.328,5709.881,5713.642
2025-10-26 04:00:00,5713.666,5715.949,5708.594,5713.948
2025-10-26 05:00:00,5713.905,5724.639,5710.253,5724.627
2025-10-26 06:00:00,5724.668,5728.286,5719.299,5720.985
2025-10-26 07:00:00,5720.998,5722.351,5714.759,5717.127
2025-10-26 08:00:00,5717.142,5718.032,5704.904,5706.86
2025-10-26 09:00:00,5706.924,5717.377,5705.988,5715.47
2025-10-26 10:00:00,5715.466,5721.832,5713.826,5719.023
2025-10-26 11:00:00,5719.163,5724.974,5716.302,5720.72
2025-10-26 12:00:00,5720.517,5720.698,5714.412,5716.731
2025-10-26 13:00:00,5716.838,5725.53,5715.143,5725.507
2025-10-26 14:00:00,5725.571,5728.75,5722.738,5727.943
2025-10-26 15:00:00,5727.957,5729.91,5722.811,5726.515
2025-10-26 16:00:00,5726.385,5732.515,5725.125,5728.894
2025-10-26 17:00:00,5728.877,5729.593,5718.275,5719.223
2025-10-26 18:00:00,5719.107,5728.572,5717.897,5720.991
2025-10-26 19:00:00,5721.167,5734.22,5720.592,5731.676
2025-10-26 20:00:00,5731.698,5736.053,5727.835,5731.105
2025-10-26 21:00:00,5731.325,5736.931,5726.491,5727.817
2025-10-26 22:00:00,5727.714,5728.732,5723.076,5726.729
2025-10-26 23:00:00,5726.532,5729.308,5713.062,5714.542
2025-10-27 00:00:00,5714.71,5719.983,5707.119,5710.658
2025-10-27 01:00:00,5710.504,5712.029,5703.602,5711.525
2025-10-27 02:00:00,5711.339,5717.67,5710.18,5712.921
2025-10-27 03:00:00,5712.803,5716.826,5710.934,5715.083
2025-10-27 04:00:00,5715.111,5721.228,5714.439,5717.929
2025-10-27 05:00:00,5717.782,5719.989,5712.329,5713.997
2025-10-27 06:00:00,5713.942,5718.431,5710.863,5714.624
2025-10-27 07:00:00,5714.548,5720.576,5712.905,5719.978
2025-10-27 08:00:00,5719.871,5721.173,5708.984,5709.77
2025-10-27 09:00:00,5709.517,5715.504,5706.525,5711.749
2025-10-27 10:00:00,5711.824,5714.011,5707.736,5710.542
2025-10-27 11:00:00,5710.354,5713.136,5700.702,5702.462
2025-10-27 12:00:00,5702.43,5707.245,5696.787,5697.421
2025-10-27 13:00:00,5697.374,5698.078,5681.461,5681.684
2025-10-27 14:00:00,5681.996,5685.324,5673.837,5673.959
2025-10-27 15:00:00,5673.988,5678.81,5672.266,5677.54
2025-10-27 16:00:00,5677.292,5680.013,5672.733,5674.439
2025-10-27 17:00:00,5674.281,5680.319,5673.06,5679.223
2025-10-27 18:00:00,5679.376,5693.719,5678.996,5690.612
2025-10-27 19:00:00,5690.741,5701.328,5689.963,5700.045
2025-10-27 20:00:00,5699.686,5705.915,5698.797,5700.455
2025-10-27 21:00:00,5700.523,5713.08,5700.444,5709.301
2025-10-27 22:00:00,5709.55,5709.996,5689.122,5689.497
2025-10-27 23:00:00,5689.528,5692.656,5682.298,5682.298
2025-10-28 00:00:00,5682.026,5686.781,5676.848,5684.68
2025-10-28 01:00:00,5684.495,5686.152,5678.175,5683.144
2025-10-28 02:00:00,5683.229,5685.336,5679.557,5683.81
2025-10-28 03:00:00,5683.61,5687.439,5681.99,5686.581
2025-10-28 04:00:00,5686.737,5694.237,5683.887,5691.764
2025-10-28 05:00:00,5691.664,5697.27,5689.975,5691.76
2025-10-28 06:00:00,5691.701,5695.202,5684.275,5684.913
2025-10-28 07:00:00,5685.201,5685.811,5677.827,5680.675
2025-10-28 08:00:00,5680.501,5683.625,5676.1,5679.366
2025-10-28 09:00:00,5679.194,5688.784,5679.051,5688.644
2025-10-28 10:00:00,5688.658,5688.779,5679.541,5686.597
2025-10-28 11:00:00,5686.887,5690.587,5682.501,5684.597
2025-10-28 12:00:00,5684.485,5685.591,5673.35,5674.467
2025-10-28 13:00:00,5674.494,5681.558,5672.829,5680.673
2025-10-28 14:00:00,5680.64,5698.892,5680.585,5692.148
2025-10-28 15:00:00,5692.237,5695.737,5680.207,5687.46
2025-10-28 16:00:00,5687.193,5691.076,5678.994,5678.994
2025-10-28 17:00:00,5679.239,5684.774,5675.127,5675.239
2025-10-28 18:00:00,5675.28,5681.79,5672.246,5681.06
2025-10-28 19:00:00,5681.107,5683.825,5677.955,5681.589
2025-10-28 20:00:00,5681.536,5681.977,5661.544,5662.711
2025-10-28 21:00:00,5662.619,5665.817,5655.744,5663.416
2025-10-28 22:00:00,5663.412,5666.452,5658.752,5666.008
2025-10-28 23:00:00,5665.795,5676.864,5664.78,5676.558
2025-10-29 00:00:00,5676.53,5686.544,5676.281,5684.395
2025-10-29 01:00:00,5684.489,5689.341,5681.773,5682.042
2025-10-29 02:00:00,5681.938,5682.113,5671.673,5673.822
2025-10-29 03:00:00,5673.729,5673.963,5665.258,5665.8
2025-10-29 04:00:00,5665.906,5680.479,5664.694,5677.21
2025-10-29 05:00:00,5677.26,5690.359,5677.016,5689.701
2025-10-29 06:00:00,5689.634,5699.623,5686.624,5690.742
2025-10-29 07:00:00,5690.725,5690.741,5681.658,5684.042
2025-10-29 08:00:00,5684.028,5689.281,5681.682,5684.244
2025-10-29 09:00:00,5684.309,5686.117,5675.653,5677.307
2025-10-29 10:00:00,5677.585,5683.101,5676.668,5680.89
2025-10-29 11:00:00,5680.787,5682.58,5673.619,5677.218
2025-10-29 12:00:00,5677.316,5682.818,5669.841,5671.749
2025-10-29 13:00:00,5671.705,5684.303,5671.003,5678.938
2025-10-29 14:00:00,5678.755,5681.253,5670.409,5672.921
2025-10-29 15:00:00,5673.336,5678.907,5671.973,5677.405
2025-10-29 16:00:00,5677.399,5679.71,5670.196,5672.123
2025-10-29 17:00:00,5672.018,5675.859,5669.412,5670.528
2025-10-29 18:00:00,5670.458,5675.942,5670.236,5674.166
2025-10-29 19:00:00,5674.135,5674.418,5669.314,5671.582
2025-10-29 20:00:00,5671.674,5675.65,5667.771,5667.771
2025-10-29 21:00:00,5667.923,5669.936,5663.286,5666.709
2025-10-29 22:00:00,5666.599,5668.833,5656.738,5660.995
2025-10-29 23:00:00,5660.976,5666.451,5656.594,5665.925
2025-10-30 00:00:00,5665.863,5672.246,5664.926,5669.274
2025-10-30 01:00:00,5669.21,5673.196,5663.747,5670.267
2025-10-30 02:00:00,5670.435,5671.82,5667.529,5669.935
2025-10-30 03:00:00,5670.26,5679.795,5670.26,5676.329
2025-10-30 04:00:00,5676.355,5685.937,5675.843,5682.373
2025-10-30 05:00:00,5682.236,5683.421,5672.662,5674.748
2025-10-30 06:00:00,5674.688,5676.667,5667.862,5674.126
2025-10-30 07:00:00,5674.266,5678.545,5668.585,5674.817
2025-10-30 08:00:00,5674.785,5680.038,5674.039,5677.587
2025-10-30 09:00:00,5677.508,5681.603,5672.23,5672.543
2025-10-30 10:00:00,5672.44,5675.864,5666.791,5669.985
2025-10-30 11:00:00,5669.963,5676.96,5668.277,5669.009
2025-10-30 12:00:00,5669.076,5674.751,5665.311,5666.279
2025-10-30 13:00:00,5666.339,5668.198,5657.737,5657.925
2025-10-30 14:00:00,5658.005,5659.794,5652.854,5657.629
2025-10-30 15:00:00,5657.69,5659.43,5650.795,5652.123
2025-10-30 16:00:00,5651.946,5652.193,5637.58,5638.123
2025-10-30 17:00:00,5638.005,5644.251,5635.34,5641.994
2025-10-30 18:00:00,5642.065,5644.04,5637.135,5639.51
2025-10-30 19:00:00,5639.773,5640.132,5630.808,5635.881
2025-10-30 20:00:00,5635.813,5637.574,5631.384,5637.384
2025-10-30 21:00:00,5637.407,5638.283,5624.892,5629.949
2025-10-30 22:00:00,5629.899,5632.479,5623.458,5630.15
2025-10-30 23:00:00,5630.01,5631.418,5622.585,5628.953
2025-10-31 00:00:00,5628.776,5629.621,5618.375,5619.534
2025-10-31 01:00:00,5619.371,5624.395,5617.064,5622.333
2025-10-31 02:00:00,5622.467,5630.894,5621.498,5629.734
2025-10-31 03:00:00,5629.837,5631.435,5625.406,5631.304
2025-10-31 04:00:00,5631.402,5636.635,5628.875,5636.635
2025-10-31 05:00:00,5636.618,5642.648,5634.981,5640.812
2025-10-31 06:00:00,5640.477,5648.842,5639.441,5640.31
2025-10-31 07:00:00,5640.362,5651.651,5639.651,5649.225
2025-10-31 08:00:00,5649.26,5653.226,5646.624,5651.423
2025-10-31 09:00:00,5651.684,5661.358,5648.423,5649.326
2025-10-31 10:00:00,5649.428,5659.479,5649.428,5659.011
2025-10-31 11:00:00,5658.981,5660.25,5653.788,5658.112
2025-10-31 12:00:00,5657.941,5663.908,5655.193,5661.678
2025-10-31 13:00:00,5661.537,5665.481,5657.997,5659.589
2025-10-31 14:00:00,5659.551,5661.565,5650.937,5652.888
2025-10-31 15:00:00,5652.782,5652.979,5642.822,5645.959
2025-10-31 16:00:00,5645.832,5649.875,5641.792,5643.024
2025-10-31 17:00:00,5643.017,5645.952,5641.485,5643.094
2025-10-31 18:00:00,5642.819,5650.053,5641.964,5645.102
2025-10-31 19:00:00,5645.173,5649.42,5641.298,5646.983
2025-10-31 20:00:00,5647.043,5656.817,5641.824,5652.972
2025-10-31 21:00:00,5652.9,5657.809,5647.994,5651.003
2025-10-31 22:00:00,5650.892,5657.122,5648.938,5651.543
2025-10-31 23:00:00,5651.478,5653.879,5647.667,5653.076
2025-11-01 00:00:00,5653.051,5662.555,5651.747,5662.473
2025-11-01 01:00:00,5662.35,5663.151,5655.357,5657.476
2025-11-01 02:00:00,5657.528,5658.785,5653.229,5656.207
2025-11-01 03:00:00,5656.218,5665.429,5654.781,5665.096
2025-11-01 04:00:00,5665.103,5668.137,5656.016,5661.322
2025-11-01 05:00:00,5661.176,5667.779,5658.438,5662.359
2025-11-01 06:00:00,5662.36,5663.149,5654.732,5659.722
2025-11-01 07:00:00,5659.757,5665.191,5652.967,5655.498
2025-11-01 08:00:00,5655.553,5656.435,5649.962,5652.757
2025-11-01 09:00:00,5652.741,5657.961,5650.831,5657.835
2025-11-01 10:00:00,5658.138,5664.139,5656.76,5660.812
2025-11-01 11:00:00,5660.831,5667.923,5659.47,5667.632
2025-11-01 12:00:00,5667.653,5670.88,5662.674,5669.815
2025-11-01 13:00:00,5670.009,5680.208,5666.799,5677.46
2025-11-01 14:00:00,5677.527,5685.288,5675.924,5680.959
2025-11-01 15:00:00,5681.038,5686.961,5679.459,5683.981
2025-11-01 16:00:00,5684.184,5695.602,5682.872,5694.114
2025-11-01 17:00:00,5694.033,5696.059,5688.134,5693.687
2025-11-01 18:00:00,5693.588,5694.748,5687.572,5693.959
2025-11-01 19:00:00,5694.033,5700.079,5691.334,5698.423
2025-11-01 20:00:00,5698.548,5708.672,5696.683,5703.587
2025-11-01 21:00:00,5703.538,5705.707,5699.662,5701.992
2025-11-01 22:00:00,5701.931,5708.331,5700.258,5708.186
2025-11-01 23:00:00,5708.313,5712.743,5700.415,5703.292
2025-11-02 00:00:00,5703.649,5709.598,5700.954,5707.193
2025-11-02 01:00:00,5707.196,5709.086,5694.399,5694.856
2025-11-02 02:00:00,5695.065,5696.261,5684.745,5689.171
2025-11-02 03:00:00,5689.058,5695.575,5683.68,5684.56
2025-11-02 04:00:00,5684.686,5688.457,5674.839,5675.419
2025-11-02 05:00:00,5675.31,5675.395,5660.459,5663.384
2025-11-02 06:00:00,5663.423,5679.83,5663.334,5679.37
2025-11-02 07:00:00,5679.479,5681.1,5672.359,5673.99
2025-11-02 08:00:00,5674.114,5677.721,5669.82,5675.561
2025-11-02 09:00:00,5675.681,5676.143,5667.377,5670.212
2025-11-02 10:00:00,5670.387,5677.759,5669.737,5674.924
2025-11-02 11:00:00,5674.917,5675.253,5670.085,5673.949
2025-11-02 12:00:00,5673.967,5676.054,5666.397,5667.406
2025-11-02 13:00:00,5667.2,5669.604,5662.962,5664.104
2025-11-02 14:00:00,5664.136,5669.208,5656.264,5656.945
2025-11-02 15:00:00,5656.758,5657.936,5642.733,5645.847
2025-11-02 16:00:00,5645.831,5651.309,5642.414,5646.404
2025-11-02 17:00:00,5646.437,5651.164,5643.97,5646.959
2025-11-02 18:00:00,5647.254,5650.103,5638.179,5638.807
2025-11-02 19:00:00,5638.891,5639.579,5624.855,5627.321
2025-11-02 20:00:00,5627.364,5628.515,5611.481,5612.959
2025-11-02 21:00:00,5612.956,5625.752,5612.719,5620.943
2025-11-02 22:00:00,5621.01,5623.153,5617.653,5619.166
2025-11-02 23:00:00,5619.02,5621.573,5612.687,5620.27
2025-11-03 00:00:00,5620.513,5624.238,5616.236,5616.734
2025-11-03 01:00:00,5616.428,5618.109,5609.592,5611.82
2025-11-03 02:00:00,5611.782,5614.686,5603.371,5607.319
2025-11-03 03:00:00,5607.138,5607.544,5601.286,5601.904
2025-11-03 04:00:00,5601.944,5602.855,5598.165,5598.165
2025-11-03 05:00:00,5598.447,5599.483,5591.624,5598.432
2025-11-03 06:00:00,5598.443,5599.602,5583.101,5589.326
2025-11-03 07:00:00,5589.198,5591.615,5585.187,5589.819
2025-11-03 08:00:00,5589.523,5591.614,5582.163,5585.207
2025-11-03 09:00:00,5585.187,5587.186,5580.541,5583.807
2025-11-03 10:00:00,5583.528,5586.373,5579.509,5582.959
2025-11-03 11:00:00,5582.998,5589.215,5577.169,5588.601
2025-11-03 12:00:00,5588.606,5589.175,5583.59,5587.748
2025-11-03 13:00:00,5587.89,5590.977,5581.716,5590.977
2025-11-03 14:00:00,5591.075,5591.97,5585.259,5590.595
2025-11-03 15:00:00,5590.597,5598.364,5588.072,5596.818
2025-11-03 16:00:00,5596.962,5601.943,5592.728,5597.673
2025-11-03 17:00:00,5597.511,5609.545,5596.03,5604.901
2025-11-03 18:00:00,5605.096,5605.096,5586.837,5592.765
2025-11-03 19:00:00,5592.97,5600.925,5592.97,5595.836
2025-11-03 20:00:00,5595.733,5598.015,5588.906,5591.226
2025-11-03 21:00:00,5591.114,5603.57,5588.811,5600.681
2025-11-03 22:00:00,5600.666,5600.774,5586.846,5587.003
2025-11-03 23:00:00,5587.239,5598.415,5585.567,5597.442
2025-11-04 00:00:00,5597.241,5605.502,5595.72,5604.684
2025-11-04 01:00:00,5604.465,5608.064,5598.854,5600.222
2025-11-04 02:00:00,5600.174,5604.47,5597.476,5603.446
2025-11-04 03:00:00,5603.399,5606.945,5600.124,5604.42
2025-11-04 04:00:00,5604.27,5609.672,5603.752,5606.318
2025-11-04 05:00:00,5606.311,5607.585,5601.391,5604.96
2025-11-04 06:00:00,5604.998,5604.998,5596.242,5599.391
2025-11-04 07:00:00,5599.35,5600.085,5594.402,5596.715
2025-11-04 08:00:00,5596.801,5607.612,5595.933,5605.582
2025-11-04 09:00:00,5605.379,5605.379,5593.99,5599.544
2025-11-04 10:00:00,5599.57,5605.49,5595.818,5595.859
2025-11-04 11:00:00,5595.723,5597.255,5591.445,5593.056
2025-11-04 12:00:00,5592.784,5601.815,5591.365,5599.7
2025-11-04 13:00:00,5599.892,5602.143,5597.588,5598.86
2025-11-04 14:00:00,5599.043,5601.648,5596.678,5597.917
2025-11-04 15:00:00,5597.923,5598.936,5592.385,5592.467
2025-11-04 16:00:00,5592.861,5595.577,5589.723,5594.945
2025-11-04 17:00:00,5594.858,5596.93,5588.32,5591.071
2025-11-04 18:00:00,5591.168,5600.236,5590.657,5598.851
2025-11-04 19:00:00,5598.848,5600.354,5595.302,5599.372
2025-11-04 20:00:00,5599.458,5603.251,5594.068,5601.841
2025-11-04 21:00:00,5601.728,5609.545,5599.009,5607.667
2025-11-04 22:00:00,5607.715,5618.382,5605.559,5618.056
2025-11-04 23:00:00,5618.057,5618.644,5612.456,5616.469
2025-11-05 00:00:00,5616.492,5619.897,5609.336,5610.108
2025-11-05 01:00:00,5610.306,5622.296,5609.346,5621.716
2025-11-05 02:00:00,5621.883,5631.469,5621.627,5628.74
2025-11-05 03:00:00,5628.795,5634.289,5627.463,5628.989
2025-11-05 04:00:00,5628.993,5639.049,5626.641,5632.581
2025-11-05 05:00:00,5632.413,5636.433,5630.609,5631.634
2025-11-05 06:00:00,5631.519,5647.212,5631.519,5639.722
2025-11-05 07:00:00,5639.711,5641.97,5634.897,5638.771
2025-11-05 08:00:00,5638.688,5640.802,5633.377,5638.306
2025-11-05 09:00:00,5638.288,5638.83,5630.994,5633.945
2025-11-05 10:00:00,5633.692,5642.92,5632.748,5642.92
2025-11-05 11:00:00,5642.739,5647.103,5639.229,5642.203
2025-11-05 12:00:00,5642.111,5642.89,5635.506,5641.507
2025-11-05 13:00:00,5641.435,5646.958,5641.001,5641.989
2025-11-05 14:00:00,5642.105,5644.277,5637.504,5638.065
2025-11-05 15:00:00,5637.965,5649.406,5636.609,5642.825
2025-11-05 16:00:00,5642.907,5648.457,5641.066,5646.803
2025-11-05 17:00:00,5646.6,5655.338,5645.142,5653.121
2025-11-05 18:00:00,5652.827,5654.958,5645.442,5652.673
2025-11-05 19:00:00,5652.635,5653.527,5641.978,5642.579
2025-11-05 20:00:00,5642.665,5644.857,5636.164,5643.564
2025-11-05 21:00:00,5643.815,5649.55,5642.957,5647.994
2025-11-05 22:00:00,5648.076,5651.374,5645.515,5648.391
2025-11-05 23:00:00,5648.605,5649.131,5637.378,5637.378
2025-11-06 00:00:00,5637.243,5647.457,5634.916,5635.487
2025-11-06 01:00:00,5635.449,5642.421,5625.489,5626.416
2025-11-06 02:00:00,5626.4,5632.318,5623.098,5627.1
2025-11-06 03:00:00,5627.193,5627.294,5619.282,5623.638
2025-11-06 04:00:00,5623.704,5628.629,5621.615,5622.718
2025-11-06 05:00:00,5622.652,5625.532,5614.732,5615.05
2025-11-06 06:00:00,5614.785,5623.682,5614.529,5620.509
2025-11-06 07:00:00,5620.415,5629.359,5619.252,5621.579
2025-11-06 08:00:00,5621.541,5622.478,5614.328,5614.702
2025-11-06 09:00:00,5614.489,5619.826,5612.93,5613.781
2025-11-06 10:00:00,5613.615,5614.08,5608.259,5610.093
2025-11-06 11:00:00,5610.322,5615.031,5608.404,5612.33
2025-11-06 12:00:00,5611.948,5615.282,5606.98,5610.055
2025-11-06 13:00:00,5610.015,5613.15,5605.084,5608.072
2025-11-06 14:00:00,5608.365,5608.646,5600.829,5601.804
2025-11-06 15:00:00,5601.97,5603.537,5593.918,5599.05
2025-11-06 16:00:00,5599.179,5600.233,5592.163,5593.555
2025-11-06 17:00:00,5593.659,5594.652,5589.358,5591.205
2025-11-06 18:00:00,5591.398,5594.317,5584.713,5589.613
2025-11-06 19:00:00,5589.599,5595.648,5588.227,5594.079
2025-11-06 20:00:00,5594.158,5598.745,5591.822,5592.585
2025-11-06 21:00:00,5592.895,5594.236,5587.963,5589.785
2025-11-06 22:00:00,5589.72,5595.368,5584.201,5584.473
2025-11-06 23:00:00,5584.564,5587.469,5582.247,5582.903
2025-11-07 00:00:00,5582.903,5587.367,5581.561,5582.579
2025-11-07 01:00:00,5582.82,5584.448,5562.593,5563.341
2025-11-07 02:00:00,5563.081,5576.73,5562.134,5575.617
2025-11-07 03:00:00,5575.786,5583.036,5574.798,5578.442
2025-11-07 04:00:00,5578.38,5583.041,5574.748,5575.692
2025-11-07 05:00:00,5575.707,5579.56,5572.331,5572.859
2025-11-07 06:00:00,5572.77,5580.11,5572.501,5575.014
2025-11-07 07:00:00,5575.143,5584.044,5573.569,5582.912
2025-11-07 08:00:00,5583.012,5587.643,5579.183,5579.316
2025-11-07 09:00:00,5579.359,5584.139,5578.185,5579.672
2025-11-07 10:00:00,5579.726,5585.714,5576.832,5577.776
2025-11-07 11:00:00,5577.538,5581.218,5572.677,5578.533
2025-11-07 12:00:00,5578.147,5579.706,5566.628,5567.632
2025-11-07 13:00:00,5567.554,5569.107,5560.923,5562.595
2025-11-07 14:00:00,5562.663,5566.365,5558.157,5562.865
2025-11-07 15:00:00,5562.712,5569.941,5561.238,5566.128
2025-11-07 16:00:00,5566.069,5576.096,5565.067,5572.68
2025-11-07 17:00:00,5572.493,5576.926,5570.62,5570.672
2025-11-07 18:00:00,5570.599,5576.948,5570.266,5573.654
2025-11-07 19:00:00,5573.589,5574.36,5566.283,5568.476
2025-11-07 20:00:00,5568.517,5579.95,5567.721,5578.897
2025-11-07 21:00:00,5578.822,5586.196,5578.27,5582.901
2025-11-07 22:00:00,5582.871,5586.235,5577.289,5577.699
2025-11-07 23:00:00,5577.634,5578.308,5572.088,5573.383
2025-11-08 00:00:00,5573.28,5580.335,5570.128,5577.037
2025-11-08 01:00:00,5577.041,5581.949,5575.4,5576.825
2025-11-08 02:00:00,5576.848,5581.606,5575.226,5576.424
2025-11-08 03:00:00,5576.34,5581.36,5571.062,5578.216
2025-11-08 04:00:00,5578.167,5578.845,5569.562,5572.496
2025-11-08 05:00:00,5572.502,5576.265,5560.434,5561.661
2025-11-08 06:00:00,5561.846,5569.889,5561.642,5568.564
2025-11-08 07:00:00,5568.4,5571.949,5566.139,5569.84
2025-11-08 08:00:00,5569.475,5578.95,5566.517,5576.478
2025-11-08 09:00:00,5576.356,5578.466,5568.71,5576.482
2025-11-08 10:00:00,5576.613,5577.834,5567.993,5568.514
2025-11-08 11:00:00,5568.716,5571.044,5562.919,5569.709
2025-11-08 12:00:00,5569.552,5573.313,5562.832,5572.472
2025-11-08 13:00:00,5572.53,5574.672,5562.966,5569.629
2025-11-08 14:00:00,5569.49,5570.602,5564.727,5564.815
2025-11-08 15:00:00,5564.764,5565.705,5558.427,5561.222
2025-11-08 16:00:00,5561.135,5565.942,5560.644,5562.264
2025-11-08 17:00:00,5562.225,5564.628,5552.709,5554.086
2025-11-08 18:00:00,5554.279,5564.828,5551.409,5562.993
2025-11-08 19:00:00,5563.062,5563.357,5555.221,5556.438
2025-11-08 20:00:00,5556.399,5560.238,5542.894,5544.724
2025-11-08 21:00:00,5544.657,5547.657,5539.763,5539.763
2025-11-08 22:00:00,5539.75,5549.788,5537.729,5548.624
2025-11-08 23:00:00,5548.6,5562.663,5548.6,5561.162
2025-11-09 00:00:00,5561.144,5573.456,5561.114,5567.47
2025-11-09 01:00:00,5567.491,5576.076,5566.868,5571.733
2025-11-09 02:00:00,5571.706,5580.365,5569.331,5579.682
2025-11-09 03:00:00,5579.663,5584.903,5576.438,5578.917
2025-11-09 04:00:00,5578.889,5580.363,5573.344,5575.903
2025-11-09 05:00:00,5576.029,5584.328,5570.303,5570.528
2025-11-09 06:00:00,5570.735,5574.31,5567.176,5569.774
2025-11-09 07:00:00,5569.81,5571.231,5561.277,5562.609
2025-11-09 08:00:00,5562.793,5562.995,5551.418,5551.721
2025-11-09 09:00:00,5551.744,5552.547,5545.987,5549.385
2025-11-09 10:00:00,5549.521,5550.557,5538.179,5540.581
2025-11-09 11:00:00,5540.52,5549.686,5540.52,5543.85
2025-11-09 12:00:00,5543.817,5552.49,5541.407,5548.591
2025-11-09 13:00:00,5548.711,5557.766,5548.143,5553.901
2025-11-09 14:00:00,5554.051,5557.799,5550.14,5552.235
2025-11-09 15:00:00,5552.172,5557.699,5551.236,5553.165
2025-11-09 16:00:00,5553.148,5559.74,5552.081,5558.036
2025-11-09 17:00:00,5558.066,5563.063,5556.534,5562.285
2025-11-09 18:00:00,5562.297,5563.7,5557.91,5558.094
2025-11-09 19:00:00,5557.9,5562.299,5554.127,5558.146
2025-11-09 20:00:00,5558.081,5565.116,5558.046,5560.373
2025-11-09 21:00:00,5560.367,5568.322,5559.472,5567.489
2025-11-09 22:00:00,5567.254,5567.626,5558.827,5558.835
2025-11-09 23:00:00,5558.951,5559.197,5541.808,5546.842
2025-11-10 00:00:00,5546.92,5552.697,5545.262,5548.803
2025-11-10 01:00:00,5548.68,5552.434,5546.04,5549.3
2025-11-10 02:00:00,5549.348,5551.992,5542.395,5544.238
2025-11-10 03:00:00,5544.421,5545.858,5535.906,5538.171
2025-11-10 04:00:00,5538.297,5548.371,5538.21,5544.82
2025-11-10 05:00:00,5545.064,5547.035,5540.335,5547.035
2025-11-10 06:00:00,5547.027,5552.044,5545.057,5545.758
2025-11-10 07:00:00,5545.728,5553.665,5543.772,5551.299
2025-11-10 08:00:00,5551.393,5552.988,5540.565,5542.017
2025-11-10 09:00:00,5542.126,5543.122,5536.849,5537.938
2025-11-10 10:00:00,5537.966,5546.338,5534.621,5545.807
2025-11-10 11:00:00,5545.826,5548.017,5538.813,5539.278
2025-11-10 12:00:00,5539.484,5539.728,5530.316,5532.442
2025-11-10 13:00:00,5532.561,5533.508,5526.055,5528.077
2025-11-10 14:00:00,5528.263,5531.174,5520.444,5525.291
2025-11-10 15:00:00,5525.132,5526.324,5519.175,5519.759
2025-11-10 16:00:00,5519.727,5525.967,5516.278,5524.834
2025-11-10 17:00:00,5524.915,5525.726,5516.143,5519.083
2025-11-10 18:00:00,5519.227,5531.048,5517.576,5530.587
2025-11-10 19:00:00,5530.755,5534.227,5529.577,5530.862
2025-11-10 20:00:00,5531.134,5537.094,5528.04,5534.023
2025-11-10 21:00:00,5534.091,5544.197,5533.969,5538.07
2025-11-10 22:00:00,5538.127,5540.807,5529.044,5530.438
2025-11-10 23:00:00,5530.631,5538.156,5529.34,5534.115
2025-11-11 00:00:00,5534.128,5539.292,5532.756,5535.798
2025-11-11 01:00:00,5535.993,5548.077,5532.573,5546.767
2025-11-11 02:00:00,5546.81,5554.977,5543.199,5551.12
2025-11-11 03:00:00,5550.92,5559.395,5550.354,5556.829
2025-11-11 04:00:00,5556.733,5558.025,5544.212,5544.846
2025-11-11 05:00:00,5544.741,5547.006,5538.569,5542.978
2025-11-11 06:00:00,5543.044,5544.482,5537.428,5541.197
2025-11-11 07:00:00,5541.346,5543.751,5537.906,5538.004
2025-11-11 08:00:00,5537.807,5542.293,5534.474,5536.436
2025-11-11 09:00:00,5536.461,5545.132,5535.498,5544.955
2025-11-11 10:00:00,5544.895,5546.025,5538.037,5542.291
2025-11-11 11:00:00,5542.305,5546.171,5540.516,5542.926
2025-11-11 12:00:00,5542.942,5543.141,5535.212,5535.859
2025-11-11 13:00:00,5535.744,5538.633,5531.671,5537.052
2025-11-11 14:00:00,5536.995,5537.905,5529.43,5532.335
2025-11-11 15:00:00,5532.217,5533.128,5520.831,5521.052
2025-11-11 16:00:00,5521.318,5527.348,5520.632,5522.523
2025-11-11 17:00:00,5522.752,5528.12,5519.086,5522.951
2025-11-11 18:00:00,5522.823,5524.18,5504.707,5506.35
2025-11-11 19:00:00,5506.254,5507.101,5501.608,5505.519
2025-11-11 20:00:00,5505.408,5508.897,5502.061,5508.751
2025-11-11 21:00:00,5508.684,5517.141,5508.503,5516.891
2025-11-11 22:00:00,5516.842,5520.156,5509.388,5515.223
2025-11-11 23:00:00,5515.459,5532.343,5514.889,5531.569
2025-11-12 00:00:00,5531.654,5532.854,5524.729,5532.433
2025-11-12 01:00:00,5532.559,5534.167,5526.691,5530.877
2025-11-12 02:00:00,5530.894,5532.299,5515.434,5516.236
2025-11-12 03:00:00,5516.245,5520.354,5509.966,5510.044
2025-11-12 04:00:00,5510.239,5510.625,5503.133,5503.378
2025-11-12 05:00:00,5503.501,5509.732,5496.829,5508.613
2025-11-12 06:00:00,5508.725,5509.597,5502.659,5505.543
2025-11-12 07:00:00,5505.412,5508.88,5503.747,5508.768
2025-11-12 08:00:00,5508.746,5509.882,5493.122,5495.011
2025-11-12 09:00:00,5495.109,5500.356,5492.396,5499.457
2025-11-12 10:00:00,5499.58,5508.06,5497.594,5506.967
2025-11-12 11:00:00,5507.051,5507.298,5497.202,5497.3
2025-11-12 12:00:00,5497.247,5501.212,5491.78,5500.221
2025-11-12 13:00:00,5500.198,5509.374,5498.962,5507.985
2025-11-12 14:00:00,5508.016,5510.972,5505.517,5505.517
2025-11-12 15:00:00,5505.732,5509.041,5503.819,5506.886
2025-11-12 16:00:00,5506.831,5508.041,5494.024,5494.292
2025-11-12 17:00:00,5494.23,5498.824,5492.18,5496.235
2025-11-12 18:00:00,5496.021,5498.295,5491.755,5495.793
2025-11-12 19:00:00,5495.756,5496.132,5485.347,5485.601
2025-11-12 20:00:00,5485.704,5488.621,5483.287,5485.893
2025-11-12 21:00:00,5486.18,5497.563,5484.374,5495.939
2025-11-12 22:00:00,5496.107,5497.985,5488.518,5489.078
2025-11-12 23:00:00,5489.148,5493.415,5487.995,5488.833
2025-11-13 00:00:00,5488.677,5492.255,5484.066,5486.865
2025-11-13 01:00:00,5486.96,5497.912,5485.502,5493.52
2025-11-13 02:00:00,5493.654,5499.007,5490.346,5497.09
2025-11-13 03:00:00,5497.029,5500.526,5493.416,5494.99
2025-11-13 04:00:00,5495.151,5500.286,5494.151,5495.07
2025-11-13 05:00:00,5495.063,5499.962,5494.466,5499.495
2025-11-13 06:00:00,5499.419,5509.15,5499.106,5508.992
2025-11-13 07:00:00,5508.794,5512.849,5501.395,5503.426
2025-11-13 08:00:00,5503.389,5512.762,5493.634,5495.624
2025-11-13 09:00:00,5495.702,5497.02,5488.377,5491.564
2025-11-13 10:00:00,5491.431,5499.693,5489.871,5496.701
2025-11-13 11:00:00,5496.818,5501.408,5493.484,5495.475
2025-11-13 12:00:00,5495.512,5496.712,5489.217,5495.778
2025-11-13 13:00:00,5495.789,5496.154,5490.318,5490.8
2025-11-13 14:00:00,5490.889,5492.571,5486.503,5489.668
2025-11-13 15:00:00,5489.427,5489.487,5483.92,5488.399
2025-11-13 16:00:00,5488.4,5495.379,5486.755,5490.56
2025-11-13 17:00:00,5490.785,5500.966,5489.704,5495.577
2025-11-13 18:00:00,5495.478,5498.223,5487.296,5487.407
2025-11-13 19:00:00,5487.488,5488.949,5483.114,5486.936
2025-11-13 20:00:00,5487.03,5487.385,5482.037,5483.932
2025-11-13 21:00:00,5483.833,5485.659,5477.472,5478.592
2025-11-13 22:00:00,5478.638,5480.394,5466.44,5467.103
2025-11-13 23:00:00,5467.138,5472.519,5462.203,5466.206
2025-11-14 00:00:00,5466.248,5470.41,5465.455,5466.124
2025-11-14 01:00:00,5466.039,5471.424,5459.693,5469.34
2025-11-14 02:00:00,5469.34,5469.761,5459.409,5460.136
2025-11-14 03:00:00,5460.126,5461.883,5453.166,5454.869
2025-11-14 04:00:00,5454.882,5461.909,5453.675,5460.81
2025-11-14 05:00:00,5460.868,5464.449,5455.191,5455.385
2025-11-14 06:00:00,5455.507,5460.084,5453.61,5454.981
2025-11-14 07:00:00,5455.28,5464.67,5454.317,5462.434
2025-11-14 08:00:00,5462.354,5473.226,5461.477,5467.521
2025-11-14 09:00:00,5467.551,5471.46,5465.173,5467.786
2025-11-14 10:00:00,5467.589,5468.687,5462.11,5463.057
2025-11-14 11:00:00,5463.16,5463.722,5456.682,5460.438
2025-11-14 12:00:00,5460.298,5464.666,5456.278,5459.539
2025-11-14 13:00:00,5459.793,5465.667,5458.189,5463.889
2025-11-14 14:00:00,5464.133,5468.799,5463.8,5465.768
2025-11-14 15:00:00,5465.876,5467.365,5459.949,5461.514
2025-11-14 16:00:00,5461.602,5467.779,5460.449,5462.674
2025-11-14 17:00:00,5462.684,5469.047,5456.357,5468.679
2025-11-14 18:00:00,5468.85,5476.393,5464.686,5467.52
2025-11-14 19:00:00,5467.479,5471.751,5464.851,5470.179
2025-11-14 20:00:00,5470.187,5470.818,5462.236,5462.914
2025-11-14 21:00:00,5462.829,5464.026,5457.664,5461.1
2025-11-14 22:00:00,5461.11,5465.374,5456.094,5459.97
2025-11-14 23:00:00,5460.088,5467.043,5456.29,5465.753
2025-11-15 00:00:00,5465.596,5471.249,5464.386,5465.181
2025-11-15 01:00:00,5465.165,5474.094,5463.585,5472.4
2025-11-15 02:00:00,5472.369,5476.967,5467.921,5469.134
2025-11-15 03:00:00,5469.231,5481.317,5467.267,5479.75
2025-11-15 04:00:00,5479.743,5488.141,5479.519,5482.226
2025-11-15 05:00:00,5482.217,5484.279,5469.791,5471.404
2025-11-15 06:00:00,5471.29,5482.611,5470.962,5479.108
2025-11-15 07:00:00,5478.893,5479.437,5470.272,5472.038
2025-11-15 08:00:00,5472.146,5472.146,5460.969,5461.031
2025-11-15 09:00:00,5461.214,5465.743,5457.297,5462.898
2025-11-15 10:00:00,5463.111,5466.088,5460.244,5462.43
2025-11-15 11:00:00,5462.27,5462.966,5453.489,5453.542
2025-11-15 12:00:00,5453.673,5454.402,5437.946,5437.986
2025-11-15 13:00:00,5437.848,5447.456,5435.68,5444.32
2025-11-15 14:00:00,5444.48,5449.296,5439.293,5443.723
2025-11-15 15:00:00,5443.929,5445.186,5436.594,5437.756
2025-11-15 16:00:00,5437.634,5440.512,5431.181,5438.369
2025-11-15 17:00:00,5438.086,5443.398,5436.479,5441.459
2025-11-15 18:00:00,5441.609,5443.077,5438.709,5438.738
2025-11-15 19:00:00,5438.643,5442.468,5433.716,5434.904
2025-11-15 20:00:00,5435.001,5437.384,5430.022,5431.64
2025-11-15 21:00:00,5431.481,5437.658,5429.957,5433.662
2025-11-15 22:00:00,5433.647,5440.694,5432.903,5437.444
2025-11-15 23:00:00,5437.342,5451.448,5434.951,5448.933
2025-11-16 00:00:00,5448.975,5457.321,5446.893,5455.89
2025-11-16 01:00:00,5455.875,5464.577,5454.339,5461.731
2025-11-16 02:00:00,5461.851,5467.77,5461.825,5467.77
2025-11-16 03:00:00,5467.779,5467.835,5461.076,5462.669
2025-11-16 04:00:00,5462.564,5463.022,5453.688,5456.388
2025-11-16 05:00:00,5456.334,5469.491,5456.151,5469.004
2025-11-16 06:00:00,5468.916,5479.196,5468.7,5478.864
2025-11-16 07:00:00,5478.873,5490.863,5474.888,5488.652
2025-11-16 08:00:00,5488.576,5489.307,5484.512,5486.635
2025-11-16 09:00:00,5486.576,5496.257,5484.199,5493.875
2025-11-16 10:00:00,5493.898,5495.868,5489.775,5495.071
2025-11-16 11:00:00,5495.281,5496.067,5486.943,5490.808
2025-11-16 12:00:00,5490.993,5493.174,5487.264,5490.699
2025-11-16 13:00:00,5490.79,5498.859,5490.788,5496.315
2025-11-16 14:00:00,5496.332,5496.931,5487.919,5495.133
2025-11-16 15:00:00,5495.371,5500.399,5491.569,5498.383
2025-11-16 16:00:00,5498.237,5505.881,5495.933,5496.813
2025-11-16 17:00:00,5496.904,5497.697,5489.676,5493.022
2025-11-16 18:00:00,5493.06,5493.984,5483.162,5489.456
2025-11-16 19:00:00,5489.599,5491.442,5480.441,5481.123
2025-11-16 20:00:00,5481.169,5482.994,5468.847,5471.274
2025-11-16 21:00:00,5471.374,5473.176,5466.08,5466.08
2025-11-16 22:00:00,5466.526,5467.627,5461.968,5464.889
2025-11-16 23:00:00,5464.866,5474.643,5464.385,5471.844
2025-11-17 00:00:00,5471.985,5478.971,5468.366,5469.855
2025-11-17 01:00:00,5470.059,5474.008,5464.776,5466.824
2025-11-17 02:00:00,5467.107,5467.463,5462.258,5467.463
2025-11-17 03:00:00,5467.501,5472.098,5464.358,5471.971
2025-11-17 04:00:00,5471.902,5475.196,5466.346,5468.256
2025-11-17 05:00:00,5468.281,5478.721,5467.532,5477.036
2025-11-17 06:00:00,5477.32,5485.421,5475.358,5484.025
2025-11-17 07:00:00,5484.035,5488.656,5483.264,5486.286
2025-11-17 08:00:00,5486.341,5486.696,5480.827,5483.052
2025-11-17 09:00:00,5483.236,5489.606,5482.699,5488.346
2025-11-17 10:00:00,5488.401,5497.404,5488.157,5496.02
2025-11-17 11:00:00,5496.137,5501.556,5492.262,5500.554
2025-11-17 12:00:00,5500.504,5510.207,5498.168,5508.155
2025-11-17 13:00:00,5508.208,5518.409,5507.255,5517.297
2025-11-17 14:00:00,5517.012,5520.443,5515.825,5520.229
2025-11-17 15:00:00,5519.975,5525.049,5518.01,5521.267
2025-11-17 16:00:00,5521.318,5527.236,5521.318,5527.236
2025-11-17 17:00:00,5527.357,5529.106,5522.404,5525.047
2025-11-17 18:00:00,5524.925,5528.939,5520.611,5524.106
2025-11-17 19:00:00,5524.125,5525.348,5516.849,5521.775
2025-11-17 20:00:00,5521.784,5529.447,5518.006,5522.87
2025-11-17 21:00:00,5522.822,5524.632,5516.723,5522.022
2025-11-17 22:00:00,5521.968,5524.738,5515.436,5523.423
2025-11-17 23:00:00,5523.517,5523.792,5516.851,5521.033
2025-11-18 00:00:00,5521.001,5527.456,5519.33,5524.323
2025-11-18 01:00:00,5524.273,5535.743,5524.131,5535.569
2025-11-18 02:00:00,5535.705,5545.47,5533.726,5541.61
2025-11-18 03:00:00,5541.375,5547.383,5540.781,5546.093
2025-11-18 04:00:00,5545.724,5549.87,5541.797,5543.273
2025-11-18 05:00:00,5543.133,5553.102,5538.355,5553.102
2025-11-18 06:00:00,5553.221,5555.136,5550.492,5552.915
2025-11-18 07:00:00,5552.98,5554.16,5545.664,5546.666
2025-11-18 08:00:00,5546.819,5549.306,5536.542,5536.813
2025-11-18 09:00:00,5536.794,5550.005,5535.495,5549.739
2025-11-18 10:00:00,5549.686,5555.076,5549.123,5553.999
2025-11-18 11:00:00,5553.822,5555.555,5544.404,5544.432
2025-11-18 12:00:00,5544.538,5552.343,5542.707,5551.656
2025-11-18 13:00:00,5551.663,5560.243,5548.81,5560.13
2025-11-18 14:00:00,5560.079,5560.33,5551.499,5552.164
2025-11-18 15:00:00,5552.077,5553.796,5541.172,5544.784
2025-11-18 16:00:00,5544.653,5551.221,5540.923,5547.124
2025-11-18 17:00:00,5547.04,5551.148,5541.618,5541.639
2025-11-18 18:00:00,5541.521,5545.966,5536.741,5538.267
2025-11-18 19:00:00,5538.431,5540.791,5531.381,5535.35
2025-11-18 20:00:00,5535.215,5537.171,5527.004,5527.499
2025-11-18 21:00:00,5527.353,5533.57,5527.343,5528.686
2025-11-18 22:00:00,5528.894,5535.671,5526.912,5532.674
2025-11-18 23:00:00,5532.816,5533.54,5523.96,5526.072
2025-11-19 00:00:00,5526.046,5531.077,5519.755,5519.894
2025-11-19 01:00:00,5519.953,5524.879,5518.486,5522.762
2025-11-19 02:00:00,5522.853,5528.857,5521.941,5527.468
2025-11-19 03:00:00,5527.58,5528.726,5523.064,5523.402
2025-11-19 04:00:00,5523.264,5526.928,5519.486,5525.789
2025-11-19 05:00:00,5525.728,5534.651,5520.066,5532.738
2025-11-19 06:00:00,5532.844,5535.911,5530.014,5534.342
2025-11-19 07:00:00,5534.353,5540.546,5531.508,5539.535
2025-11-19 08:00:00,5539.598,5546.626,5538.233,5545.183
2025-11-19 09:00:00,5545.219,5554.546,5543.236,5553.751
2025-11-19 10:00:00,5554.046,5559.974,5552.475,5554.237
2025-11-19 11:00:00,5554.113,5555.918,5543.925,5547.657
2025-11-19 12:00:00,5547.683,5548.697,5544.684,5547.454
2025-11-19 13:00:00,5547.581,5551.927,5542.722,5543.778
2025-11-19 14:00:00,5543.901,5546.315,5538.025,5538.666
2025-11-19 15:00:00,5538.84,5538.888,5527.138,5532.165
2025-11-19 16:00:00,5532.421,5538.414,5531.424,5534.192
2025-11-19 17:00:00,5534.173,5555.285,5533.514,5554.528
2025-11-19 18:00:00,5554.423,5562.573,5553.31,5554.11
2025-11-19 19:00:00,5554.139,5561.443,5553.355,5561.443
2025-11-19 20:00:00,5561.609,5564.786,5557.856,5563.128
2025-11-19 21:00:00,5563.263,5573.426,5562.885,5569.968
2025-11-19 22:00:00,5569.745,5571.692,5562.871,5566.318
2025-11-19 23:00:00,5566.319,5568.119,5558.799,5560.564
2025-11-20 00:00:00,5560.661,5563.516,5553.5,5558.392
2025-11-20 01:00:00,5558.58,5570.145,5555.39,5569.871
2025-11-20 02:00:00,5569.822,5579.278,5568.774,5576.576
2025-11-20 03:00:00,5576.792,5576.803,5563.358,5563.887
2025-11-20 04:00:00,5563.979,5568.238,5561.914,5564.961
2025-11-20 05:00:00,5564.941,5567.114,5561.97,5566.956
2025-11-20 06:00:00,5566.826,5568.312,5559.918,5560.307
2025-11-20 07:00:00,5560.471,5562.173,5554.647,5557.383
2025-11-20 08:00:00,5557.517,5559.212,5549.57,5550.209
2025-11-20 09:00:00,5550.178,5557.077,5546.053,5556.144
2025-11-20 10:00:00,5556.282,5562.968,5550.596,5562.219
2025-11-20 11:00:00,5562.313,5572.11,5560.578,5570.042
2025-11-20 12:00:00,5570.228,5578.351,5567.912,5573.055
2025-11-20 13:00:00,5573.158,5580.985,5572.764,5577.284
2025-11-20 14:00:00,5577.266,5579.067,5570.616,5571.628
2025-11-20 15:00:00,5571.52,5577.144,5567.681,5574.422
2025-11-20 16:00:00,5574.547,5577.187,5570.169,5572.177
2025-11-20 17:00:00,5572.386,5574.421,5566.266,5566.666
2025-11-20 18:00:00,5566.642,5573.504,5564.945,5572.831
2025-11-20 19:00:00,5572.791,5576.176,5569.998,5575.787
2025-11-20 20:00:00,5575.752,5577.669,5567.7,5568.763
2025-11-20 21:00:00,5568.632,5569.46,5555.717,5558.264
2025-11-20 22:00:00,5558.082,5564.112,5555.887,5557.437
2025-11-20 23:00:00,5557.541,5558.184,5549.58,5553.06
2025-11-21 00:00:00,5553.153,5559.819,5550.185,5553.365
2025-11-21 01:00:00,5553.304,5557.58,5551.696,5553.33
2025-11-21 02:00:00,5553.391,5562.119,5549.604,5561.54
2025-11-21 03:00:00,5561.602,5566.119,5558.664,5565.812
2025-11-21 04:00:00,5565.671,5565.843,5556.903,5559.106
2025-11-21 05:00:00,5558.899,5559.231,5553.194,5556.052
2025-11-21 06:00:00,5555.986,5561.167,5548.337,5548.888
2025-11-21 07:00:00,5549.189,5553.468,5548.047,5551.617
2025-11-21 08:00:00,5551.712,5551.723,5541.492,5544.079
2025-11-21 09:00:00,5544.232,5544.365,5532.127,5532.127
2025-11-21 10:00:00,5532.141,5536.712,5527.062,5528.215
2025-11-21 11:00:00,5528.264,5531.003,5523.312,5524.407
2025-11-21 12:00:00,5524.321,5524.935,5512.125,5515.776
2025-11-21 13:00:00,5515.838,5523.116,5513.859,5523.038
2025-11-21 14:00:00,5523.02,5524.048,5511.373,5512.312
2025-11-21 15:00:00,5512.31,5518.035,5508.78,5516.473
2025-11-21 16:00:00,5516.412,5520.344,5512.336,5519.254
2025-11-21 17:00:00,5519.323,5521.433,5514.347,5519.287
2025-11-21 18:00:00,5519.393,5519.678,5507.342,5507.724
2025-11-21 19:00:00,5507.541,5518.177,5506.282,5517.177
2025-11-21 20:00:00,5516.94,5517.74,5508.407,5509.449
2025-11-21 21:00:00,5509.289,5509.983,5503.917,5506.934
2025-11-21 22:00:00,5506.998,5513.541,5505.718,5509.916
2025-11-21 23:00:00,5510.128,5513.696,5503.728,5512.617
2025-11-22 00:00:00,5512.694,5513.387,5499.826,5499.885
2025-11-22 01:00:00,5499.75,5500.538,5490.944,5498.719
2025-11-22 02:00:00,5498.788,5501.658,5493.433,5495.818
2025-11-22 03:00:00,5495.706,5507.289,5494.275,5506.368
2025-11-22 04:00:00,5506.538,5516.986,5506.187,5514.027
2025-11-22 05:00:00,5514.165,5515.406,5507.632,5507.933
2025-11-22 06:00:00,5508.157,5511.412,5503.457,5503.972
2025-11-22 07:00:00,5504.415,5514.923,5503.461,5512.763
2025-11-22 08:00:00,5512.62,5521.11,5510.981,5519.974
2025-11-22 09:00:00,5519.859,5522.241,5516.14,5518.651
2025-11-22 10:00:00,5518.837,5520.628,5514.249,5516.027
2025-11-22 11:00:00,5516.125,5518.596,5511.821,5512.327
2025-11-22 12:00:00,5512.413,5512.938,5502.416,5502.981
2025-11-22 13:00:00,5502.902,5507.149,5496.599,5496.599
2025-11-22 14:00:00,5496.675,5499.305,5493.754,5494.236
2025-11-22 15:00:00,5494.123,5494.123,5484.86,5487.057
2025-11-22 16:00:00,5487.098,5488.18,5479.102,5486.969
2025-11-22 17:00:00,5487.143,5490.512,5479.516,5481.005
2025-11-22 18:00:00,5481.092,5485.352,5475.382,5481.308
2025-11-22 19:00:00,5481.359,5484.574,5477.689,5480.05
2025-11-22 20:00:00,5479.91,5491.851,5479.134,5483.593
2025-11-22 21:00:00,5483.646,5484.595,5478.827,5482.921
2025-11-22 22:00:00,5482.744,5484.976,5477.701,5484.32
2025-11-22 23:00:00,5484.257,5491.544,5484.077,5488.129
2025-11-23 00:00:00,5488.025,5492.976,5486.113,5488.93
2025-11-23 01:00:00,5489.013,5501.621,5488.856,5501.559
2025-11-23 02:00:00,5501.311,5506.759,5498.792,5505.248
2025-11-23 03:00:00,5505.23,5507.196,5494.638,5497.735
2025-11-23 04:00:00,5497.776,5502.115,5495.283,5497.623
2025-11-23 05:00:00,5497.524,5501.486,5493.476,5501.34
2025-11-23 06:00:00,5501.148,5504.851,5499.507,5502.69
2025-11-23 07:00:00,5502.707,5504.029,5487.038,5488.672
2025-11-23 08:00:00,5488.691,5495.712,5487.347,5491.984
2025-11-23 09:00:00,5492.193,5496.827,5488.559,5492.647
2025-11-23 10:00:00,5492.554,5496.19,5489.763,5491.096
2025-11-23 11:00:00,5491.487,5497.731,5487.534,5491.106
2025-11-23 12:00:00,5490.936,5496.53,5489.976,5494.988
2025-11-23 13:00:00,5495.063,5496.252,5487.381,5487.813
2025-11-23 14:00:00,5487.931,5495.6,5486.79,5492.807
2025-11-23 15:00:00,5492.848,5503.329,5491.195,5501.206
2025-11-23 16:00:00,5500.986,5511.445,5496.936,5511.445
2025-11-23 17:00:00,5511.808,5518.424,5504.082,5506.005
2025-11-23 18:00:00,5505.886,5506.741,5493.777,5497.788
2025-11-23 19:00:00,5497.716,5501.967,5493.424,5495.523
2025-11-23 20:00:00,5495.458,5495.663,5487.968,5491.389
2025-11-23 21:00:00,5491.457,5496.782,5489.15,5493.331
2025-11-23 22:00:00,5493.377,5496.714,5480.885,5482.854
2025-11-23 23:00:00,5482.792,5489.972,5480.945,5489.154
2025-11-24 00:00:00,5489.058,5497.003,5488.434,5496.295
2025-11-24 01:00:00,5496.475,5504.886,5493.683,5504.754
2025-11-24 02:00:00,5504.736,5509.857,5502.004,5504.159
2025-11-24 03:00:00,5504.098,5505.303,5494.239,5497.625
2025-11-24 04:00:00,5497.378,5501.4,5492.22,5493.741
2025-11-24 05:00:00,5493.524,5495.142,5480.68,5482.598
2025-11-24 06:00:00,5482.595,5494.215,5482.595,5485.703
2025-11-24 07:00:00,5485.596,5487.537,5480.542,5486.138
2025-11-24 08:00:00,5486.246,5487.908,5478.393,5482.494
2025-11-24 09:00:00,5482.56,5488.501,5479.296,5486.758
2025-11-24 10:00:00,5486.715,5489.793,5480.738,5482.127
2025-11-24 11:00:00,5482.216,5484.509,5476.081,5477.689
2025-11-24 12:00:00,5477.9,5478.779,5471.101,5471.101
2025-11-24 13:00:00,5471.248,5472.473,5459.607,5467.266
2025-11-24 14:00:00,5467.294,5470.806,5465.449,5466.846
2025-11-24 15:00:00,5466.907,5472.799,5462.705,5466.523
2025-11-24 16:00:00,5466.456,5471.486,5466.153,5467.229
2025-11-24 17:00:00,5467.355,5469.168,5458.997,5459.522
2025-11-24 18:00:00,5459.678,5462.35,5453.537,5460.836
2025-11-24 19:00:00,5460.652,5471.029,5459.54,5470.815
2025-11-24 20:00:00,5470.832,5471.772,5463.902,5464.083
2025-11-24 21:00:00,5464.041,5465.56,5449.429,5454.439
2025-11-24 22:00:00,5454.343,5460.952,5452.506,5457.195
2025-11-24 23:00:00,5457.063,5458.429,5452.146,5453.873
2025-11-25 00:00:00,5453.998,5456.228,5447.357,5450.34
2025-11-25 01:00:00,5450.311,5453.126,5446.598,5446.598
2025-11-25 02:00:00,5446.783,5447.553,5435.707,5441.581
2025-11-25 03:00:00,5441.597,5446.048,5439.837,5440.066
2025-11-25 04:00:00,5440.081,5442.738,5436.471,5437.587
2025-11-25 05:00:00,5437.447,5446.645,5435.009,5442.281
2025-11-25 06:00:00,5442.45,5444.809,5436.753,5441.938
2025-11-25 07:00:00,5441.967,5447.839,5441.27,5446.198
2025-11-25 08:00:00,5446.053,5446.524,5433.924,5434.356
2025-11-25 09:00:00,5434.245,5437.754,5424.67,5435.025
2025-11-25 10:00:00,5435.094,5437.368,5429.497,5430.884
2025-11-25 11:00:00,5430.843,5433.614,5425.627,5426.793
2025-11-25 12:00:00,5426.8,5430.857,5423.725,5425.723
2025-11-25 13:00:00,5425.463,5427.507,5418.825,5418.895
2025-11-25 14:00:00,5418.665,5420.895,5413.994,5419.427
2025-11-25 15:00:00,5419.413,5420.016,5412.823,5418.689
2025-11-25 16:00:00,5418.387,5427.617,5418.387,5427.069
2025-11-25 17:00:00,5426.831,5428.459,5420.043,5421.348
2025-11-25 18:00:00,5421.244,5423.299,5416.729,5418.894
2025-11-25 19:00:00,5418.801,5426.673,5415.895,5426.31
2025-11-25 20:00:00,5426.242,5440.553,5425.579,5435.347
2025-11-25 21:00:00,5435.517,5442.159,5433.709,5440.735
2025-11-25 22:00:00,5440.68,5443.027,5427.211,5427.535
2025-11-25 23:00:00,5427.718,5434.919,5425.149,5434.557
2025-11-26 00:00:00,5434.536,5435.645,5425.205,5425.787
2025-11-26 01:00:00,5425.895,5426.54,5413.258,5415.53
2025-11-26 02:00:00,5415.536,5417.556,5411.875,5414.231
2025-11-26 03:00:00,5414.455,5415.547,5403.352,5414.9
2025-11-26 04:00:00,5414.802,5417.119,5408.743,5409.136
2025-11-26 05:00:00,5409.304,5410.896,5403.222,5404.196
2025-11-26 06:00:00,5404.374,5406.986,5401.648,5402.154
2025-11-26 07:00:00,5402.306,5404.631,5397.339,5403.952
2025-11-26 08:00:00,5403.962,5405.729,5399.512,5405.349
2025-11-26 09:00:00,5405.546,5413.464,5403.618,5408.488
2025-11-26 10:00:00,5408.576,5408.576,5397.946,5399.164
2025-11-26 11:00:00,5399.264,5409.683,5398.763,5407.36
2025-11-26 12:00:00,5407.249,5416.675,5406.038,5410.907
2025-11-26 13:00:00,5410.924,5420.581,5410.585,5418.497
2025-11-26 14:00:00,5418.518,5420.6,5412.728,5418.14
2025-11-26 15:00:00,5418.074,5418.556,5410.497,5413.485
2025-11-26 16:00:00,5413.5,5417.151,5408.721,5417.101
2025-11-26 17:00:00,5417.073,5420.145,5406.265,5406.365
2025-11-26 18:00:00,5406.211,5411.689,5405.562,5409.171
2025-11-26 19:00:00,5409.198,5409.228,5402.757,5402.841
2025-11-26 20:00:00,5402.8,5408.455,5397.938,5398.426
2025-11-26 21:00:00,5398.426,5398.426,5383.507,5385.032
2025-11-26 22:00:00,5385.253,5385.631,5366.562,5366.567
2025-11-26 23:00:00,5366.517,5370.839,5364.776,5369.391
2025-11-27 00:00:00,5369.435,5371.582,5361.442,5363.707
2025-11-27 01:00:00,5363.702,5366.109,5358.957,5360.343
2025-11-27 02:00:00,5360.249,5371.443,5359.066,5366.744
2025-11-27 03:00:00,5366.642,5377.643,5364.315,5375.191
2025-11-27 04:00:00,5375.366,5377.343,5373.298,5377.343
2025-11-27 05:00:00,5377.677,5379.505,5370.976,5371.824
2025-11-27 06:00:00,5372.002,5377.263,5367.278,5368.453
2025-11-27 07:00:00,5368.353,5374.046,5367.08,5371.873
2025-11-27 08:00:00,5371.928,5376.007,5370.364,5375.114
2025-11-27 09:00:00,5375.174,5383.629,5375.174,5380.171
2025-11-27 10:00:00,5380.371,5380.825,5373.187,5378.352
2025-11-27 11:00:00,5378.441,5381.338,5371.203,5379.936
2025-11-27 12:00:00,5379.984,5380.948,5375.556,5378.807
2025-11-27 13:00:00,5378.821,5381.256,5376.434,5377.95
2025-11-27 14:00:00,5377.85,5381.318,5370.071,5375.278
2025-11-27 15:00:00,5375.244,5378.16,5371.673,5377.643
2025-11-27 16:00:00,5377.5,5385.259,5377.116,5380.321
2025-11-27 17:00:00,5380.466,5381.064,5374.149,5377.448
2025-11-27 18:00:00,5377.428,5379.437,5368.428,5369.093
2025-11-27 19:00:00,5369.062,5377.636,5368.804,5376.841
2025-11-27 20:00:00,5376.855,5380.84,5375.976,5380.8
2025-11-27 21:00:00,5380.922,5381.992,5374.313,5376.831
2025-11-27 22:00:00,5376.739,5384.75,5375.782,5384.476
2025-11-27 23:00:00,5384.482,5395.584,5384.343,5391.881
2025-11-28 00:00:00,5391.889,5393.719,5384.52,5386.773
2025-11-28 01:00:00,5386.784,5387.758,5381.64,5385.685
2025-11-28 02:00:00,5385.819,5396.448,5385.663,5389.676
2025-11-28 03:00:00,5389.681,5391.238,5380.927,5382.96
2025-11-28 04:00:00,5383.223,5396.517,5383.055,5395.376
2025-11-28 05:00:00,5395.695,5397.687,5390.325,5397.471
2025-11-28 06:00:00,5397.529,5400.235,5395.004,5399.833
2025-11-28 07:00:00,5399.652,5401.727,5390.775,5390.775
2025-11-28 08:00:00,5390.502,5390.502,5379.899,5381.609
2025-11-28 09:00:00,5381.749,5386.363,5380.66,5381.415
2025-11-28 10:00:00,5381.325,5387.942,5374.167,5374.167
2025-11-28 11:00:00,5374.201,5378.959,5372.659,5372.659
2025-11-28 12:00:00,5372.68,5380.348,5371.593,5377.954
2025-11-28 13:00:00,5377.791,5385.596,5375.554,5382.652
2025-11-28 14:00:00,5382.81,5385.93,5379.44,5380.338
2025-11-28 15:00:00,5380.292,5387.067,5378.898,5382.153
2025-11-28 16:00:00,5382.191,5384.178,5377.554,5382.188
2025-11-28 17:00:00,5382.194,5384.752,5378.152,5383.306
2025-11-28 18:00:00,5383.44,5388.98,5378.788,5379.575
2025-11-28 19:00:00,5379.573,5393.018,5377.654,5391.935
2025-11-28 20:00:00,5391.985,5392.048,5379.423,5385.834
2025-11-28 21:00:00,5385.997,5396.34,5385.813,5393.835
2025-11-28 22:00:00,5393.772,5406.334,5392.044,5404.474
2025-11-28 23:00:00,5404.587,5411.531,5402.414,5407.756
2025-11-29 00:00:00,5407.817,5411.98,5404.874,5410.053
2025-11-29 01:00:00,5410.349,5415.751,5406.516,5414.105
2025-11-29 02:00:00,5414.282,5416.794,5405.827,5408.007
2025-11-29 03:00:00,5408.014,5422.678,5406.666,5422.172
2025-11-29 04:00:00,5422.108,5427.224,5420.32,5426.891
2025-11-29 05:00:00,5426.76,5427.94,5416.8,5419.557
2025-11-29 06:00:00,5419.652,5426.498,5415.058,5416.909
2025-11-29 07:00:00,5417.081,5426.6,5416.597,5425.437
2025-11-29 08:00:00,5425.432,5427.675,5416.571,5418.359
2025-11-29 09:00:00,5418.441,5429.281,5417.31,5427.642
2025-11-29 10:00:00,5427.766,5427.92,5418.461,5426.575
2025-11-29 11:00:00,5426.583,5432.612,5426.303,5427.668
2025-11-29 12:00:00,5427.557,5431.726,5421.579,5423.831
2025-11-29 13:00:00,5423.894,5429.279,5415.201,5416.717
2025-11-29 14:00:00,5416.744,5418.831,5404.562,5409.698
2025-11-29 15:00:00,5409.841,5411.361,5399.986,5401.194
2025-11-29 16:00:00,5401.215,5402.386,5395.798,5401.302
2025-11-29 17:00:00,5401.352,5401.692,5396.652,5399.808
2025-11-29 18:00:00,5399.651,5401.55,5387.604,5388.137
2025-11-29 19:00:00,5388.162,5397.643,5388.036,5397.41
2025-11-29 20:00:00,5397.144,5403.498,5396.344,5403.119
2025-11-29 21:00:00,5402.859,5410.614,5401.29,5406.336
2025-11-29 22:00:00,5406.425,5410.847,5404.33,5407.461
2025-11-29 23:00:00,5407.482,5422.153,5406.908,5419.291
2025-11-30 00:00:00,5419.396,5429.069,5418.026,5427.248
2025-11-30 01:00:00,5427.106,5428.896,5424.052,5426.188
2025-11-30 02:00:00,5426.149,5427.271,5415.666,5425.129
2025-11-30 03:00:00,5424.908,5428.749,5419.53,5425.026
2025-11-30 04:00:00,5425.015,5427.275,5418.83,5424.396
2025-11-30 05:00:00,5424.487,5430.209,5424.186,5428.533
2025-11-30 06:00:00,5428.605,5428.649,5421.038,5421.33
2025-11-30 07:00:00,5421.367,5433.93,5421.005,5429.938
2025-11-30 08:00:00,5429.957,5432.491,5419.082,5421.736
2025-11-30 09:00:00,5421.454,5428.796,5418.744,5428.239
2025-11-30 10:00:00,5428.129,5430.813,5424.259,5425.492
2025-11-30 11:00:00,5425.524,5432.218,5421.556,5429.518
2025-11-30 12:00:00,5429.367,5435.795,5427.346,5431.423
2025-11-30 13:00:00,5431.233,5435.498,5428.73,5429.2
2025-11-30 14:00:00,5429.381,5429.381,5422.368,5424.49
2025-11-30 15:00:00,5424.59,5432.644,5424.142,5432.573
2025-11-30 16:00:00,5432.574,5435.677,5429.613,5434.804
2025-11-30 17:00:00,5434.877,5443.64,5434.297,5442.559
2025-11-30 18:00:00,5442.594,5444.627,5436.079,5441.906
2025-11-30 19:00:00,5441.934,5447.133,5439.283,5446.301
2025-11-30 20:00:00,5446.245,5449.82,5444.791,5448.516
2025-11-30 21:00:00,5448.487,5448.487,5432.008,5432.178
2025-11-30 22:00:00,5432.002,5434.423,5428.415,5430.874
2025-11-30 23:00:00,5431.186,5433.421,5423.271,5423.52
2025-12-01 00:00:00,5423.517,5427.203,5419.715,5424.406
2025-12-01 01:00:00,5424.436,5434.167,5422.048,5434.167
2025-12-01 02:00:00,5434.014,5438.468,5428.957,5436.966
2025-12-01 03:00:00,5437.215,5453.858,5434.89,5452.446
2025-12-01 04:00:00,5452.38,5453.432,5436.396,5436.639
2025-12-01 05:00:00,5436.578,5441.262,5433.346,5438.696
2025-12-01 06:00:00,5438.471,5447.718,5437.325,5446.321
2025-12-01 07:00:00,5446.419,5456.267,5442.627,5454.84
2025-12-01 08:00:00,5454.563,5455.9,5448.033,5451.193
2025-12-01 09:00:00,5451.295,5455.161,5446.459,5453.533
2025-12-01 10:00:00,5453.664,5460.519,5453.498,5458.301
2025-12-01 11:00:00,5458.492,5460.691,5454.263,5455.937
2025-12-01 12:00:00,5455.904,5458.59,5448.117,5457.982
2025-12-01 13:00:00,5457.885,5461.765,5451.722,5457.74
2025-12-01 14:00:00,5457.754,5458.073,5441.755,5442.18
2025-12-01 15:00:00,5442.435,5443.963,5429.443,5433.81
2025-12-01 16:00:00,5433.622,5434.442,5427.144,5430.036
2025-12-01 17:00:00,5429.995,5437.201,5427.12,5436.306
2025-12-01 18:00:00,5436.251,5438.871,5427.053,5428.299
2025-12-01 19:00:00,5428.406,5429.337,5422.743,5422.983
2025-12-01 20:00:00,5422.847,5429.731,5420.882,5427.091
2025-12-01 21:00:00,5427.06,5430.698,5423.6,5425.221
2025-12-01 22:00:00,5425.206,5430.677,5425.206,5426.249
2025-12-01 23:00:00,5426.195,5433.57,5425.119,5430.106
2025-12-02 00:00:00,5429.978,5433.608,5423.406,5424.291
2025-12-02 01:00:00,5424.112,5432.252,5421.939,5427.216
2025-12-02 02:00:00,5427.4,5433.423,5427.4,5431.675
2025-12-02 03:00:00,5431.784,5434.216,5426.781,5428.371
2025-12-02 04:00:00,5428.343,5437.642,5426.64,5436.958
2025-12-02 05:00:00,5437.107,5444.712,5434.777,5443.155
2025-12-02 06:00:00,5443.133,5448.519,5442.153,5442.454
2025-12-02 07:00:00,5442.47,5446.23,5440.078,5442.62
2025-12-02 08:00:00,5442.729,5443.229,5436.23,5439.825
2025-12-02 09:00:00,5439.76,5445.808,5439.132,5443.879
2025-12-02 10:00:00,5443.892,5446.049,5439.859,5446.003
2025-12-02 11:00:00,5446.116,5450.435,5442.888,5445.801
2025-12-02 12:00:00,5445.687,5453.283,5445.533,5447.59
2025-12-02 13:00:00,5447.71,5453.066,5445.608,5446.317
2025-12-02 14:00:00,5446.25,5448.299,5440.203,5443.714
2025-12-02 15:00:00,5443.595,5447.316,5437.639,5440.542
2025-12-02 16:00:00,5440.497,5443.739,5437.996,5439.599
2025-12-02 17:00:00,5439.362,5444.367,5438.582,5443.906
2025-12-02 18:00:00,5443.767,5447.273,5441.357,5443.114
2025-12-02 19:00:00,5443.323,5448.118,5440.167,5440.542
2025-12-02 20:00:00,5440.577,5445.908,5439.262,5445.421
2025-12-02 21:00:00,5445.672,5447.596,5439.585,5446.776
2025-12-02 22:00:00,5446.826,5450.059,5444.841,5448.882
2025-12-02 23:00:00,5448.982,5455.998,5448.951,5451.812
2025-12-03 00:00:00,5451.818,5454.915,5448.875,5453.495
2025-12-03 01:00:00,5453.72,5457.83,5448.345,5454.621
2025-12-03 02:00:00,5454.816,5459.154,5450.558,5457.917
2025-12-03 03:00:00,5458.053,5460.936,5451.763,5452.116
2025-12-03 04:00:00,5452.182,5458.221,5449.719,5452.783
2025-12-03 05:00:00,5452.55,5455.906,5445.653,5447.523
2025-12-03 06:00:00,5447.562,5447.88,5432.067,5432.489
2025-12-03 07:00:00,5432.436,5438.151,5432.323,5436.674
2025-12-03 08:00:00,5436.597,5443.918,5436.338,5440.241
2025-12-03 09:00:00,5440.173,5442.521,5434.833,5442.394
2025-12-03 10:00:00,5442.471,5444.374,5436.834,5442.248
2025-12-03 11:00:00,5442.408,5459.146,5441.836,5456.399
2025-12-03 12:00:00,5456.622,5459.759,5454.25,5457.532
2025-12-03 13:00:00,5457.743,5467.161,5454.962,5465.739
2025-12-03 14:00:00,5465.809,5469.851,5462.922,5464.598
2025-12-03 15:00:00,5464.549,5464.948,5454.645,5463.125
2025-12-03 16:00:00,5463.207,5463.487,5456.951,5457.229
2025-12-03 17:00:00,5456.962,5469.859,5455.674,5466.442
2025-12-03 18:00:00,5466.539,5466.539,5459.47,5460.946
2025-12-03 19:00:00,5460.952,5462.337,5452.866,5454.957
2025-12-03 20:00:00,5454.708,5454.873,5443.488,5444.847
2025-12-03 21:00:00,5444.804,5452.339,5444.804,5449.108
2025-12-03 22:00:00,5449.064,5449.362,5438.925,5444.375
2025-12-03 23:00:00,5444.549,5449.788,5436.709,5437.022
2025-12-04 00:00:00,5437.066,5440.518,5432.322,5437.021
2025-12-04 01:00:00,5437.133,5445.999,5436.804,5445.224
2025-12-04 02:00:00,5445.295,5448.087,5438.639,5441.136
2025-12-04 03:00:00,5440.95,5450.556,5439.61,5447.875
2025-12-04 04:00:00,5447.486,5450.587,5442.442,5447.835
2025-12-04 05:00:00,5448.087,5449.495,5439.103,5439.103
2025-12-04 06:00:00,5439.136,5443.958,5434.152,5441.61
2025-12-04 07:00:00,5441.448,5443.403,5437.928,5441.506
2025-12-04 08:00:00,5441.305,5448.375,5439.273,5446.961
2025-12-04 09:00:00,5447.162,5456.267,5444.782,5455.775
2025-12-04 10:00:00,5455.859,5456.432,5447.231,5455.276
2025-12-04 11:00:00,5455.545,5460.601,5451.509,5454.491
2025-12-04 12:00:00,5454.668,5460.913,5454.028,5458.123
2025-12-04 13:00:00,5458.017,5462.884,5454.626,5460.742
2025-12-04 14:00:00,5460.669,5469.001,5460.195,5468.371
2025-12-04 15:00:00,5468.364,5469.803,5464.336,5466.283
2025-12-04 16:00:00,5466.168,5472.188,5462.013,5468.842
2025-12-04 17:00:00,5469.033,5474.716,5467.045,5469.238
2025-12-04 18:00:00,5469.212,5469.238,5460.499,5461.917
2025-12-04 19:00:00,5461.982,5464.808,5458.535,5462.385
2025-12-04 20:00:00,5462.55,5465.376,5458.209,5462.626
2025-12-04 21:00:00,5462.436,5463.627,5455.962,5460.729
2025-12-04 22:00:00,5460.871,5471.534,5457.922,5469.647
2025-12-04 23:00:00,5469.852,5478.857,5467.597,5477.566
2025-12-05 00:00:00,5477.517,5483.631,5476.187,5482.506
2025-12-05 01:00:00,5482.714,5485.66,5479.372,5481.615
2025-12-05 02:00:00,5481.68,5483.447,5474.996,5475.84
2025-12-05 03:00:00,5475.812,5489.519,5474.745,5484.287
2025-12-05 04:00:00,5484.289,5488.25,5481.933,5486.311
2025-12-05 05:00:00,5486.395,5488.551,5481.0,5485.192
2025-12-05 06:00:00,5485.077,5490.835,5484.193,5486.132
2025-12-05 07:00:00,5486.083,5489.918,5483.122,5488.324
2025-12-05 08:00:00,5488.081,5493.753,5487.863,5493.471
2025-12-05 09:00:00,5493.422,5501.04,5492.896,5495.865
2025-12-05 10:00:00,5495.723,5497.616,5486.992,5495.017
2025-12-05 11:00:00,5495.03,5502.834,5494.884,5501.479
2025-12-05 12:00:00,5501.468,5503.646,5498.652,5501.399
2025-12-05 13:00:00,5501.407,5503.551,5496.653,5498.185
2025-12-05 14:00:00,5498.472,5505.28,5496.529,5497.088
2025-12-05 15:00:00,5497.247,5506.664,5497.2,5504.773
2025-12-05 16:00:00,5504.851,5513.438,5498.125,5512.942
2025-12-05 17:00:00,5512.988,5522.868,5511.621,5522.618
2025-12-05 18:00:00,5522.504,5522.862,5514.745,5519.733
2025-12-05 19:00:00,5519.709,5521.508,5514.344,5517.439
2025-12-05 20:00:00,5517.157,5517.926,5509.585,5514.186
2025-12-05 21:00:00,5514.122,5516.228,5509.866,5512.585
2025-12-05 22:00:00,5512.466,5516.563,5510.476,5513.377
2025-12-05 23:00:00,5513.254,5518.907,5512.322,5517.267
2025-12-06 00:00:00,5517.061,5523.453,5515.391,5520.907
2025-12-06 01:00:00,5521.308,5521.955,5509.713,5510.842
2025-12-06 02:00:00,5510.862,5512.471,5505.61,5509.809
2025-12-06 03:00:00,5509.639,5510.759,5498.81,5500.066
2025-12-06 04:00:00,5500.131,5501.254,5492.48,5495.382
2025-12-06 05:00:00,5495.522,5497.525,5492.796,5495.722
2025-12-06 06:00:00,5495.527,5496.878,5486.788,5486.929
2025-12-06 07:00:00,5486.988,5494.44,5486.458,5492.504
2025-12-06 08:00:00,5492.555,5501.042,5490.865,5499.472
2025-12-06 09:00:00,5499.642,5499.642,5487.855,5490.439
2025-12-06 10:00:00,5490.125,5499.439,5486.761,5498.714
2025-12-06 11:00:00,5498.81,5503.789,5496.015,5503.151
2025-12-06 12:00:00,5503.109,5508.091,5499.37,5506.29
2025-12-06 13:00:00,5506.221,5510.513,5501.869,5508.339
2025-12-06 14:00:00,5508.175,5515.611,5504.405,5514.161
2025-12-06 15:00:00,5514.088,5514.415,5504.948,5506.828
2025-12-06 16:00:00,5507.003,5507.027,5500.717,5502.638
2025-12-06 17:00:00,5502.681,5503.185,5492.003,5492.064
2025-12-06 18:00:00,5492.105,5498.334,5489.46,5496.741
2025-12-06 19:00:00,5496.846,5499.489,5491.954,5497.909
2025-12-06 20:00:00,5497.922,5498.933,5487.101,5489.242
2025-12-06 21:00:00,5489.158,5490.206,5483.494,5483.71
2025-12-06 22:00:00,5483.533,5491.198,5481.598,5483.482
2025-12-06 23:00:00,5483.463,5486.215,5478.137,5478.86
2025-12-07 00:00:00,5478.732,5482.271,5473.686,5480.35
2025-12-07 01:00:00,5480.077,5485.59,5473.738,5485.099
2025-12-07 02:00:00,5485.116,5486.484,5480.622,5484.156
2025-12-07 03:00:00,5484.15,5490.807,5484.15,5485.87
2025-12-07 04:00:00,5485.793,5491.374,5483.336,5484.397
2025-12-07 05:00:00,5484.515,5487.18,5480.578,5482.214
2025-12-07 06:00:00,5482.457,5485.639,5478.45,5484.889
2025-12-07 07:00:00,5484.94,5487.521,5475.527,5476.93
2025-12-07 08:00:00,5476.9,5480.229,5475.064,5476.763
2025-12-07 09:00:00,5476.85,5481.353,5473.862,5477.676
2025-12-07 10:00:00,5477.523,5477.523,5470.18,5472.682
2025-12-07 11:00:00,5472.586,5479.695,5471.124,5479.148
2025-12-07 12:00:00,5479.094,5479.448,5470.563,5472.164
2025-12-07 13:00:00,5471.93,5477.277,5467.144,5469.553
2025-12-07 14:00:00,5469.718,5473.837,5462.283,5468.443
2025-12-07 15:00:00,5468.565,5474.94,5467.932,5474.767
2025-12-07 16:00:00,5474.709,5477.6,5469.014,5471.012
2025-12-07 17:00:00,5470.838,5473.824,5465.093,5470.663
2025-12-07 18:00:00,5470.703,5475.345,5469.999,5470.937
2025-12-07 19:00:00,5470.967,5473.099,5465.246,5468.203
2025-12-07 20:00:00,5468.127,5468.95,5461.876,5468.734
2025-12-07 21:00:00,5468.974,5470.509,5461.233,5461.725
2025-12-07 22:00:00,5461.883,5463.21,5457.919,5462.192
2025-12-07 23:00:00,5462.346,5466.286,5459.49,5460.216
2025-12-08 00:00:00,5459.733,5461.275,5453.048,5457.495
2025-12-08 01:00:00,5457.429,5460.33,5454.846,5456.202
2025-12-08 02:00:00,5456.156,5459.308,5451.449,5455.524
2025-12-08 03:00:00,5455.808,5456.111,5445.271,5446.495
2025-12-08 04:00:00,5446.582,5452.823,5445.84,5450.249
2025-12-08 05:00:00,5450.074,5457.39,5444.395,5457.181
2025-12-08 06:00:00,5457.303,5457.643,5445.056,5445.667
2025-12-08 07:00:00,5445.763,5453.973,5445.286,5453.215
2025-12-08 08:00:00,5453.106,5457.51,5449.794,5454.717
2025-12-08 09:00:00,5454.633,5457.432,5452.864,5452.864
2025-12-08 10:00:00,5452.739,5467.655,5452.56,5464.588
2025-12-08 11:00:00,5464.576,5472.391,5463.896,5470.698
2025-12-08 12:00:00,5470.68,5479.134,5470.565,5475.398
2025-12-08 13:00:00,5475.48,5477.97,5470.673,5474.615
2025-12-08 14:00:00,5474.917,5474.917,5463.266,5465.435
2025-12-08 15:00:00,5465.552,5471.253,5463.704,5468.182
2025-12-08 16:00:00,5468.13,5478.667,5463.053,5478.181
2025-12-08 17:00:00,5478.011,5486.908,5478.011,5484.825
2025-12-08 18:00:00,5484.869,5494.456,5484.117,5490.035
2025-12-08 19:00:00,5490.156,5494.026,5486.827,5492.152
2025-12-08 20:00:00,5492.11,5492.664,5482.688,5489.573
2025-12-08 21:00:00,5489.708,5492.228,5482.487,5486.725
2025-12-08 22:00:00,5486.652,5488.8,5480.439,5482.581
2025-12-08 23:00:00,5482.289,5488.258,5478.979,5488.093
2025-12-09 00:00:00,5488.087,5495.848,5483.469,5495.476
2025-12-09 01:00:00,5495.366,5504.269,5494.753,5503.769
2025-12-09 02:00:00,5503.701,5505.465,5494.241,5494.859
2025-12-09 03:00:00,5494.926,5495.731,5486.444,5487.982
2025-12-09 04:00:00,5488.202,5489.159,5480.321,5487.215
2025-12-09 05:00:00,5487.433,5490.861,5483.928,5486.081
2025-12-09 06:00:00,5486.019,5487.913,5481.415,5483.058
2025-12-09 07:00:00,5483.03,5492.592,5482.881,5489.205
2025-12-09 08:00:00,5489.284,5492.409,5482.179,5482.949
2025-12-09 09:00:00,5482.991,5489.136,5481.818,5488.022
2025-12-09 10:00:00,5488.097,5492.462,5486.387,5490.71
2025-12-09 11:00:00,5490.589,5493.671,5487.588,5487.822
2025-12-09 12:00:00,5487.947,5497.338,5485.404,5488.17
2025-12-09 13:00:00,5488.225,5490.808,5483.997,5489.753
2025-12-09 14:00:00,5489.858,5493.244,5487.674,5489.942
2025-12-09 15:00:00,5489.947,5491.726,5478.741,5481.311
2025-12-09 16:00:00,5481.302,5482.193,5475.786,5480.395
2025-12-09 17:00:00,5480.647,5484.283,5478.809,5482.372
2025-12-09 18:00:00,5482.327,5484.024,5476.41,5479.195
2025-12-09 19:00:00,5479.193,5484.288,5476.57,5484.087
2025-12-09 20:00:00,5483.988,5490.737,5480.3,5490.579
2025-12-09 21:00:00,5490.787,5492.381,5484.017,5485.294
2025-12-09 22:00:00,5485.107,5487.877,5477.783,5478.131
2025-12-09 23:00:00,5478.104,5479.273,5468.52,5470.395
2025-12-10 00:00:00,5470.2,5473.451,5462.889,5466.189
2025-12-10 01:00:00,5466.122,5466.685,5459.682,5459.712
2025-12-10 02:00:00,5459.69,5461.787,5456.169,5457.898
2025-12-10 03:00:00,5457.948,5463.057,5452.642,5454.523
2025-12-10 04:00:00,5454.468,5459.438,5451.321,5457.314
2025-12-10 05:00:00,5457.006,5465.724,5455.678,5457.922
2025-12-10 06:00:00,5458.071,5460.802,5453.073,5454.951
2025-12-10 07:00:00,5454.846,5462.307,5453.866,5454.079
2025-12-10 08:00:00,5454.079,5458.306,5451.868,5453.785
2025-12-10 09:00:00,5453.678,5467.636,5451.837,5466.692
2025-12-10 10:00:00,5466.726,5476.724,5465.008,5475.018
2025-12-10 11:00:00,5475.051,5484.362,5470.627,5484.362
2025-12-10 12:00:00,5484.415,5491.811,5483.959,5491.811
2025-12-10 13:00:00,5491.832,5492.502,5484.708,5488.145
2025-12-10 14:00:00,5488.147,5493.697,5485.469,5489.732
2025-12-10 15:00:00,5489.743,5496.669,5489.144,5489.144
2025-12-10 16:00:00,5489.054,5492.924,5487.344,5490.005
2025-12-10 17:00:00,5489.828,5490.759,5481.193,5483.123
2025-12-10 18:00:00,5482.943,5493.451,5482.445,5492.82
2025-12-10 19:00:00,5492.751,5508.503,5491.55,5508.137
2025-12-10 20:00:00,5508.107,5514.758,5505.016,5505.542
2025-12-10 21:00:00,5505.615,5506.314,5496.165,5497.54
2025-12-10 22:00:00,5497.56,5499.185,5486.722,5488.873
2025-12-10 23:00:00,5488.887,5489.501,5481.883,5482.778
2025-12-11 00:00:00,5482.655,5489.187,5480.088,5482.162
2025-12-11 01:00:00,5482.088,5483.246,5470.383,5471.621
2025-12-11 02:00:00,5471.651,5478.337,5468.367,5477.674
2025-12-11 03:00:00,5477.703,5489.397,5475.78,5487.192
2025-12-11 04:00:00,5487.358,5490.825,5481.948,5490.764
2025-12-11 05:00:00,5490.738,5497.674,5490.259,5490.387
2025-12-11 06:00:00,5490.507,5492.812,5481.869,5483.298
2025-12-11 07:00:00,5483.366,5488.056,5480.696,5485.322
2025-12-11 08:00:00,5485.274,5491.09,5484.79,5488.167
2025-12-11 09:00:00,5488.244,5495.282,5485.713,5492.576
2025-12-11 10:00:00,5492.611,5494.587,5483.871,5488.065
2025-12-11 11:00:00,5488.165,5489.682,5483.032,5483.695
2025-12-11 12:00:00,5483.654,5487.207,5479.63,5480.735
2025-12-11 13:00:00,5480.56,5487.597,5479.941,5486.334
2025-12-11 14:00:00,5486.377,5495.825,5484.743,5493.325
2025-12-11 15:00:00,5493.348,5494.077,5488.15,5492.124
2025-12-11 16:00:00,5492.337,5504.783,5491.935,5501.413
2025-12-11 17:00:00,5501.459,5506.132,5498.802,5502.943
2025-12-11 18:00:00,5503.263,5508.548,5500.801,5507.0
2025-12-11 19:00:00,5506.881,5512.422,5505.356,5505.356
2025-12-11 20:00:00,5505.278,5510.113,5500.963,5510.009
2025-12-11 21:00:00,5509.861,5511.264,5503.75,5505.204
2025-12-11 22:00:00,5505.138,5509.869,5500.843,5506.428
2025-12-11 23:00:00,5506.509,5522.222,5505.556,5517.609
2025-12-12 00:00:00,5517.6,5524.883,5513.265,5522.982
2025-12-12 01:00:00,5523.18,5524.636,5510.988,5519.167
2025-12-12 02:00:00,5519.198,5525.79,5518.22,5522.069
2025-12-12 03:00:00,5522.137,5523.579,5512.809,5517.241
2025-12-12 04:00:00,5517.374,5517.798,5500.518,5501.155
2025-12-12 05:00:00,5501.268,5503.891,5498.016,5498.95
2025-12-12 06:00:00,5498.801,5501.779,5495.572,5501.677
2025-12-12 07:00:00,5501.831,5514.952,5500.645,5508.782
2025-12-12 08:00:00,5508.536,5521.349,5504.83,5521.017
2025-12-12 09:00:00,5520.974,5525.252,5515.925,5524.576
2025-12-12 10:00:00,5524.501,5526.462,5515.473,5516.242
2025-12-12 11:00:00,5516.148,5527.049,5515.307,5526.562
2025-12-12 12:00:00,5526.571,5529.071,5522.39,5522.647
2025-12-12 13:00:00,5522.516,5523.44,5510.446,5510.927
2025-12-12 14:00:00,5510.897,5512.377,5498.458,5500.705
2025-12-12 15:00:00,5500.627,5504.106,5494.605,5494.898
2025-12-12 16:00:00,5494.887,5505.806,5494.839,5501.797
2025-12-12 17:00:00,5501.874,5505.094,5494.383,5497.685
2025-12-12 18:00:00,5497.493,5498.66,5492.146,5495.89
2025-12-12 19:00:00,5495.935,5502.076,5492.165,5500.423
2025-12-12 20:00:00,5500.435,5512.118,5500.086,5511.641
2025-12-12 21:00:00,5511.538,5512.306,5505.457,5507.258
2025-12-12 22:00:00,5507.405,5510.199,5504.864,5506.859
2025-12-12 23:00:00,5506.892,5512.433,5503.431,5505.951
2025-12-13 00:00:00,5506.16,5510.121,5505.225,5506.104
2025-12-13 01:00:00,5505.85,5514.818,5504.843,5509.314
2025-12-13 02:00:00,5509.475,5512.867,5505.115,5510.854
2025-12-13 03:00:00,5510.918,5518.574,5508.538,5512.278
2025-12-13 04:00:00,5512.059,5516.141,5509.694,5514.143
2025-12-13 05:00:00,5514.219,5519.966,5511.924,5519.206
2025-12-13 06:00:00,5518.996,5531.156,5518.389,5529.012
2025-12-13 07:00:00,5528.979,5536.454,5527.714,5535.07
2025-12-13 08:00:00,5534.868,5538.897,5528.512,5535.484
2025-12-13 09:00:00,5535.698,5539.655,5532.874,5539.655
2025-12-13 10:00:00,5539.706,5545.151,5534.045,5535.101
2025-12-13 11:00:00,5534.735,5535.527,5526.038,5530.661
2025-12-13 12:00:00,5530.82,5539.212,5526.698,5539.212
2025-12-13 13:00:00,5539.234,5542.297,5535.143,5536.998
2025-12-13 14:00:00,5536.839,5542.784,5534.599,5538.314
2025-12-13 15:00:00,5538.343,5543.227,5535.414,5537.877
2025-12-13 16:00:00,5537.76,5544.111,5535.169,5535.728
2025-12-13 17:00:00,5535.911,5542.229,5532.878,5541.398
2025-12-13 18:00:00,5541.368,5542.063,5534.519,5536.72
2025-12-13 19:00:00,5536.69,5543.605,5533.528,5536.154
2025-12-13 20:00:00,5536.42,5536.868,5522.045,5527.135
2025-12-13 21:00:00,5527.078,5528.314,5522.213,5526.751
2025-12-13 22:00:00,5526.992,5533.835,5525.171,5531.068
2025-12-13 23:00:00,5531.098,5532.774,5523.907,5531.786
2025-12-14 00:00:00,5531.829,5539.203,5530.171,5534.679
2025-12-14 01:00:00,5534.653,5536.64,5526.478,5536.444
2025-12-14 02:00:00,5536.439,5547.977,5534.412,5547.747
2025-12-14 03:00:00,5547.805,5554.306,5546.63,5547.761
2025-12-14 04:00:00,5547.586,5561.511,5545.881,5559.607
2025-12-14 05:00:00,5559.655,5559.679,5545.891,5546.987
2025-12-14 06:00:00,5546.949,5550.479,5544.127,5546.793
2025-12-14 07:00:00,5546.67,5554.059,5543.937,5554.059
2025-12-14 08:00:00,5553.752,5555.915,5545.4,5550.61
2025-12-14 09:00:00,5550.75,5559.384,5550.434,5557.868
2025-12-14 10:00:00,5558.002,5560.244,5552.179,5557.911
2025-12-14 11:00:00,5557.929,5558.961,5551.789,5555.292
2025-12-14 12:00:00,5555.365,5563.168,5553.718,5556.288
2025-12-14 13:00:00,5556.225,5556.934,5549.595,5553.149
2025-12-14 14:00:00,5553.0,5562.043,5552.489,5557.594
2025-12-14 15:00:00,5557.722,5565.218,5556.255,5564.5
2025-12-14 16:00:00,5564.368,5572.18,5563.412,5569.211
2025-12-14 17:00:00,5569.338,5571.553,5564.484,5564.801
2025-12-14 18:00:00,5564.758,5571.965,5564.393,5566.605
2025-12-14 19:00:00,5566.39,5568.11,5560.655,5562.585
2025-12-14 20:00:00,5562.402,5573.767,5561.187,5571.564
2025-12-14 21:00:00,5571.647,5573.844,5563.376,5566.01
2025-12-14 22:00:00,5566.086,5570.02,5560.118,5562.407
2025-12-14 23:00:00,5562.521,5567.756,5559.418,5566.959
2025-12-15 00:00:00,5567.012,5571.504,5561.807,5569.383
2025-12-15 01:00:00,5569.402,5578.431,5569.068,5575.479
2025-12-15 02:00:00,5575.476,5577.921,5571.657,5577.306
2025-12-15 03:00:00,5577.219,5586.121,5577.131,5581.321
2025-12-15 04:00:00,5581.085,5586.302,5577.244,5582.439
2025-12-15 05:00:00,5582.367,5584.866,5576.364,5579.695
2025-12-15 06:00:00,5579.543,5581.21,5555.92,5555.955
2025-12-15 07:00:00,5556.041,5560.841,5553.575,5554.984
2025-12-15 08:00:00,5554.946,5566.651,5552.428,5565.722
2025-12-15 09:00:00,5565.548,5565.591,5557.467,5558.37
2025-12-15 10:00:00,5558.206,5558.465,5545.641,5546.443
2025-12-15 11:00:00,5546.469,5551.018,5542.851,5547.628
2025-12-15 12:00:00,5547.608,5554.552,5546.207,5554.245
2025-12-15 13:00:00,5554.302,5564.525,5553.583,5563.049
2025-12-15 14:00:00,5563.097,5569.174,5561.985,5564.55
2025-12-15 15:00:00,5564.785,5575.249,5564.496,5570.635
2025-12-15 16:00:00,5570.685,5574.741,5566.412,5567.298
2025-12-15 17:00:00,5567.338,5576.498,5565.741,5566.3
2025-12-15 18:00:00,5566.374,5568.059,5553.491,5557.214
2025-12-15 19:00:00,5557.081,5558.145,5549.415,5551.299
2025-12-15 20:00:00,5551.424,5558.109,5550.229,5555.114
2025-12-15 21:00:00,5555.226,5570.325,5554.631,5570.325
2025-12-15 22:00:00,5570.475,5571.874,5560.747,5562.337
2025-12-15 23:00:00,5562.399,5564.032,5557.562,5560.173
2025-12-16 00:00:00,5560.258,5565.081,5556.527,5559.297
2025-12-16 01:00:00,5559.253,5559.264,5544.611,5545.852
2025-12-16 02:00:00,5545.735,5552.954,5543.225,5550.74
2025-12-16 03:00:00,5550.803,5551.286,5545.333,5548.655
2025-12-16 04:00:00,5548.729,5551.573,5544.833,5548.911
2025-12-16 05:00:00,5549.292,5551.734,5538.315,5543.879
2025-12-16 06:00:00,5543.874,5547.451,5540.304,5541.561
2025-12-16 07:00:00,5541.28,5543.357,5537.794,5540.038
2025-12-16 08:00:00,5539.806,5547.194,5537.897,5538.276
2025-12-16 09:00:00,5538.318,5550.674,5537.208,5550.049
2025-12-16 10:00:00,5550.267,5553.103,5541.61,5545.087
2025-12-16 11:00:00,5544.975,5549.437,5541.989,5548.439
2025-12-16 12:00:00,5548.379,5553.608,5542.763,5547.193
2025-12-16 13:00:00,5547.08,5551.85,5546.317,5550.963
2025-12-16 14:00:00,5550.973,5564.824,5548.285,5563.826
2025-12-16 15:00:00,5564.087,5566.4,5559.951,5565.652
2025-12-16 16:00:00,5565.584,5566.053,5559.758,5561.89
2025-12-16 17:00:00,5561.537,5562.723,5557.141,5558.674
2025-12-16 18:00:00,5558.86,5564.462,5557.289,5558.741
2025-12-16 19:00:00,5558.765,5561.873,5554.041,5554.665
2025-12-16 20:00:00,5554.319,5555.984,5547.856,5551.644
2025-12-16 21:00:00,5551.665,5557.426,5547.846,5555.868
2025-12-16 22:00:00,5555.847,5567.559,5555.802,5564.957
2025-12-16 23:00:00,5564.913,5564.999,5556.282,5556.731
2025-12-17 00:00:00,5556.875,5560.141,5551.595,5557.583
2025-12-17 01:00:00,5557.447,5559.159,5551.465,5551.626
2025-12-17 02:00:00,5551.565,5560.412,5550.219,5557.357
2025-12-17 03:00:00,5557.295,5558.682,5531.647,5533.646
2025-12-17 04:00:00,5533.701,5534.351,5525.49,5530.885
2025-12-17 05:00:00,5530.896,5533.242,5525.88,5527.057
2025-12-17 06:00:00,5526.871,5529.271,5514.465,5519.732
2025-12-17 07:00:00,5519.728,5529.219,5519.728,5528.481
2025-12-17 08:00:00,5528.772,5535.008,5525.236,5533.184
2025-12-17 09:00:00,5533.124,5533.124,5524.385,5532.385
2025-12-17 10:00:00,5532.492,5537.213,5526.719,5527.415
2025-12-17 11:00:00,5527.42,5540.721,5526.094,5533.094
2025-12-17 12:00:00,5532.955,5545.516,5532.25,5544.688
2025-12-17 13:00:00,5544.978,5549.286,5542.536,5546.745
2025-12-17 14:00:00,5546.663,5548.783,5543.053,5546.443
2025-12-17 15:00:00,5546.559,5549.549,5542.748,5549.42
2025-12-17 16:00:00,5549.287,5550.011,5542.054,5548.366
2025-12-17 17:00:00,5548.463,5551.026,5537.333,5539.802
2025-12-17 18:00:00,5539.834,5541.283,5533.118,5534.874
2025-12-17 19:00:00,5534.986,5536.506,5522.134,5522.134
2025-12-17 20:00:00,5522.109,5533.027,5522.019,5531.402
2025-12-17 21:00:00,5531.373,5531.622,5524.114,5527.567
2025-12-17 22:00:00,5527.374,5529.46,5523.63,5527.198
2025-12-17 23:00:00,5527.125,5527.363,5515.741,5516.969
2025-12-18 00:00:00,5516.918,5519.503,5501.121,5502.659
2025-12-18 01:00:00,5502.87,5507.228,5495.96,5503.832
2025-12-18 02:00:00,5503.789,5516.979,5502.936,5515.545
2025-12-18 03:00:00,5515.361,5515.5,5504.821,5504.848
2025-12-18 04:00:00,5504.652,5508.422,5499.796,5500.435
2025-12-18 05:00:00,5500.185,5506.128,5496.089,5496.448
2025-12-18 06:00:00,5496.283,5497.148,5489.918,5492.191
2025-12-18 07:00:00,5492.139,5494.472,5486.912,5493.211
2025-12-18 08:00:00,5493.253,5502.115,5492.691,5495.456
2025-12-18 09:00:00,5495.45,5501.656,5495.42,5498.374
2025-12-18 10:00:00,5498.775,5503.621,5494.55,5502.437
2025-12-18 11:00:00,5502.33,5502.752,5494.285,5494.285
2025-12-18 12:00:00,5494.303,5506.337,5491.249,5504.568
2025-12-18 13:00:00,5504.51,5507.74,5502.49,5505.811
2025-12-18 14:00:00,5505.631,5519.544,5505.477,5519.361
2025-12-18 15:00:00,5519.269,5520.138,5512.742,5516.53
2025-12-18 16:00:00,5516.635,5523.078,5512.497,5521.92
2025-12-18 17:00:00,5522.119,5522.343,5513.903,5519.684
2025-12-18 18:00:00,5519.527,5520.642,5511.149,5514.957
2025-12-18 19:00:00,5515.104,5516.679,5504.034,5505.731
2025-12-18 20:00:00,5505.567,5518.646,5503.283,5516.804
2025-12-18 21:00:00,5516.984,5527.38,5516.125,5526.55
2025-12-18 22:00:00,5526.191,5530.824,5523.421,5526.052
2025-12-18 23:00:00,5525.974,5527.325,5517.674,5518.087
2025-12-19 00:00:00,5517.938,5529.975,5515.961,5525.562
2025-12-19 01:00:00,5525.831,5529.189,5522.685,5524.593
2025-12-19 02:00:00,5524.483,5529.57,5523.896,5529.547
2025-12-19 03:00:00,5529.341,5537.223,5529.159,5529.159
2025-12-19 04:00:00,5528.859,5537.05,5527.081,5533.4
2025-12-19 05:00:00,5533.219,5540.82,5531.79,5538.386
2025-12-19 06:00:00,5538.259,5541.897,5535.708,5541.706
2025-12-19 07:00:00,5541.83,5551.119,5539.776,5550.578
2025-12-19 08:00:00,5550.531,5550.531,5538.458,5539.706
2025-12-19 09:00:00,5539.739,5541.694,5533.51,5536.38
2025-12-19 10:00:00,5536.475,5546.971,5536.412,5542.918
2025-12-19 11:00:00,5542.776,5553.15,5542.418,5548.097
2025-12-19 12:00:00,5548.027,5554.62,5547.552,5549.66
2025-12-19 13:00:00,5549.768,5550.211,5536.207,5536.361
2025-12-19 14:00:00,5536.181,5546.249,5535.77,5542.459
2025-12-19 15:00:00,5542.423,5550.597,5541.4,5544.865
2025-12-19 16:00:00,5544.943,5545.858,5536.188,5536.3
2025-12-19 17:00:00,5536.412,5538.737,5534.064,5538.238
2025-12-19 18:00:00,5538.461,5539.171,5525.294,5531.799
2025-12-19 19:00:00,5531.939,5536.517,5530.847,5531.996
2025-12-19 20:00:00,5531.979,5539.34,5524.943,5538.21
2025-12-19 21:00:00,5538.137,5538.383,5528.269,5530.04
2025-12-19 22:00:00,5530.163,5538.241,5528.423,5538.24
2025-12-19 23:00:00,5538.189,5545.081,5537.937,5541.605
2025-12-20 00:00:00,5541.469,5548.461,5538.3,5543.426
2025-12-20 01:00:00,5543.308,5544.259,5539.148,5541.756
2025-12-20 02:00:00,5541.997,5544.719,5535.258,5540.626
2025-12-20 03:00:00,5540.569,5540.59,5529.967,5530.359
2025-12-20 04:00:00,5530.267,5533.11,5521.919,5523.322
2025-12-20 05:00:00,5523.214,5528.043,5516.681,5527.851
2025-12-20 06:00:00,5527.723,5530.492,5520.866,5527.847
2025-12-20 07:00:00,5527.985,5533.292,5517.934,5518.394
2025-12-20 08:00:00,5518.429,5519.021,5510.319,5515.347
2025-12-20 09:00:00,5515.413,5522.331,5513.484,5520.111
2025-12-20 10:00:00,5520.061,5522.966,5515.062,5518.687
2025-12-20 11:00:00,5518.527,5521.135,5515.061,5517.848
2025-12-20 12:00:00,5517.917,5521.669,5513.089,5519.733
2025-12-20 13:00:00,5519.718,5520.538,5512.284,5513.437
2025-12-20 14:00:00,5513.446,5516.022,5508.053,5510.031
2025-12-20 15:00:00,5509.955,5518.126,5508.603,5516.177
2025-12-20 16:00:00,5516.365,5516.915,5507.305,5507.707
2025-12-20 17:00:00,5507.658,5514.124,5506.948,5512.722
2025-12-20 18:00:00,5512.795,5519.109,5509.057,5519.109
2025-12-20 19:00:00,5519.281,5520.416,5513.911,5518.428
2025-12-20 20:00:00,5518.495,5520.677,5512.179,5515.21
2025-12-20 21:00:00,5515.191,5515.916,5505.838,5506.561
2025-12-20 22:00:00,5506.773,5515.531,5503.803,5513.186
2025-12-20 23:00:00,5513.336,5513.336,5499.772,5501.493
2025-12-21 00:00:00,5501.648,5508.032,5501.097,5506.162
2025-12-21 01:00:00,5506.011,5509.379,5502.792,5508.619
2025-12-21 02:00:00,5508.31,5516.801,5508.309,5514.016
2025-12-21 03:00:00,5513.773,5519.966,5511.064,5515.95
2025-12-21 04:00:00,5515.86,5516.355,5508.988,5514.455
2025-12-21 05:00:00,5514.68,5517.855,5505.527,5516.421
2025-12-21 06:00:00,5516.385,5523.092,5514.399,5520.066
2025-12-21 07:00:00,5520.164,5520.164,5508.044,5509.227
2025-12-21 08:00:00,5509.484,5510.168,5496.07,5500.996
2025-12-21 09:00:00,5501.065,5507.926,5499.923,5500.047
2025-12-21 10:00:00,5500.194,5505.872,5499.632,5505.509
2025-12-21 11:00:00,5505.556,5510.519,5504.787,5507.456
2025-12-21 12:00:00,5507.495,5517.199,5502.17,5515.457
2025-12-21 13:00:00,5515.8,5517.024,5506.001,5506.274
2025-12-21 14:00:00,5506.456,5515.705,5505.659,5509.118
2025-12-21 15:00:00,5509.249,5520.451,5509.0,5519.716
2025-12-21 16:00:00,5519.885,5520.286,5514.181,5517.072
2025-12-21 17:00:00,5516.966,5519.033,5509.137,5512.047
2025-12-21 18:00:00,5511.924,5518.387,5511.877,5515.725
2025-12-21 19:00:00,5515.617,5526.785,5515.132,5526.297
2025-12-21 20:00:00,5526.389,5526.622,5518.505,5523.607
2025-12-21 21:00:00,5523.412,5541.608,5522.859,5540.253
2025-12-21 22:00:00,5540.526,5546.895,5539.509,5543.798
2025-12-21 23:00:00,5543.873,5545.366,5532.803,5534.343
2025-12-22 00:00:00,5534.407,5539.37,5533.606,5536.728
2025-12-22 01:00:00,5536.703,5545.589,5536.363,5541.47
2025-12-22 02:00:00,5541.598,5542.376,5533.987,5536.022
2025-12-22 03:00:00,5535.928,5539.548,5532.058,5538.607
2025-12-22 04:00:00,5538.709,5540.535,5532.491,5539.018
2025-12-22 05:00:00,5538.996,5540.087,5534.138,5538.415
2025-12-22 06:00:00,5538.484,5543.328,5531.996,5535.195
2025-12-22 07:00:00,5535.107,5536.998,5529.821,5534.243
2025-12-22 08:00:00,5534.427,5540.127,5527.56,5527.961
2025-12-22 09:00:00,5527.768,5532.349,5522.037,5532.069
2025-12-22 10:00:00,5532.005,5534.541,5526.942,5528.034
2025-12-22 11:00:00,5527.945,5528.185,5519.158,5523.593
2025-12-22 12:00:00,5523.81,5530.351,5523.419,5530.117
2025-12-22 13:00:00,5530.257,5541.153,5529.931,5539.954
2025-12-22 14:00:00,5540.101,5549.17,5539.051,5547.588
2025-12-22 15:00:00,5547.417,5556.626,5547.417,5553.479
2025-12-22 16:00:00,5553.587,5561.677,5552.93,5557.554
2025-12-22 17:00:00,5557.257,5560.898,5554.92,5556.947
2025-12-22 18:00:00,5556.855,5556.899,5546.53,5546.53
2025-12-22 19:00:00,5546.483,5549.983,5542.33,5548.906
2025-12-22 20:00:00,5548.635,5553.927,5546.965,5551.096
2025-12-22 21:00:00,5551.091,5557.683,5546.754,5556.612
2025-12-22 22:00:00,5556.375,5565.371,5555.286,5560.606
2025-12-22 23:00:00,5560.447,5561.768,5555.691,5560.91
2025-12-23 00:00:00,5560.821,5571.176,5559.921,5566.121
2025-12-23 01:00:00,5566.225,5575.771,5563.175,5573.178
2025-12-23 02:00:00,5573.173,5578.42,5569.959,5577.991
2025-12-23 03:00:00,5577.783,5581.963,5574.976,5577.355
2025-12-23 04:00:00,5577.595,5582.588,5575.235,5581.343
2025-12-23 05:00:00,5581.251,5591.46,5580.372,5591.46
2025-12-23 06:00:00,5591.526,5599.074,5590.386,5595.47
2025-12-23 07:00:00,5595.694,5601.977,5592.275,5597.675
2025-12-23 08:00:00,5597.484,5607.678,5595.627,5606.291
2025-12-23 09:00:00,5606.302,5606.532,5594.094,5596.837
2025-12-23 10:00:00,5596.759,5602.5,5595.172,5602.213
2025-12-23 11:00:00,5602.065,5604.429,5595.95,5599.473
2025-12-23 12:00:00,5599.786,5602.711,5595.969,5601.588
2025-12-23 13:00:00,5601.626,5605.229,5593.843,5594.856
2025-12-23 14:00:00,5594.928,5601.134,5594.562,5600.244
2025-12-23 15:00:00,5600.291,5602.167,5593.105,5594.487
2025-12-23 16:00:00,5594.283,5598.73,5591.262,5597.136
2025-12-23 17:00:00,5596.986,5604.775,5593.4,5597.199
2025-12-23 18:00:00,5597.374,5604.175,5596.278,5599.703
2025-12-23 19:00:00,5599.766,5609.194,5598.708,5605.868
2025-12-23 20:00:00,5605.829,5616.669,5604.696,5610.086
2025-12-23 21:00:00,5609.822,5616.407,5608.205,5610.888
2025-12-23 22:00:00,5611.094,5615.665,5609.283,5611.831
2025-12-23 23:00:00,5611.578,5613.756,5606.04,5609.02
2025-12-24 00:00:00,5609.152,5609.362,5592.748,5594.526
2025-12-24 01:00:00,5594.303,5599.584,5588.901,5595.184
2025-12-24 02:00:00,5595.157,5604.646,5594.573,5603.93
2025-12-24 03:00:00,5603.78,5605.27,5597.484,5598.145
2025-12-24 04:00:00,5598.216,5598.216,5588.59,5593.345
2025-12-24 05:00:00,5593.429,5606.945,5591.71,5604.777
2025-12-24 06:00:00,5604.734,5611.154,5602.246,5610.253
2025-12-24 07:00:00,5610.355,5615.593,5608.614,5614.877
2025-12-24 08:00:00,5614.668,5619.252,5610.141,5615.756
2025-12-24 09:00:00,5615.672,5624.036,5614.047,5620.877
2025-12-24 10:00:00,5620.679,5626.602,5616.594,5625.603
2025-12-24 11:00:00,5625.76,5630.98,5618.098,5620.387
2025-12-24 12:00:00,5620.471,5622.032,5617.199,5620.411
2025-12-24 13:00:00,5620.359,5624.091,5617.008,5623.01
2025-12-24 14:00:00,5623.143,5634.449,5621.393,5629.282
2025-12-24 15:00:00,5629.322,5637.686,5627.216,5637.09
2025-12-24 16:00:00,5637.228,5637.228,5625.171,5625.25
2025-12-24 17:00:00,5625.146,5642.987,5622.131,5642.641
2025-12-24 18:00:00,5642.623,5645.555,5637.32,5645.498
2025-12-24 19:00:00,5645.362,5652.271,5640.111,5640.268
2025-12-24 20:00:00,5640.288,5651.611,5637.542,5649.906
2025-12-24 21:00:00,5650.179,5651.269,5642.068,5643.036
2025-12-24 22:00:00,5643.143,5655.436,5640.984,5655.005
2025-12-24 23:00:00,5655.114,5660.344,5653.695,5657.542
2025-12-25 00:00:00,5657.363,5659.829,5654.562,5655.453
2025-12-25 01:00:00,5655.199,5661.648,5654.826,5661.196
2025-12-25 02:00:00,5661.096,5673.849,5660.477,5670.814
2025-12-25 03:00:00,5670.787,5674.644,5660.197,5660.755
2025-12-25 04:00:00,5660.669,5661.1,5655.373,5658.773
2025-12-25 05:00:00,5658.888,5664.504,5658.098,5659.786
2025-12-25 06:00:00,5659.661,5666.537,5657.736,5659.672
2025-12-25 07:00:00,5659.518,5660.967,5655.03,5658.186
2025-12-25 08:00:00,5658.182,5672.279,5657.399,5669.823
2025-12-25 09:00:00,5669.736,5672.85,5665.055,5666.518
2025-12-25 10:00:00,5666.727,5667.067,5661.124,5667.067
2025-12-25 11:00:00,5666.999,5669.05,5663.032,5666.923
2025-12-25 12:00:00,5666.935,5677.069,5665.265,5675.691
2025-12-25 13:00:00,5675.73,5683.066,5674.358,5678.014
2025-12-25 14:00:00,5678.106,5687.858,5677.858,5687.503
2025-12-25 15:00:00,5687.641,5691.886,5685.613,5688.812
2025-12-25 16:00:00,5688.841,5697.057,5688.623,5692.905
2025-12-25 17:00:00,5692.874,5703.651,5691.473,5703.007
2025-12-25 18:00:00,5702.733,5704.837,5689.553,5691.412
2025-12-25 19:00:00,5691.39,5696.681,5689.584,5696.037
2025-12-25 20:00:00,5695.862,5706.13,5695.862,5705.149
2025-12-25 21:00:00,5704.984,5712.793,5703.011,5707.671
2025-12-25 22:00:00,5707.771,5713.749,5707.008,5711.718
2025-12-25 23:00:00,5711.583,5718.906,5710.016,5718.806
2025-12-26 00:00:00,5718.682,5721.438,5706.126,5713.947
2025-12-26 01:00:00,5714.034,5718.303,5710.176,5717.85
2025-12-26 02:00:00,5717.491,5721.487,5707.105,5708.309
2025-12-26 03:00:00,5708.432,5715.445,5703.708,5707.299
2025-12-26 04:00:00,5707.211,5715.652,5704.789,5714.357
2025-12-26 05:00:00,5714.39,5718.966,5707.288,5710.411
2025-12-26 06:00:00,5710.082,5710.731,5700.105,5702.782
2025-12-26 07:00:00,5702.472,5702.637,5693.863,5694.892
2025-12-26 08:00:00,5694.943,5705.17,5694.899,5699.21
2025-12-26 09:00:00,5699.349,5700.062,5692.667,5696.522
2025-12-26 10:00:00,5696.307,5699.458,5693.607,5695.647
2025-12-26 11:00:00,5695.564,5699.307,5692.565,5698.682
2025-12-26 12:00:00,5698.667,5704.885,5697.922,5704.165
2025-12-26 13:00:00,5704.023,5713.665,5702.458,5703.372
2025-12-26 14:00:00,5703.138,5706.981,5701.35,5702.458
2025-12-26 15:00:00,5702.451,5703.822,5695.86,5697.01
2025-12-26 16:00:00,5697.001,5697.717,5690.405,5697.717
2025-12-26 17:00:00,5697.738,5699.408,5690.218,5696.339
2025-12-26 18:00:00,5696.505,5702.849,5691.122,5701.924
2025-12-26 19:00:00,5701.896,5710.551,5699.057,5706.658
2025-12-26 20:00:00,5706.622,5714.789,5700.468,5712.504
2025-12-26 21:00:00,5712.343,5719.432,5709.969,5718.127
2025-12-26 22:00:00,5718.172,5719.743,5710.274,5710.548
2025-12-26 23:00:00,5710.554,5713.928,5707.955,5709.764
2025-12-27 00:00:00,5709.589,5710.386,5698.211,5698.953
2025-12-27 01:00:00,5699.014,5701.879,5692.308,5696.67
2025-12-27 02:00:00,5696.7,5702.698,5696.308,5700.797
2025-12-27 03:00:00,5700.934,5710.38,5698.57,5709.191
2025-12-27 04:00:00,5709.434,5715.361,5705.981,5710.15
2025-12-27 05:00:00,5710.269,5712.219,5704.267,5710.308
2025-12-27 06:00:00,5710.589,5711.18,5701.932,5705.552
2025-12-27 07:00:00,5705.62,5708.648,5702.984,5707.113
2025-12-27 08:00:00,5707.08,5712.098,5704.629,5709.924
2025-12-27 09:00:00,5709.853,5716.686,5709.684,5716.033
2025-12-27 10:00:00,5716.076,5721.852,5712.842,5718.78
2025-12-27 11:00:00,5719.024,5729.435,5714.779,5715.448
2025-12-27 12:00:00,5715.436,5719.051,5710.271,5712.552
2025-12-27 13:00:00,5712.292,5721.316,5708.307,5721.316
2025-12-27 14:00:00,5721.517,5726.858,5718.645,5724.608
2025-12-27 15:00:00,5724.832,5731.862,5721.958,5722.127
2025-12-27 16:00:00,5721.99,5729.769,5711.678,5728.405
2025-12-27 17:00:00,5728.479,5729.917,5722.271,5724.888
2025-12-27 18:00:00,5724.789,5725.029,5712.876,5717.778
2025-12-27 19:00:00,5717.885,5721.734,5710.986,5712.432
2025-12-27 20:00:00,5712.262,5716.173,5703.578,5714.267
2025-12-27 21:00:00,5714.409,5721.336,5712.092,5720.704
2025-12-27 22:00:00,5720.971,5728.135,5718.859,5719.114
2025-12-27 23:00:00,5718.984,5727.277,5718.183,5724.162
2025-12-28 00:00:00,5724.204,5731.79,5720.727,5730.043
2025-12-28 01:00:00,5729.872,5736.285,5728.548,5729.24
2025-12-28 02:00:00,5729.472,5731.869,5723.784,5726.615
2025-12-28 03:00:00,5726.468,5737.458,5723.026,5736.844
2025-12-28 04:00:00,5737.073,5738.412,5727.964,5733.291
2025-12-28 05:00:00,5733.352,5734.949,5724.023,5729.055
2025-12-28 06:00:00,5729.046,5730.795,5719.858,5722.354
2025-12-28 07:00:00,5722.343,5730.759,5721.147,5727.463
2025-12-28 08:00:00,5727.668,5731.511,5722.412,5726.121
2025-12-28 09:00:00,5726.184,5730.711,5721.254,5722.715
2025-12-28 10:00:00,5722.766,5726.595,5719.604,5726.401
2025-12-28 11:00:00,5726.555,5730.119,5722.316,5729.275
2025-12-28 12:00:00,5729.193,5741.132,5729.012,5739.882
2025-12-28 13:00:00,5739.833,5741.722,5735.589,5739.157
2025-12-28 14:00:00,5739.005,5743.82,5735.023,5735.214
2025-12-28 15:00:00,5735.1,5736.254,5721.408,5726.963
2025-12-28 16:00:00,5726.953,5730.639,5723.176,5723.561
2025-12-28 17:00:00,5723.708,5732.504,5721.208,5732.504
2025-12-28 18:00:00,5732.418,5739.91,5728.765,5739.182
2025-12-28 19:00:00,5738.974,5738.996,5730.399,5732.312
2025-12-28 20:00:00,5732.34,5732.641,5722.949,5730.57
2025-12-28 21:00:00,5730.311,5730.828,5722.531,5726.626
2025-12-28 22:00:00,5726.614,5727.95,5722.396,5722.614
2025-12-28 23:00:00,5722.761,5729.434,5719.174,5720.171
2025-12-29 00:00:00,5720.133,5723.495,5712.665,5714.627
2025-12-29 01:00:00,5714.464,5714.832,5705.467,5713.889
2025-12-29 02:00:00,5713.942,5718.252,5710.907,5713.96
2025-12-29 03:00:00,5714.225,5716.856,5709.818,5712.726
2025-12-29 04:00:00,5712.553,5713.893,5705.878,5709.407
2025-12-29 05:00:00,5709.508,5709.508,5701.432,5703.88
2025-12-29 06:00:00,5703.918,5712.157,5703.918,5711.357
2025-12-29 07:00:00,5711.364,5720.999,5711.001,5718.671
2025-12-29 08:00:00,5718.652,5722.039,5711.13,5720.383
2025-12-29 09:00:00,5720.305,5721.484,5710.91,5715.945
2025-12-29 10:00:00,5716.06,5719.361,5714.02,5715.163
2025-12-29 11:00:00,5715.467,5720.797,5712.675,5712.91
2025-12-29 12:00:00,5713.009,5715.791,5709.102,5713.449
2025-12-29 13:00:00,5713.505,5716.867,5711.297,5713.616
2025-12-29 14:00:00,5713.766,5722.137,5712.732,5721.661
2025-12-29 15:00:00,5721.836,5726.518,5718.459,5721.001
2025-12-29 16:00:00,5721.115,5729.934,5719.829,5729.617
2025-12-29 17:00:00,5729.84,5733.44,5717.764,5718.217
2025-12-29 18:00:00,5718.377,5724.877,5713.421,5724.68
2025-12-29 19:00:00,5724.686,5729.252,5720.232,5721.31
2025-12-29 20:00:00,5721.355,5723.79,5717.639,5723.043
2025-12-29 21:00:00,5722.932,5729.773,5720.246,5727.057
2025-12-29 22:00:00,5727.061,5727.212,5719.906,5724.319
2025-12-29 23:00:00,5724.216,5726.529,5714.778,5715.283
2025-12-30 00:00:00,5715.347,5721.31,5714.442,5720.024
2025-12-30 01:00:00,5719.876,5720.546,5711.17,5713.038
2025-12-30 02:00:00,5713.149,5725.26,5711.693,5722.153
2025-12-30 03:00:00,5722.148,5729.249,5719.76,5722.507
2025-12-30 04:00:00,5722.516,5731.851,5722.479,5728.689
2025-12-30 05:00:00,5728.493,5732.518,5726.439,5727.704
2025-12-30 06:00:00,5727.511,5730.045,5721.403,5724.874
2025-12-30 07:00:00,5724.927,5728.739,5722.29,5727.041
2025-12-30 08:00:00,5727.039,5731.641,5725.45,5726.635
2025-12-30 09:00:00,5726.806,5729.571,5720.03,5726.497
2025-12-30 10:00:00,5726.601,5731.338,5720.187,5722.294
2025-12-30 11:00:00,5722.119,5724.668,5716.486,5720.616
2025-12-30 12:00:00,5720.73,5723.155,5714.374,5714.676
2025-12-30 13:00:00,5714.556,5722.671,5712.261,5719.416
2025-12-30 14:00:00,5719.265,5724.672,5717.05,5720.006
2025-12-30 15:00:00,5719.89,5727.87,5719.505,5720.585
2025-12-30 16:00:00,5720.459,5729.987,5716.613,5729.878
2025-12-30 17:00:00,5729.885,5732.648,5727.327,5727.816
2025-12-30 18:00:00,5727.969,5729.22,5719.401,5720.159
2025-12-30 19:00:00,5719.952,5724.956,5718.535,5724.345
2025-12-30 20:00:00,5724.333,5726.916,5717.826,5721.159
2025-12-30 21:00:00,5720.971,5729.302,5719.634,5719.761
2025-12-30 22:00:00,5719.88,5727.093,5718.608,5726.962
2025-12-30 23:00:00,5726.794,5742.69,5726.396,5742.488
2025-12-31 00:00:00,5742.651,5752.037,5740.412,5740.412
2025-12-31 01:00:00,5740.399,5742.709,5737.274,5740.054
2025-12-31 02:00:00,5739.914,5753.17,5737.866,5753.025
2025-12-31 03:00:00,5752.958,5753.342,5746.061,5748.615
2025-12-31 04:00:00,5748.358,5758.599,5748.112,5753.793
2025-12-31 05:00:00,5754.019,5773.244,5753.174,5771.622
2025-12-31 06:00:00,5771.488,5776.005,5764.17,5765.094
2025-12-31 07:00:00,5765.475,5768.285,5761.29,5762.372
2025-12-31 08:00:00,5762.391,5766.744,5762.0,5763.195
2025-12-31 09:00:00,5762.992,5769.596,5762.078,5765.964
2025-12-31 10:00:00,5766.075,5771.425,5763.87,5769.254
2025-12-31 11:00:00,5769.041,5771.305,5763.39,5768.668
2025-12-31 12:00:00,5768.747,5770.399,5764.034,5768.39
2025-12-31 13:00:00,5768.3,5774.981,5767.513,5774.257
2025-12-31 14:00:00,5774.293,5776.065,5768.898,5772.748
2025-12-31 15:00:00,5772.788,5775.826,5769.961,5774.479
2025-12-31 16:00:00,5774.204,5774.636,5766.481,5773.679
2025-12-31 17:00:00,5773.761,5779.747,5770.408,5774.627
2025-12-31 18:00:00,5774.727,5780.447,5774.252,5775.145
2025-12-31 19:00:00,5775.066,5776.423,5771.234,5774.278
2025-12-31 20:00:00,5774.255,5779.736,5771.388,5777.29
2025-12-31 21:00:00,5777.5,5781.056,5776.678,5779.586
2025-12-31 22:00:00,5779.844,5780.115,5767.381,5767.949
2025-12-31 23:00:00,5767.783,5769.813,5763.788,5768.338
2026-01-01 00:00:00,5768.379,5768.386,5762.848,5765.004
2026-01-01 01:00:00,5765.382,5767.9,5761.36,5763.451
2026-01-01 02:00:00,5763.504,5769.456,5762.102,5767.096
2026-01-01 03:00:00,5767.335,5770.217,5764.829,5769.687
2026-01-01 04:00:00,5769.596,5784.995,5768.963,5784.024
2026-01-01 05:00:00,5784.079,5784.412,5774.086,5777.597
2026-01-01 06:00:00,5777.198,5783.377,5774.733,5778.958
2026-01-01 07:00:00,5778.726,5783.413,5775.614,5779.823
2026-01-01 08:00:00,5779.948,5786.166,5776.064,5776.566
2026-01-01 09:00:00,5776.809,5787.745,5775.235,5787.378
2026-01-01 10:00:00,5787.395,5788.047,5778.708,5783.974
2026-01-01 11:00:00,5784.051,5793.242,5783.627,5790.378
2026-01-01 12:00:00,5790.443,5796.48,5787.369,5794.199
2026-01-01 13:00:00,5794.1,5802.368,5791.983,5799.066
2026-01-01 14:00:00,5798.916,5809.325,5797.799,5802.454
2026-01-01 15:00:00,5802.653,5815.247,5802.653,5812.978
2026-01-01 16:00:00,5812.707,5822.739,5812.697,5819.759
2026-01-01 17:00:00,5819.648,5820.199,5802.625,5803.252
2026-01-01 18:00:00,5803.422,5812.286,5800.856,5809.493
2026-01-01 19:00:00,5809.592,5809.877,5798.951,5801.06
2026-01-01 20:00:00,5801.086,5808.062,5797.652,5801.709
2026-01-01 21:00:00,5801.844,5803.765,5794.478,5795.254
2026-01-01 22:00:00,5795.432,5796.587,5783.369,5786.955
2026-01-01 23:00:00,5787.054,5794.348,5786.503,5793.626
2026-01-02 00:00:00,5793.345,5800.243,5791.384,5791.433
2026-01-02 01:00:00,5791.468,5798.112,5789.524,5793.681
2026-01-02 02:00:00,5793.561,5802.28,5790.044,5801.518
2026-01-02 03:00:00,5801.844,5809.709,5801.151,5805.987
2026-01-02 04:00:00,5806.014,5806.228,5799.378,5804.509
2026-01-02 05:00:00,5804.684,5810.411,5803.14,5809.761
2026-01-02 06:00:00,5809.822,5812.48,5800.504,5801.56
2026-01-02 07:00:00,5801.4,5802.375,5792.072,5798.324
2026-01-02 08:00:00,5798.18,5804.178,5796.702,5803.584
2026-01-02 09:00:00,5803.747,5808.924,5801.317,5807.387
2026-01-02 10:00:00,5807.656,5810.767,5803.473,5805.215
2026-01-02 11:00:00,5805.078,5810.11,5804.406,5804.841
2026-01-02 12:00:00,5804.908,5809.837,5798.016,5801.073
2026-01-02 13:00:00,5801.202,5812.547,5800.281,5811.748
2026-01-02 14:00:00,5811.597,5814.066,5801.881,5803.557
2026-01-02 15:00:00,5803.764,5812.193,5800.735,5811.074
2026-01-02 16:00:00,5810.949,5813.219,5807.213,5808.067
2026-01-02 17:00:00,5808.374,5812.438,5806.747,5809.07
2026-01-02 18:00:00,5809.025,5812.728,5804.353,5804.98
2026-01-02 19:00:00,5805.043,5811.569,5802.415,5807.641
2026-01-02 20:00:00,5807.512,5808.349,5798.652,5799.754
2026-01-02 21:00:00,5799.782,5800.79,5792.943,5794.499
2026-01-02 22:00:00,5794.351,5801.655,5791.779,5792.17
2026-01-02 23:00:00,5792.02,5792.18,5785.269,5787.248
2026-01-03 00:00:00,5787.131,5795.141,5785.005,5794.718
2026-01-03 01:00:00,5794.63,5799.649,5790.846,5794.437
2026-01-03 02:00:00,5794.381,5795.389,5785.592,5788.063
2026-01-03 03:00:00,5788.118,5791.296,5775.886,5779.591
2026-01-03 04:00:00,5779.806,5781.898,5772.922,5775.189
2026-01-03 05:00:00,5775.0,5777.29,5770.756,5776.424
2026-01-03 06:00:00,5776.471,5777.835,5770.077,5772.072
2026-01-03 07:00:00,5772.04,5777.514,5767.994,5777.092
2026-01-03 08:00:00,5777.125,5780.168,5770.17,5777.98
2026-01-03 09:00:00,5777.94,5779.39,5766.119,5767.051
2026-01-03 10:00:00,5767.02,5769.443,5756.295,5761.709
2026-01-03 11:00:00,5761.565,5763.252,5752.515,5753.392
2026-01-03 12:00:00,5753.325,5768.332,5750.207,5767.316
2026-01-03 13:00:00,5767.277,5770.278,5761.188,5768.167
2026-01-03 14:00:00,5768.349,5768.838,5754.596,5756.791
2026-01-03 15:00:00,5756.863,5764.233,5756.118,5762.638
2026-01-03 16:00:00,5762.746,5764.157,5749.285,5751.481
2026-01-03 17:00:00,5751.421,5752.577,5740.81,5742.07
2026-01-03 18:00:00,5741.772,5746.825,5739.873,5741.331
2026-01-03 19:00:00,5741.387,5747.108,5736.016,5739.769
2026-01-03 20:00:00,5739.668,5747.176,5736.978,5746.771
2026-01-03 21:00:00,5747.026,5747.953,5740.216,5746.296
2026-01-03 22:00:00,5746.251,5753.13,5744.489,5750.042
2026-01-03 23:00:00,5750.195,5758.058,5743.179,5751.148
2026-01-04 00:00:00,5751.064,5755.372,5747.016,5754.383
2026-01-04 01:00:00,5754.28,5760.62,5749.555,5752.846
2026-01-04 02:00:00,5752.99,5756.01,5749.746,5755.809
2026-01-04 03:00:00,5755.895,5761.609,5752.048,5752.084
2026-01-04 04:00:00,5751.909,5757.339,5748.402,5755.708
2026-01-04 05:00:00,5755.723,5759.389,5751.932,5756.479
2026-01-04 06:00:00,5756.588,5759.043,5751.108,5756.271
2026-01-04 07:00:00,5756.512,5756.512,5748.565,5750.922
2026-01-04 08:00:00,5750.97,5754.063,5745.296,5751.206
2026-01-04 09:00:00,5751.116,5754.129,5742.731,5748.639
2026-01-04 10:00:00,5748.522,5758.019,5743.003,5757.154
2026-01-04 11:00:00,5756.751,5764.42,5755.683,5759.572
2026-01-04 12:00:00,5759.286,5766.632,5756.964,5766.632
2026-01-04 13:00:00,5766.929,5767.723,5757.227,5758.76
2026-01-04 14:00:00,5758.892,5765.805,5758.656,5761.337
2026-01-04 15:00:00,5761.255,5770.027,5761.255,5766.036
2026-01-04 16:00:00,5766.066,5769.657,5759.739,5763.128
2026-01-04 17:00:00,5763.374,5773.57,5760.688,5773.107
2026-01-04 18:00:00,5773.022,5773.307,5766.521,5769.422
2026-01-04 19:00:00,5769.471,5775.82,5769.092,5775.197
2026-01-04 20:00:00,5775.078,5776.831,5768.347,5770.184
2026-01-04 21:00:00,5770.164,5770.873,5760.75,5762.943
2026-01-04 22:00:00,5762.81,5772.058,5759.805,5772.058
2026-01-04 23:00:00,5771.967,5777.053,5767.441,5773.598
2026-01-05 00:00:00,5773.538,5775.1,5758.494,5760.863
2026-01-05 01:00:00,5761.087,5765.997,5756.838,5763.72
2026-01-05 02:00:00,5763.611,5767.406,5759.985,5762.894
2026-01-05 03:00:00,5762.864,5763.869,5750.016,5750.054
2026-01-05 04:00:00,5750.181,5750.181,5738.339,5739.892
2026-01-05 05:00:00,5740.077,5750.077,5738.459,5748.15
2026-01-05 06:00:00,5748.207,5750.877,5739.051,5741.335
2026-01-05 07:00:00,5741.278,5742.253,5733.481,5738.833
2026-01-05 08:00:00,5738.936,5738.936,5728.349,5728.961
2026-01-05 09:00:00,5729.059,5731.836,5722.27,5723.611
2026-01-05 10:00:00,5723.458,5723.928,5717.377,5718.696
2026-01-05 11:00:00,5718.662,5735.824,5718.611,5733.531
2026-01-05 12:00:00,5733.573,5739.789,5732.265,5739.234
2026-01-05 13:00:00,5739.202,5741.614,5733.232,5741.509
2026-01-05 14:00:00,5741.59,5743.042,5736.723,5738.005
2026-01-05 15:00:00,5738.005,5742.403,5734.014,5734.39
2026-01-05 16:00:00,5734.218,5740.255,5733.474,5738.685
2026-01-05 17:00:00,5738.772,5755.36,5738.578,5753.61
2026-01-05 18:00:00,5753.982,5756.853,5751.705,5752.918
2026-01-05 19:00:00,5753.016,5755.32,5747.405,5748.874
2026-01-05 20:00:00,5748.834,5752.709,5747.472,5749.445
2026-01-05 21:00:00,5749.525,5751.424,5744.431,5744.431
2026-01-05 22:00:00,5744.281,5744.871,5731.535,5732.234
2026-01-05 23:00:00,5732.31,5740.359,5730.592,5738.599
2026-01-06 00:00:00,5738.652,5745.324,5737.54,5743.249
2026-01-06 01:00:00,5743.315,5753.654,5742.949,5750.407
2026-01-06 02:00:00,5750.407,5756.208,5748.667,5751.421
2026-01-06 03:00:00,5751.602,5757.952,5745.504,5747.717
2026-01-06 04:00:00,5747.803,5749.443,5739.74,5743.6
2026-01-06 05:00:00,5743.393,5749.888,5738.538,5739.029
2026-01-06 06:00:00,5739.255,5746.285,5733.818,5744.326
2026-01-06 07:00:00,5744.256,5749.163,5741.01,5748.938
2026-01-06 08:00:00,5748.978,5758.159,5748.434,5756.903
2026-01-06 09:00:00,5756.785,5762.147,5753.844,5756.529
2026-01-06 10:00:00,5756.507,5761.008,5745.667,5746.042
2026-01-06 11:00:00,5746.077,5752.558,5741.783,5747.091
2026-01-06 12:00:00,5747.184,5747.559,5737.853,5739.943
2026-01-06 13:00:00,5740.008,5746.627,5739.227,5744.728
2026-01-06 14:00:00,5744.745,5751.469,5740.067,5740.494
2026-01-06 15:00:00,5740.543,5740.58,5731.78,5733.017
2026-01-06 16:00:00,5733.024,5739.6,5731.35,5738.305
2026-01-06 17:00:00,5738.542,5738.613,5731.437,5734.388
2026-01-06 18:00:00,5734.349,5735.671,5726.844,5727.158
2026-01-06 19:00:00,5727.198,5739.151,5725.239,5737.333
2026-01-06 20:00:00,5737.513,5737.619,5727.358,5727.524
2026-01-06 21:00:00,5727.714,5729.17,5723.269,5726.203
2026-01-06 22:00:00,5726.229,5729.382,5722.021,5729.382
2026-01-06 23:00:00,5729.444,5733.986,5725.055,5732.776
2026-01-07 00:00:00,5732.881,5733.221,5718.792,5723.996
2026-01-07 01:00:00,5723.898,5729.866,5721.691,5727.592
2026-01-07 02:00:00,5727.655,5733.95,5725.026,5729.6
2026-01-07 03:00:00,5729.675,5740.258,5727.043,5735.218
2026-01-07 04:00:00,5735.342,5738.609,5731.702,5734.601
2026-01-07 05:00:00,5734.539,5736.87,5728.564,5729.587
2026-01-07 06:00:00,5729.666,5731.209,5725.581,5730.418
2026-01-07 07:00:00,5730.423,5740.352,5727.442,5739.85
2026-01-07 08:00:00,5740.032,5751.059,5739.591,5746.216
2026-01-07 09:00:00,5746.011,5753.278,5742.539,5742.97
2026-01-07 10:00:00,5742.971,5750.064,5740.79,5749.737
2026-01-07 11:00:00,5749.742,5763.514,5748.549,5762.212
2026-01-07 12:00:00,5762.358,5766.988,5760.163,5764.159
2026-01-07 13:00:00,5764.196,5767.489,5758.331,5767.268
2026-01-07 14:00:00,5766.978,5775.492,5765.56,5775.492
2026-01-07 15:00:00,5775.74,5783.454,5775.458,5782.384
2026-01-07 16:00:00,5782.348,5785.14,5775.968,5780.116
2026-01-07 17:00:00,5780.022,5780.668,5768.21,5769.217
2026-01-07 18:00:00,5769.329,5776.205,5766.864,5773.613
2026-01-07 19:00:00,5773.799,5775.206,5767.438,5770.568
2026-01-07 20:00:00,5770.527,5780.55,5770.416,5779.006
2026-01-07 21:00:00,5779.082,5785.665,5778.617,5782.972
2026-01-07 22:00:00,5782.692,5785.759,5778.766,5783.887
2026-01-07 23:00:00,5783.888,5786.448,5768.203,5770.095
2026-01-08 00:00:00,5770.054,5775.148,5768.822,5771.216
2026-01-08 01:00:00,5771.205,5777.734,5769.413,5772.448
2026-01-08 02:00:00,5772.443,5775.391,5767.018,5769.011
2026-01-08 03:00:00,5769.299,5769.573,5761.221,5765.275
2026-01-08 04:00:00,5765.237,5769.837,5760.896,5769.305
2026-01-08 05:00:00,5769.128,5775.272,5762.725,5764.57
2026-01-08 06:00:00,5764.279,5767.322,5759.704,5766.595
2026-01-08 07:00:00,5766.394,5766.59,5760.041,5763.024
2026-01-08 08:00:00,5762.9,5768.494,5758.413,5760.303
2026-01-08 09:00:00,5760.362,5763.163,5753.264,5754.513
2026-01-08 10:00:00,5754.808,5756.596,5747.044,5748.689
2026-01-08 11:00:00,5748.747,5754.03,5744.967,5750.534
2026-01-08 12:00:00,5750.336,5754.937,5746.264,5752.366
2026-01-08 13:00:00,5752.427,5761.884,5752.26,5759.26
2026-01-08 14:00:00,5759.372,5769.046,5759.196,5766.319
2026-01-08 15:00:00,5766.575,5771.492,5765.046,5769.21
2026-01-08 16:00:00,5769.253,5774.499,5766.56,5774.499
2026-01-08 17:00:00,5774.449,5776.395,5767.017,5767.873
2026-01-08 18:00:00,5768.224,5785.237,5766.785,5783.021
2026-01-08 19:00:00,5783.119,5789.483,5781.76,5782.192
2026-01-08 20:00:00,5782.266,5786.686,5779.736,5780.628
2026-01-08 21:00:00,5780.473,5781.864,5768.045,5769.246
2026-01-08 22:00:00,5769.475,5771.335,5764.247,5766.088
2026-01-08 23:00:00,5766.013,5767.13,5758.902,5765.129
2026-01-09 00:00:00,5765.023,5765.305,5751.428,5753.713
2026-01-09 01:00:00,5753.578,5762.375,5753.548,5759.433
2026-01-09 02:00:00,5759.23,5766.62,5756.668,5758.823
2026-01-09 03:00:00,5758.821,5762.491,5753.11,5758.757
2026-01-09 04:00:00,5758.551,5766.984,5756.972,5766.984
2026-01-09 05:00:00,5766.867,5774.136,5766.364,5768.879
2026-01-09 06:00:00,5768.645,5781.781,5767.651,5777.523
2026-01-09 07:00:00,5777.595,5778.364,5770.557,5778.364
2026-01-09 08:00:00,5778.405,5778.906,5768.972,5775.03
2026-01-09 09:00:00,5774.742,5774.742,5767.71,5769.161
2026-01-09 10:00:00,5769.231,5769.934,5759.488,5762.346
2026-01-09 11:00:00,5762.256,5765.854,5756.983,5760.927
2026-01-09 12:00:00,5760.968,5765.733,5758.155,5763.902
2026-01-09 13:00:00,5764.01,5773.121,5763.675,5766.364
2026-01-09 14:00:00,5766.453,5768.515,5760.765,5761.55
2026-01-09 15:00:00,5761.39,5775.526,5759.759,5773.482
2026-01-09 16:00:00,5773.301,5777.7,5767.369,5774.984
2026-01-09 17:00:00,5774.858,5784.047,5769.588,5783.987
2026-01-09 18:00:00,5784.1,5785.645,5778.628,5785.645
2026-01-09 19:00:00,5785.602,5788.49,5778.597,5778.862
2026-01-09 20:00:00,5778.89,5781.758,5775.815,5780.911
2026-01-09 21:00:00,5780.787,5786.442,5775.986,5782.614
2026-01-09 22:00:00,5782.541,5793.385,5781.156,5792.988
2026-01-09 23:00:00,5792.936,5804.05,5792.08,5799.627
2026-01-10 00:00:00,5799.603,5810.821,5798.308,5808.057
2026-01-10 01:00:00,5807.809,5814.786,5805.695,5805.794
2026-01-10 02:00:00,5805.941,5810.325,5801.09,5809.542
2026-01-10 03:00:00,5809.288,5810.016,5800.08,5801.516
2026-01-10 04:00:00,5801.673,5805.972,5796.674,5798.361
2026-01-10 05:00:00,5798.411,5800.711,5793.782,5800.142
2026-01-10 06:00:00,5799.963,5804.106,5795.18,5803.366
2026-01-10 07:00:00,5803.532,5809.118,5798.61,5802.139
2026-01-10 08:00:00,5802.212,5803.925,5790.665,5791.412
2026-01-10 09:00:00,5791.336,5796.006,5790.387,5791.622
2026-01-10 10:00:00,5791.617,5795.322,5787.311,5791.819
2026-01-10 11:00:00,5791.775,5794.409,5787.257,5792.548
2026-01-10 12:00:00,5792.644,5796.035,5785.886,5786.328
2026-01-10 13:00:00,5786.243,5789.135,5779.835,5783.688
2026-01-10 14:00:00,5783.579,5784.374,5779.018,5782.679
2026-01-10 15:00:00,5782.451,5787.38,5773.601,5775.326
2026-01-10 16:00:00,5775.343,5776.818,5767.213,5767.906
2026-01-10 17:00:00,5767.914,5783.745,5765.458,5780.312
2026-01-10 18:00:00,5780.183,5785.338,5778.727,5781.829
2026-01-10 19:00:00,5782.093,5782.093,5769.818,5771.588
2026-01-10 20:00:00,5771.675,5773.625,5769.337,5772.725
2026-01-10 21:00:00,5772.534,5779.664,5771.281,5779.64
2026-01-10 22:00:00,5779.581,5782.631,5772.757,5777.168
2026-01-10 23:00:00,5777.169,5779.702,5772.504,5773.903
2026-01-11 00:00:00,5773.941,5778.716,5772.219,5773.729
2026-01-11 01:00:00,5773.921,5781.666,5769.326,5778.47
2026-01-11 02:00:00,5778.35,5784.464,5774.763,5780.233
2026-01-11 03:00:00,5780.384,5782.219,5773.098,5782.164
2026-01-11 04:00:00,5782.224,5782.354,5774.661,5778.851
2026-01-11 05:00:00,5778.652,5785.802,5778.028,5781.757
2026-01-11 06:00:00,5781.567,5793.691,5778.553,5793.532
2026-01-11 07:00:00,5793.449,5794.388,5783.582,5787.534
2026-01-11 08:00:00,5787.342,5787.61,5777.53,5779.949
2026-01-11 09:00:00,5780.194,5787.744,5779.542,5784.577
2026-01-11 10:00:00,5784.668,5793.633,5782.348,5790.506
2026-01-11 11:00:00,5790.685,5798.444,5787.209,5796.22
2026-01-11 12:00:00,5796.382,5803.396,5794.874,5797.503
2026-01-11 13:00:00,5797.37,5798.484,5785.834,5787.717
2026-01-11 14:00:00,5787.596,5797.67,5787.123,5794.398
2026-01-11 15:00:00,5794.458,5794.801,5782.566,5783.705
2026-01-11 16:00:00,5783.754,5800.242,5783.232,5799.082
2026-01-11 17:00:00,5799.181,5804.851,5797.32,5802.641
2026-01-11 18:00:00,5802.248,5805.992,5797.282,5803.885
2026-01-11 19:00:00,5804.003,5804.989,5795.227,5795.984
2026-01-11 20:00:00,5795.961,5804.004,5794.954,5798.042
2026-01-11 21:00:00,5798.221,5808.043,5796.585,5807.984
2026-01-11 22:00:00,5807.965,5811.141,5801.978,5804.665
2026-01-11 23:00:00,5804.958,5811.563,5804.425,5806.764
2026-01-12 00:00:00,5806.822,5808.585,5797.887,5800.994
2026-01-12 01:00:00,5800.9,5801.731,5788.309,5788.92
2026-01-12 02:00:00,5788.937,5790.828,5784.021,5784.209
2026-01-12 03:00:00,5784.309,5790.207,5783.664,5789.493
2026-01-12 04:00:00,5789.696,5794.281,5788.255,5791.412
2026-01-12 05:00:00,5791.191,5798.212,5787.852,5798.157
2026-01-12 06:00:00,5797.962,5803.827,5793.379,5795.527
2026-01-12 07:00:00,5795.49,5799.375,5783.981,5783.981
2026-01-12 08:00:00,5783.955,5784.313,5778.297,5781.081
2026-01-12 09:00:00,5780.793,5784.86,5775.298,5781.391
2026-01-12 10:00:00,5781.07,5783.849,5768.723,5774.481
2026-01-12 11:00:00,5774.501,5775.717,5767.756,5768.71
2026-01-12 12:00:00,5768.732,5778.254,5766.567,5772.344
2026-01-12 13:00:00,5772.186,5773.874,5765.083,5767.915
2026-01-12 14:00:00,5767.891,5775.574,5764.535,5765.653
2026-01-12 15:00:00,5765.834,5771.37,5762.214,5764.818
2026-01-12 16:00:00,5764.694,5765.808,5753.566,5755.238
2026-01-12 17:00:00,5755.332,5756.834,5749.005,5749.809
2026-01-12 18:00:00,5749.416,5753.232,5746.575,5750.97
2026-01-12 19:00:00,5751.267,5760.136,5748.995,5757.872
2026-01-12 20:00:00,5757.802,5760.824,5752.796,5753.73
2026-01-12 21:00:00,5753.731,5754.138,5736.772,5738.015
2026-01-12 22:00:00,5738.027,5739.705,5732.785,5732.885
2026-01-12 23:00:00,5732.803,5734.75,5727.534,5730.37
2026-01-13 00:00:00,5730.375,5736.557,5729.637,5736.181
2026-01-13 01:00:00,5736.249,5739.754,5733.088,5737.491
2026-01-13 02:00:00,5737.346,5742.056,5731.705,5741.233
2026-01-13 03:00:00,5740.84,5743.552,5734.571,5736.358
2026-01-13 04:00:00,5736.229,5738.862,5725.459,5729.021
2026-01-13 05:00:00,5728.994,5736.546,5720.987,5723.647
2026-01-13 06:00:00,5723.623,5733.017,5722.476,5727.938
2026-01-13 07:00:00,5727.955,5728.765,5721.842,5725.719
2026-01-13 08:00:00,5725.727,5739.268,5725.702,5738.348
2026-01-13 09:00:00,5738.334,5740.935,5730.486,5731.796
2026-01-13 10:00:00,5731.981,5737.321,5728.689,5736.086
2026-01-13 11:00:00,5736.029,5738.426,5724.066,5730.174
2026-01-13 12:00:00,5730.104,5733.407,5721.964,5722.602
2026-01-13 13:00:00,5722.246,5723.888,5713.682,5716.059
2026-01-13 14:00:00,5715.857,5725.061,5714.703,5718.868
2026-01-13 15:00:00,5719.082,5721.668,5711.162,5712.998
2026-01-13 16:00:00,5713.148,5719.032,5710.173,5716.69
2026-01-13 17:00:00,5716.856,5721.729,5714.871,5717.155
2026-01-13 18:00:00,5716.967,5717.829,5709.416,5710.925
2026-01-13 19:00:00,5710.949,5716.096,5708.24,5713.214
2026-01-13 20:00:00,5713.224,5713.23,5703.701,5707.822
2026-01-13 21:00:00,5707.8,5708.187,5698.471,5700.252
2026-01-13 22:00:00,5700.287,5703.352,5695.524,5696.717
2026-01-13 23:00:00,5696.723,5699.337,5692.749,5695.818
2026-01-14 00:00:00,5695.916,5697.584,5686.439,5686.6
2026-01-14 01:00:00,5686.613,5694.22,5686.537,5692.536
2026-01-14 02:00:00,5692.452,5695.952,5686.697,5695.596
2026-01-14 03:00:00,5695.686,5698.842,5689.455,5693.369
2026-01-14 04:00:00,5693.253,5699.723,5690.32,5691.397
2026-01-14 05:00:00,5691.337,5694.975,5688.152,5691.159
2026-01-14 06:00:00,5690.8,5691.102,5681.635,5682.927
2026-01-14 07:00:00,5682.796,5687.02,5680.566,5683.084
2026-01-14 08:00:00,5683.094,5692.799,5682.188,5691.079
2026-01-14 09:00:00,5691.114,5693.031,5676.974,5677.477
2026-01-14 10:00:00,5677.386,5682.785,5674.982,5682.229
2026-01-14 11:00:00,5682.376,5689.661,5680.661,5687.335
2026-01-14 12:00:00,5687.482,5696.201,5684.451,5696.201
2026-01-14 13:00:00,5696.398,5699.343,5687.974,5687.974
2026-01-14 14:00:00,5687.759,5696.953,5683.733,5684.808
2026-01-14 15:00:00,5684.532,5685.592,5670.041,5673.61
2026-01-14 16:00:00,5673.758,5674.482,5662.821,5663.793
2026-01-14 17:00:00,5663.524,5669.13,5661.651,5666.824
2026-01-14 18:00:00,5666.587,5667.554,5659.48,5663.17
2026-01-14 19:00:00,5663.209,5666.266,5659.416,5665.715
2026-01-14 20:00:00,5665.663,5671.361,5664.885,5665.886
2026-01-14 21:00:00,5665.971,5667.487,5657.669,5663.638
2026-01-14 22:00:00,5663.743,5666.365,5660.543,5665.488
2026-01-14 23:00:00,5665.477,5670.537,5661.823,5667.753
2026-01-15 00:00:00,5667.723,5671.541,5662.51,5668.525
2026-01-15 01:00:00,5668.251,5671.544,5661.342,5662.584
2026-01-15 02:00:00,5662.746,5663.621,5656.594,5657.843
2026-01-15 03:00:00,5657.898,5665.665,5655.505,5664.827
2026-01-15 04:00:00,5664.874,5673.976,5662.853,5671.937
2026-01-15 05:00:00,5671.823,5680.169,5668.977,5678.496
2026-01-15 06:00:00,5678.414,5679.197,5670.688,5672.458
2026-01-15 07:00:00,5672.503,5678.515,5671.044,5676.375
2026-01-15 08:00:00,5676.143,5687.873,5673.489,5687.58
2026-01-15 09:00:00,5687.434,5688.094,5681.359,5683.933
2026-01-15 10:00:00,5683.973,5689.253,5683.678,5688.37
2026-01-15 11:00:00,5688.475,5692.173,5686.076,5691.901
2026-01-15 12:00:00,5691.903,5702.117,5690.035,5696.853
2026-01-15 13:00:00,5697.021,5700.75,5686.493,5687.038
2026-01-15 14:00:00,5687.144,5687.324,5679.909,5679.909
2026-01-15 15:00:00,5679.972,5690.196,5679.299,5688.986
2026-01-15 16:00:00,5689.138,5692.664,5683.654,5683.919
2026-01-15 17:00:00,5684.016,5684.147,5677.832,5682.659
2026-01-15 18:00:00,5682.727,5692.962,5681.093,5691.879
2026-01-15 19:00:00,5691.641,5692.243,5681.031,5681.968
2026-01-15 20:00:00,5681.879,5682.943,5664.609,5666.8
2026-01-15 21:00:00,5666.818,5673.6,5666.573,5673.389
2026-01-15 22:00:00,5673.195,5677.416,5671.164,5673.513
2026-01-15 23:00:00,5673.389,5677.503,5669.164,5669.164
2026-01-16 00:00:00,5668.988,5672.772,5661.572,5661.953
2026-01-16 01:00:00,5662.089,5664.069,5653.583,5653.686
2026-01-16 02:00:00,5653.625,5654.578,5648.101,5650.258
2026-01-16 03:00:00,5650.32,5650.782,5640.441,5644.822
2026-01-16 04:00:00,5644.827,5646.909,5634.978,5636.849
2026-01-16 05:00:00,5636.947,5645.181,5635.977,5639.624
2026-01-16 06:00:00,5639.562,5641.307,5631.303,5633.099
2026-01-16 07:00:00,5633.458,5639.083,5631.669,5635.755
2026-01-16 08:00:00,5635.813,5637.438,5622.613,5623.546
2026-01-16 09:00:00,5623.705,5630.347,5623.272,5626.079
2026-01-16 10:00:00,5625.986,5636.715,5624.756,5632.962
2026-01-16 11:00:00,5632.979,5639.018,5630.124,5637.842
2026-01-16 12:00:00,5637.754,5639.509,5632.074,5633.114
2026-01-16 13:00:00,5632.862,5642.918,5632.218,5637.763
2026-01-16 14:00:00,5637.882,5639.928,5632.612,5638.491
2026-01-16 15:00:00,5638.701,5643.171,5635.782,5636.812
2026-01-16 16:00:00,5636.691,5639.494,5633.266,5639.278
2026-01-16 17:00:00,5639.175,5643.889,5632.178,5633.828
2026-01-16 18:00:00,5633.839,5639.373,5631.596,5638.803
2026-01-16 19:00:00,5638.834,5639.55,5631.393,5631.393
2026-01-16 20:00:00,5631.552,5634.338,5624.166,5631.625
2026-01-16 21:00:00,5631.57,5638.373,5629.485,5632.511
2026-01-16 22:00:00,5632.721,5638.161,5631.082,5632.028
2026-01-16 23:00:00,5632.183,5633.435,5623.121,5624.265
2026-01-17 00:00:00,5624.357,5625.038,5617.999,5619.277
2026-01-17 01:00:00,5618.961,5619.593,5610.287,5611.211
2026-01-17 02:00:00,5610.938,5615.871,5608.843,5609.401
2026-01-17 03:00:00,5609.748,5615.834,5606.299,5609.085
2026-01-17 04:00:00,5609.026,5609.684,5601.613,5603.1
2026-01-17 05:00:00,5603.121,5604.75,5595.064,5598.64
2026-01-17 06:00:00,5598.731,5606.474,5595.535,5605.321
2026-01-17 07:00:00,5605.5,5615.744,5605.309,5607.401
2026-01-17 08:00:00,5607.309,5614.036,5603.198,5609.648
2026-01-17 09:00:00,5609.478,5614.778,5607.281,5610.578
2026-01-17 10:00:00,5610.56,5612.966,5603.755,5609.434
2026-01-17 11:00:00,5609.613,5612.227,5603.063,5604.521
2026-01-17 12:00:00,5604.366,5604.572,5597.656,5599.601
2026-01-17 13:00:00,5599.491,5601.125,5591.639,5592.104
2026-01-17 14:00:00,5592.056,5598.034,5589.297,5592.853
2026-01-17 15:00:00,5593.086,5593.682,5584.604,5589.291
2026-01-17 16:00:00,5589.282,5600.907,5589.085,5597.926
2026-01-17 17:00:00,5598.001,5607.601,5596.223,5599.433
2026-01-17 18:00:00,5599.415,5607.608,5598.003,5606.674
2026-01-17 19:00:00,5606.761,5610.993,5603.778,5609.927
2026-01-17 20:00:00,5609.825,5613.637,5605.363,5605.802
2026-01-17 21:00:00,5605.459,5610.044,5600.472,5601.164
2026-01-17 22:00:00,5600.924,5612.879,5599.506,5607.483
2026-01-17 23:00:00,5607.768,5611.198,5602.579,5604.645
2026-01-18 00:00:00,5604.489,5607.689,5600.242,5607.689
2026-01-18 01:00:00,5607.466,5612.855,5605.705,5612.855
2026-01-18 02:00:00,5612.734,5612.912,5604.017,5607.645
2026-01-18 03:00:00,5607.676,5611.027,5603.141,5609.5
2026-01-18 04:00:00,5609.444,5615.349,5606.943,5612.081
2026-01-18 05:00:00,5611.939,5614.119,5609.306,5611.586
2026-01-18 06:00:00,5611.536,5616.571,5605.29,5606.89
2026-01-18 07:00:00,5606.934,5609.298,5597.762,5601.545
2026-01-18 08:00:00,5601.761,5602.662,5587.493,5588.05
2026-01-18 09:00:00,5588.058,5590.01,5583.857,5586.449
2026-01-18 10:00:00,5586.396,5596.923,5585.066,5596.395
2026-01-18 11:00:00,5596.211,5599.921,5588.696,5589.426
2026-01-18 12:00:00,5589.175,5601.404,5588.686,5600.661
2026-01-18 13:00:00,5600.994,5601.498,5596.286,5597.905
2026-01-18 14:00:00,5598.093,5600.026,5584.996,5591.321
2026-01-18 15:00:00,5591.231,5597.451,5588.18,5594.69
2026-01-18 16:00:00,5594.649,5605.141,5593.412,5601.238
2026-01-18 17:00:00,5601.17,5603.586,5596.922,5602.408
2026-01-18 18:00:00,5602.361,5612.345,5602.0,5603.123
2026-01-18 19:00:00,5602.962,5609.984,5600.775,5608.445
2026-01-18 20:00:00,5608.537,5612.131,5604.139,5604.427
2026-01-18 21:00:00,5604.297,5609.618,5603.379,5604.891
2026-01-18 22:00:00,5604.899,5607.015,5600.614,5604.244
2026-01-18 23:00:00,5604.276,5605.997,5598.076,5600.383
2026-01-19 00:00:00,5600.692,5607.623,5599.005,5604.878
2026-01-19 01:00:00,5604.69,5609.823,5599.923,5608.551
2026-01-19 02:00:00,5608.48,5611.181,5598.078,5599.581
2026-01-19 03:00:00,5599.374,5610.223,5598.846,5610.172
2026-01-19 04:00:00,5610.15,5611.647,5602.265,5606.303
2026-01-19 05:00:00,5606.129,5609.727,5602.526,5609.389
2026-01-19 06:00:00,5609.327,5615.664,5609.256,5612.137
2026-01-19 07:00:00,5611.942,5615.06,5607.011,5611.758
2026-01-19 08:00:00,5611.84,5620.53,5609.552,5617.216
2026-01-19 09:00:00,5617.128,5629.597,5616.678,5624.133
2026-01-19 10:00:00,5624.142,5626.97,5618.291,5624.727
2026-01-19 11:00:00,5624.568,5631.225,5623.282,5629.564
2026-01-19 12:00:00,5629.355,5629.747,5621.162,5621.39
2026-01-19 13:00:00,5621.365,5629.703,5621.238,5629.001
2026-01-19 14:00:00,5628.951,5629.448,5614.788,5616.69
2026-01-19 15:00:00,5616.842,5624.875,5615.855,5624.359
2026-01-19 16:00:00,5624.29,5633.191,5622.957,5628.938
2026-01-19 17:00:00,5628.823,5637.151,5628.644,5631.76
2026-01-19 18:00:00,5631.522,5637.3,5628.619,5635.364
2026-01-19 19:00:00,5635.289,5643.668,5634.119,5639.864
2026-01-19 20:00:00,5639.962,5654.927,5638.83,5653.898
2026-01-19 21:00:00,5653.978,5657.289,5649.806,5650.09
2026-01-19 22:00:00,5650.214,5653.399,5645.389,5648.772
2026-01-19 23:00:00,5648.49,5649.747,5640.579,5641.911
2026-01-20 00:00:00,5641.928,5649.766,5640.214,5647.26
2026-01-20 01:00:00,5647.424,5664.747,5646.988,5664.73
2026-01-20 02:00:00,5664.644,5666.845,5656.83,5659.568
2026-01-20 03:00:00,5659.488,5660.91,5655.315,5658.796
2026-01-20 04:00:00,5658.654,5661.122,5652.481,5657.189
2026-01-20 05:00:00,5657.409,5660.775,5652.825,5656.713
2026-01-20 06:00:00,5656.687,5661.279,5653.845,5656.964
2026-01-20 07:00:00,5656.745,5660.572,5653.881,5654.912
2026-01-20 08:00:00,5655.034,5655.766,5640.243,5642.608
2026-01-20 09:00:00,5642.845,5646.695,5636.757,5637.642
2026-01-20 10:00:00,5637.773,5641.649,5633.839,5638.824
2026-01-20 11:00:00,5638.894,5640.344,5633.266,5635.417
2026-01-20 12:00:00,5635.569,5640.936,5635.069,5637.13
2026-01-20 13:00:00,5637.016,5638.03,5627.95,5629.744
2026-01-20 14:00:00,5629.732,5630.493,5624.233,5629.168
2026-01-20 15:00:00,5629.06,5631.642,5622.929,5623.439
2026-01-20 16:00:00,5623.592,5623.98,5616.757,5618.754
2026-01-20 17:00:00,5618.638,5621.566,5614.995,5620.813
2026-01-20 18:00:00,5620.838,5621.202,5611.431,5615.77
2026-01-20 19:00:00,5615.506,5622.222,5613.3,5616.745
2026-01-20 20:00:00,5616.749,5622.854,5614.59,5618.254
2026-01-20 21:00:00,5618.52,5622.643,5613.509,5614.645
2026-01-20 22:00:00,5614.524,5617.318,5609.531,5614.172
2026-01-20 23:00:00,5614.314,5623.154,5613.198,5621.769
2026-01-21 00:00:00,5621.866,5622.892,5611.681,5615.528
2026-01-21 01:00:00,5615.544,5616.54,5608.964,5609.213
2026-01-21 02:00:00,5609.396,5612.209,5604.634,5611.752
2026-01-21 03:00:00,5611.758,5617.357,5611.612,5612.225
2026-01-21 04:00:00,5612.366,5613.235,5607.35,5609.124
2026-01-21 05:00:00,5608.869,5609.129,5601.509,5603.386
2026-01-21 06:00:00,5603.452,5610.245,5602.829,5608.862
2026-01-21 07:00:00,5608.762,5613.945,5606.646,5609.164
2026-01-21 08:00:00,5609.479,5610.221,5602.525,5603.315
2026-01-21 09:00:00,5603.322,5603.412,5595.476,5601.334
2026-01-21 10:00:00,5601.343,5604.937,5596.596,5598.534
2026-01-21 11:00:00,5598.302,5604.774,5597.889,5603.76
2026-01-21 12:00:00,5603.668,5614.963,5603.165,5607.665
2026-01-21 13:00:00,5607.832,5615.413,5607.191,5611.712
2026-01-21 14:00:00,5612.103,5618.014,5611.965,5616.555
2026-01-21 15:00:00,5616.651,5622.334,5616.311,5618.57
2026-01-21 16:00:00,5618.414,5622.848,5616.024,5620.34
2026-01-21 17:00:00,5620.332,5622.137,5614.781,5621.66
2026-01-21 18:00:00,5621.786,5624.627,5616.317,5617.396
2026-01-21 19:00:00,5617.601,5619.338,5609.646,5616.144
2026-01-21 20:00:00,5616.114,5618.62,5608.932,5609.218
2026-01-21 21:00:00,5609.403,5610.34,5601.759,5603.502
2026-01-21 22:00:00,5603.511,5606.33,5600.074,5602.926
2026-01-21 23:00:00,5602.917,5612.243,5602.199,5607.059
2026-01-22 00:00:00,5607.135,5617.498,5606.348,5612.264
2026-01-22 01:00:00,5612.061,5612.564,5605.309,5606.39
2026-01-22 02:00:00,5606.452,5611.364,5606.235,5611.317
2026-01-22 03:00:00,5611.428,5619.806,5610.958,5617.367
2026-01-22 04:00:00,5617.544,5622.517,5614.278,5617.292
2026-01-22 05:00:00,5617.119,5624.505,5615.885,5621.96
2026-01-22 06:00:00,5622.182,5626.393,5620.645,5622.226
2026-01-22 07:00:00,5622.164,5627.825,5621.793,5624.331
2026-01-22 08:00:00,5624.279,5626.445,5612.791,5613.104
2026-01-22 09:00:00,5613.291,5621.929,5609.313,5618.582
2026-01-22 10:00:00,5618.861,5627.476,5617.876,5624.855
2026-01-22 11:00:00,5624.732,5631.007,5621.373,5623.491
2026-01-22 12:00:00,5623.325,5624.98,5618.031,5619.496
2026-01-22 13:00:00,5619.568,5633.431,5619.549,5627.663
2026-01-22 14:00:00,5627.755,5630.173,5611.738,5612.509
2026-01-22 15:00:00,5612.595,5622.431,5612.364,5618.735
2026-01-22 16:00:00,5618.795,5620.089,5607.004,5608.507
2026-01-22 17:00:00,5608.672,5612.688,5606.265,5609.807
2026-01-22 18:00:00,5609.658,5612.517,5604.644,5608.061
2026-01-22 19:00:00,5608.176,5611.73,5606.159,5610.428
2026-01-22 20:00:00,5610.553,5614.028,5607.762,5610.033
2026-01-22 21:00:00,5610.038,5611.439,5605.149,5605.149
2026-01-22 22:00:00,5605.222,5608.124,5595.874,5598.109
2026-01-22 23:00:00,5598.176,5603.909,5598.001,5602.77
2026-01-23 00:00:00,5602.808,5603.131,5592.358,5598.902
2026-01-23 01:00:00,5598.873,5602.879,5590.692,5592.414
2026-01-23 02:00:00,5592.602,5602.219,5588.643,5602.145
2026-01-23 03:00:00,5602.102,5613.756,5599.69,5606.342
2026-01-23 04:00:00,5606.263,5614.578,5603.967,5614.337
2026-01-23 05:00:00,5614.322,5617.255,5605.85,5613.5
2026-01-23 06:00:00,5613.561,5616.191,5607.365,5607.81
2026-01-23 07:00:00,5607.738,5609.007,5601.477,5604.232
2026-01-23 08:00:00,5604.086,5612.296,5600.591,5607.38
2026-01-23 09:00:00,5607.368,5608.277,5599.025,5607.216
2026-01-23 10:00:00,5607.287,5611.013,5605.594,5610.924
2026-01-23 11:00:00,5610.847,5615.092,5600.879,5600.963
2026-01-23 12:00:00,5601.054,5601.054,5584.395,5585.752
2026-01-23 13:00:00,5585.864,5586.283,5572.939,5573.444
2026-01-23 14:00:00,5573.321,5573.728,5564.43,5565.75
2026-01-23 15:00:00,5565.886,5568.236,5559.067,5561.563
2026-01-23 16:00:00,5561.601,5563.22,5556.053,5557.688
2026-01-23 17:00:00,5557.674,5560.686,5553.344,5555.215
2026-01-23 18:00:00,5555.08,5555.238,5545.365,5546.669
2026-01-23 19:00:00,5546.522,5555.853,5537.988,5555.33
2026-01-23 20:00:00,5555.447,5558.583,5549.4,5555.132
2026-01-23 21:00:00,5555.23,5556.608,5548.031,5548.151
2026-01-23 22:00:00,5548.201,5549.96,5541.195,5541.493
2026-01-23 23:00:00,5541.273,5553.483,5540.708,5552.205
2026-01-24 00:00:00,5552.036,5553.764,5544.596,5549.121
2026-01-24 01:00:00,5549.022,5553.613,5548.614,5552.574
2026-01-24 02:00:00,5552.698,5560.214,5552.655,5556.152
2026-01-24 03:00:00,5556.168,5559.658,5551.13,5558.669
2026-01-24 04:00:00,5558.732,5559.087,5550.15,5553.575
2026-01-24 05:00:00,5553.608,5558.41,5549.71,5555.043
2026-01-24 06:00:00,5555.036,5555.488,5548.388,5554.053
2026-01-24 07:00:00,5554.258,5554.564,5546.041,5548.644
2026-01-24 08:00:00,5548.658,5549.371,5538.823,5541.23
2026-01-24 09:00:00,5541.075,5544.735,5537.86,5541.151
2026-01-24 10:00:00,5541.182,5542.512,5537.819,5539.966
2026-01-24 11:00:00,5539.998,5540.429,5533.748,5536.23
2026-01-24 12:00:00,5536.372,5539.227,5529.2,5529.782
2026-01-24 13:00:00,5529.72,5533.842,5526.482,5532.024
2026-01-24 14:00:00,5531.939,5535.358,5526.873,5528.163
2026-01-24 15:00:00,5528.088,5529.317,5519.356,5519.987
2026-01-24 16:00:00,5519.854,5529.564,5517.268,5525.95
2026-01-24 17:00:00,5525.549,5525.549,5515.524,5521.15
2026-01-24 18:00:00,5521.19,5522.748,5517.536,5521.091
2026-01-24 19:00:00,5521.003,5523.599,5517.769,5520.658
2026-01-24 20:00:00,5520.653,5523.965,5517.356,5519.409
2026-01-24 21:00:00,5519.443,5520.141,5514.762,5515.715
2026-01-24 22:00:00,5515.543,5521.666,5508.765,5509.118
2026-01-24 23:00:00,5509.226,5512.171,5505.065,5511.959
2026-01-25 00:00:00,5511.945,5515.057,5506.705,5507.618
2026-01-25 01:00:00,5507.361,5511.774,5502.321,5502.321
2026-01-25 02:00:00,5502.279,5502.403,5489.935,5491.303
2026-01-25 03:00:00,5491.149,5491.46,5483.809,5486.059
2026-01-25 04:00:00,5485.944,5488.996,5482.771,5488.465
2026-01-25 05:00:00,5488.34,5502.382,5486.824,5500.761
2026-01-25 06:00:00,5500.585,5503.342,5494.579,5498.363
2026-01-25 07:00:00,5498.284,5500.26,5494.329,5494.651
2026-01-25 08:00:00,5494.722,5499.88,5492.55,5496.07
2026-01-25 09:00:00,5495.905,5496.898,5488.446,5491.454
2026-01-25 10:00:00,5491.554,5501.552,5490.617,5500.682
2026-01-25 11:00:00,5500.683,5500.683,5488.747,5496.86
2026-01-25 12:00:00,5496.877,5500.209,5488.166,5488.166
2026-01-25 13:00:00,5487.947,5492.568,5482.174,5482.174
2026-01-25 14:00:00,5482.137,5483.652,5478.586,5482.101
2026-01-25 15:00:00,5482.03,5488.094,5481.442,5487.122
2026-01-25 16:00:00,5487.052,5490.823,5482.673,5489.323
2026-01-25 17:00:00,5489.555,5492.806,5484.994,5486.847
2026-01-25 18:00:00,5486.971,5498.102,5485.489,5497.019
2026-01-25 19:00:00,5496.689,5500.065,5494.845,5496.377
2026-01-25 20:00:00,5496.789,5497.55,5492.771,5496.885
2026-01-25 21:00:00,5497.016,5505.268,5495.869,5502.113
2026-01-25 22:00:00,5502.018,5504.439,5496.966,5498.426
2026-01-25 23:00:00,5498.418,5506.388,5498.418,5502.528
2026-01-26 00:00:00,5502.583,5504.662,5494.572,5494.978
2026-01-26 01:00:00,5494.926,5501.961,5492.283,5496.333
2026-01-26 02:00:00,5496.091,5497.877,5487.498,5494.24
2026-01-26 03:00:00,5494.111,5494.116,5486.133,5488.233
2026-01-26 04:00:00,5488.521,5493.076,5481.261,5493.076
2026-01-26 05:00:00,5492.774,5507.369,5492.762,5505.574
2026-01-26 06:00:00,5505.6,5512.841,5505.408,5507.07
2026-01-26 07:00:00,5507.078,5508.072,5500.086,5505.759
2026-01-26 08:00:00,5505.86,5506.658,5494.536,5494.647
2026-01-26 09:00:00,5495.009,5500.592,5491.258,5492.157
2026-01-26 10:00:00,5492.083,5493.989,5481.879,5482.547
2026-01-26 11:00:00,5482.43,5482.552,5466.009,5466.2
2026-01-26 12:00:00,5466.323,5468.729,5457.269,5458.311
2026-01-26 13:00:00,5458.413,5460.385,5454.139,5454.467
2026-01-26 14:00:00,5454.493,5454.729,5445.571,5445.717
2026-01-26 15:00:00,5445.714,5455.552,5445.537,5450.955
2026-01-26 16:00:00,5450.795,5451.325,5444.074,5449.61
2026-01-26 17:00:00,5449.554,5452.419,5443.716,5445.16
2026-01-26 18:00:00,5445.269,5447.593,5438.801,5444.69
2026-01-26 19:00:00,5444.622,5447.412,5439.457,5443.594
2026-01-26 20:00:00,5443.473,5445.644,5439.521,5445.496
2026-01-26 21:00:00,5445.637,5448.804,5439.331,5440.09
2026-01-26 22:00:00,5440.018,5451.074,5438.005,5448.831
2026-01-26 23:00:00,5448.957,5466.038,5448.226,5465.702
2026-01-27 00:00:00,5465.792,5471.416,5463.13,5470.092
2026-01-27 01:00:00,5470.165,5473.354,5466.083,5468.665
2026-01-27 02:00:00,5468.522,5469.261,5459.827,5460.57
2026-01-27 03:00:00,5460.762,5468.218,5456.726,5466.159
2026-01-27 04:00:00,5466.077,5468.039,5458.378,5458.983
2026-01-27 05:00:00,5459.131,5459.627,5450.482,5456.035
2026-01-27 06:00:00,5456.349,5456.55,5443.948,5452.159
2026-01-27 07:00:00,5452.277,5455.204,5449.229,5452.086
2026-01-27 08:00:00,5451.971,5453.907,5447.781,5453.019
2026-01-27 09:00:00,5452.958,5461.873,5449.581,5460.784
2026-01-27 10:00:00,5460.806,5460.947,5449.677,5454.114
2026-01-27 11:00:00,5453.992,5463.711,5453.882,5461.891
2026-01-27 12:00:00,5462.043,5464.35,5455.864,5456.431
2026-01-27 13:00:00,5456.567,5458.817,5451.88,5454.59
2026-01-27 14:00:00,5454.549,5458.696,5453.381,5455.608
2026-01-27 15:00:00,5455.423,5459.602,5449.912,5452.926
2026-01-27 16:00:00,5452.644,5454.051,5440.97,5441.766
2026-01-27 17:00:00,5441.746,5451.322,5441.151,5449.526
2026-01-27 18:00:00,5449.491,5450.891,5443.36,5444.763
2026-01-27 19:00:00,5444.709,5446.476,5440.796,5442.41
2026-01-27 20:00:00,5442.277,5447.789,5441.366,5445.966
2026-01-27 21:00:00,5445.942,5447.692,5441.283,5441.708
2026-01-27 22:00:00,5441.788,5446.134,5437.795,5442.797
2026-01-27 23:00:00,5442.961,5449.517,5439.839,5443.543
2026-01-28 00:00:00,5443.627,5445.395,5437.446,5438.929
2026-01-28 01:00:00,5438.875,5447.549,5438.243,5441.465
2026-01-28 02:00:00,5441.597,5448.047,5438.633,5447.673
2026-01-28 03:00:00,5447.604,5457.316,5443.246,5455.492
2026-01-28 04:00:00,5455.569,5456.567,5450.75,5456.276
2026-01-28 05:00:00,5456.2,5456.323,5442.032,5443.257
2026-01-28 06:00:00,5443.334,5445.732,5439.765,5440.123
2026-01-28 07:00:00,5440.347,5449.271,5440.001,5448.089
2026-01-28 08:00:00,5448.134,5454.577,5445.2,5453.473
2026-01-28 09:00:00,5453.448,5456.724,5445.344,5446.843
2026-01-28 10:00:00,5446.967,5452.226,5443.368,5449.523
2026-01-28 11:00:00,5449.5,5451.65,5443.122,5443.652
2026-01-28 12:00:00,5443.935,5449.726,5442.119,5446.834
2026-01-28 13:00:00,5446.803,5449.626,5443.484,5447.207
2026-01-28 14:00:00,5447.189,5448.148,5441.225,5443.895
2026-01-28 15:00:00,5443.838,5449.286,5440.231,5447.893
2026-01-28 16:00:00,5447.986,5457.092,5446.282,5452.284
2026-01-28 17:00:00,5452.129,5455.928,5449.567,5450.848
2026-01-28 18:00:00,5450.541,5464.565,5449.526,5462.37
2026-01-28 19:00:00,5462.308,5463.642,5457.222,5459.211
2026-01-28 20:00:00,5459.166,5470.06,5459.0,5464.981
2026-01-28 21:00:00,5465.299,5474.912,5462.953,5473.458
2026-01-28 22:00:00,5473.56,5474.846,5463.804,5465.355
2026-01-28 23:00:00,5465.218,5467.581,5462.639,5466.635
2026-01-29 00:00:00,5466.398,5466.867,5460.292,5460.487
2026-01-29 01:00:00,5460.404,5468.006,5458.081,5466.562
2026-01-29 02:00:00,5466.607,5467.733,5460.748,5461.295
2026-01-29 03:00:00,5461.175,5471.592,5460.427,5471.069
2026-01-29 04:00:00,5471.036,5476.053,5470.392,5474.312
2026-01-29 05:00:00,5474.312,5475.898,5461.83,5468.62
2026-01-29 06:00:00,5468.476,5475.203,5467.9,5473.213
2026-01-29 07:00:00,5473.181,5474.603,5461.81,5464.369
2026-01-29 08:00:00,5464.462,5464.508,5452.234,5456.278
2026-01-29 09:00:00,5456.376,5457.699,5451.427,5454.863
2026-01-29 10:00:00,5454.812,5459.538,5453.496,5457.875
2026-01-29 11:00:00,5457.555,5461.594,5455.464,5459.763
2026-01-29 12:00:00,5459.931,5461.79,5456.335,5457.686
2026-01-29 13:00:00,5457.754,5465.28,5454.856,5464.645
2026-01-29 14:00:00,5464.676,5473.951,5463.601,5470.17
2026-01-29 15:00:00,5470.212,5476.408,5469.295,5472.489
2026-01-29 16:00:00,5472.514,5481.591,5472.417,5475.521
2026-01-29 17:00:00,5475.66,5476.07,5468.416,5470.377
2026-01-29 18:00:00,5470.24,5476.406,5468.309,5476.406
2026-01-29 19:00:00,5476.327,5476.799,5468.998,5475.31
2026-01-29 20:00:00,5475.22,5475.233,5462.647,5464.599
2026-01-29 21:00:00,5464.799,5468.068,5460.674,5463.373
2026-01-29 22:00:00,5463.134,5463.952,5450.305,5452.18
2026-01-29 23:00:00,5452.033,5453.645,5446.128,5451.454
2026-01-30 00:00:00,5451.702,5453.781,5443.152,5444.2
2026-01-30 01:00:00,5443.967,5444.011,5436.341,5437.513
2026-01-30 02:00:00,5437.187,5441.758,5434.04,5437.791
2026-01-30 03:00:00,5437.722,5440.84,5434.136,5437.917
2026-01-30 04:00:00,5437.776,5440.937,5436.761,5440.011
2026-01-30 05:00:00,5439.91,5445.531,5439.91,5442.333
2026-01-30 06:00:00,5442.406,5443.154,5429.241,5433.886
2026-01-30 07:00:00,5433.714,5438.384,5431.301,5436.513
2026-01-30 08:00:00,5436.609,5436.732,5423.221,5423.221
2026-01-30 09:00:00,5423.008,5429.766,5421.923,5429.417
2026-01-30 10:00:00,5429.356,5434.406,5422.727,5422.783
2026-01-30 11:00:00,5422.822,5422.822,5413.048,5418.865
2026-01-30 12:00:00,5418.983,5424.047,5418.197,5419.398
2026-01-30 13:00:00,5419.338,5422.418,5416.426,5421.409
2026-01-30 14:00:00,5421.15,5425.077,5418.367,5418.993
2026-01-30 15:00:00,5419.029,5425.637,5417.511,5422.624
2026-01-30 16:00:00,5422.423,5430.61,5422.361,5428.807
2026-01-30 17:00:00,5428.82,5436.332,5427.82,5434.993
2026-01-30 18:00:00,5435.017,5445.761,5434.376,5444.356
2026-01-30 19:00:00,5444.212,5448.266,5441.447,5442.015
2026-01-30 20:00:00,5441.939,5447.147,5437.642,5444.499
2026-01-30 21:00:00,5444.609,5451.255,5441.504,5447.956
2026-01-30 22:00:00,5447.986,5449.385,5439.42,5439.976
2026-01-30 23:00:00,5439.932,5440.113,5434.337,5437.32
2026-01-31 00:00:00,5437.355,5441.978,5431.293,5431.588
2026-01-31 01:00:00,5431.784,5440.303,5430.332,5439.256
2026-01-31 02:00:00,5439.184,5439.408,5430.948,5435.032
2026-01-31 03:00:00,5434.809,5437.889,5427.935,5428.835
2026-01-31 04:00:00,5428.934,5435.012,5428.121,5434.819
2026-01-31 05:00:00,5434.821,5438.498,5431.02,5437.148
2026-01-31 06:00:00,5437.283,5438.244,5428.266,5428.607
2026-01-31 07:00:00,5428.595,5434.764,5425.062,5426.414
2026-01-31 08:00:00,5426.525,5429.592,5424.193,5427.407
2026-01-31 09:00:00,5427.231,5431.87,5425.573,5429.526
2026-01-31 10:00:00,5429.356,5432.332,5422.843,5424.166
2026-01-31 11:00:00,5424.282,5432.571,5422.552,5430.472
2026-01-31 12:00:00,5430.365,5431.763,5426.13,5431.59
2026-01-31 13:00:00,5431.8,5437.205,5430.349,5434.989
2026-01-31 14:00:00,5435.022,5436.509,5419.415,5420.278
2026-01-31 15:00:00,5420.158,5430.049,5420.158,5428.08
2026-01-31 16:00:00,5428.338,5429.538,5419.041,5419.602
2026-01-31 17:00:00,5419.565,5424.413,5412.711,5423.699
2026-01-31 18:00:00,5423.881,5425.105,5419.911,5422.142
2026-01-31 19:00:00,5422.104,5424.953,5417.507,5418.189
2026-01-31 20:00:00,5418.293,5420.83,5410.803,5411.775
2026-01-31 21:00:00,5411.717,5414.321,5406.179,5410.102
2026-01-31 22:00:00,5410.078,5413.692,5398.766,5399.282
2026-01-31 23:00:00,5399.308,5404.187,5391.288,5391.569
2026-02-01 00:00:00,5391.578,5394.367,5385.295,5389.63
2026-02-01 01:00:00,5389.546,5391.97,5385.351,5386.104
2026-02-01 02:00:00,5386.261,5390.996,5384.663,5387.088
2026-02-01 03:00:00,5387.111,5389.654,5383.184,5384.882
2026-02-01 04:00:00,5384.639,5387.464,5378.671,5387.156
2026-02-01 05:00:00,5387.223,5387.454,5379.247,5387.005
2026-02-01 06:00:00,5387.14,5389.399,5381.908,5387.137
2026-02-01 07:00:00,5387.059,5387.059,5376.333,5376.333
2026-02-01 08:00:00,5376.391,5376.824,5366.253,5368.672
2026-02-01 09:00:00,5368.844,5374.03,5365.975,5371.461
2026-02-01 10:00:00,5371.369,5379.574,5370.399,5373.696
2026-02-01 11:00:00,5373.501,5373.751,5361.371,5364.086
2026-02-01 12:00:00,5364.08,5372.836,5363.571,5370.368
2026-02-01 13:00:00,5370.292,5376.994,5369.791,5376.435
2026-02-01 14:00:00,5376.603,5382.906,5375.524,5376.743
2026-02-01 15:00:00,5376.656,5377.159,5365.986,5371.408
2026-02-01 16:00:00,5371.358,5379.018,5370.152,5378.99
2026-02-01 17:00:00,5379.015,5382.574,5376.82,5381.377
2026-02-01 18:00:00,5381.343,5382.23,5372.641,5374.535
2026-02-01 19:00:00,5374.226,5381.419,5372.459,5379.869
2026-02-01 20:00:00,5379.844,5384.937,5379.121,5380.764
2026-02-01 21:00:00,5380.828,5386.067,5379.708,5381.846
2026-02-01 22:00:00,5381.887,5382.35,5370.265,5370.765
2026-02-01 23:00:00,5370.596,5370.912,5358.838,5361.274
2026-02-02 00:00:00,5361.25,5363.304,5357.04,5359.579
2026-02-02 01:00:00,5359.435,5364.195,5357.82,5360.299
2026-02-02 02:00:00,5360.319,5365.364,5355.155,5359.034
2026-02-02 03:00:00,5359.176,5365.254,5357.759,5360.755
2026-02-02 04:00:00,5360.809,5362.453,5355.044,5355.23
2026-02-02 05:00:00,5355.364,5361.488,5352.112,5360.384
2026-02-02 06:00:00,5360.567,5364.326,5358.31,5360.855
2026-02-02 07:00:00,5360.966,5367.28,5356.993,5367.183
2026-02-02 08:00:00,5367.079,5375.81,5366.102,5375.004
2026-02-02 09:00:00,5374.997,5379.611,5369.814,5379.082
2026-02-02 10:00:00,5379.298,5384.999,5371.221,5375.951
2026-02-02 11:00:00,5375.764,5378.889,5374.975,5376.125
2026-02-02 12:00:00,5376.168,5382.051,5374.705,5379.576
2026-02-02 13:00:00,5379.462,5392.55,5376.434,5391.696
2026-02-02 14:00:00,5391.858,5392.974,5383.619,5389.828
2026-02-02 15:00:00,5389.465,5392.882,5385.674,5385.674
2026-02-02 16:00:00,5385.798,5393.792,5385.686,5388.735
2026-02-02 17:00:00,5388.518,5398.46,5386.624,5396.858
2026-02-02 18:00:00,5396.992,5400.054,5393.172,5394.511
2026-02-02 19:00:00,5394.433,5399.274,5392.483,5393.25
2026-02-02 20:00:00,5393.369,5394.626,5381.466,5384.863
2026-02-02 21:00:00,5384.833,5391.406,5383.819,5389.797
2026-02-02 22:00:00,5389.858,5391.168,5383.881,5384.55
2026-02-02 23:00:00,5384.644,5402.118,5383.885,5400.366
2026-02-03 00:00:00,5400.223,5400.223,5385.611,5390.129
2026-02-03 01:00:00,5390.069,5392.047,5386.097,5388.084
2026-02-03 02:00:00,5388.367,5392.382,5386.194,5391.079
2026-02-03 03:00:00,5391.317,5400.953,5390.586,5400.524
2026-02-03 04:00:00,5400.448,5402.643,5395.55,5395.9
2026-02-03 05:00:00,5395.827,5406.498,5394.606,5406.054
2026-02-03 06:00:00,5405.969,5406.2,5395.877,5398.243
2026-02-03 07:00:00,5398.185,5408.059,5397.771,5407.041
2026-02-03 08:00:00,5406.999,5409.999,5403.744,5403.99
2026-02-03 09:00:00,5403.954,5412.389,5401.664,5411.227
2026-02-03 10:00:00,5411.235,5413.412,5402.583,5406.897
2026-02-03 11:00:00,5406.819,5411.185,5402.706,5407.688
2026-02-03 12:00:00,5407.903,5412.78,5404.851,5411.977
2026-02-03 13:00:00,5412.046,5413.223,5403.704,5412.234
2026-02-03 14:00:00,5412.233,5415.063,5406.736,5409.194
2026-02-03 15:00:00,5409.25,5413.68,5408.241,5409.849
2026-02-03 16:00:00,5409.94,5414.435,5406.722,5408.527
2026-02-03 17:00:00,5408.501,5415.799,5406.725,5411.739
2026-02-03 18:00:00,5411.838,5413.266,5408.114,5411.527
2026-02-03 19:00:00,5411.467,5420.826,5409.952,5418.748
2026-02-03 20:00:00,5418.744,5423.16,5416.499,5419.957
2026-02-03 21:00:00,5420.057,5429.579,5416.429,5427.719
2026-02-03 22:00:00,5427.697,5434.501,5426.02,5428.407
2026-02-03 23:00:00,5428.559,5437.113,5428.458,5435.602
2026-02-04 00:00:00,5435.665,5436.626,5425.398,5426.298
2026-02-04 01:00:00,5426.23,5427.049,5411.153,5412.176
2026-02-04 02:00:00,5412.044,5421.275,5406.591,5420.524
2026-02-04 03:00:00,5420.481,5426.653,5419.32,5423.357
2026-02-04 04:00:00,5423.335,5424.689,5416.561,5417.237
2026-02-04 05:00:00,5417.244,5418.356,5410.699,5415.099
2026-02-04 06:00:00,5415.243,5419.342,5412.696,5415.137
2026-02-04 07:00:00,5415.057,5418.742,5412.999,5415.724
2026-02-04 08:00:00,5415.712,5417.443,5409.783,5410.202
2026-02-04 09:00:00,5410.438,5413.931,5408.074,5411.309
2026-02-04 10:00:00,5411.414,5418.585,5411.086,5412.16
2026-02-04 11:00:00,5412.178,5420.131,5410.964,5418.875
2026-02-04 12:00:00,5419.0,5424.41,5414.652,5423.628
2026-02-04 13:00:00,5423.634,5426.74,5418.38,5426.34
2026-02-04 14:00:00,5426.3,5432.399,5420.172,5421.073
2026-02-04 15:00:00,5421.164,5421.164,5416.095,5418.116
2026-02-04 16:00:00,5417.936,5420.694,5414.448,5420.688
2026-02-04 17:00:00,5420.611,5425.874,5418.854,5420.348
2026-02-04 18:00:00,5420.227,5425.563,5417.332,5423.414
2026-02-04 19:00:00,5423.613,5434.37,5423.354,5432.942
2026-02-04 20:00:00,5432.754,5434.685,5425.545,5427.019
2026-02-04 21:00:00,5427.385,5433.041,5426.274,5427.699
2026-02-04 22:00:00,5427.643,5428.462,5419.377,5420.052
2026-02-04 23:00:00,5419.932,5429.293,5418.531,5425.935
2026-02-05 00:00:00,5426.019,5432.896,5423.538,5430.492
2026-02-05 01:00:00,5430.269,5431.067,5420.199,5421.02
2026-02-05 02:00:00,5421.401,5424.183,5409.959,5414.003
2026-02-05 03:00:00,5414.151,5419.619,5413.352,5414.903
2026-02-05 04:00:00,5414.851,5418.444,5411.721,5417.664
2026-02-05 05:00:00,5417.784,5418.229,5410.532,5414.574
2026-02-05 06:00:00,5414.703,5417.453,5409.859,5414.194
2026-02-05 07:00:00,5414.296,5418.308,5409.735,5417.635
2026-02-05 08:00:00,5417.649,5418.649,5402.317,5403.096
2026-02-05 09:00:00,5403.187,5403.96,5396.067,5396.879
2026-02-05 10:00:00,5396.856,5402.375,5392.556,5400.729
2026-02-05 11:00:00,5400.837,5412.465,5398.95,5412.359
2026-02-05 12:00:00,5412.491,5418.008,5408.568,5417.728
2026-02-05 13:00:00,5417.677,5420.78,5413.995,5418.67
2026-02-05 14:00:00,5418.604,5426.576,5412.278,5412.621
2026-02-05 15:00:00,5412.484,5420.777,5411.744,5419.831
2026-02-05 16:00:00,5419.823,5420.691,5412.592,5413.998
2026-02-05 17:00:00,5414.218,5418.936,5412.412,5415.145
2026-02-05 18:00:00,5415.151,5416.177,5411.187,5412.318
2026-02-05 19:00:00,5412.23,5412.991,5406.047,5409.647
2026-02-05 20:00:00,5409.843,5409.982,5404.231,5404.231
2026-02-05 21:00:00,5403.894,5406.614,5399.663,5403.639
2026-02-05 22:00:00,5403.648,5413.531,5402.993,5406.714
2026-02-05 23:00:00,5406.477,5408.779,5403.16,5407.537
2026-02-06 00:00:00,5407.491,5407.652,5400.435,5401.921
2026-02-06 01:00:00,5401.885,5401.885,5392.18,5393.374
2026-02-06 02:00:00,5393.41,5397.244,5389.205,5394.137
2026-02-06 03:00:00,5394.147,5395.408,5387.324,5387.433
2026-02-06 04:00:00,5387.456,5396.454,5384.831,5395.954
2026-02-06 05:00:00,5395.91,5397.578,5388.366,5392.598
2026-02-06 06:00:00,5392.505,5399.839,5391.664,5397.882
2026-02-06 07:00:00,5397.763,5400.816,5393.727,5396.129
2026-02-06 08:00:00,5396.072,5400.875,5392.856,5398.744
2026-02-06 09:00:00,5398.624,5400.592,5396.189,5397.915
2026-02-06 10:00:00,5397.898,5398.299,5388.203,5389.916
2026-02-06 11:00:00,5389.759,5391.235,5384.942,5389.438
2026-02-06 12:00:00,5389.473,5397.736,5389.473,5394.576
2026-02-06 13:00:00,5394.524,5397.505,5387.447,5387.751
2026-02-06 14:00:00,5387.894,5390.128,5381.346,5381.346
2026-02-06 15:00:00,5381.588,5385.812,5379.5,5381.402
2026-02-06 16:00:00,5381.41,5387.514,5380.64,5385.047
2026-02-06 17:00:00,5384.896,5389.874,5378.947,5379.145
2026-02-06 18:00:00,5378.99,5386.73,5376.309,5385.126
2026-02-06 19:00:00,5385.321,5387.56,5373.627,5374.593
2026-02-06 20:00:00,5374.337,5380.469,5372.516,5376.411
2026-02-06 21:00:00,5376.403,5382.084,5374.225,5380.799
2026-02-06 22:00:00,5380.55,5382.473,5373.333,5377.302
2026-02-06 23:00:00,5377.432,5381.175,5373.042,5377.038
2026-02-07 00:00:00,5377.013,5385.8,5376.987,5378.877
2026-02-07 01:00:00,5378.831,5382.442,5375.304,5375.541
2026-02-07 02:00:00,5375.42,5390.887,5374.574,5390.589
2026-02-07 03:00:00,5390.678,5396.774,5390.211,5393.967
2026-02-07 04:00:00,5394.21,5395.791,5390.101,5392.292
2026-02-07 05:00:00,5392.199,5399.37,5390.497,5398.294
2026-02-07 06:00:00,5398.157,5404.583,5396.735,5404.512
2026-02-07 07:00:00,5404.621,5406.283,5400.519,5401.189
2026-02-07 08:00:00,5401.273,5410.244,5398.653,5408.962
2026-02-07 09:00:00,5409.002,5409.462,5399.375,5404.385
2026-02-07 10:00:00,5404.105,5405.184,5394.783,5401.711
2026-02-07 11:00:00,5401.558,5408.228,5399.583,5407.343
2026-02-07 12:00:00,5407.526,5407.959,5396.757,5397.615
2026-02-07 13:00:00,5397.745,5409.287,5395.679,5406.563
2026-02-07 14:00:00,5406.449,5407.06,5397.682,5400.817
2026-02-07 15:00:00,5400.984,5410.868,5399.541,5409.605
2026-02-07 16:00:00,5409.286,5411.327,5405.548,5407.512
2026-02-07 17:00:00,5407.436,5408.739,5400.045,5402.848
2026-02-07 18:00:00,5402.826,5403.772,5391.943,5393.683
2026-02-07 19:00:00,5393.574,5393.665,5380.97,5385.664
2026-02-07 20:00:00,5385.591,5388.822,5379.332,5379.917
2026-02-07 21:00:00,5379.868,5387.388,5378.963,5384.857
2026-02-07 22:00:00,5385.043,5386.792,5380.843,5383.452
2026-02-07 23:00:00,5383.635,5394.417,5383.512,5392.067
2026-02-08 00:00:00,5392.102,5393.075,5388.434,5391.44
2026-02-08 01:00:00,5391.601,5395.157,5388.029,5389.532
2026-02-08 02:00:00,5389.558,5398.318,5388.33,5390.223
2026-02-08 03:00:00,5390.156,5390.84,5376.293,5380.539
2026-02-08 04:00:00,5380.521,5380.947,5369.443,5369.978
2026-02-08 05:00:00,5369.995,5375.681,5369.263,5370.657
2026-02-08 06:00:00,5370.671,5377.672,5366.744,5368.608
2026-02-08 07:00:00,5368.523,5374.952,5365.703,5374.674
2026-02-08 08:00:00,5374.674,5384.12,5372.239,5381.398
2026-02-08 09:00:00,5381.159,5386.581,5380.23,5384.755
2026-02-08 10:00:00,5384.963,5389.938,5382.274,5385.568
2026-02-08 11:00:00,5385.674,5388.043,5382.136,5382.136
2026-02-08 12:00:00,5381.931,5384.292,5377.275,5381.13
2026-02-08 13:00:00,5381.088,5382.201,5370.587,5370.587
2026-02-08 14:00:00,5370.73,5380.78,5368.327,5376.925
2026-02-08 15:00:00,5377.256,5380.27,5369.912,5373.247
2026-02-08 16:00:00,5373.154,5377.363,5366.73,5367.413
2026-02-08 17:00:00,5367.72,5369.461,5363.64,5364.926
2026-02-08 18:00:00,5365.037,5368.208,5361.249,5362.692
2026-02-08 19:00:00,5362.917,5370.248,5361.565,5367.057
2026-02-08 20:00:00,5366.979,5368.578,5358.726,5359.508
2026-02-08 21:00:00,5359.603,5369.91,5359.214,5368.869
2026-02-08 22:00:00,5368.746,5370.775,5355.557,5357.13
2026-02-08 23:00:00,5357.115,5361.844,5351.302,5356.318
2026-02-09 00:00:00,5356.366,5363.281,5355.268,5361.457
2026-02-09 01:00:00,5361.372,5364.15,5353.644,5353.918
2026-02-09 02:00:00,5353.942,5361.56,5352.305,5359.965
2026-02-09 03:00:00,5360.118,5361.827,5354.961,5356.256
2026-02-09 04:00:00,5356.21,5356.852,5348.529,5351.426
2026-02-09 05:00:00,5351.324,5352.19,5345.883,5347.605
2026-02-09 06:00:00,5347.643,5352.059,5344.186,5347.168
2026-02-09 07:00:00,5347.102,5352.406,5344.609,5345.406
2026-02-09 08:00:00,5345.404,5356.506,5344.814,5356.506
2026-02-09 09:00:00,5356.658,5362.799,5354.494,5355.054
2026-02-09 10:00:00,5355.031,5356.157,5349.837,5351.666
2026-02-09 11:00:00,5351.654,5354.522,5349.145,5349.832
2026-02-09 12:00:00,5349.911,5351.088,5336.207,5336.389
2026-02-09 13:00:00,5336.376,5339.52,5331.142,5336.399
2026-02-09 14:00:00,5336.427,5339.493,5329.142,5329.474
2026-02-09 15:00:00,5329.396,5329.533,5320.454,5322.416
2026-02-09 16:00:00,5322.241,5325.232,5316.883,5323.369
2026-02-09 17:00:00,5323.358,5328.331,5317.509,5327.672
2026-02-09 18:00:00,5327.694,5330.642,5322.498,5330.146
2026-02-09 19:00:00,5330.312,5331.588,5321.684,5327.093
2026-02-09 20:00:00,5327.086,5331.63,5324.078,5330.105
2026-02-09 21:00:00,5330.029,5336.916,5326.076,5333.274
2026-02-09 22:00:00,5333.496,5338.315,5333.4,5336.764
2026-02-09 23:00:00,5336.521,5346.438,5336.389,5345.247
2026-02-10 00:00:00,5345.129,5348.937,5336.898,5340.518
2026-02-10 01:00:00,5340.304,5341.987,5334.159,5337.295
2026-02-10 02:00:00,5337.423,5345.225,5337.423,5342.674
2026-02-10 03:00:00,5342.736,5351.614,5342.21,5350.684
2026-02-10 04:00:00,5350.795,5357.931,5349.929,5357.661
2026-02-10 05:00:00,5357.577,5364.42,5356.05,5356.167
2026-02-10 06:00:00,5356.158,5359.139,5346.21,5346.9
2026-02-10 07:00:00,5346.699,5347.774,5334.243,5335.397
2026-02-10 08:00:00,5335.07,5336.13,5324.364,5325.523
2026-02-10 09:00:00,5325.471,5331.601,5323.251,5328.972
2026-02-10 10:00:00,5328.97,5336.935,5328.071,5335.618
2026-02-10 11:00:00,5335.558,5338.722,5332.373,5335.114
2026-02-10 12:00:00,5334.907,5335.775,5325.436,5325.99
2026-02-10 13:00:00,5326.032,5333.545,5325.085,5332.888
2026-02-10 14:00:00,5332.848,5342.393,5329.822,5340.603
2026-02-10 15:00:00,5340.636,5348.28,5339.291,5344.24
2026-02-10 16:00:00,5344.085,5352.295,5343.955,5349.131
2026-02-10 17:00:00,5349.342,5354.362,5342.009,5343.06
2026-02-10 18:00:00,5343.075,5346.465,5340.213,5346.256
2026-02-10 19:00:00,5346.379,5349.75,5342.041,5344.116
2026-02-10 20:00:00,5344.277,5344.557,5338.361,5340.281
2026-02-10 21:00:00,5340.197,5341.843,5331.997,5336.61
2026-02-10 22:00:00,5336.774,5339.474,5331.791,5332.352
2026-02-10 23:00:00,5332.429,5335.794,5329.802,5331.494
2026-02-11 00:00:00,5331.43,5332.901,5327.01,5331.997
2026-02-11 01:00:00,5332.095,5338.963,5329.642,5338.364
2026-02-11 02:00:00,5338.675,5342.024,5337.064,5339.693
2026-02-11 03:00:00,5339.707,5344.775,5335.099,5337.858
2026-02-11 04:00:00,5337.853,5338.167,5330.258,5330.636
2026-02-11 05:00:00,5330.572,5335.642,5327.945,5334.506
2026-02-11 06:00:00,5334.507,5334.507,5316.332,5316.412
2026-02-11 07:00:00,5316.318,5322.73,5315.421,5320.65
2026-02-11 08:00:00,5320.499,5328.943,5319.699,5326.634
2026-02-11 09:00:00,5326.673,5338.501,5325.683,5332.866
2026-02-11 10:00:00,5332.872,5336.996,5325.071,5327.166
2026-02-11 11:00:00,5327.121,5327.526,5321.779,5324.637
2026-02-11 12:00:00,5324.605,5329.73,5321.246,5321.72
2026-02-11 13:00:00,5321.845,5322.224,5310.225,5311.949
2026-02-11 14:00:00,5311.653,5318.763,5310.512,5313.224
2026-02-11 15:00:00,5313.219,5322.486,5312.658,5317.512
2026-02-11 16:00:00,5317.516,5317.786,5309.218,5309.96
2026-02-11 17:00:00,5309.978,5312.021,5304.676,5306.718
2026-02-11 18:00:00,5306.716,5309.186,5302.917,5303.823
2026-02-11 19:00:00,5303.493,5311.285,5302.652,5308.485
2026-02-11 20:00:00,5308.643,5311.234,5305.406,5308.162
2026-02-11 21:00:00,5308.23,5317.407,5308.055,5316.336
2026-02-11 22:00:00,5316.24,5319.975,5312.304,5319.617
2026-02-11 23:00:00,5319.673,5323.782,5317.565,5317.567
2026-02-12 00:00:00,5317.767,5321.731,5315.419,5320.12
2026-02-12 01:00:00,5320.058,5324.882,5318.045,5321.12
2026-02-12 02:00:00,5321.071,5328.061,5318.198,5327.246
2026-02-12 03:00:00,5327.279,5331.368,5325.344,5328.994
2026-02-12 04:00:00,5329.382,5334.81,5326.618,5327.297
2026-02-12 05:00:00,5327.164,5327.569,5318.683,5322.103
2026-02-12 06:00:00,5322.284,5327.04,5316.581,5325.092
2026-02-12 07:00:00,5325.015,5330.841,5320.847,5325.408
2026-02-12 08:00:00,5325.534,5333.467,5322.453,5331.75
2026-02-12 09:00:00,5331.667,5334.775,5328.005,5333.971
2026-02-12 10:00:00,5334.003,5334.261,5323.085,5324.352
2026-02-12 11:00:00,5324.341,5324.404,5313.687,5315.768
2026-02-12 12:00:00,5315.759,5316.253,5306.114,5308.381
2026-02-12 13:00:00,5308.127,5308.991,5303.02,5304.352
2026-02-12 14:00:00,5304.343,5309.119,5300.799,5306.509
2026-02-12 15:00:00,5306.531,5308.861,5304.578,5308.553
2026-02-12 16:00:00,5308.584,5309.047,5298.063,5299.554
2026-02-12 17:00:00,5299.538,5300.106,5293.998,5295.53
2026-02-12 18:00:00,5295.528,5296.773,5287.446,5287.446
2026-02-12 19:00:00,5287.433,5291.602,5286.178,5286.833
2026-02-12 20:00:00,5286.908,5292.497,5283.886,5288.905
2026-02-12 21:00:00,5288.876,5291.251,5285.81,5287.823
2026-02-12 22:00:00,5287.687,5296.584,5286.171,5292.673
2026-02-12 23:00:00,5292.616,5298.831,5292.405,5294.787
2026-02-13 00:00:00,5294.949,5295.61,5286.628,5290.327
2026-02-13 01:00:00,5290.246,5291.074,5280.848,5283.354
2026-02-13 02:00:00,5283.366,5287.04,5280.848,5286.537
2026-02-13 03:00:00,5286.529,5287.713,5282.433,5282.813
2026-02-13 04:00:00,5282.735,5285.129,5279.273,5281.729
2026-02-13 05:00:00,5281.651,5284.508,5274.936,5278.914
2026-02-13 06:00:00,5278.906,5281.76,5275.335,5278.394
2026-02-13 07:00:00,5278.508,5280.089,5272.204,5273.569
2026-02-13 08:00:00,5273.548,5276.26,5270.4,5275.471
2026-02-13 09:00:00,5275.547,5276.404,5262.35,5263.68
2026-02-13 10:00:00,5263.766,5266.755,5259.138,5264.038
2026-02-13 11:00:00,5264.15,5268.748,5262.105,5265.244
2026-02-13 12:00:00,5265.362,5275.587,5265.295,5270.919
2026-02-13 13:00:00,5270.781,5273.572,5262.548,5265.662
2026-02-13 14:00:00,5265.324,5266.277,5260.789,5263.258
2026-02-13 15:00:00,5263.351,5267.787,5260.857,5261.184
2026-02-13 16:00:00,5261.141,5269.902,5259.568,5267.351
2026-02-13 17:00:00,5267.249,5273.473,5262.544,5265.128
2026-02-13 18:00:00,5265.309,5270.343,5261.48,5264.176
2026-02-13 19:00:00,5264.275,5267.845,5256.591,5261.413
2026-02-13 20:00:00,5261.223,5261.272,5251.589,5254.456
2026-02-13 21:00:00,5254.525,5262.012,5252.608,5258.421
2026-02-13 22:00:00,5258.366,5261.698,5243.812,5244.423
2026-02-13 23:00:00,5244.494,5245.634,5234.361,5235.388
2026-02-14 00:00:00,5235.635,5240.319,5231.975,5238.455
2026-02-14 01:00:00,5238.621,5240.932,5231.675,5233.669
2026-02-14 02:00:00,5233.614,5234.656,5227.678,5232.408
2026-02-14 03:00:00,5232.248,5238.142,5231.613,5235.021
2026-02-14 04:00:00,5235.088,5236.856,5229.807,5230.666
2026-02-14 05:00:00,5230.916,5234.258,5226.401,5234.082
2026-02-14 06:00:00,5234.036,5237.378,5228.459,5235.285
2026-02-14 07:00:00,5235.138,5236.081,5230.367,5230.77
2026-02-14 08:00:00,5230.629,5234.494,5226.719,5226.719
2026-02-14 09:00:00,5226.749,5226.749,5214.342,5219.682
2026-02-14 10:00:00,5219.702,5219.796,5212.685,5213.524
2026-02-14 11:00:00,5213.59,5217.634,5209.303,5217.174
2026-02-14 12:00:00,5217.058,5218.715,5212.108,5215.531
2026-02-14 13:00:00,5215.452,5216.738,5206.068,5207.699
2026-02-14 14:00:00,5207.903,5216.585,5206.493,5212.41
2026-02-14 15:00:00,5212.43,5217.406,5211.499,5214.63
2026-02-14 16:00:00,5214.644,5216.031,5209.551,5211.213
2026-02-14 17:00:00,5211.182,5215.873,5205.741,5211.514
2026-02-14 18:00:00,5211.414,5214.194,5201.829,5203.275
2026-02-14 19:00:00,5203.305,5214.65,5203.305,5213.513
2026-02-14 20:00:00,5213.634,5216.885,5208.85,5216.744
2026-02-14 21:00:00,5216.721,5219.377,5213.302,5216.546
2026-02-14 22:00:00,5216.553,5226.616,5210.228,5226.474
2026-02-14 23:00:00,5226.468,5236.694,5224.366,5233.627
2026-02-15 00:00:00,5233.358,5236.975,5225.339,5226.91
2026-02-15 01:00:00,5226.869,5232.987,5223.834,5231.66
2026-02-15 02:00:00,5231.475,5236.821,5228.489,5233.378
2026-02-15 03:00:00,5233.174,5233.213,5221.942,5223.85
2026-02-15 04:00:00,5223.941,5232.28,5218.913,5218.913
2026-02-15 05:00:00,5218.879,5219.4,5208.998,5213.771
2026-02-15 06:00:00,5214.059,5217.785,5210.048,5212.069
2026-02-15 07:00:00,5211.882,5213.539,5207.661,5212.274
2026-02-15 08:00:00,5212.157,5213.655,5203.165,5203.711
2026-02-15 09:00:00,5203.606,5214.024,5202.663,5209.215
2026-02-15 10:00:00,5209.336,5210.12,5203.606,5206.076
2026-02-15 11:00:00,5206.01,5215.624,5204.423,5215.221
2026-02-15 12:00:00,5215.353,5218.84,5210.867,5214.123
2026-02-15 13:00:00,5214.33,5218.641,5212.769,5213.877
2026-02-15 14:00:00,5214.166,5215.127,5205.022,5205.772
2026-02-15 15:00:00,5205.684,5206.204,5196.324,5196.634
2026-02-15 16:00:00,5196.647,5204.808,5195.515,5198.952
2026-02-15 17:00:00,5198.899,5212.342,5196.922,5212.138
2026-02-15 18:00:00,5212.27,5213.452,5205.659,5207.484
2026-02-15 19:00:00,5207.319,5214.78,5205.17,5208.859
2026-02-15 20:00:00,5208.751,5211.49,5202.168,5203.959
2026-02-15 21:00:00,5203.888,5204.263,5195.571,5202.362
2026-02-15 22:00:00,5202.472,5205.796,5198.341,5203.412
2026-02-15 23:00:00,5203.56,5209.249,5201.611,5204.741
2026-02-16 00:00:00,5204.798,5205.734,5197.334,5201.806
2026-02-16 01:00:00,5201.834,5205.085,5198.677,5203.926
2026-02-16 02:00:00,5203.84,5206.472,5201.244,5204.22
2026-02-16 03:00:00,5204.119,5204.705,5199.045,5202.225
2026-02-16 04:00:00,5202.139,5203.292,5191.623,5192.627
2026-02-16 05:00:00,5192.786,5198.267,5191.921,5193.686
2026-02-16 06:00:00,5193.724,5193.724,5185.148,5191.129
2026-02-16 07:00:00,5191.021,5199.186,5190.873,5194.639
2026-02-16 08:00:00,5194.665,5195.616,5191.472,5195.406
2026-02-16 09:00:00,5195.227,5206.05,5195.081,5204.67
2026-02-16 10:00:00,5204.62,5205.779,5195.285,5197.457
2026-02-16 11:00:00,5197.56,5199.585,5193.844,5194.365
2026-02-16 12:00:00,5194.388,5196.291,5183.692,5184.007
2026-02-16 13:00:00,5184.159,5186.822,5180.839,5184.397
2026-02-16 14:00:00,5184.19,5184.706,5180.383,5181.176
2026-02-16 15:00:00,5181.285,5182.323,5176.589,5178.848
2026-02-16 16:00:00,5178.764,5180.701,5173.072,5173.814
2026-02-16 17:00:00,5173.62,5178.432,5169.427,5176.354
2026-02-16 18:00:00,5176.637,5178.708,5159.699,5160.218
2026-02-16 19:00:00,5160.165,5167.417,5159.482,5166.954
2026-02-16 20:00:00,5166.884,5179.828,5166.048,5179.571
2026-02-16 21:00:00,5179.421,5179.831,5164.381,5166.654
2026-02-16 22:00:00,5166.68,5173.678,5164.758,5171.564
2026-02-16 23:00:00,5171.499,5171.833,5162.645,5164.107
2026-02-17 00:00:00,5164.071,5164.778,5156.054,5159.694
2026-02-17 01:00:00,5159.594,5164.212,5154.994,5162.044
2026-02-17 02:00:00,5161.942,5166.393,5160.098,5161.798
2026-02-17 03:00:00,5161.767,5162.892,5156.633,5158.242
2026-02-17 04:00:00,5158.347,5162.701,5155.973,5156.203
2026-02-17 05:00:00,5156.129,5156.69,5151.259,5152.782
2026-02-17 06:00:00,5152.986,5160.25,5152.491,5154.594
2026-02-17 07:00:00,5154.419,5167.636,5154.017,5164.958
2026-02-17 08:00:00,5164.951,5168.042,5158.536,5164.647
2026-02-17 09:00:00,5164.569,5165.455,5154.503,5159.159
2026-02-17 10:00:00,5159.141,5165.196,5159.028,5165.124
2026-02-17 11:00:00,5165.11,5168.615,5153.658,5156.249
2026-02-17 12:00:00,5156.315,5158.208,5140.963,5142.16
2026-02-17 13:00:00,5142.169,5150.885,5139.625,5150.818
2026-02-17 14:00:00,5150.805,5155.229,5145.479,5147.988
2026-02-17 15:00:00,5148.073,5149.454,5143.474,5144.551
2026-02-17 16:00:00,5144.658,5153.802,5142.833,5142.984
2026-02-17 17:00:00,5142.796,5142.855,5129.972,5130.709
2026-02-17 18:00:00,5130.592,5134.32,5126.552,5132.522
2026-02-17 19:00:00,5132.298,5135.98,5128.702,5131.012
2026-02-17 20:00:00,5131.009,5141.388,5130.952,5137.127
2026-02-17 21:00:00,5137.342,5143.411,5136.81,5140.382
2026-02-17 22:00:00,5140.38,5143.861,5130.812,5131.08
2026-02-17 23:00:00,5131.162,5136.496,5128.56,5133.035
2026-02-18 00:00:00,5132.999,5139.022,5129.122,5138.008
2026-02-18 01:00:00,5138.075,5140.765,5131.78,5132.149
2026-02-18 02:00:00,5132.147,5134.414,5121.628,5126.065
2026-02-18 03:00:00,5126.089,5129.569,5124.573,5128.621
2026-02-18 04:00:00,5128.682,5128.864,5122.622,5124.305
2026-02-18 05:00:00,5124.333,5133.447,5122.037,5130.295
2026-02-18 06:00:00,5130.218,5136.059,5129.506,5132.085
2026-02-18 07:00:00,5131.939,5134.073,5122.689,5122.914
2026-02-18 08:00:00,5122.876,5123.603,5114.734,5120.613
2026-02-18 09:00:00,5120.58,5132.439,5119.287,5129.921
2026-02-18 10:00:00,5129.801,5130.996,5118.931,5120.799
2026-02-18 11:00:00,5120.961,5121.273,5116.564,5118.332
2026-02-18 12:00:00,5118.371,5128.023,5118.371,5119.949
2026-02-18 13:00:00,5119.994,5128.662,5117.719,5127.438
2026-02-18 14:00:00,5127.276,5129.996,5122.36,5124.823
2026-02-18 15:00:00,5124.981,5129.547,5122.749,5128.083
2026-02-18 16:00:00,5127.949,5132.577,5124.248,5126.18
2026-02-18 17:00:00,5126.041,5132.825,5124.472,5128.798
2026-02-18 18:00:00,5128.675,5130.287,5123.185,5123.244
2026-02-18 19:00:00,5123.326,5135.311,5118.219,5133.698
2026-02-18 20:00:00,5133.433,5149.44,5132.665,5149.44
2026-02-18 21:00:00,5149.533,5154.868,5148.114,5152.708
2026-02-18 22:00:00,5152.637,5162.642,5151.628,5162.527
2026-02-18 23:00:00,5162.403,5162.844,5155.547,5157.565
2026-02-19 00:00:00,5157.642,5162.186,5156.858,5159.555
2026-02-19 01:00:00,5159.542,5162.118,5157.941,5160.5
2026-02-19 02:00:00,5160.634,5163.555,5154.858,5155.63
2026-02-19 03:00:00,5155.762,5157.52,5151.476,5152.751
2026-02-19 04:00:00,5153.01,5153.078,5144.294,5147.456
2026-02-19 05:00:00,5147.382,5149.748,5144.691,5148.1
2026-02-19 06:00:00,5148.105,5151.165,5145.787,5146.635
2026-02-19 07:00:00,5146.423,5151.494,5143.525,5149.875
2026-02-19 08:00:00,5150.022,5152.144,5147.446,5150.367
2026-02-19 09:00:00,5150.395,5154.461,5148.198,5149.209
2026-02-19 10:00:00,5148.828,5155.812,5146.105,5153.952
2026-02-19 11:00:00,5154.12,5157.816,5150.978,5155.043
2026-02-19 12:00:00,5155.093,5159.792,5153.223,5153.577
2026-02-19 13:00:00,5153.707,5158.528,5151.373,5151.461
2026-02-19 14:00:00,5151.466,5152.598,5138.452,5141.09
2026-02-19 15:00:00,5140.949,5145.756,5139.335,5141.78
2026-02-19 16:00:00,5141.877,5146.183,5141.602,5144.29
2026-02-19 17:00:00,5144.326,5144.557,5134.451,5135.528
2026-02-19 18:00:00,5135.33,5138.25,5131.599,5133.155
2026-02-19 19:00:00,5132.994,5136.681,5129.538,5130.033
2026-02-19 20:00:00,5130.168,5132.993,5128.003,5129.156
2026-02-19 21:00:00,5128.804,5131.149,5126.289,5128.589
2026-02-19 22:00:00,5128.584,5130.149,5123.163,5126.663
2026-02-19 23:00:00,5126.552,5136.166,5125.842,5134.739
2026-02-20 00:00:00,5134.63,5135.762,5130.754,5133.396
2026-02-20 01:00:00,5133.169,5141.515,5132.432,5137.047
2026-02-20 02:00:00,5136.996,5137.974,5131.723,5136.176
2026-02-20 03:00:00,5136.022,5144.053,5136.002,5140.485
2026-02-20 04:00:00,5140.579,5141.476,5135.662,5136.694
2026-02-20 05:00:00,5136.717,5145.275,5136.633,5141.225
2026-02-20 06:00:00,5141.304,5145.042,5138.111,5138.568
2026-02-20 07:00:00,5138.471,5142.29,5131.551,5132.636
2026-02-20 08:00:00,5132.665,5135.158,5128.546,5131.731
2026-02-20 09:00:00,5131.679,5133.987,5128.55,5132.603
2026-02-20 10:00:00,5132.526,5133.795,5126.295,5129.067
2026-02-20 11:00:00,5129.202,5129.413,5122.136,5126.955
2026-02-20 12:00:00,5127.014,5128.948,5118.304,5120.282
2026-02-20 13:00:00,5120.202,5122.208,5112.226,5112.58
2026-02-20 14:00:00,5112.76,5114.338,5103.732,5107.077
2026-02-20 15:00:00,5106.971,5112.486,5103.586,5112.371
2026-02-20 16:00:00,5112.497,5115.018,5107.686,5109.799
2026-02-20 17:00:00,5109.818,5113.926,5109.73,5112.027
2026-02-20 18:00:00,5111.968,5113.312,5106.008,5106.466
2026-02-20 19:00:00,5106.348,5113.389,5103.803,5108.035
2026-02-20 20:00:00,5108.077,5111.537,5105.685,5108.606
2026-02-20 21:00:00,5108.791,5111.924,5106.113,5110.164
2026-02-20 22:00:00,5110.196,5117.823,5108.503,5116.248
2026-02-20 23:00:00,5116.071,5117.306,5110.85,5111.421
2026-02-21 00:00:00,5111.515,5111.669,5097.746,5099.994
2026-02-21 01:00:00,5099.929,5101.168,5095.116,5098.68
2026-02-21 02:00:00,5098.714,5099.093,5093.696,5096.941
2026-02-21 03:00:00,5096.943,5099.371,5093.278,5094.982
2026-02-21 04:00:00,5094.765,5097.971,5088.545,5089.932
2026-02-21 05:00:00,5089.742,5092.562,5080.678,5083.36
2026-02-21 06:00:00,5083.351,5091.073,5081.745,5090.703
2026-02-21 07:00:00,5090.641,5091.437,5083.695,5085.999
2026-02-21 08:00:00,5085.919,5090.563,5083.754,5090.055
2026-02-21 09:00:00,5089.975,5090.066,5084.008,5088.991
2026-02-21 10:00:00,5089.158,5095.356,5088.304,5090.833
2026-02-21 11:00:00,5090.556,5091.275,5083.574,5088.18
2026-02-21 12:00:00,5088.233,5094.156,5087.579,5092.855
2026-02-21 13:00:00,5092.811,5094.355,5088.245,5089.105
2026-02-21 14:00:00,5089.008,5093.757,5084.242,5091.418
2026-02-21 15:00:00,5091.517,5096.681,5087.938,5096.127
2026-02-21 16:00:00,5096.159,5104.449,5095.409,5101.306
2026-02-21 17:00:00,5101.07,5103.963,5096.282,5096.864
2026-02-21 18:00:00,5096.722,5097.666,5085.319,5086.269
2026-02-21 19:00:00,5086.266,5089.89,5077.057,5077.868
2026-02-21 20:00:00,5077.729,5078.683,5071.788,5075.206
2026-02-21 21:00:00,5075.15,5076.232,5067.823,5070.244
2026-02-21 22:00:00,5070.17,5072.913,5066.059,5072.797
2026-02-21 23:00:00,5072.867,5075.914,5068.422,5074.17
2026-02-22 00:00:00,5074.165,5074.657,5068.318,5072.359
2026-02-22 01:00:00,5072.476,5075.04,5064.619,5064.619
2026-02-22 02:00:00,5064.875,5066.428,5060.915,5061.137
2026-02-22 03:00:00,5061.291,5062.775,5054.12,5055.292
2026-02-22 04:00:00,5055.422,5055.953,5046.763,5046.8
2026-02-22 05:00:00,5047.02,5057.809,5045.888,5054.516
2026-02-22 06:00:00,5054.492,5058.9,5048.06,5058.449
2026-02-22 07:00:00,5058.638,5061.086,5049.339,5049.357
2026-02-22 08:00:00,5049.201,5055.471,5048.796,5055.128
2026-02-22 09:00:00,5055.048,5058.916,5050.588,5057.733
2026-02-22 10:00:00,5057.847,5060.096,5053.472,5053.472
2026-02-22 11:00:00,5053.556,5056.9,5049.238,5055.643
2026-02-22 12:00:00,5055.761,5061.333,5054.954,5060.755
2026-02-22 13:00:00,5060.784,5065.592,5058.264,5061.979
2026-02-22 14:00:00,5062.073,5063.024,5052.858,5054.288
2026-02-22 15:00:00,5054.311,5061.969,5053.324,5057.757
2026-02-22 16:00:00,5057.896,5058.324,5049.311,5050.616
2026-02-22 17:00:00,5050.752,5062.811,5049.731,5062.616
2026-02-22 18:00:00,5062.305,5071.032,5061.067,5068.342
2026-02-22 19:00:00,5067.917,5076.207,5066.781,5074.468
2026-02-22 20:00:00,5074.342,5076.164,5065.142,5068.379
2026-02-22 21:00:00,5068.629,5069.542,5063.158,5068.591
2026-02-22 22:00:00,5068.481,5070.202,5064.006,5066.838
2026-02-22 23:00:00,5066.919,5074.662,5064.972,5065.303
2026-02-23 00:00:00,5065.4,5067.258,5062.589,5063.97
2026-02-23 01:00:00,5063.791,5065.4,5058.472,5064.4
2026-02-23 02:00:00,5064.388,5064.546,5056.559,5059.351
2026-02-23 03:00:00,5059.243,5061.018,5053.095,5059.008
2026-02-23 04:00:00,5058.959,5062.785,5053.955,5054.121
2026-02-23 05:00:00,5054.074,5062.339,5052.494,5056.651
2026-02-23 06:00:00,5056.657,5057.993,5049.276,5051.681
2026-02-23 07:00:00,5051.529,5054.204,5048.136,5049.006
2026-02-23 08:00:00,5048.753,5052.164,5046.544,5046.965
2026-02-23 09:00:00,5046.751,5048.941,5042.332,5048.87
2026-02-23 10:00:00,5048.876,5055.871,5048.435,5054.613
2026-02-23 11:00:00,5054.688,5063.49,5053.699,5058.082
2026-02-23 12:00:00,5058.194,5063.862,5056.315,5062.178
2026-02-23 13:00:00,5062.278,5070.251,5062.278,5069.436
2026-02-23 14:00:00,5069.496,5078.646,5065.897,5076.128
2026-02-23 15:00:00,5076.054,5077.985,5071.33,5072.402
2026-02-23 16:00:00,5072.325,5083.744,5072.123,5081.301
2026-02-23 17:00:00,5081.135,5081.312,5075.035,5078.819
2026-02-23 18:00:00,5078.647,5080.122,5071.07,5071.339
2026-02-23 19:00:00,5071.358,5072.689,5067.643,5069.775
2026-02-23 20:00:00,5069.708,5070.666,5055.853,5056.313
2026-02-23 21:00:00,5056.305,5061.928,5054.351,5058.601
2026-02-23 22:00:00,5058.515,5067.338,5058.515,5061.398
2026-02-23 23:00:00,5061.655,5067.654,5059.986,5061.766
2026-02-24 00:00:00,5061.723,5066.394,5060.547,5063.874
2026-02-24 01:00:00,5063.908,5069.07,5062.753,5063.421
2026-02-24 02:00:00,5063.444,5069.452,5062.062,5064.378
2026-02-24 03:00:00,5064.274,5067.162,5060.047,5060.183
2026-02-24 04:00:00,5060.156,5062.482,5054.776,5057.133
2026-02-24 05:00:00,5056.986,5057.112,5049.507,5052.976
2026-02-24 06:00:00,5052.957,5056.919,5051.931,5054.174
2026-02-24 07:00:00,5054.169,5056.765,5049.059,5049.059
2026-02-24 08:00:00,5048.954,5052.658,5047.608,5047.608
2026-02-24 09:00:00,5047.639,5051.848,5046.638,5051.141
2026-02-24 10:00:00,5051.062,5055.623,5049.286,5055.234
2026-02-24 11:00:00,5055.377,5057.122,5051.835,5053.323
2026-02-24 12:00:00,5053.229,5054.052,5048.022,5049.893
2026-02-24 13:00:00,5049.793,5051.535,5044.651,5046.852
2026-02-24 14:00:00,5046.672,5048.274,5038.096,5038.8
2026-02-24 15:00:00,5038.55,5044.501,5033.531,5035.013
2026-02-24 16:00:00,5034.859,5039.001,5031.839,5037.98
2026-02-24 17:00:00,5037.917,5044.742,5036.039,5043.02
2026-02-24 18:00:00,5042.864,5045.054,5037.582,5041.877
2026-02-24 19:00:00,5041.788,5046.778,5036.414,5036.986
2026-02-24 20:00:00,5037.214,5040.547,5032.206,5034.682
2026-02-24 21:00:00,5034.603,5041.671,5032.369,5041.671
2026-02-24 22:00:00,5041.385,5047.433,5038.199,5046.217
2026-02-24 23:00:00,5046.094,5050.511,5043.58,5044.296
2026-02-25 00:00:00,5044.448,5049.727,5038.581,5046.889
2026-02-25 01:00:00,5046.908,5047.528,5038.816,5043.991
2026-02-25 02:00:00,5044.111,5045.465,5034.035,5034.299
2026-02-25 03:00:00,5034.503,5034.563,5022.054,5022.749
2026-02-25 04:00:00,5022.995,5031.909,5018.618,5030.295
2026-02-25 05:00:00,5030.403,5037.593,5028.908,5033.902
2026-02-25 06:00:00,5033.905,5044.15,5031.733,5043.446
2026-02-25 07:00:00,5043.514,5053.318,5043.122,5049.86
2026-02-25 08:00:00,5049.791,5051.29,5039.177,5042.213
2026-02-25 09:00:00,5042.248,5044.364,5039.408,5041.584
2026-02-25 10:00:00,5041.54,5047.06,5039.741,5045.587
2026-02-25 11:00:00,5045.781,5057.798,5045.781,5056.367
2026-02-25 12:00:00,5056.197,5058.597,5052.292,5052.954
2026-02-25 13:00:00,5053.013,5054.279,5048.648,5049.364
2026-02-25 14:00:00,5049.276,5050.753,5043.728,5045.306
2026-02-25 15:00:00,5045.289,5049.481,5043.869,5046.41
2026-02-25 16:00:00,5046.339,5053.222,5045.164,5048.549
2026-02-25 17:00:00,5048.268,5049.526,5042.898,5046.175
2026-02-25 18:00:00,5046.217,5053.686,5042.622,5053.686
2026-02-25 19:00:00,5053.74,5053.74,5046.046,5046.747
2026-02-25 20:00:00,5046.624,5048.485,5033.436,5033.702
2026-02-25 21:00:00,5033.643,5038.534,5031.057,5037.073
2026-02-25 22:00:00,5037.038,5037.525,5029.121,5032.066
2026-02-25 23:00:00,5032.104,5038.311,5030.901,5036.776
2026-02-26 00:00:00,5036.656,5039.532,5032.048,5039.182
2026-02-26 01:00:00,5039.155,5050.597,5038.019,5047.554
2026-02-26 02:00:00,5047.498,5055.273,5046.963,5054.592
2026-02-26 03:00:00,5054.768,5059.816,5045.973,5047.013
2026-02-26 04:00:00,5047.106,5049.714,5045.565,5047.394
2026-02-26 05:00:00,5047.557,5048.002,5036.135,5036.234
2026-02-26 06:00:00,5036.149,5043.53,5034.526,5037.377
2026-02-26 07:00:00,5037.43,5042.01,5031.843,5031.905
2026-02-26 08:00:00,5031.847,5034.288,5026.481,5029.373
2026-02-26 09:00:00,5029.344,5031.904,5021.826,5025.652
2026-02-26 10:00:00,5025.766,5034.922,5025.52,5031.188
2026-02-26 11:00:00,5031.163,5031.163,5022.953,5023.625
2026-02-26 12:00:00,5023.605,5026.863,5020.196,5024.557
2026-02-26 13:00:00,5024.629,5029.709,5021.573,5023.128
2026-02-26 14:00:00,5023.056,5025.974,5018.624,5025.64
2026-02-26 15:00:00,5025.364,5035.078,5022.758,5034.766
2026-02-26 16:00:00,5034.868,5042.971,5034.868,5039.793
2026-02-26 17:00:00,5039.652,5043.502,5036.365,5043.097
2026-02-26 18:00:00,5043.054,5048.271,5041.731,5043.687
2026-02-26 19:00:00,5043.814,5056.414,5041.925,5056.3
2026-02-26 20:00:00,5056.351,5060.958,5054.936,5057.099
2026-02-26 21:00:00,5057.039,5065.923,5057.026,5061.084
2026-02-26 22:00:00,5061.421,5066.499,5059.955,5060.242
2026-02-26 23:00:00,5060.145,5064.067,5053.712,5054.805
2026-02-27 00:00:00,5054.649,5055.298,5043.889,5044.201
2026-02-27 01:00:00,5044.33,5046.586,5038.179,5038.882
2026-02-27 02:00:00,5038.891,5043.158,5033.58,5042.654
2026-02-27 03:00:00,5042.718,5043.072,5032.409,5037.769
2026-02-27 04:00:00,5037.748,5044.187,5034.926,5043.077
2026-02-27 05:00:00,5043.241,5045.271,5037.843,5041.362
2026-02-27 06:00:00,5041.416,5042.088,5028.767,5033.938
2026-02-27 07:00:00,5034.071,5036.48,5029.279,5033.806
2026-02-27 08:00:00,5033.839,5041.504,5032.914,5037.31
2026-02-27 09:00:00,5037.113,5039.343,5030.714,5038.179
2026-02-27 10:00:00,5038.13,5040.008,5031.077,5035.277
2026-02-27 11:00:00,5035.353,5037.822,5031.097,5035.904
2026-02-27 12:00:00,5035.885,5037.733,5027.371,5032.198
2026-02-27 13:00:00,5032.149,5047.807,5031.77,5043.707
2026-02-27 14:00:00,5043.57,5047.331,5036.205,5041.243
2026-02-27 15:00:00,5041.434,5041.581,5027.492,5027.496
2026-02-27 16:00:00,5027.482,5032.141,5021.26,5024.519
2026-02-27 17:00:00,5024.483,5026.652,5021.529,5022.497
2026-02-27 18:00:00,5022.38,5030.511,5019.835,5030.441
2026-02-27 19:00:00,5030.425,5037.266,5029.699,5036.148
2026-02-27 20:00:00,5036.043,5043.743,5033.417,5042.908
2026-02-27 21:00:00,5042.926,5045.344,5039.394,5042.126
2026-02-27 22:00:00,5041.837,5043.143,5036.687,5039.953
2026-02-27 23:00:00,5039.809,5041.928,5033.092,5041.182
2026-02-28 00:00:00,5040.908,5042.113,5035.435,5037.649
2026-02-28 01:00:00,5037.605,5040.178,5031.757,5034.942
2026-02-28 02:00:00,5034.685,5037.329,5032.497,5036.851
2026-02-28 03:00:00,5036.936,5046.668,5036.117,5042.933
2026-02-28 04:00:00,5042.988,5044.517,5037.994,5038.802
2026-02-28 05:00:00,5038.789,5040.623,5032.53,5035.184
2026-02-28 06:00:00,5035.07,5039.125,5029.538,5038.523
2026-02-28 07:00:00,5038.516,5039.366,5028.95,5032.559
2026-02-28 08:00:00,5032.615,5036.336,5030.38,5033.456
2026-02-28 09:00:00,5033.396,5043.352,5031.607,5042.997
2026-02-28 10:00:00,5043.23,5046.849,5040.284,5045.056
2026-02-28 11:00:00,5045.149,5045.585,5033.1,5037.156
2026-02-28 12:00:00,5037.085,5047.988,5036.605,5044.974
2026-02-28 13:00:00,5045.138,5049.763,5042.748,5045.196
2026-02-28 14:00:00,5045.038,5049.718,5040.809,5041.681
2026-02-28 15:00:00,5041.777,5042.225,5030.893,5032.731
2026-02-28 16:00:00,5032.632,5042.667,5032.484,5039.956
2026-02-28 17:00:00,5039.763,5042.106,5036.498,5040.15
2026-02-28 18:00:00,5040.399,5049.16,5039.505,5045.222
2026-02-28 19:00:00,5045.225,5049.696,5040.987,5046.64
2026-02-28 20:00:00,5046.534,5048.132,5037.278,5037.796
2026-02-28 21:00:00,5037.754,5042.916,5033.83,5034.487
2026-02-28 22:00:00,5034.583,5038.132,5032.8,5034.474
2026-02-28 23:00:00,5034.51,5038.888,5032.694,5035.229
2026-03-01 00:00:00,5035.077,5036.235,5025.048,5025.143
2026-03-01 01:00:00,5025.348,5032.182,5025.005,5026.843
2026-03-01 02:00:00,5026.836,5030.271,5024.239,5026.656
2026-03-01 03:00:00,5026.703,5028.081,5019.087,5019.745
2026-03-01 04:00:00,5019.687,5022.327,5011.124,5012.657
2026-03-01 05:00:00,5012.422,5019.141,5008.598,5018.426
2026-03-01 06:00:00,5018.431,5021.79,5016.478,5017.422
2026-03-01 07:00:00,5017.536,5018.419,5012.063,5014.747
2026-03-01 08:00:00,5014.69,5025.671,5014.64,5020.468
2026-03-01 09:00:00,5020.774,5023.534,5015.974,5016.275
2026-03-01 10:00:00,5016.304,5019.929,5013.175,5018.456
2026-03-01 11:00:00,5018.479,5019.89,5012.478,5017.551
2026-03-01 12:00:00,5017.379,5022.875,5016.023,5018.552
2026-03-01 13:00:00,5018.44,5020.917,5014.828,5014.828
2026-03-01 14:00:00,5014.829,5022.728,5009.657,5020.599
2026-03-01 15:00:00,5020.372,5023.438,5015.278,5018.325
2026-03-01 16:00:00,5018.317,5019.636,5011.503,5013.807
2026-03-01 17:00:00,5013.797,5014.866,5009.183,5010.645
2026-03-01 18:00:00,5010.653,5010.867,4998.093,4999.938
2026-03-01 19:00:00,4999.901,5000.368,4990.76,4999.501
2026-03-01 20:00:00,4999.569,5005.306,4998.61,5004.689
2026-03-01 21:00:00,5004.744,5012.942,5004.45,5006.179
2026-03-01 22:00:00,5006.278,5010.824,5005.806,5009.91
2026-03-01 23:00:00,5009.657,5013.065,5008.115,5011.272
2026-03-02 00:00:00,5011.327,5017.134,5009.106,5016.184
2026-03-02 01:00:00,5016.332,5020.802,5012.538,5016.054
2026-03-02 02:00:00,5016.039,5023.207,5015.721,5021.208
2026-03-02 03:00:00,5021.547,5023.46,5014.313,5015.344
2026-03-02 04:00:00,5015.445,5021.546,5014.548,5019.024
2026-03-02 05:00:00,5019.099,5019.167,5011.467,5015.721
2026-03-02 06:00:00,5015.578,5020.466,5013.392,5016.338
2026-03-02 07:00:00,5016.326,5020.681,5012.115,5020.425
2026-03-02 08:00:00,5020.462,5021.829,5013.917,5020.685
2026-03-02 09:00:00,5020.723,5028.149,5014.993,5027.784
2026-03-02 10:00:00,5027.686,5029.42,5023.775,5028.81
2026-03-02 11:00:00,5028.918,5029.394,5024.218,5025.514
2026-03-02 12:00:00,5025.589,5031.036,5022.827,5023.483
2026-03-02 13:00:00,5023.579,5024.484,5015.291,5016.605
2026-03-02 14:00:00,5016.434,5018.334,5009.78,5017.031
2026-03-02 15:00:00,5017.3,5019.137,5012.963,5013.658
2026-03-02 16:00:00,5013.703,5016.635,5008.234,5010.38
2026-03-02 17:00:00,5010.271,5017.746,5010.271,5013.673
2026-03-02 18:00:00,5013.816,5016.164,5005.721,5007.3
2026-03-02 19:00:00,5007.424,5013.626,5004.832,5011.46
2026-03-02 20:00:00,5011.53,5016.645,5009.949,5013.368
2026-03-02 21:00:00,5013.251,5015.391,5010.68,5013.036
2026-03-02 22:00:00,5012.984,5017.691,5008.662,5013.447
2026-03-02 23:00:00,5013.513,5014.776,5008.266,5008.266
2026-03-03 00:00:00,5008.429,5012.461,5005.243,5005.607
2026-03-03 01:00:00,5005.492,5005.492,4993.6,4999.479
2026-03-03 02:00:00,4999.414,5010.895,4998.063,5008.937
2026-03-03 03:00:00,5008.655,5009.239,5001.105,5003.855
2026-03-03 04:00:00,5003.917,5009.594,5002.836,5004.369
2026-03-03 05:00:00,5004.176,5012.336,5002.774,5010.842
2026-03-03 06:00:00,5010.781,5016.196,5008.715,5014.248
2026-03-03 07:00:00,5013.987,5018.17,5012.221,5012.34
2026-03-03 08:00:00,5012.227,5012.632,5007.479,5009.937
2026-03-03 09:00:00,5009.84,5013.476,5006.833,5007.945
2026-03-03 10:00:00,5007.823,5011.972,5005.772,5011.793
2026-03-03 11:00:00,5011.794,5022.509,5010.495,5021.471
2026-03-03 12:00:00,5021.381,5029.7,5021.381,5028.201
2026-03-03 13:00:00,5028.486,5030.861,5024.0,5026.973
2026-03-03 14:00:00,5027.044,5032.592,5024.211,5030.787
2026-03-03 15:00:00,5030.577,5031.382,5025.579,5028.899
2026-03-03 16:00:00,5028.668,5032.307,5026.84,5029.139
2026-03-03 17:00:00,5028.96,5031.949,5025.644,5031.462
2026-03-03 18:00:00,5031.292,5036.77,5030.088,5034.152
2026-03-03 19:00:00,5034.046,5039.249,5030.55,5037.16
2026-03-03 20:00:00,5037.077,5038.084,5030.327,5032.092
2026-03-03 21:00:00,5032.103,5040.668,5030.311,5038.877
2026-03-03 22:00:00,5038.838,5046.059,5035.383,5045.725
2026-03-03 23:00:00,5045.683,5047.947,5037.238,5037.466
2026-03-04 00:00:00,5037.55,5044.322,5036.234,5036.234
2026-03-04 01:00:00,5036.092,5045.048,5035.276,5041.594
2026-03-04 02:00:00,5041.632,5045.746,5039.148,5040.304
2026-03-04 03:00:00,5040.204,5041.21,5036.183,5038.618
2026-03-04 04:00:00,5038.63,5046.535,5037.018,5043.233
2026-03-04 05:00:00,5043.23,5044.439,5038.638,5040.939
2026-03-04 06:00:00,5040.936,5041.379,5036.357,5039.559
2026-03-04 07:00:00,5039.543,5039.908,5029.511,5032.51
2026-03-04 08:00:00,5032.364,5036.781,5027.499,5031.976
2026-03-04 09:00:00,5032.042,5040.102,5031.88,5039.444
2026-03-04 10:00:00,5039.476,5048.761,5039.384,5042.141
2026-03-04 11:00:00,5042.008,5050.949,5041.271,5046.507
2026-03-04 12:00:00,5046.429,5046.816,5039.416,5040.11
2026-03-04 13:00:00,5040.091,5044.334,5036.588,5043.241
2026-03-04 14:00:00,5043.226,5046.177,5038.234,5038.615
2026-03-04 15:00:00,5038.591,5043.76,5036.927,5042.253
2026-03-04 16:00:00,5042.402,5049.279,5039.787,5045.179
2026-03-04 17:00:00,5045.063,5045.901,5039.006,5043.436
2026-03-04 18:00:00,5043.272,5052.851,5041.609,5052.851
2026-03-04 19:00:00,5052.741,5053.554,5049.313,5053.248
2026-03-04 20:00:00,5053.355,5062.145,5053.28,5059.702
2026-03-04 21:00:00,5059.772,5066.158,5057.739,5066.158
2026-03-04 22:00:00,5066.175,5070.224,5063.261,5069.871
2026-03-04 23:00:00,5069.92,5072.2,5066.844,5071.933
2026-03-05 00:00:00,5071.973,5074.029,5067.584,5072.312
2026-03-05 01:00:00,5072.415,5079.515,5068.724,5073.302
2026-03-05 02:00:00,5073.379,5079.52,5072.723,5078.914
2026-03-05 03:00:00,5078.795,5091.326,5077.303,5090.474
2026-03-05 04:00:00,5090.43,5097.04,5084.245,5092.484
2026-03-05 05:00:00,5092.553,5098.147,5090.373,5092.973
2026-03-05 06:00:00,5092.989,5097.471,5088.574,5096.21
2026-03-05 07:00:00,5096.153,5103.202,5095.245,5101.964
2026-03-05 08:00:00,5102.062,5102.154,5092.541,5093.105
2026-03-05 09:00:00,5093.263,5093.806,5087.033,5093.442
2026-03-05 10:00:00,5093.553,5102.754,5092.131,5102.289
2026-03-05 11:00:00,5102.309,5105.643,5099.164,5103.061
2026-03-05 12:00:00,5102.944,5105.284,5091.635,5091.809
2026-03-05 13:00:00,5091.74,5095.667,5085.055,5086.969
2026-03-05 14:00:00,5086.867,5087.256,5080.182,5080.182
2026-03-05 15:00:00,5080.275,5080.798,5073.217,5077.963
2026-03-05 16:00:00,5077.857,5079.479,5073.649,5077.116
2026-03-05 17:00:00,5077.502,5077.854,5068.495,5069.026
2026-03-05 18:00:00,5069.027,5070.469,5060.855,5064.34
2026-03-05 19:00:00,5064.142,5071.763,5063.363,5068.831
2026-03-05 20:00:00,5068.893,5073.12,5066.175,5072.137
2026-03-05 21:00:00,5072.042,5080.105,5068.094,5077.59
2026-03-05 22:00:00,5077.493,5080.543,5074.363,5076.589
2026-03-05 23:00:00,5076.597,5076.701,5067.832,5072.807
2026-03-06 00:00:00,5072.901,5081.083,5070.861,5078.403
2026-03-06 01:00:00,5078.489,5082.843,5075.818,5077.27
2026-03-06 02:00:00,5077.59,5079.313,5070.833,5075.8
2026-03-06 03:00:00,5075.913,5076.583,5066.445,5071.103
2026-03-06 04:00:00,5071.036,5077.111,5069.045,5073.833
2026-03-06 05:00:00,5073.807,5082.565,5072.602,5079.22
2026-03-06 06:00:00,5079.269,5084.861,5077.677,5084.601
2026-03-06 07:00:00,5084.613,5085.283,5077.245,5080.719
2026-03-06 08:00:00,5080.725,5083.324,5074.889,5080.057
2026-03-06 09:00:00,5080.077,5085.022,5076.327,5076.546
2026-03-06 10:00:00,5076.449,5079.907,5069.009,5073.293
2026-03-06 11:00:00,5073.294,5080.859,5070.13,5076.811
2026-03-06 12:00:00,5076.978,5080.848,5075.238,5079.26
2026-03-06 13:00:00,5079.153,5079.805,5067.801,5067.801
2026-03-06 14:00:00,5067.717,5068.913,5062.348,5067.555
2026-03-06 15:00:00,5067.468,5070.064,5064.787,5068.187
2026-03-06 16:00:00,5068.129,5074.469,5067.337,5072.415
2026-03-06 17:00:00,5072.663,5073.355,5066.332,5069.597
2026-03-06 18:00:00,5069.51,5070.246,5060.388,5063.005
2026-03-06 19:00:00,5062.728,5066.112,5058.942,5061.217
2026-03-06 20:00:00,5061.063,5070.439,5060.795,5067.43
2026-03-06 21:00:00,5067.399,5069.166,5063.018,5064.675
2026-03-06 22:00:00,5064.683,5074.544,5061.069,5072.213
2026-03-06 23:00:00,5072.158,5077.7,5070.531,5075.861
2026-03-07 00:00:00,5075.696,5079.71,5072.764,5079.656
2026-03-07 01:00:00,5079.577,5086.159,5076.594,5084.677
2026-03-07 02:00:00,5084.726,5093.674,5083.727,5092.209
2026-03-07 03:00:00,5092.039,5092.826,5083.417,5085.022
2026-03-07 04:00:00,5085.095,5086.848,5077.081,5078.96
2026-03-07 05:00:00,5078.945,5080.61,5071.175,5077.125
2026-03-07 06:00:00,5076.966,5088.036,5074.5,5087.508
2026-03-07 07:00:00,5087.518,5097.278,5087.518,5095.302
2026-03-07 08:00:00,5095.352,5096.177,5074.145,5075.543
2026-03-07 09:00:00,5075.459,5079.201,5070.227,5078.716
2026-03-07 10:00:00,5078.717,5078.747,5069.128,5070.321
2026-03-07 11:00:00,5070.261,5074.752,5069.238,5069.389
2026-03-07 12:00:00,5069.257,5077.886,5068.629,5077.629
2026-03-07 13:00:00,5077.523,5085.247,5076.6,5083.95
2026-03-07 14:00:00,5083.843,5084.667,5078.07,5084.03
2026-03-07 15:00:00,5083.892,5085.795,5079.121,5082.611
2026-03-07 16:00:00,5082.909,5087.612,5075.296,5086.514
2026-03-07 17:00:00,5086.451,5087.845,5080.149,5081.778
2026-03-07 18:00:00,5081.769,5091.77,5081.186,5091.501
2026-03-07 19:00:00,5091.612,5091.952,5082.706,5086.854
2026-03-07 20:00:00,5086.818,5093.476,5085.891,5088.998
2026-03-07 21:00:00,5088.829,5093.023,5085.114,5091.228
2026-03-07 22:00:00,5090.966,5095.075,5087.498,5092.451
2026-03-07 23:00:00,5092.532,5097.856,5082.377,5082.583
2026-03-08 00:00:00,5082.612,5082.673,5076.902,5077.096
2026-03-08 01:00:00,5077.381,5081.682,5076.376,5079.059
2026-03-08 02:00:00,5079.04,5079.711,5072.142,5079.279
2026-03-08 03:00:00,5079.239,5085.968,5076.616,5079.107
2026-03-08 04:00:00,5079.08,5090.107,5078.235,5089.417
2026-03-08 05:00:00,5089.335,5092.607,5082.326,5084.361
2026-03-08 06:00:00,5084.508,5084.508,5074.455,5077.541
2026-03-08 07:00:00,5077.542,5081.303,5072.681,5075.161
2026-03-08 08:00:00,5075.322,5081.564,5072.386,5077.09
2026-03-08 09:00:00,5077.275,5080.782,5070.972,5072.964
2026-03-08 10:00:00,5072.952,5083.669,5070.227,5081.864
2026-03-08 11:00:00,5081.896,5087.669,5078.941,5080.264
2026-03-08 12:00:00,5080.312,5081.348,5075.207,5078.744
2026-03-08 13:00:00,5078.793,5086.763,5078.698,5082.99
2026-03-08 14:00:00,5082.958,5090.233,5080.868,5088.887
2026-03-08 15:00:00,5088.922,5089.859,5083.133,5087.882
2026-03-08 16:00:00,5087.901,5097.94,5087.775,5095.567
2026-03-08 17:00:00,5095.672,5107.562,5094.495,5103.382
2026-03-08 18:00:00,5103.548,5106.764,5100.307,5104.023
2026-03-08 19:00:00,5104.028,5104.279,5093.845,5095.767
2026-03-08 20:00:00,5095.766,5095.817,5084.843,5085.98
2026-03-08 21:00:00,5086.296,5087.117,5072.033,5075.808
2026-03-08 22:00:00,5075.831,5075.914,5067.72,5068.994
2026-03-08 23:00:00,5069.009,5070.549,5064.141,5067.738
2026-03-09 00:00:00,5067.673,5068.046,5061.952,5065.204
2026-03-09 01:00:00,5065.126,5068.936,5061.931,5067.245
2026-03-09 02:00:00,5067.501,5074.924,5066.014,5074.413
2026-03-09 03:00:00,5074.236,5076.7,5071.715,5073.078
2026-03-09 04:00:00,5073.028,5077.17,5070.599,5074.198
2026-03-09 05:00:00,5074.284,5084.877,5072.773,5084.759
2026-03-09 06:00:00,5084.841,5086.251,5082.819,5082.978
2026-03-09 07:00:00,5083.206,5083.874,5073.321,5075.852
2026-03-09 08:00:00,5075.899,5083.631,5073.833,5080.891
2026-03-09 09:00:00,5080.987,5088.839,5079.851,5086.343
2026-03-09 10:00:00,5086.316,5087.115,5079.263,5083.366
2026-03-09 11:00:00,5083.329,5100.484,5081.189,5099.413
2026-03-09 12:00:00,5099.266,5101.506,5093.152,5095.787
2026-03-09 13:00:00,5095.624,5095.843,5089.916,5092.665
2026-03-09 14:00:00,5092.618,5094.678,5082.56,5085.999
2026-03-09 15:00:00,5085.824,5087.412,5078.118,5079.925
2026-03-09 16:00:00,5080.049,5081.099,5074.246,5078.419
2026-03-09 17:00:00,5078.492,5080.944,5075.738,5077.927
2026-03-09 18:00:00,5078.033,5085.388,5076.868,5083.634
2026-03-09 19:00:00,5083.592,5084.761,5080.381,5084.179
2026-03-09 20:00:00,5084.456,5088.013,5081.229,5086.463
2026-03-09 21:00:00,5086.347,5088.125,5080.066,5080.727
2026-03-09 22:00:00,5080.797,5088.485,5080.794,5087.893
2026-03-09 23:00:00,5088.096,5096.489,5087.753,5092.217
2026-03-10 00:00:00,5092.372,5096.253,5091.238,5091.845
2026-03-10 01:00:00,5092.064,5099.207,5090.665,5098.96
2026-03-10 02:00:00,5098.823,5105.246,5098.283,5103.924
2026-03-10 03:00:00,5103.822,5105.009,5098.607,5101.6
2026-03-10 04:00:00,5101.551,5111.075,5098.816,5109.767
2026-03-10 05:00:00,5109.471,5111.945,5105.652,5106.874
2026-03-10 06:00:00,5106.687,5110.489,5101.461,5107.65
2026-03-10 07:00:00,5107.604,5111.742,5104.262,5106.174
2026-03-10 08:00:00,5106.196,5115.05,5104.869,5113.126
2026-03-10 09:00:00,5113.272,5113.825,5107.915,5109.473
2026-03-10 10:00:00,5109.355,5114.675,5108.763,5109.86
2026-03-10 11:00:00,5109.76,5116.374,5109.76,5114.719
2026-03-10 12:00:00,5114.831,5121.24,5110.347,5114.109
2026-03-10 13:00:00,5114.204,5115.866,5107.463,5114.6
2026-03-10 14:00:00,5114.649,5115.845,5107.8,5110.646
2026-03-10 15:00:00,5110.505,5113.549,5106.107,5109.787
2026-03-10 16:00:00,5109.682,5113.434,5108.06,5112.911
2026-03-10 17:00:00,5112.769,5113.851,5106.966,5108.162
2026-03-10 18:00:00,5107.995,5111.479,5103.115,5106.914
2026-03-10 19:00:00,5106.868,5112.467,5104.371,5109.202
2026-03-10 20:00:00,5109.317,5112.797,5103.879,5108.445
2026-03-10 21:00:00,5108.361,5115.679,5104.74,5105.505
2026-03-10 22:00:00,5105.572,5106.406,5098.105,5099.256
2026-03-10 23:00:00,5099.282,5109.201,5099.092,5102.319
2026-03-11 00:00:00,5102.361,5103.944,5089.89,5095.946
2026-03-11 01:00:00,5096.129,5098.684,5092.621,5094.615
2026-03-11 02:00:00,5094.791,5099.214,5090.717,5098.399
2026-03-11 03:00:00,5098.434,5098.677,5089.907,5092.748
2026-03-11 04:00:00,5092.789,5099.872,5092.234,5096.525
2026-03-11 05:00:00,5096.631,5097.601,5088.106,5088.349
2026-03-11 06:00:00,5088.371,5090.124,5084.292,5086.562
2026-03-11 07:00:00,5086.331,5091.308,5083.117,5089.028
2026-03-11 08:00:00,5088.921,5092.315,5085.445,5090.588
2026-03-11 09:00:00,5090.528,5093.977,5087.781,5093.131
2026-03-11 10:00:00,5093.336,5095.032,5085.272,5089.315
2026-03-11 11:00:00,5089.326,5098.677,5087.453,5091.94
2026-03-11 12:00:00,5091.815,5093.751,5087.192,5089.345
2026-03-11 13:00:00,5089.197,5094.635,5086.977,5091.87
2026-03-11 14:00:00,5091.939,5097.526,5088.305,5096.795
2026-03-11 15:00:00,5096.773,5101.396,5093.809,5099.9
2026-03-11 16:00:00,5099.785,5101.069,5093.184,5101.069
2026-03-11 17:00:00,5101.074,5105.571,5099.237,5104.067
2026-03-11 18:00:00,5103.856,5104.977,5096.957,5096.96
2026-03-11 19:00:00,5097.004,5111.374,5097.004,5110.382
2026-03-11 20:00:00,5110.244,5111.663,5097.301,5099.281
2026-03-11 21:00:00,5099.257,5099.678,5091.895,5095.612
2026-03-11 22:00:00,5095.901,5097.608,5089.062,5092.679
2026-03-11 23:00:00,5092.658,5094.127,5083.745,5084.427
2026-03-12 00:00:00,5084.505,5088.432,5080.412,5083.671
2026-03-12 01:00:00,5083.677,5087.4,5080.381,5081.409
2026-03-12 02:00:00,5081.433,5085.51,5078.056,5080.993
2026-03-12 03:00:00,5081.023,5089.967,5080.759,5086.598
2026-03-12 04:00:00,5086.635,5092.34,5084.981,5086.662
2026-03-12 05:00:00,5086.741,5088.516,5080.499,5081.699
2026-03-12 06:00:00,5081.814,5081.913,5074.727,5077.736
2026-03-12 07:00:00,5077.695,5079.979,5074.762,5075.423
2026-03-12 08:00:00,5075.392,5082.276,5073.416,5081.358
2026-03-12 09:00:00,5081.278,5081.788,5073.258,5073.258
2026-03-12 10:00:00,5073.311,5083.601,5071.088,5082.874
2026-03-12 11:00:00,5082.834,5091.07,5079.103,5079.224
2026-03-12 12:00:00,5079.202,5079.578,5070.162,5071.488
2026-03-12 13:00:00,5071.566,5077.014,5067.342,5076.239
2026-03-12 14:00:00,5076.633,5081.993,5075.028,5081.162
2026-03-12 15:00:00,5081.339,5093.864,5080.636,5090.033
2026-03-12 16:00:00,5090.312,5092.641,5083.161,5086.645
2026-03-12 17:00:00,5086.806,5092.329,5085.476,5090.522
2026-03-12 18:00:00,5090.636,5092.803,5085.129,5087.301
2026-03-12 19:00:00,5087.113,5095.867,5085.294,5094.961
2026-03-12 20:00:00,5094.974,5097.766,5091.701,5096.934
2026-03-12 21:00:00,5096.809,5098.129,5089.834,5091.128
2026-03-12 22:00:00,5091.102,5096.816,5089.957,5092.044
2026-03-12 23:00:00,5091.873,5102.149,5090.406,5100.889
2026-03-13 00:00:00,5100.678,5104.89,5097.84,5098.882
2026-03-13 01:00:00,5099.051,5109.651,5098.597,5109.358
2026-03-13 02:00:00,5109.485,5110.016,5100.589,5102.218
2026-03-13 03:00:00,5102.169,5104.045,5095.035,5095.805
2026-03-13 04:00:00,5095.709,5101.388,5094.226,5100.745
2026-03-13 05:00:00,5100.639,5101.107,5093.13,5095.261
2026-03-13 06:00:00,5095.188,5096.173,5091.064,5093.14
2026-03-13 07:00:00,5093.123,5097.318,5090.513,5097.065
2026-03-13 08:00:00,5097.208,5100.604,5090.452,5092.14
2026-03-13 09:00:00,5092.12,5095.687,5089.964,5091.471
2026-03-13 10:00:00,5091.298,5093.188,5087.505,5092.741
2026-03-13 11:00:00,5092.719,5093.205,5082.131,5085.837
2026-03-13 12:00:00,5085.809,5093.711,5085.403,5091.913
2026-03-13 13:00:00,5091.952,5100.786,5091.375,5092.88
2026-03-13 14:00:00,5093.017,5095.824,5086.528,5087.355
2026-03-13 15:00:00,5087.249,5088.395,5075.837,5078.911
2026-03-13 16:00:00,5079.034,5092.767,5078.013,5092.474
2026-03-13 17:00:00,5092.453,5095.478,5090.546,5092.768
2026-03-13 18:00:00,5092.733,5096.589,5090.728,5092.723
2026-03-13 19:00:00,5092.873,5097.528,5090.842,5092.392
2026-03-13 20:00:00,5092.452,5094.412,5083.593,5087.963
2026-03-13 21:00:00,5087.747,5088.889,5082.749,5085.525
2026-03-13 22:00:00,5085.459,5091.498,5085.114,5088.22
2026-03-13 23:00:00,5088.52,5089.489,5083.163,5089.405
2026-03-14 00:00:00,5089.44,5093.854,5081.501,5083.218
2026-03-14 01:00:00,5083.23,5085.562,5077.46,5085.556
2026-03-14 02:00:00,5085.647,5089.039,5078.222,5078.245
2026-03-14 03:00:00,5078.048,5082.969,5077.242,5081.745
2026-03-14 04:00:00,5081.875,5081.875,5075.742,5080.754
2026-03-14 05:00:00,5080.62,5085.45,5074.833,5084.578
2026-03-14 06:00:00,5084.376,5094.072,5084.185,5092.492
2026-03-14 07:00:00,5092.591,5093.064,5082.384,5084.395
2026-03-14 08:00:00,5084.47,5087.419,5082.786,5085.735
2026-03-14 09:00:00,5085.756,5085.85,5080.629,5082.048
2026-03-14 10:00:00,5082.075,5091.97,5080.874,5091.97
2026-03-14 11:00:00,5092.268,5094.033,5084.783,5086.464
2026-03-14 12:00:00,5086.266,5093.479,5081.573,5092.401
2026-03-14 13:00:00,5092.538,5094.357,5087.298,5092.929
2026-03-14 14:00:00,5092.788,5098.766,5089.62,5094.977
2026-03-14 15:00:00,5095.053,5104.669,5094.237,5104.305
2026-03-14 16:00:00,5104.263,5108.01,5101.828,5105.012
2026-03-14 17:00:00,5105.204,5108.912,5100.138,5108.8
2026-03-14 18:00:00,5108.83,5110.034,5098.202,5099.581
2026-03-14 19:00:00,5099.385,5104.921,5097.243,5104.458
2026-03-14 20:00:00,5104.498,5105.364,5094.249,5094.778
2026-03-14 21:00:00,5094.831,5099.739,5091.759,5095.981
2026-03-14 22:00:00,5095.659,5107.281,5094.179,5107.021
2026-03-14 23:00:00,5107.068,5111.043,5102.865,5108.937
2026-03-15 00:00:00,5108.988,5114.951,5103.983,5104.523
2026-03-15 01:00:00,5104.344,5104.772,5093.583,5095.401
2026-03-15 02:00:00,5095.283,5099.486,5092.843,5097.979
2026-03-15 03:00:00,5098.082,5099.076,5090.978,5094.673
2026-03-15 04:00:00,5094.698,5096.857,5088.01,5091.463
2026-03-15 05:00:00,5091.498,5097.43,5090.468,5096.793
2026-03-15 06:00:00,5097.009,5103.406,5095.374,5102.994
2026-03-15 07:00:00,5103.022,5105.216,5095.845,5099.818
2026-03-15 08:00:00,5099.978,5103.522,5094.574,5095.191
2026-03-15 09:00:00,5095.218,5098.163,5088.735,5088.889
2026-03-15 10:00:00,5089.124,5096.353,5087.25,5089.838
2026-03-15 11:00:00,5090.032,5090.477,5081.332,5083.453
2026-03-15 12:00:00,5083.524,5083.524,5075.467,5080.336
2026-03-15 13:00:00,5080.215,5080.691,5074.92,5076.247
2026-03-15 14:00:00,5076.185,5078.299,5071.123,5072.552
2026-03-15 15:00:00,5072.683,5080.04,5071.822,5072.673
2026-03-15 16:00:00,5072.486,5077.126,5070.553,5073.258
2026-03-15 17:00:00,5073.2,5080.538,5069.668,5079.798
2026-03-15 18:00:00,5079.928,5080.012,5071.941,5072.141
2026-03-15 19:00:00,5072.17,5082.901,5071.8,5080.755
2026-03-15 20:00:00,5080.547,5081.883,5075.775,5079.299
2026-03-15 21:00:00,5079.323,5082.035,5073.763,5075.346
2026-03-15 22:00:00,5075.315,5083.829,5072.996,5080.828
2026-03-15 23:00:00,5080.807,5083.255,5075.224,5081.495
2026-03-16 00:00:00,5081.563,5086.896,5080.964,5085.493
2026-03-16 01:00:00,5085.273,5093.431,5084.087,5092.405
2026-03-16 02:00:00,5092.486,5098.193,5085.039,5097.487
2026-03-16 03:00:00,5097.515,5105.801,5096.833,5105.777
2026-03-16 04:00:00,5105.777,5123.327,5104.386,5123.327
2026-03-16 05:00:00,5123.266,5129.938,5120.702,5127.691
2026-03-16 06:00:00,5127.731,5131.335,5123.425,5130.596
2026-03-16 07:00:00,5130.818,5133.398,5126.287,5126.97
2026-03-16 08:00:00,5126.82,5130.009,5123.648,5125.634
2026-03-16 09:00:00,5125.701,5125.968,5120.305,5121.36
2026-03-16 10:00:00,5121.386,5125.107,5112.952,5113.271
2026-03-16 11:00:00,5113.372,5115.45,5107.153,5108.761
2026-03-16 12:00:00,5108.661,5120.603,5108.019,5119.904
2026-03-16 13:00:00,5119.892,5127.666,5119.343,5126.991
2026-03-16 14:00:00,5127.254,5127.411,5121.299,5124.309
2026-03-16 15:00:00,5124.227,5133.26,5124.165,5129.936
2026-03-16 16:00:00,5130.157,5135.395,5130.014,5130.875
2026-03-16 17:00:00,5130.888,5133.049,5125.656,5126.652
2026-03-16 18:00:00,5126.352,5139.976,5124.416,5138.551
2026-03-16 19:00:00,5138.587,5138.757,5131.285,5131.454
2026-03-16 20:00:00,5131.524,5132.778,5122.16,5122.783
2026-03-16 21:00:00,5122.422,5124.133,5113.211,5119.871
2026-03-16 22:00:00,5119.826,5121.184,5114.999,5116.353
2026-03-16 23:00:00,5116.309,5119.372,5104.256,5104.382
2026-03-17 00:00:00,5104.3,5105.404,5095.092,5096.99
2026-03-17 01:00:00,5097.055,5104.801,5096.374,5096.674
2026-03-17 02:00:00,5096.907,5102.435,5094.85,5101.339
2026-03-17 03:00:00,5101.146,5105.768,5100.181,5105.2
2026-03-17 04:00:00,5105.085,5115.005,5104.597,5111.067
2026-03-17 05:00:00,5111.043,5116.005,5106.62,5111.534
2026-03-17 06:00:00,5111.49,5123.37,5110.728,5121.172
2026-03-17 07:00:00,5121.134,5121.213,5112.559,5117.468
2026-03-17 08:00:00,5117.375,5124.249,5116.65,5116.65
2026-03-17 09:00:00,5116.541,5118.048,5110.218,5113.081
2026-03-17 10:00:00,5112.856,5114.119,5105.616,5108.996
2026-03-17 11:00:00,5109.352,5111.249,5102.299,5104.917
2026-03-17 12:00:00,5104.887,5105.855,5098.961,5104.721
2026-03-17 13:00:00,5104.941,5112.268,5104.781,5109.418
2026-03-17 14:00:00,5109.386,5110.375,5099.492,5101.2
2026-03-17 15:00:00,5101.257,5103.192,5096.278,5100.453
2026-03-17 16:00:00,5100.548,5103.746,5096.754,5098.665
2026-03-17 17:00:00,5098.598,5102.159,5094.651,5095.85
2026-03-17 18:00:00,5095.983,5099.011,5093.904,5097.884
2026-03-17 19:00:00,5097.999,5101.394,5089.766,5091.525
2026-03-17 20:00:00,5091.726,5094.674,5087.894,5094.392
2026-03-17 21:00:00,5094.297,5100.07,5093.107,5099.292
2026-03-17 22:00:00,5099.471,5109.835,5098.842,5109.435
2026-03-17 23:00:00,5109.352,5117.278,5107.042,5107.859
2026-03-18 00:00:00,5107.807,5114.002,5106.592,5108.635
2026-03-18 01:00:00,5108.552,5111.638,5104.414,5106.531
2026-03-18 02:00:00,5106.593,5107.463,5099.032,5103.774
2026-03-18 03:00:00,5103.817,5108.369,5102.587,5105.469
2026-03-18 04:00:00,5105.531,5117.877,5104.098,5117.779
2026-03-18 05:00:00,5117.715,5124.871,5113.479,5115.757
2026-03-18 06:00:00,5115.724,5118.48,5112.482,5117.532
2026-03-18 07:00:00,5117.587,5118.821,5110.69,5118.801
2026-03-18 08:00:00,5118.747,5124.582,5116.273,5120.612
2026-03-18 09:00:00,5120.635,5131.019,5120.517,5123.519
2026-03-18 10:00:00,5123.749,5125.361,5120.041,5123.833
2026-03-18 11:00:00,5123.752,5129.818,5122.969,5126.741
2026-03-18 12:00:00,5126.716,5129.854,5125.282,5127.904
2026-03-18 13:00:00,5127.888,5133.169,5123.685,5127.871
2026-03-18 14:00:00,5127.857,5129.201,5116.169,5117.427
2026-03-18 15:00:00,5117.445,5117.525,5109.401,5114.736
2026-03-18 16:00:00,5114.718,5119.228,5109.459,5113.882
2026-03-18 17:00:00,5113.752,5116.923,5110.014,5112.388
2026-03-18 18:00:00,5112.186,5124.38,5111.984,5119.257
2026-03-18 19:00:00,5119.212,5120.817,5114.557,5115.94
2026-03-18 20:00:00,5115.969,5117.95,5110.117,5116.418
2026-03-18 21:00:00,5116.509,5119.033,5112.95,5115.593
2026-03-18 22:00:00,5115.365,5116.236,5108.992,5108.992
2026-03-18 23:00:00,5109.087,5112.733,5106.548,5107.853
2026-03-19 00:00:00,5107.846,5110.495,5100.906,5106.742
2026-03-19 01:00:00,5106.734,5112.96,5105.021,5109.955
2026-03-19 02:00:00,5109.858,5111.141,5099.511,5103.964
2026-03-19 03:00:00,5103.865,5107.574,5098.304,5099.783
2026-03-19 04:00:00,5100.068,5100.675,5093.051,5099.161
2026-03-19 05:00:00,5099.114,5103.242,5088.534,5090.774
2026-03-19 06:00:00,5090.632,5091.99,5081.615,5088.249
2026-03-19 07:00:00,5088.334,5092.959,5084.026,5091.267
2026-03-19 08:00:00,5091.017,5099.347,5090.968,5096.654
2026-03-19 09:00:00,5096.829,5099.851,5093.866,5093.982
2026-03-19 10:00:00,5093.815,5097.289,5093.466,5094.203
2026-03-19 11:00:00,5094.573,5106.131,5092.295,5105.183
2026-03-19 12:00:00,5105.312,5107.165,5101.086,5106.044
2026-03-19 13:00:00,5106.12,5107.568,5102.729,5106.455
2026-03-19 14:00:00,5106.56,5108.731,5104.048,5107.887
2026-03-19 15:00:00,5108.061,5109.9,5103.268,5105.712
2026-03-19 16:00:00,5105.774,5110.963,5105.182,5108.559
2026-03-19 17:00:00,5108.535,5112.2,5101.628,5103.673
2026-03-19 18:00:00,5103.502,5107.304,5102.547,5104.405
2026-03-19 19:00:00,5104.46,5111.101,5101.696,5110.412
2026-03-19 20:00:00,5110.552,5112.379,5100.933,5101.23
2026-03-19 21:00:00,5101.064,5105.095,5094.222,5103.95
2026-03-19 22:00:00,5103.918,5109.449,5103.314,5107.16
2026-03-19 23:00:00,5107.073,5109.102,5102.866,5106.953
2026-03-20 00:00:00,5107.093,5109.066,5102.654,5104.035
2026-03-20 01:00:00,5103.956,5110.076,5102.207,5108.998
2026-03-20 02:00:00,5108.889,5111.25,5106.572,5107.873
2026-03-20 03:00:00,5107.738,5111.929,5103.793,5110.052
2026-03-20 04:00:00,5109.885,5114.241,5106.431,5109.33
2026-03-20 05:00:00,5109.37,5110.199,5099.078,5099.365
2026-03-20 06:00:00,5099.414,5106.637,5098.572,5105.904
2026-03-20 07:00:00,5105.949,5110.059,5102.49,5104.094
2026-03-20 08:00:00,5104.135,5106.675,5099.197,5103.814
2026-03-20 09:00:00,5103.946,5114.197,5102.645,5111.548
2026-03-20 10:00:00,5111.498,5111.953,5102.862,5106.442
2026-03-20 11:00:00,5106.444,5118.314,5106.444,5117.929
2026-03-20 12:00:00,5118.075,5120.016,5113.538,5117.411
2026-03-20 13:00:00,5117.387,5118.991,5114.084,5115.122
2026-03-20 14:00:00,5115.376,5122.845,5113.263,5115.737
2026-03-20 15:00:00,5115.568,5118.208,5110.913,5117.289
2026-03-20 16:00:00,5117.305,5118.652,5112.24,5116.66
2026-03-20 17:00:00,5116.433,5116.433,5110.01,5112.761
2026-03-20 18:00:00,5112.64,5122.715,5112.079,5121.161
2026-03-20 19:00:00,5121.238,5128.275,5118.622,5126.631
2026-03-20 20:00:00,5126.577,5132.752,5123.069,5131.626
2026-03-20 21:00:00,5131.604,5132.713,5125.418,5129.328
2026-03-20 22:00:00,5129.432,5139.84,5128.332,5135.273
2026-03-20 23:00:00,5135.279,5140.537,5134.495,5139.578
2026-03-21 00:00:00,5139.887,5140.73,5132.541,5135.048
2026-03-21 01:00:00,5135.176,5138.366,5132.207,5132.787
2026-03-21 02:00:00,5132.827,5133.984,5127.797,5129.8
2026-03-21 03:00:00,5129.597,5135.123,5125.063,5135.104
2026-03-21 04:00:00,5134.959,5148.255,5134.686,5147.533
2026-03-21 05:00:00,5147.732,5153.441,5144.403,5151.051
2026-03-21 06:00:00,5151.002,5154.998,5143.952,5146.162
2026-03-21 07:00:00,5146.135,5151.985,5145.696,5150.292
2026-03-21 08:00:00,5150.111,5151.65,5142.705,5145.201
2026-03-21 09:00:00,5145.289,5145.635,5131.13,5132.693
2026-03-21 10:00:00,5132.881,5139.246,5131.856,5137.312
2026-03-21 11:00:00,5137.608,5141.648,5137.121,5139.599
2026-03-21 12:00:00,5139.815,5144.871,5133.973,5144.436
2026-03-21 13:00:00,5144.482,5151.314,5142.324,5150.337
2026-03-21 14:00:00,5150.412,5158.377,5149.357,5156.978
2026-03-21 15:00:00,5157.08,5157.148,5149.199,5153.663
2026-03-21 16:00:00,5153.356,5153.546,5145.919,5147.688
2026-03-21 17:00:00,5147.661,5150.592,5145.736,5148.824
2026-03-21 18:00:00,5148.859,5163.013,5148.346,5161.053
2026-03-21 19:00:00,5160.977,5164.002,5159.155,5162.448
2026-03-21 20:00:00,5162.483,5165.153,5157.466,5159.843
2026-03-21 21:00:00,5159.969,5163.914,5155.445,5157.255
2026-03-21 22:00:00,5157.11,5164.691,5156.77,5161.68
2026-03-21 23:00:00,5161.735,5162.789,5155.799,5158.147
2026-03-22 00:00:00,5158.108,5159.919,5154.245,5155.138
2026-03-22 01:00:00,5155.277,5164.073,5154.278,5161.509
2026-03-22 02:00:00,5161.532,5164.967,5157.037,5161.595
2026-03-22 03:00:00,5161.731,5161.954,5150.621,5151.633
2026-03-22 04:00:00,5151.879,5159.613,5151.122,5156.816
2026-03-22 05:00:00,5156.737,5163.13,5155.684,5162.212
2026-03-22 06:00:00,5161.954,5164.072,5158.871,5160.936
2026-03-22 07:00:00,5160.922,5162.833,5158.374,5161.322
2026-03-22 08:00:00,5161.406,5171.38,5160.537,5165.693
2026-03-22 09:00:00,5165.811,5166.351,5156.362,5162.131
2026-03-22 10:00:00,5162.2,5163.831,5155.881,5159.848
2026-03-22 11:00:00,5159.967,5165.788,5157.301,5161.853
2026-03-22 12:00:00,5161.905,5166.475,5160.426,5161.236
2026-03-22 13:00:00,5161.298,5170.961,5160.524,5170.961
2026-03-22 14:00:00,5170.878,5175.537,5168.267,5175.431
2026-03-22 15:00:00,5175.502,5178.781,5170.16,5173.7
2026-03-22 16:00:00,5173.547,5179.466,5169.88,5171.12
2026-03-22 17:00:00,5171.25,5175.89,5170.68,5175.491
2026-03-22 18:00:00,5175.483,5176.456,5166.03,5173.31
2026-03-22 19:00:00,5173.365,5175.202,5164.937,5167.046
2026-03-22 20:00:00,5167.041,5170.791,5162.035,5166.381
2026-03-22 21:00:00,5166.375,5171.721,5164.384,5170.284
2026-03-22 22:00:00,5170.324,5176.249,5166.943,5169.005
2026-03-22 23:00:00,5169.023,5169.67,5164.545,5167.285
2026-03-23 00:00:00,5167.286,5175.952,5166.836,5174.94
2026-03-23 01:00:00,5174.908,5178.82,5169.061,5169.143
2026-03-23 02:00:00,5168.998,5169.532,5161.768,5165.148
2026-03-23 03:00:00,5165.175,5167.827,5158.378,5162.069
2026-03-23 04:00:00,5162.069,5164.379,5155.944,5159.713
2026-03-23 05:00:00,5159.94,5163.596,5157.073,5160.447
2026-03-23 06:00:00,5160.364,5166.568,5160.17,5162.04
2026-03-23 07:00:00,5161.8,5170.025,5160.01,5169.653
2026-03-23 08:00:00,5169.893,5174.975,5169.135,5174.118
2026-03-23 09:00:00,5174.055,5175.54,5165.18,5166.144
2026-03-23 10:00:00,5166.024,5173.518,5165.931,5170.938
2026-03-23 11:00:00,5170.789,5176.385,5162.287,5162.476
2026-03-23 12:00:00,5162.813,5163.624,5155.265,5156.064
2026-03-23 13:00:00,5156.165,5162.146,5154.115,5162.026
2026-03-23 14:00:00,5162.064,5162.193,5155.306,5161.539
2026-03-23 15:00:00,5161.626,5169.761,5157.814,5162.641
2026-03-23 16:00:00,5162.725,5165.34,5156.549,5157.847
2026-03-23 17:00:00,5157.821,5165.994,5157.394,5163.155
2026-03-23 18:00:00,5163.079,5164.727,5155.996,5156.099
2026-03-23 19:00:00,5155.994,5155.994,5144.732,5147.822
2026-03-23 20:00:00,5147.847,5148.196,5135.296,5136.136
2026-03-23 21:00:00,5136.235,5144.018,5135.33,5143.489
2026-03-23 22:00:00,5143.626,5146.816,5137.335,5138.499
2026-03-23 23:00:00,5138.511,5142.579,5133.968,5141.023
2026-03-24 00:00:00,5140.811,5141.289,5135.82,5137.425
2026-03-24 01:00:00,5137.629,5141.649,5135.504,5140.349
2026-03-24 02:00:00,5140.217,5154.296,5138.059,5153.994
2026-03-24 03:00:00,5153.829,5166.994,5153.829,5164.946
2026-03-24 04:00:00,5165.012,5168.575,5154.471,5157.04
2026-03-24 05:00:00,5157.164,5160.645,5154.912,5155.333
2026-03-24 06:00:00,5155.547,5156.422,5147.692,5150.626
2026-03-24 07:00:00,5150.865,5159.137,5150.06,5152.189
2026-03-24 08:00:00,5152.107,5154.401,5148.446,5148.819
2026-03-24 09:00:00,5149.08,5149.688,5135.587,5137.373
2026-03-24 10:00:00,5137.439,5140.614,5128.927,5129.25
2026-03-24 11:00:00,5129.441,5140.295,5128.586,5136.638
2026-03-24 12:00:00,5136.588,5141.627,5135.221,5136.72
2026-03-24 13:00:00,5136.71,5139.153,5130.385,5132.258
2026-03-24 14:00:00,5132.276,5142.378,5130.717,5138.687
2026-03-24 15:00:00,5138.829,5149.051,5137.683,5148.594
2026-03-24 16:00:00,5148.547,5148.922,5141.966,5147.448
2026-03-24 17:00:00,5147.706,5151.934,5144.413,5151.555
2026-03-24 18:00:00,5151.479,5153.799,5148.394,5150.772
2026-03-24 19:00:00,5150.887,5151.105,5145.202,5149.149
2026-03-24 20:00:00,5149.042,5158.752,5148.767,5157.373
2026-03-24 21:00:00,5157.346,5163.459,5154.167,5155.176
2026-03-24 22:00:00,5155.188,5162.818,5154.979,5160.114
2026-03-24 23:00:00,5160.027,5168.147,5160.027,5168.147
2026-03-25 00:00:00,5168.23,5170.93,5164.961,5166.847
2026-03-25 01:00:00,5166.727,5169.588,5163.11,5168.73
2026-03-25 02:00:00,5168.84,5172.721,5164.607,5164.609
2026-03-25 03:00:00,5164.606,5175.429,5163.394,5174.171
2026-03-25 04:00:00,5174.316,5185.808,5170.714,5184.778
2026-03-25 05:00:00,5184.697,5194.707,5183.8,5194.372
2026-03-25 06:00:00,5194.345,5196.14,5186.767,5189.611
2026-03-25 07:00:00,5189.633,5197.742,5188.673,5197.742
2026-03-25 08:00:00,5197.703,5201.145,5194.921,5200.478
2026-03-25 09:00:00,5200.449,5205.275,5198.438,5202.603
2026-03-25 10:00:00,5202.809,5204.291,5192.045,5194.568
2026-03-25 11:00:00,5194.565,5195.456,5188.505,5194.813
2026-03-25 12:00:00,5194.821,5201.98,5193.688,5198.299
2026-03-25 13:00:00,5198.088,5204.332,5195.13,5203.478
2026-03-25 14:00:00,5203.609,5208.618,5201.039,5208.449
2026-03-25 15:00:00,5208.416,5209.662,5196.688,5196.688
2026-03-25 16:00:00,5196.502,5203.321,5196.025,5200.705
2026-03-25 17:00:00,5200.684,5207.938,5200.456,5207.719
2026-03-25 18:00:00,5207.632,5209.165,5202.966,5202.966
2026-03-25 19:00:00,5203.025,5206.216,5199.389,5203.122
2026-03-25 20:00:00,5203.073,5211.654,5199.033,5205.905
2026-03-25 21:00:00,5205.935,5211.224,5199.642,5199.642
2026-03-25 22:00:00,5199.619,5201.906,5196.15,5200.918
2026-03-25 23:00:00,5200.78,5205.096,5197.203,5199.777
2026-03-26 00:00:00,5199.503,5206.716,5199.303,5204.643
2026-03-26 01:00:00,5204.499,5209.602,5202.645,5206.073
2026-03-26 02:00:00,5205.962,5214.024,5203.671,5205.915
2026-03-26 03:00:00,5206.03,5211.611,5204.834,5208.769
2026-03-26 04:00:00,5208.62,5213.353,5206.469,5211.835
2026-03-26 05:00:00,5211.688,5213.389,5206.102,5209.389
2026-03-26 06:00:00,5209.354,5222.208,5209.059,5220.41
2026-03-26 07:00:00,5220.437,5223.714,5216.724,5221.306
2026-03-26 08:00:00,5221.476,5223.173,5210.299,5212.773
2026-03-26 09:00:00,5212.872,5214.84,5208.981,5209.767
2026-03-26 10:00:00,5209.678,5211.691,5204.234,5206.374
2026-03-26 11:00:00,5206.544,5208.475,5198.614,5201.692
2026-03-26 12:00:00,5201.601,5203.958,5199.909,5202.342
2026-03-26 13:00:00,5202.487,5204.325,5192.041,5192.041
2026-03-26 14:00:00,5192.379,5194.909,5187.197,5188.76
2026-03-26 15:00:00,5188.779,5198.217,5187.165,5196.848
2026-03-26 16:00:00,5196.8,5197.639,5187.706,5190.637
2026-03-26 17:00:00,5190.816,5193.897,5186.539,5188.144
2026-03-26 18:00:00,5188.223,5196.342,5186.873,5195.038
2026-03-26 19:00:00,5195.228,5197.108,5187.751,5188.207
2026-03-26 20:00:00,5188.191,5192.007,5183.829,5189.831
2026-03-26 21:00:00,5189.822,5192.663,5180.182,5180.553
2026-03-26 22:00:00,5180.584,5182.529,5172.57,5173.304
2026-03-26 23:00:00,5173.748,5177.326,5170.738,5172.198
2026-03-27 00:00:00,5172.14,5173.467,5163.707,5164.314
2026-03-27 01:00:00,5164.344,5165.927,5154.925,5159.468
2026-03-27 02:00:00,5159.774,5160.552,5154.791,5155.314
2026-03-27 03:00:00,5155.464,5157.236,5149.894,5154.117
2026-03-27 04:00:00,5154.034,5155.754,5145.931,5147.357
2026-03-27 05:00:00,5147.261,5148.691,5141.36,5144.82
2026-03-27 06:00:00,5144.694,5147.66,5138.955,5144.805
2026-03-27 07:00:00,5144.897,5146.147,5140.396,5143.22
2026-03-27 08:00:00,5143.295,5145.073,5133.851,5134.824
2026-03-27 09:00:00,5134.792,5139.337,5133.258,5135.802
2026-03-27 10:00:00,5135.714,5142.783,5135.188,5140.128
2026-03-27 11:00:00,5139.841,5141.242,5133.552,5138.806
2026-03-27 12:00:00,5138.964,5145.481,5137.995,5143.629
2026-03-27 13:00:00,5143.603,5145.776,5142.03,5142.978
2026-03-27 14:00:00,5142.993,5143.79,5134.409,5136.097
2026-03-27 15:00:00,5136.132,5141.766,5135.546,5137.441
2026-03-27 16:00:00,5137.111,5144.654,5137.051,5142.193
2026-03-27 17:00:00,5142.441,5151.848,5141.208,5147.366
2026-03-27 18:00:00,5147.247,5147.419,5135.597,5135.979
2026-03-27 19:00:00,5135.872,5140.911,5134.677,5135.707
2026-03-27 20:00:00,5135.789,5142.066,5132.72,5140.956
2026-03-27 21:00:00,5140.658,5149.737,5140.17,5142.371
2026-03-27 22:00:00,5142.123,5148.26,5141.727,5145.014
2026-03-27 23:00:00,5145.204,5155.997,5145.009,5154.091
2026-03-28 00:00:00,5153.978,5158.591,5146.986,5149.533
2026-03-28 01:00:00,5149.468,5152.865,5145.381,5149.832
2026-03-28 02:00:00,5149.777,5152.146,5140.449,5142.861
2026-03-28 03:00:00,5142.721,5146.095,5131.943,5133.404
2026-03-28 04:00:00,5133.327,5133.729,5126.505,5132.196
2026-03-28 05:00:00,5132.337,5138.349,5126.634,5135.674
2026-03-28 06:00:00,5135.476,5138.328,5131.201,5137.904
2026-03-28 07:00:00,5137.903,5138.594,5125.194,5125.308
2026-03-28 08:00:00,5125.197,5128.92,5121.84,5126.643
2026-03-28 09:00:00,5126.66,5128.74,5119.6,5123.912
2026-03-28 10:00:00,5123.785,5125.83,5119.601,5120.093
2026-03-28 11:00:00,5119.908,5125.214,5118.05,5124.781
2026-03-28 12:00:00,5124.762,5126.591,5119.426,5122.593
2026-03-28 13:00:00,5122.69,5127.038,5120.827,5124.375
2026-03-28 14:00:00,5124.493,5130.591,5119.554,5129.376
2026-03-28 15:00:00,5129.569,5132.613,5124.615,5127.077
2026-03-28 16:00:00,5127.159,5129.953,5121.99,5122.566
2026-03-28 17:00:00,5122.547,5123.978,5118.641,5119.923
2026-03-28 18:00:00,5120.024,5125.637,5119.618,5124.675
2026-03-28 19:00:00,5124.736,5126.466,5121.073,5121.468
2026-03-28 20:00:00,5121.385,5127.813,5119.458,5126.035
2026-03-28 21:00:00,5126.161,5126.634,5119.413,5122.606
2026-03-28 22:00:00,5122.231,5123.888,5109.264,5109.543
2026-03-28 23:00:00,5109.405,5109.522,5099.706,5100.04
2026-03-29 00:00:00,5100.058,5103.487,5098.662,5101.761
2026-03-29 01:00:00,5101.917,5105.342,5097.022,5105.102
2026-03-29 02:00:00,5105.127,5107.027,5100.336,5101.576
2026-03-29 03:00:00,5101.367,5103.146,5095.453,5100.284
2026-03-29 04:00:00,5100.159,5100.159,5084.962,5087.259
2026-03-29 05:00:00,5087.208,5090.825,5085.043,5087.645
2026-03-29 06:00:00,5087.471,5091.016,5085.285,5087.091
2026-03-29 07:00:00,5086.959,5089.804,5083.966,5085.646
2026-03-29 08:00:00,5085.864,5097.292,5084.664,5095.3
2026-03-29 09:00:00,5095.051,5095.596,5088.43,5088.43
2026-03-29 10:00:00,5088.461,5090.539,5086.433,5087.724
2026-03-29 11:00:00,5087.865,5091.113,5085.074,5090.122
2026-03-29 12:00:00,5089.974,5090.36,5082.641,5083.136
2026-03-29 13:00:00,5083.258,5087.03,5082.056,5083.125
2026-03-29 14:00:00,5083.199,5087.879,5080.319,5085.547
2026-03-29 15:00:00,5085.383,5094.323,5085.287,5093.319
2026-03-29 16:00:00,5093.363,5095.223,5088.253,5088.729
2026-03-29 17:00:00,5088.783,5091.351,5085.044,5087.274
2026-03-29 18:00:00,5087.194,5090.004,5079.303,5081.254
2026-03-29 19:00:00,5081.095,5083.319,5073.273,5074.11
2026-03-29 20:00:00,5074.152,5077.554,5068.649,5074.795
2026-03-29 21:00:00,5074.807,5076.692,5071.233,5075.649
2026-03-29 22:00:00,5075.704,5077.742,5072.124,5072.388
2026-03-29 23:00:00,5072.558,5076.959,5070.63,5072.293
2026-03-30 00:00:00,5072.155,5074.634,5065.587,5067.538
2026-03-30 01:00:00,5067.619,5068.323,5062.877,5064.554
2026-03-30 02:00:00,5064.27,5069.127,5062.109,5063.912
2026-03-30 03:00:00,5063.855,5069.717,5063.448,5066.612
2026-03-30 04:00:00,5066.785,5074.471,5065.46,5074.471
2026-03-30 05:00:00,5074.397,5080.199,5073.841,5079.459
2026-03-30 06:00:00,5079.55,5080.664,5067.192,5070.236
2026-03-30 07:00:00,5070.172,5070.239,5061.655,5062.749
2026-03-30 08:00:00,5062.976,5067.191,5061.269,5062.098
2026-03-30 09:00:00,5061.958,5063.247,5049.509,5052.869
2026-03-30 10:00:00,5052.771,5061.626,5052.484,5057.741
2026-03-30 11:00:00,5057.926,5067.952,5057.728,5067.913
2026-03-30 12:00:00,5067.905,5069.641,5058.254,5059.435
2026-03-30 13:00:00,5059.538,5061.399,5055.702,5060.034
2026-03-30 14:00:00,5060.221,5063.74,5055.646,5059.86
2026-03-30 15:00:00,5059.888,5065.168,5059.654,5061.798
2026-03-30 16:00:00,5061.879,5073.246,5061.006,5072.873
2026-03-30 17:00:00,5073.013,5073.608,5067.35,5072.991
2026-03-30 18:00:00,5072.827,5080.947,5068.712,5080.457
2026-03-30 19:00:00,5080.531,5083.266,5074.316,5078.67
2026-03-30 20:00:00,5078.372,5081.297,5073.852,5075.694
2026-03-30 21:00:00,5075.649,5076.859,5070.942,5071.479
2026-03-30 22:00:00,5071.557,5072.531,5064.972,5068.192
2026-03-30 23:00:00,5068.328,5080.365,5066.874,5080.365
2026-03-31 00:00:00,5080.303,5080.531,5072.521,5078.585
2026-03-31 01:00:00,5078.519,5089.68,5076.432,5087.145
2026-03-31 02:00:00,5087.09,5091.746,5082.391,5087.663
2026-03-31 03:00:00,5087.772,5089.574,5079.814,5081.531
2026-03-31 04:00:00,5081.699,5082.972,5074.192,5074.53
2026-03-31 05:00:00,5074.645,5078.808,5072.57,5074.25
2026-03-31 06:00:00,5074.246,5076.344,5071.553,5071.578
2026-03-31 07:00:00,5071.415,5078.042,5069.652,5077.391
2026-03-31 08:00:00,5077.498,5078.938,5072.335,5076.169
2026-03-31 09:00:00,5076.26,5078.587,5072.031,5072.031
2026-03-31 10:00:00,5072.095,5078.918,5072.095,5075.171
2026-03-31 11:00:00,5075.198,5085.348,5075.176,5084.82
2026-03-31 12:00:00,5084.801,5085.001,5077.319,5079.818
2026-03-31 13:00:00,5080.014,5083.666,5076.158,5083.506
2026-03-31 14:00:00,5083.399,5083.495,5073.988,5076.141
2026-03-31 15:00:00,5076.092,5086.282,5075.167,5082.167
2026-03-31 16:00:00,5082.145,5088.228,5079.783,5083.6
2026-03-31 17:00:00,5083.667,5095.658,5083.667,5090.537
2026-03-31 18:00:00,5090.656,5099.113,5089.309,5092.372
2026-03-31 19:00:00,5092.27,5096.503,5091.03,5091.453
2026-03-31 20:00:00,5091.58,5094.692,5089.33,5091.125
2026-03-31 21:00:00,5091.138,5101.651,5091.039,5100.132
2026-03-31 22:00:00,5100.199,5103.324,5097.797,5098.822
2026-03-31 23:00:00,5098.79,5099.242,5087.33,5089.742
2026-04-01 00:00:00,5090.002,5092.029,5083.573,5086.105
2026-04-01 01:00:00,5085.989,5093.427,5084.485,5093.052
2026-04-01 02:00:00,5093.105,5095.477,5086.335,5089.645
2026-04-01 03:00:00,5089.686,5096.132,5086.101,5093.434
2026-04-01 04:00:00,5093.316,5100.955,5093.312,5100.428
2026-04-01 05:00:00,5100.562,5101.897,5097.667,5100.82
2026-04-01 06:00:00,5100.928,5102.399,5097.027,5097.437
2026-04-01 07:00:00,5097.52,5097.732,5086.626,5088.703
2026-04-01 08:00:00,5088.844,5093.176,5086.754,5087.304
2026-04-01 09:00:00,5087.425,5088.225,5078.516,5080.821
2026-04-01 10:00:00,5080.541,5085.08,5068.003,5068.606
2026-04-01 11:00:00,5068.806,5069.452,5060.78,5062.895
2026-04-01 12:00:00,5062.783,5069.207,5061.187,5069.207
2026-04-01 13:00:00,5069.394,5071.893,5066.87,5069.023
2026-04-01 14:00:00,5068.875,5075.809,5066.55,5072.835
2026-04-01 15:00:00,5072.73,5075.305,5068.082,5068.082
2026-04-01 16:00:00,5067.954,5072.811,5066.483,5068.56
2026-04-01 17:00:00,5068.708,5070.37,5058.714,5059.154
2026-04-01 18:00:00,5059.057,5075.47,5058.403,5073.421
2026-04-01 19:00:00,5073.549,5078.663,5072.149,5077.986
2026-04-01 20:00:00,5077.976,5078.904,5071.766,5077.732
2026-04-01 21:00:00,5077.981,5077.981,5069.111,5069.394
2026-04-01 22:00:00,5069.234,5074.061,5067.055,5070.166
2026-04-01 23:00:00,5070.043,5072.2,5065.372,5070.773
2026-04-02 00:00:00,5070.648,5072.646,5065.244,5065.931
2026-04-02 01:00:00,5066.076,5066.076,5057.369,5060.178
2026-04-02 02:00:00,5060.152,5063.164,5050.333,5052.149
2026-04-02 03:00:00,5052.068,5057.199,5047.679,5055.812
2026-04-02 04:00:00,5055.726,5056.994,5049.829,5056.748
2026-04-02 05:00:00,5056.742,5062.614,5053.94,5060.798
2026-04-02 06:00:00,5060.714,5064.254,5057.497,5062.887
2026-04-02 07:00:00,5062.929,5062.929,5056.108,5058.483
2026-04-02 08:00:00,5058.477,5060.475,5053.794,5056.042
2026-04-02 09:00:00,5055.965,5058.016,5047.023,5048.53
2026-04-02 10:00:00,5048.455,5058.425,5048.282,5054.006
2026-04-02 11:00:00,5054.075,5055.599,5047.163,5050.078
2026-04-02 12:00:00,5050.248,5055.043,5047.217,5054.612
2026-04-02 13:00:00,5054.536,5055.737,5048.613,5051.531
2026-04-02 14:00:00,5051.414,5052.934,5049.06,5050.79
2026-04-02 15:00:00,5050.697,5061.963,5050.324,5060.571
2026-04-02 16:00:00,5060.728,5072.092,5060.573,5066.57
2026-04-02 17:00:00,5066.611,5077.137,5065.052,5070.07
2026-04-02 18:00:00,5070.099,5076.916,5067.279,5076.453
2026-04-02 19:00:00,5076.448,5083.807,5075.338,5082.565
2026-04-02 20:00:00,5082.77,5088.104,5080.571,5085.13
2026-04-02 21:00:00,5085.228,5086.596,5077.529,5078.722
2026-04-02 22:00:00,5078.676,5079.745,5070.943,5074.404
2026-04-02 23:00:00,5074.34,5084.639,5073.319,5083.149
2026-04-03 00:00:00,5083.065,5088.031,5081.176,5083.654
2026-04-03 01:00:00,5083.829,5086.614,5079.423,5086.54
2026-04-03 02:00:00,5086.687,5086.713,5079.989,5080.569
2026-04-03 03:00:00,5080.386,5082.584,5076.64,5080.436
2026-04-03 04:00:00,5080.298,5089.225,5080.122,5084.944
2026-04-03 05:00:00,5084.804,5084.917,5080.674,5080.975
2026-04-03 06:00:00,5081.05,5084.744,5076.957,5076.957
2026-04-03 07:00:00,5076.675,5084.544,5073.934,5082.557
2026-04-03 08:00:00,5082.481,5088.402,5079.413,5087.699
2026-04-03 09:00:00,5087.603,5088.44,5080.54,5084.915
2026-04-03 10:00:00,5084.705,5088.435,5083.208,5087.787
2026-04-03 11:00:00,5087.797,5093.421,5087.313,5092.181
2026-04-03 12:00:00,5092.088,5094.843,5090.506,5093.044
2026-04-03 13:00:00,5092.972,5093.757,5087.134,5088.254
2026-04-03 14:00:00,5088.064,5088.215,5075.554,5076.589
2026-04-03 15:00:00,5076.632,5079.323,5073.185,5076.793
2026-04-03 16:00:00,5076.641,5078.828,5072.457,5076.654
2026-04-03 17:00:00,5076.735,5085.371,5076.641,5083.882
2026-04-03 18:00:00,5083.701,5090.09,5082.22,5088.738
2026-04-03 19:00:00,5088.756,5089.903,5083.15,5089.03
2026-04-03 20:00:00,5089.01,5089.154,5077.347,5083.112
2026-04-03 21:00:00,5083.05,5092.028,5081.286,5091.881
2026-04-03 22:00:00,5091.842,5100.349,5090.482,5094.119
2026-04-03 23:00:00,5094.15,5097.383,5089.525,5090.177
2026-04-04 00:00:00,5090.052,5092.97,5086.785,5091.59
2026-04-04 01:00:00,5091.528,5102.402,5090.785,5102.334
2026-04-04 02:00:00,5102.58,5110.567,5100.432,5106.01
2026-04-04 03:00:00,5106.129,5109.521,5099.313,5108.861
2026-04-04 04:00:00,5108.827,5111.779,5105.589,5107.864
2026-04-04 05:00:00,5107.841,5120.307,5106.706,5117.941
2026-04-04 06:00:00,5117.962,5118.48,5111.125,5112.483
2026-04-04 07:00:00,5112.317,5114.751,5106.116,5113.717
2026-04-04 08:00:00,5113.886,5116.427,5103.991,5104.847
2026-04-04 09:00:00,5104.861,5106.262,5099.983,5100.775
2026-04-04 10:00:00,5100.944,5103.593,5089.067,5092.634
2026-04-04 11:00:00,5092.824,5095.994,5089.133,5089.133
2026-04-04 12:00:00,5089.241,5089.508,5082.258,5088.147
2026-04-04 13:00:00,5088.269,5090.869,5083.697,5086.43
2026-04-04 14:00:00,5086.6,5090.541,5080.823,5083.468
2026-04-04 15:00:00,5083.585,5093.448,5081.813,5091.801
2026-04-04 16:00:00,5091.691,5094.473,5087.945,5093.841
2026-04-04 17:00:00,5093.878,5095.894,5086.246,5092.049
2026-04-04 18:00:00,5091.759,5093.017,5085.729,5089.678
2026-04-04 19:00:00,5089.686,5089.953,5084.72,5085.059
2026-04-04 20:00:00,5084.954,5089.315,5082.974,5088.616
2026-04-04 21:00:00,5088.495,5089.343,5081.562,5082.32
2026-04-04 22:00:00,5082.295,5082.535,5069.61,5075.128
2026-04-04 23:00:00,5075.181,5075.435,5062.946,5063.667
2026-04-05 00:00:00,5063.634,5064.253,5053.326,5054.029
2026-04-05 01:00:00,5053.914,5055.464,5050.171,5052.48
2026-04-05 02:00:00,5052.5,5057.116,5049.723,5056.793
2026-04-05 03:00:00,5056.639,5061.828,5054.99,5055.314
2026-04-05 04:00:00,5055.423,5066.739,5054.572,5062.743
2026-04-05 05:00:00,5062.862,5068.134,5057.41,5062.574
2026-04-05 06:00:00,5062.644,5069.445,5060.233,5069.133
2026-04-05 07:00:00,5069.031,5074.846,5067.055,5070.936
2026-04-05 08:00:00,5070.892,5080.311,5070.805,5073.176
2026-04-05 09:00:00,5073.164,5074.113,5069.019,5070.598
2026-04-05 10:00:00,5070.555,5075.606,5066.077,5066.261
2026-04-05 11:00:00,5066.245,5070.499,5065.325,5067.587
2026-04-05 12:00:00,5067.554,5074.197,5067.458,5069.808
2026-04-05 13:00:00,5069.767,5070.401,5062.517,5066.478
2026-04-05 14:00:00,5066.514,5067.139,5060.837,5063.869
2026-04-05 15:00:00,5063.6,5063.6,5052.081,5054.577
2026-04-05 16:00:00,5054.615,5061.735,5048.43,5049.873
2026-04-05 17:00:00,5049.766,5053.49,5045.799,5046.44
2026-04-05 18:00:00,5046.181,5047.608,5039.946,5042.146
2026-04-05 19:00:00,5042.236,5044.262,5037.347,5040.792
2026-04-05 20:00:00,5040.993,5043.532,5036.625,5039.311
2026-04-05 21:00:00,5039.321,5041.155,5027.611,5028.07
2026-04-05 22:00:00,5028.005,5033.109,5027.251,5032.648
2026-04-05 23:00:00,5032.864,5034.22,5027.775,5034.06
2026-04-06 00:00:00,5034.085,5038.488,5033.572,5037.215
2026-04-06 01:00:00,5037.375,5039.007,5030.392,5032.77
2026-04-06 02:00:00,5032.714,5034.437,5029.969,5032.672
2026-04-06 03:00:00,5032.724,5050.055,5031.443,5049.757
2026-04-06 04:00:00,5049.69,5050.387,5039.327,5044.118
2026-04-06 05:00:00,5043.914,5046.338,5039.446,5040.226
2026-04-06 06:00:00,5040.026,5048.492,5039.986,5046.562
2026-04-06 07:00:00,5046.397,5051.075,5045.64,5047.774
2026-04-06 08:00:00,5047.764,5050.036,5042.913,5044.709
2026-04-06 09:00:00,5044.659,5049.377,5037.052,5039.218
2026-04-06 10:00:00,5039.312,5045.307,5038.379,5041.158
2026-04-06 11:00:00,5040.952,5041.961,5032.491,5039.6
2026-04-06 12:00:00,5039.654,5041.519,5035.391,5038.076
2026-04-06 13:00:00,5038.168,5043.859,5038.073,5042.865
2026-04-06 14:00:00,5042.938,5045.175,5040.113,5041.35
2026-04-06 15:00:00,5041.392,5041.773,5032.978,5039.195
2026-04-06 16:00:00,5039.038,5039.29,5030.493,5033.341
2026-04-06 17:00:00,5033.313,5037.282,5031.044,5034.156
2026-04-06 18:00:00,5034.384,5042.39,5034.177,5041.107
2026-04-06 19:00:00,5041.078,5044.568,5032.841,5032.854
2026-04-06 20:00:00,5032.521,5036.015,5029.574,5036.015
2026-04-06 21:00:00,5036.079,5045.778,5035.824,5045.015
2026-04-06 22:00:00,5044.964,5048.866,5033.397,5034.019
2026-04-06 23:00:00,5034.126,5036.808,5020.699,5020.855
2026-04-07 00:00:00,5020.574,5023.368,5017.567,5021.834
2026-04-07 01:00:00,5021.891,5021.97,5014.004,5016.08
2026-04-07 02:00:00,5016.173,5019.057,5007.605,5011.045
2026-04-07 03:00:00,5011.131,5011.131,5003.035,5005.869
2026-04-07 04:00:00,5005.833,5007.093,5001.124,5004.228
2026-04-07 05:00:00,5003.924,5011.168,5002.719,5004.165
2026-04-07 06:00:00,5004.104,5011.463,5004.104,5009.413
2026-04-07 07:00:00,5009.199,5021.828,5008.93,5017.9
2026-04-07 08:00:00,5017.992,5023.754,5014.226,5023.279
2026-04-07 09:00:00,5023.415,5025.153,5018.429,5022.043
2026-04-07 10:00:00,5022.003,5024.467,5013.739,5017.581
2026-04-07 11:00:00,5017.968,5024.933,5017.888,5022.335
2026-04-07 12:00:00,5022.321,5027.672,5018.484,5023.722
2026-04-07 13:00:00,5023.561,5025.784,5020.968,5022.243
2026-04-07 14:00:00,5022.262,5028.129,5021.765,5022.437
2026-04-07 15:00:00,5022.561,5026.182,5019.791,5020.769
2026-04-07 16:00:00,5020.872,5020.872,5014.479,5017.574
2026-04-07 17:00:00,5017.59,5028.347,5017.283,5027.383
2026-04-07 18:00:00,5027.496,5029.993,5025.822,5029.365
2026-04-07 19:00:00,5029.195,5030.099,5021.615,5024.969
2026-04-07 20:00:00,5025.053,5040.725,5025.053,5038.415
2026-04-07 21:00:00,5038.241,5039.951,5032.659,5032.698
2026-04-07 22:00:00,5032.659,5034.365,5022.713,5022.713
2026-04-07 23:00:00,5022.548,5022.548,5015.241,5015.691
2026-04-08 00:00:00,5015.626,5021.468,5014.368,5019.598
2026-04-08 01:00:00,5019.597,5023.527,5017.287,5019.788
2026-04-08 02:00:00,5019.726,5020.013,5006.883,5008.282
2026-04-08 03:00:00,5008.141,5010.894,5001.982,5006.049
2026-04-08 04:00:00,5006.0,5009.195,5001.136,5005.742
2026-04-08 05:00:00,5005.898,5007.465,4999.164,5000.629
2026-04-08 06:00:00,5000.703,5006.989,4999.341,5006.477
2026-04-08 07:00:00,5006.586,5007.54,5001.702,5004.869
2026-04-08 08:00:00,5004.817,5004.909,4997.104,4998.932
2026-04-08 09:00:00,4998.967,5000.142,4992.862,4997.251
2026-04-08 10:00:00,4997.462,5006.679,4995.48,5006.632
2026-04-08 11:00:00,5006.503,5007.836,5001.646,5001.738
2026-04-08 12:00:00,5001.823,5006.348,4998.042,5006.142
2026-04-08 13:00:00,5006.391,5012.991,5005.302,5010.086
2026-04-08 14:00:00,5010.22,5014.559,5007.942,5010.35
2026-04-08 15:00:00,5010.115,5017.804,5009.008,5014.941
2026-04-08 16:00:00,5014.958,5024.433,5012.903,5019.44
2026-04-08 17:00:00,5019.419,5019.791,5010.776,5012.372
2026-04-08 18:00:00,5012.439,5016.275,5010.125,5013.601
2026-04-08 19:00:00,5013.589,5016.544,5007.181,5007.696
2026-04-08 20:00:00,5007.688,5008.518,4997.522,4998.684
2026-04-08 21:00:00,4998.592,5002.704,4996.118,5001.894
2026-04-08 22:00:00,5001.848,5007.041,4999.146,5000.88
2026-04-08 23:00:00,5000.961,5001.776,4992.377,4995.801
2026-04-09 00:00:00,4995.801,4997.689,4988.964,4991.3
2026-04-09 01:00:00,4991.215,4994.972,4987.669,4988.189
2026-04-09 02:00:00,4988.192,4988.192,4976.785,4978.778
2026-04-09 03:00:00,4978.69,4981.301,4975.887,4976.077
2026-04-09 04:00:00,4975.998,4982.985,4975.871,4976.519
2026-04-09 05:00:00,4976.636,4978.321,4968.944,4975.905
2026-04-09 06:00:00,4975.864,4987.792,4974.024,4987.7
2026-04-09 07:00:00,4987.797,4991.976,4985.302,4991.788
2026-04-09 08:00:00,4991.758,4991.758,4977.705,4978.515
2026-04-09 09:00:00,4978.665,4982.961,4976.941,4979.005
2026-04-09 10:00:00,4978.932,4985.252,4978.477,4981.772
2026-04-09 11:00:00,4981.6,4983.325,4974.088,4981.355
2026-04-09 12:00:00,4981.538,4982.55,4970.612,4971.166
2026-04-09 13:00:00,4971.047,4982.68,4970.811,4975.171
2026-04-09 14:00:00,4975.043,4976.458,4969.017,4973.711
2026-04-09 15:00:00,4973.918,4976.568,4966.102,4968.365
2026-04-09 16:00:00,4968.394,4970.863,4961.044,4962.978
2026-04-09 17:00:00,4962.99,4969.716,4960.389,4967.016
2026-04-09 18:00:00,4966.85,4968.341,4960.794,4961.38
2026-04-09 19:00:00,4961.375,4969.769,4960.855,4969.007
2026-04-09 20:00:00,4969.005,4971.753,4964.58,4968.522
2026-04-09 21:00:00,4968.472,4975.029,4966.36,4972.847
2026-04-09 22:00:00,4972.691,4973.319,4966.844,4971.58
2026-04-09 23:00:00,4971.719,4979.984,4967.413,4979.702
2026-04-10 00:00:00,4979.593,4983.024,4973.902,4974.413
2026-04-10 01:00:00,4974.271,4975.268,4968.696,4969.635
2026-04-10 02:00:00,4969.604,4971.656,4964.189,4968.544
2026-04-10 03:00:00,4968.673,4974.893,4963.885,4974.747
2026-04-10 04:00:00,4974.998,4976.399,4964.923,4965.661
2026-04-10 05:00:00,4965.822,4967.003,4959.111,4960.047
2026-04-10 06:00:00,4959.977,4966.264,4959.456,4963.729
2026-04-10 07:00:00,4963.615,4964.782,4958.958,4962.747
2026-04-10 08:00:00,4962.649,4967.542,4958.024,4967.033
2026-04-10 09:00:00,4966.846,4975.103,4964.998,4968.542
2026-04-10 10:00:00,4968.556,4976.346,4967.959,4971.573
2026-04-10 11:00:00,4971.291,4972.053,4966.901,4969.572
2026-04-10 12:00:00,4969.62,4972.773,4966.706,4970.717
2026-04-10 13:00:00,4970.71,4976.598,4969.065,4969.606
2026-04-10 14:00:00,4969.847,4971.765,4956.155,4959.152
2026-04-10 15:00:00,4959.263,4959.875,4952.237,4953.8
2026-04-10 16:00:00,4953.915,4961.754,4953.294,4958.226
2026-04-10 17:00:00,4958.124,4958.927,4945.428,4945.428
2026-04-10 18:00:00,4945.599,4945.781,4932.703,4934.123
2026-04-10 19:00:00,4934.196,4934.196,4922.126,4927.983
2026-04-10 20:00:00,4927.798,4935.555,4927.676,4934.482
2026-04-10 21:00:00,4934.473,4939.05,4931.724,4935.635
2026-04-10 22:00:00,4935.628,4935.726,4919.479,4920.515
2026-04-10 23:00:00,4920.619,4920.786,4914.254,4916.78
2026-04-11 00:00:00,4916.927,4926.002,4915.482,4921.303
2026-04-11 01:00:00,4921.268,4925.405,4920.885,4921.35
2026-04-11 02:00:00,4921.353,4921.353,4910.231,4915.122
2026-04-11 03:00:00,4915.207,4919.015,4913.037,4918.669
2026-04-11 04:00:00,4918.658,4924.405,4916.296,4921.096
2026-04-11 05:00:00,4920.88,4923.752,4914.833,4920.052
2026-04-11 06:00:00,4920.114,4925.837,4917.766,4925.837
2026-04-11 07:00:00,4925.73,4930.979,4923.868,4929.025
2026-04-11 08:00:00,4929.064,4929.084,4919.064,4921.188
2026-04-11 09:00:00,4921.171,4929.659,4918.954,4926.635
2026-04-11 10:00:00,4926.384,4933.185,4925.813,4927.225
2026-04-11 11:00:00,4927.249,4928.739,4919.436,4925.612
2026-04-11 12:00:00,4925.595,4937.289,4925.533,4935.622
2026-04-11 13:00:00,4935.68,4935.68,4923.413,4924.139
2026-04-11 14:00:00,4924.195,4931.221,4921.547,4925.391
2026-04-11 15:00:00,4925.302,4930.46,4923.3,4925.631
2026-04-11 16:00:00,4925.608,4934.417,4924.854,4933.995
2026-04-11 17:00:00,4933.776,4936.583,4930.394,4931.841
2026-04-11 18:00:00,4931.753,4942.604,4931.214,4935.867
2026-04-11 19:00:00,4935.992,4939.564,4932.935,4934.477
2026-04-11 20:00:00,4934.596,4940.197,4934.549,4937.684
2026-04-11 21:00:00,4937.694,4940.941,4933.242,4940.743
2026-04-11 22:00:00,4940.792,4946.879,4940.49,4942.833
2026-04-11 23:00:00,4942.898,4951.522,4941.626,4949.487
2026-04-12 00:00:00,4949.382,4949.875,4933.014,4933.748
2026-04-12 01:00:00,4933.619,4936.854,4931.047,4936.507
2026-04-12 02:00:00,4936.308,4942.494,4934.902,4941.8
2026-04-12 03:00:00,4941.796,4945.271,4941.084,4941.692
2026-04-12 04:00:00,4941.636,4945.229,4938.636,4941.675
2026-04-12 05:00:00,4941.641,4942.554,4935.005,4936.868
2026-04-12 06:00:00,4936.941,4942.644,4936.067,4940.381
2026-04-12 07:00:00,4940.485,4945.796,4938.357,4945.796
2026-04-12 08:00:00,4945.78,4947.578,4936.667,4936.667
2026-04-12 09:00:00,4936.783,4938.981,4932.632,4934.23
2026-04-12 10:00:00,4934.289,4947.877,4932.899,4944.317
2026-04-12 11:00:00,4944.263,4946.705,4936.117,4937.323
2026-04-12 12:00:00,4937.412,4942.503,4937.168,4939.507
2026-04-12 13:00:00,4939.659,4945.319,4939.641,4943.076
2026-04-12 14:00:00,4942.99,4944.87,4928.284,4931.439
2026-04-12 15:00:00,4931.527,4934.649,4927.628,4933.162
2026-04-12 16:00:00,4933.271,4934.094,4929.13,4931.303
2026-04-12 17:00:00,4930.981,4947.72,4930.575,4947.506
2026-04-12 18:00:00,4947.318,4950.286,4941.604,4949.465
2026-04-12 19:00:00,4949.312,4952.969,4945.88,4952.424
2026-04-12 20:00:00,4952.432,4958.345,4952.198,4957.202
2026-04-12 21:00:00,4957.22,4961.106,4954.625,4955.645
2026-04-12 22:00:00,4955.949,4957.456,4950.108,4953.115
2026-04-12 23:00:00,4953.127,4956.402,4950.8,4953.44
2026-04-13 00:00:00,4953.669,4954.451,4948.558,4953.742
2026-04-13 01:00:00,4954.016,4967.651,4953.426,4963.97
2026-04-13 02:00:00,4963.834,4963.904,4956.438,4963.125
2026-04-13 03:00:00,4963.098,4970.447,4959.318,4970.019
2026-04-13 04:00:00,4969.94,4976.1,4966.377,4971.089
2026-04-13 05:00:00,4970.973,4985.65,4970.911,4983.872
2026-04-13 06:00:00,4983.819,4992.669,4981.953,4991.91
2026-04-13 07:00:00,4991.907,4995.819,4989.273,4993.596
2026-04-13 08:00:00,4993.413,4994.13,4984.269,4984.274
2026-04-13 09:00:00,4984.547,4990.972,4980.126,4985.76
2026-04-13 10:00:00,4985.804,4989.096,4979.77,4979.993
2026-04-13 11:00:00,4980.056,4985.446,4977.618,4978.918
2026-04-13 12:00:00,4979.091,4984.136,4978.845,4983.497
2026-04-13 13:00:00,4983.402,4984.132,4979.349,4982.562
2026-04-13 14:00:00,4982.527,4988.181,4978.453,4981.137
2026-04-13 15:00:00,4981.21,4981.928,4974.442,4979.552
2026-04-13 16:00:00,4979.71,4980.192,4969.704,4975.387
2026-04-13 17:00:00,4975.243,4976.717,4966.388,4967.81
2026-04-13 18:00:00,4967.794,4980.329,4965.26,4979.125
2026-04-13 19:00:00,4979.11,4981.771,4972.414,4974.782
2026-04-13 20:00:00,4974.805,4981.5,4974.805,4975.209
2026-04-13 21:00:00,4975.286,4987.064,4973.689,4983.922
2026-04-13 22:00:00,4984.091,4985.585,4978.379,4983.532
2026-04-13 23:00:00,4983.685,4991.3,4981.446,4989.202
2026-04-14 00:00:00,4989.188,4994.405,4980.306,4982.397
2026-04-14 01:00:00,4982.525,4983.876,4970.849,4971.597
2026-04-14 02:00:00,4971.505,4972.956,4965.32,4965.528
2026-04-14 03:00:00,4965.614,4965.912,4955.573,4957.786
2026-04-14 04:00:00,4957.908,4963.12,4956.197,4962.628
2026-04-14 05:00:00,4962.548,4965.159,4959.247,4962.379
2026-04-14 06:00:00,4962.423,4962.918,4951.898,4952.515
2026-04-14 07:00:00,4952.225,4961.817,4950.168,4961.817
2026-04-14 08:00:00,4962.001,4967.89,4961.37,4966.022
2026-04-14 09:00:00,4965.94,4967.256,4961.68,4966.083
2026-04-14 10:00:00,4966.121,4970.144,4963.249,4964.47
2026-04-14 11:00:00,4964.532,4967.626,4958.667,4962.237
2026-04-14 12:00:00,4962.27,4974.776,4962.196,4974.344
2026-04-14 13:00:00,4974.511,4983.527,4971.472,4982.537
2026-04-14 14:00:00,4982.645,4986.75,4979.843,4982.341
2026-04-14 15:00:00,4982.474,4984.051,4976.53,4978.304
2026-04-14 16:00:00,4978.099,4982.43,4977.241,4977.676
2026-04-14 17:00:00,4977.664,4980.416,4974.313,4977.282
2026-04-14 18:00:00,4977.099,4980.244,4973.613,4974.178
2026-04-14 19:00:00,4974.041,4976.63,4969.692,4971.752
2026-04-14 20:00:00,4971.669,4979.418,4969.998,4978.266
2026-04-14 21:00:00,4978.139,4984.969,4974.132,4983.989
2026-04-14 22:00:00,4984.063,4991.651,4983.715,4990.422
2026-04-14 23:00:00,4990.312,4992.748,4984.337,4985.747
2026-04-15 00:00:00,4985.808,4988.066,4983.327,4987.532
2026-04-15 01:00:00,4987.366,4997.62,4986.424,4994.101
2026-04-15 02:00:00,4994.199,5003.777,4993.762,4999.083
2026-04-15 03:00:00,4998.98,5001.393,4996.636,4999.731
2026-04-15 04:00:00,4999.666,5010.129,4995.719,5007.688
2026-04-15 05:00:00,5007.624,5009.121,4999.215,5008.213
2026-04-15 06:00:00,5008.077,5009.496,5001.509,5003.841
2026-04-15 07:00:00,5003.853,5003.853,4993.808,4997.507
2026-04-15 08:00:00,4997.669,4998.57,4991.821,4992.118
2026-04-15 09:00:00,4991.983,4997.671,4991.943,4995.794
2026-04-15 10:00:00,4995.848,4996.821,4990.018,4990.4
2026-04-15 11:00:00,4990.457,4992.192,4982.48,4983.592
2026-04-15 12:00:00,4983.601,4987.513,4981.61,4987.333
2026-04-15 13:00:00,4987.435,4990.235,4975.209,4976.275
2026-04-15 14:00:00,4976.184,4978.285,4967.833,4969.152
2026-04-15 15:00:00,4969.097,4969.814,4962.424,4967.666
2026-04-15 16:00:00,4967.631,4969.168,4963.997,4966.691
2026-04-15 17:00:00,4966.717,4971.871,4963.184,4971.871
2026-04-15 18:00:00,4971.986,4973.901,4967.663,4969.047
2026-04-15 19:00:00,4969.039,4977.142,4968.563,4968.999
2026-04-15 20:00:00,4969.028,4970.948,4962.968,4968.093
2026-04-15 21:00:00,4968.062,4977.092,4967.393,4977.092
2026-04-15 22:00:00,4977.231,4985.108,4975.737,4982.222
2026-04-15 23:00:00,4982.363,4983.915,4975.523,4980.693
2026-04-16 00:00:00,4980.732,4982.813,4978.359,4979.186
2026-04-16 01:00:00,4979.193,4983.567,4977.743,4983.277
2026-04-16 02:00:00,4983.357,4988.556,4981.189,4985.675
2026-04-16 03:00:00,4985.621,4990.101,4983.229,4987.376
2026-04-16 04:00:00,4987.042,4995.061,4984.664,4994.819
2026-04-16 05:00:00,4994.768,4996.031,4987.535,4987.553
2026-04-16 06:00:00,4987.862,4989.377,4981.226,4982.689
2026-04-16 07:00:00,4982.561,4984.184,4976.444,4977.519
2026-04-16 08:00:00,4977.501,4980.477,4973.206,4974.935
2026-04-16 09:00:00,4974.893,4979.457,4973.256,4977.653
2026-04-16 10:00:00,4977.87,4980.057,4972.95,4979.585
2026-04-16 11:00:00,4979.513,4983.158,4976.635,4979.518
2026-04-16 12:00:00,4979.498,4979.868,4971.05,4971.052
2026-04-16 13:00:00,4970.969,4971.985,4962.31,4965.009
2026-04-16 14:00:00,4965.009,4970.223,4961.814,4967.771
2026-04-16 15:00:00,4967.693,4968.322,4957.391,4962.867
2026-04-16 16:00:00,4962.882,4971.544,4959.579,4971.305
2026-04-16 17:00:00,4971.194,4972.442,4966.604,4968.003
2026-04-16 18:00:00,4967.956,4970.404,4960.919,4961.186
2026-04-16 19:00:00,4961.113,4961.744,4951.971,4953.22
2026-04-16 20:00:00,4953.004,4955.832,4949.904,4954.626
2026-04-16 21:00:00,4954.606,4958.713,4950.637,4958.327
2026-04-16 22:00:00,4958.494,4967.883,4955.992,4966.53
2026-04-16 23:00:00,4966.865,4967.142,4960.022,4960.273
2026-04-17 00:00:00,4960.424,4963.34,4948.514,4949.533
2026-04-17 01:00:00,4949.47,4957.479,4946.112,4956.797
2026-04-17 02:00:00,4956.962,4960.713,4953.874,4960.103
2026-04-17 03:00:00,4960.262,4961.312,4949.791,4958.271
2026-04-17 04:00:00,4958.185,4958.458,4948.674,4949.319
2026-04-17 05:00:00,4949.413,4951.131,4945.051,4948.609
2026-04-17 06:00:00,4948.703,4954.342,4944.535,4954.201
2026-04-17 07:00:00,4954.362,4965.68,4953.772,4965.304
2026-04-17 08:00:00,4965.29,4970.085,4964.882,4969.857
2026-04-17 09:00:00,4970.07,4973.239,4965.666,4972.287
2026-04-17 10:00:00,4972.214,4978.96,4971.413,4977.012
2026-04-17 11:00:00,4976.992,4984.461,4976.05,4982.418
2026-04-17 12:00:00,4982.674,4984.166,4974.191,4975.062
2026-04-17 13:00:00,4975.143,4984.132,4974.788,4979.201
2026-04-17 14:00:00,4979.194,4980.701,4977.386,4979.334
2026-04-17 15:00:00,4979.368,4986.038,4978.476,4981.683
2026-04-17 16:00:00,4981.387,4981.888,4975.287,4979.153
2026-04-17 17:00:00,4979.123,4985.122,4975.23,4984.409
2026-04-17 18:00:00,4984.212,4990.235,4983.775,4988.636
2026-04-17 19:00:00,4988.577,4990.603,4977.268,4977.955
2026-04-17 20:00:00,4977.997,4983.565,4974.745,4981.783
2026-04-17 21:00:00,4981.898,4986.195,4979.902,4984.6
2026-04-17 22:00:00,4984.659,4989.348,4982.676,4986.596
2026-04-17 23:00:00,4986.535,4990.499,4984.508,4986.779
2026-04-18 00:00:00,4986.786,4987.474,4976.161,4976.438
2026-04-18 01:00:00,4976.672,4980.775,4971.578,4978.798
2026-04-18 02:00:00,4978.736,4981.099,4970.947,4974.096
2026-04-18 03:00:00,4974.086,4981.668,4973.802,4976.056
2026-04-18 04:00:00,4975.936,4979.494,4971.385,4972.028
2026-04-18 05:00:00,4971.971,4972.372,4964.095,4966.106
2026-04-18 06:00:00,4966.233,4971.622,4963.012,4969.708
2026-04-18 07:00:00,4969.666,4970.628,4965.496,4969.963
2026-04-18 08:00:00,4969.823,4973.192,4966.657,4969.194
2026-04-18 09:00:00,4969.075,4974.565,4967.155,4973.167
2026-04-18 10:00:00,4973.19,4979.349,4971.212,4979.12
2026-04-18 11:00:00,4978.915,4983.729,4974.007,4982.586
2026-04-18 12:00:00,4982.557,4982.726,4973.159,4973.991
2026-04-18 13:00:00,4974.019,4975.938,4966.272,4966.55
2026-04-18 14:00:00,4966.672,4966.969,4960.531,4962.166
2026-04-18 15:00:00,4962.218,4963.709,4955.478,4958.245
2026-04-18 16:00:00,4958.479,4959.875,4946.795,4949.004
2026-04-18 17:00:00,4948.951,4951.161,4946.14,4947.465
2026-04-18 18:00:00,4947.371,4950.806,4941.039,4941.382
2026-04-18 19:00:00,4941.449,4944.239,4934.678,4936.877
2026-04-18 20:00:00,4936.795,4937.974,4924.903,4928.108
2026-04-18 21:00:00,4928.004,4932.325,4926.745,4926.792
2026-04-18 22:00:00,4926.727,4928.448,4920.481,4923.64
2026-04-18 23:00:00,4923.638,4928.743,4923.555,4926.855
2026-04-19 00:00:00,4926.892,4936.433,4926.624,4935.364
2026-04-19 01:00:00,4935.383,4939.406,4927.818,4928.746
2026-04-19 02:00:00,4928.666,4939.648,4927.235,4937.531
2026-04-19 03:00:00,4937.508,4938.109,4930.357,4934.351
2026-04-19 04:00:00,4934.271,4937.75,4923.959,4928.14
2026-04-19 05:00:00,4927.948,4933.789,4924.373,4924.425
2026-04-19 06:00:00,4924.276,4930.484,4922.701,4927.545
2026-04-19 07:00:00,4927.547,4928.506,4918.518,4918.685
2026-04-19 08:00:00,4918.832,4919.155,4914.018,4915.303
2026-04-19 09:00:00,4915.158,4922.12,4913.085,4920.913
2026-04-19 10:00:00,4921.2,4926.265,4918.889,4925.383
2026-04-19 11:00:00,4925.392,4935.089,4923.518,4934.455
2026-04-19 12:00:00,4934.296,4937.284,4932.141,4935.361
2026-04-19 13:00:00,4935.32,4936.081,4929.215,4931.793
2026-04-19 14:00:00,4931.822,4932.876,4924.64,4925.606
2026-04-19 15:00:00,4925.591,4931.302,4925.109,4929.805
2026-04-19 16:00:00,4929.858,4939.0,4928.155,4930.284
2026-04-19 17:00:00,4930.216,4931.492,4920.671,4922.184
2026-04-19 18:00:00,4922.045,4933.522,4921.405,4928.788
2026-04-19 19:00:00,4928.714,4934.342,4928.215,4928.947
2026-04-19 20:00:00,4929.005,4930.865,4925.012,4925.644
2026-04-19 21:00:00,4925.799,4929.737,4923.641,4927.715
2026-04-19 22:00:00,4927.806,4929.752,4923.382,4923.393
2026-04-19 23:00:00,4923.422,4924.688,4914.462,4918.065
2026-04-20 00:00:00,4918.269,4918.352,4909.397,4911.255
2026-04-20 01:00:00,4911.283,4918.682,4910.628,4918.102
2026-04-20 02:00:00,4918.111,4922.006,4916.482,4919.339
2026-04-20 03:00:00,4919.451,4925.386,4918.937,4920.751
2026-04-20 04:00:00,4920.568,4923.566,4919.482,4922.99
2026-04-20 05:00:00,4923.166,4927.741,4922.073,4924.7
2026-04-20 06:00:00,4924.812,4933.574,4921.379,4933.406
2026-04-20 07:00:00,4933.426,4936.507,4929.13,4931.966
2026-04-20 08:00:00,4931.934,4933.889,4926.84,4933.032
2026-04-20 09:00:00,4933.142,4936.85,4930.534,4934.984
2026-04-20 10:00:00,4935.067,4937.302,4925.026,4925.948
2026-04-20 11:00:00,4925.971,4935.484,4923.712,4934.889
2026-04-20 12:00:00,4934.778,4935.936,4927.36,4928.586
2026-04-20 13:00:00,4928.352,4929.696,4923.813,4925.678
2026-04-20 14:00:00,4925.728,4933.737,4925.495,4931.909
2026-04-20 15:00:00,4931.927,4933.521,4927.283,4929.684
2026-04-20 16:00:00,4929.672,4934.152,4927.601,4929.525
2026-04-20 17:00:00,4929.394,4939.526,4929.394,4933.87
2026-04-20 18:00:00,4933.926,4937.523,4933.169,4935.136
2026-04-20 19:00:00,4935.123,4945.735,4934.737,4942.576
2026-04-20 20:00:00,4942.647,4948.103,4942.459,4943.598
2026-04-20 21:00:00,4943.542,4945.511,4939.31,4942.913
2026-04-20 22:00:00,4942.961,4948.607,4942.694,4947.455
2026-04-20 23:00:00,4947.365,4953.491,4945.889,4950.462
2026-04-21 00:00:00,4950.522,4952.812,4942.606,4943.417
2026-04-21 01:00:00,4943.543,4944.038,4936.227,4941.412
2026-04-21 02:00:00,4941.307,4947.973,4941.018,4945.022
2026-04-21 03:00:00,4945.075,4951.359,4943.592,4949.562
2026-04-21 04:00:00,4949.387,4951.409,4945.052,4945.326
2026-04-21 05:00:00,4945.409,4949.353,4943.639,4944.809
2026-04-21 06:00:00,4944.878,4948.691,4941.639,4948.089
2026-04-21 07:00:00,4948.023,4949.639,4945.252,4948.871
2026-04-21 08:00:00,4948.764,4955.7,4948.642,4954.824
2026-04-21 09:00:00,4955.017,4957.553,4948.165,4955.309
2026-04-21 10:00:00,4955.34,4958.642,4953.957,4955.308
2026-04-21 11:00:00,4955.309,4962.099,4954.971,4959.5
2026-04-21 12:00:00,4959.454,4959.608,4950.119,4950.351
2026-04-21 13:00:00,4950.178,4951.972,4941.059,4945.79
2026-04-21 14:00:00,4945.767,4946.272,4939.047,4940.734
2026-04-21 15:00:00,4940.853,4953.207,4938.479,4952.13
2026-04-21 16:00:00,4952.315,4954.813,4942.077,4942.117
2026-04-21 17:00:00,4942.22,4949.791,4941.491,4948.183
2026-04-21 18:00:00,4947.916,4948.904,4942.708,4944.489
2026-04-21 19:00:00,4944.486,4950.485,4942.515,4946.039
2026-04-21 20:00:00,4946.002,4950.573,4944.987,4950.259
2026-04-21 21:00:00,4950.177,4954.037,4946.397,4947.118
2026-04-21 22:00:00,4947.041,4951.959,4944.42,4951.908
2026-04-21 23:00:00,4951.809,4954.377,4947.659,4952.152
2026-04-22 00:00:00,4952.203,4958.917,4950.648,4953.487
2026-04-22 01:00:00,4953.369,4959.94,4950.528,4955.927
2026-04-22 02:00:00,4955.816,4962.478,4953.949,4960.456
2026-04-22 03:00:00,4960.347,4963.192,4954.67,4958.593
2026-04-22 04:00:00,4958.694,4964.754,4956.886,4963.372
2026-04-22 05:00:00,4963.249,4967.056,4959.94,4965.72
2026-04-22 06:00:00,4965.798,4966.051,4953.193,4954.619
2026-04-22 07:00:00,4954.491,4961.868,4954.157,4957.128
2026-04-22 08:00:00,4957.164,4958.564,4950.397,4956.69
2026-04-22 09:00:00,4956.571,4959.899,4954.9,4957.415
2026-04-22 10:00:00,4957.382,4965.473,4955.305,4955.546
2026-04-22 11:00:00,4955.562,4968.618,4954.023,4968.531
2026-04-22 12:00:00,4968.227,4971.465,4964.067,4971.465
2026-04-22 13:00:00,4971.416,4978.591,4967.104,4978.545
2026-04-22 14:00:00,4978.546,4987.825,4978.039,4987.448
2026-04-22 15:00:00,4987.5,4989.917,4982.668,4986.662
2026-04-22 16:00:00,4986.561,4997.979,4983.57,4997.467
2026-04-22 17:00:00,4997.572,4997.903,4988.854,4996.005
2026-04-22 18:00:00,4996.069,5002.899,4995.71,4999.575
2026-04-22 19:00:00,4999.594,5005.498,4987.807,4988.552
2026-04-22 20:00:00,4988.728,4992.885,4985.918,4986.682
2026-04-22 21:00:00,4986.826,4988.646,4983.658,4985.599
2026-04-22 22:00:00,4985.656,4988.133,4982.964,4985.846
2026-04-22 23:00:00,4985.952,4986.923,4978.448,4982.965
2026-04-23 00:00:00,4983.08,4985.931,4978.586,4981.058
2026-04-23 01:00:00,4981.098,4983.596,4976.233,4982.197
2026-04-23 02:00:00,4982.172,4986.169,4979.993,4985.064
2026-04-23 03:00:00,4985.148,4990.549,4983.894,4989.592
2026-04-23 04:00:00,4989.439,4992.598,4987.697,4988.795
2026-04-23 05:00:00,4988.932,4995.763,4988.312,4995.602
2026-04-23 06:00:00,4995.698,4998.487,4989.725,4992.137
2026-04-23 07:00:00,4992.146,4999.9,4992.052,4992.68
2026-04-23 08:00:00,4992.902,4995.566,4986.231,4987.966
2026-04-23 09:00:00,4988.099,4988.099,4983.732,4985.928
2026-04-23 10:00:00,4985.915,4993.749,4983.597,4991.138
2026-04-23 11:00:00,4991.031,4995.792,4990.284,4991.923
2026-04-23 12:00:00,4991.631,4994.284,4984.864,4988.361
2026-04-23 13:00:00,4988.413,4989.222,4984.212,4986.429
2026-04-23 14:00:00,4986.314,4992.644,4984.47,4988.784
2026-04-23 15:00:00,4988.865,4993.523,4987.926,4992.863
2026-04-23 16:00:00,4992.738,5001.913,4987.511,5000.023
2026-04-23 17:00:00,5000.007,5002.183,4997.369,4997.908
2026-04-23 18:00:00,4997.928,5003.694,4993.202,5001.758
2026-04-23 19:00:00,5001.781,5002.629,4986.626,4988.85
2026-04-23 20:00:00,4988.831,4989.402,4981.829,4986.933
2026-04-23 21:00:00,4986.971,4989.075,4980.283,4983.838
2026-04-23 22:00:00,4983.957,4986.988,4981.526,4985.086
2026-04-23 23:00:00,4985.14,4985.17,4979.163,4983.358
2026-04-24 00:00:00,4983.291,4989.731,4979.245,4988.732
2026-04-24 01:00:00,4988.803,4989.905,4982.205,4986.105
2026-04-24 02:00:00,4986.173,4988.34,4979.09,4980.685
2026-04-24 03:00:00,4980.819,4982.825,4975.428,4979.01
2026-04-24 04:00:00,4978.917,4980.457,4973.553,4980.457
2026-04-24 05:00:00,4980.658,4983.21,4974.741,4976.932
2026-04-24 06:00:00,4976.807,4980.904,4974.88,4975.124
2026-04-24 07:00:00,4975.141,4976.182,4966.674,4968.939
2026-04-24 08:00:00,4968.935,4973.103,4967.404,4971.608
2026-04-24 09:00:00,4971.51,4977.638,4968.927,4976.365
2026-04-24 10:00:00,4976.341,4976.352,4966.707,4967.185
2026-04-24 11:00:00,4967.168,4967.533,4952.084,4952.654
2026-04-24 12:00:00,4952.732,4953.295,4945.287,4947.07
2026-04-24 13:00:00,4947.04,4947.331,4942.555,4944.705
2026-04-24 14:00:00,4944.617,4945.703,4937.839,4939.595
2026-04-24 15:00:00,4939.75,4943.992,4937.659,4942.744
2026-04-24 16:00:00,4942.78,4946.84,4938.222,4939.304
2026-04-24 17:00:00,4939.46,4947.986,4936.047,4947.688
2026-04-24 18:00:00,4947.668,4950.22,4943.509,4944.288
2026-04-24 19:00:00,4944.258,4952.015,4943.995,4951.075
2026-04-24 20:00:00,4950.835,4953.164,4946.776,4946.902
2026-04-24 21:00:00,4947.13,4947.408,4930.48,4933.123
2026-04-24 22:00:00,4933.266,4939.319,4933.035,4937.058
2026-04-24 23:00:00,4936.94,4940.369,4932.531,4935.77
2026-04-25 00:00:00,4935.788,4936.317,4928.54,4929.184
2026-04-25 01:00:00,4929.086,4930.281,4920.826,4923.776
2026-04-25 02:00:00,4923.695,4931.869,4923.284,4931.062
2026-04-25 03:00:00,4931.061,4939.392,4930.13,4934.599
2026-04-25 04:00:00,4934.641,4943.776,4933.373,4943.24
2026-04-25 05:00:00,4943.484,4946.917,4941.274,4942.787
2026-04-25 06:00:00,4942.921,4947.577,4940.542,4941.847
2026-04-25 07:00:00,4941.996,4946.033,4939.694,4940.06
2026-04-25 08:00:00,4940.079,4944.222,4938.232,4941.599
2026-04-25 09:00:00,4941.741,4942.701,4936.715,4939.964
2026-04-25 10:00:00,4939.74,4940.781,4933.842,4939.698
2026-04-25 11:00:00,4939.761,4940.372,4930.699,4932.768
2026-04-25 12:00:00,4932.982,4937.806,4931.829,4937.194
2026-04-25 13:00:00,4937.101,4939.613,4934.547,4939.359
2026-04-25 14:00:00,4939.307,4943.514,4938.125,4939.194
2026-04-25 15:00:00,4939.161,4942.109,4935.008,4938.581
2026-04-25 16:00:00,4938.6,4942.512,4934.314,4935.332
2026-04-25 17:00:00,4935.222,4939.03,4928.322,4928.843
2026-04-25 18:00:00,4928.937,4931.484,4922.942,4923.147
2026-04-25 19:00:00,4923.131,4924.539,4917.608,4920.306
2026-04-25 20:00:00,4920.34,4930.349,4917.061,4929.278
2026-04-25 21:00:00,4929.195,4930.561,4923.683,4926.936
2026-04-25 22:00:00,4926.855,4927.828,4917.54,4919.89
2026-04-25 23:00:00,4919.772,4923.585,4915.943,4920.878
2026-04-26 00:00:00,4920.899,4923.078,4914.225,4921.702
2026-04-26 01:00:00,4921.557,4922.029,4914.554,4916.504
2026-04-26 02:00:00,4916.409,4917.651,4907.268,4907.268
2026-04-26 03:00:00,4907.278,4912.768,4906.004,4906.566
2026-04-26 04:00:00,4906.666,4912.502,4905.012,4912.283
2026-04-26 05:00:00,4912.578,4916.74,4906.811,4907.925
2026-04-26 06:00:00,4908.172,4915.221,4907.363,4911.069
2026-04-26 07:00:00,4910.929,4912.452,4900.591,4901.888
2026-04-26 08:00:00,4901.774,4907.156,4901.096,4902.722
2026-04-26 09:00:00,4902.666,4906.108,4900.151,4903.468
2026-04-26 10:00:00,4903.583,4904.892,4899.149,4902.99
2026-04-26 11:00:00,4903.058,4904.291,4897.396,4901.614
2026-04-26 12:00:00,4901.504,4903.21,4895.411,4901.555
2026-04-26 13:00:00,4901.708,4906.202,4900.685,4904.592
2026-04-26 14:00:00,4904.657,4909.502,4904.657,4908.441
2026-04-26 15:00:00,4908.473,4909.306,4897.569,4898.803
2026-04-26 16:00:00,4898.905,4908.05,4898.723,4902.444
2026-04-26 17:00:00,4902.544,4907.057,4899.604,4905.477
2026-04-26 18:00:00,4905.496,4911.552,4901.61,4909.514
2026-04-26 19:00:00,4909.599,4913.101,4903.372,4907.477
2026-04-26 20:00:00,4907.383,4910.129,4903.668,4908.393
2026-04-26 21:00:00,4908.115,4911.372,4902.686,4908.215
2026-04-26 22:00:00,4908.29,4910.945,4897.231,4898.562
2026-04-26 23:00:00,4898.442,4908.061,4898.021,4900.332
2026-04-27 00:00:00,4900.327,4903.303,4896.708,4902.159
2026-04-27 01:00:00,4902.219,4905.532,4900.499,4902.682
2026-04-27 02:00:00,4902.915,4907.197,4900.19,4904.858
2026-04-27 03:00:00,4905.034,4912.165,4904.234,4905.868
2026-04-27 04:00:00,4905.79,4914.552,4901.714,4913.067
2026-04-27 05:00:00,4912.965,4916.694,4910.804,4912.304
2026-04-27 06:00:00,4912.47,4920.611,4911.546,4912.951
2026-04-27 07:00:00,4913.129,4919.278,4912.209,4917.234
2026-04-27 08:00:00,4917.215,4918.376,4906.243,4907.811
2026-04-27 09:00:00,4907.815,4910.613,4902.967,4903.622
2026-04-27 10:00:00,4903.679,4906.267,4900.337,4901.814
2026-04-27 11:00:00,4901.77,4911.594,4901.484,4911.258
2026-04-27 12:00:00,4911.413,4912.594,4905.743,4908.845
2026-04-27 13:00:00,4908.572,4914.254,4908.076,4912.14
2026-04-27 14:00:00,4912.22,4914.233,4908.57,4911.135
2026-04-27 15:00:00,4911.186,4914.67,4905.703,4911.395
2026-04-27 16:00:00,4911.368,4913.837,4902.492,4902.492
2026-04-27 17:00:00,4902.393,4909.044,4901.821,4908.618
2026-04-27 18:00:00,4908.418,4909.075,4903.119,4906.007
2026-04-27 19:00:00,4906.096,4913.423,4903.424,4911.08
2026-04-27 20:00:00,4911.101,4913.63,4908.283,4911.103
2026-04-27 21:00:00,4911.076,4912.968,4904.008,4905.696
2026-04-27 22:00:00,4905.425,4909.086,4903.214,4904.157
2026-04-27 23:00:00,4904.11,4909.159,4901.951,4908.212
2026-04-28 00:00:00,4908.326,4909.44,4900.757,4901.009
2026-04-28 01:00:00,4901.195,4901.427,4894.546,4900.237
2026-04-28 02:00:00,4900.15,4903.084,4898.772,4899.278
2026-04-28 03:00:00,4899.32,4911.998,4899.252,4911.998
2026-04-28 04:00:00,4911.905,4912.255,4902.116,4904.327
2026-04-28 05:00:00,4904.592,4908.739,4900.03,4907.949
2026-04-28 06:00:00,4907.978,4912.508,4905.166,4908.416
2026-04-28 07:00:00,4908.488,4912.074,4905.45,4907.295
2026-04-28 08:00:00,4907.023,4908.416,4898.874,4900.879
2026-04-28 09:00:00,4901.116,4909.692,4900.687,4907.409
2026-04-28 10:00:00,4907.422,4920.288,4907.22,4913.76
2026-04-28 11:00:00,4913.783,4917.948,4911.86,4915.429
2026-04-28 12:00:00,4915.345,4920.618,4912.732,4920.177
2026-04-28 13:00:00,4920.069,4921.693,4914.341,4918.364
2026-04-28 14:00:00,4918.225,4922.893,4916.419,4917.651
2026-04-28 15:00:00,4917.579,4922.696,4914.124,4915.113
2026-04-28 16:00:00,4915.287,4915.287,4903.923,4906.225
2026-04-28 17:00:00,4906.286,4908.135,4898.691,4903.604
2026-04-28 18:00:00,4903.576,4909.654,4903.05,4903.372
2026-04-28 19:00:00,4903.464,4909.472,4898.743,4909.472
2026-04-28 20:00:00,4909.482,4912.926,4906.354,4907.018
2026-04-28 21:00:00,4906.978,4907.281,4894.97,4894.97
2026-04-28 22:00:00,4895.089,4897.315,4890.274,4892.774
2026-04-28 23:00:00,4892.817,4901.031,4892.452,4897.923
2026-04-29 00:00:00,4898.092,4898.529,4889.811,4892.096
2026-04-29 01:00:00,4891.785,4894.42,4887.276,4887.302
2026-04-29 02:00:00,4887.297,4891.102,4886.114,4890.863
2026-04-29 03:00:00,4890.595,4898.164,4888.861,4897.001
2026-04-29 04:00:00,4896.962,4905.357,4896.166,4900.12
2026-04-29 05:00:00,4900.031,4907.793,4898.648,4907.793
2026-04-29 06:00:00,4908.01,4908.075,4900.818,4906.053
2026-04-29 07:00:00,4905.939,4911.201,4904.014,4905.031
2026-04-29 08:00:00,4904.95,4910.638,4901.745,4909.257
2026-04-29 09:00:00,4909.429,4918.302,4908.732,4915.006
2026-04-29 10:00:00,4915.272,4920.719,4913.707,4920.337
2026-04-29 11:00:00,4920.398,4927.84,4917.159,4917.159
2026-04-29 12:00:00,4917.037,4921.349,4908.396,4910.072
2026-04-29 13:00:00,4910.054,4915.52,4905.153,4905.411
2026-04-29 14:00:00,4905.284,4908.675,4897.826,4899.836
2026-04-29 15:00:00,4899.664,4901.034,4894.162,4894.513
2026-04-29 16:00:00,4894.426,4897.802,4885.954,4886.344
2026-04-29 17:00:00,4886.413,4890.871,4884.632,4887.258
2026-04-29 18:00:00,4887.286,4889.643,4878.335,4880.622
2026-04-29 19:00:00,4880.702,4888.331,4879.143,4884.303
2026-04-29 20:00:00,4884.223,4889.586,4883.934,4889.269
2026-04-29 21:00:00,4889.438,4890.617,4880.702,4882.554
2026-04-29 22:00:00,4882.534,4886.492,4879.689,4886.252
2026-04-29 23:00:00,4886.428,4894.743,4885.101,4888.892
2026-04-30 00:00:00,4888.8,4899.66,4886.322,4897.869
2026-04-30 01:00:00,4897.931,4902.76,4894.394,4899.81
2026-04-30 02:00:00,4899.739,4906.284,4896.161,4905.535
2026-04-30 03:00:00,4905.55,4910.77,4904.593,4907.635
2026-04-30 04:00:00,4907.812,4911.9,4903.309,4911.9
2026-04-30 05:00:00,4912.015,4912.992,4907.075,4912.163
2026-04-30 06:00:00,4912.131,4912.539,4907.177,4909.911
2026-04-30 07:00:00,4910.125,4919.824,4908.148,4919.149
2026-04-30 08:00:00,4919.218,4923.497,4917.289,4918.707
2026-04-30 09:00:00,4918.749,4922.111,4911.653,4915.938
2026-04-30 10:00:00,4916.273,4924.822,4915.341,4921.247
2026-04-30 11:00:00,4921.113,4923.625,4914.807,4918.474
2026-04-30 12:00:00,4918.295,4923.193,4916.492,4921.525
2026-04-30 13:00:00,4921.475,4929.001,4921.181,4925.412
2026-04-30 14:00:00,4925.431,4938.071,4924.039,4936.646
2026-04-30 15:00:00,4936.468,4950.72,4935.477,4948.766
2026-04-30 16:00:00,4948.648,4949.165,4940.597,4941.253
2026-04-30 17:00:00,4941.375,4942.09,4935.486,4940.682
2026-04-30 18:00:00,4940.782,4941.395,4936.738,4939.509
2026-04-30 19:00:00,4939.335,4947.764,4937.4,4946.449
2026-04-30 20:00:00,4946.497,4947.617,4941.747,4943.839
2026-04-30 21:00:00,4943.837,4945.24,4941.615,4943.201
2026-04-30 22:00:00,4943.236,4944.761,4934.188,4934.188
2026-04-30 23:00:00,4934.017,4936.008,4928.398,4935.507
2026-05-01 00:00:00,4935.405,4941.886,4934.635,4940.571
2026-05-01 01:00:00,4940.57,4945.805,4939.73,4943.096
2026-05-01 02:00:00,4943.223,4948.878,4941.916,4946.975
2026-05-01 03:00:00,4946.92,4947.721,4940.332,4942.704
2026-05-01 04:00:00,4942.769,4949.407,4942.228,4948.829
2026-05-01 05:00:00,4948.766,4949.426,4942.902,4948.527
2026-05-01 06:00:00,4948.586,4955.43,4946.832,4949.324
2026-05-01 07:00:00,4949.393,4950.922,4941.291,4943.514
2026-05-01 08:00:00,4943.711,4944.38,4938.942,4942.331
2026-05-01 09:00:00,4942.157,4947.171,4940.802,4945.122
2026-05-01 10:00:00,4945.243,4951.945,4942.156,4945.643
2026-05-01 11:00:00,4945.661,4957.535,4944.996,4956.447
2026-05-01 12:00:00,4956.419,4959.275,4953.844,4957.118
2026-05-01 13:00:00,4957.093,4962.423,4956.572,4958.662
2026-05-01 14:00:00,4958.594,4964.055,4957.086,4963.887
2026-05-01 15:00:00,4963.942,4964.112,4957.035,4957.286
2026-05-01 16:00:00,4957.336,4967.949,4955.92,4967.101
2026-05-01 17:00:00,4967.255,4969.485,4961.571,4967.354
2026-05-01 18:00:00,4967.36,4970.569,4962.234,4966.06
2026-05-01 19:00:00,4966.033,4969.605,4961.228,4966.027
2026-05-01 20:00:00,4965.908,4968.516,4963.124,4964.804
2026-05-01 21:00:00,4964.757,4973.974,4964.757,4968.1
2026-05-01 22:00:00,4968.0,4980.851,4966.488,4979.396
2026-05-01 23:00:00,4979.27,4979.731,4971.154,4971.689
2026-05-02 00:00:00,4971.817,4974.693,4969.194,4971.572
2026-05-02 01:00:00,4971.407,4974.313,4962.41,4963.42
2026-05-02 02:00:00,4963.498,4964.041,4952.854,4953.212
2026-05-02 03:00:00,4953.285,4960.659,4952.532,4957.522
2026-05-02 04:00:00,4957.616,4964.933,4956.89,4960.424
2026-05-02 05:00:00,4960.286,4960.286,4952.949,4955.254
2026-05-02 06:00:00,4955.228,4955.683,4950.645,4953.286
2026-05-02 07:00:00,4953.209,4953.236,4939.334,4942.742
2026-05-02 08:00:00,4942.459,4945.562,4938.395,4944.986
2026-05-02 09:00:00,4945.149,4950.13,4939.964,4940.278
2026-05-02 10:00:00,4940.461,4945.339,4936.722,4941.648
2026-05-02 11:00:00,4941.615,4944.41,4939.432,4940.599
2026-05-02 12:00:00,4940.428,4948.758,4936.224,4947.831
2026-05-02 13:00:00,4947.699,4947.785,4941.839,4946.033
2026-05-02 14:00:00,4946.221,4946.254,4939.284,4943.393
2026-05-02 15:00:00,4943.255,4950.969,4943.255,4949.556
2026-05-02 16:00:00,4949.568,4966.184,4948.707,4966.158
2026-05-02 17:00:00,4966.224,4968.459,4958.34,4967.707
2026-05-02 18:00:00,4967.809,4973.072,4966.014,4967.759
2026-05-02 19:00:00,4967.877,4974.744,4967.399,4974.083
2026-05-02 20:00:00,4974.18,4975.733,4970.233,4975.229
2026-05-02 21:00:00,4975.205,4980.347,4972.871,4974.985
2026-05-02 22:00:00,4975.254,4986.361,4973.628,4980.55
2026-05-02 23:00:00,4980.378,4990.189,4977.029,4989.914
2026-05-03 00:00:00,4989.76,4991.983,4986.165,4988.545
2026-05-03 01:00:00,4988.659,4989.146,4984.31,4985.454
2026-05-03 02:00:00,4985.388,4986.473,4973.271,4975.23
2026-05-03 03:00:00,4975.359,4976.885,4970.083,4973.666
2026-05-03 04:00:00,4973.691,4977.542,4970.275,4973.046
2026-05-03 05:00:00,4973.02,4975.157,4968.568,4970.449
2026-05-03 06:00:00,4970.55,4970.669,4964.117,4968.944
2026-05-03 07:00:00,4969.016,4972.511,4967.054,4969.317
2026-05-03 08:00:00,4969.464,4970.438,4965.399,4967.799
2026-05-03 09:00:00,4967.935,4973.966,4965.779,4972.669
2026-05-03 10:00:00,4972.579,4975.519,4971.346,4972.683
2026-05-03 11:00:00,4972.623,4974.851,4966.167,4973.811
2026-05-03 12:00:00,4973.71,4978.718,4971.88,4974.945
2026-05-03 13:00:00,4974.769,4976.14,4966.787,4970.067
2026-05-03 14:00:00,4970.274,4978.095,4969.543,4975.412
2026-05-03 15:00:00,4975.356,4980.042,4972.917,4979.984
2026-05-03 16:00:00,4980.029,4982.424,4976.297,4981.253
2026-05-03 17:00:00,4981.534,4984.618,4976.203,4976.203
2026-05-03 18:00:00,4976.102,4985.23,4975.952,4985.23
2026-05-03 19:00:00,4985.054,4989.72,4980.867,4982.963
2026-05-03 20:00:00,4982.94,4988.235,4982.81,4987.22
2026-05-03 21:00:00,4987.208,4988.897,4983.894,4986.955
2026-05-03 22:00:00,4986.829,4990.602,4985.217,4989.555
2026-05-03 23:00:00,4989.414,4990.269,4981.685,4983.099
2026-05-04 00:00:00,4983.128,4986.319,4981.339,4981.838
2026-05-04 01:00:00,4981.974,4993.94,4980.978,4993.158
2026-05-04 02:00:00,4993.15,5008.829,4991.654,5008.668
2026-05-04 03:00:00,5008.562,5018.445,5008.041,5016.688
2026-05-04 04:00:00,5016.607,5018.244,5013.038,5015.552
2026-05-04 05:00:00,5015.691,5021.537,5012.83,5018.865
2026-05-04 06:00:00,5018.987,5019.904,5012.888,5017.372
2026-05-04 07:00:00,5017.233,5018.421,5010.836,5014.255
2026-05-04 08:00:00,5014.354,5017.47,5010.405,5015.965
2026-05-04 09:00:00,5016.079,5022.724,5015.631,5020.417
2026-05-04 10:00:00,5020.212,5021.866,5014.324,5014.794
2026-05-04 11:00:00,5014.816,5021.836,5014.452,5020.085
2026-05-04 12:00:00,5020.076,5020.279,5009.32,5012.852
2026-05-04 13:00:00,5012.997,5015.516,5008.181,5008.736
2026-05-04 14:00:00,5008.701,5012.769,5005.53,5011.145
2026-05-04 15:00:00,5011.249,5013.649,5008.372,5012.622
2026-05-04 16:00:00,5012.419,5018.221,5009.188,5015.563
2026-05-04 17:00:00,5015.55,5017.861,5013.151,5013.745
2026-05-04 18:00:00,5014.077,5020.919,5010.876,5020.092
2026-05-04 19:00:00,5020.326,5021.719,5013.031,5016.718
2026-05-04 20:00:00,5016.797,5017.384,5006.791,5007.678
2026-05-04 21:00:00,5007.876,5011.252,5006.555,5006.656
2026-05-04 22:00:00,5006.595,5010.247,5000.322,5002.278
2026-05-04 23:00:00,5002.394,5009.733,5001.9,5002.427
2026-05-05 00:00:00,5002.356,5013.161,5001.919,5009.833
2026-05-05 01:00:00,5009.851,5015.922,5008.691,5014.608
2026-05-05 02:00:00,5014.448,5018.991,5011.519,5017.401
2026-05-05 03:00:00,5017.473,5025.917,5016.602,5025.447
2026-05-05 04:00:00,5025.38,5029.302,5021.199,5028.103
2026-05-05 05:00:00,5027.84,5029.404,5020.521,5020.567
2026-05-05 06:00:00,5020.422,5023.498,5006.715,5007.64
2026-05-05 07:00:00,5007.559,5009.269,5003.693,5007.213
2026-05-05 08:00:00,5007.352,5014.61,5003.911,5012.187
2026-05-05 09:00:00,5012.268,5013.409,5006.764,5007.259
2026-05-05 10:00:00,5007.15,5010.597,5002.973,5005.384
2026-05-05 11:00:00,5005.471,5014.707,5005.103,5011.952
2026-05-05 12:00:00,5011.842,5014.028,5008.042,5010.854
2026-05-05 13:00:00,5010.825,5010.825,5004.145,5007.64
2026-05-05 14:00:00,5007.63,5009.046,5002.919,5004.352
2026-05-05 15:00:00,5004.179,5009.152,5001.047,5004.601
2026-05-05 16:00:00,5004.509,5008.061,5001.671,5006.271
2026-05-05 17:00:00,5006.139,5009.786,5004.712,5005.138
2026-05-05 18:00:00,5005.24,5005.857,4999.751,5000.703
2026-05-05 19:00:00,5000.765,5002.097,4992.921,4993.809
2026-05-05 20:00:00,4993.8,4999.625,4992.324,4996.35
2026-05-05 21:00:00,4996.177,4997.217,4990.543,4993.555
2026-05-05 22:00:00,4993.319,5000.421,4991.264,4999.948
2026-05-05 23:00:00,5000.177,5000.353,4994.041,4997.145
2026-05-06 00:00:00,4997.207,4998.034,4992.902,4996.799
2026-05-06 01:00:00,4996.794,5005.436,4995.501,5004.986
2026-05-06 02:00:00,5004.887,5011.49,5003.417,5010.278
2026-05-06 03:00:00,5010.144,5015.928,5009.351,5014.418
2026-05-06 04:00:00,5014.28,5014.28,5006.098,5010.168
2026-05-06 05:00:00,5010.177,5013.21,5005.734,5012.666
2026-05-06 06:00:00,5012.774,5012.774,4999.172,4999.817
2026-05-06 07:00:00,4999.888,5004.001,4997.965,4999.321
2026-05-06 08:00:00,4999.393,5004.297,4994.813,5003.687
2026-05-06 09:00:00,5003.574,5005.614,4997.366,4997.829
2026-05-06 10:00:00,4997.875,5007.291,4996.959,5003.928
2026-05-06 11:00:00,5003.819,5019.468,5001.492,5019.331
2026-05-06 12:00:00,5019.181,5021.837,5016.086,5018.665
2026-05-06 13:00:00,5018.719,5019.056,5012.107,5014.671
2026-05-06 14:00:00,5014.75,5019.746,5013.216,5014.112
2026-05-06 15:00:00,5013.989,5017.552,5005.621,5009.208
2026-05-06 16:00:00,5009.346,5010.115,5005.161,5006.777
2026-05-06 17:00:00,5006.858,5007.343,4996.291,4997.086
2026-05-06 18:00:00,4997.02,4998.192,4991.923,4993.958
2026-05-06 19:00:00,4993.961,4994.837,4986.831,4990.404
2026-05-06 20:00:00,4990.248,4995.818,4988.485,4993.627
2026-05-06 21:00:00,4993.74,4996.885,4990.746,4992.147
2026-05-06 22:00:00,4992.167,5001.35,4991.154,5000.29
2026-05-06 23:00:00,5000.214,5003.275,4991.019,4991.438
2026-05-07 00:00:00,4991.396,4997.419,4989.837,4994.662
2026-05-07 01:00:00,4994.783,4995.233,4987.069,4987.199
2026-05-07 02:00:00,4987.202,4989.747,4984.41,4985.372
2026-05-07 03:00:00,4985.492,4985.744,4979.982,4985.339
2026-05-07 04:00:00,4985.483,4986.261,4973.723,4975.969
2026-05-07 05:00:00,4975.964,4981.803,4972.805,4980.006
2026-05-07 06:00:00,4980.088,4985.564,4978.136,4984.796
2026-05-07 07:00:00,4984.81,4985.576,4980.527,4983.73
2026-05-07 08:00:00,4983.962,4986.401,4979.483,4981.256
2026-05-07 09:00:00,4981.254,4993.294,4980.879,4991.005
2026-05-07 10:00:00,4990.981,4994.221,4985.523,4986.963
2026-05-07 11:00:00,4987.128,4989.615,4981.209,4981.422
2026-05-07 12:00:00,4981.431,4986.647,4976.566,4984.401
2026-05-07 13:00:00,4984.466,4989.474,4981.951,4988.905
2026-05-07 14:00:00,4988.865,4995.654,4988.44,4994.677
2026-05-07 15:00:00,4994.552,4997.794,4991.133,4995.03
2026-05-07 16:00:00,4994.865,4996.961,4989.094,4990.866
2026-05-07 17:00:00,4990.813,4995.781,4988.351,4988.679
2026-05-07 18:00:00,4988.692,4989.163,4980.137,4983.057
2026-05-07 19:00:00,4983.049,4987.207,4978.813,4983.757
2026-05-07 20:00:00,4983.714,4986.078,4978.544,4979.597
2026-05-07 21:00:00,4979.536,4987.01,4978.597,4983.092
2026-05-07 22:00:00,4982.944,4983.642,4975.38,4979.489
2026-05-07 23:00:00,4979.579,4981.102,4975.578,4977.375
2026-05-08 00:00:00,4977.718,4986.983,4977.301,4985.419
2026-05-08 01:00:00,4985.54,4993.723,4985.201,4989.493
2026-05-08 02:00:00,4989.517,4997.276,4989.517,4995.139
2026-05-08 03:00:00,4995.161,4998.344,4990.904,4995.857
2026-05-08 04:00:00,4995.928,5000.603,4995.625,4999.169
2026-05-08 05:00:00,4999.235,5001.187,4995.791,4999.863
2026-05-08 06:00:00,4999.864,5003.838,4996.503,4999.903
2026-05-08 07:00:00,4999.989,5003.845,4996.517,5000.704
2026-05-08 08:00:00,5000.451,5010.805,4999.836,5010.259
2026-05-08 09:00:00,5010.252,5011.002,5005.609,5010.318
2026-05-08 10:00:00,5010.375,5016.376,5006.686,5014.897
2026-05-08 11:00:00,5014.791,5019.656,5011.384,5018.714
2026-05-08 12:00:00,5018.688,5018.722,5014.422,5016.075
2026-05-08 13:00:00,5015.975,5024.391,5013.741,5020.112
2026-05-08 14:00:00,5020.075,5028.764,5019.272,5027.708
2026-05-08 15:00:00,5027.773,5030.161,5023.299,5024.866
2026-05-08 16:00:00,5024.967,5030.945,5024.435,5029.232
2026-05-08 17:00:00,5029.311,5030.369,5021.547,5027.455
2026-05-08 18:00:00,5027.383,5031.369,5022.191,5028.367
2026-05-08 19:00:00,5028.422,5031.988,5026.692,5030.18
2026-05-08 20:00:00,5030.14,5030.967,5019.522,5023.102
2026-05-08 21:00:00,5023.289,5023.289,5016.671,5019.472
2026-05-08 22:00:00,5019.523,5025.028,5018.689,5019.106
2026-05-08 23:00:00,5019.186,5020.029,5008.027,5009.919
2026-05-09 00:00:00,5009.926,5013.286,5004.985,5006.799
2026-05-09 01:00:00,5006.853,5012.573,5004.639,5011.731
2026-05-09 02:00:00,5011.643,5021.138,5010.544,5019.919
2026-05-09 03:00:00,5019.965,5023.262,5016.732,5019.543
2026-05-09 04:00:00,5019.466,5028.393,5018.025,5026.937
2026-05-09 05:00:00,5026.871,5027.726,5021.013,5021.584
2026-05-09 06:00:00,5021.651,5026.652,5021.295,5024.219
2026-05-09 07:00:00,5024.256,5024.397,5016.009,5019.372
2026-05-09 08:00:00,5019.547,5023.791,5015.849,5015.935
2026-05-09 09:00:00,5016.047,5021.666,5013.318,5017.754
2026-05-09 10:00:00,5017.666,5018.905,5008.862,5009.642
2026-05-09 11:00:00,5009.517,5019.361,5008.442,5017.247
2026-05-09 12:00:00,5017.301,5028.432,5017.301,5026.788
2026-05-09 13:00:00,5026.838,5027.441,5016.159,5019.528
2026-05-09 14:00:00,5019.58,5024.226,5017.743,5021.37
2026-05-09 15:00:00,5021.346,5021.86,5011.248,5013.762
2026-05-09 16:00:00,5013.767,5017.234,5005.437,5007.559
2026-05-09 17:00:00,5007.373,5016.911,5006.923,5016.911
2026-05-09 18:00:00,5016.855,5016.884,5001.927,5006.752
2026-05-09 19:00:00,5006.817,5008.129,4995.036,4996.798
2026-05-09 20:00:00,4996.863,5000.62,4990.629,4998.519
2026-05-09 21:00:00,4998.589,5001.78,4989.49,4989.817
2026-05-09 22:00:00,4989.89,4991.737,4985.209,4988.346
2026-05-09 23:00:00,4988.457,4991.338,4983.453,4983.711
2026-05-10 00:00:00,4983.628,4988.197,4981.67,4984.826
2026-05-10 01:00:00,4984.791,4985.8,4976.286,4979.012
2026-05-10 02:00:00,4978.945,4984.242,4977.175,4981.396
2026-05-10 03:00:00,4981.639,4983.567,4978.379,4980.052
2026-05-10 04:00:00,4979.957,4980.464,4974.903,4978.423
2026-05-10 05:00:00,4978.192,4978.192,4969.8,4970.94
2026-05-10 06:00:00,4971.001,4973.151,4959.905,4959.909
2026-05-10 07:00:00,4960.041,4967.925,4958.275,4967.713
2026-05-10 08:00:00,4967.566,4970.491,4965.47,4969.368
2026-05-10 09:00:00,4969.329,4977.756,4967.792,4973.161
2026-05-10 10:00:00,4972.884,4984.466,4971.785,4978.846
2026-05-10 11:00:00,4978.869,4985.098,4976.736,4984.997
2026-05-10 12:00:00,4985.125,4995.975,4983.768,4993.777
2026-05-10 13:00:00,4993.864,4995.048,4987.098,4987.73
2026-05-10 14:00:00,4987.58,4992.131,4983.737,4987.858
2026-05-10 15:00:00,4987.969,4995.718,4984.282,4991.453
2026-05-10 16:00:00,4991.759,4992.391,4986.093,4991.553
2026-05-10 17:00:00,4991.651,4991.778,4981.584,4981.595
2026-05-10 18:00:00,4981.605,4984.851,4978.636,4979.11
2026-05-10 19:00:00,4979.141,4986.441,4978.509,4980.971
2026-05-10 20:00:00,4980.825,4982.829,4972.582,4974.22
2026-05-10 21:00:00,4974.158,4975.225,4967.507,4970.235
2026-05-10 22:00:00,4970.143,4978.077,4969.671,4974.679
2026-05-10 23:00:00,4974.691,4976.073,4968.189,4971.434
2026-05-11 00:00:00,4971.48,4978.3,4969.055,4971.478
2026-05-11 01:00:00,4971.549,4982.981,4971.489,4975.769
2026-05-11 02:00:00,4975.852,4983.318,4971.976,4982.105
2026-05-11 03:00:00,4982.138,4986.598,4974.516,4975.55
2026-05-11 04:00:00,4975.404,4976.346,4966.004,4966.989
2026-05-11 05:00:00,4967.027,4972.742,4966.02,4968.163
2026-05-11 06:00:00,4968.068,4972.717,4965.622,4965.622
2026-05-11 07:00:00,4965.781,4971.74,4965.667,4968.466
2026-05-11 08:00:00,4968.169,4971.923,4965.408,4971.236
2026-05-11 09:00:00,4971.163,4975.566,4969.541,4973.374
2026-05-11 10:00:00,4973.432,4976.758,4970.221,4975.147
2026-05-11 11:00:00,4975.049,4980.385,4973.175,4974.695
2026-05-11 12:00:00,4974.879,4989.04,4974.832,4987.105
2026-05-11 13:00:00,4986.988,4993.765,4986.722,4990.953
2026-05-11 14:00:00,4990.911,4996.945,4986.083,4988.004
2026-05-11 15:00:00,4987.968,4988.663,4977.842,4980.191
2026-05-11 16:00:00,4979.985,4982.497,4973.97,4975.388
2026-05-11 17:00:00,4975.247,4983.376,4973.961,4981.412
2026-05-11 18:00:00,4981.454,4982.55,4973.148,4975.275
2026-05-11 19:00:00,4975.238,4977.663,4966.563,4968.247
2026-05-11 20:00:00,4968.325,4972.019,4966.156,4969.667
2026-05-11 21:00:00,4969.852,4971.524,4967.053,4967.251
2026-05-11 22:00:00,4967.188,4977.013,4966.941,4973.317
2026-05-11 23:00:00,4973.508,4973.744,4965.599,4970.541
2026-05-12 00:00:00,4970.587,4975.078,4966.592,4967.0
2026-05-12 01:00:00,4967.014,4967.168,4960.788,4962.154
2026-05-12 02:00:00,4962.16,4964.866,4957.729,4963.166
2026-05-12 03:00:00,4963.042,4967.155,4961.089,4965.253
2026-05-12 04:00:00,4965.275,4965.494,4958.882,4964.091
2026-05-12 05:00:00,4964.034,4968.394,4961.416,4967.461
2026-05-12 06:00:00,4967.345,4976.182,4966.998,4974.369
2026-05-12 07:00:00,4974.377,4975.379,4962.516,4963.128
2026-05-12 08:00:00,4963.238,4972.603,4959.893,4971.305
2026-05-12 09:00:00,4971.218,4971.61,4958.972,4962.236
2026-05-12 10:00:00,4962.017,4967.295,4961.048,4964.857
2026-05-12 11:00:00,4964.646,4968.134,4963.233,4964.904
2026-05-12 12:00:00,4964.927,4968.764,4950.202,4951.876
2026-05-12 13:00:00,4951.875,4956.237,4950.421,4954.265
2026-05-12 14:00:00,4954.272,4955.618,4950.331,4953.945
2026-05-12 15:00:00,4953.731,4956.056,4941.997,4941.997
2026-05-12 16:00:00,4942.109,4942.141,4933.776,4935.944
2026-05-12 17:00:00,4936.11,4939.245,4933.031,4934.817
2026-05-12 18:00:00,4934.826,4940.81,4925.821,4926.576
2026-05-12 19:00:00,4926.533,4927.234,4920.119,4924.509
2026-05-12 20:00:00,4924.78,4929.927,4922.835,4922.934
2026-05-12 21:00:00,4923.209,4926.312,4918.774,4922.394
2026-05-12 22:00:00,4922.299,4927.401,4918.78,4919.214
2026-05-12 23:00:00,4919.349,4921.769,4912.378,4914.828
2026-05-13 00:00:00,4914.899,4916.971,4910.008,4915.105
2026-05-13 01:00:00,4915.047,4922.215,4910.76,4920.277
2026-05-13 02:00:00,4919.988,4923.173,4917.29,4918.203
2026-05-13 03:00:00,4918.133,4920.256,4913.496,4916.151
2026-05-13 04:00:00,4916.19,4916.845,4907.873,4908.457
2026-05-13 05:00:00,4908.306,4917.298,4907.562,4914.296
2026-05-13 06:00:00,4914.237,4923.311,4913.629,4920.439
2026-05-13 07:00:00,4920.334,4934.52,4919.215,4933.053
2026-05-13 08:00:00,4932.768,4934.595,4930.288,4932.695
2026-05-13 09:00:00,4932.528,4934.148,4927.081,4931.131
2026-05-13 10:00:00,4931.186,4931.511,4924.242,4930.26
2026-05-13 11:00:00,4930.484,4931.181,4919.145,4920.263
2026-05-13 12:00:00,4920.248,4925.614,4919.313,4924.395
2026-05-13 13:00:00,4924.448,4925.015,4917.009,4917.978
2026-05-13 14:00:00,4918.093,4919.316,4913.756,4915.148
2026-05-13 15:00:00,4915.374,4919.496,4914.708,4916.525
2026-05-13 16:00:00,4916.527,4920.381,4914.526,4916.837
2026-05-13 17:00:00,4916.688,4919.273,4912.302,4917.105
2026-05-13 18:00:00,4917.243,4920.323,4914.631,4920.222
2026-05-13 19:00:00,4920.438,4921.11,4910.855,4913.519
2026-05-13 20:00:00,4913.497,4913.89,4904.991,4910.75
2026-05-13 21:00:00,4910.696,4913.457,4908.136,4912.726
2026-05-13 22:00:00,4912.775,4912.775,4905.29,4906.113
2026-05-13 23:00:00,4906.249,4906.249,4900.584,4904.641
2026-05-14 00:00:00,4904.463,4911.915,4903.811,4911.565
2026-05-14 01:00:00,4911.43,4912.714,4906.153,4907.93
2026-05-14 02:00:00,4907.936,4910.719,4901.284,4901.879
2026-05-14 03:00:00,4901.809,4911.569,4901.672,4911.096
2026-05-14 04:00:00,4910.916,4915.471,4910.241,4912.186
2026-05-14 05:00:00,4912.253,4912.529,4904.359,4906.586
2026-05-14 06:00:00,4906.472,4912.396,4905.267,4909.407
2026-05-14 07:00:00,4909.437,4916.672,4908.167,4914.109
2026-05-14 08:00:00,4914.177,4918.255,4908.868,4909.906
2026-05-14 09:00:00,4909.989,4915.061,4909.008,4911.934
2026-05-14 10:00:00,4911.706,4913.433,4908.371,4909.912
2026-05-14 11:00:00,4909.908,4913.864,4909.152,4912.294
2026-05-14 12:00:00,4912.36,4912.847,4908.164,4911.822
2026-05-14 13:00:00,4911.863,4914.16,4906.913,4912.632
2026-05-14 14:00:00,4912.628,4913.695,4900.69,4902.588
2026-05-14 15:00:00,4902.621,4911.266,4902.206,4907.49
2026-05-14 16:00:00,4907.609,4920.979,4906.268,4917.169
2026-05-14 17:00:00,4917.139,4917.379,4908.292,4913.331
2026-05-14 18:00:00,4913.359,4917.949,4912.255,4914.272
2026-05-14 19:00:00,4914.353,4917.349,4906.698,4906.879
2026-05-14 20:00:00,4906.753,4909.099,4905.035,4905.282
2026-05-14 21:00:00,4905.193,4913.242,4904.111,4906.969
2026-05-14 22:00:00,4907.095,4915.422,4905.167,4912.656
2026-05-14 23:00:00,4912.667,4920.486,4912.306,4917.927
2026-05-15 00:00:00,4917.894,4925.89,4917.894,4920.483
2026-05-15 01:00:00,4920.711,4921.541,4908.937,4913.323
2026-05-15 02:00:00,4913.304,4916.409,4910.16,4914.31
2026-05-15 03:00:00,4914.399,4915.608,4908.836,4912.849
2026-05-15 04:00:00,4912.926,4916.908,4908.766,4909.471
2026-05-15 05:00:00,4909.338,4911.004,4904.544,4906.906
2026-05-15 06:00:00,4907.13,4912.558,4903.899,4910.859
2026-05-15 07:00:00,4910.853,4913.693,4908.303,4910.165
2026-05-15 08:00:00,4910.079,4910.337,4905.267,4906.401
2026-05-15 09:00:00,4906.276,4909.786,4905.947,4907.436
2026-05-15 10:00:00,4907.5,4916.838,4906.518,4916.296
2026-05-15 11:00:00,4916.463,4921.054,4913.587,4913.714
2026-05-15 12:00:00,4913.643,4914.842,4905.269,4906.49
2026-05-15 13:00:00,4906.369,4909.402,4902.03,4908.107
2026-05-15 14:00:00,4907.947,4916.113,4905.161,4915.732
2026-05-15 15:00:00,4915.873,4927.668,4912.925,4925.437
2026-05-15 16:00:00,4925.412,4931.755,4924.96,4927.574
2026-05-15 17:00:00,4927.721,4934.259,4927.522,4929.539
2026-05-15 18:00:00,4929.477,4935.064,4925.114,4934.5
2026-05-15 19:00:00,4934.467,4936.937,4928.741,4933.872
2026-05-15 20:00:00,4933.981,4935.677,4928.584,4935.172
2026-05-15 21:00:00,4935.166,4938.681,4931.353,4932.606
2026-05-15 22:00:00,4932.571,4935.149,4929.965,4934.697
2026-05-15 23:00:00,4934.59,4936.134,4928.384,4931.277
2026-05-16 00:00:00,4931.545,4933.753,4927.985,4929.003
2026-05-16 01:00:00,4929.208,4933.961,4928.006,4930.013
2026-05-16 02:00:00,4930.174,4933.341,4922.34,4923.437
2026-05-16 03:00:00,4923.497,4923.497,4917.217,4917.301
2026-05-16 04:00:00,4917.208,4926.163,4914.976,4922.336
2026-05-16 05:00:00,4922.27,4937.965,4921.969,4937.0
2026-05-16 06:00:00,4936.971,4941.409,4934.243,4938.869
2026-05-16 07:00:00,4938.738,4946.111,4938.738,4944.115
2026-05-16 08:00:00,4943.945,4954.486,4941.388,4954.116
2026-05-16 09:00:00,4954.166,4957.996,4950.62,4953.272
2026-05-16 10:00:00,4953.259,4954.895,4947.14,4948.113
2026-05-16 11:00:00,4947.996,4951.187,4941.661,4942.647
2026-05-16 12:00:00,4942.759,4954.486,4941.552,4951.653
2026-05-16 13:00:00,4951.566,4953.184,4944.67,4946.112
2026-05-16 14:00:00,4946.158,4947.398,4940.989,4944.521
2026-05-16 15:00:00,4944.372,4945.79,4938.524,4943.821
2026-05-16 16:00:00,4943.958,4948.269,4942.406,4943.14
2026-05-16 17:00:00,4943.204,4945.428,4938.077,4943.234
2026-05-16 18:00:00,4943.115,4943.924,4936.652,4941.712
2026-05-16 19:00:00,4941.716,4943.2,4935.447,4939.01
2026-05-16 20:00:00,4939.052,4940.898,4932.73,4940.49
2026-05-16 21:00:00,4940.63,4941.808,4932.762,4935.32
2026-05-16 22:00:00,4935.285,4946.126,4935.257,4945.023
2026-05-16 23:00:00,4944.819,4948.698,4942.536,4945.661
2026-05-17 00:00:00,4945.343,4950.807,4944.998,4947.78
2026-05-17 01:00:00,4947.834,4951.156,4938.244,4940.492
2026-05-17 02:00:00,4940.448,4943.824,4933.344,4936.195
2026-05-17 03:00:00,4936.247,4939.985,4929.147,4929.48
2026-05-17 04:00:00,4929.635,4936.964,4929.219,4936.184
2026-05-17 05:00:00,4936.164,4937.047,4929.528,4930.905
2026-05-17 06:00:00,4930.978,4933.682,4926.04,4931.34
2026-05-17 07:00:00,4931.386,4937.163,4929.715,4935.268
2026-05-17 08:00:00,4935.306,4938.574,4932.841,4933.983
2026-05-17 09:00:00,4934.014,4940.867,4931.825,4939.547
2026-05-17 10:00:00,4939.685,4944.177,4938.471,4940.895
2026-05-17 11:00:00,4940.844,4949.185,4937.704,4948.774
2026-05-17 12:00:00,4948.812,4956.218,4947.601,4950.976
2026-05-17 13:00:00,4950.895,4958.903,4949.751,4955.367
2026-05-17 14:00:00,4955.372,4963.895,4955.319,4962.698
2026-05-17 15:00:00,4962.636,4967.3,4961.551,4961.551
2026-05-17 16:00:00,4961.434,4961.434,4954.767,4954.97
2026-05-17 17:00:00,4954.977,4965.469,4953.755,4964.637
2026-05-17 18:00:00,4964.741,4971.072,4964.435,4966.707
2026-05-17 19:00:00,4966.668,4977.971,4966.58,4973.138
2026-05-17 20:00:00,4973.159,4977.756,4961.586,4963.447
2026-05-17 21:00:00,4963.357,4971.278,4963.18,4968.23
2026-05-17 22:00:00,4968.214,4974.446,4965.938,4974.357
2026-05-17 23:00:00,4974.339,4982.725,4974.339,4980.915
2026-05-18 00:00:00,4980.683,4981.778,4970.849,4974.94
2026-05-18 01:00:00,4974.868,4979.168,4969.357,4969.601
2026-05-18 02:00:00,4969.632,4969.632,4960.751,4961.985
2026-05-18 03:00:00,4961.997,4963.718,4955.008,4960.148
2026-05-18 04:00:00,4960.094,4966.383,4956.329,4958.06
2026-05-18 05:00:00,4958.247,4958.247,4952.053,4953.124
2026-05-18 06:00:00,4953.007,4959.7,4950.344,4958.927
2026-05-18 07:00:00,4958.89,4961.146,4955.594,4958.129
2026-05-18 08:00:00,4958.353,4958.897,4951.587,4956.368
2026-05-18 09:00:00,4956.327,4966.268,4955.965,4963.525
2026-05-18 10:00:00,4963.675,4972.906,4961.706,4971.843
2026-05-18 11:00:00,4971.734,4973.426,4964.752,4965.049
2026-05-18 12:00:00,4964.951,4966.738,4962.939,4965.67
2026-05-18 13:00:00,4965.681,4966.182,4954.727,4954.918
2026-05-18 14:00:00,4954.85,4970.168,4954.182,4969.689
2026-05-18 15:00:00,4969.522,4973.385,4967.017,4971.155
2026-05-18 16:00:00,4971.293,4977.067,4970.38,4971.652
2026-05-18 17:00:00,4971.782,4973.074,4965.351,4970.471
2026-05-18 18:00:00,4970.267,4973.093,4963.542,4968.248
2026-05-18 19:00:00,4968.002,4972.562,4962.334,4972.104
2026-05-18 20:00:00,4972.084,4973.761,4966.509,4970.041
2026-05-18 21:00:00,4970.076,4978.97,4967.262,4977.633
2026-05-18 22:00:00,4977.675,4984.223,4974.513,4980.18
2026-05-18 23:00:00,4980.206,4981.726,4974.799,4975.822
2026-05-19 00:00:00,4975.617,4983.791,4971.057,4971.2
2026-05-19 01:00:00,4971.253,4978.651,4967.871,4977.532
2026-05-19 02:00:00,4977.346,4991.567,4976.901,4990.163
2026-05-19 03:00:00,4990.152,4991.562,4985.097,4990.611
2026-05-19 04:00:00,4990.715,4993.799,4987.99,4992.76
2026-05-19 05:00:00,4992.751,5000.302,4991.746,4992.099
2026-05-19 06:00:00,4992.143,4999.073,4991.317,4991.829
2026-05-19 07:00:00,4991.928,4992.671,4984.764,4984.764
2026-05-19 08:00:00,4984.693,4986.854,4978.781,4985.267
2026-05-19 09:00:00,4985.259,4988.18,4981.483,4982.844
2026-05-19 10:00:00,4982.851,4986.773,4981.548,4982.494
2026-05-19 11:00:00,4982.586,4983.442,4977.665,4978.924
2026-05-19 12:00:00,4978.792,4981.957,4974.771,4976.357
2026-05-19 13:00:00,4976.348,4977.663,4972.523,4972.695
2026-05-19 14:00:00,4972.695,4979.113,4968.981,4975.027
2026-05-19 15:00:00,4975.053,4977.47,4968.368,4971.24
2026-05-19 16:00:00,4971.285,4973.497,4965.723,4966.562
2026-05-19 17:00:00,4966.411,4969.673,4964.351,4965.837
2026-05-19 18:00:00,4965.647,4965.755,4957.744,4961.829
2026-05-19 19:00:00,4961.758,4966.636,4960.511,4963.364
2026-05-19 20:00:00,4963.515,4964.34,4955.747,4957.233
2026-05-19 21:00:00,4957.338,4957.498,4942.706,4943.288
2026-05-19 22:00:00,4943.297,4945.82,4938.089,4938.089
2026-05-19 23:00:00,4938.08,4940.756,4934.511,4938.948
2026-05-20 00:00:00,4939.005,4940.056,4934.739,4935.454
2026-05-20 01:00:00,4935.509,4938.012,4927.322,4928.526
2026-05-20 02:00:00,4928.462,4932.608,4923.245,4932.47
2026-05-20 03:00:00,4932.398,4934.296,4927.503,4928.315
2026-05-20 04:00:00,4928.148,4931.899,4922.323,4927.254
2026-05-20 05:00:00,4927.366,4934.278,4926.216,4933.648
2026-05-20 06:00:00,4933.523,4938.816,4931.804,4935.511
2026-05-20 07:00:00,4935.42,4938.606,4932.571,4936.832
2026-05-20 08:00:00,4936.836,4942.982,4935.246,4942.36
2026-05-20 09:00:00,4942.211,4943.726,4937.446,4938.735
2026-05-20 10:00:00,4938.696,4938.696,4931.704,4933.35
2026-05-20 11:00:00,4933.276,4935.26,4930.997,4931.162
2026-05-20 12:00:00,4931.064,4936.656,4928.222,4932.991
2026-05-20 13:00:00,4933.271,4935.913,4930.055,4934.582
2026-05-20 14:00:00,4934.598,4935.2,4928.11,4928.11
2026-05-20 15:00:00,4928.243,4942.782,4927.007,4941.902
2026-05-20 16:00:00,4941.884,4947.59,4940.151,4940.321
2026-05-20 17:00:00,4940.404,4944.419,4938.253,4941.108
2026-05-20 18:00:00,4941.126,4943.053,4936.377,4940.464
2026-05-20 19:00:00,4940.46,4941.741,4936.825,4941.304
2026-05-20 20:00:00,4941.303,4944.106,4939.237,4941.356
2026-05-20 21:00:00,4941.076,4944.037,4937.32,4939.652
2026-05-20 22:00:00,4939.46,4944.516,4938.13,4943.02
2026-05-20 23:00:00,4942.808,4943.352,4935.838,4940.7
2026-05-21 00:00:00,4940.83,4944.411,4938.752,4943.444
2026-05-21 01:00:00,4943.494,4944.506,4936.932,4939.708
2026-05-21 02:00:00,4939.612,4946.758,4935.824,4944.039
2026-05-21 03:00:00,4943.873,4955.592,4941.116,4953.199
2026-05-21 04:00:00,4953.371,4956.697,4947.766,4954.067
2026-05-21 05:00:00,4954.215,4955.703,4946.579,4951.413
2026-05-21 06:00:00,4951.338,4954.723,4942.83,4945.249
2026-05-21 07:00:00,4945.097,4957.838,4945.097,4955.711
2026-05-21 08:00:00,4955.706,4961.507,4953.177,4959.197
2026-05-21 09:00:00,4959.187,4960.683,4953.296,4955.645
2026-05-21 10:00:00,4955.608,4956.216,4947.763,4948.901
2026-05-21 11:00:00,4948.696,4949.392,4943.327,4945.382
2026-05-21 12:00:00,4945.373,4947.123,4939.445,4942.18
2026-05-21 13:00:00,4942.199,4945.121,4939.448,4940.251
2026-05-21 14:00:00,4940.212,4945.648,4938.835,4939.272
2026-05-21 15:00:00,4939.463,4941.086,4933.669,4939.91
2026-05-21 16:00:00,4939.968,4947.163,4939.968,4946.988
2026-05-21 17:00:00,4946.994,4952.909,4946.584,4951.744
2026-05-21 18:00:00,4951.588,4951.891,4945.178,4951.007
2026-05-21 19:00:00,4951.01,4953.316,4945.17,4953.316
2026-05-21 20:00:00,4953.546,4960.017,4949.789,4957.951
2026-05-21 21:00:00,4958.161,4962.277,4957.138,4958.18
2026-05-21 22:00:00,4957.955,4961.082,4953.789,4959.415
2026-05-21 23:00:00,4959.456,4960.092,4951.156,4953.015
2026-05-22 00:00:00,4953.014,4956.756,4949.419,4955.92
2026-05-22 01:00:00,4956.099,4960.826,4952.608,4960.597
2026-05-22 02:00:00,4960.62,4964.313,4955.673,4955.891
2026-05-22 03:00:00,4955.922,4966.122,4955.922,4963.762
2026-05-22 04:00:00,4963.962,4971.774,4963.68,4965.801
2026-05-22 05:00:00,4965.984,4966.6,4958.959,4960.31
2026-05-22 06:00:00,4960.236,4965.24,4958.75,4963.046
2026-05-22 07:00:00,4962.994,4966.458,4959.402,4963.039
2026-05-22 08:00:00,4962.948,4969.043,4956.353,4967.457
2026-05-22 09:00:00,4967.365,4973.68,4966.883,4969.592
2026-05-22 10:00:00,4969.644,4970.649,4965.042,4967.726
2026-05-22 11:00:00,4967.821,4974.966,4966.36,4972.025
2026-05-22 12:00:00,4972.185,4975.112,4968.552,4972.555
2026-05-22 13:00:00,4972.687,4973.909,4966.829,4970.625
2026-05-22 14:00:00,4970.708,4978.77,4968.877,4973.526
2026-05-22 15:00:00,4973.463,4978.264,4972.774,4974.707
2026-05-22 16:00:00,4974.521,4978.541,4962.056,4962.12
2026-05-22 17:00:00,4962.074,4963.694,4957.512,4960.188
2026-05-22 18:00:00,4960.479,4968.396,4959.476,4966.404
2026-05-22 19:00:00,4966.298,4971.426,4965.785,4967.8
2026-05-22 20:00:00,4968.064,4972.859,4964.333,4968.945
2026-05-22 21:00:00,4969.105,4971.924,4963.599,4963.763
2026-05-22 22:00:00,4963.559,4968.702,4961.279,4965.004
2026-05-22 23:00:00,4965.028,4966.941,4959.51,4966.041
2026-05-23 00:00:00,4966.072,4972.896,4963.435,4969.937
2026-05-23 01:00:00,4969.688,4972.988,4967.268,4968.28
2026-05-23 02:00:00,4968.202,4974.175,4967.096,4972.882
2026-05-23 03:00:00,4972.707,4973.348,4965.113,4966.123
2026-05-23 04:00:00,4966.098,4976.803,4965.033,4976.216
2026-05-23 05:00:00,4976.137,4982.421,4975.488,4977.988
2026-05-23 06:00:00,4977.875,4984.482,4976.215,4983.141
2026-05-23 07:00:00,4983.218,4983.912,4975.969,4982.406
2026-05-23 08:00:00,4982.359,4988.647,4981.891,4983.104
2026-05-23 09:00:00,4983.096,4989.524,4980.67,4987.976
2026-05-23 10:00:00,4988.132,4992.527,4984.276,4988.056
2026-05-23 11:00:00,4987.999,4992.601,4981.412,4992.047
2026-05-23 12:00:00,4992.297,4996.289,4988.808,4991.218
2026-05-23 13:00:00,4991.235,4997.876,4986.942,4992.892
2026-05-23 14:00:00,4992.772,4997.463,4990.215,4990.824
2026-05-23 15:00:00,4990.955,5000.249,4988.813,4995.843
2026-05-23 16:00:00,4995.849,5004.228,4995.849,4999.325
2026-05-23 17:00:00,4999.495,4999.873,4994.028,4998.356
2026-05-23 18:00:00,4998.273,5000.619,4992.034,4992.646
2026-05-23 19:00:00,4992.762,4996.354,4989.174,4990.208
2026-05-23 20:00:00,4990.053,4995.785,4985.664,4992.905
2026-05-23 21:00:00,4993.004,4994.25,4985.46,4987.853
2026-05-23 22:00:00,4987.748,4997.935,4987.484,4997.089
2026-05-23 23:00:00,4996.966,4998.761,4992.728,4998.034
2026-05-24 00:00:00,4998.234,4998.832,4993.714,4997.147
2026-05-24 01:00:00,4997.111,4998.353,4993.512,4996.346
2026-05-24 02:00:00,4996.338,5004.384,4994.325,5002.453
2026-05-24 03:00:00,5002.635,5007.239,5000.313,5003.927
2026-05-24 04:00:00,5004.01,5013.001,5003.919,5010.324
2026-05-24 05:00:00,5010.388,5013.48,5007.282,5010.54
2026-05-24 06:00:00,5010.571,5011.768,5006.952,5007.265
2026-05-24 07:00:00,5007.413,5009.759,5004.094,5007.284
2026-05-24 08:00:00,5007.14,5007.242,4999.052,5000.816
2026-05-24 09:00:00,5000.72,5002.905,4997.42,5000.579
2026-05-24 10:00:00,5000.64,5004.562,4998.358,5000.356
2026-05-24 11:00:00,5000.363,5006.609,4998.852,4999.086
2026-05-24 12:00:00,4999.107,5007.348,4998.596,5003.551
2026-05-24 13:00:00,5003.654,5004.497,4989.664,4989.664
2026-05-24 14:00:00,4989.627,4992.333,4984.034,4984.441
2026-05-24 15:00:00,4984.467,4986.496,4969.012,4972.144
2026-05-24 16:00:00,4972.175,4975.692,4970.159,4972.833
2026-05-24 17:00:00,4972.758,4972.786,4964.417,4969.409
2026-05-24 18:00:00,4969.263,4972.776,4966.292,4968.245
2026-05-24 19:00:00,4968.167,4969.203,4956.593,4958.557
2026-05-24 20:00:00,4958.468,4962.982,4956.354,4957.644
2026-05-24 21:00:00,4957.497,4958.667,4948.829,4952.2
2026-05-24 22:00:00,4952.231,4958.261,4950.263,4955.805
2026-05-24 23:00:00,4955.733,4955.733,4940.041,4942.418
2026-05-25 00:00:00,4942.313,4947.154,4938.331,4941.995
2026-05-25 01:00:00,4941.945,4950.271,4941.892,4947.249
2026-05-25 02:00:00,4947.242,4955.777,4946.825,4954.376
2026-05-25 03:00:00,4954.167,4955.009,4942.525,4945.443
2026-05-25 04:00:00,4945.452,4948.37,4942.434,4946.29
2026-05-25 05:00:00,4946.403,4952.259,4945.378,4950.417
2026-05-25 06:00:00,4950.235,4954.228,4944.558,4952.999
2026-05-25 07:00:00,4952.735,4957.069,4950.257,4954.206
2026-05-25 08:00:00,4954.151,4959.259,4950.006,4955.136
2026-05-25 09:00:00,4955.212,4955.212,4943.933,4944.99
2026-05-25 10:00:00,4945.097,4954.641,4943.39,4954.269
2026-05-25 11:00:00,4954.114,4958.348,4950.89,4956.361
2026-05-25 12:00:00,4956.362,4967.127,4956.362,4963.789
2026-05-25 13:00:00,4963.884,4975.192,4962.548,4974.302
2026-05-25 14:00:00,4974.418,4975.459,4967.073,4967.403
2026-05-25 15:00:00,4967.509,4971.406,4965.397,4970.123
2026-05-25 16:00:00,4970.129,4974.025,4967.712,4970.038
2026-05-25 17:00:00,4970.043,4971.819,4963.796,4964.225
2026-05-25 18:00:00,4964.022,4965.345,4957.289,4963.348
2026-05-25 19:00:00,4963.46,4967.725,4961.245,4967.529
2026-05-25 20:00:00,4967.306,4975.705,4967.306,4975.026
2026-05-25 21:00:00,4975.129,4979.169,4970.78,4975.202
2026-05-25 22:00:00,4975.163,4975.57,4966.112,4969.611
2026-05-25 23:00:00,4969.743,4975.804,4968.246,4975.804
2026-05-26 00:00:00,4976.08,4981.592,4972.264,4972.867
2026-05-26 01:00:00,4973.022,4977.738,4970.686,4976.66
2026-05-26 02:00:00,4976.653,4977.452,4969.974,4973.23
2026-05-26 03:00:00,4973.404,4974.288,4969.169,4974.159
2026-05-26 04:00:00,4973.988,4974.633,4969.901,4971.962
2026-05-26 05:00:00,4971.752,4973.647,4967.87,4968.518
2026-05-26 06:00:00,4968.377,4969.979,4957.408,4958.328
2026-05-26 07:00:00,4958.266,4959.789,4951.482,4956.51
2026-05-26 08:00:00,4956.479,4963.544,4955.942,4960.861
2026-05-26 09:00:00,4960.643,4961.919,4954.164,4958.867
2026-05-26 10:00:00,4958.829,4959.368,4948.072,4951.897
2026-05-26 11:00:00,4951.451,4959.594,4951.443,4955.238
2026-05-26 12:00:00,4955.179,4957.218,4952.842,4954.067
2026-05-26 13:00:00,4953.925,4961.902,4952.289,4961.648
2026-05-26 14:00:00,4961.578,4968.659,4960.107,4963.262
2026-05-26 15:00:00,4963.307,4967.392,4959.602,4962.795
2026-05-26 16:00:00,4962.836,4963.276,4957.715,4960.102
2026-05-26 17:00:00,4960.259,4966.908,4958.492,4964.156
2026-05-26 18:00:00,4964.156,4966.887,4957.085,4957.488
2026-05-26 19:00:00,4957.681,4969.895,4957.264,4968.203
2026-05-26 20:00:00,4968.457,4971.734,4965.678,4969.678
2026-05-26 21:00:00,4969.758,4970.911,4963.96,4967.268
2026-05-26 22:00:00,4967.305,4969.59,4963.037,4966.2
2026-05-26 23:00:00,4966.239,4971.965,4965.784,4970.162
2026-05-27 00:00:00,4970.077,4974.995,4961.982,4974.719
2026-05-27 01:00:00,4974.668,4975.77,4965.985,4967.965
2026-05-27 02:00:00,4968.207,4972.595,4966.72,4969.627
2026-05-27 03:00:00,4969.447,4972.955,4964.62,4972.921
2026-05-27 04:00:00,4972.883,4981.601,4972.283,4980.776
2026-05-27 05:00:00,4980.845,4989.702,4979.105,4988.4
2026-05-27 06:00:00,4988.498,5003.299,4988.119,5002.819
2026-05-27 07:00:00,5002.814,5004.624,4995.554,4997.666
2026-05-27 08:00:00,4997.743,5010.169,4997.081,5008.279
2026-05-27 09:00:00,5008.327,5008.438,4998.272,4998.771
2026-05-27 10:00:00,4998.861,5002.043,4997.731,5000.117
2026-05-27 11:00:00,5000.342,5005.445,4997.107,4998.636
2026-05-27 12:00:00,4998.516,4999.908,4994.252,4996.442
2026-05-27 13:00:00,4996.456,5003.577,4994.876,4996.997
2026-05-27 14:00:00,4996.996,4999.96,4994.251,4998.828
2026-05-27 15:00:00,4998.796,5009.472,4998.195,5008.105
2026-05-27 16:00:00,5008.293,5011.396,5004.484,5006.471
2026-05-27 17:00:00,5006.471,5014.564,5005.555,5011.998
2026-05-27 18:00:00,5012.008,5018.224,5009.645,5016.855
2026-05-27 19:00:00,5016.841,5017.57,5010.212,5013.356
2026-05-27 20:00:00,5013.414,5028.049,5013.189,5026.54
2026-05-27 21:00:00,5026.472,5026.632,5017.493,5021.554
2026-05-27 22:00:00,5021.546,5022.783,5014.466,5018.119
2026-05-27 23:00:00,5018.357,5022.552,5015.592,5016.855
2026-05-28 00:00:00,5016.917,5022.95,5015.562,5019.225
2026-05-28 01:00:00,5019.061,5019.671,5005.876,5009.048
2026-05-28 02:00:00,5009.02,5012.253,5006.719,5010.863
2026-05-28 03:00:00,5010.976,5018.016,5010.798,5013.049
2026-05-28 04:00:00,5012.963,5021.146,5012.589,5019.651
2026-05-28 05:00:00,5019.514,5021.896,5013.498,5013.498
2026-05-28 06:00:00,5013.276,5022.319,5009.395,5021.264
2026-05-28 07:00:00,5021.407,5026.93,5017.916,5026.07
2026-05-28 08:00:00,5026.116,5027.501,5021.534,5023.042
2026-05-28 09:00:00,5023.043,5023.79,5018.128,5020.732
2026-05-28 10:00:00,5020.58,5023.392,5014.005,5020.044
2026-05-28 11:00:00,5020.13,5022.927,5014.426,5014.426
2026-05-28 12:00:00,5014.629,5016.409,5008.669,5009.675
2026-05-28 13:00:00,5009.627,5011.228,4997.501,4998.407
2026-05-28 14:00:00,4998.446,5003.617,4997.194,5000.768
2026-05-28 15:00:00,5000.693,5008.654,5000.183,5005.562
2026-05-28 16:00:00,5005.751,5005.868,4997.142,4998.856
2026-05-28 17:00:00,4998.698,5000.389,4996.095,4997.457
2026-05-28 18:00:00,4997.81,5000.556,4994.23,4996.201
2026-05-28 19:00:00,4996.154,4997.316,4991.898,4994.662
2026-05-28 20:00:00,4994.572,4997.025,4992.389,4993.387
2026-05-28 21:00:00,4993.271,4995.924,4983.643,4985.078
2026-05-28 22:00:00,4984.956,4985.061,4977.17,4977.333
2026-05-28 23:00:00,4977.35,4983.126,4974.73,4978.298
2026-05-29 00:00:00,4978.354,4979.694,4975.886,4978.806
2026-05-29 01:00:00,4978.783,4981.639,4975.247,4977.55
2026-05-29 02:00:00,4977.637,4979.917,4972.942,4975.943
2026-05-29 03:00:00,4975.85,4978.271,4970.63,4971.902
2026-05-29 04:00:00,4971.894,4974.693,4968.44,4972.11
2026-05-29 05:00:00,4972.048,4975.829,4968.004,4975.829
2026-05-29 06:00:00,4975.996,4976.874,4972.27,4973.654
2026-05-29 07:00:00,4973.822,4979.36,4972.608,4978.034
2026-05-29 08:00:00,4977.831,4979.693,4968.24,4969.834
2026-05-29 09:00:00,4969.97,4973.381,4958.971,4959.68
2026-05-29 10:00:00,4959.838,4971.167,4959.449,4970.708
2026-05-29 11:00:00,4970.659,4973.655,4966.738,4967.058
2026-05-29 12:00:00,4966.823,4970.097,4965.063,4967.231
2026-05-29 13:00:00,4967.301,4970.316,4960.543,4964.406
2026-05-29 14:00:00,4964.451,4967.334,4958.248,4965.319
2026-05-29 15:00:00,4965.15,4967.028,4961.498,4961.645
2026-05-29 16:00:00,4961.774,4964.325,4956.172,4956.927
2026-05-29 17:00:00,4956.698,4963.981,4956.415,4963.068
2026-05-29 18:00:00,4963.142,4967.542,4962.117,4965.424
2026-05-29 19:00:00,4965.383,4969.855,4961.723,4967.303
2026-05-29 20:00:00,4967.035,4968.753,4961.537,4964.966
2026-05-29 21:00:00,4964.894,4965.546,4957.146,4964.269
2026-05-29 22:00:00,4964.283,4964.859,4958.986,4961.027
2026-05-29 23:00:00,4960.967,4961.845,4954.858,4956.746
2026-05-30 00:00:00,4956.913,4957.784,4951.204,4951.77
2026-05-30 01:00:00,4951.761,4956.747,4948.743,4953.741
2026-05-30 02:00:00,4953.787,4960.463,4953.648,4959.972
2026-05-30 03:00:00,4960.121,4964.98,4956.836,4963.779
2026-05-30 04:00:00,4963.871,4964.94,4958.344,4959.805
2026-05-30 05:00:00,4959.771,4960.565,4951.937,4956.42
2026-05-30 06:00:00,4956.72,4961.93,4954.49,4957.731
2026-05-30 07:00:00,4957.673,4958.825,4945.473,4946.277
2026-05-30 08:00:00,4946.11,4949.029,4941.945,4948.907
2026-05-30 09:00:00,4948.866,4950.508,4941.492,4942.422
2026-05-30 10:00:00,4942.288,4943.17,4937.511,4937.632
2026-05-30 11:00:00,4937.658,4945.844,4937.432,4941.499
2026-05-30 12:00:00,4941.61,4947.879,4939.156,4945.151
2026-05-30 13:00:00,4945.085,4946.612,4940.053,4945.484
2026-05-30 14:00:00,4945.715,4956.14,4945.457,4954.289
2026-05-30 15:00:00,4954.185,4955.333,4947.758,4949.818
2026-05-30 16:00:00,4949.873,4950.532,4946.086,4946.639
2026-05-30 17:00:00,4946.709,4959.218,4946.492,4956.563
2026-05-30 18:00:00,4956.551,4967.658,4955.624,4967.251
2026-05-30 19:00:00,4967.506,4974.206,4967.335,4970.77
2026-05-30 20:00:00,4970.839,4971.826,4965.247,4968.821
2026-05-30 21:00:00,4968.805,4978.122,4968.13,4970.243
2026-05-30 22:00:00,4969.98,4978.303,4968.036,4977.695
2026-05-30 23:00:00,4977.735,4986.935,4976.076,4986.713
2026-05-31 00:00:00,4986.671,4987.49,4976.491,4977.436
2026-05-31 01:00:00,4977.337,4980.321,4973.715,4977.789
2026-05-31 02:00:00,4977.762,4984.532,4975.771,4982.98
2026-05-31 03:00:00,4982.791,4994.795,4982.304,4993.349
2026-05-31 04:00:00,4993.484,4997.183,4992.763,4995.75
2026-05-31 05:00:00,4995.885,5000.146,4992.922,4999.283
2026-05-31 06:00:00,4999.393,4999.595,4993.799,4996.321
2026-05-31 07:00:00,4996.309,4998.541,4991.191,4994.751
2026-05-31 08:00:00,4994.673,4999.107,4989.341,4998.49
2026-05-31 09:00:00,4998.424,5002.645,4994.336,5002.449
2026-05-31 10:00:00,5002.463,5005.96,4998.855,5000.026
2026-05-31 11:00:00,4999.842,5004.797,4998.116,5000.621
2026-05-31 12:00:00,5000.533,5001.405,4993.873,4996.784
2026-05-31 13:00:00,4996.855,4997.515,4985.229,4986.907
2026-05-31 14:00:00,4986.754,4989.904,4983.137,4987.575
2026-05-31 15:00:00,4987.645,4993.032,4985.16,4990.148
2026-05-31 16:00:00,4990.245,4990.708,4983.022,4988.146
2026-05-31 17:00:00,4988.196,4990.064,4982.634,4986.414
2026-05-31 18:00:00,4986.644,4991.162,4985.6,4987.135
2026-05-31 19:00:00,4986.953,4988.691,4979.29,4979.973
2026-05-31 20:00:00,4979.963,4982.022,4977.774,4980.859
2026-05-31 21:00:00,4980.844,4981.482,4971.479,4978.658
2026-05-31 22:00:00,4978.88,4987.196,4977.037,4983.435
2026-05-31 23:00:00,4983.532,4987.032,4978.565,4985.544
2026-06-01 00:00:00,4985.407,4994.97,4984.602,4993.71
2026-06-01 01:00:00,4993.402,4994.563,4989.029,4994.563
2026-06-01 02:00:00,4994.424,4995.04,4987.602,4992.95
2026-06-01 03:00:00,4993.085,4994.224,4986.226,4987.894
2026-06-01 04:00:00,4987.82,4988.716,4982.376,4983.26
2026-06-01 05:00:00,4983.31,4985.613,4979.939,4981.766
2026-06-01 06:00:00,4981.726,4982.982,4974.359,4977.042
2026-06-01 07:00:00,4977.067,4986.133,4975.136,4981.176
2026-06-01 08:00:00,4981.309,4983.746,4975.86,4981.98
2026-06-01 09:00:00,4982.034,4982.643,4975.889,4976.122
2026-06-01 10:00:00,4976.162,4976.942,4970.518,4971.036
2026-06-01 11:00:00,4970.805,4971.608,4965.579,4968.572
2026-06-01 12:00:00,4968.637,4971.813,4959.782,4962.711
2026-06-01 13:00:00,4962.813,4972.269,4962.061,4969.784
2026-06-01 14:00:00,4969.717,4972.378,4965.427,4965.812
2026-06-01 15:00:00,4965.817,4976.99,4965.63,4976.945
2026-06-01 16:00:00,4977.076,4980.754,4974.714,4978.573
2026-06-01 17:00:00,4978.732,4989.931,4978.453,4988.216
2026-06-01 18:00:00,4988.235,4993.722,4985.839,4989.065
2026-06-01 19:00:00,4989.164,4989.843,4978.277,4981.467
2026-06-01 20:00:00,4981.324,4981.865,4974.638,4979.666
2026-06-01 21:00:00,4979.542,4981.783,4976.196,4980.539
2026-06-01 22:00:00,4980.459,4983.249,4975.625,4975.625
2026-06-01 23:00:00,4975.633,4983.218,4973.42,4974.578
2026-06-02 00:00:00,4974.656,4975.921,4963.977,4965.364
2026-06-02 01:00:00,4965.351,4969.635,4962.565,4965.069
2026-06-02 02:00:00,4965.157,4969.379,4959.314,4965.487
2026-06-02 03:00:00,4965.571,4967.231,4961.579,4961.579
2026-06-02 04:00:00,4961.592,4964.618,4957.103,4957.604
2026-06-02 05:00:00,4957.71,4961.41,4952.949,4959.875
2026-06-02 06:00:00,4959.958,4971.606,4956.203,4971.484
2026-06-02 07:00:00,4971.433,4972.564,4958.725,4960.926
2026-06-02 08:00:00,4960.905,4965.095,4952.462,4954.879
2026-06-02 09:00:00,4954.83,4958.886,4951.894,4952.689
2026-06-02 10:00:00,4952.716,4956.457,4949.509,4950.233
2026-06-02 11:00:00,4950.284,4957.127,4949.193,4950.651
2026-06-02 12:00:00,4950.72,4951.117,4939.885,4942.532
2026-06-02 13:00:00,4942.618,4943.862,4936.025,4937.234
2026-06-02 14:00:00,4937.341,4937.974,4930.273,4934.482
2026-06-02 15:00:00,4934.54,4940.613,4930.28,4930.519
2026-06-02 16:00:00,4930.556,4932.189,4922.461,4926.132
2026-06-02 17:00:00,4926.022,4932.555,4920.852,4928.542
2026-06-02 18:00:00,4928.616,4930.504,4921.903,4923.299
2026-06-02 19:00:00,4923.251,4925.181,4912.825,4913.436
2026-06-02 20:00:00,4913.421,4913.951,4905.075,4908.309
2026-06-02 21:00:00,4908.192,4910.887,4904.323,4909.051
2026-06-02 22:00:00,4909.144,4910.982,4902.778,4909.71
2026-06-02 23:00:00,4909.874,4911.645,4902.61,4903.602
2026-06-03 00:00:00,4903.651,4905.603,4897.033,4899.074
2026-06-03 01:00:00,4899.002,4910.597,4898.381,4909.588
2026-06-03 02:00:00,4909.407,4912.763,4906.024,4912.701
2026-06-03 03:00:00,4912.79,4916.248,4909.446,4915.47
2026-06-03 04:00:00,4915.756,4921.467,4915.417,4916.607
2026-06-03 05:00:00,4916.693,4917.207,4909.557,4911.576
2026-06-03 06:00:00,4911.622,4914.461,4904.481,4910.011
2026-06-03 07:00:00,4910.185,4912.138,4903.495,4907.178
2026-06-03 08:00:00,4907.379,4912.796,4905.051,4908.438
2026-06-03 09:00:00,4908.268,4911.941,4905.924,4910.233
2026-06-03 10:00:00,4910.386,4911.914,4906.8,4907.999
2026-06-03 11:00:00,4908.179,4911.504,4902.876,4904.234
2026-06-03 12:00:00,4904.306,4905.982,4901.411,4904.293
2026-06-03 13:00:00,4904.372,4906.828,4900.815,4901.472
2026-06-03 14:00:00,4901.68,4908.064,4900.934,4905.891
2026-06-03 15:00:00,4905.929,4908.441,4898.964,4899.728
2026-06-03 16:00:00,4899.669,4899.833,4887.583,4888.377
2026-06-03 17:00:00,4888.434,4893.589,4884.243,4889.59
2026-06-03 18:00:00,4889.601,4893.035,4885.173,4886.774
2026-06-03 19:00:00,4886.689,4887.618,4880.314,4881.332
2026-06-03 20:00:00,4881.35,4884.887,4879.243,4884.688
2026-06-03 21:00:00,4884.414,4885.569,4877.881,4879.12
2026-06-03 22:00:00,4878.89,4885.737,4876.611,4885.168
2026-06-03 23:00:00,4884.964,4890.239,4884.08,4889.371
2026-06-04 00:00:00,4889.05,4895.067,4884.672,4894.711
2026-06-04 01:00:00,4894.631,4902.385,4894.269,4902.004
2026-06-04 02:00:00,4902.334,4902.691,4895.113,4895.511
2026-06-04 03:00:00,4895.549,4901.349,4893.479,4897.233
2026-06-04 04:00:00,4897.105,4910.456,4897.105,4909.849
2026-06-04 05:00:00,4910.036,4912.604,4905.531,4910.38
2026-06-04 06:00:00,4910.584,4914.393,4909.116,4910.517
2026-06-04 07:00:00,4910.423,4917.253,4907.493,4917.05
2026-06-04 08:00:00,4916.824,4920.827,4912.114,4920.338
2026-06-04 09:00:00,4920.434,4928.497,4918.33,4923.524
2026-06-04 10:00:00,4923.453,4923.787,4918.849,4919.095
2026-06-04 11:00:00,4919.002,4924.805,4916.575,4924.308
2026-06-04 12:00:00,4924.526,4932.945,4924.291,4925.406
2026-06-04 13:00:00,4925.35,4926.675,4915.172,4915.241
2026-06-04 14:00:00,4915.333,4919.982,4910.969,4917.026
2026-06-04 15:00:00,4917.127,4922.221,4916.06,4919.165
2026-06-04 16:00:00,4919.133,4922.458,4915.49,4915.522
2026-06-04 17:00:00,4915.564,4921.545,4912.783,4918.874
2026-06-04 18:00:00,4918.922,4920.45,4915.333,4916.172
2026-06-04 19:00:00,4916.004,4918.551,4912.132,4918.291
2026-06-04 20:00:00,4918.379,4921.366,4915.702,4917.229
2026-06-04 21:00:00,4917.197,4919.558,4910.174,4910.91
2026-06-04 22:00:00,4910.748,4912.483,4907.404,4909.697
2026-06-04 23:00:00,4909.798,4912.078,4906.974,4907.849
2026-06-05 00:00:00,4907.808,4909.094,4901.971,4902.873
2026-06-05 01:00:00,4902.755,4908.114,4901.44,4906.955
2026-06-05 02:00:00,4906.916,4908.457,4899.674,4902.006
2026-06-05 03:00:00,4901.937,4908.149,4901.267,4908.034
2026-06-05 04:00:00,4907.812,4915.862,4907.345,4910.372
2026-06-05 05:00:00,4910.374,4910.781,4902.66,4906.786
2026-06-05 06:00:00,4906.72,4906.825,4894.153,4894.68
2026-06-05 07:00:00,4894.762,4897.126,4890.003,4893.749
2026-06-05 08:00:00,4893.639,4894.574,4887.628,4888.331
2026-06-05 09:00:00,4888.228,4893.859,4886.585,4886.645
2026-06-05 10:00:00,4886.557,4888.315,4880.495,4881.764
2026-06-05 11:00:00,4881.65,4881.65,4873.493,4874.376
2026-06-05 12:00:00,4874.207,4875.949,4870.15,4872.987
2026-06-05 13:00:00,4872.909,4875.092,4867.534,4873.467
2026-06-05 14:00:00,4873.691,4875.149,4868.764,4869.254
2026-06-05 15:00:00,4869.113,4877.15,4867.888,4876.08
2026-06-05 16:00:00,4876.196,4880.692,4873.886,4879.447
2026-06-05 17:00:00,4879.471,4882.525,4876.461,4881.394
2026-06-05 18:00:00,4881.575,4889.553,4881.575,4887.847
2026-06-05 19:00:00,4887.633,4894.076,4887.245,4893.183
2026-06-05 20:00:00,4892.951,4895.73,4886.408,4887.363
2026-06-05 21:00:00,4887.352,4887.939,4880.309,4883.911
2026-06-05 22:00:00,4883.79,4898.228,4883.604,4895.864
2026-06-05 23:00:00,4895.781,4897.604,4891.608,4897.338
2026-06-06 00:00:00,4897.319,4899.881,4895.202,4897.843
2026-06-06 01:00:00,4897.578,4899.663,4892.361,4896.13
2026-06-06 02:00:00,4896.054,4897.973,4891.525,4897.907
2026-06-06 03:00:00,4897.767,4900.791,4894.919,4897.628
2026-06-06 04:00:00,4897.819,4898.427,4888.079,4888.775
2026-06-06 05:00:00,4888.621,4889.9,4883.182,4884.105
2026-06-06 06:00:00,4884.091,4886.018,4880.397,4882.06
2026-06-06 07:00:00,4881.896,4882.296,4870.191,4870.691
2026-06-06 08:00:00,4870.582,4872.786,4864.677,4866.167
2026-06-06 09:00:00,4866.302,4866.685,4857.996,4860.682
2026-06-06 10:00:00,4860.671,4863.243,4857.608,4859.043
2026-06-06 11:00:00,4859.014,4859.319,4851.837,4857.753
2026-06-06 12:00:00,4857.784,4859.798,4855.426,4858.023
2026-06-06 13:00:00,4858.032,4860.075,4851.114,4853.059
2026-06-06 14:00:00,4853.197,4857.344,4852.002,4854.121
2026-06-06 15:00:00,4854.385,4857.639,4851.515,4853.287
2026-06-06 16:00:00,4853.315,4860.987,4853.315,4855.39
2026-06-06 17:00:00,4855.425,4858.855,4854.174,4856.16
2026-06-06 18:00:00,4856.202,4864.664,4856.202,4864.043
2026-06-06 19:00:00,4864.234,4865.028,4855.904,4857.585
2026-06-06 20:00:00,4857.415,4865.121,4857.415,4860.92
2026-06-06 21:00:00,4860.914,4861.142,4856.9,4858.869
2026-06-06 22:00:00,4858.902,4863.331,4856.918,4861.271
2026-06-06 23:00:00,4861.287,4867.037,4860.566,4864.765
2026-06-07 00:00:00,4864.987,4865.155,4858.347,4858.998
2026-06-07 01:00:00,4859.121,4868.517,4858.255,4867.478
2026-06-07 02:00:00,4867.661,4875.123,4865.34,4872.905
2026-06-07 03:00:00,4872.951,4878.143,4871.039,4877.165
2026-06-07 04:00:00,4877.32,4881.025,4873.691,4876.988
2026-06-07 05:00:00,4876.881,4881.137,4876.337,4878.738
2026-06-07 06:00:00,4878.613,4880.058,4873.097,4873.688
2026-06-07 07:00:00,4873.84,4880.241,4872.807,4876.721
2026-06-07 08:00:00,4876.685,4881.394,4875.027,4876.705
2026-06-07 09:00:00,4876.568,4878.863,4873.487,4877.769
2026-06-07 10:00:00,4877.701,4881.067,4874.197,4879.107
2026-06-07 11:00:00,4879.023,4882.107,4873.765,4875.355
2026-06-07 12:00:00,4875.54,4879.003,4868.042,4869.746
2026-06-07 13:00:00,4869.788,4871.924,4866.009,4871.037
2026-06-07 14:00:00,4871.129,4871.877,4859.804,4860.154
2026-06-07 15:00:00,4860.262,4861.32,4854.954,4858.911
2026-06-07 16:00:00,4859.078,4866.923,4857.87,4866.084
2026-06-07 17:00:00,4865.858,4867.521,4854.806,4858.278
2026-06-07 18:00:00,4858.456,4864.018,4856.833,4863.507
2026-06-07 19:00:00,4863.57,4870.859,4861.877,4870.609
2026-06-07 20:00:00,4870.594,4870.937,4863.995,4866.352
2026-06-07 21:00:00,4866.145,4872.143,4862.366,4870.573
2026-06-07 22:00:00,4870.719,4874.539,4869.044,4873.242
2026-06-07 23:00:00,4873.094,4874.614,4868.443,4869.888
2026-06-08 00:00:00,4869.995,4872.056,4865.509,4869.046
2026-06-08 01:00:00,4868.841,4872.606,4867.414,4872.463
2026-06-08 02:00:00,4872.586,4872.586,4860.371,4861.294
2026-06-08 03:00:00,4861.296,4866.413,4861.109,4865.11
2026-06-08 04:00:00,4865.022,4868.805,4863.11,4864.992
2026-06-08 05:00:00,4864.989,4869.032,4862.747,4865.619
2026-06-08 06:00:00,4865.555,4865.555,4858.322,4863.192
2026-06-08 07:00:00,4863.158,4869.79,4861.79,4866.389
2026-06-08 08:00:00,4866.216,4866.45,4857.807,4861.018
2026-06-08 09:00:00,4861.098,4868.452,4860.717,4868.162
2026-06-08 10:00:00,4867.993,4870.65,4864.897,4870.217
2026-06-08 11:00:00,4869.943,4871.046,4850.815,4852.709
2026-06-08 12:00:00,4852.832,4856.915,4851.828,4853.913
2026-06-08 13:00:00,4853.962,4857.689,4852.478,4857.182
2026-06-08 14:00:00,4857.237,4861.378,4854.416,4854.679
2026-06-08 15:00:00,4854.623,4854.623,4845.928,4851.195
2026-06-08 16:00:00,4851.221,4858.999,4849.008,4858.628
2026-06-08 17:00:00,4858.466,4860.941,4853.777,4857.601
2026-06-08 18:00:00,4857.64,4866.043,4854.963,4865.827
2026-06-08 19:00:00,4865.755,4866.403,4858.483,4860.301
2026-06-08 20:00:00,4860.42,4867.657,4859.36,4866.301
2026-06-08 21:00:00,4866.378,4880.108,4865.474,4880.003
2026-06-08 22:00:00,4880.065,4880.065,4872.503,4875.039
2026-06-08 23:00:00,4874.963,4875.967,4871.405,4873.281
2026-06-09 00:00:00,4873.301,4877.366,4871.404,4873.512
2026-06-09 01:00:00,4873.45,4873.744,4867.635,4868.724
2026-06-09 02:00:00,4868.761,4876.666,4868.407,4872.878
2026-06-09 03:00:00,4872.785,4874.666,4868.34,4873.28
2026-06-09 04:00:00,4873.258,4874.532,4867.819,4869.621
2026-06-09 05:00:00,4869.875,4873.159,4868.218,4869.365
2026-06-09 06:00:00,4869.357,4873.977,4866.24,4873.795
2026-06-09 07:00:00,4873.905,4885.017,4873.659,4880.368
2026-06-09 08:00:00,4880.366,4884.901,4877.339,4879.651
2026-06-09 09:00:00,4879.487,4880.492,4873.645,4878.112
2026-06-09 10:00:00,4878.178,4880.92,4874.108,4880.679
2026-06-09 11:00:00,4880.733,4881.679,4867.341,4871.707
2026-06-09 12:00:00,4871.789,4879.595,4867.976,4878.446
2026-06-09 13:00:00,4878.438,4879.616,4867.748,4869.436
2026-06-09 14:00:00,4869.32,4869.392,4862.377,4863.4
2026-06-09 15:00:00,4863.469,4871.833,4859.245,4870.063
2026-06-09 16:00:00,4870.157,4875.978,4867.742,4875.978
2026-06-09 17:00:00,4876.105,4886.456,4876.105,4886.294
2026-06-09 18:00:00,4886.147,4893.488,4886.039,4892.57
2026-06-09 19:00:00,4892.577,4894.736,4884.029,4884.715
2026-06-09 20:00:00,4884.618,4887.082,4880.927,4885.538
2026-06-09 21:00:00,4885.38,4890.279,4883.137,4889.756
2026-06-09 22:00:00,4889.866,4904.214,4889.525,4903.841
2026-06-09 23:00:00,4903.981,4911.589,4903.822,4908.488
2026-06-10 00:00:00,4908.345,4910.576,4903.509,4905.726
2026-06-10 01:00:00,4905.839,4910.633,4902.087,4909.366
2026-06-10 02:00:00,4909.423,4909.703,4903.677,4906.477
2026-06-10 03:00:00,4906.404,4914.547,4906.106,4909.361
2026-06-10 04:00:00,4909.26,4917.42,4907.01,4915.958
2026-06-10 05:00:00,4916.114,4918.502,4904.851,4904.851
2026-06-10 06:00:00,4904.993,4908.756,4903.363,4907.539
2026-06-10 07:00:00,4907.715,4917.2,4905.516,4914.81
2026-06-10 08:00:00,4914.977,4915.271,4906.958,4909.773
2026-06-10 09:00:00,4909.92,4915.548,4909.319,4910.322
2026-06-10 10:00:00,4910.171,4920.354,4909.666,4916.004
2026-06-10 11:00:00,4916.067,4918.32,4907.614,4908.05
2026-06-10 12:00:00,4908.232,4910.863,4904.437,4908.868
2026-06-10 13:00:00,4908.78,4911.101,4906.611,4908.548
2026-06-10 14:00:00,4908.482,4911.727,4902.059,4903.8
2026-06-10 15:00:00,4903.815,4905.022,4900.426,4904.284
2026-06-10 16:00:00,4904.181,4907.635,4902.384,4905.107
2026-06-10 17:00:00,4905.226,4916.809,4904.625,4916.681
2026-06-10 18:00:00,4916.763,4920.285,4911.721,4912.299
2026-06-10 19:00:00,4912.292,4914.823,4909.815,4912.327
2026-06-10 20:00:00,4912.229,4918.43,4910.021,4918.274
2026-06-10 21:00:00,4918.299,4922.689,4916.4,4918.673
2026-06-10 22:00:00,4918.578,4923.605,4915.668,4922.947
2026-06-10 23:00:00,4922.689,4935.349,4920.775,4933.509
2026-06-11 00:00:00,4933.377,4937.028,4928.573,4932.1
2026-06-11 01:00:00,4932.185,4932.477,4922.93,4923.88
2026-06-11 02:00:00,4923.907,4926.488,4919.219,4920.094
2026-06-11 03:00:00,4920.052,4923.618,4918.603,4922.703
2026-06-11 04:00:00,4922.92,4923.56,4911.323,4914.498
2026-06-11 05:00:00,4914.612,4915.277,4905.901,4907.256
2026-06-11 06:00:00,4907.297,4915.935,4906.644,4912.266
2026-06-11 07:00:00,4912.317,4916.566,4911.116,4914.322
2026-06-11 08:00:00,4914.29,4915.765,4903.968,4904.922
2026-06-11 09:00:00,4904.836,4905.818,4899.896,4905.585
2026-06-11 10:00:00,4905.54,4905.689,4899.042,4904.632
2026-06-11 11:00:00,4904.8,4904.988,4895.364,4900.095
2026-06-11 12:00:00,4899.957,4902.232,4895.397,4898.019
2026-06-11 13:00:00,4898.138,4899.071,4893.953,4894.703
2026-06-11 14:00:00,4894.534,4898.768,4889.697,4896.463
2026-06-11 15:00:00,4896.535,4900.256,4891.297,4897.533
2026-06-11 16:00:00,4897.699,4904.259,4897.048,4902.969
2026-06-11 17:00:00,4903.042,4911.894,4901.856,4908.41
2026-06-11 18:00:00,4908.7,4909.706,4901.643,4904.636
2026-06-11 19:00:00,4904.704,4906.131,4901.336,4904.365
2026-06-11 20:00:00,4904.518,4906.419,4901.16,4904.592
2026-06-11 21:00:00,4904.611,4906.95,4902.81,4905.664
2026-06-11 22:00:00,4905.701,4918.958,4905.206,4917.322
2026-06-11 23:00:00,4917.492,4917.703,4905.63,4909.299
2026-06-12 00:00:00,4909.218,4914.699,4906.09,4911.605
2026-06-12 01:00:00,4911.872,4915.971,4910.025,4912.573
2026-06-12 02:00:00,4912.565,4913.98,4906.468,4908.535
2026-06-12 03:00:00,4908.477,4913.548,4907.114,4909.277
2026-06-12 04:00:00,4909.365,4913.04,4906.286,4908.318
2026-06-12 05:00:00,4908.524,4909.856,4900.524,4903.524
2026-06-12 06:00:00,4903.442,4904.391,4891.113,4891.51
2026-06-12 07:00:00,4891.733,4892.423,4886.244,4889.331
2026-06-12 08:00:00,4889.442,4893.674,4888.035,4889.745
2026-06-12 09:00:00,4889.614,4895.887,4885.596,4895.887
2026-06-12 10:00:00,4895.773,4906.658,4894.882,4906.617
2026-06-12 11:00:00,4906.653,4910.342,4905.585,4905.958
2026-06-12 12:00:00,4906.144,4910.892,4897.912,4897.919
2026-06-12 13:00:00,4897.721,4900.897,4893.791,4896.556
2026-06-12 14:00:00,4896.66,4897.889,4890.0,4892.319
2026-06-12 15:00:00,4892.121,4898.191,4891.207,4893.328
2026-06-12 16:00:00,4893.387,4897.803,4891.211,4894.253
2026-06-12 17:00:00,4894.221,4897.67,4889.217,4897.273
2026-06-12 18:00:00,4897.247,4901.857,4895.029,4899.946
2026-06-12 19:00:00,4900.026,4904.384,4894.381,4894.445
2026-06-12 20:00:00,4894.37,4899.724,4891.956,4898.421
2026-06-12 21:00:00,4898.466,4904.784,4897.148,4901.456
2026-06-12 22:00:00,4901.486,4901.848,4891.802,4893.13
2026-06-12 23:00:00,4892.948,4893.451,4877.867,4878.444
2026-06-13 00:00:00,4878.447,4882.547,4874.569,4875.994
2026-06-13 01:00:00,4875.941,4876.558,4862.733,4864.517
2026-06-13 02:00:00,4864.539,4869.197,4863.826,4868.084
2026-06-13 03:00:00,4868.202,4876.527,4864.892,4875.804
2026-06-13 04:00:00,4875.791,4883.324,4874.841,4882.732
2026-06-13 05:00:00,4882.814,4886.804,4881.391,4884.653
2026-06-13 06:00:00,4884.8,4893.441,4881.279,4892.544
2026-06-13 07:00:00,4892.601,4907.617,4892.28,4907.42
2026-06-13 08:00:00,4907.248,4912.016,4902.637,4911.461
2026-06-13 09:00:00,4911.549,4913.978,4904.309,4905.37
2026-06-13 10:00:00,4905.529,4907.758,4892.707,4894.395
2026-06-13 11:00:00,4894.508,4896.701,4887.163,4887.584
2026-06-13 12:00:00,4887.75,4888.986,4883.169,4886.839
2026-06-13 13:00:00,4886.77,4891.298,4883.072,4890.285
2026-06-13 14:00:00,4890.293,4892.253,4884.765,4889.193
2026-06-13 15:00:00,4889.379,4890.727,4879.49,4883.532
2026-06-13 16:00:00,4883.585,4884.563,4874.803,4878.897
2026-06-13 17:00:00,4879.003,4881.092,4870.563,4871.137
2026-06-13 18:00:00,4871.106,4871.575,4861.877,4868.067
2026-06-13 19:00:00,4868.142,4869.366,4863.256,4864.684
2026-06-13 20:00:00,4864.768,4870.93,4864.606,4868.32
2026-06-13 21:00:00,4868.162,4869.895,4858.921,4860.712
2026-06-13 22:00:00,4860.559,4866.235,4858.711,4865.686
2026-06-13 23:00:00,4865.751,4867.775,4856.819,4858.719
2026-06-14 00:00:00,4858.666,4859.053,4851.086,4857.398
2026-06-14 01:00:00,4857.591,4863.99,4855.265,4862.351
2026-06-14 02:00:00,4862.197,4864.366,4858.761,4859.854
2026-06-14 03:00:00,4859.975,4863.507,4856.56,4858.006
2026-06-14 04:00:00,4858.138,4859.351,4845.598,4845.791
2026-06-14 05:00:00,4845.672,4849.395,4842.202,4844.298
2026-06-14 06:00:00,4844.242,4844.496,4833.262,4838.252
2026-06-14 07:00:00,4838.266,4849.284,4838.266,4846.189
2026-06-14 08:00:00,4846.323,4848.907,4840.272,4841.243
2026-06-14 09:00:00,4841.157,4844.04,4836.451,4840.489
2026-06-14 10:00:00,4840.433,4847.321,4838.365,4845.997
2026-06-14 11:00:00,4845.971,4846.901,4839.206,4839.36
2026-06-14 12:00:00,4839.153,4844.532,4836.689,4836.819
2026-06-14 13:00:00,4836.874,4843.638,4834.127,4839.261
2026-06-14 14:00:00,4839.187,4840.782,4834.848,4837.036
2026-06-14 15:00:00,4837.069,4838.588,4829.042,4829.104
2026-06-14 16:00:00,4829.051,4835.586,4825.594,4834.242
2026-06-14 17:00:00,4834.114,4834.316,4826.48,4832.503
2026-06-14 18:00:00,4832.494,4832.517,4823.449,4824.508
2026-06-14 19:00:00,4824.602,4825.193,4820.615,4823.925
2026-06-14 20:00:00,4824.015,4828.843,4823.145,4824.578
2026-06-14 21:00:00,4824.671,4827.014,4820.598,4826.979
2026-06-14 22:00:00,4826.858,4829.69,4820.153,4823.078
2026-06-14 23:00:00,4823.019,4824.26,4818.327,4824.13
2026-06-15 00:00:00,4824.306,4827.109,4821.128,4825.123
2026-06-15 01:00:00,4824.96,4825.001,4816.016,4819.336
2026-06-15 02:00:00,4819.504,4822.173,4816.77,4820.788
2026-06-15 03:00:00,4820.866,4821.89,4813.766,4815.822
2026-06-15 04:00:00,4815.813,4823.138,4812.045,4820.575
2026-06-15 05:00:00,4820.662,4821.281,4809.116,4809.526
2026-06-15 06:00:00,4809.403,4812.882,4806.61,4810.101
2026-06-15 07:00:00,4810.276,4816.239,4807.403,4814.427
2026-06-15 08:00:00,4814.516,4818.806,4810.6,4814.634
2026-06-15 09:00:00,4814.543,4819.071,4814.209,4816.303
2026-06-15 10:00:00,4816.275,4823.055,4816.275,4821.079
2026-06-15 11:00:00,4821.175,4822.484,4816.844,4819.174
2026-06-15 12:00:00,4818.951,4820.423,4814.471,4816.632
2026-06-15 13:00:00,4816.649,4819.434,4814.18,4815.551
2026-06-15 14:00:00,4815.482,4816.413,4807.855,4807.983
2026-06-15 15:00:00,4808.099,4816.126,4808.099,4815.938
2026-06-15 16:00:00,4815.88,4817.344,4810.548,4812.225
2026-06-15 17:00:00,4812.222,4817.332,4810.906,4813.965
2026-06-15 18:00:00,4814.008,4815.971,4812.688,4815.459
2026-06-15 19:00:00,4815.565,4815.911,4807.849,4810.474
2026-06-15 20:00:00,4810.725,4817.103,4808.548,4813.703
2026-06-15 21:00:00,4813.859,4822.876,4812.58,4822.876
2026-06-15 22:00:00,4823.037,4829.813,4823.037,4829.454
2026-06-15 23:00:00,4829.481,4829.673,4811.449,4812.506
2026-06-16 00:00:00,4812.471,4812.924,4806.339,4808.268
2026-06-16 01:00:00,4808.253,4809.737,4801.346,4804.689
2026-06-16 02:00:00,4804.623,4808.134,4801.244,4801.781
2026-06-16 03:00:00,4801.852,4803.163,4798.625,4801.723
2026-06-16 04:00:00,4801.74,4810.085,4801.664,4804.613
2026-06-16 05:00:00,4804.618,4806.932,4801.259,4805.095
2026-06-16 06:00:00,4805.191,4819.071,4804.821,4817.269
2026-06-16 07:00:00,4817.23,4818.465,4814.242,4816.399
2026-06-16 08:00:00,4816.33,4831.321,4815.527,4831.321
2026-06-16 09:00:00,4831.312,4837.733,4826.444,4835.827
2026-06-16 10:00:00,4835.809,4838.671,4830.531,4836.907
2026-06-16 11:00:00,4836.909,4840.655,4834.972,4840.019
2026-06-16 12:00:00,4840.104,4845.785,4839.128,4844.981
2026-06-16 13:00:00,4844.842,4848.021,4842.344,4843.983
2026-06-16 14:00:00,4844.139,4846.701,4841.422,4843.33
2026-06-16 15:00:00,4843.257,4844.561,4838.225,4840.683
2026-06-16 16:00:00,4840.55,4841.149,4831.885,4833.421
2026-06-16 17:00:00,4833.501,4840.958,4832.827,4837.433
2026-06-16 18:00:00,4837.1,4839.713,4836.039,4838.373
2026-06-16 19:00:00,4838.255,4841.62,4836.219,4836.219
2026-06-16 20:00:00,4836.022,4841.731,4828.929,4841.331
2026-06-16 21:00:00,4841.366,4851.834,4839.386,4851.82
2026-06-16 22:00:00,4851.817,4867.801,4851.817,4862.254
2026-06-16 23:00:00,4862.099,4863.269,4846.572,4847.109
2026-06-17 00:00:00,4847.268,4848.53,4841.24,4845.112
2026-06-17 01:00:00,4845.185,4851.529,4842.773,4846.042
2026-06-17 02:00:00,4846.053,4852.066,4845.275,4848.292
2026-06-17 03:00:00,4848.328,4850.506,4845.554,4849.496
2026-06-17 04:00:00,4849.6,4860.241,4849.518,4854.168
2026-06-17 05:00:00,4854.0,4857.133,4851.034,4854.392
2026-06-17 06:00:00,4854.251,4857.815,4844.088,4844.706
2026-06-17 07:00:00,4844.776,4849.539,4844.474,4848.633
2026-06-17 08:00:00,4848.598,4850.19,4842.135,4847.462
2026-06-17 09:00:00,4847.383,4854.839,4846.259,4853.205
2026-06-17 10:00:00,4853.225,4858.462,4850.309,4858.079
2026-06-17 11:00:00,4857.889,4860.202,4851.176,4855.508
2026-06-17 12:00:00,4855.519,4860.349,4851.12,4853.943
2026-06-17 13:00:00,4853.742,4856.05,4849.324,4854.66
2026-06-17 14:00:00,4854.673,4856.25,4850.745,4852.995
2026-06-17 15:00:00,4853.223,4856.144,4848.228,4848.324
2026-06-17 16:00:00,4848.388,4862.483,4847.853,4859.993
2026-06-17 17:00:00,4859.817,4862.926,4855.774,4857.283
2026-06-17 18:00:00,4857.329,4857.455,4852.241,4853.224
2026-06-17 19:00:00,4852.945,4854.393,4846.424,4847.726
2026-06-17 20:00:00,4847.916,4853.103,4847.493,4850.933
2026-06-17 21:00:00,4850.855,4854.741,4845.475,4854.741
2026-06-17 22:00:00,4854.568,4864.904,4853.983,4861.728
2026-06-17 23:00:00,4861.628,4866.886,4859.626,4863.1
2026-06-18 00:00:00,4863.199,4863.419,4857.373,4861.233
2026-06-18 01:00:00,4861.119,4862.986,4857.326,4858.66
2026-06-18 02:00:00,4858.537,4862.464,4855.64,4856.791
2026-06-18 03:00:00,4856.864,4857.358,4842.962,4844.024
2026-06-18 04:00:00,4844.311,4850.094,4844.056,4848.931
2026-06-18 05:00:00,4848.733,4853.275,4847.962,4849.046
2026-06-18 06:00:00,4849.202,4850.729,4843.838,4846.614
2026-06-18 07:00:00,4846.593,4848.064,4839.432,4847.144
2026-06-18 08:00:00,4847.031,4850.393,4844.088,4849.984
2026-06-18 09:00:00,4850.052,4854.866,4847.735,4854.558
2026-06-18 10:00:00,4854.634,4855.598,4850.619,4852.283
2026-06-18 11:00:00,4852.194,4857.673,4850.926,4855.934
2026-06-18 12:00:00,4855.843,4858.171,4850.319,4851.992
2026-06-18 13:00:00,4851.997,4856.366,4850.415,4856.366
2026-06-18 14:00:00,4856.42,4861.877,4854.037,4858.698
2026-06-18 15:00:00,4858.823,4859.872,4849.507,4852.732
2026-06-18 16:00:00,4852.761,4855.515,4851.512,4852.338
2026-06-18 17:00:00,4852.227,4859.216,4851.896,4855.037
2026-06-18 18:00:00,4854.888,4855.693,4850.18,4853.42
2026-06-18 19:00:00,4853.333,4853.731,4838.839,4839.133
2026-06-18 20:00:00,4839.078,4842.63,4835.524,4838.019
2026-06-18 21:00:00,4837.999,4846.158,4837.737,4845.449
2026-06-18 22:00:00,4845.232,4852.217,4844.634,4850.538
2026-06-18 23:00:00,4850.523,4851.199,4842.044,4844.204
2026-06-19 00:00:00,4844.414,4851.222,4842.799,4847.998
2026-06-19 01:00:00,4847.91,4857.24,4847.806,4855.069
2026-06-19 02:00:00,4855.025,4855.07,4846.842,4847.098
2026-06-19 03:00:00,4846.987,4855.448,4846.83,4849.421
2026-06-19 04:00:00,4849.196,4849.795,4846.047,4848.369
2026-06-19 05:00:00,4848.256,4851.183,4845.672,4847.45
2026-06-19 06:00:00,4847.464,4847.464,4836.538,4839.603
2026-06-19 07:00:00,4839.694,4846.319,4838.305,4842.002
2026-06-19 08:00:00,4841.803,4845.787,4838.894,4840.984
2026-06-19 09:00:00,4841.05,4841.05,4828.523,4829.518
2026-06-19 10:00:00,4829.661,4841.036,4829.355,4837.693
2026-06-19 11:00:00,4837.65,4847.432,4837.436,4846.291
2026-06-19 12:00:00,4846.261,4846.348,4839.996,4840.7
2026-06-19 13:00:00,4840.763,4844.397,4835.055,4835.418
2026-06-19 14:00:00,4835.389,4840.208,4833.636,4835.219
2026-06-19 15:00:00,4835.376,4837.318,4831.301,4835.786
2026-06-19 16:00:00,4836.003,4837.259,4827.793,4828.986
2026-06-19 17:00:00,4828.915,4831.928,4826.381,4829.616
2026-06-19 18:00:00,4829.515,4832.308,4823.318,4823.792
2026-06-19 19:00:00,4823.71,4825.471,4818.167,4822.244
2026-06-19 20:00:00,4822.502,4824.708,4820.206,4822.289
2026-06-19 21:00:00,4822.042,4824.826,4819.359,4821.93
2026-06-19 22:00:00,4821.671,4824.879,4817.842,4823.554
2026-06-19 23:00:00,4823.521,4824.003,4818.36,4819.471
2026-06-20 00:00:00,4819.474,4825.775,4816.946,4821.612
2026-06-20 01:00:00,4821.651,4827.82,4818.772,4826.873
2026-06-20 02:00:00,4826.815,4829.509,4821.449,4828.869
2026-06-20 03:00:00,4829.023,4834.008,4827.705,4830.158
2026-06-20 04:00:00,4830.355,4832.137,4825.642,4828.775
2026-06-20 05:00:00,4828.787,4842.069,4828.624,4839.938
2026-06-20 06:00:00,4839.926,4842.825,4834.043,4835.619
2026-06-20 07:00:00,4835.647,4836.765,4831.012,4834.888
2026-06-20 08:00:00,4834.735,4837.847,4829.478,4831.011
2026-06-20 09:00:00,4830.907,4834.492,4825.864,4832.656
2026-06-20 10:00:00,4832.548,4835.19,4828.199,4830.852
2026-06-20 11:00:00,4830.968,4831.451,4822.692,4825.409
2026-06-20 12:00:00,4825.18,4826.042,4812.327,4813.115
2026-06-20 13:00:00,4813.114,4814.285,4810.386,4811.252
2026-06-20 14:00:00,4811.018,4811.979,4802.235,4804.072
2026-06-20 15:00:00,4804.12,4805.637,4801.803,4802.126
2026-06-20 16:00:00,4802.286,4803.597,4798.411,4799.323
2026-06-20 17:00:00,4799.301,4800.753,4795.543,4799.533
2026-06-20 18:00:00,4799.342,4800.12,4793.39,4795.976
2026-06-20 19:00:00,4795.901,4799.797,4793.027,4794.424
2026-06-20 20:00:00,4794.143,4802.266,4793.374,4795.026
2026-06-20 21:00:00,4795.16,4802.535,4795.007,4797.199
2026-06-20 22:00:00,4797.183,4798.809,4793.362,4794.845
2026-06-20 23:00:00,4795.013,4800.757,4795.003,4797.056
2026-06-21 00:00:00,4797.085,4802.096,4792.987,4795.248
2026-06-21 01:00:00,4794.96,4797.347,4790.621,4796.441
2026-06-21 02:00:00,4796.605,4805.251,4796.288,4798.49
2026-06-21 03:00:00,4798.498,4801.57,4796.059,4800.699
2026-06-21 04:00:00,4800.771,4801.158,4794.138,4794.691
2026-06-21 05:00:00,4794.752,4795.361,4787.066,4790.984
2026-06-21 06:00:00,4790.957,4794.576,4787.466,4793.915
2026-06-21 07:00:00,4794.015,4800.459,4793.552,4799.693
2026-06-21 08:00:00,4799.644,4806.713,4799.074,4804.861
2026-06-21 09:00:00,4805.07,4807.228,4799.741,4803.206
2026-06-21 10:00:00,4803.164,4805.661,4798.702,4799.064
2026-06-21 11:00:00,4798.985,4807.59,4798.665,4807.34
2026-06-21 12:00:00,4807.202,4812.011,4805.558,4806.161
2026-06-21 13:00:00,4806.097,4813.79,4803.323,4812.656
2026-06-21 14:00:00,4812.573,4816.156,4810.928,4813.228
2026-06-21 15:00:00,4813.45,4820.598,4812.537,4818.541
2026-06-21 16:00:00,4818.348,4821.093,4811.998,4812.492
2026-06-21 17:00:00,4812.364,4813.033,4806.503,4811.776
2026-06-21 18:00:00,4811.763,4812.771,4802.609,4802.725
2026-06-21 19:00:00,4802.708,4806.698,4798.867,4799.27
2026-06-21 20:00:00,4799.267,4808.377,4798.7,4805.908
2026-06-21 21:00:00,4806.0,4807.906,4801.041,4807.368
2026-06-21 22:00:00,4807.265,4811.325,4805.847,4808.566
2026-06-21 23:00:00,4808.551,4810.266,4801.24,4806.847
2026-06-22 00:00:00,4806.674,4808.54,4798.839,4799.135
2026-06-22 01:00:00,4799.083,4802.339,4796.205,4799.107
2026-06-22 02:00:00,4799.163,4801.278,4792.485,4794.274
2026-06-22 03:00:00,4794.17,4805.125,4793.393,4805.088
2026-06-22 04:00:00,4805.002,4807.725,4803.498,4805.124
2026-06-22 05:00:00,4805.268,4816.493,4804.249,4814.471
2026-06-22 06:00:00,4814.66,4818.119,4811.301,4817.203
2026-06-22 07:00:00,4817.079,4825.309,4815.116,4824.448
2026-06-22 08:00:00,4824.497,4832.692,4823.212,4831.027
2026-06-22 09:00:00,4831.196,4835.94,4826.718,4826.897
2026-06-22 10:00:00,4826.992,4830.87,4824.124,4826.698
2026-06-22 11:00:00,4826.775,4836.367,4826.736,4835.541
2026-06-22 12:00:00,4835.344,4837.584,4832.484,4835.029
2026-06-22 13:00:00,4835.15,4841.817,4831.717,4839.714
2026-06-22 14:00:00,4839.745,4851.627,4838.888,4850.237
2026-06-22 15:00:00,4850.124,4865.065,4849.568,4865.065
2026-06-22 16:00:00,4865.022,4872.343,4864.191,4869.219
2026-06-22 17:00:00,4869.401,4869.998,4863.58,4864.347
2026-06-22 18:00:00,4864.411,4865.372,4858.333,4865.271
2026-06-22 19:00:00,4865.436,4870.132,4861.625,4865.397
2026-06-22 20:00:00,4865.273,4865.643,4854.539,4856.474
2026-06-22 21:00:00,4856.728,4857.147,4849.763,4850.882
2026-06-22 22:00:00,4850.757,4857.781,4850.491,4855.202
2026-06-22 23:00:00,4855.276,4857.687,4851.438,4852.748
2026-06-23 00:00:00,4852.734,4853.843,4835.199,4836.481
2026-06-23 01:00:00,4836.527,4841.358,4833.927,4838.911
2026-06-23 02:00:00,4838.931,4842.363,4832.134,4832.182
2026-06-23 03:00:00,4832.305,4835.133,4820.18,4824.086
2026-06-23 04:00:00,4824.222,4826.703,4821.873,4824.115
2026-06-23 05:00:00,4824.078,4826.578,4816.8,4817.698
2026-06-23 06:00:00,4817.827,4820.051,4813.789,4818.294
2026-06-23 07:00:00,4818.242,4825.483,4815.167,4819.39
2026-06-23 08:00:00,4819.467,4829.945,4819.323,4829.247
2026-06-23 09:00:00,4829.091,4830.424,4821.604,4825.865
2026-06-23 10:00:00,4825.875,4832.226,4825.073,4829.621
2026-06-23 11:00:00,4829.79,4837.781,4829.436,4833.909
2026-06-23 12:00:00,4833.899,4840.834,4833.578,4840.462
2026-06-23 13:00:00,4840.544,4846.905,4838.352,4842.245
2026-06-23 14:00:00,4842.294,4843.185,4839.481,4840.297
2026-06-23 15:00:00,4840.434,4845.841,4837.332,4845.411
2026-06-23 16:00:00,4845.221,4849.458,4840.983,4848.293
2026-06-23 17:00:00,4848.105,4849.182,4844.079,4849.182
2026-06-23 18:00:00,4849.369,4851.048,4842.227,4844.334
2026-06-23 19:00:00,4844.203,4847.044,4840.393,4844.859
2026-06-23 20:00:00,4844.891,4846.792,4839.314,4844.049
2026-06-23 21:00:00,4844.045,4849.096,4842.019,4847.346
2026-06-23 22:00:00,4847.192,4849.548,4842.575,4848.765
2026-06-23 23:00:00,4848.986,4850.913,4844.218,4850.399
2026-06-24 00:00:00,4850.279,4851.912,4845.787,4847.804
2026-06-24 01:00:00,4847.753,4853.431,4847.708,4852.435
2026-06-24 02:00:00,4852.323,4859.519,4852.096,4855.943
2026-06-24 03:00:00,4856.055,4856.172,4846.967,4848.736
2026-06-24 04:00:00,4848.707,4853.056,4847.119,4848.646
2026-06-24 05:00:00,4848.757,4855.005,4847.374,4853.455
2026-06-24 06:00:00,4853.423,4856.58,4848.447,4856.003
2026-06-24 07:00:00,4856.156,4859.355,4853.836,4859.188
2026-06-24 08:00:00,4859.038,4866.387,4856.474,4860.727
2026-06-24 09:00:00,4860.815,4862.267,4857.205,4859.488
2026-06-24 10:00:00,4859.657,4859.707,4852.579,4853.584
2026-06-24 11:00:00,4853.509,4856.191,4847.143,4854.08
2026-06-24 12:00:00,4854.056,4858.153,4852.014,4857.542
2026-06-24 13:00:00,4857.55,4867.305,4857.55,4866.077
2026-06-24 14:00:00,4866.28,4871.042,4862.743,4863.791
2026-06-24 15:00:00,4863.551,4865.337,4857.895,4862.986
2026-06-24 16:00:00,4863.131,4868.587,4860.755,4868.529
2026-06-24 17:00:00,4868.55,4872.217,4861.876,4862.586
2026-06-24 18:00:00,4862.669,4870.187,4862.32,4866.837
2026-06-24 19:00:00,4866.782,4869.305,4856.004,4862.298
2026-06-24 20:00:00,4862.466,4873.681,4862.219,4870.17
2026-06-24 21:00:00,4870.068,4876.854,4869.034,4871.015
2026-06-24 22:00:00,4871.14,4871.822,4867.235,4868.974
2026-06-24 23:00:00,4868.87,4873.072,4864.494,4868.483
2026-06-25 00:00:00,4868.474,4872.33,4866.027,4869.597
2026-06-25 01:00:00,4869.51,4874.957,4865.56,4872.979
2026-06-25 02:00:00,4873.039,4877.088,4871.818,4873.95
2026-06-25 03:00:00,4873.843,4874.562,4866.419,4867.182
2026-06-25 04:00:00,4867.247,4874.398,4866.773,4869.109
2026-06-25 05:00:00,4868.905,4870.583,4865.327,4868.793
2026-06-25 06:00:00,4868.639,4877.738,4868.314,4877.612
2026-06-25 07:00:00,4877.541,4882.033,4876.882,4879.921
2026-06-25 08:00:00,4879.993,4880.153,4869.021,4870.07
2026-06-25 09:00:00,4870.128,4876.519,4868.005,4874.712
2026-06-25 10:00:00,4874.732,4879.894,4874.445,4878.53
2026-06-25 11:00:00,4878.66,4890.061,4876.664,4886.185
2026-06-25 12:00:00,4885.959,4891.011,4879.692,4886.35
2026-06-25 13:00:00,4886.188,4889.31,4879.891,4887.24
2026-06-25 14:00:00,4887.052,4891.148,4883.284,4890.575
2026-06-25 15:00:00,4890.538,4891.492,4885.2,4886.114
2026-06-25 16:00:00,4885.982,4889.487,4884.025,4887.675
2026-06-25 17:00:00,4887.77,4893.861,4885.734,4892.842
2026-06-25 18:00:00,4892.916,4897.799,4890.64,4897.766
2026-06-25 19:00:00,4897.768,4898.099,4894.417,4896.968
2026-06-25 20:00:00,4897.153,4897.268,4888.462,4890.949
2026-06-25 21:00:00,4891.245,4891.972,4886.197,4886.88
2026-06-25 22:00:00,4886.795,4888.315,4877.716,4878.45
2026-06-25 23:00:00,4878.365,4883.654,4875.193,4882.101
2026-06-26 00:00:00,4882.096,4882.873,4875.354,4879.293
2026-06-26 01:00:00,4879.322,4883.898,4876.206,4882.19
2026-06-26 02:00:00,4882.552,4891.638,4879.486,4889.179
2026-06-26 03:00:00,4889.339,4892.281,4883.361,4891.189
2026-06-26 04:00:00,4891.179,4892.174,4886.028,4889.63
2026-06-26 05:00:00,4889.633,4896.593,4889.633,4892.035
2026-06-26 06:00:00,4891.863,4894.795,4889.995,4891.368
2026-06-26 07:00:00,4891.537,4894.749,4887.477,4894.502
2026-06-26 08:00:00,4894.51,4894.51,4883.341,4884.808
2026-06-26 09:00:00,4884.783,4885.219,4880.416,4882.478
2026-06-26 10:00:00,4882.435,4883.541,4879.618,4883.431
2026-06-26 11:00:00,4883.464,4887.793,4880.606,4882.237
2026-06-26 12:00:00,4882.22,4882.841,4876.839,4879.153
2026-06-26 13:00:00,4879.221,4883.916,4875.913,4882.385
2026-06-26 14:00:00,4882.41,4892.873,4881.675,4891.494
2026-06-26 15:00:00,4891.493,4893.343,4884.251,4886.735
2026-06-26 16:00:00,4886.927,4892.378,4884.776,4890.728
2026-06-26 17:00:00,4890.692,4899.456,4887.95,4898.961
2026-06-26 18:00:00,4899.255,4899.255,4892.854,4895.633
2026-06-26 19:00:00,4895.58,4905.08,4895.58,4898.605
2026-06-26 20:00:00,4898.687,4904.591,4898.077,4903.566
2026-06-26 21:00:00,4903.511,4905.343,4899.595,4900.48
2026-06-26 22:00:00,4900.471,4902.628,4895.32,4899.903
2026-06-26 23:00:00,4899.905,4901.95,4893.988,4895.194
2026-06-27 00:00:00,4895.347,4904.895,4892.657,4903.128
2026-06-27 01:00:00,4903.197,4906.725,4901.702,4903.209
2026-06-27 02:00:00,4903.133,4904.458,4896.034,4900.255
2026-06-27 03:00:00,4900.197,4909.583,4899.156,4909.007
2026-06-27 04:00:00,4909.172,4916.539,4907.917,4911.452
2026-06-27 05:00:00,4911.472,4913.64,4908.739,4909.54
2026-06-27 06:00:00,4909.514,4912.08,4907.379,4911.86
2026-06-27 07:00:00,4911.808,4926.305,4909.654,4925.653
2026-06-27 08:00:00,4925.655,4932.512,4923.753,4928.578
2026-06-27 09:00:00,4928.688,4930.461,4914.57,4919.008
2026-06-27 10:00:00,4918.766,4929.912,4918.163,4926.479
2026-06-27 11:00:00,4926.375,4933.083,4926.375,4930.048
2026-06-27 12:00:00,4930.02,4935.125,4928.644,4933.741
2026-06-27 13:00:00,4933.755,4935.794,4932.136,4935.338
2026-06-27 14:00:00,4935.621,4938.284,4928.579,4930.349
2026-06-27 15:00:00,4930.331,4936.069,4929.606,4930.345
2026-06-27 16:00:00,4930.312,4944.275,4929.217,4942.208
2026-06-27 17:00:00,4942.489,4949.964,4939.144,4944.547
2026-06-27 18:00:00,4944.597,4952.208,4944.249,4948.83
2026-06-27 19:00:00,4948.677,4952.349,4945.808,4950.918
2026-06-27 20:00:00,4950.788,4963.114,4950.782,4962.493
2026-06-27 21:00:00,4962.65,4964.524,4951.155,4953.909
2026-06-27 22:00:00,4953.841,4959.849,4951.87,4954.414
2026-06-27 23:00:00,4954.573,4960.431,4954.246,4957.463
2026-06-28 00:00:00,4957.167,4962.985,4954.948,4958.797
2026-06-28 01:00:00,4958.989,4969.096,4956.171,4965.941
2026-06-28 02:00:00,4965.81,4970.975,4965.204,4969.738
2026-06-28 03:00:00,4969.662,4973.886,4963.699,4973.681
2026-06-28 04:00:00,4973.659,4975.649,4967.811,4968.248
2026-06-28 05:00:00,4968.27,4978.842,4965.203,4977.514
2026-06-28 06:00:00,4977.606,4981.745,4970.99,4973.453
2026-06-28 07:00:00,4973.574,4974.149,4966.143,4966.903
2026-06-28 08:00:00,4966.864,4968.074,4958.145,4962.887
2026-06-28 09:00:00,4962.883,4964.611,4956.786,4960.632
2026-06-28 10:00:00,4960.607,4969.904,4959.311,4965.77
2026-06-28 11:00:00,4965.771,4965.771,4955.49,4958.056
2026-06-28 12:00:00,4957.976,4964.632,4955.954,4959.12
2026-06-28 13:00:00,4958.96,4963.102,4954.311,4960.869
2026-06-28 14:00:00,4960.934,4965.128,4958.112,4961.429
2026-06-28 15:00:00,4961.535,4966.365,4959.746,4963.014
2026-06-28 16:00:00,4963.055,4968.53,4961.698,4966.612
2026-06-28 17:00:00,4966.817,4970.833,4962.951,4968.67
2026-06-28 18:00:00,4968.746,4971.647,4965.925,4966.761
2026-06-28 19:00:00,4966.812,4976.758,4966.743,4974.744
2026-06-28 20:00:00,4974.591,4977.861,4969.364,4975.265
2026-06-28 21:00:00,4975.175,4975.38,4964.91,4966.947
2026-06-28 22:00:00,4966.743,4972.255,4966.345,4971.504
2026-06-28 23:00:00,4971.519,4972.173,4964.422,4965.324
2026-06-29 00:00:00,4965.293,4974.78,4960.75,4973.673
2026-06-29 01:00:00,4973.794,4985.484,4973.145,4983.046
2026-06-29 02:00:00,4983.183,4985.343,4977.945,4978.971
2026-06-29 03:00:00,4979.003,4980.05,4967.484,4968.028
2026-06-29 04:00:00,4968.08,4971.546,4965.628,4966.569
2026-06-29 05:00:00,4966.617,4966.987,4955.914,4959.783
2026-06-29 06:00:00,4959.742,4962.344,4954.458,4954.695
2026-06-29 07:00:00,4954.659,4955.381,4939.678,4946.078
2026-06-29 08:00:00,4945.979,4950.608,4940.016,4940.649
2026-06-29 09:00:00,4940.809,4948.389,4940.576,4942.611
2026-06-29 10:00:00,4942.704,4947.156,4939.895,4944.288
2026-06-29 11:00:00,4944.231,4953.48,4942.318,4953.334
2026-06-29 12:00:00,4953.191,4957.747,4951.952,4957.747
2026-06-29 13:00:00,4957.502,4961.909,4952.805,4952.805
2026-06-29 14:00:00,4952.83,4953.431,4947.202,4952.703
2026-06-29 15:00:00,4952.768,4956.805,4951.001,4953.17
2026-06-29 16:00:00,4953.482,4956.61,4952.471,4954.852
2026-06-29 17:00:00,4954.994,4959.056,4952.344,4957.456
2026-06-29 18:00:00,4957.389,4962.524,4952.894,4960.394
2026-06-29 19:00:00,4960.597,4966.165,4958.337,4958.866
2026-06-29 20:00:00,4958.606,4973.314,4958.309,4973.103
2026-06-29 21:00:00,4973.375,4979.084,4972.197,4975.109
2026-06-29 22:00:00,4975.426,4979.957,4973.145,4979.058
2026-06-29 23:00:00,4979.034,4987.116,4977.576,4987.052
2026-06-30 00:00:00,4986.918,4994.946,4986.348,4992.635
2026-06-30 01:00:00,4992.761,4995.678,4985.853,4986.046
2026-06-30 02:00:00,4985.93,4994.204,4981.601,4993.217
2026-06-30 03:00:00,4993.432,5005.118,4992.183,5004.702
2026-06-30 04:00:00,5004.601,5007.415,4999.983,5005.964
2026-06-30 05:00:00,5005.753,5009.846,5004.408,5008.292
2026-06-30 06:00:00,5008.3,5019.609,5006.426,5019.422
2026-06-30 07:00:00,5019.342,5020.721,5011.421,5013.16
2026-06-30 08:00:00,5013.14,5014.171,5007.216,5008.891
2026-06-30 09:00:00,5008.784,5008.994,4996.5,4997.205
2026-06-30 10:00:00,4997.196,4999.203,4993.613,4995.386
2026-06-30 11:00:00,4995.435,5002.305,4995.093,5000.311
2026-06-30 12:00:00,5000.093,5007.543,4997.719,5003.641
2026-06-30 13:00:00,5003.73,5007.933,5002.555,5005.379
2026-06-30 14:00:00,5005.402,5013.238,5003.465,5012.067
2026-06-30 15:00:00,5011.923,5012.496,5000.228,5000.981
2026-06-30 16:00:00,5000.9,5004.217,4995.539,5002.503
2026-06-30 17:00:00,5002.628,5007.721,4998.564,5005.131
2026-06-30 18:00:00,5005.163,5016.228,5005.044,5012.844
2026-06-30 19:00:00,5012.845,5021.088,5012.845,5018.143
2026-06-30 20:00:00,5018.206,5019.298,5012.363,5016.303
2026-06-30 21:00:00,5016.283,5018.036,5010.856,5013.768
2026-06-30 22:00:00,5013.808,5014.347,5003.235,5006.674
2026-06-30 23:00:00,5007.026,5012.069,5006.194,5011.227
2026-07-01 00:00:00,5011.316,5015.124,5007.002,5008.499
2026-07-01 01:00:00,5008.427,5009.335,5000.378,5003.037
2026-07-01 02:00:00,5002.811,5003.343,4997.8,5000.521
2026-07-01 03:00:00,5000.458,5005.516,4997.53,4997.815
2026-07-01 04:00:00,4997.569,4998.859,4986.034,4986.533
2026-07-01 05:00:00,4986.604,4988.407,4979.994,4981.747
2026-07-01 06:00:00,4981.879,4982.194,4970.603,4971.112
2026-07-01 07:00:00,4971.122,4975.498,4970.651,4971.703
2026-07-01 08:00:00,4971.736,4974.942,4964.499,4965.504
2026-07-01 09:00:00,4965.373,4975.642,4964.166,4971.051
2026-07-01 10:00:00,4970.906,4971.207,4955.681,4956.235
2026-07-01 11:00:00,4956.051,4958.321,4943.553,4945.187
2026-07-01 12:00:00,4945.272,4950.805,4942.452,4943.453
2026-07-01 13:00:00,4943.463,4945.364,4938.939,4944.083
2026-07-01 14:00:00,4943.929,4947.624,4942.419,4943.465
2026-07-01 15:00:00,4943.41,4945.25,4939.156,4939.984
2026-07-01 16:00:00,4939.997,4947.276,4939.319,4946.475
2026-07-01 17:00:00,4946.581,4953.122,4943.953,4949.667
2026-07-01 18:00:00,4949.845,4956.05,4945.09,4955.321
2026-07-01 19:00:00,4955.5,4958.125,4950.661,4952.738
2026-07-01 20:00:00,4952.833,4960.106,4950.539,4959.869
2026-07-01 21:00:00,4959.76,4965.92,4958.115,4959.941
2026-07-01 22:00:00,4959.915,4960.607,4951.149,4952.713
2026-07-01 23:00:00,4952.992,4959.208,4949.278,4951.845
2026-07-02 00:00:00,4951.792,4961.83,4951.071,4961.825
2026-07-02 01:00:00,4961.852,4966.294,4961.153,4963.549
2026-07-02 02:00:00,4963.572,4971.308,4961.932,4968.883
2026-07-02 03:00:00,4969.184,4971.773,4962.909,4963.879
2026-07-02 04:00:00,4963.85,4967.229,4961.082,4965.417
2026-07-02 05:00:00,4965.461,4967.587,4956.112,4958.005
2026-07-02 06:00:00,4957.947,4958.317,4950.628,4950.628
2026-07-02 07:00:00,4950.722,4955.578,4948.757,4949.023
2026-07-02 08:00:00,4948.947,4955.807,4945.489,4949.447
2026-07-02 09:00:00,4949.399,4954.037,4945.625,4948.376
2026-07-02 10:00:00,4948.334,4951.362,4945.078,4947.297
2026-07-02 11:00:00,4947.474,4948.815,4934.607,4935.741
2026-07-02 12:00:00,4935.692,4937.765,4928.106,4934.211
2026-07-02 13:00:00,4934.17,4939.757,4932.154,4937.723
2026-07-02 14:00:00,4937.743,4938.578,4927.521,4932.567
2026-07-02 15:00:00,4932.619,4938.014,4932.421,4935.562
2026-07-02 16:00:00,4935.453,4937.383,4931.279,4937.147
2026-07-02 17:00:00,4936.914,4937.642,4924.176,4926.251
2026-07-02 18:00:00,4926.132,4936.663,4925.449,4930.726
2026-07-02 19:00:00,4930.63,4944.616,4930.629,4943.866
2026-07-02 20:00:00,4943.97,4944.222,4936.695,4938.27
2026-07-02 21:00:00,4938.435,4940.313,4935.237,4936.424
2026-07-02 22:00:00,4936.196,4938.271,4930.467,4932.787
2026-07-02 23:00:00,4932.639,4933.571,4925.925,4927.379
2026-07-03 00:00:00,4927.376,4930.767,4925.494,4927.101
2026-07-03 01:00:00,4926.942,4927.743,4921.247,4927.269
2026-07-03 02:00:00,4927.191,4935.128,4927.05,4930.024
2026-07-03 03:00:00,4930.095,4930.655,4924.956,4927.121
2026-07-03 04:00:00,4927.394,4933.811,4927.143,4930.48
2026-07-03 05:00:00,4930.344,4930.677,4922.215,4923.576
2026-07-03 06:00:00,4923.633,4926.469,4918.859,4920.774
2026-07-03 07:00:00,4920.854,4920.904,4910.634,4911.495
2026-07-03 08:00:00,4911.594,4921.587,4911.122,4919.384
2026-07-03 09:00:00,4919.362,4926.954,4917.855,4925.471
2026-07-03 10:00:00,4925.482,4930.923,4923.976,4930.172
2026-07-03 11:00:00,4930.299,4930.524,4919.313,4919.932
2026-07-03 12:00:00,4919.835,4926.214,4916.89,4926.064
2026-07-03 13:00:00,4926.015,4926.663,4919.55,4920.097
2026-07-03 14:00:00,4920.249,4931.964,4918.572,4931.498
2026-07-03 15:00:00,4931.319,4936.596,4930.029,4932.357
2026-07-03 16:00:00,4932.136,4932.543,4921.925,4923.255
2026-07-03 17:00:00,4923.122,4930.848,4921.86,4926.467
2026-07-03 18:00:00,4926.612,4929.554,4919.555,4920.86
2026-07-03 19:00:00,4920.893,4928.734,4919.261,4924.683
2026-07-03 20:00:00,4924.735,4925.737,4918.074,4925.446
2026-07-03 21:00:00,4925.487,4928.223,4923.805,4923.987
2026-07-03 22:00:00,4923.935,4924.348,4911.664,4914.926
2026-07-03 23:00:00,4914.869,4916.891,4911.975,4912.961
2026-07-04 00:00:00,4913.0,4918.697,4911.604,4917.873
2026-07-04 01:00:00,4918.063,4920.599,4903.193,4903.592
2026-07-04 02:00:00,4903.448,4903.735,4896.753,4898.304
2026-07-04 03:00:00,4898.414,4900.866,4891.986,4900.73
2026-07-04 04:00:00,4900.784,4900.784,4890.756,4897.748
2026-07-04 05:00:00,4897.774,4901.98,4894.96,4901.892
2026-07-04 06:00:00,4902.132,4902.647,4892.856,4892.891
2026-07-04 07:00:00,4893.27,4900.734,4892.054,4896.228
2026-07-04 08:00:00,4896.447,4897.936,4887.899,4889.226
2026-07-04 09:00:00,4889.272,4892.448,4886.103,4888.797
2026-07-04 10:00:00,4888.954,4896.534,4888.505,4896.256
2026-07-04 11:00:00,4896.1,4901.955,4894.921,4900.711
2026-07-04 12:00:00,4900.747,4903.804,4895.158,4899.827
2026-07-04 13:00:00,4899.67,4900.05,4892.185,4893.358
2026-07-04 14:00:00,4893.6,4895.852,4891.596,4894.419
2026-07-04 15:00:00,4894.423,4895.711,4884.153,4885.094
2026-07-04 16:00:00,4885.125,4890.901,4883.789,4887.281
2026-07-04 17:00:00,4887.09,4887.671,4881.097,4881.24
2026-07-04 18:00:00,4881.171,4882.593,4874.636,4879.567
2026-07-04 19:00:00,4879.653,4884.597,4875.564,4881.886
2026-07-04 20:00:00,4881.981,4885.827,4876.688,4877.258
2026-07-04 21:00:00,4877.14,4879.114,4872.91,4876.605
2026-07-04 22:00:00,4876.607,4886.918,4875.614,4884.214
2026-07-04 23:00:00,4884.169,4886.315,4879.591,4880.847
2026-07-05 00:00:00,4880.582,4886.268,4878.833,4879.834
2026-07-05 01:00:00,4879.723,4881.602,4874.961,4877.705
2026-07-05 02:00:00,4877.744,4884.43,4876.533,4878.287
2026-07-05 03:00:00,4878.207,4883.084,4876.251,4878.203
2026-07-05 04:00:00,4878.304,4883.161,4877.419,4881.636
2026-07-05 05:00:00,4881.755,4881.968,4874.254,4880.661
2026-07-05 06:00:00,4880.425,4881.731,4875.659,4881.563
2026-07-05 07:00:00,4881.553,4886.313,4880.624,4884.57
2026-07-05 08:00:00,4884.612,4894.671,4884.612,4893.286
2026-07-05 09:00:00,4893.171,4900.496,4892.239,4900.257
2026-07-05 10:00:00,4900.427,4904.188,4899.357,4901.045
2026-07-05 11:00:00,4901.031,4903.511,4898.277,4899.427
2026-07-05 12:00:00,4899.632,4900.0,4888.507,4892.325
2026-07-05 13:00:00,4892.338,4903.39,4891.991,4900.878
2026-07-05 14:00:00,4900.757,4908.77,4898.559,4904.988
2026-07-05 15:00:00,4904.917,4913.485,4902.648,4911.287
2026-07-05 16:00:00,4911.428,4912.484,4900.446,4900.446
2026-07-05 17:00:00,4900.528,4902.942,4893.402,4898.651
2026-07-05 18:00:00,4898.689,4907.697,4897.814,4905.924
2026-07-05 19:00:00,4905.918,4907.244,4899.306,4899.98
2026-07-05 20:00:00,4899.761,4904.233,4897.685,4903.634
2026-07-05 21:00:00,4903.5,4907.58,4902.092,4903.797
2026-07-05 22:00:00,4903.445,4908.844,4894.3,4894.799
2026-07-05 23:00:00,4894.618,4895.076,4888.255,4891.275
2026-07-06 00:00:00,4891.256,4894.609,4887.582,4890.549
2026-07-06 01:00:00,4890.44,4895.277,4889.167,4891.942
2026-07-06 02:00:00,4892.059,4894.034,4885.231,4889.301
2026-07-06 03:00:00,4889.301,4893.154,4881.57,4884.419
2026-07-06 04:00:00,4884.264,4885.83,4879.319,4884.528
2026-07-06 05:00:00,4884.504,4884.714,4872.662,4874.875
2026-07-06 06:00:00,4874.686,4875.234,4865.727,4869.355
2026-07-06 07:00:00,4869.288,4873.779,4867.223,4873.292
2026-07-06 08:00:00,4873.274,4879.075,4871.669,4873.588
2026-07-06 09:00:00,4873.642,4883.187,4873.108,4881.752
2026-07-06 10:00:00,4881.678,4891.922,4881.17,4891.151
2026-07-06 11:00:00,4890.917,4891.787,4884.136,4887.361
2026-07-06 12:00:00,4887.365,4888.915,4882.786,4887.106
2026-07-06 13:00:00,4886.933,4887.249,4880.741,4882.384
2026-07-06 14:00:00,4882.269,4886.715,4879.755,4886.328
2026-07-06 15:00:00,4886.278,4886.668,4876.941,4880.374
2026-07-06 16:00:00,4880.236,4880.421,4872.104,4872.104
2026-07-06 17:00:00,4872.084,4875.899,4870.413,4872.292
2026-07-06 18:00:00,4872.481,4875.229,4866.808,4866.808
2026-07-06 19:00:00,4866.761,4866.884,4862.453,4862.747
2026-07-06 20:00:00,4862.818,4865.286,4855.154,4858.292
2026-07-06 21:00:00,4858.524,4862.3,4855.438,4858.171
2026-07-06 22:00:00,4858.309,4860.383,4855.68,4856.988
2026-07-06 23:00:00,4857.082,4857.794,4851.181,4853.144
2026-07-07 00:00:00,4853.262,4855.123,4844.876,4847.084
2026-07-07 01:00:00,4846.986,4847.57,4841.139,4843.416
2026-07-07 02:00:00,4843.092,4846.947,4840.766,4846.102
2026-07-07 03:00:00,4846.119,4854.619,4845.611,4849.825
2026-07-07 04:00:00,4849.868,4850.564,4842.685,4844.012
2026-07-07 05:00:00,4843.969,4847.31,4840.953,4841.576
2026-07-07 06:00:00,4841.351,4848.914,4840.925,4843.246
2026-07-07 07:00:00,4843.363,4844.362,4837.296,4839.843
2026-07-07 08:00:00,4839.915,4854.953,4838.173,4854.55
2026-07-07 09:00:00,4854.68,4859.065,4853.446,4855.949
2026-07-07 10:00:00,4855.958,4863.153,4855.754,4860.22
2026-07-07 11:00:00,4860.071,4862.831,4856.657,4858.591
2026-07-07 12:00:00,4858.636,4861.937,4856.252,4856.66
2026-07-07 13:00:00,4856.759,4858.512,4852.52,4853.779
2026-07-07 14:00:00,4853.907,4854.964,4847.242,4851.474
2026-07-07 15:00:00,4851.402,4864.648,4850.545,4864.648
2026-07-07 16:00:00,4864.658,4871.807,4861.478,4869.683
2026-07-07 17:00:00,4869.536,4870.92,4862.569,4864.76
2026-07-07 18:00:00,4864.579,4869.759,4861.767,4868.782
2026-07-07 19:00:00,4868.872,4875.155,4867.176,4873.826
2026-07-07 20:00:00,4873.986,4876.088,4869.598,4875.836
2026-07-07 21:00:00,4875.731,4880.879,4871.229,4871.513
2026-07-07 22:00:00,4871.545,4874.427,4870.398,4870.659
2026-07-07 23:00:00,4870.63,4871.012,4863.995,4864.988
2026-07-08 00:00:00,4864.87,4868.303,4861.392,4864.601
2026-07-08 01:00:00,4864.498,4869.598,4860.226,4867.849
2026-07-08 02:00:00,4867.879,4870.855,4862.904,4867.646
2026-07-08 03:00:00,4867.593,4874.386,4865.954,4873.971
2026-07-08 04:00:00,4873.981,4881.36,4869.817,4878.936
2026-07-08 05:00:00,4878.996,4881.862,4873.682,4875.116
2026-07-08 06:00:00,4875.093,4875.658,4866.194,4866.424
2026-07-08 07:00:00,4866.485,4867.934,4860.468,4860.586
2026-07-08 08:00:00,4860.622,4861.839,4852.379,4853.296
2026-07-08 09:00:00,4853.101,4859.288,4851.439,4856.7
2026-07-08 10:00:00,4856.739,4860.408,4852.344,4855.97
2026-07-08 11:00:00,4855.87,4856.696,4846.867,4848.592
2026-07-08 12:00:00,4848.429,4856.028,4846.228,4852.959
2026-07-08 13:00:00,4852.768,4852.813,4845.761,4847.14
2026-07-08 14:00:00,4847.205,4847.633,4838.559,4839.502
2026-07-08 15:00:00,4839.39,4843.993,4834.575,4834.583
2026-07-08 16:00:00,4834.697,4844.338,4834.364,4842.207
2026-07-08 17:00:00,4842.368,4842.723,4836.699,4837.552
2026-07-08 18:00:00,4837.626,4839.091,4832.495,4835.733
2026-07-08 19:00:00,4835.826,4841.275,4832.652,4839.738
2026-07-08 20:00:00,4839.689,4841.104,4835.546,4838.358
2026-07-08 21:00:00,4838.431,4845.446,4837.32,4842.156
2026-07-08 22:00:00,4842.154,4844.104,4838.132,4840.389
2026-07-08 23:00:00,4840.7,4847.313,4838.848,4845.337
2026-07-09 00:00:00,4845.394,4845.982,4841.232,4841.952
2026-07-09 01:00:00,4842.101,4843.766,4837.42,4838.874
2026-07-09 02:00:00,4839.063,4842.207,4835.072,4841.36
2026-07-09 03:00:00,4841.533,4842.069,4829.806,4830.521
2026-07-09 04:00:00,4830.658,4831.614,4825.837,4829.428
2026-07-09 05:00:00,4829.341,4833.383,4827.159,4831.798
2026-07-09 06:00:00,4831.739,4832.466,4826.358,4828.037
2026-07-09 07:00:00,4828.368,4832.578,4824.623,4825.394
2026-07-09 08:00:00,4825.231,4829.629,4824.252,4828.477
2026-07-09 09:00:00,4828.478,4830.259,4825.008,4828.88
2026-07-09 10:00:00,4828.892,4830.78,4823.969,4828.3
2026-07-09 11:00:00,4828.182,4830.121,4822.725,4827.513
2026-07-09 12:00:00,4827.455,4828.238,4820.317,4821.869
2026-07-09 13:00:00,4822.056,4825.032,4809.205,4810.046
2026-07-09 14:00:00,4810.108,4820.831,4809.803,4820.085
2026-07-09 15:00:00,4820.08,4822.031,4816.058,4819.156
2026-07-09 16:00:00,4819.017,4824.058,4817.046,4818.529
2026-07-09 17:00:00,4818.521,4820.514,4811.762,4815.019
2026-07-09 18:00:00,4814.916,4815.909,4805.201,4805.63
2026-07-09 19:00:00,4805.688,4808.86,4799.809,4802.777
2026-07-09 20:00:00,4802.965,4807.782,4801.675,4805.794
2026-07-09 21:00:00,4805.816,4807.035,4801.399,4803.897
2026-07-09 22:00:00,4803.869,4805.239,4798.26,4799.026
2026-07-09 23:00:00,4799.033,4800.414,4794.175,4798.725
2026-07-10 00:00:00,4798.539,4801.107,4794.78,4800.866
2026-07-10 01:00:00,4800.866,4810.287,4797.144,4809.467
2026-07-10 02:00:00,4809.418,4814.017,4807.548,4811.549
2026-07-10 03:00:00,4811.521,4818.281,4809.822,4814.142
2026-07-10 04:00:00,4814.047,4820.099,4811.843,4816.786
2026-07-10 05:00:00,4816.935,4823.008,4815.459,4817.467
2026-07-10 06:00:00,4817.665,4819.253,4809.021,4809.899
2026-07-10 07:00:00,4809.983,4811.693,4800.236,4801.43
2026-07-10 08:00:00,4801.464,4804.63,4799.012,4802.288
2026-07-10 09:00:00,4802.387,4812.89,4802.246,4812.551
2026-07-10 10:00:00,4812.498,4816.075,4808.162,4815.137
2026-07-10 11:00:00,4814.963,4827.366,4814.435,4827.366
2026-07-10 12:00:00,4827.31,4829.496,4822.849,4822.998
2026-07-10 13:00:00,4822.93,4823.473,4815.147,4816.054
2026-07-10 14:00:00,4816.197,4829.749,4815.041,4829.154
2026-07-10 15:00:00,4829.084,4829.88,4819.623,4822.984
2026-07-10 16:00:00,4823.197,4833.586,4821.997,4831.172
2026-07-10 17:00:00,4830.982,4834.66,4827.184,4834.247
2026-07-10 18:00:00,4834.163,4845.045,4831.346,4842.041
2026-07-10 19:00:00,4841.967,4846.922,4839.933,4840.599
2026-07-10 20:00:00,4840.438,4840.825,4831.611,4835.471
2026-07-10 21:00:00,4835.458,4838.948,4833.61,4834.034
2026-07-10 22:00:00,4834.429,4839.601,4828.672,4831.559
2026-07-10 23:00:00,4831.456,4839.726,4830.633,4838.571
2026-07-11 00:00:00,4838.614,4842.471,4835.442,4839.79
2026-07-11 01:00:00,4839.636,4840.43,4833.535,4836.906
2026-07-11 02:00:00,4836.93,4838.354,4833.947,4834.631
2026-07-11 03:00:00,4834.607,4840.896,4832.989,4840.06
2026-07-11 04:00:00,4840.344,4846.624,4837.646,4841.754
2026-07-11 05:00:00,4841.73,4843.299,4837.182,4841.979
2026-07-11 06:00:00,4842.095,4849.135,4838.31,4843.583
2026-07-11 07:00:00,4843.558,4845.661,4838.769,4841.983
2026-07-11 08:00:00,4842.235,4846.853,4833.901,4838.11
2026-07-11 09:00:00,4838.312,4841.223,4834.41,4835.623
2026-07-11 10:00:00,4835.746,4836.847,4832.221,4835.931
2026-07-11 11:00:00,4835.907,4847.955,4835.416,4846.75
2026-07-11 12:00:00,4846.796,4860.069,4846.388,4860.069
2026-07-11 13:00:00,4860.034,4860.639,4851.483,4856.079
2026-07-11 14:00:00,4856.165,4857.886,4851.656,4855.197
2026-07-11 15:00:00,4855.147,4858.12,4852.108,4852.974
2026-07-11 16:00:00,4853.114,4859.815,4850.249,4850.916
2026-07-11 17:00:00,4850.868,4851.436,4844.489,4846.977
2026-07-11 18:00:00,4846.905,4846.905,4834.853,4835.339
2026-07-11 19:00:00,4835.47,4839.523,4833.511,4838.612
2026-07-11 20:00:00,4838.345,4849.708,4837.915,4843.512
2026-07-11 21:00:00,4843.553,4844.722,4839.622,4842.392
2026-07-11 22:00:00,4842.352,4843.887,4834.582,4837.208
2026-07-11 23:00:00,4837.084,4839.31,4833.466,4837.904
2026-07-12 00:00:00,4837.747,4839.208,4831.211,4834.499
2026-07-12 01:00:00,4834.411,4834.411,4822.484,4824.352
2026-07-12 02:00:00,4824.518,4829.915,4823.613,4829.305
2026-07-12 03:00:00,4829.339,4831.515,4825.025,4830.368
2026-07-12 04:00:00,4830.248,4833.44,4828.149,4829.027
2026-07-12 05:00:00,4829.031,4829.334,4815.095,4817.602
2026-07-12 06:00:00,4817.506,4817.64,4807.031,4807.757
2026-07-12 07:00:00,4807.81,4813.899,4806.302,4813.381
2026-07-12 08:00:00,4813.303,4815.921,4810.911,4813.489
2026-07-12 09:00:00,4813.535,4819.379,4812.449,4815.216
2026-07-12 10:00:00,4815.127,4822.421,4813.997,4816.68
2026-07-12 11:00:00,4816.848,4822.133,4816.714,4819.755
2026-07-12 12:00:00,4819.754,4827.13,4817.684,4826.534
2026-07-12 13:00:00,4826.475,4829.548,4823.769,4826.183
2026-07-12 14:00:00,4826.416,4833.06,4824.817,4832.679
2026-07-12 15:00:00,4832.668,4832.668,4824.667,4825.998
2026-07-12 16:00:00,4826.129,4831.976,4821.35,4821.506
2026-07-12 17:00:00,4821.67,4823.849,4815.884,4820.999
2026-07-12 18:00:00,4821.101,4823.502,4816.062,4821.739
2026-07-12 19:00:00,4821.835,4826.445,4816.585,4822.567
2026-07-12 20:00:00,4822.375,4827.755,4818.313,4826.292
2026-07-12 21:00:00,4826.276,4828.339,4823.025,4827.819
2026-07-12 22:00:00,4827.795,4832.174,4821.209,4822.082
2026-07-12 23:00:00,4822.269,4822.287,4815.429,4816.492
2026-07-13 00:00:00,4816.486,4817.901,4806.996,4812.097
2026-07-13 01:00:00,4812.052,4818.273,4810.72,4816.672
2026-07-13 02:00:00,4816.796,4819.544,4808.516,4809.211
2026-07-13 03:00:00,4809.238,4811.958,4799.986,4804.364
2026-07-13 04:00:00,4804.375,4806.412,4795.473,4800.873
2026-07-13 05:00:00,4801.168,4802.839,4795.938,4799.845
2026-07-13 06:00:00,4799.813,4801.678,4795.245,4799.818
2026-07-13 07:00:00,4799.905,4805.251,4799.58,4800.729
2026-07-13 08:00:00,4800.687,4802.291,4794.98,4796.927
2026-07-13 09:00:00,4797.077,4797.818,4793.391,4796.543
2026-07-13 10:00:00,4796.593,4804.689,4795.132,4797.904
2026-07-13 11:00:00,4797.807,4798.646,4789.075,4791.292
2026-07-13 12:00:00,4791.427,4791.461,4783.941,4788.803
2026-07-13 13:00:00,4788.54,4792.675,4782.819,4784.517
2026-07-13 14:00:00,4784.531,4787.302,4781.214,4786.966
2026-07-13 15:00:00,4787.163,4793.535,4785.488,4785.743
2026-07-13 16:00:00,4785.827,4790.717,4784.711,4785.009
2026-07-13 17:00:00,4785.033,4788.352,4782.247,4788.003
2026-07-13 18:00:00,4788.1,4789.486,4779.613,4782.461
2026-07-13 19:00:00,4782.453,4784.695,4776.212,4782.816
2026-07-13 20:00:00,4782.787,4784.694,4776.875,4780.658
2026-07-13 21:00:00,4780.825,4782.539,4777.407,4780.08
2026-07-13 22:00:00,4780.003,4781.218,4773.263,4776.586
2026-07-13 23:00:00,4776.647,4783.485,4774.77,4776.882
2026-07-14 00:00:00,4776.821,4781.527,4775.411,4781.043
2026-07-14 01:00:00,4781.138,4783.516,4771.746,4774.277
2026-07-14 02:00:00,4774.31,4779.018,4769.86,4774.629
2026-07-14 03:00:00,4774.436,4777.163,4772.166,4774.312
2026-07-14 04:00:00,4774.313,4777.423,4770.718,4773.111
2026-07-14 05:00:00,4773.233,4775.775,4768.521,4769.957
2026-07-14 06:00:00,4769.915,4779.364,4767.98,4777.98
2026-07-14 07:00:00,4777.912,4780.375,4775.119,4777.09
2026-07-14 08:00:00,4776.893,4782.137,4774.452,4776.632
2026-07-14 09:00:00,4776.637,4781.307,4774.72,4777.167
2026-07-14 10:00:00,4777.044,4781.216,4775.559,4775.938
2026-07-14 11:00:00,4776.19,4782.935,4774.349,4780.237
2026-07-14 12:00:00,4780.42,4784.185,4777.992,4783.81
2026-07-14 13:00:00,4783.925,4784.496,4779.475,4783.817
2026-07-14 14:00:00,4783.785,4787.175,4782.282,4782.282
2026-07-14 15:00:00,4782.228,4787.376,4781.702,4787.278
2026-07-14 16:00:00,4787.268,4794.86,4783.812,4792.012
2026-07-14 17:00:00,4791.853,4806.148,4791.633,4804.475
2026-07-14 18:00:00,4804.427,4807.459,4801.665,4803.929
2026-07-14 19:00:00,4803.955,4810.228,4800.568,4809.851
2026-07-14 20:00:00,4809.725,4814.893,4806.337,4808.253
2026-07-14 21:00:00,4808.118,4816.806,4807.273,4816.091
2026-07-14 22:00:00,4816.182,4820.117,4809.851,4810.544
2026-07-14 23:00:00,4810.655,4816.031,4808.644,4810.153
2026-07-15 00:00:00,4810.238,4815.522,4808.047,4815.274
2026-07-15 01:00:00,4815.201,4817.6,4805.891,4806.441
2026-07-15 02:00:00,4806.423,4813.005,4804.179,4804.276
2026-07-15 03:00:00,4804.34,4805.724,4796.829,4801.313
2026-07-15 04:00:00,4801.122,4804.444,4793.825,4794.956
2026-07-15 05:00:00,4794.844,4795.42,4787.82,4792.807
2026-07-15 06:00:00,4792.795,4799.732,4790.51,4791.612
2026-07-15 07:00:00,4791.377,4796.128,4790.847,4791.295
2026-07-15 08:00:00,4791.212,4793.648,4784.576,4789.687
2026-07-15 09:00:00,4789.633,4791.465,4786.36,4787.875
2026-07-15 10:00:00,4787.881,4790.165,4781.602,4784.484
2026-07-15 11:00:00,4784.351,4787.588,4782.806,4784.771
2026-07-15 12:00:00,4784.738,4788.72,4781.702,4786.053
2026-07-15 13:00:00,4786.28,4789.092,4783.03,4787.341
2026-07-15 14:00:00,4787.2,4790.291,4781.492,4783.311
2026-07-15 15:00:00,4783.371,4784.905,4780.309,4783.558
2026-07-15 16:00:00,4783.993,4786.972,4780.719,4780.828
2026-07-15 17:00:00,4780.731,4780.796,4765.281,4765.567
2026-07-15 18:00:00,4765.652,4773.317,4764.12,4773.317
2026-07-15 19:00:00,4773.459,4777.724,4772.175,4772.207
2026-07-15 20:00:00,4772.432,4781.251,4772.16,4780.132
2026-07-15 21:00:00,4779.864,4781.631,4776.272,4779.86
2026-07-15 22:00:00,4779.807,4783.294,4777.889,4780.065
2026-07-15 23:00:00,4779.868,4784.645,4777.647,4777.751
2026-07-16 00:00:00,4777.782,4783.114,4776.418,4781.665
2026-07-16 01:00:00,4781.816,4793.553,4780.896,4793.0
2026-07-16 02:00:00,4792.911,4795.98,4787.829,4795.198
2026-07-16 03:00:00,4795.183,4799.961,4791.534,4797.227
2026-07-16 04:00:00,4797.394,4800.619,4792.786,4794.515
2026-07-16 05:00:00,4794.734,4802.46,4787.706,4801.513
2026-07-16 06:00:00,4801.478,4805.963,4798.526,4804.285
2026-07-16 07:00:00,4804.504,4808.722,4804.442,4806.38
2026-07-16 08:00:00,4806.28,4808.376,4802.637,4807.068
2026-07-16 09:00:00,4807.082,4810.187,4805.377,4806.797
2026-07-16 10:00:00,4806.744,4806.978,4798.523,4802.493
2026-07-16 11:00:00,4802.419,4805.584,4800.483,4803.894
2026-07-16 12:00:00,4803.983,4805.145,4795.259,4796.025
2026-07-16 13:00:00,4796.097,4797.201,4789.586,4793.341
2026-07-16 14:00:00,4793.442,4793.63,4788.518,4791.377
2026-07-16 15:00:00,4790.984,4801.61,4789.624,4800.617
2026-07-16 16:00:00,4800.769,4805.066,4799.512,4801.843
2026-07-16 17:00:00,4801.672,4805.605,4797.83,4799.122
2026-07-16 18:00:00,4799.048,4805.045,4797.091,4799.944
2026-07-16 19:00:00,4800.174,4807.622,4800.077,4801.687
2026-07-16 20:00:00,4801.748,4805.581,4796.769,4805.423
2026-07-16 21:00:00,4805.486,4815.797,4805.267,4813.439
2026-07-16 22:00:00,4813.398,4816.644,4809.537,4812.428
2026-07-16 23:00:00,4812.48,4815.381,4811.314,4812.85
2026-07-17 00:00:00,4812.912,4813.558,4807.046,4809.389
2026-07-17 01:00:00,4809.606,4815.261,4806.638,4813.632
2026-07-17 02:00:00,4813.514,4816.201,4810.868,4815.035
2026-07-17 03:00:00,4815.234,4818.155,4810.975,4817.314
2026-07-17 04:00:00,4817.222,4828.15,4817.004,4827.576
2026-07-17 05:00:00,4827.536,4829.83,4825.285,4827.369
2026-07-17 06:00:00,4827.359,4830.874,4825.247,4825.646
2026-07-17 07:00:00,4825.579,4829.155,4824.677,4826.487
2026-07-17 08:00:00,4826.631,4830.094,4825.7,4828.929
2026-07-17 09:00:00,4828.822,4842.491,4827.489,4841.248
2026-07-17 10:00:00,4841.365,4849.03,4840.97,4843.749
2026-07-17 11:00:00,4843.883,4848.082,4839.446,4847.929
2026-07-17 12:00:00,4847.833,4848.5,4842.678,4844.879
2026-07-17 13:00:00,4844.941,4850.569,4842.528,4846.571
2026-07-17 14:00:00,4846.577,4848.583,4840.125,4843.913
2026-07-17 15:00:00,4843.909,4850.428,4843.633,4847.89
2026-07-17 16:00:00,4847.813,4847.813,4839.661,4844.238
2026-07-17 17:00:00,4843.944,4844.337,4836.885,4837.397
2026-07-17 18:00:00,4837.314,4838.302,4828.522,4834.751
2026-07-17 19:00:00,4834.738,4837.332,4828.954,4828.954
2026-07-17 20:00:00,4828.912,4836.295,4825.24,4834.315
2026-07-17 21:00:00,4833.936,4837.798,4833.327,4835.44
2026-07-17 22:00:00,4835.312,4839.036,4834.101,4836.517
2026-07-17 23:00:00,4836.555,4836.688,4828.3,4829.808
2026-07-18 00:00:00,4829.788,4835.065,4828.447,4834.17
2026-07-18 01:00:00,4834.242,4840.54,4832.88,4835.669
2026-07-18 02:00:00,4835.485,4843.562,4834.916,4840.976
2026-07-18 03:00:00,4840.868,4843.109,4838.334,4839.123
2026-07-18 04:00:00,4839.057,4842.662,4835.272,4835.346
2026-07-18 05:00:00,4835.236,4839.694,4830.781,4834.935
2026-07-18 06:00:00,4834.951,4837.294,4830.053,4834.822
2026-07-18 07:00:00,4834.879,4840.738,4834.228,4837.894
2026-07-18 08:00:00,4837.839,4840.094,4834.133,4835.409
2026-07-18 09:00:00,4835.336,4835.941,4829.429,4830.705
2026-07-18 10:00:00,4830.765,4832.158,4826.352,4830.615
2026-07-18 11:00:00,4830.728,4831.247,4822.781,4824.884
2026-07-18 12:00:00,4825.117,4833.331,4824.728,4826.735
2026-07-18 13:00:00,4826.785,4830.189,4824.44,4829.789
2026-07-18 14:00:00,4829.955,4830.034,4819.932,4820.718
2026-07-18 15:00:00,4820.878,4825.027,4819.088,4823.942
2026-07-18 16:00:00,4824.305,4826.058,4817.157,4820.273
2026-07-18 17:00:00,4820.373,4821.694,4817.064,4818.547
2026-07-18 18:00:00,4818.448,4821.75,4815.587,4819.684
2026-07-18 19:00:00,4819.779,4824.719,4817.942,4823.363
2026-07-18 20:00:00,4823.272,4826.411,4822.023,4823.384
2026-07-18 21:00:00,4823.484,4830.94,4821.991,4828.945
2026-07-18 22:00:00,4829.235,4829.428,4818.69,4823.316
2026-07-18 23:00:00,4823.45,4829.806,4819.913,4829.342
2026-07-19 00:00:00,4829.433,4832.111,4821.561,4821.561
2026-07-19 01:00:00,4821.544,4829.947,4821.431,4825.988
2026-07-19 02:00:00,4825.931,4836.037,4825.332,4835.609
2026-07-19 03:00:00,4835.628,4849.543,4835.622,4849.225
2026-07-19 04:00:00,4849.36,4856.856,4847.982,4855.318
2026-07-19 05:00:00,4855.227,4858.324,4849.331,4851.67
2026-07-19 06:00:00,4851.574,4853.861,4845.227,4849.357
2026-07-19 07:00:00,4849.117,4851.839,4846.8,4847.532
2026-07-19 08:00:00,4847.594,4852.51,4842.867,4842.867
2026-07-19 09:00:00,4842.76,4844.954,4836.842,4843.271
2026-07-19 10:00:00,4843.159,4845.896,4841.485,4843.653
2026-07-19 11:00:00,4843.537,4843.671,4834.444,4836.739
2026-07-19 12:00:00,4836.9,4840.396,4833.816,4840.262
2026-07-19 13:00:00,4840.412,4842.17,4838.181,4841.263
2026-07-19 14:00:00,4841.235,4843.979,4835.679,4836.027
2026-07-19 15:00:00,4835.972,4841.518,4835.542,4839.908
2026-07-19 16:00:00,4839.935,4841.256,4834.233,4836.61
2026-07-19 17:00:00,4836.458,4838.807,4833.235,4836.578
2026-07-19 18:00:00,4836.583,4839.457,4833.127,4834.22
2026-07-19 19:00:00,4834.199,4845.389,4832.052,4845.389
2026-07-19 20:00:00,4845.647,4852.979,4842.493,4852.027
2026-07-19 21:00:00,4852.172,4860.287,4851.427,4857.781
2026-07-19 22:00:00,4857.889,4860.886,4854.635,4855.712
2026-07-19 23:00:00,4855.812,4860.202,4853.726,4859.227
2026-07-20 00:00:00,4859.189,4860.085,4855.097,4856.999
2026-07-20 01:00:00,4856.845,4866.33,4856.826,4863.616
2026-07-20 02:00:00,4863.777,4865.121,4860.377,4861.237
2026-07-20 03:00:00,4861.198,4863.219,4855.3,4859.551
2026-07-20 04:00:00,4859.543,4867.161,4859.23,4866.555
2026-07-20 05:00:00,4866.481,4874.315,4865.806,4870.875
2026-07-20 06:00:00,4870.686,4873.762,4869.452,4872.385
2026-07-20 07:00:00,4872.505,4879.428,4870.831,4874.347
2026-07-20 08:00:00,4874.209,4881.573,4870.957,4880.965
2026-07-20 09:00:00,4880.981,4882.55,4875.596,4880.109
2026-07-20 10:00:00,4880.214,4881.953,4876.462,4880.053
2026-07-20 11:00:00,4879.923,4884.068,4878.339,4881.389
2026-07-20 12:00:00,4881.095,4882.555,4877.474,4880.801
2026-07-20 13:00:00,4880.682,4887.313,4880.049,4883.791
2026-07-20 14:00:00,4883.708,4885.657,4880.842,4884.589
2026-07-20 15:00:00,4884.606,4892.486,4881.941,4892.364
2026-07-20 16:00:00,4892.363,4895.222,4885.992,4886.456
2026-07-20 17:00:00,4886.596,4888.27,4883.691,4884.979
2026-07-20 18:00:00,4884.978,4890.537,4876.226,4877.742
2026-07-20 19:00:00,4877.95,4880.78,4874.578,4879.647
2026-07-20 20:00:00,4879.566,4883.281,4875.607,4880.478
2026-07-20 21:00:00,4880.503,4887.277,4879.355,4886.934
2026-07-20 22:00:00,4887.024,4889.657,4876.407,4881.682
2026-07-20 23:00:00,4881.583,4888.703,4878.39,4888.454
2026-07-21 00:00:00,4888.491,4889.656,4878.562,4880.122
2026-07-21 01:00:00,4879.985,4885.274,4875.222,4875.634
2026-07-21 02:00:00,4875.742,4879.342,4868.9,4870.272
2026-07-21 03:00:00,4870.026,4874.899,4868.321,4870.662
2026-07-21 04:00:00,4870.516,4875.073,4870.094,4872.95
2026-07-21 05:00:00,4872.843,4877.495,4866.92,4873.845
2026-07-21 06:00:00,4873.983,4876.845,4863.422,4870.324
2026-07-21 07:00:00,4870.506,4871.247,4861.643,4866.059
2026-07-21 08:00:00,4866.107,4867.635,4858.723,4859.314
2026-07-21 09:00:00,4859.306,4862.799,4855.736,4861.181
2026-07-21 10:00:00,4861.267,4869.418,4860.575,4869.418
2026-07-21 11:00:00,4869.324,4878.66,4868.179,4876.113
2026-07-21 12:00:00,4876.041,4877.116,4870.184,4872.466
2026-07-21 13:00:00,4872.475,4878.137,4871.189,4876.003
2026-07-21 14:00:00,4876.148,4881.463,4874.894,4876.694
2026-07-21 15:00:00,4876.771,4882.343,4876.306,4880.416
2026-07-21 16:00:00,4880.451,4881.784,4872.336,4873.599
2026-07-21 17:00:00,4873.723,4874.768,4862.313,4862.947
2026-07-21 18:00:00,4863.003,4869.042,4861.446,4862.725
2026-07-21 19:00:00,4862.971,4871.688,4861.282,4865.866
2026-07-21 20:00:00,4865.996,4871.863,4865.996,4870.038
2026-07-21 21:00:00,4869.967,4872.756,4866.521,4869.375
2026-07-21 22:00:00,4869.382,4874.184,4866.531,4872.787
2026-07-21 23:00:00,4872.77,4878.164,4871.842,4876.109
2026-07-22 00:00:00,4876.094,4876.689,4872.768,4874.095
2026-07-22 01:00:00,4874.078,4875.251,4862.876,4864.36
2026-07-22 02:00:00,4864.384,4869.986,4864.384,4865.575
2026-07-22 03:00:00,4865.348,4867.143,4858.802,4858.802
2026-07-22 04:00:00,4858.583,4860.216,4853.735,4858.169
2026-07-22 05:00:00,4858.038,4866.849,4856.867,4865.131
2026-07-22 06:00:00,4865.07,4870.773,4864.266,4868.13
2026-07-22 07:00:00,4868.136,4868.196,4861.114,4861.155
2026-07-22 08:00:00,4861.131,4865.899,4858.052,4864.305
2026-07-22 09:00:00,4864.178,4871.566,4863.693,4868.807
2026-07-22 10:00:00,4869.166,4875.257,4867.266,4872.718
2026-07-22 11:00:00,4872.585,4874.901,4867.747,4868.816
2026-07-22 12:00:00,4868.713,4875.27,4868.157,4869.207
2026-07-22 13:00:00,4869.328,4874.245,4867.17,4871.522
2026-07-22 14:00:00,4871.416,4876.948,4870.667,4873.521
2026-07-22 15:00:00,4873.636,4874.005,4864.667,4867.358
2026-07-22 16:00:00,4867.311,4872.316,4865.117,4871.239
2026-07-22 17:00:00,4871.251,4874.227,4867.168,4867.935
2026-07-22 18:00:00,4867.953,4871.759,4866.408,4868.271
2026-07-22 19:00:00,4868.366,4872.859,4866.559,4869.257
2026-07-22 20:00:00,4869.3,4870.227,4861.512,4862.732
2026-07-22 21:00:00,4862.812,4866.51,4859.223,4862.524
2026-07-22 22:00:00,4862.529,4863.493,4856.586,4861.999
2026-07-22 23:00:00,4861.99,4872.846,4860.415,4872.73
2026-07-23 00:00:00,4872.652,4873.82,4864.72,4866.945
2026-07-23 01:00:00,4866.842,4872.579,4865.789,4868.202
2026-07-23 02:00:00,4868.345,4872.611,4867.386,4869.958
2026-07-23 03:00:00,4870.031,4874.567,4866.968,4874.099
2026-07-23 04:00:00,4874.09,4878.688,4869.035,4876.48
2026-07-23 05:00:00,4876.266,4878.582,4866.963,4866.963
2026-07-23 06:00:00,4866.884,4870.024,4861.472,4869.532
2026-07-23 07:00:00,4869.442,4870.872,4865.89,4870.023
2026-07-23 08:00:00,4870.016,4872.519,4863.758,4871.304
2026-07-23 09:00:00,4871.313,4871.342,4865.583,4865.811
2026-07-23 10:00:00,4865.949,4866.843,4857.577,4858.984
2026-07-23 11:00:00,4859.098,4861.785,4853.938,4855.397
2026-07-23 12:00:00,4855.551,4857.084,4853.235,4854.761
2026-07-23 13:00:00,4854.505,4859.135,4852.591,4854.04
2026-07-23 14:00:00,4854.071,4854.483,4850.638,4852.619
2026-07-23 15:00:00,4852.493,4853.676,4848.927,4852.508
2026-07-23 16:00:00,4852.473,4860.281,4851.067,4858.516
2026-07-23 17:00:00,4858.825,4869.446,4856.007,4867.752
2026-07-23 18:00:00,4867.631,4874.323,4867.06,4871.973
2026-07-23 19:00:00,4871.895,4879.312,4870.947,4878.951
2026-07-23 20:00:00,4879.022,4885.903,4877.432,4879.332
2026-07-23 21:00:00,4879.254,4882.42,4877.729,4878.616
2026-07-23 22:00:00,4878.722,4879.854,4874.9,4875.46
2026-07-23 23:00:00,4875.374,4881.922,4874.601,4880.848
2026-07-24 00:00:00,4880.876,4881.0,4869.919,4871.631
2026-07-24 01:00:00,4871.491,4872.731,4864.579,4870.33
2026-07-24 02:00:00,4870.363,4876.26,4869.337,4870.099
2026-07-24 03:00:00,4869.837,4876.785,4868.95,4873.753
2026-07-24 04:00:00,4873.798,4875.484,4867.014,4870.113
2026-07-24 05:00:00,4870.069,4870.681,4865.897,4866.751
2026-07-24 06:00:00,4866.449,4876.579,4863.192,4875.662
2026-07-24 07:00:00,4875.585,4878.794,4873.458,4876.678
2026-07-24 08:00:00,4876.511,4884.379,4875.961,4883.83
2026-07-24 09:00:00,4883.796,4884.449,4876.496,4878.029
2026-07-24 10:00:00,4878.281,4884.743,4876.735,4880.116
2026-07-24 11:00:00,4879.908,4881.267,4871.422,4873.597
2026-07-24 12:00:00,4873.358,4873.997,4865.936,4865.936
2026-07-24 13:00:00,4866.015,4871.752,4863.546,4871.704
2026-07-24 14:00:00,4871.637,4872.806,4864.596,4865.547
2026-07-24 15:00:00,4865.602,4867.816,4862.781,4863.269
2026-07-24 16:00:00,4863.231,4866.366,4858.374,4864.205
2026-07-24 17:00:00,4864.142,4868.798,4862.162,4864.389
2026-07-24 18:00:00,4864.53,4870.018,4863.326,4868.297
2026-07-24 19:00:00,4868.196,4870.723,4865.064,4866.853
2026-07-24 20:00:00,4866.621,4870.042,4859.625,4863.005
2026-07-24 21:00:00,4863.145,4867.344,4855.771,4855.822
2026-07-24 22:00:00,4855.996,4857.825,4846.903,4849.755
2026-07-24 23:00:00,4849.677,4851.997,4846.093,4846.56
2026-07-25 00:00:00,4846.257,4847.984,4842.077,4847.019
2026-07-25 01:00:00,4847.017,4849.781,4841.67,4849.155
2026-07-25 02:00:00,4849.087,4854.996,4847.985,4850.511
2026-07-25 03:00:00,4850.429,4852.102,4847.444,4849.66
2026-07-25 04:00:00,4849.565,4852.637,4844.599,4845.698
2026-07-25 05:00:00,4845.48,4852.784,4842.147,4851.727
2026-07-25 06:00:00,4851.678,4854.255,4847.896,4848.16
2026-07-25 07:00:00,4847.999,4851.316,4843.557,4846.472
2026-07-25 08:00:00,4846.557,4855.669,4842.768,4854.713
2026-07-25 09:00:00,4854.639,4856.365,4851.353,4852.419
2026-07-25 10:00:00,4852.172,4854.098,4847.557,4852.762
2026-07-25 11:00:00,4852.757,4855.153,4846.856,4851.834
2026-07-25 12:00:00,4851.896,4862.936,4849.962,4862.186
2026-07-25 13:00:00,4862.122,4863.339,4856.926,4860.504
2026-07-25 14:00:00,4860.558,4864.24,4856.694,4856.856
2026-07-25 15:00:00,4856.854,4863.047,4852.523,4860.98
2026-07-25 16:00:00,4860.831,4864.101,4859.117,4863.666
2026-07-25 17:00:00,4863.688,4865.838,4861.518,4864.428
2026-07-25 18:00:00,4864.486,4868.079,4863.127,4863.833
2026-07-25 19:00:00,4863.684,4864.157,4857.28,4859.152
2026-07-25 20:00:00,4859.185,4864.476,4859.185,4861.677
2026-07-25 21:00:00,4861.787,4872.624,4861.321,4867.806
2026-07-25 22:00:00,4867.634,4871.128,4864.461,4868.997
2026-07-25 23:00:00,4869.024,4877.682,4866.69,4877.254
2026-07-26 00:00:00,4877.121,4883.753,4875.299,4882.98
2026-07-26 01:00:00,4882.945,4883.076,4873.827,4880.197
2026-07-26 02:00:00,4880.156,4888.082,4880.156,4884.769
2026-07-26 03:00:00,4884.689,4885.474,4875.21,4877.946
2026-07-26 04:00:00,4878.113,4885.083,4878.113,4885.083
2026-07-26 05:00:00,4885.146,4889.192,4882.694,4889.192
2026-07-26 06:00:00,4889.286,4889.636,4879.664,4881.025
2026-07-26 07:00:00,4880.848,4889.723,4876.834,4886.165
2026-07-26 08:00:00,4886.082,4888.384,4881.419,4884.557
2026-07-26 09:00:00,4884.41,4886.155,4879.343,4884.57
2026-07-26 10:00:00,4884.454,4897.113,4883.537,4895.495
2026-07-26 11:00:00,4895.728,4896.332,4886.672,4887.414
2026-07-26 12:00:00,4887.422,4895.38,4887.381,4893.156
2026-07-26 13:00:00,4893.175,4897.29,4891.146,4896.241
2026-07-26 14:00:00,4896.225,4898.56,4891.856,4892.472
2026-07-26 15:00:00,4892.33,4892.685,4881.284,4882.439
2026-07-26 16:00:00,4882.462,4884.265,4878.275,4881.986
2026-07-26 17:00:00,4882.025,4884.05,4873.524,4874.031
2026-07-26 18:00:00,4873.914,4874.175,4860.172,4860.275
2026-07-26 19:00:00,4860.564,4860.638,4854.809,4859.043
2026-07-26 20:00:00,4859.076,4872.043,4859.076,4872.043
2026-07-26 21:00:00,4872.076,4878.481,4870.216,4877.65
2026-07-26 22:00:00,4877.856,4888.69,4876.548,4888.69
2026-07-26 23:00:00,4888.7,4892.944,4887.379,4892.144
2026-07-27 00:00:00,4892.055,4892.904,4886.505,4890.943
2026-07-27 01:00:00,4890.787,4892.246,4878.308,4881.349
2026-07-27 02:00:00,4881.517,4886.14,4879.672,4883.615
2026-07-27 03:00:00,4883.476,4889.483,4878.577,4888.12
2026-07-27 04:00:00,4887.938,4889.793,4880.568,4889.789
2026-07-27 05:00:00,4889.803,4890.565,4877.852,4880.168
2026-07-27 06:00:00,4880.115,4880.115,4872.729,4876.63
2026-07-27 07:00:00,4876.667,4884.062,4871.325,4883.604
2026-07-27 08:00:00,4883.751,4888.79,4880.05,4880.087
2026-07-27 09:00:00,4879.926,4883.996,4876.539,4882.833
2026-07-27 10:00:00,4882.851,4886.754,4877.196,4884.107
2026-07-27 11:00:00,4884.321,4891.162,4884.036,4890.874
2026-07-27 12:00:00,4890.844,4894.057,4887.821,4890.584
2026-07-27 13:00:00,4890.878,4899.418,4890.84,4899.08
2026-07-27 14:00:00,4898.803,4901.064,4894.203,4900.809
2026-07-27 15:00:00,4900.94,4904.466,4894.579,4897.067
2026-07-27 16:00:00,4897.117,4899.069,4889.851,4892.654
2026-07-27 17:00:00,4892.833,4896.928,4891.028,4891.875
2026-07-27 18:00:00,4891.858,4901.959,4891.325,4900.331
2026-07-27 19:00:00,4900.293,4909.577,4898.58,4905.436
2026-07-27 20:00:00,4905.397,4907.725,4900.351,4901.715
2026-07-27 21:00:00,4901.538,4902.945,4894.632,4895.24
2026-07-27 22:00:00,4895.209,4898.332,4891.823,4897.026
2026-07-27 23:00:00,4896.996,4903.375,4896.976,4897.511
2026-07-28 00:00:00,4897.505,4903.486,4897.447,4898.51
2026-07-28 01:00:00,4898.614,4898.814,4888.906,4889.629
2026-07-28 02:00:00,4889.508,4889.986,4881.883,4883.08
2026-07-28 03:00:00,4883.104,4888.689,4880.587,4886.141
2026-07-28 04:00:00,4886.044,4894.717,4884.871,4894.717
2026-07-28 05:00:00,4894.702,4895.663,4885.553,4889.111
2026-07-28 06:00:00,4889.273,4893.777,4887.044,4888.336
2026-07-28 07:00:00,4888.237,4894.49,4887.076,4894.007
2026-07-28 08:00:00,4894.317,4896.93,4892.93,4894.065
2026-07-28 09:00:00,4893.959,4895.957,4889.087,4889.382
2026-07-28 10:00:00,4889.224,4901.552,4889.128,4898.447
2026-07-28 11:00:00,4898.416,4902.781,4895.721,4897.226
2026-07-28 12:00:00,4897.182,4901.467,4896.255,4897.093
2026-07-28 13:00:00,4897.127,4907.457,4897.127,4902.234
2026-07-28 14:00:00,4902.083,4904.571,4899.356,4900.451
2026-07-28 15:00:00,4900.409,4905.998,4898.681,4905.885
2026-07-28 16:00:00,4906.135,4917.003,4905.228,4915.985
2026-07-28 17:00:00,4916.143,4917.63,4909.615,4911.751
2026-07-28 18:00:00,4911.839,4912.232,4904.176,4904.597
2026-07-28 19:00:00,4904.505,4912.42,4904.326,4912.42
2026-07-28 20:00:00,4912.406,4918.053,4911.819,4913.419
2026-07-28 21:00:00,4913.397,4920.172,4913.143,4913.7
2026-07-28 22:00:00,4913.562,4915.317,4908.35,4908.483
2026-07-28 23:00:00,4908.536,4910.855,4905.447,4908.201
2026-07-29 00:00:00,4908.095,4909.701,4901.722,4902.144
2026-07-29 01:00:00,4902.055,4905.876,4898.048,4905.014
2026-07-29 02:00:00,4904.879,4906.451,4899.726,4905.26
2026-07-29 03:00:00,4905.356,4912.27,4905.041,4905.741
2026-07-29 04:00:00,4905.581,4905.649,4898.017,4899.499
2026-07-29 05:00:00,4899.467,4907.712,4897.798,4904.653
2026-07-29 06:00:00,4904.809,4912.001,4904.1,4910.563
2026-07-29 07:00:00,4910.562,4911.47,4903.067,4904.413
2026-07-29 08:00:00,4904.391,4908.424,4900.986,4904.397
2026-07-29 09:00:00,4904.116,4906.675,4901.056,4906.257
2026-07-29 10:00:00,4906.233,4912.63,4903.795,4911.649
2026-07-29 11:00:00,4911.382,4917.163,4907.02,4915.682
2026-07-29 12:00:00,4915.552,4919.954,4915.341,4915.639
2026-07-29 13:00:00,4915.907,4925.188,4913.395,4924.27
2026-07-29 14:00:00,4924.231,4932.448,4920.671,4931.855
2026-07-29 15:00:00,4931.757,4937.829,4931.514,4934.366
2026-07-29 16:00:00,4934.28,4934.431,4924.602,4925.302
2026-07-29 17:00:00,4925.31,4926.131,4917.21,4918.325
2026-07-29 18:00:00,4918.407,4919.15,4908.859,4909.37
2026-07-29 19:00:00,4909.503,4912.227,4900.591,4901.683
2026-07-29 20:00:00,4901.405,4909.207,4901.383,4903.094
2026-07-29 21:00:00,4903.024,4905.39,4899.598,4904.401
2026-07-29 22:00:00,4904.417,4908.64,4901.853,4902.66
2026-07-29 23:00:00,4902.567,4911.095,4901.4,4909.324
2026-07-30 00:00:00,4909.312,4912.331,4904.748,4905.71
2026-07-30 01:00:00,4905.774,4908.002,4900.512,4905.245
2026-07-30 02:00:00,4905.414,4913.765,4905.414,4913.765
2026-07-30 03:00:00,4913.614,4925.388,4913.614,4925.148
2026-07-30 04:00:00,4925.217,4930.451,4924.219,4930.388
2026-07-30 05:00:00,4930.234,4945.427,4929.951,4942.921
2026-07-30 06:00:00,4942.755,4946.906,4939.999,4944.17
2026-07-30 07:00:00,4944.014,4944.014,4934.554,4936.91
2026-07-30 08:00:00,4936.811,4949.285,4934.906,4949.044
2026-07-30 09:00:00,4949.023,4953.466,4946.51,4946.51
2026-07-30 10:00:00,4946.605,4951.932,4945.879,4949.852
2026-07-30 11:00:00,4949.951,4951.209,4941.189,4949.742
2026-07-30 12:00:00,4949.671,4952.415,4946.772,4948.252
2026-07-30 13:00:00,4948.374,4957.166,4945.856,4955.109
2026-07-30 14:00:00,4955.14,4957.698,4946.014,4946.63
2026-07-30 15:00:00,4946.618,4954.258,4944.466,4953.179
2026-07-30 16:00:00,4953.323,4955.657,4948.475,4954.613
2026-07-30 17:00:00,4954.434,4957.486,4951.911,4953.744
2026-07-30 18:00:00,4953.799,4960.135,4952.446,4959.962
2026-07-30 19:00:00,4960.144,4967.479,4960.032,4966.872
2026-07-30 20:00:00,4966.711,4971.486,4961.527,4961.861
2026-07-30 21:00:00,4961.804,4962.257,4951.67,4955.682
2026-07-30 22:00:00,4955.649,4957.258,4951.009,4952.245
2026-07-30 23:00:00,4952.278,4961.223,4951.462,4958.46
2026-07-31 00:00:00,4958.331,4960.976,4951.632,4954.556
2026-07-31 01:00:00,4954.513,4956.32,4947.291,4948.709
2026-07-31 02:00:00,4948.914,4949.266,4942.63,4947.226
2026-07-31 03:00:00,4947.325,4950.178,4943.191,4945.414
2026-07-31 04:00:00,4945.558,4949.247,4941.402,4945.575
2026-07-31 05:00:00,4945.713,4947.971,4940.518,4941.421
2026-07-31 06:00:00,4941.582,4943.875,4935.07,4935.35
2026-07-31 07:00:00,4935.226,4936.854,4932.193,4936.031
2026-07-31 08:00:00,4936.197,4945.883,4931.246,4942.376
2026-07-31 09:00:00,4942.259,4948.003,4941.896,4948.003
2026-07-31 10:00:00,4947.939,4948.366,4938.375,4942.144
2026-07-31 11:00:00,4942.145,4945.01,4939.959,4944.211
2026-07-31 12:00:00,4944.243,4946.121,4938.9,4942.443
2026-07-31 13:00:00,4942.208,4944.594,4937.182,4940.839
2026-07-31 14:00:00,4940.836,4940.836,4933.314,4934.083
2026-07-31 15:00:00,4933.966,4936.321,4931.387,4933.198
2026-07-31 16:00:00,4933.241,4936.977,4927.092,4929.135
2026-07-31 17:00:00,4929.194,4937.548,4927.815,4937.548
2026-07-31 18:00:00,4937.788,4939.146,4926.12,4928.773
2026-07-31 19:00:00,4928.624,4929.913,4922.821,4925.814
2026-07-31 20:00:00,4926.06,4927.514,4920.294,4924.155
2026-07-31 21:00:00,4924.261,4926.304,4919.56,4919.818
2026-07-31 22:00:00,4919.728,4923.557,4915.982,4919.047
2026-07-31 23:00:00,4919.324,4921.591,4916.098,4917.449
2026-08-01 00:00:00,4917.363,4919.749,4913.728,4916.124
2026-08-01 01:00:00,4916.468,4918.775,4912.015,4916.215
2026-08-01 02:00:00,4915.996,4918.362,4909.106,4909.421
2026-08-01 03:00:00,4909.571,4913.582,4908.639,4912.776
2026-08-01 04:00:00,4912.639,4921.599,4911.964,4920.422
2026-08-01 05:00:00,4920.399,4921.267,4911.607,4914.5
2026-08-01 06:00:00,4914.3,4914.885,4906.609,4909.761
2026-08-01 07:00:00,4909.77,4913.301,4904.159,4904.551
2026-08-01 08:00:00,4904.613,4905.8,4898.528,4899.155
2026-08-01 09:00:00,4899.267,4902.606,4895.889,4896.25
2026-08-01 10:00:00,4896.482,4896.903,4889.146,4890.258
2026-08-01 11:00:00,4890.383,4897.981,4888.996,4896.91
2026-08-01 12:00:00,4896.839,4898.638,4892.394,4895.57
2026-08-01 13:00:00,4895.688,4900.341,4895.22,4899.381
2026-08-01 14:00:00,4899.329,4901.763,4894.225,4895.213
2026-08-01 15:00:00,4895.202,4896.507,4889.098,4889.386
2026-08-01 16:00:00,4889.433,4894.123,4887.534,4888.654
2026-08-01 17:00:00,4888.557,4893.537,4884.893,4891.982
2026-08-01 18:00:00,4892.105,4895.432,4891.0,4894.801
2026-08-01 19:00:00,4894.92,4896.23,4888.368,4890.713
2026-08-01 20:00:00,4890.827,4896.963,4889.407,4896.173
2026-08-01 21:00:00,4896.107,4898.027,4892.046,4895.735
2026-08-01 22:00:00,4895.577,4898.851,4890.388,4890.791
2026-08-01 23:00:00,4890.886,4895.643,4890.844,4894.228
2026-08-02 00:00:00,4894.164,4896.478,4889.714,4895.226
2026-08-02 01:00:00,4895.202,4898.903,4893.127,4898.257
2026-08-02 02:00:00,4898.405,4902.121,4896.131,4897.06
2026-08-02 03:00:00,4897.055,4901.887,4892.45,4893.036
2026-08-02 04:00:00,4892.885,4894.152,4887.349,4888.424
2026-08-02 05:00:00,4888.427,4891.893,4886.34,4886.463
2026-08-02 06:00:00,4886.385,4889.947,4882.371,4882.553
2026-08-02 07:00:00,4882.513,4887.747,4880.775,4881.687
2026-08-02 08:00:00,4881.834,4883.519,4879.735,4882.728
2026-08-02 09:00:00,4882.913,4890.154,4881.684,4887.396
2026-08-02 10:00:00,4887.298,4889.432,4879.67,4886.237
2026-08-02 11:00:00,4886.239,4890.92,4884.775,4890.153
2026-08-02 12:00:00,4890.212,4895.612,4886.197,4886.364
2026-08-02 13:00:00,4886.407,4890.3,4882.731,4884.48
2026-08-02 14:00:00,4884.467,4886.713,4877.672,4878.447
2026-08-02 15:00:00,4878.443,4883.403,4877.444,4880.091
2026-08-02 16:00:00,4880.022,4881.499,4871.185,4876.1
2026-08-02 17:00:00,4876.187,4877.08,4872.535,4874.525
2026-08-02 18:00:00,4874.655,4875.325,4870.18,4872.523
2026-08-02 19:00:00,4872.653,4875.667,4868.605,4870.021
2026-08-02 20:00:00,4869.646,4873.291,4868.503,4871.474
2026-08-02 21:00:00,4871.406,4879.33,4871.026,4876.37
2026-08-02 22:00:00,4876.337,4883.257,4875.947,4882.974
2026-08-02 23:00:00,4883.021,4883.41,4869.104,4871.355
2026-08-03 00:00:00,4871.362,4878.464,4868.519,4869.37
2026-08-03 01:00:00,4869.336,4881.601,4868.369,4880.403
2026-08-03 02:00:00,4880.196,4883.097,4876.174,4876.408
2026-08-03 03:00:00,4876.502,4877.648,4868.899,4873.9
2026-08-03 04:00:00,4874.091,4874.518,4861.967,4865.993
2026-08-03 05:00:00,4865.664,4879.295,4865.262,4878.18
2026-08-03 06:00:00,4878.388,4887.306,4876.506,4887.233
2026-08-03 07:00:00,4887.175,4895.682,4884.97,4892.517
2026-08-03 08:00:00,4892.382,4898.175,4888.561,4889.945
2026-08-03 09:00:00,4890.166,4897.807,4889.247,4894.616
2026-08-03 10:00:00,4894.671,4894.877,4887.113,4888.557
2026-08-03 11:00:00,4888.609,4897.889,4885.841,4895.477
2026-08-03 12:00:00,4895.356,4897.607,4889.908,4893.953
2026-08-03 13:00:00,4894.056,4894.322,4889.656,4893.592
2026-08-03 14:00:00,4893.681,4898.612,4886.777,4889.359
2026-08-03 15:00:00,4889.537,4894.375,4885.977,4886.269
2026-08-03 16:00:00,4886.35,4891.786,4886.184,4889.119
2026-08-03 17:00:00,4889.178,4896.315,4888.655,4891.427
2026-08-03 18:00:00,4891.336,4898.834,4890.458,4895.709
2026-08-03 19:00:00,4895.695,4898.058,4889.273,4889.506
2026-08-03 20:00:00,4889.422,4896.732,4887.626,4896.166
2026-08-03 21:00:00,4895.931,4897.136,4890.877,4891.087
2026-08-03 22:00:00,4890.818,4904.315,4890.37,4902.877
2026-08-03 23:00:00,4902.914,4915.486,4902.44,4912.69
2026-08-04 00:00:00,4912.896,4916.364,4910.675,4912.283
2026-08-04 01:00:00,4912.045,4916.077,4906.416,4907.956
2026-08-04 02:00:00,4907.896,4909.777,4901.052,4904.576
2026-08-04 03:00:00,4904.759,4910.705,4903.12,4906.397
2026-08-04 04:00:00,4906.257,4914.166,4903.593,4913.631
2026-08-04 05:00:00,4913.531,4916.219,4910.149,4916.219
2026-08-04 06:00:00,4916.028,4916.826,4907.382,4907.932
2026-08-04 07:00:00,4907.964,4911.368,4904.423,4908.368
2026-08-04 08:00:00,4908.295,4910.015,4904.758,4907.341
2026-08-04 09:00:00,4907.486,4908.154,4900.399,4902.167
2026-08-04 10:00:00,4902.082,4906.225,4900.662,4905.467
2026-08-04 11:00:00,4905.491,4912.363,4902.525,4902.525
2026-08-04 12:00:00,4902.391,4903.893,4897.374,4900.998
2026-08-04 13:00:00,4900.65,4901.11,4890.217,4890.285
2026-08-04 14:00:00,4890.429,4894.827,4887.705,4893.342
2026-08-04 15:00:00,4893.24,4895.962,4890.381,4893.573
2026-08-04 16:00:00,4893.537,4898.218,4891.615,4897.054
2026-08-04 17:00:00,4896.984,4899.855,4891.427,4891.89
2026-08-04 18:00:00,4891.914,4898.588,4890.314,4898.118
2026-08-04 19:00:00,4898.106,4902.608,4894.19,4896.632
2026-08-04 20:00:00,4896.705,4899.046,4891.276,4894.604
2026-08-04 21:00:00,4894.67,4904.617,4894.482,4901.561
2026-08-04 22:00:00,4901.586,4917.44,4901.134,4916.153
2026-08-04 23:00:00,4916.05,4916.38,4909.533,4909.614
2026-08-05 00:00:00,4909.595,4917.34,4905.928,4915.696
2026-08-05 01:00:00,4915.61,4919.258,4911.033,4911.96
2026-08-05 02:00:00,4911.83,4913.434,4905.432,4911.699
2026-08-05 03:00:00,4911.436,4914.538,4908.031,4909.689
2026-08-05 04:00:00,4909.742,4913.375,4907.162,4909.407
2026-08-05 05:00:00,4909.536,4914.579,4908.589,4914.523
2026-08-05 06:00:00,4914.486,4918.02,4911.007,4916.173
2026-08-05 07:00:00,4916.19,4923.133,4913.759,4917.518
2026-08-05 08:00:00,4917.577,4917.694,4911.556,4915.882
2026-08-05 09:00:00,4915.865,4918.156,4905.913,4905.913
2026-08-05 10:00:00,4905.915,4913.207,4904.922,4911.748
2026-08-05 11:00:00,4911.651,4912.951,4905.588,4906.016
2026-08-05 12:00:00,4905.92,4905.964,4898.84,4899.117
2026-08-05 13:00:00,4899.097,4908.219,4898.431,4906.742
2026-08-05 14:00:00,4906.895,4907.523,4898.9,4899.288
2026-08-05 15:00:00,4899.241,4900.716,4889.428,4890.428
2026-08-05 16:00:00,4890.231,4897.81,4889.172,4895.987
2026-08-05 17:00:00,4896.02,4900.459,4894.821,4899.591
2026-08-05 18:00:00,4899.505,4899.505,4889.627,4889.801
2026-08-05 19:00:00,4889.684,4892.342,4883.371,4890.48
2026-08-05 20:00:00,4890.391,4891.657,4882.077,4884.764
2026-08-05 21:00:00,4884.755,4889.37,4882.411,4888.534
2026-08-05 22:00:00,4888.544,4888.873,4875.608,4875.669
2026-08-05 23:00:00,4875.539,4876.936,4871.295,4874.143
2026-08-06 00:00:00,4874.331,4884.111,4872.745,4880.927
2026-08-06 01:00:00,4880.816,4881.911,4873.248,4876.017
2026-08-06 02:00:00,4876.088,4879.904,4873.532,4879.841
2026-08-06 03:00:00,4879.891,4880.903,4874.336,4876.815
2026-08-06 04:00:00,4876.936,4879.942,4875.347,4877.75
2026-08-06 05:00:00,4877.873,4882.055,4875.804,4880.134
2026-08-06 06:00:00,4880.07,4880.15,4874.546,4876.725
2026-08-06 07:00:00,4876.642,4884.001,4875.462,4876.764
2026-08-06 08:00:00,4876.651,4886.502,4875.446,4883.245
2026-08-06 09:00:00,4883.158,4889.181,4881.98,4887.483
2026-08-06 10:00:00,4887.434,4890.436,4884.849,4886.577
2026-08-06 11:00:00,4886.759,4889.257,4881.597,4882.241
2026-08-06 12:00:00,4882.011,4885.096,4876.376,4883.386
2026-08-06 13:00:00,4883.429,4883.432,4878.187,4880.696
2026-08-06 14:00:00,4880.683,4887.148,4878.228,4881.527
2026-08-06 15:00:00,4881.375,4883.194,4875.469,4875.654
2026-08-06 16:00:00,4875.49,4882.596,4875.346,4879.91
2026-08-06 17:00:00,4880.135,4880.701,4868.781,4873.314
2026-08-06 18:00:00,4873.357,4876.565,4870.87,4874.197
2026-08-06 19:00:00,4874.254,4876.187,4860.8,4861.389
2026-08-06 20:00:00,4861.364,4864.001,4856.065,4861.664
2026-08-06 21:00:00,4861.71,4869.222,4861.162,4869.222
2026-08-06 22:00:00,4869.417,4870.757,4865.128,4869.988
2026-08-06 23:00:00,4870.172,4871.416,4862.54,4862.811
2026-08-07 00:00:00,4862.671,4869.613,4861.84,4863.365
2026-08-07 01:00:00,4863.014,4863.82,4853.935,4854.666
2026-08-07 02:00:00,4854.667,4857.716,4851.441,4855.422
2026-08-07 03:00:00,4855.42,4858.508,4850.642,4852.403
2026-08-07 04:00:00,4852.377,4854.632,4848.282,4853.739
2026-08-07 05:00:00,4853.879,4854.714,4848.365,4849.082
2026-08-07 06:00:00,4849.067,4849.578,4842.892,4845.746
2026-08-07 07:00:00,4845.709,4849.389,4841.987,4845.937
2026-08-07 08:00:00,4846.126,4854.407,4843.623,4852.544
2026-08-07 09:00:00,4852.467,4855.345,4846.381,4848.008
2026-08-07 10:00:00,4848.112,4854.692,4847.672,4853.696
2026-08-07 11:00:00,4853.619,4857.061,4851.246,4856.168
2026-08-07 12:00:00,4856.178,4859.143,4854.616,4856.317
2026-08-07 13:00:00,4856.309,4862.034,4854.647,4861.121
2026-08-07 14:00:00,4861.246,4863.542,4859.782,4860.952
2026-08-07 15:00:00,4860.999,4866.494,4859.677,4860.762
2026-08-07 16:00:00,4860.682,4865.266,4856.559,4859.18
2026-08-07 17:00:00,4859.025,4861.926,4856.321,4860.444
2026-08-07 18:00:00,4860.557,4866.258,4858.809,4862.571
2026-08-07 19:00:00,4862.565,4864.578,4856.763,4858.588
2026-08-07 20:00:00,4858.546,4859.191,4851.912,4857.125
2026-08-07 21:00:00,4857.238,4865.492,4856.023,4864.437
2026-08-07 22:00:00,4864.449,4864.99,4859.078,4863.065
2026-08-07 23:00:00,4863.22,4864.036,4854.696,4854.942
2026-08-08 00:00:00,4854.75,4858.086,4853.567,4856.744
2026-08-08 01:00:00,4856.821,4860.32,4854.538,4857.987
2026-08-08 02:00:00,4857.96,4860.456,4852.767,4859.871
2026-08-08 03:00:00,4859.826,4867.397,4859.826,4862.582
2026-08-08 04:00:00,4862.568,4862.604,4855.752,4857.579
2026-08-08 05:00:00,4857.559,4863.353,4857.534,4861.025
2026-08-08 06:00:00,4860.984,4862.175,4852.111,4853.811
2026-08-08 07:00:00,4853.954,4864.348,4853.954,4861.174
2026-08-08 08:00:00,4861.272,4863.354,4855.859,4859.04
2026-08-08 09:00:00,4858.833,4863.548,4857.412,4861.829
2026-08-08 10:00:00,4861.697,4862.478,4852.948,4853.722
2026-08-08 11:00:00,4853.726,4854.526,4844.148,4846.33
2026-08-08 12:00:00,4846.387,4846.387,4832.178,4833.213
2026-08-08 13:00:00,4833.224,4837.188,4830.882,4837.0
2026-08-08 14:00:00,4836.912,4838.363,4832.74,4835.327
2026-08-08 15:00:00,4835.273,4836.955,4832.34,4834.894
2026-08-08 16:00:00,4834.778,4836.835,4827.321,4827.47
2026-08-08 17:00:00,4827.668,4834.012,4826.602,4833.533
2026-08-08 18:00:00,4833.52,4836.885,4831.993,4835.011
2026-08-08 19:00:00,4834.98,4840.333,4832.505,4838.937
2026-08-08 20:00:00,4839.123,4841.94,4832.848,4836.362
2026-08-08 21:00:00,4836.45,4839.597,4828.093,4830.832
2026-08-08 22:00:00,4830.85,4833.048,4824.545,4824.753
2026-08-08 23:00:00,4824.734,4824.836,4816.245,4818.848
2026-08-09 00:00:00,4818.704,4820.708,4816.065,4818.562
2026-08-09 01:00:00,4818.583,4822.961,4814.738,4821.821
2026-08-09 02:00:00,4821.693,4823.25,4813.656,4814.305
2026-08-09 03:00:00,4814.252,4816.478,4807.394,4816.478
2026-08-09 04:00:00,4816.511,4820.136,4812.875,4814.875
2026-08-09 05:00:00,4815.039,4822.148,4812.441,4821.234
2026-08-09 06:00:00,4821.456,4826.888,4821.041,4826.039
2026-08-09 07:00:00,4825.896,4828.022,4821.998,4825.697
2026-08-09 08:00:00,4825.691,4831.153,4821.791,4825.613
2026-08-09 09:00:00,4825.518,4827.066,4821.369,4823.594
2026-08-09 10:00:00,4823.616,4826.334,4812.784,4816.271
2026-08-09 11:00:00,4816.464,4816.619,4809.795,4811.097
2026-08-09 12:00:00,4810.988,4816.022,4810.053,4815.846
2026-08-09 13:00:00,4815.948,4816.004,4807.503,4810.481
2026-08-09 14:00:00,4810.369,4812.964,4807.157,4808.854
2026-08-09 15:00:00,4808.983,4809.183,4802.063,4806.677
2026-08-09 16:00:00,4806.695,4814.034,4804.908,4814.034
2026-08-09 17:00:00,4814.008,4824.216,4811.492,4823.3
2026-08-09 18:00:00,4823.403,4830.063,4822.968,4828.783
2026-08-09 19:00:00,4829.018,4830.126,4823.267,4828.26
2026-08-09 20:00:00,4828.25,4830.714,4826.461,4828.712
2026-08-09 21:00:00,4828.861,4833.142,4828.194,4832.411
2026-08-09 22:00:00,4832.369,4839.532,4831.052,4838.97
2026-08-09 23:00:00,4838.92,4845.432,4837.166,4838.614
2026-08-10 00:00:00,4838.54,4845.8,4837.473,4842.646
2026-08-10 01:00:00,4842.744,4854.722,4841.246,4854.178
2026-08-10 02:00:00,4854.155,4854.697,4845.156,4845.62
2026-08-10 03:00:00,4845.605,4846.413,4840.532,4841.164
2026-08-10 04:00:00,4841.357,4843.558,4835.272,4835.67
2026-08-10 05:00:00,4835.712,4837.915,4830.053,4831.34
2026-08-10 06:00:00,4831.432,4832.931,4826.697,4831.62
2026-08-10 07:00:00,4831.56,4838.358,4831.522,4835.753
2026-08-10 08:00:00,4835.77,4836.067,4828.299,4832.464
2026-08-10 09:00:00,4832.598,4836.92,4831.204,4836.707
2026-08-10 10:00:00,4836.713,4839.367,4828.017,4828.104
2026-08-10 11:00:00,4828.171,4836.186,4827.265,4834.108
2026-08-10 12:00:00,4834.302,4839.03,4831.643,4832.455
2026-08-10 13:00:00,4832.479,4837.059,4829.471,4833.894
2026-08-10 14:00:00,4833.789,4835.435,4829.318,4830.092
2026-08-10 15:00:00,4830.203,4841.126,4829.824,4841.013
2026-08-10 16:00:00,4840.728,4846.685,4840.475,4844.317
2026-08-10 17:00:00,4844.394,4850.745,4844.207,4846.553
2026-08-10 18:00:00,4846.601,4846.601,4839.25,4840.202
2026-08-10 19:00:00,4840.304,4840.571,4833.412,4834.936
2026-08-10 20:00:00,4835.007,4839.438,4831.617,4838.46
2026-08-10 21:00:00,4838.372,4841.434,4833.27,4840.054
2026-08-10 22:00:00,4839.89,4842.896,4836.921,4839.239
2026-08-10 23:00:00,4839.204,4840.752,4836.106,4839.453
2026-08-11 00:00:00,4839.487,4841.902,4833.615,4834.603
2026-08-11 01:00:00,4834.692,4835.439,4829.048,4832.416
2026-08-11 02:00:00,4832.097,4836.315,4828.958,4835.622
2026-08-11 03:00:00,4835.606,4843.253,4835.051,4843.074
2026-08-11 04:00:00,4842.926,4846.345,4840.741,4842.905
2026-08-11 05:00:00,4842.767,4852.124,4840.17,4841.413
2026-08-11 06:00:00,4841.231,4849.172,4838.974,4839.721
2026-08-11 07:00:00,4839.986,4849.169,4838.397,4848.523
2026-08-11 08:00:00,4848.381,4848.715,4841.708,4843.497
2026-08-11 09:00:00,4843.404,4846.574,4838.186,4843.395
2026-08-11 10:00:00,4843.378,4845.246,4838.895,4838.895
2026-08-11 11:00:00,4838.858,4839.434,4827.851,4829.688
2026-08-11 12:00:00,4829.747,4832.32,4825.301,4825.791
2026-08-11 13:00:00,4825.684,4829.884,4823.752,4826.562
2026-08-11 14:00:00,4826.549,4829.211,4823.297,4827.306
2026-08-11 15:00:00,4827.383,4841.076,4827.066,4839.886
2026-08-11 16:00:00,4839.721,4839.721,4833.273,4834.187
2026-08-11 17:00:00,4834.319,4847.593,4834.062,4844.155
2026-08-11 18:00:00,4843.998,4846.982,4838.182,4839.115
2026-08-11 19:00:00,4838.913,4841.013,4835.238,4839.92
2026-08-11 20:00:00,4839.999,4842.314,4835.393,4837.408
2026-08-11 21:00:00,4837.477,4842.746,4835.512,4837.676
2026-08-11 22:00:00,4837.652,4839.777,4832.328,4833.611
2026-08-11 23:00:00,4833.588,4834.596,4822.349,4825.709
2026-08-12 00:00:00,4825.743,4833.148,4824.585,4828.076
2026-08-12 01:00:00,4827.968,4829.612,4823.457,4825.372
2026-08-12 02:00:00,4825.31,4828.521,4823.352,4826.525
2026-08-12 03:00:00,4826.457,4836.79,4825.891,4833.473
2026-08-12 04:00:00,4833.326,4838.519,4831.363,4838.473
2026-08-12 05:00:00,4838.522,4840.956,4831.969,4833.038
2026-08-12 06:00:00,4833.001,4834.783,4826.841,4828.054
2026-08-12 07:00:00,4827.993,4834.495,4823.398,4834.495
2026-08-12 08:00:00,4834.455,4844.762,4833.783,4842.274
2026-08-12 09:00:00,4842.31,4853.585,4841.456,4853.098
2026-08-12 10:00:00,4852.991,4856.841,4847.695,4852.229
2026-08-12 11:00:00,4852.33,4854.883,4842.452,4843.779
2026-08-12 12:00:00,4843.78,4844.369,4837.224,4839.855
2026-08-12 13:00:00,4839.918,4846.325,4836.048,4844.578
2026-08-12 14:00:00,4844.441,4845.458,4838.866,4839.108
2026-08-12 15:00:00,4839.32,4841.322,4830.385,4832.984
2026-08-12 16:00:00,4833.032,4836.19,4828.711,4832.277
2026-08-12 17:00:00,4832.638,4835.032,4824.747,4826.861
2026-08-12 18:00:00,4826.951,4828.602,4818.426,4823.914
2026-08-12 19:00:00,4824.13,4830.409,4823.956,4826.036
2026-08-12 20:00:00,4826.065,4831.225,4823.748,4827.588
2026-08-12 21:00:00,4827.575,4833.143,4824.843,4826.037
2026-08-12 22:00:00,4825.993,4826.387,4816.534,4820.348
2026-08-12 23:00:00,4820.39,4822.292,4815.917,4818.514
2026-08-13 00:00:00,4818.457,4819.799,4815.322,4818.181
2026-08-13 01:00:00,4818.186,4826.055,4816.256,4821.666
2026-08-13 02:00:00,4821.8,4831.764,4817.723,4831.006
2026-08-13 03:00:00,4830.948,4834.569,4826.217,4833.688
2026-08-13 04:00:00,4833.461,4836.593,4828.08,4828.268
2026-08-13 05:00:00,4828.048,4831.119,4823.793,4830.948
2026-08-13 06:00:00,4830.826,4832.321,4824.338,4825.288
2026-08-13 07:00:00,4825.247,4832.193,4822.397,4831.405
2026-08-13 08:00:00,4831.389,4839.629,4829.846,4837.795
2026-08-13 09:00:00,4837.764,4843.081,4835.998,4840.737
2026-08-13 10:00:00,4840.827,4853.455,4838.452,4852.822
2026-08-13 11:00:00,4852.581,4861.104,4851.735,4858.337
2026-08-13 12:00:00,4858.317,4858.678,4852.803,4853.046
2026-08-13 13:00:00,4852.983,4860.676,4849.855,4857.789
2026-08-13 14:00:00,4858.008,4867.858,4855.955,4866.53
2026-08-13 15:00:00,4866.412,4867.128,4861.848,4864.859
2026-08-13 16:00:00,4864.995,4879.299,4863.973,4878.109
2026-08-13 17:00:00,4877.916,4878.915,4873.075,4877.149
2026-08-13 18:00:00,4877.114,4882.325,4875.922,4879.221
2026-08-13 19:00:00,4879.153,4879.177,4868.447,4868.515
2026-08-13 20:00:00,4868.396,4869.824,4864.487,4866.304
2026-08-13 21:00:00,4866.264,4866.739,4857.527,4857.796
2026-08-13 22:00:00,4857.953,4861.625,4852.973,4855.795
2026-08-13 23:00:00,4855.754,4863.701,4855.445,4862.332
2026-08-14 00:00:00,4862.653,4862.653,4854.805,4859.183
2026-08-14 01:00:00,4859.119,4859.119,4853.356,4858.389
2026-08-14 02:00:00,4858.164,4866.825,4856.045,4864.849
2026-08-14 03:00:00,4864.917,4871.932,4863.3,4868.669
2026-08-14 04:00:00,4868.435,4870.277,4860.095,4865.213
2026-08-14 05:00:00,4865.188,4870.965,4863.631,4868.169
2026-08-14 06:00:00,4868.214,4872.236,4863.805,4870.654
2026-08-14 07:00:00,4870.67,4875.147,4869.511,4874.758
2026-08-14 08:00:00,4874.8,4883.362,4873.219,4883.362
2026-08-14 09:00:00,4883.381,4888.057,4881.603,4882.686
2026-08-14 10:00:00,4882.562,4889.575,4881.994,4884.826
2026-08-14 11:00:00,4884.776,4887.373,4881.016,4882.013
2026-08-14 12:00:00,4882.24,4892.179,4881.859,4889.763
2026-08-14 13:00:00,4889.773,4893.13,4886.012,4890.944
2026-08-14 14:00:00,4890.935,4893.182,4885.594,4888.131
2026-08-14 15:00:00,4888.226,4888.98,4883.499,4884.384
2026-08-14 16:00:00,4884.51,4885.871,4881.263,4883.483
2026-08-14 17:00:00,4883.632,4885.538,4878.442,4885.43
2026-08-14 18:00:00,4885.46,4894.435,4883.781,4888.612
2026-08-14 19:00:00,4888.714,4890.953,4884.324,4887.689
2026-08-14 20:00:00,4887.828,4887.959,4879.544,4879.876
2026-08-14 21:00:00,4879.981,4887.241,4875.344,4885.878
2026-08-14 22:00:00,4885.778,4887.423,4882.101,4885.137
2026-08-14 23:00:00,4885.152,4887.027,4879.547,4881.505
2026-08-15 00:00:00,4881.781,4882.635,4875.69,4877.426
2026-08-15 01:00:00,4877.334,4880.624,4863.928,4864.3
2026-08-15 02:00:00,4864.026,4869.233,4862.849,4866.227
2026-08-15 03:00:00,4866.342,4872.061,4865.118,4867.385
2026-08-15 04:00:00,4867.19,4868.908,4861.22,4863.77
2026-08-15 05:00:00,4863.679,4865.876,4858.554,4863.978
2026-08-15 06:00:00,4863.809,4863.991,4859.589,4862.175
2026-08-15 07:00:00,4862.305,4872.597,4860.664,4869.046
2026-08-15 08:00:00,4868.958,4878.075,4866.939,4877.386
2026-08-15 09:00:00,4877.502,4878.021,4868.364,4869.715
2026-08-15 10:00:00,4869.951,4875.972,4864.965,4865.223
2026-08-15 11:00:00,4865.245,4874.165,4864.641,4874.093
2026-08-15 12:00:00,4874.067,4877.215,4867.244,4874.114
2026-08-15 13:00:00,4874.151,4882.159,4872.276,4881.919
2026-08-15 14:00:00,4881.728,4883.13,4878.365,4880.772
2026-08-15 15:00:00,4880.832,4882.645,4875.718,4877.389
2026-08-15 16:00:00,4877.533,4880.874,4875.813,4878.695
2026-08-15 17:00:00,4878.63,4883.564,4876.854,4882.373
2026-08-15 18:00:00,4882.179,4883.661,4876.598,4878.41
2026-08-15 19:00:00,4878.602,4880.442,4870.318,4876.778
2026-08-15 20:00:00,4876.656,4876.892,4870.774,4872.562
2026-08-15 21:00:00,4872.851,4876.079,4868.104,4876.023
2026-08-15 22:00:00,4875.921,4879.369,4873.666,4879.099
2026-08-15 23:00:00,4879.041,4883.869,4876.428,4881.728
2026-08-16 00:00:00,4881.661,4885.987,4879.927,4881.321
2026-08-16 01:00:00,4881.41,4884.081,4877.544,4883.646
2026-08-16 02:00:00,4883.656,4883.656,4871.92,4878.712
2026-08-16 03:00:00,4878.888,4883.795,4875.252,4876.002
2026-08-16 04:00:00,4876.159,4876.472,4862.826,4864.32
2026-08-16 05:00:00,4864.226,4864.339,4858.571,4862.23
2026-08-16 06:00:00,4862.288,4864.448,4857.264,4862.476
2026-08-16 07:00:00,4862.586,4868.721,4861.303,4864.006
2026-08-16 08:00:00,4864.059,4866.105,4859.883,4863.449
2026-08-16 09:00:00,4863.265,4865.364,4859.533,4863.8
2026-08-16 10:00:00,4863.94,4865.949,4858.861,4861.81
2026-08-16 11:00:00,4861.875,4861.875,4853.27,4854.14
2026-08-16 12:00:00,4854.085,4856.364,4842.742,4843.942
2026-08-16 13:00:00,4844.046,4848.978,4842.412,4845.669
2026-08-16 14:00:00,4845.71,4847.024,4839.094,4839.852
2026-08-16 15:00:00,4839.783,4846.282,4838.962,4843.781
2026-08-16 16:00:00,4843.868,4846.692,4842.544,4845.076
2026-08-16 17:00:00,4845.034,4847.574,4840.963,4843.376
2026-08-16 18:00:00,4843.38,4846.473,4842.356,4844.134
2026-08-16 19:00:00,4844.092,4847.402,4840.065,4843.268
2026-08-16 20:00:00,4843.258,4844.577,4838.61,4844.404
2026-08-16 21:00:00,4844.463,4847.105,4834.933,4836.471
2026-08-16 22:00:00,4836.481,4841.558,4834.945,4841.226
2026-08-16 23:00:00,4841.237,4845.365,4835.967,4839.517
2026-08-17 00:00:00,4839.471,4840.283,4834.711,4835.243
2026-08-17 01:00:00,4835.19,4838.734,4834.139,4837.892
2026-08-17 02:00:00,4837.927,4844.878,4836.579,4840.889
2026-08-17 03:00:00,4841.076,4844.701,4828.063,4830.895
2026-08-17 04:00:00,4830.893,4838.572,4825.67,4826.073
2026-08-17 05:00:00,4826.205,4829.819,4824.126,4827.077
2026-08-17 06:00:00,4827.039,4828.194,4821.209,4821.633
2026-08-17 07:00:00,4821.69,4821.815,4812.824,4812.915
2026-08-17 08:00:00,4812.959,4820.759,4812.654,4820.081
2026-08-17 09:00:00,4820.051,4826.932,4817.983,4826.687
2026-08-17 10:00:00,4826.741,4834.266,4826.542,4830.505
2026-08-17 11:00:00,4830.81,4834.93,4825.104,4828.493
2026-08-17 12:00:00,4828.336,4829.447,4824.047,4827.656
2026-08-17 13:00:00,4827.802,4839.99,4826.838,4838.776
2026-08-17 14:00:00,4838.939,4838.939,4831.439,4834.201
2026-08-17 15:00:00,4834.137,4838.105,4832.19,4833.414
2026-08-17 16:00:00,4833.332,4835.425,4826.883,4828.66
2026-08-17 17:00:00,4828.7,4835.333,4826.482,4834.549
2026-08-17 18:00:00,4834.502,4837.322,4831.659,4837.276
2026-08-17 19:00:00,4837.342,4840.184,4828.345,4829.152
2026-08-17 20:00:00,4829.303,4831.837,4823.241,4825.565
2026-08-17 21:00:00,4825.451,4831.074,4823.753,4831.001
2026-08-17 22:00:00,4830.929,4833.718,4827.948,4833.393
2026-08-17 23:00:00,4833.445,4836.044,4830.243,4831.955
2026-08-18 00:00:00,4831.888,4835.515,4828.39,4832.877
2026-08-18 01:00:00,4832.777,4839.662,4830.613,4839.094
2026-08-18 02:00:00,4839.286,4839.599,4830.113,4832.833
2026-08-18 03:00:00,4832.928,4834.968,4828.573,4829.957
2026-08-18 04:00:00,4830.038,4834.527,4825.107,4825.424
2026-08-18 05:00:00,4825.411,4833.832,4823.984,4829.94
2026-08-18 06:00:00,4830.216,4836.923,4829.799,4835.161
2026-08-18 07:00:00,4835.002,4836.75,4830.538,4832.664
2026-08-18 08:00:00,4832.473,4835.86,4830.182,4835.813
2026-08-18 09:00:00,4835.742,4839.706,4834.195,4837.243
2026-08-18 10:00:00,4837.056,4837.097,4830.696,4833.838
2026-08-18 11:00:00,4833.64,4833.98,4824.814,4827.998
2026-08-18 12:00:00,4827.833,4832.337,4826.249,4831.599
2026-08-18 13:00:00,4831.418,4841.737,4829.024,4838.608
2026-08-18 14:00:00,4838.611,4843.333,4837.753,4842.695
2026-08-18 15:00:00,4842.762,4844.153,4836.125,4837.099
2026-08-18 16:00:00,4837.083,4838.969,4830.799,4834.287
2026-08-18 17:00:00,4834.498,4835.348,4829.305,4833.071
2026-08-18 18:00:00,4833.261,4834.312,4826.658,4830.043
2026-08-18 19:00:00,4830.04,4833.334,4825.31,4828.5
2026-08-18 20:00:00,4828.444,4831.875,4827.955,4831.281
2026-08-18 21:00:00,4831.179,4842.393,4829.186,4841.874
2026-08-18 22:00:00,4842.084,4843.87,4836.724,4837.408
2026-08-18 23:00:00,4837.293,4840.118,4832.728,4839.675
2026-08-19 00:00:00,4839.771,4841.265,4835.424,4837.055
2026-08-19 01:00:00,4837.275,4849.581,4837.113,4849.448
2026-08-19 02:00:00,4849.717,4855.373,4847.374,4854.559
2026-08-19 03:00:00,4854.708,4859.933,4853.893,4858.104
2026-08-19 04:00:00,4858.096,4861.719,4855.686,4855.686
2026-08-19 05:00:00,4855.486,4858.388,4853.596,4855.047
2026-08-19 06:00:00,4854.949,4856.921,4847.506,4849.933
2026-08-19 07:00:00,4849.864,4852.185,4844.812,4846.508
2026-08-19 08:00:00,4846.505,4854.281,4844.599,4853.149
2026-08-19 09:00:00,4853.525,4855.994,4850.825,4853.61
2026-08-19 10:00:00,4853.463,4853.463,4844.396,4848.634
2026-08-19 11:00:00,4848.613,4850.507,4844.967,4848.331
2026-08-19 12:00:00,4848.396,4854.303,4846.402,4847.543
2026-08-19 13:00:00,4847.61,4850.04,4842.414,4845.298
2026-08-19 14:00:00,4845.256,4846.329,4838.12,4838.651
2026-08-19 15:00:00,4838.678,4844.481,4838.07,4841.613
2026-08-19 16:00:00,4841.769,4843.599,4837.545,4838.117
2026-08-19 17:00:00,4838.03,4841.103,4835.858,4839.724
2026-08-19 18:00:00,4839.812,4843.319,4837.171,4840.069
2026-08-19 19:00:00,4839.88,4841.385,4833.185,4833.469
2026-08-19 20:00:00,4833.502,4833.734,4825.795,4827.787
2026-08-19 21:00:00,4827.899,4827.905,4816.801,4822.839
2026-08-19 22:00:00,4822.887,4825.93,4821.172,4822.479
2026-08-19 23:00:00,4822.26,4826.06,4818.069,4820.288
2026-08-20 00:00:00,4820.051,4820.282,4812.039,4814.702
2026-08-20 01:00:00,4814.604,4819.653,4810.037,4813.039
2026-08-20 02:00:00,4813.04,4818.825,4811.632,4813.0
2026-08-20 03:00:00,4813.082,4817.221,4808.888,4817.114
2026-08-20 04:00:00,4817.045,4821.365,4813.519,4817.89
2026-08-20 05:00:00,4818.083,4825.135,4815.824,4824.901
2026-08-20 06:00:00,4824.918,4828.307,4817.863,4820.131
2026-08-20 07:00:00,4820.085,4820.12,4814.556,4815.979
2026-08-20 08:00:00,4815.82,4819.735,4813.529,4816.651
2026-08-20 09:00:00,4816.583,4825.035,4816.453,4821.435
2026-08-20 10:00:00,4821.589,4827.661,4821.107,4822.785
2026-08-20 11:00:00,4822.506,4825.355,4818.876,4821.661
2026-08-20 12:00:00,4821.683,4826.646,4820.531,4822.589
2026-08-20 13:00:00,4822.409,4830.112,4821.056,4829.542
2026-08-20 14:00:00,4829.406,4833.908,4827.105,4828.088
2026-08-20 15:00:00,4828.018,4836.122,4826.691,4836.122
2026-08-20 16:00:00,4836.22,4836.998,4828.412,4832.152
2026-08-20 17:00:00,4832.071,4837.376,4829.271,4829.31
2026-08-20 18:00:00,4829.312,4833.428,4826.997,4830.483
2026-08-20 19:00:00,4830.411,4832.692,4826.61,4828.277
2026-08-20 20:00:00,4828.115,4834.826,4826.525,4833.22
2026-08-20 21:00:00,4833.214,4837.336,4832.261,4835.906
2026-08-20 22:00:00,4835.899,4836.787,4830.751,4831.871
2026-08-20 23:00:00,4831.724,4834.13,4823.908,4824.253
2026-08-21 00:00:00,4824.292,4829.744,4821.728,4822.277
2026-08-21 01:00:00,4822.319,4826.352,4819.432,4821.61
2026-08-21 02:00:00,4821.495,4822.385,4812.932,4814.068
2026-08-21 03:00:00,4813.861,4816.631,4810.156,4812.086
2026-08-21 04:00:00,4811.944,4812.363,4804.454,4805.881
2026-08-21 05:00:00,4805.702,4809.572,4802.971,4805.028
2026-08-21 06:00:00,4804.921,4807.233,4802.589,4805.677
2026-08-21 07:00:00,4805.862,4813.357,4803.192,4813.161
2026-08-21 08:00:00,4813.048,4816.226,4808.833,4815.267
2026-08-21 09:00:00,4815.161,4821.005,4812.442,4818.433
2026-08-21 10:00:00,4818.321,4822.834,4817.208,4819.911
2026-08-21 11:00:00,4820.082,4828.39,4818.202,4825.643
2026-08-21 12:00:00,4825.615,4828.245,4819.176,4821.888
2026-08-21 13:00:00,4821.835,4828.43,4817.426,4828.381
2026-08-21 14:00:00,4828.314,4829.664,4820.811,4825.72
2026-08-21 15:00:00,4825.768,4833.144,4823.102,4832.94
2026-08-21 16:00:00,4832.782,4837.638,4831.139,4835.188
2026-08-21 17:00:00,4835.142,4835.379,4826.37,4827.157
2026-08-21 18:00:00,4827.254,4831.528,4819.044,4819.918
2026-08-21 19:00:00,4819.986,4820.486,4809.577,4813.219
2026-08-21 20:00:00,4813.177,4815.978,4808.498,4814.459
2026-08-21 21:00:00,4814.507,4815.577,4810.648,4810.95
2026-08-21 22:00:00,4811.109,4815.886,4809.885,4815.654
2026-08-21 23:00:00,4815.607,4820.59,4814.849,4817.185
2026-08-22 00:00:00,4817.428,4818.054,4812.097,4814.348
2026-08-22 01:00:00,4814.279,4819.705,4814.015,4814.853
2026-08-22 02:00:00,4814.687,4820.373,4813.821,4817.738
2026-08-22 03:00:00,4817.834,4829.577,4815.577,4829.113
2026-08-22 04:00:00,4829.28,4831.12,4821.558,4827.459
2026-08-22 05:00:00,4827.472,4832.627,4824.438,4828.58
2026-08-22 06:00:00,4828.447,4831.635,4825.257,4825.528
2026-08-22 07:00:00,4825.704,4830.344,4821.265,4821.682
2026-08-22 08:00:00,4821.882,4822.456,4814.886,4816.471
2026-08-22 09:00:00,4816.482,4818.601,4814.224,4815.658
2026-08-22 10:00:00,4815.635,4817.626,4810.303,4813.738
2026-08-22 11:00:00,4813.779,4814.714,4807.736,4809.996
2026-08-22 12:00:00,4810.07,4811.776,4807.0,4808.749
2026-08-22 13:00:00,4808.975,4810.686,4802.118,4804.904
2026-08-22 14:00:00,4805.135,4806.545,4798.205,4801.282
2026-08-22 15:00:00,4801.519,4809.641,4801.178,4808.574
2026-08-22 16:00:00,4808.528,4814.256,4808.145,4812.51
2026-08-22 17:00:00,4812.524,4817.448,4811.441,4811.441
2026-08-22 18:00:00,4811.433,4814.607,4808.665,4813.586
2026-08-22 19:00:00,4813.581,4824.229,4811.297,4820.914
2026-08-22 20:00:00,4820.867,4821.77,4811.225,4814.08
2026-08-22 21:00:00,4814.175,4820.028,4813.627,4815.703
2026-08-22 22:00:00,4815.745,4816.881,4808.037,4812.762
2026-08-22 23:00:00,4812.8,4819.488,4812.009,4818.38
2026-08-23 00:00:00,4818.233,4818.519,4806.934,4809.786
2026-08-23 01:00:00,4809.911,4815.081,4809.37,4813.823
2026-08-23 02:00:00,4813.721,4818.299,4809.681,4812.601
2026-08-23 03:00:00,4812.683,4815.39,4809.824,4809.889
2026-08-23 04:00:00,4810.033,4811.568,4804.973,4809.256
2026-08-23 05:00:00,4809.061,4817.314,4806.513,4813.893
2026-08-23 06:00:00,4813.883,4818.782,4805.399,4808.325
2026-08-23 07:00:00,4808.167,4808.518,4803.688,4807.273
2026-08-23 08:00:00,4807.405,4810.557,4804.413,4809.465
2026-08-23 09:00:00,4809.311,4814.041,4806.254,4811.123
2026-08-23 10:00:00,4811.178,4812.952,4807.38,4808.591
2026-08-23 11:00:00,4808.599,4809.468,4799.36,4800.029
2026-08-23 12:00:00,4800.174,4802.186,4793.891,4800.655
2026-08-23 13:00:00,4800.637,4805.103,4798.96,4803.035
2026-08-23 14:00:00,4802.905,4806.994,4799.558,4804.25
2026-08-23 15:00:00,4804.141,4806.414,4800.513,4803.659
2026-08-23 16:00:00,4803.618,4804.086,4796.343,4796.394
2026-08-23 17:00:00,4796.41,4801.904,4793.152,4795.347
2026-08-23 18:00:00,4795.405,4797.344,4793.485,4795.715
2026-08-23 19:00:00,4795.741,4798.966,4791.489,4794.701
2026-08-23 20:00:00,4794.724,4799.702,4787.593,4787.669
2026-08-23 21:00:00,4787.652,4791.136,4785.676,4789.57
2026-08-23 22:00:00,4789.45,4792.288,4785.346,4791.614
2026-08-23 23:00:00,4791.715,4792.17,4786.946,4790.223
2026-08-24 00:00:00,4790.357,4790.854,4782.266,4782.326
2026-08-24 01:00:00,4782.516,4784.956,4777.634,4783.769
2026-08-24 02:00:00,4783.874,4784.699,4779.372,4780.474
2026-08-24 03:00:00,4780.584,4782.155,4775.686,4775.716
2026-08-24 04:00:00,4775.568,4780.167,4773.827,4775.693
2026-08-24 05:00:00,4775.646,4786.309,4774.924,4781.334
2026-08-24 06:00:00,4781.496,4783.405,4775.825,4782.171
2026-08-24 07:00:00,4782.371,4787.967,4777.318,4786.201
2026-08-24 08:00:00,4786.118,4789.159,4782.509,4784.873
2026-08-24 09:00:00,4784.777,4785.386,4778.297,4778.545
2026-08-24 10:00:00,4778.578,4780.207,4764.57,4767.213
2026-08-24 11:00:00,4767.162,4771.923,4765.127,4765.556
2026-08-24 12:00:00,4765.676,4767.273,4754.108,4756.488
2026-08-24 13:00:00,4756.573,4766.561,4754.761,4763.889
2026-08-24 14:00:00,4764.031,4770.091,4762.979,4768.043
2026-08-24 15:00:00,4767.874,4769.427,4764.925,4765.229
2026-08-24 16:00:00,4765.264,4770.249,4764.469,4769.703
2026-08-24 17:00:00,4769.782,4771.895,4764.203,4764.494
2026-08-24 18:00:00,4764.484,4770.552,4763.052,4769.957
2026-08-24 19:00:00,4769.729,4772.212,4762.258,4765.909
2026-08-24 20:00:00,4765.978,4772.454,4765.978,4769.608
2026-08-24 21:00:00,4769.699,4770.955,4763.763,4770.294
2026-08-24 22:00:00,4770.355,4774.842,4768.499,4770.338
2026-08-24 23:00:00,4770.442,4776.749,4764.569,4764.678
2026-08-25 00:00:00,4764.843,4764.971,4749.64,4750.594
2026-08-25 01:00:00,4750.502,4753.601,4745.677,4750.493
2026-08-25 02:00:00,4750.4,4752.239,4744.947,4749.615
2026-08-25 03:00:00,4749.953,4752.637,4746.921,4751.22
2026-08-25 04:00:00,4751.276,4758.477,4749.068,4758.032
2026-08-25 05:00:00,4757.959,4764.151,4755.838,4763.086
2026-08-25 06:00:00,4763.177,4765.269,4759.433,4763.721
2026-08-25 07:00:00,4763.665,4767.027,4755.749,4764.293
2026-08-25 08:00:00,4764.533,4771.289,4762.194,4768.31
2026-08-25 09:00:00,4768.428,4773.3,4762.802,4766.894
2026-08-25 10:00:00,4766.902,4771.842,4765.517,4765.92
2026-08-25 11:00:00,4765.647,4766.513,4762.362,4763.803
2026-08-25 12:00:00,4763.823,4766.511,4760.495,4760.993
2026-08-25 13:00:00,4761.008,4767.578,4760.373,4764.806
2026-08-25 14:00:00,4764.942,4770.127,4762.693,4764.247
2026-08-25 15:00:00,4764.28,4769.239,4762.604,4763.65
2026-08-25 16:00:00,4763.623,4772.565,4763.568,4769.39
2026-08-25 17:00:00,4769.143,4769.249,4763.283,4764.272
2026-08-25 18:00:00,4764.265,4764.517,4756.417,4759.597
2026-08-25 19:00:00,4759.628,4762.879,4757.338,4759.312
2026-08-25 20:00:00,4759.145,4759.326,4753.427,4757.147
2026-08-25 21:00:00,4756.967,4759.562,4752.712,4752.725
2026-08-25 22:00:00,4752.731,4756.078,4748.009,4755.367
2026-08-25 23:00:00,4755.229,4764.321,4754.652,4763.07
2026-08-26 00:00:00,4763.06,4768.05,4759.751,4761.28
2026-08-26 01:00:00,4761.313,4768.16,4759.693,4767.317
2026-08-26 02:00:00,4767.322,4770.046,4761.311,4763.634
2026-08-26 03:00:00,4763.734,4765.19,4759.354,4760.343
2026-08-26 04:00:00,4760.278,4765.223,4757.9,4763.039
2026-08-26 05:00:00,4762.921,4771.914,4761.112,4769.88
2026-08-26 06:00:00,4770.014,4775.899,4769.329,4775.181
2026-08-26 07:00:00,4775.048,4780.234,4770.246,4770.568
2026-08-26 08:00:00,4770.474,4770.515,4764.147,4764.54
2026-08-26 09:00:00,4764.455,4769.527,4763.194,4766.129
2026-08-26 10:00:00,4766.104,4770.923,4765.625,4767.335
2026-08-26 11:00:00,4767.325,4768.469,4762.736,4766.774
2026-08-26 12:00:00,4766.549,4769.969,4762.456,4768.143
2026-08-26 13:00:00,4768.021,4773.727,4764.802,4769.668
2026-08-26 14:00:00,4769.796,4772.265,4766.021,4767.145
2026-08-26 15:00:00,4767.024,4767.51,4761.227,4763.049
2026-08-26 16:00:00,4762.812,4766.509,4758.868,4761.681
2026-08-26 17:00:00,4761.605,4763.693,4754.441,4754.673
2026-08-26 18:00:00,4754.993,4757.865,4747.285,4747.475
2026-08-26 19:00:00,4747.63,4754.169,4746.56,4753.685
2026-08-26 20:00:00,4753.609,4764.394,4751.976,4762.648
2026-08-26 21:00:00,4762.708,4768.275,4761.857,4762.496
2026-08-26 22:00:00,4762.583,4762.852,4755.076,4759.539
2026-08-26 23:00:00,4759.488,4762.422,4757.186,4759.562
2026-08-27 00:00:00,4759.606,4760.523,4750.969,4759.054
2026-08-27 01:00:00,4759.183,4761.094,4754.771,4754.884
2026-08-27 02:00:00,4754.862,4754.924,4745.827,4746.754
2026-08-27 03:00:00,4746.965,4752.428,4744.694,4748.08
2026-08-27 04:00:00,4748.102,4751.8,4745.845,4751.454
2026-08-27 05:00:00,4751.668,4757.616,4750.516,4756.917
2026-08-27 06:00:00,4756.672,4757.133,4751.55,4757.133
2026-08-27 07:00:00,4757.11,4766.889,4757.051,4765.702
2026-08-27 08:00:00,4765.748,4768.85,4761.782,4767.951
2026-08-27 09:00:00,4767.943,4770.746,4763.755,4765.505
2026-08-27 10:00:00,4765.713,4767.816,4758.879,4761.003
2026-08-27 11:00:00,4761.089,4764.054,4759.911,4763.153
2026-08-27 12:00:00,4763.283,4767.879,4757.737,4758.562
2026-08-27 13:00:00,4758.842,4763.382,4752.656,4763.358
2026-08-27 14:00:00,4763.391,4764.504,4757.548,4758.291
2026-08-27 15:00:00,4758.371,4758.424,4750.293,4757.074
2026-08-27 16:00:00,4756.959,4760.838,4752.368,4754.463
2026-08-27 17:00:00,4754.554,4754.554,4748.213,4748.516
2026-08-27 18:00:00,4748.589,4756.974,4748.409,4756.502
2026-08-27 19:00:00,4756.467,4762.407,4755.814,4758.362
2026-08-27 20:00:00,4758.378,4766.565,4756.638,4765.728
2026-08-27 21:00:00,4765.67,4769.517,4762.425,4764.982
2026-08-27 22:00:00,4765.136,4779.749,4765.136,4778.543
2026-08-27 23:00:00,4778.506,4780.162,4771.392,4773.244
2026-08-28 00:00:00,4773.256,4779.51,4772.741,4774.458
2026-08-28 01:00:00,4774.534,4786.363,4773.821,4785.684
2026-08-28 02:00:00,4785.796,4792.262,4784.607,4786.581
2026-08-28 03:00:00,4786.591,4788.996,4782.363,4782.631
2026-08-28 04:00:00,4782.611,4785.994,4779.545,4781.136
2026-08-28 05:00:00,4781.193,4782.11,4773.424,4779.183
2026-08-28 06:00:00,4779.243,4779.404,4769.611,4770.154
2026-08-28 07:00:00,4770.119,4771.672,4764.0,4765.397
2026-08-28 08:00:00,4765.603,4772.324,4758.958,4759.83
2026-08-28 09:00:00,4760.105,4767.313,4759.923,4764.977
2026-08-28 10:00:00,4764.974,4772.397,4763.05,4769.279
2026-08-28 11:00:00,4769.297,4775.367,4769.0,4770.735
2026-08-28 12:00:00,4770.979,4772.099,4763.991,4764.134
2026-08-28 13:00:00,4764.272,4768.548,4757.943,4764.533
2026-08-28 14:00:00,4764.546,4768.646,4763.614,4766.232
2026-08-28 15:00:00,4766.182,4773.966,4763.664,4771.389
2026-08-28 16:00:00,4771.492,4773.747,4760.838,4762.912
2026-08-28 17:00:00,4762.918,4770.439,4762.83,4769.716
2026-08-28 18:00:00,4769.448,4773.367,4765.428,4766.651
2026-08-28 19:00:00,4766.642,4771.402,4766.642,4770.165
2026-08-28 20:00:00,4770.028,4777.982,4769.662,4773.681
2026-08-28 21:00:00,4773.639,4774.238,4765.663,4772.147
2026-08-28 22:00:00,4772.3,4775.657,4769.474,4770.925
2026-08-28 23:00:00,4770.968,4777.458,4769.956,4776.514
2026-08-29 00:00:00,4776.353,4778.077,4774.06,4776.015
2026-08-29 01:00:00,4776.125,4783.873,4773.278,4782.527
2026-08-29 02:00:00,4782.323,4783.557,4768.148,4769.163
2026-08-29 03:00:00,4768.91,4774.702,4767.107,4767.282
2026-08-29 04:00:00,4767.304,4770.857,4765.847,4767.795
2026-08-29 05:00:00,4767.737,4774.572,4766.434,4770.825
2026-08-29 06:00:00,4770.817,4774.366,4767.713,4773.196
2026-08-29 07:00:00,4773.259,4774.479,4769.915,4773.875
2026-08-29 08:00:00,4773.643,4775.739,4765.395,4770.09
2026-08-29 09:00:00,4770.123,4786.915,4770.01,4784.964
2026-08-29 10:00:00,4784.934,4792.403,4784.22,4790.872
2026-08-29 11:00:00,4790.931,4799.156,4788.848,4789.146
2026-08-29 12:00:00,4789.308,4789.755,4780.631,4780.887
2026-08-29 13:00:00,4780.905,4782.692,4773.876,4774.634
2026-08-29 14:00:00,4774.621,4784.775,4773.658,4784.609
2026-08-29 15:00:00,4784.603,4785.289,4779.771,4780.785
2026-08-29 16:00:00,4780.973,4783.137,4770.619,4771.024
2026-08-29 17:00:00,4771.111,4773.778,4768.787,4769.753
2026-08-29 18:00:00,4769.843,4773.951,4764.012,4773.59
2026-08-29 19:00:00,4773.349,4783.495,4773.132,4779.41
2026-08-29 20:00:00,4779.36,4779.854,4767.735,4769.902
2026-08-29 21:00:00,4769.834,4769.86,4762.367,4763.827
2026-08-29 22:00:00,4763.698,4767.169,4762.764,4764.937
2026-08-29 23:00:00,4764.926,4766.732,4760.52,4765.007
2026-08-30 00:00:00,4764.834,4766.65,4760.457,4763.432
2026-08-30 01:00:00,4763.551,4765.591,4754.36,4755.456
2026-08-30 02:00:00,4755.573,4759.268,4754.01,4755.45
2026-08-30 03:00:00,4755.313,4761.372,4752.812,4759.793
2026-08-30 04:00:00,4759.662,4760.494,4753.83,4757.137
2026-08-30 05:00:00,4757.198,4760.955,4755.232,4756.415
2026-08-30 06:00:00,4756.358,4765.048,4753.863,4764.939
2026-08-30 07:00:00,4765.066,4770.711,4763.912,4768.866
2026-08-30 08:00:00,4769.009,4774.861,4765.948,4774.861
2026-08-30 09:00:00,4774.915,4778.865,4773.678,4777.734
2026-08-30 10:00:00,4777.862,4787.493,4777.862,4784.206
2026-08-30 11:00:00,4784.351,4787.376,4778.071,4779.091
2026-08-30 12:00:00,4778.94,4781.751,4777.13,4780.737
2026-08-30 13:00:00,4780.967,4782.363,4770.737,4771.039
2026-08-30 14:00:00,4771.064,4772.509,4765.454,4770.446
2026-08-30 15:00:00,4770.419,4772.534,4766.586,4768.641
2026-08-30 16:00:00,4768.863,4772.152,4766.225,4768.002
2026-08-30 17:00:00,4768.191,4775.293,4766.243,4775.195
2026-08-30 18:00:00,4775.333,4778.646,4773.219,4773.219
2026-08-30 19:00:00,4773.231,4778.611,4770.863,4774.314
2026-08-30 20:00:00,4774.436,4778.169,4771.473,4776.695
2026-08-30 21:00:00,4776.619,4776.941,4760.864,4760.869
2026-08-30 22:00:00,4761.133,4762.718,4751.74,4756.533
2026-08-30 23:00:00,4756.765,4761.376,4754.35,4757.947
2026-08-31 00:00:00,4758.061,4766.832,4755.762,4766.785
2026-08-31 01:00:00,4766.909,4771.552,4765.375,4771.425
2026-08-31 02:00:00,4771.574,4776.258,4769.697,4770.133
2026-08-31 03:00:00,4770.236,4773.129,4764.195,4765.813
2026-08-31 04:00:00,4765.866,4772.054,4764.698,4769.971
2026-08-31 05:00:00,4769.951,4774.758,4766.43,4768.73
2026-08-31 06:00:00,4768.744,4771.502,4764.215,4768.844
2026-08-31 07:00:00,4768.9,4773.802,4765.629,4773.802
2026-08-31 08:00:00,4773.905,4775.518,4765.028,4767.788
2026-08-31 09:00:00,4767.705,4769.964,4764.305,4766.677
2026-08-31 10:00:00,4766.837,4772.605,4764.876,4771.46
2026-08-31 11:00:00,4771.574,4776.56,4768.74,4775.657
2026-08-31 12:00:00,4775.679,4783.234,4774.821,4782.369
2026-08-31 13:00:00,4782.329,4788.024,4781.067,4787.006
2026-08-31 14:00:00,4786.958,4789.665,4779.003,4782.943
2026-08-31 15:00:00,4783.009,4784.021,4768.634,4770.065
2026-08-31 16:00:00,4769.961,4772.032,4765.497,4768.037
2026-08-31 17:00:00,4768.158,4773.476,4763.937,4772.959
2026-08-31 18:00:00,4772.968,4780.005,4768.826,4776.677
2026-08-31 19:00:00,4776.755,4779.204,4773.379,4778.156
2026-08-31 20:00:00,4778.208,4778.919,4772.454,4775.624
2026-08-31 21:00:00,4775.6,4775.6,4769.001,4769.145
2026-08-31 22:00:00,4769.063,4775.044,4768.624,4772.922
2026-08-31 23:00:00,4772.942,4773.336,4754.918,4755.791
2026-09-01 00:00:00,4755.734,4757.938,4752.241,4754.817
2026-09-01 01:00:00,4755.054,4756.164,4739.946,4741.737
2026-09-01 02:00:00,4741.698,4746.65,4739.561,4741.863
2026-09-01 03:00:00,4742.133,4751.129,4739.965,4749.237
2026-09-01 04:00:00,4749.02,4757.189,4747.398,4756.813
2026-09-01 05:00:00,4757.043,4762.762,4756.381,4759.127
2026-09-01 06:00:00,4759.071,4760.307,4751.05,4751.167
2026-09-01 07:00:00,4751.315,4754.315,4744.802,4750.126
2026-09-01 08:00:00,4750.087,4752.28,4743.713,4749.483
2026-09-01 09:00:00,4749.478,4750.157,4742.651,4742.656
2026-09-01 10:00:00,4742.517,4744.229,4739.414,4740.092
2026-09-01 11:00:00,4740.043,4748.851,4739.548,4746.68
2026-09-01 12:00:00,4746.617,4746.82,4737.086,4738.548
2026-09-01 13:00:00,4738.377,4740.315,4736.356,4737.62
2026-09-01 14:00:00,4737.631,4738.967,4734.131,4735.655
2026-09-01 15:00:00,4735.509,4738.9,4731.516,4738.277
2026-09-01 16:00:00,4738.441,4741.994,4736.823,4740.569
2026-09-01 17:00:00,4740.606,4741.314,4732.475,4740.981
2026-09-01 18:00:00,4741.12,4746.623,4739.046,4744.028
2026-09-01 19:00:00,4744.287,4749.658,4744.02,4744.02
2026-09-01 20:00:00,4744.099,4747.655,4743.995,4745.094
2026-09-01 21:00:00,4745.133,4750.111,4742.776,4743.147
2026-09-01 22:00:00,4742.963,4755.609,4742.526,4754.386
2026-09-01 23:00:00,4754.323,4760.227,4751.11,4760.115
2026-09-02 00:00:00,4760.28,4762.737,4754.785,4756.654
2026-09-02 01:00:00,4756.723,4762.655,4755.946,4762.437
2026-09-02 02:00:00,4762.335,4769.236,4758.855,4766.579
2026-09-02 03:00:00,4766.539,4766.661,4755.241,4757.761
2026-09-02 04:00:00,4757.663,4766.916,4754.416,4766.453
2026-09-02 05:00:00,4766.611,4767.848,4760.743,4761.657
2026-09-02 06:00:00,4761.5,4761.69,4752.673,4753.907
2026-09-02 07:00:00,4753.926,4754.123,4741.787,4748.235
2026-09-02 08:00:00,4748.015,4748.391,4743.245,4746.622
2026-09-02 09:00:00,4746.618,4746.837,4739.948,4744.437
2026-09-02 10:00:00,4744.47,4751.937,4743.061,4746.816
2026-09-02 11:00:00,4746.64,4760.756,4746.214,4757.189
2026-09-02 12:00:00,4757.448,4759.822,4751.016,4752.816
2026-09-02 13:00:00,4752.967,4759.45,4751.23,4758.651
2026-09-02 14:00:00,4758.742,4767.774,4757.874,4766.735
2026-09-02 15:00:00,4766.766,4769.507,4764.791,4766.701
2026-09-02 16:00:00,4766.546,4770.15,4762.148,4767.186
2026-09-02 17:00:00,4766.987,4767.342,4755.189,4755.189
2026-09-02 18:00:00,4755.309,4759.223,4749.741,4752.368
2026-09-02 19:00:00,4752.325,4763.27,4749.466,4760.48
2026-09-02 20:00:00,4760.571,4761.049,4753.328,4753.737
2026-09-02 21:00:00,4753.815,4755.377,4750.374,4754.519
2026-09-02 22:00:00,4754.533,4761.071,4753.16,4754.36
2026-09-02 23:00:00,4754.309,4762.356,4754.036,4761.722
2026-09-03 00:00:00,4761.747,4765.748,4760.965,4763.417
2026-09-03 01:00:00,4763.419,4766.241,4759.8,4762.203
2026-09-03 02:00:00,4762.282,4769.736,4762.031,4765.139
2026-09-03 03:00:00,4765.341,4768.533,4758.998,4760.645
2026-09-03 04:00:00,4760.57,4769.101,4758.82,4764.636
2026-09-03 05:00:00,4764.774,4767.813,4762.516,4766.335
2026-09-03 06:00:00,4766.319,4778.219,4766.312,4772.752
2026-09-03 07:00:00,4772.857,4780.533,4768.329,4779.615
2026-09-03 08:00:00,4779.883,4783.948,4776.695,4783.763
2026-09-03 09:00:00,4783.754,4784.851,4777.2,4780.003
2026-09-03 10:00:00,4780.051,4781.356,4767.604,4769.347
2026-09-03 11:00:00,4769.24,4772.054,4766.389,4767.283
2026-09-03 12:00:00,4767.312,4776.307,4765.8,4770.836
2026-09-03 13:00:00,4770.787,4782.925,4770.63,4782.142
2026-09-03 14:00:00,4782.141,4783.94,4777.899,4781.905
2026-09-03 15:00:00,4782.102,4786.589,4781.801,4782.182
2026-09-03 16:00:00,4782.126,4784.38,4780.299,4783.852
2026-09-03 17:00:00,4783.764,4786.533,4780.852,4786.447
2026-09-03 18:00:00,4786.377,4791.588,4786.266,4790.503
2026-09-03 19:00:00,4790.444,4791.461,4784.657,4789.918
2026-09-03 20:00:00,4789.911,4791.212,4782.394,4782.711
2026-09-03 21:00:00,4782.518,4784.151,4776.346,4776.346
2026-09-03 22:00:00,4776.517,4784.666,4774.55,4775.131
2026-09-03 23:00:00,4775.23,4775.368,4766.17,4767.96
2026-09-04 00:00:00,4768.103,4778.954,4767.93,4778.954
2026-09-04 01:00:00,4779.084,4780.652,4772.718,4780.383
2026-09-04 02:00:00,4780.219,4783.063,4775.644,4780.467
2026-09-04 03:00:00,4780.533,4781.695,4773.361,4773.64
2026-09-04 04:00:00,4773.483,4774.104,4766.373,4766.373
2026-09-04 05:00:00,4766.328,4766.459,4759.817,4762.853
2026-09-04 06:00:00,4762.842,4763.504,4756.725,4758.94
2026-09-04 07:00:00,4758.822,4763.232,4753.203,4754.222
2026-09-04 08:00:00,4754.181,4756.471,4750.458,4751.006
2026-09-04 09:00:00,4750.984,4757.62,4747.981,4754.117
2026-09-04 10:00:00,4754.067,4754.76,4746.656,4747.19
2026-09-04 11:00:00,4747.149,4749.624,4740.249,4748.113
2026-09-04 12:00:00,4748.164,4753.291,4747.068,4749.835
2026-09-04 13:00:00,4749.858,4752.477,4744.257,4747.756
2026-09-04 14:00:00,4747.738,4749.637,4742.894,4743.825
2026-09-04 15:00:00,4743.792,4743.792,4733.972,4739.471
2026-09-04 16:00:00,4739.473,4741.744,4735.762,4736.118
2026-09-04 17:00:00,4736.146,4739.795,4732.984,4736.945
2026-09-04 18:00:00,4737.083,4743.579,4736.838,4742.11
2026-09-04 19:00:00,4742.059,4745.878,4736.268,4737.142
2026-09-04 20:00:00,4737.222,4739.05,4732.937,4735.284
2026-09-04 21:00:00,4735.323,4740.065,4735.059,4738.191
2026-09-04 22:00:00,4738.158,4740.108,4733.734,4735.674
2026-09-04 23:00:00,4735.763,4747.363,4735.175,4745.391
2026-09-05 00:00:00,4745.269,4745.732,4737.374,4742.645
2026-09-05 01:00:00,4742.807,4742.812,4737.236,4740.865
2026-09-05 02:00:00,4740.973,4744.654,4739.055,4743.946
2026-09-05 03:00:00,4744.049,4746.795,4740.018,4742.029
2026-09-05 04:00:00,4742.165,4749.773,4738.553,4749.773
2026-09-05 05:00:00,4749.813,4761.449,4748.549,4760.745
2026-09-05 06:00:00,4760.892,4774.244,4760.832,4773.037
2026-09-05 07:00:00,4772.901,4777.308,4768.372,4775.058
2026-09-05 08:00:00,4775.061,4778.523,4771.584,4772.349
2026-09-05 09:00:00,4772.505,4775.091,4767.562,4774.724
2026-09-05 10:00:00,4774.665,4779.572,4773.638,4777.792
2026-09-05 11:00:00,4777.751,4780.292,4769.536,4769.99
2026-09-05 12:00:00,4770.123,4776.613,4767.71,4775.075
2026-09-05 13:00:00,4774.983,4782.647,4774.842,4775.135
2026-09-05 14:00:00,4775.224,4777.998,4773.302,4777.956
2026-09-05 15:00:00,4777.968,4778.067,4771.575,4776.978
2026-09-05 16:00:00,4777.104,4778.167,4770.79,4771.661
2026-09-05 17:00:00,4771.568,4775.746,4769.029,4770.05
2026-09-05 18:00:00,4770.122,4776.705,4768.255,4770.404
2026-09-05 19:00:00,4770.37,4777.604,4769.773,4774.595
2026-09-05 20:00:00,4774.674,4784.389,4772.707,4781.24
2026-09-05 21:00:00,4781.239,4787.7,4780.901,4786.65
2026-09-05 22:00:00,4786.503,4793.278,4783.48,4792.694
2026-09-05 23:00:00,4792.648,4797.019,4791.245,4792.266
2026-09-06 00:00:00,4792.623,4800.644,4791.301,4799.253
2026-09-06 01:00:00,4799.42,4807.262,4796.741,4806.704
2026-09-06 02:00:00,4806.469,4812.487,4804.486,4807.083
2026-09-06 03:00:00,4807.076,4808.887,4804.551,4806.269
2026-09-06 04:00:00,4806.234,4807.858,4802.053,4805.622
2026-09-06 05:00:00,4805.688,4811.702,4804.254,4804.638
2026-09-06 06:00:00,4804.515,4807.334,4800.35,4801.06
2026-09-06 07:00:00,4800.922,4805.669,4798.672,4802.887
2026-09-06 08:00:00,4802.923,4808.785,4802.422,4808.062
2026-09-06 09:00:00,4807.879,4812.725,4803.327,4805.702
2026-09-06 10:00:00,4805.693,4810.459,4801.463,4802.6
2026-09-06 11:00:00,4802.557,4804.634,4799.793,4801.538
2026-09-06 12:00:00,4801.495,4811.734,4801.388,4809.597
2026-09-06 13:00:00,4809.506,4812.84,4807.165,4809.916
2026-09-06 14:00:00,4809.975,4810.099,4803.58,4807.667
2026-09-06 15:00:00,4807.556,4808.344,4802.838,4807.535
2026-09-06 16:00:00,4807.502,4809.315,4801.728,4807.84
2026-09-06 17:00:00,4807.983,4815.861,4807.933,4815.568
2026-09-06 18:00:00,4815.56,4819.14,4811.183,4817.961
2026-09-06 19:00:00,4818.017,4822.115,4816.009,4818.08
2026-09-06 20:00:00,4818.07,4819.26,4808.299,4812.507
2026-09-06 21:00:00,4812.229,4826.496,4811.672,4822.121
2026-09-06 22:00:00,4822.161,4827.008,4816.786,4825.879
2026-09-06 23:00:00,4825.79,4826.508,4819.732,4821.342
2026-09-07 00:00:00,4821.408,4821.688,4812.91,4814.847
2026-09-07 01:00:00,4814.872,4821.486,4813.554,4817.747
2026-09-07 02:00:00,4818.005,4821.516,4814.24,4820.545
2026-09-07 03:00:00,4820.635,4822.595,4814.499,4817.587
2026-09-07 04:00:00,4817.571,4822.848,4814.253,4814.62
2026-09-07 05:00:00,4814.719,4815.319,4808.277,4809.952
2026-09-07 06:00:00,4810.002,4816.517,4809.38,4810.475
2026-09-07 07:00:00,4810.459,4812.308,4804.798,4806.532
2026-09-07 08:00:00,4806.707,4810.907,4805.315,4808.696
2026-09-07 09:00:00,4808.631,4821.072,4807.631,4821.072
2026-09-07 10:00:00,4821.119,4825.324,4817.034,4818.934
2026-09-07 11:00:00,4818.635,4820.734,4813.496,4816.8
2026-09-07 12:00:00,4816.798,4817.106,4809.72,4811.343
2026-09-07 13:00:00,4811.322,4819.641,4808.394,4819.476
2026-09-07 14:00:00,4819.531,4821.821,4816.994,4821.293
2026-09-07 15:00:00,4821.364,4828.079,4819.225,4827.143
2026-09-07 16:00:00,4827.062,4829.581,4819.867,4819.905
2026-09-07 17:00:00,4820.101,4820.685,4812.505,4814.682
2026-09-07 18:00:00,4814.63,4819.429,4812.321,4818.884
2026-09-07 19:00:00,4818.715,4819.957,4812.945,4816.851
2026-09-07 20:00:00,4816.995,4818.752,4809.091,4809.595
2026-09-07 21:00:00,4809.619,4812.557,4803.822,4803.909
2026-09-07 22:00:00,4803.843,4804.554,4795.424,4796.891
2026-09-07 23:00:00,4796.986,4802.836,4795.628,4802.253
2026-09-08 00:00:00,4802.179,4802.312,4793.817,4795.765
2026-09-08 01:00:00,4795.851,4797.052,4785.24,4788.347
2026-09-08 02:00:00,4788.161,4788.928,4780.922,4783.839
2026-09-08 03:00:00,4783.868,4783.908,4773.328,4778.734
2026-09-08 04:00:00,4778.623,4785.609,4776.909,4780.316
2026-09-08 05:00:00,4780.407,4780.407,4765.896,4767.512
2026-09-08 06:00:00,4767.131,4769.538,4763.605,4765.305
2026-09-08 07:00:00,4765.312,4773.42,4762.227,4771.59
2026-09-08 08:00:00,4771.443,4773.34,4766.13,4768.148
2026-09-08 09:00:00,4768.204,4771.929,4766.748,4767.859
2026-09-08 10:00:00,4767.993,4769.771,4761.878,4766.959
2026-09-08 11:00:00,4766.822,4767.194,4762.098,4766.999
2026-09-08 12:00:00,4767.019,4771.401,4763.998,4771.401
2026-09-08 13:00:00,4771.457,4773.392,4767.562,4769.635
2026-09-08 14:00:00,4769.522,4779.083,4769.328,4775.609
2026-09-08 15:00:00,4775.506,4776.954,4766.964,4771.092
2026-09-08 16:00:00,4771.131,4776.869,4766.426,4766.426
2026-09-08 17:00:00,4766.437,4769.845,4764.635,4767.764
2026-09-08 18:00:00,4767.746,4772.548,4766.268,4768.653
2026-09-08 19:00:00,4768.567,4772.915,4768.357,4770.009
2026-09-08 20:00:00,4770.042,4778.136,4769.562,4778.136
2026-09-08 21:00:00,4778.394,4778.394,4765.197,4765.197
2026-09-08 22:00:00,4765.067,4768.574,4763.433,4767.611
2026-09-08 23:00:00,4767.487,4773.063,4766.847,4773.063
2026-09-09 00:00:00,4773.076,4776.296,4770.338,4773.794
2026-09-09 01:00:00,4773.867,4791.026,4773.583,4788.718
2026-09-09 02:00:00,4788.736,4792.469,4786.54,4788.149
2026-09-09 03:00:00,4788.04,4794.438,4782.742,4783.463
2026-09-09 04:00:00,4783.55,4789.067,4779.956,4783.483
2026-09-09 05:00:00,4783.484,4786.762,4780.681,4782.919
2026-09-09 06:00:00,4783.093,4789.656,4779.01,4779.211
2026-09-09 07:00:00,4779.274,4781.212,4771.76,4776.233
2026-09-09 08:00:00,4776.371,4778.479,4768.528,4771.752
2026-09-09 09:00:00,4771.604,4780.493,4771.312,4776.653
2026-09-09 10:00:00,4776.521,4778.726,4772.217,4775.785
2026-09-09 11:00:00,4775.944,4777.433,4770.397,4771.457
2026-09-09 12:00:00,4771.478,4773.824,4757.818,4758.477
2026-09-09 13:00:00,4758.219,4761.379,4755.129,4760.036
2026-09-09 14:00:00,4759.98,4767.665,4757.864,4764.297
2026-09-09 15:00:00,4764.061,4775.118,4763.273,4771.672
2026-09-09 16:00:00,4771.737,4782.987,4771.145,4781.219
2026-09-09 17:00:00,4781.338,4787.491,4781.338,4783.576
2026-09-09 18:00:00,4783.526,4789.019,4783.061,4785.986
2026-09-09 19:00:00,4786.009,4790.885,4784.548,4787.7
2026-09-09 20:00:00,4787.663,4789.738,4783.778,4786.112
2026-09-09 21:00:00,4786.23,4793.467,4785.417,4792.629
2026-09-09 22:00:00,4792.603,4798.864,4790.0,4798.556
2026-09-09 23:00:00,4798.482,4803.972,4793.84,4794.929
2026-09-10 00:00:00,4794.521,4803.067,4793.466,4801.84
2026-09-10 01:00:00,4801.769,4803.23,4798.094,4801.741
2026-09-10 02:00:00,4801.877,4805.051,4797.676,4801.604
2026-09-10 03:00:00,4801.622,4802.963,4796.689,4796.908
2026-09-10 04:00:00,4796.894,4801.49,4793.925,4795.528
2026-09-10 05:00:00,4795.41,4795.768,4786.92,4787.059
2026-09-10 06:00:00,4787.202,4787.728,4778.455,4782.215
2026-09-10 07:00:00,4782.065,4793.607,4780.68,4791.829
2026-09-10 08:00:00,4791.673,4796.054,4790.629,4795.981
2026-09-10 09:00:00,4795.971,4806.198,4795.971,4804.14
2026-09-10 10:00:00,4804.098,4811.818,4803.882,4809.559
2026-09-10 11:00:00,4809.498,4812.669,4805.072,4812.612
2026-09-10 12:00:00,4812.688,4815.477,4809.291,4813.273
2026-09-10 13:00:00,4813.223,4817.326,4809.792,4817.051
2026-09-10 14:00:00,4816.988,4819.225,4808.68,4810.838
2026-09-10 15:00:00,4810.769,4822.06,4810.024,4821.022
2026-09-10 16:00:00,4820.68,4827.165,4818.375,4825.69
2026-09-10 17:00:00,4825.486,4828.718,4819.904,4827.622
2026-09-10 18:00:00,4827.796,4828.805,4821.842,4824.776
2026-09-10 19:00:00,4824.853,4829.259,4821.878,4826.636
2026-09-10 20:00:00,4826.476,4827.622,4819.778,4820.196
2026-09-10 21:00:00,4820.085,4821.569,4814.988,4814.988
2026-09-10 22:00:00,4815.098,4819.166,4810.159,4816.448
2026-09-10 23:00:00,4816.585,4821.822,4814.125,4819.522
2026-09-11 00:00:00,4819.52,4825.434,4818.569,4824.806
2026-09-11 01:00:00,4824.804,4826.13,4816.142,4816.215
2026-09-11 02:00:00,4816.121,4819.429,4813.68,4816.491
2026-09-11 03:00:00,4816.457,4828.477,4816.229,4827.836
2026-09-11 04:00:00,4827.744,4828.439,4822.729,4827.943
2026-09-11 05:00:00,4827.866,4828.732,4819.813,4822.547
2026-09-11 06:00:00,4822.377,4829.262,4821.485,4822.852
2026-09-11 07:00:00,4822.607,4834.23,4821.505,4830.905
2026-09-11 08:00:00,4831.005,4834.484,4827.342,4833.663
2026-09-11 09:00:00,4833.56,4833.572,4822.757,4823.126
2026-09-11 10:00:00,4823.103,4827.576,4822.583,4823.46
2026-09-11 11:00:00,4823.312,4827.87,4822.229,4826.266
2026-09-11 12:00:00,4826.282,4831.79,4824.495,4830.03
2026-09-11 13:00:00,4830.065,4834.714,4824.186,4830.425
2026-09-11 14:00:00,4830.509,4847.127,4830.509,4845.633
2026-09-11 15:00:00,4845.617,4846.627,4835.627,4837.565
2026-09-11 16:00:00,4837.252,4840.685,4834.697,4839.007
2026-09-11 17:00:00,4838.871,4844.892,4838.091,4841.609
2026-09-11 18:00:00,4841.585,4845.639,4840.371,4845.532
2026-09-11 19:00:00,4845.824,4848.959,4842.974,4847.598
2026-09-11 20:00:00,4847.632,4853.494,4845.839,4846.952
2026-09-11 21:00:00,4846.976,4849.647,4840.632,4842.983
2026-09-11 22:00:00,4842.797,4844.732,4835.871,4840.185
2026-09-11 23:00:00,4840.186,4848.479,4839.944,4848.159
2026-09-12 00:00:00,4847.987,4851.605,4841.341,4845.458
2026-09-12 01:00:00,4845.461,4851.279,4844.924,4849.538
2026-09-12 02:00:00,4849.46,4856.962,4848.105,4854.407
2026-09-12 03:00:00,4854.469,4857.387,4852.292,4855.641
2026-09-12 04:00:00,4855.579,4856.489,4850.284,4853.654
2026-09-12 05:00:00,4853.676,4862.399,4852.453,4862.059
2026-09-12 06:00:00,4861.926,4871.872,4860.825,4867.249
2026-09-12 07:00:00,4867.346,4869.742,4862.827,4869.515
2026-09-12 08:00:00,4869.274,4869.569,4860.169,4861.14
2026-09-12 09:00:00,4861.298,4863.618,4857.052,4863.195
2026-09-12 10:00:00,4863.146,4867.416,4859.544,4864.746
2026-09-12 11:00:00,4865.017,4873.837,4864.661,4873.605
2026-09-12 12:00:00,4873.508,4881.005,4873.128,4874.933
2026-09-12 13:00:00,4875.048,4878.441,4871.811,4872.352
2026-09-12 14:00:00,4872.331,4873.407,4863.888,4867.904
2026-09-12 15:00:00,4867.901,4873.917,4864.003,4869.139
2026-09-12 16:00:00,4869.067,4870.759,4856.329,4862.301
2026-09-12 17:00:00,4862.402,4862.472,4856.095,4857.938
2026-09-12 18:00:00,4857.857,4858.387,4850.014,4850.965
2026-09-12 19:00:00,4850.949,4854.982,4848.055,4851.884
2026-09-12 20:00:00,4851.797,4856.562,4847.306,4849.745
2026-09-12 21:00:00,4849.555,4859.498,4846.506,4856.52
2026-09-12 22:00:00,4856.38,4859.682,4852.019,4859.586
2026-09-12 23:00:00,4859.664,4863.899,4858.655,4862.976
2026-09-13 00:00:00,4862.834,4865.12,4860.589,4861.521
2026-09-13 01:00:00,4861.32,4865.657,4861.202,4865.052
2026-09-13 02:00:00,4865.058,4865.058,4853.174,4861.969
2026-09-13 03:00:00,4861.942,4864.493,4855.033,4856.158
2026-09-13 04:00:00,4856.023,4863.942,4855.552,4859.44
2026-09-13 05:00:00,4859.35,4866.896,4856.45,4866.896
2026-09-13 06:00:00,4866.952,4871.785,4862.997,4866.089
2026-09-13 07:00:00,4866.055,4867.917,4861.122,4862.097
2026-09-13 08:00:00,4861.884,4867.543,4859.482,4864.772
2026-09-13 09:00:00,4864.727,4866.176,4859.657,4863.971
2026-09-13 10:00:00,4863.798,4871.0,4861.496,4868.925
2026-09-13 11:00:00,4868.9,4870.275,4864.959,4866.917
2026-09-13 12:00:00,4866.837,4869.403,4863.375,4867.323
2026-09-13 13:00:00,4867.265,4869.206,4863.797,4864.933
2026-09-13 14:00:00,4865.301,4866.587,4851.213,4851.61
2026-09-13 15:00:00,4851.583,4857.213,4849.714,4854.426
2026-09-13 16:00:00,4854.512,4860.88,4853.131,4860.81
2026-09-13 17:00:00,4861.035,4862.329,4853.946,4854.313
2026-09-13 18:00:00,4854.216,4856.113,4847.913,4850.357
2026-09-13 19:00:00,4850.515,4854.699,4850.124,4853.41
2026-09-13 20:00:00,4853.514,4854.864,4847.064,4851.888
2026-09-13 21:00:00,4851.724,4854.149,4847.05,4847.797
2026-09-13 22:00:00,4847.893,4858.98,4846.718,4853.936
2026-09-13 23:00:00,4853.841,4864.563,4853.415,4863.888
2026-09-14 00:00:00,4863.808,4864.526,4857.002,4859.306
2026-09-14 01:00:00,4859.492,4861.211,4853.428,4854.558
2026-09-14 02:00:00,4854.584,4862.244,4853.786,4855.742
2026-09-14 03:00:00,4855.968,4860.576,4855.353,4858.666
2026-09-14 04:00:00,4858.662,4864.158,4858.049,4859.617
2026-09-14 05:00:00,4859.553,4864.76,4857.946,4861.835
2026-09-14 06:00:00,4861.913,4868.078,4860.644,4865.346
2026-09-14 07:00:00,4865.455,4867.686,4862.494,4862.738
2026-09-14 08:00:00,4862.619,4872.695,4859.91,4872.053
2026-09-14 09:00:00,4871.954,4876.683,4868.095,4874.107
2026-09-14 10:00:00,4874.062,4884.973,4873.147,4881.81
2026-09-14 11:00:00,4881.612,4890.791,4881.612,4886.918
2026-09-14 12:00:00,4887.045,4894.356,4885.17,4893.775
2026-09-14 13:00:00,4893.737,4895.306,4884.373,4885.271
2026-09-14 14:00:00,4885.225,4890.939,4884.08,4889.987
2026-09-14 15:00:00,4889.865,4898.482,4889.655,4896.538
2026-09-14 16:00:00,4896.455,4906.837,4896.346,4906.627
2026-09-14 17:00:00,4906.793,4910.497,4903.51,4903.81
2026-09-14 18:00:00,4903.859,4909.776,4902.907,4905.055
2026-09-14 19:00:00,4904.95,4910.688,4903.75,4910.657
2026-09-14 20:00:00,4910.345,4913.58,4907.0,4910.486
2026-09-14 21:00:00,4910.534,4912.157,4901.903,4904.939
2026-09-14 22:00:00,4904.879,4909.292,4901.363,4901.646
2026-09-14 23:00:00,4901.505,4907.433,4893.636,4894.236
2026-09-15 00:00:00,4894.308,4899.36,4892.172,4893.065
2026-09-15 01:00:00,4893.097,4898.074,4887.961,4895.874
2026-09-15 02:00:00,4895.829,4908.317,4895.402,4904.672
2026-09-15 03:00:00,4904.625,4909.494,4899.416,4902.277
2026-09-15 04:00:00,4902.187,4907.682,4900.836,4906.425
2026-09-15 05:00:00,4906.448,4910.675,4904.383,4908.29
2026-09-15 06:00:00,4908.337,4917.257,4905.975,4915.702
2026-09-15 07:00:00,4915.601,4917.532,4912.219,4916.129
2026-09-15 08:00:00,4916.192,4918.053,4912.696,4914.175
2026-09-15 09:00:00,4914.077,4916.871,4909.268,4911.116
2026-09-15 10:00:00,4911.136,4919.765,4909.636,4918.536
2026-09-15 11:00:00,4918.499,4924.338,4915.931,4922.47
2026-09-15 12:00:00,4922.227,4924.269,4913.814,4914.006
2026-09-15 13:00:00,4913.925,4917.161,4908.46,4910.548
2026-09-15 14:00:00,4910.388,4910.631,4902.649,4905.758
2026-09-15 15:00:00,4905.637,4905.637,4897.546,4899.175
2026-09-15 16:00:00,4899.233,4900.471,4894.666,4896.725
2026-09-15 17:00:00,4896.64,4919.536,4895.965,4918.886
2026-09-15 18:00:00,4918.796,4923.164,4917.093,4920.393
2026-09-15 19:00:00,4920.216,4930.716,4919.755,4930.439
2026-09-15 20:00:00,4930.365,4932.676,4925.118,4927.201
2026-09-15 21:00:00,4927.355,4928.308,4921.103,4925.621
2026-09-15 22:00:00,4925.599,4932.473,4922.06,4932.246
2026-09-15 23:00:00,4932.258,4935.45,4926.69,4935.062
2026-09-16 00:00:00,4935.061,4936.181,4929.28,4930.285
2026-09-16 01:00:00,4930.336,4930.579,4925.447,4927.66
2026-09-16 02:00:00,4927.677,4932.839,4925.716,4929.072
2026-09-16 03:00:00,4929.351,4937.786,4928.661,4934.515
2026-09-16 04:00:00,4934.537,4938.445,4931.926,4934.884
2026-09-16 05:00:00,4934.988,4936.164,4930.131,4931.077
2026-09-16 06:00:00,4931.4,4932.229,4924.743,4928.251
2026-09-16 07:00:00,4927.932,4931.589,4924.264,4924.36
2026-09-16 08:00:00,4924.44,4926.412,4920.774,4921.729
2026-09-16 09:00:00,4921.841,4932.891,4921.292,4932.354
2026-09-16 10:00:00,4932.509,4935.967,4930.007,4935.444
2026-09-16 11:00:00,4935.385,4935.385,4920.504,4920.831
2026-09-16 12:00:00,4920.717,4921.559,4915.537,4916.955
2026-09-16 13:00:00,4916.915,4919.357,4915.158,4915.367
2026-09-16 14:00:00,4915.604,4915.604,4908.423,4908.782
2026-09-16 15:00:00,4908.887,4913.067,4907.952,4912.303
2026-09-16 16:00:00,4912.333,4915.442,4910.325,4913.743
2026-09-16 17:00:00,4913.692,4915.889,4909.562,4910.227
2026-09-16 18:00:00,4910.272,4910.823,4902.164,4906.573
2026-09-16 19:00:00,4906.437,4906.48,4900.702,4900.863
2026-09-16 20:00:00,4900.914,4902.334,4897.187,4897.318
2026-09-16 21:00:00,4897.201,4899.549,4894.478,4895.618
2026-09-16 22:00:00,4895.344,4898.431,4892.608,4893.641
2026-09-16 23:00:00,4893.707,4894.241,4887.698,4892.465
2026-09-17 00:00:00,4892.462,4899.0,4891.239,4895.292
2026-09-17 01:00:00,4895.172,4906.543,4894.963,4903.034
2026-09-17 02:00:00,4903.189,4903.666,4893.175,4895.87
2026-09-17 03:00:00,4895.739,4897.22,4891.253,4891.95
2026-09-17 04:00:00,4891.899,4897.466,4891.738,4897.393
2026-09-17 05:00:00,4897.43,4903.955,4893.994,4899.977
2026-09-17 06:00:00,4899.914,4904.059,4896.464,4896.542
2026-09-17 07:00:00,4896.431,4899.631,4894.741,4898.743
2026-09-17 08:00:00,4898.616,4898.825,4887.141,4889.011
2026-09-17 09:00:00,4889.07,4891.944,4887.279,4888.202
2026-09-17 10:00:00,4888.033,4891.51,4882.992,4891.406
2026-09-17 11:00:00,4891.519,4895.406,4886.041,4888.183
2026-09-17 12:00:00,4888.195,4895.854,4888.084,4894.277
2026-09-17 13:00:00,4894.286,4899.227,4893.239,4899.093
2026-09-17 14:00:00,4899.183,4908.096,4897.339,4906.273
2026-09-17 15:00:00,4906.008,4912.207,4904.288,4912.207
2026-09-17 16:00:00,4912.258,4915.171,4909.46,4914.924
2026-09-17 17:00:00,4914.906,4918.672,4909.9,4914.077
2026-09-17 18:00:00,4914.294,4915.73,4907.787,4908.053
2026-09-17 19:00:00,4907.932,4908.829,4901.889,4902.881
2026-09-17 20:00:00,4903.142,4908.353,4901.591,4907.947
