timestamp,open,high,low,close
2025-09-16 08:01:02,73878.9429,74360.3496,71944.8585,73129.9679
2025-09-16 12:00:00,73122.3292,74177.3612,72744.7923,73607.3655
2025-09-16 16:00:00,73626.5915,74903.3958,73391.8374,74425.4947
2025-09-16 20:00:00,74419.2916,75167.0583,73934.508,74392.5312
2025-09-17 00:00:00,74384.6163,75005.8938,73187.6946,73419.8923
2025-09-17 04:00:00,73404.648,74106.6386,72897.1929,73189.619
2025-09-17 08:00:00,73191.6318,73949.9185,71711.756,71839.5595
2025-09-17 12:00:00,71841.873,74262.8288,71354.858,73231.2227
2025-09-17 16:00:00,73231.3818,74138.8341,72812.1839,72896.3492
2025-09-17 20:00:00,72895.672,73312.9725,71526.3779,72931.7288
2025-09-18 00:00:00,72950.0403,73559.1705,72209.2986,73381.6606
2025-09-18 04:00:00,73373.6401,74267.2193,73017.6086,73272.0332
2025-09-18 08:00:00,73274.1365,73908.9546,72135.4893,73403.8602
2025-09-18 12:00:00,73389.9283,73532.6953,71085.0719,71731.3039
2025-09-18 16:00:00,71748.7474,71979.2189,70551.8032,70984.8957
2025-09-18 20:00:00,70967.6754,72607.473,70567.3151,72447.5487
2025-09-19 00:00:00,72440.4963,73149.077,71743.518,72882.181
2025-09-19 04:00:00,72895.7047,73468.2964,72091.699,73102.0362
2025-09-19 08:00:00,73116.6611,74276.3844,72376.1869,72749.0026
2025-09-19 12:00:00,72771.4039,73103.5958,70757.5683,72238.9086
2025-09-19 16:00:00,72225.2518,73517.0682,71917.8611,73220.6703
2025-09-19 20:00:00,73232.1664,73795.6727,71001.7166,71907.8885
2025-09-20 00:00:00,71893.3778,73873.7461,71890.453,72818.0997
2025-09-20 04:00:00,72831.3759,73466.9541,71840.8776,72188.8812
2025-09-20 08:00:00,72203.4822,73666.5454,71808.3432,72415.3877
2025-09-20 12:00:00,72416.5093,73780.9533,72038.0236,73328.5519
2025-09-20 16:00:00,73325.4665,74279.0945,73140.7759,73841.7744
2025-09-20 20:00:00,73850.5945,74033.8289,72997.5538,73977.1871
2025-09-21 00:00:00,73990.7387,74130.2859,72340.6248,73780.4492
2025-09-21 04:00:00,73785.5126,74606.8804,73321.6871,73732.1315
2025-09-21 08:00:00,73725.4108,74757.258,73068.9354,73837.4998
2025-09-21 12:00:00,73813.6849,74433.2948,73099.3882,73744.1203
2025-09-21 16:00:00,73746.8483,74908.3542,72950.6419,74469.486
2025-09-21 20:00:00,74472.1393,74613.6534,72920.9684,73905.8272
2025-09-22 00:00:00,73933.8127,75102.5397,73690.0638,74365.1625
2025-09-22 04:00:00,74375.145,75427.3022,72410.9985,72495.5952
2025-09-22 08:00:00,72506.7292,72560.2671,70753.4257,71492.5653
2025-09-22 12:00:00,71491.2635,72434.5761,70826.1764,72162.0583
2025-09-22 16:00:00,72165.227,72868.9727,71270.7895,71790.8545
2025-09-22 20:00:00,71761.1115,72958.5206,71363.193,72772.0359
2025-09-23 00:00:00,72778.7794,75310.6841,72540.3934,74874.9487
2025-09-23 04:00:00,74861.2355,74902.3984,73351.4411,74629.5611
2025-09-23 08:00:00,74626.7124,76711.5724,74395.4264,76030.1766
2025-09-23 12:00:00,76027.9586,76928.6431,74710.3014,76446.2929
2025-09-23 16:00:00,76451.5376,78082.822,76089.3578,76357.8892
2025-09-23 20:00:00,76347.7325,76594.3542,75093.7955,75182.822
2025-09-24 00:00:00,75200.7653,77181.565,74830.1116,76817.8334
2025-09-24 04:00:00,76803.5913,76913.0926,75068.3754,75285.6536
2025-09-24 08:00:00,75277.296,75746.3744,74326.8164,75394.4663
2025-09-24 12:00:00,75378.5905,75977.6238,73867.518,74363.9435
2025-09-24 16:00:00,74372.3066,76166.8739,74339.2534,74839.6707
2025-09-24 20:00:00,74848.2689,75848.8615,73198.535,73376.7607
2025-09-25 00:00:00,73372.2807,73716.8801,71816.4614,71887.2303
2025-09-25 04:00:00,71881.4324,72296.7705,70314.0911,70904.2838
2025-09-25 08:00:00,70914.0254,71272.0541,69300.7736,69766.649
2025-09-25 12:00:00,69747.7881,70445.9308,68581.9669,69057.9915
2025-09-25 16:00:00,69047.3271,70168.4122,68575.5256,68911.6248
2025-09-25 20:00:00,68907.0977,69748.2393,68546.4923,69668.2068
2025-09-26 00:00:00,69662.8142,71298.9153,69454.8854,70271.7687
2025-09-26 04:00:00,70242.8267,72340.1645,70242.8267,72314.4241
2025-09-26 08:00:00,72287.1348,72303.2574,69678.791,70430.0222
2025-09-26 12:00:00,70429.0629,71692.4674,69398.6455,71589.6309
2025-09-26 16:00:00,71588.8588,72492.1629,70630.7375,70829.2749
2025-09-26 20:00:00,70821.4879,71123.6061,69088.2565,69616.4993
2025-09-27 00:00:00,69610.336,69779.1404,67890.8909,68366.1008
2025-09-27 04:00:00,68355.1666,69728.7404,67065.8104,69378.7067
2025-09-27 08:00:00,69360.5425,70188.4117,68666.0343,68740.834
2025-09-27 12:00:00,68734.6084,68937.5769,66218.9082,66372.947
2025-09-27 16:00:00,66369.6439,67010.4588,65540.6839,66329.2896
2025-09-27 20:00:00,66323.7083,67132.1128,65709.698,66123.2932
2025-09-28 00:00:00,66128.7396,67540.289,65816.895,67381.0442
2025-09-28 04:00:00,67382.4862,68553.0648,67046.2509,68312.2145
2025-09-28 08:00:00,68324.8817,68564.1121,67062.9408,67085.7301
2025-09-28 12:00:00,67100.1393,67291.865,65381.1041,65824.1333
2025-09-28 16:00:00,65847.5252,65943.1773,64610.5938,65472.4389
2025-09-28 20:00:00,65467.2836,66002.1039,64962.7635,65614.833
2025-09-29 00:00:00,65608.9346,66713.6288,65131.0179,66040.8033
2025-09-29 04:00:00,66034.1431,66254.1195,64539.3029,64978.0114
2025-09-29 08:00:00,65025.4976,66168.332,64088.9056,65976.55
2025-09-29 12:00:00,65962.7951,67005.3514,65384.3279,65853.8934
2025-09-29 16:00:00,65848.0968,66253.6656,65076.7866,65150.3085
2025-09-29 20:00:00,65149.7082,66172.9825,64343.0616,65549.4407
2025-09-30 00:00:00,65545.084,65693.8719,62627.3096,62709.4655
2025-09-30 04:00:00,62677.7164,63314.3859,62486.0956,62781.1236
2025-09-30 08:00:00,62764.5274,62822.0519,61692.7024,61746.1154
2025-09-30 12:00:00,61751.7594,61843.6464,60534.53,60820.1512
2025-09-30 16:00:00,60830.7941,61601.0546,60403.1688,61555.5319
2025-09-30 20:00:00,61559.7587,62559.6834,60848.1881,62356.3145
2025-10-01 00:00:00,62335.013,63692.3699,62208.4754,62333.729
2025-10-01 04:00:00,62325.046,62887.3716,61624.7703,62605.4336
2025-10-01 08:00:00,62618.0889,63279.4203,60804.7769,60972.5008
2025-10-01 12:00:00,60987.5224,61168.2442,59918.7487,60244.3713
2025-10-01 16:00:00,60234.1504,61386.1102,59982.0255,61344.5641
2025-10-01 20:00:00,61336.5519,62023.9272,60850.8285,61140.3602
2025-10-02 00:00:00,61151.6659,62836.5515,60614.3512,62674.169
2025-10-02 04:00:00,62676.1761,63451.5327,62072.6014,62151.7803
2025-10-02 08:00:00,62161.0321,62775.2941,61407.2139,61654.2578
2025-10-02 12:00:00,61650.524,62824.2031,61459.9778,62166.6521
2025-10-02 16:00:00,62170.5281,62473.0622,61215.9834,61542.6825
2025-10-02 20:00:00,61566.8334,63009.5043,61512.9453,62472.4825
2025-10-03 00:00:00,62485.4771,62675.7374,60935.073,60992.0879
2025-10-03 04:00:00,60993.3945,62071.018,60825.5606,61694.7404
2025-10-03 08:00:00,61702.8738,62771.9943,61355.9237,62370.7592
2025-10-03 12:00:00,62361.783,64516.0373,62264.9354,64259.1869
2025-10-03 16:00:00,64252.0251,65366.4223,63869.2972,63972.2188
2025-10-03 20:00:00,63973.3922,64562.836,62788.8331,63092.3821
2025-10-04 00:00:00,63096.3445,64212.7786,62125.2255,62420.6995
2025-10-04 04:00:00,62444.9561,63043.5331,61315.392,61601.4616
2025-10-04 08:00:00,61619.7895,62240.2572,60832.7384,61635.6139
2025-10-04 12:00:00,61616.8213,62287.1234,60984.0541,61625.1674
2025-10-04 16:00:00,61591.0011,62532.5431,60901.7356,62290.6386
2025-10-04 20:00:00,62280.9843,64654.634,62125.3408,64330.3611
2025-10-05 00:00:00,64320.6229,64677.7745,63067.9664,63775.5909
2025-10-05 04:00:00,63756.4039,65071.4192,63483.4435,63888.4812
2025-10-05 08:00:00,63872.1801,64847.9636,62824.5651,64515.829
2025-10-05 12:00:00,64509.9797,65593.7293,64089.7732,65415.6821
2025-10-05 16:00:00,65413.8069,65681.7439,64410.7324,65579.9431
2025-10-05 20:00:00,65563.4119,67310.5065,64631.2491,67161.9942
2025-10-06 00:00:00,67175.8393,67713.8824,65290.7618,66040.1219
2025-10-06 04:00:00,66042.4328,66084.0193,63224.8809,64184.8022
2025-10-06 08:00:00,64176.4249,64832.5007,63524.7038,64260.6655
2025-10-06 12:00:00,64282.322,65690.7618,64282.322,65223.3032
2025-10-06 16:00:00,65214.2546,65793.1674,64195.3187,65199.7221
2025-10-06 20:00:00,65201.6772,66186.2695,64363.0659,65208.7281
2025-10-07 00:00:00,65200.8628,65450.7815,63623.4173,65288.7045
2025-10-07 04:00:00,65291.9675,66281.1387,64488.6877,66178.8847
2025-10-07 08:00:00,66185.4763,66242.6484,64612.0468,65262.9723
2025-10-07 12:00:00,65262.8635,66274.052,64776.3114,65698.6437
2025-10-07 16:00:00,65708.0987,68251.9729,65559.8924,67893.8039
2025-10-07 20:00:00,67882.3758,67892.115,65459.0459,65693.3844
2025-10-08 00:00:00,65674.8425,65695.4447,63974.5231,65312.6318
2025-10-08 04:00:00,65290.2397,65308.122,63314.8614,64482.433
2025-10-08 08:00:00,64494.6711,64664.1704,63743.0054,64117.85
2025-10-08 12:00:00,64109.1449,66664.7596,63917.8818,66523.4613
2025-10-08 16:00:00,66543.7972,67759.7092,65635.0896,67691.2149
2025-10-08 20:00:00,67696.9769,68190.9488,67301.3122,67601.9802
2025-10-09 00:00:00,67602.7144,68550.0908,66730.7216,66919.1166
2025-10-09 04:00:00,66926.4462,67608.6424,66465.8408,67151.8225
2025-10-09 08:00:00,67170.1946,67373.7248,65793.1926,66129.2429
2025-10-09 12:00:00,66134.2735,66167.1778,64505.9548,64971.646
2025-10-09 16:00:00,64955.8576,65215.5104,63531.0319,64919.0262
2025-10-09 20:00:00,64916.3767,65179.8295,64153.773,64909.7399
2025-10-10 00:00:00,64922.2528,65581.8146,64512.3001,65169.652
2025-10-10 04:00:00,65172.9918,67149.237,64869.9563,66208.1626
2025-10-10 08:00:00,66233.474,66553.2108,64808.5401,65572.716
2025-10-10 12:00:00,65582.2392,67498.0083,65419.2181,67151.3356
2025-10-10 16:00:00,67139.4023,69164.7714,67001.5256,68632.7422
2025-10-10 20:00:00,68641.0996,68933.1244,66910.6861,67102.1095
2025-10-11 00:00:00,67106.0939,68610.5574,66513.6825,68357.6117
2025-10-11 04:00:00,68351.4356,69236.544,67155.8423,68303.1117
2025-10-11 08:00:00,68302.4498,69088.2694,67449.0591,67889.6221
2025-10-11 12:00:00,67896.0625,69558.7874,67049.5874,67110.6656
2025-10-11 16:00:00,67101.7704,67608.4231,65443.7367,66151.0434
2025-10-11 20:00:00,66167.4793,66634.2342,65144.8616,65679.2092
2025-10-12 00:00:00,65668.9111,65715.5764,64526.1923,65082.7718
2025-10-12 04:00:00,65086.2574,65312.1905,63878.6297,63959.561
2025-10-12 08:00:00,63959.0272,64639.2186,63063.3341,64268.7807
2025-10-12 12:00:00,64256.5067,65287.1549,63141.313,63154.7601
2025-10-12 16:00:00,63167.9704,63407.9066,61920.3787,61946.2501
2025-10-12 20:00:00,61945.6622,62821.692,61778.5512,62549.4811
2025-10-13 00:00:00,62564.8516,63011.2374,60899.8845,60947.7351
2025-10-13 04:00:00,60948.5926,61037.4409,59440.8067,60246.4275
2025-10-13 08:00:00,60253.8644,60851.9751,59467.9214,59626.9709
2025-10-13 12:00:00,59615.5657,60695.4948,59371.7387,59738.5209
2025-10-13 16:00:00,59743.0381,60042.8987,59148.0454,59207.849
2025-10-13 20:00:00,59200.4172,60018.6138,58355.3871,58707.5865
2025-10-14 00:00:00,58708.5388,60520.5651,58615.8834,58964.0162
2025-10-14 04:00:00,58963.7619,60367.9671,58865.0836,60275.1928
2025-10-14 08:00:00,60289.8711,61082.2608,59176.1149,59753.3964
2025-10-14 12:00:00,59754.3063,60942.4102,59465.0188,60792.5429
2025-10-14 16:00:00,60802.9024,60946.6544,59818.0401,60266.4514
2025-10-14 20:00:00,60279.4877,60516.2913,58655.4919,58742.3082
2025-10-15 00:00:00,58737.3816,58813.2936,57401.8467,57709.2416
2025-10-15 04:00:00,57720.9261,58334.3837,56790.6332,57287.0502
2025-10-15 08:00:00,57276.0147,57498.5306,56334.4194,57441.9838
2025-10-15 12:00:00,57454.3132,58091.7879,55827.223,55841.3768
2025-10-15 16:00:00,55841.5664,56221.0858,55106.3473,55817.0948
2025-10-15 20:00:00,55809.4575,57032.0012,55622.153,56995.9061
2025-10-16 00:00:00,56995.6164,57432.997,55524.1606,56173.7398
2025-10-16 04:00:00,56162.198,56294.6382,55048.3872,55463.2564
2025-10-16 08:00:00,55463.8713,56770.4948,55126.5814,55670.0819
2025-10-16 12:00:00,55668.297,55978.3807,55035.9281,55102.9034
2025-10-16 16:00:00,55112.9371,55687.3469,54530.432,54623.1081
2025-10-16 20:00:00,54618.6746,55649.3712,54466.0394,55497.3988
2025-10-17 00:00:00,55518.3712,56767.379,55218.3999,55962.9794
2025-10-17 04:00:00,55963.647,57351.2986,55671.2837,56589.2925
2025-10-17 08:00:00,56594.2274,57933.9024,56412.3894,57086.651
2025-10-17 12:00:00,57087.324,57363.8321,56160.3992,56595.524
2025-10-17 16:00:00,56581.1509,56805.42,55367.9058,55436.1578
2025-10-17 20:00:00,55443.7654,56781.664,55332.3245,56470.75
2025-10-18 00:00:00,56468.47,58278.2075,55952.5843,58238.6031
2025-10-18 04:00:00,58231.9443,58261.8725,56345.1556,56951.0727
2025-10-18 08:00:00,56968.3063,57841.5542,56841.0765,57233.6885
2025-10-18 12:00:00,57233.1326,58776.9807,56796.5058,57964.6593
2025-10-18 16:00:00,57969.2817,58744.627,56554.5838,56655.3085
2025-10-18 20:00:00,56642.7548,58326.5645,56095.8579,58095.9938
2025-10-19 00:00:00,58100.3034,58404.6151,57141.2681,57505.5972
2025-10-19 04:00:00,57518.2046,58221.8162,57177.6597,57599.8524
2025-10-19 08:00:00,57589.1344,58133.8542,55489.4466,55604.55
2025-10-19 12:00:00,55621.5595,56414.3803,54849.5782,54849.5782
2025-10-19 16:00:00,54849.601,55757.5816,54538.6148,54918.3313
2025-10-19 20:00:00,54927.4016,56721.6941,54910.9643,56563.7884
2025-10-20 00:00:00,56568.2584,58022.4294,56537.2839,57395.1232
2025-10-20 04:00:00,57417.7287,58562.9545,57137.6896,57488.091
2025-10-20 08:00:00,57468.576,58577.0943,56980.7179,58180.068
2025-10-20 12:00:00,58180.9086,58431.7973,57477.004,57820.2586
2025-10-20 16:00:00,57839.4418,58095.0014,57248.3492,57920.4375
2025-10-20 20:00:00,57904.9027,58441.5992,56933.47,57281.8338
2025-10-21 00:00:00,57279.349,58116.6849,56999.0023,57378.5699
2025-10-21 04:00:00,57382.7605,58076.0153,56995.7288,57359.7945
2025-10-21 08:00:00,57350.3317,57478.1377,55950.9411,56231.5596
2025-10-21 12:00:00,56222.3441,56663.4359,56041.5249,56390.8362
2025-10-21 16:00:00,56372.1567,56937.8793,55063.4824,55431.1222
2025-10-21 20:00:00,55432.4451,56572.7342,55253.7373,55861.005
2025-10-22 00:00:00,55865.1757,56341.9779,55193.3829,55800.9597
2025-10-22 04:00:00,55809.1201,57756.5268,55784.186,56931.265
2025-10-22 08:00:00,56938.5061,58485.0084,56846.7751,58479.1236
2025-10-22 12:00:00,58490.7138,58603.1893,57407.0351,57718.4785
2025-10-22 16:00:00,57710.2302,58500.8135,57323.7638,58318.9192
2025-10-22 20:00:00,58307.467,60308.0793,58069.1136,60288.6665
2025-10-23 00:00:00,60292.6757,60830.1204,59505.0186,60306.4909
2025-10-23 04:00:00,60294.4426,61209.403,59913.9037,60914.144
2025-10-23 08:00:00,60929.1104,61215.9774,59151.6438,59513.3773
2025-10-23 12:00:00,59531.5652,59885.0816,58064.2558,58240.37
2025-10-23 16:00:00,58246.1902,58403.2533,57141.1087,57729.0187
2025-10-23 20:00:00,57735.7638,58829.8122,57506.1791,58412.0817
2025-10-24 00:00:00,58419.0239,58461.5661,56483.7307,56596.6304
2025-10-24 04:00:00,56609.8083,56868.5205,55192.5092,55519.7685
2025-10-24 08:00:00,55506.3171,55672.0812,53482.7639,53509.4942
2025-10-24 12:00:00,53513.9226,54311.7554,53378.8339,54249.3522
2025-10-24 16:00:00,54251.2852,54568.5861,53397.5434,53717.9017
2025-10-24 20:00:00,53729.1385,54915.7895,53589.7307,54508.3213
2025-10-25 00:00:00,54496.2765,54677.6519,53498.0927,53945.5551
2025-10-25 04:00:00,53974.4836,54835.2912,53671.3435,53854.7463
2025-10-25 08:00:00,53847.7674,53871.9394,52223.4683,53090.7884
2025-10-25 12:00:00,53114.1594,54481.8542,52874.0845,54104.4556
2025-10-25 16:00:00,54100.8714,54216.345,52990.4015,53235.7874
2025-10-25 20:00:00,53241.3274,53874.4304,52327.0236,52498.2791
2025-10-26 00:00:00,52504.3775,52709.3678,51159.6421,51260.976
2025-10-26 04:00:00,51253.239,51391.6305,49718.5128,49819.8345
2025-10-26 08:00:00,49819.1972,50618.2825,49517.7163,50618.2825
2025-10-26 12:00:00,50625.5177,51078.7773,49897.1108,50375.8551
2025-10-26 16:00:00,50376.927,50622.0859,48953.6541,49266.997
2025-10-26 20:00:00,49271.7106,50935.6899,49137.5238,49233.834
2025-10-27 00:00:00,49236.1278,49985.8043,48855.18,49814.513
2025-10-27 04:00:00,49832.662,50622.1841,49630.9973,50471.7946
2025-10-27 08:00:00,50465.7944,50768.4856,49458.4705,50193.3832
2025-10-27 12:00:00,50195.2075,50589.4927,49432.9991,49500.1842
2025-10-27 16:00:00,49497.1455,49995.2152,48152.0913,48976.7767
2025-10-27 20:00:00,48984.0056,49585.3817,48233.0945,48624.0036
2025-10-28 00:00:00,48609.4775,48619.1845,47286.8527,47483.4468
2025-10-28 04:00:00,47469.6096,48278.6702,47081.152,48031.8163
2025-10-28 08:00:00,48026.4093,49270.0232,47650.4252,49059.0268
2025-10-28 12:00:00,49048.7691,49854.4871,48870.8087,49194.9443
2025-10-28 16:00:00,49185.1658,49513.6053,48477.4316,48570.4254
2025-10-28 20:00:00,48575.881,50009.2959,48530.5182,49770.4928
2025-10-29 00:00:00,49772.1539,50157.118,48679.0869,49472.6118
2025-10-29 04:00:00,49465.9158,49614.7106,48967.9648,49192.9924
2025-10-29 08:00:00,49185.1586,49384.1177,48599.6699,49336.0809
2025-10-29 12:00:00,49345.5607,49445.3598,48199.4774,48659.2281
2025-10-29 16:00:00,48660.8671,49083.1643,48299.5075,48332.3095
2025-10-29 20:00:00,48332.6075,48845.8217,47447.6761,47739.5068
2025-10-30 00:00:00,47745.86,49405.5552,47434.3173,49360.5667
2025-10-30 04:00:00,49363.9781,50220.6083,49145.3256,49597.9655
2025-10-30 08:00:00,49590.6356,49821.481,47714.5414,48030.1003
2025-10-30 12:00:00,48011.8993,48630.48,47463.5578,48492.5828
2025-10-30 16:00:00,48510.438,49097.3177,47729.3738,48273.1136
2025-10-30 20:00:00,48278.1488,48389.6054,46971.5488,47396.3397
2025-10-31 00:00:00,47397.4737,48529.0129,46875.1286,48259.633
2025-10-31 04:00:00,48241.1788,49059.5241,48002.0254,49002.2924
2025-10-31 08:00:00,49002.9287,50093.5219,48621.6611,49931.4674
2025-10-31 12:00:00,49913.5058,49951.0651,48498.3595,49459.8882
2025-10-31 16:00:00,49458.3987,49809.9031,48706.8932,48888.3979
2025-10-31 20:00:00,48893.1434,49500.3059,48695.3042,48927.0602
2025-11-01 00:00:00,48929.6806,49406.3549,48229.9591,48758.4271
2025-11-01 04:00:00,48742.3199,48996.6878,48243.1813,48985.1317
2025-11-01 08:00:00,48983.6485,49337.9175,48247.0768,48319.3947
2025-11-01 12:00:00,48313.721,48587.2308,46837.9369,47329.0143
2025-11-01 16:00:00,47326.1925,47416.2059,46077.6669,46402.0343
2025-11-01 20:00:00,46400.7043,47255.7948,46138.2486,47044.6679
2025-11-02 00:00:00,47049.1503,47744.5072,46755.446,47524.9093
2025-11-02 04:00:00,47535.6628,48414.1577,47180.5444,47790.4998
2025-11-02 08:00:00,47793.0243,49252.172,47665.7013,49154.6413
2025-11-02 12:00:00,49153.0412,49490.1,48014.101,48083.2788
2025-11-02 16:00:00,48084.4869,48898.5326,47896.7747,47994.5787
2025-11-02 20:00:00,47993.2731,48302.251,47598.2399,47973.3686
2025-11-03 00:00:00,47972.6738,48159.0758,46879.3262,47028.6783
2025-11-03 04:00:00,47015.5891,47287.0892,46254.5104,46444.8865
2025-11-03 08:00:00,46451.6977,46697.8806,45056.7506,46299.3648
2025-11-03 12:00:00,46287.4187,46748.6664,44376.1289,44400.9039
2025-11-03 16:00:00,44394.1314,44499.8375,42795.7447,42892.2591
2025-11-03 20:00:00,42873.0052,43789.4114,42873.0052,43105.2767
2025-11-04 00:00:00,43103.5414,43514.9193,41945.5439,41945.5439
2025-11-04 04:00:00,41935.3604,42400.2972,41338.0766,42128.371
2025-11-04 08:00:00,42110.7471,42962.2115,41727.7698,42792.9406
2025-11-04 12:00:00,42798.1754,43032.9283,41807.7383,42058.2672
2025-11-04 16:00:00,42056.6844,43423.2556,41848.2137,43367.6966
2025-11-04 20:00:00,43363.4791,44845.6961,43338.2531,44464.3282
2025-11-05 00:00:00,44476.1762,45040.567,44217.6646,44268.8968
2025-11-05 04:00:00,44283.6834,44940.2295,43379.1254,43500.2583
2025-11-05 08:00:00,43513.2849,43980.884,43114.7425,43641.5651
2025-11-05 12:00:00,43631.6386,44087.708,43367.0531,43752.3488
2025-11-05 16:00:00,43755.2089,44492.5968,42934.0205,43040.9204
2025-11-05 20:00:00,43034.0403,44150.8221,42952.7225,43992.7497
2025-11-06 00:00:00,43995.6226,45710.591,43862.6729,45629.9438
2025-11-06 04:00:00,45631.3262,46200.0433,45529.9616,46076.2575
2025-11-06 08:00:00,46086.5525,46208.6778,44815.296,45108.113
2025-11-06 12:00:00,45102.6026,46640.0069,44907.7269,46450.824
2025-11-06 16:00:00,46454.267,46689.1022,45804.9282,45864.8191
2025-11-06 20:00:00,45864.8237,46038.9289,44585.0472,45399.9937
2025-11-07 00:00:00,45403.0976,45714.3855,44903.5724,45315.4981
2025-11-07 04:00:00,45313.6946,45570.8819,44479.1246,45273.7819
2025-11-07 08:00:00,45281.1492,45581.3603,44629.6893,44767.9575
2025-11-07 12:00:00,44773.7127,45118.5878,43408.997,43904.7348
2025-11-07 16:00:00,43910.8633,44246.1622,43730.0627,44114.0201
2025-11-07 20:00:00,44115.0419,44314.4572,43621.7508,43740.3498
2025-11-08 00:00:00,43731.9644,43773.9895,42854.2487,43344.3018
2025-11-08 04:00:00,43343.8027,43343.8027,41993.3899,42364.6396
2025-11-08 08:00:00,42351.6639,42351.6639,41357.7398,41610.8884
2025-11-08 12:00:00,41611.9442,42679.7687,41596.2287,41751.8164
2025-11-08 16:00:00,41749.8648,42357.6955,41617.6094,42229.5752
2025-11-08 20:00:00,42223.2373,42490.8456,41786.5704,41918.8652
2025-11-09 00:00:00,41920.1666,43010.7127,41894.813,42670.0564
2025-11-09 04:00:00,42655.6253,43609.1439,42281.9853,43470.1464
2025-11-09 08:00:00,43476.1022,43733.2145,42663.7781,42724.3067
2025-11-09 12:00:00,42712.2427,43051.0926,42418.9064,42781.2693
2025-11-09 16:00:00,42778.9172,43133.0369,42099.1781,42190.9674
2025-11-09 20:00:00,42199.9513,43184.7495,42107.6694,42938.0511
2025-11-10 00:00:00,42954.9134,43478.6768,42190.7024,42361.3588
2025-11-10 04:00:00,42352.3868,42397.2625,41599.7915,41758.2803
2025-11-10 08:00:00,41759.9753,41933.0923,41443.6809,41557.8805
2025-11-10 12:00:00,41550.545,41742.5501,40933.2015,41349.4164
2025-11-10 16:00:00,41343.3554,43047.9595,41061.472,42867.012
2025-11-10 20:00:00,42867.6944,43402.2611,42615.0937,43099.1741
2025-11-11 00:00:00,43105.7804,43339.3162,42384.4659,43161.2305
2025-11-11 04:00:00,43163.5369,44343.4253,42925.8253,43937.7419
2025-11-11 08:00:00,43944.3917,44324.5749,43163.8623,43418.0711
2025-11-11 12:00:00,43410.44,44497.3599,43114.3858,44483.8938
2025-11-11 16:00:00,44463.1599,45257.3845,44193.4858,45043.5815
2025-11-11 20:00:00,45037.4307,45654.6033,44570.4727,45450.5814
2025-11-12 00:00:00,45455.9232,46350.252,45106.1739,46210.6352
2025-11-12 04:00:00,46203.3276,46518.6428,45581.934,45754.6962
2025-11-12 08:00:00,45768.5968,46117.8834,44996.3504,45116.7671
2025-11-12 12:00:00,45115.0625,45223.1471,44229.0887,44373.036
2025-11-12 16:00:00,44382.2272,44559.4223,43406.2133,43677.6237
2025-11-12 20:00:00,43676.872,43917.8123,43252.5661,43869.154
2025-11-13 00:00:00,43857.3868,44033.2321,43274.697,43416.6486
2025-11-13 04:00:00,43423.1081,45158.5508,43422.484,44607.5815
2025-11-13 08:00:00,44605.4989,44695.4868,43473.8135,43814.1282
2025-11-13 12:00:00,43801.5924,44996.4989,43747.931,44390.759
2025-11-13 16:00:00,44413.3696,45078.7148,44108.1044,44855.529
2025-11-13 20:00:00,44858.9884,46110.9861,44747.158,44997.8836
2025-11-14 00:00:00,44997.8633,45312.5256,44688.4597,45029.1998
2025-11-14 04:00:00,45035.6665,45058.6786,44289.3613,44740.7182
2025-11-14 08:00:00,44742.8028,45654.2778,44224.6065,45122.3368
2025-11-14 12:00:00,45111.0943,45626.3547,44053.3268,44225.5107
2025-11-14 16:00:00,44228.8224,44314.8419,43095.9032,43377.2086
2025-11-14 20:00:00,43385.3043,44109.241,42888.707,42982.0326
2025-11-15 00:00:00,42980.9442,44001.8825,42948.9967,43949.6994
2025-11-15 04:00:00,43945.7114,45598.8831,43938.4775,45457.3425
2025-11-15 08:00:00,45453.7463,45736.8977,44523.3641,45471.1419
2025-11-15 12:00:00,45463.8303,46575.1335,44955.5417,46103.4857
2025-11-15 16:00:00,46103.691,46769.0949,45868.4454,46544.5053
2025-11-15 20:00:00,46543.6057,48119.0913,46225.0934,48039.6918
2025-11-16 00:00:00,48060.5573,48310.2643,47146.3711,47476.4022
2025-11-16 04:00:00,47485.558,48885.278,47370.4515,48607.0816
2025-11-16 08:00:00,48592.8067,48724.5453,46565.7922,46570.7537
2025-11-16 12:00:00,46587.4811,47305.2929,46354.2571,46389.6652
2025-11-16 16:00:00,46387.6301,46609.1488,45897.9919,46514.2807
2025-11-16 20:00:00,46516.519,47043.0556,46081.5949,46833.9686
2025-11-17 00:00:00,46863.2944,47570.0033,45572.0208,45587.8894
2025-11-17 04:00:00,45576.4734,45636.8517,43933.814,44376.8038
2025-11-17 08:00:00,44375.4476,44532.2782,43833.3606,44173.0078
2025-11-17 12:00:00,44188.2451,44469.7079,43823.526,44369.5228
2025-11-17 16:00:00,44385.9129,44512.7108,42604.6703,42659.7585
2025-11-17 20:00:00,42659.2777,42673.17,41648.7497,41706.4761
2025-11-18 00:00:00,41707.6126,42685.3148,41446.082,42477.3529
2025-11-18 04:00:00,42462.3598,42468.935,40221.5365,40345.5376
2025-11-18 08:00:00,40352.2918,40828.1846,39800.7129,40027.4381
2025-11-18 12:00:00,40020.7347,40405.0449,39703.925,40220.9936
2025-11-18 16:00:00,40236.1346,40281.9464,38951.7933,38979.1295
2025-11-18 20:00:00,38983.9847,39153.2796,38437.3841,39136.9405
2025-11-19 00:00:00,39137.352,39753.7567,39129.4526,39373.5243
2025-11-19 04:00:00,39364.496,39451.6442,38668.4389,39125.6122
2025-11-19 08:00:00,39125.4324,39805.0937,39013.9704,39637.3299
2025-11-19 12:00:00,39643.218,40088.7774,39039.704,39365.7111
2025-11-19 16:00:00,39372.3211,40219.7446,39078.225,40085.4393
2025-11-19 20:00:00,40072.0505,40543.8062,39039.286,39293.9148
2025-11-20 00:00:00,39295.5561,40614.3385,39151.9636,40546.1923
2025-11-20 04:00:00,40542.6617,40874.3874,39479.3858,39662.8551
2025-11-20 08:00:00,39673.25,40174.4635,39505.4336,39783.5235
2025-11-20 12:00:00,39775.9895,40006.25,39229.6808,39875.5756
2025-11-20 16:00:00,39873.2372,40400.8819,39478.6036,39718.1199
2025-11-20 20:00:00,39733.6796,40867.6361,39560.3879,40357.1002
2025-11-21 00:00:00,40362.8285,41080.5377,40266.9894,40805.1863
2025-11-21 04:00:00,40813.2851,41056.4884,40214.6459,40868.0086
2025-11-21 08:00:00,40876.7017,41056.808,39776.4176,40052.1846
2025-11-21 12:00:00,40054.3635,40477.9726,38898.8633,38952.0966
2025-11-21 16:00:00,38957.7549,39231.5186,38643.2189,39000.7859
2025-11-21 20:00:00,38996.7714,39122.1984,37799.883,38106.1142
2025-11-22 00:00:00,38109.8571,38685.8656,37909.9506,37969.0559
2025-11-22 04:00:00,37970.6255,38603.1523,37651.8291,38433.524
2025-11-22 08:00:00,38442.4556,38685.3558,37758.8254,38235.4484
2025-11-22 12:00:00,38235.6312,38548.8741,37751.279,38461.6647
2025-11-22 16:00:00,38466.6238,38669.0387,37877.7731,38209.8324
2025-11-22 20:00:00,38212.2069,38331.218,37327.9292,37446.2374
2025-11-23 00:00:00,37435.0269,38437.9125,37197.2078,37986.8879
2025-11-23 04:00:00,37985.5576,38142.4627,36664.4624,36667.3011
2025-11-23 08:00:00,36653.3692,36697.2225,35702.7219,36369.6012
2025-11-23 12:00:00,36377.1594,37650.5425,36228.7414,37339.9658
2025-11-23 16:00:00,37326.2568,37527.6835,36627.2132,36885.3458
2025-11-23 20:00:00,36881.8933,37417.8363,36597.467,37295.0469
2025-11-24 00:00:00,37307.3703,37890.2313,36876.6053,37724.2747
2025-11-24 04:00:00,37709.4732,37834.4271,36865.9181,36907.77
2025-11-24 08:00:00,36913.0242,37325.9684,36540.5509,36991.2846
2025-11-24 12:00:00,36993.1171,37927.4162,36975.2122,37578.6113
2025-11-24 16:00:00,37581.6852,37602.2025,36979.7689,37048.6836
2025-11-24 20:00:00,37056.993,37369.7811,36607.0279,36919.9576
2025-11-25 00:00:00,36924.099,37088.6146,36377.1913,36389.2963
2025-11-25 04:00:00,36390.4633,37158.9911,35921.1673,37158.9911
2025-11-25 08:00:00,37150.446,37873.9963,37009.6977,37433.7799
2025-11-25 12:00:00,37429.9879,37967.5608,37159.9706,37422.8362
2025-11-25 16:00:00,37434.1369,37527.1524,36451.9257,36504.0087
2025-11-25 20:00:00,36503.7721,37369.2157,36485.3957,37002.7202
2025-11-26 00:00:00,37009.2941,37035.514,35812.8487,36025.6025
2025-11-26 04:00:00,36026.1199,36262.2406,35571.9541,35606.9208
2025-11-26 08:00:00,35617.4092,36337.3811,35554.1719,35666.7055
2025-11-26 12:00:00,35665.0597,36156.9154,35537.4489,35894.2534
2025-11-26 16:00:00,35904.1651,36481.6792,35567.7176,36225.3763
2025-11-26 20:00:00,36227.4618,37316.9367,36086.2559,37298.8642
2025-11-27 00:00:00,37293.6466,37686.6886,36571.063,37548.4321
2025-11-27 04:00:00,37560.052,37607.089,36799.7834,37066.0977
2025-11-27 08:00:00,37058.3606,37743.3167,36971.6259,37468.5404
2025-11-27 12:00:00,37469.7217,37931.2764,37301.7763,37428.9975
2025-11-27 16:00:00,37434.9,37797.6942,36916.3395,37790.0668
2025-11-27 20:00:00,37803.1325,39834.1956,37793.0016,39734.8692
2025-11-28 00:00:00,39734.4317,39974.4504,39319.3674,39722.4904
2025-11-28 04:00:00,39721.851,40495.7843,39709.8137,40398.0312
2025-11-28 08:00:00,40377.0522,40399.8629,39282.1805,39481.7834
2025-11-28 12:00:00,39469.2163,39657.4092,38950.9064,39428.9381
2025-11-28 16:00:00,39435.3917,39786.6928,39140.6763,39735.4675
2025-11-28 20:00:00,39751.9359,40665.0335,39517.57,40457.2445
2025-11-29 00:00:00,40441.9817,40491.1556,39789.4227,40258.58
2025-11-29 04:00:00,40273.279,40913.8037,39977.2295,40646.1507
2025-11-29 08:00:00,40651.0768,41058.8458,40308.915,40818.9573
2025-11-29 12:00:00,40823.7128,41297.3485,40509.4245,40877.5875
2025-11-29 16:00:00,40886.5372,41649.5551,40810.4195,41215.1752
2025-11-29 20:00:00,41199.0722,42193.6335,41106.0365,41952.6231
2025-11-30 00:00:00,41958.1072,42768.8657,41428.8525,42444.2141
2025-11-30 04:00:00,42443.1748,43432.0537,42130.0437,43226.8562
2025-11-30 08:00:00,43234.0658,44769.3877,43202.334,43985.4691
2025-11-30 12:00:00,43992.1055,44064.2085,43077.6412,43345.6539
2025-11-30 16:00:00,43356.8583,43804.8039,42709.1267,42720.6067
2025-11-30 20:00:00,42694.8476,43032.4734,41734.0244,42195.9992
2025-12-01 00:00:00,42201.8291,42838.5529,42059.1645,42580.7187
2025-12-01 04:00:00,42589.3822,43902.0658,42372.6738,43892.5771
2025-12-01 08:00:00,43897.4225,44645.868,43414.4295,44276.87
2025-12-01 12:00:00,44280.3831,44880.8914,44154.4662,44511.9422
2025-12-01 16:00:00,44522.8469,44922.1352,44242.5094,44741.5191
2025-12-01 20:00:00,44754.0973,45760.1673,44645.9094,45756.4993
2025-12-02 00:00:00,45768.8835,45928.4459,45062.8358,45401.0758
2025-12-02 04:00:00,45393.8889,46562.0475,45045.2361,45962.4812
2025-12-02 08:00:00,45952.6341,46037.5385,44466.5391,45230.8632
2025-12-02 12:00:00,45223.9203,46158.7972,44296.3143,45872.6799
2025-12-02 16:00:00,45863.0144,46000.2721,44462.1993,44770.8631
2025-12-02 20:00:00,44773.1238,45362.0519,44409.7688,44890.5196
2025-12-03 00:00:00,44897.4761,45291.1111,44205.8618,44636.3974
2025-12-03 04:00:00,44623.5922,45027.8351,44019.5199,44337.0978
2025-12-03 08:00:00,44337.2634,44770.9722,43989.6103,44457.6474
2025-12-03 12:00:00,44455.0775,44856.2363,43785.115,43878.2423
2025-12-03 16:00:00,43871.8044,43876.761,42655.4657,42881.6312
2025-12-03 20:00:00,42879.2949,44130.4653,42667.1266,43700.6282
2025-12-04 00:00:00,43693.5476,44177.3386,43228.5526,43791.5046
2025-12-04 04:00:00,43791.2272,43888.809,42544.4156,43186.945
2025-12-04 08:00:00,43178.0305,43884.4406,42702.5962,42916.7875
2025-12-04 12:00:00,42917.4364,44256.6613,42842.9033,44227.9154
2025-12-04 16:00:00,44224.6391,44583.3368,43603.0464,44086.8206
2025-12-04 20:00:00,44085.3237,45656.4622,43866.1934,44370.3593
2025-12-05 00:00:00,44378.4544,45064.2004,43746.2029,43746.2029
2025-12-05 04:00:00,43754.3453,44657.5973,43690.7563,43901.282
2025-12-05 08:00:00,43906.6917,44210.3217,43380.0387,43733.2396
2025-12-05 12:00:00,43744.4257,45053.6739,43742.262,44743.5101
2025-12-05 16:00:00,44752.8725,45589.1219,44603.1069,44716.5777
2025-12-05 20:00:00,44725.4666,45303.1679,44105.9668,44545.931
2025-12-06 00:00:00,44533.8529,45152.7833,44243.8813,44522.1312
2025-12-06 04:00:00,44505.7,45004.7535,43435.2186,43481.8734
2025-12-06 08:00:00,43478.288,44154.8239,43337.7467,43854.5595
2025-12-06 12:00:00,43855.8867,44967.982,43845.4484,44024.9627
2025-12-06 16:00:00,44021.8458,44321.4897,43420.7914,44078.3706
2025-12-06 20:00:00,44082.6384,44561.5745,43587.6533,44530.0088
2025-12-07 00:00:00,44529.417,45917.4685,44413.2758,45510.4493
2025-12-07 04:00:00,45508.1007,46501.9738,45318.3634,45404.1326
2025-12-07 08:00:00,45387.9259,46065.2848,44449.0084,44528.7252
2025-12-07 12:00:00,44541.5495,44591.5035,43764.5673,44312.8361
2025-12-07 16:00:00,44315.4341,44591.5477,43716.7288,44548.6939
2025-12-07 20:00:00,44547.6857,44576.43,43322.0653,43745.6724
2025-12-08 00:00:00,43722.2459,43906.0028,43248.0377,43541.569
2025-12-08 04:00:00,43544.9216,43911.3458,42987.2916,43606.0884
2025-12-08 08:00:00,43609.7643,44135.7892,43343.4261,44127.2374
2025-12-08 12:00:00,44129.6175,44212.4506,43394.5961,43708.8059
2025-12-08 16:00:00,43709.5008,43811.809,42830.9133,42874.1172
2025-12-08 20:00:00,42873.2971,43344.466,42034.5442,42974.1616
2025-12-09 00:00:00,42969.4833,43915.7728,42762.1474,43496.976
2025-12-09 04:00:00,43495.1998,44063.3956,43022.6162,43617.2787
2025-12-09 08:00:00,43630.8364,43975.7126,42393.5882,42448.3811
2025-12-09 12:00:00,42445.6793,42831.0451,42066.9522,42427.4593
2025-12-09 16:00:00,42437.0526,42729.6238,42010.7827,42485.1336
2025-12-09 20:00:00,42485.7074,43160.3208,42134.482,43151.54
2025-12-10 00:00:00,43144.3188,44094.859,42716.4443,43868.8901
2025-12-10 04:00:00,43872.6365,44989.4631,43833.6207,44667.6806
2025-12-10 08:00:00,44650.116,45349.3401,44398.1662,44430.5359
2025-12-10 12:00:00,44433.2643,44813.69,44035.6455,44134.7337
2025-12-10 16:00:00,44121.5409,44712.8502,43402.0193,44603.5764
2025-12-10 20:00:00,44584.261,44690.3035,43604.6114,43905.5221
2025-12-11 00:00:00,43917.1891,44590.6451,43622.0141,44347.2982
2025-12-11 04:00:00,44339.6575,44339.7181,43542.0484,43930.899
2025-12-11 08:00:00,43941.5734,44372.5842,42965.7063,43043.6352
2025-12-11 12:00:00,43049.4843,43833.2122,42771.7671,42854.9028
2025-12-11 16:00:00,42852.6197,43625.0758,42269.3261,42399.7741
2025-12-11 20:00:00,42398.783,42690.8572,42076.6868,42169.9275
2025-12-12 00:00:00,42158.7508,42225.166,41274.0725,41281.711
2025-12-12 04:00:00,41284.4057,42392.5996,41267.9805,42095.3789
2025-12-12 08:00:00,42106.7107,43273.6964,41999.5616,42811.9639
2025-12-12 12:00:00,42822.6512,43586.3526,42557.4026,42874.2081
2025-12-12 16:00:00,42876.5467,43432.4912,42578.9811,43020.6362
2025-12-12 20:00:00,43025.9684,43925.1488,42920.6482,43453.1918
2025-12-13 00:00:00,43453.3736,44508.9494,43288.389,44440.6587
2025-12-13 04:00:00,44447.6664,45362.4239,44298.2052,44637.9252
2025-12-13 08:00:00,44635.2846,45564.0627,44455.7426,45075.3791
2025-12-13 12:00:00,45062.6507,45710.4679,44404.5328,44784.4508
2025-12-13 16:00:00,44780.4163,45542.7678,44448.5012,45455.9019
2025-12-13 20:00:00,45456.3216,46857.8238,45441.2103,45968.5783
2025-12-14 00:00:00,45970.9629,46112.3533,45295.7683,45712.3595
2025-12-14 04:00:00,45721.9084,45876.5819,45202.9556,45562.7981
2025-12-14 08:00:00,45569.2017,46950.5764,45569.2017,46492.083
2025-12-14 12:00:00,46494.2657,48047.6263,46449.728,47864.4884
2025-12-14 16:00:00,47868.9459,47993.1994,46946.0477,47322.5001
2025-12-14 20:00:00,47320.4152,47504.8407,46044.5457,46731.2854
2025-12-15 00:00:00,46719.5509,47492.5952,46249.2618,46506.3805
2025-12-15 04:00:00,46500.3969,46698.5433,45959.5664,46088.3431
2025-12-15 08:00:00,46088.3359,47141.1399,45923.8084,47078.4027
2025-12-15 12:00:00,47079.681,47481.033,46534.8486,46722.9342
2025-12-15 16:00:00,46728.1163,46968.928,46077.1409,46324.4012
2025-12-15 20:00:00,46325.1703,47232.1809,46208.6427,46881.0524
2025-12-16 00:00:00,46884.4352,48518.2408,46574.8369,47467.3266
2025-12-16 04:00:00,47471.3701,48543.674,47061.8519,48249.8116
2025-12-16 08:00:00,48251.4934,48494.5966,46895.4694,46908.1045
2025-12-16 12:00:00,46893.0128,47518.9596,46344.2878,47115.0499
2025-12-16 16:00:00,47106.9392,47283.6407,46411.9128,47052.3739
2025-12-16 20:00:00,47048.615,47748.8603,46893.5889,47678.3941
2025-12-17 00:00:00,47655.7044,47703.2009,46297.6175,46337.5386
2025-12-17 04:00:00,46322.3923,46618.0604,45383.8236,46438.1344
2025-12-17 08:00:00,46434.7463,47567.3797,46278.7036,46967.3458
2025-12-17 12:00:00,46960.1073,47636.9927,46510.961,47359.5431
2025-12-17 16:00:00,47347.1275,49158.6473,47336.866,48225.7972
2025-12-17 20:00:00,48213.9037,48870.7698,47729.1377,48321.4212
2025-12-18 00:00:00,48306.0462,48534.2821,47146.7654,47182.284
2025-12-18 04:00:00,47182.0416,47211.885,45738.6404,46397.1982
2025-12-18 08:00:00,46381.1353,46398.4813,45154.9603,46025.9643
2025-12-18 12:00:00,46035.387,46927.9295,46035.387,46716.6075
2025-12-18 16:00:00,46710.4209,47238.8044,46306.8378,46778.4936
2025-12-18 20:00:00,46769.9721,47936.9512,46506.0628,47571.2317
2025-12-19 00:00:00,47578.716,47696.0004,46641.6673,47378.4826
2025-12-19 04:00:00,47385.63,47714.3035,46815.3621,47306.9119
2025-12-19 08:00:00,47314.199,47509.4205,46493.2073,47269.3081
2025-12-19 12:00:00,47269.0934,47410.34,46428.4938,46784.2019
2025-12-19 16:00:00,46778.8156,47174.642,46157.0814,46509.8519
2025-12-19 20:00:00,46521.0091,46531.4058,45027.3628,45366.5309
2025-12-20 00:00:00,45381.9743,46092.5603,45225.1533,45400.6767
2025-12-20 04:00:00,45393.3475,46057.4017,44994.6643,45162.9003
2025-12-20 08:00:00,45160.028,45970.5106,45034.9321,45712.7316
2025-12-20 12:00:00,45703.0412,45727.9182,44359.8846,44872.1971
2025-12-20 16:00:00,44865.2437,45235.4261,44434.6315,44710.1205
2025-12-20 20:00:00,44708.5591,45629.5167,44546.8581,45283.7811
2025-12-21 00:00:00,45270.5236,45460.0443,44585.1679,45047.3299
2025-12-21 04:00:00,45051.3158,45277.1979,44068.4074,44758.5314
2025-12-21 08:00:00,44752.1341,45926.0766,44614.5068,44683.3099
2025-12-21 12:00:00,44680.0127,44690.3066,43435.7903,43717.4628
2025-12-21 16:00:00,43723.1777,44202.1404,43147.5514,44161.1737
2025-12-21 20:00:00,44174.4076,45476.7967,44170.4545,44418.5411
2025-12-22 00:00:00,44423.9948,44643.524,43776.3752,43798.0397
2025-12-22 04:00:00,43801.9211,43806.9479,42284.8283,42307.9916
2025-12-22 08:00:00,42295.8537,42769.3033,41779.7117,42458.9196
2025-12-22 12:00:00,42482.7916,42647.2827,40881.0114,41182.1339
2025-12-22 16:00:00,41189.69,41675.4482,41118.1993,41393.8781
2025-12-22 20:00:00,41404.3875,41654.2237,40985.8438,41023.8498
2025-12-23 00:00:00,41043.8926,41407.1431,40748.1116,41267.6433
2025-12-23 04:00:00,41269.8481,41735.6768,40879.0498,41720.1036
2025-12-23 08:00:00,41727.6745,42233.0099,41599.5358,42062.2129
2025-12-23 12:00:00,42064.3146,43378.1826,41905.328,43091.2567
2025-12-23 16:00:00,43094.1175,43442.7683,42562.0217,43442.7683
2025-12-23 20:00:00,43447.7172,43488.2375,42500.3156,42589.0882
2025-12-24 00:00:00,42589.75,42794.0818,41664.5073,41782.5492
2025-12-24 04:00:00,41782.379,42152.3501,41389.0733,41498.3908
2025-12-24 08:00:00,41502.0722,41950.4754,41395.8115,41486.6168
2025-12-24 12:00:00,41485.1976,41643.7015,40666.3677,40915.7994
2025-12-24 16:00:00,40912.0,41357.9333,40499.4333,40783.9021
2025-12-24 20:00:00,40785.6166,41484.3674,40460.7688,41178.4872
2025-12-25 00:00:00,41174.9694,42611.2059,41147.4693,42558.6373
2025-12-25 04:00:00,42560.6725,42729.6735,40666.9713,40717.7175
2025-12-25 08:00:00,40712.162,41372.6076,40214.8733,41124.9082
2025-12-25 12:00:00,41129.3546,41868.3654,40965.4811,41531.7121
2025-12-25 16:00:00,41519.2002,41987.0275,41151.1142,41562.1457
2025-12-25 20:00:00,41560.9689,42335.7992,41245.2309,41895.747
2025-12-26 00:00:00,41892.116,42696.0787,41565.3474,42582.8137
2025-12-26 04:00:00,42583.5927,43726.9352,42342.1685,43553.2766
2025-12-26 08:00:00,43556.5901,43623.3781,42733.7663,42918.8053
2025-12-26 12:00:00,42914.7833,44124.8234,42826.3266,44123.1528
2025-12-26 16:00:00,44131.2011,44401.5992,43118.5164,43633.8703
2025-12-26 20:00:00,43635.9943,44032.5313,43344.9086,43841.0617
2025-12-27 00:00:00,43832.0533,45887.984,43756.6893,45568.0248
2025-12-27 04:00:00,45551.5106,46668.5263,44585.5248,44766.4274
2025-12-27 08:00:00,44776.3483,44963.6639,43669.1205,44229.9534
2025-12-27 12:00:00,44217.582,45653.4348,44037.0026,45441.485
2025-12-27 16:00:00,45452.6738,46165.2921,45328.5084,45478.5914
2025-12-27 20:00:00,45466.5083,47069.7757,45400.7685,47029.6039
2025-12-28 00:00:00,47038.9524,47186.7835,46175.0667,46430.4124
2025-12-28 04:00:00,46422.6991,46753.5913,46177.1587,46346.4735
2025-12-28 08:00:00,46348.1484,46928.0934,45883.5904,46751.8396
2025-12-28 12:00:00,46753.6546,47906.5697,46705.0825,47187.7298
2025-12-28 16:00:00,47182.5513,47522.0206,46624.521,46827.6302
2025-12-28 20:00:00,46832.8511,47217.9492,46206.9124,46541.1337
2025-12-29 00:00:00,46550.3583,46812.5227,45098.531,45320.8572
2025-12-29 04:00:00,45321.9446,45366.3858,43748.3522,44103.3565
2025-12-29 08:00:00,44112.6314,44478.3713,42937.53,43006.9606
2025-12-29 12:00:00,43002.3864,43424.9989,42376.7729,43304.6011
2025-12-29 16:00:00,43293.1967,43718.5512,42622.8846,43132.1089
2025-12-29 20:00:00,43137.5459,43731.0684,42440.7441,43549.9932
2025-12-30 00:00:00,43558.4568,43666.9725,42442.4999,42724.1341
2025-12-30 04:00:00,42725.6286,43585.5987,42625.8688,43445.4024
2025-12-30 08:00:00,43427.9929,43851.8978,42873.2999,43666.3234
2025-12-30 12:00:00,43666.2035,44710.8232,43461.0864,44688.4558
2025-12-30 16:00:00,44692.5142,46040.9059,44589.5768,45778.2117
2025-12-30 20:00:00,45778.0592,46159.9605,45504.7171,45971.0767
2025-12-31 00:00:00,45952.2041,46279.6027,45269.1788,45302.4966
2025-12-31 04:00:00,45308.9949,45558.3269,44129.6488,44217.9292
2025-12-31 08:00:00,44218.3555,44579.2005,43522.0079,44041.0955
2025-12-31 12:00:00,44039.7388,44136.788,42656.6366,42880.5495
2025-12-31 16:00:00,42886.2156,43182.4266,42456.5631,42648.762
2025-12-31 20:00:00,42636.7028,43209.4245,42118.3762,42600.1904
2026-01-01 00:00:00,42599.5561,42733.1484,42048.4629,42188.5012
2026-01-01 04:00:00,42195.2648,42760.1516,42068.173,42612.0838
2026-01-01 08:00:00,42608.1714,42940.4464,41622.3755,41689.924
2026-01-01 12:00:00,41680.3163,41883.3099,40966.7864,41034.3006
2026-01-01 16:00:00,41026.3981,42184.0907,41002.3901,41929.8779
2026-01-01 20:00:00,41925.6623,42808.3943,41767.7433,42144.4591
2026-01-02 00:00:00,42160.6494,42300.4729,41598.5888,41963.0863
2026-01-02 04:00:00,41958.2987,42768.2507,41835.0138,42341.2215
2026-01-02 08:00:00,42333.9416,42482.0653,41573.8793,42053.5858
2026-01-02 12:00:00,42039.8465,43013.1028,41854.4301,42850.6606
2026-01-02 16:00:00,42857.4785,45003.2043,42809.9077,44495.3276
2026-01-02 20:00:00,44501.5746,44501.5746,43450.8792,43832.4058
2026-01-03 00:00:00,43839.0775,44541.5308,43466.3193,44327.5395
2026-01-03 04:00:00,44330.1792,45194.8945,44228.0104,44751.8181
2026-01-03 08:00:00,44750.9911,45316.8802,44418.6392,44612.3782
2026-01-03 12:00:00,44620.6146,44777.0579,43944.1562,44239.1109
2026-01-03 16:00:00,44233.3493,44522.7565,42867.2286,43124.5276
2026-01-03 20:00:00,43116.385,44029.387,42965.1374,43946.653
2026-01-04 00:00:00,43944.5895,44764.4646,43526.7492,43572.2685
2026-01-04 04:00:00,43586.953,43777.2676,42684.7921,43597.1333
2026-01-04 08:00:00,43596.3978,44292.7443,42714.5076,42809.7017
2026-01-04 12:00:00,42829.7976,43881.2928,42804.9312,43150.0217
2026-01-04 16:00:00,43155.852,43435.559,41955.3343,42576.4187
2026-01-04 20:00:00,42571.6774,42807.8696,41551.5073,41757.6522
2026-01-05 00:00:00,41756.7396,41916.0607,40702.4452,40839.516
2026-01-05 04:00:00,40840.9451,40988.9094,39256.8836,39278.1818
2026-01-05 08:00:00,39278.5357,39822.2578,38846.9104,38987.3165
2026-01-05 12:00:00,38987.5251,39709.4024,38761.3069,39131.3847
2026-01-05 16:00:00,39118.0886,39345.1886,38471.9159,38526.2864
2026-01-05 20:00:00,38519.715,38641.5557,37696.3787,38340.9809
2026-01-06 00:00:00,38325.3641,39373.1,38286.0996,39373.1
2026-01-06 04:00:00,39374.3912,39977.8516,39059.0713,39809.5274
2026-01-06 08:00:00,39808.1361,41078.4585,39675.8417,40281.6001
2026-01-06 12:00:00,40289.3367,40615.0368,40080.3374,40270.5801
2026-01-06 16:00:00,40272.1462,41552.5956,40092.74,41108.166
2026-01-06 20:00:00,41104.8861,42116.2722,40956.5517,41264.6854
2026-01-07 00:00:00,41275.0971,42150.332,41179.4948,42051.3215
2026-01-07 04:00:00,42042.8411,42605.7294,41482.5632,42426.1373
2026-01-07 08:00:00,42411.6941,42412.4684,41725.4196,41744.7104
2026-01-07 12:00:00,41744.5364,42352.0532,41426.5409,42255.3329
2026-01-07 16:00:00,42259.0535,42539.8151,41617.9943,41842.259
2026-01-07 20:00:00,41845.3624,42302.6619,41466.674,41599.2414
2026-01-08 00:00:00,41603.4763,41783.0577,40810.4682,41099.3427
2026-01-08 04:00:00,41106.3167,41141.7848,40337.1598,40356.3691
2026-01-08 08:00:00,40352.0317,41092.6978,40152.3744,40793.5966
2026-01-08 12:00:00,40790.4558,41087.5265,40262.251,40485.2262
2026-01-08 16:00:00,40501.3376,40918.1253,40410.6067,40605.9024
2026-01-08 20:00:00,40600.4349,41223.4456,40490.5863,40537.285
2026-01-09 00:00:00,40533.8528,40957.6332,40197.8483,40464.5097
2026-01-09 04:00:00,40459.5545,40967.5644,40190.9373,40860.9363
2026-01-09 08:00:00,40864.8987,41861.5461,40861.4379,41162.2582
2026-01-09 12:00:00,41156.8446,41253.8925,39445.1562,39788.7178
2026-01-09 16:00:00,39783.3503,40025.4714,39311.0934,39658.9715
2026-01-09 20:00:00,39665.2826,39898.4469,38902.9414,39064.9845
2026-01-10 00:00:00,39084.544,39113.4371,37448.8039,37476.8276
2026-01-10 04:00:00,37459.4107,38366.2196,37039.0675,37680.7845
2026-01-10 08:00:00,37678.0605,38595.2985,37626.6849,38176.7998
2026-01-10 12:00:00,38186.9532,38249.6935,37461.63,37934.472
2026-01-10 16:00:00,37919.4904,38399.669,37546.538,37930.6816
2026-01-10 20:00:00,37934.0535,38677.6718,37892.2423,38253.9793
2026-01-11 00:00:00,38245.7476,38668.3339,37906.8048,38308.4343
2026-01-11 04:00:00,38302.4312,39003.0498,37887.3983,38812.9365
2026-01-11 08:00:00,38810.7278,39312.8891,38464.3711,39302.101
2026-01-11 12:00:00,39287.357,40484.9833,38961.8064,40402.8593
2026-01-11 16:00:00,40394.6174,41092.5117,39668.477,41031.3251
2026-01-11 20:00:00,41025.8691,41519.0303,40640.1866,41244.4438
2026-01-12 00:00:00,41248.8216,42137.0323,41242.7087,41347.4684
2026-01-12 04:00:00,41362.6144,42093.9064,40536.3883,40669.7887
2026-01-12 08:00:00,40672.5284,41665.8322,40435.0918,41288.636
2026-01-12 12:00:00,41290.6101,41556.9079,40668.6612,40708.9591
2026-01-12 16:00:00,40698.2077,40924.965,39970.5898,40650.681
2026-01-12 20:00:00,40640.3267,40999.6129,40305.4484,40416.6838
2026-01-13 00:00:00,40410.2233,40474.7757,39442.5996,40278.5969
2026-01-13 04:00:00,40263.2371,40469.968,38974.1573,39371.7145
2026-01-13 08:00:00,39376.9019,39414.0838,38551.8001,38999.9353
2026-01-13 12:00:00,39007.9042,39747.6457,38907.4193,39179.5235
2026-01-13 16:00:00,39183.1704,39753.7143,39147.406,39612.1815
2026-01-13 20:00:00,39616.8077,40141.6658,39127.9362,40080.9099
2026-01-14 00:00:00,40078.5412,40126.3335,39544.5717,39920.2052
2026-01-14 04:00:00,39926.8076,40058.7874,39125.7215,39405.5477
2026-01-14 08:00:00,39411.8353,40531.4247,39256.0829,40505.4371
2026-01-14 12:00:00,40517.6521,40544.4948,39697.0709,39975.9254
2026-01-14 16:00:00,39973.3055,40117.4124,39393.3632,39738.7292
2026-01-14 20:00:00,39734.4217,40983.7612,39653.7256,40759.9399
2026-01-15 00:00:00,40770.8308,41605.753,40485.2319,40680.9467
2026-01-15 04:00:00,40680.1434,41278.3089,40169.6208,41098.4202
2026-01-15 08:00:00,41105.6599,41721.7289,40920.6397,41540.3983
2026-01-15 12:00:00,41540.2852,42610.5458,41388.3124,42255.1785
2026-01-15 16:00:00,42265.626,42440.7247,41204.7405,42043.6447
2026-01-15 20:00:00,42032.0028,42087.9479,41075.219,41692.418
2026-01-16 00:00:00,41695.4957,42355.3441,41463.9818,41987.6666
2026-01-16 04:00:00,41980.7264,43812.6976,41944.3795,43519.4196
2026-01-16 08:00:00,43506.9067,43722.1575,42868.5072,43149.9541
2026-01-16 12:00:00,43143.8303,43189.1975,42422.4685,42532.1681
2026-01-16 16:00:00,42542.9207,42951.9831,42064.6073,42422.7974
2026-01-16 20:00:00,42422.114,42711.9227,41923.0642,42075.2364
2026-01-17 00:00:00,42087.854,42511.69,41949.001,42268.2509
2026-01-17 04:00:00,42274.4767,42378.7555,40684.3303,41352.3209
2026-01-17 08:00:00,41353.4768,41413.0948,39667.6706,39702.7934
2026-01-17 12:00:00,39703.8894,39730.1296,38609.0469,38640.5298
2026-01-17 16:00:00,38635.7709,39219.1905,38055.8516,38074.1695
2026-01-17 20:00:00,38073.4157,38221.1809,37584.0387,37780.7295
2026-01-18 00:00:00,37777.3805,37780.6766,37142.7303,37522.091
2026-01-18 04:00:00,37521.7176,38121.6357,37076.9359,37394.9871
2026-01-18 08:00:00,37391.3959,38233.9166,37391.3959,38052.6301
2026-01-18 12:00:00,38063.3269,38079.0275,37255.6178,37604.5703
2026-01-18 16:00:00,37602.3359,37663.3387,37054.2263,37349.6221
2026-01-18 20:00:00,37344.8346,38288.6514,36873.4161,38159.4906
2026-01-19 00:00:00,38166.5431,39016.0804,37858.3393,38868.6907
2026-01-19 04:00:00,38856.9682,38892.4672,37838.4738,38540.5124
2026-01-19 08:00:00,38542.7436,39416.9407,38306.8066,39359.7471
2026-01-19 12:00:00,39352.7907,39703.7126,38728.1261,38729.9662
2026-01-19 16:00:00,38736.8545,39102.6791,38241.9137,38292.9524
2026-01-19 20:00:00,38291.4223,38531.1405,37986.148,38163.6773
2026-01-20 00:00:00,38164.0121,38780.7178,37953.9433,38153.4256
2026-01-20 04:00:00,38150.7258,39268.0333,38065.1718,38937.6207
2026-01-20 08:00:00,38936.3997,38989.9329,37843.8541,38078.778
2026-01-20 12:00:00,38074.1913,38250.7946,36296.21,36508.7155
2026-01-20 16:00:00,36515.7678,37045.7312,35929.7319,36009.1082
2026-01-20 20:00:00,36010.2526,36050.5762,35324.4437,35686.3712
2026-01-21 00:00:00,35681.0676,35720.9083,34709.6937,34809.6143
2026-01-21 04:00:00,34817.9174,34880.6027,33719.6589,33778.1037
2026-01-21 08:00:00,33779.5575,34333.2926,33552.933,34168.0956
2026-01-21 12:00:00,34164.9774,34481.0012,33748.6274,33810.6404
2026-01-21 16:00:00,33812.0273,34255.6913,33192.3914,33329.4537
2026-01-21 20:00:00,33322.8931,33564.0657,32781.3222,32871.9556
2026-01-22 00:00:00,32869.9119,32939.8404,32340.0065,32385.804
2026-01-22 04:00:00,32398.345,33159.6946,32263.8211,32592.6055
2026-01-22 08:00:00,32591.3837,33139.3152,32319.8703,33020.1021
2026-01-22 12:00:00,33013.8328,33134.7625,32511.4185,32731.4947
2026-01-22 16:00:00,32734.1171,32769.5863,31804.4074,32042.3768
2026-01-22 20:00:00,32048.9572,32259.2946,31473.953,32152.8369
2026-01-23 00:00:00,32147.2601,32359.9637,31628.6308,31833.8912
2026-01-23 04:00:00,31838.9707,32038.1264,30896.8633,30971.7414
2026-01-23 08:00:00,30965.9408,31214.6958,30559.7303,30613.158
2026-01-23 12:00:00,30604.4116,30668.9909,29910.958,30059.0301
2026-01-23 16:00:00,30051.942,30099.6315,28973.3984,28994.5105
2026-01-23 20:00:00,28995.3026,29535.5245,28753.3622,29047.6232
2026-01-24 00:00:00,29048.2349,29967.0503,29020.0398,29934.8665
2026-01-24 04:00:00,29936.2078,30223.5957,29685.9055,29934.8633
2026-01-24 08:00:00,29933.3078,30668.6128,29499.8485,30285.689
2026-01-24 12:00:00,30285.1322,31323.6951,30124.9098,31214.7237
2026-01-24 16:00:00,31211.5452,31342.6432,30824.4314,31230.4991
2026-01-24 20:00:00,31228.9283,31281.4035,30114.2511,30270.9653
2026-01-25 00:00:00,30273.8052,30333.1885,29853.7146,29971.7682
2026-01-25 04:00:00,29975.7557,30131.3896,29237.7344,29794.1627
2026-01-25 08:00:00,29801.6907,30176.7353,29500.6539,30082.6402
2026-01-25 12:00:00,30084.9573,30123.9064,29504.073,29737.2122
2026-01-25 16:00:00,29737.1967,29784.0999,28947.3878,29063.9866
2026-01-25 20:00:00,29065.7924,29214.359,28389.4757,28571.2711
2026-01-26 00:00:00,28558.0278,28854.3491,28010.8319,28010.8319
2026-01-26 04:00:00,28008.4912,28566.5855,27881.4536,28330.9767
2026-01-26 08:00:00,28330.6621,28781.8268,28151.1592,28217.8193
2026-01-26 12:00:00,28224.6429,28320.8992,27679.903,28256.1554
2026-01-26 16:00:00,28257.5286,28945.6596,28246.2727,28471.3735
2026-01-26 20:00:00,28469.2169,28501.7433,27649.6928,27911.9928
2026-01-27 00:00:00,27916.3692,28067.2844,27425.594,27733.5066
2026-01-27 04:00:00,27739.0663,27930.355,27456.9242,27467.4074
2026-01-27 08:00:00,27456.7993,27530.0816,27080.0887,27436.5051
2026-01-27 12:00:00,27438.8697,27438.8697,26080.7437,26100.6979
2026-01-27 16:00:00,26100.4295,26255.491,25353.7341,25701.9723
2026-01-27 20:00:00,25699.1555,26163.3428,25198.6956,25258.028
2026-01-28 00:00:00,25268.1615,25366.8446,24684.8059,24768.8705
2026-01-28 04:00:00,24774.8163,25025.802,24377.9772,24962.0963
2026-01-28 08:00:00,24969.7269,25857.1044,24860.9727,25783.6532
2026-01-28 12:00:00,25786.6756,26498.3534,25640.7836,26373.0543
2026-01-28 16:00:00,26369.7875,26421.2336,26013.9791,26326.2666
2026-01-28 20:00:00,26326.1209,26980.3874,26170.9646,26850.081
2026-01-29 00:00:00,26839.8746,27064.5,26723.6733,26946.5237
2026-01-29 04:00:00,26952.1552,27171.4545,26746.5992,26748.9468
2026-01-29 08:00:00,26743.8595,26838.4487,26219.7849,26261.4901
2026-01-29 12:00:00,26261.8345,26451.0262,25745.4918,25750.6794
2026-01-29 16:00:00,25746.4102,25841.8763,25119.5505,25225.6256
2026-01-29 20:00:00,25225.0655,26297.244,25165.6714,26210.4078
2026-01-30 00:00:00,26207.2169,27007.3244,26143.8022,26984.9921
2026-01-30 04:00:00,26984.1131,27000.3467,26562.3028,26805.8119
2026-01-30 08:00:00,26806.8463,27365.6321,26608.8246,26898.1669
2026-01-30 12:00:00,26897.3549,26995.5989,26534.7103,26755.3903
2026-01-30 16:00:00,26752.9986,27352.9959,26508.4751,27175.3022
2026-01-30 20:00:00,27177.3441,27391.5736,26586.3904,26771.4011
2026-01-31 00:00:00,26775.8119,27149.618,26093.6763,26210.4301
2026-01-31 04:00:00,26210.8017,26475.177,25890.1849,26006.8596
2026-01-31 08:00:00,26006.3214,26189.1913,25518.0353,25876.0159
2026-01-31 12:00:00,25874.1355,27120.2411,25850.4803,27112.2712
2026-01-31 16:00:00,27118.2265,27502.8125,26834.653,26969.0869
2026-01-31 20:00:00,26970.9472,27338.3982,26966.3264,27218.9682
2026-02-01 00:00:00,27224.6876,27429.7963,26727.89,26862.4821
2026-02-01 04:00:00,26859.2288,27065.0571,26147.4703,26244.1203
2026-02-01 08:00:00,26242.4052,26319.224,25760.0226,26083.9927
2026-02-01 12:00:00,26076.9961,26367.0026,25826.7538,26161.0422
2026-02-01 16:00:00,26157.2212,27375.3476,26111.7572,27199.8323
2026-02-01 20:00:00,27203.4658,27501.3118,26871.539,26888.3626
2026-02-02 00:00:00,26894.7702,27910.7939,26807.0714,27701.6219
2026-02-02 04:00:00,27700.4943,27722.9412,27222.4421,27443.7762
2026-02-02 08:00:00,27447.3271,27557.52,26976.796,27143.4782
2026-02-02 12:00:00,27135.8462,27358.4916,26862.5259,27027.9695
2026-02-02 16:00:00,27020.2487,27385.6279,26730.0658,27371.2601
2026-02-02 20:00:00,27363.6896,27830.3967,27280.3081,27540.7531
2026-02-03 00:00:00,27541.1437,27556.1816,27001.6997,27303.6026
2026-02-03 04:00:00,27295.6828,27836.4064,27171.858,27828.5667
2026-02-03 08:00:00,27829.17,28311.393,27795.0262,28083.5962
2026-02-03 12:00:00,28072.7619,28724.4208,27920.1851,28350.7824
2026-02-03 16:00:00,28346.7413,28550.12,27976.7346,28356.4904
2026-02-03 20:00:00,28354.2217,28829.043,27989.0953,28763.5376
2026-02-04 00:00:00,28760.7722,28890.2864,28201.7496,28509.4009
2026-02-04 04:00:00,28503.7256,28603.6717,28045.23,28263.4067
2026-02-04 08:00:00,28271.1525,28746.1027,28152.9438,28477.1434
2026-02-04 12:00:00,28479.1098,28704.9576,28053.1555,28357.2114
2026-02-04 16:00:00,28356.7416,28424.5212,27215.695,27352.2625
2026-02-04 20:00:00,27350.9086,27781.381,27320.1416,27509.6303
2026-02-05 00:00:00,27512.595,27638.3345,27180.7567,27330.6124
2026-02-05 04:00:00,27338.2601,27883.5371,27295.4032,27767.8517
2026-02-05 08:00:00,27770.4385,27798.5154,26909.257,26943.2965
2026-02-05 12:00:00,26944.9774,27014.5784,26388.2415,26411.072
2026-02-05 16:00:00,26406.6954,26755.7311,26351.4165,26549.4468
2026-02-05 20:00:00,26547.5816,26817.9365,26219.1736,26764.2903
2026-02-06 00:00:00,26765.394,27130.0963,26703.8536,27000.5738
2026-02-06 04:00:00,27003.0212,27312.4249,26593.1847,27167.858
2026-02-06 08:00:00,27166.7534,27335.4919,26838.8794,26950.6876
2026-02-06 12:00:00,26946.7856,27286.1443,26811.0349,27038.8445
2026-02-06 16:00:00,27039.352,27382.0767,26902.3401,27124.0447
2026-02-06 20:00:00,27126.5178,27589.6776,27077.3672,27420.5477
2026-02-07 00:00:00,27420.6112,27715.1178,27182.6316,27704.0275
2026-02-07 04:00:00,27704.0924,27974.8846,27529.9785,27680.3334
2026-02-07 08:00:00,27667.8194,27668.8632,27008.4347,27180.805
2026-02-07 12:00:00,27178.43,27671.2652,26918.9413,26923.1108
2026-02-07 16:00:00,26922.368,27225.9355,26738.0452,26809.7184
2026-02-07 20:00:00,26807.7814,26826.2584,25987.2315,26185.2468
2026-02-08 00:00:00,26183.0492,26356.6988,25470.8196,25500.9329
2026-02-08 04:00:00,25505.4911,25899.7293,25431.5577,25883.2551
2026-02-08 08:00:00,25876.2289,26235.2258,25752.4272,26120.695
2026-02-08 12:00:00,26121.838,26543.0648,26010.84,26403.9874
2026-02-08 16:00:00,26402.9405,26674.5372,26295.3382,26519.9841
2026-02-08 20:00:00,26527.3431,26978.8433,26353.8568,26625.6571
2026-02-09 00:00:00,26626.7623,27130.5424,26554.7146,26851.148
2026-02-09 04:00:00,26859.3703,27035.0857,26200.0092,26794.3374
2026-02-09 08:00:00,26799.4815,27408.0143,26753.7341,27150.2563
2026-02-09 12:00:00,27144.8135,27411.3734,26611.0033,26828.7574
2026-02-09 16:00:00,26830.6478,27191.2461,26416.9687,26641.3943
2026-02-09 20:00:00,26649.2609,27216.4007,26446.5024,26986.7218
2026-02-10 00:00:00,26984.0002,27077.8344,26221.4699,26607.3498
2026-02-10 04:00:00,26595.2343,27031.5639,26362.0919,26504.3378
2026-02-10 08:00:00,26509.0079,26718.8667,26128.4119,26252.2703
2026-02-10 12:00:00,26248.6241,26331.4304,25747.2666,26118.671
2026-02-10 16:00:00,26115.7046,26676.9565,25836.0074,26230.1027
2026-02-10 20:00:00,26231.6451,26520.8746,25449.8108,25457.8329
2026-02-11 00:00:00,25459.0518,25785.5529,25348.6287,25387.3049
2026-02-11 04:00:00,25397.3704,25655.2508,24975.9013,25011.2814
2026-02-11 08:00:00,25005.5968,25498.9525,24797.7533,25232.8474
2026-02-11 12:00:00,25227.5225,25883.0488,25177.9548,25660.7488
2026-02-11 16:00:00,25655.0826,25920.1365,25395.5517,25753.4621
2026-02-11 20:00:00,25754.8987,26009.8962,25373.9739,25648.4816
2026-02-12 00:00:00,25646.8614,26194.9299,25366.1374,26128.3844
2026-02-12 04:00:00,26132.4888,26630.4362,25896.1369,26506.1883
2026-02-12 08:00:00,26499.6897,26815.0333,26307.1913,26385.2148
2026-02-12 12:00:00,26370.1678,26440.164,25772.2845,25799.2523
2026-02-12 16:00:00,25800.6428,26240.7446,25626.2823,26209.0353
2026-02-12 20:00:00,26209.3943,26256.1457,25630.7261,25867.2391
2026-02-13 00:00:00,25857.9549,26156.3377,25726.2234,26051.5878
2026-02-13 04:00:00,26051.2131,26241.5574,25707.3839,26051.5035
2026-02-13 08:00:00,26051.4656,26278.3856,25731.036,25865.8001
2026-02-13 12:00:00,25867.3879,26503.229,25847.5533,26116.3765
2026-02-13 16:00:00,26124.8086,27028.3982,26027.0899,26888.8643
2026-02-13 20:00:00,26885.4834,26947.3252,26310.3244,26739.094
2026-02-14 00:00:00,26749.2371,26812.6474,25949.3054,26319.8348
2026-02-14 04:00:00,26324.6538,26806.0599,26262.1746,26689.9546
2026-02-14 08:00:00,26700.7554,27547.183,26543.4709,27488.8163
2026-02-14 12:00:00,27485.6879,27585.9755,27136.3906,27504.7165
2026-02-14 16:00:00,27503.0577,27603.6395,27039.3001,27275.1989
2026-02-14 20:00:00,27269.541,27481.8126,26643.8364,26710.3872
2026-02-15 00:00:00,26711.1133,26727.5323,26152.8826,26363.0427
2026-02-15 04:00:00,26364.8156,26457.8465,25960.2343,26382.2611
2026-02-15 08:00:00,26386.6533,26928.0135,26386.6533,26600.3359
2026-02-15 12:00:00,26599.646,26982.1734,26485.185,26596.6402
2026-02-15 16:00:00,26595.1257,26798.4252,26261.7515,26784.0023
2026-02-15 20:00:00,26784.6418,27244.0138,26375.8299,26453.0803
2026-02-16 00:00:00,26462.4115,27274.8804,26379.6524,27272.7869
2026-02-16 04:00:00,27274.9489,28015.6124,27202.847,27689.0877
2026-02-16 08:00:00,27684.0174,28066.7328,27674.218,27940.0612
2026-02-16 12:00:00,27934.9989,28150.4035,27831.5016,28007.2921
2026-02-16 16:00:00,28009.9081,28104.2671,27376.7782,27797.8063
2026-02-16 20:00:00,27803.2323,27915.7716,27547.4823,27666.4154
2026-02-17 00:00:00,27669.0407,28124.686,27531.1639,27845.2262
2026-02-17 04:00:00,27847.4868,28221.8327,27742.6859,28154.7682
2026-02-17 08:00:00,28152.5361,28340.1303,27929.2104,28259.4146
2026-02-17 12:00:00,28252.5874,28744.9558,28164.1813,28571.119
2026-02-17 16:00:00,28573.6242,28912.9472,28499.6502,28677.4859
2026-02-17 20:00:00,28663.0948,28974.1574,28247.5401,28516.585
2026-02-18 00:00:00,28510.0842,28673.1157,28015.0663,28357.5752
2026-02-18 04:00:00,28357.8179,28548.4345,27824.6373,28488.4537
2026-02-18 08:00:00,28499.6288,29847.4486,28486.8525,29630.4924
2026-02-18 12:00:00,29634.754,30330.5654,29389.5718,30262.7255
2026-02-18 16:00:00,30266.6868,30666.3016,30116.7654,30460.7402
2026-02-18 20:00:00,30456.5611,30810.2316,30017.1628,30145.5465
2026-02-19 00:00:00,30141.9795,30735.8815,30132.6651,30399.7462
2026-02-19 04:00:00,30402.6403,30797.7039,30174.5685,30420.9089
2026-02-19 08:00:00,30413.0467,31290.1512,30293.3176,31260.4284
2026-02-19 12:00:00,31265.633,31888.9522,31145.3297,31689.9942
2026-02-19 16:00:00,31696.3095,33419.656,31680.4445,33273.4045
2026-02-19 20:00:00,33268.1714,33697.292,33093.6576,33350.572
2026-02-20 00:00:00,33356.2041,33552.8663,32586.6092,32670.1492
2026-02-20 04:00:00,32678.129,33713.0367,32589.2466,33494.4517
2026-02-20 08:00:00,33492.7844,33716.0754,33207.981,33452.4086
2026-02-20 12:00:00,33448.9584,34257.3904,33382.9785,34047.138
2026-02-20 16:00:00,34051.0231,34094.7981,33470.8581,33784.1683
2026-02-20 20:00:00,33787.5948,34905.3032,33782.1894,34691.7757
2026-02-21 00:00:00,34696.4353,35049.5738,34477.1416,34878.4325
2026-02-21 04:00:00,34874.1873,35370.9244,34437.0378,35024.983
2026-02-21 08:00:00,35024.9533,35173.3639,34395.3825,34701.9084
2026-02-21 12:00:00,34724.3475,35909.1626,34580.862,35695.09
2026-02-21 16:00:00,35696.8331,35835.9095,34897.1482,35449.6629
2026-02-21 20:00:00,35444.5287,35634.2159,34705.5812,34938.1265
2026-02-22 00:00:00,34939.5867,35616.885,34523.0205,35285.6614
2026-02-22 04:00:00,35286.6432,35404.8579,33953.7902,34279.4525
2026-02-22 08:00:00,34280.0135,34572.6055,33732.418,34540.2053
2026-02-22 12:00:00,34537.2225,34839.398,34176.9688,34618.2132
2026-02-22 16:00:00,34615.8051,35003.802,34381.1403,34821.4584
2026-02-22 20:00:00,34822.2318,35135.2881,34310.677,34568.9196
2026-02-23 00:00:00,34565.7402,34899.3896,33557.6631,33615.9401
2026-02-23 04:00:00,33616.0065,33787.3264,33215.107,33653.206
2026-02-23 08:00:00,33653.8196,34388.0308,33509.7089,33841.5789
2026-02-23 12:00:00,33852.6005,35050.695,33768.1183,35050.695
2026-02-23 16:00:00,35051.1937,35290.1456,34832.091,35182.6121
2026-02-23 20:00:00,35173.2696,36040.7065,35094.7338,35932.6008
2026-02-24 00:00:00,35923.7867,36534.768,35802.9805,36420.2173
2026-02-24 04:00:00,36436.073,36464.5582,35689.4643,36030.7589
2026-02-24 08:00:00,36026.8748,36244.3491,35332.5699,35428.4644
2026-02-24 12:00:00,35434.8505,35750.8065,35116.2032,35435.8719
2026-02-24 16:00:00,35444.6398,35658.6811,34859.698,34968.2947
2026-02-24 20:00:00,34970.3625,35156.4863,34473.4066,34848.6419
2026-02-25 00:00:00,34849.6902,35237.0874,34523.5649,35095.6848
2026-02-25 04:00:00,35091.4805,35348.3718,34395.9174,35006.5623
2026-02-25 08:00:00,35006.4221,35059.8046,33855.1026,34382.3705
2026-02-25 12:00:00,34369.2364,34965.8619,34239.5697,34881.9577
2026-02-25 16:00:00,34881.4445,35287.8648,34344.5589,34752.8223
2026-02-25 20:00:00,34767.4774,35539.9464,34604.8083,35121.2963
2026-02-26 00:00:00,35119.9557,35531.1803,34610.5631,35269.7087
2026-02-26 04:00:00,35277.6921,36622.1854,35224.1709,36367.2475
2026-02-26 08:00:00,36374.5313,37397.4705,36300.6036,37183.6963
2026-02-26 12:00:00,37189.9841,37740.7277,37055.1822,37392.1652
2026-02-26 16:00:00,37385.316,37532.1024,36710.1791,36901.7119
2026-02-26 20:00:00,36908.449,37282.2639,36513.2622,37219.8696
2026-02-27 00:00:00,37211.9521,37281.1256,36445.3918,37141.2288
2026-02-27 04:00:00,37142.0707,37643.6609,36852.9782,37394.4851
2026-02-27 08:00:00,37393.3919,37511.0359,36507.0717,36782.7344
2026-02-27 12:00:00,36774.9556,37022.58,35972.0202,36585.2403
2026-02-27 16:00:00,36589.1144,37478.7809,36409.5023,37156.7634
2026-02-27 20:00:00,37161.4378,37417.9377,36889.0743,37087.6969
2026-02-28 00:00:00,37089.8516,37287.2057,36431.5261,36729.7273
2026-02-28 04:00:00,36736.5472,36747.4492,35834.1038,36203.0928
2026-02-28 08:00:00,36209.4152,36237.8362,35430.4946,35811.5682
2026-02-28 12:00:00,35813.0365,36145.4417,34802.1884,35024.6048
2026-02-28 16:00:00,35027.8723,35375.9074,34732.0822,35364.8571
2026-02-28 20:00:00,35372.9569,35451.6273,34832.6687,35110.9473
2026-03-01 00:00:00,35111.2667,35982.9362,35050.7751,35923.9133
2026-03-01 04:00:00,35915.9863,35941.8289,34795.9102,35114.7965
2026-03-01 08:00:00,35113.3573,35117.5974,34071.5537,34168.6307
2026-03-01 12:00:00,34179.3421,34308.97,33502.911,33829.8712
2026-03-01 16:00:00,33827.2007,34091.9502,33392.517,33774.7576
2026-03-01 20:00:00,33773.2448,34127.3403,33600.3106,33886.3715
2026-03-02 00:00:00,33876.9944,34282.1008,33604.185,34078.9247
2026-03-02 04:00:00,34070.5126,34443.782,33859.2051,34343.0514
2026-03-02 08:00:00,34347.6604,34378.0347,33681.767,33841.9251
2026-03-02 12:00:00,33851.3349,34054.6514,33515.2069,33842.2959
2026-03-02 16:00:00,33851.3318,34411.3016,33790.2293,34140.0157
2026-03-02 20:00:00,34145.4737,34463.5314,33859.0205,34375.0596
2026-03-03 00:00:00,34369.83,35563.6739,34253.0446,35227.0681
2026-03-03 04:00:00,35223.678,35421.4582,34102.1456,34479.5283
2026-03-03 08:00:00,34480.9315,35656.549,34412.3305,35651.2786
2026-03-03 12:00:00,35654.1485,35877.6278,35273.7155,35570.9506
2026-03-03 16:00:00,35564.7046,36355.7117,35437.3056,35771.5574
2026-03-03 20:00:00,35762.4576,36424.431,35616.3773,35657.5372
2026-03-04 00:00:00,35652.471,36225.8739,35353.6936,35406.9244
2026-03-04 04:00:00,35409.7266,35736.7637,35270.6259,35408.2967
2026-03-04 08:00:00,35411.101,35848.389,34987.2192,35577.3777
2026-03-04 12:00:00,35569.0399,36065.0858,35515.4213,35640.0487
2026-03-04 16:00:00,35633.2054,35637.3854,34284.1709,34424.3223
2026-03-04 20:00:00,34421.2582,34766.5348,34320.7507,34420.9767
2026-03-05 00:00:00,34414.2985,34518.8929,33875.9006,34377.7218
2026-03-05 04:00:00,34372.0723,34479.0722,33104.2313,33154.3412
2026-03-05 08:00:00,33166.7917,33205.3005,32089.3468,32214.8969
2026-03-05 12:00:00,32221.6167,32475.2742,31338.4412,31464.1815
2026-03-05 16:00:00,31461.1443,32604.8598,31191.8508,32410.7187
2026-03-05 20:00:00,32401.3035,33523.6167,32346.645,33478.7761
2026-03-06 00:00:00,33486.5646,33769.4724,33002.4986,33367.6503
2026-03-06 04:00:00,33369.1076,33393.2447,32691.1371,33115.3887
2026-03-06 08:00:00,33127.2509,33842.7102,33113.9654,33740.5195
2026-03-06 12:00:00,33748.3681,34182.2914,33560.1841,33684.3304
2026-03-06 16:00:00,33684.8519,34253.9339,33574.2607,33940.2345
2026-03-06 20:00:00,33930.0649,34253.5885,33537.1299,33810.6616
2026-03-07 00:00:00,33813.16,34108.2916,33452.2399,33496.8199
2026-03-07 04:00:00,33497.7542,33635.2951,32895.9308,33592.2787
2026-03-07 08:00:00,33591.9331,33870.7693,33225.6058,33628.8315
2026-03-07 12:00:00,33627.136,34029.6212,33389.0815,34016.1622
2026-03-07 16:00:00,34007.9489,34045.1153,33507.4593,33750.0687
2026-03-07 20:00:00,33753.7143,33937.7294,33328.3052,33558.3181
2026-03-08 00:00:00,33568.8404,33586.8573,32805.6878,33469.0174
2026-03-08 04:00:00,33467.9102,33542.2211,32107.9281,32405.336
2026-03-08 08:00:00,32402.5528,32806.3996,32151.5915,32572.9308
2026-03-08 12:00:00,32562.7265,33104.0023,32486.5329,32996.1802
2026-03-08 16:00:00,32991.6014,33083.6377,32135.0376,32148.9646
2026-03-08 20:00:00,32161.9786,32214.8006,31366.3815,31503.3184
2026-03-09 00:00:00,31502.1726,31655.4449,31027.8619,31526.2604
2026-03-09 04:00:00,31518.4153,31751.0665,30986.5831,31677.6026
2026-03-09 08:00:00,31678.3579,32162.4632,31240.3575,32018.14
2026-03-09 12:00:00,32010.1376,32809.5195,31875.3453,32546.0312
2026-03-09 16:00:00,32543.7977,33398.0875,32470.9678,33330.9029
2026-03-09 20:00:00,33334.727,34497.5294,33240.1537,34134.8638
2026-03-10 00:00:00,34134.9157,34520.4077,33563.4382,33724.1396
2026-03-10 04:00:00,33718.365,33859.0695,33078.9259,33300.1942
2026-03-10 08:00:00,33296.1454,33608.6802,32784.0516,33047.4443
2026-03-10 12:00:00,33051.1911,33562.4601,32839.6974,33259.3494
2026-03-10 16:00:00,33265.8192,33621.5659,32966.6493,33204.9025
2026-03-10 20:00:00,33199.0347,33872.4943,33010.4784,33744.5367
2026-03-11 00:00:00,33744.1341,35008.1715,33617.0724,34838.9101
2026-03-11 04:00:00,34842.0553,35231.2955,34696.9858,35072.997
2026-03-11 08:00:00,35072.288,35442.391,34877.399,35422.6128
2026-03-11 12:00:00,35428.8809,35670.2677,35030.7772,35106.8042
2026-03-11 16:00:00,35101.1123,35251.8225,34426.3735,34590.8142
2026-03-11 20:00:00,34594.0768,35132.2727,34572.8496,34984.1275
2026-03-12 00:00:00,34981.8313,35660.3152,34651.262,34906.207
2026-03-12 04:00:00,34896.8279,35484.6067,34703.1795,35257.9895
2026-03-12 08:00:00,35263.7405,35418.0283,33951.1531,34119.0619
2026-03-12 12:00:00,34128.5963,34665.5052,34002.2492,34372.0168
2026-03-12 16:00:00,34386.9236,34411.074,33515.7172,33985.9904
2026-03-12 20:00:00,33978.8684,35019.9267,33846.3413,34807.6951
2026-03-13 00:00:00,34803.075,35009.475,34284.9998,34626.4839
2026-03-13 04:00:00,34622.6557,34980.3876,34353.045,34924.0218
2026-03-13 08:00:00,34934.2749,35248.5156,34674.7284,34840.0544
2026-03-13 12:00:00,34844.7882,35456.6423,34595.4539,35144.4752
2026-03-13 16:00:00,35140.4425,36048.4681,35139.4379,36023.6375
2026-03-13 20:00:00,36014.006,36237.3484,35491.1085,36062.7878
2026-03-14 00:00:00,36062.849,36694.1225,35870.655,36517.7467
2026-03-14 04:00:00,36515.3902,37353.0137,36427.9261,36709.0822
2026-03-14 08:00:00,36703.9629,36799.6022,36097.9405,36612.0557
2026-03-14 12:00:00,36614.0224,37143.3779,36336.9902,36618.3532
2026-03-14 16:00:00,36619.3855,36906.3528,36075.6886,36857.559
2026-03-14 20:00:00,36862.3995,37322.6792,36003.5679,36100.7992
2026-03-15 00:00:00,36100.1701,36529.6154,35727.7867,35796.6007
2026-03-15 04:00:00,35795.7075,35937.8486,35056.3734,35610.0703
2026-03-15 08:00:00,35631.049,36259.1442,35565.5207,36227.0316
2026-03-15 12:00:00,36226.9339,37273.2833,36005.9223,37154.9357
2026-03-15 16:00:00,37158.0773,37312.3671,35977.2731,37088.7651
2026-03-15 20:00:00,37089.2281,37298.9382,36679.4143,36921.5349
2026-03-16 00:00:00,36916.3479,37528.5779,36695.4247,37083.1235
2026-03-16 04:00:00,37093.8937,37289.9056,36389.9463,36530.4322
2026-03-16 08:00:00,36527.8319,37262.5672,36474.6021,36908.5712
2026-03-16 12:00:00,36910.6707,37518.6271,36609.1482,37275.2232
2026-03-16 16:00:00,37269.9834,38347.1974,37128.2836,38052.536
2026-03-16 20:00:00,38050.1702,38149.1633,37191.4407,37197.0679
2026-03-17 00:00:00,37182.8162,37262.5248,36690.6658,36869.9435
2026-03-17 04:00:00,36879.489,37088.8093,36139.675,36392.8737
2026-03-17 08:00:00,36399.8274,36477.6291,35908.8478,36340.7494
2026-03-17 12:00:00,36335.1378,36981.4472,36157.5007,36953.218
2026-03-17 16:00:00,36955.0064,37781.8174,36817.4406,37156.194
2026-03-17 20:00:00,37165.1379,37948.6607,36564.5921,37930.6038
2026-03-18 00:00:00,37934.7714,38775.4323,37671.1384,38446.1518
2026-03-18 04:00:00,38449.3237,38769.7524,38193.9043,38473.961
2026-03-18 08:00:00,38465.6347,38591.4591,37470.5956,37935.0656
2026-03-18 12:00:00,37939.7693,38324.322,37407.7844,37459.0255
2026-03-18 16:00:00,37468.3058,38024.3391,37359.2621,37431.4942
2026-03-18 20:00:00,37434.6625,37653.2967,36047.9164,36153.9209
2026-03-19 00:00:00,36165.1082,36343.2352,35704.2864,35992.964
2026-03-19 04:00:00,35992.8615,36295.2344,35396.9659,35459.5668
2026-03-19 08:00:00,35456.4198,36110.2058,35242.6445,35548.9184
2026-03-19 12:00:00,35548.6878,37063.5343,35438.5259,36928.3922
2026-03-19 16:00:00,36921.0447,37341.7897,36765.6537,36861.6392
2026-03-19 20:00:00,36856.4712,36903.6395,35829.4846,36258.8701
2026-03-20 00:00:00,36256.752,37422.6359,36216.834,37262.5045
2026-03-20 04:00:00,37256.7367,37840.8925,36805.7849,36830.7902
2026-03-20 08:00:00,36828.8833,37618.9205,36632.857,37450.8355
2026-03-20 12:00:00,37459.0424,37581.3311,36517.2083,36517.2083
2026-03-20 16:00:00,36513.3344,36963.4423,36327.3807,36375.685
2026-03-20 20:00:00,36386.2409,36823.3354,35908.2811,36668.5653
2026-03-21 00:00:00,36670.0335,37261.3759,36384.6495,36654.1661
2026-03-21 04:00:00,36653.2488,37001.2538,36354.5661,36978.3294
2026-03-21 08:00:00,36969.9689,37185.8194,36302.417,36833.0076
2026-03-21 12:00:00,36842.5817,37570.4312,36424.2917,37080.9244
2026-03-21 16:00:00,37085.855,37222.8802,35953.8055,36348.5183
2026-03-21 20:00:00,36344.1593,36388.9666,35654.9886,35709.9181
2026-03-22 00:00:00,35705.9907,35728.6604,35045.6056,35302.8505
2026-03-22 04:00:00,35311.3308,35441.076,34143.5385,34155.8663
2026-03-22 08:00:00,34147.5732,34376.2022,33710.7777,33926.0491
2026-03-22 12:00:00,33923.9323,34668.1078,33839.9511,34235.6306
2026-03-22 16:00:00,34239.6795,34755.7292,33452.6067,33818.0316
2026-03-22 20:00:00,33813.0468,33839.2421,32488.158,32821.1981
2026-03-23 00:00:00,32821.3865,33340.202,32490.8425,32537.343
2026-03-23 04:00:00,32542.0034,32695.6782,32031.6913,32259.8291
2026-03-23 08:00:00,32259.3548,32308.1902,31574.0058,31725.705
2026-03-23 12:00:00,31717.8931,32522.4093,31646.3828,32356.6703
2026-03-23 16:00:00,32355.3095,32475.5269,31860.5596,32461.4
2026-03-23 20:00:00,32464.7877,32958.1059,32086.3562,32114.9601
2026-03-24 00:00:00,32118.8747,32630.2344,31722.9502,32268.5423
2026-03-24 04:00:00,32279.2352,32711.2329,31908.8599,32579.6241
2026-03-24 08:00:00,32586.8846,33191.6766,32468.1952,33042.0714
2026-03-24 12:00:00,33044.1139,33535.7294,32912.1606,33352.1899
2026-03-24 16:00:00,33357.1617,33474.8702,33066.7555,33348.1394
2026-03-24 20:00:00,33346.813,34081.1636,33283.7695,33776.6343
2026-03-25 00:00:00,33779.7455,34336.5959,33358.8508,33383.7144
2026-03-25 04:00:00,33389.5288,33435.1403,32574.9123,32680.7224
2026-03-25 08:00:00,32680.3045,33058.3963,32290.7173,32437.7231
2026-03-25 12:00:00,32448.911,32458.7092,31651.7849,31853.1496
2026-03-25 16:00:00,31851.344,32404.683,31837.9989,32081.9555
2026-03-25 20:00:00,32078.9336,32179.4683,31386.0991,31468.6647
2026-03-26 00:00:00,31470.6813,32002.5696,31439.7818,31766.8923
2026-03-26 04:00:00,31759.5833,33231.8498,31481.895,33183.3508
2026-03-26 08:00:00,33186.2869,33244.4684,32606.5241,32647.1221
2026-03-26 12:00:00,32650.0722,33614.4559,32471.9994,33614.4559
2026-03-26 16:00:00,33612.9535,33864.3283,32823.6894,32901.1836
2026-03-26 20:00:00,32887.1353,33897.5956,32742.6122,33709.1488
2026-03-27 00:00:00,33722.6181,34546.0303,33722.6181,34436.9198
2026-03-27 04:00:00,34437.6406,34791.7973,34302.1934,34405.598
2026-03-27 08:00:00,34406.1282,35117.1012,34295.571,34427.1327
2026-03-27 12:00:00,34420.9721,35204.9753,34390.2166,35009.7274
2026-03-27 16:00:00,35013.2835,35572.0869,34931.9818,35143.7333
2026-03-27 20:00:00,35127.4324,35408.887,34799.849,34799.849
2026-03-28 00:00:00,34807.4613,35213.6974,34260.6546,34573.74
2026-03-28 04:00:00,34567.7718,34838.9699,33890.7888,34386.2435
2026-03-28 08:00:00,34392.7096,34731.1356,34203.3606,34724.2694
2026-03-28 12:00:00,34722.6362,35050.1077,34431.034,34564.8411
2026-03-28 16:00:00,34556.2938,35383.7687,34210.3509,35335.7686
2026-03-28 20:00:00,35344.6399,35530.5552,34803.7614,35098.1083
2026-03-29 00:00:00,35097.0625,35727.4898,35010.9954,35387.5572
2026-03-29 04:00:00,35397.6841,35814.0449,34908.5842,35168.2528
2026-03-29 08:00:00,35169.3548,35248.9804,34348.5162,34918.6147
2026-03-29 12:00:00,34917.3475,35027.4463,34390.8824,34495.0536
2026-03-29 16:00:00,34497.6736,34597.7887,33723.6662,34049.8234
2026-03-29 20:00:00,34062.7405,34596.1407,33862.2366,34375.5669
2026-03-30 00:00:00,34370.2884,34699.0711,33835.6447,33949.7975
2026-03-30 04:00:00,33955.4559,34234.1487,33718.6969,33872.491
2026-03-30 08:00:00,33861.0093,33889.6551,33220.7821,33297.6489
2026-03-30 12:00:00,33295.2597,33773.4213,33201.2618,33738.2587
2026-03-30 16:00:00,33735.9739,33840.321,33247.3953,33731.8355
2026-03-30 20:00:00,33731.7158,33910.5147,33237.7783,33486.2169
2026-03-31 00:00:00,33481.3713,33743.8355,33138.4319,33589.8597
2026-03-31 04:00:00,33593.7602,33700.3015,32844.9621,32883.4154
2026-03-31 08:00:00,32873.9002,32896.4251,32253.7444,32364.7806
2026-03-31 12:00:00,32361.8711,32951.6914,32299.2109,32343.9483
2026-03-31 16:00:00,32342.7625,32557.445,32145.8097,32241.4332
2026-03-31 20:00:00,32248.049,33897.7205,32147.6818,33859.0607
2026-04-01 00:00:00,33854.9771,33857.4064,33330.7452,33492.3147
2026-04-01 04:00:00,33484.0091,33602.2031,32697.1208,32861.7653
2026-04-01 08:00:00,32854.862,32946.4556,32000.7984,32149.3724
2026-04-01 12:00:00,32144.2307,32531.1467,31862.6462,32338.0421
2026-04-01 16:00:00,32338.2228,32919.6096,32019.1394,32912.8801
2026-04-01 20:00:00,32905.4478,33610.7531,32806.4271,33415.1895
2026-04-02 00:00:00,33422.5522,33999.9849,33278.2482,33951.8223
2026-04-02 04:00:00,33961.7742,34560.0112,33848.9695,34483.7608
2026-04-02 08:00:00,34481.1628,34786.6272,33790.5507,34344.0473
2026-04-02 12:00:00,34344.6813,35195.2725,34088.5868,34988.8536
2026-04-02 16:00:00,34983.3227,35025.4737,34190.9611,34368.9354
2026-04-02 20:00:00,34374.2937,34759.2291,33746.2324,34187.5894
2026-04-03 00:00:00,34187.9671,34956.2976,34078.0477,34902.5124
2026-04-03 04:00:00,34907.5447,34949.8112,34143.6315,34698.4096
2026-04-03 08:00:00,34698.674,34763.1464,34038.5073,34054.8741
2026-04-03 12:00:00,34058.9614,34908.3931,33864.7683,33868.8793
2026-04-03 16:00:00,33862.7432,34244.828,33722.2818,33892.1866
2026-04-03 20:00:00,33896.0363,34161.9617,33576.4397,33797.4767
2026-04-04 00:00:00,33790.0536,34342.6479,33708.8339,34331.7247
2026-04-04 04:00:00,34328.9786,34601.5907,34195.3436,34222.5686
2026-04-04 08:00:00,34231.1026,34300.0933,33610.1056,33721.7016
2026-04-04 12:00:00,33729.8162,34047.5929,33521.4752,33584.6254
2026-04-04 16:00:00,33578.8076,34188.7519,33475.2767,33814.0009
2026-04-04 20:00:00,33816.0301,34279.611,33491.9981,34161.2994
2026-04-05 00:00:00,34171.1644,34272.6901,33353.7648,33437.5612
2026-04-05 04:00:00,33426.2076,34096.0822,33388.798,33909.7965
2026-04-05 08:00:00,33896.403,34153.124,32911.1963,32956.4804
2026-04-05 12:00:00,32950.4858,33224.6603,32462.7796,32940.9486
2026-04-05 16:00:00,32938.4929,33319.5792,32557.527,33258.4134
2026-04-05 20:00:00,33263.491,33369.7444,32891.875,33141.4666
2026-04-06 00:00:00,33140.3398,33455.1958,32791.9342,33080.8956
2026-04-06 04:00:00,33077.0377,33092.5352,32377.4094,32581.8519
2026-04-06 08:00:00,32579.6287,33397.2846,32380.1521,33379.8998
2026-04-06 12:00:00,33383.0175,34635.6345,33191.1725,34601.4073
2026-04-06 16:00:00,34599.0899,35036.8861,34248.5097,34346.1767
2026-04-06 20:00:00,34353.808,34733.3355,34198.9001,34419.4471
2026-04-07 00:00:00,34415.4321,34500.9325,33290.4621,33764.1134
2026-04-07 04:00:00,33771.9693,33849.77,32771.2549,32974.3576
2026-04-07 08:00:00,32979.0274,33188.6847,32499.9529,32843.5661
2026-04-07 12:00:00,32836.906,33453.3843,32716.9816,33053.6721
2026-04-07 16:00:00,33040.068,33223.4245,32777.0986,33058.3457
2026-04-07 20:00:00,33058.2137,34027.2232,33021.9657,33758.4582
2026-04-08 00:00:00,33754.8281,33844.225,32987.7172,33090.1373
2026-04-08 04:00:00,33091.1104,33266.643,32399.4769,32598.5288
2026-04-08 08:00:00,32607.1861,32706.8693,32042.2482,32413.2655
2026-04-08 12:00:00,32413.2912,32565.4112,31844.1652,31988.4937
2026-04-08 16:00:00,31988.8127,32129.2302,31012.8182,31199.7337
2026-04-08 20:00:00,31198.7289,31198.7289,30357.8993,30805.4708
2026-04-09 00:00:00,30803.2576,30930.6657,30306.5551,30495.2963
2026-04-09 04:00:00,30495.3056,30742.9088,29896.2571,30011.4454
2026-04-09 08:00:00,30015.8967,31267.2182,29858.6577,31215.2816
2026-04-09 12:00:00,31224.2538,31860.6106,30918.8255,31635.7522
2026-04-09 16:00:00,31637.9566,32226.7272,31362.4087,32104.0535
2026-04-09 20:00:00,32098.4398,32877.3632,31892.8497,32770.265
2026-04-10 00:00:00,32758.5702,33188.7708,32466.1372,32743.9531
2026-04-10 04:00:00,32754.5389,33208.7535,32436.0687,32805.3381
2026-04-10 08:00:00,32806.5816,33651.903,32561.8008,33429.0549
2026-04-10 12:00:00,33432.1517,33534.0473,32769.5975,32909.0278
2026-04-10 16:00:00,32914.5939,33335.4685,32596.5797,33198.5502
2026-04-10 20:00:00,33195.2936,33798.3404,32710.8943,33109.1367
2026-04-11 00:00:00,33097.8863,34153.9138,33016.7992,34070.5835
2026-04-11 04:00:00,34069.6291,34355.7027,33302.7608,33621.2991
2026-04-11 08:00:00,33635.6423,33702.3742,33200.1904,33333.8403
2026-04-11 12:00:00,33341.2291,33778.8045,33001.5153,33695.4441
2026-04-11 16:00:00,33702.6156,34171.2259,33280.7809,33477.8035
2026-04-11 20:00:00,33469.3743,33928.1177,32922.6921,33089.7227
2026-04-12 00:00:00,33095.9938,33265.0584,32819.8626,33114.5698
2026-04-12 04:00:00,33106.5719,33729.7007,32995.2174,33345.985
2026-04-12 08:00:00,33347.2704,33464.2419,32956.5042,33360.4661
2026-04-12 12:00:00,33364.4873,34096.8228,33340.6583,33507.2217
2026-04-12 16:00:00,33498.7478,34141.3863,33438.2815,33618.8552
2026-04-12 20:00:00,33618.3742,34603.1964,33498.4536,34200.3997
2026-04-13 00:00:00,34195.6173,35402.9272,34161.3263,35269.552
2026-04-13 04:00:00,35275.4405,35792.2972,35012.2169,35166.4132
2026-04-13 08:00:00,35162.2327,35410.0326,34324.5834,34684.0793
2026-04-13 12:00:00,34677.9565,34677.9565,34087.0556,34441.3744
2026-04-13 16:00:00,34450.2479,34810.5907,33900.706,33976.3517
2026-04-13 20:00:00,33975.6983,34167.2397,32884.0901,32892.3229
2026-04-14 00:00:00,32904.2693,33245.7714,32533.109,32677.9074
2026-04-14 04:00:00,32670.1472,33538.9389,32626.1927,33076.6152
2026-04-14 08:00:00,33070.5383,33298.0385,32522.3624,32522.3624
2026-04-14 12:00:00,32526.6003,33231.8825,32398.1808,33199.7799
2026-04-14 16:00:00,33208.859,33361.8755,32841.2271,33077.991
2026-04-14 20:00:00,33087.7767,33169.9942,31751.8677,31860.3018
2026-04-15 00:00:00,31855.0901,31989.0933,31473.0788,31841.897
2026-04-15 04:00:00,31836.3161,31947.0703,31404.5981,31858.8453
2026-04-15 08:00:00,31862.6824,32585.3258,31832.2795,32513.8721
2026-04-15 12:00:00,32533.4174,32649.0722,32107.7032,32244.1313
2026-04-15 16:00:00,32254.8817,32634.2826,31571.3133,32481.184
2026-04-15 20:00:00,32471.8183,32985.8569,32085.1589,32784.8245
2026-04-16 00:00:00,32778.7075,33645.6298,32683.8437,33614.5094
2026-04-16 04:00:00,33622.3237,34366.1854,33450.8199,34165.6868
2026-04-16 08:00:00,34158.2967,34646.0354,34011.7219,34249.8809
2026-04-16 12:00:00,34253.2632,35494.287,34221.3849,35141.7677
2026-04-16 16:00:00,35138.8933,35789.3955,34930.7379,34938.0631
2026-04-16 20:00:00,34933.0796,35040.6977,34262.676,34458.3733
2026-04-17 00:00:00,34456.775,35747.6232,34300.9035,35637.1444
2026-04-17 04:00:00,35649.7673,36176.144,35414.8508,35500.0052
2026-04-17 08:00:00,35495.7811,35563.0212,34428.9,34582.9072
2026-04-17 12:00:00,34577.9295,34609.2305,34081.9439,34268.406
2026-04-17 16:00:00,34259.6404,34332.7913,33058.7175,33346.8094
2026-04-17 20:00:00,33348.9069,33527.061,32620.8304,33359.4338
2026-04-18 00:00:00,33372.6834,34108.5172,33203.5774,33997.4174
2026-04-18 04:00:00,33983.3074,34244.0714,33411.477,34125.0884
2026-04-18 08:00:00,34112.8803,34480.3568,33831.1162,34027.9192
2026-04-18 12:00:00,34020.508,34653.8284,33390.8182,33458.8594
2026-04-18 16:00:00,33459.5421,34256.6118,33107.6498,33673.4262
2026-04-18 20:00:00,33680.8956,34617.6267,33446.5762,34582.6201
2026-04-19 00:00:00,34584.4656,34924.1524,34141.6793,34904.3826
2026-04-19 04:00:00,34899.6807,35377.367,34583.1891,35109.2489
2026-04-19 08:00:00,35108.9924,35762.7783,34837.7597,35235.3936
2026-04-19 12:00:00,35234.9749,35476.0509,34937.283,35258.4198
2026-04-19 16:00:00,35268.6882,35964.4081,34564.8904,34643.0845
2026-04-19 20:00:00,34644.8317,35592.082,34608.0634,35509.1926
2026-04-20 00:00:00,35507.1858,35541.6768,34756.7025,34918.582
2026-04-20 04:00:00,34919.5525,34946.7814,34284.6523,34494.3955
2026-04-20 08:00:00,34499.3053,34624.1918,33929.3658,33974.4523
2026-04-20 12:00:00,33980.3473,34343.1162,33446.3662,33454.1172
2026-04-20 16:00:00,33456.932,33502.753,32658.7495,32771.2851
2026-04-20 20:00:00,32772.056,33660.8454,32580.1623,33347.6913
2026-04-21 00:00:00,33358.1823,33807.7714,33356.5382,33442.6125
2026-04-21 04:00:00,33440.7897,34201.7253,33381.2905,34122.5304
2026-04-21 08:00:00,34129.2988,34622.4886,33701.7216,33760.306
2026-04-21 12:00:00,33753.0935,33790.4478,32786.922,32893.7927
2026-04-21 16:00:00,32899.9763,33120.9988,32499.452,33120.9988
2026-04-21 20:00:00,33117.7443,33467.394,32740.7864,33379.2406
2026-04-22 00:00:00,33373.6904,33399.5821,32506.3173,32793.9092
2026-04-22 04:00:00,32790.814,33198.1114,32509.334,33084.8699
2026-04-22 08:00:00,33074.6006,33278.6505,32709.8466,32917.5766
2026-04-22 12:00:00,32924.683,33313.3448,32559.9644,33302.594
2026-04-22 16:00:00,33308.203,33362.2604,32619.0062,32910.4435
2026-04-22 20:00:00,32922.849,33532.9965,32553.4923,33311.135
2026-04-23 00:00:00,33312.3239,33582.6588,32799.4308,33089.1983
2026-04-23 04:00:00,33081.2214,33529.2289,32465.9715,33236.7745
2026-04-23 08:00:00,33254.0954,33430.7264,32503.9019,32808.7081
2026-04-23 12:00:00,32813.7999,33142.5356,32057.9218,32205.1856
2026-04-23 16:00:00,32209.75,32686.5443,32051.8989,32169.0836
2026-04-23 20:00:00,32172.3267,32630.2085,32074.0971,32247.3767
2026-04-24 00:00:00,32248.8797,32892.6033,32031.2674,32485.46
2026-04-24 04:00:00,32486.1758,32752.1962,32014.3671,32185.7938
2026-04-24 08:00:00,32192.5922,33274.8308,32072.5608,32988.904
2026-04-24 12:00:00,32985.7488,33536.0974,32910.4045,33305.4979
2026-04-24 16:00:00,33301.4447,33612.1431,32884.5918,33422.8688
2026-04-24 20:00:00,33421.7951,33720.5623,32917.4346,33236.3481
2026-04-25 00:00:00,33233.3165,33967.8569,33229.4044,33689.9368
2026-04-25 04:00:00,33692.2418,34642.3388,33667.8483,33958.0303
2026-04-25 08:00:00,33958.9752,34420.517,33651.4697,34072.018
2026-04-25 12:00:00,34072.9862,34340.658,33721.3121,33999.9355
2026-04-25 16:00:00,33997.9796,34666.932,33825.2456,34098.7485
2026-04-25 20:00:00,34106.8831,34641.8954,33964.9111,34313.19
2026-04-26 00:00:00,34308.2912,34735.2425,34114.5459,34417.1888
2026-04-26 04:00:00,34431.0432,34620.6962,33550.9647,33771.9962
2026-04-26 08:00:00,33775.7803,33871.959,33207.0638,33547.804
2026-04-26 12:00:00,33546.3123,34502.1503,33457.6755,34137.1455
2026-04-26 16:00:00,34147.9335,34605.9671,33935.0307,34538.5931
2026-04-26 20:00:00,34541.9826,34690.1653,33981.8109,34187.7923
2026-04-27 00:00:00,34187.2307,34540.0464,33798.3981,33923.4487
2026-04-27 04:00:00,33916.0225,34010.4268,33224.691,33917.3264
2026-04-27 08:00:00,33915.5187,34157.2526,33571.7338,33851.4302
2026-04-27 12:00:00,33847.3208,34414.0553,33605.7586,34355.2744
2026-04-27 16:00:00,34358.688,35073.6621,34095.2876,35059.0886
2026-04-27 20:00:00,35072.1545,35142.2195,34166.1445,34722.9825
2026-04-28 00:00:00,34721.0581,34795.2906,33971.6338,34575.792
2026-04-28 04:00:00,34572.0072,34837.2369,33997.9458,34059.4981
2026-04-28 08:00:00,34059.0959,34322.2004,33873.9892,34149.717
2026-04-28 12:00:00,34158.7771,35348.916,34158.7771,35348.916
2026-04-28 16:00:00,35354.5706,35377.8209,33987.3729,34705.9619
2026-04-28 20:00:00,34700.5869,35457.2789,34689.9699,34972.9535
2026-04-29 00:00:00,34968.503,35193.9976,34650.1165,34702.0826
2026-04-29 04:00:00,34704.9256,34806.9931,34139.3429,34238.8112
2026-04-29 08:00:00,34225.0246,35436.9356,34036.9916,35429.302
2026-04-29 12:00:00,35422.6466,36051.5174,35142.0193,35805.5173
2026-04-29 16:00:00,35804.9351,36275.3103,35669.4619,35941.4713
2026-04-29 20:00:00,35955.8577,36537.7783,35680.9284,35879.8133
2026-04-30 00:00:00,35886.7425,36267.9784,35531.1035,35978.1721
2026-04-30 04:00:00,35980.438,36213.9756,35016.4385,35164.1862
2026-04-30 08:00:00,35166.7859,35255.1961,34125.7507,34284.5215
2026-04-30 12:00:00,34286.7782,34568.5372,33786.1809,34026.6481
2026-04-30 16:00:00,34020.3971,34779.8236,33874.8695,34649.721
2026-04-30 20:00:00,34658.4252,34721.5096,33637.1104,33905.987
2026-05-01 00:00:00,33909.4058,34963.5283,33693.4466,34743.7065
2026-05-01 04:00:00,34743.3876,34765.5125,33919.5896,34469.6254
2026-05-01 08:00:00,34456.9607,35998.8774,34436.9642,35802.3238
2026-05-01 12:00:00,35801.5579,36508.3944,35682.5869,36025.4065
2026-05-01 16:00:00,36031.6045,36308.2244,35323.1949,35534.9914
2026-05-01 20:00:00,35542.9144,36125.8011,35417.2345,35820.9468
2026-05-02 00:00:00,35807.5229,36835.3001,35713.1726,36749.1999
2026-05-02 04:00:00,36746.318,36951.1381,36355.3929,36793.2623
2026-05-02 08:00:00,36797.6739,36901.6821,36103.9224,36245.8798
2026-05-02 12:00:00,36238.8918,36306.1837,35238.9393,35443.4801
2026-05-02 16:00:00,35444.055,35644.4595,35101.6043,35301.6298
2026-05-02 20:00:00,35307.2613,35347.7493,34389.3236,34611.593
2026-05-03 00:00:00,34607.9145,34919.0674,34518.8389,34638.9232
2026-05-03 04:00:00,34634.0288,34669.1612,33383.7472,33701.3342
2026-05-03 08:00:00,33704.5816,33847.1613,33267.9926,33592.2792
2026-05-03 12:00:00,33590.2644,33599.8928,32597.1257,33067.9893
2026-05-03 16:00:00,33067.0537,34140.8495,33058.6639,33937.4745
2026-05-03 20:00:00,33945.682,34467.6301,33535.0601,33860.6893
2026-05-04 00:00:00,33861.9197,33916.3948,33218.9086,33574.9799
2026-05-04 04:00:00,33573.1696,33818.7585,33196.5245,33504.7832
2026-05-04 08:00:00,33505.5017,34194.0259,33284.5954,34142.9738
2026-05-04 12:00:00,34146.5412,35177.7112,34083.7469,35107.185
2026-05-04 16:00:00,35105.1512,35680.9331,35072.3112,35568.7455
2026-05-04 20:00:00,35577.7653,36416.7317,35474.1644,36101.3372
2026-05-05 00:00:00,36105.2497,36736.2369,36089.2047,36491.6779
2026-05-05 04:00:00,36493.0442,36923.6278,36463.5023,36566.486
2026-05-05 08:00:00,36564.1554,37053.1343,36226.8485,36850.3259
2026-05-05 12:00:00,36858.2039,38174.3226,36821.5909,38005.4004
2026-05-05 16:00:00,38000.8356,38215.0418,37092.913,37334.6427
2026-05-05 20:00:00,37330.1427,37560.4276,36201.365,36390.4394
2026-05-06 00:00:00,36376.8116,36434.5247,35699.3671,35922.4594
2026-05-06 04:00:00,35920.8048,35923.8984,35184.2076,35300.3619
2026-05-06 08:00:00,35289.5115,35672.9616,35032.2827,35580.0554
2026-05-06 12:00:00,35580.8064,36844.9774,35245.9946,36686.3766
2026-05-06 16:00:00,36702.5296,36874.883,36237.2217,36632.2795
2026-05-06 20:00:00,36641.2969,36651.6418,35541.2308,35590.3736
2026-05-07 00:00:00,35593.4875,35607.8283,35059.142,35502.0503
2026-05-07 04:00:00,35502.2061,35879.9159,35252.9245,35521.1033
2026-05-07 08:00:00,35509.6375,36017.2627,35393.5372,35685.6193
2026-05-07 12:00:00,35688.9677,35770.6491,34906.4804,35212.2879
2026-05-07 16:00:00,35224.0052,35325.8231,34168.6071,34234.0648
2026-05-07 20:00:00,34234.1933,34785.8763,34079.7149,34258.5432
2026-05-08 00:00:00,34250.8624,34457.9828,33571.1593,33639.0657
2026-05-08 04:00:00,33641.0626,34198.8822,33310.042,33331.0551
2026-05-08 08:00:00,33329.9882,33717.1709,32924.1441,33006.9471
2026-05-08 12:00:00,33010.2833,33589.7564,32748.6306,33555.7829
2026-05-08 16:00:00,33549.0013,34128.376,33318.239,33502.0212
2026-05-08 20:00:00,33512.2783,34297.2302,33512.2783,34283.6311
2026-05-09 00:00:00,34296.5452,34706.3747,33668.9172,34485.3651
2026-05-09 04:00:00,34492.8121,35048.9425,34341.811,34953.6379
2026-05-09 08:00:00,34952.24,35223.7221,34791.4273,34801.5588
2026-05-09 12:00:00,34796.8526,34971.5181,34413.1875,34920.9956
2026-05-09 16:00:00,34920.3559,35164.6696,34608.6089,34896.8078
2026-05-09 20:00:00,34903.2796,34906.9561,33926.5547,34013.5645
2026-05-10 00:00:00,34014.3451,34277.5272,33637.3428,34033.578
2026-05-10 04:00:00,34025.2012,34710.9595,33639.3189,34132.8843
2026-05-10 08:00:00,34129.554,34884.5917,34004.4431,34867.5726
2026-05-10 12:00:00,34872.3783,35020.0065,34442.6314,34608.2633
2026-05-10 16:00:00,34603.5493,34967.3104,34483.6241,34766.1656
2026-05-10 20:00:00,34768.1725,34987.9717,34398.5221,34967.579
2026-05-11 00:00:00,34973.0988,35001.2446,33840.8755,34093.0534
2026-05-11 04:00:00,34099.1181,34580.1192,33821.7092,34078.0107
2026-05-11 08:00:00,34080.4908,34336.5682,33815.9835,33959.7106
2026-05-11 12:00:00,33964.9857,34299.0255,33694.3465,33843.1315
2026-05-11 16:00:00,33833.3193,34158.5887,33058.3589,33195.5663
2026-05-11 20:00:00,33191.6676,33320.2192,32420.1666,32702.7352
2026-05-12 00:00:00,32703.2229,33001.766,32361.5958,32469.3033
2026-05-12 04:00:00,32463.125,32853.2819,32289.8635,32505.6903
2026-05-12 08:00:00,32512.8685,32565.8521,31180.9489,31382.3991
2026-05-12 12:00:00,31381.9359,31644.1974,30938.8207,31375.503
2026-05-12 16:00:00,31378.9574,32022.77,31132.75,31281.7735
2026-05-12 20:00:00,31280.863,32209.0727,31203.1057,31943.3964
2026-05-13 00:00:00,31953.065,32357.3512,31754.9694,32287.3727
2026-05-13 04:00:00,32292.7803,32582.4407,32092.2816,32190.8351
2026-05-13 08:00:00,32196.7432,32236.3353,31254.8448,31571.8966
2026-05-13 12:00:00,31580.35,31887.5595,30782.6482,31152.4176
2026-05-13 16:00:00,31147.5726,31242.9922,30447.2799,30721.9473
2026-05-13 20:00:00,30717.8006,31383.6636,30432.0565,31001.1252
2026-05-14 00:00:00,31000.3692,31000.3692,30359.649,30662.2581
2026-05-14 04:00:00,30659.9918,30712.5883,30111.0812,30225.0765
2026-05-14 08:00:00,30229.8261,30403.8352,29812.7944,30317.3051
2026-05-14 12:00:00,30316.6611,31103.8831,30103.9073,30967.1124
2026-05-14 16:00:00,30963.1437,31190.0281,30609.4146,30735.648
2026-05-14 20:00:00,30729.7566,31418.1053,30316.1175,31147.3953
2026-05-15 00:00:00,31152.0395,31855.0847,31132.6243,31814.0082
2026-05-15 04:00:00,31812.393,32325.2975,31545.7305,31604.6773
2026-05-15 08:00:00,31599.4102,31610.8895,30569.4954,31059.9645
2026-05-15 12:00:00,31044.231,31049.5213,30303.3597,30324.0209
2026-05-15 16:00:00,30330.5216,30596.6282,30098.147,30345.9044
2026-05-15 20:00:00,30355.3456,30514.2018,29856.6959,29939.3569
2026-05-16 00:00:00,29934.8802,30138.0829,29719.0428,29767.5005
2026-05-16 04:00:00,29761.7968,30339.8231,29462.8072,29517.8019
2026-05-16 08:00:00,29525.4502,29577.4424,28061.5529,28149.8863
2026-05-16 12:00:00,28157.6529,28546.3897,27892.4945,28075.8447
2026-05-16 16:00:00,28077.4189,28296.1546,27345.8002,27589.921
2026-05-16 20:00:00,27578.2456,27629.2111,26447.4028,26600.6061
2026-05-17 00:00:00,26601.4638,26844.0357,26485.0694,26745.2291
2026-05-17 04:00:00,26743.3475,27200.5086,26737.1701,27003.506
2026-05-17 08:00:00,26998.7604,27051.3243,26692.7908,26820.6007
2026-05-17 12:00:00,26821.5206,27261.7347,26743.608,27034.4476
2026-05-17 16:00:00,27033.9002,27719.4331,27000.827,27600.2862
2026-05-17 20:00:00,27612.9736,27768.0353,27112.5048,27427.9669
2026-05-18 00:00:00,27431.0808,27496.3222,27045.9062,27409.148
2026-05-18 04:00:00,27411.4691,27426.425,26340.4309,26468.9518
2026-05-18 08:00:00,26482.5793,26917.4758,26067.2063,26425.1656
2026-05-18 12:00:00,26419.7808,27006.8272,26125.1089,26783.8483
2026-05-18 16:00:00,26783.0752,26851.5582,26394.6872,26431.8973
2026-05-18 20:00:00,26435.5245,26950.1736,26349.5086,26875.4483
2026-05-19 00:00:00,26875.03,27095.6363,26585.4966,26591.2743
2026-05-19 04:00:00,26589.5455,27293.122,26327.5954,27268.4306
2026-05-19 08:00:00,27270.2023,27387.3818,26649.3404,26984.2155
2026-05-19 12:00:00,26977.8912,26978.8631,26485.4832,26917.9366
2026-05-19 16:00:00,26920.3094,26963.7574,26532.239,26629.9776
2026-05-19 20:00:00,26631.7513,27631.2866,26554.6348,27006.6146
2026-05-20 00:00:00,27004.365,27091.5436,26650.5944,26809.5572
2026-05-20 04:00:00,26806.7866,27384.8834,26688.7992,27371.7975
2026-05-20 08:00:00,27366.6018,27816.2076,27093.8798,27764.763
2026-05-20 12:00:00,27763.7596,27997.8144,27138.235,27385.7866
2026-05-20 16:00:00,27374.6597,27606.4929,27116.5868,27199.8586
2026-05-20 20:00:00,27188.2843,27775.3883,26719.1336,27543.5785
2026-05-21 00:00:00,27542.5112,28229.2489,27507.0834,27778.6693
2026-05-21 04:00:00,27780.761,28140.0738,27641.3077,27993.2983
2026-05-21 08:00:00,27994.6862,28336.2325,27845.9238,28285.2132
2026-05-21 12:00:00,28294.9788,28375.5945,27158.1468,27634.4972
2026-05-21 16:00:00,27627.8342,27663.5386,27068.3599,27076.6129
2026-05-21 20:00:00,27075.3253,27421.748,26805.9704,27402.6582
2026-05-22 00:00:00,27407.3196,27560.3818,27016.4256,27477.2853
2026-05-22 04:00:00,27480.4258,27944.8257,27342.6117,27581.921
2026-05-22 08:00:00,27590.0946,28178.9889,27436.8499,28029.2193
2026-05-22 12:00:00,28041.1453,28229.6523,27573.1401,27721.7192
2026-05-22 16:00:00,27726.5429,27832.1956,26459.3861,26753.8634
2026-05-22 20:00:00,26749.2416,27757.6491,26685.3001,27731.914
2026-05-23 00:00:00,27726.4411,28175.6573,27506.701,27990.7341
2026-05-23 04:00:00,27999.1885,28634.0705,27716.4507,28528.9621
2026-05-23 08:00:00,28530.0707,28879.2737,27781.7889,28018.8963
2026-05-23 12:00:00,28016.0949,28787.1008,27988.1775,28192.6622
2026-05-23 16:00:00,28192.8418,28467.596,27822.7441,28398.165
2026-05-23 20:00:00,28399.4454,28889.8128,28215.3867,28842.5596
2026-05-24 00:00:00,28841.3827,29054.3572,28561.5441,28962.3271
2026-05-24 04:00:00,28960.26,29445.7048,28856.6728,29317.6574
2026-05-24 08:00:00,29309.0245,29679.6551,29258.6875,29644.9424
2026-05-24 12:00:00,29653.7778,29756.2628,29144.2781,29305.6305
2026-05-24 16:00:00,29313.6194,29704.2193,29168.5448,29194.0347
2026-05-24 20:00:00,29197.5816,30265.6924,29191.312,30114.7877
2026-05-25 00:00:00,30116.6405,30141.7412,29009.1841,29050.4212
2026-05-25 04:00:00,29038.8323,29420.7669,28866.2594,29245.4367
2026-05-25 08:00:00,29246.7357,29596.1021,28522.3943,28551.9508
2026-05-25 12:00:00,28557.3817,29137.9935,28462.0338,28696.1029
2026-05-25 16:00:00,28694.2544,28804.6812,28027.0849,28278.6495
2026-05-25 20:00:00,28282.4423,29307.5588,28166.6047,29200.0522
2026-05-26 00:00:00,29215.0157,29411.5501,28955.6661,29105.1417
2026-05-26 04:00:00,29094.4568,29117.9649,28333.643,28537.1081
2026-05-26 08:00:00,28546.939,28655.7505,27986.5878,28603.1435
2026-05-26 12:00:00,28602.52,29196.8275,28221.5883,29054.1587
2026-05-26 16:00:00,29047.683,29835.9827,29047.683,29379.597
2026-05-26 20:00:00,29368.9158,29995.2922,29284.7352,29653.4568
2026-05-27 00:00:00,29656.5468,30344.7807,29177.5352,30311.6607
2026-05-27 04:00:00,30310.7889,30505.0429,29971.2617,30354.4555
2026-05-27 08:00:00,30352.9846,30974.6381,30307.84,30829.747
2026-05-27 12:00:00,30824.0305,31215.7991,30465.731,30639.8015
2026-05-27 16:00:00,30643.3488,30887.3229,30500.0561,30754.186
2026-05-27 20:00:00,30754.5631,31066.6258,30418.7892,30658.2419
2026-05-28 00:00:00,30662.1248,31730.3198,30335.6831,31552.442
2026-05-28 04:00:00,31552.5558,31778.827,31193.62,31321.3101
2026-05-28 08:00:00,31323.0749,31672.1274,30730.9949,31656.5748
2026-05-28 12:00:00,31657.4808,31790.1215,31112.6358,31508.6095
2026-05-28 16:00:00,31507.7788,31954.6144,30542.8004,30582.1914
2026-05-28 20:00:00,30588.6944,30605.298,29799.6928,29959.6468
2026-05-29 00:00:00,29953.5988,30286.4193,29651.7588,30058.7898
2026-05-29 04:00:00,30054.7739,30159.2216,29310.6742,29345.8804
2026-05-29 08:00:00,29341.9962,29812.9844,29250.9967,29441.1142
2026-05-29 12:00:00,29433.7346,29478.1432,28824.6838,29314.3949
2026-05-29 16:00:00,29310.7383,29361.6716,28612.6176,28889.0332
2026-05-29 20:00:00,28892.251,28908.381,28298.2457,28577.1976
2026-05-30 00:00:00,28576.4871,28697.3568,28145.2944,28674.0328
2026-05-30 04:00:00,28678.0904,28755.0674,27754.6151,28110.7923
2026-05-30 08:00:00,28104.7705,28848.104,28029.0482,28797.0216
2026-05-30 12:00:00,28803.0075,28932.5314,28434.6637,28686.2295
2026-05-30 16:00:00,28689.2274,29156.8223,28673.6525,29090.4345
2026-05-30 20:00:00,29096.2248,29432.3146,28691.8708,28772.0168
2026-05-31 00:00:00,28773.3993,29055.8834,28251.6867,28251.8541
2026-05-31 04:00:00,28256.582,29044.771,28251.2241,28779.7832
2026-05-31 08:00:00,28777.9202,28869.7222,27959.2204,28074.5709
2026-05-31 12:00:00,28074.8468,28299.8051,27707.4184,28283.7087
2026-05-31 16:00:00,28282.2268,28465.4813,28047.7377,28155.8823
2026-05-31 20:00:00,28160.79,28576.3335,27605.8907,27644.9396
2026-06-01 00:00:00,27642.078,27715.1509,27148.1261,27333.1579
2026-06-01 04:00:00,27340.5374,27342.8113,26697.6607,26929.3864
2026-06-01 08:00:00,26937.0736,27441.7822,26822.0034,27421.728
2026-06-01 12:00:00,27425.709,27883.1109,27358.3698,27762.1309
2026-06-01 16:00:00,27766.1278,28015.5678,27592.005,27714.3818
2026-06-01 20:00:00,27705.6944,27878.6057,27342.0035,27527.7104
2026-06-02 00:00:00,27526.1695,27854.2268,27411.5502,27661.5801
2026-06-02 04:00:00,27662.2986,27772.8514,27268.7257,27575.4107
2026-06-02 08:00:00,27584.0883,28012.408,27482.7055,27790.9132
2026-06-02 12:00:00,27789.2002,28072.2715,27517.4645,27977.037
2026-06-02 16:00:00,27976.1555,28418.0375,27632.2636,28415.0714
2026-06-02 20:00:00,28412.3897,29073.6641,28412.3897,28675.4578
2026-06-03 00:00:00,28677.4446,28873.5879,27781.8088,27835.5828
2026-06-03 04:00:00,27838.4001,28416.1916,27816.3706,28388.9015
2026-06-03 08:00:00,28400.6331,28927.3907,28078.1574,28880.3241
2026-06-03 12:00:00,28878.5382,29550.5331,28854.8665,29413.379
2026-06-03 16:00:00,29406.4181,29588.8465,28878.4452,28937.7644
2026-06-03 20:00:00,28941.9539,29152.6409,28698.2595,29037.7394
2026-06-04 00:00:00,29033.8075,29832.4617,28853.9818,29349.72
2026-06-04 04:00:00,29351.9298,30027.6692,29225.7563,30004.0826
2026-06-04 08:00:00,30012.3972,30146.6444,29759.018,29861.5569
2026-06-04 12:00:00,29852.8464,30337.8617,29736.7324,30257.5013
2026-06-04 16:00:00,30255.0709,30494.3103,29506.0017,29759.1233
2026-06-04 20:00:00,29752.2156,30153.765,29499.059,29892.0842
2026-06-05 00:00:00,29892.7177,31140.8639,29792.8356,30590.3166
2026-06-05 04:00:00,30587.8881,30938.6508,29602.7404,29786.7904
2026-06-05 08:00:00,29789.7174,30400.4439,29703.5907,30383.866
2026-06-05 12:00:00,30386.648,31013.9955,30283.4148,30682.8234
2026-06-05 16:00:00,30682.9552,30907.7656,29730.544,30019.1919
2026-06-05 20:00:00,30018.0311,30272.9418,29730.0024,30116.8754
2026-06-06 00:00:00,30108.8339,30942.3615,30088.4469,30675.6533
2026-06-06 04:00:00,30673.6652,30943.8063,29630.3498,30074.8401
2026-06-06 08:00:00,30079.4282,30528.2461,30038.9109,30484.2465
2026-06-06 12:00:00,30481.5231,30843.2174,30117.8709,30824.5463
2026-06-06 16:00:00,30815.7099,31940.9823,30758.0855,31855.5996
2026-06-06 20:00:00,31860.8398,32222.8658,31685.389,32062.1416
2026-06-07 00:00:00,32057.0752,32259.6099,31416.8962,31572.4422
2026-06-07 04:00:00,31571.2998,32581.53,31550.7125,32497.046
2026-06-07 08:00:00,32500.1034,32849.3655,32228.2067,32758.3653
2026-06-07 12:00:00,32751.5131,33054.4579,32513.5876,32973.2421
2026-06-07 16:00:00,32972.2256,33438.4979,32791.143,33232.0503
2026-06-07 20:00:00,33240.7691,34257.2141,33225.1735,34153.1996
2026-06-08 00:00:00,34160.9858,34405.3373,33884.1276,34316.2491
2026-06-08 04:00:00,34311.8491,35297.5713,34311.8491,34629.528
2026-06-08 08:00:00,34621.9675,34831.1716,33520.3685,33636.5698
2026-06-08 12:00:00,33631.8016,33929.4202,33362.9618,33676.247
2026-06-08 16:00:00,33681.3842,34230.0142,33468.4409,33631.7418
2026-06-08 20:00:00,33621.1139,33918.9883,33159.3891,33354.278
2026-06-09 00:00:00,33361.1779,34432.6542,33267.6064,34184.9666
2026-06-09 04:00:00,34177.3913,35101.6012,34164.4876,34610.4319
2026-06-09 08:00:00,34608.5718,34670.3232,33863.6898,33975.0247
2026-06-09 12:00:00,33970.3229,34535.6566,33804.1129,34072.8298
2026-06-09 16:00:00,34077.743,34410.867,33731.757,33791.2735
2026-06-09 20:00:00,33794.3386,34872.6747,33709.6739,34661.8873
2026-06-10 00:00:00,34652.7852,35236.2157,34505.9062,34661.5617
2026-06-10 04:00:00,34671.1204,35025.7705,34296.5643,34994.154
2026-06-10 08:00:00,34986.6922,35107.0121,34465.9632,34912.8475
2026-06-10 12:00:00,34912.2467,35354.5921,34179.7049,34313.3467
2026-06-10 16:00:00,34312.2611,34647.3735,33995.9539,34417.7014
2026-06-10 20:00:00,34414.3068,34890.1468,34215.9902,34499.516
2026-06-11 00:00:00,34491.9528,34723.6578,34050.4574,34555.1565
2026-06-11 04:00:00,34554.8641,34744.525,34236.3074,34469.4768
2026-06-11 08:00:00,34467.8588,35331.5499,34069.4357,34315.4347
2026-06-11 12:00:00,34324.5816,35142.7378,34036.0936,35102.391
2026-06-11 16:00:00,35103.3835,35240.0901,34755.8571,35016.631
2026-06-11 20:00:00,35019.0347,36729.9454,35010.1253,36690.0231
2026-06-12 00:00:00,36693.5892,37548.3953,36645.9449,36807.4907
2026-06-12 04:00:00,36803.3707,37224.1995,36653.9003,36769.6456
2026-06-12 08:00:00,36760.7735,37064.3071,36255.6765,36368.4945
2026-06-12 12:00:00,36363.6841,36479.5562,35746.1749,36291.2717
2026-06-12 16:00:00,36284.3377,36518.7436,35995.0916,36498.4316
2026-06-12 20:00:00,36503.0739,37137.0544,36083.7058,37054.4071
2026-06-13 00:00:00,37053.7247,37167.8629,36361.8712,36714.3614
2026-06-13 04:00:00,36712.3336,37045.9235,36403.6739,36919.2748
2026-06-13 08:00:00,36909.0377,37292.9574,36560.9986,36962.6362
2026-06-13 12:00:00,36971.1325,37842.3117,36585.4153,37825.7044
2026-06-13 16:00:00,37822.718,37858.5355,36960.5118,37807.5965
2026-06-13 20:00:00,37811.7536,38145.9586,37494.789,37802.2111
2026-06-14 00:00:00,37799.725,38365.2732,37654.3648,37992.9145
2026-06-14 04:00:00,37979.5647,39336.3831,37879.8264,39066.3127
2026-06-14 08:00:00,39056.5847,39067.0354,38020.446,38872.3781
2026-06-14 12:00:00,38867.1688,39547.1238,38573.0415,38573.7386
2026-06-14 16:00:00,38577.5058,38681.2335,37352.5115,37563.8725
2026-06-14 20:00:00,37563.5299,38197.2696,37558.4353,37737.3243
2026-06-15 00:00:00,37745.5731,37844.6316,36570.5135,36604.6586
2026-06-15 04:00:00,36599.7383,36756.3779,36095.059,36481.5643
2026-06-15 08:00:00,36479.5156,37733.2584,36380.1417,37392.0301
2026-06-15 12:00:00,37381.7343,37426.698,36316.2841,36707.5349
2026-06-15 16:00:00,36714.7413,36925.7177,36122.0218,36401.9619
2026-06-15 20:00:00,36409.9751,36993.0148,35976.9507,36920.6019
2026-06-16 00:00:00,36918.9205,37883.652,36506.1631,37802.9268
2026-06-16 04:00:00,37802.83,39091.5604,37802.83,38890.3198
2026-06-16 08:00:00,38888.1422,39067.6156,38354.0714,38717.9585
2026-06-16 12:00:00,38715.7245,39245.6557,38400.0813,39079.9909
2026-06-16 16:00:00,39084.524,40876.495,38945.5193,40079.0353
2026-06-16 20:00:00,40081.7484,40138.2081,39314.7692,40138.2081
2026-06-17 00:00:00,40144.6396,40865.8637,39134.0457,39180.4229
2026-06-17 04:00:00,39176.3604,39322.7146,38703.5188,38885.3001
2026-06-17 08:00:00,38890.2912,39134.7977,38312.8554,38654.6752
2026-06-17 12:00:00,38656.6378,39008.875,38492.163,38790.256
2026-06-17 16:00:00,38781.0095,39089.6697,38228.6988,38445.9601
2026-06-17 20:00:00,38457.0941,38744.7131,37543.752,37587.3575
2026-06-18 00:00:00,37583.4775,38352.3322,37552.1171,38005.4246
2026-06-18 04:00:00,38007.5079,38124.2869,36989.5485,37369.4094
2026-06-18 08:00:00,37372.6288,38362.5073,37231.804,38235.6284
2026-06-18 12:00:00,38242.6167,38527.2319,37771.3456,37940.509
2026-06-18 16:00:00,37939.203,38338.6765,37189.1957,37309.4985
2026-06-18 20:00:00,37305.1269,38316.5981,37103.2985,38240.4807
2026-06-19 00:00:00,38241.1797,38543.4876,37666.8927,37817.6866
2026-06-19 04:00:00,37811.1178,38307.5114,37658.6337,37962.5531
2026-06-19 08:00:00,37974.244,38869.7183,37737.5623,38692.7767
2026-06-19 12:00:00,38697.9771,39094.2712,38437.0393,38457.9747
2026-06-19 16:00:00,38460.2701,38700.8924,37962.9294,38478.3288
2026-06-19 20:00:00,38486.8193,39136.1834,38396.4062,39133.1915
2026-06-20 00:00:00,39124.6336,39284.683,37999.3309,38182.1174
2026-06-20 04:00:00,38173.2335,38307.5012,37088.3904,37253.6278
2026-06-20 08:00:00,37250.1607,37411.4667,36530.7819,37052.2749
2026-06-20 12:00:00,37048.9196,38365.2742,36964.1155,37978.3508
2026-06-20 16:00:00,37989.9038,38439.6471,37686.0656,38291.7225
2026-06-20 20:00:00,38293.4097,39135.5422,38045.4149,38392.114
2026-06-21 00:00:00,38388.8344,38489.1044,37664.0141,37892.7394
2026-06-21 04:00:00,37894.5153,38662.4941,37788.6742,38391.9231
2026-06-21 08:00:00,38393.5125,38453.8749,37513.7639,37683.0578
2026-06-21 12:00:00,37682.4021,37991.1263,37436.5026,37872.6335
2026-06-21 16:00:00,37868.4338,38172.5125,37108.2617,37312.4695
2026-06-21 20:00:00,37304.9901,38319.5479,36916.0837,38031.1348
2026-06-22 00:00:00,38024.6457,38790.9873,37780.8115,38772.9886
2026-06-22 04:00:00,38774.6284,39470.5094,38571.6251,39376.5371
2026-06-22 08:00:00,39373.9522,40498.654,38948.9769,40435.0835
2026-06-22 12:00:00,40430.5364,40757.8319,40065.7307,40734.2217
2026-06-22 16:00:00,40725.5448,40932.0366,39869.1288,39877.1648
2026-06-22 20:00:00,39887.9133,40700.4579,39636.6739,40457.1743
2026-06-23 00:00:00,40462.7306,40695.3156,39815.8541,40539.2057
2026-06-23 04:00:00,40539.5906,40567.574,39650.099,39946.8942
2026-06-23 08:00:00,39942.7349,40463.159,39508.8562,39763.4879
2026-06-23 12:00:00,39759.1395,40095.4336,39399.1934,39602.6167
2026-06-23 16:00:00,39601.9003,39816.0988,39103.8048,39574.7229
2026-06-23 20:00:00,39572.9969,39876.849,39012.2511,39094.7345
2026-06-24 00:00:00,39101.69,39694.086,38844.3514,39678.5736
2026-06-24 04:00:00,39668.3442,39907.3804,38967.6306,39060.7715
2026-06-24 08:00:00,39053.41,39275.8188,38592.8621,39024.8619
2026-06-24 12:00:00,39022.8052,39361.0884,38182.2789,38577.4059
2026-06-24 16:00:00,38575.6525,40121.7556,38518.1344,40090.608
2026-06-24 20:00:00,40090.9442,40832.5172,39729.3201,40832.5172
2026-06-25 00:00:00,40829.4366,41063.9625,40093.3968,40288.9598
2026-06-25 04:00:00,40297.0584,41330.399,40201.0688,41135.7006
2026-06-25 08:00:00,41144.3325,41889.1539,40877.6069,41476.8783
2026-06-25 12:00:00,41464.2225,41621.4162,40947.7879,41279.5613
2026-06-25 16:00:00,41283.6242,42455.7805,41177.8446,42108.6775
2026-06-25 20:00:00,42113.2595,43333.9112,42005.9994,42617.4031
2026-06-26 00:00:00,42630.4281,44423.8568,42513.7561,44400.2878
2026-06-26 04:00:00,44394.1774,44985.2055,43536.534,43558.3398
2026-06-26 08:00:00,43555.7609,44413.3735,43410.4564,44163.7732
2026-06-26 12:00:00,44157.4898,45004.2164,43842.8062,44830.7587
2026-06-26 16:00:00,44822.8359,44858.4434,43348.6047,43510.0132
2026-06-26 20:00:00,43514.1287,43646.2795,42621.6724,42960.4236
2026-06-27 00:00:00,42958.2299,44160.6924,42892.7986,44115.2594
2026-06-27 04:00:00,44113.8209,44165.0147,43211.8014,43349.856
2026-06-27 08:00:00,43348.5651,44102.1293,43348.5651,43890.646
2026-06-27 12:00:00,43888.0438,44143.0112,43471.2255,43542.2595
2026-06-27 16:00:00,43547.8857,43951.632,43185.7739,43708.8233
2026-06-27 20:00:00,43706.0884,44313.3178,42951.1562,43564.7964
2026-06-28 00:00:00,43566.5821,45072.5843,43358.0953,44852.4151
2026-06-28 04:00:00,44856.6314,46157.3277,44845.1205,45738.2354
2026-06-28 08:00:00,45734.961,45894.2424,45068.1791,45472.6466
2026-06-28 12:00:00,45468.4505,46453.689,45351.5942,46303.897
2026-06-28 16:00:00,46299.5212,46695.2727,45571.1419,46112.6154
2026-06-28 20:00:00,46118.1887,47873.9914,45918.5319,47815.3735
2026-06-29 00:00:00,47816.3066,48931.8262,47295.3308,48391.1804
2026-06-29 04:00:00,48391.2433,49655.6839,48235.3645,49346.2263
2026-06-29 08:00:00,49343.9253,49505.9154,48464.1638,49000.0657
2026-06-29 12:00:00,49006.3067,49464.9413,48199.6993,48371.1237
2026-06-29 16:00:00,48375.0685,48595.4626,47946.587,48443.7306
2026-06-29 20:00:00,48443.7782,49239.7132,48216.1588,48456.922
2026-06-30 00:00:00,48457.2697,48686.9496,47551.182,47574.2923
2026-06-30 04:00:00,47573.3409,48135.4737,46992.498,48066.2244
2026-06-30 08:00:00,48064.4997,48995.8066,47947.5623,48108.9108
2026-06-30 12:00:00,48102.8325,49589.2504,48007.0152,49235.5893
2026-06-30 16:00:00,49232.9571,49498.9512,48750.7207,49140.7852
2026-06-30 20:00:00,49148.9759,49166.2675,48036.3858,48217.3223
2026-07-01 00:00:00,48221.1427,48588.9884,47253.3152,47367.3261
2026-07-01 04:00:00,47366.3137,47678.2908,46587.4094,46831.6265
2026-07-01 08:00:00,46829.8056,46934.9614,45901.2695,45949.2387
2026-07-01 12:00:00,45959.219,46536.1721,45515.2736,45831.9383
2026-07-01 16:00:00,45840.1322,46163.8431,45278.1588,45816.7501
2026-07-01 20:00:00,45816.3619,47509.1446,45805.0882,47509.1446
2026-07-02 00:00:00,47498.6637,47681.9379,46838.1603,47192.6106
2026-07-02 04:00:00,47198.7211,48828.0364,47179.0013,48458.1263
2026-07-02 08:00:00,48464.1046,48464.1046,47471.2056,48223.0946
2026-07-02 12:00:00,48217.235,49775.1944,47904.5116,49751.051
2026-07-02 16:00:00,49735.6931,49828.8414,48296.066,48930.4527
2026-07-02 20:00:00,48944.0228,49715.9708,48646.0256,49241.3404
2026-07-03 00:00:00,49249.1935,50821.7685,49237.5965,50487.2989
2026-07-03 04:00:00,50485.6564,50983.237,49365.5344,50818.6135
2026-07-03 08:00:00,50830.914,51114.5343,50215.3134,50699.5424
2026-07-03 12:00:00,50692.824,51038.7003,50072.4684,50772.1437
2026-07-03 16:00:00,50785.7874,51379.8937,50470.4764,50719.9774
2026-07-03 20:00:00,50719.3243,50778.0332,49974.5003,50126.9607
2026-07-04 00:00:00,50119.2237,50211.2424,48780.0719,49267.028
2026-07-04 04:00:00,49260.4157,49526.8285,48439.0589,48572.0533
2026-07-04 08:00:00,48562.2533,49419.0297,48551.3711,49103.2
2026-07-04 12:00:00,49109.1106,50106.2514,49006.9078,49906.9863
2026-07-04 16:00:00,49907.448,50898.8513,49873.858,50092.1322
2026-07-04 20:00:00,50099.5719,50416.8403,49333.1835,49425.1274
2026-07-05 00:00:00,49435.6841,50302.6163,49047.9064,49627.9678
2026-07-05 04:00:00,49625.4052,50038.5439,48715.0763,49316.209
2026-07-05 08:00:00,49328.9763,50081.9493,49095.3228,49749.5998
2026-07-05 12:00:00,49754.3058,50231.2696,48852.0579,48948.1675
2026-07-05 16:00:00,48951.5306,49506.076,48440.3798,49311.0843
2026-07-05 20:00:00,49332.4045,49621.8882,48823.2378,49480.1156
2026-07-06 00:00:00,49475.6007,50096.2418,48978.4868,49371.9783
2026-07-06 04:00:00,49374.2824,50556.1995,49241.8362,49709.8954
2026-07-06 08:00:00,49706.4766,50504.4677,49659.2504,50311.8209
2026-07-06 12:00:00,50307.874,50584.8739,48664.4059,49037.5723
2026-07-06 16:00:00,49043.5028,49374.555,48370.8172,48890.3858
2026-07-06 20:00:00,48891.1724,49413.3505,48221.8031,49292.7893
2026-07-07 00:00:00,49275.5581,50177.1659,49228.7215,49545.532
2026-07-07 04:00:00,49546.6796,50035.4524,48938.592,49262.124
2026-07-07 08:00:00,49244.3188,49532.7305,48618.1002,49147.0448
2026-07-07 12:00:00,49136.545,50882.4417,49079.8304,50701.1175
2026-07-07 16:00:00,50717.0827,51297.0361,50351.0821,50946.3619
2026-07-07 20:00:00,50950.2991,51507.3949,50731.5114,51200.2806
2026-07-08 00:00:00,51200.0218,51601.8643,50574.4127,50818.0168
2026-07-08 04:00:00,50815.5479,51575.7304,50568.0981,51411.5046
2026-07-08 08:00:00,51409.5007,52878.26,51287.5043,52260.7917
2026-07-08 12:00:00,52254.8443,52798.5892,51666.6751,52486.1943
2026-07-08 16:00:00,52481.6867,53581.1299,51902.1431,53474.6587
2026-07-08 20:00:00,53456.21,53835.1842,52077.4079,52934.3026
2026-07-09 00:00:00,52929.3759,53730.7089,52416.7154,53451.9916
2026-07-09 04:00:00,53453.6102,53563.5152,52380.2148,52534.9924
2026-07-09 08:00:00,52548.1605,53066.3817,51544.9834,51977.0716
2026-07-09 12:00:00,51967.3379,53962.1875,51944.4048,53145.2305
2026-07-09 16:00:00,53145.4748,53518.6631,52269.1083,53369.8423
2026-07-09 20:00:00,53362.9313,54166.15,53093.9442,53131.6983
2026-07-10 00:00:00,53124.9094,53927.2976,52781.4366,53355.2571
2026-07-10 04:00:00,53350.652,53856.59,52900.3067,53147.3807
2026-07-10 08:00:00,53155.8407,54769.0192,53100.6778,54602.2709
2026-07-10 12:00:00,54593.6189,54742.8957,53329.4216,53925.7177
2026-07-10 16:00:00,53918.9389,56046.3484,53831.4866,55939.9289
2026-07-10 20:00:00,55948.2087,56412.259,54955.5739,55421.7185
2026-07-11 00:00:00,55427.5139,55617.6153,54483.6167,54841.7324
2026-07-11 04:00:00,54827.9422,56038.8183,54532.015,55797.0328
2026-07-11 08:00:00,55791.6591,56541.0883,55441.2523,55713.35
2026-07-11 12:00:00,55721.7993,55764.8582,54554.5993,55163.7403
2026-07-11 16:00:00,55180.1189,55414.6138,52969.8872,53069.8274
2026-07-11 20:00:00,53082.6038,53767.2285,52599.243,53243.5508
2026-07-12 00:00:00,53250.8368,53354.497,52541.3871,53103.7703
2026-07-12 04:00:00,53119.0965,54206.1924,52613.7179,53834.3515
2026-07-12 08:00:00,53836.7883,54600.5438,53238.539,54301.0897
2026-07-12 12:00:00,54290.9418,55660.2807,54002.6606,54145.9061
2026-07-12 16:00:00,54125.4248,55213.758,54105.0997,54537.7914
2026-07-12 20:00:00,54538.2646,54629.1544,53141.3197,53398.6593
2026-07-13 00:00:00,53415.643,54019.8134,53044.6621,53736.4427
2026-07-13 04:00:00,53736.4861,54441.2172,52363.6861,52620.4853
2026-07-13 08:00:00,52617.391,53127.1498,52242.5729,52802.2217
2026-07-13 12:00:00,52798.9207,53268.8367,51711.4859,51987.4226
2026-07-13 16:00:00,51981.708,53445.7722,51890.1272,53428.6968
2026-07-13 20:00:00,53442.4265,54155.079,52956.5621,53091.6506
2026-07-14 00:00:00,53107.0033,53936.9398,52812.0341,53007.2733
2026-07-14 04:00:00,52991.0971,53225.4974,50075.8194,50431.9597
2026-07-14 08:00:00,50455.9091,52418.1669,50358.0876,51902.7021
2026-07-14 12:00:00,51890.6262,52266.3121,50681.0533,51036.4159
2026-07-14 16:00:00,51043.1188,52213.0864,50665.4127,52198.8963
2026-07-14 20:00:00,52201.0557,52644.401,51840.6031,52476.828
2026-07-15 00:00:00,52478.2939,53297.6952,51408.0802,53029.4281
2026-07-15 04:00:00,53040.2838,53195.1071,51569.9324,51960.892
2026-07-15 08:00:00,51962.9495,53816.7628,51894.6063,53485.5186
2026-07-15 12:00:00,53504.8407,53883.214,52109.8773,52171.151
2026-07-15 16:00:00,52182.2795,53213.6282,52157.8912,53004.3827
2026-07-15 20:00:00,52998.5191,53941.4967,52478.689,53570.88
2026-07-16 00:00:00,53576.6023,54505.1706,53360.4445,53917.862
2026-07-16 04:00:00,53923.8545,54536.2618,53154.8583,54405.2763
2026-07-16 08:00:00,54420.7826,55599.0385,54420.7826,55394.083
2026-07-16 12:00:00,55398.5161,56452.4294,55031.8375,55108.7157
2026-07-16 16:00:00,55104.6877,55708.9933,54904.4004,55161.6058
2026-07-16 20:00:00,55159.2231,56092.134,54954.12,55375.5404
2026-07-17 00:00:00,55369.414,56164.9001,54851.3798,55561.5978
2026-07-17 04:00:00,55559.7515,56274.7529,55305.1605,55354.6064
2026-07-17 08:00:00,55348.1692,55499.2564,54199.5471,54545.0718
2026-07-17 12:00:00,54554.7256,55650.2709,54191.6432,55437.1902
2026-07-17 16:00:00,55456.9085,56909.3826,55313.2656,56812.5067
2026-07-17 20:00:00,56802.8035,57478.5932,56343.025,57435.9112
2026-07-18 00:00:00,57420.1335,57938.4562,56757.8969,57538.3792
2026-07-18 04:00:00,57524.6022,57636.0894,56122.3271,56198.5326
2026-07-18 08:00:00,56202.1001,56715.8465,55637.6529,56516.2384
2026-07-18 12:00:00,56521.3104,56696.0714,55995.2792,56348.0043
2026-07-18 16:00:00,56337.3677,56591.1422,54606.0283,55193.651
2026-07-18 20:00:00,55197.9399,55221.0224,53008.8939,53008.8939
2026-07-19 00:00:00,52992.1134,53240.0519,51682.8948,52598.7512
2026-07-19 04:00:00,52595.4022,52969.1296,52069.2041,52605.0887
2026-07-19 08:00:00,52593.3031,53710.6537,52271.3861,53676.4211
2026-07-19 12:00:00,53677.6918,54642.5559,53350.4531,53805.401
2026-07-19 16:00:00,53811.2873,55089.9658,53646.4695,54441.9617
2026-07-19 20:00:00,54449.7274,55150.0407,53643.635,54908.1894
2026-07-20 00:00:00,54907.7865,55109.5618,53251.7237,53547.2558
2026-07-20 04:00:00,53561.5922,53576.812,52143.3437,53117.2809
2026-07-20 08:00:00,53090.9409,53279.3396,51789.9678,51804.193
2026-07-20 12:00:00,51795.6665,51972.3185,50215.4491,50904.089
2026-07-20 16:00:00,50881.7469,51695.7707,50437.4843,50576.7508
2026-07-20 20:00:00,50571.887,52020.766,50463.597,51549.5619
2026-07-21 00:00:00,51537.2807,51891.1848,50474.0519,51182.1327
2026-07-21 04:00:00,51199.1324,52243.347,51065.756,52015.1752
2026-07-21 08:00:00,52016.0425,52259.7477,51134.0841,51720.4657
2026-07-21 12:00:00,51727.3139,51793.6094,50512.4692,51057.602
2026-07-21 16:00:00,51044.7736,52000.582,50493.6836,51742.2206
2026-07-21 20:00:00,51728.7836,51826.5335,50719.051,50944.579
2026-07-22 00:00:00,50947.5507,50984.435,50353.7281,50509.2423
2026-07-22 04:00:00,50503.6149,51173.1942,50237.8224,50725.2793
2026-07-22 08:00:00,50714.383,50791.0468,49460.5085,49890.6904
2026-07-22 12:00:00,49895.8649,51154.9533,49503.1776,50917.0957
2026-07-22 16:00:00,50926.9577,51270.0601,50532.5463,50573.5251
2026-07-22 20:00:00,50569.4392,51353.9275,50183.5959,50998.6657
2026-07-23 00:00:00,51010.6842,51124.3543,50089.6158,50171.8549
2026-07-23 04:00:00,50165.612,50354.6893,48785.3495,49351.275
2026-07-23 08:00:00,49347.9873,49736.4622,48529.199,48626.7847
2026-07-23 12:00:00,48616.7664,49208.0742,47613.2294,47699.5925
2026-07-23 16:00:00,47708.855,47814.4921,46733.9662,47734.2002
2026-07-23 20:00:00,47739.35,48080.5158,46590.5343,46602.9232
2026-07-24 00:00:00,46601.0023,47556.8676,46245.4356,47447.9444
2026-07-24 04:00:00,47452.2306,47994.2277,47176.7401,47295.438
2026-07-24 08:00:00,47286.7904,47518.4872,46382.5093,47221.0422
2026-07-24 12:00:00,47210.947,47534.7821,46586.4039,47428.586
2026-07-24 16:00:00,47447.6005,47565.6079,46626.4573,46942.882
2026-07-24 20:00:00,46935.1737,47400.1349,45995.1553,46176.2545
2026-07-25 00:00:00,46178.9651,46280.4046,45541.1565,45988.1198
2026-07-25 04:00:00,45983.9411,47557.3606,45590.5135,46988.0534
2026-07-25 08:00:00,46988.5727,47093.3999,46433.7979,46798.879
2026-07-25 12:00:00,46788.4385,47245.3406,46182.319,46347.1055
2026-07-25 16:00:00,46353.3664,46734.03,45070.2484,45162.0527
2026-07-25 20:00:00,45156.0822,45571.3467,44448.2406,44932.3199
2026-07-26 00:00:00,44931.6002,44975.4424,43859.5383,44451.9253
2026-07-26 04:00:00,44471.217,45172.9575,44208.2693,44924.6204
2026-07-26 08:00:00,44913.4873,45885.6724,44768.3902,45576.714
2026-07-26 12:00:00,45569.7994,46219.0961,44652.4519,46149.7245
2026-07-26 16:00:00,46146.5792,46849.813,45933.7195,46589.5126
2026-07-26 20:00:00,46598.3798,47611.3276,46491.5447,47580.3527
2026-07-27 00:00:00,47559.5178,48789.4077,47384.3972,48730.9482
2026-07-27 04:00:00,48732.9678,50085.4585,48722.6958,49744.1989
2026-07-27 08:00:00,49776.0508,50605.4573,49353.0101,49996.4058
2026-07-27 12:00:00,49999.9292,50198.7311,49315.0961,49778.6675
2026-07-27 16:00:00,49795.5867,49941.5133,48936.7763,49398.9521
2026-07-27 20:00:00,49403.4774,49657.126,48773.1882,49610.5768
2026-07-28 00:00:00,49609.6613,49666.4751,48761.775,49249.7345
2026-07-28 04:00:00,49242.8747,49242.8747,47991.0933,48366.8605
2026-07-28 08:00:00,48373.0446,50567.8724,48017.2856,50384.0594
2026-07-28 12:00:00,50376.7453,50927.5617,49861.1386,50647.5033
2026-07-28 16:00:00,50627.3498,51323.4929,50037.8578,51300.4113
2026-07-28 20:00:00,51292.0225,52272.9231,51252.3462,51942.2677
2026-07-29 00:00:00,51933.2112,52017.5453,50825.0442,51322.4107
2026-07-29 04:00:00,51324.5218,51609.044,50756.2169,51050.437
2026-07-29 08:00:00,51039.1631,51680.9365,50367.2811,50624.3787
2026-07-29 12:00:00,50625.6462,51507.4877,50120.1932,50907.0734
2026-07-29 16:00:00,50894.9556,51654.4088,50628.936,50921.8697
2026-07-29 20:00:00,50925.2723,51840.1537,50538.2621,51240.4438
2026-07-30 00:00:00,51236.9466,52437.7649,50802.8415,51969.0586
2026-07-30 04:00:00,51970.9852,52012.789,50866.2761,51560.4835
2026-07-30 08:00:00,51567.674,52171.1006,50987.0278,51727.9921
2026-07-30 12:00:00,51716.8282,51840.4415,50709.9053,50727.8355
2026-07-30 16:00:00,50736.5027,51690.0674,50726.0193,50997.7178
2026-07-30 20:00:00,50989.4907,51302.7198,49833.054,50131.6968
2026-07-31 00:00:00,50134.4243,51118.718,49864.736,50014.1242
2026-07-31 04:00:00,50017.6251,50671.5876,49626.0503,49802.937
2026-07-31 08:00:00,49795.0572,49939.7289,48078.8574,48294.4471
2026-07-31 12:00:00,48310.2943,48765.2271,47774.7522,48666.7488
2026-07-31 16:00:00,48682.1378,48701.784,47409.451,47539.1916
2026-07-31 20:00:00,47547.8225,47777.7243,46888.0667,46954.6535
2026-08-01 00:00:00,46945.775,47013.3619,45916.6512,46902.0676
2026-08-01 04:00:00,46876.4246,47790.0927,46651.5364,47757.6421
2026-08-01 08:00:00,47746.0123,48385.7708,47355.0859,48337.7305
2026-08-01 12:00:00,48340.6203,50235.0126,48197.468,49628.7423
2026-08-01 16:00:00,49634.4722,49887.81,48960.521,49342.193
2026-08-01 20:00:00,49342.598,50347.5997,49114.1267,50220.8952
2026-08-02 00:00:00,50216.8965,50541.9488,49459.4735,49755.9772
2026-08-02 04:00:00,49750.6948,50489.7237,49306.9949,49995.2375
2026-08-02 08:00:00,49984.204,50124.1888,49194.6808,49773.6078
2026-08-02 12:00:00,49770.6909,50908.711,49551.8146,50701.8167
2026-08-02 16:00:00,50709.915,50960.6529,49813.7436,50850.788
2026-08-02 20:00:00,50850.635,51453.1159,49420.7767,49441.4205
2026-08-03 00:00:00,49426.4994,49700.919,48813.0965,48909.572
2026-08-03 04:00:00,48906.1367,50268.0717,48723.4074,49969.7501
2026-08-03 08:00:00,49959.8751,50937.2837,49773.1157,49956.6502
2026-08-03 12:00:00,49958.6066,51091.1983,49747.4719,50815.7777
2026-08-03 16:00:00,50812.4371,51213.4956,50176.1812,50807.9829
2026-08-03 20:00:00,50821.0209,51883.6105,50455.9654,51550.4628
2026-08-04 00:00:00,51555.5983,53327.1033,51385.9709,53038.7262
2026-08-04 04:00:00,53044.0042,53161.0978,52186.0945,52504.1565
2026-08-04 08:00:00,52508.4926,53095.594,51771.5826,52016.9983
2026-08-04 12:00:00,52030.3436,52641.5821,51333.4173,52635.7708
2026-08-04 16:00:00,52640.3878,53499.3659,52494.7858,52676.6977
2026-08-04 20:00:00,52669.596,52985.3931,51759.273,52868.9188
2026-08-05 00:00:00,52856.054,53715.0406,52625.5856,53563.7636
2026-08-05 04:00:00,53559.1661,53927.9719,52867.6258,53675.0995
2026-08-05 08:00:00,53674.704,54062.9903,53306.5853,53306.5853
2026-08-05 12:00:00,53301.8235,53356.0088,52025.4457,52095.9618
2026-08-05 16:00:00,52093.8097,52359.7952,50452.3789,50600.9291
2026-08-05 20:00:00,50594.2907,51686.6342,50099.9109,51230.7957
2026-08-06 00:00:00,51213.1361,51762.8874,50556.0982,50665.517
2026-08-06 04:00:00,50659.7586,50798.9527,50084.6088,50255.0847
2026-08-06 08:00:00,50259.4122,50834.3957,49768.2976,50834.3957
2026-08-06 12:00:00,50825.6089,51271.6298,50281.6843,50349.2873
2026-08-06 16:00:00,50355.3354,50499.2795,49600.5946,50001.9534
2026-08-06 20:00:00,50005.53,50017.2054,48779.2516,49376.6236
2026-08-07 00:00:00,49368.0358,49880.485,48236.4661,48336.2798
2026-08-07 04:00:00,48345.4649,48740.8866,46843.3581,46915.6038
2026-08-07 08:00:00,46905.776,47087.1188,46092.3255,46695.7461
2026-08-07 12:00:00,46689.3402,47276.5354,45936.6558,46767.4252
2026-08-07 16:00:00,46762.0626,47232.3229,46157.1722,46713.2198
2026-08-07 20:00:00,46732.0312,48247.6741,46123.219,48080.5647
2026-08-08 00:00:00,48069.8962,48207.887,47002.3575,47813.1183
2026-08-08 04:00:00,47804.3159,48768.708,47737.9198,48571.2844
2026-08-08 08:00:00,48564.6742,49391.9682,48305.8647,48425.6926
2026-08-08 12:00:00,48430.3466,49205.9009,48218.0301,49027.0876
2026-08-08 16:00:00,49015.8366,49721.9428,48412.9746,48442.0654
2026-08-08 20:00:00,48460.4529,49214.2474,48193.3746,48815.9859
2026-08-09 00:00:00,48815.0828,50254.6141,48769.3278,50194.9345
2026-08-09 04:00:00,50194.8183,51013.4574,49732.387,50784.351
2026-08-09 08:00:00,50758.3029,51607.0915,50618.9008,51008.9682
2026-08-09 12:00:00,50983.7283,51062.5026,49874.0165,50667.315
2026-08-09 16:00:00,50657.9946,50749.9443,49637.3692,50467.2059
2026-08-09 20:00:00,50466.6959,50873.139,49396.968,49542.9344
2026-08-10 00:00:00,49560.5216,50067.5922,48702.3486,50057.3853
2026-08-10 04:00:00,50060.8706,50743.1778,49422.5281,50179.9463
2026-08-10 08:00:00,50178.6488,50805.055,49720.9678,50693.1433
2026-08-10 12:00:00,50698.0574,51826.4638,50248.4493,50490.6742
2026-08-10 16:00:00,50493.5656,50824.5336,48928.3002,49136.5027
2026-08-10 20:00:00,49143.2077,49150.8143,47688.2026,48311.1248
2026-08-11 00:00:00,48318.0356,49288.4645,48293.328,49163.9489
2026-08-11 04:00:00,49170.1724,49752.7024,48825.7926,49420.3089
2026-08-11 08:00:00,49431.0296,50459.7036,49044.6233,50420.1869
2026-08-11 12:00:00,50418.021,51751.3343,50370.1472,51437.2986
2026-08-11 16:00:00,51417.0224,51922.7216,50707.6338,51199.0251
2026-08-11 20:00:00,51202.3856,51407.7177,50516.2536,51095.5473
2026-08-12 00:00:00,51107.2731,51858.9473,50885.1561,51579.4277
2026-08-12 04:00:00,51587.7321,53155.8469,51493.4917,52998.7153
2026-08-12 08:00:00,53022.9479,53611.1413,52660.2507,52697.0259
2026-08-12 12:00:00,52712.2395,53275.9471,52383.6189,52544.7923
2026-08-12 16:00:00,52532.7564,53357.3618,52176.66,52426.2972
2026-08-12 20:00:00,52432.7349,52543.0673,51432.3105,51940.2001
2026-08-13 00:00:00,51940.5415,51944.1753,51008.1037,51216.6468
2026-08-13 04:00:00,51216.2578,52012.4685,50829.4537,51941.5406
2026-08-13 08:00:00,51943.8596,52049.4893,50711.5687,50937.8429
2026-08-13 12:00:00,50929.6645,52522.2951,50713.6693,52413.5063
2026-08-13 16:00:00,52417.8519,53096.6795,51864.5258,52398.0693
2026-08-13 20:00:00,52404.0539,52404.0539,51427.6937,51904.0932
2026-08-14 00:00:00,51932.1554,52199.8335,50426.4606,51073.0766
2026-08-14 04:00:00,51077.6557,51812.6415,50727.2431,50825.0113
2026-08-14 08:00:00,50818.6394,50884.1811,49388.3572,49635.3113
2026-08-14 12:00:00,49635.8501,50035.0841,48862.3988,49022.619
2026-08-14 16:00:00,49021.0391,49097.7307,47475.2148,47666.6678
2026-08-14 20:00:00,47676.5835,48039.5823,47081.7968,47334.358
2026-08-15 00:00:00,47349.3854,47585.2616,46998.3627,47169.0302
2026-08-15 04:00:00,47178.1999,47845.8353,47084.6502,47424.6263
2026-08-15 08:00:00,47426.2334,48415.7593,47150.198,48086.0193
2026-08-15 12:00:00,48077.6885,50008.7864,47950.1723,49781.4561
2026-08-15 16:00:00,49775.4906,50489.3089,49526.5745,50213.4895
2026-08-15 20:00:00,50218.8069,51017.1328,49670.9046,49799.7557
2026-08-16 00:00:00,49807.4687,50541.0325,49356.236,50530.1032
2026-08-16 04:00:00,50519.839,50832.0025,49093.4631,49111.9599
2026-08-16 08:00:00,49120.278,49323.5386,48371.1192,48911.5044
2026-08-16 12:00:00,48919.1263,48922.7982,48173.972,48179.4157
2026-08-16 16:00:00,48180.4147,48670.4287,47648.2963,48585.1593
2026-08-16 20:00:00,48578.0069,48725.2284,47221.7026,47733.0087
2026-08-17 00:00:00,47715.2598,48297.2867,47571.0957,47931.725
2026-08-17 04:00:00,47928.3148,48025.512,46597.0313,47419.9636
2026-08-17 08:00:00,47418.2555,47726.3537,47000.9881,47003.8515
2026-08-17 12:00:00,47017.8872,48286.3602,46803.4975,48223.4992
2026-08-17 16:00:00,48219.4852,49972.9131,47954.2755,49170.2432
2026-08-17 20:00:00,49179.5542,49565.7764,48245.1021,49322.4384
2026-08-18 00:00:00,49318.7331,50226.1036,48531.5612,48545.9248
2026-08-18 04:00:00,48558.5476,49438.6111,48054.5641,48190.1728
2026-08-18 08:00:00,48198.9999,48233.7483,47225.204,47622.3222
2026-08-18 12:00:00,47628.2934,47675.0565,46276.2534,46364.9537
2026-08-18 16:00:00,46370.4664,47566.5919,46107.5576,46874.0872
2026-08-18 20:00:00,46880.668,48277.1852,46761.8009,48197.8423
2026-08-19 00:00:00,48187.9671,48729.6589,47748.4457,48543.5864
2026-08-19 04:00:00,48535.3443,49452.0919,48388.0821,48960.238
2026-08-19 08:00:00,48959.4563,49532.3438,48397.0691,48570.4404
2026-08-19 12:00:00,48584.4166,48751.0225,48013.0039,48052.457
2026-08-19 16:00:00,48043.1952,48596.0523,47887.4606,48191.3045
2026-08-19 20:00:00,48199.5592,48583.5503,47389.4105,47542.9862
2026-08-20 00:00:00,47544.4618,48194.0444,47147.4382,47925.5447
2026-08-20 04:00:00,47928.3811,48253.0898,47094.8177,47813.9655
2026-08-20 08:00:00,47814.0488,48559.3741,47766.0966,48550.1007
2026-08-20 12:00:00,48533.0115,49283.956,48405.3399,48999.66
2026-08-20 16:00:00,48998.5724,49569.465,48622.0502,49246.2345
2026-08-20 20:00:00,49240.065,50488.8988,48898.9186,50389.4248
2026-08-21 00:00:00,50407.7668,50427.3339,49369.7285,49835.5971
2026-08-21 04:00:00,49844.7298,50070.3034,48076.8564,48076.8564
2026-08-21 08:00:00,48074.0862,48143.6704,47497.0678,47849.327
2026-08-21 12:00:00,47857.019,49009.4135,47685.5548,48104.2662
2026-08-21 16:00:00,48110.066,48360.7364,47223.8788,47424.3014
2026-08-21 20:00:00,47408.3326,49141.6342,47190.0422,48690.3371
2026-08-22 00:00:00,48706.9377,49501.9365,48492.2916,49246.41
2026-08-22 04:00:00,49240.989,49980.8856,48801.4247,49601.4791
2026-08-22 08:00:00,49602.4808,49706.181,48047.6217,48620.4246
2026-08-22 12:00:00,48601.5588,49291.2123,48238.957,48849.9595
2026-08-22 16:00:00,48854.4789,49774.2915,48432.7564,48482.2855
2026-08-22 20:00:00,48484.2095,49324.3363,48121.9289,49226.9753
2026-08-23 00:00:00,49229.7215,49872.0797,48708.6091,49022.9482
2026-08-23 04:00:00,49021.1005,50019.3411,48797.8433,49739.7389
2026-08-23 08:00:00,49744.0696,50419.5583,49259.682,49827.1709
2026-08-23 12:00:00,49840.8223,50585.5985,49184.2997,50432.6977
2026-08-23 16:00:00,50430.5816,50841.5476,49553.8851,49593.7781
2026-08-23 20:00:00,49591.5191,50207.0204,49356.5702,50000.8204
2026-08-24 00:00:00,50003.1623,51697.2532,49863.8557,51097.3992
2026-08-24 04:00:00,51098.1415,51777.7444,50705.2963,51560.6788
2026-08-24 08:00:00,51564.2741,52544.434,50943.2193,52008.2521
2026-08-24 12:00:00,52015.4488,52559.6555,51675.5973,51859.8924
2026-08-24 16:00:00,51862.2169,52652.5988,51567.5087,52028.6777
2026-08-24 20:00:00,52038.4619,52146.5552,50819.1809,51138.7797
2026-08-25 00:00:00,51139.2035,51298.5236,49760.5842,49954.4563
2026-08-25 04:00:00,49958.5362,50227.1944,48910.9984,49452.7924
2026-08-25 08:00:00,49444.6656,49527.0414,48405.9103,48972.9971
2026-08-25 12:00:00,48967.4888,49353.3024,48289.1513,48602.5908
2026-08-25 16:00:00,48604.4945,49147.1794,47949.3978,48166.14
2026-08-25 20:00:00,48157.9793,48482.5176,47590.2225,47739.5662
2026-08-26 00:00:00,47730.1777,49405.7213,47595.7069,49285.9647
2026-08-26 04:00:00,49289.7093,49396.7512,48376.5195,48594.8721
2026-08-26 08:00:00,48602.2819,49675.1866,48545.6908,49338.6669
2026-08-26 12:00:00,49338.4324,50470.4542,48794.0615,50384.0274
2026-08-26 16:00:00,50379.1774,50745.5498,49662.5302,49838.5858
2026-08-26 20:00:00,49840.5204,50175.3134,49420.5265,49913.0588
2026-08-27 00:00:00,49916.8798,50792.5003,49316.7654,50792.5003
2026-08-27 04:00:00,50781.3004,51959.7541,50620.9459,51483.5578
2026-08-27 08:00:00,51465.2171,51767.3656,50928.7365,51028.1017
2026-08-27 12:00:00,51028.6521,51352.9724,50520.5126,51037.1215
2026-08-27 16:00:00,51041.1314,52857.4378,50905.7256,52122.798
2026-08-27 20:00:00,52125.7696,53072.4333,52029.9179,52397.0737
2026-08-28 00:00:00,52400.9381,53149.9303,51716.3682,52004.2036
2026-08-28 04:00:00,52004.0083,52077.5602,50949.5596,51179.6538
2026-08-28 08:00:00,51180.6337,51180.6337,49734.8292,50983.0938
2026-08-28 12:00:00,50973.6379,52703.4145,50965.2498,52579.2098
2026-08-28 16:00:00,52582.1341,53568.4879,52406.5742,52463.1554
2026-08-28 20:00:00,52455.5424,52936.3399,51958.3931,52414.9722
2026-08-29 00:00:00,52416.2097,52457.9717,51124.6716,52022.6675
2026-08-29 04:00:00,52008.0671,53115.1302,51513.2639,53014.4032
2026-08-29 08:00:00,53003.5804,53630.6551,52893.2508,53243.8656
2026-08-29 12:00:00,53230.8913,53852.0732,51800.9222,51862.9013
2026-08-29 16:00:00,51868.8265,51878.2904,50552.04,51034.9951
2026-08-29 20:00:00,51058.4903,51623.4483,50702.5706,51138.9361
2026-08-30 00:00:00,51128.9351,51495.6772,50057.1646,50096.294
2026-08-30 04:00:00,50104.411,50137.1876,49029.9519,49651.5202
2026-08-30 08:00:00,49663.5043,49828.6785,48604.0663,49619.7231
2026-08-30 12:00:00,49618.6211,49911.4244,48513.5307,48618.8534
2026-08-30 16:00:00,48613.6337,49481.8321,48586.7166,49192.8524
2026-08-30 20:00:00,49182.88,50348.9954,48847.0949,50280.7029
2026-08-31 00:00:00,50281.7556,50943.2101,49763.0227,50821.934
2026-08-31 04:00:00,50817.1368,51400.6062,50012.3509,50027.6493
2026-08-31 08:00:00,50039.892,50213.4155,49037.8986,49363.039
2026-08-31 12:00:00,49365.1257,49458.6801,48594.0123,48947.8385
2026-08-31 16:00:00,48954.6978,50038.7564,48657.9021,49940.1016
2026-08-31 20:00:00,49934.9105,49953.425,48624.3688,48979.5567
2026-09-01 00:00:00,48985.8699,50290.6491,48936.2493,49690.8327
2026-09-01 04:00:00,49689.1348,50410.3984,49228.3218,50188.4308
2026-09-01 08:00:00,50175.3094,50727.3533,49907.851,49965.9203
2026-09-01 12:00:00,49949.2376,50026.4574,48663.1391,49619.6082
2026-09-01 16:00:00,49614.6462,52359.215,49580.9933,52107.6718
2026-09-01 20:00:00,52105.5613,52997.6867,51839.273,52805.0866
2026-09-02 00:00:00,52810.1685,53384.9756,52130.8825,52221.1788
2026-09-02 04:00:00,52212.7744,52424.5419,51146.2238,51325.5016
2026-09-02 08:00:00,51315.0944,51943.0518,50880.4725,50890.5132
2026-09-02 12:00:00,50881.376,51806.984,50729.2774,51636.4208
2026-09-02 16:00:00,51639.3701,51847.0438,50886.8694,51036.1225
2026-09-02 20:00:00,51061.5605,51604.1302,50225.383,51509.1647
2026-09-03 00:00:00,51511.8755,51752.5707,49575.8455,49744.8323
2026-09-03 04:00:00,49726.4564,49786.6142,48504.2048,48640.0201
2026-09-03 08:00:00,48636.3033,49067.8365,48354.9865,48688.1833
2026-09-03 12:00:00,48682.1165,50024.3344,48430.0436,49680.3348
2026-09-03 16:00:00,49689.1008,50219.6882,49199.5663,49492.391
2026-09-03 20:00:00,49500.4008,49500.4008,48339.4718,48565.4428
2026-09-04 00:00:00,48570.9663,49695.5731,48462.7083,49680.4909
2026-09-04 04:00:00,49691.1112,50337.8483,49451.4833,49496.519
2026-09-04 08:00:00,49481.5744,50422.6374,49252.2346,49912.6816
2026-09-04 12:00:00,49912.8824,51432.793,49667.6365,50710.8054
2026-09-04 16:00:00,50701.487,51324.0957,50314.5034,50586.8054
2026-09-04 20:00:00,50592.4086,50962.5314,49555.7797,50867.1499
2026-09-05 00:00:00,50876.3262,50941.8069,49621.7111,49811.4874
2026-09-05 04:00:00,49805.2267,50306.8948,49711.7786,50218.5603
2026-09-05 08:00:00,50220.119,50554.4841,49651.8808,50315.9539
2026-09-05 12:00:00,50313.1673,50490.1541,48582.5131,48592.8169
2026-09-05 16:00:00,48599.462,48683.3935,47756.041,48668.0762
2026-09-05 20:00:00,48661.6968,49106.1675,48224.2123,48607.0937
2026-09-06 00:00:00,48583.1241,49098.0591,47559.1363,48504.234
2026-09-06 04:00:00,48484.0809,48520.7084,47830.1025,47876.6629
2026-09-06 08:00:00,47875.7664,48011.2745,47146.722,47223.2557
2026-09-06 12:00:00,47215.2486,47543.6718,46269.9643,46472.3763
2026-09-06 16:00:00,46475.8826,47153.6551,46324.7806,46736.8614
2026-09-06 20:00:00,46726.068,47889.1786,46518.7451,47837.2165
2026-09-07 00:00:00,47825.1407,48709.5512,47663.1975,48582.89
2026-09-07 04:00:00,48582.1819,48713.9305,47310.3975,47683.8933
2026-09-07 08:00:00,47677.9146,48136.2147,47238.8601,48026.5129
2026-09-07 12:00:00,48022.9764,48363.7511,47204.2665,47376.7632
2026-09-07 16:00:00,47376.7747,47652.677,46835.3993,46979.1239
2026-09-07 20:00:00,46982.7522,47164.745,46351.6346,46706.5864
2026-09-08 00:00:00,46696.715,46803.0161,45632.3154,46196.6668
2026-09-08 04:00:00,46196.8403,47108.2592,45764.3815,47034.7824
2026-09-08 08:00:00,47040.818,48475.4119,46560.2869,48014.3771
2026-09-08 12:00:00,48005.801,48578.1062,47850.3882,48184.5203
2026-09-08 16:00:00,48190.2868,48905.1961,47421.3019,48816.536
2026-09-08 20:00:00,48813.8303,50364.896,48714.1223,49642.1909
2026-09-09 00:00:00,49649.4766,49903.3281,48518.7185,48771.2375
2026-09-09 04:00:00,48776.1093,48782.5977,47054.1491,47596.9025
2026-09-09 08:00:00,47572.7712,47934.462,46768.1515,46914.8378
2026-09-09 12:00:00,46910.5541,47539.7446,46573.2053,47118.7178
2026-09-09 16:00:00,47127.0752,47361.0959,46374.6962,47197.3575
2026-09-09 20:00:00,47197.638,47869.9763,46672.5847,47712.3089
2026-09-10 00:00:00,47701.2842,48170.894,47129.4557,47325.2642
2026-09-10 04:00:00,47335.483,47719.7578,46806.7546,47011.5077
2026-09-10 08:00:00,47007.8603,47495.1814,46171.2332,47477.3477
2026-09-10 12:00:00,47462.9551,47974.3751,46938.5952,47901.4789
2026-09-10 16:00:00,47876.941,48424.5315,46989.2942,47344.8575
2026-09-10 20:00:00,47339.8767,48126.9641,47264.3229,47636.084
2026-09-11 00:00:00,47639.6245,47891.2731,46410.6957,46524.1083
2026-09-11 04:00:00,46528.644,47052.4991,45657.5744,45970.6732
2026-09-11 08:00:00,45981.5925,47477.3373,45749.8449,47265.9288
2026-09-11 12:00:00,47253.706,48616.0338,46387.4075,48558.7975
2026-09-11 16:00:00,48563.5489,49325.6071,48394.4882,49325.6071
2026-09-11 20:00:00,49315.6058,50536.4886,49296.2702,50083.8239
2026-09-12 00:00:00,50083.3199,51266.3521,49742.1444,50057.6722
2026-09-12 04:00:00,50049.4412,50461.0897,48845.4629,48949.0392
2026-09-12 08:00:00,48933.0705,49743.9078,48522.0561,49010.8056
2026-09-12 12:00:00,49011.7484,49980.4503,48535.9688,49867.051
2026-09-12 16:00:00,49860.5152,51773.9606,49839.4621,51620.584
2026-09-12 20:00:00,51613.2201,51670.5769,49933.0316,50149.8028
2026-09-13 00:00:00,50143.7002,51539.8502,50106.5427,50748.49
2026-09-13 04:00:00,50752.47,50871.1703,49303.2634,49658.7507
2026-09-13 08:00:00,49656.5736,51068.4208,49400.519,50716.7294
2026-09-13 12:00:00,50714.2206,51090.139,50186.8666,50590.0923
2026-09-13 16:00:00,50595.5954,50902.0285,48821.4847,49528.4124
2026-09-13 20:00:00,49513.4733,49698.4524,48497.3931,48674.1465
2026-09-14 00:00:00,48680.4301,49360.3745,48162.9606,48799.5392
2026-09-14 04:00:00,48811.1877,48955.1821,48011.7787,48687.8661
2026-09-14 08:00:00,48679.1732,48885.9634,48168.6131,48844.397
2026-09-14 12:00:00,48850.2299,49398.0405,48343.0773,48920.066
2026-09-14 16:00:00,48921.5706,49043.6766,47458.0464,47518.9513
2026-09-14 20:00:00,47509.1705,47575.2965,45802.6932,46174.6085
2026-09-15 00:00:00,46184.1171,46449.2568,45018.1929,45083.2004
2026-09-15 04:00:00,45084.6,46166.9879,44964.3645,45986.4675
2026-09-15 08:00:00,46006.7006,47199.2214,45904.5138,47066.6274
2026-09-15 12:00:00,47081.7928,47438.8889,46302.7445,46750.1528
2026-09-15 16:00:00,46744.6051,46915.5181,45823.0277,46427.3389
2026-09-15 20:00:00,46423.208,47449.4815,46351.3257,47172.5168
2026-09-16 00:00:00,47174.6848,47184.5488,46446.0369,46831.524
2026-09-16 04:00:00,46839.795,47554.1554,46617.438,47181.4903
2026-09-16 08:00:00,47192.4587,47463.867,46774.6206,47188.5723
2026-09-16 12:00:00,47204.9007,47244.9828,45680.1776,45746.6146
2026-09-16 16:00:00,45735.1069,46058.9548,45034.55,45288.051
2026-09-16 20:00:00,45295.3884,46443.2162,45013.1984,45741.8175
2026-09-17 00:00:00,45742.0979,46076.4732,45257.3593,45957.0085
2026-09-17 04:00:00,45965.6272,46062.2917,45150.4672,45750.9774
2026-09-17 08:00:00,45747.1267,46454.603,45173.9164,45704.2665
2026-09-17 12:00:00,45704.4242,45897.2779,44831.1722,45549.274
2026-09-17 16:00:00,45547.1672,45822.5908,45155.4224,45335.8649
