timestamp,open,high,low,close
2025-10-18 13:00:00,15251.44,15263.32,15173.67,15173.81
2025-10-18 14:00:00,15173.73,15316.52,15170.65,15302.21
2025-10-18 15:00:00,15303.35,15471.5,15292.36,15458.1
2025-10-18 16:00:00,15458.94,15471.53,15345.67,15354.0
2025-10-18 17:00:00,15353.71,15381.8,15320.71,15320.71
2025-10-18 18:00:00,15320.72,15562.61,15317.68,15499.44
2025-10-18 19:00:00,15499.32,15503.75,15350.21,15352.19
2025-10-18 20:00:00,15350.45,15352.7,15227.06,15228.38
2025-10-18 21:00:00,15229.19,15231.16,15128.62,15134.42
2025-10-18 22:00:00,15134.27,15160.9,15079.08,15082.09
2025-10-18 23:00:00,15081.59,15178.66,15080.02,15113.89
2025-10-19 00:00:00,15113.53,15128.9,15019.54,15021.72
2025-10-19 01:00:00,15021.41,15096.45,15004.78,15068.73
2025-10-19 02:00:00,15067.67,15108.56,14993.98,14995.89
2025-10-19 03:00:00,14995.42,15159.66,14988.04,15147.96
2025-10-19 04:00:00,15147.94,15148.0,15031.9,15045.65
2025-10-19 05:00:00,15045.52,15100.05,14981.67,15091.03
2025-10-19 06:00:00,15091.04,15105.35,15055.84,15105.35
2025-10-19 07:00:00,15105.64,15107.36,14949.15,14991.92
2025-10-19 08:00:00,14992.26,15005.92,14935.22,14995.68
2025-10-19 09:00:00,14996.67,15044.24,14916.15,14991.5
2025-10-19 10:00:00,14990.68,15052.71,14925.41,15027.73
2025-10-19 11:00:00,15027.51,15028.12,14956.93,14966.05
2025-10-19 12:00:00,14966.49,14995.28,14909.39,14969.82
2025-10-19 13:00:00,14969.62,14997.07,14881.97,14889.78
2025-10-19 14:00:00,14889.68,14975.92,14848.62,14957.49
2025-10-19 15:00:00,14957.38,14962.08,14815.47,14817.62
2025-10-19 16:00:00,14817.48,14823.2,14707.35,14789.27
2025-10-19 17:00:00,14789.31,14814.91,14757.49,14787.22
2025-10-19 18:00:00,14787.58,14901.81,14780.06,14864.56
2025-10-19 19:00:00,14864.27,15081.25,14839.54,15078.65
2025-10-19 20:00:00,15077.97,15082.1,15000.04,15010.19
2025-10-19 21:00:00,15009.59,15011.53,14920.56,14935.54
2025-10-19 22:00:00,14935.01,14938.89,14814.1,14934.37
2025-10-19 23:00:00,14933.88,14933.88,14830.71,14831.22
2025-10-20 00:00:00,14831.42,14923.22,14805.39,14819.84
2025-10-20 01:00:00,14820.14,14836.73,14733.1,14787.55
2025-10-20 02:00:00,14787.19,14792.07,14686.13,14686.57
2025-10-20 03:00:00,14686.57,14690.85,14524.05,14524.21
2025-10-20 04:00:00,14524.5,14612.89,14456.7,14599.7
2025-10-20 05:00:00,14600.19,14712.51,14584.82,14687.6
2025-10-20 06:00:00,14686.8,14763.68,14641.83,14657.0
2025-10-20 07:00:00,14656.38,14661.87,14611.89,14638.63
2025-10-20 08:00:00,14639.02,14774.89,14624.71,14725.93
2025-10-20 09:00:00,14725.59,14730.31,14627.4,14640.0
2025-10-20 10:00:00,14640.18,14782.66,14582.54,14756.13
2025-10-20 11:00:00,14755.29,14763.42,14692.95,14723.87
2025-10-20 12:00:00,14723.97,14887.26,14671.71,14852.85
2025-10-20 13:00:00,14852.03,14853.25,14739.32,14739.76
2025-10-20 14:00:00,14738.97,14864.53,14711.79,14746.75
2025-10-20 15:00:00,14747.08,14819.13,14725.7,14732.22
2025-10-20 16:00:00,14732.46,14914.18,14719.29,14884.3
2025-10-20 17:00:00,14884.31,15000.75,14877.0,14974.98
2025-10-20 18:00:00,14973.61,15089.66,14916.86,15089.33
2025-10-20 19:00:00,15089.8,15249.08,15076.2,15158.87
2025-10-20 20:00:00,15158.97,15167.14,15041.46,15097.67
2025-10-20 21:00:00,15097.03,15149.48,15070.59,15107.14
2025-10-20 22:00:00,15107.74,15269.39,15060.74,15242.6
2025-10-20 23:00:00,15242.38,15269.89,15162.6,15162.66
2025-10-21 00:00:00,15162.6,15162.9,15039.27,15087.18
2025-10-21 01:00:00,15087.5,15146.79,15064.41,15144.18
2025-10-21 02:00:00,15145.13,15155.0,15048.33,15088.98
2025-10-21 03:00:00,15089.0,15138.25,15005.95,15008.67
2025-10-21 04:00:00,15008.15,15233.67,14999.43,15174.63
2025-10-21 05:00:00,15173.84,15196.57,15098.72,15146.39
2025-10-21 06:00:00,15146.71,15203.29,15076.01,15139.16
2025-10-21 07:00:00,15139.27,15254.84,15120.35,15200.32
2025-10-21 08:00:00,15200.46,15286.83,15140.65,15243.08
2025-10-21 09:00:00,15242.98,15260.09,15212.1,15212.1
2025-10-21 10:00:00,15212.02,15234.51,15106.58,15205.74
2025-10-21 11:00:00,15205.43,15207.74,15130.04,15148.68
2025-10-21 12:00:00,15148.17,15203.37,15109.76,15176.46
2025-10-21 13:00:00,15176.1,15176.14,15051.17,15128.87
2025-10-21 14:00:00,15129.25,15130.25,15009.84,15009.84
2025-10-21 15:00:00,15009.83,15125.84,14990.82,15092.55
2025-10-21 16:00:00,15092.47,15100.52,15030.3,15088.92
2025-10-21 17:00:00,15088.18,15244.53,15071.29,15240.21
2025-10-21 18:00:00,15240.66,15243.32,15108.99,15110.45
2025-10-21 19:00:00,15111.0,15179.77,15077.89,15090.32
2025-10-21 20:00:00,15090.15,15224.0,15047.46,15217.87
2025-10-21 21:00:00,15217.75,15218.63,15071.19,15072.81
2025-10-21 22:00:00,15072.3,15076.19,14955.69,14966.76
2025-10-21 23:00:00,14965.91,15040.55,14884.35,14996.52
2025-10-22 00:00:00,14997.42,15001.36,14906.99,14948.75
2025-10-22 01:00:00,14949.05,14986.41,14896.43,14919.01
2025-10-22 02:00:00,14918.53,14919.52,14809.42,14811.88
2025-10-22 03:00:00,14812.0,14970.12,14753.11,14967.19
2025-10-22 04:00:00,14966.83,14971.63,14853.55,14901.7
2025-10-22 05:00:00,14901.91,14987.88,14798.19,14974.97
2025-10-22 06:00:00,14974.87,15071.49,14962.1,15071.46
2025-10-22 07:00:00,15071.99,15202.57,15066.82,15076.78
2025-10-22 08:00:00,15076.24,15149.16,15033.39,15144.39
2025-10-22 09:00:00,15145.17,15169.9,15046.17,15064.62
2025-10-22 10:00:00,15064.65,15108.63,14968.19,14998.04
2025-10-22 11:00:00,14998.29,15012.57,14950.37,14966.45
2025-10-22 12:00:00,14966.48,14971.6,14877.53,14878.45
2025-10-22 13:00:00,14878.8,14981.13,14835.71,14871.06
2025-10-22 14:00:00,14871.66,14966.81,14854.25,14914.81
2025-10-22 15:00:00,14914.54,15020.82,14884.75,14913.46
2025-10-22 16:00:00,14913.2,14949.38,14845.63,14915.31
2025-10-22 17:00:00,14914.94,14932.19,14811.3,14813.93
2025-10-22 18:00:00,14813.47,14926.83,14792.78,14890.79
2025-10-22 19:00:00,14890.35,14891.66,14818.34,14826.27
2025-10-22 20:00:00,14825.91,15008.42,14815.04,14899.75
2025-10-22 21:00:00,14898.94,14920.42,14798.94,14799.21
2025-10-22 22:00:00,14799.75,14819.15,14667.55,14670.22
2025-10-22 23:00:00,14669.92,14778.16,14617.7,14735.56
2025-10-23 00:00:00,14735.66,14895.37,14687.75,14890.71
2025-10-23 01:00:00,14889.84,14898.2,14799.51,14802.89
2025-10-23 02:00:00,14802.55,14802.62,14695.68,14732.99
2025-10-23 03:00:00,14733.47,14786.82,14619.23,14772.17
2025-10-23 04:00:00,14771.9,14885.0,14740.11,14783.3
2025-10-23 05:00:00,14782.57,14817.32,14731.52,14739.04
2025-10-23 06:00:00,14738.58,14743.38,14614.01,14646.37
2025-10-23 07:00:00,14646.33,14732.83,14638.7,14664.63
2025-10-23 08:00:00,14664.21,14749.58,14595.23,14726.49
2025-10-23 09:00:00,14725.84,14814.5,14710.13,14762.6
2025-10-23 10:00:00,14762.76,14910.49,14754.79,14826.27
2025-10-23 11:00:00,14826.25,14853.61,14744.66,14822.36
2025-10-23 12:00:00,14821.65,14876.67,14785.37,14798.68
2025-10-23 13:00:00,14798.48,14805.22,14719.16,14721.8
2025-10-23 14:00:00,14722.0,14747.34,14595.63,14597.48
2025-10-23 15:00:00,14597.93,14657.6,14564.4,14604.91
2025-10-23 16:00:00,14603.78,14630.49,14549.53,14550.71
2025-10-23 17:00:00,14550.93,14747.83,14475.9,14696.73
2025-10-23 18:00:00,14697.6,14868.79,14676.31,14848.3
2025-10-23 19:00:00,14847.72,14981.65,14840.74,14931.32
2025-10-23 20:00:00,14931.3,14931.72,14841.56,14847.13
2025-10-23 21:00:00,14847.28,14849.82,14750.52,14791.22
2025-10-23 22:00:00,14790.26,14797.15,14683.02,14685.0
2025-10-23 23:00:00,14685.89,14695.34,14569.81,14608.45
2025-10-24 00:00:00,14608.15,14647.91,14514.18,14577.26
2025-10-24 01:00:00,14578.23,14581.94,14476.01,14479.39
2025-10-24 02:00:00,14479.53,14484.49,14399.5,14457.31
2025-10-24 03:00:00,14456.93,14489.24,14393.53,14438.83
2025-10-24 04:00:00,14438.86,14441.97,14291.88,14370.77
2025-10-24 05:00:00,14370.02,14385.39,14289.37,14342.72
2025-10-24 06:00:00,14342.36,14374.95,14325.21,14369.66
2025-10-24 07:00:00,14369.99,14544.21,14368.61,14496.92
2025-10-24 08:00:00,14496.92,14500.22,14421.51,14488.74
2025-10-24 09:00:00,14488.48,14565.49,14469.53,14492.19
2025-10-24 10:00:00,14491.77,14525.4,14470.24,14471.13
2025-10-24 11:00:00,14471.06,14829.95,14429.63,14823.57
2025-10-24 12:00:00,14823.94,14835.89,14686.82,14693.58
2025-10-24 13:00:00,14694.59,14699.17,14600.36,14603.6
2025-10-24 14:00:00,14603.9,14626.87,14534.1,14535.48
2025-10-24 15:00:00,14534.8,14654.95,14500.68,14600.25
2025-10-24 16:00:00,14599.98,14601.82,14460.91,14466.7
2025-10-24 17:00:00,14467.12,14636.7,14436.0,14623.14
2025-10-24 18:00:00,14624.26,14631.62,14540.02,14570.24
2025-10-24 19:00:00,14630.66,14630.87,14488.49,14507.76
2025-10-24 20:00:00,14506.19,14507.81,14420.49,14439.42
2025-10-24 21:00:00,14440.21,14484.0,14393.02,14420.31
2025-10-24 22:00:00,14420.56,14439.84,14392.95,14410.02
2025-10-24 23:00:00,14410.03,14465.66,14376.98,14392.59
2025-10-25 00:00:00,14392.3,14392.31,14228.2,14231.3
2025-10-25 01:00:00,14230.72,14350.5,14124.44,14319.7
2025-10-25 02:00:00,14320.08,14351.33,14287.42,14318.3
2025-10-25 03:00:00,14317.62,14345.85,14244.78,14248.65
2025-10-25 04:00:00,14248.89,14277.37,14160.45,14163.71
2025-10-25 05:00:00,14164.01,14333.91,14112.99,14298.05
2025-10-25 06:00:00,14297.7,14346.84,14250.58,14309.11
2025-10-25 07:00:00,14308.57,14370.18,14199.98,14202.12
2025-10-25 08:00:00,14201.78,14340.58,14189.18,14329.52
2025-10-25 09:00:00,14329.17,14336.04,14219.06,14219.98
2025-10-25 10:00:00,14220.36,14221.92,14143.96,14198.52
2025-10-25 11:00:00,14198.44,14269.34,14121.64,14140.88
2025-10-25 12:00:00,14140.25,14228.92,14084.48,14217.52
2025-10-25 13:00:00,14218.14,14319.78,14208.59,14259.82
2025-10-25 14:00:00,14260.34,14350.77,14209.25,14324.42
2025-10-25 15:00:00,14324.41,14338.66,14247.46,14324.09
2025-10-25 16:00:00,14324.21,14450.06,14318.46,14369.09
2025-10-25 17:00:00,14368.53,14613.3,14366.09,14598.14
2025-10-25 18:00:00,14597.73,14693.5,14579.8,14617.65
2025-10-25 19:00:00,14618.44,14626.35,14569.81,14616.56
2025-10-25 20:00:00,14616.85,14680.93,14586.05,14648.32
2025-10-25 21:00:00,14648.66,14718.43,14613.12,14661.55
2025-10-25 22:00:00,14661.44,14700.09,14625.12,14678.39
2025-10-25 23:00:00,14678.76,14782.3,14660.45,14732.71
2025-10-26 00:00:00,14731.95,14833.87,14699.1,14775.71
2025-10-26 01:00:00,14775.55,14775.55,14665.87,14681.27
2025-10-26 02:00:00,14680.54,14699.07,14598.2,14678.57
2025-10-26 03:00:00,14678.43,14745.99,14640.92,14722.41
2025-10-26 04:00:00,14722.38,14772.91,14670.67,14748.8
2025-10-26 05:00:00,14748.77,14771.41,14682.53,14723.23
2025-10-26 06:00:00,14722.84,14728.98,14576.34,14613.9
2025-10-26 07:00:00,14612.95,14696.53,14563.35,14573.72
2025-10-26 08:00:00,14574.22,14574.6,14508.87,14515.41
2025-10-26 09:00:00,14514.96,14779.89,14512.88,14771.92
2025-10-26 10:00:00,14771.89,14872.63,14712.64,14820.06
2025-10-26 11:00:00,14819.89,14857.86,14788.43,14806.23
2025-10-26 12:00:00,14805.52,14961.21,14776.92,14927.99
2025-10-26 13:00:00,14928.06,15058.82,14919.94,14983.57
2025-10-26 14:00:00,14984.1,14984.1,14854.91,14891.84
2025-10-26 15:00:00,14890.74,14898.32,14740.23,14779.2
2025-10-26 16:00:00,14779.79,14850.83,14718.68,14722.39
2025-10-26 17:00:00,14722.53,14736.09,14649.29,14724.6
2025-10-26 18:00:00,14724.2,14761.81,14683.06,14733.31
2025-10-26 19:00:00,14732.9,14733.51,14647.31,14702.77
2025-10-26 20:00:00,14702.75,14773.64,14633.53,14773.05
2025-10-26 21:00:00,14773.36,14792.19,14678.89,14778.25
2025-10-26 22:00:00,14778.07,14851.66,14760.04,14772.29
2025-10-26 23:00:00,14772.75,14785.76,14715.4,14723.77
2025-10-27 00:00:00,14722.96,15019.33,14707.91,15015.19
2025-10-27 01:00:00,15037.62,15037.69,14901.34,14975.3
2025-10-27 02:00:00,14975.44,14976.79,14850.2,14906.81
2025-10-27 03:00:00,14906.73,14933.93,14869.77,14869.87
2025-10-27 04:00:00,14869.63,14870.54,14775.81,14778.26
2025-10-27 05:00:00,14778.58,14854.57,14707.2,14759.25
2025-10-27 06:00:00,14758.94,14800.73,14679.4,14760.9
2025-10-27 07:00:00,14761.26,14997.25,14691.47,14996.46
2025-10-27 08:00:00,14996.77,15036.53,14950.42,15020.54
2025-10-27 09:00:00,15021.4,15134.16,14980.02,15062.66
2025-10-27 10:00:00,15062.39,15190.21,14995.95,15188.11
2025-10-27 11:00:00,15187.86,15238.13,15107.42,15111.83
2025-10-27 12:00:00,15112.18,15417.97,15061.18,15413.58
2025-10-27 13:00:00,15412.56,15414.66,15293.94,15334.85
2025-10-27 14:00:00,15334.68,15395.78,15292.22,15373.96
2025-10-27 15:00:00,15373.91,15374.65,15193.85,15197.68
2025-10-27 16:00:00,15197.83,15316.79,15146.99,15299.78
2025-10-27 17:00:00,15299.75,15340.3,15253.5,15269.68
2025-10-27 18:00:00,15269.16,15270.09,15165.43,15228.88
2025-10-27 19:00:00,15229.1,15291.99,15213.84,15218.11
2025-10-27 20:00:00,15218.42,15539.76,15218.42,15537.88
2025-10-27 21:00:00,15538.26,15552.42,15473.4,15496.5
2025-10-27 22:00:00,15496.77,15607.33,15460.7,15461.12
2025-10-27 23:00:00,15460.83,15571.51,15452.79,15516.52
2025-10-28 00:00:00,15515.93,15524.3,15424.05,15424.56
2025-10-28 01:00:00,15424.72,15441.28,15352.15,15383.13
2025-10-28 02:00:00,15383.34,15386.32,15214.71,15226.84
2025-10-28 03:00:00,15227.17,15348.32,15224.56,15325.14
2025-10-28 04:00:00,15324.48,15464.76,15244.52,15446.05
2025-10-28 05:00:00,15444.97,15564.86,15415.46,15528.48
2025-10-28 06:00:00,15528.74,15559.27,15441.5,15458.96
2025-10-28 07:00:00,15458.6,15484.75,15327.48,15463.32
2025-10-28 08:00:00,15463.19,15585.14,15455.61,15537.05
2025-10-28 09:00:00,15538.08,15709.02,15533.72,15690.29
2025-10-28 10:00:00,15690.13,15708.6,15565.55,15699.35
2025-10-28 11:00:00,15700.35,16067.31,15685.85,16015.57
2025-10-28 12:00:00,16014.96,16126.98,15936.75,16069.57
2025-10-28 13:00:00,16070.15,16200.79,16059.99,16072.67
2025-10-28 14:00:00,16073.17,16139.67,16036.9,16052.0
2025-10-28 15:00:00,16050.88,16056.8,15897.56,15899.32
2025-10-28 16:00:00,15899.57,15899.57,15846.69,15863.43
2025-10-28 17:00:00,15862.87,15954.21,15806.5,15806.86
2025-10-28 18:00:00,15806.44,15892.77,15771.55,15880.85
2025-10-28 19:00:00,15879.79,15945.34,15799.6,15917.42
2025-10-28 20:00:00,15917.0,15917.22,15756.84,15762.78
2025-10-28 21:00:00,15763.19,15790.64,15711.45,15774.57
2025-10-28 22:00:00,15774.28,15894.65,15706.35,15827.59
2025-10-28 23:00:00,15827.51,15902.02,15764.65,15900.07
2025-10-29 00:00:00,15900.11,16001.95,15877.58,15925.54
2025-10-29 01:00:00,15925.25,15993.51,15916.05,15931.66
2025-10-29 02:00:00,15932.9,15934.35,15832.13,15842.01
2025-10-29 03:00:00,15841.49,15841.49,15654.29,15656.52
2025-10-29 04:00:00,15656.53,15666.69,15477.25,15477.25
2025-10-29 05:00:00,15476.61,15642.95,15440.41,15637.48
2025-10-29 06:00:00,15637.34,15665.54,15546.35,15546.35
2025-10-29 07:00:00,15547.41,15548.0,15477.52,15480.03
2025-10-29 08:00:00,15480.58,15500.86,15402.51,15407.79
2025-10-29 09:00:00,15408.45,15474.65,15360.38,15410.51
2025-10-29 10:00:00,15411.24,15455.57,15357.22,15376.86
2025-10-29 11:00:00,15376.36,15488.58,15376.36,15422.95
2025-10-29 12:00:00,15423.22,15563.38,15415.14,15479.07
2025-10-29 13:00:00,15479.82,15506.22,15425.16,15464.88
2025-10-29 14:00:00,15464.49,15480.8,15376.46,15382.66
2025-10-29 15:00:00,15382.48,15382.8,15250.11,15297.04
2025-10-29 16:00:00,15297.86,15299.32,15212.48,15221.93
2025-10-29 17:00:00,15221.76,15242.37,15122.64,15125.73
2025-10-29 18:00:00,15125.79,15147.77,15057.13,15120.07
2025-10-29 19:00:00,15120.05,15188.44,15102.3,15122.05
2025-10-29 20:00:00,15121.69,15267.16,15104.16,15189.8
2025-10-29 21:00:00,15189.11,15190.35,15087.19,15159.86
2025-10-29 22:00:00,15159.79,15161.63,15043.49,15142.83
2025-10-29 23:00:00,15142.24,15142.24,15008.42,15012.36
2025-10-30 00:00:00,15013.34,15014.46,14939.69,14940.2
2025-10-30 01:00:00,14939.74,14946.23,14865.57,14865.77
2025-10-30 02:00:00,14865.81,14959.94,14850.4,14883.15
2025-10-30 03:00:00,14883.74,14917.99,14787.49,14912.08
2025-10-30 04:00:00,14912.44,14959.31,14848.14,14852.68
2025-10-30 05:00:00,14852.21,15005.76,14834.55,14972.88
2025-10-30 06:00:00,14972.91,15077.28,14961.29,15040.35
2025-10-30 07:00:00,15040.32,15094.6,14962.68,15046.8
2025-10-30 08:00:00,15047.74,15063.89,14949.26,15040.4
2025-10-30 09:00:00,15040.51,15048.05,14969.75,15008.96
2025-10-30 10:00:00,15008.87,15128.68,14994.68,15013.72
2025-10-30 11:00:00,15014.82,15089.01,14996.07,15031.94
2025-10-30 12:00:00,15031.56,15188.47,15017.55,15100.27
2025-10-30 13:00:00,15100.09,15100.3,15020.8,15041.8
2025-10-30 14:00:00,15042.14,15358.04,15039.36,15350.13
2025-10-30 15:00:00,15349.91,15356.99,15266.5,15347.02
2025-10-30 16:00:00,15346.84,15384.58,15270.84,15358.91
2025-10-30 17:00:00,15358.38,15367.33,15286.41,15290.76
2025-10-30 18:00:00,15290.24,15551.14,15258.29,15488.6
2025-10-30 19:00:00,15488.04,15488.04,15324.09,15331.53
2025-10-30 20:00:00,15331.15,15348.13,15251.62,15254.9
2025-10-30 21:00:00,15254.23,15302.72,15171.65,15282.2
2025-10-30 22:00:00,15282.13,15343.01,15235.58,15243.94
2025-10-30 23:00:00,15243.29,15277.56,15173.76,15188.83
2025-10-31 00:00:00,15188.67,15188.7,15031.5,15031.5
2025-10-31 01:00:00,15031.61,15041.32,14933.12,14933.12
2025-10-31 02:00:00,14932.93,15157.79,14926.44,15115.41
2025-10-31 03:00:00,15115.41,15470.59,15052.3,15466.79
2025-10-31 04:00:00,15467.39,15539.69,15413.11,15432.44
2025-10-31 05:00:00,15432.69,15459.12,15353.76,15354.91
2025-10-31 06:00:00,15355.76,15359.17,15261.33,15272.37
2025-10-31 07:00:00,15272.11,15427.39,15266.82,15411.31
2025-10-31 08:00:00,15410.72,15412.09,15255.9,15259.09
2025-10-31 09:00:00,15259.29,15360.53,15188.23,15319.02
2025-10-31 10:00:00,15318.92,15345.93,15179.03,15181.24
2025-10-31 11:00:00,15180.84,15181.73,15036.0,15036.25
2025-10-31 12:00:00,15034.85,15155.66,14989.3,15084.97
2025-10-31 13:00:00,15085.27,15151.73,15037.13,15121.26
2025-10-31 14:00:00,15120.97,15221.46,15059.77,15216.12
2025-10-31 15:00:00,15216.04,15241.28,15142.41,15148.16
2025-10-31 16:00:00,15148.74,15178.11,15048.04,15081.36
2025-10-31 17:00:00,15082.34,15240.47,15066.98,15130.35
2025-10-31 18:00:00,15129.91,15223.91,15115.07,15120.69
2025-10-31 19:00:00,15120.58,15121.63,14966.25,14968.81
2025-10-31 20:00:00,14968.62,15087.4,14937.63,15086.13
2025-10-31 21:00:00,15085.45,15115.11,14967.62,14971.1
2025-10-31 22:00:00,14970.38,15014.72,14900.21,14937.67
2025-10-31 23:00:00,14937.41,14963.41,14873.52,14920.57
2025-11-01 00:00:00,14918.94,15138.91,14916.46,15095.89
2025-11-01 01:00:00,15095.18,15243.99,15091.87,15182.64
2025-11-01 02:00:00,15182.09,15233.11,15133.03,15186.13
2025-11-01 03:00:00,15186.26,15237.81,15156.78,15182.64
2025-11-01 04:00:00,15183.44,15263.16,15111.5,15240.23
2025-11-01 05:00:00,15240.54,15244.1,15092.67,15179.52
2025-11-01 06:00:00,15179.91,15331.25,15171.73,15287.66
2025-11-01 07:00:00,15288.17,15618.91,15287.82,15520.27
2025-11-01 08:00:00,15520.09,15520.99,15396.29,15411.77
2025-11-01 09:00:00,15411.45,15447.27,15336.61,15358.6
2025-11-01 10:00:00,15358.36,15364.85,15226.45,15231.58
2025-11-01 11:00:00,15231.28,15299.69,15219.15,15221.2
2025-11-01 12:00:00,15221.15,15470.12,15212.21,15432.5
2025-11-01 13:00:00,15432.07,15435.26,15264.23,15264.55
2025-11-01 14:00:00,15263.87,15284.59,15206.48,15244.32
2025-11-01 15:00:00,15244.6,15453.83,15164.6,15425.87
2025-11-01 16:00:00,15426.41,15441.55,15360.21,15373.93
2025-11-01 17:00:00,15374.66,15379.01,15281.49,15288.36
2025-11-01 18:00:00,15288.15,15335.38,15243.77,15249.0
2025-11-01 19:00:00,15249.26,15396.76,15201.22,15396.76
2025-11-01 20:00:00,15396.02,15405.91,15314.2,15326.07
2025-11-01 21:00:00,15326.99,15407.52,15261.59,15407.5
2025-11-01 22:00:00,15407.46,15621.88,15384.93,15605.52
2025-11-01 23:00:00,15605.62,15645.48,15573.06,15585.18
2025-11-02 00:00:00,15584.29,15630.61,15554.88,15598.56
2025-11-02 01:00:00,15598.83,15627.82,15532.43,15598.21
2025-11-02 02:00:00,15597.88,15603.76,15476.92,15503.07
2025-11-02 03:00:00,15503.14,15593.04,15491.48,15497.65
2025-11-02 04:00:00,15498.0,15498.83,15327.85,15368.45
2025-11-02 05:00:00,15368.11,15377.01,15304.28,15313.9
2025-11-02 06:00:00,15313.91,15385.41,15278.98,15378.03
2025-11-02 07:00:00,15378.26,15536.12,15356.0,15518.82
2025-11-02 08:00:00,15518.06,15567.13,15478.82,15515.44
2025-11-02 09:00:00,15516.24,15528.16,15441.71,15485.08
2025-11-02 10:00:00,15485.18,15519.73,15383.33,15475.89
2025-11-02 11:00:00,15476.24,15483.69,15383.74,15441.92
2025-11-02 12:00:00,15441.81,15446.53,15335.74,15345.03
2025-11-02 13:00:00,15345.24,15410.38,15301.61,15327.99
2025-11-02 14:00:00,15328.3,15329.69,15145.54,15146.64
2025-11-02 15:00:00,15146.31,15146.31,14949.42,14949.72
2025-11-02 16:00:00,14949.51,15037.57,14860.79,15011.36
2025-11-02 17:00:00,15010.8,15115.7,14974.09,15084.16
2025-11-02 18:00:00,15084.47,15119.08,15006.74,15040.0
2025-11-02 19:00:00,15039.34,15178.22,14983.74,15148.19
2025-11-02 20:00:00,15147.48,15151.16,15021.73,15023.89
2025-11-02 21:00:00,15024.15,15056.06,14944.19,14963.44
2025-11-02 22:00:00,14963.43,14980.74,14891.1,14893.78
2025-11-02 23:00:00,14893.63,14905.44,14820.59,14885.35
2025-11-03 00:00:00,14885.5,14885.5,14742.25,14749.32
2025-11-03 01:00:00,14749.17,14780.43,14645.53,14702.99
2025-11-03 02:00:00,14703.81,14722.59,14621.83,14679.44
2025-11-03 03:00:00,14680.15,14696.91,14552.82,14557.24
2025-11-03 04:00:00,14557.53,14640.8,14541.72,14607.57
2025-11-03 05:00:00,14607.03,14613.18,14527.96,14536.71
2025-11-03 06:00:00,14536.95,14724.68,14517.8,14721.96
2025-11-03 07:00:00,14721.71,14735.91,14624.96,14666.14
2025-11-03 08:00:00,14666.31,14750.79,14597.82,14598.39
2025-11-03 09:00:00,14598.84,14626.92,14558.2,14572.53
2025-11-03 10:00:00,14572.62,14652.14,14564.39,14609.11
2025-11-03 11:00:00,14609.28,14643.06,14521.86,14524.37
2025-11-03 12:00:00,14523.62,14525.98,14401.99,14437.54
2025-11-03 13:00:00,14437.49,14509.55,14411.67,14481.63
2025-11-03 14:00:00,14481.34,14483.23,14377.73,14379.19
2025-11-03 15:00:00,14378.58,14422.31,14330.36,14399.93
2025-11-03 16:00:00,14400.2,14446.36,14318.0,14429.79
2025-11-03 17:00:00,14430.37,14530.0,14407.54,14514.62
2025-11-03 18:00:00,14514.7,14533.41,14447.45,14447.72
2025-11-03 19:00:00,14447.69,14449.17,14363.76,14434.18
2025-11-03 20:00:00,14434.0,14455.66,14382.91,14394.44
2025-11-03 21:00:00,14393.83,14423.09,14353.56,14382.04
2025-11-03 22:00:00,14381.97,14527.81,14367.22,14404.26
2025-11-03 23:00:00,14403.79,14413.88,14319.49,14364.97
2025-11-04 00:00:00,14365.75,14384.52,14328.19,14344.88
2025-11-04 01:00:00,14344.66,14494.67,14298.1,14487.99
2025-11-04 02:00:00,14488.77,14543.76,14425.53,14518.92
2025-11-04 03:00:00,14518.82,14518.82,14356.36,14394.99
2025-11-04 04:00:00,14395.62,14416.49,14347.36,14406.68
2025-11-04 05:00:00,14407.31,14446.59,14337.87,14410.45
2025-11-04 06:00:00,14410.69,14443.59,14354.05,14371.99
2025-11-04 07:00:00,14371.3,14514.78,14345.9,14396.48
2025-11-04 08:00:00,14397.22,14426.92,14359.72,14397.25
2025-11-04 09:00:00,14397.15,14526.81,14393.55,14494.45
2025-11-04 10:00:00,14495.04,14576.99,14446.1,14513.02
2025-11-04 11:00:00,14513.5,14524.28,14445.61,14481.5
2025-11-04 12:00:00,14481.36,14502.51,14416.21,14416.85
2025-11-04 13:00:00,14416.96,14766.2,14416.68,14743.48
2025-11-04 14:00:00,14743.22,14869.18,14727.59,14809.94
2025-11-04 15:00:00,14809.52,14901.36,14762.43,14764.96
2025-11-04 16:00:00,14764.99,14786.98,14685.55,14695.38
2025-11-04 17:00:00,14694.37,14995.87,14681.1,14971.17
2025-11-04 18:00:00,14971.47,15009.27,14940.94,15000.07
2025-11-04 19:00:00,15000.02,15117.9,14991.01,15096.99
2025-11-04 20:00:00,15097.02,15118.83,15015.97,15082.29
2025-11-04 21:00:00,15082.44,15085.41,14933.15,14952.39
2025-11-04 22:00:00,14952.21,15081.66,14948.73,15019.23
2025-11-04 23:00:00,15019.27,15049.61,14920.57,15044.58
2025-11-05 00:00:00,15044.41,15045.11,14885.69,14897.57
2025-11-05 01:00:00,14897.91,14899.43,14742.83,14745.33
2025-11-05 02:00:00,14744.11,14869.2,14726.52,14744.93
2025-11-05 03:00:00,14745.77,14833.1,14726.83,14787.95
2025-11-05 04:00:00,14787.57,14813.69,14699.94,14792.97
2025-11-05 05:00:00,14792.83,14886.85,14770.05,14833.59
2025-11-05 06:00:00,14834.58,14961.85,14831.06,14888.88
2025-11-05 07:00:00,14887.95,14901.11,14793.35,14793.35
2025-11-05 08:00:00,14793.35,14811.79,14739.78,14756.24
2025-11-05 09:00:00,14756.16,14760.8,14673.07,14674.8
2025-11-05 10:00:00,14674.79,14685.46,14626.19,14677.89
2025-11-05 11:00:00,14678.56,14718.65,14645.72,14657.17
2025-11-05 12:00:00,14657.41,14663.25,14549.85,14549.86
2025-11-05 13:00:00,14550.03,14586.25,14515.65,14518.33
2025-11-05 14:00:00,14518.68,14560.01,14473.22,14477.55
2025-11-05 15:00:00,14477.24,14479.86,14352.83,14356.99
2025-11-05 16:00:00,14356.91,14451.87,14356.91,14448.11
2025-11-05 17:00:00,14447.77,14568.02,14420.7,14535.55
2025-11-05 18:00:00,14535.71,14578.72,14496.27,14499.95
2025-11-05 19:00:00,14499.41,14534.02,14444.07,14513.03
2025-11-05 20:00:00,14513.13,14528.78,14405.68,14474.12
2025-11-05 21:00:00,14473.62,14540.73,14394.57,14521.11
2025-11-05 22:00:00,14520.61,14520.63,14411.19,14436.36
2025-11-05 23:00:00,14436.35,14505.35,14382.72,14496.61
2025-11-06 00:00:00,14496.51,14598.93,14416.81,14588.96
2025-11-06 01:00:00,14589.29,14685.7,14580.45,14625.22
2025-11-06 02:00:00,14624.85,14644.19,14545.87,14608.83
2025-11-06 03:00:00,14609.15,14631.27,14523.34,14529.14
2025-11-06 04:00:00,14529.04,14645.45,14516.16,14565.03
2025-11-06 05:00:00,14565.05,14566.65,14440.87,14461.9
2025-11-06 06:00:00,14461.52,14467.06,14338.19,14406.5
2025-11-06 07:00:00,14405.96,14591.53,14397.67,14496.85
2025-11-06 08:00:00,14497.23,14521.26,14459.49,14466.15
2025-11-06 09:00:00,14466.02,14506.02,14342.29,14476.14
2025-11-06 10:00:00,14474.88,14537.65,14456.8,14459.29
2025-11-06 11:00:00,14458.59,14461.62,14399.27,14402.44
2025-11-06 12:00:00,14403.0,14417.77,14301.45,14404.91
2025-11-06 13:00:00,14419.99,14477.94,14359.52,14453.58
2025-11-06 14:00:00,14453.45,14454.27,14375.17,14381.82
2025-11-06 15:00:00,14381.82,14384.22,14159.64,14159.64
2025-11-06 16:00:00,14159.32,14169.07,14064.09,14067.05
2025-11-06 17:00:00,14067.86,14250.69,13998.62,14246.22
2025-11-06 18:00:00,14245.27,14247.2,14143.5,14156.38
2025-11-06 19:00:00,14156.6,14244.73,14154.87,14231.46
2025-11-06 20:00:00,14230.92,14339.04,14125.06,14336.36
2025-11-06 21:00:00,14335.83,14335.87,14230.65,14309.33
2025-11-06 22:00:00,14309.14,14404.73,14297.24,14397.48
2025-11-06 23:00:00,14397.68,14399.33,14287.8,14290.14
2025-11-07 00:00:00,14288.89,14409.5,14252.1,14255.77
2025-11-07 01:00:00,14255.8,14320.49,14233.84,14295.29
2025-11-07 02:00:00,14295.76,14313.62,14223.42,14306.65
2025-11-07 03:00:00,14306.92,14343.42,14240.23,14240.71
2025-11-07 04:00:00,14240.29,14363.11,14220.73,14328.75
2025-11-07 05:00:00,14328.47,14328.5,14220.32,14281.89
2025-11-07 06:00:00,14282.03,14284.54,14152.79,14168.28
2025-11-07 07:00:00,14168.56,14185.71,14074.27,14077.05
2025-11-07 08:00:00,14076.98,14080.62,13965.76,13976.1
2025-11-07 09:00:00,13975.86,14002.57,13907.0,13910.11
2025-11-07 10:00:00,13909.36,14080.93,13899.29,14038.7
2025-11-07 11:00:00,14038.8,14075.24,13988.81,14014.48
2025-11-07 12:00:00,14015.08,14167.24,13999.08,14151.44
2025-11-07 13:00:00,14151.05,14151.05,14009.02,14009.15
2025-11-07 14:00:00,14008.81,14008.81,13904.38,13955.01
2025-11-07 15:00:00,13955.12,14111.64,13924.54,14047.14
2025-11-07 16:00:00,14047.27,14061.39,13984.29,13984.29
2025-11-07 17:00:00,13985.82,13988.83,13931.05,13946.11
2025-11-07 18:00:00,13945.89,13973.26,13925.6,13935.68
2025-11-07 19:00:00,13936.23,13937.91,13849.01,13858.91
2025-11-07 20:00:00,13858.64,13926.84,13798.9,13894.94
2025-11-07 21:00:00,13894.11,13990.83,13891.34,13941.36
2025-11-07 22:00:00,13941.66,13960.12,13892.98,13893.17
2025-11-07 23:00:00,13893.43,13973.64,13713.56,13972.83
2025-11-08 00:00:00,13972.21,13985.19,13880.99,13905.99
2025-11-08 01:00:00,13906.0,13957.98,13852.57,13891.56
2025-11-08 02:00:00,13892.05,13902.44,13815.02,13820.89
2025-11-08 03:00:00,13820.2,13945.64,13778.55,13936.0
2025-11-08 04:00:00,13936.97,13943.52,13892.91,13893.74
2025-11-08 05:00:00,13894.25,13900.99,13834.69,13838.18
2025-11-08 06:00:00,13838.08,14010.37,13817.75,13986.34
2025-11-08 07:00:00,13986.96,14068.67,13923.79,14040.43
2025-11-08 08:00:00,14040.04,14271.64,14033.42,14235.6
2025-11-08 09:00:00,14235.49,14322.97,14197.72,14269.58
2025-11-08 10:00:00,14270.6,14270.6,14142.19,14142.96
2025-11-08 11:00:00,14143.16,14191.06,14114.37,14181.03
2025-11-08 12:00:00,14180.51,14180.51,14075.81,14147.56
2025-11-08 13:00:00,14146.94,14149.65,14061.58,14071.15
2025-11-08 14:00:00,14070.88,14269.65,13961.19,14258.34
2025-11-08 15:00:00,14258.92,14275.59,14200.99,14222.34
2025-11-08 16:00:00,14221.95,14226.94,14144.94,14150.3
2025-11-08 17:00:00,14150.1,14161.33,14008.45,14018.18
2025-11-08 18:00:00,14018.22,14070.69,13990.19,14042.5
2025-11-08 19:00:00,14042.85,14044.98,13900.44,13900.88
2025-11-08 20:00:00,13900.92,13930.85,13821.54,13844.39
2025-11-08 21:00:00,13843.93,13875.66,13768.47,13768.47
2025-11-08 22:00:00,13768.38,13813.34,13722.25,13804.45
2025-11-08 23:00:00,13804.96,13893.67,13780.69,13891.91
2025-11-09 00:00:00,13891.5,13945.99,13833.71,13841.7
2025-11-09 01:00:00,13841.42,13847.59,13766.54,13805.01
2025-11-09 02:00:00,13804.55,13893.27,13787.3,13869.3
2025-11-09 03:00:00,13868.79,13924.46,13848.98,13901.52
2025-11-09 04:00:00,13901.46,13906.17,13782.1,13786.04
2025-11-09 05:00:00,13785.07,13785.33,13658.7,13660.56
2025-11-09 06:00:00,13660.36,13756.61,13577.85,13729.51
2025-11-09 07:00:00,13730.1,13914.34,13693.15,13894.13
2025-11-09 08:00:00,13894.03,14060.56,13888.3,14057.46
2025-11-09 09:00:00,14057.06,14072.51,13999.38,14000.27
2025-11-09 10:00:00,14001.28,14032.17,13954.27,13987.41
2025-11-09 11:00:00,13988.05,14046.06,13904.0,14045.62
2025-11-09 12:00:00,14045.69,14072.09,13996.14,14050.5
2025-11-09 13:00:00,14050.82,14193.95,14045.87,14130.92
2025-11-09 14:00:00,14130.91,14140.14,14074.36,14105.97
2025-11-09 15:00:00,14105.7,14126.27,14037.01,14037.3
2025-11-09 16:00:00,14037.18,14098.39,14026.91,14087.5
2025-11-09 17:00:00,14087.32,14195.54,14054.67,14182.84
2025-11-09 18:00:00,14182.58,14324.56,14181.85,14248.14
2025-11-09 19:00:00,14248.52,14257.79,14146.85,14199.64
2025-11-09 20:00:00,14199.85,14291.76,14183.53,14231.13
2025-11-09 21:00:00,14231.74,14297.82,14221.67,14288.33
2025-11-09 22:00:00,14287.52,14399.99,14209.65,14388.43
2025-11-09 23:00:00,14388.02,14428.25,14336.05,14337.26
2025-11-10 00:00:00,14337.2,14419.49,14301.15,14397.29
2025-11-10 01:00:00,14397.09,14436.89,14321.57,14326.37
2025-11-10 02:00:00,14325.36,14584.3,14310.17,14513.81
2025-11-10 03:00:00,14513.04,14576.34,14494.5,14560.29
2025-11-10 04:00:00,14560.84,14561.17,14458.98,14464.86
2025-11-10 05:00:00,14464.96,14519.38,14442.02,14484.77
2025-11-10 06:00:00,14485.02,14567.74,14389.84,14555.25
2025-11-10 07:00:00,14554.31,14629.14,14525.44,14616.92
2025-11-10 08:00:00,14617.17,14669.51,14591.37,14613.36
2025-11-10 09:00:00,14613.36,14676.73,14541.81,14651.55
2025-11-10 10:00:00,14651.9,14655.04,14584.76,14585.37
2025-11-10 11:00:00,14585.4,14650.53,14499.16,14621.39
2025-11-10 12:00:00,14622.1,14683.55,14508.39,14511.02
2025-11-10 13:00:00,14511.23,14723.61,14508.78,14615.18
2025-11-10 14:00:00,14615.03,14711.54,14604.28,14633.95
2025-11-10 15:00:00,14633.53,14637.48,14516.72,14518.64
2025-11-10 16:00:00,14517.55,14543.93,14483.95,14509.73
2025-11-10 17:00:00,14510.1,14630.57,14458.75,14460.54
2025-11-10 18:00:00,14461.04,14463.79,14367.61,14385.58
2025-11-10 19:00:00,14385.54,14417.83,14355.81,14371.55
2025-11-10 20:00:00,14370.47,14434.52,14312.04,14369.48
2025-11-10 21:00:00,14368.59,14376.65,14238.5,14251.43
2025-11-10 22:00:00,14251.65,14336.44,14214.34,14274.74
2025-11-10 23:00:00,14274.82,14326.84,14177.84,14294.21
2025-11-11 00:00:00,14294.15,14294.85,14207.77,14225.63
2025-11-11 01:00:00,14225.07,14227.12,14146.97,14189.85
2025-11-11 02:00:00,14189.5,14191.57,14030.59,14033.44
2025-11-11 03:00:00,14033.03,14034.64,13875.0,13883.2
2025-11-11 04:00:00,13883.42,14068.09,13873.4,13991.49
2025-11-11 05:00:00,13991.74,14032.18,13927.21,13954.52
2025-11-11 06:00:00,13954.58,14003.76,13934.74,13983.12
2025-11-11 07:00:00,13983.39,14139.89,13946.39,14129.31
2025-11-11 08:00:00,14128.48,14389.66,14123.22,14306.95
2025-11-11 09:00:00,14307.18,14321.13,14198.21,14199.08
2025-11-11 10:00:00,14199.22,14280.08,14178.71,14220.94
2025-11-11 11:00:00,14221.1,14229.82,14079.33,14083.16
2025-11-11 12:00:00,14083.23,14086.15,13963.1,13965.05
2025-11-11 13:00:00,13964.8,14003.61,13906.7,13943.7
2025-11-11 14:00:00,13943.35,14012.24,13934.25,13943.82
2025-11-11 15:00:00,13944.31,13945.5,13810.03,13810.03
2025-11-11 16:00:00,13810.2,14020.21,13809.97,13960.34
2025-11-11 17:00:00,13960.58,14036.02,13950.89,13978.34
2025-11-11 18:00:00,13977.55,14098.84,13969.72,14083.72
2025-11-11 19:00:00,14084.95,14128.45,14017.41,14018.87
2025-11-11 20:00:00,14017.95,14025.71,13930.44,13967.64
2025-11-11 21:00:00,13967.5,14130.88,13885.97,14102.06
2025-11-11 22:00:00,14102.82,14275.24,14075.43,14264.31
2025-11-11 23:00:00,14263.84,14278.54,14185.93,14187.35
2025-11-12 00:00:00,14187.45,14261.86,14152.66,14183.91
2025-11-12 01:00:00,14183.28,14239.6,14113.48,14224.96
2025-11-12 02:00:00,14224.87,14359.57,14221.42,14273.35
2025-11-12 03:00:00,14273.6,14300.19,14204.09,14237.89
2025-11-12 04:00:00,14237.69,14239.79,14145.45,14148.96
2025-11-12 05:00:00,14148.82,14231.39,14078.05,14081.28
2025-11-12 06:00:00,14081.39,14118.96,14002.02,14086.91
2025-11-12 07:00:00,14087.51,14306.78,14077.25,14272.09
2025-11-12 08:00:00,14271.67,14293.69,14203.89,14229.5
2025-11-12 09:00:00,14229.7,14230.38,14094.74,14095.27
2025-11-12 10:00:00,14095.66,14114.04,14009.52,14073.97
2025-11-12 11:00:00,14074.4,14088.65,14003.94,14005.03
2025-11-12 12:00:00,14005.77,14041.49,13940.29,13945.67
2025-11-12 13:00:00,13946.33,13946.69,13828.5,13829.0
2025-11-12 14:00:00,13828.46,13863.15,13754.38,13830.55
2025-11-12 15:00:00,13830.36,13831.54,13707.18,13710.38
2025-11-12 16:00:00,13709.77,13785.26,13661.83,13762.82
2025-11-12 17:00:00,13762.76,13787.56,13711.82,13740.52
2025-11-12 18:00:00,13740.96,13741.07,13597.13,13603.67
2025-11-12 19:00:00,13603.3,13606.91,13496.26,13500.4
2025-11-12 20:00:00,13500.17,13545.88,13445.39,13459.87
2025-11-12 21:00:00,13459.66,13751.71,13446.12,13737.49
2025-11-12 22:00:00,13737.71,13741.44,13655.83,13689.09
2025-11-12 23:00:00,13688.62,13724.64,13638.82,13670.01
2025-11-13 00:00:00,13670.46,13676.89,13576.57,13576.86
2025-11-13 01:00:00,13576.93,13586.73,13517.23,13559.29
2025-11-13 02:00:00,13559.03,13634.93,13541.81,13628.47
2025-11-13 03:00:00,13628.97,13657.22,13582.29,13582.93
2025-11-13 04:00:00,13582.52,13613.27,13511.14,13610.55
2025-11-13 05:00:00,13610.68,13652.11,13563.58,13596.09
2025-11-13 06:00:00,13596.51,13634.25,13551.53,13574.5
2025-11-13 07:00:00,13574.45,13813.15,13560.42,13765.46
2025-11-13 08:00:00,13765.46,13829.54,13731.19,13816.54
2025-11-13 09:00:00,13816.39,13853.18,13739.63,13780.35
2025-11-13 10:00:00,13780.16,13872.61,13708.8,13872.61
2025-11-13 11:00:00,13873.09,13945.6,13796.73,13925.69
2025-11-13 12:00:00,13925.4,13931.66,13778.17,13780.21
2025-11-13 13:00:00,13780.31,13780.68,13694.14,13756.45
2025-11-13 14:00:00,13756.33,13889.83,13706.62,13835.49
2025-11-13 15:00:00,13835.89,13882.63,13770.98,13837.65
2025-11-13 16:00:00,13838.59,13939.79,13776.55,13910.33
2025-11-13 17:00:00,13909.29,13977.75,13895.0,13963.21
2025-11-13 18:00:00,13963.29,13964.66,13899.97,13906.26
2025-11-13 19:00:00,13906.49,13924.68,13861.68,13905.27
2025-11-13 20:00:00,13904.72,13905.42,13806.67,13807.54
2025-11-13 21:00:00,13807.76,13913.47,13768.55,13844.24
2025-11-13 22:00:00,13843.35,13845.49,13745.77,13748.59
2025-11-13 23:00:00,13747.64,13782.89,13645.7,13646.72
2025-11-14 00:00:00,13647.14,13717.74,13625.25,13690.73
2025-11-14 01:00:00,13690.45,13690.58,13609.47,13646.08
2025-11-14 02:00:00,13644.78,13647.55,13590.86,13605.32
2025-11-14 03:00:00,13605.26,13666.08,13553.94,13590.07
2025-11-14 04:00:00,13589.52,13590.18,13475.54,13480.2
2025-11-14 05:00:00,13480.41,13480.41,13380.01,13446.71
2025-11-14 06:00:00,13447.03,13447.87,13327.32,13327.32
2025-11-14 07:00:00,13326.64,13347.83,13285.08,13346.37
2025-11-14 08:00:00,13345.83,13393.01,13298.9,13380.43
2025-11-14 09:00:00,13380.36,13436.84,13306.4,13352.6
2025-11-14 10:00:00,13352.47,13424.13,13274.49,13409.67
2025-11-14 11:00:00,13409.96,13457.29,13372.24,13429.99
2025-11-14 12:00:00,13429.47,13486.2,13362.85,13363.26
2025-11-14 13:00:00,13362.79,13581.28,13362.32,13560.27
2025-11-14 14:00:00,13560.96,13700.89,13533.58,13685.27
2025-11-14 15:00:00,13685.58,13813.54,13601.05,13764.63
2025-11-14 16:00:00,13764.26,14001.99,13720.44,13980.26
2025-11-14 17:00:00,13980.44,14045.75,13951.0,13980.71
2025-11-14 18:00:00,13980.38,13980.38,13848.48,13871.63
2025-11-14 19:00:00,13871.96,14032.23,13860.45,14019.29
2025-11-14 20:00:00,14018.93,14234.75,14009.66,14190.67
2025-11-14 21:00:00,14190.47,14255.3,14161.3,14191.49
2025-11-14 22:00:00,14191.15,14217.85,14147.99,14194.01
2025-11-14 23:00:00,14194.14,14198.74,14107.89,14138.27
2025-11-15 00:00:00,14138.45,14139.01,14040.7,14045.82
2025-11-15 01:00:00,14045.25,14249.01,14026.96,14206.2
2025-11-15 02:00:00,14205.52,14321.67,14197.09,14242.16
2025-11-15 03:00:00,14241.5,14470.41,14238.06,14425.37
2025-11-15 04:00:00,14425.66,14427.11,14322.71,14361.04
2025-11-15 05:00:00,14361.02,14467.49,14313.1,14393.08
2025-11-15 06:00:00,14392.9,14394.91,14280.84,14284.27
2025-11-15 07:00:00,14283.89,14284.84,14047.26,14047.26
2025-11-15 08:00:00,14047.87,14206.09,14037.33,14187.49
2025-11-15 09:00:00,14187.7,14187.7,14071.8,14073.69
2025-11-15 10:00:00,14074.64,14075.0,13972.39,13977.46
2025-11-15 11:00:00,13978.49,14003.24,13944.49,13951.2
2025-11-15 12:00:00,13950.68,14029.54,13931.83,14006.12
2025-11-15 13:00:00,14005.87,14130.94,13998.93,14111.44
2025-11-15 14:00:00,14111.75,14113.43,14047.2,14073.06
2025-11-15 15:00:00,14073.34,14145.91,14057.02,14135.11
2025-11-15 16:00:00,14133.88,14135.14,14071.17,14098.82
2025-11-15 17:00:00,14098.88,14137.57,14046.33,14131.19
2025-11-15 18:00:00,14131.59,14133.04,14055.96,14113.34
2025-11-15 19:00:00,14113.62,14121.11,14061.64,14066.52
2025-11-15 20:00:00,14066.31,14116.44,14032.1,14041.43
2025-11-15 21:00:00,14041.56,14051.99,13956.08,13993.27
2025-11-15 22:00:00,13993.66,14183.07,13964.19,14121.86
2025-11-15 23:00:00,14121.15,14130.66,13987.4,14030.66
2025-11-16 00:00:00,14030.78,14031.06,13929.75,13985.54
2025-11-16 01:00:00,13985.48,14045.0,13957.24,14035.88
2025-11-16 02:00:00,14035.24,14036.51,13891.53,13900.7
2025-11-16 03:00:00,13900.6,14014.33,13832.62,13978.13
2025-11-16 04:00:00,13977.51,14018.28,13873.41,14017.13
2025-11-16 05:00:00,14017.39,14029.46,13951.9,14019.75
2025-11-16 06:00:00,14019.42,14104.29,13995.33,14033.18
2025-11-16 07:00:00,14032.72,14032.83,13907.42,13909.31
2025-11-16 08:00:00,13909.42,13918.55,13856.81,13864.13
2025-11-16 09:00:00,13863.73,13916.66,13813.36,13834.65
2025-11-16 10:00:00,13834.53,14184.46,13817.03,14171.07
2025-11-16 11:00:00,14171.21,14259.98,14144.17,14217.71
2025-11-16 12:00:00,14216.97,14250.52,14152.63,14240.52
2025-11-16 13:00:00,14240.5,14258.94,14140.28,14142.56
2025-11-16 14:00:00,14142.26,14293.93,14126.21,14251.29
2025-11-16 15:00:00,14250.61,14252.13,14162.42,14175.42
2025-11-16 16:00:00,14174.88,14177.76,14053.47,14150.24
2025-11-16 17:00:00,14150.58,14163.79,14075.36,14137.36
2025-11-16 18:00:00,14137.62,14139.1,14006.87,14010.61
2025-11-16 19:00:00,14011.68,14104.85,13950.43,14002.04
2025-11-16 20:00:00,14002.42,14035.69,13942.7,14025.25
2025-11-16 21:00:00,14025.85,14031.85,13926.35,13929.76
2025-11-16 22:00:00,13930.45,13930.82,13848.81,13861.61
2025-11-16 23:00:00,13861.61,13913.07,13843.87,13847.57
2025-11-17 00:00:00,13847.52,13995.26,13806.3,13976.27
2025-11-17 01:00:00,13976.29,13976.62,13841.42,13844.53
2025-11-17 02:00:00,13843.94,13969.71,13789.24,13939.93
2025-11-17 03:00:00,13940.23,13957.19,13888.53,13890.81
2025-11-17 04:00:00,13891.08,13924.44,13852.58,13882.45
2025-11-17 05:00:00,13882.22,13911.7,13843.37,13864.79
2025-11-17 06:00:00,13865.22,13867.28,13770.43,13772.61
2025-11-17 07:00:00,13772.86,13794.8,13744.03,13787.02
2025-11-17 08:00:00,13786.97,13789.24,13701.93,13705.82
2025-11-17 09:00:00,13705.62,13728.68,13652.72,13677.03
2025-11-17 10:00:00,13676.92,13685.6,13594.36,13601.77
2025-11-17 11:00:00,13601.14,13614.6,13546.06,13577.03
2025-11-17 12:00:00,13577.11,13577.76,13493.97,13496.31
2025-11-17 13:00:00,13495.98,13573.31,13464.04,13543.2
2025-11-17 14:00:00,13542.91,13546.91,13435.72,13500.29
2025-11-17 15:00:00,13500.62,13609.33,13477.36,13549.96
2025-11-17 16:00:00,13549.71,13561.66,13483.34,13506.74
2025-11-17 17:00:00,13506.65,13580.92,13467.8,13470.09
2025-11-17 18:00:00,13470.96,13581.69,13464.73,13521.16
2025-11-17 19:00:00,13520.9,13615.55,13512.03,13536.43
2025-11-17 20:00:00,13536.53,13683.25,13441.79,13656.39
2025-11-17 21:00:00,13656.73,13663.98,13574.58,13581.43
2025-11-17 22:00:00,13581.34,13654.38,13506.26,13638.39
2025-11-17 23:00:00,13638.22,13677.16,13598.8,13646.6
2025-11-18 00:00:00,13646.69,13650.91,13485.66,13496.09
2025-11-18 01:00:00,13496.1,13545.84,13454.49,13490.08
2025-11-18 02:00:00,13490.9,13493.32,13365.34,13414.78
2025-11-18 03:00:00,13414.98,13420.45,13361.07,13373.71
2025-11-18 04:00:00,13373.64,13374.87,13201.99,13203.09
2025-11-18 05:00:00,13202.99,13211.66,13141.41,13202.05
2025-11-18 06:00:00,13202.93,13211.36,13136.65,13157.31
2025-11-18 07:00:00,13157.01,13187.26,13112.74,13171.92
2025-11-18 08:00:00,13172.36,13197.46,13131.43,13171.68
2025-11-18 09:00:00,13171.02,13214.34,13119.42,13196.14
2025-11-18 10:00:00,13196.82,13283.49,13194.71,13230.02
2025-11-18 11:00:00,13229.93,13264.78,13171.07,13224.26
2025-11-18 12:00:00,13224.42,13343.9,13217.18,13240.12
2025-11-18 13:00:00,13239.99,13260.16,13184.41,13246.25
2025-11-18 14:00:00,13246.68,13465.7,13238.62,13447.72
2025-11-18 15:00:00,13448.32,13547.04,13445.85,13472.12
2025-11-18 16:00:00,13472.26,13675.6,13465.16,13649.45
2025-11-18 17:00:00,13649.26,13765.39,13587.76,13762.25
2025-11-18 18:00:00,13762.19,13791.81,13712.77,13725.34
2025-11-18 19:00:00,13725.0,13820.76,13702.82,13723.36
2025-11-18 20:00:00,13724.15,13726.13,13603.25,13606.52
2025-11-18 21:00:00,13606.73,13896.03,13583.4,13814.65
2025-11-18 22:00:00,13814.51,13888.01,13761.99,13828.62
2025-11-18 23:00:00,13828.66,13845.39,13733.94,13755.42
2025-11-19 00:00:00,13755.39,13869.71,13732.69,13861.57
2025-11-19 01:00:00,13860.51,13915.42,13823.32,13823.97
2025-11-19 02:00:00,13824.2,13838.31,13751.5,13834.54
2025-11-19 03:00:00,13834.48,13952.02,13797.2,13850.83
2025-11-19 04:00:00,13850.53,13911.55,13812.26,13818.04
2025-11-19 05:00:00,13818.27,14040.19,13787.73,13905.86
2025-11-19 06:00:00,13905.69,14070.67,13867.95,14004.93
2025-11-19 07:00:00,14004.97,14094.33,13938.9,13968.81
2025-11-19 08:00:00,13967.99,14002.7,13935.16,13938.65
2025-11-19 09:00:00,13938.84,14197.4,13933.38,13995.97
2025-11-19 10:00:00,13995.37,14002.81,13956.33,13967.55
2025-11-19 11:00:00,13967.88,13981.15,13884.99,13943.49
2025-11-19 12:00:00,13943.18,14014.5,13923.49,13976.89
2025-11-19 13:00:00,13977.02,14055.93,13927.05,14005.23
2025-11-19 14:00:00,14004.88,14086.56,13985.02,14025.24
2025-11-19 15:00:00,14025.63,14048.33,13966.93,14005.42
2025-11-19 16:00:00,14004.94,14006.01,13920.22,13928.75
2025-11-19 17:00:00,13929.01,13929.01,13811.22,13814.98
2025-11-19 18:00:00,13814.59,13969.2,13799.05,13960.12
2025-11-19 19:00:00,13960.34,14069.39,13930.98,14007.18
2025-11-19 20:00:00,14007.39,14008.13,13899.16,13949.83
2025-11-19 21:00:00,13949.18,14004.61,13933.15,13946.81
2025-11-19 22:00:00,13946.77,13948.22,13766.44,13767.02
2025-11-19 23:00:00,13767.31,13830.82,13698.45,13719.05
2025-11-20 00:00:00,13718.61,13768.5,13671.32,13768.02
2025-11-20 01:00:00,13768.19,13768.19,13674.74,13684.79
2025-11-20 02:00:00,13684.88,13836.64,13681.12,13782.66
2025-11-20 03:00:00,13781.97,13854.58,13726.41,13803.73
2025-11-20 04:00:00,13804.69,13916.28,13794.99,13805.94
2025-11-20 05:00:00,13806.55,13812.64,13724.72,13725.17
2025-11-20 06:00:00,13726.07,13728.3,13617.31,13619.71
2025-11-20 07:00:00,13619.69,13637.28,13515.81,13523.12
2025-11-20 08:00:00,13522.92,13538.62,13395.66,13471.19
2025-11-20 09:00:00,13471.59,13592.64,13423.63,13584.13
2025-11-20 10:00:00,13584.33,13636.65,13528.21,13551.36
2025-11-20 11:00:00,13551.0,13551.0,13498.17,13525.96
2025-11-20 12:00:00,13526.22,13528.38,13441.66,13443.35
2025-11-20 13:00:00,13444.02,13446.61,13349.4,13421.4
2025-11-20 14:00:00,13421.31,13421.31,13287.55,13368.07
2025-11-20 15:00:00,13367.94,13385.15,13295.46,13372.26
2025-11-20 16:00:00,13371.35,13396.52,13343.92,13388.84
2025-11-20 17:00:00,13388.83,13393.12,13337.12,13376.23
2025-11-20 18:00:00,13376.63,13389.72,13304.84,13347.05
2025-11-20 19:00:00,13347.32,13408.93,13302.4,13309.56
2025-11-20 20:00:00,13308.91,13583.94,13282.93,13569.84
2025-11-20 21:00:00,13569.45,13601.88,13526.9,13529.64
2025-11-20 22:00:00,13528.11,13750.97,13507.08,13695.94
2025-11-20 23:00:00,13696.65,13703.1,13621.56,13685.81
2025-11-21 00:00:00,13685.72,13694.98,13635.48,13642.11
2025-11-21 01:00:00,13642.39,13689.09,13591.23,13600.24
2025-11-21 02:00:00,13599.98,13649.32,13541.7,13556.79
2025-11-21 03:00:00,13556.75,13609.05,13523.59,13576.56
2025-11-21 04:00:00,13576.09,13779.22,13572.96,13770.16
2025-11-21 05:00:00,13770.19,13839.08,13690.22,13804.26
2025-11-21 06:00:00,13804.41,13827.13,13696.24,13696.24
2025-11-21 07:00:00,13695.19,13734.63,13650.9,13652.77
2025-11-21 08:00:00,13652.83,13752.14,13614.19,13750.43
2025-11-21 09:00:00,13750.15,13750.15,13672.96,13719.76
2025-11-21 10:00:00,13719.23,14045.15,13709.73,13953.96
2025-11-21 11:00:00,13953.44,14112.36,13903.03,14101.99
2025-11-21 12:00:00,14101.68,14195.07,14070.84,14164.92
2025-11-21 13:00:00,14164.75,14264.79,14149.24,14250.58
2025-11-21 14:00:00,14250.16,14294.39,14219.68,14219.68
2025-11-21 15:00:00,14219.02,14226.12,14113.41,14117.44
2025-11-21 16:00:00,14117.3,14217.27,14090.64,14149.92
2025-11-21 17:00:00,14148.92,14155.26,14077.97,14154.94
2025-11-21 18:00:00,14155.73,14258.36,14133.36,14140.03
2025-11-21 19:00:00,14140.23,14154.19,14046.7,14048.05
2025-11-21 20:00:00,14047.94,14158.55,14041.4,14103.73
2025-11-21 21:00:00,14103.51,14254.67,14098.26,14189.05
2025-11-21 22:00:00,14188.41,14211.78,14093.46,14136.09
2025-11-21 23:00:00,14135.64,14222.99,14109.57,14109.57
2025-11-22 00:00:00,14109.23,14156.43,14028.85,14141.21
2025-11-22 01:00:00,14141.12,14141.57,14048.26,14048.26
2025-11-22 02:00:00,14048.25,14075.14,13976.04,13978.23
2025-11-22 03:00:00,13978.36,14020.68,13935.37,13986.64
2025-11-22 04:00:00,13987.1,14030.47,13928.52,13956.24
2025-11-22 05:00:00,13955.83,14051.37,13926.7,13976.53
2025-11-22 06:00:00,13976.25,13986.59,13892.74,13899.85
2025-11-22 07:00:00,13899.29,14036.2,13876.18,14012.53
2025-11-22 08:00:00,14013.37,14013.37,13808.77,13852.64
2025-11-22 09:00:00,13852.38,13920.83,13832.85,13912.06
2025-11-22 10:00:00,13912.29,13937.75,13845.58,13848.53
2025-11-22 11:00:00,13847.58,14063.66,13779.76,14047.9
2025-11-22 12:00:00,14047.65,14067.78,13927.79,13927.9
2025-11-22 13:00:00,13928.33,13928.33,13761.66,13770.63
2025-11-22 14:00:00,13771.08,13772.91,13611.03,13651.0
2025-11-22 15:00:00,13651.21,13692.38,13600.09,13609.25
2025-11-22 16:00:00,13608.87,13671.33,13561.25,13633.84
2025-11-22 17:00:00,13634.5,13775.86,13630.69,13712.24
2025-11-22 18:00:00,13712.71,13888.77,13708.83,13884.57
2025-11-22 19:00:00,13884.48,13963.41,13840.64,13919.28
2025-11-22 20:00:00,13919.28,13941.41,13850.48,13853.96
2025-11-22 21:00:00,13854.3,13904.41,13784.32,13851.54
2025-11-22 22:00:00,13851.98,14064.72,13840.94,14013.67
2025-11-22 23:00:00,14013.69,14042.16,13956.13,13991.87
2025-11-23 00:00:00,13992.22,14057.85,13948.7,13993.78
2025-11-23 01:00:00,13993.85,13996.49,13866.94,13867.58
2025-11-23 02:00:00,13867.05,13873.62,13763.63,13764.72
2025-11-23 03:00:00,13763.91,13776.28,13717.62,13721.63
2025-11-23 04:00:00,13722.02,13780.73,13702.92,13707.09
2025-11-23 05:00:00,13706.6,13824.65,13663.68,13822.44
2025-11-23 06:00:00,13822.22,13831.11,13700.87,13707.83
2025-11-23 07:00:00,13707.48,13771.71,13691.78,13714.73
2025-11-23 08:00:00,13715.52,13891.09,13695.99,13875.85
2025-11-23 09:00:00,13875.66,14049.83,13834.77,13987.03
2025-11-23 10:00:00,13986.75,13995.07,13892.8,13894.25
2025-11-23 11:00:00,13894.55,14007.95,13793.44,13992.88
2025-11-23 12:00:00,13993.52,14043.79,13951.05,14031.95
2025-11-23 13:00:00,14031.74,14046.13,13969.78,13994.07
2025-11-23 14:00:00,13993.64,14008.19,13919.95,13920.01
2025-11-23 15:00:00,13919.57,13922.39,13818.13,13819.63
2025-11-23 16:00:00,13819.48,13827.46,13738.78,13738.89
2025-11-23 17:00:00,13739.09,13749.02,13579.31,13580.67
2025-11-23 18:00:00,13580.38,13723.65,13555.45,13641.81
2025-11-23 19:00:00,13641.41,13737.12,13624.53,13691.28
2025-11-23 20:00:00,13691.21,13882.6,13685.39,13878.85
2025-11-23 21:00:00,13879.07,13879.51,13733.4,13738.09
2025-11-23 22:00:00,13737.94,13846.7,13655.68,13840.1
2025-11-23 23:00:00,13839.8,13857.91,13775.58,13834.53
2025-11-24 00:00:00,13835.0,13835.0,13694.77,13697.79
2025-11-24 01:00:00,13697.98,13701.63,13593.96,13609.25
2025-11-24 02:00:00,13609.51,13609.71,13490.16,13501.33
2025-11-24 03:00:00,13501.02,13538.13,13435.9,13456.18
2025-11-24 04:00:00,13455.43,13654.19,13395.94,13596.45
2025-11-24 05:00:00,13596.11,13629.95,13553.47,13559.71
2025-11-24 06:00:00,13559.75,13560.28,13433.87,13435.52
2025-11-24 07:00:00,13445.35,13447.53,13292.19,13294.01
2025-11-24 08:00:00,13293.99,13340.18,13221.11,13267.01
2025-11-24 09:00:00,13266.88,13294.31,13208.0,13208.74
2025-11-24 10:00:00,13207.73,13213.87,13134.8,13148.94
2025-11-24 11:00:00,13148.47,13239.57,13111.89,13217.26
2025-11-24 12:00:00,13216.94,13219.21,13129.41,13210.91
2025-11-24 13:00:00,13210.89,13308.08,13194.33,13208.31
2025-11-24 14:00:00,13208.64,13281.76,13205.6,13243.64
2025-11-24 15:00:00,13243.05,13391.21,13214.45,13344.82
2025-11-24 16:00:00,13344.9,13348.56,13268.52,13336.46
2025-11-24 17:00:00,13336.96,13349.97,13271.02,13329.13
2025-11-24 18:00:00,13329.36,13336.11,13256.27,13286.56
2025-11-24 19:00:00,13286.72,13469.39,13285.49,13419.25
2025-11-24 20:00:00,13418.77,13452.42,13362.2,13438.78
2025-11-24 21:00:00,13438.87,13603.42,13431.74,13547.38
2025-11-24 22:00:00,13546.57,13595.74,13494.72,13581.93
2025-11-24 23:00:00,13581.87,13581.87,13471.27,13486.41
2025-11-25 00:00:00,13486.27,13489.26,13443.29,13446.49
2025-11-25 01:00:00,13446.7,13447.65,13291.02,13293.42
2025-11-25 02:00:00,13293.79,13293.99,13185.72,13187.72
2025-11-25 03:00:00,13187.16,13251.43,13143.75,13236.96
2025-11-25 04:00:00,13236.74,13256.14,13185.97,13209.52
2025-11-25 05:00:00,13209.24,13225.91,13095.77,13148.38
2025-11-25 06:00:00,13147.88,13158.26,13098.64,13138.56
2025-11-25 07:00:00,13139.36,13163.9,13044.3,13077.2
2025-11-25 08:00:00,13075.83,13075.83,12968.8,12971.46
2025-11-25 09:00:00,12971.9,12976.23,12893.74,12931.61
2025-11-25 10:00:00,12931.59,12941.08,12855.48,12874.08
2025-11-25 11:00:00,12872.82,12875.31,12781.6,12838.45
2025-11-25 12:00:00,12838.19,12937.47,12822.97,12904.13
2025-11-25 13:00:00,12903.97,13005.74,12897.49,12920.11
2025-11-25 14:00:00,12920.09,13050.83,12905.46,12951.26
2025-11-25 15:00:00,12950.64,12961.23,12855.75,12857.04
2025-11-25 16:00:00,12856.78,12900.21,12787.92,12870.25
2025-11-25 17:00:00,12870.94,12967.57,12854.01,12958.57
2025-11-25 18:00:00,12958.58,12959.57,12870.72,12927.28
2025-11-25 19:00:00,12927.16,13068.82,12925.03,13057.6
2025-11-25 20:00:00,13057.09,13068.46,12975.8,12986.87
2025-11-25 21:00:00,12986.8,12987.47,12915.24,12916.84
2025-11-25 22:00:00,12916.86,13024.08,12875.74,12876.28
2025-11-25 23:00:00,12876.28,12877.0,12769.99,12771.69
2025-11-26 00:00:00,12772.25,12789.83,12736.63,12756.91
2025-11-26 01:00:00,12756.24,12815.41,12704.85,12709.3
2025-11-26 02:00:00,12708.95,12709.74,12601.12,12632.46
2025-11-26 03:00:00,12631.81,12683.23,12600.06,12660.64
2025-11-26 04:00:00,12660.64,12676.6,12633.36,12641.9
2025-11-26 05:00:00,12641.54,12642.78,12571.75,12577.51
2025-11-26 06:00:00,12577.35,12583.51,12511.62,12576.66
2025-11-26 07:00:00,12576.25,12842.2,12513.99,12805.41
2025-11-26 08:00:00,12804.96,12805.44,12724.49,12727.76
2025-11-26 09:00:00,12727.96,12976.41,12719.73,12957.69
2025-11-26 10:00:00,12957.51,13017.32,12908.98,13001.08
2025-11-26 11:00:00,13001.41,13063.45,12968.4,13045.46
2025-11-26 12:00:00,13044.6,13228.82,13010.9,13212.32
2025-11-26 13:00:00,13211.88,13313.49,13140.85,13302.97
2025-11-26 14:00:00,13302.39,13378.54,13253.26,13292.27
2025-11-26 15:00:00,13292.37,13301.63,13136.13,13137.48
2025-11-26 16:00:00,13137.12,13210.46,13109.52,13146.27
2025-11-26 17:00:00,13146.58,13228.79,13122.62,13219.58
2025-11-26 18:00:00,13219.29,13421.4,13211.78,13320.81
2025-11-26 19:00:00,13320.75,13332.74,13263.7,13265.16
2025-11-26 20:00:00,13264.76,13372.47,13206.97,13362.03
2025-11-26 21:00:00,13362.28,13371.29,13264.03,13268.56
2025-11-26 22:00:00,13268.03,13337.95,13248.42,13308.66
2025-11-26 23:00:00,13308.54,13414.94,13304.62,13397.64
2025-11-27 00:00:00,13397.96,13399.89,13278.98,13284.36
2025-11-27 01:00:00,13284.46,13297.57,13224.93,13263.07
2025-11-27 02:00:00,13262.53,13284.51,13199.28,13199.79
2025-11-27 03:00:00,13199.94,13201.96,13089.72,13137.19
2025-11-27 04:00:00,13137.24,13166.1,13052.25,13065.64
2025-11-27 05:00:00,13065.54,13188.62,13053.26,13151.25
2025-11-27 06:00:00,13151.43,13213.53,13137.21,13137.59
2025-11-27 07:00:00,13137.3,13291.18,13133.81,13242.54
2025-11-27 08:00:00,13242.54,13243.92,13144.04,13177.39
2025-11-27 09:00:00,13177.31,13264.01,13168.76,13210.78
2025-11-27 10:00:00,13210.82,13260.1,13128.77,13252.5
2025-11-27 11:00:00,13253.45,13279.92,13199.06,13238.99
2025-11-27 12:00:00,13238.95,13277.68,13195.03,13256.24
2025-11-27 13:00:00,13255.67,13417.55,13240.53,13395.96
2025-11-27 14:00:00,13395.7,13709.72,13380.42,13650.33
2025-11-27 15:00:00,13651.31,13652.31,13511.35,13512.85
2025-11-27 16:00:00,13513.44,13572.61,13478.2,13516.38
2025-11-27 17:00:00,13516.14,13562.78,13472.23,13472.28
2025-11-27 18:00:00,13471.36,13531.71,13426.33,13521.72
2025-11-27 19:00:00,13521.02,13522.14,13403.0,13404.0
2025-11-27 20:00:00,13404.99,13517.83,13382.26,13508.75
2025-11-27 21:00:00,13509.96,13579.92,13484.67,13499.26
2025-11-27 22:00:00,13500.55,13524.89,13424.41,13519.21
2025-11-27 23:00:00,13519.43,13519.43,13399.55,13404.5
2025-11-28 00:00:00,13404.64,13695.57,13380.57,13631.42
2025-11-28 01:00:00,13631.94,13632.22,13518.54,13594.29
2025-11-28 02:00:00,13593.84,13594.17,13488.19,13488.19
2025-11-28 03:00:00,13487.98,13586.76,13435.99,13494.51
2025-11-28 04:00:00,13494.76,13496.83,13426.5,13429.83
2025-11-28 05:00:00,13429.38,13466.14,13395.44,13398.32
2025-11-28 06:00:00,13398.36,13718.11,13395.73,13636.16
2025-11-28 07:00:00,13636.67,13715.28,13617.17,13701.8
2025-11-28 08:00:00,13701.3,13702.09,13612.1,13615.83
2025-11-28 09:00:00,13616.29,13620.53,13517.88,13519.49
2025-11-28 10:00:00,13520.29,13561.03,13489.59,13493.11
2025-11-28 11:00:00,13492.25,13575.29,13453.99,13511.43
2025-11-28 12:00:00,13510.61,13552.4,13496.44,13512.03
2025-11-28 13:00:00,13512.29,13684.33,13481.09,13654.56
2025-11-28 14:00:00,13654.26,13735.54,13606.06,13721.74
2025-11-28 15:00:00,13721.71,13775.42,13676.76,13761.54
2025-11-28 16:00:00,13761.29,13766.83,13675.93,13719.0
2025-11-28 17:00:00,13718.8,13754.31,13691.49,13733.56
2025-11-28 18:00:00,13734.24,13736.31,13549.27,13553.11
2025-11-28 19:00:00,13552.12,13611.18,13511.72,13548.54
2025-11-28 20:00:00,13548.23,13598.77,13479.87,13480.6
2025-11-28 21:00:00,13480.14,13621.55,13465.96,13599.63
2025-11-28 22:00:00,13599.27,13683.9,13585.51,13597.27
2025-11-28 23:00:00,13597.12,13636.1,13531.99,13558.57
2025-11-29 00:00:00,13559.1,13600.25,13521.99,13563.98
2025-11-29 01:00:00,13563.85,13564.93,13481.84,13543.89
2025-11-29 02:00:00,13543.42,13581.31,13484.92,13506.46
2025-11-29 03:00:00,13506.07,13538.31,13481.58,13493.72
2025-11-29 04:00:00,13493.43,13515.92,13385.53,13499.62
2025-11-29 05:00:00,13499.76,13642.04,13464.96,13613.17
2025-11-29 06:00:00,13613.09,13731.04,13571.69,13711.54
2025-11-29 07:00:00,13711.52,13711.52,13624.8,13646.79
2025-11-29 08:00:00,13647.24,13673.42,13561.07,13619.21
2025-11-29 09:00:00,13619.64,13619.92,13531.98,13534.53
2025-11-29 10:00:00,13534.76,13734.2,13521.89,13721.43
2025-11-29 11:00:00,13721.95,13804.7,13709.21,13734.14
2025-11-29 12:00:00,13734.08,13743.24,13613.93,13616.01
2025-11-29 13:00:00,13615.9,13621.97,13551.26,13579.69
2025-11-29 14:00:00,13579.97,13613.77,13534.17,13602.42
2025-11-29 15:00:00,13603.14,13607.15,13472.16,13472.47
2025-11-29 16:00:00,13472.09,13473.01,13388.53,13414.54
2025-11-29 17:00:00,13414.54,13418.32,13348.89,13368.21
2025-11-29 18:00:00,13367.94,13392.26,13337.77,13356.75
2025-11-29 19:00:00,13356.94,13741.33,13325.03,13691.01
2025-11-29 20:00:00,13690.78,13692.9,13590.7,13625.3
2025-11-29 21:00:00,13624.75,13625.19,13491.58,13491.58
2025-11-29 22:00:00,13491.82,13541.05,13455.45,13464.83
2025-11-29 23:00:00,13465.15,13559.78,13451.76,13496.08
2025-11-30 00:00:00,13495.91,13496.09,13426.03,13449.62
2025-11-30 01:00:00,13449.14,13453.93,13350.58,13353.92
2025-11-30 02:00:00,13354.1,13605.91,13310.06,13556.72
2025-11-30 03:00:00,13555.78,13568.4,13486.76,13489.51
2025-11-30 04:00:00,13490.14,13490.27,13376.38,13386.36
2025-11-30 05:00:00,13386.43,13404.41,13316.84,13323.48
2025-11-30 06:00:00,13323.79,13328.84,13238.73,13243.6
2025-11-30 07:00:00,13243.59,13248.47,13148.91,13151.93
2025-11-30 08:00:00,13151.89,13176.04,13083.15,13167.1
2025-11-30 09:00:00,13167.15,13229.51,13147.26,13148.04
2025-11-30 10:00:00,13147.51,13153.79,13011.12,13018.76
2025-11-30 11:00:00,13019.13,13022.43,12873.72,12950.57
2025-11-30 12:00:00,12951.14,12951.14,12858.32,12867.73
2025-11-30 13:00:00,12867.68,12869.41,12795.36,12798.61
2025-11-30 14:00:00,12799.19,12810.38,12737.0,12761.04
2025-11-30 15:00:00,12760.11,12786.45,12689.31,12690.68
2025-11-30 16:00:00,12690.38,12753.76,12655.35,12655.7
2025-11-30 17:00:00,12655.51,12839.96,12619.78,12799.68
2025-11-30 18:00:00,12799.33,12801.67,12679.4,12679.46
2025-11-30 19:00:00,12679.14,12787.19,12669.19,12692.22
2025-11-30 20:00:00,12691.85,12776.18,12676.17,12728.57
2025-11-30 21:00:00,12728.25,12898.63,12719.19,12881.03
2025-11-30 22:00:00,12881.15,12886.19,12805.05,12838.79
2025-11-30 23:00:00,12838.74,12901.81,12788.38,12844.32
2025-12-01 00:00:00,12844.22,12848.85,12734.0,12769.69
2025-12-01 01:00:00,12769.78,12770.38,12700.88,12730.0
2025-12-01 02:00:00,12729.44,12762.61,12680.69,12683.2
2025-12-01 03:00:00,12682.74,12742.75,12669.69,12719.09
2025-12-01 04:00:00,12719.83,12749.63,12687.85,12734.12
2025-12-01 05:00:00,12734.01,13033.0,12679.45,13031.35
2025-12-01 06:00:00,13031.3,13077.24,12971.0,13018.06
2025-12-01 07:00:00,13018.33,13063.3,12963.09,13031.07
2025-12-01 08:00:00,13031.21,13091.04,13023.62,13060.36
2025-12-01 09:00:00,13059.72,13066.03,12950.9,12951.77
2025-12-01 10:00:00,12951.58,13015.78,12895.86,12965.93
2025-12-01 11:00:00,12965.37,13128.6,12962.45,13123.18
2025-12-01 12:00:00,13122.95,13206.36,13076.73,13170.96
2025-12-01 13:00:00,13170.64,13469.15,13130.21,13452.06
2025-12-01 14:00:00,13452.4,13454.7,13341.07,13372.12
2025-12-01 15:00:00,13372.12,13604.21,13350.44,13580.59
2025-12-01 16:00:00,13580.57,13689.69,13542.61,13684.21
2025-12-01 17:00:00,13683.51,13683.51,13546.2,13566.82
2025-12-01 18:00:00,13567.16,13739.92,13536.94,13710.6
2025-12-01 19:00:00,13711.44,13817.26,13678.32,13788.82
2025-12-01 20:00:00,13788.99,13810.69,13733.16,13733.16
2025-12-01 21:00:00,13732.6,13828.1,13718.08,13758.66
2025-12-01 22:00:00,13758.68,14052.7,13754.57,14043.65
2025-12-01 23:00:00,14043.81,14087.62,14000.9,14001.51
2025-12-02 00:00:00,14000.34,14037.07,13924.61,13942.65
2025-12-02 01:00:00,13943.26,14012.16,13868.34,13989.55
2025-12-02 02:00:00,13989.28,14110.41,13971.55,14077.27
2025-12-02 03:00:00,14077.72,14140.21,14061.58,14115.68
2025-12-02 04:00:00,14115.39,14117.51,14001.04,14003.4
2025-12-02 05:00:00,14003.22,14084.07,13926.36,14083.1
2025-12-02 06:00:00,14082.52,14141.0,14007.64,14009.12
2025-12-02 07:00:00,14008.57,14023.22,13963.3,13968.93
2025-12-02 08:00:00,13969.25,14010.18,13925.02,13926.86
2025-12-02 09:00:00,13926.13,13938.93,13850.75,13915.1
2025-12-02 10:00:00,13915.09,13973.88,13861.46,13898.27
2025-12-02 11:00:00,13898.36,13899.26,13815.29,13829.71
2025-12-02 12:00:00,13829.31,14025.82,13818.61,13943.56
2025-12-02 13:00:00,13943.99,13952.47,13832.25,13875.06
2025-12-02 14:00:00,13875.08,13891.69,13813.33,13838.54
2025-12-02 15:00:00,13838.02,13839.12,13756.18,13762.56
2025-12-02 16:00:00,13762.22,13769.88,13648.37,13648.58
2025-12-02 17:00:00,13648.44,13653.3,13544.67,13544.71
2025-12-02 18:00:00,13544.28,13594.57,13504.99,13543.4
2025-12-02 19:00:00,13542.97,13813.09,13529.75,13804.22
2025-12-02 20:00:00,13804.85,13824.01,13714.59,13715.61
2025-12-02 21:00:00,13716.08,13782.61,13652.08,13774.92
2025-12-02 22:00:00,13774.72,13846.69,13743.57,13815.72
2025-12-02 23:00:00,13815.17,13820.5,13689.62,13690.28
2025-12-03 00:00:00,13689.85,13732.7,13660.77,13670.11
2025-12-03 01:00:00,13670.84,13674.5,13561.0,13564.08
2025-12-03 02:00:00,13563.89,13778.74,13542.45,13743.93
2025-12-03 03:00:00,13744.21,13745.95,13634.13,13635.18
2025-12-03 04:00:00,13635.33,13658.93,13580.87,13582.83
2025-12-03 05:00:00,13583.14,13584.45,13494.06,13494.27
2025-12-03 06:00:00,13494.33,13511.42,13427.51,13447.66
2025-12-03 07:00:00,13446.98,13454.33,13361.21,13367.43
2025-12-03 08:00:00,13366.73,13570.96,13366.15,13519.41
2025-12-03 09:00:00,13520.66,13545.23,13456.54,13465.36
2025-12-03 10:00:00,13465.26,13581.5,13465.19,13508.01
2025-12-03 11:00:00,13508.03,13563.53,13487.3,13551.55
2025-12-03 12:00:00,13551.46,13574.18,13439.16,13442.0
2025-12-03 13:00:00,13441.32,13462.87,13349.38,13351.25
2025-12-03 14:00:00,13350.88,13442.71,13331.43,13438.47
2025-12-03 15:00:00,13438.79,13510.84,13430.85,13432.06
2025-12-03 16:00:00,13432.23,13446.1,13309.04,13311.3
2025-12-03 17:00:00,13311.25,13360.52,13270.19,13302.73
2025-12-03 18:00:00,13302.95,13472.26,13238.92,13455.77
2025-12-03 19:00:00,13455.46,13516.66,13401.11,13439.69
2025-12-03 20:00:00,13439.55,13511.17,13369.46,13498.96
2025-12-03 21:00:00,13499.67,13679.31,13449.94,13675.26
2025-12-03 22:00:00,13674.8,13811.77,13670.52,13758.62
2025-12-03 23:00:00,13758.87,13763.19,13694.65,13711.91
2025-12-04 00:00:00,13711.73,14119.86,13708.25,14110.42
2025-12-04 01:00:00,14110.03,14135.65,14018.59,14026.27
2025-12-04 02:00:00,14025.76,14025.76,13908.63,13912.23
2025-12-04 03:00:00,13912.6,13919.4,13863.33,13881.93
2025-12-04 04:00:00,13881.82,13910.67,13818.35,13822.83
2025-12-04 05:00:00,13823.5,13825.66,13750.21,13751.63
2025-12-04 06:00:00,13751.95,13770.94,13621.34,13657.29
2025-12-04 07:00:00,13656.96,13765.75,13633.45,13741.1
2025-12-04 08:00:00,13740.65,13740.65,13595.08,13597.57
2025-12-04 09:00:00,13597.54,13647.99,13559.69,13621.99
2025-12-04 10:00:00,13622.13,13712.55,13593.82,13674.82
2025-12-04 11:00:00,13675.01,13676.52,13584.86,13634.39
2025-12-04 12:00:00,13634.14,13686.66,13568.98,13577.68
2025-12-04 13:00:00,13577.07,13586.46,13447.58,13461.97
2025-12-04 14:00:00,13461.94,13462.13,13343.2,13348.18
2025-12-04 15:00:00,13348.32,13429.08,13323.04,13391.88
2025-12-04 16:00:00,13392.15,13464.69,13347.1,13443.9
2025-12-04 17:00:00,13444.11,13556.06,13439.18,13525.65
2025-12-04 18:00:00,13525.36,13530.76,13418.18,13480.69
2025-12-04 19:00:00,13481.15,13493.09,13361.48,13361.74
2025-12-04 20:00:00,13361.13,13394.6,13317.51,13325.41
2025-12-04 21:00:00,13326.11,13326.28,13231.09,13276.36
2025-12-04 22:00:00,13276.09,13278.32,13207.6,13218.09
2025-12-04 23:00:00,13218.26,13254.51,13196.6,13226.98
2025-12-05 00:00:00,13227.32,13228.1,13110.06,13110.19
2025-12-05 01:00:00,13110.27,13154.33,13028.97,13032.78
2025-12-05 02:00:00,13031.99,13048.56,12944.41,13028.36
2025-12-05 03:00:00,13028.16,13092.44,12982.22,13078.69
2025-12-05 04:00:00,13078.64,13097.66,13026.31,13027.46
2025-12-05 05:00:00,13027.97,13217.35,13022.56,13208.41
2025-12-05 06:00:00,13209.0,13249.51,13146.25,13231.4
2025-12-05 07:00:00,13231.96,13324.57,13215.28,13290.4
2025-12-05 08:00:00,13290.26,13319.2,13240.45,13240.45
2025-12-05 09:00:00,13240.5,13351.82,13239.25,13340.1
2025-12-05 10:00:00,13338.73,13340.62,13267.92,13273.57
2025-12-05 11:00:00,13274.06,13424.97,13257.81,13424.97
2025-12-05 12:00:00,13492.76,13493.75,13425.34,13441.13
2025-12-05 13:00:00,13441.25,13492.99,13412.93,13472.65
2025-12-05 14:00:00,13472.19,13567.95,13441.9,13481.28
2025-12-05 15:00:00,13481.18,13481.36,13386.55,13392.09
2025-12-05 16:00:00,13392.46,13438.38,13353.42,13435.35
2025-12-05 17:00:00,13435.9,13497.27,13367.59,13422.72
2025-12-05 18:00:00,13422.37,13630.87,13404.8,13574.5
2025-12-05 19:00:00,13574.44,13736.78,13535.55,13723.85
2025-12-05 20:00:00,13724.1,13897.43,13682.25,13894.47
2025-12-05 21:00:00,13894.86,13916.47,13819.42,13904.15
2025-12-05 22:00:00,13903.74,13954.81,13835.87,13922.39
2025-12-05 23:00:00,13921.75,13935.53,13886.51,13901.91
2025-12-06 00:00:00,13901.21,13901.21,13762.41,13763.37
2025-12-06 01:00:00,13762.77,13809.18,13738.46,13806.97
2025-12-06 02:00:00,13806.74,13847.72,13731.63,13732.87
2025-12-06 03:00:00,13733.34,13733.84,13649.01,13669.28
2025-12-06 04:00:00,13668.84,13672.4,13594.46,13612.53
2025-12-06 05:00:00,13612.61,13612.61,13545.82,13551.42
2025-12-06 06:00:00,13551.64,13673.62,13540.74,13618.8
2025-12-06 07:00:00,13618.74,13738.2,13604.25,13696.18
2025-12-06 08:00:00,13695.67,13707.62,13660.13,13660.83
2025-12-06 09:00:00,13660.99,13688.32,13626.78,13668.77
2025-12-06 10:00:00,13668.99,13945.62,13655.83,13903.13
2025-12-06 11:00:00,13903.7,13917.37,13796.82,13797.96
2025-12-06 12:00:00,13797.33,13828.34,13753.31,13791.68
2025-12-06 13:00:00,13792.16,13792.16,13664.76,13664.93
2025-12-06 14:00:00,13665.95,13666.48,13529.38,13530.92
2025-12-06 15:00:00,13530.99,13582.18,13506.62,13527.72
2025-12-06 16:00:00,13527.21,13567.12,13467.54,13527.24
2025-12-06 17:00:00,13527.47,13603.61,13459.89,13466.02
2025-12-06 18:00:00,13466.84,13573.35,13466.48,13482.05
2025-12-06 19:00:00,13481.27,13481.27,13390.16,13417.34
2025-12-06 20:00:00,13417.78,13512.97,13400.12,13495.94
2025-12-06 21:00:00,13495.78,13498.56,13352.11,13352.11
2025-12-06 22:00:00,13351.44,13353.59,13221.79,13224.96
2025-12-06 23:00:00,13224.7,13245.16,13143.0,13212.73
2025-12-07 00:00:00,13213.39,13393.34,13210.38,13388.2
2025-12-07 01:00:00,13388.02,13425.39,13382.1,13390.32
2025-12-07 02:00:00,13390.69,13395.7,13227.56,13236.78
2025-12-07 03:00:00,13237.3,13247.68,13193.07,13197.79
2025-12-07 04:00:00,13197.53,13197.53,13112.53,13121.32
2025-12-07 05:00:00,13121.21,13122.16,13053.8,13081.09
2025-12-07 06:00:00,13080.61,13090.99,13020.27,13052.63
2025-12-07 07:00:00,13053.19,13187.39,13053.16,13156.3
2025-12-07 08:00:00,13155.78,13253.6,13113.99,13187.47
2025-12-07 09:00:00,13187.52,13294.07,13165.48,13285.67
2025-12-07 10:00:00,13286.54,13308.52,13249.67,13274.37
2025-12-07 11:00:00,13273.93,13461.38,13248.46,13457.22
2025-12-07 12:00:00,13456.74,13457.91,13389.72,13411.03
2025-12-07 13:00:00,13411.35,13421.81,13374.16,13399.25
2025-12-07 14:00:00,13399.7,13477.77,13340.74,13469.9
2025-12-07 15:00:00,13469.85,13470.74,13375.86,13377.69
2025-12-07 16:00:00,13377.63,13378.07,13253.91,13258.73
2025-12-07 17:00:00,13258.4,13285.26,13207.06,13251.33
2025-12-07 18:00:00,13251.35,13253.67,13171.75,13172.32
2025-12-07 19:00:00,13171.95,13171.95,13044.89,13045.66
2025-12-07 20:00:00,13046.85,13115.24,12995.99,13102.66
2025-12-07 21:00:00,13102.68,13217.69,13073.88,13131.77
2025-12-07 22:00:00,13130.87,13214.68,13114.41,13168.86
2025-12-07 23:00:00,13168.79,13321.11,13166.98,13271.1
2025-12-08 00:00:00,13271.59,13294.97,13212.87,13261.11
2025-12-08 01:00:00,13260.72,13262.74,13159.36,13161.31
2025-12-08 02:00:00,13161.64,13306.61,13142.32,13271.08
2025-12-08 03:00:00,13270.4,13360.92,13229.6,13347.12
2025-12-08 04:00:00,13347.09,13382.5,13305.92,13364.55
2025-12-08 05:00:00,13364.59,13370.94,13306.35,13322.16
2025-12-08 06:00:00,13321.8,13447.64,13303.79,13373.79
2025-12-08 07:00:00,13373.69,13407.56,13322.88,13328.86
2025-12-08 08:00:00,13329.0,13408.46,13324.23,13335.24
2025-12-08 09:00:00,13335.56,13337.27,13208.74,13210.66
2025-12-08 10:00:00,13211.29,13211.29,13104.58,13111.78
2025-12-08 11:00:00,13110.17,13114.01,13004.42,13065.53
2025-12-08 12:00:00,13065.14,13093.02,12993.1,13061.11
2025-12-08 13:00:00,13060.57,13104.59,13051.13,13082.51
2025-12-08 14:00:00,13082.31,13167.58,13073.33,13124.93
2025-12-08 15:00:00,13124.41,13237.72,13071.96,13216.56
2025-12-08 16:00:00,13216.41,13240.94,13148.85,13201.41
2025-12-08 17:00:00,13202.03,13226.19,13112.14,13136.11
2025-12-08 18:00:00,13135.88,13140.36,13043.01,13046.54
2025-12-08 19:00:00,13046.36,13201.75,13040.19,13126.04
2025-12-08 20:00:00,13126.77,13140.03,13027.25,13033.42
2025-12-08 21:00:00,13033.2,13033.92,12967.81,12970.18
2025-12-08 22:00:00,12969.8,12973.93,12878.17,12878.76
2025-12-08 23:00:00,12878.8,13039.42,12852.17,13030.15
2025-12-09 00:00:00,13029.74,13031.78,12917.66,12918.5
2025-12-09 01:00:00,12919.06,13002.31,12889.83,12991.64
2025-12-09 02:00:00,12991.84,13211.87,12941.75,13181.83
2025-12-09 03:00:00,13181.49,13181.82,13046.94,13049.73
2025-12-09 04:00:00,13049.15,13057.88,12973.03,12980.36
2025-12-09 05:00:00,12980.51,12995.15,12909.68,12987.0
2025-12-09 06:00:00,12987.2,13023.23,12932.6,12988.56
2025-12-09 07:00:00,12988.68,13012.69,12900.58,12914.36
2025-12-09 08:00:00,12914.82,12935.25,12883.05,12931.21
2025-12-09 09:00:00,12931.64,12939.84,12893.44,12895.43
2025-12-09 10:00:00,12896.21,12985.5,12880.76,12950.23
2025-12-09 11:00:00,12949.96,12977.4,12837.0,12858.5
2025-12-09 12:00:00,12857.88,13047.21,12821.1,12994.14
2025-12-09 13:00:00,12994.04,12994.98,12870.43,12879.65
2025-12-09 14:00:00,12879.96,12976.42,12865.18,12963.85
2025-12-09 15:00:00,12963.29,13018.11,12949.1,12984.9
2025-12-09 16:00:00,12985.01,13045.29,12969.19,13041.41
2025-12-09 17:00:00,13041.14,13092.4,13017.32,13048.38
2025-12-09 18:00:00,13047.43,13087.31,12953.93,12962.7
2025-12-09 19:00:00,12963.89,12996.33,12919.75,12935.4
2025-12-09 20:00:00,12936.5,12943.28,12897.19,12910.39
2025-12-09 21:00:00,12910.5,12946.92,12858.84,12929.08
2025-12-09 22:00:00,12928.31,12932.33,12860.36,12876.89
2025-12-09 23:00:00,12877.16,12895.1,12835.85,12879.83
2025-12-10 00:00:00,12880.92,12883.02,12730.41,12731.08
2025-12-10 01:00:00,12730.85,12747.32,12699.29,12710.45
2025-12-10 02:00:00,12710.62,12859.68,12651.68,12858.04
2025-12-10 03:00:00,12858.37,12872.2,12802.93,12828.42
2025-12-10 04:00:00,12828.87,12876.95,12803.12,12826.69
2025-12-10 05:00:00,12826.9,12860.84,12797.11,12815.97
2025-12-10 06:00:00,12815.75,12875.08,12777.02,12841.0
2025-12-10 07:00:00,12840.8,12842.12,12713.78,12713.87
2025-12-10 08:00:00,12713.83,12724.03,12651.62,12684.09
2025-12-10 09:00:00,12684.55,12865.81,12684.55,12818.79
2025-12-10 10:00:00,12818.79,12914.35,12781.43,12875.63
2025-12-10 11:00:00,12875.6,12880.95,12813.03,12833.68
2025-12-10 12:00:00,12833.08,12835.66,12752.15,12800.29
2025-12-10 13:00:00,12800.35,12800.35,12710.09,12710.75
2025-12-10 14:00:00,12710.14,12802.35,12686.45,12691.1
2025-12-10 15:00:00,12691.6,12751.94,12680.84,12707.99
2025-12-10 16:00:00,12708.22,12709.28,12638.91,12641.89
2025-12-10 17:00:00,12641.47,12647.32,12558.04,12564.08
2025-12-10 18:00:00,12563.39,12704.46,12562.24,12638.66
2025-12-10 19:00:00,12639.02,12755.2,12616.67,12749.38
2025-12-10 20:00:00,12749.04,12799.52,12718.85,12750.42
2025-12-10 21:00:00,12750.15,12755.36,12664.06,12667.52
2025-12-10 22:00:00,12667.25,12668.82,12571.11,12571.37
2025-12-10 23:00:00,12571.16,12581.47,12453.32,12491.95
2025-12-11 00:00:00,12491.6,12529.58,12365.89,12367.07
2025-12-11 01:00:00,12367.46,12546.19,12351.49,12521.86
2025-12-11 02:00:00,12521.77,12644.02,12443.03,12610.39
2025-12-11 03:00:00,12610.59,12655.6,12584.95,12625.31
2025-12-11 04:00:00,12625.22,12625.22,12486.91,12488.2
2025-12-11 05:00:00,12488.18,12570.15,12425.87,12556.68
2025-12-11 06:00:00,12556.58,12577.19,12493.61,12494.35
2025-12-11 07:00:00,12493.91,12493.91,12375.81,12377.15
2025-12-11 08:00:00,12377.32,12378.63,12300.19,12350.14
2025-12-11 09:00:00,12350.53,12443.97,12346.66,12408.64
2025-12-11 10:00:00,12409.24,12508.57,12391.56,12481.25
2025-12-11 11:00:00,12480.94,12486.93,12388.58,12485.5
2025-12-11 12:00:00,12485.85,12498.0,12408.31,12469.48
2025-12-11 13:00:00,12468.63,12544.48,12436.9,12533.27
2025-12-11 14:00:00,12533.16,12535.75,12433.51,12434.26
2025-12-11 15:00:00,12433.97,12496.21,12419.28,12477.68
2025-12-11 16:00:00,12477.67,12494.26,12419.67,12479.13
2025-12-11 17:00:00,12479.4,12719.96,12446.1,12695.52
2025-12-11 18:00:00,12695.68,12755.29,12624.54,12626.0
2025-12-11 19:00:00,12625.65,12640.07,12529.89,12629.1
2025-12-11 20:00:00,12629.03,12679.96,12585.79,12587.16
2025-12-11 21:00:00,12587.08,12587.22,12500.66,12537.45
2025-12-11 22:00:00,12537.68,12586.85,12505.85,12508.87
2025-12-11 23:00:00,12508.04,12517.13,12429.0,12430.16
2025-12-12 00:00:00,12430.69,12452.6,12372.27,12396.63
2025-12-12 01:00:00,12395.79,12423.93,12349.74,12352.13
2025-12-12 02:00:00,12351.33,12466.11,12312.58,12433.4
2025-12-12 03:00:00,12433.4,12448.74,12339.12,12339.12
2025-12-12 04:00:00,12338.89,12370.81,12300.46,12326.01
2025-12-12 05:00:00,12325.71,12330.72,12197.06,12197.3
2025-12-12 06:00:00,12197.56,12234.31,12154.78,12188.03
2025-12-12 07:00:00,12188.14,12189.55,12097.31,12166.94
2025-12-12 08:00:00,12166.88,12257.27,12075.69,12257.17
2025-12-12 09:00:00,12257.1,12258.3,12181.73,12218.4
2025-12-12 10:00:00,12217.76,12344.79,12198.81,12318.7
2025-12-12 11:00:00,12318.65,12357.26,12290.61,12294.16
2025-12-12 12:00:00,12293.2,12300.4,12240.27,12248.66
2025-12-12 13:00:00,12249.56,12251.44,12180.07,12187.14
2025-12-12 14:00:00,12186.63,12229.3,12156.7,12212.36
2025-12-12 15:00:00,12212.49,12237.78,12175.29,12198.58
2025-12-12 16:00:00,12199.22,12280.54,12139.54,12249.52
2025-12-12 17:00:00,12249.15,12349.94,12242.42,12326.91
2025-12-12 18:00:00,12327.46,12336.04,12267.09,12309.54
2025-12-12 19:00:00,12310.21,12332.14,12284.38,12302.94
2025-12-12 20:00:00,12302.84,12310.1,12199.12,12213.87
2025-12-12 21:00:00,12213.9,12225.9,12122.56,12122.89
2025-12-12 22:00:00,12122.04,12128.15,12048.51,12051.46
2025-12-12 23:00:00,12052.59,12110.2,12029.33,12033.44
2025-12-13 00:00:00,12032.59,12116.08,12031.83,12040.52
2025-12-13 01:00:00,12040.54,12088.25,12013.32,12041.54
2025-12-13 02:00:00,12042.41,12046.93,11965.78,11973.67
2025-12-13 03:00:00,11973.41,12098.39,11971.69,12096.96
2025-12-13 04:00:00,12096.66,12097.2,12030.58,12049.16
2025-12-13 05:00:00,12049.47,12049.96,11943.32,11989.94
2025-12-13 06:00:00,11990.12,11991.77,11912.21,11913.36
2025-12-13 07:00:00,11913.19,11922.22,11829.78,11902.23
2025-12-13 08:00:00,11902.56,12131.96,11901.11,12042.33
2025-12-13 09:00:00,12041.24,12043.72,11923.36,11927.2
2025-12-13 10:00:00,11927.39,11987.7,11886.19,11887.36
2025-12-13 11:00:00,11887.62,11921.6,11844.65,11848.5
2025-12-13 12:00:00,11847.89,11852.19,11738.82,11739.33
2025-12-13 13:00:00,11739.47,11741.36,11627.9,11710.68
2025-12-13 14:00:00,11709.88,11711.25,11592.98,11593.52
2025-12-13 15:00:00,11593.69,11596.18,11535.82,11537.82
2025-12-13 16:00:00,11537.8,11565.57,11454.54,11545.05
2025-12-13 17:00:00,11545.42,11654.56,11527.8,11647.65
2025-12-13 18:00:00,11646.94,11654.67,11584.82,11615.64
2025-12-13 19:00:00,11615.31,11653.28,11593.23,11643.96
2025-12-13 20:00:00,11644.17,11666.47,11601.75,11655.66
2025-12-13 21:00:00,11655.86,11697.4,11610.97,11683.59
2025-12-13 22:00:00,11682.93,11764.28,11680.46,11751.37
2025-12-13 23:00:00,11751.26,11751.85,11686.66,11708.32
2025-12-14 00:00:00,11708.16,11804.4,11661.35,11776.17
2025-12-14 01:00:00,11776.93,11881.47,11754.87,11843.3
2025-12-14 02:00:00,11842.95,11855.42,11793.73,11835.38
2025-12-14 03:00:00,11835.02,11982.32,11823.73,11970.27
2025-12-14 04:00:00,11970.19,11997.45,11904.71,11909.62
2025-12-14 05:00:00,11909.62,11992.0,11903.38,11966.92
2025-12-14 06:00:00,11967.72,12110.85,11943.9,12081.17
2025-12-14 07:00:00,12081.02,12278.87,12048.86,12260.5
2025-12-14 08:00:00,12260.99,12359.71,12244.21,12325.67
2025-12-14 09:00:00,12325.31,12528.93,12312.72,12500.41
2025-12-14 10:00:00,12500.64,12692.83,12476.4,12687.06
2025-12-14 11:00:00,12687.07,12777.09,12686.06,12724.73
2025-12-14 12:00:00,12724.96,12805.06,12704.87,12707.06
2025-12-14 13:00:00,12707.26,12724.42,12589.57,12592.61
2025-12-14 14:00:00,12593.11,12618.39,12528.17,12565.53
2025-12-14 15:00:00,12565.31,12748.42,12564.02,12722.94
2025-12-14 16:00:00,12722.72,12799.51,12694.19,12719.47
2025-12-14 17:00:00,12719.23,12859.0,12674.7,12854.45
2025-12-14 18:00:00,12854.62,12985.89,12846.72,12971.84
2025-12-14 19:00:00,12972.19,12974.48,12887.57,12911.37
2025-12-14 20:00:00,12911.25,12977.43,12890.39,12934.19
2025-12-14 21:00:00,12934.17,12935.35,12863.84,12918.66
2025-12-14 22:00:00,12918.54,12920.34,12851.83,12866.45
2025-12-14 23:00:00,12866.23,12977.33,12807.25,12932.25
2025-12-15 00:00:00,12931.72,13016.38,12878.41,12969.71
2025-12-15 01:00:00,12969.91,13009.56,12894.72,12980.98
2025-12-15 02:00:00,12980.93,13121.19,12947.57,13120.25
2025-12-15 03:00:00,13120.13,13125.56,12996.09,12997.67
2025-12-15 04:00:00,12997.06,13023.56,12953.66,12966.0
2025-12-15 05:00:00,12965.8,13236.93,12959.39,13173.9
2025-12-15 06:00:00,13173.64,13299.34,13171.87,13215.9
2025-12-15 07:00:00,13216.96,13532.32,13212.51,13525.49
2025-12-15 08:00:00,13526.12,13529.87,13369.29,13425.69
2025-12-15 09:00:00,13425.83,13485.95,13381.17,13447.61
2025-12-15 10:00:00,13447.74,13447.94,13346.87,13359.23
2025-12-15 11:00:00,13359.52,13359.52,13240.37,13245.11
2025-12-15 12:00:00,13244.88,13296.96,13231.51,13241.71
2025-12-15 13:00:00,13241.61,13244.2,13118.47,13197.66
2025-12-15 14:00:00,13198.33,13352.87,13173.17,13332.72
2025-12-15 15:00:00,13332.46,13377.37,13316.33,13316.78
2025-12-15 16:00:00,13317.01,13317.25,13165.12,13165.12
2025-12-15 17:00:00,13164.69,13276.44,13153.18,13167.56
2025-12-15 18:00:00,13167.76,13208.98,13110.49,13186.3
2025-12-15 19:00:00,13186.16,13186.78,13072.66,13134.81
2025-12-15 20:00:00,13134.89,13135.47,13044.03,13080.0
2025-12-15 21:00:00,13081.06,13174.62,13053.28,13125.19
2025-12-15 22:00:00,13125.46,13134.51,13000.27,13043.98
2025-12-15 23:00:00,13043.77,13046.77,12979.23,13002.46
2025-12-16 00:00:00,13002.42,13007.31,12943.98,12953.04
2025-12-16 01:00:00,12953.78,13036.53,12948.92,13027.71
2025-12-16 02:00:00,13027.82,13079.92,12985.1,13071.02
2025-12-16 03:00:00,13070.92,13124.97,13026.48,13048.88
2025-12-16 04:00:00,13049.38,13175.15,13008.63,13166.36
2025-12-16 05:00:00,13166.9,13401.21,13141.95,13366.39
2025-12-16 06:00:00,13367.81,13388.58,13347.38,13379.04
2025-12-16 07:00:00,13378.81,13472.63,13373.53,13408.42
2025-12-16 08:00:00,13408.35,13409.12,13358.08,13365.69
2025-12-16 09:00:00,13365.97,13480.04,13360.01,13370.97
2025-12-16 10:00:00,13371.22,13393.0,13323.64,13354.77
2025-12-16 11:00:00,13355.55,13462.28,13341.03,13417.42
2025-12-16 12:00:00,13417.78,13426.5,13385.43,13419.09
2025-12-16 13:00:00,13419.14,13427.07,13312.74,13312.96
2025-12-16 14:00:00,13312.9,13336.8,13225.88,13230.81
2025-12-16 15:00:00,13231.78,13369.76,13209.58,13278.89
2025-12-16 16:00:00,13278.73,13452.06,13263.57,13421.58
2025-12-16 17:00:00,13421.19,13431.06,13393.9,13411.74
2025-12-16 18:00:00,13411.94,13414.1,13313.55,13317.81
2025-12-16 19:00:00,13317.49,13448.8,13313.81,13403.93
2025-12-16 20:00:00,13404.06,13461.6,13341.12,13458.34
2025-12-16 21:00:00,13457.91,13841.34,13431.5,13827.25
2025-12-16 22:00:00,13828.13,13905.91,13815.44,13830.08
2025-12-16 23:00:00,13830.08,13894.96,13830.0,13849.08
2025-12-17 00:00:00,13849.1,13991.73,13826.18,13955.21
2025-12-17 01:00:00,13954.77,13955.68,13821.15,13836.62
2025-12-17 02:00:00,13836.32,13849.75,13767.71,13770.0
2025-12-17 03:00:00,13770.23,13782.4,13750.45,13759.25
2025-12-17 04:00:00,13759.86,13834.18,13736.43,13768.25
2025-12-17 05:00:00,13768.38,13885.6,13701.23,13865.32
2025-12-17 06:00:00,13865.18,13865.59,13690.53,13690.53
2025-12-17 07:00:00,13691.05,13747.67,13652.59,13709.13
2025-12-17 08:00:00,13710.01,13710.36,13558.09,13560.26
2025-12-17 09:00:00,13560.42,13573.05,13464.94,13560.35
2025-12-17 10:00:00,13560.18,13618.03,13501.9,13608.36
2025-12-17 11:00:00,13608.37,13892.9,13592.36,13856.9
2025-12-17 12:00:00,13857.51,13860.72,13742.82,13817.41
2025-12-17 13:00:00,13818.34,13988.95,13806.89,13984.75
2025-12-17 14:00:00,13984.28,14077.04,13948.17,14047.06
2025-12-17 15:00:00,14048.22,14158.45,14021.95,14024.31
2025-12-17 16:00:00,14023.65,14085.96,13958.49,14066.68
2025-12-17 17:00:00,14066.31,14069.44,13933.36,13938.79
2025-12-17 18:00:00,13939.39,13939.53,13857.5,13929.02
2025-12-17 19:00:00,13929.27,14130.08,13868.07,14117.5
2025-12-17 20:00:00,14117.11,14121.38,13992.04,13996.47
2025-12-17 21:00:00,13997.06,14019.46,13906.66,13931.86
2025-12-17 22:00:00,13932.4,14015.8,13900.68,13942.65
2025-12-17 23:00:00,13942.25,13969.92,13884.0,13942.39
2025-12-18 00:00:00,13941.48,13990.2,13916.05,13932.0
2025-12-18 01:00:00,13931.53,14125.99,13917.95,14035.16
2025-12-18 02:00:00,14034.83,14065.15,13989.89,13994.32
2025-12-18 03:00:00,13993.98,14033.53,13932.6,13940.71
2025-12-18 04:00:00,13939.99,14027.66,13926.72,13982.25
2025-12-18 05:00:00,13981.68,14007.12,13928.08,14003.61
2025-12-18 06:00:00,14003.26,14016.65,13914.23,13982.3
2025-12-18 07:00:00,13982.75,13985.03,13885.81,13887.56
2025-12-18 08:00:00,13887.69,13927.13,13768.97,13769.08
2025-12-18 09:00:00,13769.55,13871.65,13739.04,13838.5
2025-12-18 10:00:00,13838.9,13866.94,13803.31,13833.01
2025-12-18 11:00:00,13832.5,13904.06,13792.63,13820.88
2025-12-18 12:00:00,13821.12,13822.89,13647.97,13647.97
2025-12-18 13:00:00,13648.55,13662.75,13579.11,13610.73
2025-12-18 14:00:00,13611.3,13659.96,13560.45,13636.66
2025-12-18 15:00:00,13636.39,13638.26,13530.55,13530.84
2025-12-18 16:00:00,13531.73,13561.92,13444.71,13450.33
2025-12-18 17:00:00,13450.37,13556.69,13428.81,13543.35
2025-12-18 18:00:00,13544.31,13598.81,13506.1,13593.04
2025-12-18 19:00:00,13592.15,13676.73,13574.46,13653.91
2025-12-18 20:00:00,13653.32,13656.13,13596.21,13598.84
2025-12-18 21:00:00,13599.42,13618.28,13495.73,13551.22
2025-12-18 22:00:00,13550.75,13576.36,13518.55,13534.0
2025-12-18 23:00:00,13534.02,13658.27,13514.75,13646.4
2025-12-19 00:00:00,13646.0,13650.71,13559.24,13608.49
2025-12-19 01:00:00,13608.41,13609.98,13457.07,13462.31
2025-12-19 02:00:00,13461.59,13473.38,13413.57,13440.31
2025-12-19 03:00:00,13440.83,13448.86,13289.62,13292.99
2025-12-19 04:00:00,13293.35,13294.5,13186.72,13190.21
2025-12-19 05:00:00,13190.67,13263.94,13166.11,13211.35
2025-12-19 06:00:00,13210.7,13315.36,13170.34,13259.31
2025-12-19 07:00:00,13259.22,13261.4,13128.48,13180.44
2025-12-19 08:00:00,13179.96,13208.88,13048.46,13048.89
2025-12-19 09:00:00,13049.31,13121.37,13008.03,13095.22
2025-12-19 10:00:00,13095.3,13096.66,12986.04,13001.64
2025-12-19 11:00:00,13001.32,13005.08,12899.29,12937.09
2025-12-19 12:00:00,12937.41,13028.79,12920.67,12991.25
2025-12-19 13:00:00,12990.89,13003.2,12922.66,13002.78
2025-12-19 14:00:00,13001.51,13085.3,12991.68,13042.24
2025-12-19 15:00:00,13042.03,13127.76,13006.98,13102.77
2025-12-19 16:00:00,13103.16,13134.0,13050.93,13057.99
2025-12-19 17:00:00,13058.03,13058.69,12943.43,12943.7
2025-12-19 18:00:00,12943.24,13029.3,12911.6,12969.01
2025-12-19 19:00:00,12969.34,12973.98,12885.46,12885.46
2025-12-19 20:00:00,12885.29,13070.41,12878.56,13068.51
2025-12-19 21:00:00,13068.88,13192.13,13065.42,13185.44
2025-12-19 22:00:00,13185.39,13186.66,13078.62,13080.88
2025-12-19 23:00:00,13080.53,13132.33,13045.2,13122.79
2025-12-20 00:00:00,13122.94,13173.49,13116.25,13116.25
2025-12-20 01:00:00,13116.18,13149.04,13045.16,13109.52
2025-12-20 02:00:00,13109.41,13109.41,13006.36,13006.36
2025-12-20 03:00:00,13006.63,13201.41,12972.96,13118.05
2025-12-20 04:00:00,13117.97,13134.81,13044.04,13045.69
2025-12-20 05:00:00,13045.58,13148.6,13031.68,13108.78
2025-12-20 06:00:00,13108.18,13154.28,13079.81,13081.42
2025-12-20 07:00:00,13081.56,13088.02,13017.19,13021.97
2025-12-20 08:00:00,13021.77,13024.66,12896.91,12904.93
2025-12-20 09:00:00,12904.72,12906.72,12820.23,12823.81
2025-12-20 10:00:00,12824.14,12916.39,12812.91,12883.41
2025-12-20 11:00:00,12883.32,12883.66,12755.61,12757.24
2025-12-20 12:00:00,12756.76,12808.1,12714.96,12803.68
2025-12-20 13:00:00,12803.66,13074.34,12757.82,13017.14
2025-12-20 14:00:00,13016.4,13030.84,12954.72,12980.29
2025-12-20 15:00:00,12980.38,13066.83,12972.84,13002.41
2025-12-20 16:00:00,13002.86,13045.46,12958.98,13034.74
2025-12-20 17:00:00,13034.37,13040.39,12902.74,12902.74
2025-12-20 18:00:00,12902.76,13051.31,12890.52,13016.82
2025-12-20 19:00:00,13016.86,13056.87,12923.96,13056.77
2025-12-20 20:00:00,13056.88,13084.11,12980.04,13024.72
2025-12-20 21:00:00,13024.73,13077.67,12982.21,13016.84
2025-12-20 22:00:00,13016.56,13016.86,12928.17,12938.95
2025-12-20 23:00:00,12938.84,12966.06,12898.21,12928.2
2025-12-21 00:00:00,12927.85,12928.69,12834.05,12839.18
2025-12-21 01:00:00,12839.13,12839.64,12731.32,12740.44
2025-12-21 02:00:00,12740.13,12906.53,12705.09,12880.39
2025-12-21 03:00:00,12880.36,12964.07,12865.51,12919.96
2025-12-21 04:00:00,12920.03,12980.53,12889.77,12962.96
2025-12-21 05:00:00,12963.04,13039.98,12934.72,12996.25
2025-12-21 06:00:00,12995.76,13024.78,12943.8,13010.97
2025-12-21 07:00:00,13010.89,13098.68,12972.69,13097.86
2025-12-21 08:00:00,13098.6,13133.42,13032.53,13067.52
2025-12-21 09:00:00,13067.25,13088.39,13020.47,13033.2
2025-12-21 10:00:00,13031.83,13148.77,12991.62,13127.03
2025-12-21 11:00:00,13126.35,13345.2,13106.42,13295.42
2025-12-21 12:00:00,13294.6,13307.84,13214.32,13248.37
2025-12-21 13:00:00,13248.37,13249.62,13143.38,13172.31
2025-12-21 14:00:00,13172.24,13216.13,13127.32,13203.84
2025-12-21 15:00:00,13203.25,13238.92,13159.98,13161.89
2025-12-21 16:00:00,13162.59,13162.59,13072.41,13117.08
2025-12-21 17:00:00,13116.99,13235.75,13115.77,13190.91
2025-12-21 18:00:00,13190.53,13304.97,13181.29,13260.39
2025-12-21 19:00:00,13259.45,13346.51,13186.99,13341.41
2025-12-21 20:00:00,13341.41,13401.13,13308.16,13396.66
2025-12-21 21:00:00,13396.39,13400.34,13255.36,13255.84
2025-12-21 22:00:00,13255.87,13366.77,13223.75,13353.78
2025-12-21 23:00:00,13354.06,13431.27,13332.88,13346.66
2025-12-22 00:00:00,13346.84,13383.82,13313.06,13314.51
2025-12-22 01:00:00,13314.18,13334.77,13247.29,13248.65
2025-12-22 02:00:00,13248.25,13248.82,13143.02,13146.6
2025-12-22 03:00:00,13147.07,13156.07,13038.42,13117.37
2025-12-22 04:00:00,13117.58,13118.02,13034.69,13048.96
2025-12-22 05:00:00,13049.23,13081.37,13007.31,13076.58
2025-12-22 06:00:00,13076.31,13171.76,13015.79,13016.6
2025-12-22 07:00:00,13016.63,13017.57,12917.31,12923.25
2025-12-22 08:00:00,12923.2,12999.06,12900.41,12929.06
2025-12-22 09:00:00,12928.35,13016.04,12915.58,13003.36
2025-12-22 10:00:00,13004.0,13101.82,13002.98,13045.74
2025-12-22 11:00:00,13045.48,13217.37,13023.9,13197.63
2025-12-22 12:00:00,13198.22,13323.57,13137.18,13298.51
2025-12-22 13:00:00,13298.53,13371.09,13230.35,13351.37
2025-12-22 14:00:00,13350.72,13393.98,13309.85,13325.07
2025-12-22 15:00:00,13325.39,13385.82,13310.77,13367.39
2025-12-22 16:00:00,13367.73,13500.44,13355.14,13463.37
2025-12-22 17:00:00,13462.33,13464.72,13348.27,13348.77
2025-12-22 18:00:00,13348.82,13405.61,13318.95,13319.88
2025-12-22 19:00:00,13319.19,13332.04,13249.37,13311.53
2025-12-22 20:00:00,13311.46,13314.58,13218.59,13225.29
2025-12-22 21:00:00,13224.94,13224.94,13117.61,13118.3
2025-12-22 22:00:00,13118.02,13193.85,13091.04,13094.68
2025-12-22 23:00:00,13094.94,13187.53,13073.21,13155.49
2025-12-23 00:00:00,13155.42,13156.67,13049.15,13059.54
2025-12-23 01:00:00,13060.58,13122.43,13025.87,13084.02
2025-12-23 02:00:00,13083.86,13318.3,13077.74,13213.93
2025-12-23 03:00:00,13214.5,13281.06,13195.85,13244.32
2025-12-23 04:00:00,13243.38,13251.95,13142.84,13212.11
2025-12-23 05:00:00,13212.4,13218.25,13074.33,13075.7
2025-12-23 06:00:00,13075.93,13134.87,13070.19,13095.99
2025-12-23 07:00:00,13095.84,13211.35,13057.89,13206.45
2025-12-23 08:00:00,13206.82,13223.81,13122.64,13217.21
2025-12-23 09:00:00,13217.04,13251.05,13093.44,13093.95
2025-12-23 10:00:00,13093.82,13133.74,13078.6,13086.48
2025-12-23 11:00:00,13086.79,13148.43,13064.74,13093.8
2025-12-23 12:00:00,13094.67,13150.65,13072.15,13109.36
2025-12-23 13:00:00,13110.24,13111.72,13023.35,13032.24
2025-12-23 14:00:00,13032.07,13076.21,13013.8,13041.82
2025-12-23 15:00:00,13042.09,13043.48,12906.41,12906.41
2025-12-23 16:00:00,12905.78,12905.78,12826.29,12826.29
2025-12-23 17:00:00,12826.19,12916.71,12805.47,12914.86
2025-12-23 18:00:00,12915.08,12915.08,12784.41,12786.79
2025-12-23 19:00:00,12787.46,12824.02,12712.73,12789.1
2025-12-23 20:00:00,12788.69,12788.91,12657.24,12693.2
2025-12-23 21:00:00,12692.76,12763.97,12613.63,12749.27
2025-12-23 22:00:00,12749.56,12768.09,12711.73,12745.22
2025-12-23 23:00:00,12744.99,12830.64,12741.23,12783.13
2025-12-24 00:00:00,12783.14,12888.83,12777.14,12882.39
2025-12-24 01:00:00,12881.86,13000.93,12864.63,12924.09
2025-12-24 02:00:00,12924.02,12961.44,12854.97,12854.97
2025-12-24 03:00:00,12854.66,12867.66,12795.54,12803.23
2025-12-24 04:00:00,12802.76,13007.03,12794.6,12917.62
2025-12-24 05:00:00,12917.61,12926.11,12830.6,12870.4
2025-12-24 06:00:00,12871.56,12903.01,12799.27,12836.87
2025-12-24 07:00:00,12836.71,12960.8,12822.31,12836.14
2025-12-24 08:00:00,12836.45,13066.42,12835.22,13053.11
2025-12-24 09:00:00,13052.81,13061.42,12990.69,13008.71
2025-12-24 10:00:00,13009.11,13038.19,12990.97,13019.0
2025-12-24 11:00:00,13018.51,13019.56,12919.28,12919.42
2025-12-24 12:00:00,12919.15,13030.23,12892.05,13026.06
2025-12-24 13:00:00,13026.22,13057.8,12984.82,12986.21
2025-12-24 14:00:00,12986.27,12988.14,12843.4,12844.91
2025-12-24 15:00:00,12844.74,12846.71,12720.56,12720.7
2025-12-24 16:00:00,12721.27,12798.3,12648.7,12759.74
2025-12-24 17:00:00,12759.54,12763.44,12696.77,12727.75
2025-12-24 18:00:00,12726.95,12727.37,12646.11,12646.65
2025-12-24 19:00:00,12646.6,12855.1,12619.86,12836.96
2025-12-24 20:00:00,12837.3,13067.15,12813.69,13014.23
2025-12-24 21:00:00,13014.61,13147.62,12973.83,13111.3
2025-12-24 22:00:00,13110.38,13149.52,13031.95,13086.27
2025-12-24 23:00:00,13085.49,13295.5,13082.86,13183.67
2025-12-25 00:00:00,13183.84,13263.98,13182.96,13232.61
2025-12-25 01:00:00,13233.72,13233.72,13147.35,13199.97
2025-12-25 02:00:00,13200.0,13220.99,13134.8,13186.81
2025-12-25 03:00:00,13187.06,13286.61,13168.98,13209.36
2025-12-25 04:00:00,13209.61,13212.08,13120.88,13126.13
2025-12-25 05:00:00,13126.36,13287.88,13123.72,13265.29
2025-12-25 06:00:00,13265.47,13468.19,13254.6,13460.25
2025-12-25 07:00:00,13460.48,13464.59,13373.29,13410.8
2025-12-25 08:00:00,13411.41,13543.4,13388.87,13511.79
2025-12-25 09:00:00,13511.0,13603.5,13480.35,13552.89
2025-12-25 10:00:00,13553.36,13645.89,13497.85,13639.35
2025-12-25 11:00:00,13640.13,13694.74,13614.82,13688.31
2025-12-25 12:00:00,13688.07,13712.15,13581.17,13581.85
2025-12-25 13:00:00,13581.11,13582.96,13499.95,13554.14
2025-12-25 14:00:00,13553.34,13591.03,13451.65,13463.34
2025-12-25 15:00:00,13462.49,13479.3,13374.25,13385.35
2025-12-25 16:00:00,13384.76,13440.74,13325.66,13402.41
2025-12-25 17:00:00,13402.5,13533.76,13381.13,13495.14
2025-12-25 18:00:00,13495.48,13585.49,13472.07,13567.42
2025-12-25 19:00:00,13568.26,13614.55,13533.82,13559.06
2025-12-25 20:00:00,13559.83,13612.09,13464.91,13464.98
2025-12-25 21:00:00,13465.0,13524.71,13456.95,13479.07
2025-12-25 22:00:00,13478.65,13517.56,13418.76,13453.98
2025-12-25 23:00:00,13453.7,13539.72,13403.9,13504.79
2025-12-26 00:00:00,13505.53,13633.48,13463.89,13594.19
2025-12-26 01:00:00,13593.82,13593.82,13484.08,13486.84
2025-12-26 02:00:00,13487.39,13609.91,13432.77,13582.45
2025-12-26 03:00:00,13582.71,13604.62,13494.7,13496.47
2025-12-26 04:00:00,13496.36,13496.56,13411.47,13414.51
2025-12-26 05:00:00,13413.93,13431.22,13342.36,13357.42
2025-12-26 06:00:00,13357.32,13383.86,13294.08,13331.99
2025-12-26 07:00:00,13332.07,13345.61,13279.63,13282.23
2025-12-26 08:00:00,13281.94,13282.65,13143.91,13176.38
2025-12-26 09:00:00,13176.64,13271.96,13125.88,13267.07
2025-12-26 10:00:00,13266.78,13320.67,13255.46,13297.73
2025-12-26 11:00:00,13298.26,13376.21,13256.0,13296.78
2025-12-26 12:00:00,13296.98,13319.97,13239.17,13308.53
2025-12-26 13:00:00,13308.44,13327.25,13224.82,13275.24
2025-12-26 14:00:00,13275.18,13281.19,13175.94,13177.45
2025-12-26 15:00:00,13177.25,13264.05,13174.03,13263.77
2025-12-26 16:00:00,13264.25,13270.67,13202.31,13209.37
2025-12-26 17:00:00,13209.13,13210.87,13142.73,13151.29
2025-12-26 18:00:00,13151.83,13174.22,13097.95,13154.94
2025-12-26 19:00:00,13155.57,13258.94,13148.71,13241.78
2025-12-26 20:00:00,13241.75,13243.25,13140.76,13180.27
2025-12-26 21:00:00,13179.18,13183.64,13093.39,13097.12
2025-12-26 22:00:00,13097.34,13097.56,12958.58,12991.99
2025-12-26 23:00:00,12991.37,13106.77,12958.84,13094.15
2025-12-27 00:00:00,13094.6,13160.12,13073.48,13151.1
2025-12-27 01:00:00,13150.66,13152.43,13072.8,13128.39
2025-12-27 02:00:00,13128.1,13202.91,13094.81,13186.72
2025-12-27 03:00:00,13186.11,13258.32,13118.88,13242.59
2025-12-27 04:00:00,13243.16,13294.99,13212.01,13263.4
2025-12-27 05:00:00,13262.43,13444.15,13200.92,13413.95
2025-12-27 06:00:00,13414.3,13577.53,13359.4,13573.87
2025-12-27 07:00:00,13573.46,13665.47,13557.84,13663.37
2025-12-27 08:00:00,13663.62,13749.13,13655.31,13668.47
2025-12-27 09:00:00,13667.62,13680.68,13576.22,13582.89
2025-12-27 10:00:00,13582.4,13610.16,13513.95,13516.65
2025-12-27 11:00:00,13516.9,13608.45,13498.76,13535.86
2025-12-27 12:00:00,13536.3,13628.89,13501.2,13623.86
2025-12-27 13:00:00,13623.48,13708.42,13606.94,13613.34
2025-12-27 14:00:00,13612.97,13621.49,13562.49,13567.77
2025-12-27 15:00:00,13567.7,13600.01,13550.86,13588.72
2025-12-27 16:00:00,13588.27,13721.96,13547.78,13711.41
2025-12-27 17:00:00,13710.62,13714.94,13554.11,13555.09
2025-12-27 18:00:00,13555.63,13644.46,13538.09,13584.28
2025-12-27 19:00:00,13583.54,13634.05,13570.07,13595.73
2025-12-27 20:00:00,13595.21,13628.43,13573.96,13605.81
2025-12-27 21:00:00,13605.32,13615.59,13561.38,13577.98
2025-12-27 22:00:00,13577.71,13715.45,13561.9,13561.9
2025-12-27 23:00:00,13562.13,13628.83,13507.33,13572.64
2025-12-28 00:00:00,13572.26,13650.38,13549.35,13574.59
2025-12-28 01:00:00,13574.06,13694.36,13538.17,13685.61
2025-12-28 02:00:00,13685.96,13716.69,13659.02,13690.33
2025-12-28 03:00:00,13690.44,13742.0,13631.49,13739.32
2025-12-28 04:00:00,13739.67,13817.96,13718.14,13758.43
2025-12-28 05:00:00,13758.76,13949.27,13757.35,13946.83
2025-12-28 06:00:00,13946.84,14003.92,13907.52,13966.66
2025-12-28 07:00:00,13966.35,14008.63,13917.85,13982.24
2025-12-28 08:00:00,13982.2,14198.16,13933.14,14131.05
2025-12-28 09:00:00,14131.05,14214.62,14069.35,14142.56
2025-12-28 10:00:00,14143.23,14202.0,14122.49,14149.59
2025-12-28 11:00:00,14149.17,14309.05,14148.03,14253.81
2025-12-28 12:00:00,14253.95,14326.74,14224.58,14236.86
2025-12-28 13:00:00,14236.77,14237.15,14033.05,14034.19
2025-12-28 14:00:00,14034.77,14035.6,13923.35,13937.73
2025-12-28 15:00:00,13937.79,13937.79,13849.28,13871.67
2025-12-28 16:00:00,13871.14,13929.53,13849.58,13849.85
2025-12-28 17:00:00,13849.25,13849.6,13725.68,13734.15
2025-12-28 18:00:00,13732.83,13733.61,13609.67,13609.93
2025-12-28 19:00:00,13610.44,13733.03,13580.33,13704.23
2025-12-28 20:00:00,13705.12,13732.61,13622.6,13728.52
2025-12-28 21:00:00,13727.77,13866.45,13658.25,13839.18
2025-12-28 22:00:00,13838.96,13839.84,13740.98,13754.39
2025-12-28 23:00:00,13754.11,13821.75,13731.79,13752.29
2025-12-29 00:00:00,13751.46,13756.55,13668.81,13687.6
2025-12-29 01:00:00,13688.43,13688.43,13541.59,13544.71
2025-12-29 02:00:00,13545.09,13615.12,13517.55,13529.85
2025-12-29 03:00:00,13529.8,13535.62,13410.92,13483.94
2025-12-29 04:00:00,13483.7,13492.7,13372.98,13373.95
2025-12-29 05:00:00,13373.92,13422.42,13333.27,13336.86
2025-12-29 06:00:00,13337.4,13433.78,13316.05,13341.92
2025-12-29 07:00:00,13342.12,13353.93,13284.33,13290.61
2025-12-29 08:00:00,13291.08,13297.58,13168.6,13177.96
2025-12-29 09:00:00,13177.54,13180.21,13065.44,13079.62
2025-12-29 10:00:00,13079.78,13209.46,13027.02,13203.61
2025-12-29 11:00:00,13202.79,13230.4,13135.22,13145.7
2025-12-29 12:00:00,13145.23,13155.66,13083.28,13132.92
2025-12-29 13:00:00,13133.1,13172.71,13086.05,13129.48
2025-12-29 14:00:00,13129.12,13229.24,13089.37,13194.35
2025-12-29 15:00:00,13194.58,13423.53,13175.21,13398.88
2025-12-29 16:00:00,13398.98,13505.36,13369.53,13434.5
2025-12-29 17:00:00,13434.65,13439.94,13332.78,13383.47
2025-12-29 18:00:00,13383.68,13413.44,13333.97,13379.96
2025-12-29 19:00:00,13379.79,13474.79,13346.82,13351.08
2025-12-29 20:00:00,13350.66,13396.63,13304.98,13365.7
2025-12-29 21:00:00,13365.45,13452.74,13321.38,13439.49
2025-12-29 22:00:00,13439.03,13439.75,13366.2,13389.24
2025-12-29 23:00:00,13389.28,13459.63,13383.63,13405.77
2025-12-30 00:00:00,13406.56,13492.1,13404.41,13471.96
2025-12-30 01:00:00,13471.86,13565.73,13463.81,13521.24
2025-12-30 02:00:00,13521.3,13534.79,13491.74,13522.36
2025-12-30 03:00:00,13522.59,13522.59,13432.39,13449.75
2025-12-30 04:00:00,13449.99,13470.95,13378.56,13379.12
2025-12-30 05:00:00,13378.8,13419.2,13343.56,13380.27
2025-12-30 06:00:00,13379.48,13387.33,13265.3,13266.74
2025-12-30 07:00:00,13266.15,13267.75,13190.72,13212.47
2025-12-30 08:00:00,13213.05,13259.53,13164.75,13256.76
2025-12-30 09:00:00,13256.94,13269.2,13148.21,13148.47
2025-12-30 10:00:00,13148.17,13170.45,13066.8,13104.94
2025-12-30 11:00:00,13104.85,13319.94,13069.37,13306.73
2025-12-30 12:00:00,13306.17,13310.91,13164.97,13190.86
2025-12-30 13:00:00,13190.4,13214.12,13122.26,13131.8
2025-12-30 14:00:00,13131.18,13134.52,12997.82,13001.92
2025-12-30 15:00:00,13001.48,13163.09,12998.68,13073.79
2025-12-30 16:00:00,13073.72,13120.1,13045.7,13103.26
2025-12-30 17:00:00,13104.07,13179.33,13058.72,13059.2
2025-12-30 18:00:00,13059.07,13093.12,13033.45,13044.1
2025-12-30 19:00:00,13043.06,13054.27,12958.67,12980.07
2025-12-30 20:00:00,12980.5,12982.97,12893.77,12897.11
2025-12-30 21:00:00,12896.9,12928.81,12862.67,12863.16
2025-12-30 22:00:00,12862.86,12863.13,12730.69,12733.27
2025-12-30 23:00:00,12732.85,12861.54,12693.95,12841.75
2025-12-31 00:00:00,12841.16,12965.14,12810.09,12935.14
2025-12-31 01:00:00,12934.87,12961.32,12880.42,12916.54
2025-12-31 02:00:00,12916.7,12919.47,12856.28,12857.48
2025-12-31 03:00:00,12857.39,12907.02,12823.05,12829.24
2025-12-31 04:00:00,12828.84,12836.37,12685.11,12689.17
2025-12-31 05:00:00,12688.93,12695.66,12552.29,12552.29
2025-12-31 06:00:00,12551.77,12802.62,12537.9,12788.85
2025-12-31 07:00:00,12788.86,12911.09,12761.6,12861.42
2025-12-31 08:00:00,12862.28,12963.07,12837.23,12948.5
2025-12-31 09:00:00,12948.76,13132.24,12946.14,13032.46
2025-12-31 10:00:00,13032.72,13079.53,12963.78,12967.95
2025-12-31 11:00:00,12968.51,12968.51,12837.08,12837.13
2025-12-31 12:00:00,12837.48,12987.27,12795.47,12978.98
2025-12-31 13:00:00,12978.89,13054.65,12943.06,13027.64
2025-12-31 14:00:00,13026.98,13068.89,13001.61,13002.25
2025-12-31 15:00:00,13002.01,13117.24,12998.15,13078.13
2025-12-31 16:00:00,13078.64,13342.86,13062.29,13336.18
2025-12-31 17:00:00,13335.42,13372.78,13318.2,13350.72
2025-12-31 18:00:00,13351.52,13427.52,13317.5,13331.94
2025-12-31 19:00:00,13332.25,13336.98,13219.57,13249.44
2025-12-31 20:00:00,13249.27,13261.2,13205.18,13239.04
2025-12-31 21:00:00,13238.57,13240.62,13166.42,13171.12
2025-12-31 22:00:00,13170.53,13229.13,13157.8,13221.28
2025-12-31 23:00:00,13221.6,13241.24,13162.65,13231.42
2026-01-01 00:00:00,13232.1,13232.89,13112.44,13118.8
2026-01-01 01:00:00,13119.4,13199.89,13115.92,13139.13
2026-01-01 02:00:00,13139.81,13300.7,13119.42,13296.07
2026-01-01 03:00:00,13295.99,13344.98,13237.06,13239.03
2026-01-01 04:00:00,13238.98,13283.15,13216.81,13232.18
2026-01-01 05:00:00,13232.18,13357.98,13220.55,13346.35
2026-01-01 06:00:00,13346.9,13435.79,13315.44,13374.82
2026-01-01 07:00:00,13374.55,13375.62,13199.89,13204.78
2026-01-01 08:00:00,13205.23,13262.57,13168.33,13204.86
2026-01-01 09:00:00,13205.14,13205.75,13060.63,13060.8
2026-01-01 10:00:00,13061.35,13158.04,12991.0,13112.1
2026-01-01 11:00:00,13112.11,13131.19,13083.77,13089.22
2026-01-01 12:00:00,13089.17,13091.99,12976.21,13026.81
2026-01-01 13:00:00,13026.75,13187.8,12985.56,13134.1
2026-01-01 14:00:00,13134.66,13209.07,13131.24,13175.71
2026-01-01 15:00:00,13175.9,13179.32,13022.68,13026.43
2026-01-01 16:00:00,13026.42,13115.41,13022.08,13075.27
2026-01-01 17:00:00,13074.7,13086.89,13011.55,13011.61
2026-01-01 18:00:00,13012.16,13251.9,12992.62,13160.55
2026-01-01 19:00:00,13160.86,13195.89,13074.73,13109.12
2026-01-01 20:00:00,13108.66,13131.08,13065.58,13121.19
2026-01-01 21:00:00,13121.81,13154.57,13088.42,13124.26
2026-01-01 22:00:00,13123.57,13206.8,13074.6,13153.87
2026-01-01 23:00:00,13153.1,13301.63,13114.69,13266.87
2026-01-02 00:00:00,13267.12,13296.98,13248.0,13273.0
2026-01-02 01:00:00,13273.25,13362.75,13240.4,13337.77
2026-01-02 02:00:00,13337.56,13380.04,13303.97,13306.19
2026-01-02 03:00:00,13305.66,13332.51,13265.88,13269.41
2026-01-02 04:00:00,13269.4,13343.62,13233.97,13300.35
2026-01-02 05:00:00,13300.14,13304.93,13210.95,13248.4
2026-01-02 06:00:00,13248.08,13284.17,13196.82,13244.89
2026-01-02 07:00:00,13244.09,13298.15,13232.78,13275.35
2026-01-02 08:00:00,13276.02,13293.91,13204.83,13252.72
2026-01-02 09:00:00,13253.13,13288.72,13178.47,13179.34
2026-01-02 10:00:00,13179.53,13210.35,13146.71,13150.5
2026-01-02 11:00:00,13150.45,13230.89,13064.6,13217.14
2026-01-02 12:00:00,13215.99,13253.34,13193.99,13207.18
2026-01-02 13:00:00,13206.65,13253.39,13142.0,13252.78
2026-01-02 14:00:00,13252.85,13289.0,13235.59,13254.09
2026-01-02 15:00:00,13254.53,13254.84,13132.8,13133.28
2026-01-02 16:00:00,13133.26,13283.1,13060.17,13281.36
2026-01-02 17:00:00,13281.27,13360.94,13242.18,13312.0
2026-01-02 18:00:00,13312.54,13406.75,13304.39,13334.43
2026-01-02 19:00:00,13333.46,13381.23,13253.59,13372.44
2026-01-02 20:00:00,13373.26,13652.43,13332.14,13644.71
2026-01-02 21:00:00,13645.25,13720.11,13606.07,13617.59
2026-01-02 22:00:00,13617.25,13617.25,13563.39,13572.77
2026-01-02 23:00:00,13572.52,13675.18,13566.49,13594.0
2026-01-03 00:00:00,13594.69,13596.41,13482.91,13484.26
2026-01-03 01:00:00,13485.07,13488.94,13403.72,13408.16
2026-01-03 02:00:00,13408.6,13443.57,13377.43,13378.12
2026-01-03 03:00:00,13378.74,13503.12,13356.88,13478.52
2026-01-03 04:00:00,13478.4,13520.97,13453.46,13472.16
2026-01-03 05:00:00,13472.58,13496.03,13435.45,13437.4
2026-01-03 06:00:00,13437.59,13482.91,13367.66,13439.48
2026-01-03 07:00:00,13439.48,13442.48,13325.81,13326.76
2026-01-03 08:00:00,13326.76,13452.86,13324.61,13351.81
2026-01-03 09:00:00,13351.28,13359.03,13288.26,13334.75
2026-01-03 10:00:00,13334.26,13338.53,13280.3,13331.72
2026-01-03 11:00:00,13331.45,13383.09,13251.6,13251.81
2026-01-03 12:00:00,13250.88,13307.94,13219.8,13293.69
2026-01-03 13:00:00,13292.95,13307.8,13254.6,13264.3
2026-01-03 14:00:00,13264.38,13264.87,13143.16,13143.16
2026-01-03 15:00:00,13142.66,13173.22,13107.99,13109.57
2026-01-03 16:00:00,13110.3,13114.5,13032.11,13067.02
2026-01-03 17:00:00,13067.61,13093.61,13003.05,13003.12
2026-01-03 18:00:00,13003.17,13007.34,12943.42,12988.64
2026-01-03 19:00:00,12987.42,13023.59,12910.76,12913.02
2026-01-03 20:00:00,12913.37,12938.03,12814.84,12823.94
2026-01-03 21:00:00,12823.7,12992.8,12758.99,12973.34
2026-01-03 22:00:00,12973.0,13034.23,12954.93,12954.93
2026-01-03 23:00:00,12955.26,13159.84,12954.34,13029.87
2026-01-04 00:00:00,13029.52,13033.04,12910.66,12913.66
2026-01-04 01:00:00,12913.31,13083.28,12895.17,13036.3
2026-01-04 02:00:00,13036.66,13172.23,13028.37,13124.49
2026-01-04 03:00:00,13123.95,13307.18,13094.99,13235.81
2026-01-04 04:00:00,13235.1,13235.88,13124.05,13132.15
2026-01-04 05:00:00,13132.34,13141.5,13024.15,13061.98
2026-01-04 06:00:00,13061.4,13232.35,13024.55,13231.31
2026-01-04 07:00:00,13231.51,13231.96,13149.94,13166.74
2026-01-04 08:00:00,13166.77,13550.38,13140.92,13544.29
2026-01-04 09:00:00,13543.8,13768.73,13533.87,13729.91
2026-01-04 10:00:00,13729.61,13733.87,13602.22,13603.22
2026-01-04 11:00:00,13603.4,13709.97,13590.83,13653.01
2026-01-04 12:00:00,13653.09,13795.5,13632.42,13786.85
2026-01-04 13:00:00,13786.15,13797.91,13726.3,13726.98
2026-01-04 14:00:00,13726.72,13726.72,13645.68,13657.67
2026-01-04 15:00:00,13657.56,13660.37,13536.98,13538.44
2026-01-04 16:00:00,13538.12,13540.93,13475.47,13479.84
2026-01-04 17:00:00,13479.99,13480.26,13425.34,13430.35
2026-01-04 18:00:00,13430.13,13793.36,13421.85,13754.46
2026-01-04 19:00:00,13754.11,13880.83,13729.85,13763.18
2026-01-04 20:00:00,13763.83,13893.08,13763.33,13865.04
2026-01-04 21:00:00,13864.92,14001.7,13851.4,13985.96
2026-01-04 22:00:00,13985.43,14008.63,13903.02,13904.79
2026-01-04 23:00:00,13904.96,13910.75,13830.64,13830.75
2026-01-05 00:00:00,13831.37,13982.62,13819.22,13932.6
2026-01-05 01:00:00,13933.37,13934.5,13725.27,13798.63
2026-01-05 02:00:00,13798.97,13805.48,13667.3,13667.81
2026-01-05 03:00:00,13668.37,13931.99,13662.61,13909.64
2026-01-05 04:00:00,13910.29,13963.29,13887.73,13934.12
2026-01-05 05:00:00,13933.82,13984.76,13879.02,13903.51
2026-01-05 06:00:00,13903.97,13905.99,13752.16,13762.24
2026-01-05 07:00:00,13762.56,13808.97,13718.76,13753.59
2026-01-05 08:00:00,13754.27,13760.3,13681.09,13712.53
2026-01-05 09:00:00,13712.48,13815.26,13707.44,13763.83
2026-01-05 10:00:00,13763.79,13794.26,13699.6,13715.96
2026-01-05 11:00:00,13714.86,13718.68,13658.5,13662.6
2026-01-05 12:00:00,13663.17,13670.02,13564.65,13565.01
2026-01-05 13:00:00,13565.48,13565.48,13459.43,13505.66
2026-01-05 14:00:00,13505.47,13506.33,13440.33,13477.5
2026-01-05 15:00:00,13477.71,13478.8,13380.03,13380.03
2026-01-05 16:00:00,13378.93,13405.71,13324.97,13328.4
2026-01-05 17:00:00,13328.26,13374.91,13265.32,13302.27
2026-01-05 18:00:00,13302.62,13309.11,13259.74,13259.74
2026-01-05 19:00:00,13259.97,13556.89,13225.65,13535.35
2026-01-05 20:00:00,13535.22,13693.07,13506.08,13677.09
2026-01-05 21:00:00,13677.37,13742.67,13629.53,13690.71
2026-01-05 22:00:00,13690.47,13791.86,13645.64,13791.24
2026-01-05 23:00:00,13791.51,13883.54,13752.94,13861.58
2026-01-06 00:00:00,13861.15,13896.17,13798.43,13799.32
2026-01-06 01:00:00,13799.25,13799.37,13682.87,13704.32
2026-01-06 02:00:00,13703.8,13750.42,13671.67,13676.63
2026-01-06 03:00:00,13676.57,13677.69,13521.57,13521.57
2026-01-06 04:00:00,13520.94,13582.42,13492.44,13518.37
2026-01-06 05:00:00,13518.71,13578.79,13470.34,13503.13
2026-01-06 06:00:00,13502.49,13679.58,13496.92,13648.95
2026-01-06 07:00:00,13648.88,13753.9,13630.26,13736.57
2026-01-06 08:00:00,13736.22,13738.14,13661.97,13707.72
2026-01-06 09:00:00,13707.07,13858.56,13689.86,13847.39
2026-01-06 10:00:00,13847.51,13857.86,13732.71,13763.64
2026-01-06 11:00:00,13762.75,13797.13,13700.62,13701.96
2026-01-06 12:00:00,13701.35,13737.14,13675.34,13696.37
2026-01-06 13:00:00,13696.36,13697.67,13604.89,13658.21
2026-01-06 14:00:00,13658.94,13687.22,13627.3,13652.58
2026-01-06 15:00:00,13651.94,13735.41,13617.81,13653.13
2026-01-06 16:00:00,13652.58,13653.09,13525.06,13525.99
2026-01-06 17:00:00,13525.83,13525.83,13419.7,13438.42
2026-01-06 18:00:00,13437.89,13474.55,13361.91,13374.53
2026-01-06 19:00:00,13374.53,13598.54,13372.85,13576.96
2026-01-06 20:00:00,13577.57,13580.28,13489.65,13490.73
2026-01-06 21:00:00,13490.87,13491.03,13381.74,13432.09
2026-01-06 22:00:00,13431.73,13550.85,13351.26,13532.06
2026-01-06 23:00:00,13531.73,13605.52,13500.58,13590.81
2026-01-07 00:00:00,13590.31,13706.8,13555.28,13695.49
2026-01-07 01:00:00,13694.72,13695.53,13559.67,13570.31
2026-01-07 02:00:00,13570.18,13626.03,13513.76,13620.72
2026-01-07 03:00:00,13620.7,13671.84,13545.92,13668.01
2026-01-07 04:00:00,13667.27,13743.95,13651.84,13739.06
2026-01-07 05:00:00,13739.14,13840.7,13733.6,13781.13
2026-01-07 06:00:00,13780.65,13825.56,13766.64,13794.89
2026-01-07 07:00:00,13795.71,13924.64,13761.55,13881.28
2026-01-07 08:00:00,13881.22,13888.36,13756.47,13758.62
2026-01-07 09:00:00,13758.62,13767.88,13677.05,13703.68
2026-01-07 10:00:00,13703.05,13814.42,13681.39,13683.68
2026-01-07 11:00:00,13684.11,13847.87,13664.53,13744.96
2026-01-07 12:00:00,13744.37,13793.52,13677.7,13725.9
2026-01-07 13:00:00,13726.11,13731.41,13607.92,13611.28
2026-01-07 14:00:00,13611.37,13694.95,13516.52,13688.0
2026-01-07 15:00:00,13688.31,13797.69,13636.62,13638.91
2026-01-07 16:00:00,13638.24,13687.92,13593.68,13672.64
2026-01-07 17:00:00,13672.49,13674.82,13590.69,13602.7
2026-01-07 18:00:00,13602.82,13760.69,13598.48,13760.44
2026-01-07 19:00:00,13759.68,13819.29,13725.31,13766.04
2026-01-07 20:00:00,13766.47,13784.57,13678.32,13685.73
2026-01-07 21:00:00,13685.3,13785.04,13668.76,13763.95
2026-01-07 22:00:00,13764.06,13764.06,13673.79,13689.32
2026-01-07 23:00:00,13689.87,13696.0,13614.67,13614.67
2026-01-08 00:00:00,13614.3,13634.57,13517.35,13525.65
2026-01-08 01:00:00,13525.69,13776.21,13501.88,13775.94
2026-01-08 02:00:00,13775.32,13847.02,13714.23,13801.73
2026-01-08 03:00:00,13801.9,13901.15,13791.94,13892.13
2026-01-08 04:00:00,13891.65,14165.43,13884.39,14118.4
2026-01-08 05:00:00,14118.52,14133.51,14079.01,14107.46
2026-01-08 06:00:00,14107.67,14127.05,14050.67,14050.89
2026-01-08 07:00:00,14050.6,14182.11,14024.33,14168.09
2026-01-08 08:00:00,14167.96,14216.77,14089.71,14095.6
2026-01-08 09:00:00,14096.48,14131.58,14028.06,14054.72
2026-01-08 10:00:00,14055.18,14115.76,14020.75,14024.31
2026-01-08 11:00:00,14024.13,14031.61,13862.16,13862.16
2026-01-08 12:00:00,13861.2,13948.15,13805.91,13920.97
2026-01-08 13:00:00,13921.23,13940.13,13859.18,13920.35
2026-01-08 14:00:00,13920.55,13938.23,13887.64,13928.65
2026-01-08 15:00:00,13929.02,14080.47,13901.27,14061.06
2026-01-08 16:00:00,14060.82,14078.88,14027.56,14031.67
2026-01-08 17:00:00,14032.15,14040.0,13931.99,13931.99
2026-01-08 18:00:00,13931.87,13934.14,13805.08,13808.13
2026-01-08 19:00:00,13807.44,13852.85,13774.08,13841.41
2026-01-08 20:00:00,13840.33,13882.41,13784.47,13826.28
2026-01-08 21:00:00,13826.3,13843.8,13757.42,13819.69
2026-01-08 22:00:00,13820.11,13892.78,13749.08,13837.32
2026-01-08 23:00:00,13836.82,13840.11,13744.14,13744.22
2026-01-09 00:00:00,13743.69,13929.3,13715.36,13885.85
2026-01-09 01:00:00,13885.31,13904.25,13822.87,13885.08
2026-01-09 02:00:00,13885.29,13977.31,13852.55,13941.61
2026-01-09 03:00:00,13941.35,13941.65,13846.42,13850.77
2026-01-09 04:00:00,13850.46,13882.89,13791.23,13861.18
2026-01-09 05:00:00,13861.53,13927.58,13811.36,13900.0
2026-01-09 06:00:00,13900.08,13902.93,13841.38,13842.51
2026-01-09 07:00:00,13843.35,14006.07,13836.12,14004.18
2026-01-09 08:00:00,14003.74,14138.16,13987.14,14004.91
2026-01-09 09:00:00,14004.05,14116.9,13992.72,14116.41
2026-01-09 10:00:00,14116.53,14159.56,14051.71,14065.13
2026-01-09 11:00:00,14064.73,14165.04,14055.53,14061.38
2026-01-09 12:00:00,14061.31,14091.15,13983.9,14083.21
2026-01-09 13:00:00,14083.19,14125.35,14033.17,14058.5
2026-01-09 14:00:00,14058.11,14059.85,13894.16,13895.77
2026-01-09 15:00:00,13895.48,14022.46,13880.54,13995.57
2026-01-09 16:00:00,13995.93,13997.85,13922.46,13950.29
2026-01-09 17:00:00,13950.86,13995.47,13853.31,13877.07
2026-01-09 18:00:00,13877.51,13907.99,13818.13,13818.31
2026-01-09 19:00:00,13818.4,13883.73,13767.2,13874.94
2026-01-09 20:00:00,13875.26,13875.26,13814.82,13827.33
2026-01-09 21:00:00,13827.41,13915.57,13790.57,13913.29
2026-01-09 22:00:00,13914.37,14086.47,13866.25,14044.54
2026-01-09 23:00:00,14044.73,14045.54,13966.63,13969.8
2026-01-10 00:00:00,13970.02,14005.91,13919.91,13973.55
2026-01-10 01:00:00,13974.59,13984.99,13914.17,13928.19
2026-01-10 02:00:00,13927.09,13965.31,13874.21,13947.39
2026-01-10 03:00:00,13947.72,14011.6,13870.76,14011.6
2026-01-10 04:00:00,14011.56,14065.39,13977.61,14021.09
2026-01-10 05:00:00,14021.37,14107.55,14003.32,14099.92
2026-01-10 06:00:00,14100.27,14382.03,14083.8,14370.2
2026-01-10 07:00:00,14371.22,14381.19,14276.58,14277.09
2026-01-10 08:00:00,14277.8,14316.28,14237.19,14256.86
2026-01-10 09:00:00,14257.08,14318.77,14226.29,14294.0
2026-01-10 10:00:00,14293.91,14332.92,14277.56,14290.64
2026-01-10 11:00:00,14290.19,14290.46,14220.14,14269.28
2026-01-10 12:00:00,14269.11,14269.53,14169.95,14184.79
2026-01-10 13:00:00,14184.77,14347.52,14111.64,14346.99
2026-01-10 14:00:00,14346.39,14611.11,14343.84,14584.12
2026-01-10 15:00:00,14584.73,14726.13,14579.16,14660.22
2026-01-10 16:00:00,14659.96,14751.81,14646.1,14733.69
2026-01-10 17:00:00,14733.8,14820.18,14696.81,14812.17
2026-01-10 18:00:00,14811.51,14815.84,14682.25,14683.01
2026-01-10 19:00:00,14683.67,14718.42,14550.36,14713.81
2026-01-10 20:00:00,14714.16,14721.13,14646.14,14688.09
2026-01-10 21:00:00,14688.24,15204.21,14685.27,15181.54
2026-01-10 22:00:00,15180.91,15221.14,15129.91,15156.7
2026-01-10 23:00:00,15155.66,15315.68,15131.61,15311.68
2026-01-11 00:00:00,15311.04,15344.83,15228.03,15319.31
2026-01-11 01:00:00,15319.88,15403.54,15314.1,15339.17
2026-01-11 02:00:00,15338.41,15368.9,15259.5,15260.43
2026-01-11 03:00:00,15261.11,15261.91,15102.82,15109.17
2026-01-11 04:00:00,15108.64,15135.6,15068.55,15111.93
2026-01-11 05:00:00,15112.01,15184.9,15063.46,15068.12
2026-01-11 06:00:00,15068.43,15103.09,15024.6,15042.95
2026-01-11 07:00:00,15043.02,15048.91,14930.63,14935.21
2026-01-11 08:00:00,14935.25,15017.27,14932.17,14987.69
2026-01-11 09:00:00,14987.24,15155.97,14963.09,15150.95
2026-01-11 10:00:00,15151.71,15171.62,15104.04,15104.2
2026-01-11 11:00:00,15103.26,15145.01,15040.41,15044.79
2026-01-11 12:00:00,15044.56,15048.81,14948.21,14999.91
2026-01-11 13:00:00,15000.55,15005.62,14929.37,14995.9
2026-01-11 14:00:00,14995.97,15003.6,14956.17,14957.99
2026-01-11 15:00:00,14957.67,15017.61,14914.57,14944.18
2026-01-11 16:00:00,14944.0,15133.18,14916.05,15093.34
2026-01-11 17:00:00,15094.05,15175.5,15033.23,15150.78
2026-01-11 18:00:00,15150.15,15323.81,15093.68,15277.19
2026-01-11 19:00:00,15277.1,15286.31,15203.65,15247.91
2026-01-11 20:00:00,15247.91,15290.96,15230.48,15252.33
2026-01-11 21:00:00,15251.22,15280.73,15203.58,15225.2
2026-01-11 22:00:00,15225.53,15301.01,15194.86,15277.79
2026-01-11 23:00:00,15278.21,15289.51,15222.8,15229.47
2026-01-12 00:00:00,15229.68,15372.87,15219.73,15341.77
2026-01-12 01:00:00,15340.71,15340.71,15222.64,15224.58
2026-01-12 02:00:00,15224.59,15263.67,15164.26,15194.87
2026-01-12 03:00:00,15194.8,15435.62,15179.29,15347.38
2026-01-12 04:00:00,15348.64,15399.8,15322.04,15396.24
2026-01-12 05:00:00,15396.88,15421.01,15333.27,15347.27
2026-01-12 06:00:00,15347.82,15371.07,15318.26,15335.11
2026-01-12 07:00:00,15335.41,15474.01,15304.42,15401.64
2026-01-12 08:00:00,15402.32,15437.04,15349.37,15430.31
2026-01-12 09:00:00,15431.65,15431.65,15323.66,15367.04
2026-01-12 10:00:00,15367.35,15368.41,15219.14,15220.7
2026-01-12 11:00:00,15220.57,15287.03,15182.94,15186.42
2026-01-12 12:00:00,15185.58,15345.24,15181.33,15231.93
2026-01-12 13:00:00,15231.67,15252.25,15143.21,15144.19
2026-01-12 14:00:00,15143.4,15251.24,15126.56,15229.35
2026-01-12 15:00:00,15228.99,15233.87,15079.23,15088.63
2026-01-12 16:00:00,15087.81,15092.14,14999.62,15000.5
2026-01-12 17:00:00,15001.06,15075.66,14981.37,15026.07
2026-01-12 18:00:00,15025.65,15080.6,15008.96,15060.09
2026-01-12 19:00:00,15061.14,15097.26,15001.82,15079.06
2026-01-12 20:00:00,15079.99,15082.57,14971.75,14973.98
2026-01-12 21:00:00,14973.99,15082.04,14963.74,15037.31
2026-01-12 22:00:00,15037.01,15174.71,15008.94,15126.88
2026-01-12 23:00:00,15126.36,15273.05,15077.83,15270.34
2026-01-13 00:00:00,15270.78,15308.21,15233.2,15276.1
2026-01-13 01:00:00,15277.22,15467.37,15224.64,15442.65
2026-01-13 02:00:00,15443.2,15456.67,15351.8,15359.51
2026-01-13 03:00:00,15359.64,15425.01,15336.81,15424.57
2026-01-13 04:00:00,15423.62,15464.75,15367.4,15398.76
2026-01-13 05:00:00,15398.1,15400.7,15289.65,15293.84
2026-01-13 06:00:00,15294.05,15314.05,15210.75,15210.75
2026-01-13 07:00:00,15211.69,15327.1,15147.23,15323.08
2026-01-13 08:00:00,15322.57,15350.02,15221.88,15315.22
2026-01-13 09:00:00,15314.53,15316.22,15203.65,15204.37
2026-01-13 10:00:00,15204.55,15229.2,15125.12,15193.34
2026-01-13 11:00:00,15194.08,15236.44,15145.39,15156.35
2026-01-13 12:00:00,15156.55,15157.29,15080.34,15086.49
2026-01-13 13:00:00,15086.24,15217.71,15065.39,15155.92
2026-01-13 14:00:00,15156.25,15157.24,15073.66,15090.93
2026-01-13 15:00:00,15090.83,15187.3,15076.34,15133.19
2026-01-13 16:00:00,15133.16,15225.74,15100.85,15196.77
2026-01-13 17:00:00,15196.31,15269.97,15169.99,15235.94
2026-01-13 18:00:00,15235.93,15238.75,15112.34,15128.72
2026-01-13 19:00:00,15129.0,15158.79,15063.19,15130.96
2026-01-13 20:00:00,15131.41,15134.42,15027.42,15029.55
2026-01-13 21:00:00,15029.16,15029.45,14956.11,14980.78
2026-01-13 22:00:00,14980.92,15205.26,14965.97,15178.02
2026-01-13 23:00:00,15178.2,15428.31,15157.24,15427.79
2026-01-14 00:00:00,15427.89,15597.23,15422.89,15527.26
2026-01-14 01:00:00,15527.83,15619.1,15436.12,15610.86
2026-01-14 02:00:00,15610.76,15738.83,15600.72,15646.8
2026-01-14 03:00:00,15647.42,15666.45,15561.58,15564.7
2026-01-14 04:00:00,15564.97,15659.83,15541.61,15642.51
2026-01-14 05:00:00,15642.31,15713.63,15623.04,15660.29
2026-01-14 06:00:00,15659.43,15692.4,15535.28,15535.28
2026-01-14 07:00:00,15535.07,15536.12,15454.71,15455.08
2026-01-14 08:00:00,15454.76,15478.34,15430.45,15471.85
2026-01-14 09:00:00,15471.73,15595.05,15445.37,15554.92
2026-01-14 10:00:00,15554.51,15604.32,15496.34,15585.77
2026-01-14 11:00:00,15585.81,15655.92,15506.25,15646.81
2026-01-14 12:00:00,15647.02,15724.51,15622.07,15667.43
2026-01-14 13:00:00,15667.65,15887.74,15644.34,15886.58
2026-01-14 14:00:00,15886.01,15888.02,15782.96,15808.84
2026-01-14 15:00:00,15809.36,15832.21,15752.6,15777.82
2026-01-14 16:00:00,15777.67,15860.42,15771.98,15776.4
2026-01-14 17:00:00,15776.07,15778.51,15709.6,15757.1
2026-01-14 18:00:00,15757.51,15778.84,15663.06,15664.42
2026-01-14 19:00:00,15664.31,15851.91,15624.41,15846.57
2026-01-14 20:00:00,15846.96,15847.17,15692.05,15695.27
2026-01-14 21:00:00,15695.86,15759.2,15674.32,15746.61
2026-01-14 22:00:00,15747.06,15763.56,15688.11,15744.55
2026-01-14 23:00:00,15745.57,15746.28,15688.98,15702.93
2026-01-15 00:00:00,15702.72,15709.29,15609.62,15621.93
2026-01-15 01:00:00,15621.45,15747.63,15616.45,15730.11
2026-01-15 02:00:00,15730.81,15770.54,15706.16,15747.81
2026-01-15 03:00:00,15747.43,15831.05,15711.39,15753.35
2026-01-15 04:00:00,15753.13,15916.85,15744.36,15886.66
2026-01-15 05:00:00,15887.03,16031.93,15798.65,15997.15
2026-01-15 06:00:00,15996.53,15996.53,15799.9,15803.32
2026-01-15 07:00:00,15803.35,15821.38,15721.99,15723.58
2026-01-15 08:00:00,15723.29,15724.01,15620.65,15656.93
2026-01-15 09:00:00,15657.06,15729.78,15609.14,15694.01
2026-01-15 10:00:00,15694.8,15705.87,15553.57,15553.58
2026-01-15 11:00:00,15554.29,15599.03,15508.51,15509.27
2026-01-15 12:00:00,15508.86,15510.86,15382.62,15382.62
2026-01-15 13:00:00,15382.66,15405.23,15315.85,15372.99
2026-01-15 14:00:00,15373.56,15516.22,15373.01,15420.75
2026-01-15 15:00:00,15420.12,15468.23,15366.14,15378.95
2026-01-15 16:00:00,15380.29,15381.65,15200.96,15202.35
2026-01-15 17:00:00,15202.25,15202.63,15047.65,15050.4
2026-01-15 18:00:00,15049.55,15055.28,14936.82,14992.66
2026-01-15 19:00:00,14993.15,15147.52,14978.34,15144.18
2026-01-15 20:00:00,15143.46,15148.29,15020.81,15081.66
2026-01-15 21:00:00,15081.9,15282.47,15043.55,15260.56
2026-01-15 22:00:00,15259.95,15263.96,15119.18,15169.23
2026-01-15 23:00:00,15169.0,15184.05,15079.85,15143.55
2026-01-16 00:00:00,15143.15,15148.21,15044.05,15044.05
2026-01-16 01:00:00,15044.26,15095.52,14984.97,15076.63
2026-01-16 02:00:00,15076.49,15108.26,14967.66,15003.36
2026-01-16 03:00:00,15003.91,15044.45,14917.32,14972.0
2026-01-16 04:00:00,14972.22,14985.22,14865.64,14869.41
2026-01-16 05:00:00,14869.66,14876.01,14778.84,14791.51
2026-01-16 06:00:00,14792.04,14803.1,14711.68,14711.83
2026-01-16 07:00:00,14711.8,14723.01,14640.66,14667.74
2026-01-16 08:00:00,14667.22,14693.53,14578.75,14587.57
2026-01-16 09:00:00,14587.32,14617.16,14522.78,14523.49
2026-01-16 10:00:00,14523.34,14523.67,14382.41,14414.46
2026-01-16 11:00:00,14414.02,14498.33,14393.86,14417.99
2026-01-16 12:00:00,14417.46,14511.49,14372.83,14378.34
2026-01-16 13:00:00,14377.52,14431.8,14299.8,14316.9
2026-01-16 14:00:00,14317.51,14350.14,14188.76,14325.4
2026-01-16 15:00:00,14324.49,14324.85,14223.98,14224.23
2026-01-16 16:00:00,14224.64,14399.72,14174.5,14375.39
2026-01-16 17:00:00,14375.44,14376.03,14290.32,14317.43
2026-01-16 18:00:00,14317.47,14322.15,14187.45,14283.48
2026-01-16 19:00:00,14283.46,14294.84,14209.56,14231.96
2026-01-16 20:00:00,14231.49,14387.67,14154.56,14386.43
2026-01-16 21:00:00,14386.53,14407.49,14348.1,14348.19
2026-01-16 22:00:00,14348.09,14350.02,14250.86,14250.86
2026-01-16 23:00:00,14251.09,14443.14,14235.33,14429.19
2026-01-17 00:00:00,14428.51,14445.76,14322.23,14330.25
2026-01-17 01:00:00,14330.4,14335.4,14255.32,14256.37
2026-01-17 02:00:00,14255.62,14491.51,14232.49,14466.78
2026-01-17 03:00:00,14467.34,14527.24,14441.72,14442.0
2026-01-17 04:00:00,14442.48,14442.6,14349.66,14354.66
2026-01-17 05:00:00,14353.96,14387.87,14291.94,14312.04
2026-01-17 06:00:00,14312.14,14350.07,14259.97,14263.82
2026-01-17 07:00:00,14264.01,14271.39,14133.12,14134.01
2026-01-17 08:00:00,14133.58,14174.89,14100.24,14102.65
2026-01-17 09:00:00,14102.92,14319.65,14070.92,14285.68
2026-01-17 10:00:00,14284.87,14430.59,14279.56,14301.19
2026-01-17 11:00:00,14300.72,14523.96,14264.98,14460.68
2026-01-17 12:00:00,14461.04,14466.1,14354.65,14370.92
2026-01-17 13:00:00,14371.58,14388.86,14300.79,14373.08
2026-01-17 14:00:00,14372.49,14373.59,14236.35,14246.85
2026-01-17 15:00:00,14248.08,14248.08,14136.57,14136.57
2026-01-17 16:00:00,14136.25,14215.03,14079.45,14190.65
2026-01-17 17:00:00,14190.55,14190.55,14145.96,14154.6
2026-01-17 18:00:00,14154.44,14283.54,14131.02,14227.04
2026-01-17 19:00:00,14226.49,14440.25,14212.81,14373.18
2026-01-17 20:00:00,14373.39,14462.71,14358.85,14452.59
2026-01-17 21:00:00,14451.53,14505.64,14414.86,14464.57
2026-01-17 22:00:00,14464.22,14533.0,14421.1,14498.89
2026-01-17 23:00:00,14499.03,14523.19,14417.36,14513.73
2026-01-18 00:00:00,14512.88,14584.99,14505.37,14558.8
2026-01-18 01:00:00,14558.26,14668.67,14538.15,14618.4
2026-01-18 02:00:00,14618.69,14827.28,14590.37,14826.81
2026-01-18 03:00:00,14827.19,14896.79,14799.22,14850.56
2026-01-18 04:00:00,14851.3,14975.79,14848.54,14961.87
2026-01-18 05:00:00,14961.86,15031.7,14934.12,15002.98
2026-01-18 06:00:00,15003.61,15005.8,14900.11,14903.74
2026-01-18 07:00:00,14903.53,14913.35,14834.86,14912.83
2026-01-18 08:00:00,14912.49,15073.26,14865.18,15041.13
2026-01-18 09:00:00,15041.71,15046.77,14943.56,14948.74
2026-01-18 10:00:00,14948.76,14956.31,14883.17,14884.85
2026-01-18 11:00:00,14885.44,14937.46,14863.49,14898.58
2026-01-18 12:00:00,14898.34,14944.36,14865.07,14896.16
2026-01-18 13:00:00,14895.41,15072.91,14881.15,15008.75
2026-01-18 14:00:00,15007.92,15189.79,14980.15,15133.46
2026-01-18 15:00:00,15133.27,15135.69,14999.26,15004.13
2026-01-18 16:00:00,15004.24,15008.02,14856.6,14907.64
2026-01-18 17:00:00,14906.68,15062.3,14906.23,15061.7
2026-01-18 18:00:00,15061.13,15154.56,15054.26,15083.91
2026-01-18 19:00:00,15083.87,15085.58,14974.33,14979.36
2026-01-18 20:00:00,14979.07,14980.63,14843.19,14844.3
2026-01-18 21:00:00,14844.59,15128.75,14792.66,15097.21
2026-01-18 22:00:00,15097.37,15116.5,14994.65,15051.51
2026-01-18 23:00:00,15051.6,15058.35,14900.8,14901.81
2026-01-19 00:00:00,14902.32,14935.45,14820.31,14830.69
2026-01-19 01:00:00,14830.41,14832.49,14769.96,14825.04
2026-01-19 02:00:00,14824.95,14827.63,14730.96,14734.68
2026-01-19 03:00:00,14734.94,14736.44,14658.34,14682.82
2026-01-19 04:00:00,14683.16,14798.84,14632.03,14743.41
2026-01-19 05:00:00,14743.8,14780.57,14658.45,14765.58
2026-01-19 06:00:00,14764.75,15062.56,14748.63,15044.53
2026-01-19 07:00:00,15044.98,15073.02,14915.94,14916.06
2026-01-19 08:00:00,14915.84,15001.56,14900.29,14913.39
2026-01-19 09:00:00,14912.14,14988.4,14884.61,14925.55
2026-01-19 10:00:00,14925.38,14999.05,14908.23,14912.5
2026-01-19 11:00:00,14912.85,14913.86,14705.23,14706.98
2026-01-19 12:00:00,14707.2,14707.75,14567.58,14572.64
2026-01-19 13:00:00,14571.9,14639.24,14559.82,14561.52
2026-01-19 14:00:00,14562.29,14637.43,14533.97,14572.37
2026-01-19 15:00:00,14572.24,14647.05,14566.55,14609.74
2026-01-19 16:00:00,14609.66,14716.07,14590.71,14685.79
2026-01-19 17:00:00,14685.67,14779.65,14675.62,14686.82
2026-01-19 18:00:00,14687.29,14698.47,14557.19,14589.94
2026-01-19 19:00:00,14590.28,14591.67,14465.39,14469.19
2026-01-19 20:00:00,14469.17,14477.55,14379.44,14388.42
2026-01-19 21:00:00,14388.39,14800.32,14386.06,14746.85
2026-01-19 22:00:00,14746.56,14748.45,14626.18,14628.95
2026-01-19 23:00:00,14629.45,14634.1,14531.02,14531.77
2026-01-20 00:00:00,14532.09,14561.25,14474.96,14482.84
2026-01-20 01:00:00,14483.07,14646.49,14472.55,14629.36
2026-01-20 02:00:00,14629.62,14648.8,14575.2,14594.93
2026-01-20 03:00:00,14594.07,14649.08,14543.67,14649.08
2026-01-20 04:00:00,14649.48,14816.11,14634.36,14810.71
2026-01-20 05:00:00,14810.62,14816.45,14656.15,14688.6
2026-01-20 06:00:00,14688.64,14695.51,14579.91,14579.91
2026-01-20 07:00:00,14579.31,14580.38,14440.29,14443.96
2026-01-20 08:00:00,14443.9,14497.9,14410.3,14454.45
2026-01-20 09:00:00,14453.95,14586.22,14407.38,14557.8
2026-01-20 10:00:00,14558.07,14667.08,14528.52,14605.48
2026-01-20 11:00:00,14606.06,14606.31,14501.0,14504.65
2026-01-20 12:00:00,14504.69,14625.56,14461.14,14571.14
2026-01-20 13:00:00,14571.12,14575.0,14434.07,14437.42
2026-01-20 14:00:00,14437.79,14561.97,14436.08,14495.92
2026-01-20 15:00:00,14495.99,14681.38,14432.84,14644.53
2026-01-20 16:00:00,14644.25,14650.69,14554.11,14644.68
2026-01-20 17:00:00,14644.38,14645.27,14557.13,14583.69
2026-01-20 18:00:00,14583.51,14588.61,14487.87,14494.79
2026-01-20 19:00:00,14494.35,14516.61,14416.43,14475.18
2026-01-20 20:00:00,14475.65,14624.14,14439.48,14608.23
2026-01-20 21:00:00,14607.72,14633.6,14582.08,14628.74
2026-01-20 22:00:00,14628.51,14722.22,14580.15,14696.42
2026-01-20 23:00:00,14697.01,14697.97,14597.2,14598.02
2026-01-21 00:00:00,14597.74,14610.48,14525.13,14526.43
2026-01-21 01:00:00,14526.36,14580.83,14464.72,14464.99
2026-01-21 02:00:00,14464.23,14589.54,14412.11,14486.83
2026-01-21 03:00:00,14487.67,14542.82,14440.87,14441.93
2026-01-21 04:00:00,14442.1,14531.51,14434.52,14459.24
2026-01-21 05:00:00,14459.27,14594.75,14449.14,14591.77
2026-01-21 06:00:00,14591.45,14644.83,14556.98,14556.98
2026-01-21 07:00:00,14557.6,14568.04,14454.53,14454.53
2026-01-21 08:00:00,14454.59,14520.35,14426.0,14473.35
2026-01-21 09:00:00,14472.49,14472.49,14370.78,14381.59
2026-01-21 10:00:00,14381.3,14623.3,14366.22,14521.84
2026-01-21 11:00:00,14522.26,14600.45,14520.22,14565.93
2026-01-21 12:00:00,14566.07,14568.64,14477.71,14525.86
2026-01-21 13:00:00,14525.9,14758.13,14491.6,14746.94
2026-01-21 14:00:00,14746.85,14966.12,14728.55,14929.2
2026-01-21 15:00:00,14928.96,14951.82,14852.2,14923.32
2026-01-21 16:00:00,14922.79,14925.79,14827.02,14830.77
2026-01-21 17:00:00,14831.69,14879.88,14768.79,14789.96
2026-01-21 18:00:00,14791.29,14845.73,14716.24,14719.52
2026-01-21 19:00:00,14719.69,14931.02,14692.01,14918.84
2026-01-21 20:00:00,14918.27,15037.72,14911.5,15032.77
2026-01-21 21:00:00,15032.62,15037.95,14892.92,14972.54
2026-01-21 22:00:00,14972.26,15189.74,14947.15,15187.15
2026-01-21 23:00:00,15187.29,15243.47,15127.31,15229.25
2026-01-22 00:00:00,15229.59,15234.21,15134.37,15174.37
2026-01-22 01:00:00,15174.02,15175.17,15044.66,15106.71
2026-01-22 02:00:00,15106.1,15152.76,15016.31,15128.48
2026-01-22 03:00:00,15128.44,15134.24,15000.71,15053.2
2026-01-22 04:00:00,15053.49,15189.95,15046.32,15174.79
2026-01-22 05:00:00,15175.6,15178.35,15084.38,15141.75
2026-01-22 06:00:00,15141.48,15184.91,15116.39,15121.24
2026-01-22 07:00:00,15121.91,15125.89,14962.35,14973.04
2026-01-22 08:00:00,14973.48,14976.75,14777.11,14778.03
2026-01-22 09:00:00,14777.05,14777.05,14647.35,14647.35
2026-01-22 10:00:00,14647.83,14727.58,14634.78,14647.8
2026-01-22 11:00:00,14647.9,14672.71,14563.28,14566.74
2026-01-22 12:00:00,14566.78,14799.4,14550.11,14771.42
2026-01-22 13:00:00,14770.73,15118.43,14769.1,15116.35
2026-01-22 14:00:00,15116.04,15214.82,15100.37,15134.85
2026-01-22 15:00:00,15135.05,15151.22,15056.83,15061.84
2026-01-22 16:00:00,15061.88,15155.58,15023.33,15135.31
2026-01-22 17:00:00,15134.55,15136.97,14994.25,14999.17
2026-01-22 18:00:00,14999.41,15003.43,14898.48,14946.44
2026-01-22 19:00:00,14946.42,14951.15,14843.42,14844.33
2026-01-22 20:00:00,14844.15,14844.15,14664.09,14667.68
2026-01-22 21:00:00,14667.44,15056.41,14623.15,15045.99
2026-01-22 22:00:00,15045.98,15082.86,15001.26,15014.05
2026-01-22 23:00:00,15014.15,15017.39,14894.2,14896.08
2026-01-23 00:00:00,14895.87,14940.63,14830.39,14830.51
2026-01-23 01:00:00,14830.92,14873.1,14782.1,14820.39
2026-01-23 02:00:00,14819.58,14850.07,14788.84,14790.07
2026-01-23 03:00:00,14789.7,14794.82,14736.51,14740.67
2026-01-23 04:00:00,14740.64,14742.4,14612.59,14687.02
2026-01-23 05:00:00,14686.9,14691.55,14612.55,14626.57
2026-01-23 06:00:00,14626.76,14651.41,14589.78,14615.45
2026-01-23 07:00:00,14615.72,14652.89,14544.22,14550.17
2026-01-23 08:00:00,14549.82,14693.88,14471.15,14671.45
2026-01-23 09:00:00,14672.07,14684.64,14521.58,14541.87
2026-01-23 10:00:00,14542.49,14562.12,14483.92,14516.42
2026-01-23 11:00:00,14516.22,14520.58,14360.14,14389.1
2026-01-23 12:00:00,14388.98,14491.31,14376.87,14444.27
2026-01-23 13:00:00,14443.91,14445.35,14372.41,14384.21
2026-01-23 14:00:00,14385.93,14473.9,14324.66,14387.9
2026-01-23 15:00:00,14388.12,14469.61,14384.77,14441.98
2026-01-23 16:00:00,14441.84,14478.31,14341.3,14400.87
2026-01-23 17:00:00,14424.24,14428.05,14365.0,14369.0
2026-01-23 18:00:00,14369.22,14370.81,14256.57,14298.46
2026-01-23 19:00:00,14372.46,14372.46,14227.24,14277.2
2026-01-23 20:00:00,14276.91,14342.11,14265.66,14332.98
2026-01-23 21:00:00,14333.17,14430.4,14330.98,14337.57
2026-01-23 22:00:00,14338.62,14409.65,14306.09,14306.21
2026-01-23 23:00:00,14305.08,14459.95,14273.74,14423.35
2026-01-24 00:00:00,14423.8,14691.89,14416.33,14623.87
2026-01-24 01:00:00,14624.3,14686.95,14561.56,14561.56
2026-01-24 02:00:00,14561.91,14641.38,14485.19,14491.49
2026-01-24 03:00:00,14491.98,14492.54,14409.54,14412.68
2026-01-24 04:00:00,14412.92,14539.71,14397.71,14527.72
2026-01-24 05:00:00,14527.21,14529.1,14385.26,14386.31
2026-01-24 06:00:00,14385.21,14385.21,14302.51,14314.64
2026-01-24 07:00:00,14314.97,14333.65,14277.89,14302.16
2026-01-24 08:00:00,14302.19,14304.69,14210.1,14244.31
2026-01-24 09:00:00,14243.64,14254.05,14149.22,14165.25
2026-01-24 10:00:00,14165.27,14212.47,14111.72,14201.68
2026-01-24 11:00:00,14202.16,14281.85,14154.23,14230.88
2026-01-24 12:00:00,14231.63,14236.96,14158.83,14210.75
2026-01-24 13:00:00,14211.09,14211.12,14043.12,14044.73
2026-01-24 14:00:00,14045.1,14417.97,14043.81,14386.26
2026-01-24 15:00:00,14386.41,14562.39,14373.38,14450.79
2026-01-24 16:00:00,14450.45,14459.31,14378.84,14432.64
2026-01-24 17:00:00,14431.97,14484.84,14408.42,14439.89
2026-01-24 18:00:00,14439.91,14441.53,14321.24,14379.33
2026-01-24 19:00:00,14379.81,14400.17,14290.62,14293.22
2026-01-24 20:00:00,14293.53,14310.16,14209.5,14238.99
2026-01-24 21:00:00,14239.33,14307.03,14207.87,14271.5
2026-01-24 22:00:00,14271.78,14327.89,14237.39,14261.91
2026-01-24 23:00:00,14262.19,14327.18,14221.91,14287.3
2026-01-25 00:00:00,14286.15,14306.95,14171.66,14173.47
2026-01-25 01:00:00,14173.29,14283.72,14167.8,14260.47
2026-01-25 02:00:00,14260.68,14380.4,14245.31,14349.98
2026-01-25 03:00:00,14350.83,14540.88,14345.55,14527.12
2026-01-25 04:00:00,14527.99,14578.33,14439.48,14574.97
2026-01-25 05:00:00,14575.41,14648.69,14520.89,14604.12
2026-01-25 06:00:00,14603.93,14788.88,14595.2,14735.52
2026-01-25 07:00:00,14736.12,14819.18,14720.48,14788.65
2026-01-25 08:00:00,14788.41,14953.64,14750.93,14887.69
2026-01-25 09:00:00,14887.77,14902.38,14814.82,14845.8
2026-01-25 10:00:00,14845.08,14940.82,14818.41,14820.52
2026-01-25 11:00:00,14820.43,14899.43,14782.9,14785.26
2026-01-25 12:00:00,14784.54,14809.21,14744.85,14745.7
2026-01-25 13:00:00,14746.33,14771.47,14652.45,14652.45
2026-01-25 14:00:00,14652.05,14711.82,14575.32,14699.39
2026-01-25 15:00:00,14699.22,14969.23,14663.15,14964.98
2026-01-25 16:00:00,14966.17,15141.79,14929.73,15047.97
2026-01-25 17:00:00,15048.4,15050.48,14902.79,14913.7
2026-01-25 18:00:00,14914.11,15046.95,14886.38,15002.84
2026-01-25 19:00:00,15003.32,15159.06,14962.46,15142.1
2026-01-25 20:00:00,15142.19,15199.02,15032.09,15038.56
2026-01-25 21:00:00,15038.44,15040.45,14979.79,14983.76
2026-01-25 22:00:00,14982.41,14986.16,14896.57,14947.99
2026-01-25 23:00:00,14948.31,15035.1,14915.21,14968.47
2026-01-26 00:00:00,14969.6,14997.9,14930.81,14947.16
2026-01-26 01:00:00,14946.94,14969.74,14862.91,14958.35
2026-01-26 02:00:00,14958.68,14958.68,14866.66,14876.66
2026-01-26 03:00:00,14875.98,15141.25,14821.21,15075.76
2026-01-26 04:00:00,15075.67,15210.16,15026.96,15186.13
2026-01-26 05:00:00,15184.77,15428.97,15184.77,15410.83
2026-01-26 06:00:00,15409.75,15413.02,15319.61,15320.7
2026-01-26 07:00:00,15320.39,15363.2,15275.56,15299.07
2026-01-26 08:00:00,15299.04,15350.42,15278.17,15278.85
2026-01-26 09:00:00,15279.1,15286.85,15180.44,15188.55
2026-01-26 10:00:00,15188.57,15343.61,15148.48,15308.76
2026-01-26 11:00:00,15309.83,15353.52,15244.99,15349.41
2026-01-26 12:00:00,15349.26,15383.52,15286.51,15342.27
2026-01-26 13:00:00,15341.47,15511.51,15337.58,15502.19
2026-01-26 14:00:00,15502.66,15531.98,15425.59,15492.08
2026-01-26 15:00:00,15493.33,15496.5,15391.86,15444.77
2026-01-26 16:00:00,15443.87,15494.89,15363.46,15494.36
2026-01-26 17:00:00,15494.28,15563.16,15451.01,15461.48
2026-01-26 18:00:00,15461.17,15559.2,15441.53,15507.4
2026-01-26 19:00:00,15506.62,15669.55,15489.82,15605.77
2026-01-26 20:00:00,15605.28,15637.77,15531.9,15624.77
2026-01-26 21:00:00,15624.74,15720.13,15594.81,15716.62
2026-01-26 22:00:00,15717.05,15774.99,15599.6,15745.15
2026-01-26 23:00:00,15745.13,15773.04,15675.06,15683.78
2026-01-27 00:00:00,15683.39,15700.61,15618.4,15674.54
2026-01-27 01:00:00,15675.18,15816.27,15653.38,15778.39
2026-01-27 02:00:00,15778.66,15942.68,15738.51,15929.32
2026-01-27 03:00:00,15930.22,15930.22,15810.92,15868.48
2026-01-27 04:00:00,15868.41,16139.4,15847.94,16130.77
2026-01-27 05:00:00,16129.97,16134.19,16025.54,16088.7
2026-01-27 06:00:00,16088.26,16089.1,15957.56,15973.72
2026-01-27 07:00:00,15973.88,16252.02,15954.96,16238.36
2026-01-27 08:00:00,16238.83,16249.87,16073.82,16106.78
2026-01-27 09:00:00,16106.94,16108.03,15939.73,16049.74
2026-01-27 10:00:00,16049.99,16152.86,16026.96,16093.37
2026-01-27 11:00:00,16093.22,16279.45,16091.68,16166.21
2026-01-27 12:00:00,16165.81,16202.6,16091.83,16139.98
2026-01-27 13:00:00,16140.15,16141.49,16022.08,16023.34
2026-01-27 14:00:00,16023.73,16131.94,15920.31,16128.57
2026-01-27 15:00:00,16129.03,16132.05,16023.19,16027.36
2026-01-27 16:00:00,16026.38,16129.16,15991.08,16045.05
2026-01-27 17:00:00,16045.7,16051.92,15933.4,15949.62
2026-01-27 18:00:00,15950.33,15979.34,15913.22,15951.39
2026-01-27 19:00:00,15950.86,16167.76,15914.81,16162.65
2026-01-27 20:00:00,16161.65,16221.05,16102.83,16147.73
2026-01-27 21:00:00,16148.3,16149.14,15989.45,15994.92
2026-01-27 22:00:00,15995.4,16075.79,15980.05,16033.24
2026-01-27 23:00:00,16033.49,16092.28,15989.26,16076.63
2026-01-28 00:00:00,16076.45,16100.78,15993.23,16002.31
2026-01-28 01:00:00,16002.18,16312.81,15948.95,16309.76
2026-01-28 02:00:00,16309.33,16322.81,16176.62,16181.11
2026-01-28 03:00:00,16181.36,16224.37,16143.6,16182.01
2026-01-28 04:00:00,16182.33,16265.7,16149.3,16224.86
2026-01-28 05:00:00,16224.62,16232.27,16155.47,16174.97
2026-01-28 06:00:00,16174.63,16218.8,16110.97,16115.24
2026-01-28 07:00:00,16114.94,16119.05,16025.38,16026.14
2026-01-28 08:00:00,16025.59,16058.74,15979.35,16049.63
2026-01-28 09:00:00,16049.58,16066.21,15974.67,16038.33
2026-01-28 10:00:00,16037.66,16160.22,16022.54,16087.77
2026-01-28 11:00:00,16088.4,16216.73,16084.41,16142.09
2026-01-28 12:00:00,16142.05,16288.92,16138.19,16288.59
2026-01-28 13:00:00,16287.87,16292.71,16181.89,16271.91
2026-01-28 14:00:00,16272.67,16440.53,16268.25,16412.96
2026-01-28 15:00:00,16412.64,16618.74,16347.27,16579.34
2026-01-28 16:00:00,16579.45,16593.32,16493.01,16496.3
2026-01-28 17:00:00,16496.56,16512.82,16403.42,16467.75
2026-01-28 18:00:00,16466.78,16473.61,16369.11,16427.73
2026-01-28 19:00:00,16427.57,16532.58,16419.95,16436.11
2026-01-28 20:00:00,16435.96,16462.28,16317.39,16318.9
2026-01-28 21:00:00,16319.37,16340.01,16271.16,16272.43
2026-01-28 22:00:00,16271.36,16280.92,16143.51,16147.81
2026-01-28 23:00:00,16148.17,16155.46,16053.71,16130.63
2026-01-29 00:00:00,16129.88,16213.32,16060.39,16154.15
2026-01-29 01:00:00,16154.05,16296.37,16112.32,16214.5
2026-01-29 02:00:00,16214.08,16394.94,16199.59,16365.49
2026-01-29 03:00:00,16365.34,16455.61,16356.77,16387.38
2026-01-29 04:00:00,16386.7,16451.63,16360.13,16363.53
2026-01-29 05:00:00,16364.02,16414.13,16256.41,16409.02
2026-01-29 06:00:00,16408.27,16409.53,16312.61,16323.61
2026-01-29 07:00:00,16323.87,16526.87,16316.16,16394.5
2026-01-29 08:00:00,16394.28,16470.0,16369.86,16401.17
2026-01-29 09:00:00,16400.76,16694.99,16373.6,16689.99
2026-01-29 10:00:00,16690.43,16701.93,16649.48,16661.3
2026-01-29 11:00:00,16661.64,16675.98,16606.8,16623.24
2026-01-29 12:00:00,16622.84,16845.41,16597.44,16746.42
2026-01-29 13:00:00,16746.45,16866.85,16646.08,16771.31
2026-01-29 14:00:00,16772.21,16820.34,16758.8,16758.83
2026-01-29 15:00:00,16759.75,16762.13,16599.83,16606.3
2026-01-29 16:00:00,16606.89,16609.08,16513.69,16567.57
2026-01-29 17:00:00,16567.97,16589.63,16491.93,16519.92
2026-01-29 18:00:00,16518.92,16529.32,16442.95,16447.03
2026-01-29 19:00:00,16446.74,16451.2,16327.39,16327.39
2026-01-29 20:00:00,16327.62,16455.41,16258.41,16412.71
2026-01-29 21:00:00,16413.19,16447.74,16355.26,16359.83
2026-01-29 22:00:00,16359.15,16367.53,16320.68,16329.16
2026-01-29 23:00:00,16329.43,16637.53,16281.54,16622.27
2026-01-30 00:00:00,16621.95,16751.63,16559.55,16561.87
2026-01-30 01:00:00,16561.05,16602.3,16542.77,16575.23
2026-01-30 02:00:00,16575.77,16678.18,16540.74,16589.79
2026-01-30 03:00:00,16589.58,16648.09,16541.41,16640.72
2026-01-30 04:00:00,16640.72,16700.96,16612.13,16614.29
2026-01-30 05:00:00,16613.73,16656.33,16495.76,16621.17
2026-01-30 06:00:00,16621.32,16637.88,16532.38,16581.34
2026-01-30 07:00:00,16581.31,16876.8,16572.79,16875.85
2026-01-30 08:00:00,16876.15,17024.05,16851.2,16964.77
2026-01-30 09:00:00,16965.24,17016.03,16931.77,16951.54
2026-01-30 10:00:00,16951.4,16969.6,16825.57,16825.57
2026-01-30 11:00:00,16825.77,16939.98,16807.41,16825.63
2026-01-30 12:00:00,16826.14,16856.23,16783.68,16815.55
2026-01-30 13:00:00,16814.52,17025.65,16789.96,17015.88
2026-01-30 14:00:00,17017.12,17136.83,16933.77,17036.89
2026-01-30 15:00:00,17037.47,17075.99,16988.6,17032.22
2026-01-30 16:00:00,17032.76,17053.92,16946.55,16946.76
2026-01-30 17:00:00,16945.54,16962.63,16864.34,16868.32
2026-01-30 18:00:00,16867.74,16953.26,16823.87,16915.64
2026-01-30 19:00:00,16916.83,16917.53,16798.89,16811.53
2026-01-30 20:00:00,16811.27,16919.26,16789.14,16840.7
2026-01-30 21:00:00,16840.46,16862.75,16759.91,16777.65
2026-01-30 22:00:00,16777.94,16778.65,16665.53,16747.36
2026-01-30 23:00:00,16748.18,16874.53,16698.37,16860.36
2026-01-31 00:00:00,16860.62,16875.65,16670.66,16870.93
2026-01-31 01:00:00,16871.87,16968.8,16797.82,16940.87
2026-01-31 02:00:00,16940.32,17119.71,16841.41,17113.28
2026-01-31 03:00:00,17113.48,17129.94,16981.73,16999.68
2026-01-31 04:00:00,16999.44,17120.98,16939.07,17115.34
2026-01-31 05:00:00,17116.1,17116.1,16991.81,16991.98
2026-01-31 06:00:00,16992.36,17036.77,16932.84,16959.83
2026-01-31 07:00:00,16960.89,16963.33,16882.21,16892.06
2026-01-31 08:00:00,16892.75,16952.8,16795.28,16837.0
2026-01-31 09:00:00,16835.8,16925.04,16767.99,16922.83
2026-01-31 10:00:00,16922.74,17126.63,16881.4,17118.55
2026-01-31 11:00:00,17118.64,17270.43,17048.73,17269.33
2026-01-31 12:00:00,17269.04,17355.07,17213.24,17239.42
2026-01-31 13:00:00,17240.04,17388.83,17229.58,17311.62
2026-01-31 14:00:00,17311.88,17382.31,17252.45,17343.67
2026-01-31 15:00:00,17344.56,17354.07,17267.96,17320.38
2026-01-31 16:00:00,17320.48,17487.06,17308.5,17448.65
2026-01-31 17:00:00,17447.88,17451.75,17360.12,17360.32
2026-01-31 18:00:00,17360.81,17403.93,17270.76,17275.15
2026-01-31 19:00:00,17275.26,17579.68,17226.0,17537.48
2026-01-31 20:00:00,17537.44,17545.17,17428.96,17450.1
2026-01-31 21:00:00,17450.86,17465.27,17319.89,17320.7
2026-01-31 22:00:00,17319.83,17393.31,17276.08,17283.72
2026-01-31 23:00:00,17283.21,17289.19,17120.98,17124.23
2026-02-01 00:00:00,17125.15,17158.09,17043.49,17129.56
2026-02-01 01:00:00,17129.5,17131.67,17013.9,17081.53
2026-02-01 02:00:00,17080.16,17190.46,17018.84,17135.24
2026-02-01 03:00:00,17135.19,17159.11,17015.65,17015.65
2026-02-01 04:00:00,17016.82,17035.83,16926.21,16944.1
2026-02-01 05:00:00,16943.75,16944.02,16831.1,16832.39
2026-02-01 06:00:00,16831.86,17091.6,16827.09,17062.68
2026-02-01 07:00:00,17062.66,17103.26,17011.25,17013.52
2026-02-01 08:00:00,17015.03,17071.64,16891.37,16911.33
2026-02-01 09:00:00,16911.06,16915.54,16767.2,16768.01
2026-02-01 10:00:00,16767.99,16770.11,16664.96,16672.03
2026-02-01 11:00:00,16671.58,16707.89,16595.49,16615.18
2026-02-01 12:00:00,16614.83,16722.63,16613.03,16672.6
2026-02-01 13:00:00,16672.4,16672.56,16533.75,16542.55
2026-02-01 14:00:00,16542.94,16665.89,16527.72,16546.85
2026-02-01 15:00:00,16546.55,16558.56,16414.16,16417.85
2026-02-01 16:00:00,16417.41,16486.34,16382.77,16454.0
2026-02-01 17:00:00,16453.04,16510.98,16377.73,16391.96
2026-02-01 18:00:00,16392.28,16485.13,16322.17,16424.42
2026-02-01 19:00:00,16424.38,16435.63,16369.51,16403.5
2026-02-01 20:00:00,16404.36,16409.0,16213.87,16219.88
2026-02-01 21:00:00,16220.15,16240.33,16121.07,16121.27
2026-02-01 22:00:00,16121.73,16136.32,16054.87,16064.17
2026-02-01 23:00:00,16064.55,16073.89,15962.29,15964.84
2026-02-02 00:00:00,15964.1,15983.93,15898.45,15918.08
2026-02-02 01:00:00,15918.06,16152.24,15898.21,16131.49
2026-02-02 02:00:00,16131.24,16150.82,16074.03,16085.81
2026-02-02 03:00:00,16084.67,16219.36,16057.5,16196.81
2026-02-02 04:00:00,16197.52,16224.14,16116.5,16139.2
2026-02-02 05:00:00,16139.26,16142.89,16037.69,16060.5
2026-02-02 06:00:00,16061.15,16130.49,16027.18,16111.56
2026-02-02 07:00:00,16110.68,16267.2,16107.81,16246.85
2026-02-02 08:00:00,16246.46,16250.35,16123.66,16125.02
2026-02-02 09:00:00,16124.45,16231.79,16111.23,16116.71
2026-02-02 10:00:00,16116.55,16181.52,16083.22,16124.67
2026-02-02 11:00:00,16124.71,16184.92,16094.65,16114.82
2026-02-02 12:00:00,16115.23,16148.36,16024.55,16024.55
2026-02-02 13:00:00,16024.16,16182.31,16020.24,16143.47
2026-02-02 14:00:00,16143.69,16329.92,16137.64,16199.46
2026-02-02 15:00:00,16199.42,16204.66,16107.53,16126.92
2026-02-02 16:00:00,16126.85,16128.76,16042.38,16045.09
2026-02-02 17:00:00,16044.41,16100.08,16012.44,16041.17
2026-02-02 18:00:00,16042.08,16096.73,16007.39,16021.82
2026-02-02 19:00:00,16021.33,16022.44,15880.01,15962.59
2026-02-02 20:00:00,15962.58,15964.01,15848.27,15880.14
2026-02-02 21:00:00,15880.14,15882.7,15739.8,15760.19
2026-02-02 22:00:00,15760.1,15795.03,15637.87,15790.7
2026-02-02 23:00:00,15790.98,15840.76,15739.64,15740.68
2026-02-03 00:00:00,15740.35,15740.66,15623.02,15629.53
2026-02-03 01:00:00,15629.76,15641.59,15508.64,15508.64
2026-02-03 02:00:00,15508.7,15541.3,15412.61,15518.73
2026-02-03 03:00:00,15518.49,15721.24,15507.45,15561.92
2026-02-03 04:00:00,15561.48,15607.25,15521.99,15527.1
2026-02-03 05:00:00,15526.2,15526.49,15412.43,15418.78
2026-02-03 06:00:00,15418.95,15422.01,15273.9,15288.58
2026-02-03 07:00:00,15289.5,15319.46,15227.09,15228.66
2026-02-03 08:00:00,15229.14,15258.79,15169.65,15169.66
2026-02-03 09:00:00,15170.14,15228.76,15110.02,15137.56
2026-02-03 10:00:00,15137.77,15167.06,15052.55,15088.6
2026-02-03 11:00:00,15089.73,15168.69,15069.35,15113.45
2026-02-03 12:00:00,15113.74,15155.52,15038.35,15149.87
2026-02-03 13:00:00,15150.34,15152.45,14993.37,14995.45
2026-02-03 14:00:00,14996.11,15105.6,14898.76,15085.2
2026-02-03 15:00:00,15084.74,15112.65,15034.47,15082.46
2026-02-03 16:00:00,15082.42,15120.52,15015.47,15035.69
2026-02-03 17:00:00,15035.55,15062.18,14936.11,14989.36
2026-02-03 18:00:00,14988.83,15145.31,14978.29,15037.36
2026-02-03 19:00:00,15037.54,15094.93,14946.45,14947.93
2026-02-03 20:00:00,14947.86,14953.48,14842.09,14847.71
2026-02-03 21:00:00,14847.52,14903.3,14814.15,14817.84
2026-02-03 22:00:00,14816.41,14849.52,14763.26,14817.57
2026-02-03 23:00:00,14818.81,14818.81,14700.52,14704.37
2026-02-04 00:00:00,14703.87,14705.1,14623.11,14623.11
2026-02-04 01:00:00,14623.03,14729.25,14621.08,14692.37
2026-02-04 02:00:00,14693.85,15040.99,14674.31,15037.79
2026-02-04 03:00:00,15037.42,15153.62,14976.33,14981.04
2026-02-04 04:00:00,14981.08,14987.06,14836.06,14854.3
2026-02-04 05:00:00,14854.11,14919.61,14834.25,14879.66
2026-02-04 06:00:00,14878.72,14888.12,14830.55,14838.89
2026-02-04 07:00:00,14838.93,14880.07,14791.71,14805.14
2026-02-04 08:00:00,14804.79,14872.54,14769.21,14787.07
2026-02-04 09:00:00,14787.55,14817.08,14712.33,14716.58
2026-02-04 10:00:00,14716.43,14744.5,14660.48,14689.82
2026-02-04 11:00:00,14690.63,14928.45,14653.68,14909.48
2026-02-04 12:00:00,14908.6,14933.98,14824.1,14879.88
2026-02-04 13:00:00,14879.94,14920.65,14858.68,14881.95
2026-02-04 14:00:00,14882.07,14883.35,14808.33,14829.44
2026-02-04 15:00:00,14828.73,14871.25,14808.32,14810.24
2026-02-04 16:00:00,14810.16,14810.85,14650.92,14674.19
2026-02-04 17:00:00,14674.14,14700.52,14605.52,14647.75
2026-02-04 18:00:00,14647.19,14696.36,14592.11,14609.41
2026-02-04 19:00:00,14608.85,14609.88,14527.4,14534.38
2026-02-04 20:00:00,14534.88,14685.51,14526.05,14651.34
2026-02-04 21:00:00,14651.98,14714.3,14588.69,14709.13
2026-02-04 22:00:00,14709.27,14715.15,14608.57,14615.33
2026-02-04 23:00:00,14614.18,14638.07,14556.59,14595.9
2026-02-05 00:00:00,14596.14,14763.52,14542.28,14748.43
2026-02-05 01:00:00,14748.36,14782.29,14712.83,14743.23
2026-02-05 02:00:00,14743.62,14743.62,14679.06,14689.37
2026-02-05 03:00:00,14689.52,15053.45,14673.61,15042.54
2026-02-05 04:00:00,15042.48,15081.68,15033.09,15034.2
2026-02-05 05:00:00,15033.92,15034.47,14896.4,14898.84
2026-02-05 06:00:00,14900.21,15101.73,14898.9,15095.17
2026-02-05 07:00:00,15095.25,15340.26,15093.46,15298.27
2026-02-05 08:00:00,15299.06,15299.24,15207.07,15224.23
2026-02-05 09:00:00,15224.61,15336.72,15195.95,15318.0
2026-02-05 10:00:00,15318.25,15375.7,15277.47,15302.3
2026-02-05 11:00:00,15301.98,15335.98,15255.45,15273.57
2026-02-05 12:00:00,15273.96,15277.37,15183.09,15216.62
2026-02-05 13:00:00,15216.67,15217.03,15093.86,15094.63
2026-02-05 14:00:00,15095.53,15270.23,15079.77,15259.19
2026-02-05 15:00:00,15258.85,15484.93,15254.74,15400.93
2026-02-05 16:00:00,15401.07,15404.19,15305.44,15312.22
2026-02-05 17:00:00,15312.99,15324.14,15208.57,15212.06
2026-02-05 18:00:00,15211.16,15335.81,15158.92,15210.61
2026-02-05 19:00:00,15210.48,15323.71,15174.32,15265.24
2026-02-05 20:00:00,15265.04,15267.54,15095.58,15127.55
2026-02-05 21:00:00,15127.59,15135.65,15059.29,15075.37
2026-02-05 22:00:00,15076.09,15132.32,15070.62,15077.17
2026-02-05 23:00:00,15077.17,15235.57,15054.07,15211.67
2026-02-06 00:00:00,15211.8,15254.03,15173.53,15249.56
2026-02-06 01:00:00,15250.09,15252.97,15097.63,15100.64
2026-02-06 02:00:00,15099.68,15107.02,14939.16,14943.01
2026-02-06 03:00:00,14943.05,14958.1,14847.79,14859.74
2026-02-06 04:00:00,14860.44,15133.48,14857.98,15104.16
2026-02-06 05:00:00,15104.21,15158.85,15035.72,15038.61
2026-02-06 06:00:00,15038.94,15047.68,14856.81,14909.73
2026-02-06 07:00:00,14909.91,14941.02,14839.65,14912.38
2026-02-06 08:00:00,14912.22,14913.08,14771.44,14771.45
2026-02-06 09:00:00,14771.31,14809.0,14718.46,14799.17
2026-02-06 10:00:00,14799.54,14877.76,14744.69,14752.04
2026-02-06 11:00:00,14751.44,14754.11,14651.14,14678.16
2026-02-06 12:00:00,14677.68,14739.1,14653.3,14735.96
2026-02-06 13:00:00,14735.91,14816.42,14722.79,14738.18
2026-02-06 14:00:00,14737.57,14738.57,14651.3,14701.05
2026-02-06 15:00:00,14700.45,14845.62,14679.27,14792.83
2026-02-06 16:00:00,14792.62,14808.39,14732.86,14734.07
2026-02-06 17:00:00,14732.91,14734.95,14670.5,14674.14
2026-02-06 18:00:00,14673.73,14684.17,14567.76,14673.08
2026-02-06 19:00:00,14672.41,14740.41,14668.13,14682.25
2026-02-06 20:00:00,14681.49,14696.98,14563.18,14645.1
2026-02-06 21:00:00,14646.15,14724.01,14629.07,14633.35
2026-02-06 22:00:00,14633.07,14634.5,14508.99,14564.2
2026-02-06 23:00:00,14564.95,14610.58,14543.93,14587.13
2026-02-07 00:00:00,14587.06,14644.31,14554.09,14554.09
2026-02-07 01:00:00,14554.44,14567.29,14472.85,14519.06
2026-02-07 02:00:00,14519.68,14569.07,14477.93,14538.08
2026-02-07 03:00:00,14537.51,14665.98,14526.68,14563.08
2026-02-07 04:00:00,14563.04,14584.7,14455.99,14460.52
2026-02-07 05:00:00,14460.34,14465.68,14301.92,14302.03
2026-02-07 06:00:00,14302.54,14361.89,14280.39,14357.41
2026-02-07 07:00:00,14358.05,14358.47,14245.77,14252.92
2026-02-07 08:00:00,14253.23,14335.63,14127.83,14322.78
2026-02-07 09:00:00,14322.59,14323.52,14221.9,14272.94
2026-02-07 10:00:00,14273.49,14276.82,14154.18,14161.55
2026-02-07 11:00:00,14161.79,14193.55,14109.58,14186.87
2026-02-07 12:00:00,14187.08,14255.35,14124.23,14235.11
2026-02-07 13:00:00,14235.27,14267.37,14165.08,14252.02
2026-02-07 14:00:00,14252.36,14335.88,14222.5,14274.56
2026-02-07 15:00:00,14274.76,14276.36,14197.75,14205.34
2026-02-07 16:00:00,14204.77,14225.09,14137.06,14137.06
2026-02-07 17:00:00,14136.98,14262.03,14120.8,14249.86
2026-02-07 18:00:00,14249.94,14256.53,14204.17,14218.08
2026-02-07 19:00:00,14218.1,14231.09,14088.72,14091.37
2026-02-07 20:00:00,14091.76,14115.76,14041.83,14043.69
2026-02-07 21:00:00,14043.21,14126.63,14038.04,14107.64
2026-02-07 22:00:00,14107.73,14114.11,13999.93,14028.68
2026-02-07 23:00:00,14028.34,14034.72,13936.77,13962.49
2026-02-08 00:00:00,13962.07,14003.0,13921.59,13925.76
2026-02-08 01:00:00,13925.15,13926.84,13794.26,13869.6
2026-02-08 02:00:00,13869.77,13911.39,13835.42,13841.62
2026-02-08 03:00:00,13841.11,13843.87,13742.75,13805.73
2026-02-08 04:00:00,13805.14,13906.76,13793.2,13867.43
2026-02-08 05:00:00,13866.77,13917.08,13849.1,13878.26
2026-02-08 06:00:00,13878.28,13886.91,13767.88,13795.1
2026-02-08 07:00:00,13795.94,13929.42,13791.86,13887.7
2026-02-08 08:00:00,13887.93,13903.52,13837.57,13879.03
2026-02-08 09:00:00,13879.79,13899.47,13803.59,13838.02
2026-02-08 10:00:00,13837.51,14059.26,13820.12,14056.49
2026-02-08 11:00:00,14057.37,14070.91,14014.52,14044.86
2026-02-08 12:00:00,14044.62,14048.8,13936.62,13936.62
2026-02-08 13:00:00,13937.05,13999.67,13884.06,13960.25
2026-02-08 14:00:00,13959.55,14056.54,13911.4,14052.97
2026-02-08 15:00:00,14052.23,14074.48,13996.32,14073.46
2026-02-08 16:00:00,14073.64,14095.78,13965.13,13965.49
2026-02-08 17:00:00,13965.33,14175.99,13924.75,14175.19
2026-02-08 18:00:00,14175.29,14186.15,14029.43,14030.48
2026-02-08 19:00:00,14031.16,14057.18,13970.18,14038.72
2026-02-08 20:00:00,14038.29,14149.34,14011.44,14128.42
2026-02-08 21:00:00,14127.76,14160.24,14106.56,14114.77
2026-02-08 22:00:00,14114.59,14118.45,14013.5,14075.43
2026-02-08 23:00:00,14075.97,14123.01,14035.2,14035.2
2026-02-09 00:00:00,14034.06,14170.24,14022.12,14139.6
2026-02-09 01:00:00,14139.23,14426.87,14128.79,14371.39
2026-02-09 02:00:00,14371.46,14421.08,14332.36,14418.99
2026-02-09 03:00:00,14418.2,14819.36,14393.29,14789.66
2026-02-09 04:00:00,14790.57,14792.24,14663.65,14713.9
2026-02-09 05:00:00,14713.61,14756.52,14672.04,14737.33
2026-02-09 06:00:00,14738.03,14742.14,14633.47,14634.33
2026-02-09 07:00:00,14634.28,14698.24,14572.73,14668.03
2026-02-09 08:00:00,14668.2,14682.44,14613.95,14674.49
2026-02-09 09:00:00,14674.64,14908.17,14666.47,14887.48
2026-02-09 10:00:00,14886.48,14886.48,14729.2,14729.21
2026-02-09 11:00:00,14729.43,14817.09,14706.93,14707.38
2026-02-09 12:00:00,14707.25,14808.34,14650.37,14798.05
2026-02-09 13:00:00,14797.54,14860.97,14746.07,14808.87
2026-02-09 14:00:00,14809.15,14848.44,14755.61,14815.47
2026-02-09 15:00:00,14815.45,14926.65,14812.23,14843.7
2026-02-09 16:00:00,14843.27,15041.8,14833.8,14969.13
2026-02-09 17:00:00,14969.24,15003.63,14896.33,14904.9
2026-02-09 18:00:00,14904.38,14904.98,14855.64,14866.09
2026-02-09 19:00:00,14865.44,14927.91,14804.01,14840.16
2026-02-09 20:00:00,14840.18,14965.88,14772.58,14960.8
2026-02-09 21:00:00,14960.57,15140.68,14946.85,15012.59
2026-02-09 22:00:00,15012.3,15039.27,14950.98,15020.53
2026-02-09 23:00:00,15019.85,15049.48,14957.54,14957.54
2026-02-10 00:00:00,14959.07,14994.22,14879.41,14927.06
2026-02-10 01:00:00,14927.08,14984.49,14877.06,14905.93
2026-02-10 02:00:00,14905.78,14912.46,14821.46,14852.86
2026-02-10 03:00:00,14853.27,14944.34,14843.57,14925.81
2026-02-10 04:00:00,14925.45,14978.1,14859.21,14974.39
2026-02-10 05:00:00,15018.51,15025.65,14883.92,14889.78
2026-02-10 06:00:00,14889.91,14889.91,14793.13,14807.48
2026-02-10 07:00:00,14808.15,14901.83,14789.07,14815.42
2026-02-10 08:00:00,14816.33,14964.01,14803.9,14936.51
2026-02-10 09:00:00,14936.47,14997.94,14862.46,14862.46
2026-02-10 10:00:00,14861.57,14916.71,14810.0,14910.58
2026-02-10 11:00:00,14909.98,14927.18,14808.2,14852.28
2026-02-10 12:00:00,14852.49,15029.57,14808.69,15006.46
2026-02-10 13:00:00,15006.36,15186.69,14990.33,15170.82
2026-02-10 14:00:00,15170.56,15437.05,15170.56,15433.81
2026-02-10 15:00:00,15433.14,15434.19,15322.53,15347.32
2026-02-10 16:00:00,15347.43,15481.7,15337.55,15432.25
2026-02-10 17:00:00,15431.92,15451.56,15376.0,15430.89
2026-02-10 18:00:00,15431.16,15438.35,15335.04,15424.7
2026-02-10 19:00:00,15424.78,15476.23,15394.55,15418.35
2026-02-10 20:00:00,15418.46,15420.85,15326.63,15394.37
2026-02-10 21:00:00,15394.08,15494.59,15312.53,15494.59
2026-02-10 22:00:00,15494.79,15497.55,15375.43,15375.77
2026-02-10 23:00:00,15374.77,15374.77,15266.26,15269.09
2026-02-11 00:00:00,15268.96,15420.61,15266.28,15376.44
2026-02-11 01:00:00,15376.15,15436.23,15305.39,15307.04
2026-02-11 02:00:00,15306.74,15446.8,15243.76,15435.19
2026-02-11 03:00:00,15435.82,15530.61,15374.92,15448.45
2026-02-11 04:00:00,15448.65,15450.79,15319.06,15344.9
2026-02-11 05:00:00,15344.04,15417.28,15267.36,15396.16
2026-02-11 06:00:00,15395.54,15466.84,15370.91,15450.03
2026-02-11 07:00:00,15450.25,15460.16,15366.09,15368.26
2026-02-11 08:00:00,15368.49,15388.56,15315.89,15363.78
2026-02-11 09:00:00,15364.37,15367.26,15241.07,15248.85
2026-02-11 10:00:00,15248.65,15250.21,15145.03,15206.97
2026-02-11 11:00:00,15206.79,15250.8,15111.19,15113.04
2026-02-11 12:00:00,15112.13,15112.13,14986.39,14986.39
2026-02-11 13:00:00,14985.85,15064.29,14984.21,15022.26
2026-02-11 14:00:00,15022.72,15054.94,14972.29,15035.66
2026-02-11 15:00:00,15035.96,15101.31,15027.01,15092.0
2026-02-11 16:00:00,15092.4,15200.15,15079.5,15158.48
2026-02-11 17:00:00,15157.28,15224.43,15141.88,15169.02
2026-02-11 18:00:00,15168.56,15168.56,15070.35,15092.38
2026-02-11 19:00:00,15092.29,15100.34,14987.11,14988.42
2026-02-11 20:00:00,14988.06,15273.85,14985.76,15240.89
2026-02-11 21:00:00,15239.79,15390.47,15221.39,15227.71
2026-02-11 22:00:00,15227.35,15280.2,15173.35,15250.6
2026-02-11 23:00:00,15250.28,15263.7,15143.34,15170.8
2026-02-12 00:00:00,15171.28,15295.86,15149.81,15288.58
2026-02-12 01:00:00,15288.34,15297.48,15195.82,15273.05
2026-02-12 02:00:00,15272.81,15281.49,15181.3,15243.91
2026-02-12 03:00:00,15244.42,15353.52,15217.89,15272.76
2026-02-12 04:00:00,15273.07,15357.55,15249.77,15264.95
2026-02-12 05:00:00,15265.49,15355.05,15247.58,15267.39
2026-02-12 06:00:00,15265.75,15319.69,15244.85,15245.43
2026-02-12 07:00:00,15245.08,15305.88,15223.05,15297.31
2026-02-12 08:00:00,15297.4,15327.03,15214.88,15219.15
2026-02-12 09:00:00,15219.29,15225.14,15118.96,15157.95
2026-02-12 10:00:00,15157.6,15206.55,15085.2,15091.36
2026-02-12 11:00:00,15091.05,15157.05,15053.08,15134.17
2026-02-12 12:00:00,15134.2,15201.93,15112.81,15132.07
2026-02-12 13:00:00,15131.39,15187.01,15082.44,15088.42
2026-02-12 14:00:00,15088.98,15097.2,14974.29,14975.82
2026-02-12 15:00:00,14975.03,15015.18,14940.05,14965.47
2026-02-12 16:00:00,14965.59,14968.95,14897.19,14916.23
2026-02-12 17:00:00,14915.88,14984.18,14891.46,14906.13
2026-02-12 18:00:00,14905.96,14931.95,14815.52,14912.96
2026-02-12 19:00:00,14912.88,14937.46,14856.06,14872.06
2026-02-12 20:00:00,14872.56,14875.84,14708.67,14710.07
2026-02-12 21:00:00,14711.02,14796.46,14688.01,14751.3
2026-02-12 22:00:00,14750.82,14893.06,14749.09,14831.08
2026-02-12 23:00:00,14831.47,14906.07,14815.84,14882.93
2026-02-13 00:00:00,14882.62,14948.98,14797.37,14929.01
2026-02-13 01:00:00,14928.95,14999.12,14919.04,14962.75
2026-02-13 02:00:00,14961.93,15013.84,14917.17,15000.9
2026-02-13 03:00:00,15001.24,15013.29,14924.22,14932.3
2026-02-13 04:00:00,14932.27,15001.59,14926.6,14927.44
2026-02-13 05:00:00,14927.21,15055.25,14884.37,14985.51
2026-02-13 06:00:00,14985.62,15056.34,14960.84,14966.75
2026-02-13 07:00:00,14966.43,15306.7,14926.97,15293.41
2026-02-13 08:00:00,15293.07,15296.68,15184.94,15232.88
2026-02-13 09:00:00,15233.78,15234.2,15153.21,15197.22
2026-02-13 10:00:00,15196.99,15251.22,15128.29,15232.44
2026-02-13 11:00:00,15233.07,15247.9,15179.6,15199.12
2026-02-13 12:00:00,15199.39,15447.14,15132.55,15439.17
2026-02-13 13:00:00,15439.88,15488.44,15399.84,15426.57
2026-02-13 14:00:00,15427.03,15431.54,15302.67,15307.13
2026-02-13 15:00:00,15306.8,15514.6,15298.78,15484.57
2026-02-13 16:00:00,15483.83,15534.97,15415.93,15428.33
2026-02-13 17:00:00,15427.85,15464.0,15398.22,15426.61
2026-02-13 18:00:00,15426.46,15579.58,15421.51,15503.08
2026-02-13 19:00:00,15502.7,15544.71,15442.94,15477.44
2026-02-13 20:00:00,15477.05,15480.83,15409.21,15410.3
2026-02-13 21:00:00,15409.49,15410.92,15292.44,15313.98
2026-02-13 22:00:00,15314.24,15369.86,15267.01,15317.16
2026-02-13 23:00:00,15317.22,15322.2,15226.66,15249.16
2026-02-14 00:00:00,15249.18,15249.18,15096.83,15097.65
2026-02-14 01:00:00,15097.65,15106.13,15001.85,15002.01
2026-02-14 02:00:00,15001.66,15081.48,14958.51,15024.03
2026-02-14 03:00:00,15023.83,15073.74,14964.07,14996.79
2026-02-14 04:00:00,14997.52,15103.41,14934.95,15093.54
2026-02-14 05:00:00,15093.69,15193.22,15070.5,15173.97
2026-02-14 06:00:00,15174.81,15183.75,15101.49,15124.54
2026-02-14 07:00:00,15125.43,15296.1,15094.35,15267.13
2026-02-14 08:00:00,15267.43,15297.86,15233.44,15267.8
2026-02-14 09:00:00,15268.33,15269.18,15162.62,15208.17
2026-02-14 10:00:00,15207.73,15393.58,15163.96,15378.04
2026-02-14 11:00:00,15378.57,15383.51,15310.71,15338.46
2026-02-14 12:00:00,15337.81,15355.53,15199.62,15200.64
2026-02-14 13:00:00,15201.22,15203.24,15137.93,15137.93
2026-02-14 14:00:00,15137.38,15212.6,15115.32,15115.33
2026-02-14 15:00:00,15115.64,15121.22,15064.46,15067.83
2026-02-14 16:00:00,15068.39,15237.71,15052.26,15236.73
2026-02-14 17:00:00,15236.72,15268.76,15186.56,15212.34
2026-02-14 18:00:00,15212.59,15253.59,15177.25,15212.1
2026-02-14 19:00:00,15211.93,15464.2,15166.69,15413.98
2026-02-14 20:00:00,15414.48,15515.98,15398.89,15502.05
2026-02-14 21:00:00,15502.33,15657.98,15463.04,15624.57
2026-02-14 22:00:00,15623.28,15763.71,15620.77,15695.32
2026-02-14 23:00:00,15696.2,15722.23,15654.55,15708.64
2026-02-15 00:00:00,15708.5,15709.69,15535.43,15537.8
2026-02-15 01:00:00,15537.42,15680.2,15535.26,15679.89
2026-02-15 02:00:00,15679.86,15832.34,15632.62,15753.66
2026-02-15 03:00:00,15752.69,15785.85,15632.89,15738.96
2026-02-15 04:00:00,15738.47,16092.09,15736.79,16068.65
2026-02-15 05:00:00,16068.43,16135.37,16003.97,16082.03
2026-02-15 06:00:00,16081.72,16146.42,16002.91,16004.23
2026-02-15 07:00:00,16004.12,16099.28,15937.17,16096.89
2026-02-15 08:00:00,16097.06,16105.05,15971.22,16031.11
2026-02-15 09:00:00,16030.77,16064.75,15973.87,16046.78
2026-02-15 10:00:00,16046.43,16259.96,16029.46,16258.9
2026-02-15 11:00:00,16257.96,16263.33,16171.02,16217.87
2026-02-15 12:00:00,16217.88,16241.97,16117.63,16238.43
2026-02-15 13:00:00,16238.35,16380.66,16195.05,16202.72
2026-02-15 14:00:00,16202.43,16259.51,16160.7,16220.11
2026-02-15 15:00:00,16219.92,16284.99,16202.74,16274.05
2026-02-15 16:00:00,16273.14,16499.2,16186.23,16497.38
2026-02-15 17:00:00,16497.03,16498.8,16376.08,16392.8
2026-02-15 18:00:00,16392.85,16404.09,16246.56,16248.26
2026-02-15 19:00:00,16247.99,16265.18,16155.53,16176.21
2026-02-15 20:00:00,16176.57,16184.77,16003.35,16043.91
2026-02-15 21:00:00,16043.73,16074.29,15971.16,15973.65
2026-02-15 22:00:00,15973.46,15979.66,15830.87,15897.69
2026-02-15 23:00:00,15897.46,15898.78,15758.75,15870.72
2026-02-16 00:00:00,15870.51,16082.7,15836.52,16076.82
2026-02-16 01:00:00,16076.36,16170.15,16011.51,16125.8
2026-02-16 02:00:00,16125.12,16215.04,16107.23,16136.42
2026-02-16 03:00:00,16136.06,16204.95,16096.55,16143.67
2026-02-16 04:00:00,16144.58,16547.97,16139.62,16500.95
2026-02-16 05:00:00,16501.01,16507.29,16329.95,16336.08
2026-02-16 06:00:00,16335.49,16340.29,16236.74,16236.89
2026-02-16 07:00:00,16237.52,16240.22,16136.98,16156.62
2026-02-16 08:00:00,16157.41,16181.62,16067.32,16068.01
2026-02-16 09:00:00,16067.3,16138.92,16047.4,16058.2
2026-02-16 10:00:00,16058.05,16088.4,15987.02,16035.37
2026-02-16 11:00:00,16034.66,16084.75,15994.95,16063.49
2026-02-16 12:00:00,16063.97,16119.2,16060.5,16069.73
2026-02-16 13:00:00,16069.53,16108.28,16028.46,16060.81
2026-02-16 14:00:00,16060.15,16106.72,15944.34,15944.67
2026-02-16 15:00:00,15944.8,15944.8,15854.78,15863.77
2026-02-16 16:00:00,15863.02,15866.37,15774.03,15779.66
2026-02-16 17:00:00,15779.55,15853.77,15707.59,15783.29
2026-02-16 18:00:00,15783.23,15814.88,15698.82,15701.65
2026-02-16 19:00:00,15701.34,15838.3,15690.15,15826.31
2026-02-16 20:00:00,15825.89,15852.28,15760.51,15787.78
2026-02-16 21:00:00,15788.42,15798.26,15643.16,15652.24
2026-02-16 22:00:00,15652.97,15656.8,15590.44,15605.39
2026-02-16 23:00:00,15605.81,15705.33,15553.23,15625.57
2026-02-17 00:00:00,15625.55,16051.16,15610.8,16024.54
2026-02-17 01:00:00,16024.11,16120.48,15972.83,16114.04
2026-02-17 02:00:00,16114.72,16119.59,16035.29,16035.29
2026-02-17 03:00:00,16035.37,16039.67,15859.46,15859.46
2026-02-17 04:00:00,15858.26,15868.76,15767.89,15770.35
2026-02-17 05:00:00,15770.75,15807.43,15727.85,15731.96
2026-02-17 06:00:00,15732.73,15743.83,15643.1,15646.21
2026-02-17 07:00:00,15645.36,15646.9,15559.55,15561.92
2026-02-17 08:00:00,15562.29,15732.96,15556.39,15684.0
2026-02-17 09:00:00,15683.29,15710.56,15636.54,15638.72
2026-02-17 10:00:00,15638.93,15763.26,15584.43,15731.33
2026-02-17 11:00:00,15731.38,15733.9,15652.09,15653.07
2026-02-17 12:00:00,15652.49,15877.26,15572.28,15819.71
2026-02-17 13:00:00,15820.15,15822.3,15696.71,15701.55
2026-02-17 14:00:00,15701.5,15794.73,15666.08,15777.42
2026-02-17 15:00:00,15776.94,15832.56,15667.32,15813.08
2026-02-17 16:00:00,15812.74,15851.79,15773.18,15777.88
2026-02-17 17:00:00,15778.23,15833.79,15754.05,15780.45
2026-02-17 18:00:00,15780.45,15808.38,15714.93,15790.09
2026-02-17 19:00:00,15790.51,15871.26,15778.31,15785.4
2026-02-17 20:00:00,15784.9,15914.4,15770.75,15882.72
2026-02-17 21:00:00,15882.96,15944.68,15843.06,15901.67
2026-02-17 22:00:00,15901.39,15963.61,15862.18,15961.54
2026-02-17 23:00:00,15960.88,16031.07,15900.28,15998.24
2026-02-18 00:00:00,15997.96,16013.44,15851.44,15853.39
2026-02-18 01:00:00,15852.82,15938.09,15843.87,15855.33
2026-02-18 02:00:00,15855.89,15858.59,15766.14,15768.64
2026-02-18 03:00:00,15769.01,15906.16,15723.12,15860.94
2026-02-18 04:00:00,15860.37,15873.49,15747.96,15785.22
2026-02-18 05:00:00,15785.16,15950.09,15760.9,15923.98
2026-02-18 06:00:00,15924.1,16079.07,15900.77,16019.15
2026-02-18 07:00:00,16018.87,16195.46,15953.93,16182.1
2026-02-18 08:00:00,16181.71,16229.59,16135.62,16193.04
2026-02-18 09:00:00,16192.01,16281.2,16110.45,16112.33
2026-02-18 10:00:00,16112.05,16114.01,16035.18,16051.26
2026-02-18 11:00:00,16051.56,16053.32,15939.27,15940.05
2026-02-18 12:00:00,15939.78,16076.29,15922.96,15980.14
2026-02-18 13:00:00,15979.26,15989.42,15887.59,15888.18
2026-02-18 14:00:00,15888.32,16005.14,15823.87,15959.16
2026-02-18 15:00:00,15959.41,15960.63,15879.98,15897.85
2026-02-18 16:00:00,15897.36,15952.68,15841.57,15907.97
2026-02-18 17:00:00,15908.21,15909.73,15826.35,15874.35
2026-02-18 18:00:00,15872.85,15921.85,15774.34,15776.58
2026-02-18 19:00:00,15776.23,15777.79,15612.05,15615.91
2026-02-18 20:00:00,15616.29,15625.26,15444.33,15465.33
2026-02-18 21:00:00,15464.59,15465.78,15364.29,15392.98
2026-02-18 22:00:00,15392.47,15401.97,15319.48,15330.4
2026-02-18 23:00:00,15329.56,15333.21,15165.35,15170.21
2026-02-19 00:00:00,15170.93,15170.93,15078.58,15097.12
2026-02-19 01:00:00,15096.55,15101.51,15020.18,15023.92
2026-02-19 02:00:00,15024.46,15039.12,14844.15,14866.91
2026-02-19 03:00:00,14867.14,14920.94,14839.39,14853.89
2026-02-19 04:00:00,14853.54,14940.42,14841.68,14842.27
2026-02-19 05:00:00,14842.76,14989.4,14807.33,14929.33
2026-02-19 06:00:00,14928.9,14977.5,14885.66,14959.75
2026-02-19 07:00:00,14960.62,15035.57,14960.62,14968.73
2026-02-19 08:00:00,14969.11,15058.51,14954.75,14970.91
2026-02-19 09:00:00,14970.35,14976.1,14893.43,14971.06
2026-02-19 10:00:00,14971.32,15002.71,14920.84,14927.45
2026-02-19 11:00:00,14928.48,14953.87,14848.76,14881.62
2026-02-19 12:00:00,14882.56,14954.29,14816.16,14949.49
2026-02-19 13:00:00,14949.54,14959.93,14877.79,14931.53
2026-02-19 14:00:00,14931.95,14934.15,14871.02,14899.11
2026-02-19 15:00:00,14899.44,14904.04,14728.89,14757.53
2026-02-19 16:00:00,14757.71,14799.29,14721.37,14794.62
2026-02-19 17:00:00,14794.72,14796.83,14636.05,14656.6
2026-02-19 18:00:00,14657.55,14775.13,14643.17,14672.86
2026-02-19 19:00:00,14672.34,14729.55,14644.24,14685.9
2026-02-19 20:00:00,14685.31,15129.93,14665.05,15125.78
2026-02-19 21:00:00,15125.63,15126.42,15013.29,15013.64
2026-02-19 22:00:00,15014.44,15025.04,14907.86,14909.94
2026-02-19 23:00:00,14909.79,15146.34,14909.79,14998.36
2026-02-20 00:00:00,14998.86,15038.48,14940.7,15017.04
2026-02-20 01:00:00,15016.57,15133.71,15005.81,15082.0
2026-02-20 02:00:00,15081.3,15175.4,15043.68,15163.4
2026-02-20 03:00:00,15162.87,15221.56,15124.85,15182.72
2026-02-20 04:00:00,15182.3,15249.13,15156.87,15165.79
2026-02-20 05:00:00,15166.99,15168.44,15075.4,15080.93
2026-02-20 06:00:00,15080.81,15297.8,15056.18,15274.01
2026-02-20 07:00:00,15273.38,15319.51,15239.65,15258.76
2026-02-20 08:00:00,15259.2,15323.03,15214.34,15259.53
2026-02-20 09:00:00,15259.57,15274.28,15142.42,15143.52
2026-02-20 10:00:00,15143.64,15418.61,15141.14,15376.7
2026-02-20 11:00:00,15376.62,15402.98,15293.06,15374.33
2026-02-20 12:00:00,15373.94,15439.65,15328.02,15407.67
2026-02-20 13:00:00,15407.08,15520.58,15385.11,15443.01
2026-02-20 14:00:00,15442.9,15631.48,15435.59,15576.38
2026-02-20 15:00:00,15574.98,15776.08,15505.84,15772.26
2026-02-20 16:00:00,15772.41,15916.34,15747.9,15839.44
2026-02-20 17:00:00,15839.65,15955.6,15814.25,15876.94
2026-02-20 18:00:00,15876.68,15934.8,15836.82,15914.53
2026-02-20 19:00:00,15914.54,16022.11,15913.26,15939.71
2026-02-20 20:00:00,15939.53,16026.29,15916.38,15925.29
2026-02-20 21:00:00,15925.62,15984.61,15849.92,15850.28
2026-02-20 22:00:00,15851.1,15998.73,15845.03,15966.87
2026-02-20 23:00:00,15966.72,15967.27,15855.85,15863.07
2026-02-21 00:00:00,15863.25,15864.02,15730.41,15732.8
2026-02-21 01:00:00,15734.06,15978.69,15733.82,15898.38
2026-02-21 02:00:00,15897.38,15897.62,15686.38,15686.38
2026-02-21 03:00:00,15686.19,15687.84,15503.27,15505.76
2026-02-21 04:00:00,15505.32,15557.83,15480.66,15504.14
2026-02-21 05:00:00,15504.12,15507.19,15380.52,15461.27
2026-02-21 06:00:00,15461.14,15672.64,15423.64,15665.41
2026-02-21 07:00:00,15665.46,15667.27,15515.44,15521.36
2026-02-21 08:00:00,15521.18,15547.27,15451.77,15453.54
2026-02-21 09:00:00,15454.19,15514.26,15405.1,15434.25
2026-02-21 10:00:00,15433.75,15539.43,15401.32,15529.46
2026-02-21 11:00:00,15529.36,15733.55,15516.97,15687.27
2026-02-21 12:00:00,15687.33,15687.33,15550.49,15556.99
2026-02-21 13:00:00,15557.2,15640.72,15535.0,15636.88
2026-02-21 14:00:00,15637.34,15671.56,15590.43,15617.61
2026-02-21 15:00:00,15618.06,15626.7,15508.76,15555.93
2026-02-21 16:00:00,15556.8,15578.0,15493.68,15527.01
2026-02-21 17:00:00,15527.46,15574.31,15511.57,15569.42
2026-02-21 18:00:00,15569.61,15648.42,15536.58,15538.68
2026-02-21 19:00:00,15539.65,15764.22,15503.47,15680.41
2026-02-21 20:00:00,15680.62,15721.96,15636.8,15637.05
2026-02-21 21:00:00,15636.3,15639.6,15525.57,15529.05
2026-02-21 22:00:00,15528.63,15529.02,15389.12,15395.7
2026-02-21 23:00:00,15395.82,15444.38,15284.11,15288.11
2026-02-22 00:00:00,15287.85,15320.35,15201.89,15209.17
2026-02-22 01:00:00,15209.07,15230.51,15155.56,15163.16
2026-02-22 02:00:00,15162.23,15166.83,15058.9,15084.35
2026-02-22 03:00:00,15084.57,15101.9,14972.08,15036.29
2026-02-22 04:00:00,15037.0,15069.2,14993.48,14993.48
2026-02-22 05:00:00,14992.49,15063.45,14943.1,14943.1
2026-02-22 06:00:00,14943.63,15131.01,14941.9,15102.06
2026-02-22 07:00:00,15101.67,15118.16,15006.37,15006.37
2026-02-22 08:00:00,15006.63,15035.06,14948.26,14959.0
2026-02-22 09:00:00,14958.84,14959.0,14873.02,14874.3
2026-02-22 10:00:00,14874.12,15077.18,14867.59,15060.04
2026-02-22 11:00:00,15061.34,15168.66,15048.07,15146.73
2026-02-22 12:00:00,15147.79,15172.68,15068.39,15072.36
2026-02-22 13:00:00,15072.7,15104.49,14971.19,14978.45
2026-02-22 14:00:00,14978.58,15136.09,14963.32,15042.38
2026-02-22 15:00:00,15042.46,15051.77,14969.94,15001.66
2026-02-22 16:00:00,15001.97,15003.8,14934.24,14946.38
2026-02-22 17:00:00,14947.43,15158.46,14906.08,15118.42
2026-02-22 18:00:00,15118.52,15119.19,14958.84,14963.41
2026-02-22 19:00:00,14963.59,15059.02,14925.86,15004.98
2026-02-22 20:00:00,15004.87,15007.61,14852.65,14858.97
2026-02-22 21:00:00,14859.37,14878.97,14695.72,14810.99
2026-02-22 22:00:00,14811.58,14921.07,14763.69,14915.16
2026-02-22 23:00:00,14914.95,15160.32,14897.9,15078.58
2026-02-23 00:00:00,15079.15,15146.88,15038.67,15108.62
2026-02-23 01:00:00,15108.99,15344.22,15101.54,15323.93
2026-02-23 02:00:00,15324.13,15340.95,15190.13,15298.06
2026-02-23 03:00:00,15297.98,15441.54,15288.31,15440.08
2026-02-23 04:00:00,15441.34,15594.62,15439.55,15518.89
2026-02-23 05:00:00,15517.82,15609.19,15483.23,15581.79
2026-02-23 06:00:00,15581.77,15739.2,15575.99,15707.06
2026-02-23 07:00:00,15705.74,15729.73,15616.75,15729.73
2026-02-23 08:00:00,15729.09,15731.65,15592.73,15593.65
2026-02-23 09:00:00,15593.14,15604.18,15536.6,15550.92
2026-02-23 10:00:00,15551.62,15560.97,15499.17,15520.75
2026-02-23 11:00:00,15520.55,15602.28,15468.75,15564.87
2026-02-23 12:00:00,15564.67,15566.99,15506.8,15547.12
2026-02-23 13:00:00,15548.0,15727.44,15533.31,15714.38
2026-02-23 14:00:00,15713.88,15848.08,15681.83,15716.23
2026-02-23 15:00:00,15715.63,15754.21,15670.31,15700.07
2026-02-23 16:00:00,15699.94,15706.95,15569.38,15569.38
2026-02-23 17:00:00,15570.26,15598.76,15491.33,15585.44
2026-02-23 18:00:00,15585.54,15605.52,15515.34,15564.21
2026-02-23 19:00:00,15564.43,15615.71,15551.6,15583.38
2026-02-23 20:00:00,15582.65,15591.89,15453.15,15454.91
2026-02-23 21:00:00,15455.02,15504.34,15419.52,15450.05
2026-02-23 22:00:00,15449.26,15459.05,15313.72,15324.08
2026-02-23 23:00:00,15324.64,15452.39,15303.38,15412.42
2026-02-24 00:00:00,15412.4,15414.04,15308.59,15393.49
2026-02-24 01:00:00,15393.16,15606.59,15388.08,15522.39
2026-02-24 02:00:00,15521.13,15572.08,15468.41,15473.52
2026-02-24 03:00:00,15473.45,15510.02,15419.12,15436.61
2026-02-24 04:00:00,15435.87,15561.48,15429.6,15518.62
2026-02-24 05:00:00,15519.06,15530.05,15449.46,15482.56
2026-02-24 06:00:00,15482.25,15482.98,15347.58,15347.58
2026-02-24 07:00:00,15346.68,15414.96,15261.13,15414.96
2026-02-24 08:00:00,15415.64,15549.01,15322.76,15541.79
2026-02-24 09:00:00,15542.26,15672.41,15513.43,15616.49
2026-02-24 10:00:00,15616.37,15681.02,15592.5,15601.69
2026-02-24 11:00:00,15601.93,15926.05,15583.69,15908.66
2026-02-24 12:00:00,15909.22,15926.51,15798.97,15799.5
2026-02-24 13:00:00,15799.95,15962.99,15786.3,15880.19
2026-02-24 14:00:00,15880.79,15899.78,15790.65,15791.15
2026-02-24 15:00:00,15790.53,15836.96,15751.47,15819.95
2026-02-24 16:00:00,15819.16,15827.29,15636.61,15639.71
2026-02-24 17:00:00,15640.75,15878.28,15635.27,15850.94
2026-02-24 18:00:00,15851.41,15936.61,15828.58,15891.89
2026-02-24 19:00:00,15892.59,15892.59,15777.19,15777.19
2026-02-24 20:00:00,15777.31,15780.88,15686.45,15744.83
2026-02-24 21:00:00,15746.04,15834.26,15736.57,15814.82
2026-02-24 22:00:00,15814.81,15844.41,15726.2,15823.76
2026-02-24 23:00:00,15824.38,15879.36,15753.24,15755.21
2026-02-25 00:00:00,15754.88,15759.08,15682.39,15738.62
2026-02-25 01:00:00,15738.35,15797.76,15728.97,15766.04
2026-02-25 02:00:00,15765.96,15766.96,15650.22,15713.63
2026-02-25 03:00:00,15713.56,15716.24,15615.66,15658.55
2026-02-25 04:00:00,15658.35,15883.47,15653.02,15700.47
2026-02-25 05:00:00,15699.78,15970.63,15649.4,15960.31
2026-02-25 06:00:00,15960.7,15974.17,15753.13,15753.87
2026-02-25 07:00:00,15754.05,15762.94,15693.35,15702.23
2026-02-25 08:00:00,15702.93,15720.76,15657.14,15657.14
2026-02-25 09:00:00,15657.12,15657.65,15584.58,15622.81
2026-02-25 10:00:00,15623.33,15663.52,15604.64,15638.42
2026-02-25 11:00:00,15638.95,15641.2,15499.23,15503.15
2026-02-25 12:00:00,15502.87,15532.96,15428.22,15478.0
2026-02-25 13:00:00,15477.84,15675.85,15463.31,15646.86
2026-02-25 14:00:00,15646.31,15646.68,15506.53,15510.8
2026-02-25 15:00:00,15510.65,15560.07,15409.06,15435.92
2026-02-25 16:00:00,15434.78,15529.28,15418.73,15428.19
2026-02-25 17:00:00,15428.76,15437.64,15315.79,15342.77
2026-02-25 18:00:00,15342.34,15491.63,15310.53,15474.95
2026-02-25 19:00:00,15474.39,15476.3,15368.51,15406.88
2026-02-25 20:00:00,15406.88,15572.31,15375.38,15521.49
2026-02-25 21:00:00,15521.14,15525.81,15444.45,15459.14
2026-02-25 22:00:00,15459.63,15478.68,15412.81,15416.1
2026-02-25 23:00:00,15417.0,15437.93,15241.61,15242.86
2026-02-26 00:00:00,15242.77,15269.69,15198.74,15257.54
2026-02-26 01:00:00,15257.34,15382.45,15182.35,15355.61
2026-02-26 02:00:00,15355.31,15359.01,15276.92,15294.16
2026-02-26 03:00:00,15294.68,15296.3,15155.03,15257.23
2026-02-26 04:00:00,15257.42,15257.42,15121.64,15122.47
2026-02-26 05:00:00,15122.21,15264.48,15085.21,15231.56
2026-02-26 06:00:00,15231.5,15234.09,15081.75,15095.5
2026-02-26 07:00:00,15094.98,15102.15,15006.1,15028.67
2026-02-26 08:00:00,15029.33,15131.77,15018.8,15101.04
2026-02-26 09:00:00,15101.89,15118.49,15031.36,15051.21
2026-02-26 10:00:00,15051.16,15051.18,14969.15,14988.32
2026-02-26 11:00:00,14988.32,15146.55,14952.01,15126.82
2026-02-26 12:00:00,15126.97,15127.72,15052.0,15075.99
2026-02-26 13:00:00,15075.69,15075.77,14991.19,15067.16
2026-02-26 14:00:00,15067.54,15068.23,14931.11,14931.7
2026-02-26 15:00:00,14931.66,14998.52,14870.67,14900.17
2026-02-26 16:00:00,14900.47,14946.75,14847.75,14855.59
2026-02-26 17:00:00,14855.81,14864.98,14768.99,14779.35
2026-02-26 18:00:00,14778.53,14779.48,14670.69,14681.86
2026-02-26 19:00:00,14681.89,14869.22,14663.84,14802.57
2026-02-26 20:00:00,14801.69,15059.26,14797.43,15014.1
2026-02-26 21:00:00,15013.49,15127.34,15007.45,15028.05
2026-02-26 22:00:00,15028.21,15029.35,14958.69,14958.69
2026-02-26 23:00:00,14958.82,14975.64,14863.4,14903.15
2026-02-27 00:00:00,14903.7,14909.14,14814.94,14827.46
2026-02-27 01:00:00,14827.74,14857.06,14775.59,14824.77
2026-02-27 02:00:00,14824.82,14825.51,14675.02,14676.33
2026-02-27 03:00:00,14675.83,14681.5,14520.52,14523.66
2026-02-27 04:00:00,14522.82,14600.35,14473.7,14543.17
2026-02-27 05:00:00,14542.91,14644.32,14533.42,14590.4
2026-02-27 06:00:00,14591.01,14667.94,14552.69,14630.01
2026-02-27 07:00:00,14629.72,14630.42,14511.95,14511.95
2026-02-27 08:00:00,14512.1,14556.63,14453.63,14537.05
2026-02-27 09:00:00,14537.6,14588.78,14498.03,14503.42
2026-02-27 10:00:00,14503.67,14508.48,14398.63,14401.85
2026-02-27 11:00:00,14402.12,14528.2,14350.23,14493.89
2026-02-27 12:00:00,14492.9,14504.56,14434.93,14463.29
2026-02-27 13:00:00,14464.54,14536.69,14399.41,14490.68
2026-02-27 14:00:00,14490.54,14526.69,14442.27,14445.01
2026-02-27 15:00:00,14444.58,14466.42,14336.63,14341.58
2026-02-27 16:00:00,14340.92,14347.24,14226.91,14239.64
2026-02-27 17:00:00,14239.16,14263.38,14155.41,14157.24
2026-02-27 18:00:00,14157.75,14206.78,14129.46,14131.32
2026-02-27 19:00:00,14130.87,14287.24,14098.29,14286.61
2026-02-27 20:00:00,14286.22,14332.68,14253.63,14257.14
2026-02-27 21:00:00,14256.81,14260.76,14044.57,14046.96
2026-02-27 22:00:00,14047.44,14050.02,13967.11,13967.93
2026-02-27 23:00:00,13967.95,14056.8,13953.99,14021.34
2026-02-28 00:00:00,14020.46,14038.68,13937.44,13943.06
2026-02-28 01:00:00,13943.21,13963.62,13886.59,13891.67
2026-02-28 02:00:00,13891.8,13972.91,13849.98,13970.23
2026-02-28 03:00:00,13970.32,13972.57,13851.03,13856.56
2026-02-28 04:00:00,13857.5,13863.69,13775.87,13853.94
2026-02-28 05:00:00,13854.15,13959.11,13781.09,13940.58
2026-02-28 06:00:00,13940.95,13991.29,13874.3,13978.69
2026-02-28 07:00:00,13979.03,14070.86,13945.23,14070.86
2026-02-28 08:00:00,14069.97,14093.66,13997.99,14032.15
2026-02-28 09:00:00,14031.49,14061.54,13965.34,13968.67
2026-02-28 10:00:00,13969.03,13975.87,13839.05,13846.36
2026-02-28 11:00:00,13846.17,13936.51,13822.64,13873.65
2026-02-28 12:00:00,13874.18,13880.61,13806.55,13813.28
2026-02-28 13:00:00,13812.7,13813.99,13729.14,13771.66
2026-02-28 14:00:00,13771.4,13771.4,13655.42,13684.36
2026-02-28 15:00:00,13684.55,13687.76,13591.26,13594.96
2026-02-28 16:00:00,13593.98,13610.61,13559.41,13559.76
2026-02-28 17:00:00,13560.11,13560.61,13452.6,13491.65
2026-02-28 18:00:00,13491.41,13549.24,13444.0,13480.41
2026-02-28 19:00:00,13480.01,13482.97,13381.87,13389.57
2026-02-28 20:00:00,13388.3,13401.56,13344.99,13377.61
2026-02-28 21:00:00,13377.22,13394.59,13338.91,13339.42
2026-02-28 22:00:00,13340.47,13355.44,13272.35,13323.99
2026-02-28 23:00:00,13323.03,13639.01,13313.45,13615.82
2026-03-01 00:00:00,13615.68,13692.99,13579.97,13635.22
2026-03-01 01:00:00,13634.63,13641.1,13569.83,13569.83
2026-03-01 02:00:00,13570.82,13570.82,13474.03,13476.28
2026-03-01 03:00:00,13476.35,13506.47,13459.43,13502.5
2026-03-01 04:00:00,13502.44,13649.16,13449.34,13644.0
2026-03-01 05:00:00,13644.41,13644.45,13539.69,13540.68
2026-03-01 06:00:00,13541.38,13555.63,13458.33,13506.25
2026-03-01 07:00:00,13507.75,13536.82,13475.68,13479.66
2026-03-01 08:00:00,13479.15,13679.81,13458.67,13656.53
2026-03-01 09:00:00,13656.2,13657.93,13568.48,13575.63
2026-03-01 10:00:00,13576.61,13617.71,13523.35,13616.39
2026-03-01 11:00:00,13615.97,13914.69,13578.17,13857.02
2026-03-01 12:00:00,13856.25,14042.92,13840.37,13971.78
2026-03-01 13:00:00,13971.97,13992.47,13820.4,13822.69
2026-03-01 14:00:00,13822.68,13823.65,13737.77,13778.97
2026-03-01 15:00:00,13777.62,13797.06,13694.28,13695.05
2026-03-01 16:00:00,13695.92,13708.56,13575.95,13586.77
2026-03-01 17:00:00,13586.48,13648.15,13579.54,13597.18
2026-03-01 18:00:00,13596.87,13600.5,13513.05,13562.18
2026-03-01 19:00:00,13561.08,13571.88,13471.32,13554.89
2026-03-01 20:00:00,13554.77,13598.2,13505.44,13575.12
2026-03-01 21:00:00,13575.22,13577.33,13441.78,13444.25
2026-03-01 22:00:00,13443.91,13444.2,13336.12,13342.16
2026-03-01 23:00:00,13341.92,13341.92,13275.91,13283.7
2026-03-02 00:00:00,13283.92,13289.28,13185.0,13187.95
2026-03-02 01:00:00,13187.99,13189.02,13102.34,13103.33
2026-03-02 02:00:00,13104.27,13114.54,12987.28,13028.89
2026-03-02 03:00:00,13029.07,13029.07,12940.66,12960.0
2026-03-02 04:00:00,12960.1,12961.41,12879.84,12915.0
2026-03-02 05:00:00,12914.83,12927.1,12844.6,12852.04
2026-03-02 06:00:00,12851.87,12924.86,12816.64,12908.14
2026-03-02 07:00:00,12907.92,12920.63,12801.73,12804.15
2026-03-02 08:00:00,12803.92,12807.62,12750.66,12750.95
2026-03-02 09:00:00,12751.0,12860.85,12735.35,12821.56
2026-03-02 10:00:00,12821.48,12964.81,12781.12,12960.43
2026-03-02 11:00:00,12961.04,12993.02,12880.82,12972.5
2026-03-02 12:00:00,12972.87,13071.0,12949.52,13067.66
2026-03-02 13:00:00,13068.26,13183.88,13049.87,13151.79
2026-03-02 14:00:00,13151.63,13292.53,13135.32,13285.33
2026-03-02 15:00:00,13284.9,13308.68,13256.32,13259.9
2026-03-02 16:00:00,13259.87,13310.06,13220.88,13299.65
2026-03-02 17:00:00,13300.12,13322.81,13247.68,13267.3
2026-03-02 18:00:00,13266.73,13271.97,13159.57,13160.27
2026-03-02 19:00:00,13160.09,13222.41,13137.51,13189.86
2026-03-02 20:00:00,13189.38,13242.75,13163.13,13185.6
2026-03-02 21:00:00,13185.32,13198.45,13122.76,13136.15
2026-03-02 22:00:00,13135.55,13175.55,13099.21,13100.3
2026-03-02 23:00:00,13100.2,13171.37,13085.35,13113.99
2026-03-03 00:00:00,13114.47,13263.13,13110.27,13213.95
2026-03-03 01:00:00,13214.27,13418.45,13176.79,13415.19
2026-03-03 02:00:00,13415.26,13441.64,13317.08,13321.99
2026-03-03 03:00:00,13322.36,13331.76,13264.86,13271.44
2026-03-03 04:00:00,13271.92,13353.42,13233.35,13323.14
2026-03-03 05:00:00,13321.93,13335.54,13256.94,13300.15
2026-03-03 06:00:00,13300.35,13327.72,13255.78,13294.83
2026-03-03 07:00:00,13294.2,13339.91,13262.74,13300.32
2026-03-03 08:00:00,13300.51,13359.67,13294.37,13302.46
2026-03-03 09:00:00,13302.54,13321.33,13227.5,13227.5
2026-03-03 10:00:00,13226.91,13291.74,13167.08,13291.25
2026-03-03 11:00:00,13290.77,13311.88,13232.05,13293.39
2026-03-03 12:00:00,13294.05,13396.62,13274.26,13309.49
2026-03-03 13:00:00,13308.98,13388.18,13235.29,13383.97
2026-03-03 14:00:00,13383.57,13398.54,13300.22,13339.5
2026-03-03 15:00:00,13339.94,13426.28,13317.48,13319.08
2026-03-03 16:00:00,13319.39,13340.08,13236.72,13240.44
2026-03-03 17:00:00,13239.99,13340.23,13167.44,13340.23
2026-03-03 18:00:00,13339.28,13362.48,13270.88,13271.45
2026-03-03 19:00:00,13271.83,13347.09,13221.94,13307.52
2026-03-03 20:00:00,13306.65,13354.21,13249.44,13263.08
2026-03-03 21:00:00,13262.52,13336.68,13180.13,13180.13
2026-03-03 22:00:00,13179.47,13258.43,13150.48,13232.27
2026-03-03 23:00:00,13231.19,13380.65,13203.26,13305.21
2026-03-04 00:00:00,13305.01,13413.81,13296.14,13314.77
2026-03-04 01:00:00,13314.94,13408.4,13280.82,13362.27
2026-03-04 02:00:00,13362.21,13428.67,13266.11,13270.5
2026-03-04 03:00:00,13271.43,13364.31,13261.78,13332.69
2026-03-04 04:00:00,13332.16,13466.26,13319.53,13410.14
2026-03-04 05:00:00,13410.28,13478.41,13366.53,13458.46
2026-03-04 06:00:00,13458.93,13498.82,13426.25,13442.81
2026-03-04 07:00:00,13442.95,13443.44,13321.08,13369.86
2026-03-04 08:00:00,13370.84,13475.83,13356.49,13414.82
2026-03-04 09:00:00,13414.83,13435.36,13350.94,13364.37
2026-03-04 10:00:00,13363.86,13369.3,13296.03,13296.95
2026-03-04 11:00:00,13296.27,13332.84,13271.83,13271.83
2026-03-04 12:00:00,13272.02,13272.5,13125.35,13125.68
2026-03-04 13:00:00,13126.11,13227.7,13108.55,13159.35
2026-03-04 14:00:00,13160.52,13166.36,13112.44,13146.99
2026-03-04 15:00:00,13146.21,13175.73,13116.5,13132.53
2026-03-04 16:00:00,13133.14,13328.69,13078.32,13244.14
2026-03-04 17:00:00,13243.41,13327.67,13241.66,13299.57
2026-03-04 18:00:00,13300.75,13342.55,13256.96,13332.86
2026-03-04 19:00:00,13332.91,13333.65,13174.23,13228.39
2026-03-04 20:00:00,13228.25,13302.74,13196.87,13269.57
2026-03-04 21:00:00,13269.68,13279.65,13132.84,13133.85
2026-03-04 22:00:00,13133.95,13311.15,13130.12,13296.43
2026-03-04 23:00:00,13296.88,13300.98,13212.54,13217.32
2026-03-05 00:00:00,13216.86,13369.9,13195.63,13339.17
2026-03-05 01:00:00,13339.75,13505.02,13317.8,13494.99
2026-03-05 02:00:00,13495.81,13498.57,13417.16,13450.7
2026-03-05 03:00:00,13451.02,13451.02,13383.79,13393.9
2026-03-05 04:00:00,13394.86,13409.34,13367.87,13391.95
2026-03-05 05:00:00,13391.9,13397.87,13284.76,13305.76
2026-03-05 06:00:00,13306.61,13334.94,13239.32,13247.16
2026-03-05 07:00:00,13247.15,13247.68,13133.81,13133.83
2026-03-05 08:00:00,13132.94,13227.82,13122.29,13217.13
2026-03-05 09:00:00,13217.18,13217.93,13098.46,13104.48
2026-03-05 10:00:00,13104.76,13137.41,13069.84,13086.77
2026-03-05 11:00:00,13086.68,13349.3,13085.54,13320.47
2026-03-05 12:00:00,13320.24,13320.24,13246.53,13253.01
2026-03-05 13:00:00,13253.41,13353.41,13238.98,13342.09
2026-03-05 14:00:00,13341.35,13341.35,13208.59,13208.78
2026-03-05 15:00:00,13208.52,13265.78,13184.87,13202.18
2026-03-05 16:00:00,13202.34,13323.36,13194.32,13242.15
2026-03-05 17:00:00,13242.4,13242.42,13143.03,13147.08
2026-03-05 18:00:00,13146.54,13147.35,13033.46,13037.53
2026-03-05 19:00:00,13037.56,13149.87,13008.89,13149.86
2026-03-05 20:00:00,13150.13,13221.66,13120.83,13180.17
2026-03-05 21:00:00,13178.73,13182.14,13121.26,13129.86
2026-03-05 22:00:00,13129.61,13172.93,13076.87,13077.66
2026-03-05 23:00:00,13078.18,13082.24,12945.83,12946.13
2026-03-06 00:00:00,12946.15,12952.19,12821.12,12880.92
2026-03-06 01:00:00,12880.97,12921.36,12859.12,12877.54
2026-03-06 02:00:00,12877.12,13017.11,12851.43,13004.32
2026-03-06 03:00:00,13004.51,13007.62,12908.24,12912.42
2026-03-06 04:00:00,12912.97,13019.27,12896.04,12966.32
2026-03-06 05:00:00,12966.43,13121.82,12950.76,13112.3
2026-03-06 06:00:00,13111.73,13172.38,13081.39,13105.77
2026-03-06 07:00:00,13105.55,13106.79,12897.75,12900.07
2026-03-06 08:00:00,12900.18,13011.79,12884.2,12950.91
2026-03-06 09:00:00,12951.27,12956.0,12800.78,12870.9
2026-03-06 10:00:00,12870.89,12886.61,12786.07,12796.27
2026-03-06 11:00:00,12796.03,12802.09,12678.74,12678.74
2026-03-06 12:00:00,12678.52,12721.5,12663.76,12667.55
2026-03-06 13:00:00,12667.02,12780.61,12630.1,12664.17
2026-03-06 14:00:00,12663.42,12693.09,12611.65,12612.28
2026-03-06 15:00:00,12613.24,12614.92,12555.05,12601.4
2026-03-06 16:00:00,12600.96,12601.2,12499.21,12529.67
2026-03-06 17:00:00,12529.93,12530.37,12434.22,12436.45
2026-03-06 18:00:00,12437.17,12437.72,12383.47,12402.76
2026-03-06 19:00:00,12402.63,12464.69,12384.97,12456.37
2026-03-06 20:00:00,12457.09,12565.99,12457.09,12513.28
2026-03-06 21:00:00,12513.51,12513.51,12384.2,12459.13
2026-03-06 22:00:00,12459.95,12461.14,12336.44,12338.33
2026-03-06 23:00:00,12339.06,12414.04,12321.81,12371.11
2026-03-07 00:00:00,12371.19,12454.71,12338.3,12434.07
2026-03-07 01:00:00,12434.18,12439.37,12351.42,12368.95
2026-03-07 02:00:00,12368.92,12386.42,12277.6,12277.65
2026-03-07 03:00:00,12277.28,12277.62,12190.14,12190.17
2026-03-07 04:00:00,12189.84,12226.0,12166.39,12210.8
2026-03-07 05:00:00,12211.66,12298.03,12191.54,12254.13
2026-03-07 06:00:00,12254.13,12454.48,12251.95,12417.94
2026-03-07 07:00:00,12418.66,12460.79,12374.35,12433.06
2026-03-07 08:00:00,12433.08,12534.08,12415.45,12520.63
2026-03-07 09:00:00,12520.72,12523.37,12428.44,12429.25
2026-03-07 10:00:00,12429.38,12436.18,12354.13,12368.56
2026-03-07 11:00:00,12368.65,12427.93,12338.85,12397.64
2026-03-07 12:00:00,12397.27,12397.59,12320.44,12324.35
2026-03-07 13:00:00,12324.57,12328.74,12264.34,12279.47
2026-03-07 14:00:00,12279.42,12296.12,12235.45,12263.39
2026-03-07 15:00:00,12263.28,12335.76,12222.93,12331.68
2026-03-07 16:00:00,12331.34,12370.57,12296.68,12361.17
2026-03-07 17:00:00,12361.3,12362.4,12254.67,12255.58
2026-03-07 18:00:00,12256.16,12259.75,12131.75,12145.85
2026-03-07 19:00:00,12145.4,12220.74,12122.8,12215.91
2026-03-07 20:00:00,12215.92,12223.95,12162.93,12201.82
2026-03-07 21:00:00,12202.13,12204.29,12148.07,12149.95
2026-03-07 22:00:00,12150.44,12252.27,12124.19,12208.49
2026-03-07 23:00:00,12208.13,12209.1,12110.96,12142.47
2026-03-08 00:00:00,12141.98,12179.54,12088.58,12091.24
2026-03-08 01:00:00,12091.72,12099.96,11985.88,12009.24
2026-03-08 02:00:00,12009.34,12026.47,11937.42,11958.08
2026-03-08 03:00:00,11957.63,11962.48,11907.01,11939.67
2026-03-08 04:00:00,11939.55,12021.16,11909.15,11967.26
2026-03-08 05:00:00,11967.13,11983.01,11927.49,11928.25
2026-03-08 06:00:00,11928.55,12144.55,11926.18,12105.45
2026-03-08 07:00:00,12104.43,12170.74,12099.02,12105.39
2026-03-08 08:00:00,12104.89,12109.65,11981.97,11986.29
2026-03-08 09:00:00,11986.13,11988.12,11856.17,11856.17
2026-03-08 10:00:00,11856.74,11911.24,11834.24,11883.08
2026-03-08 11:00:00,11883.5,11918.0,11864.8,11865.64
2026-03-08 12:00:00,11865.99,11873.09,11796.55,11800.03
2026-03-08 13:00:00,11800.02,11847.22,11750.66,11806.68
2026-03-08 14:00:00,11806.8,11830.86,11772.61,11793.17
2026-03-08 15:00:00,11792.85,11793.08,11664.16,11664.56
2026-03-08 16:00:00,11664.83,11737.28,11636.62,11717.25
2026-03-08 17:00:00,11717.73,11718.37,11656.2,11683.06
2026-03-08 18:00:00,11683.64,11687.71,11578.08,11627.31
2026-03-08 19:00:00,11627.17,11671.47,11545.18,11549.37
2026-03-08 20:00:00,11549.18,11701.71,11532.89,11676.8
2026-03-08 21:00:00,11676.87,11769.2,11672.7,11714.45
2026-03-08 22:00:00,11714.89,11767.1,11704.91,11738.13
2026-03-08 23:00:00,11738.35,11769.13,11718.03,11718.98
2026-03-09 00:00:00,11719.1,11782.55,11699.57,11731.09
2026-03-09 01:00:00,11730.66,11775.84,11653.51,11761.15
2026-03-09 02:00:00,11761.68,11761.68,11647.62,11679.03
2026-03-09 03:00:00,11678.87,11685.3,11609.67,11612.71
2026-03-09 04:00:00,11611.87,11629.44,11578.81,11628.37
2026-03-09 05:00:00,11627.64,11649.27,11590.11,11601.46
2026-03-09 06:00:00,11601.8,11708.09,11576.16,11672.33
2026-03-09 07:00:00,11672.38,11794.15,11658.35,11775.66
2026-03-09 08:00:00,11776.44,11779.27,11700.86,11706.44
2026-03-09 09:00:00,11706.72,11739.16,11680.78,11681.22
2026-03-09 10:00:00,11680.65,11745.88,11621.76,11714.05
2026-03-09 11:00:00,11713.71,11718.23,11602.53,11605.7
2026-03-09 12:00:00,11606.37,11640.45,11527.73,11529.44
2026-03-09 13:00:00,11529.88,11531.21,11473.59,11512.99
2026-03-09 14:00:00,11512.34,11571.72,11508.19,11535.64
2026-03-09 15:00:00,11535.87,11536.21,11432.23,11457.2
2026-03-09 16:00:00,11457.03,11458.4,11371.22,11372.3
2026-03-09 17:00:00,11372.28,11387.47,11325.63,11327.08
2026-03-09 18:00:00,11326.77,11485.64,11304.44,11457.96
2026-03-09 19:00:00,11457.79,11467.92,11385.74,11387.2
2026-03-09 20:00:00,11387.6,11443.83,11350.04,11379.19
2026-03-09 21:00:00,11379.08,11548.13,11345.68,11538.69
2026-03-09 22:00:00,11538.97,11539.5,11441.43,11443.01
2026-03-09 23:00:00,11443.17,11494.67,11403.87,11446.42
2026-03-10 00:00:00,11446.53,11516.83,11445.6,11461.01
2026-03-10 01:00:00,11460.5,11462.5,11389.2,11392.36
2026-03-10 02:00:00,11392.1,11485.91,11385.62,11477.19
2026-03-10 03:00:00,11476.59,11480.54,11372.78,11376.58
2026-03-10 04:00:00,11376.46,11382.05,11324.76,11348.33
2026-03-10 05:00:00,11348.53,11513.61,11348.07,11466.98
2026-03-10 06:00:00,11467.0,11537.13,11399.54,11517.69
2026-03-10 07:00:00,11517.55,11531.27,11429.92,11458.08
2026-03-10 08:00:00,11457.94,11510.93,11415.05,11491.1
2026-03-10 09:00:00,11491.38,11509.91,11447.15,11452.58
2026-03-10 10:00:00,11452.18,11484.1,11396.45,11426.56
2026-03-10 11:00:00,11426.74,11427.39,11373.27,11383.25
2026-03-10 12:00:00,11383.52,11447.33,11376.04,11406.39
2026-03-10 13:00:00,11406.4,11486.33,11403.91,11440.65
2026-03-10 14:00:00,11439.9,11447.43,11344.76,11344.76
2026-03-10 15:00:00,11344.77,11344.77,11231.94,11237.1
2026-03-10 16:00:00,11236.65,11237.14,11142.5,11211.07
2026-03-10 17:00:00,11210.59,11251.78,11180.55,11230.46
2026-03-10 18:00:00,11229.65,11256.92,11146.94,11193.8
2026-03-10 19:00:00,11193.76,11211.01,11134.28,11165.27
2026-03-10 20:00:00,11165.07,11224.41,11148.11,11191.21
2026-03-10 21:00:00,11191.66,11192.06,11075.18,11076.1
2026-03-10 22:00:00,11076.47,11097.65,11017.09,11022.08
2026-03-10 23:00:00,11021.39,11034.96,10968.55,11020.5
2026-03-11 00:00:00,11020.85,11146.58,10961.83,11129.09
2026-03-11 01:00:00,11128.85,11128.85,11035.52,11039.52
2026-03-11 02:00:00,11039.72,11072.86,10993.49,11051.43
2026-03-11 03:00:00,11051.77,11103.17,11019.71,11064.15
2026-03-11 04:00:00,11064.03,11231.65,11053.09,11187.99
2026-03-11 05:00:00,11187.1,11332.69,11167.4,11285.86
2026-03-11 06:00:00,11285.36,11324.81,11243.97,11277.86
2026-03-11 07:00:00,11277.22,11308.5,11201.46,11308.0
2026-03-11 08:00:00,11307.74,11329.29,11250.24,11314.32
2026-03-11 09:00:00,11313.68,11384.6,11286.08,11363.04
2026-03-11 10:00:00,11362.66,11390.38,11298.98,11300.03
2026-03-11 11:00:00,11299.82,11305.41,11218.11,11278.21
2026-03-11 12:00:00,11278.31,11421.33,11255.3,11396.4
2026-03-11 13:00:00,11396.99,11430.83,11364.39,11392.56
2026-03-11 14:00:00,11392.41,11397.06,11302.75,11370.77
2026-03-11 15:00:00,11370.09,11381.58,11324.96,11327.65
2026-03-11 16:00:00,11327.03,11342.09,11263.17,11273.6
2026-03-11 17:00:00,11273.59,11273.92,11197.38,11204.28
2026-03-11 18:00:00,11204.22,11210.4,11138.05,11144.33
2026-03-11 19:00:00,11144.85,11144.85,11055.4,11067.95
2026-03-11 20:00:00,11068.09,11146.48,11022.49,11028.57
2026-03-11 21:00:00,11028.12,11039.35,10940.22,11011.85
2026-03-11 22:00:00,11011.2,11094.75,10993.66,11082.65
2026-03-11 23:00:00,11082.5,11128.24,11045.97,11073.41
2026-03-12 00:00:00,11073.01,11154.99,11067.4,11099.43
2026-03-12 01:00:00,11099.16,11141.46,11048.79,11113.23
2026-03-12 02:00:00,11112.72,11139.96,11024.42,11137.78
2026-03-12 03:00:00,11137.87,11175.53,11111.46,11166.08
2026-03-12 04:00:00,11166.12,11166.81,11070.11,11106.48
2026-03-12 05:00:00,11106.3,11164.58,11054.99,11160.75
2026-03-12 06:00:00,11160.49,11160.65,11091.12,11130.14
2026-03-12 07:00:00,11130.04,11179.5,11107.16,11128.28
2026-03-12 08:00:00,11128.21,11131.36,11034.63,11038.85
2026-03-12 09:00:00,11038.27,11042.2,10954.04,10985.14
2026-03-12 10:00:00,10984.99,11019.82,10954.78,10998.37
2026-03-12 11:00:00,10997.85,11117.52,10997.85,11091.81
2026-03-12 12:00:00,11091.77,11240.62,11071.96,11166.05
2026-03-12 13:00:00,11165.81,11165.95,11081.2,11082.25
2026-03-12 14:00:00,11081.32,11081.98,11007.3,11021.12
2026-03-12 15:00:00,11020.81,11071.59,10984.84,11038.7
2026-03-12 16:00:00,11038.7,11131.48,11014.68,11098.38
2026-03-12 17:00:00,11098.9,11113.21,11029.9,11033.25
2026-03-12 18:00:00,11032.61,11116.68,11016.37,11077.22
2026-03-12 19:00:00,11077.18,11078.72,10972.78,10975.93
2026-03-12 20:00:00,10975.21,11129.13,10951.99,11087.78
2026-03-12 21:00:00,11087.46,11156.86,11072.58,11141.83
2026-03-12 22:00:00,11141.87,11189.83,11112.94,11114.23
2026-03-12 23:00:00,11114.01,11177.16,11079.44,11126.24
2026-03-13 00:00:00,11127.15,11138.91,11058.62,11067.59
2026-03-13 01:00:00,11067.78,11068.56,11009.13,11046.43
2026-03-13 02:00:00,11046.01,11131.86,11034.19,11084.23
2026-03-13 03:00:00,11084.57,11084.7,10983.53,11015.85
2026-03-13 04:00:00,11015.67,11065.7,10989.72,11019.58
2026-03-13 05:00:00,11019.58,11152.97,11012.84,11116.92
2026-03-13 06:00:00,11116.69,11243.27,11111.96,11220.44
2026-03-13 07:00:00,11220.83,11220.83,11092.13,11092.13
2026-03-13 08:00:00,11091.77,11102.06,11033.89,11050.73
2026-03-13 09:00:00,11050.64,11052.42,10962.06,10963.31
2026-03-13 10:00:00,10963.32,11007.67,10944.69,10973.77
2026-03-13 11:00:00,10973.6,11071.97,10965.17,11039.69
2026-03-13 12:00:00,11039.62,11051.81,10961.73,11001.17
2026-03-13 13:00:00,11000.81,11001.33,10914.25,10980.78
2026-03-13 14:00:00,10981.31,11001.62,10928.24,10930.89
2026-03-13 15:00:00,10930.23,10953.16,10892.87,10920.78
2026-03-13 16:00:00,10920.45,10964.19,10915.57,10928.57
2026-03-13 17:00:00,10927.84,10928.8,10847.42,10910.87
2026-03-13 18:00:00,10910.6,10954.37,10854.94,10855.52
2026-03-13 19:00:00,10855.12,10878.55,10796.0,10812.84
2026-03-13 20:00:00,10812.84,10828.44,10755.66,10823.56
2026-03-13 21:00:00,10823.66,10823.8,10771.47,10799.98
2026-03-13 22:00:00,10800.09,10865.49,10777.34,10846.32
2026-03-13 23:00:00,10846.51,10917.39,10838.9,10861.4
2026-03-14 00:00:00,10860.96,10955.07,10852.15,10943.23
2026-03-14 01:00:00,10943.44,10969.55,10870.97,10966.01
2026-03-14 02:00:00,10965.86,10975.43,10919.6,10922.98
2026-03-14 03:00:00,10923.37,10937.47,10864.02,10893.55
2026-03-14 04:00:00,10893.14,10948.5,10846.19,10846.19
2026-03-14 05:00:00,10845.87,10894.9,10839.31,10856.69
2026-03-14 06:00:00,10857.12,10887.44,10798.66,10827.1
2026-03-14 07:00:00,10826.76,10879.89,10822.76,10844.88
2026-03-14 08:00:00,10844.27,10847.85,10761.79,10763.27
2026-03-14 09:00:00,10763.09,10763.12,10705.87,10745.16
2026-03-14 10:00:00,10745.16,10745.53,10685.59,10700.58
2026-03-14 11:00:00,10699.94,10730.58,10662.14,10662.27
2026-03-14 12:00:00,10662.35,10694.11,10610.53,10650.68
2026-03-14 13:00:00,10651.24,10720.09,10616.55,10714.84
2026-03-14 14:00:00,10714.71,10739.15,10673.82,10728.56
2026-03-14 15:00:00,10728.14,10832.69,10726.05,10805.48
2026-03-14 16:00:00,10805.2,10816.55,10727.05,10728.57
2026-03-14 17:00:00,10728.67,10729.02,10673.78,10700.49
2026-03-14 18:00:00,10700.56,10734.9,10627.4,10637.44
2026-03-14 19:00:00,10637.57,10679.81,10612.69,10613.93
2026-03-14 20:00:00,10614.07,10712.47,10562.23,10686.18
2026-03-14 21:00:00,10686.48,10687.43,10584.42,10584.81
2026-03-14 22:00:00,10584.75,10645.95,10566.63,10566.63
2026-03-14 23:00:00,10566.61,10611.07,10556.32,10567.73
2026-03-15 00:00:00,10567.48,10691.76,10503.18,10670.12
2026-03-15 01:00:00,10670.14,10722.79,10628.74,10705.34
2026-03-15 02:00:00,10704.58,10771.83,10701.62,10728.95
2026-03-15 03:00:00,10729.25,10745.28,10694.26,10695.15
2026-03-15 04:00:00,10694.83,10714.07,10621.26,10626.72
2026-03-15 05:00:00,10626.72,10714.51,10572.69,10685.09
2026-03-15 06:00:00,10685.88,10696.82,10637.26,10663.07
2026-03-15 07:00:00,10662.89,10703.64,10615.91,10689.8
2026-03-15 08:00:00,10689.48,10753.74,10643.46,10719.31
2026-03-15 09:00:00,10719.74,10725.27,10660.41,10685.82
2026-03-15 10:00:00,10685.72,10775.62,10664.96,10747.68
2026-03-15 11:00:00,10747.31,10752.92,10674.89,10687.01
2026-03-15 12:00:00,10687.24,10688.81,10630.99,10633.81
2026-03-15 13:00:00,10633.54,10662.85,10576.15,10630.03
2026-03-15 14:00:00,10629.86,10673.55,10581.92,10637.17
2026-03-15 15:00:00,10638.05,10638.05,10575.07,10582.67
2026-03-15 16:00:00,10582.73,10583.01,10474.47,10501.73
2026-03-15 17:00:00,10501.6,10662.43,10499.88,10640.8
2026-03-15 18:00:00,10640.98,10692.1,10602.35,10655.3
2026-03-15 19:00:00,10655.36,10766.76,10636.28,10725.57
2026-03-15 20:00:00,10725.38,10729.26,10642.51,10644.81
2026-03-15 21:00:00,10644.7,10646.58,10564.58,10566.71
2026-03-15 22:00:00,10566.65,10600.65,10538.19,10558.85
2026-03-15 23:00:00,10558.4,10558.73,10505.28,10512.75
2026-03-16 00:00:00,10512.77,10512.77,10419.26,10499.68
2026-03-16 01:00:00,10499.87,10499.9,10376.95,10379.15
2026-03-16 02:00:00,10378.98,10379.09,10246.81,10247.12
2026-03-16 03:00:00,10246.75,10247.64,10191.31,10194.44
2026-03-16 04:00:00,10194.51,10237.48,10157.93,10225.33
2026-03-16 05:00:00,10225.39,10228.71,10158.65,10214.68
2026-03-16 06:00:00,10215.14,10231.12,10151.29,10187.19
2026-03-16 07:00:00,10187.01,10208.84,10151.33,10151.36
2026-03-16 08:00:00,10150.89,10158.99,10104.88,10104.88
2026-03-16 09:00:00,10105.12,10178.34,10101.25,10130.02
2026-03-16 10:00:00,10130.11,10130.42,10051.53,10076.6
2026-03-16 11:00:00,10076.97,10099.99,10009.54,10034.44
2026-03-16 12:00:00,10035.03,10101.66,10030.37,10056.21
2026-03-16 13:00:00,10056.26,10098.69,10026.69,10085.25
2026-03-16 14:00:00,10085.43,10177.37,10042.71,10160.37
2026-03-16 15:00:00,10160.13,10204.09,10150.15,10187.64
2026-03-16 16:00:00,10187.75,10189.23,10110.0,10117.17
2026-03-16 17:00:00,10117.42,10206.01,10109.65,10201.4
2026-03-16 18:00:00,10201.17,10273.24,10195.95,10267.06
2026-03-16 19:00:00,10266.99,10273.57,10165.13,10173.51
2026-03-16 20:00:00,10172.82,10231.98,10151.17,10177.6
2026-03-16 21:00:00,10177.18,10192.72,10146.92,10147.13
2026-03-16 22:00:00,10146.84,10156.35,10098.54,10101.96
2026-03-16 23:00:00,10101.9,10102.16,10048.64,10056.18
2026-03-17 00:00:00,10056.67,10148.9,10052.74,10094.38
2026-03-17 01:00:00,10094.73,10119.48,10069.14,10091.51
2026-03-17 02:00:00,10091.36,10163.64,10067.68,10145.27
2026-03-17 03:00:00,10145.15,10160.46,10043.84,10045.47
2026-03-17 04:00:00,10045.72,10116.96,9988.94,10111.11
2026-03-17 05:00:00,10110.78,10141.01,10098.42,10103.89
2026-03-17 06:00:00,10103.2,10169.79,10060.34,10168.54
2026-03-17 07:00:00,10168.86,10205.95,10158.21,10188.59
2026-03-17 08:00:00,10188.12,10252.34,10172.41,10211.49
2026-03-17 09:00:00,10211.84,10246.46,10178.18,10207.28
2026-03-17 10:00:00,10207.44,10208.45,10113.25,10116.75
2026-03-17 11:00:00,10116.48,10121.49,10024.94,10025.78
2026-03-17 12:00:00,10026.31,10157.43,10020.25,10149.07
2026-03-17 13:00:00,10149.13,10149.13,10072.08,10076.56
2026-03-17 14:00:00,10077.04,10413.14,10070.44,10394.49
2026-03-17 15:00:00,10394.86,10419.16,10342.85,10344.98
2026-03-17 16:00:00,10344.71,10351.98,10300.02,10301.46
2026-03-17 17:00:00,10301.31,10351.94,10253.0,10295.52
2026-03-17 18:00:00,10295.44,10362.46,10282.85,10293.91
2026-03-17 19:00:00,10293.89,10366.34,10259.31,10357.47
2026-03-17 20:00:00,10357.84,10408.64,10323.07,10381.42
2026-03-17 21:00:00,10381.12,10445.71,10363.18,10434.85
2026-03-17 22:00:00,10435.11,10437.66,10384.22,10385.82
2026-03-17 23:00:00,10385.85,10446.61,10364.92,10367.81
2026-03-18 00:00:00,10367.63,10403.91,10334.47,10334.95
2026-03-18 01:00:00,10335.75,10348.08,10286.64,10302.76
2026-03-18 02:00:00,10302.53,10335.97,10285.09,10309.95
2026-03-18 03:00:00,10309.5,10311.17,10268.57,10288.38
2026-03-18 04:00:00,10288.33,10349.33,10248.83,10343.52
2026-03-18 05:00:00,10343.23,10435.22,10277.41,10415.53
2026-03-18 06:00:00,10415.72,10487.1,10411.52,10483.55
2026-03-18 07:00:00,10483.09,10498.32,10383.77,10388.35
2026-03-18 08:00:00,10388.47,10553.86,10381.14,10549.06
2026-03-18 09:00:00,10549.13,10671.98,10542.61,10586.95
2026-03-18 10:00:00,10587.03,10590.69,10525.73,10562.61
2026-03-18 11:00:00,10562.45,10574.67,10516.71,10555.94
2026-03-18 12:00:00,10555.8,10556.97,10473.53,10475.97
2026-03-18 13:00:00,10476.15,10495.98,10417.87,10478.85
2026-03-18 14:00:00,10478.79,10492.17,10431.14,10439.56
2026-03-18 15:00:00,10439.63,10476.41,10408.52,10409.65
2026-03-18 16:00:00,10409.64,10414.15,10310.39,10312.5
2026-03-18 17:00:00,10311.89,10359.86,10288.68,10332.97
2026-03-18 18:00:00,10333.25,10375.01,10314.37,10344.67
2026-03-18 19:00:00,10344.71,10346.07,10247.66,10305.35
2026-03-18 20:00:00,10305.35,10307.22,10249.9,10267.89
2026-03-18 21:00:00,10268.26,10300.26,10223.29,10229.31
2026-03-18 22:00:00,10229.15,10232.43,10155.42,10156.1
2026-03-18 23:00:00,10155.71,10379.74,10144.72,10366.14
2026-03-19 00:00:00,10365.23,10441.27,10343.06,10391.59
2026-03-19 01:00:00,10391.31,10392.47,10310.28,10311.48
2026-03-19 02:00:00,10311.29,10312.73,10217.59,10220.59
2026-03-19 03:00:00,10221.03,10262.64,10193.55,10234.2
2026-03-19 04:00:00,10233.54,10233.54,10147.51,10148.59
2026-03-19 05:00:00,10148.02,10174.23,10117.61,10124.43
2026-03-19 06:00:00,10124.69,10142.84,10069.43,10070.99
2026-03-19 07:00:00,10070.82,10152.7,10053.96,10119.7
2026-03-19 08:00:00,10120.01,10120.64,10022.32,10039.36
2026-03-19 09:00:00,10039.45,10067.19,9980.14,10018.33
2026-03-19 10:00:00,10018.49,10072.82,9962.1,10062.82
2026-03-19 11:00:00,10062.29,10214.96,10052.65,10186.49
2026-03-19 12:00:00,10186.6,10243.09,10146.86,10153.08
2026-03-19 13:00:00,10153.46,10242.08,10137.2,10208.7
2026-03-19 14:00:00,10208.61,10243.46,10179.67,10184.73
2026-03-19 15:00:00,10184.86,10187.79,10134.01,10141.76
2026-03-19 16:00:00,10142.46,10146.87,10102.45,10104.3
2026-03-19 17:00:00,10103.69,10103.96,10019.95,10019.95
2026-03-19 18:00:00,10020.16,10064.68,10012.18,10049.11
2026-03-19 19:00:00,10049.1,10063.37,9985.65,10018.17
2026-03-19 20:00:00,10017.61,10057.01,9991.55,9991.55
2026-03-19 21:00:00,9991.53,9998.31,9912.29,9991.34
2026-03-19 22:00:00,9990.65,10135.85,9974.27,10119.8
2026-03-19 23:00:00,10120.25,10129.5,10067.16,10072.36
2026-03-20 00:00:00,10072.61,10074.03,9995.75,9996.93
2026-03-20 01:00:00,9996.96,10067.87,9982.43,9985.65
2026-03-20 02:00:00,9985.2,10044.21,9971.27,9985.88
2026-03-20 03:00:00,9985.18,9986.18,9912.97,9913.12
2026-03-20 04:00:00,9912.95,10037.04,9892.89,10001.83
2026-03-20 05:00:00,10001.54,10063.93,9979.11,10030.71
2026-03-20 06:00:00,10030.9,10080.18,10012.56,10029.92
2026-03-20 07:00:00,10030.12,10066.25,10014.89,10016.23
2026-03-20 08:00:00,10015.86,10017.98,9940.77,9942.65
2026-03-20 09:00:00,9943.36,9969.24,9915.9,9937.07
2026-03-20 10:00:00,9937.18,9985.0,9909.09,9983.03
2026-03-20 11:00:00,9982.59,10005.66,9914.8,9958.16
2026-03-20 12:00:00,9958.14,10046.42,9954.68,9989.97
2026-03-20 13:00:00,9989.81,10029.54,9953.88,10014.38
2026-03-20 14:00:00,10014.21,10015.61,9909.32,9943.36
2026-03-20 15:00:00,9944.07,9944.77,9873.76,9876.01
2026-03-20 16:00:00,9875.41,9893.45,9842.74,9852.77
2026-03-20 17:00:00,9852.14,9853.34,9760.45,9760.63
2026-03-20 18:00:00,9760.67,9761.66,9704.71,9742.65
2026-03-20 19:00:00,9742.36,9760.31,9698.16,9733.29
2026-03-20 20:00:00,9733.59,9746.91,9673.87,9676.79
2026-03-20 21:00:00,9676.34,9746.89,9641.76,9724.53
2026-03-20 22:00:00,9723.65,9723.65,9629.0,9658.69
2026-03-20 23:00:00,9658.33,9658.33,9616.11,9619.82
2026-03-21 00:00:00,9619.45,9743.88,9616.3,9705.17
2026-03-21 01:00:00,9705.23,9793.75,9694.85,9771.82
2026-03-21 02:00:00,9772.0,9784.14,9704.4,9706.63
2026-03-21 03:00:00,9706.34,9734.81,9678.4,9703.3
2026-03-21 04:00:00,9703.62,9726.44,9648.45,9652.06
2026-03-21 05:00:00,9652.09,9682.85,9620.28,9674.2
2026-03-21 06:00:00,9674.22,9711.17,9619.41,9704.59
2026-03-21 07:00:00,9705.09,9714.1,9627.5,9628.79
2026-03-21 08:00:00,9629.03,9630.18,9543.24,9548.83
2026-03-21 09:00:00,9548.75,9565.13,9461.66,9463.28
2026-03-21 10:00:00,9463.11,9490.14,9433.46,9482.86
2026-03-21 11:00:00,9482.7,9495.21,9452.31,9457.54
2026-03-21 12:00:00,9457.61,9495.57,9424.5,9425.52
2026-03-21 13:00:00,9425.31,9439.85,9380.99,9381.67
2026-03-21 14:00:00,9381.31,9516.38,9378.45,9474.19
2026-03-21 15:00:00,9474.17,9532.86,9455.07,9506.61
2026-03-21 16:00:00,9506.62,9567.28,9454.09,9555.37
2026-03-21 17:00:00,9555.19,9626.1,9545.38,9605.76
2026-03-21 18:00:00,9605.47,9743.14,9600.13,9724.47
2026-03-21 19:00:00,9724.3,9791.34,9693.84,9786.39
2026-03-21 20:00:00,9787.37,9808.32,9754.37,9806.51
2026-03-21 21:00:00,9806.19,9855.15,9778.59,9835.32
2026-03-21 22:00:00,9834.93,9839.44,9728.3,9787.31
2026-03-21 23:00:00,9787.12,9821.1,9741.88,9759.14
2026-03-22 00:00:00,9759.12,9791.14,9736.25,9765.56
2026-03-22 01:00:00,9765.05,9830.82,9757.93,9771.75
2026-03-22 02:00:00,9772.12,9838.51,9737.18,9815.42
2026-03-22 03:00:00,9815.88,9938.17,9815.42,9933.76
2026-03-22 04:00:00,9933.59,10112.89,9928.19,10075.94
2026-03-22 05:00:00,10075.28,10105.79,10029.91,10049.75
2026-03-22 06:00:00,10050.18,10066.03,10002.5,10004.79
2026-03-22 07:00:00,10004.47,10154.67,9993.69,10127.33
2026-03-22 08:00:00,10127.9,10127.9,10059.29,10069.45
2026-03-22 09:00:00,10068.9,10068.9,9971.16,9980.49
2026-03-22 10:00:00,9980.77,10091.86,9973.4,10074.04
2026-03-22 11:00:00,10074.83,10075.23,9954.69,9994.87
2026-03-22 12:00:00,9994.55,10002.14,9947.53,9966.88
2026-03-22 13:00:00,9965.9,10013.33,9942.32,9976.94
2026-03-22 14:00:00,9977.06,10137.75,9975.97,10107.64
2026-03-22 15:00:00,10107.79,10110.88,10012.08,10012.63
2026-03-22 16:00:00,10012.99,10016.33,9953.49,9980.91
2026-03-22 17:00:00,9980.9,9983.99,9897.61,9898.21
2026-03-22 18:00:00,9898.35,9996.11,9871.46,9979.43
2026-03-22 19:00:00,9979.55,9983.33,9922.7,9923.91
2026-03-22 20:00:00,9923.93,9926.9,9865.64,9907.7
2026-03-22 21:00:00,9908.28,9908.93,9851.8,9852.4
2026-03-22 22:00:00,9852.31,9866.3,9804.42,9838.67
2026-03-22 23:00:00,9838.72,9891.5,9825.3,9849.98
2026-03-23 00:00:00,9849.19,9849.71,9708.21,9712.83
2026-03-23 01:00:00,9713.09,9797.03,9674.27,9787.11
2026-03-23 02:00:00,9786.91,9870.98,9782.93,9824.05
2026-03-23 03:00:00,9824.07,9895.65,9816.81,9873.69
2026-03-23 04:00:00,9873.36,9906.66,9815.91,9904.08
2026-03-23 05:00:00,9903.79,9944.45,9891.52,9913.67
2026-03-23 06:00:00,9912.8,9951.45,9879.06,9929.97
2026-03-23 07:00:00,9929.48,9971.07,9906.16,9909.0
2026-03-23 08:00:00,9909.36,9944.8,9874.59,9935.63
2026-03-23 09:00:00,9934.99,9951.45,9868.6,9869.76
2026-03-23 10:00:00,9869.51,9883.54,9808.7,9809.21
2026-03-23 11:00:00,9808.39,9810.56,9716.01,9718.67
2026-03-23 12:00:00,9718.43,9736.82,9652.82,9653.51
2026-03-23 13:00:00,9653.41,9667.22,9624.18,9653.46
2026-03-23 14:00:00,9653.81,9696.03,9618.28,9679.8
2026-03-23 15:00:00,9679.05,9697.59,9616.3,9617.89
2026-03-23 16:00:00,9617.95,9674.66,9599.26,9658.47
2026-03-23 17:00:00,9658.38,9703.52,9632.44,9633.99
2026-03-23 18:00:00,9633.66,9648.19,9583.15,9597.13
2026-03-23 19:00:00,9596.84,9663.54,9587.26,9632.3
2026-03-23 20:00:00,9632.73,9633.71,9539.66,9540.62
2026-03-23 21:00:00,9540.3,9559.52,9490.55,9539.31
2026-03-23 22:00:00,9539.18,9556.22,9444.61,9444.61
2026-03-23 23:00:00,9444.39,9526.34,9430.27,9504.79
2026-03-24 00:00:00,9504.98,9532.33,9442.29,9445.34
2026-03-24 01:00:00,9445.06,9446.38,9371.23,9371.23
2026-03-24 02:00:00,9371.17,9468.49,9354.09,9447.8
2026-03-24 03:00:00,9447.56,9668.78,9433.11,9661.98
2026-03-24 04:00:00,9662.03,9721.53,9657.93,9691.26
2026-03-24 05:00:00,9690.73,9691.46,9613.71,9613.71
2026-03-24 06:00:00,9613.74,9620.24,9573.6,9573.77
2026-03-24 07:00:00,9573.58,9664.99,9572.24,9652.41
2026-03-24 08:00:00,9652.56,9719.35,9640.48,9671.14
2026-03-24 09:00:00,9671.89,9791.45,9664.86,9790.0
2026-03-24 10:00:00,9790.61,9791.04,9696.32,9701.42
2026-03-24 11:00:00,9701.05,9747.66,9686.26,9712.58
2026-03-24 12:00:00,9712.42,9723.06,9655.44,9658.5
2026-03-24 13:00:00,9658.23,9699.92,9648.0,9648.7
2026-03-24 14:00:00,9648.62,9672.4,9604.88,9605.92
2026-03-24 15:00:00,9605.97,9608.5,9516.77,9518.32
2026-03-24 16:00:00,9518.34,9558.34,9488.06,9553.35
2026-03-24 17:00:00,9554.05,9606.59,9540.4,9592.58
2026-03-24 18:00:00,9592.66,9632.42,9568.09,9581.94
2026-03-24 19:00:00,9581.42,9581.64,9507.79,9565.07
2026-03-24 20:00:00,9565.75,9663.6,9559.85,9641.22
2026-03-24 21:00:00,9641.29,9792.28,9631.24,9739.95
2026-03-24 22:00:00,9740.08,9796.69,9738.23,9745.55
2026-03-24 23:00:00,9745.94,9884.23,9731.01,9880.63
2026-03-25 00:00:00,9880.89,9938.28,9852.35,9853.21
2026-03-25 01:00:00,9852.92,9855.25,9782.14,9787.4
2026-03-25 02:00:00,9788.54,9792.58,9736.17,9749.19
2026-03-25 03:00:00,9749.06,9782.36,9725.68,9743.56
2026-03-25 04:00:00,9743.89,9755.64,9690.87,9733.56
2026-03-25 05:00:00,9733.92,9812.37,9720.33,9740.81
2026-03-25 06:00:00,9741.04,9749.04,9686.61,9686.61
2026-03-25 07:00:00,9686.47,9719.86,9656.05,9689.25
2026-03-25 08:00:00,9689.19,9744.36,9658.68,9665.82
2026-03-25 09:00:00,9665.72,9674.93,9622.34,9671.96
2026-03-25 10:00:00,9671.55,9840.6,9659.18,9832.28
2026-03-25 11:00:00,9832.36,9832.74,9774.61,9777.85
2026-03-25 12:00:00,9778.29,9887.67,9772.11,9885.61
2026-03-25 13:00:00,9885.66,9914.13,9851.29,9852.01
2026-03-25 14:00:00,9852.1,9852.1,9712.47,9742.12
2026-03-25 15:00:00,9742.06,9851.74,9732.22,9846.06
2026-03-25 16:00:00,9846.28,9910.11,9798.21,9899.49
2026-03-25 17:00:00,9899.73,9931.59,9852.35,9870.93
2026-03-25 18:00:00,9870.8,9893.13,9811.64,9871.2
2026-03-25 19:00:00,9871.42,9967.2,9870.69,9899.85
2026-03-25 20:00:00,9899.83,10042.45,9888.36,10032.31
2026-03-25 21:00:00,10032.06,10039.22,9969.52,10004.63
2026-03-25 22:00:00,10004.37,10142.91,9984.33,10129.25
2026-03-25 23:00:00,10129.57,10173.01,10084.84,10155.58
2026-03-26 00:00:00,10155.2,10179.88,10128.78,10162.01
2026-03-26 01:00:00,10161.98,10231.57,10150.56,10163.03
2026-03-26 02:00:00,10162.93,10336.53,10152.21,10317.57
2026-03-26 03:00:00,10317.77,10373.47,10309.51,10315.15
2026-03-26 04:00:00,10315.0,10432.4,10241.12,10408.59
2026-03-26 05:00:00,10408.41,10422.07,10342.37,10342.68
2026-03-26 06:00:00,10343.22,10344.24,10243.48,10244.57
2026-03-26 07:00:00,10245.08,10317.1,10226.34,10305.62
2026-03-26 08:00:00,10305.72,10305.88,10207.0,10210.71
2026-03-26 09:00:00,10210.69,10259.31,10197.99,10208.27
2026-03-26 10:00:00,10207.9,10284.74,10185.26,10275.49
2026-03-26 11:00:00,10275.01,10275.55,10197.03,10232.12
2026-03-26 12:00:00,10231.61,10233.16,10128.98,10130.66
2026-03-26 13:00:00,10130.11,10139.94,10078.4,10097.94
2026-03-26 14:00:00,10097.56,10253.92,10067.5,10252.45
2026-03-26 15:00:00,10251.79,10400.04,10244.64,10362.37
2026-03-26 16:00:00,10362.42,10363.11,10289.94,10323.71
2026-03-26 17:00:00,10323.63,10371.68,10307.9,10320.53
2026-03-26 18:00:00,10320.65,10348.51,10270.33,10285.64
2026-03-26 19:00:00,10285.7,10319.37,10269.19,10297.97
2026-03-26 20:00:00,10298.01,10299.11,10200.98,10202.39
2026-03-26 21:00:00,10202.41,10203.03,10129.57,10141.02
2026-03-26 22:00:00,10140.66,10140.69,10047.32,10049.96
2026-03-26 23:00:00,10049.95,10127.66,10018.47,10119.69
2026-03-27 00:00:00,10119.69,10176.02,10109.58,10160.95
2026-03-27 01:00:00,10161.28,10164.11,10072.21,10094.69
2026-03-27 02:00:00,10095.15,10205.86,10093.16,10160.3
2026-03-27 03:00:00,10161.19,10169.21,10061.76,10064.76
2026-03-27 04:00:00,10064.95,10066.1,9986.28,10048.68
2026-03-27 05:00:00,10047.95,10095.37,10034.72,10060.36
2026-03-27 06:00:00,10060.67,10086.01,9990.08,9990.87
2026-03-27 07:00:00,9990.58,10011.99,9955.15,9992.01
2026-03-27 08:00:00,9992.07,10017.04,9916.47,10014.49
2026-03-27 09:00:00,10014.59,10019.67,9938.22,9939.03
2026-03-27 10:00:00,9938.91,9938.99,9848.91,9927.22
2026-03-27 11:00:00,9927.11,10013.08,9915.04,9990.92
2026-03-27 12:00:00,9990.31,9992.75,9903.22,9903.84
2026-03-27 13:00:00,9903.63,9939.61,9867.65,9908.19
2026-03-27 14:00:00,9908.69,9918.93,9867.31,9868.1
2026-03-27 15:00:00,9868.45,9924.95,9838.27,9923.69
2026-03-27 16:00:00,9923.92,9923.92,9820.44,9824.42
2026-03-27 17:00:00,9825.2,9838.58,9775.62,9835.27
2026-03-27 18:00:00,9835.52,9872.42,9792.24,9871.42
2026-03-27 19:00:00,9871.6,9936.2,9843.46,9908.48
2026-03-27 20:00:00,9908.39,9918.03,9848.8,9853.35
2026-03-27 21:00:00,9853.2,9855.45,9811.7,9811.7
2026-03-27 22:00:00,9811.82,9841.57,9756.4,9758.66
2026-03-27 23:00:00,9758.95,9769.8,9690.41,9692.38
2026-03-28 00:00:00,9691.95,9729.48,9677.05,9680.82
2026-03-28 01:00:00,9681.14,9695.12,9613.3,9618.02
2026-03-28 02:00:00,9617.8,9617.8,9553.54,9554.99
2026-03-28 03:00:00,9554.83,9555.1,9463.25,9509.24
2026-03-28 04:00:00,9509.13,9567.73,9492.88,9566.77
2026-03-28 05:00:00,9567.3,9617.0,9548.57,9548.57
2026-03-28 06:00:00,9548.52,9549.64,9446.84,9446.84
2026-03-28 07:00:00,9446.64,9549.2,9425.7,9516.78
2026-03-28 08:00:00,9516.93,9519.13,9434.49,9436.15
2026-03-28 09:00:00,9435.88,9593.57,9435.88,9571.3
2026-03-28 10:00:00,9571.54,9663.49,9562.97,9620.92
2026-03-28 11:00:00,9620.19,9620.19,9567.25,9569.96
2026-03-28 12:00:00,9570.08,9600.42,9515.53,9517.04
2026-03-28 13:00:00,9517.33,9658.73,9492.06,9634.84
2026-03-28 14:00:00,9635.11,9772.39,9620.74,9768.57
2026-03-28 15:00:00,9768.59,9792.83,9704.19,9704.19
2026-03-28 16:00:00,9703.88,9756.87,9664.89,9670.01
2026-03-28 17:00:00,9669.88,9732.53,9657.63,9680.67
2026-03-28 18:00:00,9680.44,9734.07,9663.22,9692.08
2026-03-28 19:00:00,9692.27,9705.13,9630.77,9654.31
2026-03-28 20:00:00,9654.51,9683.49,9562.57,9656.61
2026-03-28 21:00:00,9656.84,9695.89,9628.05,9693.75
2026-03-28 22:00:00,9693.74,9744.29,9676.37,9676.72
2026-03-28 23:00:00,9676.74,9705.09,9636.69,9701.93
2026-03-29 00:00:00,9701.35,9702.06,9651.73,9667.35
2026-03-29 01:00:00,9667.73,9709.91,9650.69,9682.38
2026-03-29 02:00:00,9681.9,9701.01,9642.51,9650.92
2026-03-29 03:00:00,9650.88,9783.32,9620.61,9778.77
2026-03-29 04:00:00,9778.9,9884.87,9774.15,9851.54
2026-03-29 05:00:00,9851.73,9885.95,9795.51,9795.53
2026-03-29 06:00:00,9795.52,9831.71,9779.87,9781.11
2026-03-29 07:00:00,9781.42,9804.92,9752.61,9802.13
2026-03-29 08:00:00,9801.93,9836.29,9759.56,9832.62
2026-03-29 09:00:00,9832.57,9914.67,9811.87,9865.51
2026-03-29 10:00:00,9865.15,9941.91,9828.62,9935.97
2026-03-29 11:00:00,9935.53,9949.4,9898.78,9903.45
2026-03-29 12:00:00,9904.07,10003.13,9878.51,9993.17
2026-03-29 13:00:00,9993.32,9997.93,9929.98,9987.94
2026-03-29 14:00:00,9987.38,10066.74,9957.85,10051.43
2026-03-29 15:00:00,10051.52,10069.49,10019.35,10045.12
2026-03-29 16:00:00,10044.8,10045.09,9946.9,9964.43
2026-03-29 17:00:00,9964.47,9965.64,9899.17,9927.71
2026-03-29 18:00:00,9928.4,9964.62,9894.45,9952.85
2026-03-29 19:00:00,9953.08,9954.85,9900.47,9942.77
2026-03-29 20:00:00,9943.1,9950.11,9897.62,9946.39
2026-03-29 21:00:00,9946.61,10123.88,9932.31,10109.59
2026-03-29 22:00:00,10109.72,10194.26,10108.61,10187.74
2026-03-29 23:00:00,10188.08,10235.3,10155.03,10162.8
2026-03-30 00:00:00,10162.8,10166.13,10054.2,10055.45
2026-03-30 01:00:00,10054.97,10071.98,10003.31,10003.97
2026-03-30 02:00:00,10004.22,10006.51,9952.22,9952.39
2026-03-30 03:00:00,9953.37,9963.66,9912.07,9918.17
2026-03-30 04:00:00,9918.13,9939.28,9883.41,9915.39
2026-03-30 05:00:00,9915.42,9941.22,9856.3,9906.43
2026-03-30 06:00:00,9906.91,9907.86,9846.14,9846.14
2026-03-30 07:00:00,9845.92,9851.02,9750.38,9754.35
2026-03-30 08:00:00,9754.59,9769.87,9687.37,9688.51
2026-03-30 09:00:00,9688.68,9707.1,9607.9,9608.33
2026-03-30 10:00:00,9608.38,9608.53,9544.45,9545.39
2026-03-30 11:00:00,9545.48,9545.61,9484.23,9502.6
2026-03-30 12:00:00,9502.65,9524.3,9470.76,9504.62
2026-03-30 13:00:00,9504.14,9569.11,9497.07,9511.92
2026-03-30 14:00:00,9512.0,9515.86,9434.0,9457.6
2026-03-30 15:00:00,9457.67,9458.57,9342.09,9382.48
2026-03-30 16:00:00,9382.74,9496.33,9337.56,9493.71
2026-03-30 17:00:00,9494.29,9501.96,9427.44,9434.96
2026-03-30 18:00:00,9434.99,9484.49,9428.52,9441.67
2026-03-30 19:00:00,9442.23,9474.3,9417.05,9455.4
2026-03-30 20:00:00,9455.25,9489.8,9435.79,9437.97
2026-03-30 21:00:00,9437.69,9495.57,9385.43,9483.87
2026-03-30 22:00:00,9484.03,9534.06,9472.0,9532.97
2026-03-30 23:00:00,9533.21,9541.89,9478.19,9532.27
2026-03-31 00:00:00,9532.2,9607.36,9508.84,9604.46
2026-03-31 01:00:00,9603.65,9659.7,9573.9,9626.99
2026-03-31 02:00:00,9626.93,9810.03,9624.12,9771.16
2026-03-31 03:00:00,9771.15,9861.85,9732.36,9857.1
2026-03-31 04:00:00,9857.05,9869.35,9822.77,9846.6
2026-03-31 05:00:00,9846.98,9893.73,9841.04,9885.31
2026-03-31 06:00:00,9884.41,10026.48,9852.83,10014.1
2026-03-31 07:00:00,10014.42,10014.42,9949.14,9951.68
2026-03-31 08:00:00,9951.69,10020.83,9931.87,9989.99
2026-03-31 09:00:00,9990.22,10037.66,9955.78,9959.55
2026-03-31 10:00:00,9959.22,9960.02,9869.1,9920.88
2026-03-31 11:00:00,9921.24,9923.86,9866.15,9893.75
2026-03-31 12:00:00,9893.72,9920.58,9834.45,9838.98
2026-03-31 13:00:00,9838.65,9839.49,9766.88,9770.6
2026-03-31 14:00:00,9770.19,9996.03,9760.31,9982.25
2026-03-31 15:00:00,9982.59,9991.64,9941.67,9952.25
2026-03-31 16:00:00,9952.41,9952.65,9849.53,9852.8
2026-03-31 17:00:00,9852.61,9956.84,9851.43,9939.13
2026-03-31 18:00:00,9938.95,9942.41,9841.0,9841.6
2026-03-31 19:00:00,9841.22,9847.65,9754.41,9758.33
2026-03-31 20:00:00,9758.42,9780.16,9697.36,9700.09
2026-03-31 21:00:00,9700.28,9700.93,9574.79,9611.81
2026-03-31 22:00:00,9611.87,9637.3,9592.77,9620.56
2026-03-31 23:00:00,9620.53,9677.6,9619.14,9672.55
2026-04-01 00:00:00,9673.22,9767.14,9642.02,9752.76
2026-04-01 01:00:00,9752.67,9755.71,9636.55,9637.31
2026-04-01 02:00:00,9637.4,9703.22,9606.18,9693.9
2026-04-01 03:00:00,9693.38,9708.86,9654.48,9682.29
2026-04-01 04:00:00,9682.44,9723.41,9627.43,9695.91
2026-04-01 05:00:00,9695.48,9718.47,9660.38,9716.17
2026-04-01 06:00:00,9716.23,9741.73,9685.94,9687.12
2026-04-01 07:00:00,9687.94,9687.94,9623.1,9623.43
2026-04-01 08:00:00,9623.59,9645.64,9596.81,9622.34
2026-04-01 09:00:00,9622.65,9624.75,9560.27,9567.06
2026-04-01 10:00:00,9566.9,9584.79,9504.62,9543.21
2026-04-01 11:00:00,9542.26,9558.84,9489.47,9493.55
2026-04-01 12:00:00,9493.99,9520.54,9443.36,9446.49
2026-04-01 13:00:00,9446.27,9454.27,9397.98,9399.54
2026-04-01 14:00:00,9399.39,9418.67,9375.92,9388.11
2026-04-01 15:00:00,9388.28,9526.77,9377.49,9480.08
2026-04-01 16:00:00,9480.52,9562.96,9469.04,9502.03
2026-04-01 17:00:00,9502.0,9514.93,9422.44,9467.96
2026-04-01 18:00:00,9467.76,9484.12,9430.86,9449.31
2026-04-01 19:00:00,9448.95,9478.81,9423.88,9435.23
2026-04-01 20:00:00,9434.92,9435.85,9372.07,9414.41
2026-04-01 21:00:00,9414.36,9461.64,9371.77,9455.6
2026-04-01 22:00:00,9455.38,9529.21,9425.65,9492.76
2026-04-01 23:00:00,9492.48,9547.8,9455.92,9457.11
2026-04-02 00:00:00,9456.95,9558.06,9446.67,9544.04
2026-04-02 01:00:00,9544.31,9546.08,9459.55,9484.87
2026-04-02 02:00:00,9484.7,9558.43,9467.38,9545.72
2026-04-02 03:00:00,9545.33,9550.18,9486.79,9491.82
2026-04-02 04:00:00,9491.47,9526.07,9482.34,9483.8
2026-04-02 05:00:00,9483.56,9485.33,9393.49,9393.49
2026-04-02 06:00:00,9393.54,9445.6,9388.9,9392.01
2026-04-02 07:00:00,9391.82,9445.28,9381.66,9419.76
2026-04-02 08:00:00,9419.8,9420.89,9348.78,9353.2
2026-04-02 09:00:00,9353.2,9461.58,9346.23,9401.19
2026-04-02 10:00:00,9401.07,9453.71,9383.83,9386.86
2026-04-02 11:00:00,9387.0,9390.44,9321.66,9323.55
2026-04-02 12:00:00,9323.59,9507.76,9306.35,9491.14
2026-04-02 13:00:00,9490.99,9522.29,9451.4,9452.94
2026-04-02 14:00:00,9452.92,9478.24,9395.46,9467.06
2026-04-02 15:00:00,9467.17,9491.02,9439.04,9453.0
2026-04-02 16:00:00,9453.2,9478.29,9410.3,9432.13
2026-04-02 17:00:00,9432.42,9471.35,9404.6,9412.55
2026-04-02 18:00:00,9412.26,9435.05,9392.84,9405.73
2026-04-02 19:00:00,9405.96,9511.91,9405.96,9467.01
2026-04-02 20:00:00,9466.91,9470.11,9423.75,9457.14
2026-04-02 21:00:00,9457.62,9489.47,9421.23,9424.93
2026-04-02 22:00:00,9424.85,9503.59,9422.87,9432.5
2026-04-02 23:00:00,9433.12,9553.27,9426.79,9501.12
2026-04-03 00:00:00,9500.7,9644.35,9497.95,9617.36
2026-04-03 01:00:00,9617.45,9631.7,9568.65,9592.78
2026-04-03 02:00:00,9593.1,9647.87,9590.41,9593.27
2026-04-03 03:00:00,9593.25,9598.12,9515.02,9536.12
2026-04-03 04:00:00,9535.72,9579.46,9501.19,9572.29
2026-04-03 05:00:00,9572.42,9595.71,9553.21,9561.5
2026-04-03 06:00:00,9560.9,9565.28,9511.73,9519.81
2026-04-03 07:00:00,9519.89,9599.41,9477.36,9543.89
2026-04-03 08:00:00,9543.28,9576.45,9505.69,9544.97
2026-04-03 09:00:00,9545.22,9567.26,9518.39,9530.83
2026-04-03 10:00:00,9531.06,9560.47,9505.96,9506.45
2026-04-03 11:00:00,9506.05,9506.05,9425.5,9426.33
2026-04-03 12:00:00,9426.51,9493.35,9405.85,9406.13
2026-04-03 13:00:00,9405.89,9471.98,9388.31,9390.85
2026-04-03 14:00:00,9391.02,9406.37,9359.58,9372.52
2026-04-03 15:00:00,9373.04,9413.78,9328.35,9404.68
2026-04-03 16:00:00,9404.67,9405.2,9321.89,9391.88
2026-04-03 17:00:00,9392.02,9417.19,9368.21,9370.88
2026-04-03 18:00:00,9370.76,9469.11,9335.83,9446.89
2026-04-03 19:00:00,9447.25,9469.18,9411.79,9413.82
2026-04-03 20:00:00,9413.99,9453.95,9396.06,9405.18
2026-04-03 21:00:00,9405.81,9422.34,9377.82,9379.34
2026-04-03 22:00:00,9380.1,9395.87,9350.46,9385.88
2026-04-03 23:00:00,9385.91,9386.64,9335.43,9363.09
2026-04-04 00:00:00,9363.32,9370.79,9317.21,9324.66
2026-04-04 01:00:00,9324.41,9336.93,9296.28,9315.99
2026-04-04 02:00:00,9315.4,9331.39,9253.53,9253.53
2026-04-04 03:00:00,9253.25,9308.51,9211.18,9253.58
2026-04-04 04:00:00,9253.01,9256.48,9189.76,9191.39
2026-04-04 05:00:00,9191.28,9192.06,9137.12,9138.35
2026-04-04 06:00:00,9137.83,9139.51,9058.63,9059.07
2026-04-04 07:00:00,9059.14,9147.62,9058.08,9134.88
2026-04-04 08:00:00,9135.11,9153.23,9095.59,9098.71
2026-04-04 09:00:00,9099.01,9140.56,9087.86,9099.95
2026-04-04 10:00:00,9099.67,9132.29,9058.48,9067.38
2026-04-04 11:00:00,9067.5,9067.89,8981.61,8982.23
2026-04-04 12:00:00,8982.48,8996.62,8929.95,8930.68
2026-04-04 13:00:00,8930.33,8931.32,8869.71,8869.76
2026-04-04 14:00:00,8869.9,8960.55,8862.54,8959.13
2026-04-04 15:00:00,8958.77,8981.35,8885.68,8976.83
2026-04-04 16:00:00,8976.72,8992.84,8949.99,8983.1
2026-04-04 17:00:00,8983.44,9032.51,8978.57,9000.54
2026-04-04 18:00:00,9000.41,9061.09,8981.44,9060.78
2026-04-04 19:00:00,9060.21,9141.15,9006.23,9131.1
2026-04-04 20:00:00,9130.81,9145.65,9108.25,9109.9
2026-04-04 21:00:00,9109.97,9129.48,9072.4,9121.04
2026-04-04 22:00:00,9120.65,9181.9,9119.42,9157.57
2026-04-04 23:00:00,9157.36,9162.66,9115.8,9151.48
2026-04-05 00:00:00,9151.39,9192.88,9102.28,9111.86
2026-04-05 01:00:00,9111.66,9163.42,9094.42,9121.86
2026-04-05 02:00:00,9122.29,9152.06,9113.33,9135.08
2026-04-05 03:00:00,9135.08,9336.12,9108.09,9320.58
2026-04-05 04:00:00,9320.59,9362.68,9299.89,9304.69
2026-04-05 05:00:00,9305.47,9393.25,9304.16,9322.07
2026-04-05 06:00:00,9322.0,9322.42,9253.28,9262.57
2026-04-05 07:00:00,9262.09,9347.84,9209.02,9340.42
2026-04-05 08:00:00,9340.49,9373.65,9328.71,9337.98
2026-04-05 09:00:00,9338.09,9344.14,9298.6,9308.32
2026-04-05 10:00:00,9308.21,9338.72,9255.55,9275.46
2026-04-05 11:00:00,9275.66,9317.15,9270.64,9291.64
2026-04-05 12:00:00,9291.32,9370.01,9273.37,9332.61
2026-04-05 13:00:00,9332.54,9366.13,9273.88,9274.86
2026-04-05 14:00:00,9274.89,9275.81,9204.55,9252.9
2026-04-05 15:00:00,9252.75,9278.04,9201.31,9213.76
2026-04-05 16:00:00,9213.97,9218.85,9137.63,9160.87
2026-04-05 17:00:00,9160.96,9162.46,9118.47,9128.92
2026-04-05 18:00:00,9129.05,9150.3,9084.76,9085.55
2026-04-05 19:00:00,9085.61,9086.89,9042.69,9043.36
2026-04-05 20:00:00,9043.6,9114.46,9035.59,9095.09
2026-04-05 21:00:00,9095.21,9123.28,9038.21,9047.05
2026-04-05 22:00:00,9047.05,9047.05,8983.86,8996.98
2026-04-05 23:00:00,8996.56,9032.81,8951.4,8989.38
2026-04-06 00:00:00,8989.31,9061.66,8967.34,9043.08
2026-04-06 01:00:00,9042.73,9048.55,9005.16,9034.58
2026-04-06 02:00:00,9034.89,9036.22,8972.01,8983.48
2026-04-06 03:00:00,8983.48,8996.17,8952.95,8979.76
2026-04-06 04:00:00,8979.81,8989.58,8945.92,8965.1
2026-04-06 05:00:00,8964.73,9063.71,8960.28,9006.5
2026-04-06 06:00:00,9006.82,9014.09,8920.51,8922.81
2026-04-06 07:00:00,8922.73,8962.11,8910.1,8933.55
2026-04-06 08:00:00,8933.47,9017.71,8927.77,8990.41
2026-04-06 09:00:00,8990.01,9116.01,8972.74,9101.06
2026-04-06 10:00:00,9100.93,9103.78,9030.52,9030.52
2026-04-06 11:00:00,9030.22,9033.34,8971.9,8972.27
2026-04-06 12:00:00,8972.59,9035.54,8909.68,9028.88
2026-04-06 13:00:00,9028.69,9031.36,8937.66,8948.34
2026-04-06 14:00:00,8948.18,9107.71,8932.56,9104.45
2026-04-06 15:00:00,9104.18,9182.55,9095.55,9138.31
2026-04-06 16:00:00,9138.28,9157.98,9072.96,9143.7
2026-04-06 17:00:00,9144.12,9258.23,9137.58,9225.89
2026-04-06 18:00:00,9225.44,9301.32,9218.1,9269.58
2026-04-06 19:00:00,9269.42,9333.26,9232.77,9325.35
2026-04-06 20:00:00,9325.13,9336.46,9283.1,9283.1
2026-04-06 21:00:00,9283.42,9340.19,9250.37,9322.15
2026-04-06 22:00:00,9322.36,9323.58,9272.14,9291.29
2026-04-06 23:00:00,9291.33,9465.35,9283.35,9461.23
2026-04-07 00:00:00,9460.86,9469.98,9395.38,9400.12
2026-04-07 01:00:00,9399.77,9533.69,9392.54,9521.02
2026-04-07 02:00:00,9520.83,9636.19,9493.48,9592.58
2026-04-07 03:00:00,9592.41,9634.43,9560.34,9629.16
2026-04-07 04:00:00,9628.5,9629.06,9540.1,9540.1
2026-04-07 05:00:00,9539.23,9541.29,9438.95,9442.47
2026-04-07 06:00:00,9441.94,9452.42,9408.01,9431.05
2026-04-07 07:00:00,9431.13,9609.3,9427.43,9589.54
2026-04-07 08:00:00,9589.4,9664.0,9584.17,9603.63
2026-04-07 09:00:00,9603.82,9635.3,9571.72,9632.35
2026-04-07 10:00:00,9632.05,9632.83,9569.21,9569.93
2026-04-07 11:00:00,9569.98,9583.61,9517.41,9574.38
2026-04-07 12:00:00,9574.24,9603.86,9549.67,9579.31
2026-04-07 13:00:00,9579.89,9609.59,9526.36,9533.94
2026-04-07 14:00:00,9534.03,9583.01,9489.54,9570.11
2026-04-07 15:00:00,9570.44,9574.23,9502.75,9530.01
2026-04-07 16:00:00,9530.47,9532.92,9473.57,9474.2
2026-04-07 17:00:00,9474.03,9490.71,9400.14,9444.47
2026-04-07 18:00:00,9445.0,9729.44,9442.47,9722.98
2026-04-07 19:00:00,9722.88,9737.07,9685.44,9685.74
2026-04-07 20:00:00,9685.8,9687.17,9613.26,9625.57
2026-04-07 21:00:00,9625.35,9657.95,9576.68,9581.88
2026-04-07 22:00:00,9581.4,9728.25,9557.3,9727.22
2026-04-07 23:00:00,9727.08,9743.69,9668.4,9705.53
2026-04-08 00:00:00,9705.46,9711.23,9647.7,9651.3
2026-04-08 01:00:00,9652.01,9675.7,9612.19,9660.19
2026-04-08 02:00:00,9660.43,9738.22,9640.89,9703.55
2026-04-08 03:00:00,9704.14,9704.75,9620.18,9621.67
2026-04-08 04:00:00,9621.57,9623.25,9569.01,9569.8
2026-04-08 05:00:00,9569.69,9597.92,9527.6,9591.56
2026-04-08 06:00:00,9591.14,9599.29,9564.01,9570.01
2026-04-08 07:00:00,9569.45,9569.45,9453.81,9455.9
2026-04-08 08:00:00,9455.19,9458.0,9383.66,9385.43
2026-04-08 09:00:00,9385.47,9420.88,9355.67,9357.54
2026-04-08 10:00:00,9357.91,9449.32,9342.47,9433.37
2026-04-08 11:00:00,9433.59,9433.77,9332.62,9372.27
2026-04-08 12:00:00,9371.8,9381.94,9346.14,9349.93
2026-04-08 13:00:00,9349.8,9352.13,9293.79,9297.16
2026-04-08 14:00:00,9297.25,9485.55,9279.43,9481.83
2026-04-08 15:00:00,9481.68,9482.11,9394.47,9399.11
2026-04-08 16:00:00,9399.35,9469.7,9391.19,9423.16
2026-04-08 17:00:00,9423.17,9462.78,9396.38,9457.94
2026-04-08 18:00:00,9458.59,9532.17,9452.04,9518.34
2026-04-08 19:00:00,9517.98,9578.18,9469.37,9572.46
2026-04-08 20:00:00,9572.48,9593.51,9555.99,9568.95
2026-04-08 21:00:00,9568.63,9639.05,9541.41,9627.37
2026-04-08 22:00:00,9627.52,9704.61,9602.04,9665.69
2026-04-08 23:00:00,9665.43,9702.48,9618.57,9667.19
2026-04-09 00:00:00,9666.95,9689.01,9638.62,9638.62
2026-04-09 01:00:00,9638.46,9684.1,9621.89,9648.6
2026-04-09 02:00:00,9648.51,9674.74,9610.3,9620.19
2026-04-09 03:00:00,9619.79,9627.27,9554.5,9555.99
2026-04-09 04:00:00,9556.14,9582.05,9511.25,9580.59
2026-04-09 05:00:00,9580.29,9622.25,9551.29,9563.64
2026-04-09 06:00:00,9563.87,9677.38,9547.93,9676.1
2026-04-09 07:00:00,9676.12,9760.25,9624.14,9742.8
2026-04-09 08:00:00,9742.43,9774.17,9722.31,9742.45
2026-04-09 09:00:00,9741.66,9876.94,9707.15,9858.74
2026-04-09 10:00:00,9858.63,9901.35,9835.02,9846.59
2026-04-09 11:00:00,9846.85,9882.32,9836.65,9843.12
2026-04-09 12:00:00,9843.3,9869.24,9804.23,9856.94
2026-04-09 13:00:00,9857.38,9922.76,9855.98,9901.49
2026-04-09 14:00:00,9901.06,9922.09,9827.5,9837.32
2026-04-09 15:00:00,9836.93,9876.54,9802.67,9873.29
2026-04-09 16:00:00,9873.01,9897.31,9833.27,9833.27
2026-04-09 17:00:00,9832.67,9893.77,9827.66,9857.16
2026-04-09 18:00:00,9857.21,9876.67,9804.52,9808.73
2026-04-09 19:00:00,9808.93,9937.86,9808.14,9879.6
2026-04-09 20:00:00,9878.86,9883.63,9794.13,9794.13
2026-04-09 21:00:00,9793.74,9821.27,9759.53,9796.69
2026-04-09 22:00:00,9796.33,9809.79,9754.82,9763.42
2026-04-09 23:00:00,9762.75,9767.86,9672.53,9674.85
2026-04-10 00:00:00,9675.01,9728.9,9639.27,9700.56
2026-04-10 01:00:00,9700.54,9716.56,9644.18,9645.78
2026-04-10 02:00:00,9645.84,9646.21,9607.77,9611.73
2026-04-10 03:00:00,9612.13,9664.39,9600.71,9650.2
2026-04-10 04:00:00,9650.88,9693.31,9631.16,9682.56
2026-04-10 05:00:00,9682.69,9869.8,9670.56,9843.22
2026-04-10 06:00:00,9843.4,9843.69,9757.47,9765.63
2026-04-10 07:00:00,9765.85,9769.2,9698.15,9698.5
2026-04-10 08:00:00,9698.74,9701.43,9618.09,9634.98
2026-04-10 09:00:00,9633.82,9635.83,9573.19,9573.96
2026-04-10 10:00:00,9574.49,9724.72,9574.0,9673.27
2026-04-10 11:00:00,9673.26,9718.89,9638.17,9639.13
2026-04-10 12:00:00,9639.31,9742.97,9585.94,9722.2
2026-04-10 13:00:00,9722.22,9788.69,9673.31,9779.8
2026-04-10 14:00:00,9779.49,9785.98,9703.19,9703.57
2026-04-10 15:00:00,9703.6,9766.72,9659.99,9719.34
2026-04-10 16:00:00,9719.16,9724.92,9648.83,9649.77
2026-04-10 17:00:00,9649.11,9703.37,9621.63,9694.72
2026-04-10 18:00:00,9695.25,9696.28,9625.67,9630.05
2026-04-10 19:00:00,9629.33,9634.41,9579.49,9584.06
2026-04-10 20:00:00,9584.31,9611.09,9524.51,9585.24
2026-04-10 21:00:00,9585.43,9590.09,9545.4,9579.94
2026-04-10 22:00:00,9580.58,9699.31,9554.62,9662.23
2026-04-10 23:00:00,9661.77,9725.36,9644.32,9697.86
2026-04-11 00:00:00,9697.52,9768.35,9667.66,9765.51
2026-04-11 01:00:00,9765.05,9932.35,9744.83,9925.72
2026-04-11 02:00:00,9926.03,9968.4,9903.85,9959.39
2026-04-11 03:00:00,9958.92,9959.37,9886.5,9888.51
2026-04-11 04:00:00,9888.71,10008.97,9838.63,9998.21
2026-04-11 05:00:00,9997.87,10086.1,9962.4,10034.53
2026-04-11 06:00:00,10034.66,10035.02,9945.3,9972.32
2026-04-11 07:00:00,9973.02,10017.45,9944.23,9949.93
2026-04-11 08:00:00,9949.95,9958.81,9899.49,9926.75
2026-04-11 09:00:00,9926.9,9928.43,9870.04,9870.58
2026-04-11 10:00:00,9870.72,9871.41,9795.35,9795.4
2026-04-11 11:00:00,9795.02,9826.81,9773.61,9809.6
2026-04-11 12:00:00,9810.36,9812.92,9752.21,9765.09
2026-04-11 13:00:00,9764.82,9823.11,9762.66,9770.77
2026-04-11 14:00:00,9770.2,9848.23,9753.29,9812.68
2026-04-11 15:00:00,9813.08,9814.26,9728.27,9730.82
2026-04-11 16:00:00,9730.55,9806.99,9717.3,9773.64
2026-04-11 17:00:00,9773.61,9853.58,9771.01,9808.5
2026-04-11 18:00:00,9808.48,9839.93,9763.25,9837.46
2026-04-11 19:00:00,9837.71,9898.51,9817.69,9883.27
2026-04-11 20:00:00,9883.08,9902.56,9841.83,9848.55
2026-04-11 21:00:00,9847.9,9919.62,9837.38,9864.32
2026-04-11 22:00:00,9863.82,9883.84,9795.67,9809.08
2026-04-11 23:00:00,9809.01,9846.08,9791.82,9793.43
2026-04-12 00:00:00,9793.51,9829.62,9761.35,9794.58
2026-04-12 01:00:00,9794.64,9796.08,9730.66,9731.75
2026-04-12 02:00:00,9732.08,9752.71,9710.13,9719.0
2026-04-12 03:00:00,9718.91,9922.59,9718.91,9911.19
2026-04-12 04:00:00,9911.09,9913.44,9842.72,9845.58
2026-04-12 05:00:00,9845.12,9876.17,9801.44,9876.17
2026-04-12 06:00:00,9875.68,9910.6,9861.84,9873.52
2026-04-12 07:00:00,9873.91,9874.95,9781.38,9781.38
2026-04-12 08:00:00,9780.71,9794.13,9744.89,9771.91
2026-04-12 09:00:00,9771.98,9814.29,9745.98,9747.43
2026-04-12 10:00:00,9747.7,9776.79,9717.25,9738.89
2026-04-12 11:00:00,9739.18,9764.81,9716.93,9729.43
2026-04-12 12:00:00,9730.05,9873.25,9720.31,9854.43
2026-04-12 13:00:00,9854.66,9855.84,9780.52,9785.66
2026-04-12 14:00:00,9785.88,9816.74,9760.02,9804.88
2026-04-12 15:00:00,9804.75,9907.75,9776.34,9872.98
2026-04-12 16:00:00,9872.91,9872.98,9769.52,9769.65
2026-04-12 17:00:00,9769.51,9776.88,9744.46,9746.08
2026-04-12 18:00:00,9746.08,9776.39,9728.57,9772.98
2026-04-12 19:00:00,9773.34,9814.76,9751.45,9812.9
2026-04-12 20:00:00,9812.85,9817.13,9730.65,9764.56
2026-04-12 21:00:00,9764.28,9772.86,9722.3,9758.05
2026-04-12 22:00:00,9758.58,9927.74,9758.58,9917.3
2026-04-12 23:00:00,9917.12,9963.73,9887.46,9945.38
2026-04-13 00:00:00,9945.05,9962.71,9857.69,9857.74
2026-04-13 01:00:00,9857.62,9857.62,9793.28,9796.62
2026-04-13 02:00:00,9797.02,9887.22,9737.08,9886.48
2026-04-13 03:00:00,9885.87,9890.04,9817.01,9822.65
2026-04-13 04:00:00,9822.48,9888.03,9819.27,9852.47
2026-04-13 05:00:00,9852.21,9863.7,9810.93,9856.83
2026-04-13 06:00:00,9856.98,9867.85,9786.19,9787.22
2026-04-13 07:00:00,9786.95,9854.87,9781.15,9811.31
2026-04-13 08:00:00,9810.75,9842.46,9787.07,9805.14
2026-04-13 09:00:00,9804.72,9912.03,9790.83,9895.88
2026-04-13 10:00:00,9895.52,9955.6,9877.59,9948.25
2026-04-13 11:00:00,9947.72,10013.3,9921.2,9993.69
2026-04-13 12:00:00,9993.71,10030.96,9967.91,9968.06
2026-04-13 13:00:00,9967.83,9970.72,9909.45,9951.38
2026-04-13 14:00:00,9951.27,9960.14,9898.92,9948.45
2026-04-13 15:00:00,9948.33,9992.49,9936.44,9992.21
2026-04-13 16:00:00,9992.1,9993.03,9925.3,9925.3
2026-04-13 17:00:00,9925.24,9934.49,9862.83,9870.55
2026-04-13 18:00:00,9870.16,9870.16,9806.16,9825.4
2026-04-13 19:00:00,9825.55,9878.29,9769.73,9769.73
2026-04-13 20:00:00,9769.37,9841.7,9765.9,9802.78
2026-04-13 21:00:00,9802.47,9873.11,9780.2,9850.66
2026-04-13 22:00:00,9850.58,9868.25,9800.26,9805.17
2026-04-13 23:00:00,9805.23,9817.38,9769.65,9800.59
2026-04-14 00:00:00,9799.55,9843.02,9765.49,9841.8
2026-04-14 01:00:00,9841.82,9843.31,9773.69,9774.62
2026-04-14 02:00:00,9774.28,9896.48,9734.35,9890.66
2026-04-14 03:00:00,9890.6,9929.03,9867.79,9885.56
2026-04-14 04:00:00,9885.88,9886.09,9842.5,9852.95
2026-04-14 05:00:00,9852.58,9874.32,9789.94,9799.85
2026-04-14 06:00:00,9800.26,9800.83,9709.16,9711.66
2026-04-14 07:00:00,9712.35,9763.68,9679.1,9732.29
2026-04-14 08:00:00,9732.84,9804.36,9701.49,9781.18
2026-04-14 09:00:00,9781.33,9783.03,9722.95,9734.99
2026-04-14 10:00:00,9735.48,9738.75,9672.47,9685.91
2026-04-14 11:00:00,9686.44,9775.04,9667.27,9762.49
2026-04-14 12:00:00,9762.03,9815.84,9737.7,9776.26
2026-04-14 13:00:00,9776.16,9845.08,9749.13,9818.97
2026-04-14 14:00:00,9818.35,9824.63,9755.09,9769.18
2026-04-14 15:00:00,9768.74,9818.0,9742.44,9779.95
2026-04-14 16:00:00,9780.31,9780.85,9728.4,9750.94
2026-04-14 17:00:00,9750.68,9756.94,9692.45,9746.91
2026-04-14 18:00:00,9746.66,9771.67,9705.69,9706.28
2026-04-14 19:00:00,9706.31,9769.36,9705.5,9751.37
2026-04-14 20:00:00,9751.99,9841.07,9720.72,9830.42
2026-04-14 21:00:00,9830.05,9830.78,9761.64,9765.56
2026-04-14 22:00:00,9765.88,9819.36,9733.79,9818.85
2026-04-14 23:00:00,9818.75,9820.8,9721.9,9723.93
2026-04-15 00:00:00,9723.37,9729.3,9653.52,9654.41
2026-04-15 01:00:00,9654.18,9737.48,9628.69,9716.6
2026-04-15 02:00:00,9716.71,9839.9,9707.18,9798.24
2026-04-15 03:00:00,9798.97,9830.37,9760.93,9761.54
2026-04-15 04:00:00,9761.7,9780.7,9716.24,9716.24
2026-04-15 05:00:00,9716.49,9767.05,9659.8,9724.69
2026-04-15 06:00:00,9724.3,9725.85,9591.98,9593.94
2026-04-15 07:00:00,9593.73,9606.69,9526.64,9540.55
2026-04-15 08:00:00,9540.46,9621.76,9531.55,9550.68
2026-04-15 09:00:00,9551.51,9610.9,9544.16,9560.36
2026-04-15 10:00:00,9560.74,9565.11,9515.28,9519.06
2026-04-15 11:00:00,9519.08,9519.08,9443.02,9444.96
2026-04-15 12:00:00,9444.39,9445.88,9375.24,9385.45
2026-04-15 13:00:00,9385.59,9426.61,9345.95,9393.48
2026-04-15 14:00:00,9392.69,9394.66,9312.16,9313.74
2026-04-15 15:00:00,9313.91,9363.53,9290.01,9334.94
2026-04-15 16:00:00,9334.18,9335.92,9265.55,9269.91
2026-04-15 17:00:00,9269.85,9363.92,9217.7,9354.72
2026-04-15 18:00:00,9354.12,9372.4,9336.08,9339.29
2026-04-15 19:00:00,9339.08,9389.74,9297.62,9387.06
2026-04-15 20:00:00,9387.01,9432.7,9323.61,9366.66
2026-04-15 21:00:00,9366.29,9469.55,9361.01,9432.29
2026-04-15 22:00:00,9432.32,9463.71,9399.25,9447.27
2026-04-15 23:00:00,9447.2,9448.54,9409.83,9419.8
2026-04-16 00:00:00,9419.69,9422.34,9385.69,9414.36
2026-04-16 01:00:00,9414.37,9451.06,9394.88,9398.66
2026-04-16 02:00:00,9398.58,9400.3,9327.48,9332.29
2026-04-16 03:00:00,9332.6,9339.98,9292.9,9298.58
2026-04-16 04:00:00,9298.86,9303.19,9232.5,9234.25
2026-04-16 05:00:00,9233.99,9234.17,9159.74,9179.75
2026-04-16 06:00:00,9179.61,9192.37,9098.42,9190.46
2026-04-16 07:00:00,9190.53,9193.17,9090.83,9094.76
2026-04-16 08:00:00,9094.35,9130.05,9069.46,9108.34
2026-04-16 09:00:00,9108.26,9108.72,9069.53,9070.06
2026-04-16 10:00:00,9069.94,9072.12,9001.46,9001.46
2026-04-16 11:00:00,9001.42,9038.38,8971.67,8972.06
2026-04-16 12:00:00,8972.14,9031.86,8959.29,8984.36
2026-04-16 13:00:00,8984.22,8984.26,8938.93,8940.53
2026-04-16 14:00:00,8940.3,9078.07,8934.27,9077.49
2026-04-16 15:00:00,9077.41,9159.17,9056.73,9122.06
2026-04-16 16:00:00,9121.92,9121.92,9070.42,9070.6
2026-04-16 17:00:00,9070.55,9160.49,9059.43,9154.06
2026-04-16 18:00:00,9154.58,9155.77,9056.75,9057.57
2026-04-16 19:00:00,9058.17,9087.83,9017.11,9074.63
2026-04-16 20:00:00,9074.37,9074.72,9001.2,9001.2
2026-04-16 21:00:00,9001.51,9002.67,8907.51,8914.08
2026-04-16 22:00:00,8913.97,8976.81,8886.25,8957.72
2026-04-16 23:00:00,8957.28,8982.82,8899.68,8928.96
2026-04-17 00:00:00,8929.07,8935.1,8850.12,8850.27
2026-04-17 01:00:00,8850.18,8856.48,8797.88,8855.39
2026-04-17 02:00:00,8855.25,8855.25,8788.16,8820.36
2026-04-17 03:00:00,8820.8,8911.84,8809.88,8879.07
2026-04-17 04:00:00,8878.78,8940.56,8868.52,8934.42
2026-04-17 05:00:00,8934.53,9051.53,8926.98,9036.25
2026-04-17 06:00:00,9036.38,9041.48,8971.5,8973.39
2026-04-17 07:00:00,8973.7,9059.46,8936.47,9052.63
2026-04-17 08:00:00,9052.78,9132.94,9006.47,9120.71
2026-04-17 09:00:00,9120.75,9122.69,9021.89,9021.89
2026-04-17 10:00:00,9021.92,9095.95,9001.18,9092.79
2026-04-17 11:00:00,9092.78,9224.73,9082.54,9200.72
2026-04-17 12:00:00,9200.72,9239.36,9186.83,9189.35
2026-04-17 13:00:00,9189.57,9191.15,9134.9,9168.98
2026-04-17 14:00:00,9169.38,9171.12,9114.71,9116.11
2026-04-17 15:00:00,9116.52,9153.64,9101.2,9146.69
2026-04-17 16:00:00,9146.03,9148.23,9056.9,9058.75
2026-04-17 17:00:00,9058.65,9188.01,9042.8,9132.71
2026-04-17 18:00:00,9132.22,9240.24,9109.84,9233.33
2026-04-17 19:00:00,9233.52,9336.45,9205.59,9318.63
2026-04-17 20:00:00,9318.92,9331.78,9285.31,9305.78
2026-04-17 21:00:00,9305.7,9307.74,9218.11,9218.62
2026-04-17 22:00:00,9219.23,9291.8,9199.59,9275.33
2026-04-17 23:00:00,9275.32,9300.53,9220.52,9234.73
2026-04-18 00:00:00,9234.88,9353.62,9218.0,9311.37
2026-04-18 01:00:00,9311.16,9388.59,9293.06,9376.63
2026-04-18 02:00:00,9376.79,9449.37,9352.9,9421.8
2026-04-18 03:00:00,9421.76,9422.86,9357.72,9387.52
2026-04-18 04:00:00,9387.82,9458.49,9378.87,9400.72
2026-04-18 05:00:00,9400.35,9440.85,9378.12,9378.54
2026-04-18 06:00:00,9378.82,9432.37,9377.27,9384.19
2026-04-18 07:00:00,9383.68,9397.25,9329.11,9330.4
2026-04-18 08:00:00,9330.27,9370.11,9275.47,9369.64
2026-04-18 09:00:00,9369.78,9391.53,9342.63,9376.14
2026-04-18 10:00:00,9376.69,9410.83,9300.03,9300.67
2026-04-18 11:00:00,9301.23,9333.73,9295.49,9320.64
2026-04-18 12:00:00,9320.94,9367.74,9265.49,9343.5
2026-04-18 13:00:00,9343.39,9345.9,9287.6,9324.52
2026-04-18 14:00:00,9324.36,9400.27,9318.07,9354.95
2026-04-18 15:00:00,9355.27,9463.68,9354.07,9437.51
2026-04-18 16:00:00,9437.75,9565.99,9437.75,9537.95
2026-04-18 17:00:00,9537.78,9667.75,9501.9,9616.74
2026-04-18 18:00:00,9615.93,9813.04,9608.38,9766.62
2026-04-18 19:00:00,9766.38,9857.54,9749.96,9798.83
2026-04-18 20:00:00,9799.64,9802.93,9755.95,9769.56
2026-04-18 21:00:00,9769.48,9776.77,9667.65,9671.84
2026-04-18 22:00:00,9671.79,9792.87,9667.04,9775.41
2026-04-18 23:00:00,9775.71,9778.52,9694.41,9701.02
2026-04-19 00:00:00,9700.9,9701.05,9651.26,9672.44
2026-04-19 01:00:00,9672.65,9674.58,9610.97,9610.97
2026-04-19 02:00:00,9610.42,9736.13,9603.6,9712.18
2026-04-19 03:00:00,9712.99,9713.53,9618.76,9622.19
2026-04-19 04:00:00,9621.88,9623.04,9554.73,9598.65
2026-04-19 05:00:00,9598.55,9599.32,9546.26,9547.81
2026-04-19 06:00:00,9547.55,9549.91,9493.56,9498.54
2026-04-19 07:00:00,9498.06,9623.19,9493.49,9584.32
2026-04-19 08:00:00,9583.84,9585.7,9535.55,9546.26
2026-04-19 09:00:00,9546.12,9564.5,9528.33,9528.68
2026-04-19 10:00:00,9528.93,9537.49,9493.3,9493.47
2026-04-19 11:00:00,9493.27,9541.31,9462.71,9532.24
2026-04-19 12:00:00,9531.95,9535.19,9486.88,9501.04
2026-04-19 13:00:00,9500.71,9501.38,9404.37,9420.22
2026-04-19 14:00:00,9419.7,9436.09,9376.59,9388.52
2026-04-19 15:00:00,9388.59,9572.67,9379.64,9565.73
2026-04-19 16:00:00,9565.68,9710.1,9552.93,9697.81
2026-04-19 17:00:00,9697.72,9793.97,9673.0,9780.33
2026-04-19 18:00:00,9780.52,9780.52,9712.91,9778.51
2026-04-19 19:00:00,9777.77,9907.66,9771.94,9882.38
2026-04-19 20:00:00,9882.41,9928.95,9878.23,9895.54
2026-04-19 21:00:00,9895.8,9954.99,9866.35,9949.14
2026-04-19 22:00:00,9948.94,9969.9,9925.13,9927.71
2026-04-19 23:00:00,9927.65,9935.4,9869.11,9872.02
2026-04-20 00:00:00,9871.76,9876.7,9787.12,9788.29
2026-04-20 01:00:00,9788.1,9825.69,9782.58,9820.04
2026-04-20 02:00:00,9819.63,9895.34,9786.35,9886.8
2026-04-20 03:00:00,9886.71,9890.4,9812.67,9819.54
2026-04-20 04:00:00,9819.87,9906.79,9722.94,9885.93
2026-04-20 05:00:00,9885.47,9902.6,9823.42,9837.13
2026-04-20 06:00:00,9836.98,9883.36,9806.68,9872.08
2026-04-20 07:00:00,9872.36,9943.1,9834.06,9930.57
2026-04-20 08:00:00,9930.42,9931.07,9875.12,9913.17
2026-04-20 09:00:00,9913.01,9935.98,9851.35,9867.37
2026-04-20 10:00:00,9867.49,9926.11,9861.08,9912.86
2026-04-20 11:00:00,9913.05,9915.04,9837.73,9859.06
2026-04-20 12:00:00,9859.93,9908.04,9829.01,9829.6
2026-04-20 13:00:00,9830.17,9888.9,9780.25,9876.34
2026-04-20 14:00:00,9876.18,9900.67,9859.51,9861.82
2026-04-20 15:00:00,9861.35,9895.05,9814.44,9886.79
2026-04-20 16:00:00,9887.21,9889.78,9801.29,9803.74
2026-04-20 17:00:00,9803.45,9830.87,9731.99,9810.49
2026-04-20 18:00:00,9810.08,9830.34,9775.77,9798.68
2026-04-20 19:00:00,9798.85,9818.88,9731.68,9732.43
2026-04-20 20:00:00,9732.39,9824.62,9728.62,9808.77
2026-04-20 21:00:00,9807.98,9836.01,9776.07,9834.11
2026-04-20 22:00:00,9833.83,9966.77,9803.37,9950.2
2026-04-20 23:00:00,9950.41,9984.32,9937.68,9940.03
2026-04-21 00:00:00,9939.55,10008.68,9884.45,10002.89
2026-04-21 01:00:00,10003.13,10050.52,9958.29,10032.8
2026-04-21 02:00:00,10032.56,10064.7,9975.99,9986.99
2026-04-21 03:00:00,9986.69,10053.42,9971.05,10011.7
2026-04-21 04:00:00,10011.79,10015.46,9912.58,9922.39
2026-04-21 05:00:00,9922.38,10009.06,9919.34,9965.01
2026-04-21 06:00:00,9964.95,9982.54,9907.75,9910.15
2026-04-21 07:00:00,9909.8,10004.63,9906.6,9958.57
2026-04-21 08:00:00,9958.43,10004.13,9877.86,9968.77
2026-04-21 09:00:00,9968.5,10029.31,9946.99,9963.8
2026-04-21 10:00:00,9963.85,9963.85,9912.58,9931.33
2026-04-21 11:00:00,9931.52,9931.67,9843.9,9859.9
2026-04-21 12:00:00,9859.82,9860.92,9794.49,9808.11
2026-04-21 13:00:00,9808.37,9837.25,9777.68,9792.98
2026-04-21 14:00:00,9792.59,9793.11,9722.02,9723.68
2026-04-21 15:00:00,9723.58,9828.04,9720.26,9818.28
2026-04-21 16:00:00,9818.42,9885.55,9781.84,9851.05
2026-04-21 17:00:00,9850.29,9884.68,9823.21,9875.23
2026-04-21 18:00:00,9875.72,9915.87,9852.81,9861.72
2026-04-21 19:00:00,9861.27,9965.73,9817.57,9946.06
2026-04-21 20:00:00,9946.26,9947.71,9871.84,9873.24
2026-04-21 21:00:00,9873.86,9932.07,9841.48,9911.0
2026-04-21 22:00:00,9910.86,9954.7,9887.85,9915.87
2026-04-21 23:00:00,9916.07,9916.61,9848.99,9848.99
2026-04-22 00:00:00,9849.16,9903.55,9810.13,9899.63
2026-04-22 01:00:00,9899.83,9920.43,9873.07,9874.44
2026-04-22 02:00:00,9874.33,9879.24,9762.4,9766.0
2026-04-22 03:00:00,9765.86,9766.33,9683.82,9692.69
2026-04-22 04:00:00,9692.74,9720.89,9660.94,9666.57
2026-04-22 05:00:00,9666.61,9777.06,9664.39,9720.59
2026-04-22 06:00:00,9720.41,9720.41,9659.99,9666.88
2026-04-22 07:00:00,9666.88,9772.42,9645.85,9727.34
2026-04-22 08:00:00,9726.76,9729.32,9666.78,9677.17
2026-04-22 09:00:00,9677.77,9773.57,9651.87,9751.47
2026-04-22 10:00:00,9752.08,9825.64,9747.62,9764.18
2026-04-22 11:00:00,9764.13,9820.3,9748.02,9794.09
2026-04-22 12:00:00,9794.09,9812.77,9733.98,9737.31
2026-04-22 13:00:00,9737.75,9738.76,9685.52,9689.33
2026-04-22 14:00:00,9688.83,9715.44,9656.33,9666.95
2026-04-22 15:00:00,9666.86,9680.38,9611.7,9611.9
2026-04-22 16:00:00,9612.25,9664.69,9576.16,9653.1
2026-04-22 17:00:00,9652.66,9652.75,9561.29,9561.56
2026-04-22 18:00:00,9561.59,9682.06,9527.86,9667.64
2026-04-22 19:00:00,9667.41,9802.73,9659.07,9744.81
2026-04-22 20:00:00,9744.82,9849.34,9733.23,9849.34
2026-04-22 21:00:00,9848.94,10014.54,9848.0,9984.79
2026-04-22 22:00:00,9984.82,10126.07,9973.4,10101.71
2026-04-22 23:00:00,10101.91,10132.53,10043.85,10083.26
2026-04-23 00:00:00,10083.87,10084.36,10042.62,10053.05
2026-04-23 01:00:00,10052.27,10053.67,9983.08,9989.04
2026-04-23 02:00:00,9989.16,10047.08,9988.08,10030.8
2026-04-23 03:00:00,10030.41,10041.08,9971.07,10034.17
2026-04-23 04:00:00,10034.53,10034.53,9972.16,9975.96
2026-04-23 05:00:00,9975.7,9978.49,9890.42,9892.1
2026-04-23 06:00:00,9892.08,9906.28,9827.73,9858.69
2026-04-23 07:00:00,9858.64,9987.17,9837.76,9958.41
2026-04-23 08:00:00,9957.93,10025.24,9915.7,10021.45
2026-04-23 09:00:00,10021.98,10247.45,10014.03,10226.5
2026-04-23 10:00:00,10226.17,10227.21,10146.26,10206.03
2026-04-23 11:00:00,10205.77,10252.45,10188.23,10188.66
2026-04-23 12:00:00,10188.49,10188.49,10115.3,10115.3
2026-04-23 13:00:00,10115.77,10116.27,10051.12,10061.12
2026-04-23 14:00:00,10061.51,10080.47,10021.49,10075.21
2026-04-23 15:00:00,10075.36,10075.36,10029.93,10033.09
2026-04-23 16:00:00,10033.19,10060.67,9998.38,10003.82
2026-04-23 17:00:00,10003.75,10081.45,10003.02,10067.95
2026-04-23 18:00:00,10067.92,10076.85,10001.41,10030.54
2026-04-23 19:00:00,10030.91,10067.74,10020.92,10043.54
2026-04-23 20:00:00,10043.01,10060.53,9968.04,9972.94
2026-04-23 21:00:00,9973.15,10032.12,9955.08,10002.39
2026-04-23 22:00:00,10002.8,10040.26,9983.23,10022.7
2026-04-23 23:00:00,10023.0,10024.52,9924.08,9927.97
2026-04-24 00:00:00,9928.69,9980.02,9905.67,9963.83
2026-04-24 01:00:00,9963.39,10065.64,9949.45,10044.9
2026-04-24 02:00:00,10045.02,10057.62,10012.25,10015.73
2026-04-24 03:00:00,10015.57,10022.81,9962.33,9971.49
2026-04-24 04:00:00,9971.7,9987.94,9918.94,9930.9
2026-04-24 05:00:00,9930.87,9942.58,9890.48,9928.77
2026-04-24 06:00:00,9928.32,9930.35,9843.42,9859.1
2026-04-24 07:00:00,9859.11,9949.1,9840.53,9914.83
2026-04-24 08:00:00,9914.82,9957.29,9884.71,9884.71
2026-04-24 09:00:00,9885.15,9984.34,9882.55,9965.44
2026-04-24 10:00:00,9964.84,10045.04,9963.12,9982.16
2026-04-24 11:00:00,9982.39,9989.21,9909.14,9917.03
2026-04-24 12:00:00,9917.15,9962.9,9913.37,9935.26
2026-04-24 13:00:00,9934.89,10003.44,9904.31,9981.98
2026-04-24 14:00:00,9981.86,9982.6,9884.93,9885.42
2026-04-24 15:00:00,9884.75,9921.04,9848.18,9849.33
2026-04-24 16:00:00,9848.95,9853.89,9805.32,9823.77
2026-04-24 17:00:00,9824.0,9889.21,9778.98,9884.12
2026-04-24 18:00:00,9883.94,9898.15,9832.04,9869.2
2026-04-24 19:00:00,9869.51,9869.69,9781.62,9798.95
2026-04-24 20:00:00,9799.14,9865.57,9789.58,9856.35
2026-04-24 21:00:00,9856.25,9885.38,9812.56,9816.53
2026-04-24 22:00:00,9816.85,9818.21,9719.5,9742.77
2026-04-24 23:00:00,9743.04,9763.81,9691.96,9719.9
2026-04-25 00:00:00,9720.46,9720.75,9645.76,9646.25
2026-04-25 01:00:00,9646.83,9647.96,9544.44,9544.93
2026-04-25 02:00:00,9544.64,9642.82,9527.68,9603.55
2026-04-25 03:00:00,9603.92,9622.14,9585.02,9608.85
2026-04-25 04:00:00,9608.08,9640.53,9554.39,9626.43
2026-04-25 05:00:00,9626.24,9703.86,9611.56,9667.49
2026-04-25 06:00:00,9667.16,9703.12,9634.13,9634.88
2026-04-25 07:00:00,9634.37,9641.69,9580.29,9637.93
2026-04-25 08:00:00,9637.63,9669.01,9624.25,9635.51
2026-04-25 09:00:00,9635.33,9666.8,9620.98,9626.45
2026-04-25 10:00:00,9626.24,9657.34,9609.09,9614.16
2026-04-25 11:00:00,9614.46,9757.53,9588.54,9703.71
2026-04-25 12:00:00,9703.08,9735.64,9643.29,9649.07
2026-04-25 13:00:00,9648.66,9648.66,9584.03,9630.67
2026-04-25 14:00:00,9630.56,9737.81,9622.12,9720.05
2026-04-25 15:00:00,9719.7,9719.7,9647.54,9682.5
2026-04-25 16:00:00,9682.75,9842.98,9673.27,9832.09
2026-04-25 17:00:00,9831.91,9832.72,9776.04,9797.69
2026-04-25 18:00:00,9797.7,9850.44,9738.09,9828.32
2026-04-25 19:00:00,9828.86,9928.4,9817.57,9911.93
2026-04-25 20:00:00,9911.78,10028.74,9908.28,9965.12
2026-04-25 21:00:00,9965.1,9982.2,9929.44,9929.96
2026-04-25 22:00:00,9930.2,10212.2,9914.45,10196.14
2026-04-25 23:00:00,10196.03,10251.74,10170.16,10234.81
2026-04-26 00:00:00,10235.06,10235.67,10181.13,10181.65
2026-04-26 01:00:00,10182.05,10183.17,10093.77,10131.74
2026-04-26 02:00:00,10131.14,10283.8,10106.87,10264.54
2026-04-26 03:00:00,10264.39,10272.54,10217.76,10242.37
2026-04-26 04:00:00,10242.61,10295.89,10211.76,10263.29
2026-04-26 05:00:00,10263.44,10290.05,10223.17,10256.47
2026-04-26 06:00:00,10255.93,10256.56,10184.24,10199.22
2026-04-26 07:00:00,10199.16,10272.59,10170.44,10272.59
2026-04-26 08:00:00,10272.56,10298.69,10230.67,10287.24
2026-04-26 09:00:00,10286.81,10295.92,10211.02,10278.24
2026-04-26 10:00:00,10277.52,10297.92,10247.4,10260.91
2026-04-26 11:00:00,10260.51,10264.02,10219.1,10242.25
2026-04-26 12:00:00,10242.2,10242.2,10168.93,10170.46
2026-04-26 13:00:00,10169.75,10169.78,10097.91,10112.03
2026-04-26 14:00:00,10112.14,10191.87,10090.25,10154.24
2026-04-26 15:00:00,10154.15,10154.46,10062.41,10063.51
2026-04-26 16:00:00,10063.62,10065.88,9984.22,10022.88
2026-04-26 17:00:00,10022.62,10059.34,10003.17,10020.26
2026-04-26 18:00:00,10020.26,10092.01,10019.95,10059.29
2026-04-26 19:00:00,10059.01,10092.27,10003.1,10087.63
2026-04-26 20:00:00,10087.42,10139.56,10030.67,10054.82
2026-04-26 21:00:00,10054.44,10076.06,10000.75,10062.37
2026-04-26 22:00:00,10062.37,10063.46,10012.23,10019.74
2026-04-26 23:00:00,10019.71,10051.47,9981.5,9986.59
2026-04-27 00:00:00,9986.72,9988.98,9893.4,9894.57
2026-04-27 01:00:00,9894.73,9898.34,9821.57,9828.87
2026-04-27 02:00:00,9828.85,9864.18,9799.01,9801.13
2026-04-27 03:00:00,9801.18,9805.31,9728.93,9744.48
2026-04-27 04:00:00,9744.33,9747.45,9676.47,9688.75
2026-04-27 05:00:00,9688.59,9692.13,9605.51,9637.46
2026-04-27 06:00:00,9637.22,9642.64,9590.63,9591.79
2026-04-27 07:00:00,9591.66,9660.9,9560.33,9658.04
2026-04-27 08:00:00,9658.7,9754.79,9655.26,9709.65
2026-04-27 09:00:00,9709.45,9741.45,9670.34,9681.83
2026-04-27 10:00:00,9682.3,9728.01,9656.23,9724.11
2026-04-27 11:00:00,9724.24,9902.38,9714.75,9901.96
2026-04-27 12:00:00,9902.19,9982.48,9853.99,9948.96
2026-04-27 13:00:00,9948.36,10118.54,9948.18,10094.12
2026-04-27 14:00:00,10094.57,10094.57,10006.15,10053.87
2026-04-27 15:00:00,10054.44,10091.11,10048.3,10052.05
2026-04-27 16:00:00,10051.92,10247.24,10037.84,10216.87
2026-04-27 17:00:00,10215.78,10279.15,10192.71,10252.31
2026-04-27 18:00:00,10251.9,10251.9,10150.88,10152.21
2026-04-27 19:00:00,10151.59,10152.1,10098.07,10126.45
2026-04-27 20:00:00,10126.64,10127.23,10047.84,10051.25
2026-04-27 21:00:00,10051.35,10080.44,10023.27,10037.01
2026-04-27 22:00:00,10037.46,10037.46,9951.07,9952.79
2026-04-27 23:00:00,9952.63,9984.9,9921.12,9970.61
2026-04-28 00:00:00,9971.02,10030.5,9952.58,9953.42
2026-04-28 01:00:00,9953.04,10017.94,9942.02,9945.47
2026-04-28 02:00:00,9945.73,10000.07,9932.27,9950.27
2026-04-28 03:00:00,9950.18,10059.63,9912.8,10058.5
2026-04-28 04:00:00,10058.13,10059.71,9962.09,9963.21
2026-04-28 05:00:00,9963.4,10021.06,9936.95,9944.69
2026-04-28 06:00:00,9944.42,9950.43,9895.29,9895.67
2026-04-28 07:00:00,9895.19,10085.01,9867.21,10031.9
2026-04-28 08:00:00,10031.65,10100.08,9991.35,10023.29
2026-04-28 09:00:00,10022.75,10063.25,9968.47,10043.36
2026-04-28 10:00:00,10043.17,10215.33,10021.41,10200.5
2026-04-28 11:00:00,10201.68,10204.89,10119.77,10158.89
2026-04-28 12:00:00,10159.22,10196.97,10130.74,10134.43
2026-04-28 13:00:00,10134.18,10146.2,10087.83,10087.83
2026-04-28 14:00:00,10087.91,10089.51,10035.41,10036.76
2026-04-28 15:00:00,10036.36,10039.0,9969.83,10016.18
2026-04-28 16:00:00,10016.17,10031.3,9951.68,9980.86
2026-04-28 17:00:00,9980.54,9988.28,9935.19,9944.26
2026-04-28 18:00:00,9943.72,9966.21,9913.49,9924.96
2026-04-28 19:00:00,9924.89,10082.06,9907.19,10078.99
2026-04-28 20:00:00,10078.61,10083.65,9992.92,9996.81
2026-04-28 21:00:00,9997.18,10051.56,9996.85,10032.57
2026-04-28 22:00:00,10033.08,10061.32,10026.71,10056.2
2026-04-28 23:00:00,10055.98,10055.98,9987.95,9990.35
2026-04-29 00:00:00,9990.09,9990.41,9919.8,9923.32
2026-04-29 01:00:00,9923.63,9923.63,9853.63,9900.99
2026-04-29 02:00:00,9901.32,9921.66,9850.18,9851.44
2026-04-29 03:00:00,9851.28,9851.38,9765.3,9766.34
2026-04-29 04:00:00,9766.18,9766.18,9689.48,9689.69
2026-04-29 05:00:00,9690.15,9694.72,9602.71,9603.66
2026-04-29 06:00:00,9603.62,9648.81,9577.64,9578.73
2026-04-29 07:00:00,9578.85,9578.85,9528.81,9538.5
2026-04-29 08:00:00,9538.8,9599.4,9536.46,9565.13
2026-04-29 09:00:00,9564.76,9596.47,9524.35,9525.14
2026-04-29 10:00:00,9524.85,9524.89,9490.86,9510.8
2026-04-29 11:00:00,9510.63,9545.06,9464.23,9535.17
2026-04-29 12:00:00,9535.11,9645.75,9516.65,9610.27
2026-04-29 13:00:00,9610.05,9610.05,9521.15,9522.1
2026-04-29 14:00:00,9522.52,9526.29,9444.81,9464.42
2026-04-29 15:00:00,9464.04,9521.39,9459.65,9490.15
2026-04-29 16:00:00,9489.85,9492.76,9440.55,9455.2
2026-04-29 17:00:00,9454.84,9500.5,9428.26,9444.93
2026-04-29 18:00:00,9445.36,9474.57,9421.44,9421.54
2026-04-29 19:00:00,9421.39,9440.48,9387.4,9388.16
2026-04-29 20:00:00,9388.04,9388.54,9298.03,9298.62
2026-04-29 21:00:00,9299.22,9340.87,9279.98,9294.75
2026-04-29 22:00:00,9294.6,9319.32,9248.92,9258.94
2026-04-29 23:00:00,9258.75,9264.52,9212.96,9222.6
2026-04-30 00:00:00,9222.69,9251.17,9146.72,9237.09
2026-04-30 01:00:00,9236.83,9245.82,9163.84,9238.65
2026-04-30 02:00:00,9238.87,9315.69,9226.14,9310.05
2026-04-30 03:00:00,9309.77,9338.34,9286.91,9289.55
2026-04-30 04:00:00,9289.85,9302.89,9264.99,9268.76
2026-04-30 05:00:00,9268.6,9269.93,9214.87,9219.79
2026-04-30 06:00:00,9219.75,9220.2,9144.11,9153.49
2026-04-30 07:00:00,9153.37,9188.92,9118.64,9154.71
2026-04-30 08:00:00,9155.1,9161.63,9109.35,9131.05
2026-04-30 09:00:00,9131.36,9180.72,9120.62,9126.9
2026-04-30 10:00:00,9126.87,9164.5,9094.8,9131.47
2026-04-30 11:00:00,9131.14,9131.3,9018.64,9024.88
2026-04-30 12:00:00,9024.64,9025.02,8955.39,8957.57
2026-04-30 13:00:00,8957.5,8985.77,8937.18,8946.78
2026-04-30 14:00:00,8947.13,8964.21,8877.43,8880.43
2026-04-30 15:00:00,8879.86,8899.82,8805.1,8809.26
2026-04-30 16:00:00,8809.21,8857.06,8796.22,8796.84
2026-04-30 17:00:00,8796.93,8798.71,8729.52,8730.94
2026-04-30 18:00:00,8731.46,8740.17,8667.99,8668.47
2026-04-30 19:00:00,8668.37,8699.45,8646.82,8697.71
2026-04-30 20:00:00,8697.76,8700.5,8603.86,8605.4
2026-04-30 21:00:00,8605.37,8656.54,8555.5,8653.99
2026-04-30 22:00:00,8653.63,8753.38,8610.23,8742.41
2026-04-30 23:00:00,8742.41,8820.14,8734.2,8793.27
2026-05-01 00:00:00,8792.84,8833.09,8776.73,8811.75
2026-05-01 01:00:00,8812.04,8890.83,8799.96,8857.44
2026-05-01 02:00:00,8857.5,8957.48,8848.48,8956.86
2026-05-01 03:00:00,8956.58,8960.85,8930.76,8932.79
2026-05-01 04:00:00,8932.98,9064.25,8927.42,9027.63
2026-05-01 05:00:00,9027.49,9041.58,9000.48,9024.16
2026-05-01 06:00:00,9024.36,9024.36,8928.34,8928.72
2026-05-01 07:00:00,8928.39,8928.7,8865.45,8897.19
2026-05-01 08:00:00,8897.25,8991.16,8889.91,8980.92
2026-05-01 09:00:00,8980.75,9039.6,8970.8,9008.79
2026-05-01 10:00:00,9008.25,9032.37,8967.71,8977.11
2026-05-01 11:00:00,8976.76,9081.45,8974.9,8990.98
2026-05-01 12:00:00,8990.73,8992.0,8942.28,8942.28
2026-05-01 13:00:00,8942.09,8967.16,8927.92,8939.24
2026-05-01 14:00:00,8939.59,8951.4,8896.5,8942.47
2026-05-01 15:00:00,8942.13,8957.16,8875.29,8876.06
2026-05-01 16:00:00,8876.57,8886.13,8840.16,8877.95
2026-05-01 17:00:00,8877.85,8952.44,8837.28,8929.41
2026-05-01 18:00:00,8929.65,9081.92,8896.42,9072.54
2026-05-01 19:00:00,9072.6,9073.79,9016.04,9020.74
2026-05-01 20:00:00,9020.48,9050.48,9004.01,9037.78
2026-05-01 21:00:00,9037.15,9038.26,9000.84,9003.97
2026-05-01 22:00:00,9004.57,9008.88,8943.13,8950.33
2026-05-01 23:00:00,8950.32,9030.35,8933.75,9005.47
2026-05-02 00:00:00,9005.02,9058.39,8995.42,9011.32
2026-05-02 01:00:00,9011.38,9060.33,8976.73,9048.82
2026-05-02 02:00:00,9048.51,9049.01,8977.06,8977.23
2026-05-02 03:00:00,8977.11,8977.46,8868.21,8869.38
2026-05-02 04:00:00,8869.06,8889.0,8824.43,8825.55
2026-05-02 05:00:00,8825.69,8825.69,8788.99,8801.38
2026-05-02 06:00:00,8801.73,8880.78,8801.14,8861.78
2026-05-02 07:00:00,8861.48,8913.96,8829.5,8912.04
2026-05-02 08:00:00,8912.08,8921.62,8872.26,8880.11
2026-05-02 09:00:00,8879.83,8927.17,8815.34,8892.25
2026-05-02 10:00:00,8892.14,8907.47,8849.29,8870.86
2026-05-02 11:00:00,8870.84,8946.38,8860.49,8931.48
2026-05-02 12:00:00,8931.19,8970.8,8890.31,8964.02
2026-05-02 13:00:00,8963.6,9030.96,8952.14,8973.84
2026-05-02 14:00:00,8973.5,8973.6,8917.99,8965.73
2026-05-02 15:00:00,8966.15,8966.94,8903.63,8919.53
2026-05-02 16:00:00,8919.44,8952.77,8864.0,8866.43
2026-05-02 17:00:00,8867.01,8867.69,8779.51,8784.13
2026-05-02 18:00:00,8785.01,8933.33,8778.47,8925.41
2026-05-02 19:00:00,8925.52,8925.73,8858.15,8861.0
2026-05-02 20:00:00,8861.2,8892.9,8811.83,8864.49
2026-05-02 21:00:00,8864.66,8894.19,8821.03,8849.88
2026-05-02 22:00:00,8849.62,8871.15,8798.37,8814.06
2026-05-02 23:00:00,8813.94,8896.63,8779.58,8890.07
2026-05-03 00:00:00,8889.91,8893.4,8786.67,8788.48
2026-05-03 01:00:00,8788.63,8811.86,8772.81,8788.86
2026-05-03 02:00:00,8789.09,8789.09,8712.59,8744.24
2026-05-03 03:00:00,8744.39,8791.67,8717.59,8777.61
2026-05-03 04:00:00,8777.84,8778.91,8702.09,8769.0
2026-05-03 05:00:00,8769.41,8938.1,8766.54,8898.95
2026-05-03 06:00:00,8899.34,8899.59,8842.71,8853.66
2026-05-03 07:00:00,8854.26,8857.4,8772.29,8772.29
2026-05-03 08:00:00,8772.6,8794.62,8752.38,8781.12
2026-05-03 09:00:00,8781.21,8844.27,8762.04,8768.48
2026-05-03 10:00:00,8768.34,8784.33,8733.83,8735.21
2026-05-03 11:00:00,8735.41,8758.05,8728.58,8740.61
2026-05-03 12:00:00,8740.66,8811.0,8736.43,8808.21
2026-05-03 13:00:00,8808.24,8810.88,8749.55,8751.69
2026-05-03 14:00:00,8751.88,8808.18,8710.79,8803.19
2026-05-03 15:00:00,8803.36,8803.37,8731.73,8732.99
2026-05-03 16:00:00,8732.74,8735.4,8674.08,8690.1
2026-05-03 17:00:00,8690.1,8753.73,8656.2,8745.57
2026-05-03 18:00:00,8745.65,8828.89,8728.5,8789.46
2026-05-03 19:00:00,8789.25,8805.15,8737.52,8781.91
2026-05-03 20:00:00,8782.08,8783.34,8693.53,8697.88
2026-05-03 21:00:00,8698.06,8779.94,8665.75,8771.4
2026-05-03 22:00:00,8771.01,8776.41,8721.96,8730.17
2026-05-03 23:00:00,8730.38,8761.12,8693.72,8735.95
2026-05-04 00:00:00,8736.04,8796.72,8721.01,8765.97
2026-05-04 01:00:00,8766.1,8919.42,8729.86,8919.38
2026-05-04 02:00:00,8919.35,8928.68,8877.3,8899.7
2026-05-04 03:00:00,8899.13,8954.16,8889.89,8928.28
2026-05-04 04:00:00,8928.13,8928.29,8896.67,8901.37
2026-05-04 05:00:00,8901.46,8931.03,8857.51,8857.51
2026-05-04 06:00:00,8857.41,8942.38,8819.43,8931.92
2026-05-04 07:00:00,8932.0,8933.21,8859.64,8867.62
2026-05-04 08:00:00,8866.96,8866.96,8810.46,8813.27
2026-05-04 09:00:00,8813.59,8824.32,8761.81,8763.8
2026-05-04 10:00:00,8764.25,8805.46,8750.6,8782.81
2026-05-04 11:00:00,8782.98,8838.01,8782.5,8814.0
2026-05-04 12:00:00,8813.64,8814.12,8745.45,8745.66
2026-05-04 13:00:00,8746.01,8767.35,8712.26,8714.47
2026-05-04 14:00:00,8713.87,8858.99,8711.46,8854.65
2026-05-04 15:00:00,8854.91,8887.09,8842.2,8860.03
2026-05-04 16:00:00,8858.62,8860.24,8806.88,8818.09
2026-05-04 17:00:00,8818.0,8820.59,8773.59,8807.55
2026-05-04 18:00:00,8807.03,8868.06,8789.44,8832.8
2026-05-04 19:00:00,8832.68,8884.54,8798.91,8829.19
2026-05-04 20:00:00,8829.13,8897.85,8789.61,8878.92
2026-05-04 21:00:00,8878.64,8880.57,8805.53,8806.82
2026-05-04 22:00:00,8806.74,8809.04,8754.47,8766.06
2026-05-04 23:00:00,8765.76,8844.16,8729.23,8837.71
2026-05-05 00:00:00,8837.88,8839.46,8764.95,8774.76
2026-05-05 01:00:00,8775.4,8813.91,8719.29,8808.71
2026-05-05 02:00:00,8808.39,8810.52,8724.67,8729.78
2026-05-05 03:00:00,8729.89,8753.41,8657.24,8667.01
2026-05-05 04:00:00,8667.13,8685.13,8619.98,8666.54
2026-05-05 05:00:00,8666.37,8685.14,8610.6,8611.69
2026-05-05 06:00:00,8612.0,8613.48,8543.22,8543.44
2026-05-05 07:00:00,8543.29,8584.1,8535.52,8565.44
2026-05-05 08:00:00,8565.12,8566.41,8517.79,8529.85
2026-05-05 09:00:00,8530.13,8551.07,8486.83,8487.15
2026-05-05 10:00:00,8487.32,8488.81,8445.85,8453.42
2026-05-05 11:00:00,8453.99,8524.86,8428.36,8515.24
2026-05-05 12:00:00,8515.39,8559.66,8499.15,8527.36
2026-05-05 13:00:00,8527.61,8528.5,8430.43,8432.21
2026-05-05 14:00:00,8432.36,8565.77,8420.9,8555.93
2026-05-05 15:00:00,8555.85,8587.43,8543.34,8543.46
2026-05-05 16:00:00,8543.58,8546.08,8467.31,8510.61
2026-05-05 17:00:00,8510.93,8603.67,8506.52,8597.67
2026-05-05 18:00:00,8597.84,8610.25,8571.41,8582.56
2026-05-05 19:00:00,8582.63,8627.05,8560.14,8564.87
2026-05-05 20:00:00,8565.07,8566.33,8471.47,8490.94
2026-05-05 21:00:00,8491.23,8509.3,8438.25,8438.54
2026-05-05 22:00:00,8438.5,8438.5,8389.27,8427.78
2026-05-05 23:00:00,8427.75,8431.61,8361.71,8368.77
2026-05-06 00:00:00,8368.76,8451.17,8347.15,8444.68
2026-05-06 01:00:00,8444.71,8469.13,8422.26,8448.67
2026-05-06 02:00:00,8448.34,8583.07,8442.7,8552.49
2026-05-06 03:00:00,8552.62,8559.82,8503.35,8509.35
2026-05-06 04:00:00,8509.32,8608.64,8491.85,8589.49
2026-05-06 05:00:00,8589.45,8670.19,8588.12,8664.91
2026-05-06 06:00:00,8664.63,8668.12,8586.38,8604.34
2026-05-06 07:00:00,8604.34,8767.54,8578.27,8767.51
2026-05-06 08:00:00,8767.42,8792.53,8734.71,8782.11
2026-05-06 09:00:00,8782.43,8828.05,8741.72,8773.06
2026-05-06 10:00:00,8773.07,8811.21,8727.83,8777.6
2026-05-06 11:00:00,8777.42,8777.82,8676.59,8681.44
2026-05-06 12:00:00,8681.37,8705.95,8659.25,8660.6
2026-05-06 13:00:00,8660.47,8662.54,8556.55,8556.64
2026-05-06 14:00:00,8556.12,8619.15,8553.78,8601.49
2026-05-06 15:00:00,8601.17,8636.61,8598.37,8608.4
2026-05-06 16:00:00,8608.25,8608.31,8511.61,8513.55
2026-05-06 17:00:00,8513.4,8578.78,8478.11,8573.67
2026-05-06 18:00:00,8573.16,8573.65,8535.28,8535.46
2026-05-06 19:00:00,8535.2,8546.65,8489.18,8510.55
2026-05-06 20:00:00,8510.2,8538.36,8495.4,8506.28
2026-05-06 21:00:00,8506.07,8510.82,8450.91,8505.51
2026-05-06 22:00:00,8505.78,8603.93,8491.45,8559.68
2026-05-06 23:00:00,8559.6,8560.52,8497.83,8498.62
2026-05-07 00:00:00,8498.36,8566.02,8492.89,8539.51
2026-05-07 01:00:00,8539.63,8543.77,8498.64,8506.49
2026-05-07 02:00:00,8505.74,8537.58,8489.26,8492.46
2026-05-07 03:00:00,8492.8,8493.63,8435.02,8437.68
2026-05-07 04:00:00,8437.51,8442.55,8382.82,8430.91
2026-05-07 05:00:00,8430.51,8513.16,8423.57,8457.03
2026-05-07 06:00:00,8457.67,8474.84,8432.33,8471.94
2026-05-07 07:00:00,8471.52,8490.19,8411.18,8422.51
2026-05-07 08:00:00,8422.85,8422.96,8357.06,8357.9
2026-05-07 09:00:00,8357.6,8378.21,8333.63,8367.26
2026-05-07 10:00:00,8367.75,8425.34,8366.16,8397.63
2026-05-07 11:00:00,8397.81,8460.69,8384.4,8387.2
2026-05-07 12:00:00,8386.95,8386.95,8314.73,8314.73
2026-05-07 13:00:00,8314.64,8331.83,8269.31,8270.35
2026-05-07 14:00:00,8270.39,8316.58,8252.56,8258.09
2026-05-07 15:00:00,8258.11,8259.55,8194.59,8195.73
2026-05-07 16:00:00,8195.77,8196.21,8096.92,8096.92
2026-05-07 17:00:00,8096.86,8115.89,8077.35,8105.1
2026-05-07 18:00:00,8104.88,8144.29,8018.47,8141.26
2026-05-07 19:00:00,8141.42,8179.63,8122.73,8141.5
2026-05-07 20:00:00,8141.74,8141.77,8100.04,8125.96
2026-05-07 21:00:00,8126.27,8133.31,8070.57,8074.78
2026-05-07 22:00:00,8074.77,8086.96,8055.48,8058.46
2026-05-07 23:00:00,8059.1,8071.0,8012.12,8012.39
2026-05-08 00:00:00,8012.35,8070.63,8006.46,8017.49
2026-05-08 01:00:00,8017.44,8017.44,7946.04,7956.38
2026-05-08 02:00:00,7956.48,7956.48,7885.13,7891.89
2026-05-08 03:00:00,7892.22,7911.66,7889.3,7894.13
2026-05-08 04:00:00,7894.58,7911.33,7846.22,7865.77
2026-05-08 05:00:00,7865.9,7886.53,7838.98,7882.5
2026-05-08 06:00:00,7882.42,7908.88,7867.44,7873.1
2026-05-08 07:00:00,7873.02,7873.93,7820.57,7824.06
2026-05-08 08:00:00,7823.63,7825.63,7781.14,7789.28
2026-05-08 09:00:00,7789.8,7815.57,7767.43,7812.16
2026-05-08 10:00:00,7812.2,7819.99,7781.39,7781.43
2026-05-08 11:00:00,7781.46,7883.12,7753.6,7831.31
2026-05-08 12:00:00,7830.91,7854.65,7806.01,7836.62
2026-05-08 13:00:00,7836.15,7957.92,7824.52,7951.21
2026-05-08 14:00:00,7950.92,7953.76,7904.74,7936.76
2026-05-08 15:00:00,7936.57,8076.18,7919.37,8070.84
2026-05-08 16:00:00,8070.89,8122.66,8046.48,8073.87
2026-05-08 17:00:00,8073.83,8095.12,8042.85,8044.94
2026-05-08 18:00:00,8045.12,8046.63,7977.58,7981.64
2026-05-08 19:00:00,7982.03,7982.29,7902.92,7963.82
2026-05-08 20:00:00,7964.16,8012.69,7937.28,7997.58
2026-05-08 21:00:00,7997.3,7997.3,7923.06,7923.64
2026-05-08 22:00:00,7923.16,7948.84,7899.0,7916.4
2026-05-08 23:00:00,7916.27,7950.27,7893.89,7893.89
2026-05-09 00:00:00,7893.94,7935.78,7885.59,7925.27
2026-05-09 01:00:00,7924.77,7932.05,7881.33,7902.05
2026-05-09 02:00:00,7901.96,7928.53,7862.16,7911.56
2026-05-09 03:00:00,7911.65,7949.17,7877.82,7921.67
2026-05-09 04:00:00,7921.67,7921.75,7862.1,7866.41
2026-05-09 05:00:00,7865.84,7866.65,7792.7,7805.09
2026-05-09 06:00:00,7805.18,7852.23,7798.92,7834.25
2026-05-09 07:00:00,7833.94,7922.91,7815.55,7922.37
2026-05-09 08:00:00,7922.37,7966.64,7905.92,7936.35
2026-05-09 09:00:00,7937.1,7998.64,7895.88,7989.46
2026-05-09 10:00:00,7989.65,8137.39,7972.17,8133.81
2026-05-09 11:00:00,8133.95,8225.93,8108.33,8218.85
2026-05-09 12:00:00,8217.94,8255.12,8193.91,8251.78
2026-05-09 13:00:00,8251.83,8358.48,8221.93,8352.02
2026-05-09 14:00:00,8351.85,8409.92,8318.29,8398.63
2026-05-09 15:00:00,8399.04,8406.32,8363.31,8386.54
2026-05-09 16:00:00,8386.31,8388.99,8343.92,8344.33
2026-05-09 17:00:00,8344.28,8368.44,8285.8,8353.6
2026-05-09 18:00:00,8353.11,8353.11,8264.97,8265.72
2026-05-09 19:00:00,8265.42,8394.68,8240.1,8369.44
2026-05-09 20:00:00,8369.13,8437.76,8341.53,8403.33
2026-05-09 21:00:00,8402.99,8427.46,8368.36,8420.53
2026-05-09 22:00:00,8420.27,8480.7,8405.78,8450.44
2026-05-09 23:00:00,8450.26,8455.19,8349.33,8351.76
2026-05-10 00:00:00,8351.75,8381.4,8318.04,8370.25
2026-05-10 01:00:00,8370.12,8373.1,8296.24,8296.24
2026-05-10 02:00:00,8296.46,8441.51,8286.95,8435.59
2026-05-10 03:00:00,8435.81,8462.8,8386.53,8387.44
2026-05-10 04:00:00,8387.5,8394.19,8349.16,8359.21
2026-05-10 05:00:00,8359.21,8378.38,8303.72,8323.63
2026-05-10 06:00:00,8323.66,8326.76,8271.71,8282.04
2026-05-10 07:00:00,8282.53,8317.8,8250.31,8273.35
2026-05-10 08:00:00,8273.37,8277.16,8205.92,8229.38
2026-05-10 09:00:00,8229.18,8243.78,8162.93,8164.32
2026-05-10 10:00:00,8164.26,8182.33,8105.94,8159.41
2026-05-10 11:00:00,8158.85,8242.07,8150.34,8210.84
2026-05-10 12:00:00,8210.57,8229.16,8201.12,8203.7
2026-05-10 13:00:00,8203.03,8216.48,8146.37,8147.36
2026-05-10 14:00:00,8147.33,8153.81,8084.04,8086.09
2026-05-10 15:00:00,8086.17,8168.69,8075.01,8150.96
2026-05-10 16:00:00,8150.8,8269.79,8150.15,8249.46
2026-05-10 17:00:00,8249.6,8285.66,8188.47,8263.84
2026-05-10 18:00:00,8263.61,8275.91,8201.84,8212.14
2026-05-10 19:00:00,8212.55,8301.44,8210.66,8277.13
2026-05-10 20:00:00,8277.18,8369.7,8254.81,8339.04
2026-05-10 21:00:00,8339.41,8387.87,8311.32,8372.49
2026-05-10 22:00:00,8372.26,8465.02,8354.6,8454.78
2026-05-10 23:00:00,8454.85,8549.13,8425.64,8515.17
2026-05-11 00:00:00,8516.03,8656.34,8511.13,8642.93
2026-05-11 01:00:00,8643.27,8648.84,8599.05,8641.43
2026-05-11 02:00:00,8641.58,8666.31,8611.11,8629.59
2026-05-11 03:00:00,8628.96,8630.71,8560.61,8609.2
2026-05-11 04:00:00,8609.5,8611.94,8546.55,8560.9
2026-05-11 05:00:00,8561.08,8561.51,8514.26,8529.91
2026-05-11 06:00:00,8529.81,8569.56,8494.51,8556.07
2026-05-11 07:00:00,8555.18,8555.44,8479.16,8479.78
2026-05-11 08:00:00,8479.86,8496.69,8437.13,8437.75
2026-05-11 09:00:00,8438.13,8444.59,8399.31,8402.85
2026-05-11 10:00:00,8402.94,8413.49,8359.64,8360.53
2026-05-11 11:00:00,8360.08,8396.06,8341.35,8359.76
2026-05-11 12:00:00,8359.23,8372.53,8310.34,8372.28
2026-05-11 13:00:00,8371.87,8373.0,8277.12,8277.12
2026-05-11 14:00:00,8277.3,8341.67,8267.93,8320.76
2026-05-11 15:00:00,8320.52,8341.41,8301.09,8306.55
2026-05-11 16:00:00,8306.55,8319.58,8254.47,8256.41
2026-05-11 17:00:00,8256.24,8333.54,8242.39,8321.95
2026-05-11 18:00:00,8321.78,8324.07,8270.19,8270.19
2026-05-11 19:00:00,8270.52,8290.72,8240.29,8250.36
2026-05-11 20:00:00,8250.74,8323.56,8208.04,8315.67
2026-05-11 21:00:00,8315.62,8329.37,8283.58,8321.14
2026-05-11 22:00:00,8320.97,8346.47,8292.66,8294.45
2026-05-11 23:00:00,8294.35,8294.61,8231.72,8234.1
2026-05-12 00:00:00,8234.12,8311.88,8213.41,8251.77
2026-05-12 01:00:00,8251.68,8305.92,8242.35,8258.52
2026-05-12 02:00:00,8259.15,8307.76,8225.99,8301.69
2026-05-12 03:00:00,8301.97,8382.37,8262.47,8363.13
2026-05-12 04:00:00,8362.61,8364.78,8323.89,8323.89
2026-05-12 05:00:00,8323.84,8323.87,8253.33,8255.26
2026-05-12 06:00:00,8255.01,8277.34,8237.09,8239.91
2026-05-12 07:00:00,8240.21,8286.04,8213.03,8214.73
2026-05-12 08:00:00,8214.4,8216.79,8173.53,8193.42
2026-05-12 09:00:00,8193.73,8214.91,8149.91,8205.89
2026-05-12 10:00:00,8205.87,8207.0,8137.0,8138.71
2026-05-12 11:00:00,8138.5,8204.49,8126.1,8188.03
2026-05-12 12:00:00,8187.72,8208.22,8137.37,8141.08
2026-05-12 13:00:00,8141.26,8215.41,8118.41,8204.44
2026-05-12 14:00:00,8204.65,8218.59,8142.44,8146.06
2026-05-12 15:00:00,8146.49,8170.79,8098.49,8099.55
2026-05-12 16:00:00,8099.98,8101.42,8055.26,8059.19
2026-05-12 17:00:00,8058.93,8061.36,7977.25,7981.67
2026-05-12 18:00:00,7981.7,8004.16,7933.3,7969.06
2026-05-12 19:00:00,7968.94,8028.74,7949.32,8018.08
2026-05-12 20:00:00,8017.93,8074.5,7989.84,8059.58
2026-05-12 21:00:00,8059.03,8082.32,8033.71,8035.38
2026-05-12 22:00:00,8035.09,8050.26,7993.41,8030.9
2026-05-12 23:00:00,8031.03,8104.37,8022.43,8088.2
2026-05-13 00:00:00,8088.13,8130.09,8081.23,8090.86
2026-05-13 01:00:00,8090.52,8091.99,8031.75,8084.17
2026-05-13 02:00:00,8084.21,8100.49,8050.22,8051.57
2026-05-13 03:00:00,8051.82,8069.03,8009.99,8010.78
2026-05-13 04:00:00,8010.71,8040.34,7990.44,8030.64
2026-05-13 05:00:00,8030.46,8228.12,8024.58,8211.66
2026-05-13 06:00:00,8211.24,8213.68,8164.27,8175.39
2026-05-13 07:00:00,8175.72,8177.5,8123.33,8169.06
2026-05-13 08:00:00,8169.78,8175.33,8135.92,8141.1
2026-05-13 09:00:00,8141.17,8141.37,8054.04,8056.8
2026-05-13 10:00:00,8056.29,8058.83,7995.27,7995.86
2026-05-13 11:00:00,7995.56,8017.43,7947.98,8016.58
2026-05-13 12:00:00,8016.34,8030.08,7987.7,8012.99
2026-05-13 13:00:00,8012.59,8064.0,8001.82,8054.83
2026-05-13 14:00:00,8054.75,8055.28,8003.21,8015.55
2026-05-13 15:00:00,8015.16,8164.43,8011.49,8152.24
2026-05-13 16:00:00,8152.24,8161.93,8131.75,8133.28
2026-05-13 17:00:00,8133.01,8133.24,8062.96,8064.15
2026-05-13 18:00:00,8064.6,8087.29,8035.14,8036.35
2026-05-13 19:00:00,8036.4,8060.12,8021.27,8048.05
2026-05-13 20:00:00,8047.92,8095.38,8024.53,8052.68
2026-05-13 21:00:00,8052.82,8059.23,8015.5,8021.04
2026-05-13 22:00:00,8021.31,8022.17,7994.12,8005.92
2026-05-13 23:00:00,8005.55,8006.62,7947.69,7948.2
2026-05-14 00:00:00,7948.83,7953.83,7918.79,7919.68
2026-05-14 01:00:00,7919.59,7979.38,7910.09,7918.54
2026-05-14 02:00:00,7918.6,7979.85,7901.69,7955.43
2026-05-14 03:00:00,7955.36,8025.08,7947.88,8017.44
2026-05-14 04:00:00,8017.75,8017.75,7949.96,7949.96
2026-05-14 05:00:00,7949.96,7952.15,7917.14,7919.71
2026-05-14 06:00:00,7919.66,7920.45,7856.57,7857.15
2026-05-14 07:00:00,7857.58,7882.06,7834.9,7835.1
2026-05-14 08:00:00,7835.0,7864.45,7783.45,7863.72
2026-05-14 09:00:00,7863.7,7870.11,7818.63,7826.88
2026-05-14 10:00:00,7826.68,7860.19,7818.32,7829.7
2026-05-14 11:00:00,7829.74,7849.47,7776.19,7790.03
2026-05-14 12:00:00,7789.72,7842.14,7773.77,7829.6
2026-05-14 13:00:00,7829.27,7878.9,7827.9,7838.23
2026-05-14 14:00:00,7837.98,7881.78,7831.6,7873.63
2026-05-14 15:00:00,7874.11,7881.25,7837.33,7844.83
2026-05-14 16:00:00,7844.59,7894.49,7787.09,7878.94
2026-05-14 17:00:00,7878.75,7881.55,7855.82,7871.55
2026-05-14 18:00:00,7871.41,7878.81,7800.48,7801.92
2026-05-14 19:00:00,7802.07,7805.82,7755.39,7762.87
2026-05-14 20:00:00,7762.72,7766.69,7704.04,7731.54
2026-05-14 21:00:00,7731.5,7731.5,7670.46,7671.02
2026-05-14 22:00:00,7670.93,7672.09,7636.77,7651.25
2026-05-14 23:00:00,7651.3,7658.36,7580.52,7580.67
2026-05-15 00:00:00,7580.97,7623.74,7562.82,7620.63
2026-05-15 01:00:00,7620.59,7632.88,7598.74,7603.37
2026-05-15 02:00:00,7603.3,7603.82,7547.8,7578.11
2026-05-15 03:00:00,7578.94,7579.34,7535.16,7535.74
2026-05-15 04:00:00,7535.62,7536.55,7500.61,7503.32
2026-05-15 05:00:00,7502.83,7528.46,7476.56,7513.03
2026-05-15 06:00:00,7513.27,7568.01,7498.13,7549.65
2026-05-15 07:00:00,7549.68,7550.24,7498.72,7511.81
2026-05-15 08:00:00,7511.62,7583.19,7467.34,7582.51
2026-05-15 09:00:00,7582.62,7582.68,7516.4,7549.97
2026-05-15 10:00:00,7549.95,7558.4,7510.71,7511.29
2026-05-15 11:00:00,7511.27,7635.23,7509.66,7626.31
2026-05-15 12:00:00,7626.02,7682.62,7626.02,7668.92
2026-05-15 13:00:00,7669.38,7903.47,7648.67,7895.77
2026-05-15 14:00:00,7895.78,7924.62,7858.43,7923.91
2026-05-15 15:00:00,7923.76,7926.54,7863.3,7864.77
2026-05-15 16:00:00,7865.11,7924.78,7828.76,7916.94
2026-05-15 17:00:00,7916.78,7977.2,7904.44,7969.4
2026-05-15 18:00:00,7984.11,8050.85,7958.84,8019.31
2026-05-15 19:00:00,8018.89,8128.51,7997.01,8060.22
2026-05-15 20:00:00,8060.14,8066.23,8010.84,8042.64
2026-05-15 21:00:00,8042.61,8061.08,8015.06,8015.27
2026-05-15 22:00:00,8014.67,8055.97,8006.98,8021.9
2026-05-15 23:00:00,8021.47,8063.38,8006.16,8051.67
2026-05-16 00:00:00,8051.66,8061.13,7993.9,8029.51
2026-05-16 01:00:00,8029.15,8080.56,8019.62,8046.5
2026-05-16 02:00:00,8045.96,8143.05,8019.92,8139.06
2026-05-16 03:00:00,8138.79,8158.99,8093.93,8094.05
2026-05-16 04:00:00,8094.19,8097.76,8066.73,8066.73
2026-05-16 05:00:00,8066.75,8104.02,8057.46,8059.12
2026-05-16 06:00:00,8058.68,8119.75,8040.21,8088.9
2026-05-16 07:00:00,8088.47,8138.73,8081.56,8098.66
2026-05-16 08:00:00,8098.64,8099.19,8052.22,8067.6
2026-05-16 09:00:00,8067.4,8081.8,8035.41,8035.76
2026-05-16 10:00:00,8035.67,8036.1,8002.92,8016.87
2026-05-16 11:00:00,8016.61,8016.83,7952.75,7957.95
2026-05-16 12:00:00,7958.28,8006.63,7944.68,7983.81
2026-05-16 13:00:00,7983.52,8012.77,7971.98,7980.26
2026-05-16 14:00:00,7980.13,8077.55,7979.87,8077.2
2026-05-16 15:00:00,8077.42,8083.12,8023.41,8032.45
2026-05-16 16:00:00,8032.62,8033.9,7974.17,7982.08
2026-05-16 17:00:00,7982.15,7984.25,7935.06,7952.18
2026-05-16 18:00:00,7951.99,7977.44,7925.55,7955.39
2026-05-16 19:00:00,7955.7,7956.17,7855.9,7857.13
2026-05-16 20:00:00,7857.45,7875.94,7836.6,7858.22
2026-05-16 21:00:00,7857.94,7886.73,7836.22,7877.36
2026-05-16 22:00:00,7877.83,7890.09,7816.89,7817.46
2026-05-16 23:00:00,7816.82,7816.82,7763.38,7763.38
2026-05-17 00:00:00,7763.82,7775.53,7753.95,7754.52
2026-05-17 01:00:00,7754.7,7868.5,7737.39,7862.16
2026-05-17 02:00:00,7861.85,7864.62,7805.52,7821.85
2026-05-17 03:00:00,7821.9,7844.56,7792.18,7825.2
2026-05-17 04:00:00,7825.53,7888.05,7808.59,7858.91
2026-05-17 05:00:00,7858.9,7943.39,7833.42,7926.76
2026-05-17 06:00:00,7926.84,7927.54,7846.42,7863.22
2026-05-17 07:00:00,7862.86,7945.47,7862.25,7879.27
2026-05-17 08:00:00,7878.96,7880.41,7829.01,7830.91
2026-05-17 09:00:00,7830.74,7848.9,7767.69,7767.83
2026-05-17 10:00:00,7768.01,7768.01,7682.32,7682.68
2026-05-17 11:00:00,7682.51,7684.07,7616.56,7633.91
2026-05-17 12:00:00,7633.54,7642.31,7599.44,7599.5
2026-05-17 13:00:00,7599.42,7609.04,7576.62,7609.04
2026-05-17 14:00:00,7609.63,7613.44,7550.84,7552.99
2026-05-17 15:00:00,7552.87,7641.72,7552.09,7641.72
2026-05-17 16:00:00,7641.6,7736.26,7636.4,7736.26
2026-05-17 17:00:00,7735.79,7794.91,7721.64,7726.9
2026-05-17 18:00:00,7726.62,7854.28,7725.35,7840.13
2026-05-17 19:00:00,7840.15,7868.31,7819.53,7863.48
2026-05-17 20:00:00,7863.35,7880.92,7843.65,7846.32
2026-05-17 21:00:00,7846.12,7853.71,7802.41,7823.64
2026-05-17 22:00:00,7823.38,7864.22,7799.37,7862.14
2026-05-17 23:00:00,7862.39,7863.28,7824.71,7835.54
2026-05-18 00:00:00,7835.4,7857.84,7800.28,7849.1
2026-05-18 01:00:00,7848.59,7950.42,7830.06,7947.02
2026-05-18 02:00:00,7946.85,8063.15,7904.38,8062.05
2026-05-18 03:00:00,8062.55,8080.22,8033.33,8038.05
2026-05-18 04:00:00,8038.15,8038.26,7995.27,8001.06
2026-05-18 05:00:00,8000.92,8002.01,7956.56,7966.52
2026-05-18 06:00:00,7966.75,8102.39,7962.27,8075.85
2026-05-18 07:00:00,8076.04,8078.62,8023.81,8025.13
2026-05-18 08:00:00,8025.18,8105.99,7982.45,8104.26
2026-05-18 09:00:00,8104.58,8109.92,8050.32,8051.57
2026-05-18 10:00:00,8051.35,8074.1,8039.71,8071.62
2026-05-18 11:00:00,8072.01,8096.09,8043.66,8079.16
2026-05-18 12:00:00,8079.2,8172.67,8043.9,8171.86
2026-05-18 13:00:00,8171.93,8175.31,8119.34,8120.88
2026-05-18 14:00:00,8120.73,8150.06,8089.01,8127.89
2026-05-18 15:00:00,8127.54,8133.37,8069.88,8075.5
2026-05-18 16:00:00,8075.2,8086.5,8027.09,8043.37
2026-05-18 17:00:00,8043.17,8087.51,8017.85,8072.82
2026-05-18 18:00:00,8073.04,8079.6,8017.99,8019.43
2026-05-18 19:00:00,8018.98,8020.83,7986.1,7990.0
2026-05-18 20:00:00,7990.39,7990.8,7959.44,7965.27
2026-05-18 21:00:00,7965.24,8057.58,7927.18,8049.12
2026-05-18 22:00:00,8049.41,8053.06,7980.67,7982.63
2026-05-18 23:00:00,7983.05,7987.54,7914.83,7953.9
2026-05-19 00:00:00,7953.9,7958.9,7900.26,7901.09
2026-05-19 01:00:00,7901.29,7932.04,7875.98,7894.3
2026-05-19 02:00:00,7894.86,7936.94,7862.11,7935.98
2026-05-19 03:00:00,7936.0,7960.28,7930.66,7939.54
2026-05-19 04:00:00,7939.63,7995.33,7922.33,7989.72
2026-05-19 05:00:00,7989.83,7990.09,7907.54,7907.94
2026-05-19 06:00:00,7908.03,7908.44,7842.54,7885.85
2026-05-19 07:00:00,7885.69,7909.73,7865.69,7904.51
2026-05-19 08:00:00,7903.97,7906.26,7871.43,7875.79
2026-05-19 09:00:00,7875.38,7898.81,7828.41,7834.29
2026-05-19 10:00:00,7833.7,7868.03,7794.65,7797.3
2026-05-19 11:00:00,7796.87,7825.05,7774.36,7777.73
2026-05-19 12:00:00,7777.41,7787.31,7732.31,7744.69
2026-05-19 13:00:00,7744.41,7810.95,7736.32,7757.58
2026-05-19 14:00:00,7757.34,7836.03,7720.38,7832.81
2026-05-19 15:00:00,7832.55,7862.74,7828.35,7838.94
2026-05-19 16:00:00,7839.08,7852.42,7807.26,7843.52
2026-05-19 17:00:00,7843.88,7851.07,7828.75,7832.27
2026-05-19 18:00:00,7832.16,7884.64,7831.09,7835.8
2026-05-19 19:00:00,7835.58,7899.29,7809.14,7870.67
2026-05-19 20:00:00,7870.67,7885.71,7804.96,7827.47
2026-05-19 21:00:00,7827.56,7832.61,7789.16,7828.95
2026-05-19 22:00:00,7828.71,7893.61,7779.12,7888.13
2026-05-19 23:00:00,7887.94,7941.45,7861.08,7940.23
2026-05-20 00:00:00,7940.11,7993.1,7930.54,7949.48
2026-05-20 01:00:00,7949.38,8017.06,7910.45,7991.61
2026-05-20 02:00:00,7991.32,8118.46,7990.27,8109.32
2026-05-20 03:00:00,8109.11,8109.58,8061.68,8071.16
2026-05-20 04:00:00,8071.33,8071.94,7996.65,8011.05
2026-05-20 05:00:00,8010.92,8033.31,7985.07,8021.0
2026-05-20 06:00:00,8021.36,8022.87,7930.07,7933.25
2026-05-20 07:00:00,7933.13,7937.59,7873.44,7886.97
2026-05-20 08:00:00,7887.02,7923.52,7874.03,7888.46
2026-05-20 09:00:00,7888.39,8018.83,7867.21,8011.13
2026-05-20 10:00:00,8011.19,8030.97,7959.36,7960.49
2026-05-20 11:00:00,7960.77,8019.82,7953.38,7997.52
2026-05-20 12:00:00,7997.18,8083.55,7993.39,8045.09
2026-05-20 13:00:00,8044.81,8078.15,8007.79,8066.93
2026-05-20 14:00:00,8067.08,8067.8,8031.95,8035.13
2026-05-20 15:00:00,8034.79,8036.53,7999.99,8015.37
2026-05-20 16:00:00,8014.92,8025.86,7985.82,7990.18
2026-05-20 17:00:00,7990.19,8017.84,7966.66,8007.45
2026-05-20 18:00:00,8007.37,8020.1,7954.44,7955.56
2026-05-20 19:00:00,7955.53,7997.33,7918.25,7990.74
2026-05-20 20:00:00,7990.96,8015.66,7959.67,7975.49
2026-05-20 21:00:00,7975.72,8014.69,7966.13,7967.47
2026-05-20 22:00:00,7967.68,7971.08,7909.86,7957.92
2026-05-20 23:00:00,7957.9,7966.21,7896.39,7913.46
2026-05-21 00:00:00,7913.86,7988.77,7886.53,7978.43
2026-05-21 01:00:00,7978.35,7994.51,7954.61,7972.93
2026-05-21 02:00:00,7973.28,7974.47,7904.66,7916.92
2026-05-21 03:00:00,7917.15,7922.37,7866.67,7866.9
2026-05-21 04:00:00,7867.07,7922.92,7817.39,7910.5
2026-05-21 05:00:00,7911.08,7911.08,7828.52,7828.52
2026-05-21 06:00:00,7828.48,7968.72,7821.05,7935.13
2026-05-21 07:00:00,7935.35,7964.18,7881.25,7891.83
2026-05-21 08:00:00,7891.65,7908.49,7853.68,7899.62
2026-05-21 09:00:00,7899.76,7900.04,7844.53,7846.09
2026-05-21 10:00:00,7845.89,7847.84,7789.18,7789.75
2026-05-21 11:00:00,7790.04,7852.96,7781.82,7804.99
2026-05-21 12:00:00,7804.95,7832.8,7780.0,7814.3
2026-05-21 13:00:00,7814.42,7818.26,7753.07,7755.91
2026-05-21 14:00:00,7756.01,7767.16,7718.21,7745.43
2026-05-21 15:00:00,7745.81,7789.42,7683.07,7789.42
2026-05-21 16:00:00,7789.82,7822.52,7775.81,7808.41
2026-05-21 17:00:00,7808.13,7913.75,7805.26,7893.21
2026-05-21 18:00:00,7893.19,7903.11,7866.66,7867.41
2026-05-21 19:00:00,7867.87,7931.95,7850.39,7882.44
2026-05-21 20:00:00,7882.4,7884.5,7826.99,7835.58
2026-05-21 21:00:00,7835.55,7835.55,7803.28,7806.99
2026-05-21 22:00:00,7807.57,7830.65,7767.8,7818.97
2026-05-21 23:00:00,7818.93,7847.84,7760.79,7846.82
2026-05-22 00:00:00,7846.92,7893.96,7833.84,7888.47
2026-05-22 01:00:00,7888.34,7908.03,7861.65,7888.44
2026-05-22 02:00:00,7888.02,7927.88,7882.32,7908.12
2026-05-22 03:00:00,7908.21,7973.94,7905.87,7950.88
2026-05-22 04:00:00,7950.94,7968.64,7929.5,7942.84
2026-05-22 05:00:00,7943.01,7956.05,7904.02,7907.18
2026-05-22 06:00:00,7907.35,7998.26,7877.96,7943.41
2026-05-22 07:00:00,7943.62,7958.59,7924.64,7924.64
2026-05-22 08:00:00,7924.09,8017.01,7913.68,7979.41
2026-05-22 09:00:00,7979.63,7999.43,7922.78,7924.58
2026-05-22 10:00:00,7924.63,7941.01,7863.18,7863.47
2026-05-22 11:00:00,7863.64,7966.18,7846.76,7912.42
2026-05-22 12:00:00,7913.01,7932.8,7885.78,7886.31
2026-05-22 13:00:00,7885.96,7922.36,7863.3,7883.7
2026-05-22 14:00:00,7883.69,7896.21,7833.72,7838.22
2026-05-22 15:00:00,7838.39,7886.16,7825.08,7880.79
2026-05-22 16:00:00,7880.98,7935.69,7845.74,7879.14
2026-05-22 17:00:00,7879.14,7912.53,7868.84,7904.22
2026-05-22 18:00:00,7904.01,7922.71,7889.38,7889.52
2026-05-22 19:00:00,7889.33,7900.87,7837.46,7849.78
2026-05-22 20:00:00,7849.47,7853.4,7805.72,7829.63
2026-05-22 21:00:00,7829.76,7885.55,7790.79,7864.91
2026-05-22 22:00:00,7864.83,7913.01,7826.32,7903.6
2026-05-22 23:00:00,7903.57,7926.86,7871.55,7889.1
2026-05-23 00:00:00,7888.8,7891.46,7841.9,7875.65
2026-05-23 01:00:00,7876.1,7878.78,7825.16,7830.53
2026-05-23 02:00:00,7830.3,7864.28,7819.1,7825.97
2026-05-23 03:00:00,7825.66,7897.01,7813.54,7866.55
2026-05-23 04:00:00,7866.55,7926.14,7860.83,7868.46
2026-05-23 05:00:00,7868.6,7872.34,7833.39,7858.3
2026-05-23 06:00:00,7858.28,7858.28,7797.88,7803.94
2026-05-23 07:00:00,7803.93,7934.06,7791.74,7902.56
2026-05-23 08:00:00,7902.43,7940.83,7861.43,7861.6
2026-05-23 09:00:00,7861.88,7897.15,7846.6,7892.53
2026-05-23 10:00:00,7892.73,7950.82,7890.5,7930.1
2026-05-23 11:00:00,7930.22,8031.84,7927.12,8004.91
2026-05-23 12:00:00,8004.33,8010.91,7976.67,7990.6
2026-05-23 13:00:00,7990.8,7991.16,7954.98,7980.04
2026-05-23 14:00:00,7980.25,7980.25,7909.22,7915.61
2026-05-23 15:00:00,7915.96,7918.65,7853.12,7855.61
2026-05-23 16:00:00,7855.71,7884.09,7838.23,7882.77
2026-05-23 17:00:00,7882.47,7883.08,7819.8,7822.83
2026-05-23 18:00:00,7823.41,7835.53,7790.47,7825.49
2026-05-23 19:00:00,7825.71,7854.66,7805.78,7814.02
2026-05-23 20:00:00,7814.41,7843.31,7808.96,7822.77
2026-05-23 21:00:00,7822.84,7875.92,7811.51,7871.07
2026-05-23 22:00:00,7870.67,7874.3,7831.57,7831.93
2026-05-23 23:00:00,7831.8,7902.63,7801.68,7875.7
2026-05-24 00:00:00,7875.94,7914.21,7874.35,7887.36
2026-05-24 01:00:00,7887.23,7968.77,7864.59,7962.69
2026-05-24 02:00:00,7963.15,8029.6,7956.73,7958.69
2026-05-24 03:00:00,7959.05,7959.05,7893.21,7927.81
2026-05-24 04:00:00,7927.87,7960.02,7890.32,7938.98
2026-05-24 05:00:00,7938.94,7946.05,7908.81,7918.28
2026-05-24 06:00:00,7918.27,7919.77,7871.67,7887.68
2026-05-24 07:00:00,7887.36,8027.27,7842.89,8017.38
2026-05-24 08:00:00,8017.32,8124.16,7998.96,8091.66
2026-05-24 09:00:00,8092.2,8094.84,8019.72,8025.85
2026-05-24 10:00:00,8025.75,8028.91,7943.4,7945.17
2026-05-24 11:00:00,7945.1,7960.43,7903.97,7939.19
2026-05-24 12:00:00,7938.95,7947.59,7912.97,7940.16
2026-05-24 13:00:00,7939.77,8048.25,7939.77,7958.9
2026-05-24 14:00:00,7959.0,7975.18,7919.09,7920.07
2026-05-24 15:00:00,7919.61,7920.39,7872.31,7889.34
2026-05-24 16:00:00,7888.94,7931.79,7852.24,7922.75
2026-05-24 17:00:00,7922.77,7929.74,7878.95,7883.18
2026-05-24 18:00:00,7883.15,7883.53,7841.39,7854.55
2026-05-24 19:00:00,7854.47,7967.48,7826.92,7954.52
2026-05-24 20:00:00,7954.45,8009.23,7937.34,7994.49
2026-05-24 21:00:00,7994.61,8023.58,7976.14,8017.95
2026-05-24 22:00:00,8017.67,8117.36,8003.9,8116.05
2026-05-24 23:00:00,8115.63,8129.31,8071.27,8073.12
2026-05-25 00:00:00,8073.56,8074.87,8030.15,8062.2
2026-05-25 01:00:00,8062.04,8092.51,8018.42,8060.1
2026-05-25 02:00:00,8059.85,8087.94,8047.95,8055.62
2026-05-25 03:00:00,8055.79,8071.36,8008.79,8009.78
2026-05-25 04:00:00,8010.04,8017.1,7953.78,7988.39
2026-05-25 05:00:00,7988.85,7989.52,7915.14,7917.92
2026-05-25 06:00:00,7918.02,7934.42,7866.92,7870.69
2026-05-25 07:00:00,7870.4,7879.2,7828.6,7829.52
2026-05-25 08:00:00,7829.62,7833.87,7784.08,7786.71
2026-05-25 09:00:00,7787.02,7846.32,7750.58,7843.68
2026-05-25 10:00:00,7843.85,7849.79,7784.43,7817.08
2026-05-25 11:00:00,7817.18,7844.48,7787.03,7787.18
2026-05-25 12:00:00,7787.04,7787.1,7751.56,7751.92
2026-05-25 13:00:00,7752.41,7761.53,7708.28,7708.28
2026-05-25 14:00:00,7708.27,7755.88,7708.18,7749.11
2026-05-25 15:00:00,7749.01,7749.68,7656.18,7656.57
2026-05-25 16:00:00,7656.36,7660.24,7602.81,7625.57
2026-05-25 17:00:00,7625.42,7641.29,7601.08,7613.95
2026-05-25 18:00:00,7614.21,7727.16,7605.03,7681.28
2026-05-25 19:00:00,7681.24,7741.9,7660.13,7709.53
2026-05-25 20:00:00,7709.65,7729.71,7703.39,7704.59
2026-05-25 21:00:00,7704.61,7786.59,7693.46,7781.97
2026-05-25 22:00:00,7781.88,7864.69,7777.03,7848.85
2026-05-25 23:00:00,7849.2,7883.63,7838.83,7845.1
2026-05-26 00:00:00,7844.79,7851.56,7776.23,7777.74
2026-05-26 01:00:00,7777.88,7779.24,7739.92,7773.91
2026-05-26 02:00:00,7773.64,7805.92,7697.72,7729.56
2026-05-26 03:00:00,7729.51,7744.63,7714.58,7715.83
2026-05-26 04:00:00,7715.68,7776.76,7699.32,7774.93
2026-05-26 05:00:00,7774.92,7780.66,7748.01,7763.12
2026-05-26 06:00:00,7763.14,7789.72,7750.15,7788.78
2026-05-26 07:00:00,7788.37,7837.12,7782.49,7819.34
2026-05-26 08:00:00,7819.13,7822.42,7789.05,7814.36
2026-05-26 09:00:00,7814.54,7868.78,7795.61,7819.2
2026-05-26 10:00:00,7818.94,7819.99,7768.88,7769.1
2026-05-26 11:00:00,7769.16,7811.13,7736.82,7751.31
2026-05-26 12:00:00,7751.23,7791.11,7740.29,7768.14
2026-05-26 13:00:00,7767.89,7824.88,7759.41,7815.63
2026-05-26 14:00:00,7815.42,7824.79,7787.62,7809.41
2026-05-26 15:00:00,7809.24,7829.94,7787.56,7815.15
2026-05-26 16:00:00,7815.36,7818.63,7741.36,7741.56
2026-05-26 17:00:00,7741.61,7761.91,7711.26,7741.33
2026-05-26 18:00:00,7741.34,7788.2,7725.53,7752.68
2026-05-26 19:00:00,7752.95,7879.4,7745.79,7877.25
2026-05-26 20:00:00,7877.69,7877.83,7839.17,7845.96
2026-05-26 21:00:00,7845.94,7868.28,7812.42,7856.63
2026-05-26 22:00:00,7856.87,7979.65,7848.65,7974.66
2026-05-26 23:00:00,7974.96,8078.09,7965.18,8065.92
2026-05-27 00:00:00,8065.52,8066.53,8016.29,8053.48
2026-05-27 01:00:00,8053.57,8082.9,8031.47,8050.19
2026-05-27 02:00:00,8050.14,8079.88,8014.39,8016.76
2026-05-27 03:00:00,8017.01,8050.61,7983.14,7986.93
2026-05-27 04:00:00,7986.56,8081.2,7983.72,8066.71
2026-05-27 05:00:00,8066.53,8072.88,8021.35,8021.71
2026-05-27 06:00:00,8021.86,8023.34,7978.85,7986.96
2026-05-27 07:00:00,7986.74,8028.88,7960.66,7994.56
2026-05-27 08:00:00,7994.75,8012.25,7980.16,7981.72
2026-05-27 09:00:00,7981.99,7997.98,7909.27,7918.05
2026-05-27 10:00:00,7918.02,8052.25,7917.98,8014.17
2026-05-27 11:00:00,8013.81,8085.15,7994.08,8078.65
2026-05-27 12:00:00,8078.34,8113.42,8037.47,8104.51
2026-05-27 13:00:00,8104.5,8153.3,8082.59,8130.58
2026-05-27 14:00:00,8130.29,8150.02,8105.96,8125.56
2026-05-27 15:00:00,8125.56,8125.89,8087.58,8088.87
2026-05-27 16:00:00,8089.08,8089.73,8013.04,8074.8
2026-05-27 17:00:00,8074.9,8076.04,8029.47,8065.42
2026-05-27 18:00:00,8065.92,8067.87,8001.64,8015.81
2026-05-27 19:00:00,8015.43,8062.88,8011.64,8021.99
2026-05-27 20:00:00,8021.87,8063.85,8012.28,8034.42
2026-05-27 21:00:00,8034.68,8034.96,7989.93,7990.74
2026-05-27 22:00:00,7990.74,8027.67,7968.24,7969.34
2026-05-27 23:00:00,7969.42,7997.69,7951.37,7954.99
2026-05-28 00:00:00,7954.78,8103.93,7953.64,8093.54
2026-05-28 01:00:00,8093.54,8144.25,8069.88,8081.61
2026-05-28 02:00:00,8081.53,8101.91,8055.21,8082.69
2026-05-28 03:00:00,8082.59,8089.59,8044.74,8066.11
2026-05-28 04:00:00,8066.21,8179.98,8050.55,8160.31
2026-05-28 05:00:00,8160.46,8246.3,8114.92,8237.58
2026-05-28 06:00:00,8237.5,8237.5,8161.88,8164.53
2026-05-28 07:00:00,8164.02,8164.48,8113.66,8122.86
2026-05-28 08:00:00,8122.94,8138.67,8093.12,8095.24
2026-05-28 09:00:00,8095.13,8170.0,8083.34,8132.63
2026-05-28 10:00:00,8133.12,8167.69,8101.81,8108.56
2026-05-28 11:00:00,8109.07,8251.6,8103.47,8232.4
2026-05-28 12:00:00,8232.77,8267.53,8209.26,8210.04
2026-05-28 13:00:00,8209.81,8211.54,8112.97,8114.05
2026-05-28 14:00:00,8114.13,8115.17,8055.61,8065.77
2026-05-28 15:00:00,8065.7,8066.31,8006.27,8011.25
2026-05-28 16:00:00,8010.93,8010.93,7962.17,7980.74
2026-05-28 17:00:00,7980.49,8003.2,7962.14,7962.23
2026-05-28 18:00:00,7962.08,7977.64,7907.58,7908.86
2026-05-28 19:00:00,7909.0,7982.35,7898.6,7939.25
2026-05-28 20:00:00,7939.18,7947.01,7892.81,7932.33
2026-05-28 21:00:00,7932.35,8041.65,7928.76,8035.33
2026-05-28 22:00:00,8035.54,8096.63,8009.87,8075.42
2026-05-28 23:00:00,8075.25,8080.06,8047.76,8050.7
2026-05-29 00:00:00,8050.6,8087.83,8034.71,8051.8
2026-05-29 01:00:00,8051.57,8063.29,8016.87,8016.87
2026-05-29 02:00:00,8016.95,8048.61,7977.34,8034.48
2026-05-29 03:00:00,8034.28,8054.24,8007.51,8034.48
2026-05-29 04:00:00,8034.53,8144.22,8032.46,8130.59
2026-05-29 05:00:00,8130.79,8235.11,8127.75,8206.14
2026-05-29 06:00:00,8205.71,8205.71,8133.97,8135.32
2026-05-29 07:00:00,8135.61,8140.86,8091.71,8108.21
2026-05-29 08:00:00,8108.07,8143.34,8101.45,8104.03
2026-05-29 09:00:00,8104.42,8144.75,8082.35,8107.08
2026-05-29 10:00:00,8106.74,8142.68,8085.32,8112.64
2026-05-29 11:00:00,8112.49,8210.47,8112.49,8166.2
2026-05-29 12:00:00,8165.78,8209.31,8131.02,8189.6
2026-05-29 13:00:00,8189.9,8191.82,8140.0,8142.93
2026-05-29 14:00:00,8142.44,8146.12,8088.35,8101.3
2026-05-29 15:00:00,8101.77,8126.67,8093.02,8102.85
2026-05-29 16:00:00,8103.06,8229.61,8096.61,8202.17
2026-05-29 17:00:00,8202.1,8202.1,8150.74,8159.23
2026-05-29 18:00:00,8159.13,8190.63,8129.39,8131.83
2026-05-29 19:00:00,8131.9,8131.95,8093.17,8097.88
2026-05-29 20:00:00,8098.01,8099.97,8040.64,8057.79
2026-05-29 21:00:00,8058.18,8103.6,8035.56,8071.42
2026-05-29 22:00:00,8071.51,8076.48,8015.77,8015.77
2026-05-29 23:00:00,8016.28,8024.28,7972.86,8010.79
2026-05-30 00:00:00,8010.68,8092.05,7979.82,8071.24
2026-05-30 01:00:00,8070.59,8145.41,8042.94,8137.98
2026-05-30 02:00:00,8137.15,8180.73,8086.74,8162.18
2026-05-30 03:00:00,8161.61,8247.0,8146.35,8246.0
2026-05-30 04:00:00,8245.78,8255.49,8180.22,8194.16
2026-05-30 05:00:00,8194.04,8201.09,8146.44,8147.63
2026-05-30 06:00:00,8147.63,8257.56,8139.14,8254.42
2026-05-30 07:00:00,8254.9,8284.32,8238.42,8248.37
2026-05-30 08:00:00,8247.62,8256.68,8203.22,8218.83
2026-05-30 09:00:00,8218.75,8274.46,8196.2,8247.85
2026-05-30 10:00:00,8248.22,8306.97,8220.24,8299.85
2026-05-30 11:00:00,8300.11,8324.1,8272.63,8295.2
2026-05-30 12:00:00,8295.28,8301.99,8230.24,8234.14
2026-05-30 13:00:00,8234.74,8255.68,8162.05,8227.22
2026-05-30 14:00:00,8227.18,8242.32,8184.9,8185.05
2026-05-30 15:00:00,8185.12,8202.5,8147.66,8149.67
2026-05-30 16:00:00,8149.35,8150.1,8100.76,8106.71
2026-05-30 17:00:00,8106.22,8130.81,8090.66,8113.43
2026-05-30 18:00:00,8113.55,8148.36,8080.68,8086.97
2026-05-30 19:00:00,8086.9,8188.84,8045.74,8186.21
2026-05-30 20:00:00,8186.13,8187.98,8142.15,8157.7
2026-05-30 21:00:00,8157.95,8243.77,8156.71,8222.93
2026-05-30 22:00:00,8222.66,8224.26,8153.93,8157.64
2026-05-30 23:00:00,8157.96,8205.15,8150.77,8179.25
2026-05-31 00:00:00,8178.81,8255.41,8145.43,8248.49
2026-05-31 01:00:00,8248.25,8295.31,8229.51,8280.17
2026-05-31 02:00:00,8280.18,8280.18,8230.52,8230.52
2026-05-31 03:00:00,8230.51,8273.27,8217.85,8218.08
2026-05-31 04:00:00,8217.84,8226.73,8186.35,8194.11
2026-05-31 05:00:00,8193.88,8194.16,8112.89,8113.56
2026-05-31 06:00:00,8113.18,8113.83,8031.2,8036.02
2026-05-31 07:00:00,8035.59,8149.34,8033.57,8133.4
2026-05-31 08:00:00,8133.64,8230.74,8130.91,8214.68
2026-05-31 09:00:00,8214.85,8220.92,8174.9,8199.56
2026-05-31 10:00:00,8199.83,8438.71,8192.38,8436.85
2026-05-31 11:00:00,8436.46,8513.6,8388.38,8497.75
2026-05-31 12:00:00,8498.0,8582.96,8447.51,8580.6
2026-05-31 13:00:00,8580.4,8582.81,8530.78,8557.75
2026-05-31 14:00:00,8557.65,8562.17,8486.71,8487.89
2026-05-31 15:00:00,8487.55,8686.29,8478.46,8666.31
2026-05-31 16:00:00,8666.52,8785.7,8663.46,8763.31
2026-05-31 17:00:00,8763.8,8876.42,8733.74,8863.03
2026-05-31 18:00:00,8862.99,8864.17,8800.85,8801.53
2026-05-31 19:00:00,8801.49,8825.12,8743.12,8804.67
2026-05-31 20:00:00,8804.63,8844.7,8764.65,8840.26
2026-05-31 21:00:00,8840.0,8856.27,8785.5,8835.62
2026-05-31 22:00:00,8835.95,8873.7,8821.27,8854.22
2026-05-31 23:00:00,8854.52,9021.43,8845.36,9014.43
2026-06-01 00:00:00,9014.13,9014.19,8970.41,8974.69
2026-06-01 01:00:00,8974.93,9081.07,8965.89,9044.87
2026-06-01 02:00:00,9044.64,9054.66,8994.95,8994.95
2026-06-01 03:00:00,8995.17,9027.55,8952.6,9019.51
2026-06-01 04:00:00,9019.42,9023.05,8962.56,9016.0
2026-06-01 05:00:00,9016.33,9019.84,8974.32,8978.51
2026-06-01 06:00:00,8977.9,8985.67,8921.61,8924.08
2026-06-01 07:00:00,8924.01,9050.16,8904.83,9029.86
2026-06-01 08:00:00,9029.76,9037.6,8990.82,9022.77
2026-06-01 09:00:00,9022.18,9025.25,8943.95,9002.51
2026-06-01 10:00:00,9002.6,9132.72,9001.4,9080.02
2026-06-01 11:00:00,9080.2,9149.96,9056.23,9138.93
2026-06-01 12:00:00,9138.47,9268.05,9130.56,9185.91
2026-06-01 13:00:00,9186.09,9236.71,9185.07,9191.87
2026-06-01 14:00:00,9191.94,9370.57,9191.3,9351.88
2026-06-01 15:00:00,9352.29,9369.08,9281.43,9281.48
2026-06-01 16:00:00,9281.67,9293.17,9252.85,9279.37
2026-06-01 17:00:00,9279.52,9279.52,9210.99,9221.78
2026-06-01 18:00:00,9222.28,9251.03,9172.1,9233.22
2026-06-01 19:00:00,9233.12,9304.43,9226.6,9231.19
2026-06-01 20:00:00,9231.54,9249.34,9178.55,9214.36
2026-06-01 21:00:00,9214.17,9217.19,9113.74,9141.56
2026-06-01 22:00:00,9141.59,9205.01,9139.61,9164.3
2026-06-01 23:00:00,9163.94,9188.26,9126.63,9151.62
2026-06-02 00:00:00,9151.46,9169.19,9106.98,9161.88
2026-06-02 01:00:00,9162.25,9208.51,9150.82,9183.73
2026-06-02 02:00:00,9184.05,9210.54,9135.01,9202.65
2026-06-02 03:00:00,9202.24,9238.24,9177.28,9179.18
2026-06-02 04:00:00,9179.21,9197.43,9130.31,9166.52
2026-06-02 05:00:00,9166.13,9175.39,9058.86,9060.71
2026-06-02 06:00:00,9060.98,9299.52,9047.87,9299.52
2026-06-02 07:00:00,9299.16,9333.98,9270.22,9299.23
2026-06-02 08:00:00,9299.64,9349.99,9268.1,9338.82
2026-06-02 09:00:00,9338.78,9395.59,9296.51,9392.81
2026-06-02 10:00:00,9392.85,9413.98,9336.75,9393.32
2026-06-02 11:00:00,9392.85,9393.75,9329.03,9329.36
2026-06-02 12:00:00,9329.71,9399.16,9292.76,9378.18
2026-06-02 13:00:00,9377.89,9411.6,9367.14,9367.4
2026-06-02 14:00:00,9367.63,9367.7,9284.26,9285.64
2026-06-02 15:00:00,9285.69,9294.41,9226.24,9282.37
2026-06-02 16:00:00,9282.47,9320.44,9249.31,9300.69
2026-06-02 17:00:00,9301.12,9361.33,9268.2,9358.61
2026-06-02 18:00:00,9358.54,9374.93,9315.94,9319.7
2026-06-02 19:00:00,9319.93,9320.65,9245.37,9256.91
2026-06-02 20:00:00,9256.83,9263.25,9198.62,9257.93
2026-06-02 21:00:00,9258.09,9261.54,9216.97,9217.76
2026-06-02 22:00:00,9217.82,9221.91,9183.69,9200.0
2026-06-02 23:00:00,9200.27,9202.31,9120.55,9129.55
2026-06-03 00:00:00,9128.94,9133.1,9062.29,9062.29
2026-06-03 01:00:00,9062.46,9074.41,9007.71,9050.22
2026-06-03 02:00:00,9050.33,9131.81,9043.13,9075.4
2026-06-03 03:00:00,9075.49,9142.0,9066.22,9118.15
2026-06-03 04:00:00,9118.0,9120.84,9026.58,9029.03
2026-06-03 05:00:00,9029.25,9031.83,8972.3,9018.91
2026-06-03 06:00:00,9019.08,9019.73,8969.11,8971.01
2026-06-03 07:00:00,8971.63,9012.97,8931.42,8944.14
2026-06-03 08:00:00,8944.11,8976.93,8919.03,8927.15
2026-06-03 09:00:00,8927.19,9055.49,8915.56,9048.72
2026-06-03 10:00:00,9048.79,9069.05,8992.36,9031.39
2026-06-03 11:00:00,9031.42,9072.6,9009.08,9066.73
2026-06-03 12:00:00,9066.99,9140.0,9044.08,9115.63
2026-06-03 13:00:00,9115.82,9117.14,9033.02,9035.17
2026-06-03 14:00:00,9035.05,9084.87,9009.36,9062.81
2026-06-03 15:00:00,9063.38,9067.07,9007.68,9008.31
2026-06-03 16:00:00,9008.8,9045.85,8974.86,8974.86
2026-06-03 17:00:00,8974.47,8974.63,8879.26,8931.14
2026-06-03 18:00:00,8930.66,9074.38,8924.82,9042.11
2026-06-03 19:00:00,9042.39,9107.99,9034.87,9056.52
2026-06-03 20:00:00,9056.52,9202.44,9052.74,9188.26
2026-06-03 21:00:00,9188.65,9298.23,9177.94,9279.71
2026-06-03 22:00:00,9279.2,9281.25,9231.76,9233.05
2026-06-03 23:00:00,9233.32,9235.75,9168.35,9168.35
2026-06-04 00:00:00,9168.55,9220.84,9162.42,9210.74
2026-06-04 01:00:00,9210.4,9232.96,9168.84,9172.17
2026-06-04 02:00:00,9172.39,9197.24,9139.92,9139.92
2026-06-04 03:00:00,9139.96,9166.08,9124.59,9131.38
2026-06-04 04:00:00,9131.39,9240.31,9120.44,9226.34
2026-06-04 05:00:00,9226.0,9227.1,9144.68,9144.68
2026-06-04 06:00:00,9144.29,9166.63,9091.78,9106.34
2026-06-04 07:00:00,9105.92,9140.52,9090.74,9120.37
2026-06-04 08:00:00,9120.7,9121.78,9095.25,9095.25
2026-06-04 09:00:00,9094.62,9096.13,9050.54,9051.9
2026-06-04 10:00:00,9052.18,9053.9,8961.25,8979.71
2026-06-04 11:00:00,8979.64,9011.69,8949.98,8987.28
2026-06-04 12:00:00,8986.95,9076.0,8984.36,9016.81
2026-06-04 13:00:00,9016.33,9064.79,8998.46,9032.09
2026-06-04 14:00:00,9032.25,9096.06,9009.92,9089.39
2026-06-04 15:00:00,9088.65,9148.95,9055.88,9139.16
2026-06-04 16:00:00,9139.13,9158.15,9115.36,9121.28
2026-06-04 17:00:00,9121.15,9158.04,9098.17,9153.57
2026-06-04 18:00:00,9153.32,9165.51,9076.69,9077.37
2026-06-04 19:00:00,9077.56,9101.13,9040.09,9047.78
2026-06-04 20:00:00,9047.76,9129.02,9017.8,9085.08
2026-06-04 21:00:00,9085.34,9113.0,9049.66,9090.56
2026-06-04 22:00:00,9090.62,9092.29,9049.78,9053.43
2026-06-04 23:00:00,9053.7,9076.24,8998.83,9000.77
2026-06-05 00:00:00,9001.24,9002.97,8917.46,8922.13
2026-06-05 01:00:00,8922.08,8924.07,8847.25,8856.55
2026-06-05 02:00:00,8856.68,8869.75,8782.79,8786.46
2026-06-05 03:00:00,8786.46,8812.04,8752.37,8757.52
2026-06-05 04:00:00,8757.66,8793.89,8703.82,8704.88
2026-06-05 05:00:00,8704.62,8709.51,8616.08,8640.27
2026-06-05 06:00:00,8640.23,8641.17,8527.64,8527.8
2026-06-05 07:00:00,8527.96,8588.01,8519.53,8587.2
2026-06-05 08:00:00,8587.63,8603.53,8542.33,8601.5
2026-06-05 09:00:00,8601.71,8620.95,8559.72,8575.87
2026-06-05 10:00:00,8575.93,8578.79,8535.26,8538.27
2026-06-05 11:00:00,8538.15,8569.53,8494.12,8494.33
2026-06-05 12:00:00,8494.3,8520.38,8459.18,8515.49
2026-06-05 13:00:00,8516.02,8518.99,8428.26,8428.78
2026-06-05 14:00:00,8428.88,8493.57,8421.95,8425.46
2026-06-05 15:00:00,8425.21,8428.33,8360.44,8381.63
2026-06-05 16:00:00,8381.59,8390.63,8320.6,8323.36
2026-06-05 17:00:00,8323.7,8492.65,8316.3,8454.23
2026-06-05 18:00:00,8454.37,8462.97,8386.77,8387.38
2026-06-05 19:00:00,8387.76,8432.42,8384.57,8394.69
2026-06-05 20:00:00,8394.15,8417.69,8375.05,8380.88
2026-06-05 21:00:00,8380.98,8408.43,8364.51,8394.68
2026-06-05 22:00:00,8394.48,8397.07,8338.43,8349.35
2026-06-05 23:00:00,8349.13,8350.6,8286.07,8292.97
2026-06-06 00:00:00,8292.97,8293.32,8226.96,8236.81
2026-06-06 01:00:00,8237.07,8276.41,8222.62,8230.04
2026-06-06 02:00:00,8230.41,8335.02,8186.28,8327.1
2026-06-06 03:00:00,8327.05,8359.48,8300.75,8331.48
2026-06-06 04:00:00,8331.18,8349.42,8306.85,8328.8
2026-06-06 05:00:00,8328.81,8332.23,8228.37,8228.98
2026-06-06 06:00:00,8229.24,8229.57,8150.67,8151.69
2026-06-06 07:00:00,8151.72,8153.39,8129.86,8146.68
2026-06-06 08:00:00,8147.2,8211.99,8106.37,8198.74
2026-06-06 09:00:00,8199.03,8211.64,8159.29,8190.59
2026-06-06 10:00:00,8190.71,8209.26,8148.41,8182.75
2026-06-06 11:00:00,8183.0,8274.43,8172.24,8249.97
2026-06-06 12:00:00,8250.42,8261.64,8227.28,8227.28
2026-06-06 13:00:00,8227.1,8332.22,8194.98,8331.86
2026-06-06 14:00:00,8331.68,8370.24,8317.41,8364.47
2026-06-06 15:00:00,8364.64,8369.03,8306.08,8306.08
2026-06-06 16:00:00,8306.12,8351.51,8291.62,8313.7
2026-06-06 17:00:00,8313.54,8333.71,8286.25,8322.22
2026-06-06 18:00:00,8322.62,8413.9,8300.55,8404.17
2026-06-06 19:00:00,8404.05,8415.92,8354.72,8357.31
2026-06-06 20:00:00,8357.42,8358.58,8281.76,8284.99
2026-06-06 21:00:00,8285.58,8387.54,8278.73,8385.51
2026-06-06 22:00:00,8385.55,8409.67,8361.04,8385.12
2026-06-06 23:00:00,8385.05,8420.78,8361.62,8392.37
2026-06-07 00:00:00,8392.3,8392.77,8286.83,8302.7
2026-06-07 01:00:00,8302.48,8320.04,8245.85,8247.94
2026-06-07 02:00:00,8248.0,8248.92,8205.47,8205.9
2026-06-07 03:00:00,8206.22,8239.59,8190.9,8191.04
2026-06-07 04:00:00,8190.97,8192.93,8142.4,8156.2
2026-06-07 05:00:00,8155.93,8219.19,8139.35,8200.48
2026-06-07 06:00:00,8200.36,8206.37,8148.29,8149.61
2026-06-07 07:00:00,8149.63,8150.31,8102.03,8102.82
2026-06-07 08:00:00,8103.03,8230.62,8094.55,8228.27
2026-06-07 09:00:00,8227.69,8270.02,8204.53,8240.61
2026-06-07 10:00:00,8241.02,8241.57,8158.69,8161.87
2026-06-07 11:00:00,8161.58,8216.21,8117.54,8212.12
2026-06-07 12:00:00,8211.57,8262.66,8180.07,8180.07
2026-06-07 13:00:00,8180.35,8231.35,8132.06,8224.6
2026-06-07 14:00:00,8225.0,8251.24,8178.42,8194.12
2026-06-07 15:00:00,8193.95,8196.23,8136.71,8159.93
2026-06-07 16:00:00,8160.29,8163.83,8089.13,8089.74
2026-06-07 17:00:00,8089.77,8090.37,8038.63,8050.39
2026-06-07 18:00:00,8050.2,8067.02,8026.93,8027.42
2026-06-07 19:00:00,8027.17,8029.41,7958.19,7970.36
2026-06-07 20:00:00,7970.51,8084.8,7969.82,8054.24
2026-06-07 21:00:00,8054.01,8055.28,7965.0,8008.06
2026-06-07 22:00:00,8007.72,8050.7,7992.28,8033.01
2026-06-07 23:00:00,8033.01,8083.9,8012.56,8042.84
2026-06-08 00:00:00,8042.71,8062.01,7998.07,8001.25
2026-06-08 01:00:00,8001.54,8024.33,7976.99,8007.34
2026-06-08 02:00:00,8007.12,8050.93,7969.78,8033.9
2026-06-08 03:00:00,8033.88,8064.9,7970.66,7970.93
2026-06-08 04:00:00,7970.88,7994.76,7951.21,7986.23
2026-06-08 05:00:00,7985.99,8011.07,7953.69,7961.09
2026-06-08 06:00:00,7961.33,7988.23,7945.2,7984.39
2026-06-08 07:00:00,7984.28,7994.59,7956.28,7956.78
2026-06-08 08:00:00,7956.81,7956.96,7896.22,7896.22
2026-06-08 09:00:00,7895.86,7961.19,7894.91,7898.73
2026-06-08 10:00:00,7899.04,7909.92,7837.35,7907.92
2026-06-08 11:00:00,7908.05,7959.47,7882.02,7883.87
2026-06-08 12:00:00,7883.54,7903.73,7838.03,7894.8
2026-06-08 13:00:00,7894.92,7895.54,7814.49,7818.61
2026-06-08 14:00:00,7818.82,7819.28,7728.56,7729.34
2026-06-08 15:00:00,7729.28,7742.77,7696.58,7701.08
2026-06-08 16:00:00,7701.31,7717.59,7675.96,7694.32
2026-06-08 17:00:00,7694.54,7694.54,7616.22,7616.86
2026-06-08 18:00:00,7616.87,7617.44,7555.13,7555.96
2026-06-08 19:00:00,7555.9,7627.07,7550.12,7593.96
2026-06-08 20:00:00,7593.69,7699.23,7558.14,7693.04
2026-06-08 21:00:00,7692.95,7693.72,7609.77,7613.23
2026-06-08 22:00:00,7613.23,7638.29,7582.12,7587.25
2026-06-08 23:00:00,7587.11,7587.17,7511.97,7513.89
2026-06-09 00:00:00,7514.06,7568.18,7499.09,7558.68
2026-06-09 01:00:00,7558.17,7603.11,7552.27,7602.16
2026-06-09 02:00:00,7601.99,7811.89,7600.13,7806.08
2026-06-09 03:00:00,7806.02,7806.42,7756.24,7758.38
2026-06-09 04:00:00,7758.62,7814.0,7740.93,7792.94
2026-06-09 05:00:00,7793.09,7796.58,7711.5,7712.15
2026-06-09 06:00:00,7712.39,7718.71,7664.31,7664.57
2026-06-09 07:00:00,7664.34,7665.86,7616.57,7618.47
2026-06-09 08:00:00,7618.25,7653.25,7596.18,7632.82
2026-06-09 09:00:00,7632.76,7657.8,7597.12,7654.01
2026-06-09 10:00:00,7654.29,7733.42,7645.97,7706.49
2026-06-09 11:00:00,7706.67,7741.59,7645.5,7740.78
2026-06-09 12:00:00,7740.73,7743.77,7695.92,7706.97
2026-06-09 13:00:00,7706.73,7715.49,7670.69,7670.69
2026-06-09 14:00:00,7670.14,7679.8,7628.84,7631.42
2026-06-09 15:00:00,7631.44,7667.18,7604.96,7604.99
2026-06-09 16:00:00,7604.69,7675.03,7599.33,7627.5
2026-06-09 17:00:00,7627.55,7655.65,7610.63,7636.59
2026-06-09 18:00:00,7636.6,7636.96,7591.21,7591.36
2026-06-09 19:00:00,7591.53,7602.68,7561.16,7565.44
2026-06-09 20:00:00,7565.51,7595.92,7550.09,7579.73
2026-06-09 21:00:00,7579.47,7595.71,7534.24,7538.15
2026-06-09 22:00:00,7538.34,7545.51,7510.41,7517.16
2026-06-09 23:00:00,7516.92,7533.07,7460.92,7532.61
2026-06-10 00:00:00,7532.42,7601.93,7524.02,7527.12
2026-06-10 01:00:00,7526.85,7527.76,7451.12,7467.95
2026-06-10 02:00:00,7467.73,7530.11,7464.33,7503.42
2026-06-10 03:00:00,7503.75,7562.8,7489.96,7546.41
2026-06-10 04:00:00,7546.34,7582.65,7515.7,7579.98
2026-06-10 05:00:00,7580.11,7596.03,7537.6,7540.43
2026-06-10 06:00:00,7540.69,7601.58,7524.78,7546.67
2026-06-10 07:00:00,7546.46,7546.85,7500.96,7524.87
2026-06-10 08:00:00,7525.26,7533.26,7469.83,7503.17
2026-06-10 09:00:00,7502.97,7533.23,7473.58,7521.43
2026-06-10 10:00:00,7521.12,7529.48,7493.88,7514.06
2026-06-10 11:00:00,7513.87,7550.37,7493.48,7496.13
2026-06-10 12:00:00,7495.94,7534.62,7483.0,7515.76
2026-06-10 13:00:00,7515.55,7520.35,7476.66,7518.96
2026-06-10 14:00:00,7518.53,7519.39,7457.99,7460.62
2026-06-10 15:00:00,7461.0,7465.87,7402.01,7429.32
2026-06-10 16:00:00,7428.95,7465.99,7408.5,7440.87
2026-06-10 17:00:00,7441.04,7541.13,7438.82,7527.53
2026-06-10 18:00:00,7527.28,7553.31,7500.05,7501.54
2026-06-10 19:00:00,7501.23,7501.23,7424.16,7425.56
2026-06-10 20:00:00,7425.99,7435.15,7404.22,7427.32
2026-06-10 21:00:00,7426.91,7537.88,7423.64,7531.64
2026-06-10 22:00:00,7531.6,7546.72,7516.17,7533.61
2026-06-10 23:00:00,7533.28,7536.52,7478.42,7481.14
2026-06-11 00:00:00,7481.16,7483.11,7420.19,7439.54
2026-06-11 01:00:00,7440.15,7445.45,7390.59,7401.65
2026-06-11 02:00:00,7401.77,7402.26,7359.23,7387.54
2026-06-11 03:00:00,7387.24,7399.76,7348.91,7390.99
2026-06-11 04:00:00,7391.12,7424.61,7386.66,7409.73
2026-06-11 05:00:00,7409.55,7495.5,7398.65,7483.33
2026-06-11 06:00:00,7483.11,7514.46,7447.06,7505.99
2026-06-11 07:00:00,7506.08,7511.74,7451.94,7452.61
2026-06-11 08:00:00,7452.61,7452.64,7406.84,7409.71
2026-06-11 09:00:00,7409.79,7418.85,7380.55,7415.84
2026-06-11 10:00:00,7415.56,7452.15,7376.22,7377.12
2026-06-11 11:00:00,7376.71,7414.48,7359.48,7366.1
2026-06-11 12:00:00,7366.48,7368.04,7317.98,7331.34
2026-06-11 13:00:00,7331.64,7332.86,7288.93,7306.34
2026-06-11 14:00:00,7306.65,7306.72,7244.31,7283.98
2026-06-11 15:00:00,7283.57,7349.51,7272.33,7345.56
2026-06-11 16:00:00,7345.74,7347.31,7265.19,7271.63
2026-06-11 17:00:00,7271.22,7312.63,7247.73,7252.37
2026-06-11 18:00:00,7252.24,7310.63,7241.01,7303.85
2026-06-11 19:00:00,7303.95,7316.25,7257.56,7263.38
2026-06-11 20:00:00,7263.36,7271.68,7209.63,7209.63
2026-06-11 21:00:00,7209.43,7225.07,7182.11,7197.02
2026-06-11 22:00:00,7197.1,7198.82,7141.95,7157.91
2026-06-11 23:00:00,7157.88,7266.37,7141.73,7260.68
2026-06-12 00:00:00,7260.78,7277.13,7244.13,7258.54
2026-06-12 01:00:00,7258.75,7320.28,7257.79,7274.0
2026-06-12 02:00:00,7274.03,7345.92,7242.72,7342.5
2026-06-12 03:00:00,7342.5,7364.61,7283.98,7329.43
2026-06-12 04:00:00,7329.68,7381.34,7326.53,7366.22
2026-06-12 05:00:00,7366.06,7373.93,7337.99,7343.3
2026-06-12 06:00:00,7343.1,7363.13,7323.48,7340.62
2026-06-12 07:00:00,7340.86,7361.94,7308.56,7314.83
2026-06-12 08:00:00,7314.89,7316.15,7255.77,7257.05
2026-06-12 09:00:00,7256.64,7307.03,7226.96,7294.91
2026-06-12 10:00:00,7294.79,7301.86,7258.71,7258.71
2026-06-12 11:00:00,7258.52,7259.06,7199.95,7201.28
2026-06-12 12:00:00,7201.25,7203.13,7145.14,7153.24
2026-06-12 13:00:00,7153.38,7167.19,7119.78,7148.4
2026-06-12 14:00:00,7148.07,7148.07,7092.4,7098.12
2026-06-12 15:00:00,7098.61,7124.67,7066.47,7109.5
2026-06-12 16:00:00,7109.54,7111.13,7065.23,7070.21
2026-06-12 17:00:00,7070.03,7079.25,7042.93,7057.41
2026-06-12 18:00:00,7057.3,7090.62,7045.82,7047.19
2026-06-12 19:00:00,7047.5,7111.75,7030.66,7060.49
2026-06-12 20:00:00,7060.99,7062.09,7008.38,7008.52
2026-06-12 21:00:00,7008.35,7022.82,6981.91,7013.41
2026-06-12 22:00:00,7013.48,7025.59,6989.71,7006.52
2026-06-12 23:00:00,7006.42,7008.83,6931.9,6945.82
2026-06-13 00:00:00,6945.5,6949.97,6893.87,6894.53
2026-06-13 01:00:00,6894.31,6973.24,6866.99,6948.87
2026-06-13 02:00:00,6948.99,6953.27,6920.65,6930.26
2026-06-13 03:00:00,6930.71,6998.74,6897.38,6986.69
2026-06-13 04:00:00,6987.05,7023.93,6981.26,6987.71
2026-06-13 05:00:00,6987.52,7107.3,6958.9,7106.28
2026-06-13 06:00:00,7106.32,7108.53,7062.43,7065.79
2026-06-13 07:00:00,7065.88,7173.08,7047.87,7172.62
2026-06-13 08:00:00,7172.96,7175.32,7130.02,7130.07
2026-06-13 09:00:00,7130.57,7156.49,7093.05,7151.97
2026-06-13 10:00:00,7151.67,7176.24,7103.94,7166.42
2026-06-13 11:00:00,7166.53,7167.98,7081.27,7085.86
2026-06-13 12:00:00,7085.55,7099.74,7065.65,7065.76
2026-06-13 13:00:00,7065.67,7083.54,7036.72,7054.55
2026-06-13 14:00:00,7054.44,7054.83,7022.7,7047.54
2026-06-13 15:00:00,7047.79,7051.71,6995.84,6995.97
2026-06-13 16:00:00,6995.92,7014.6,6971.27,6977.97
2026-06-13 17:00:00,6977.68,7048.02,6974.56,7037.34
2026-06-13 18:00:00,7037.05,7064.99,6990.1,7062.58
2026-06-13 19:00:00,7062.68,7077.65,7040.49,7043.45
2026-06-13 20:00:00,7043.7,7058.21,7008.89,7049.67
2026-06-13 21:00:00,7049.65,7086.91,7035.11,7061.55
2026-06-13 22:00:00,7061.74,7121.78,7051.35,7086.5
2026-06-13 23:00:00,7086.34,7088.55,7033.22,7033.59
2026-06-14 00:00:00,7033.9,7041.21,6975.06,6980.61
2026-06-14 01:00:00,6980.12,7048.24,6964.36,7018.95
2026-06-14 02:00:00,7019.17,7034.66,6980.3,7025.41
2026-06-14 03:00:00,7025.49,7035.01,6999.55,7000.52
2026-06-14 04:00:00,6999.91,7056.68,6987.6,7047.7
2026-06-14 05:00:00,7047.63,7056.29,7012.62,7016.4
2026-06-14 06:00:00,7016.22,7059.8,7003.82,7041.47
2026-06-14 07:00:00,7041.57,7052.55,7004.69,7044.81
2026-06-14 08:00:00,7044.52,7057.47,7027.18,7037.83
2026-06-14 09:00:00,7037.96,7047.88,7001.93,7005.7
2026-06-14 10:00:00,7005.67,7006.88,6932.07,6955.4
2026-06-14 11:00:00,6954.97,6957.92,6924.35,6930.21
2026-06-14 12:00:00,6930.25,6971.11,6924.17,6960.14
2026-06-14 13:00:00,6960.62,6961.77,6909.35,6909.35
2026-06-14 14:00:00,6909.57,6912.39,6873.71,6887.77
2026-06-14 15:00:00,6887.78,6900.79,6866.42,6879.52
2026-06-14 16:00:00,6879.44,6897.66,6856.86,6897.14
2026-06-14 17:00:00,6897.36,6912.05,6857.77,6858.6
2026-06-14 18:00:00,6858.63,6862.42,6834.22,6840.12
2026-06-14 19:00:00,6840.44,6981.34,6840.1,6947.23
2026-06-14 20:00:00,6947.3,6948.43,6903.83,6903.83
2026-06-14 21:00:00,6903.79,6904.62,6851.33,6858.44
2026-06-14 22:00:00,6858.91,6898.13,6850.98,6885.95
2026-06-14 23:00:00,6885.15,6944.67,6881.25,6933.92
2026-06-15 00:00:00,6934.05,6976.22,6925.85,6955.53
2026-06-15 01:00:00,6955.34,6987.48,6934.23,6968.74
2026-06-15 02:00:00,6968.65,6970.47,6921.73,6960.99
2026-06-15 03:00:00,6960.76,6961.32,6899.83,6919.45
2026-06-15 04:00:00,6919.53,6989.19,6890.32,6977.05
2026-06-15 05:00:00,6977.31,7031.49,6941.41,7013.8
2026-06-15 06:00:00,7013.6,7071.99,6990.27,7040.41
2026-06-15 07:00:00,7040.63,7058.91,7019.56,7041.16
2026-06-15 08:00:00,7040.91,7058.77,6999.61,7042.35
2026-06-15 09:00:00,7042.4,7063.78,7018.64,7024.76
2026-06-15 10:00:00,7024.6,7096.7,7020.34,7088.91
2026-06-15 11:00:00,7089.28,7092.61,7024.72,7025.8
2026-06-15 12:00:00,7025.88,7141.08,7024.07,7105.33
2026-06-15 13:00:00,7105.7,7107.09,7060.77,7065.97
2026-06-15 14:00:00,7065.86,7093.15,7041.06,7056.49
2026-06-15 15:00:00,7056.54,7089.3,7027.88,7035.78
2026-06-15 16:00:00,7035.59,7042.46,6998.55,6998.55
2026-06-15 17:00:00,6998.88,7072.68,6998.13,7060.41
2026-06-15 18:00:00,7060.53,7064.62,7025.06,7027.55
2026-06-15 19:00:00,7027.11,7064.02,7020.3,7053.53
2026-06-15 20:00:00,7053.54,7055.15,7028.11,7035.36
2026-06-15 21:00:00,7035.74,7088.14,7029.22,7077.2
2026-06-15 22:00:00,7076.9,7089.79,7026.95,7027.08
2026-06-15 23:00:00,7027.44,7056.97,7009.51,7011.37
2026-06-16 00:00:00,7011.06,7030.49,6981.75,7006.62
2026-06-16 01:00:00,7006.67,7075.85,7002.76,7041.58
2026-06-16 02:00:00,7041.64,7146.77,7008.93,7136.36
2026-06-16 03:00:00,7136.48,7141.32,7119.81,7127.21
2026-06-16 04:00:00,7127.19,7138.39,7080.47,7080.65
2026-06-16 05:00:00,7080.25,7080.29,7045.8,7073.43
2026-06-16 06:00:00,7073.77,7073.77,7018.44,7020.49
2026-06-16 07:00:00,7020.49,7022.61,6966.91,6969.83
2026-06-16 08:00:00,6969.88,6987.99,6952.04,6953.85
2026-06-16 09:00:00,6953.88,6991.37,6950.84,6956.96
2026-06-16 10:00:00,6956.65,6969.9,6926.86,6950.15
2026-06-16 11:00:00,6950.02,7011.7,6942.76,6978.71
2026-06-16 12:00:00,6978.93,6979.08,6924.19,6924.32
2026-06-16 13:00:00,6924.69,6926.18,6881.73,6898.59
2026-06-16 14:00:00,6898.06,6898.17,6832.4,6875.53
2026-06-16 15:00:00,6875.97,6899.37,6825.31,6897.93
2026-06-16 16:00:00,6898.15,6906.78,6861.25,6887.88
2026-06-16 17:00:00,6887.64,6889.69,6824.37,6827.33
2026-06-16 18:00:00,6827.34,6855.49,6805.52,6838.47
2026-06-16 19:00:00,6838.7,6867.63,6824.75,6826.03
2026-06-16 20:00:00,6826.02,6918.16,6787.79,6908.95
2026-06-16 21:00:00,6908.98,6955.73,6904.24,6929.44
2026-06-16 22:00:00,6929.61,6930.71,6882.69,6884.24
2026-06-16 23:00:00,6884.47,6898.81,6872.09,6879.83
2026-06-17 00:00:00,6879.92,6902.85,6848.9,6849.66
2026-06-17 01:00:00,6849.44,6907.82,6830.72,6899.87
2026-06-17 02:00:00,6899.95,6915.05,6866.73,6867.3
2026-06-17 03:00:00,6867.34,6933.03,6867.29,6924.27
2026-06-17 04:00:00,6924.75,6930.93,6883.75,6919.7
2026-06-17 05:00:00,6919.85,6924.61,6896.86,6899.43
2026-06-17 06:00:00,6899.74,6899.74,6827.77,6829.67
2026-06-17 07:00:00,6829.7,6890.33,6825.97,6864.18
2026-06-17 08:00:00,6864.22,6917.2,6854.09,6912.27
2026-06-17 09:00:00,6912.23,6912.56,6883.01,6890.3
2026-06-17 10:00:00,6889.74,6894.18,6844.15,6876.9
2026-06-17 11:00:00,6877.08,6933.69,6870.73,6921.88
2026-06-17 12:00:00,6922.02,6927.26,6869.01,6926.99
2026-06-17 13:00:00,6926.77,6926.77,6858.28,6858.28
2026-06-17 14:00:00,6858.35,6885.2,6818.38,6819.67
2026-06-17 15:00:00,6819.81,6836.39,6791.35,6794.0
2026-06-17 16:00:00,6794.21,6847.2,6771.96,6817.45
2026-06-17 17:00:00,6817.93,6822.24,6759.9,6816.75
2026-06-17 18:00:00,6816.61,6821.73,6799.29,6801.87
2026-06-17 19:00:00,6802.04,6803.77,6726.75,6731.52
2026-06-17 20:00:00,6731.46,6764.16,6716.15,6755.8
2026-06-17 21:00:00,6756.09,6790.12,6748.64,6751.55
2026-06-17 22:00:00,6751.41,6764.71,6721.77,6751.65
2026-06-17 23:00:00,6751.55,6799.33,6721.55,6797.83
2026-06-18 00:00:00,6798.54,6817.7,6780.44,6780.44
2026-06-18 01:00:00,6780.35,6794.87,6741.75,6743.77
2026-06-18 02:00:00,6743.91,6824.28,6741.85,6773.84
2026-06-18 03:00:00,6773.22,6774.6,6727.03,6733.36
2026-06-18 04:00:00,6733.39,6735.36,6662.58,6701.21
2026-06-18 05:00:00,6701.06,6764.51,6693.41,6758.17
2026-06-18 06:00:00,6757.93,6856.64,6722.98,6845.7
2026-06-18 07:00:00,6845.92,6845.92,6793.54,6819.59
2026-06-18 08:00:00,6819.12,6973.53,6802.15,6969.94
2026-06-18 09:00:00,6970.28,6972.26,6913.36,6937.31
2026-06-18 10:00:00,6937.44,6940.3,6882.61,6916.82
2026-06-18 11:00:00,6916.71,6969.34,6903.12,6944.19
2026-06-18 12:00:00,6944.02,7132.47,6940.04,7124.24
2026-06-18 13:00:00,7124.51,7125.8,7032.31,7033.24
2026-06-18 14:00:00,7033.59,7119.56,7017.96,7083.15
2026-06-18 15:00:00,7083.04,7123.2,7072.57,7112.61
2026-06-18 16:00:00,7113.17,7148.42,7108.54,7119.15
2026-06-18 17:00:00,7118.62,7126.52,7064.35,7073.32
2026-06-18 18:00:00,7073.32,7080.68,7036.59,7068.49
2026-06-18 19:00:00,7068.38,7113.09,7053.95,7094.09
2026-06-18 20:00:00,7094.44,7126.65,7093.82,7109.99
2026-06-18 21:00:00,7110.16,7111.66,7075.66,7088.24
2026-06-18 22:00:00,7088.42,7106.5,7059.19,7059.53
2026-06-18 23:00:00,7059.48,7061.38,6995.95,6997.95
2026-06-19 00:00:00,6997.89,7013.95,6967.69,6968.52
2026-06-19 01:00:00,6968.88,6969.58,6913.88,6914.33
2026-06-19 02:00:00,6913.89,6914.86,6869.63,6870.78
2026-06-19 03:00:00,6870.88,6911.25,6863.6,6882.65
2026-06-19 04:00:00,6881.87,6883.7,6819.28,6821.03
2026-06-19 05:00:00,6820.76,6858.97,6815.0,6846.19
2026-06-19 06:00:00,6846.1,6847.59,6776.63,6794.03
2026-06-19 07:00:00,6794.01,6803.39,6765.39,6781.01
2026-06-19 08:00:00,6780.75,6784.47,6729.47,6755.38
2026-06-19 09:00:00,6755.29,6756.45,6679.41,6719.13
2026-06-19 10:00:00,6719.04,6758.36,6708.75,6749.48
2026-06-19 11:00:00,6749.18,6808.26,6748.28,6780.68
2026-06-19 12:00:00,6780.54,6796.04,6758.05,6773.08
2026-06-19 13:00:00,6772.8,6774.03,6716.84,6717.12
2026-06-19 14:00:00,6717.31,6723.91,6681.43,6683.44
2026-06-19 15:00:00,6683.44,6691.15,6648.41,6651.57
2026-06-19 16:00:00,6651.34,6719.29,6643.59,6696.93
2026-06-19 17:00:00,6697.01,6756.14,6687.61,6736.92
2026-06-19 18:00:00,6736.97,6792.28,6707.51,6784.57
2026-06-19 19:00:00,6784.72,6784.8,6757.99,6772.54
2026-06-19 20:00:00,6772.89,6776.88,6687.62,6688.81
2026-06-19 21:00:00,6689.09,6701.45,6653.39,6656.95
2026-06-19 22:00:00,6656.81,6743.13,6640.87,6735.59
2026-06-19 23:00:00,6735.62,6741.6,6660.51,6662.0
2026-06-20 00:00:00,6661.82,6688.87,6639.82,6666.95
2026-06-20 01:00:00,6666.67,6709.78,6654.95,6707.97
2026-06-20 02:00:00,6708.32,6724.74,6691.45,6701.25
2026-06-20 03:00:00,6701.55,6727.86,6667.45,6711.93
2026-06-20 04:00:00,6712.25,6732.88,6687.83,6721.87
2026-06-20 05:00:00,6722.0,6745.11,6703.58,6704.03
2026-06-20 06:00:00,6703.82,6723.01,6673.86,6711.06
2026-06-20 07:00:00,6711.31,6770.7,6705.55,6762.2
2026-06-20 08:00:00,6761.67,6761.91,6711.18,6732.92
2026-06-20 09:00:00,6732.81,6733.54,6698.77,6699.21
2026-06-20 10:00:00,6698.89,6703.83,6648.65,6656.15
2026-06-20 11:00:00,6655.98,6656.55,6623.77,6626.09
2026-06-20 12:00:00,6626.51,6672.29,6603.53,6662.32
2026-06-20 13:00:00,6662.12,6671.17,6642.6,6644.03
2026-06-20 14:00:00,6644.1,6645.54,6609.18,6615.82
2026-06-20 15:00:00,6615.64,6729.3,6591.63,6711.43
2026-06-20 16:00:00,6711.78,6712.45,6674.51,6699.69
2026-06-20 17:00:00,6699.77,6809.07,6691.37,6803.28
2026-06-20 18:00:00,6802.76,6827.47,6766.6,6767.55
2026-06-20 19:00:00,6767.37,6768.01,6727.81,6729.7
2026-06-20 20:00:00,6729.55,6744.9,6693.78,6693.79
2026-06-20 21:00:00,6693.78,6703.59,6648.84,6649.79
2026-06-20 22:00:00,6649.8,6701.99,6634.77,6691.49
2026-06-20 23:00:00,6691.83,6695.68,6670.54,6679.1
2026-06-21 00:00:00,6679.37,6704.79,6660.98,6696.6
2026-06-21 01:00:00,6696.61,6705.48,6643.35,6643.35
2026-06-21 02:00:00,6643.36,6683.62,6610.71,6680.63
2026-06-21 03:00:00,6680.66,6681.76,6622.06,6624.28
2026-06-21 04:00:00,6624.24,6626.92,6579.49,6607.47
2026-06-21 05:00:00,6607.7,6657.98,6588.72,6619.45
2026-06-21 06:00:00,6619.26,6636.31,6589.59,6590.33
2026-06-21 07:00:00,6590.51,6596.35,6569.12,6578.5
2026-06-21 08:00:00,6578.86,6592.9,6561.79,6571.42
2026-06-21 09:00:00,6571.5,6572.53,6510.65,6513.0
2026-06-21 10:00:00,6513.47,6513.61,6484.5,6495.35
2026-06-21 11:00:00,6495.15,6595.16,6494.99,6589.61
2026-06-21 12:00:00,6589.52,6610.91,6562.27,6566.29
2026-06-21 13:00:00,6566.49,6634.68,6553.24,6633.09
2026-06-21 14:00:00,6633.19,6706.57,6616.23,6681.05
2026-06-21 15:00:00,6680.72,6695.48,6661.79,6667.08
2026-06-21 16:00:00,6666.8,6669.58,6632.48,6633.19
2026-06-21 17:00:00,6632.95,6638.13,6583.49,6584.32
2026-06-21 18:00:00,6584.2,6595.32,6547.33,6588.51
2026-06-21 19:00:00,6588.46,6595.09,6560.99,6571.27
2026-06-21 20:00:00,6571.24,6650.7,6555.53,6639.29
2026-06-21 21:00:00,6639.41,6639.83,6591.83,6599.54
2026-06-21 22:00:00,6599.67,6670.14,6596.71,6644.25
2026-06-21 23:00:00,6644.13,6644.97,6582.61,6585.34
2026-06-22 00:00:00,6585.05,6650.87,6584.48,6636.83
2026-06-22 01:00:00,6636.58,6661.42,6586.81,6650.91
2026-06-22 02:00:00,6650.82,6669.47,6611.34,6619.53
2026-06-22 03:00:00,6619.11,6673.69,6575.65,6673.24
2026-06-22 04:00:00,6673.53,6702.73,6673.46,6676.04
2026-06-22 05:00:00,6676.1,6736.89,6670.3,6736.22
2026-06-22 06:00:00,6736.14,6770.0,6733.96,6758.65
2026-06-22 07:00:00,6758.31,6758.31,6703.91,6704.34
2026-06-22 08:00:00,6703.45,6711.79,6660.99,6709.72
2026-06-22 09:00:00,6709.8,6762.53,6688.21,6724.92
2026-06-22 10:00:00,6725.1,6761.47,6720.7,6726.11
2026-06-22 11:00:00,6726.29,6734.83,6692.21,6701.9
2026-06-22 12:00:00,6701.83,6724.86,6670.44,6698.32
2026-06-22 13:00:00,6698.29,6755.96,6677.62,6750.6
2026-06-22 14:00:00,6751.12,6864.34,6738.64,6831.05
2026-06-22 15:00:00,6831.34,6877.68,6823.91,6853.91
2026-06-22 16:00:00,6853.58,6868.91,6833.09,6852.45
2026-06-22 17:00:00,6852.29,6860.27,6812.67,6814.4
2026-06-22 18:00:00,6814.37,6932.22,6812.07,6921.03
2026-06-22 19:00:00,6921.06,6921.29,6879.59,6886.01
2026-06-22 20:00:00,6885.61,6886.9,6836.46,6838.73
2026-06-22 21:00:00,6838.69,6839.38,6798.28,6804.98
2026-06-22 22:00:00,6805.21,6807.45,6745.45,6767.59
2026-06-22 23:00:00,6767.42,6782.79,6698.12,6699.36
2026-06-23 00:00:00,6699.49,6718.66,6674.77,6701.76
2026-06-23 01:00:00,6701.9,6735.74,6691.43,6701.67
2026-06-23 02:00:00,6701.37,6708.8,6673.43,6691.29
2026-06-23 03:00:00,6691.42,6762.76,6686.69,6741.88
2026-06-23 04:00:00,6742.01,6785.21,6732.26,6766.57
2026-06-23 05:00:00,6765.94,6770.86,6736.81,6760.68
2026-06-23 06:00:00,6761.0,6797.76,6735.39,6796.24
2026-06-23 07:00:00,6796.14,6810.15,6780.15,6780.21
2026-06-23 08:00:00,6780.78,6812.19,6768.46,6782.05
2026-06-23 09:00:00,6782.59,6793.82,6760.65,6760.92
2026-06-23 10:00:00,6760.74,6767.04,6716.62,6756.88
2026-06-23 11:00:00,6756.81,6786.94,6753.18,6759.92
2026-06-23 12:00:00,6760.13,6760.54,6698.11,6699.4
2026-06-23 13:00:00,6699.59,6759.63,6691.57,6749.97
2026-06-23 14:00:00,6749.67,6798.6,6742.8,6795.26
2026-06-23 15:00:00,6795.27,6869.74,6776.82,6866.59
2026-06-23 16:00:00,6866.53,6938.29,6857.16,6925.07
2026-06-23 17:00:00,6925.16,6943.55,6895.98,6929.51
2026-06-23 18:00:00,6929.24,6930.26,6866.65,6867.73
2026-06-23 19:00:00,6867.21,6923.69,6847.82,6903.4
2026-06-23 20:00:00,6903.72,6928.9,6894.78,6925.66
2026-06-23 21:00:00,6925.44,6941.82,6873.47,6928.95
2026-06-23 22:00:00,6929.16,6929.16,6889.39,6912.43
2026-06-23 23:00:00,6912.42,6954.57,6896.7,6948.48
2026-06-24 00:00:00,6948.62,7057.22,6947.59,7053.12
2026-06-24 01:00:00,7052.91,7096.86,7049.69,7052.52
2026-06-24 02:00:00,7052.07,7054.71,6998.0,7028.06
2026-06-24 03:00:00,7028.56,7037.24,6980.26,6999.23
2026-06-24 04:00:00,6998.8,7148.88,6998.06,7113.57
2026-06-24 05:00:00,7113.65,7208.62,7103.96,7206.11
2026-06-24 06:00:00,7206.35,7211.03,7143.61,7143.96
2026-06-24 07:00:00,7144.24,7145.05,7109.24,7114.3
2026-06-24 08:00:00,7114.28,7118.3,7065.3,7096.43
2026-06-24 09:00:00,7096.07,7101.91,7061.21,7088.2
2026-06-24 10:00:00,7088.64,7104.81,7066.96,7081.09
2026-06-24 11:00:00,7081.01,7136.11,7045.42,7132.97
2026-06-24 12:00:00,7132.7,7132.7,7073.59,7090.58
2026-06-24 13:00:00,7090.46,7113.58,7077.37,7078.76
2026-06-24 14:00:00,7078.84,7103.98,7066.21,7075.51
2026-06-24 15:00:00,7075.38,7214.99,7074.87,7182.18
2026-06-24 16:00:00,7182.07,7225.84,7177.63,7186.1
2026-06-24 17:00:00,7186.53,7238.67,7181.71,7188.71
2026-06-24 18:00:00,7189.14,7215.01,7179.77,7182.21
2026-06-24 19:00:00,7182.16,7225.58,7165.06,7208.4
2026-06-24 20:00:00,7208.29,7291.71,7174.11,7271.19
2026-06-24 21:00:00,7271.27,7359.61,7269.85,7334.69
2026-06-24 22:00:00,7335.09,7410.66,7325.32,7399.48
2026-06-24 23:00:00,7399.54,7405.14,7360.2,7389.24
2026-06-25 00:00:00,7388.99,7390.86,7342.58,7342.94
2026-06-25 01:00:00,7387.34,7463.72,7378.05,7451.02
2026-06-25 02:00:00,7451.13,7451.13,7389.98,7403.28
2026-06-25 03:00:00,7403.0,7403.7,7332.04,7332.15
2026-06-25 04:00:00,7332.42,7418.61,7331.94,7374.06
2026-06-25 05:00:00,7373.95,7406.76,7347.04,7379.14
2026-06-25 06:00:00,7379.23,7407.19,7342.61,7398.98
2026-06-25 07:00:00,7398.67,7473.73,7394.15,7445.72
2026-06-25 08:00:00,7445.86,7504.97,7444.64,7480.0
2026-06-25 09:00:00,7480.12,7520.72,7468.84,7473.08
2026-06-25 10:00:00,7473.23,7583.27,7465.75,7570.67
2026-06-25 11:00:00,7570.32,7584.01,7525.35,7573.17
2026-06-25 12:00:00,7573.47,7598.2,7534.69,7590.97
2026-06-25 13:00:00,7590.8,7666.91,7581.43,7622.68
2026-06-25 14:00:00,7622.61,7663.48,7581.19,7658.1
2026-06-25 15:00:00,7657.55,7674.45,7626.44,7643.1
2026-06-25 16:00:00,7643.48,7643.71,7595.39,7601.41
2026-06-25 17:00:00,7601.33,7674.45,7590.63,7666.32
2026-06-25 18:00:00,7666.3,7713.01,7652.53,7689.2
2026-06-25 19:00:00,7689.07,7729.2,7636.63,7721.18
2026-06-25 20:00:00,7721.24,7769.46,7700.72,7742.17
2026-06-25 21:00:00,7742.7,7752.44,7689.85,7692.42
2026-06-25 22:00:00,7693.07,7732.2,7691.81,7706.57
2026-06-25 23:00:00,7706.72,7761.39,7686.61,7733.83
2026-06-26 00:00:00,7733.76,7737.42,7667.87,7702.95
2026-06-26 01:00:00,7703.05,7746.55,7684.39,7725.44
2026-06-26 02:00:00,7724.92,7776.78,7703.88,7750.33
2026-06-26 03:00:00,7750.43,7820.03,7743.82,7774.48
2026-06-26 04:00:00,7774.15,7776.76,7738.3,7748.09
2026-06-26 05:00:00,7748.22,7748.38,7685.17,7695.48
2026-06-26 06:00:00,7695.68,7732.61,7691.69,7694.26
2026-06-26 07:00:00,7694.45,7726.72,7650.74,7650.74
2026-06-26 08:00:00,7650.5,7650.64,7587.11,7592.61
2026-06-26 09:00:00,7592.74,7649.38,7579.79,7637.79
2026-06-26 10:00:00,7637.96,7647.41,7601.46,7611.63
2026-06-26 11:00:00,7611.53,7622.18,7560.01,7580.79
2026-06-26 12:00:00,7580.76,7582.62,7503.73,7513.64
2026-06-26 13:00:00,7513.68,7537.0,7456.22,7456.55
2026-06-26 14:00:00,7456.58,7594.06,7451.83,7589.26
2026-06-26 15:00:00,7589.36,7689.47,7578.53,7655.98
2026-06-26 16:00:00,7656.39,7668.39,7632.07,7634.46
2026-06-26 17:00:00,7634.13,7635.15,7591.43,7613.42
2026-06-26 18:00:00,7613.33,7670.16,7582.52,7633.55
2026-06-26 19:00:00,7633.29,7633.72,7549.09,7549.61
2026-06-26 20:00:00,7549.92,7600.8,7549.85,7578.19
2026-06-26 21:00:00,7577.9,7587.23,7550.17,7555.58
2026-06-26 22:00:00,7555.75,7558.92,7495.17,7508.97
2026-06-26 23:00:00,7509.03,7724.18,7504.19,7716.26
2026-06-27 00:00:00,7716.28,7879.94,7699.05,7853.27
2026-06-27 01:00:00,7853.47,7925.96,7838.49,7914.19
2026-06-27 02:00:00,7913.72,7981.81,7906.14,7938.17
2026-06-27 03:00:00,7937.54,8012.2,7904.54,7996.78
2026-06-27 04:00:00,7996.97,8201.4,7995.99,8190.25
2026-06-27 05:00:00,8190.41,8217.72,8148.13,8176.94
2026-06-27 06:00:00,8177.06,8178.64,8146.81,8157.56
2026-06-27 07:00:00,8157.32,8189.55,8127.34,8129.06
2026-06-27 08:00:00,8129.03,8156.3,8099.55,8142.37
2026-06-27 09:00:00,8142.34,8160.19,8106.93,8107.22
2026-06-27 10:00:00,8107.1,8252.77,8100.8,8238.4
2026-06-27 11:00:00,8238.2,8240.63,8181.83,8201.61
2026-06-27 12:00:00,8201.49,8205.99,8142.51,8148.34
2026-06-27 13:00:00,8147.91,8153.26,8109.58,8144.4
2026-06-27 14:00:00,8144.58,8145.35,8060.63,8062.32
2026-06-27 15:00:00,8062.51,8112.83,8061.91,8096.72
2026-06-27 16:00:00,8096.52,8103.82,8047.86,8086.27
2026-06-27 17:00:00,8086.1,8251.23,8081.97,8218.01
2026-06-27 18:00:00,8217.66,8243.35,8206.83,8222.76
2026-06-27 19:00:00,8222.41,8227.22,8176.97,8183.1
2026-06-27 20:00:00,8183.0,8183.54,8121.0,8121.0
2026-06-27 21:00:00,8121.17,8298.67,8103.61,8264.42
2026-06-27 22:00:00,8264.3,8276.77,8230.59,8274.17
2026-06-27 23:00:00,8274.12,8335.69,8270.93,8301.08
2026-06-28 00:00:00,8301.68,8313.28,8247.89,8248.84
2026-06-28 01:00:00,8248.27,8263.9,8221.58,8230.53
2026-06-28 02:00:00,8230.9,8231.59,8173.45,8173.98
2026-06-28 03:00:00,8173.56,8178.79,8123.55,8130.98
2026-06-28 04:00:00,8130.57,8135.63,8075.25,8133.13
2026-06-28 05:00:00,8133.25,8176.85,8127.25,8140.93
2026-06-28 06:00:00,8141.22,8189.4,8109.3,8173.26
2026-06-28 07:00:00,8173.68,8179.74,8137.19,8138.71
2026-06-28 08:00:00,8138.38,8139.0,8059.2,8107.28
2026-06-28 09:00:00,8107.48,8107.48,8028.84,8036.25
2026-06-28 10:00:00,8035.85,8076.25,8017.39,8017.39
2026-06-28 11:00:00,8017.11,8100.14,8007.85,8049.38
2026-06-28 12:00:00,8049.9,8057.51,8013.48,8025.47
2026-06-28 13:00:00,8025.42,8062.74,8010.9,8028.63
2026-06-28 14:00:00,8028.69,8055.65,8000.92,8004.8
2026-06-28 15:00:00,8004.66,8073.17,8001.14,8071.89
2026-06-28 16:00:00,8071.65,8076.04,8040.18,8061.28
2026-06-28 17:00:00,8061.58,8224.83,8045.27,8220.81
2026-06-28 18:00:00,8220.7,8244.09,8210.06,8225.85
2026-06-28 19:00:00,8226.82,8259.24,8217.47,8225.55
2026-06-28 20:00:00,8225.44,8291.97,8200.41,8291.5
2026-06-28 21:00:00,8291.07,8333.41,8269.96,8332.75
2026-06-28 22:00:00,8332.75,8416.09,8323.8,8399.57
2026-06-28 23:00:00,8399.14,8404.31,8340.48,8341.1
2026-06-29 00:00:00,8341.42,8347.82,8290.38,8323.94
2026-06-29 01:00:00,8323.71,8404.7,8323.15,8381.43
2026-06-29 02:00:00,8381.91,8424.28,8361.81,8391.27
2026-06-29 03:00:00,8391.33,8434.25,8346.48,8419.02
2026-06-29 04:00:00,8418.89,8424.29,8370.81,8381.81
2026-06-29 05:00:00,8381.71,8385.46,8319.34,8344.74
2026-06-29 06:00:00,8344.44,8365.98,8311.3,8360.67
2026-06-29 07:00:00,8360.35,8360.35,8285.93,8316.14
2026-06-29 08:00:00,8316.13,8362.95,8292.19,8354.11
2026-06-29 09:00:00,8353.94,8359.0,8308.26,8309.4
2026-06-29 10:00:00,8309.88,8310.18,8245.67,8259.36
2026-06-29 11:00:00,8259.6,8418.78,8245.35,8409.46
2026-06-29 12:00:00,8409.44,8411.75,8376.8,8392.48
2026-06-29 13:00:00,8392.96,8394.22,8309.85,8311.02
2026-06-29 14:00:00,8311.17,8407.71,8286.19,8373.03
2026-06-29 15:00:00,8373.41,8377.37,8324.49,8336.3
2026-06-29 16:00:00,8336.28,8358.97,8315.35,8316.73
2026-06-29 17:00:00,8316.62,8327.53,8272.03,8272.03
2026-06-29 18:00:00,8271.9,8305.56,8242.89,8301.04
2026-06-29 19:00:00,8300.6,8309.7,8261.19,8274.28
2026-06-29 20:00:00,8274.33,8302.61,8230.28,8284.96
2026-06-29 21:00:00,8284.73,8394.05,8251.16,8388.27
2026-06-29 22:00:00,8388.57,8422.53,8359.23,8422.37
2026-06-29 23:00:00,8422.39,8461.3,8414.52,8436.76
2026-06-30 00:00:00,8436.0,8436.0,8371.94,8404.04
2026-06-30 01:00:00,8403.9,8446.16,8360.32,8360.38
2026-06-30 02:00:00,8360.43,8376.92,8327.46,8328.02
2026-06-30 03:00:00,8328.22,8344.66,8314.1,8316.47
2026-06-30 04:00:00,8316.47,8353.04,8270.37,8271.57
2026-06-30 05:00:00,8271.98,8274.29,8168.83,8170.75
2026-06-30 06:00:00,8170.27,8272.84,8168.92,8242.72
2026-06-30 07:00:00,8242.72,8243.92,8179.24,8226.6
2026-06-30 08:00:00,8226.69,8269.04,8217.96,8232.31
2026-06-30 09:00:00,8232.51,8285.06,8187.97,8264.21
2026-06-30 10:00:00,8263.98,8280.06,8241.54,8264.81
2026-06-30 11:00:00,8264.8,8334.75,8264.8,8327.73
2026-06-30 12:00:00,8327.66,8377.82,8325.99,8337.94
2026-06-30 13:00:00,8338.41,8376.94,8322.38,8325.63
2026-06-30 14:00:00,8325.66,8398.91,8321.59,8322.95
2026-06-30 15:00:00,8322.98,8352.04,8281.62,8281.95
2026-06-30 16:00:00,8281.74,8294.41,8235.05,8252.55
2026-06-30 17:00:00,8252.66,8253.29,8200.82,8220.6
2026-06-30 18:00:00,8220.56,8250.52,8211.64,8218.54
2026-06-30 19:00:00,8218.23,8218.96,8153.8,8200.24
2026-06-30 20:00:00,8200.36,8211.55,8159.64,8180.37
2026-06-30 21:00:00,8180.06,8182.54,8090.19,8090.23
2026-06-30 22:00:00,8090.36,8091.24,8053.89,8065.38
2026-06-30 23:00:00,8065.22,8099.59,8054.1,8085.69
2026-07-01 00:00:00,8085.54,8107.56,8041.23,8098.99
2026-07-01 01:00:00,8098.7,8112.69,8064.58,8074.3
2026-07-01 02:00:00,8074.27,8174.87,8066.05,8163.16
2026-07-01 03:00:00,8163.06,8240.27,8115.93,8225.99
2026-07-01 04:00:00,8225.73,8231.72,8186.52,8217.63
2026-07-01 05:00:00,8217.36,8221.74,8153.62,8154.67
2026-07-01 06:00:00,8154.68,8154.68,8082.9,8111.35
2026-07-01 07:00:00,8110.92,8247.01,8107.56,8189.36
2026-07-01 08:00:00,8189.69,8193.94,8110.75,8128.14
2026-07-01 09:00:00,8128.43,8152.66,8073.13,8075.54
2026-07-01 10:00:00,8075.56,8158.96,8062.0,8114.22
2026-07-01 11:00:00,8114.1,8179.0,8103.21,8152.53
2026-07-01 12:00:00,8152.12,8152.12,8094.35,8095.09
2026-07-01 13:00:00,8095.14,8104.9,8020.73,8022.13
2026-07-01 14:00:00,8022.47,8077.55,8018.72,8052.63
2026-07-01 15:00:00,8052.76,8056.16,8016.74,8016.74
2026-07-01 16:00:00,8016.93,8020.94,7985.38,7985.51
2026-07-01 17:00:00,7986.08,8078.36,7942.94,8065.43
2026-07-01 18:00:00,8065.82,8075.82,8045.85,8058.34
2026-07-01 19:00:00,8057.99,8102.11,8045.54,8066.85
2026-07-01 20:00:00,8066.53,8124.54,8050.74,8085.46
2026-07-01 21:00:00,8085.45,8097.15,8048.36,8088.2
2026-07-01 22:00:00,8088.22,8116.7,8057.81,8073.06
2026-07-01 23:00:00,8073.25,8081.17,8027.17,8050.63
2026-07-02 00:00:00,8050.39,8092.55,8027.04,8065.18
2026-07-02 01:00:00,8065.44,8124.38,8062.37,8084.16
2026-07-02 02:00:00,8083.98,8154.32,8033.62,8149.72
2026-07-02 03:00:00,8149.56,8190.62,8115.96,8156.47
2026-07-02 04:00:00,8156.26,8173.98,8115.43,8117.58
2026-07-02 05:00:00,8117.49,8120.46,8072.13,8082.67
2026-07-02 06:00:00,8081.93,8119.56,8066.92,8112.28
2026-07-02 07:00:00,8112.43,8230.98,8110.22,8224.74
2026-07-02 08:00:00,8224.55,8238.86,8161.55,8161.8
2026-07-02 09:00:00,8162.07,8268.41,8161.46,8215.61
2026-07-02 10:00:00,8215.9,8225.42,8168.16,8215.65
2026-07-02 11:00:00,8215.47,8218.24,8130.39,8215.21
2026-07-02 12:00:00,8215.36,8216.03,8170.63,8177.96
2026-07-02 13:00:00,8177.92,8181.49,8110.08,8120.28
2026-07-02 14:00:00,8119.97,8238.94,8104.84,8207.16
2026-07-02 15:00:00,8207.69,8266.18,8192.99,8225.88
2026-07-02 16:00:00,8225.37,8291.48,8219.14,8234.16
2026-07-02 17:00:00,8233.61,8237.74,8172.0,8200.58
2026-07-02 18:00:00,8200.49,8206.76,8150.83,8151.51
2026-07-02 19:00:00,8151.51,8181.62,8110.46,8110.57
2026-07-02 20:00:00,8110.7,8206.13,8086.96,8163.01
2026-07-02 21:00:00,8162.64,8166.26,8115.5,8123.48
2026-07-02 22:00:00,8123.33,8187.24,8116.06,8176.6
2026-07-02 23:00:00,8176.35,8189.87,8151.83,8152.75
2026-07-03 00:00:00,8152.72,8203.09,8139.73,8196.24
2026-07-03 01:00:00,8196.51,8247.31,8184.53,8204.7
2026-07-03 02:00:00,8204.64,8218.91,8163.32,8199.01
2026-07-03 03:00:00,8199.16,8284.6,8191.58,8235.59
2026-07-03 04:00:00,8235.75,8236.39,8197.2,8199.5
2026-07-03 05:00:00,8199.6,8234.1,8171.03,8219.13
2026-07-03 06:00:00,8219.35,8287.09,8200.06,8247.09
2026-07-03 07:00:00,8247.42,8294.76,8228.54,8282.09
2026-07-03 08:00:00,8281.82,8305.98,8243.4,8278.04
2026-07-03 09:00:00,8277.5,8301.97,8252.38,8293.49
2026-07-03 10:00:00,8293.67,8377.31,8255.66,8374.24
2026-07-03 11:00:00,8374.23,8472.8,8356.19,8460.09
2026-07-03 12:00:00,8460.0,8461.19,8382.08,8387.69
2026-07-03 13:00:00,8387.56,8390.12,8340.18,8340.84
2026-07-03 14:00:00,8341.25,8377.01,8316.49,8368.54
2026-07-03 15:00:00,8368.91,8401.02,8351.26,8381.01
2026-07-03 16:00:00,8380.82,8506.44,8367.3,8483.42
2026-07-03 17:00:00,8483.19,8489.52,8444.26,8462.17
2026-07-03 18:00:00,8462.2,8602.23,8454.73,8588.13
2026-07-03 19:00:00,8587.72,8621.04,8577.21,8602.43
2026-07-03 20:00:00,8602.4,8721.67,8575.16,8718.79
2026-07-03 21:00:00,8719.43,8765.24,8713.96,8727.52
2026-07-03 22:00:00,8727.99,8762.47,8691.4,8725.6
2026-07-03 23:00:00,8726.05,8739.6,8694.16,8700.86
2026-07-04 00:00:00,8700.96,8753.83,8687.99,8695.57
2026-07-04 01:00:00,8696.32,8697.32,8602.51,8604.08
2026-07-04 02:00:00,8604.23,8617.33,8571.73,8589.83
2026-07-04 03:00:00,8589.14,8704.83,8585.87,8687.81
2026-07-04 04:00:00,8687.36,8689.89,8648.58,8653.96
2026-07-04 05:00:00,8654.09,8668.02,8627.9,8653.04
2026-07-04 06:00:00,8652.96,8689.43,8613.49,8631.68
2026-07-04 07:00:00,8631.36,8631.36,8543.94,8548.43
2026-07-04 08:00:00,8548.66,8581.8,8535.19,8561.92
2026-07-04 09:00:00,8561.67,8583.85,8522.98,8531.74
2026-07-04 10:00:00,8531.46,8676.15,8530.7,8669.59
2026-07-04 11:00:00,8668.95,8775.63,8651.81,8759.31
2026-07-04 12:00:00,8759.01,8866.82,8756.59,8863.41
2026-07-04 13:00:00,8863.41,8898.89,8794.92,8884.5
2026-07-04 14:00:00,8884.17,8884.38,8832.98,8851.24
2026-07-04 15:00:00,8851.6,8852.59,8801.08,8820.18
2026-07-04 16:00:00,8820.68,8914.01,8802.71,8873.15
2026-07-04 17:00:00,8872.95,8896.46,8845.38,8849.36
2026-07-04 18:00:00,8849.23,8917.85,8819.83,8900.47
2026-07-04 19:00:00,8899.77,8958.88,8838.75,8946.96
2026-07-04 20:00:00,8946.51,8961.52,8908.41,8944.02
2026-07-04 21:00:00,8944.04,9016.72,8893.61,9003.81
2026-07-04 22:00:00,9003.82,9041.49,9003.26,9020.5
2026-07-04 23:00:00,9020.82,9077.89,9019.19,9053.39
2026-07-05 00:00:00,9053.34,9053.63,8998.89,9025.27
2026-07-05 01:00:00,9025.12,9045.64,8986.49,8986.74
2026-07-05 02:00:00,8986.74,9004.42,8969.82,8987.62
2026-07-05 03:00:00,8987.66,8988.52,8907.88,8911.69
2026-07-05 04:00:00,8912.05,8914.21,8843.43,8886.17
2026-07-05 05:00:00,8886.47,8902.41,8834.5,8897.4
2026-07-05 06:00:00,8897.91,8898.0,8835.07,8837.78
2026-07-05 07:00:00,8837.95,8837.95,8763.04,8829.76
2026-07-05 08:00:00,8829.75,8903.76,8827.92,8900.92
2026-07-05 09:00:00,8901.1,8901.3,8805.48,8806.54
2026-07-05 10:00:00,8806.93,8940.79,8790.09,8907.68
2026-07-05 11:00:00,8907.79,8908.26,8848.7,8849.45
2026-07-05 12:00:00,8849.59,8857.94,8809.01,8843.09
2026-07-05 13:00:00,8842.68,8900.5,8836.82,8898.6
2026-07-05 14:00:00,8897.96,8899.11,8801.51,8802.93
2026-07-05 15:00:00,8802.78,8807.23,8756.11,8783.38
2026-07-05 16:00:00,8782.51,8885.53,8780.25,8876.14
2026-07-05 17:00:00,8876.15,8975.18,8837.46,8939.61
2026-07-05 18:00:00,8939.99,8939.99,8884.75,8887.38
2026-07-05 19:00:00,8887.16,8911.98,8814.81,8897.98
2026-07-05 20:00:00,8897.6,8901.19,8815.62,8819.21
2026-07-05 21:00:00,8819.01,8859.34,8794.95,8796.27
2026-07-05 22:00:00,8796.35,8870.72,8787.23,8827.49
2026-07-05 23:00:00,8827.58,8829.69,8770.55,8770.81
2026-07-06 00:00:00,8770.44,8773.93,8719.69,8750.52
2026-07-06 01:00:00,8750.35,8768.88,8706.3,8720.58
2026-07-06 02:00:00,8720.65,8721.37,8625.9,8627.74
2026-07-06 03:00:00,8627.95,8698.29,8627.26,8638.69
2026-07-06 04:00:00,8638.71,8667.67,8591.8,8661.92
2026-07-06 05:00:00,8661.91,8766.53,8636.41,8748.44
2026-07-06 06:00:00,8748.24,8797.46,8734.54,8736.02
2026-07-06 07:00:00,8736.4,8746.05,8707.33,8710.41
2026-07-06 08:00:00,8710.43,8732.79,8693.3,8725.62
2026-07-06 09:00:00,8725.8,8749.55,8688.93,8726.33
2026-07-06 10:00:00,8726.74,8751.89,8707.16,8708.83
2026-07-06 11:00:00,8708.73,8729.05,8685.94,8710.99
2026-07-06 12:00:00,8711.34,8879.22,8700.22,8877.32
2026-07-06 13:00:00,8877.49,9004.62,8875.18,9001.89
2026-07-06 14:00:00,9001.79,9001.89,8946.89,8946.92
2026-07-06 15:00:00,8946.93,9183.82,8945.86,9117.21
2026-07-06 16:00:00,9117.05,9260.77,9105.14,9227.19
2026-07-06 17:00:00,9226.97,9228.0,9182.92,9203.93
2026-07-06 18:00:00,9203.11,9211.07,9138.15,9141.91
2026-07-06 19:00:00,9141.88,9215.09,9117.67,9211.01
2026-07-06 20:00:00,9211.57,9251.94,9176.1,9176.1
2026-07-06 21:00:00,9175.88,9221.8,9145.41,9202.55
2026-07-06 22:00:00,9202.59,9209.14,9153.47,9164.63
2026-07-06 23:00:00,9164.14,9166.79,9102.79,9103.73
2026-07-07 00:00:00,9104.11,9127.94,9056.68,9109.41
2026-07-07 01:00:00,9109.18,9186.15,9101.3,9134.23
2026-07-07 02:00:00,9134.54,9148.65,9088.68,9126.26
2026-07-07 03:00:00,9126.7,9178.5,9088.14,9171.32
2026-07-07 04:00:00,9171.52,9206.04,9135.92,9193.98
2026-07-07 05:00:00,9193.47,9207.4,9141.88,9154.08
2026-07-07 06:00:00,9154.58,9158.67,9100.11,9100.11
2026-07-07 07:00:00,9100.73,9100.83,9033.2,9064.2
2026-07-07 08:00:00,9064.76,9082.86,9002.61,9003.52
2026-07-07 09:00:00,9003.45,9020.49,8968.07,8975.84
2026-07-07 10:00:00,8975.75,9014.68,8938.64,8999.99
2026-07-07 11:00:00,9000.0,9053.13,8961.75,8962.21
2026-07-07 12:00:00,8961.91,8964.11,8890.11,8891.08
2026-07-07 13:00:00,8890.91,8992.29,8856.71,8970.36
2026-07-07 14:00:00,8970.24,9029.05,8916.9,9016.44
2026-07-07 15:00:00,9016.99,9075.56,8976.94,9066.75
2026-07-07 16:00:00,9066.93,9102.4,9024.89,9071.48
2026-07-07 17:00:00,9071.4,9102.59,9027.26,9029.36
2026-07-07 18:00:00,9028.79,9129.15,8985.9,9125.94
2026-07-07 19:00:00,9126.59,9213.52,9122.77,9199.66
2026-07-07 20:00:00,9199.48,9290.8,9166.74,9279.49
2026-07-07 21:00:00,9279.84,9294.03,9177.47,9181.73
2026-07-07 22:00:00,9182.0,9198.17,9150.31,9165.76
2026-07-07 23:00:00,9165.88,9230.86,9149.97,9213.72
2026-07-08 00:00:00,9214.45,9259.07,9202.02,9222.57
2026-07-08 01:00:00,9222.4,9273.33,9207.54,9210.89
2026-07-08 02:00:00,9210.94,9213.29,9170.0,9171.46
2026-07-08 03:00:00,9171.53,9255.73,9171.53,9228.73
2026-07-08 04:00:00,9228.92,9228.92,9148.72,9157.34
2026-07-08 05:00:00,9157.44,9275.28,9148.89,9264.16
2026-07-08 06:00:00,9264.72,9268.26,9188.02,9189.89
2026-07-08 07:00:00,9189.53,9191.7,9138.43,9149.26
2026-07-08 08:00:00,9148.98,9222.48,9086.94,9203.04
2026-07-08 09:00:00,9203.46,9205.42,9158.97,9158.97
2026-07-08 10:00:00,9159.37,9163.76,9084.95,9099.52
2026-07-08 11:00:00,9099.72,9102.09,9050.8,9050.8
2026-07-08 12:00:00,9051.25,9092.01,9012.14,9012.45
2026-07-08 13:00:00,9011.84,9088.54,9006.12,9080.14
2026-07-08 14:00:00,9080.0,9096.25,9030.97,9032.12
2026-07-08 15:00:00,9032.1,9174.08,9027.34,9143.91
2026-07-08 16:00:00,9144.3,9167.22,9115.15,9115.23
2026-07-08 17:00:00,9115.22,9248.56,9110.76,9216.15
2026-07-08 18:00:00,9215.83,9272.36,9188.45,9263.62
2026-07-08 19:00:00,9263.91,9315.13,9222.19,9246.91
2026-07-08 20:00:00,9246.31,9318.97,9243.09,9286.58
2026-07-08 21:00:00,9286.32,9356.36,9271.78,9353.05
2026-07-08 22:00:00,9353.23,9470.23,9308.97,9467.02
2026-07-08 23:00:00,9466.96,9625.13,9448.66,9623.69
2026-07-09 00:00:00,9623.33,9787.05,9613.32,9787.05
2026-07-09 01:00:00,9787.06,9804.66,9728.2,9732.11
2026-07-09 02:00:00,9731.83,9743.19,9693.88,9706.09
2026-07-09 03:00:00,9706.18,9710.49,9596.86,9602.54
2026-07-09 04:00:00,9602.89,9616.76,9536.68,9546.07
2026-07-09 05:00:00,9545.63,9549.3,9513.31,9513.8
2026-07-09 06:00:00,9513.35,9517.4,9441.38,9462.6
2026-07-09 07:00:00,9463.23,9594.65,9434.65,9587.99
2026-07-09 08:00:00,9588.18,9591.8,9491.8,9495.67
2026-07-09 09:00:00,9495.51,9597.92,9450.8,9589.71
2026-07-09 10:00:00,9589.76,9594.77,9527.88,9549.41
2026-07-09 11:00:00,9549.4,9620.8,9539.7,9602.08
2026-07-09 12:00:00,9602.23,9632.26,9546.27,9623.81
2026-07-09 13:00:00,9623.66,9709.32,9584.82,9676.5
2026-07-09 14:00:00,9676.48,9676.58,9595.86,9599.24
2026-07-09 15:00:00,9599.78,9601.19,9523.56,9560.34
2026-07-09 16:00:00,9560.23,9656.47,9560.07,9636.92
2026-07-09 17:00:00,9636.56,9646.64,9577.37,9613.18
2026-07-09 18:00:00,9613.03,9623.71,9567.03,9612.39
2026-07-09 19:00:00,9612.01,9696.07,9601.88,9681.68
2026-07-09 20:00:00,9682.01,9729.04,9668.67,9721.51
2026-07-09 21:00:00,9721.71,9979.64,9720.26,9954.71
2026-07-09 22:00:00,9955.18,9970.33,9916.3,9950.56
2026-07-09 23:00:00,9950.03,9950.45,9899.81,9911.39
2026-07-10 00:00:00,9911.48,9917.13,9857.28,9860.34
2026-07-10 01:00:00,9859.97,10035.84,9856.68,10030.5
2026-07-10 02:00:00,10031.18,10033.83,9951.01,9981.45
2026-07-10 03:00:00,9981.0,9981.73,9922.31,9945.45
2026-07-10 04:00:00,9945.82,9948.03,9844.04,9866.19
2026-07-10 05:00:00,9866.19,9867.43,9810.83,9828.69
2026-07-10 06:00:00,9828.84,9832.27,9736.75,9743.83
2026-07-10 07:00:00,9743.99,9832.97,9695.55,9803.27
2026-07-10 08:00:00,9802.94,9806.24,9734.49,9736.37
2026-07-10 09:00:00,9736.79,9737.33,9636.16,9700.92
2026-07-10 10:00:00,9700.87,9741.46,9682.6,9698.86
2026-07-10 11:00:00,9699.45,9753.44,9662.16,9705.86
2026-07-10 12:00:00,9706.31,9706.56,9635.14,9636.84
2026-07-10 13:00:00,9636.75,9668.05,9571.44,9571.75
2026-07-10 14:00:00,9571.72,9605.09,9555.66,9559.98
2026-07-10 15:00:00,9560.27,9668.06,9550.12,9656.06
2026-07-10 16:00:00,9655.61,9668.85,9630.91,9632.59
2026-07-10 17:00:00,9632.22,9662.98,9586.42,9631.39
2026-07-10 18:00:00,9630.89,9758.42,9627.05,9702.72
2026-07-10 19:00:00,9702.54,9740.51,9685.46,9735.25
2026-07-10 20:00:00,9734.65,9736.02,9641.9,9648.62
2026-07-10 21:00:00,9648.92,9730.4,9623.28,9712.26
2026-07-10 22:00:00,9712.05,9911.0,9705.37,9894.97
2026-07-10 23:00:00,9895.37,9947.86,9869.48,9912.01
2026-07-11 00:00:00,9912.13,9913.02,9842.53,9857.57
2026-07-11 01:00:00,9856.82,9889.65,9824.23,9869.71
2026-07-11 02:00:00,9869.97,9891.81,9837.75,9845.75
2026-07-11 03:00:00,9845.68,9853.4,9807.23,9807.8
2026-07-11 04:00:00,9807.78,9808.42,9748.47,9757.53
2026-07-11 05:00:00,9757.39,9870.4,9754.68,9779.02
2026-07-11 06:00:00,9778.83,9782.41,9743.31,9749.57
2026-07-11 07:00:00,9749.32,9819.25,9745.87,9774.53
2026-07-11 08:00:00,9774.59,9784.69,9705.51,9705.95
2026-07-11 09:00:00,9705.66,9814.91,9695.47,9812.16
2026-07-11 10:00:00,9812.41,9896.26,9785.84,9871.85
2026-07-11 11:00:00,9871.75,9921.79,9838.33,9907.54
2026-07-11 12:00:00,9908.18,9923.26,9853.05,9921.78
2026-07-11 13:00:00,9922.02,9927.01,9868.62,9901.14
2026-07-11 14:00:00,9901.51,9914.71,9884.72,9903.64
2026-07-11 15:00:00,9903.44,9904.19,9840.98,9863.26
2026-07-11 16:00:00,9862.85,9899.07,9824.2,9893.79
2026-07-11 17:00:00,9894.23,9898.08,9793.21,9800.13
2026-07-11 18:00:00,9800.35,9816.51,9749.65,9813.13
2026-07-11 19:00:00,9812.6,9873.41,9796.54,9864.96
2026-07-11 20:00:00,9863.92,9914.79,9840.59,9849.57
2026-07-11 21:00:00,9849.63,9862.62,9778.56,9815.03
2026-07-11 22:00:00,9814.79,9816.19,9741.65,9789.51
2026-07-11 23:00:00,9789.37,9835.69,9742.86,9792.63
2026-07-12 00:00:00,9792.75,9793.18,9688.23,9689.73
2026-07-12 01:00:00,9689.45,9777.04,9674.95,9681.72
2026-07-12 02:00:00,9681.81,9706.79,9609.4,9614.08
2026-07-12 03:00:00,9614.25,9648.24,9599.12,9621.57
2026-07-12 04:00:00,9621.12,9635.76,9565.53,9621.3
2026-07-12 05:00:00,9620.87,9735.84,9597.58,9703.59
2026-07-12 06:00:00,9703.04,9788.76,9642.95,9777.91
2026-07-12 07:00:00,9778.22,9779.66,9703.51,9768.96
2026-07-12 08:00:00,9768.86,9819.51,9736.88,9793.9
2026-07-12 09:00:00,9794.22,9825.84,9757.47,9758.32
2026-07-12 10:00:00,9758.52,9872.57,9744.91,9861.25
2026-07-12 11:00:00,9860.63,9926.96,9813.12,9882.82
2026-07-12 12:00:00,9882.69,9897.12,9836.13,9870.41
2026-07-12 13:00:00,9870.02,9967.89,9845.78,9951.89
2026-07-12 14:00:00,9952.23,10116.27,9939.45,10065.89
2026-07-12 15:00:00,10065.59,10136.77,10025.53,10133.74
2026-07-12 16:00:00,10133.72,10214.12,10130.92,10152.49
2026-07-12 17:00:00,10152.51,10152.51,10055.64,10061.79
2026-07-12 18:00:00,10062.14,10343.79,10054.43,10307.2
2026-07-12 19:00:00,10306.74,10340.83,10271.9,10290.38
2026-07-12 20:00:00,10290.06,10361.42,10279.7,10337.72
2026-07-12 21:00:00,10338.08,10339.15,10258.74,10274.5
2026-07-12 22:00:00,10274.96,10303.71,10238.09,10246.8
2026-07-12 23:00:00,10246.91,10261.39,10198.32,10239.27
2026-07-13 00:00:00,10239.71,10266.45,10196.85,10201.64
2026-07-13 01:00:00,10201.95,10223.21,10181.12,10201.88
2026-07-13 02:00:00,10201.4,10430.92,10186.18,10411.14
2026-07-13 03:00:00,10411.28,10411.45,10330.59,10384.18
2026-07-13 04:00:00,10383.23,10387.44,10322.01,10324.32
2026-07-13 05:00:00,10324.67,10419.02,10301.04,10404.58
2026-07-13 06:00:00,10404.63,10596.13,10403.02,10559.45
2026-07-13 07:00:00,10558.9,10615.36,10516.87,10573.53
2026-07-13 08:00:00,10573.37,10576.97,10470.58,10542.75
2026-07-13 09:00:00,10542.04,10542.52,10443.53,10462.55
2026-07-13 10:00:00,10462.28,10487.8,10444.7,10447.98
2026-07-13 11:00:00,10447.93,10469.47,10408.49,10410.98
2026-07-13 12:00:00,10410.37,10411.83,10363.97,10374.83
2026-07-13 13:00:00,10374.75,10375.38,10284.91,10322.97
2026-07-13 14:00:00,10322.59,10415.59,10314.99,10377.82
2026-07-13 15:00:00,10377.56,10414.08,10351.93,10401.17
2026-07-13 16:00:00,10401.37,10438.31,10363.4,10365.03
2026-07-13 17:00:00,10365.32,10369.16,10292.13,10364.12
2026-07-13 18:00:00,10364.02,10392.34,10339.17,10390.16
2026-07-13 19:00:00,10389.63,10550.15,10388.04,10477.75
2026-07-13 20:00:00,10477.44,10515.79,10453.85,10483.62
2026-07-13 21:00:00,10483.89,10488.93,10424.16,10446.06
2026-07-13 22:00:00,10446.91,10586.45,10427.86,10551.4
2026-07-13 23:00:00,10551.44,10591.76,10516.44,10516.99
2026-07-14 00:00:00,10516.67,10649.57,10488.49,10635.12
2026-07-14 01:00:00,10634.53,10643.12,10589.65,10631.85
2026-07-14 02:00:00,10631.98,10719.37,10608.82,10677.5
2026-07-14 03:00:00,10677.53,10678.25,10592.64,10607.1
2026-07-14 04:00:00,10607.32,10673.92,10585.97,10586.63
2026-07-14 05:00:00,10586.4,10792.1,10578.84,10781.38
2026-07-14 06:00:00,10781.8,10849.63,10771.69,10845.38
2026-07-14 07:00:00,10845.24,10864.56,10776.48,10777.44
2026-07-14 08:00:00,10777.36,10819.4,10735.06,10781.71
2026-07-14 09:00:00,10781.34,10811.79,10751.02,10799.98
2026-07-14 10:00:00,10800.21,10913.41,10786.58,10891.44
2026-07-14 11:00:00,10891.49,10897.31,10827.64,10828.66
2026-07-14 12:00:00,10829.02,10886.85,10796.91,10861.37
2026-07-14 13:00:00,10861.43,10881.38,10845.14,10859.95
2026-07-14 14:00:00,10860.25,10861.45,10719.21,10721.41
2026-07-14 15:00:00,10721.12,10723.06,10660.12,10665.56
2026-07-14 16:00:00,10665.9,10688.03,10628.16,10632.56
2026-07-14 17:00:00,10633.1,10669.39,10624.41,10653.45
2026-07-14 18:00:00,10652.77,10770.53,10650.88,10758.82
2026-07-14 19:00:00,10758.65,10846.49,10707.62,10839.68
2026-07-14 20:00:00,10839.53,10953.23,10831.48,10846.68
2026-07-14 21:00:00,10846.42,10904.04,10824.77,10903.87
2026-07-14 22:00:00,10903.67,10905.09,10846.67,10855.67
2026-07-14 23:00:00,10856.06,10861.45,10743.08,10743.08
2026-07-15 00:00:00,10743.07,10747.74,10648.61,10681.94
2026-07-15 01:00:00,10681.13,10870.34,10678.31,10862.87
2026-07-15 02:00:00,10862.46,10862.49,10696.8,10697.32
2026-07-15 03:00:00,10697.33,10737.82,10674.26,10716.66
2026-07-15 04:00:00,10716.81,10720.26,10667.59,10692.85
2026-07-15 05:00:00,10693.18,10725.14,10657.5,10703.77
2026-07-15 06:00:00,10703.72,10740.05,10701.53,10708.9
2026-07-15 07:00:00,10709.55,10718.4,10649.21,10657.95
2026-07-15 08:00:00,10658.87,10667.13,10615.12,10646.74
2026-07-15 09:00:00,10646.23,10700.43,10612.26,10675.2
2026-07-15 10:00:00,10674.44,10690.92,10568.49,10590.19
2026-07-15 11:00:00,10589.97,10743.98,10587.36,10726.57
2026-07-15 12:00:00,10725.91,10744.38,10648.63,10649.88
2026-07-15 13:00:00,10649.53,10673.42,10587.15,10587.15
2026-07-15 14:00:00,10586.82,10589.38,10508.67,10510.3
2026-07-15 15:00:00,10509.93,10577.31,10506.92,10553.13
2026-07-15 16:00:00,10553.28,10556.45,10470.7,10483.01
2026-07-15 17:00:00,10483.25,10500.42,10418.92,10420.26
2026-07-15 18:00:00,10420.33,10450.01,10403.52,10403.52
2026-07-15 19:00:00,10403.54,10433.19,10351.04,10430.52
2026-07-15 20:00:00,10430.7,10445.81,10374.35,10375.05
2026-07-15 21:00:00,10374.47,10453.89,10336.68,10436.07
2026-07-15 22:00:00,10436.43,10532.25,10420.21,10517.0
2026-07-15 23:00:00,10517.57,10556.67,10464.89,10544.92
2026-07-16 00:00:00,10545.23,10547.89,10481.44,10505.38
2026-07-16 01:00:00,10505.02,10505.02,10415.14,10449.62
2026-07-16 02:00:00,10449.43,10451.3,10398.95,10434.7
2026-07-16 03:00:00,10434.64,10486.83,10392.08,10458.09
2026-07-16 04:00:00,10458.75,10479.52,10382.57,10383.79
2026-07-16 05:00:00,10383.61,10462.91,10370.64,10454.69
2026-07-16 06:00:00,10455.0,10515.11,10439.58,10478.15
2026-07-16 07:00:00,10477.71,10479.86,10392.63,10416.73
2026-07-16 08:00:00,10416.84,10417.61,10311.03,10314.79
2026-07-16 09:00:00,10314.13,10340.41,10242.87,10332.22
2026-07-16 10:00:00,10332.07,10390.28,10304.94,10377.66
2026-07-16 11:00:00,10378.35,10384.54,10299.89,10302.44
2026-07-16 12:00:00,10302.51,10303.13,10209.29,10212.01
2026-07-16 13:00:00,10212.49,10324.54,10184.74,10289.78
2026-07-16 14:00:00,10289.96,10336.68,10236.58,10331.78
2026-07-16 15:00:00,10331.63,10418.97,10314.29,10357.86
2026-07-16 16:00:00,10358.22,10483.49,10349.66,10478.11
2026-07-16 17:00:00,10478.3,10483.87,10416.39,10434.7
2026-07-16 18:00:00,10433.9,10505.05,10388.29,10499.93
2026-07-16 19:00:00,10500.63,10501.23,10406.24,10406.24
2026-07-16 20:00:00,10406.21,10406.81,10322.9,10368.72
2026-07-16 21:00:00,10369.16,10506.73,10352.24,10479.01
2026-07-16 22:00:00,10479.44,10500.78,10389.41,10390.06
2026-07-16 23:00:00,10389.96,10477.58,10382.37,10476.41
2026-07-17 00:00:00,10476.35,10477.8,10404.79,10404.79
2026-07-17 01:00:00,10405.16,10428.3,10342.51,10355.77
2026-07-17 02:00:00,10355.55,10422.95,10325.09,10388.61
2026-07-17 03:00:00,10388.33,10602.39,10388.33,10507.77
2026-07-17 04:00:00,10508.23,10526.23,10429.47,10430.38
2026-07-17 05:00:00,10430.24,10433.07,10341.13,10355.38
2026-07-17 06:00:00,10354.94,10395.06,10309.87,10364.54
2026-07-17 07:00:00,10364.4,10410.08,10340.2,10346.97
2026-07-17 08:00:00,10346.8,10399.21,10312.01,10317.77
2026-07-17 09:00:00,10318.25,10444.08,10313.41,10439.72
2026-07-17 10:00:00,10439.95,10439.95,10335.85,10336.11
2026-07-17 11:00:00,10336.46,10342.35,10260.22,10292.44
2026-07-17 12:00:00,10292.26,10372.51,10254.59,10349.24
2026-07-17 13:00:00,10349.41,10383.7,10267.5,10302.23
2026-07-17 14:00:00,10302.23,10303.73,10252.61,10287.16
2026-07-17 15:00:00,10287.58,10504.85,10284.62,10497.49
2026-07-17 16:00:00,10498.69,10499.96,10427.46,10483.25
2026-07-17 17:00:00,10482.77,10509.42,10456.04,10479.15
2026-07-17 18:00:00,10478.01,10546.32,10456.24,10507.06
2026-07-17 19:00:00,10507.47,10507.47,10401.01,10401.85
2026-07-17 20:00:00,10400.95,10406.32,10362.31,10362.8
2026-07-17 21:00:00,10363.06,10473.78,10360.55,10464.2
2026-07-17 22:00:00,10464.58,10557.89,10413.64,10557.89
2026-07-17 23:00:00,10558.28,10566.71,10520.67,10546.19
2026-07-18 00:00:00,10545.7,10612.29,10506.97,10518.76
2026-07-18 01:00:00,10517.92,10608.07,10494.93,10594.47
2026-07-18 02:00:00,10593.9,10613.29,10545.35,10588.32
2026-07-18 03:00:00,10588.45,10590.87,10505.86,10505.86
2026-07-18 04:00:00,10506.07,10514.05,10453.18,10479.6
2026-07-18 05:00:00,10479.65,10552.03,10456.9,10519.55
2026-07-18 06:00:00,10519.22,10609.92,10518.94,10583.97
2026-07-18 07:00:00,10583.73,10584.06,10506.21,10509.68
2026-07-18 08:00:00,10509.67,10587.95,10449.57,10586.98
2026-07-18 09:00:00,10586.96,10622.87,10539.22,10605.63
2026-07-18 10:00:00,10605.59,10606.09,10556.9,10558.87
2026-07-18 11:00:00,10558.93,10570.65,10498.55,10556.35
2026-07-18 12:00:00,10556.49,10572.34,10496.03,10512.58
2026-07-18 13:00:00,10512.18,10548.76,10472.71,10473.13
2026-07-18 14:00:00,10472.8,10477.54,10395.83,10396.06
2026-07-18 15:00:00,10396.53,10396.92,10323.42,10351.1
2026-07-18 16:00:00,10350.5,10500.83,10344.22,10494.02
2026-07-18 17:00:00,10493.6,10588.93,10492.42,10550.18
2026-07-18 18:00:00,10550.5,10597.05,10530.39,10542.84
2026-07-18 19:00:00,10543.15,10573.69,10518.81,10553.99
2026-07-18 20:00:00,10554.26,10628.43,10536.8,10610.88
2026-07-18 21:00:00,10611.24,10612.3,10530.89,10593.24
2026-07-18 22:00:00,10593.66,10727.89,10591.92,10709.82
2026-07-18 23:00:00,10710.4,10714.05,10615.5,10695.84
2026-07-19 00:00:00,10695.33,10695.33,10621.89,10622.83
2026-07-19 01:00:00,10621.91,10621.91,10562.42,10589.95
2026-07-19 02:00:00,10589.52,10598.72,10560.36,10568.75
2026-07-19 03:00:00,10568.48,10578.32,10526.11,10530.63
2026-07-19 04:00:00,10530.61,10531.73,10429.04,10429.1
2026-07-19 05:00:00,10428.85,10443.36,10344.37,10359.6
2026-07-19 06:00:00,10359.09,10414.99,10290.46,10393.66
2026-07-19 07:00:00,10393.87,10448.53,10328.13,10441.32
2026-07-19 08:00:00,10441.45,10475.53,10396.06,10413.19
2026-07-19 09:00:00,10412.81,10460.17,10389.65,10417.05
2026-07-19 10:00:00,10416.75,10417.81,10334.89,10335.27
2026-07-19 11:00:00,10334.26,10336.65,10266.24,10277.89
2026-07-19 12:00:00,10277.98,10325.04,10270.06,10281.56
2026-07-19 13:00:00,10281.38,10336.28,10237.66,10239.45
2026-07-19 14:00:00,10238.96,10279.64,10168.4,10172.52
2026-07-19 15:00:00,10172.09,10232.62,10139.11,10225.75
2026-07-19 16:00:00,10224.97,10247.1,10176.53,10199.53
2026-07-19 17:00:00,10199.3,10287.79,10153.12,10280.17
2026-07-19 18:00:00,10280.25,10437.63,10276.25,10390.85
2026-07-19 19:00:00,10390.45,10390.88,10270.78,10273.8
2026-07-19 20:00:00,10273.72,10308.07,10225.51,10299.23
2026-07-19 21:00:00,10299.41,10299.41,10186.16,10187.16
2026-07-19 22:00:00,10187.61,10193.02,10117.65,10171.97
2026-07-19 23:00:00,10172.05,10184.56,10091.63,10099.5
2026-07-20 00:00:00,10099.44,10168.66,10072.6,10167.4
2026-07-20 01:00:00,10167.11,10232.83,10161.21,10217.01
2026-07-20 02:00:00,10217.7,10241.54,10172.65,10233.81
2026-07-20 03:00:00,10234.44,10330.57,10223.54,10225.77
2026-07-20 04:00:00,10225.06,10299.01,10210.02,10219.63
2026-07-20 05:00:00,10219.29,10267.85,10182.15,10212.94
2026-07-20 06:00:00,10212.56,10233.03,10159.05,10198.71
2026-07-20 07:00:00,10198.22,10254.47,10177.87,10253.98
2026-07-20 08:00:00,10254.89,10256.05,10158.09,10158.09
2026-07-20 09:00:00,10157.83,10157.9,10100.68,10105.35
2026-07-20 10:00:00,10105.25,10111.1,10024.55,10034.18
2026-07-20 11:00:00,10034.42,10091.63,9979.0,10088.88
2026-07-20 12:00:00,10088.9,10158.42,10077.82,10151.42
2026-07-20 13:00:00,10151.4,10175.08,10105.35,10108.3
2026-07-20 14:00:00,10108.06,10149.44,10085.6,10128.43
2026-07-20 15:00:00,10128.3,10194.15,10104.68,10184.9
2026-07-20 16:00:00,10184.78,10226.32,10140.21,10197.91
2026-07-20 17:00:00,10198.41,10298.43,10189.52,10289.59
2026-07-20 18:00:00,10289.71,10323.48,10274.73,10281.52
2026-07-20 19:00:00,10281.4,10308.35,10252.27,10287.79
2026-07-20 20:00:00,10287.44,10346.94,10271.52,10318.47
2026-07-20 21:00:00,10317.81,10321.52,10276.47,10294.58
2026-07-20 22:00:00,10294.56,10342.16,10245.23,10245.6
2026-07-20 23:00:00,10245.32,10354.2,10230.01,10342.84
2026-07-21 00:00:00,10343.05,10369.48,10286.24,10307.6
2026-07-21 01:00:00,10307.25,10321.41,10240.78,10319.48
2026-07-21 02:00:00,10318.98,10355.61,10299.05,10332.19
2026-07-21 03:00:00,10331.8,10355.6,10262.3,10336.81
2026-07-21 04:00:00,10336.72,10336.88,10276.91,10292.3
2026-07-21 05:00:00,10292.29,10363.37,10287.71,10349.3
2026-07-21 06:00:00,10348.6,10392.0,10320.76,10327.65
2026-07-21 07:00:00,10327.53,10466.6,10285.34,10463.24
2026-07-21 08:00:00,10463.86,10524.28,10438.81,10505.84
2026-07-21 09:00:00,10506.26,10616.69,10475.16,10595.33
2026-07-21 10:00:00,10595.04,10599.55,10473.87,10484.8
2026-07-21 11:00:00,10484.55,10508.8,10444.2,10486.6
2026-07-21 12:00:00,10486.82,10610.85,10470.96,10608.76
2026-07-21 13:00:00,10608.24,10664.24,10574.37,10645.05
2026-07-21 14:00:00,10645.01,10763.69,10634.96,10695.19
2026-07-21 15:00:00,10694.38,10782.2,10633.38,10734.56
2026-07-21 16:00:00,10734.92,10829.43,10715.68,10823.26
2026-07-21 17:00:00,10822.74,11001.83,10811.53,11000.6
2026-07-21 18:00:00,11000.14,11095.7,10984.34,11037.85
2026-07-21 19:00:00,11037.41,11048.44,10978.87,11008.45
2026-07-21 20:00:00,11008.64,11012.33,10954.98,10955.28
2026-07-21 21:00:00,10954.41,10989.36,10934.79,10957.69
2026-07-21 22:00:00,10958.04,10982.11,10908.5,10940.13
2026-07-21 23:00:00,10939.7,10941.72,10838.14,10839.52
2026-07-22 00:00:00,10839.88,10933.44,10828.78,10893.49
2026-07-22 01:00:00,10893.43,10898.74,10831.29,10857.87
2026-07-22 02:00:00,10857.8,10891.34,10819.17,10819.39
2026-07-22 03:00:00,10819.86,10838.6,10754.65,10781.21
2026-07-22 04:00:00,10780.49,10782.02,10733.46,10744.0
2026-07-22 05:00:00,10743.35,10760.95,10698.63,10754.74
2026-07-22 06:00:00,10755.45,10761.3,10676.78,10751.59
2026-07-22 07:00:00,10752.04,10771.39,10710.2,10759.12
2026-07-22 08:00:00,10758.98,10780.01,10709.99,10710.52
2026-07-22 09:00:00,10711.4,10802.45,10709.07,10727.18
2026-07-22 10:00:00,10727.66,10757.46,10704.77,10708.66
2026-07-22 11:00:00,10708.58,10821.47,10707.74,10802.08
2026-07-22 12:00:00,10801.73,10801.73,10755.12,10764.54
2026-07-22 13:00:00,10764.41,10895.35,10722.55,10857.7
2026-07-22 14:00:00,10857.56,10865.29,10767.63,10787.13
2026-07-22 15:00:00,10787.45,10792.14,10728.27,10728.91
2026-07-22 16:00:00,10728.48,10743.99,10645.13,10667.28
2026-07-22 17:00:00,10667.7,10683.41,10615.97,10647.73
2026-07-22 18:00:00,10647.89,10714.66,10615.04,10682.45
2026-07-22 19:00:00,10682.23,10690.38,10597.39,10616.27
2026-07-22 20:00:00,10616.8,10679.11,10595.87,10627.4
2026-07-22 21:00:00,10628.3,10631.33,10561.53,10564.88
2026-07-22 22:00:00,10565.0,10577.11,10500.02,10542.13
2026-07-22 23:00:00,10541.53,10629.11,10510.88,10594.12
2026-07-23 00:00:00,10594.02,10594.18,10518.26,10553.64
2026-07-23 01:00:00,10553.4,10636.37,10511.13,10604.33
2026-07-23 02:00:00,10604.41,10664.24,10596.39,10597.95
2026-07-23 03:00:00,10598.72,10668.29,10528.11,10528.11
2026-07-23 04:00:00,10528.13,10599.67,10523.99,10590.41
2026-07-23 05:00:00,10590.38,10674.82,10575.71,10671.52
2026-07-23 06:00:00,10671.34,10672.69,10582.59,10583.53
2026-07-23 07:00:00,10583.29,10604.92,10522.63,10554.14
2026-07-23 08:00:00,10553.66,10583.95,10520.54,10535.5
2026-07-23 09:00:00,10536.15,10539.29,10459.49,10465.18
2026-07-23 10:00:00,10464.72,10469.35,10368.34,10388.83
2026-07-23 11:00:00,10388.75,10504.41,10388.13,10411.82
2026-07-23 12:00:00,10412.36,10507.0,10411.2,10495.33
2026-07-23 13:00:00,10495.42,10496.89,10412.89,10413.34
2026-07-23 14:00:00,10412.87,10437.86,10385.96,10411.54
2026-07-23 15:00:00,10411.44,10426.83,10349.43,10424.12
2026-07-23 16:00:00,10423.81,10471.92,10393.8,10447.46
2026-07-23 17:00:00,10447.51,10448.33,10345.07,10398.3
2026-07-23 18:00:00,10398.03,10415.44,10343.48,10383.5
2026-07-23 19:00:00,10383.39,10386.77,10296.75,10304.95
2026-07-23 20:00:00,10304.73,10357.95,10280.42,10348.55
2026-07-23 21:00:00,10349.06,10384.82,10324.42,10326.19
2026-07-23 22:00:00,10326.35,10326.35,10243.42,10244.42
2026-07-23 23:00:00,10244.34,10287.31,10198.61,10284.53
2026-07-24 00:00:00,10284.35,10357.73,10273.68,10299.03
2026-07-24 01:00:00,10299.28,10304.61,10263.62,10267.48
2026-07-24 02:00:00,10267.02,10273.88,10231.33,10231.33
2026-07-24 03:00:00,10231.58,10448.72,10216.1,10437.15
2026-07-24 04:00:00,10437.15,10442.42,10379.98,10403.96
2026-07-24 05:00:00,10403.8,10409.56,10357.62,10399.85
2026-07-24 06:00:00,10399.7,10428.04,10358.71,10427.54
2026-07-24 07:00:00,10427.92,10563.83,10423.72,10549.8
2026-07-24 08:00:00,10549.64,10597.9,10517.76,10581.55
2026-07-24 09:00:00,10580.88,10610.94,10562.36,10563.83
2026-07-24 10:00:00,10563.82,10622.36,10543.1,10579.02
2026-07-24 11:00:00,10579.29,10646.4,10566.26,10603.47
2026-07-24 12:00:00,10604.22,10612.14,10506.53,10583.76
2026-07-24 13:00:00,10583.43,10583.92,10501.26,10501.42
2026-07-24 14:00:00,10501.89,10604.82,10473.51,10580.34
2026-07-24 15:00:00,10580.32,10582.7,10486.86,10493.7
2026-07-24 16:00:00,10493.81,10501.85,10456.21,10487.01
2026-07-24 17:00:00,10487.08,10487.34,10408.94,10408.94
2026-07-24 18:00:00,10408.79,10529.52,10403.15,10494.84
2026-07-24 19:00:00,10495.51,10530.09,10440.09,10444.67
2026-07-24 20:00:00,10444.69,10571.35,10427.6,10568.5
2026-07-24 21:00:00,10568.55,10627.02,10522.96,10595.86
2026-07-24 22:00:00,10595.67,10670.08,10593.36,10664.57
2026-07-24 23:00:00,10664.64,10707.47,10603.29,10664.18
2026-07-25 00:00:00,10664.61,10715.17,10656.1,10662.62
2026-07-25 01:00:00,10662.46,10666.04,10616.08,10621.27
2026-07-25 02:00:00,10620.96,10642.75,10593.96,10630.98
2026-07-25 03:00:00,10630.41,10654.5,10593.26,10630.81
2026-07-25 04:00:00,10631.17,10758.77,10631.13,10749.81
2026-07-25 05:00:00,10749.96,10764.68,10692.71,10742.23
2026-07-25 06:00:00,10741.48,10757.41,10688.28,10693.0
2026-07-25 07:00:00,10692.95,10718.91,10675.81,10701.33
2026-07-25 08:00:00,10701.45,10704.5,10618.26,10618.79
2026-07-25 09:00:00,10619.56,10623.2,10523.6,10527.23
2026-07-25 10:00:00,10527.47,10572.75,10469.95,10470.52
2026-07-25 11:00:00,10470.99,10493.14,10440.93,10468.57
2026-07-25 12:00:00,10468.35,10468.53,10360.56,10362.6
2026-07-25 13:00:00,10362.42,10362.42,10289.98,10292.98
2026-07-25 14:00:00,10293.32,10392.18,10291.24,10345.33
2026-07-25 15:00:00,10345.51,10466.93,10306.28,10459.17
2026-07-25 16:00:00,10458.81,10483.02,10408.52,10462.14
2026-07-25 17:00:00,10462.19,10476.03,10424.39,10425.69
2026-07-25 18:00:00,10425.69,10432.35,10360.68,10361.71
2026-07-25 19:00:00,10362.06,10376.14,10344.25,10348.51
2026-07-25 20:00:00,10347.95,10349.58,10290.34,10315.78
2026-07-25 21:00:00,10314.98,10450.5,10294.43,10439.28
2026-07-25 22:00:00,10439.39,10529.92,10426.23,10507.52
2026-07-25 23:00:00,10507.96,10510.27,10428.81,10429.23
2026-07-26 00:00:00,10429.82,10434.29,10373.36,10374.87
2026-07-26 01:00:00,10374.76,10503.28,10369.61,10470.04
2026-07-26 02:00:00,10469.82,10598.55,10442.61,10549.07
2026-07-26 03:00:00,10549.41,10549.41,10412.39,10412.39
2026-07-26 04:00:00,10412.3,10437.36,10364.01,10398.76
2026-07-26 05:00:00,10398.62,10398.91,10286.21,10286.9
2026-07-26 06:00:00,10287.01,10348.01,10265.32,10265.47
2026-07-26 07:00:00,10265.15,10353.81,10235.43,10325.5
2026-07-26 08:00:00,10326.35,10330.3,10243.03,10243.63
2026-07-26 09:00:00,10244.18,10257.13,10201.2,10229.7
2026-07-26 10:00:00,10229.91,10230.4,10161.52,10162.37
2026-07-26 11:00:00,10162.09,10174.37,10102.64,10104.03
2026-07-26 12:00:00,10104.11,10186.04,10070.32,10162.05
2026-07-26 13:00:00,10162.49,10191.19,10150.07,10157.95
2026-07-26 14:00:00,10157.96,10215.11,10123.6,10204.79
2026-07-26 15:00:00,10204.94,10281.89,10200.73,10269.4
2026-07-26 16:00:00,10269.84,10369.96,10266.45,10358.0
2026-07-26 17:00:00,10358.14,10394.72,10304.06,10381.83
2026-07-26 18:00:00,10381.92,10383.45,10297.03,10297.99
2026-07-26 19:00:00,10298.22,10308.03,10244.35,10245.18
2026-07-26 20:00:00,10245.49,10317.89,10242.35,10312.75
2026-07-26 21:00:00,10312.75,10358.01,10281.44,10351.35
2026-07-26 22:00:00,10351.35,10451.89,10348.75,10442.62
2026-07-26 23:00:00,10442.8,10469.89,10406.32,10445.96
2026-07-27 00:00:00,10445.66,10531.46,10422.59,10527.27
2026-07-27 01:00:00,10527.67,10565.49,10452.69,10473.42
2026-07-27 02:00:00,10473.16,10491.19,10427.68,10477.65
2026-07-27 03:00:00,10477.49,10496.59,10430.39,10483.76
2026-07-27 04:00:00,10483.48,10484.74,10405.79,10441.61
2026-07-27 05:00:00,10441.55,10488.94,10394.32,10469.27
2026-07-27 06:00:00,10469.6,10518.83,10460.33,10460.33
2026-07-27 07:00:00,10459.58,10460.45,10344.87,10347.32
2026-07-27 08:00:00,10346.96,10346.96,10239.6,10240.42
2026-07-27 09:00:00,10240.7,10332.59,10222.77,10324.03
2026-07-27 10:00:00,10324.47,10437.32,10320.19,10416.76
2026-07-27 11:00:00,10417.12,10419.38,10368.65,10373.43
2026-07-27 12:00:00,10373.83,10427.82,10362.58,10362.8
2026-07-27 13:00:00,10363.61,10431.75,10347.44,10411.66
2026-07-27 14:00:00,10411.97,10482.96,10379.58,10404.59
2026-07-27 15:00:00,10404.3,10471.15,10377.48,10452.96
2026-07-27 16:00:00,10453.61,10583.39,10446.98,10514.91
2026-07-27 17:00:00,10514.38,10573.9,10477.09,10568.27
2026-07-27 18:00:00,10567.87,10581.73,10518.64,10545.64
2026-07-27 19:00:00,10545.45,10547.73,10477.56,10477.83
2026-07-27 20:00:00,10477.42,10569.16,10452.33,10556.9
2026-07-27 21:00:00,10556.82,10619.08,10553.23,10591.75
2026-07-27 22:00:00,10592.05,10592.7,10515.74,10515.74
2026-07-27 23:00:00,10516.01,10554.56,10470.95,10492.11
2026-07-28 00:00:00,10491.83,10594.71,10482.32,10550.01
2026-07-28 01:00:00,10550.72,10597.69,10542.15,10546.88
2026-07-28 02:00:00,10547.06,10550.75,10502.28,10546.48
2026-07-28 03:00:00,10546.92,10547.99,10444.73,10446.68
2026-07-28 04:00:00,10447.1,10514.33,10434.9,10465.24
2026-07-28 05:00:00,10465.36,10578.24,10463.02,10521.77
2026-07-28 06:00:00,10521.71,10544.2,10494.94,10512.41
2026-07-28 07:00:00,10512.57,10514.27,10435.59,10488.78
2026-07-28 08:00:00,10488.17,10542.78,10442.32,10444.53
2026-07-28 09:00:00,10444.24,10527.33,10429.74,10496.5
2026-07-28 10:00:00,10496.19,10522.32,10473.37,10489.93
2026-07-28 11:00:00,10489.55,10541.78,10468.81,10498.04
2026-07-28 12:00:00,10497.93,10655.48,10491.49,10637.34
2026-07-28 13:00:00,10636.94,10636.94,10544.22,10544.81
2026-07-28 14:00:00,10544.29,10651.5,10526.42,10647.31
2026-07-28 15:00:00,10646.79,10670.32,10576.79,10582.02
2026-07-28 16:00:00,10582.15,10586.34,10479.61,10490.02
2026-07-28 17:00:00,10489.64,10516.04,10426.26,10490.12
2026-07-28 18:00:00,10489.44,10537.81,10443.8,10468.86
2026-07-28 19:00:00,10468.9,10525.66,10456.22,10507.28
2026-07-28 20:00:00,10507.53,10511.37,10449.41,10494.21
2026-07-28 21:00:00,10494.34,10553.61,10447.88,10530.9
2026-07-28 22:00:00,10531.16,10610.97,10519.11,10548.33
2026-07-28 23:00:00,10547.98,10549.03,10484.94,10485.51
2026-07-29 00:00:00,10485.62,10486.52,10429.57,10460.05
2026-07-29 01:00:00,10459.89,10474.01,10408.93,10413.01
2026-07-29 02:00:00,10413.0,10527.56,10378.9,10488.58
2026-07-29 03:00:00,10488.86,10529.87,10420.73,10517.48
2026-07-29 04:00:00,10517.45,10517.69,10449.3,10478.18
2026-07-29 05:00:00,10478.09,10505.31,10458.95,10475.75
2026-07-29 06:00:00,10475.91,10649.01,10474.88,10633.21
2026-07-29 07:00:00,10633.16,10639.94,10531.11,10541.11
2026-07-29 08:00:00,10540.55,10608.32,10525.71,10570.03
2026-07-29 09:00:00,10569.68,10581.98,10471.64,10491.4
2026-07-29 10:00:00,10492.17,10527.48,10448.46,10482.11
2026-07-29 11:00:00,10481.68,10554.71,10444.53,10548.77
2026-07-29 12:00:00,10548.44,10710.63,10546.89,10680.79
2026-07-29 13:00:00,10680.88,10722.72,10622.39,10720.28
2026-07-29 14:00:00,10720.52,10766.11,10704.94,10759.84
2026-07-29 15:00:00,10759.91,10877.14,10759.42,10852.32
2026-07-29 16:00:00,10852.02,10852.02,10797.49,10802.74
2026-07-29 17:00:00,10802.9,10891.94,10764.95,10886.17
2026-07-29 18:00:00,10886.28,10989.26,10874.79,10958.43
2026-07-29 19:00:00,10958.61,10958.94,10867.06,10884.62
2026-07-29 20:00:00,10884.5,10900.14,10842.48,10846.3
2026-07-29 21:00:00,10845.99,10938.57,10832.33,10887.34
2026-07-29 22:00:00,10886.94,10928.49,10847.27,10879.9
2026-07-29 23:00:00,10879.88,10965.31,10829.3,10952.79
2026-07-30 00:00:00,10953.19,10953.5,10856.9,10872.84
2026-07-30 01:00:00,10873.37,10876.71,10812.81,10833.63
2026-07-30 02:00:00,10833.61,10838.13,10726.5,10728.37
2026-07-30 03:00:00,10728.43,10848.25,10687.07,10812.57
2026-07-30 04:00:00,10812.06,10861.0,10759.52,10848.45
2026-07-30 05:00:00,10848.45,10848.48,10796.23,10836.11
2026-07-30 06:00:00,10836.04,10861.35,10800.74,10844.18
2026-07-30 07:00:00,10845.37,11010.89,10804.5,10987.31
2026-07-30 08:00:00,10988.61,11024.47,10973.09,10976.08
2026-07-30 09:00:00,10975.88,11015.66,10916.62,10917.48
2026-07-30 10:00:00,10917.52,10928.01,10795.54,10804.03
2026-07-30 11:00:00,10804.63,10816.94,10721.96,10770.49
2026-07-30 12:00:00,10770.33,10874.07,10721.36,10865.35
2026-07-30 13:00:00,10865.51,10940.65,10849.66,10914.62
2026-07-30 14:00:00,10914.89,10948.87,10814.07,10939.51
2026-07-30 15:00:00,10939.02,11001.0,10909.43,10933.47
2026-07-30 16:00:00,10932.92,11002.46,10927.09,10952.61
2026-07-30 17:00:00,10953.31,10961.02,10913.71,10956.99
2026-07-30 18:00:00,10956.48,10971.26,10895.55,10943.99
2026-07-30 19:00:00,10943.67,11004.71,10925.0,10971.08
2026-07-30 20:00:00,10971.04,11187.26,10908.98,11173.32
2026-07-30 21:00:00,11173.13,11240.77,11161.93,11174.35
2026-07-30 22:00:00,11174.18,11253.25,11171.19,11175.59
2026-07-30 23:00:00,11176.24,11178.27,11071.83,11100.08
2026-07-31 00:00:00,11099.81,11120.31,11028.33,11044.92
2026-07-31 01:00:00,11044.77,11158.05,11032.73,11155.11
2026-07-31 02:00:00,11154.5,11255.39,11134.84,11243.39
2026-07-31 03:00:00,11242.73,11260.9,11211.88,11220.84
2026-07-31 04:00:00,11220.01,11220.46,11166.39,11179.85
2026-07-31 05:00:00,11180.27,11187.77,11146.2,11154.42
2026-07-31 06:00:00,11154.48,11197.99,11128.76,11132.11
2026-07-31 07:00:00,11131.85,11180.66,11094.06,11151.88
2026-07-31 08:00:00,11151.52,11173.85,11072.49,11155.84
2026-07-31 09:00:00,11155.75,11156.37,11089.2,11089.63
2026-07-31 10:00:00,11090.14,11143.53,11069.4,11075.5
2026-07-31 11:00:00,11075.83,11076.15,10970.06,11022.15
2026-07-31 12:00:00,11022.29,11039.93,10959.74,11032.87
2026-07-31 13:00:00,11032.64,11038.84,10924.52,10924.75
2026-07-31 14:00:00,10924.28,10985.08,10920.11,10940.85
2026-07-31 15:00:00,10941.23,11327.55,10902.03,11320.17
2026-07-31 16:00:00,11319.97,11325.28,11222.36,11222.43
2026-07-31 17:00:00,11222.37,11258.12,11158.48,11165.46
2026-07-31 18:00:00,11165.36,11194.3,11127.71,11182.48
2026-07-31 19:00:00,11182.43,11187.48,11077.02,11133.64
2026-07-31 20:00:00,11133.64,11141.01,11021.32,11028.99
2026-07-31 21:00:00,11029.04,11031.46,10942.32,10985.99
2026-07-31 22:00:00,10985.7,11005.98,10904.24,10997.69
2026-07-31 23:00:00,10997.39,11102.51,10975.25,11096.03
2026-08-01 00:00:00,11096.06,11096.34,11022.67,11045.73
2026-08-01 01:00:00,11045.7,11047.36,10958.41,11010.4
2026-08-01 02:00:00,11010.83,11072.72,11001.42,11056.1
2026-08-01 03:00:00,11055.84,11066.24,11013.45,11017.05
2026-08-01 04:00:00,11016.86,11117.47,10988.6,11105.22
2026-08-01 05:00:00,11105.3,11156.04,11070.47,11072.48
2026-08-01 06:00:00,11072.29,11076.23,10978.15,10980.0
2026-08-01 07:00:00,10978.87,11037.22,10973.35,10994.58
2026-08-01 08:00:00,10994.62,11008.07,10931.28,10988.02
2026-08-01 09:00:00,10987.44,11049.12,10974.38,11039.57
2026-08-01 10:00:00,11039.59,11044.75,10934.31,10939.39
2026-08-01 11:00:00,10939.66,11046.16,10898.31,11039.9
2026-08-01 12:00:00,11039.35,11111.01,11013.86,11095.55
2026-08-01 13:00:00,11096.11,11124.04,11062.97,11066.66
2026-08-01 14:00:00,11066.53,11114.45,11003.83,11044.37
2026-08-01 15:00:00,11044.35,11055.15,10984.94,10984.95
2026-08-01 16:00:00,10985.06,10985.24,10842.97,10843.95
2026-08-01 17:00:00,10844.28,10845.39,10737.22,10751.96
2026-08-01 18:00:00,10751.77,10751.87,10686.53,10693.52
2026-08-01 19:00:00,10693.11,10764.85,10675.95,10705.41
2026-08-01 20:00:00,10705.8,10753.6,10700.31,10714.97
2026-08-01 21:00:00,10715.21,10738.21,10649.47,10671.63
2026-08-01 22:00:00,10671.76,10701.71,10620.35,10620.35
2026-08-01 23:00:00,10620.36,10620.47,10557.75,10588.92
2026-08-02 00:00:00,10588.76,10619.68,10555.44,10571.42
2026-08-02 01:00:00,10571.72,10634.86,10558.11,10587.57
2026-08-02 02:00:00,10587.25,10837.23,10579.5,10782.57
2026-08-02 03:00:00,10782.02,10796.59,10714.59,10718.52
2026-08-02 04:00:00,10718.64,10722.05,10651.76,10665.72
2026-08-02 05:00:00,10665.52,10940.69,10660.83,10935.89
2026-08-02 06:00:00,10935.6,10972.77,10876.08,10961.76
2026-08-02 07:00:00,10961.37,10963.84,10881.11,10886.12
2026-08-02 08:00:00,10885.68,10900.93,10829.72,10829.83
2026-08-02 09:00:00,10829.92,10842.43,10777.48,10777.89
2026-08-02 10:00:00,10777.58,10783.29,10711.64,10733.72
2026-08-02 11:00:00,10733.52,10739.51,10680.18,10680.93
2026-08-02 12:00:00,10680.63,10696.65,10648.64,10670.42
2026-08-02 13:00:00,10670.48,10679.92,10618.7,10629.24
2026-08-02 14:00:00,10629.56,10810.47,10611.09,10799.06
2026-08-02 15:00:00,10799.13,10880.34,10784.75,10847.65
2026-08-02 16:00:00,10847.29,10855.7,10797.92,10812.36
2026-08-02 17:00:00,10812.39,10873.85,10789.37,10834.96
2026-08-02 18:00:00,10834.91,10922.06,10822.63,10891.7
2026-08-02 19:00:00,10891.66,11075.46,10855.83,11072.82
2026-08-02 20:00:00,11073.0,11081.3,11017.2,11037.33
2026-08-02 21:00:00,11037.81,11060.13,10998.63,11027.08
2026-08-02 22:00:00,11026.9,11032.91,10929.08,10931.86
2026-08-02 23:00:00,10931.76,10937.85,10879.42,10900.5
2026-08-03 00:00:00,10900.61,11066.2,10894.27,11030.21
2026-08-03 01:00:00,11031.05,11127.76,11018.98,11095.83
2026-08-03 02:00:00,11095.8,11230.95,11070.33,11192.53
2026-08-03 03:00:00,11191.66,11240.93,11166.86,11167.97
2026-08-03 04:00:00,11168.33,11222.91,11132.92,11146.05
2026-08-03 05:00:00,11146.07,11455.42,11099.12,11432.73
2026-08-03 06:00:00,11433.06,11445.16,11369.58,11379.65
2026-08-03 07:00:00,11379.34,11416.68,11331.54,11357.36
2026-08-03 08:00:00,11357.42,11374.47,11280.16,11282.33
2026-08-03 09:00:00,11281.78,11295.82,11248.32,11263.53
2026-08-03 10:00:00,11263.61,11323.25,11262.94,11279.28
2026-08-03 11:00:00,11279.13,11322.99,11227.91,11227.91
2026-08-03 12:00:00,11227.57,11491.82,11214.89,11466.82
2026-08-03 13:00:00,11466.9,11479.06,11407.62,11413.11
2026-08-03 14:00:00,11412.97,11479.21,11375.1,11441.35
2026-08-03 15:00:00,11441.01,11485.71,11374.27,11423.84
2026-08-03 16:00:00,11423.97,11541.82,11417.83,11519.1
2026-08-03 17:00:00,11519.09,11616.57,11503.05,11547.2
2026-08-03 18:00:00,11547.13,11694.48,11526.6,11688.65
2026-08-03 19:00:00,11688.82,11689.18,11622.73,11624.01
2026-08-03 20:00:00,11624.46,11677.69,11572.19,11672.78
2026-08-03 21:00:00,11672.86,11673.2,11571.13,11576.09
2026-08-03 22:00:00,11575.94,11638.6,11498.22,11619.66
2026-08-03 23:00:00,11619.1,11627.89,11584.23,11604.26
2026-08-04 00:00:00,11604.08,11604.63,11481.57,11494.2
2026-08-04 01:00:00,11494.11,11668.95,11485.15,11640.58
2026-08-04 02:00:00,11640.26,11658.84,11588.45,11591.35
2026-08-04 03:00:00,11590.84,11592.0,11499.98,11505.61
2026-08-04 04:00:00,11505.84,11506.69,11429.72,11432.11
2026-08-04 05:00:00,11431.6,11561.77,11374.52,11558.83
2026-08-04 06:00:00,11558.24,11583.8,11520.48,11549.02
2026-08-04 07:00:00,11548.88,11604.2,11514.56,11551.68
2026-08-04 08:00:00,11552.22,11615.79,11533.03,11582.83
2026-08-04 09:00:00,11581.79,11582.39,11464.79,11465.32
2026-08-04 10:00:00,11465.17,11466.92,11363.85,11364.24
2026-08-04 11:00:00,11364.17,11391.8,11338.75,11352.69
2026-08-04 12:00:00,11352.21,11353.5,11280.02,11283.94
2026-08-04 13:00:00,11284.25,11406.33,11277.59,11343.43
2026-08-04 14:00:00,11343.75,11415.34,11303.51,11400.26
2026-08-04 15:00:00,11400.62,11416.67,11323.99,11349.4
2026-08-04 16:00:00,11348.99,11350.27,11279.47,11285.7
2026-08-04 17:00:00,11285.49,11315.24,11248.28,11261.61
2026-08-04 18:00:00,11261.75,11293.56,11218.88,11256.22
2026-08-04 19:00:00,11255.7,11266.43,11238.55,11246.21
2026-08-04 20:00:00,11246.3,11248.53,11146.2,11148.99
2026-08-04 21:00:00,11148.84,11149.34,11091.46,11117.25
2026-08-04 22:00:00,11116.67,11291.25,11096.16,11217.84
2026-08-04 23:00:00,11218.43,11244.02,11176.13,11177.54
2026-08-05 00:00:00,11178.18,11193.9,11116.53,11193.75
2026-08-05 01:00:00,11193.71,11204.35,11060.41,11062.72
2026-08-05 02:00:00,11062.29,11067.02,11007.42,11039.93
2026-08-05 03:00:00,11039.75,11040.22,10964.49,10974.5
2026-08-05 04:00:00,10974.31,10982.06,10917.65,10936.38
2026-08-05 05:00:00,10936.3,11115.9,10936.26,11106.46
2026-08-05 06:00:00,11106.17,11107.9,11053.0,11090.52
2026-08-05 07:00:00,11090.4,11145.01,11044.77,11093.99
2026-08-05 08:00:00,11093.49,11119.78,11063.28,11075.85
2026-08-05 09:00:00,11075.55,11077.44,10974.18,10974.61
2026-08-05 10:00:00,10974.78,11070.74,10955.45,11037.22
2026-08-05 11:00:00,11036.77,11038.11,10973.76,10977.57
2026-08-05 12:00:00,10977.28,11128.19,10976.81,11092.05
2026-08-05 13:00:00,11092.22,11229.73,11081.79,11224.4
2026-08-05 14:00:00,11224.0,11343.93,11198.3,11273.33
2026-08-05 15:00:00,11273.16,11292.37,11228.18,11284.28
2026-08-05 16:00:00,11284.0,11459.01,11281.85,11417.82
2026-08-05 17:00:00,11417.68,11417.9,11283.64,11308.46
2026-08-05 18:00:00,11308.03,11400.45,11297.69,11393.48
2026-08-05 19:00:00,11393.94,11393.94,11323.18,11340.51
2026-08-05 20:00:00,11340.27,11342.36,11267.45,11269.63
2026-08-05 21:00:00,11269.68,11278.85,11222.45,11255.12
2026-08-05 22:00:00,11255.22,11268.67,11207.06,11229.23
2026-08-05 23:00:00,11228.74,11235.51,11120.09,11172.89
2026-08-06 00:00:00,11172.51,11187.66,11106.09,11116.07
2026-08-06 01:00:00,11115.98,11122.03,11038.3,11118.54
2026-08-06 02:00:00,11118.21,11133.16,11071.32,11085.02
2026-08-06 03:00:00,11085.13,11195.68,11053.45,11152.48
2026-08-06 04:00:00,11152.4,11193.24,11117.67,11118.29
2026-08-06 05:00:00,11117.64,11148.86,11063.76,11148.34
2026-08-06 06:00:00,11148.44,11164.71,11078.18,11130.19
2026-08-06 07:00:00,11129.42,11323.03,11119.03,11322.49
2026-08-06 08:00:00,11322.66,11433.14,11295.71,11397.92
2026-08-06 09:00:00,11397.84,11595.57,11397.75,11556.64
2026-08-06 10:00:00,11556.44,11609.33,11539.31,11547.92
2026-08-06 11:00:00,11548.58,11636.42,11546.1,11595.95
2026-08-06 12:00:00,11595.82,11700.4,11583.02,11683.69
2026-08-06 13:00:00,11683.57,11686.23,11639.5,11676.25
2026-08-06 14:00:00,11676.54,11759.69,11661.45,11692.94
2026-08-06 15:00:00,11692.71,11944.57,11685.22,11938.41
2026-08-06 16:00:00,11938.8,12090.23,11935.0,12064.74
2026-08-06 17:00:00,12064.92,12072.69,12002.45,12035.25
2026-08-06 18:00:00,12034.86,12149.44,12005.71,12121.61
2026-08-06 19:00:00,12121.39,12168.43,12074.92,12097.92
2026-08-06 20:00:00,12097.63,12326.17,12030.61,12313.88
2026-08-06 21:00:00,12314.56,12378.18,12274.25,12336.05
2026-08-06 22:00:00,12335.75,12338.35,12213.3,12219.92
2026-08-06 23:00:00,12219.94,12294.35,12174.04,12175.41
2026-08-07 00:00:00,12175.82,12279.53,12128.93,12267.42
2026-08-07 01:00:00,12267.6,12270.92,12159.72,12165.98
2026-08-07 02:00:00,12166.22,12315.07,12118.03,12286.0
2026-08-07 03:00:00,12286.14,12397.66,12268.51,12322.65
2026-08-07 04:00:00,12322.36,12399.71,12239.3,12372.0
2026-08-07 05:00:00,12372.16,12428.25,12347.61,12350.63
2026-08-07 06:00:00,12350.75,12353.34,12251.76,12328.29
2026-08-07 07:00:00,12327.83,12349.81,12242.04,12243.33
2026-08-07 08:00:00,12243.25,12316.66,12222.52,12255.15
2026-08-07 09:00:00,12254.92,12366.38,12207.75,12303.44
2026-08-07 10:00:00,12303.17,12313.02,12204.73,12210.38
2026-08-07 11:00:00,12210.42,12443.59,12203.47,12429.75
2026-08-07 12:00:00,12429.86,12573.6,12414.1,12546.95
2026-08-07 13:00:00,12546.11,12553.78,12481.13,12525.84
2026-08-07 14:00:00,12525.71,12554.63,12473.92,12519.91
2026-08-07 15:00:00,12519.87,12520.44,12428.62,12501.71
2026-08-07 16:00:00,12501.84,12553.49,12471.04,12471.04
2026-08-07 17:00:00,12471.03,12521.88,12440.55,12510.99
2026-08-07 18:00:00,12510.99,12512.16,12440.51,12443.89
2026-08-07 19:00:00,12443.63,12641.88,12430.62,12608.06
2026-08-07 20:00:00,12608.15,12680.31,12573.19,12655.2
2026-08-07 21:00:00,12654.23,12661.39,12536.1,12605.69
2026-08-07 22:00:00,12606.1,12751.58,12586.92,12742.07
2026-08-07 23:00:00,12742.7,12819.39,12719.26,12759.49
2026-08-08 00:00:00,12760.13,12798.99,12713.84,12791.36
2026-08-08 01:00:00,12790.78,12907.86,12761.72,12891.39
2026-08-08 02:00:00,12891.83,13028.42,12883.07,12994.05
2026-08-08 03:00:00,12993.82,13015.94,12908.49,12909.43
2026-08-08 04:00:00,12909.62,13102.65,12907.67,13079.88
2026-08-08 05:00:00,13080.13,13103.82,13041.47,13046.78
2026-08-08 06:00:00,13046.48,13095.66,12937.25,13026.04
2026-08-08 07:00:00,13025.6,13054.17,12990.25,13039.59
2026-08-08 08:00:00,13040.0,13042.31,12905.56,12905.56
2026-08-08 09:00:00,12905.13,12905.38,12806.96,12816.45
2026-08-08 10:00:00,12815.92,13062.46,12778.25,13051.37
2026-08-08 11:00:00,13052.01,13056.76,12917.98,12917.98
2026-08-08 12:00:00,12918.98,13013.69,12860.07,13011.07
2026-08-08 13:00:00,13010.86,13020.49,12936.13,12987.5
2026-08-08 14:00:00,12987.82,13074.73,12932.89,13011.7
2026-08-08 15:00:00,13012.0,13066.42,12990.42,13000.39
2026-08-08 16:00:00,12999.41,13027.09,12926.16,12926.52
2026-08-08 17:00:00,12926.67,13000.67,12873.17,12984.69
2026-08-08 18:00:00,12984.27,12991.57,12872.19,12890.1
2026-08-08 19:00:00,12890.63,12891.47,12802.92,12802.92
2026-08-08 20:00:00,12803.0,12810.79,12758.94,12796.66
2026-08-08 21:00:00,12795.84,12795.84,12726.6,12727.17
2026-08-08 22:00:00,12726.98,12769.33,12652.91,12673.3
2026-08-08 23:00:00,12672.59,12790.01,12655.33,12684.91
2026-08-09 00:00:00,12684.81,12699.64,12615.27,12630.63
2026-08-09 01:00:00,12630.89,12752.36,12608.15,12725.71
2026-08-09 02:00:00,12725.66,12758.02,12701.53,12732.99
2026-08-09 03:00:00,12732.64,12838.11,12727.96,12787.21
2026-08-09 04:00:00,12785.81,12864.68,12757.29,12824.77
2026-08-09 05:00:00,12824.22,12923.55,12795.9,12906.76
2026-08-09 06:00:00,12906.49,12917.91,12840.6,12890.64
2026-08-09 07:00:00,12890.14,12892.4,12763.24,12763.29
2026-08-09 08:00:00,12763.35,12843.06,12739.81,12800.34
2026-08-09 09:00:00,12799.82,12976.59,12782.17,12914.34
2026-08-09 10:00:00,12914.23,13001.64,12894.96,12964.0
2026-08-09 11:00:00,12963.74,12985.12,12898.87,12947.06
2026-08-09 12:00:00,12947.33,12947.83,12830.06,12846.92
2026-08-09 13:00:00,12846.96,12869.27,12810.06,12853.32
2026-08-09 14:00:00,12853.13,12962.07,12846.74,12905.58
2026-08-09 15:00:00,12906.07,13052.99,12841.99,13014.08
2026-08-09 16:00:00,13014.33,13148.2,12968.66,13142.29
2026-08-09 17:00:00,13141.92,13162.05,13026.95,13029.67
2026-08-09 18:00:00,13030.1,13174.65,12974.63,13129.59
2026-08-09 19:00:00,13129.51,13275.22,13092.16,13250.73
2026-08-09 20:00:00,13251.04,13569.49,13222.03,13567.55
2026-08-09 21:00:00,13567.14,13582.36,13471.35,13493.39
2026-08-09 22:00:00,13494.02,13609.2,13481.42,13590.84
2026-08-09 23:00:00,13589.91,13694.38,13570.05,13658.35
2026-08-10 00:00:00,13658.14,13659.65,13556.66,13594.91
2026-08-10 01:00:00,13593.92,13616.77,13534.78,13602.81
2026-08-10 02:00:00,13602.88,13726.27,13534.39,13717.66
2026-08-10 03:00:00,13717.62,13790.48,13698.95,13768.66
2026-08-10 04:00:00,13769.21,13957.37,13755.48,13940.54
2026-08-10 05:00:00,13940.8,13941.06,13790.01,13790.97
2026-08-10 06:00:00,13791.59,13796.3,13713.47,13738.14
2026-08-10 07:00:00,13737.54,13743.83,13613.77,13672.79
2026-08-10 08:00:00,13672.64,13714.34,13609.81,13613.89
2026-08-10 09:00:00,13613.41,13637.93,13506.06,13506.06
2026-08-10 10:00:00,13505.71,13545.88,13449.13,13535.89
2026-08-10 11:00:00,13536.3,13681.08,13521.51,13670.9
2026-08-10 12:00:00,13671.58,13706.36,13652.23,13654.71
2026-08-10 13:00:00,13654.47,13666.4,13547.01,13584.03
2026-08-10 14:00:00,13583.98,13681.65,13528.31,13649.89
2026-08-10 15:00:00,13649.06,13714.84,13629.08,13654.86
2026-08-10 16:00:00,13654.78,13683.48,13587.67,13588.61
2026-08-10 17:00:00,13588.79,13686.43,13575.8,13672.96
2026-08-10 18:00:00,13672.93,13743.41,13613.29,13709.2
2026-08-10 19:00:00,13708.79,13726.18,13617.9,13617.9
2026-08-10 20:00:00,13617.66,13678.06,13610.27,13651.55
2026-08-10 21:00:00,13651.36,13656.73,13512.73,13513.38
2026-08-10 22:00:00,13514.1,13688.92,13503.87,13671.47
2026-08-10 23:00:00,13671.85,13678.03,13564.73,13627.84
2026-08-11 00:00:00,13627.59,13677.58,13564.39,13656.06
2026-08-11 01:00:00,13656.29,13660.51,13598.04,13606.35
2026-08-11 02:00:00,13606.49,13607.16,13493.05,13508.18
2026-08-11 03:00:00,13508.16,13508.77,13401.18,13404.65
2026-08-11 04:00:00,13404.58,13421.49,13343.44,13400.79
2026-08-11 05:00:00,13401.51,13426.88,13346.85,13346.85
2026-08-11 06:00:00,13347.44,13376.22,13290.92,13291.02
2026-08-11 07:00:00,13290.69,13427.82,13243.35,13426.59
2026-08-11 08:00:00,13427.21,13429.66,13324.38,13347.05
2026-08-11 09:00:00,13346.8,13378.69,13273.11,13275.94
2026-08-11 10:00:00,13276.24,13369.73,13262.81,13294.28
2026-08-11 11:00:00,13294.13,13417.2,13275.95,13350.17
2026-08-11 12:00:00,13350.52,13402.84,13339.27,13341.25
2026-08-11 13:00:00,13340.84,13408.07,13306.24,13306.89
2026-08-11 14:00:00,13306.59,13309.14,13257.87,13283.73
2026-08-11 15:00:00,13283.2,13283.2,13204.77,13238.95
2026-08-11 16:00:00,13237.65,13355.97,13171.46,13274.58
2026-08-11 17:00:00,13274.28,13276.78,13227.57,13237.57
2026-08-11 18:00:00,13237.43,13335.38,13230.39,13299.44
2026-08-11 19:00:00,13299.13,13339.94,13263.59,13273.16
2026-08-11 20:00:00,13272.51,13371.3,13259.31,13354.5
2026-08-11 21:00:00,13354.26,13354.84,13285.5,13316.93
2026-08-11 22:00:00,13317.07,13415.56,13298.01,13341.92
2026-08-11 23:00:00,13341.47,13369.36,13302.23,13312.53
2026-08-12 00:00:00,13312.47,13324.13,13232.28,13244.98
2026-08-12 01:00:00,13244.87,13443.45,13234.5,13371.68
2026-08-12 02:00:00,13371.13,13397.02,13302.36,13367.78
2026-08-12 03:00:00,13367.87,13377.99,13220.22,13223.73
2026-08-12 04:00:00,13223.57,13258.7,13160.25,13160.98
2026-08-12 05:00:00,13160.1,13210.74,13070.28,13180.85
2026-08-12 06:00:00,13181.37,13231.97,13116.5,13218.46
2026-08-12 07:00:00,13219.32,13255.98,13142.38,13143.38
2026-08-12 08:00:00,13143.68,13317.86,13135.06,13272.14
2026-08-12 09:00:00,13272.43,13368.2,13256.87,13363.36
2026-08-12 10:00:00,13363.27,13369.09,13232.69,13331.57
2026-08-12 11:00:00,13330.96,13343.57,13200.22,13211.62
2026-08-12 12:00:00,13210.78,13258.83,13149.17,13233.6
2026-08-12 13:00:00,13234.05,13419.47,13216.28,13371.22
2026-08-12 14:00:00,13370.69,13384.46,13303.11,13311.48
2026-08-12 15:00:00,13311.69,13312.43,13179.05,13274.14
2026-08-12 16:00:00,13273.75,13488.3,13225.3,13485.53
2026-08-12 17:00:00,13485.49,13625.29,13427.04,13598.42
2026-08-12 18:00:00,13597.6,13626.23,13546.25,13569.62
2026-08-12 19:00:00,13569.75,13570.11,13472.3,13505.51
2026-08-12 20:00:00,13505.2,13505.49,13351.83,13352.3
2026-08-12 21:00:00,13352.26,13496.04,13338.01,13447.36
2026-08-12 22:00:00,13447.13,13449.65,13344.58,13344.58
2026-08-12 23:00:00,13343.89,13344.75,13248.99,13283.19
2026-08-13 00:00:00,13282.43,13340.95,13234.83,13262.49
2026-08-13 01:00:00,13262.36,13290.24,13209.55,13220.58
2026-08-13 02:00:00,13219.85,13286.52,13207.97,13227.78
2026-08-13 03:00:00,13228.21,13373.93,13210.29,13336.67
2026-08-13 04:00:00,13336.71,13350.44,13237.67,13281.32
2026-08-13 05:00:00,13280.5,13293.81,13218.92,13219.65
2026-08-13 06:00:00,13219.35,13270.95,13207.94,13226.74
2026-08-13 07:00:00,13226.92,13318.33,13191.82,13288.01
2026-08-13 08:00:00,13287.67,13288.28,13216.32,13220.22
2026-08-13 09:00:00,13219.7,13222.49,13081.81,13187.06
2026-08-13 10:00:00,13188.19,13195.98,13023.65,13062.3
2026-08-13 11:00:00,13062.76,13076.27,12922.79,12930.83
2026-08-13 12:00:00,12930.36,13098.41,12924.47,13034.45
2026-08-13 13:00:00,13034.6,13269.01,13015.73,13266.5
2026-08-13 14:00:00,13266.71,13349.66,13225.7,13329.5
2026-08-13 15:00:00,13329.24,13414.39,13304.01,13380.28
2026-08-13 16:00:00,13379.47,13407.9,13331.46,13393.14
2026-08-13 17:00:00,13392.81,13456.73,13360.04,13439.82
2026-08-13 18:00:00,13440.48,13443.53,13361.42,13377.09
2026-08-13 19:00:00,13375.79,13394.33,13324.14,13352.36
2026-08-13 20:00:00,13353.27,13399.72,13291.13,13295.18
2026-08-13 21:00:00,13295.81,13494.71,13242.8,13483.88
2026-08-13 22:00:00,13483.8,13491.25,13366.3,13367.22
2026-08-13 23:00:00,13367.28,13481.51,13315.86,13401.19
2026-08-14 00:00:00,13401.58,13504.19,13389.77,13499.39
2026-08-14 01:00:00,13499.02,13552.59,13445.05,13470.77
2026-08-14 02:00:00,13471.1,13605.38,13455.81,13522.11
2026-08-14 03:00:00,13522.06,13585.99,13475.0,13475.7
2026-08-14 04:00:00,13476.43,13507.18,13426.18,13460.03
2026-08-14 05:00:00,13460.26,13462.63,13338.03,13386.89
2026-08-14 06:00:00,13386.99,13545.44,13372.51,13468.06
2026-08-14 07:00:00,13467.56,13508.0,13429.25,13487.84
2026-08-14 08:00:00,13487.54,13548.88,13466.66,13480.56
2026-08-14 09:00:00,13480.16,13535.05,13339.19,13341.31
2026-08-14 10:00:00,13341.91,13345.06,13234.47,13280.98
2026-08-14 11:00:00,13281.18,13304.16,13227.07,13240.81
2026-08-14 12:00:00,13241.08,13350.98,13190.37,13338.72
2026-08-14 13:00:00,13337.89,13501.78,13298.32,13500.45
2026-08-14 14:00:00,13500.24,13696.76,13476.48,13659.0
2026-08-14 15:00:00,13660.22,13673.62,13592.21,13593.92
2026-08-14 16:00:00,13594.38,13640.21,13501.22,13546.15
2026-08-14 17:00:00,13546.63,13558.79,13426.65,13555.52
2026-08-14 18:00:00,13555.08,13632.59,13533.91,13585.52
2026-08-14 19:00:00,13584.74,13696.12,13581.22,13669.66
2026-08-14 20:00:00,13669.45,13743.48,13661.95,13721.69
2026-08-14 21:00:00,13722.12,13864.5,13668.37,13783.01
2026-08-14 22:00:00,13782.38,13804.69,13740.8,13755.95
2026-08-14 23:00:00,13756.48,13889.64,13700.55,13885.7
2026-08-15 00:00:00,13885.13,13885.92,13788.25,13791.81
2026-08-15 01:00:00,13791.1,13792.2,13701.24,13707.3
2026-08-15 02:00:00,13707.81,13709.43,13550.32,13574.43
2026-08-15 03:00:00,13574.25,13722.09,13534.2,13687.59
2026-08-15 04:00:00,13687.75,13735.78,13649.1,13660.79
2026-08-15 05:00:00,13660.59,13867.79,13617.19,13858.71
2026-08-15 06:00:00,13859.08,13864.47,13780.56,13807.81
2026-08-15 07:00:00,13806.94,13827.56,13751.86,13777.1
2026-08-15 08:00:00,13778.04,13786.23,13733.63,13750.4
2026-08-15 09:00:00,13750.26,13798.92,13674.76,13697.12
2026-08-15 10:00:00,13698.66,13703.04,13608.31,13619.27
2026-08-15 11:00:00,13619.36,13619.48,13501.95,13502.05
2026-08-15 12:00:00,13502.27,13504.73,13363.59,13409.61
2026-08-15 13:00:00,13409.03,13482.35,13343.55,13345.08
2026-08-15 14:00:00,13345.45,13459.23,13344.06,13442.3
2026-08-15 15:00:00,13442.24,13479.19,13414.43,13450.58
2026-08-15 16:00:00,13450.12,13476.39,13381.62,13428.43
2026-08-15 17:00:00,13428.55,13444.13,13373.45,13402.96
2026-08-15 18:00:00,13403.61,13407.51,13329.05,13329.37
2026-08-15 19:00:00,13328.62,13398.12,13253.56,13342.4
2026-08-15 20:00:00,13342.18,13400.34,13325.13,13325.68
2026-08-15 21:00:00,13326.03,13350.71,13275.2,13289.16
2026-08-15 22:00:00,13289.63,13291.18,13207.93,13218.0
2026-08-15 23:00:00,13217.86,13219.76,13119.18,13152.51
2026-08-16 00:00:00,13152.59,13222.8,13149.53,13174.85
2026-08-16 01:00:00,13175.69,13176.5,13091.22,13091.22
2026-08-16 02:00:00,13090.61,13091.16,12970.58,12985.73
2026-08-16 03:00:00,12986.23,13001.94,12910.18,12946.77
2026-08-16 04:00:00,12946.73,13238.19,12942.91,13172.54
2026-08-16 05:00:00,13171.94,13184.72,13085.13,13096.55
2026-08-16 06:00:00,13097.0,13108.53,13028.52,13030.72
2026-08-16 07:00:00,13030.71,13086.45,12957.48,13061.11
2026-08-16 08:00:00,13060.85,13066.08,12983.31,12985.85
2026-08-16 09:00:00,12986.02,13014.83,12932.09,12940.04
2026-08-16 10:00:00,12940.12,12968.59,12861.28,12863.06
2026-08-16 11:00:00,12862.94,13038.43,12856.82,13016.78
2026-08-16 12:00:00,13016.93,13099.32,12985.94,13093.2
2026-08-16 13:00:00,13093.18,13093.18,12974.45,12978.16
2026-08-16 14:00:00,12977.62,12980.88,12891.36,12899.94
2026-08-16 15:00:00,12899.49,13065.81,12897.14,13028.79
2026-08-16 16:00:00,13029.53,13137.23,13007.32,13071.59
2026-08-16 17:00:00,13071.48,13200.5,13037.73,13140.73
2026-08-16 18:00:00,13140.32,13140.37,13045.12,13099.14
2026-08-16 19:00:00,13098.65,13147.43,13077.12,13081.54
2026-08-16 20:00:00,13081.62,13117.54,13015.54,13053.32
2026-08-16 21:00:00,13053.63,13076.03,13002.69,13003.59
2026-08-16 22:00:00,13003.78,13090.11,12987.62,12987.91
2026-08-16 23:00:00,12987.48,13149.47,12973.09,13120.04
2026-08-17 00:00:00,13119.67,13144.49,13020.96,13025.76
2026-08-17 01:00:00,13025.52,13109.1,13000.17,13106.1
2026-08-17 02:00:00,13105.71,13152.94,13061.82,13105.6
2026-08-17 03:00:00,13104.92,13105.53,13032.34,13033.81
2026-08-17 04:00:00,13033.19,13033.47,12975.31,12986.02
2026-08-17 05:00:00,12985.12,12985.12,12908.95,12932.85
2026-08-17 06:00:00,12932.91,13041.91,12929.26,13009.85
2026-08-17 07:00:00,13009.39,13012.53,12935.85,12937.1
2026-08-17 08:00:00,12937.38,12986.08,12929.76,12942.56
2026-08-17 09:00:00,12942.23,12942.35,12848.89,12852.09
2026-08-17 10:00:00,12851.54,12987.47,12791.65,12972.02
2026-08-17 11:00:00,12971.78,12974.02,12863.91,12889.61
2026-08-17 12:00:00,12890.02,12890.91,12776.39,12778.92
2026-08-17 13:00:00,12778.5,12778.5,12703.39,12704.08
2026-08-17 14:00:00,12704.81,12778.73,12672.09,12750.29
2026-08-17 15:00:00,12749.74,12897.86,12749.0,12848.95
2026-08-17 16:00:00,12848.99,12852.45,12779.32,12804.41
2026-08-17 17:00:00,12804.71,12853.3,12776.67,12793.1
2026-08-17 18:00:00,12793.07,12810.77,12734.25,12740.21
2026-08-17 19:00:00,12740.08,12740.18,12647.18,12652.11
2026-08-17 20:00:00,12652.51,12776.25,12645.53,12708.22
2026-08-17 21:00:00,12708.55,12780.64,12697.98,12747.33
2026-08-17 22:00:00,12747.3,12833.16,12738.45,12762.37
2026-08-17 23:00:00,12762.93,12844.71,12705.26,12818.64
2026-08-18 00:00:00,12818.22,12825.76,12757.94,12758.24
2026-08-18 01:00:00,12757.58,12873.9,12753.83,12831.73
2026-08-18 02:00:00,12832.31,12929.67,12825.47,12915.8
2026-08-18 03:00:00,12915.8,12922.6,12870.98,12871.31
2026-08-18 04:00:00,12871.15,13009.08,12860.85,12939.05
2026-08-18 05:00:00,12938.52,13000.88,12937.63,12979.92
2026-08-18 06:00:00,12980.0,12983.37,12858.91,12867.48
2026-08-18 07:00:00,12867.56,12955.76,12864.5,12952.94
2026-08-18 08:00:00,12952.61,13013.73,12945.72,12955.8
2026-08-18 09:00:00,12956.63,12957.44,12896.22,12911.03
2026-08-18 10:00:00,12911.17,13030.77,12896.91,12948.3
2026-08-18 11:00:00,12948.59,12993.07,12929.04,12965.89
2026-08-18 12:00:00,12965.51,13100.9,12965.34,13042.59
2026-08-18 13:00:00,13042.3,13159.65,13023.7,13137.27
2026-08-18 14:00:00,13136.38,13137.16,13035.04,13036.82
2026-08-18 15:00:00,13037.1,13134.4,13017.13,13017.4
2026-08-18 16:00:00,13017.53,13063.85,12989.74,13058.11
2026-08-18 17:00:00,13057.25,13093.67,12971.97,12974.46
2026-08-18 18:00:00,12974.52,12987.11,12909.28,12909.28
2026-08-18 19:00:00,12909.0,12949.72,12829.62,12948.66
2026-08-18 20:00:00,12949.1,12950.93,12855.75,12865.08
2026-08-18 21:00:00,12865.76,12879.49,12747.73,12794.5
2026-08-18 22:00:00,12794.75,12815.86,12733.85,12734.15
2026-08-18 23:00:00,12734.3,12820.17,12715.88,12780.74
2026-08-19 00:00:00,12780.15,12787.3,12711.07,12758.3
2026-08-19 01:00:00,12758.32,12851.56,12750.96,12821.9
2026-08-19 02:00:00,12821.87,12827.6,12717.97,12720.42
2026-08-19 03:00:00,12721.12,12908.39,12716.11,12904.13
2026-08-19 04:00:00,12904.3,12937.55,12832.48,12832.48
2026-08-19 05:00:00,12833.16,12904.16,12789.79,12826.51
2026-08-19 06:00:00,12826.1,13115.36,12798.79,13068.16
2026-08-19 07:00:00,13067.88,13108.09,13001.92,13028.43
2026-08-19 08:00:00,13028.39,13035.81,12953.42,13010.92
2026-08-19 09:00:00,13011.37,13020.77,12960.28,12982.8
2026-08-19 10:00:00,12983.02,12996.46,12896.87,12971.13
2026-08-19 11:00:00,12971.31,13054.21,12964.46,13038.37
2026-08-19 12:00:00,13037.97,13041.7,12907.75,12931.47
2026-08-19 13:00:00,12931.49,12977.47,12865.93,12893.86
2026-08-19 14:00:00,12894.07,12966.6,12861.65,12923.21
2026-08-19 15:00:00,12923.88,12938.87,12799.19,12802.59
2026-08-19 16:00:00,12802.64,12805.09,12679.64,12680.03
2026-08-19 17:00:00,12679.84,12765.1,12634.13,12689.23
2026-08-19 18:00:00,12689.04,12689.28,12548.14,12554.56
2026-08-19 19:00:00,12553.65,12564.53,12473.93,12475.73
2026-08-19 20:00:00,12475.98,12527.08,12440.69,12469.06
2026-08-19 21:00:00,12468.9,12474.89,12425.64,12442.78
2026-08-19 22:00:00,12442.77,12443.62,12369.42,12423.66
2026-08-19 23:00:00,12423.51,12441.32,12337.07,12440.91
2026-08-20 00:00:00,12440.95,12442.92,12373.9,12387.04
2026-08-20 01:00:00,12387.52,12548.93,12371.41,12510.07
2026-08-20 02:00:00,12510.24,12536.46,12486.22,12513.3
2026-08-20 03:00:00,12513.64,12590.54,12479.86,12580.7
2026-08-20 04:00:00,12580.04,12603.48,12529.91,12572.42
2026-08-20 05:00:00,12571.9,12586.0,12520.53,12564.87
2026-08-20 06:00:00,12564.8,12594.14,12506.06,12583.5
2026-08-20 07:00:00,12583.97,12690.39,12534.48,12649.7
2026-08-20 08:00:00,12649.57,12710.6,12561.94,12687.63
2026-08-20 09:00:00,12688.21,12689.29,12554.41,12566.87
2026-08-20 10:00:00,12566.96,12601.85,12501.06,12501.49
2026-08-20 11:00:00,12501.55,12512.01,12415.54,12420.06
2026-08-20 12:00:00,12419.87,12541.86,12317.07,12538.08
2026-08-20 13:00:00,12537.66,12825.65,12532.55,12760.67
2026-08-20 14:00:00,12760.97,12760.97,12660.93,12660.93
2026-08-20 15:00:00,12660.75,12697.08,12635.78,12660.4
2026-08-20 16:00:00,12660.31,12740.37,12640.64,12684.75
2026-08-20 17:00:00,12684.41,13031.94,12636.36,13031.94
2026-08-20 18:00:00,13032.01,13160.09,13001.67,13134.58
2026-08-20 19:00:00,13134.82,13136.51,13068.31,13068.54
2026-08-20 20:00:00,13068.26,13069.89,12994.28,12994.91
2026-08-20 21:00:00,12994.94,13091.67,12984.03,13005.87
2026-08-20 22:00:00,13005.6,13101.49,12999.66,13039.84
2026-08-20 23:00:00,13039.89,13041.46,12933.85,12938.85
2026-08-21 00:00:00,12940.45,12993.57,12900.58,12990.52
2026-08-21 01:00:00,12991.68,13025.62,12913.91,12915.11
2026-08-21 02:00:00,12914.44,12914.94,12824.39,12862.66
2026-08-21 03:00:00,12862.03,13001.23,12839.5,12999.67
2026-08-21 04:00:00,12999.81,13000.74,12903.14,12904.52
2026-08-21 05:00:00,12904.57,13068.44,12863.53,13039.31
2026-08-21 06:00:00,13038.43,13071.26,12991.33,12999.27
2026-08-21 07:00:00,12998.75,13145.79,12960.88,13132.35
2026-08-21 08:00:00,13132.48,13180.04,13098.44,13099.05
2026-08-21 09:00:00,13099.07,13140.57,13063.88,13090.31
2026-08-21 10:00:00,13089.72,13096.92,12998.65,13013.92
2026-08-21 11:00:00,13013.7,13047.4,12968.29,13007.17
2026-08-21 12:00:00,13007.88,13107.05,13006.68,13068.84
2026-08-21 13:00:00,13067.81,13111.04,12997.09,12997.09
2026-08-21 14:00:00,12997.35,13076.26,12988.73,13047.19
2026-08-21 15:00:00,13048.11,13174.28,13019.07,13166.07
2026-08-21 16:00:00,13165.63,13168.15,13030.19,13033.33
2026-08-21 17:00:00,13033.3,13033.3,12972.11,12982.89
2026-08-21 18:00:00,12982.64,12985.72,12827.09,12832.06
2026-08-21 19:00:00,12832.04,12863.67,12780.73,12814.19
2026-08-21 20:00:00,12814.91,12817.28,12680.89,12686.2
2026-08-21 21:00:00,12685.94,12686.46,12577.04,12577.74
2026-08-21 22:00:00,12577.34,12577.79,12463.01,12544.55
2026-08-21 23:00:00,12544.42,12630.79,12530.42,12532.42
2026-08-22 00:00:00,12532.56,12579.55,12483.81,12483.96
2026-08-22 01:00:00,12484.41,12573.13,12400.31,12557.84
2026-08-22 02:00:00,12558.18,12563.94,12501.51,12502.05
2026-08-22 03:00:00,12502.22,12579.74,12448.82,12576.86
2026-08-22 04:00:00,12576.79,12671.83,12555.82,12601.68
2026-08-22 05:00:00,12601.94,12610.14,12493.61,12523.45
2026-08-22 06:00:00,12523.39,12628.55,12494.03,12571.25
2026-08-22 07:00:00,12572.16,12610.08,12543.82,12563.87
2026-08-22 08:00:00,12563.89,12617.55,12529.42,12584.19
2026-08-22 09:00:00,12584.2,12588.07,12471.54,12482.02
2026-08-22 10:00:00,12482.11,12510.01,12407.0,12495.49
2026-08-22 11:00:00,12496.38,12496.58,12398.53,12406.18
2026-08-22 12:00:00,12406.2,12428.9,12344.99,12360.91
2026-08-22 13:00:00,12361.36,12387.06,12291.94,12361.41
2026-08-22 14:00:00,12361.36,12509.12,12331.53,12439.1
2026-08-22 15:00:00,12439.55,12466.61,12336.01,12338.79
2026-08-22 16:00:00,12338.9,12437.43,12336.7,12423.11
2026-08-22 17:00:00,12423.01,12452.69,12369.39,12383.81
2026-08-22 18:00:00,12383.33,12384.58,12274.23,12274.39
2026-08-22 19:00:00,12274.03,12368.17,12257.09,12303.9
2026-08-22 20:00:00,12304.04,12328.65,12230.06,12236.71
2026-08-22 21:00:00,12236.45,12295.53,12188.78,12271.48
2026-08-22 22:00:00,12271.19,12277.54,12184.87,12184.87
2026-08-22 23:00:00,12184.88,12187.51,12097.8,12124.1
2026-08-23 00:00:00,12124.01,12172.08,12109.97,12137.13
2026-08-23 01:00:00,12137.85,12147.79,12056.41,12145.6
2026-08-23 02:00:00,12145.06,12243.0,12101.46,12213.03
2026-08-23 03:00:00,12212.99,12253.99,12132.31,12175.93
2026-08-23 04:00:00,12175.72,12176.49,12085.72,12160.74
2026-08-23 05:00:00,12161.19,12320.36,12136.87,12269.6
2026-08-23 06:00:00,12270.25,12271.38,12118.62,12120.59
2026-08-23 07:00:00,12121.03,12125.76,12042.56,12093.8
2026-08-23 08:00:00,12093.67,12138.34,12068.43,12089.64
2026-08-23 09:00:00,12090.38,12165.68,12083.91,12087.55
2026-08-23 10:00:00,12087.79,12206.52,12046.17,12199.86
2026-08-23 11:00:00,12200.09,12201.16,12115.74,12120.26
2026-08-23 12:00:00,12120.52,12290.48,12112.58,12242.53
2026-08-23 13:00:00,12242.26,12390.49,12189.73,12363.33
2026-08-23 14:00:00,12363.03,12548.0,12362.49,12542.92
2026-08-23 15:00:00,12543.07,12556.71,12457.77,12504.52
2026-08-23 16:00:00,12504.57,12661.24,12498.04,12650.12
2026-08-23 17:00:00,12649.75,12707.44,12638.96,12639.22
2026-08-23 18:00:00,12638.94,12749.66,12631.08,12706.12
2026-08-23 19:00:00,12706.49,12758.11,12662.88,12714.71
2026-08-23 20:00:00,12714.21,12859.4,12708.16,12834.52
2026-08-23 21:00:00,12834.62,12850.29,12793.54,12798.38
2026-08-23 22:00:00,12798.17,12812.98,12703.59,12706.93
2026-08-23 23:00:00,12706.59,12719.43,12636.93,12639.02
2026-08-24 00:00:00,12639.51,12639.51,12552.16,12574.89
2026-08-24 01:00:00,12574.52,12581.31,12528.56,12556.78
2026-08-24 02:00:00,12556.35,12609.63,12522.49,12593.49
2026-08-24 03:00:00,12593.57,12663.59,12542.55,12659.22
2026-08-24 04:00:00,12659.21,12711.62,12628.07,12680.26
2026-08-24 05:00:00,12680.97,12682.81,12586.2,12590.94
2026-08-24 06:00:00,12590.4,12592.73,12527.2,12561.2
2026-08-24 07:00:00,12561.12,12608.77,12556.19,12582.29
2026-08-24 08:00:00,12582.49,12583.2,12456.92,12487.87
2026-08-24 09:00:00,12488.41,12528.51,12467.04,12483.48
2026-08-24 10:00:00,12484.11,12635.23,12476.96,12562.62
2026-08-24 11:00:00,12563.06,12594.43,12506.15,12544.17
2026-08-24 12:00:00,12544.4,12568.81,12476.4,12497.74
2026-08-24 13:00:00,12497.51,12497.89,12401.03,12440.33
2026-08-24 14:00:00,12439.66,12456.78,12372.59,12379.3
2026-08-24 15:00:00,12379.63,12415.85,12314.27,12389.24
2026-08-24 16:00:00,12389.81,12427.35,12359.86,12391.68
2026-08-24 17:00:00,12391.14,12432.81,12340.33,12354.54
2026-08-24 18:00:00,12354.63,12356.39,12242.14,12295.93
2026-08-24 19:00:00,12295.09,12300.49,12231.99,12239.01
2026-08-24 20:00:00,12237.84,12380.46,12237.39,12348.92
2026-08-24 21:00:00,12348.02,12350.0,12258.45,12327.4
2026-08-24 22:00:00,12327.07,12328.92,12235.02,12272.64
2026-08-24 23:00:00,12272.56,12272.56,12185.23,12186.56
2026-08-25 00:00:00,12186.78,12212.47,12158.81,12187.63
2026-08-25 01:00:00,12187.98,12245.78,12155.27,12190.83
2026-08-25 02:00:00,12190.69,12302.53,12187.44,12244.26
2026-08-25 03:00:00,12244.49,12381.44,12230.41,12368.55
2026-08-25 04:00:00,12368.44,12369.1,12278.78,12308.84
2026-08-25 05:00:00,12308.9,12583.32,12295.94,12564.84
2026-08-25 06:00:00,12565.33,12565.33,12451.91,12462.1
2026-08-25 07:00:00,12461.6,12474.21,12390.36,12472.89
2026-08-25 08:00:00,12472.17,12479.38,12386.96,12387.31
2026-08-25 09:00:00,12386.83,12413.89,12304.09,12399.06
2026-08-25 10:00:00,12398.33,12488.77,12371.54,12409.92
2026-08-25 11:00:00,12410.3,12454.31,12347.97,12348.61
2026-08-25 12:00:00,12348.77,12349.07,12288.39,12303.1
2026-08-25 13:00:00,12302.65,12312.81,12222.33,12225.43
2026-08-25 14:00:00,12225.63,12307.81,12192.75,12302.1
2026-08-25 15:00:00,12301.96,12362.11,12243.95,12312.16
2026-08-25 16:00:00,12312.6,12328.1,12249.2,12270.81
2026-08-25 17:00:00,12270.73,12273.73,12186.68,12238.59
2026-08-25 18:00:00,12238.94,12324.69,12189.61,12190.46
2026-08-25 19:00:00,12190.14,12226.45,12129.61,12129.61
2026-08-25 20:00:00,12130.14,12144.76,12036.51,12104.01
2026-08-25 21:00:00,12104.22,12308.27,12096.9,12305.67
2026-08-25 22:00:00,12304.52,12327.83,12270.05,12277.67
2026-08-25 23:00:00,12278.03,12335.52,12211.17,12216.58
2026-08-26 00:00:00,12217.23,12218.62,12157.15,12168.79
2026-08-26 01:00:00,12168.58,12183.11,12089.93,12094.31
2026-08-26 02:00:00,12094.7,12164.67,12087.68,12113.05
2026-08-26 03:00:00,12113.49,12115.81,11976.79,11977.73
2026-08-26 04:00:00,11977.44,11982.65,11907.59,11909.59
2026-08-26 05:00:00,11909.32,12054.94,11875.0,12011.77
2026-08-26 06:00:00,12011.85,12095.58,11981.8,12079.68
2026-08-26 07:00:00,12079.65,12082.26,11978.4,11978.58
2026-08-26 08:00:00,11978.32,12002.98,11921.86,11940.68
2026-08-26 09:00:00,11940.38,12014.36,11906.1,11954.74
2026-08-26 10:00:00,11955.72,11956.82,11868.74,11886.86
2026-08-26 11:00:00,11886.34,11888.28,11793.55,11794.15
2026-08-26 12:00:00,11794.78,11903.11,11722.22,11861.68
2026-08-26 13:00:00,11861.16,11862.16,11792.02,11792.82
2026-08-26 14:00:00,11793.05,11811.19,11747.57,11758.27
2026-08-26 15:00:00,11757.6,11757.82,11692.85,11694.47
2026-08-26 16:00:00,11694.77,11708.51,11637.29,11701.24
2026-08-26 17:00:00,11701.41,11762.37,11695.25,11746.07
2026-08-26 18:00:00,11745.41,11869.35,11703.06,11839.95
2026-08-26 19:00:00,11840.19,11909.15,11798.14,11864.06
2026-08-26 20:00:00,11864.37,11942.15,11850.75,11870.73
2026-08-26 21:00:00,11871.72,11943.67,11840.24,11894.16
2026-08-26 22:00:00,11893.85,11978.85,11843.33,11960.66
2026-08-26 23:00:00,11960.73,11961.19,11833.19,11872.92
2026-08-27 00:00:00,11872.45,12001.57,11867.28,11891.13
2026-08-27 01:00:00,11890.9,11970.26,11868.04,11959.45
2026-08-27 02:00:00,11958.68,12013.33,11923.85,12005.32
2026-08-27 03:00:00,12006.08,12029.77,11943.12,11943.77
2026-08-27 04:00:00,11943.91,11956.34,11866.03,11907.99
2026-08-27 05:00:00,11907.88,11940.87,11886.16,11917.29
2026-08-27 06:00:00,11917.15,12126.96,11912.71,12065.63
2026-08-27 07:00:00,12066.41,12083.72,12044.82,12075.21
2026-08-27 08:00:00,12074.91,12078.38,12020.85,12028.11
2026-08-27 09:00:00,12028.23,12040.6,11933.57,11936.62
2026-08-27 10:00:00,11936.97,11950.15,11867.08,11926.42
2026-08-27 11:00:00,11926.29,12054.17,11914.93,12050.16
2026-08-27 12:00:00,12050.4,12211.12,12036.97,12173.97
2026-08-27 13:00:00,12174.11,12299.37,12119.79,12272.5
2026-08-27 14:00:00,12272.14,12274.06,12211.34,12240.92
2026-08-27 15:00:00,12241.15,12273.93,12201.59,12234.25
2026-08-27 16:00:00,12235.07,12330.82,12224.3,12290.64
2026-08-27 17:00:00,12290.53,12290.73,12189.41,12191.97
2026-08-27 18:00:00,12192.08,12192.08,12078.87,12106.57
2026-08-27 19:00:00,12106.97,12108.19,11999.71,12023.26
2026-08-27 20:00:00,12023.25,12023.25,11891.03,11893.89
2026-08-27 21:00:00,11893.8,11942.25,11849.28,11914.42
2026-08-27 22:00:00,11914.77,11921.85,11784.28,11843.57
2026-08-27 23:00:00,11843.69,11847.44,11811.54,11832.9
2026-08-28 00:00:00,11832.88,11854.38,11765.92,11808.67
2026-08-28 01:00:00,11808.48,11839.52,11743.61,11764.93
2026-08-28 02:00:00,11764.86,11877.01,11753.22,11856.71
2026-08-28 03:00:00,11856.71,11863.16,11823.9,11834.73
2026-08-28 04:00:00,11834.69,11834.85,11740.15,11760.52
2026-08-28 05:00:00,11760.89,11961.46,11744.07,11945.55
2026-08-28 06:00:00,11945.29,11945.58,11853.91,11856.46
2026-08-28 07:00:00,11855.82,11864.23,11806.93,11809.58
2026-08-28 08:00:00,11809.38,11809.38,11722.18,11729.18
2026-08-28 09:00:00,11728.56,11752.79,11664.13,11664.13
2026-08-28 10:00:00,11663.84,11666.69,11528.82,11530.58
2026-08-28 11:00:00,11530.56,11540.46,11455.54,11456.18
2026-08-28 12:00:00,11455.69,11494.72,11361.75,11363.95
2026-08-28 13:00:00,11363.63,11371.86,11320.78,11333.88
2026-08-28 14:00:00,11333.28,11380.63,11293.06,11326.87
2026-08-28 15:00:00,11327.19,11337.15,11252.08,11331.5
2026-08-28 16:00:00,11331.36,11468.62,11309.15,11458.08
2026-08-28 17:00:00,11458.06,11458.66,11383.53,11412.3
2026-08-28 18:00:00,11412.49,11421.87,11331.9,11333.11
2026-08-28 19:00:00,11332.99,11333.59,11258.29,11262.0
2026-08-28 20:00:00,11262.25,11265.44,11196.24,11237.71
2026-08-28 21:00:00,11237.64,11238.62,11186.02,11203.16
2026-08-28 22:00:00,11203.06,11206.16,11159.33,11162.0
2026-08-28 23:00:00,11161.47,11164.05,11110.12,11154.14
2026-08-29 00:00:00,11154.4,11157.13,11083.91,11100.31
2026-08-29 01:00:00,11100.35,11117.08,11064.58,11068.97
2026-08-29 02:00:00,11069.6,11071.38,10986.68,10992.56
2026-08-29 03:00:00,10992.46,11047.08,10940.99,10942.47
2026-08-29 04:00:00,10942.32,10942.74,10819.57,10819.57
2026-08-29 05:00:00,10819.62,10880.94,10787.38,10845.11
2026-08-29 06:00:00,10845.07,10925.09,10819.84,10919.7
2026-08-29 07:00:00,10919.55,11093.67,10910.43,11053.19
2026-08-29 08:00:00,11053.23,11082.77,11028.16,11068.0
2026-08-29 09:00:00,11067.84,11068.71,10971.61,10989.22
2026-08-29 10:00:00,10988.78,10999.6,10931.63,10948.45
2026-08-29 11:00:00,10948.68,11048.22,10929.32,11037.52
2026-08-29 12:00:00,11038.09,11054.0,10998.27,11040.46
2026-08-29 13:00:00,11041.02,11131.68,11019.67,11131.32
2026-08-29 14:00:00,11130.84,11170.45,11071.8,11169.39
2026-08-29 15:00:00,11169.64,11305.1,11168.97,11298.6
2026-08-29 16:00:00,11299.29,11337.67,11259.44,11283.87
2026-08-29 17:00:00,11283.89,11318.88,11245.95,11292.94
2026-08-29 18:00:00,11293.16,11307.16,11225.96,11226.38
2026-08-29 19:00:00,11225.76,11273.3,11203.84,11256.71
2026-08-29 20:00:00,11256.34,11265.31,11185.92,11194.06
2026-08-29 21:00:00,11194.26,11195.22,11077.12,11077.84
2026-08-29 22:00:00,11078.02,11090.42,11026.58,11026.81
2026-08-29 23:00:00,11026.82,11071.85,10982.33,11058.69
2026-08-30 00:00:00,11058.68,11232.54,11037.73,11186.6
2026-08-30 01:00:00,11187.01,11187.01,11094.41,11099.87
2026-08-30 02:00:00,11100.36,11183.67,11067.3,11097.22
2026-08-30 03:00:00,11097.49,11097.84,11011.05,11052.23
2026-08-30 04:00:00,11052.06,11149.93,11048.12,11135.01
2026-08-30 05:00:00,11135.12,11136.51,11060.19,11060.35
2026-08-30 06:00:00,11059.8,11101.86,11049.22,11101.21
2026-08-30 07:00:00,11100.91,11101.74,11022.26,11033.5
2026-08-30 08:00:00,11033.92,11059.43,10968.92,11055.26
2026-08-30 09:00:00,11055.19,11262.01,11054.97,11254.51
2026-08-30 10:00:00,11255.08,11263.79,11209.75,11227.58
2026-08-30 11:00:00,11227.66,11236.79,11132.07,11132.28
2026-08-30 12:00:00,11132.56,11133.86,11011.64,11014.14
2026-08-30 13:00:00,11014.12,11028.76,10933.37,10951.6
2026-08-30 14:00:00,10950.75,11132.87,10942.16,11113.48
2026-08-30 15:00:00,11112.98,11114.89,11028.0,11031.05
2026-08-30 16:00:00,11030.71,11057.14,10948.07,10980.65
2026-08-30 17:00:00,10981.04,10993.31,10939.15,10939.15
2026-08-30 18:00:00,10939.05,10940.66,10853.05,10855.79
2026-08-30 19:00:00,10855.48,10861.26,10792.05,10799.38
2026-08-30 20:00:00,10799.74,10799.78,10752.18,10752.18
2026-08-30 21:00:00,10751.91,10807.94,10733.85,10796.26
2026-08-30 22:00:00,10796.62,10806.07,10759.02,10760.39
2026-08-30 23:00:00,10760.5,10900.69,10738.51,10881.85
2026-08-31 00:00:00,10881.44,10936.55,10871.72,10926.75
2026-08-31 01:00:00,10927.1,10933.2,10867.84,10886.71
2026-08-31 02:00:00,10886.8,10893.0,10807.19,10809.67
2026-08-31 03:00:00,10809.49,10947.93,10804.71,10931.31
2026-08-31 04:00:00,10931.84,10943.26,10862.23,10863.01
2026-08-31 05:00:00,10862.92,10894.15,10834.18,10870.78
2026-08-31 06:00:00,10869.94,10907.32,10859.84,10880.21
2026-08-31 07:00:00,10879.95,10880.31,10822.92,10827.32
2026-08-31 08:00:00,10827.48,10876.89,10823.08,10841.45
2026-08-31 09:00:00,10841.39,10928.15,10833.5,10922.28
2026-08-31 10:00:00,10922.34,11044.12,10914.16,11034.18
2026-08-31 11:00:00,11034.34,11044.39,10983.03,11005.16
2026-08-31 12:00:00,11004.81,11039.4,10965.91,11009.36
2026-08-31 13:00:00,11009.36,11009.36,10926.63,10956.43
2026-08-31 14:00:00,10956.4,10985.52,10903.93,10931.41
2026-08-31 15:00:00,10931.41,10945.77,10819.79,10821.7
2026-08-31 16:00:00,10822.53,10838.27,10779.29,10835.48
2026-08-31 17:00:00,10835.71,10852.86,10777.46,10797.65
2026-08-31 18:00:00,10797.57,10835.49,10784.7,10824.28
2026-08-31 19:00:00,10823.91,10863.18,10795.07,10849.83
2026-08-31 20:00:00,10850.0,10962.3,10829.13,10923.34
2026-08-31 21:00:00,10923.73,10948.22,10888.32,10894.31
2026-08-31 22:00:00,10893.94,11005.57,10876.36,10979.46
2026-08-31 23:00:00,10979.01,11015.8,10953.48,10970.96
2026-09-01 00:00:00,10970.32,10993.18,10919.56,10992.55
2026-09-01 01:00:00,10992.62,10995.18,10911.72,10929.98
2026-09-01 02:00:00,10930.43,11131.52,10928.76,11114.23
2026-09-01 03:00:00,11114.08,11114.16,11064.3,11081.86
2026-09-01 04:00:00,11080.45,11118.73,11026.46,11027.3
2026-09-01 05:00:00,11027.29,11072.79,11002.67,11031.86
2026-09-01 06:00:00,11031.88,11036.17,10987.16,11004.86
2026-09-01 07:00:00,11004.89,11035.9,10978.38,11030.54
2026-09-01 08:00:00,11030.34,11031.76,10973.08,10978.15
2026-09-01 09:00:00,10978.3,10984.97,10922.82,10926.94
2026-09-01 10:00:00,10926.82,10948.67,10876.49,10892.48
2026-09-01 11:00:00,10892.68,10959.87,10891.6,10920.11
2026-09-01 12:00:00,10920.31,10975.65,10904.54,10960.53
2026-09-01 13:00:00,10960.11,11002.1,10941.47,10941.47
2026-09-01 14:00:00,10940.98,10957.93,10919.79,10935.26
2026-09-01 15:00:00,10935.18,10935.18,10824.19,10824.34
2026-09-01 16:00:00,10824.16,10836.43,10721.55,10725.03
2026-09-01 17:00:00,10725.08,10732.53,10694.32,10712.37
2026-09-01 18:00:00,10711.82,10711.82,10614.54,10617.29
2026-09-01 19:00:00,10617.24,10620.53,10554.76,10568.35
2026-09-01 20:00:00,10568.14,10685.62,10563.69,10643.83
2026-09-01 21:00:00,10643.03,10747.2,10605.58,10744.3
2026-09-01 22:00:00,10744.35,10779.43,10702.04,10709.15
2026-09-01 23:00:00,10708.43,10760.37,10645.44,10740.81
2026-09-02 00:00:00,10740.73,10745.21,10662.65,10693.38
2026-09-02 01:00:00,10692.63,10708.71,10643.26,10677.27
2026-09-02 02:00:00,10677.79,10679.62,10631.5,10644.73
2026-09-02 03:00:00,10644.74,10654.96,10579.82,10581.6
2026-09-02 04:00:00,10581.29,10581.62,10506.31,10509.04
2026-09-02 05:00:00,10508.83,10511.02,10393.64,10396.4
2026-09-02 06:00:00,10396.6,10472.68,10380.57,10423.04
2026-09-02 07:00:00,10423.23,10426.61,10377.04,10390.73
2026-09-02 08:00:00,10390.34,10390.34,10302.7,10307.68
2026-09-02 09:00:00,10337.31,10337.7,10227.67,10229.16
2026-09-02 10:00:00,10229.14,10238.83,10162.93,10199.27
2026-09-02 11:00:00,10198.55,10205.83,10177.05,10186.43
2026-09-02 12:00:00,10186.75,10251.17,10166.67,10230.03
2026-09-02 13:00:00,10229.78,10231.55,10150.03,10162.78
2026-09-02 14:00:00,10162.79,10219.9,10144.82,10203.89
2026-09-02 15:00:00,10203.48,10205.69,10139.4,10148.69
2026-09-02 16:00:00,10148.75,10159.84,10097.44,10101.96
2026-09-02 17:00:00,10101.69,10102.13,10033.94,10048.01
2026-09-02 18:00:00,10047.53,10103.93,10023.34,10043.54
2026-09-02 19:00:00,10043.66,10058.32,10008.98,10010.55
2026-09-02 20:00:00,10010.42,10022.3,9951.5,9967.16
2026-09-02 21:00:00,9967.35,9996.89,9899.16,9918.02
2026-09-02 22:00:00,9917.44,9917.8,9850.56,9852.66
2026-09-02 23:00:00,9852.46,9875.35,9801.88,9802.9
2026-09-03 00:00:00,9802.82,9886.36,9800.57,9820.08
2026-09-03 01:00:00,9819.87,9885.85,9814.28,9836.03
2026-09-03 02:00:00,9836.05,9925.64,9829.42,9877.8
2026-09-03 03:00:00,9877.52,9987.35,9866.76,9954.33
2026-09-03 04:00:00,9954.52,9957.82,9908.77,9909.29
2026-09-03 05:00:00,9909.63,9909.74,9827.44,9829.47
2026-09-03 06:00:00,9829.38,9848.52,9784.16,9792.0
2026-09-03 07:00:00,9792.19,9872.28,9751.08,9870.29
2026-09-03 08:00:00,9870.59,10028.15,9846.11,10006.96
2026-09-03 09:00:00,10007.24,10169.34,10007.12,10135.46
2026-09-03 10:00:00,10135.51,10136.94,10060.92,10074.29
2026-09-03 11:00:00,10074.48,10089.74,10005.58,10067.93
2026-09-03 12:00:00,10067.83,10073.48,10023.46,10042.07
2026-09-03 13:00:00,10041.34,10139.55,10038.57,10105.63
2026-09-03 14:00:00,10105.63,10131.32,10084.15,10106.5
2026-09-03 15:00:00,10106.64,10112.03,10064.56,10071.36
2026-09-03 16:00:00,10071.48,10075.27,9973.06,10054.51
2026-09-03 17:00:00,10054.7,10247.49,10049.67,10226.33
2026-09-03 18:00:00,10226.22,10348.58,10225.05,10262.04
2026-09-03 19:00:00,10262.28,10400.85,10254.7,10383.86
2026-09-03 20:00:00,10383.9,10466.45,10376.09,10427.43
2026-09-03 21:00:00,10427.54,10432.24,10368.66,10375.8
2026-09-03 22:00:00,10376.4,10386.17,10306.87,10368.06
2026-09-03 23:00:00,10367.58,10383.99,10327.91,10333.99
2026-09-04 00:00:00,10334.02,10381.29,10312.2,10322.04
2026-09-04 01:00:00,10321.95,10335.89,10237.0,10331.67
2026-09-04 02:00:00,10331.5,10409.43,10313.82,10377.76
2026-09-04 03:00:00,10378.39,10409.33,10327.21,10406.88
2026-09-04 04:00:00,10406.86,10412.28,10319.21,10340.35
2026-09-04 05:00:00,10340.61,10383.76,10331.08,10333.04
2026-09-04 06:00:00,10333.22,10456.22,10331.06,10445.01
2026-09-04 07:00:00,10445.32,10446.73,10371.29,10392.25
2026-09-04 08:00:00,10392.66,10426.62,10385.14,10400.59
2026-09-04 09:00:00,10400.2,10404.64,10300.04,10324.43
2026-09-04 10:00:00,10324.77,10341.29,10258.71,10307.57
2026-09-04 11:00:00,10307.53,10348.74,10288.26,10302.58
2026-09-04 12:00:00,10301.79,10350.41,10270.23,10271.9
2026-09-04 13:00:00,10271.66,10290.28,10225.87,10240.35
2026-09-04 14:00:00,10240.22,10251.56,10180.08,10181.81
2026-09-04 15:00:00,10182.15,10218.76,10151.35,10155.26
2026-09-04 16:00:00,10155.36,10234.43,10117.12,10220.66
2026-09-04 17:00:00,10220.94,10249.24,10184.41,10233.71
2026-09-04 18:00:00,10233.46,10307.66,10230.37,10288.92
2026-09-04 19:00:00,10289.24,10292.65,10223.01,10240.63
2026-09-04 20:00:00,10240.71,10251.49,10192.41,10241.95
2026-09-04 21:00:00,10241.68,10323.23,10220.14,10315.62
2026-09-04 22:00:00,10314.86,10448.92,10302.41,10444.48
2026-09-04 23:00:00,10444.84,10535.72,10403.88,10529.33
2026-09-05 00:00:00,10529.13,10532.43,10459.6,10484.76
2026-09-05 01:00:00,10485.25,10485.65,10380.85,10384.99
2026-09-05 02:00:00,10385.18,10523.06,10380.81,10522.33
2026-09-05 03:00:00,10522.32,10537.77,10484.58,10485.15
2026-09-05 04:00:00,10485.03,10501.78,10442.44,10458.42
2026-09-05 05:00:00,10458.42,10459.95,10359.48,10370.84
2026-09-05 06:00:00,10370.2,10376.23,10262.35,10265.01
2026-09-05 07:00:00,10265.78,10267.56,10197.08,10197.34
2026-09-05 08:00:00,10196.71,10196.72,10067.52,10067.52
2026-09-05 09:00:00,10067.39,10167.71,10021.83,10158.39
2026-09-05 10:00:00,10158.66,10207.54,10141.2,10151.87
2026-09-05 11:00:00,10151.75,10160.97,10101.98,10103.88
2026-09-05 12:00:00,10104.79,10118.66,10067.63,10085.66
2026-09-05 13:00:00,10085.95,10141.15,10080.91,10091.95
2026-09-05 14:00:00,10092.57,10103.6,10047.0,10047.01
2026-09-05 15:00:00,10046.74,10080.45,9984.28,10059.25
2026-09-05 16:00:00,10059.5,10098.76,10029.77,10030.57
2026-09-05 17:00:00,10030.14,10106.51,10019.06,10050.67
2026-09-05 18:00:00,10050.61,10051.15,9984.01,10044.39
2026-09-05 19:00:00,10044.46,10272.25,10022.56,10254.17
2026-09-05 20:00:00,10254.44,10376.08,10244.1,10368.15
2026-09-05 21:00:00,10368.19,10388.26,10317.5,10319.86
2026-09-05 22:00:00,10319.31,10376.14,10314.16,10373.85
2026-09-05 23:00:00,10373.79,10422.18,10338.26,10417.1
2026-09-06 00:00:00,10416.92,10427.63,10367.39,10399.92
2026-09-06 01:00:00,10400.28,10400.83,10342.84,10368.11
2026-09-06 02:00:00,10367.57,10373.58,10338.55,10366.04
2026-09-06 03:00:00,10367.17,10571.83,10346.41,10567.62
2026-09-06 04:00:00,10567.68,10600.41,10528.14,10529.28
2026-09-06 05:00:00,10528.64,10588.22,10509.03,10571.87
2026-09-06 06:00:00,10572.43,10706.89,10570.62,10693.09
2026-09-06 07:00:00,10692.89,10737.36,10646.17,10695.73
2026-09-06 08:00:00,10696.03,10699.51,10629.82,10650.05
2026-09-06 09:00:00,10650.14,10719.47,10638.8,10638.8
2026-09-06 10:00:00,10639.19,10738.58,10609.27,10720.83
2026-09-06 11:00:00,10721.24,10725.05,10615.08,10622.8
2026-09-06 12:00:00,10623.14,10655.69,10556.63,10557.38
2026-09-06 13:00:00,10557.64,10577.04,10508.36,10510.71
2026-09-06 14:00:00,10510.82,10572.43,10478.77,10478.77
2026-09-06 15:00:00,10478.98,10478.98,10402.68,10440.89
2026-09-06 16:00:00,10441.2,10667.28,10438.17,10649.16
2026-09-06 17:00:00,10649.67,10688.36,10613.19,10614.06
2026-09-06 18:00:00,10614.14,10615.25,10551.71,10610.97
2026-09-06 19:00:00,10610.86,10614.05,10542.47,10561.06
2026-09-06 20:00:00,10560.72,10562.71,10466.03,10466.03
2026-09-06 21:00:00,10465.79,10549.76,10441.26,10543.54
2026-09-06 22:00:00,10543.91,10623.28,10533.92,10614.34
2026-09-06 23:00:00,10613.69,10655.29,10577.61,10640.7
2026-09-07 00:00:00,10640.29,10652.27,10610.24,10625.94
2026-09-07 01:00:00,10625.99,10749.57,10613.62,10737.95
2026-09-07 02:00:00,10738.47,10791.95,10730.98,10742.27
2026-09-07 03:00:00,10741.82,10757.84,10668.61,10731.95
2026-09-07 04:00:00,10731.27,10731.27,10650.63,10650.63
2026-09-07 05:00:00,10650.44,10652.1,10607.97,10619.68
2026-09-07 06:00:00,10619.27,10700.53,10618.32,10673.53
2026-09-07 07:00:00,10673.91,10740.8,10652.57,10719.15
2026-09-07 08:00:00,10718.86,10732.75,10664.86,10667.72
2026-09-07 09:00:00,10667.22,10693.32,10609.54,10611.96
2026-09-07 10:00:00,10612.86,10744.21,10599.42,10664.23
2026-09-07 11:00:00,10663.7,10663.7,10581.38,10608.66
2026-09-07 12:00:00,10609.1,10656.48,10562.02,10649.89
2026-09-07 13:00:00,10649.0,10649.09,10597.93,10628.77
2026-09-07 14:00:00,10628.32,10654.24,10605.21,10626.12
2026-09-07 15:00:00,10626.38,10627.58,10553.81,10581.63
2026-09-07 16:00:00,10580.95,10590.23,10533.04,10533.08
2026-09-07 17:00:00,10533.45,10611.6,10532.85,10597.05
2026-09-07 18:00:00,10596.51,10596.84,10472.86,10477.29
2026-09-07 19:00:00,10477.65,10607.93,10465.76,10527.62
2026-09-07 20:00:00,10527.61,10642.05,10510.98,10610.63
2026-09-07 21:00:00,10610.63,10693.16,10581.22,10668.34
2026-09-07 22:00:00,10668.23,10733.22,10663.17,10712.41
2026-09-07 23:00:00,10712.31,10724.4,10642.74,10653.19
2026-09-08 00:00:00,10653.47,10657.69,10582.77,10595.54
2026-09-08 01:00:00,10595.69,10668.61,10567.88,10629.3
2026-09-08 02:00:00,10630.37,10692.13,10615.76,10678.2
2026-09-08 03:00:00,10677.69,10791.15,10677.69,10788.9
2026-09-08 04:00:00,10788.56,10827.27,10766.88,10770.29
2026-09-08 05:00:00,10771.2,10838.59,10747.35,10823.13
2026-09-08 06:00:00,10822.67,10828.1,10726.94,10730.82
2026-09-08 07:00:00,10730.86,10744.53,10639.05,10643.04
2026-09-08 08:00:00,10643.22,10714.16,10608.53,10713.98
2026-09-08 09:00:00,10713.04,10724.37,10645.33,10648.38
2026-09-08 10:00:00,10647.69,10694.56,10636.14,10643.67
2026-09-08 11:00:00,10643.5,10654.82,10566.4,10578.11
2026-09-08 12:00:00,10577.68,10609.71,10547.24,10556.94
2026-09-08 13:00:00,10556.99,10568.02,10471.92,10476.0
2026-09-08 14:00:00,10476.09,10476.58,10349.49,10349.49
2026-09-08 15:00:00,10349.35,10444.4,10328.61,10425.3
2026-09-08 16:00:00,10425.24,10447.87,10357.76,10358.93
2026-09-08 17:00:00,10359.22,10367.01,10297.89,10308.64
2026-09-08 18:00:00,10308.36,10333.34,10272.86,10328.87
2026-09-08 19:00:00,10329.09,10366.7,10313.95,10327.33
2026-09-08 20:00:00,10326.86,10331.57,10224.47,10226.2
2026-09-08 21:00:00,10225.84,10226.27,10155.84,10167.44
2026-09-08 22:00:00,10166.8,10233.56,10152.37,10233.56
2026-09-08 23:00:00,10233.71,10327.05,10230.79,10274.95
2026-09-09 00:00:00,10274.72,10311.66,10223.48,10225.53
2026-09-09 01:00:00,10225.76,10226.12,10136.0,10137.52
2026-09-09 02:00:00,10137.78,10244.86,10114.28,10228.36
2026-09-09 03:00:00,10228.15,10282.08,10190.96,10279.97
2026-09-09 04:00:00,10280.4,10304.15,10236.76,10265.09
2026-09-09 05:00:00,10264.67,10265.15,10201.92,10232.44
2026-09-09 06:00:00,10232.57,10236.13,10143.2,10206.34
2026-09-09 07:00:00,10206.56,10220.65,10167.95,10187.08
2026-09-09 08:00:00,10186.98,10224.0,10159.32,10165.29
2026-09-09 09:00:00,10165.28,10165.87,10092.19,10094.13
2026-09-09 10:00:00,10094.43,10125.43,10062.42,10074.54
2026-09-09 11:00:00,10074.42,10109.63,10017.69,10085.8
2026-09-09 12:00:00,10085.65,10097.71,10035.91,10070.69
2026-09-09 13:00:00,10071.07,10102.87,10026.1,10049.89
2026-09-09 14:00:00,10049.84,10096.84,10040.22,10068.52
2026-09-09 15:00:00,10068.12,10112.68,10037.94,10070.18
2026-09-09 16:00:00,10070.31,10289.8,10064.83,10275.74
2026-09-09 17:00:00,10276.12,10277.72,10198.38,10254.34
2026-09-09 18:00:00,10254.05,10346.98,10222.67,10345.73
2026-09-09 19:00:00,10345.06,10375.62,10325.02,10325.36
2026-09-09 20:00:00,10325.19,10325.45,10203.12,10299.26
2026-09-09 21:00:00,10299.27,10345.4,10272.47,10272.84
2026-09-09 22:00:00,10272.88,10331.79,10268.59,10284.0
2026-09-09 23:00:00,10283.53,10295.43,10216.07,10216.14
2026-09-10 00:00:00,10216.29,10367.0,10183.58,10348.45
2026-09-10 01:00:00,10347.83,10536.07,10327.97,10487.01
2026-09-10 02:00:00,10487.07,10495.53,10423.21,10433.34
2026-09-10 03:00:00,10433.71,10434.2,10344.28,10344.28
2026-09-10 04:00:00,10344.21,10390.67,10338.81,10350.15
2026-09-10 05:00:00,10350.1,10411.39,10311.35,10333.18
2026-09-10 06:00:00,10332.51,10334.74,10213.92,10217.89
2026-09-10 07:00:00,10218.09,10269.95,10201.46,10238.75
2026-09-10 08:00:00,10238.64,10242.62,10187.83,10188.62
2026-09-10 09:00:00,10188.76,10200.09,10126.23,10170.55
2026-09-10 10:00:00,10170.03,10258.58,10132.13,10215.66
2026-09-10 11:00:00,10215.8,10249.3,10188.84,10219.91
2026-09-10 12:00:00,10219.52,10220.45,10143.75,10173.69
2026-09-10 13:00:00,10174.0,10180.21,10117.3,10156.7
2026-09-10 14:00:00,10156.75,10202.51,10145.94,10188.35
2026-09-10 15:00:00,10188.05,10189.78,10089.55,10100.84
2026-09-10 16:00:00,10100.78,10175.42,10090.79,10149.57
2026-09-10 17:00:00,10149.61,10150.03,10054.86,10102.45
2026-09-10 18:00:00,10101.84,10174.35,10086.15,10122.07
2026-09-10 19:00:00,10122.39,10171.31,10119.35,10122.1
2026-09-10 20:00:00,10121.8,10176.9,10060.33,10156.27
2026-09-10 21:00:00,10155.79,10284.49,10144.9,10232.1
2026-09-10 22:00:00,10232.08,10253.35,10200.35,10209.21
2026-09-10 23:00:00,10208.83,10209.61,10154.28,10159.24
2026-09-11 00:00:00,10159.03,10200.91,10151.29,10153.78
2026-09-11 01:00:00,10153.63,10214.8,10133.74,10173.3
2026-09-11 02:00:00,10173.03,10173.03,10097.92,10120.74
2026-09-11 03:00:00,10121.15,10121.29,10061.89,10061.89
2026-09-11 04:00:00,10061.59,10077.45,10018.85,10036.53
2026-09-11 05:00:00,10036.68,10049.5,9997.97,10043.35
2026-09-11 06:00:00,10044.22,10046.35,9985.24,9987.2
2026-09-11 07:00:00,9987.04,10118.54,9976.07,10095.51
2026-09-11 08:00:00,10095.6,10261.56,10082.47,10210.19
2026-09-11 09:00:00,10210.02,10290.71,10197.55,10228.58
2026-09-11 10:00:00,10228.69,10229.99,10176.06,10186.38
2026-09-11 11:00:00,10186.24,10287.58,10184.79,10225.59
2026-09-11 12:00:00,10225.66,10341.11,10220.53,10287.94
2026-09-11 13:00:00,10288.48,10298.86,10231.71,10286.63
2026-09-11 14:00:00,10286.71,10300.18,10238.91,10238.91
2026-09-11 15:00:00,10239.13,10297.61,10233.23,10262.01
2026-09-11 16:00:00,10262.16,10263.37,10167.88,10190.07
2026-09-11 17:00:00,10190.15,10239.91,10149.8,10217.47
2026-09-11 18:00:00,10217.32,10268.01,10204.68,10250.67
2026-09-11 19:00:00,10250.68,10449.58,10232.3,10410.49
2026-09-11 20:00:00,10410.83,10516.4,10396.15,10457.76
2026-09-11 21:00:00,10457.57,10521.47,10426.97,10487.9
2026-09-11 22:00:00,10488.38,10488.78,10402.66,10402.66
2026-09-11 23:00:00,10403.19,10503.67,10381.18,10495.67
2026-09-12 00:00:00,10495.86,10498.6,10391.42,10411.86
2026-09-12 01:00:00,10411.88,10424.05,10353.98,10354.42
2026-09-12 02:00:00,10353.68,10452.35,10311.88,10451.63
2026-09-12 03:00:00,10451.36,10484.1,10392.13,10471.24
2026-09-12 04:00:00,10471.17,10556.34,10462.65,10520.87
2026-09-12 05:00:00,10521.31,10603.35,10504.83,10583.79
2026-09-12 06:00:00,10584.62,10628.68,10559.84,10619.84
2026-09-12 07:00:00,10620.25,10771.8,10617.41,10747.69
2026-09-12 08:00:00,10748.21,10751.16,10693.43,10699.46
2026-09-12 09:00:00,10699.47,10799.36,10693.75,10704.12
2026-09-12 10:00:00,10703.99,10794.19,10665.55,10782.89
2026-09-12 11:00:00,10783.06,10941.2,10761.86,10928.73
2026-09-12 12:00:00,10928.8,10966.9,10873.5,10966.14
2026-09-12 13:00:00,10965.85,11027.0,10937.14,11025.75
2026-09-12 14:00:00,11025.03,11037.81,10968.06,11030.37
2026-09-12 15:00:00,11030.17,11030.97,10966.94,11013.85
2026-09-12 16:00:00,11014.53,11015.97,10906.28,10998.79
2026-09-12 17:00:00,10999.21,11085.14,10990.05,11066.27
2026-09-12 18:00:00,11066.03,11080.02,11022.06,11022.06
2026-09-12 19:00:00,11021.85,11162.95,10996.82,11140.98
2026-09-12 20:00:00,11141.06,11190.32,11096.15,11158.98
2026-09-12 21:00:00,11158.8,11161.29,10989.74,10991.77
2026-09-12 22:00:00,10992.19,11054.54,10952.68,10954.47
2026-09-12 23:00:00,10955.48,10963.15,10856.76,10869.0
2026-09-13 00:00:00,10868.53,10889.55,10816.59,10816.84
2026-09-13 01:00:00,10817.17,10844.71,10772.21,10784.17
2026-09-13 02:00:00,10783.4,10852.79,10762.08,10823.74
2026-09-13 03:00:00,10823.46,10845.15,10724.31,10727.52
2026-09-13 04:00:00,10727.76,10727.76,10634.55,10715.61
2026-09-13 05:00:00,10715.3,10864.51,10705.22,10852.29
2026-09-13 06:00:00,10852.06,10869.54,10820.02,10827.15
2026-09-13 07:00:00,10826.94,10907.3,10811.73,10897.32
2026-09-13 08:00:00,10897.63,10923.16,10864.94,10911.33
2026-09-13 09:00:00,10911.99,10923.01,10878.07,10887.41
2026-09-13 10:00:00,10887.75,10920.24,10833.81,10887.47
2026-09-13 11:00:00,10887.78,10965.64,10875.18,10956.61
2026-09-13 12:00:00,10956.84,10992.69,10884.06,10885.3
2026-09-13 13:00:00,10885.84,11064.46,10878.88,11028.67
2026-09-13 14:00:00,11028.39,11039.49,10969.14,11002.01
2026-09-13 15:00:00,11002.08,11066.77,10961.24,11046.03
2026-09-13 16:00:00,11045.76,11165.82,11015.76,11164.57
2026-09-13 17:00:00,11164.86,11227.52,11153.2,11175.22
2026-09-13 18:00:00,11175.13,11179.73,11117.47,11166.57
2026-09-13 19:00:00,11166.62,11168.41,11092.29,11095.75
2026-09-13 20:00:00,11095.46,11095.47,10979.85,10979.97
2026-09-13 21:00:00,10980.01,10980.01,10868.54,10923.1
2026-09-13 22:00:00,10923.25,10936.14,10885.58,10887.8
2026-09-13 23:00:00,10887.8,10930.28,10833.99,10926.54
2026-09-14 00:00:00,10926.55,10935.76,10874.82,10907.68
2026-09-14 01:00:00,10907.78,10991.7,10906.96,10979.03
2026-09-14 02:00:00,10978.89,11114.81,10977.47,11114.52
2026-09-14 03:00:00,11115.09,11170.91,11030.08,11157.89
2026-09-14 04:00:00,11157.84,11159.24,11096.1,11098.62
2026-09-14 05:00:00,11099.61,11108.8,11017.73,11048.24
2026-09-14 06:00:00,11047.48,11094.87,10998.75,11068.05
2026-09-14 07:00:00,11068.09,11265.66,11045.53,11248.82
2026-09-14 08:00:00,11248.47,11249.97,11158.47,11180.14
2026-09-14 09:00:00,11180.17,11190.17,11133.17,11169.39
2026-09-14 10:00:00,11169.15,11170.68,11066.17,11066.49
2026-09-14 11:00:00,11066.93,11126.17,11054.99,11065.96
2026-09-14 12:00:00,11066.17,11147.89,11022.22,11143.05
2026-09-14 13:00:00,11143.03,11161.56,11073.45,11151.19
2026-09-14 14:00:00,11151.61,11179.22,11115.49,11115.66
2026-09-14 15:00:00,11116.61,11159.7,11064.08,11149.56
2026-09-14 16:00:00,11150.05,11150.67,11061.81,11062.4
2026-09-14 17:00:00,11061.94,11155.46,11052.48,11131.22
2026-09-14 18:00:00,11131.41,11228.28,11103.62,11180.03
2026-09-14 19:00:00,11180.03,11340.39,11171.6,11305.44
2026-09-14 20:00:00,11305.44,11308.14,11223.69,11285.9
2026-09-14 21:00:00,11285.87,11340.78,11232.75,11261.89
2026-09-14 22:00:00,11262.33,11275.79,11119.26,11125.33
2026-09-14 23:00:00,11125.07,11294.92,11117.36,11282.79
2026-09-15 00:00:00,11282.75,11302.41,11246.83,11248.6
2026-09-15 01:00:00,11247.85,11258.24,11169.12,11171.54
2026-09-15 02:00:00,11171.05,11333.68,11163.93,11299.11
2026-09-15 03:00:00,11298.71,11298.87,11185.87,11186.32
2026-09-15 04:00:00,11185.66,11200.11,11152.61,11152.61
2026-09-15 05:00:00,11153.13,11183.65,11100.05,11103.77
2026-09-15 06:00:00,11103.44,11105.33,11023.13,11025.33
2026-09-15 07:00:00,11024.49,11096.35,11003.76,11033.48
2026-09-15 08:00:00,11033.26,11044.73,10963.97,10985.09
2026-09-15 09:00:00,10985.1,11026.51,10968.53,11007.77
2026-09-15 10:00:00,11008.21,11009.54,10946.36,10988.0
2026-09-15 11:00:00,10988.95,10989.45,10883.76,10885.42
2026-09-15 12:00:00,10885.76,10888.18,10819.25,10830.3
2026-09-15 13:00:00,10831.15,10899.79,10816.71,10861.48
2026-09-15 14:00:00,10860.97,10864.02,10748.44,10769.04
2026-09-15 15:00:00,10768.99,10875.39,10694.26,10868.09
2026-09-15 16:00:00,10868.0,10953.5,10849.17,10929.8
2026-09-15 17:00:00,10929.69,10930.48,10885.7,10887.86
2026-09-15 18:00:00,10888.15,10888.15,10844.69,10846.3
2026-09-15 19:00:00,10846.65,10894.15,10795.37,10796.32
2026-09-15 20:00:00,10796.12,10810.87,10748.63,10765.41
2026-09-15 21:00:00,10765.74,10904.41,10742.97,10901.75
2026-09-15 22:00:00,10902.24,10904.8,10840.67,10841.72
2026-09-15 23:00:00,10842.1,10892.07,10820.76,10840.45
2026-09-16 00:00:00,10840.2,10850.45,10769.08,10769.6
2026-09-16 01:00:00,10768.56,10776.29,10704.59,10773.68
2026-09-16 02:00:00,10774.0,10776.17,10717.24,10743.4
2026-09-16 03:00:00,10743.51,10873.25,10738.16,10849.62
2026-09-16 04:00:00,10850.51,11029.49,10845.53,11018.7
2026-09-16 05:00:00,11019.03,11046.39,10983.28,11014.88
2026-09-16 06:00:00,11014.46,11175.56,10989.98,11118.95
2026-09-16 07:00:00,11119.54,11123.29,11026.75,11026.75
2026-09-16 08:00:00,11026.56,11028.0,10959.43,10983.72
2026-09-16 09:00:00,10983.76,11007.77,10937.35,10993.57
2026-09-16 10:00:00,10993.99,10997.03,10908.63,10909.38
2026-09-16 11:00:00,10909.72,10909.72,10800.31,10801.03
2026-09-16 12:00:00,10801.12,10944.35,10800.8,10940.84
2026-09-16 13:00:00,10940.61,10941.58,10840.35,10858.55
2026-09-16 14:00:00,10859.12,10959.63,10841.37,10882.44
2026-09-16 15:00:00,10882.58,10992.32,10843.65,10986.98
2026-09-16 16:00:00,10986.45,11026.65,10935.48,11009.3
2026-09-16 17:00:00,11009.76,11018.61,10912.74,10917.75
2026-09-16 18:00:00,10918.12,10997.13,10905.24,10955.59
2026-09-16 19:00:00,10955.42,10994.01,10887.91,10956.48
2026-09-16 20:00:00,10956.78,10991.77,10926.25,10947.02
2026-09-16 21:00:00,10946.77,11000.16,10935.38,10982.78
